Namespace(batch_size=256, epochs=100, bce_loss=False, unscale_lr=False, few_shot=4, model='cast_small', input_size=224, drop=0.0, drop_path=0.1, model_ema=True, model_ema_decay=0.99996, model_ema_force_cpu=False, num_superpixels=196, opt='adamw', opt_eps=1e-08, opt_betas=None, clip_grad=None, momentum=0.9, weight_decay=0.05, sched='cosine', lr=0.0005, lr_noise=None, lr_noise_pct=0.67, lr_noise_std=1.0, warmup_lr=1e-06, min_lr=1e-05, decay_epochs=30, warmup_epochs=5, cooldown_epochs=10, patience_epochs=10, decay_rate=0.1, color_jitter=0.3, aa='rand-m9-mstd0.5-inc1', smoothing=0.1, train_interpolation='bicubic', repeated_aug=True, train_mode=True, ThreeAugment=False, src=False, reprob=0.25, remode='pixel', recount=1, resplit=False, mixup=0.8, cutmix=1.0, cutmix_minmax=None, mixup_prob=1.0, mixup_switch_prob=0.5, mixup_mode='batch', teacher_model='regnety_160', teacher_path='', distillation_type='none', distillation_alpha=0.5, distillation_tau=1.0, cosub=False, finetune='best_checkpoint.pth', attn_only=False, data_path='../dataset/', data_set='INAT21-MINI-HIER-SUPERPIXEL', path_yn=False, inat_category='name', output_dir='./output/few_shot/four/0.25ot', device='cuda', seed=0, resume='', start_epoch=0, eval=False, eval_crop_ratio=0.875, dist_eval=False, num_workers=12, pin_mem=True, distributed=True, world_size=1, dist_url='env://', globalkl=False, ot_loss=True, learnable_ot=False, ot_weight=0.25, base_weight=1, globalbce=False, gk_weight=1, filename='results.csv', breeds_sort='entity13', random_seed=1, local_rank=-1, tree_path='./data/inat21_3tree.json', label_weight=[1, 2, 3])
| distributed init (rank 0): env://
seed 0
args.nb_classes [10000, 1103, 273]
Creating model: cast_small
dict_keys(['model', 'optimizer', 'lr_scheduler', 'epoch', 'model_ema', 'scaler', 'args'])
Removing key head.weight from pretrained checkpoint
Removing key head.bias from pretrained checkpoint
number of params: 30556704
Start training for 100 epochs
Do not use KL loss
Epoch: [0]  [  0/156]  eta: 0:40:17  lr: 0.000001  sp_loss: 9.2761 (9.2761)  fam_loss: 7.1305 (7.1305)  manu_loss: 5.6539 (5.6539)  ot_loss: 4.8281 (4.8281)  base_loss: 22.0605 (22.0605)  time: 15.4997  data: 11.9606  max mem: 10970
Epoch: [0]  [155/156]  eta: 0:00:00  lr: 0.000001  sp_loss: 9.2736 (9.2695)  fam_loss: 7.0363 (7.0657)  manu_loss: 5.5136 (5.5720)  ot_loss: 4.8281 (4.8452)  base_loss: 21.8234 (21.9072)  time: 0.4444  data: 0.2122  max mem: 11379
Epoch: [0] Total time: 0:01:53 (0.7302 s / it)
Averaged stats: lr: 0.000001  sp_loss: 9.2736 (9.2695)  fam_loss: 7.0363 (7.0657)  manu_loss: 5.5136 (5.5720)  ot_loss: 4.8281 (4.8452)  base_loss: 21.8234 (21.9072)
Do not use KL loss
Epoch: [1]  [  0/156]  eta: 0:16:27  lr: 0.000001  sp_loss: 9.2894 (9.2894)  fam_loss: 7.0957 (7.0957)  manu_loss: 5.5274 (5.5274)  ot_loss: 4.8477 (4.8477)  base_loss: 21.9125 (21.9125)  time: 6.3316  data: 6.0509  max mem: 11379
Epoch: [1]  [155/156]  eta: 0:00:00  lr: 0.000001  sp_loss: 9.2570 (9.2654)  fam_loss: 7.0184 (7.0228)  manu_loss: 5.3384 (5.4207)  ot_loss: 4.8516 (4.8555)  base_loss: 21.6168 (21.7089)  time: 0.3226  data: 0.0924  max mem: 11379
Epoch: [1] Total time: 0:01:07 (0.4348 s / it)
Averaged stats: lr: 0.000001  sp_loss: 9.2570 (9.2654)  fam_loss: 7.0184 (7.0228)  manu_loss: 5.3384 (5.4207)  ot_loss: 4.8516 (4.8555)  base_loss: 21.6168 (21.7089)
Do not use KL loss
Epoch: [2]  [  0/156]  eta: 0:16:33  lr: 0.000051  sp_loss: 9.2562 (9.2562)  fam_loss: 6.9979 (6.9979)  manu_loss: 5.3643 (5.3643)  ot_loss: 4.8320 (4.8320)  base_loss: 21.6184 (21.6184)  time: 6.3679  data: 6.0654  max mem: 11379
Epoch: [2]  [155/156]  eta: 0:00:00  lr: 0.000051  sp_loss: 9.2424 (9.2568)  fam_loss: 5.7037 (6.0443)  manu_loss: 3.7366 (4.1644)  ot_loss: 4.6875 (4.7481)  base_loss: 18.5641 (19.4655)  time: 0.3346  data: 0.0989  max mem: 11380
Epoch: [2] Total time: 0:01:12 (0.4644 s / it)
Averaged stats: lr: 0.000051  sp_loss: 9.2424 (9.2568)  fam_loss: 5.7037 (6.0443)  manu_loss: 3.7366 (4.1644)  ot_loss: 4.6875 (4.7481)  base_loss: 18.5641 (19.4655)
Do not use KL loss
Epoch: [3]  [  0/156]  eta: 0:15:35  lr: 0.000101  sp_loss: 9.2212 (9.2212)  fam_loss: 5.5632 (5.5632)  manu_loss: 3.2889 (3.2889)  ot_loss: 4.7070 (4.7070)  base_loss: 18.0733 (18.0733)  time: 5.9993  data: 5.7189  max mem: 11380
Epoch: [3]  [155/156]  eta: 0:00:00  lr: 0.000101  sp_loss: 9.2250 (9.2292)  fam_loss: 5.3248 (5.4683)  manu_loss: 3.6310 (3.6533)  ot_loss: 4.5352 (4.5906)  base_loss: 18.1475 (18.3508)  time: 0.6049  data: 0.2714  max mem: 11380
Epoch: [3] Total time: 0:01:15 (0.4822 s / it)
Averaged stats: lr: 0.000101  sp_loss: 9.2250 (9.2292)  fam_loss: 5.3248 (5.4683)  manu_loss: 3.6310 (3.6533)  ot_loss: 4.5352 (4.5906)  base_loss: 18.1475 (18.3508)
Do not use KL loss
Epoch: [4]  [  0/156]  eta: 0:17:28  lr: 0.000150  sp_loss: 9.2071 (9.2071)  fam_loss: 5.5809 (5.5809)  manu_loss: 3.7441 (3.7441)  ot_loss: 4.5312 (4.5312)  base_loss: 18.5322 (18.5322)  time: 6.7242  data: 6.4417  max mem: 11380
Epoch: [4]  [155/156]  eta: 0:00:00  lr: 0.000150  sp_loss: 9.1626 (9.1900)  fam_loss: 5.1365 (5.1391)  manu_loss: 3.4705 (3.4600)  ot_loss: 4.4375 (4.4597)  base_loss: 17.8040 (17.7891)  time: 0.3135  data: 0.0803  max mem: 11380
Epoch: [4] Total time: 0:01:12 (0.4630 s / it)
Averaged stats: lr: 0.000150  sp_loss: 9.1626 (9.1900)  fam_loss: 5.1365 (5.1391)  manu_loss: 3.4705 (3.4600)  ot_loss: 4.4375 (4.4597)  base_loss: 17.8040 (17.7891)
Do not use KL loss
Epoch: [5]  [  0/156]  eta: 0:18:39  lr: 0.000200  sp_loss: 9.1381 (9.1381)  fam_loss: 5.2073 (5.2073)  manu_loss: 3.6342 (3.6342)  ot_loss: 4.5078 (4.5078)  base_loss: 17.9796 (17.9796)  time: 7.1778  data: 6.9051  max mem: 11380
Epoch: [5]  [155/156]  eta: 0:00:00  lr: 0.000200  sp_loss: 9.0093 (9.0555)  fam_loss: 4.9990 (4.9717)  manu_loss: 3.4395 (3.3843)  ot_loss: 4.3281 (4.3572)  base_loss: 17.5378 (17.4116)  time: 0.3224  data: 0.0910  max mem: 11380
Epoch: [5] Total time: 0:01:11 (0.4552 s / it)
Averaged stats: lr: 0.000200  sp_loss: 9.0093 (9.0555)  fam_loss: 4.9990 (4.9717)  manu_loss: 3.4395 (3.3843)  ot_loss: 4.3281 (4.3572)  base_loss: 17.5378 (17.4116)
Do not use KL loss
Epoch: [6]  [  0/156]  eta: 0:17:17  lr: 0.000249  sp_loss: 9.0339 (9.0339)  fam_loss: 5.1369 (5.1369)  manu_loss: 3.5760 (3.5760)  ot_loss: 4.2422 (4.2422)  base_loss: 17.7468 (17.7468)  time: 6.6513  data: 6.3838  max mem: 11380
Epoch: [6]  [155/156]  eta: 0:00:00  lr: 0.000249  sp_loss: 8.6973 (8.8015)  fam_loss: 4.8494 (4.8736)  manu_loss: 3.3579 (3.3373)  ot_loss: 4.2266 (4.2534)  base_loss: 16.9331 (17.0124)  time: 0.3080  data: 0.0815  max mem: 11380
Epoch: [6] Total time: 0:01:08 (0.4414 s / it)
Averaged stats: lr: 0.000249  sp_loss: 8.6973 (8.8015)  fam_loss: 4.8494 (4.8736)  manu_loss: 3.3579 (3.3373)  ot_loss: 4.2266 (4.2534)  base_loss: 16.9331 (17.0124)
Do not use KL loss
Epoch: [7]  [  0/156]  eta: 0:16:10  lr: 0.000248  sp_loss: 8.7433 (8.7433)  fam_loss: 5.2084 (5.2084)  manu_loss: 3.4998 (3.4998)  ot_loss: 4.2656 (4.2656)  base_loss: 17.4515 (17.4515)  time: 6.2231  data: 5.9412  max mem: 11380
Epoch: [7]  [155/156]  eta: 0:00:00  lr: 0.000248  sp_loss: 8.5506 (8.5074)  fam_loss: 4.7451 (4.7984)  manu_loss: 3.3439 (3.3124)  ot_loss: 4.1016 (4.1711)  base_loss: 16.7203 (16.6182)  time: 0.3557  data: 0.1238  max mem: 11380
Epoch: [7] Total time: 0:01:07 (0.4330 s / it)
Averaged stats: lr: 0.000248  sp_loss: 8.5506 (8.5074)  fam_loss: 4.7451 (4.7984)  manu_loss: 3.3439 (3.3124)  ot_loss: 4.1016 (4.1711)  base_loss: 16.7203 (16.6182)
Do not use KL loss
Epoch: [8]  [  0/156]  eta: 0:16:31  lr: 0.000247  sp_loss: 7.6783 (7.6783)  fam_loss: 3.9754 (3.9754)  manu_loss: 2.5401 (2.5401)  ot_loss: 3.9629 (3.9629)  base_loss: 14.1937 (14.1937)  time: 6.3573  data: 6.0742  max mem: 11380
Epoch: [8]  [155/156]  eta: 0:00:00  lr: 0.000247  sp_loss: 8.3070 (8.2357)  fam_loss: 4.8954 (4.7072)  manu_loss: 3.4434 (3.2772)  ot_loss: 4.1445 (4.1068)  base_loss: 16.7322 (16.2202)  time: 0.3174  data: 0.0841  max mem: 11380
Epoch: [8] Total time: 0:01:08 (0.4374 s / it)
Averaged stats: lr: 0.000247  sp_loss: 8.3070 (8.2357)  fam_loss: 4.8954 (4.7072)  manu_loss: 3.4434 (3.2772)  ot_loss: 4.1445 (4.1068)  base_loss: 16.7322 (16.2202)
Do not use KL loss
Epoch: [9]  [  0/156]  eta: 0:17:59  lr: 0.000246  sp_loss: 8.4103 (8.4103)  fam_loss: 5.0388 (5.0388)  manu_loss: 3.4356 (3.4356)  ot_loss: 4.2070 (4.2070)  base_loss: 16.8847 (16.8847)  time: 6.9190  data: 6.6518  max mem: 11380
Epoch: [9]  [155/156]  eta: 0:00:00  lr: 0.000246  sp_loss: 7.6997 (7.9035)  fam_loss: 4.4667 (4.5732)  manu_loss: 3.1652 (3.1998)  ot_loss: 4.0156 (4.0464)  base_loss: 15.4710 (15.6764)  time: 0.3200  data: 0.0894  max mem: 11380
Epoch: [9] Total time: 0:01:07 (0.4348 s / it)
Averaged stats: lr: 0.000246  sp_loss: 7.6997 (7.9035)  fam_loss: 4.4667 (4.5732)  manu_loss: 3.1652 (3.1998)  ot_loss: 4.0156 (4.0464)  base_loss: 15.4710 (15.6764)
Do not use KL loss
Epoch: [10]  [  0/156]  eta: 0:16:54  lr: 0.000245  sp_loss: 6.7453 (6.7453)  fam_loss: 3.5774 (3.5774)  manu_loss: 2.4900 (2.4900)  ot_loss: 3.8906 (3.8906)  base_loss: 12.8127 (12.8127)  time: 6.5020  data: 6.2005  max mem: 11380
Epoch: [10]  [155/156]  eta: 0:00:00  lr: 0.000245  sp_loss: 7.7297 (7.6301)  fam_loss: 4.5804 (4.4923)  manu_loss: 3.1495 (3.1496)  ot_loss: 3.9941 (4.0091)  base_loss: 15.6583 (15.2720)  time: 0.3222  data: 0.0886  max mem: 11380
Epoch: [10] Total time: 0:01:07 (0.4354 s / it)
Averaged stats: lr: 0.000245  sp_loss: 7.7297 (7.6301)  fam_loss: 4.5804 (4.4923)  manu_loss: 3.1495 (3.1496)  ot_loss: 3.9941 (4.0091)  base_loss: 15.6583 (15.2720)
Do not use KL loss
Epoch: [11]  [  0/156]  eta: 0:29:22  lr: 0.000244  sp_loss: 7.7334 (7.7334)  fam_loss: 4.8216 (4.8216)  manu_loss: 3.3453 (3.3453)  ot_loss: 3.9961 (3.9961)  base_loss: 15.9003 (15.9003)  time: 11.2999  data: 11.0120  max mem: 11380
Epoch: [11]  [155/156]  eta: 0:00:00  lr: 0.000244  sp_loss: 7.4408 (7.3952)  fam_loss: 4.3709 (4.4391)  manu_loss: 3.1424 (3.1170)  ot_loss: 3.9648 (3.9587)  base_loss: 14.7593 (14.9513)  time: 0.3121  data: 0.0805  max mem: 11380
Epoch: [11] Total time: 0:01:14 (0.4796 s / it)
Averaged stats: lr: 0.000244  sp_loss: 7.4408 (7.3952)  fam_loss: 4.3709 (4.4391)  manu_loss: 3.1424 (3.1170)  ot_loss: 3.9648 (3.9587)  base_loss: 14.7593 (14.9513)
Do not use KL loss
Epoch: [12]  [  0/156]  eta: 0:17:11  lr: 0.000243  sp_loss: 7.7097 (7.7097)  fam_loss: 5.1071 (5.1071)  manu_loss: 3.7561 (3.7561)  ot_loss: 4.0742 (4.0742)  base_loss: 16.5730 (16.5730)  time: 6.6094  data: 6.2948  max mem: 11380
Epoch: [12]  [155/156]  eta: 0:00:00  lr: 0.000243  sp_loss: 7.4248 (7.1190)  fam_loss: 4.4919 (4.3278)  manu_loss: 3.1703 (3.0524)  ot_loss: 3.9023 (3.9146)  base_loss: 15.1445 (14.4992)  time: 0.3154  data: 0.0864  max mem: 11380
Epoch: [12] Total time: 0:01:09 (0.4456 s / it)
Averaged stats: lr: 0.000243  sp_loss: 7.4248 (7.1190)  fam_loss: 4.4919 (4.3278)  manu_loss: 3.1703 (3.0524)  ot_loss: 3.9023 (3.9146)  base_loss: 15.1445 (14.4992)
Do not use KL loss
Epoch: [13]  [  0/156]  eta: 0:16:27  lr: 0.000242  sp_loss: 7.3283 (7.3283)  fam_loss: 4.4531 (4.4531)  manu_loss: 3.3400 (3.3400)  ot_loss: 3.8711 (3.8711)  base_loss: 15.1214 (15.1214)  time: 6.3271  data: 6.0113  max mem: 11380
Epoch: [13]  [155/156]  eta: 0:00:00  lr: 0.000242  sp_loss: 7.0459 (7.0142)  fam_loss: 4.3637 (4.3507)  manu_loss: 3.1054 (3.0740)  ot_loss: 3.8691 (3.8888)  base_loss: 14.4986 (14.4389)  time: 0.3274  data: 0.0977  max mem: 11380
Epoch: [13] Total time: 0:01:07 (0.4316 s / it)
Averaged stats: lr: 0.000242  sp_loss: 7.0459 (7.0142)  fam_loss: 4.3637 (4.3507)  manu_loss: 3.1054 (3.0740)  ot_loss: 3.8691 (3.8888)  base_loss: 14.4986 (14.4389)
Do not use KL loss
Epoch: [14]  [  0/156]  eta: 0:15:00  lr: 0.000240  sp_loss: 7.5423 (7.5423)  fam_loss: 4.7861 (4.7861)  manu_loss: 3.3601 (3.3601)  ot_loss: 3.9863 (3.9863)  base_loss: 15.6885 (15.6885)  time: 5.7726  data: 5.4946  max mem: 11380
Epoch: [14]  [155/156]  eta: 0:00:00  lr: 0.000240  sp_loss: 7.1127 (6.7594)  fam_loss: 4.6084 (4.2223)  manu_loss: 3.2932 (3.0220)  ot_loss: 3.8887 (3.8361)  base_loss: 15.0629 (14.0037)  time: 0.3130  data: 0.0777  max mem: 11381
Epoch: [14] Total time: 0:01:07 (0.4322 s / it)
Averaged stats: lr: 0.000240  sp_loss: 7.1127 (6.7594)  fam_loss: 4.6084 (4.2223)  manu_loss: 3.2932 (3.0220)  ot_loss: 3.8887 (3.8361)  base_loss: 15.0629 (14.0037)
Do not use KL loss
Epoch: [15]  [  0/156]  eta: 0:17:06  lr: 0.000239  sp_loss: 6.7965 (6.7965)  fam_loss: 4.7503 (4.7503)  manu_loss: 3.3994 (3.3994)  ot_loss: 3.9043 (3.9043)  base_loss: 14.9463 (14.9463)  time: 6.5772  data: 6.2951  max mem: 11381
Epoch: [15]  [155/156]  eta: 0:00:00  lr: 0.000239  sp_loss: 6.7326 (6.6237)  fam_loss: 4.3078 (4.1999)  manu_loss: 3.0454 (2.9992)  ot_loss: 3.8164 (3.7980)  base_loss: 14.0636 (13.8228)  time: 0.3314  data: 0.1026  max mem: 11381
Epoch: [15] Total time: 0:01:07 (0.4321 s / it)
Averaged stats: lr: 0.000239  sp_loss: 6.7326 (6.6237)  fam_loss: 4.3078 (4.1999)  manu_loss: 3.0454 (2.9992)  ot_loss: 3.8164 (3.7980)  base_loss: 14.0636 (13.8228)
Do not use KL loss
Epoch: [16]  [  0/156]  eta: 0:16:35  lr: 0.000237  sp_loss: 5.8239 (5.8239)  fam_loss: 3.9019 (3.9019)  manu_loss: 2.9480 (2.9480)  ot_loss: 3.5762 (3.5762)  base_loss: 12.6738 (12.6738)  time: 6.3817  data: 6.0902  max mem: 11381
Epoch: [16]  [155/156]  eta: 0:00:00  lr: 0.000237  sp_loss: 7.1245 (6.5942)  fam_loss: 4.4693 (4.2418)  manu_loss: 3.2123 (3.0325)  ot_loss: 3.7949 (3.7764)  base_loss: 14.7918 (13.8685)  time: 0.3446  data: 0.1110  max mem: 11381
Epoch: [16] Total time: 0:01:09 (0.4449 s / it)
Averaged stats: lr: 0.000237  sp_loss: 7.1245 (6.5942)  fam_loss: 4.4693 (4.2418)  manu_loss: 3.2123 (3.0325)  ot_loss: 3.7949 (3.7764)  base_loss: 14.7918 (13.8685)
Do not use KL loss
Epoch: [17]  [  0/156]  eta: 0:16:26  lr: 0.000235  sp_loss: 4.9247 (4.9247)  fam_loss: 3.3051 (3.3051)  manu_loss: 2.3756 (2.3756)  ot_loss: 3.5000 (3.5000)  base_loss: 10.6055 (10.6055)  time: 6.3218  data: 6.0362  max mem: 11381
Epoch: [17]  [155/156]  eta: 0:00:00  lr: 0.000235  sp_loss: 6.4849 (6.4201)  fam_loss: 4.0753 (4.1447)  manu_loss: 2.8691 (2.9867)  ot_loss: 3.6934 (3.7296)  base_loss: 13.4555 (13.5515)  time: 0.3463  data: 0.1006  max mem: 11381
Epoch: [17] Total time: 0:01:10 (0.4488 s / it)
Averaged stats: lr: 0.000235  sp_loss: 6.4849 (6.4201)  fam_loss: 4.0753 (4.1447)  manu_loss: 2.8691 (2.9867)  ot_loss: 3.6934 (3.7296)  base_loss: 13.4555 (13.5515)
Do not use KL loss
Epoch: [18]  [  0/156]  eta: 0:17:05  lr: 0.000233  sp_loss: 6.3708 (6.3708)  fam_loss: 4.2985 (4.2985)  manu_loss: 3.0313 (3.0313)  ot_loss: 3.7461 (3.7461)  base_loss: 13.7006 (13.7006)  time: 6.5742  data: 6.2945  max mem: 11381
Epoch: [18]  [155/156]  eta: 0:00:00  lr: 0.000233  sp_loss: 6.1916 (6.1430)  fam_loss: 4.1431 (4.0203)  manu_loss: 2.9251 (2.8937)  ot_loss: 3.6562 (3.6529)  base_loss: 13.3570 (13.0571)  time: 0.3282  data: 0.0978  max mem: 11381
Epoch: [18] Total time: 0:01:12 (0.4667 s / it)
Averaged stats: lr: 0.000233  sp_loss: 6.1916 (6.1430)  fam_loss: 4.1431 (4.0203)  manu_loss: 2.9251 (2.8937)  ot_loss: 3.6562 (3.6529)  base_loss: 13.3570 (13.0571)
Do not use KL loss
Epoch: [19]  [  0/156]  eta: 0:17:26  lr: 0.000231  sp_loss: 5.2684 (5.2684)  fam_loss: 3.4230 (3.4230)  manu_loss: 2.4489 (2.4489)  ot_loss: 3.5586 (3.5586)  base_loss: 11.1402 (11.1402)  time: 6.7096  data: 6.4418  max mem: 11381
Epoch: [19]  [155/156]  eta: 0:00:00  lr: 0.000231  sp_loss: 6.2437 (6.1279)  fam_loss: 4.1205 (4.0039)  manu_loss: 3.0147 (2.8798)  ot_loss: 3.7324 (3.6321)  base_loss: 13.3975 (13.0115)  time: 0.3550  data: 0.1243  max mem: 11381
Epoch: [19] Total time: 0:01:08 (0.4395 s / it)
Averaged stats: lr: 0.000231  sp_loss: 6.2437 (6.1279)  fam_loss: 4.1205 (4.0039)  manu_loss: 3.0147 (2.8798)  ot_loss: 3.7324 (3.6321)  base_loss: 13.3975 (13.0115)
Do not use KL loss
Epoch: [20]  [  0/156]  eta: 0:17:01  lr: 0.000229  sp_loss: 6.1088 (6.1088)  fam_loss: 4.1034 (4.1034)  manu_loss: 3.0664 (3.0664)  ot_loss: 3.6309 (3.6309)  base_loss: 13.2786 (13.2786)  time: 6.5505  data: 6.2814  max mem: 11381
Epoch: [20]  [155/156]  eta: 0:00:00  lr: 0.000229  sp_loss: 5.8785 (6.0657)  fam_loss: 4.0904 (4.0323)  manu_loss: 2.8433 (2.9079)  ot_loss: 3.5430 (3.6163)  base_loss: 12.8121 (13.0059)  time: 0.3206  data: 0.0853  max mem: 11381
Epoch: [20] Total time: 0:01:07 (0.4359 s / it)
Averaged stats: lr: 0.000229  sp_loss: 5.8785 (6.0657)  fam_loss: 4.0904 (4.0323)  manu_loss: 2.8433 (2.9079)  ot_loss: 3.5430 (3.6163)  base_loss: 12.8121 (13.0059)
Do not use KL loss
Epoch: [21]  [  0/156]  eta: 0:16:43  lr: 0.000227  sp_loss: 6.5266 (6.5266)  fam_loss: 3.9630 (3.9630)  manu_loss: 3.1111 (3.1111)  ot_loss: 3.6543 (3.6543)  base_loss: 13.6007 (13.6007)  time: 6.4312  data: 6.1615  max mem: 11381
Epoch: [21]  [155/156]  eta: 0:00:00  lr: 0.000227  sp_loss: 6.0489 (5.9230)  fam_loss: 4.0942 (3.9689)  manu_loss: 2.8801 (2.8619)  ot_loss: 3.5254 (3.5780)  base_loss: 13.1600 (12.7538)  time: 0.3384  data: 0.1058  max mem: 11381
Epoch: [21] Total time: 0:01:07 (0.4313 s / it)
Averaged stats: lr: 0.000227  sp_loss: 6.0489 (5.9230)  fam_loss: 4.0942 (3.9689)  manu_loss: 2.8801 (2.8619)  ot_loss: 3.5254 (3.5780)  base_loss: 13.1600 (12.7538)
Do not use KL loss
Epoch: [22]  [  0/156]  eta: 0:17:21  lr: 0.000225  sp_loss: 6.6192 (6.6192)  fam_loss: 4.4296 (4.4296)  manu_loss: 3.0384 (3.0384)  ot_loss: 3.7578 (3.7578)  base_loss: 14.0872 (14.0872)  time: 6.6794  data: 6.3972  max mem: 11381
Epoch: [22]  [155/156]  eta: 0:00:00  lr: 0.000225  sp_loss: 6.3631 (5.8181)  fam_loss: 4.1635 (3.9240)  manu_loss: 2.9997 (2.8333)  ot_loss: 3.6289 (3.5395)  base_loss: 13.4933 (12.5754)  time: 0.3137  data: 0.0814  max mem: 11381
Epoch: [22] Total time: 0:01:08 (0.4383 s / it)
Averaged stats: lr: 0.000225  sp_loss: 6.3631 (5.8181)  fam_loss: 4.1635 (3.9240)  manu_loss: 2.9997 (2.8333)  ot_loss: 3.6289 (3.5395)  base_loss: 13.4933 (12.5754)
Do not use KL loss
Epoch: [23]  [  0/156]  eta: 0:16:22  lr: 0.000222  sp_loss: 6.2479 (6.2479)  fam_loss: 4.2031 (4.2031)  manu_loss: 2.9699 (2.9699)  ot_loss: 3.6582 (3.6582)  base_loss: 13.4209 (13.4209)  time: 6.2954  data: 6.0074  max mem: 11381
Epoch: [23]  [155/156]  eta: 0:00:00  lr: 0.000222  sp_loss: 6.4339 (5.8837)  fam_loss: 4.2830 (3.9697)  manu_loss: 2.9527 (2.8632)  ot_loss: 3.6426 (3.5460)  base_loss: 13.5239 (12.7167)  time: 0.3225  data: 0.0913  max mem: 11381
Epoch: [23] Total time: 0:01:10 (0.4506 s / it)
Averaged stats: lr: 0.000222  sp_loss: 6.4339 (5.8837)  fam_loss: 4.2830 (3.9697)  manu_loss: 2.9527 (2.8632)  ot_loss: 3.6426 (3.5460)  base_loss: 13.5239 (12.7167)
Do not use KL loss
Epoch: [24]  [  0/156]  eta: 0:16:20  lr: 0.000220  sp_loss: 5.8727 (5.8727)  fam_loss: 4.0241 (4.0241)  manu_loss: 2.9860 (2.9860)  ot_loss: 3.5410 (3.5410)  base_loss: 12.8828 (12.8828)  time: 6.2861  data: 5.9996  max mem: 11381
Epoch: [24]  [155/156]  eta: 0:00:00  lr: 0.000220  sp_loss: 5.9326 (5.6496)  fam_loss: 4.0627 (3.8457)  manu_loss: 2.8604 (2.7931)  ot_loss: 3.5176 (3.4852)  base_loss: 12.9530 (12.2884)  time: 0.3211  data: 0.0929  max mem: 11381
Epoch: [24] Total time: 0:01:07 (0.4346 s / it)
Averaged stats: lr: 0.000220  sp_loss: 5.9326 (5.6496)  fam_loss: 4.0627 (3.8457)  manu_loss: 2.8604 (2.7931)  ot_loss: 3.5176 (3.4852)  base_loss: 12.9530 (12.2884)
Do not use KL loss
Epoch: [25]  [  0/156]  eta: 0:16:54  lr: 0.000217  sp_loss: 5.8222 (5.8222)  fam_loss: 3.9406 (3.9406)  manu_loss: 2.9495 (2.9495)  ot_loss: 3.4316 (3.4316)  base_loss: 12.7122 (12.7122)  time: 6.5035  data: 6.2211  max mem: 11381
Epoch: [25]  [155/156]  eta: 0:00:00  lr: 0.000217  sp_loss: 6.2842 (5.6371)  fam_loss: 4.2248 (3.8507)  manu_loss: 3.0024 (2.7928)  ot_loss: 3.6230 (3.4558)  base_loss: 13.4434 (12.2805)  time: 0.3392  data: 0.1077  max mem: 11381
Epoch: [25] Total time: 0:01:13 (0.4730 s / it)
Averaged stats: lr: 0.000217  sp_loss: 6.2842 (5.6371)  fam_loss: 4.2248 (3.8507)  manu_loss: 3.0024 (2.7928)  ot_loss: 3.6230 (3.4558)  base_loss: 13.4434 (12.2805)
Do not use KL loss
Epoch: [26]  [  0/156]  eta: 0:17:51  lr: 0.000215  sp_loss: 6.0715 (6.0715)  fam_loss: 3.8962 (3.8962)  manu_loss: 2.7688 (2.7688)  ot_loss: 3.5703 (3.5703)  base_loss: 12.7364 (12.7364)  time: 6.8658  data: 6.5949  max mem: 11381
Epoch: [26]  [155/156]  eta: 0:00:00  lr: 0.000215  sp_loss: 5.6878 (5.4535)  fam_loss: 3.9477 (3.7605)  manu_loss: 2.8691 (2.7305)  ot_loss: 3.4980 (3.4070)  base_loss: 12.4383 (11.9445)  time: 0.3212  data: 0.0887  max mem: 11381
Epoch: [26] Total time: 0:01:08 (0.4421 s / it)
Averaged stats: lr: 0.000215  sp_loss: 5.6878 (5.4535)  fam_loss: 3.9477 (3.7605)  manu_loss: 2.8691 (2.7305)  ot_loss: 3.4980 (3.4070)  base_loss: 12.4383 (11.9445)
Do not use KL loss
Epoch: [27]  [  0/156]  eta: 0:15:26  lr: 0.000212  sp_loss: 4.2489 (4.2489)  fam_loss: 3.0898 (3.0898)  manu_loss: 2.4433 (2.4433)  ot_loss: 3.0527 (3.0527)  base_loss: 9.7820 (9.7820)  time: 5.9385  data: 5.6651  max mem: 11381
Epoch: [27]  [155/156]  eta: 0:00:00  lr: 0.000212  sp_loss: 5.8035 (5.4254)  fam_loss: 4.0551 (3.7403)  manu_loss: 2.8721 (2.7294)  ot_loss: 3.5410 (3.3894)  base_loss: 12.7499 (11.8951)  time: 0.3241  data: 0.0915  max mem: 11381
Epoch: [27] Total time: 0:01:07 (0.4306 s / it)
Averaged stats: lr: 0.000212  sp_loss: 5.8035 (5.4254)  fam_loss: 4.0551 (3.7403)  manu_loss: 2.8721 (2.7294)  ot_loss: 3.5410 (3.3894)  base_loss: 12.7499 (11.8951)
Do not use KL loss
Epoch: [28]  [  0/156]  eta: 0:18:13  lr: 0.000209  sp_loss: 5.6322 (5.6322)  fam_loss: 3.8320 (3.8320)  manu_loss: 2.9641 (2.9641)  ot_loss: 3.3750 (3.3750)  base_loss: 12.4283 (12.4283)  time: 7.0072  data: 6.7407  max mem: 11381
Epoch: [28]  [155/156]  eta: 0:00:00  lr: 0.000209  sp_loss: 5.9571 (5.4621)  fam_loss: 3.9355 (3.7795)  manu_loss: 2.9025 (2.7593)  ot_loss: 3.5059 (3.4002)  base_loss: 13.0804 (12.0009)  time: 0.3073  data: 0.0791  max mem: 11381
Epoch: [28] Total time: 0:01:08 (0.4406 s / it)
Averaged stats: lr: 0.000209  sp_loss: 5.9571 (5.4621)  fam_loss: 3.9355 (3.7795)  manu_loss: 2.9025 (2.7593)  ot_loss: 3.5059 (3.4002)  base_loss: 13.0804 (12.0009)
Do not use KL loss
Epoch: [29]  [  0/156]  eta: 0:16:33  lr: 0.000206  sp_loss: 3.8354 (3.8354)  fam_loss: 2.8018 (2.8018)  manu_loss: 2.0275 (2.0275)  ot_loss: 3.1152 (3.1152)  base_loss: 8.6647 (8.6647)  time: 6.3664  data: 6.0796  max mem: 11381
Epoch: [29]  [155/156]  eta: 0:00:00  lr: 0.000206  sp_loss: 5.7398 (5.4784)  fam_loss: 4.0305 (3.7875)  manu_loss: 2.9356 (2.7674)  ot_loss: 3.4512 (3.3859)  base_loss: 12.7401 (12.0332)  time: 0.3439  data: 0.1158  max mem: 11381
Epoch: [29] Total time: 0:01:09 (0.4452 s / it)
Averaged stats: lr: 0.000206  sp_loss: 5.7398 (5.4784)  fam_loss: 4.0305 (3.7875)  manu_loss: 2.9356 (2.7674)  ot_loss: 3.4512 (3.3859)  base_loss: 12.7401 (12.0332)
Do not use KL loss
Epoch: [30]  [  0/156]  eta: 0:20:51  lr: 0.000204  sp_loss: 5.1667 (5.1667)  fam_loss: 3.6725 (3.6725)  manu_loss: 2.7351 (2.7351)  ot_loss: 3.1719 (3.1719)  base_loss: 11.5743 (11.5743)  time: 8.0237  data: 7.7459  max mem: 11381
Epoch: [30]  [155/156]  eta: 0:00:00  lr: 0.000204  sp_loss: 5.4577 (5.3763)  fam_loss: 3.8457 (3.7288)  manu_loss: 2.6887 (2.7208)  ot_loss: 3.3066 (3.3435)  base_loss: 12.0873 (11.8259)  time: 0.4542  data: 0.2241  max mem: 11381
Epoch: [30] Total time: 0:01:13 (0.4719 s / it)
Averaged stats: lr: 0.000204  sp_loss: 5.4577 (5.3763)  fam_loss: 3.8457 (3.7288)  manu_loss: 2.6887 (2.7208)  ot_loss: 3.3066 (3.3435)  base_loss: 12.0873 (11.8259)
Do not use KL loss
Epoch: [31]  [  0/156]  eta: 0:15:24  lr: 0.000201  sp_loss: 6.1931 (6.1931)  fam_loss: 4.3215 (4.3215)  manu_loss: 3.2391 (3.2391)  ot_loss: 3.5723 (3.5723)  base_loss: 13.7536 (13.7536)  time: 5.9253  data: 5.6373  max mem: 11381
Epoch: [31]  [155/156]  eta: 0:00:00  lr: 0.000201  sp_loss: 5.8753 (5.2061)  fam_loss: 3.9266 (3.6467)  manu_loss: 2.8334 (2.6600)  ot_loss: 3.4844 (3.2961)  base_loss: 12.8449 (11.5129)  time: 0.3253  data: 0.0907  max mem: 11381
Epoch: [31] Total time: 0:01:09 (0.4463 s / it)
Averaged stats: lr: 0.000201  sp_loss: 5.8753 (5.2061)  fam_loss: 3.9266 (3.6467)  manu_loss: 2.8334 (2.6600)  ot_loss: 3.4844 (3.2961)  base_loss: 12.8449 (11.5129)
Do not use KL loss
Epoch: [32]  [  0/156]  eta: 0:15:06  lr: 0.000197  sp_loss: 4.8422 (4.8422)  fam_loss: 3.4370 (3.4370)  manu_loss: 2.5883 (2.5883)  ot_loss: 3.0020 (3.0020)  base_loss: 10.8675 (10.8675)  time: 5.8109  data: 5.5327  max mem: 11381
Epoch: [32]  [155/156]  eta: 0:00:00  lr: 0.000197  sp_loss: 5.6928 (5.1911)  fam_loss: 3.9064 (3.6370)  manu_loss: 2.7631 (2.6472)  ot_loss: 3.3906 (3.2828)  base_loss: 12.4367 (11.4753)  time: 0.3517  data: 0.1266  max mem: 11381
Epoch: [32] Total time: 0:01:30 (0.5772 s / it)
Averaged stats: lr: 0.000197  sp_loss: 5.6928 (5.1911)  fam_loss: 3.9064 (3.6370)  manu_loss: 2.7631 (2.6472)  ot_loss: 3.3906 (3.2828)  base_loss: 12.4367 (11.4753)
Do not use KL loss
Epoch: [33]  [  0/156]  eta: 0:16:56  lr: 0.000194  sp_loss: 6.1153 (6.1153)  fam_loss: 4.1196 (4.1196)  manu_loss: 2.9531 (2.9531)  ot_loss: 3.4766 (3.4766)  base_loss: 13.1881 (13.1881)  time: 6.5152  data: 6.2292  max mem: 11381
Epoch: [33]  [155/156]  eta: 0:00:00  lr: 0.000194  sp_loss: 5.6409 (5.3411)  fam_loss: 3.8371 (3.7182)  manu_loss: 2.8247 (2.7085)  ot_loss: 3.3926 (3.3179)  base_loss: 12.4785 (11.7678)  time: 0.3062  data: 0.0769  max mem: 11381
Epoch: [33] Total time: 0:01:06 (0.4236 s / it)
Averaged stats: lr: 0.000194  sp_loss: 5.6409 (5.3411)  fam_loss: 3.8371 (3.7182)  manu_loss: 2.8247 (2.7085)  ot_loss: 3.3926 (3.3179)  base_loss: 12.4785 (11.7678)
Do not use KL loss
Epoch: [34]  [  0/156]  eta: 0:17:11  lr: 0.000191  sp_loss: 4.4968 (4.4968)  fam_loss: 3.1082 (3.1082)  manu_loss: 2.3878 (2.3878)  ot_loss: 2.8711 (2.8711)  base_loss: 9.9927 (9.9927)  time: 6.6093  data: 6.3148  max mem: 11381
Epoch: [34]  [155/156]  eta: 0:00:00  lr: 0.000191  sp_loss: 5.8284 (5.0881)  fam_loss: 3.8749 (3.5885)  manu_loss: 2.8131 (2.6277)  ot_loss: 3.4453 (3.2448)  base_loss: 12.4912 (11.3043)  time: 0.3105  data: 0.0805  max mem: 11381
Epoch: [34] Total time: 0:01:07 (0.4348 s / it)
Averaged stats: lr: 0.000191  sp_loss: 5.8284 (5.0881)  fam_loss: 3.8749 (3.5885)  manu_loss: 2.8131 (2.6277)  ot_loss: 3.4453 (3.2448)  base_loss: 12.4912 (11.3043)
Do not use KL loss
Epoch: [35]  [  0/156]  eta: 0:16:16  lr: 0.000188  sp_loss: 5.8506 (5.8506)  fam_loss: 3.9834 (3.9834)  manu_loss: 2.9656 (2.9656)  ot_loss: 3.3691 (3.3691)  base_loss: 12.7995 (12.7995)  time: 6.2611  data: 5.9740  max mem: 11381
Epoch: [35]  [155/156]  eta: 0:00:00  lr: 0.000188  sp_loss: 5.2390 (5.0493)  fam_loss: 3.7480 (3.5815)  manu_loss: 2.7839 (2.6278)  ot_loss: 3.2793 (3.2320)  base_loss: 11.6626 (11.2586)  time: 0.3330  data: 0.0960  max mem: 11381
Epoch: [35] Total time: 0:01:08 (0.4417 s / it)
Averaged stats: lr: 0.000188  sp_loss: 5.2390 (5.0493)  fam_loss: 3.7480 (3.5815)  manu_loss: 2.7839 (2.6278)  ot_loss: 3.2793 (3.2320)  base_loss: 11.6626 (11.2586)
Do not use KL loss
Epoch: [36]  [  0/156]  eta: 0:15:00  lr: 0.000184  sp_loss: 3.3804 (3.3804)  fam_loss: 2.6277 (2.6277)  manu_loss: 1.9780 (1.9780)  ot_loss: 2.7109 (2.7109)  base_loss: 7.9861 (7.9861)  time: 5.7733  data: 5.4791  max mem: 11381
Epoch: [36]  [155/156]  eta: 0:00:00  lr: 0.000184  sp_loss: 5.3075 (5.0758)  fam_loss: 3.6155 (3.5799)  manu_loss: 2.6943 (2.6113)  ot_loss: 3.2480 (3.2166)  base_loss: 11.6098 (11.2670)  time: 0.3150  data: 0.0841  max mem: 11381
Epoch: [36] Total time: 0:01:07 (0.4305 s / it)
Averaged stats: lr: 0.000184  sp_loss: 5.3075 (5.0758)  fam_loss: 3.6155 (3.5799)  manu_loss: 2.6943 (2.6113)  ot_loss: 3.2480 (3.2166)  base_loss: 11.6098 (11.2670)
Do not use KL loss
Epoch: [37]  [  0/156]  eta: 0:15:04  lr: 0.000181  sp_loss: 3.3761 (3.3761)  fam_loss: 2.7060 (2.7060)  manu_loss: 2.0194 (2.0194)  ot_loss: 2.7852 (2.7852)  base_loss: 8.1015 (8.1015)  time: 5.7954  data: 5.5302  max mem: 11381
Epoch: [37]  [155/156]  eta: 0:00:00  lr: 0.000181  sp_loss: 5.5311 (5.1032)  fam_loss: 3.8984 (3.6040)  manu_loss: 2.8613 (2.6389)  ot_loss: 3.2793 (3.2224)  base_loss: 12.3328 (11.3460)  time: 0.3076  data: 0.0746  max mem: 11381
Epoch: [37] Total time: 0:01:07 (0.4328 s / it)
Averaged stats: lr: 0.000181  sp_loss: 5.5311 (5.1032)  fam_loss: 3.8984 (3.6040)  manu_loss: 2.8613 (2.6389)  ot_loss: 3.2793 (3.2224)  base_loss: 12.3328 (11.3460)
Do not use KL loss
Epoch: [38]  [  0/156]  eta: 0:15:38  lr: 0.000178  sp_loss: 5.6267 (5.6267)  fam_loss: 3.9819 (3.9819)  manu_loss: 2.8411 (2.8411)  ot_loss: 3.4219 (3.4219)  base_loss: 12.4498 (12.4498)  time: 6.0177  data: 5.7417  max mem: 11381
Epoch: [38]  [155/156]  eta: 0:00:00  lr: 0.000178  sp_loss: 5.5161 (5.0622)  fam_loss: 3.8293 (3.5681)  manu_loss: 2.8485 (2.6065)  ot_loss: 3.3301 (3.2050)  base_loss: 12.0764 (11.2368)  time: 0.3204  data: 0.0892  max mem: 11381
Epoch: [38] Total time: 0:01:07 (0.4307 s / it)
Averaged stats: lr: 0.000178  sp_loss: 5.5161 (5.0622)  fam_loss: 3.8293 (3.5681)  manu_loss: 2.8485 (2.6065)  ot_loss: 3.3301 (3.2050)  base_loss: 12.0764 (11.2368)
Do not use KL loss
Epoch: [39]  [  0/156]  eta: 0:17:54  lr: 0.000174  sp_loss: 3.7114 (3.7114)  fam_loss: 2.7715 (2.7715)  manu_loss: 2.0472 (2.0472)  ot_loss: 2.6328 (2.6328)  base_loss: 8.5300 (8.5300)  time: 6.8905  data: 6.6190  max mem: 11381
Epoch: [39]  [155/156]  eta: 0:00:00  lr: 0.000174  sp_loss: 5.1680 (4.8826)  fam_loss: 3.7137 (3.4718)  manu_loss: 2.6660 (2.5499)  ot_loss: 3.2031 (3.1384)  base_loss: 11.5707 (10.9043)  time: 0.3496  data: 0.1182  max mem: 11381
Epoch: [39] Total time: 0:01:16 (0.4930 s / it)
Averaged stats: lr: 0.000174  sp_loss: 5.1680 (4.8826)  fam_loss: 3.7137 (3.4718)  manu_loss: 2.6660 (2.5499)  ot_loss: 3.2031 (3.1384)  base_loss: 11.5707 (10.9043)
Do not use KL loss
Epoch: [40]  [  0/156]  eta: 0:16:00  lr: 0.000171  sp_loss: 5.0828 (5.0828)  fam_loss: 3.7362 (3.7362)  manu_loss: 2.6317 (2.6317)  ot_loss: 3.2363 (3.2363)  base_loss: 11.4507 (11.4507)  time: 6.1561  data: 5.8781  max mem: 11381
Epoch: [40]  [155/156]  eta: 0:00:00  lr: 0.000171  sp_loss: 5.0401 (5.1170)  fam_loss: 3.3004 (3.6131)  manu_loss: 2.4888 (2.6333)  ot_loss: 3.0977 (3.2118)  base_loss: 10.6949 (11.3634)  time: 0.3108  data: 0.0769  max mem: 11381
Epoch: [40] Total time: 0:01:08 (0.4399 s / it)
Averaged stats: lr: 0.000171  sp_loss: 5.0401 (5.1170)  fam_loss: 3.3004 (3.6131)  manu_loss: 2.4888 (2.6333)  ot_loss: 3.0977 (3.2118)  base_loss: 10.6949 (11.3634)
Do not use KL loss
Epoch: [41]  [  0/156]  eta: 0:15:41  lr: 0.000167  sp_loss: 5.6720 (5.6720)  fam_loss: 4.0015 (4.0015)  manu_loss: 2.7913 (2.7913)  ot_loss: 3.4473 (3.4473)  base_loss: 12.4649 (12.4649)  time: 6.0353  data: 5.7381  max mem: 11381
Epoch: [41]  [155/156]  eta: 0:00:00  lr: 0.000167  sp_loss: 5.3828 (4.8107)  fam_loss: 3.6858 (3.4377)  manu_loss: 2.6977 (2.5304)  ot_loss: 3.2305 (3.1052)  base_loss: 11.7827 (10.7787)  time: 0.3536  data: 0.1251  max mem: 11381
Epoch: [41] Total time: 0:01:08 (0.4422 s / it)
Averaged stats: lr: 0.000167  sp_loss: 5.3828 (4.8107)  fam_loss: 3.6858 (3.4377)  manu_loss: 2.6977 (2.5304)  ot_loss: 3.2305 (3.1052)  base_loss: 11.7827 (10.7787)
Test:  [  0/391]  eta: 0:44:55  sploss: 5.1576 (5.1576)  famloss: 2.2196 (2.2196)  manuloss: 1.3377 (1.3377)  acc1: 17.9688 (17.9688)  acc5: 34.7656 (34.7656)  family_acc1: 54.2969 (54.2969)  manu_acc1: 73.0469 (73.0469)  time: 6.8945  data: 6.6508  max mem: 11381
Test:  [250/391]  eta: 0:01:02  sploss: 5.1022 (5.2627)  famloss: 2.4077 (2.4209)  manuloss: 1.6154 (1.5793)  acc1: 20.7031 (17.8754)  acc5: 36.3281 (35.1920)  family_acc1: 48.8281 (49.2437)  manu_acc1: 62.8906 (64.6259)  time: 0.4288  data: 0.2199  max mem: 11381
Test:  [390/391]  eta: 0:00:00  sploss: 5.0282 (5.2081)  famloss: 2.1856 (2.3530)  manuloss: 1.2309 (1.5129)  acc1: 19.1406 (18.2320)  acc5: 37.5000 (35.9320)  family_acc1: 52.3438 (50.3900)  manu_acc1: 73.4375 (66.2090)  time: 0.3272  data: 0.1403  max mem: 11381
Test: Total time: 0:02:50 (0.4355 s / it)
* Acc@1 18.232 Acc@5 35.932 family@1 50.390 manu@1 66.209 sploss 5.208 fmloss 2.353 mfloss 1.513
FPA: 12.355% | TICE: 59.752%   
 wAP: 22.501  |  LCA: 185.032   |   Precision and Recall: 36.024%
Accuracy of the network on the 100000 test images: 18.2%
Max accuracy: 18.23%
Do not use KL loss
Epoch: [42]  [  0/156]  eta: 0:15:56  lr: 0.000163  sp_loss: 3.7675 (3.7675)  fam_loss: 2.7068 (2.7068)  manu_loss: 2.0235 (2.0235)  ot_loss: 2.6934 (2.6934)  base_loss: 8.4977 (8.4977)  time: 6.1334  data: 5.6973  max mem: 11381
Epoch: [42]  [155/156]  eta: 0:00:00  lr: 0.000163  sp_loss: 5.3715 (4.7994)  fam_loss: 3.7361 (3.4281)  manu_loss: 2.6730 (2.4946)  ot_loss: 3.2012 (3.0929)  base_loss: 11.6053 (10.7221)  time: 0.3253  data: 0.0862  max mem: 11381
Epoch: [42] Total time: 0:01:07 (0.4331 s / it)
Averaged stats: lr: 0.000163  sp_loss: 5.3715 (4.7994)  fam_loss: 3.7361 (3.4281)  manu_loss: 2.6730 (2.4946)  ot_loss: 3.2012 (3.0929)  base_loss: 11.6053 (10.7221)
Test:  [  0/391]  eta: 0:42:37  sploss: 5.1720 (5.1720)  famloss: 2.2593 (2.2593)  manuloss: 1.3765 (1.3765)  acc1: 16.0156 (16.0156)  acc5: 35.5469 (35.5469)  family_acc1: 50.7812 (50.7812)  manu_acc1: 69.1406 (69.1406)  time: 6.5411  data: 6.3097  max mem: 11381
Test:  [250/391]  eta: 0:01:02  sploss: 5.0953 (5.2412)  famloss: 2.3848 (2.4167)  manuloss: 1.6002 (1.5549)  acc1: 19.5312 (17.9750)  acc5: 36.7188 (35.6792)  family_acc1: 48.0469 (49.6031)  manu_acc1: 63.6719 (64.6959)  time: 0.4069  data: 0.2045  max mem: 11381
Test:  [390/391]  eta: 0:00:00  sploss: 5.0261 (5.1883)  famloss: 2.1765 (2.3454)  manuloss: 1.2093 (1.4829)  acc1: 19.9219 (18.4300)  acc5: 38.2812 (36.3960)  family_acc1: 54.2969 (50.8530)  manu_acc1: 72.6562 (66.3710)  time: 0.3966  data: 0.2155  max mem: 11381
Test: Total time: 0:02:48 (0.4320 s / it)
* Acc@1 18.430 Acc@5 36.396 family@1 50.853 manu@1 66.371 sploss 5.188 fmloss 2.345 mfloss 1.483
FPA: 12.611% | TICE: 59.967%   
 wAP: 22.724  |  LCA: 184.865   |   Precision and Recall: 36.157%
Accuracy of the network on the 100000 test images: 18.4%
Max accuracy: 18.43%
Do not use KL loss
Epoch: [43]  [  0/156]  eta: 0:15:55  lr: 0.000160  sp_loss: 4.3223 (4.3223)  fam_loss: 3.1474 (3.1474)  manu_loss: 2.3067 (2.3067)  ot_loss: 2.8086 (2.8086)  base_loss: 9.7764 (9.7764)  time: 6.1278  data: 5.8368  max mem: 11381
Epoch: [43]  [155/156]  eta: 0:00:00  lr: 0.000160  sp_loss: 4.2199 (4.7591)  fam_loss: 3.1158 (3.4017)  manu_loss: 2.2892 (2.4923)  ot_loss: 2.8340 (3.0848)  base_loss: 9.7715 (10.6530)  time: 0.3245  data: 0.0929  max mem: 11381
Epoch: [43] Total time: 0:01:08 (0.4423 s / it)
Averaged stats: lr: 0.000160  sp_loss: 4.2199 (4.7591)  fam_loss: 3.1158 (3.4017)  manu_loss: 2.2892 (2.4923)  ot_loss: 2.8340 (3.0848)  base_loss: 9.7715 (10.6530)
Test:  [  0/391]  eta: 0:38:25  sploss: 5.2100 (5.2100)  famloss: 2.2272 (2.2272)  manuloss: 1.3268 (1.3268)  acc1: 18.7500 (18.7500)  acc5: 33.5938 (33.5938)  family_acc1: 50.7812 (50.7812)  manu_acc1: 70.7031 (70.7031)  time: 5.8968  data: 5.6643  max mem: 11381
Test:  [250/391]  eta: 0:01:03  sploss: 5.1476 (5.2735)  famloss: 2.3922 (2.4217)  manuloss: 1.5859 (1.5582)  acc1: 20.3125 (17.9641)  acc5: 37.8906 (35.6916)  family_acc1: 49.2188 (49.6716)  manu_acc1: 63.6719 (65.0756)  time: 0.3325  data: 0.1211  max mem: 11381
Test:  [390/391]  eta: 0:00:00  sploss: 5.0901 (5.2269)  famloss: 2.2067 (2.3580)  manuloss: 1.2527 (1.4913)  acc1: 19.5312 (18.3950)  acc5: 37.5000 (36.2720)  family_acc1: 53.9062 (50.6540)  manu_acc1: 73.4375 (66.6200)  time: 0.4200  data: 0.2434  max mem: 11381
Test: Total time: 0:02:52 (0.4421 s / it)
* Acc@1 18.395 Acc@5 36.272 family@1 50.654 manu@1 66.620 sploss 5.227 fmloss 2.358 mfloss 1.491
FPA: 12.693% | TICE: 59.595%   
 wAP: 22.680  |  LCA: 185.217   |   Precision and Recall: 35.992%
Accuracy of the network on the 100000 test images: 18.4%
Max accuracy: 18.43%
Do not use KL loss
Epoch: [44]  [  0/156]  eta: 0:17:22  lr: 0.000156  sp_loss: 4.3287 (4.3287)  fam_loss: 3.1563 (3.1563)  manu_loss: 2.3421 (2.3421)  ot_loss: 2.8320 (2.8320)  base_loss: 9.8272 (9.8272)  time: 6.6815  data: 6.4158  max mem: 11381
Epoch: [44]  [155/156]  eta: 0:00:00  lr: 0.000156  sp_loss: 4.8681 (4.6375)  fam_loss: 3.4576 (3.3272)  manu_loss: 2.4933 (2.4297)  ot_loss: 3.0449 (3.0291)  base_loss: 10.9221 (10.3943)  time: 0.3239  data: 0.0908  max mem: 11381
Epoch: [44] Total time: 0:01:08 (0.4409 s / it)
Averaged stats: lr: 0.000156  sp_loss: 4.8681 (4.6375)  fam_loss: 3.4576 (3.3272)  manu_loss: 2.4933 (2.4297)  ot_loss: 3.0449 (3.0291)  base_loss: 10.9221 (10.3943)
Test:  [  0/391]  eta: 0:38:48  sploss: 5.1338 (5.1338)  famloss: 2.1471 (2.1471)  manuloss: 1.3087 (1.3087)  acc1: 17.9688 (17.9688)  acc5: 33.2031 (33.2031)  family_acc1: 54.6875 (54.6875)  manu_acc1: 71.0938 (71.0938)  time: 5.9542  data: 5.7004  max mem: 11381
Test:  [250/391]  eta: 0:01:00  sploss: 5.0180 (5.1845)  famloss: 2.3206 (2.3230)  manuloss: 1.5428 (1.5111)  acc1: 20.3125 (18.5166)  acc5: 39.0625 (36.4246)  family_acc1: 50.0000 (50.7268)  manu_acc1: 63.6719 (65.3029)  time: 0.3644  data: 0.1620  max mem: 11381
Test:  [390/391]  eta: 0:00:00  sploss: 4.9796 (5.1357)  famloss: 2.1125 (2.2537)  manuloss: 1.1702 (1.4421)  acc1: 21.4844 (18.9610)  acc5: 39.0625 (37.0430)  family_acc1: 55.0781 (51.8390)  manu_acc1: 73.4375 (66.9880)  time: 0.4024  data: 0.2200  max mem: 11381
Test: Total time: 0:02:45 (0.4227 s / it)
* Acc@1 18.961 Acc@5 37.043 family@1 51.839 manu@1 66.988 sploss 5.136 fmloss 2.254 mfloss 1.442
FPA: 13.275% | TICE: 59.008%   
 wAP: 23.301  |  LCA: 182.685   |   Precision and Recall: 36.816%
Accuracy of the network on the 100000 test images: 19.0%
Max accuracy: 18.96%
Do not use KL loss
Epoch: [45]  [  0/156]  eta: 0:16:06  lr: 0.000152  sp_loss: 3.8583 (3.8583)  fam_loss: 2.9524 (2.9524)  manu_loss: 2.1208 (2.1208)  ot_loss: 2.6289 (2.6289)  base_loss: 8.9315 (8.9315)  time: 6.1937  data: 5.8975  max mem: 11381
Epoch: [45]  [155/156]  eta: 0:00:00  lr: 0.000152  sp_loss: 5.5881 (4.7958)  fam_loss: 3.8082 (3.4164)  manu_loss: 2.7001 (2.5051)  ot_loss: 3.3809 (3.1005)  base_loss: 12.1477 (10.7173)  time: 0.3393  data: 0.1020  max mem: 11381
Epoch: [45] Total time: 0:01:07 (0.4305 s / it)
Averaged stats: lr: 0.000152  sp_loss: 5.5881 (4.7958)  fam_loss: 3.8082 (3.4164)  manu_loss: 2.7001 (2.5051)  ot_loss: 3.3809 (3.1005)  base_loss: 12.1477 (10.7173)
Test:  [  0/391]  eta: 0:45:38  sploss: 5.2080 (5.2080)  famloss: 2.2310 (2.2310)  manuloss: 1.3059 (1.3059)  acc1: 17.1875 (17.1875)  acc5: 33.2031 (33.2031)  family_acc1: 51.9531 (51.9531)  manu_acc1: 72.2656 (72.2656)  time: 7.0031  data: 6.7844  max mem: 11381
Test:  [250/391]  eta: 0:01:01  sploss: 5.1597 (5.2918)  famloss: 2.4418 (2.4344)  manuloss: 1.5897 (1.5716)  acc1: 19.9219 (17.9547)  acc5: 37.8906 (35.2916)  family_acc1: 49.2188 (49.6903)  manu_acc1: 63.2812 (64.9356)  time: 0.3378  data: 0.1287  max mem: 11381
Test:  [390/391]  eta: 0:00:00  sploss: 5.0744 (5.2462)  famloss: 2.2334 (2.3697)  manuloss: 1.2685 (1.5070)  acc1: 19.9219 (18.2250)  acc5: 37.8906 (35.8500)  family_acc1: 53.5156 (50.7230)  manu_acc1: 73.8281 (66.4730)  time: 0.4241  data: 0.2400  max mem: 11381
Test: Total time: 0:02:48 (0.4308 s / it)
* Acc@1 18.225 Acc@5 35.850 family@1 50.723 manu@1 66.473 sploss 5.246 fmloss 2.370 mfloss 1.507
FPA: 12.508% | TICE: 59.789%   
 wAP: 22.534  |  LCA: 185.850   |   Precision and Recall: 35.752%
Accuracy of the network on the 100000 test images: 18.2%
Max accuracy: 18.96%
Do not use KL loss
Epoch: [46]  [  0/156]  eta: 0:17:00  lr: 0.000149  sp_loss: 4.7522 (4.7522)  fam_loss: 3.5561 (3.5561)  manu_loss: 2.5961 (2.5961)  ot_loss: 2.9902 (2.9902)  base_loss: 10.9045 (10.9045)  time: 6.5405  data: 6.2468  max mem: 11381
Epoch: [46]  [155/156]  eta: 0:00:00  lr: 0.000149  sp_loss: 4.3087 (4.6889)  fam_loss: 3.2235 (3.3628)  manu_loss: 2.4289 (2.4671)  ot_loss: 2.8379 (3.0287)  base_loss: 10.0328 (10.5188)  time: 0.3329  data: 0.0953  max mem: 11381
Epoch: [46] Total time: 0:01:07 (0.4318 s / it)
Averaged stats: lr: 0.000149  sp_loss: 4.3087 (4.6889)  fam_loss: 3.2235 (3.3628)  manu_loss: 2.4289 (2.4671)  ot_loss: 2.8379 (3.0287)  base_loss: 10.0328 (10.5188)
Test:  [  0/391]  eta: 0:39:50  sploss: 5.1948 (5.1948)  famloss: 2.1659 (2.1659)  manuloss: 1.3012 (1.3012)  acc1: 17.5781 (17.5781)  acc5: 33.2031 (33.2031)  family_acc1: 51.1719 (51.1719)  manu_acc1: 69.1406 (69.1406)  time: 6.1147  data: 5.8475  max mem: 11381
Test:  [250/391]  eta: 0:01:01  sploss: 5.0515 (5.2137)  famloss: 2.2948 (2.3322)  manuloss: 1.5105 (1.5030)  acc1: 19.5312 (18.3687)  acc5: 38.2812 (36.0293)  family_acc1: 49.2188 (50.4093)  manu_acc1: 64.4531 (65.5643)  time: 0.3160  data: 0.1025  max mem: 11381
Test:  [390/391]  eta: 0:00:00  sploss: 5.0132 (5.1602)  famloss: 2.1183 (2.2641)  manuloss: 1.1634 (1.4344)  acc1: 20.7031 (18.8220)  acc5: 38.6719 (36.7550)  family_acc1: 54.2969 (51.5490)  manu_acc1: 74.3750 (67.1170)  time: 0.4135  data: 0.2347  max mem: 11381
Test: Total time: 0:02:49 (0.4333 s / it)
* Acc@1 18.822 Acc@5 36.755 family@1 51.549 manu@1 67.117 sploss 5.160 fmloss 2.264 mfloss 1.434
FPA: 13.322% | TICE: 58.902%   
 wAP: 23.154  |  LCA: 184.158   |   Precision and Recall: 36.373%
Accuracy of the network on the 100000 test images: 18.8%
Max accuracy: 18.96%
Do not use KL loss
Epoch: [47]  [  0/156]  eta: 0:15:44  lr: 0.000145  sp_loss: 4.7698 (4.7698)  fam_loss: 3.4794 (3.4794)  manu_loss: 2.3358 (2.3358)  ot_loss: 3.0020 (3.0020)  base_loss: 10.5850 (10.5850)  time: 6.0536  data: 5.7267  max mem: 11381
Epoch: [47]  [155/156]  eta: 0:00:00  lr: 0.000145  sp_loss: 4.6013 (4.6642)  fam_loss: 3.2920 (3.3404)  manu_loss: 2.4958 (2.4512)  ot_loss: 2.9199 (3.0095)  base_loss: 10.4432 (10.4559)  time: 0.3154  data: 0.0818  max mem: 11381
Epoch: [47] Total time: 0:01:07 (0.4298 s / it)
Averaged stats: lr: 0.000145  sp_loss: 4.6013 (4.6642)  fam_loss: 3.2920 (3.3404)  manu_loss: 2.4958 (2.4512)  ot_loss: 2.9199 (3.0095)  base_loss: 10.4432 (10.4559)
Test:  [  0/391]  eta: 0:39:48  sploss: 5.1537 (5.1537)  famloss: 2.1707 (2.1707)  manuloss: 1.3133 (1.3133)  acc1: 17.1875 (17.1875)  acc5: 35.9375 (35.9375)  family_acc1: 53.9062 (53.9062)  manu_acc1: 72.6562 (72.6562)  time: 6.1085  data: 5.8750  max mem: 11381
Test:  [250/391]  eta: 0:01:00  sploss: 5.0608 (5.2177)  famloss: 2.3427 (2.3602)  manuloss: 1.5355 (1.5172)  acc1: 19.9219 (18.4683)  acc5: 38.2812 (36.3624)  family_acc1: 49.6094 (50.4902)  manu_acc1: 63.6719 (65.4320)  time: 0.3182  data: 0.1189  max mem: 11381
Test:  [390/391]  eta: 0:00:00  sploss: 4.9953 (5.1627)  famloss: 2.1238 (2.2890)  manuloss: 1.1805 (1.4479)  acc1: 20.3125 (18.8610)  acc5: 39.4531 (37.0170)  family_acc1: 55.6250 (51.7090)  manu_acc1: 74.6094 (67.0480)  time: 0.3854  data: 0.2026  max mem: 11381
Test: Total time: 0:02:47 (0.4282 s / it)
* Acc@1 18.861 Acc@5 37.017 family@1 51.709 manu@1 67.048 sploss 5.163 fmloss 2.289 mfloss 1.448
FPA: 13.297% | TICE: 58.568%   
 wAP: 23.202  |  LCA: 183.390   |   Precision and Recall: 36.622%
Accuracy of the network on the 100000 test images: 18.9%
Max accuracy: 18.96%
Do not use KL loss
Epoch: [48]  [  0/156]  eta: 0:15:15  lr: 0.000141  sp_loss: 5.4339 (5.4339)  fam_loss: 3.7075 (3.7075)  manu_loss: 2.7054 (2.7054)  ot_loss: 3.3145 (3.3145)  base_loss: 11.8468 (11.8468)  time: 5.8704  data: 5.5822  max mem: 11381
Epoch: [48]  [155/156]  eta: 0:00:00  lr: 0.000141  sp_loss: 4.9088 (4.5755)  fam_loss: 3.4297 (3.2700)  manu_loss: 2.4925 (2.3981)  ot_loss: 3.0684 (2.9918)  base_loss: 10.8465 (10.2435)  time: 0.3260  data: 0.0966  max mem: 11381
Epoch: [48] Total time: 0:01:07 (0.4332 s / it)
Averaged stats: lr: 0.000141  sp_loss: 4.9088 (4.5755)  fam_loss: 3.4297 (3.2700)  manu_loss: 2.4925 (2.3981)  ot_loss: 3.0684 (2.9918)  base_loss: 10.8465 (10.2435)
Test:  [  0/391]  eta: 0:41:44  sploss: 5.2021 (5.2021)  famloss: 2.2222 (2.2222)  manuloss: 1.3089 (1.3089)  acc1: 20.3125 (20.3125)  acc5: 33.2031 (33.2031)  family_acc1: 53.5156 (53.5156)  manu_acc1: 70.3125 (70.3125)  time: 6.4055  data: 6.1108  max mem: 11381
Test:  [250/391]  eta: 0:01:01  sploss: 5.0262 (5.2021)  famloss: 2.3207 (2.3317)  manuloss: 1.5538 (1.5060)  acc1: 20.7031 (18.7593)  acc5: 37.5000 (36.4028)  family_acc1: 49.6094 (50.6459)  manu_acc1: 64.0625 (65.4616)  time: 0.3248  data: 0.1095  max mem: 11381
Test:  [390/391]  eta: 0:00:00  sploss: 4.9721 (5.1466)  famloss: 2.1218 (2.2645)  manuloss: 1.1581 (1.4358)  acc1: 21.8750 (19.2330)  acc5: 39.4531 (37.0940)  family_acc1: 55.4688 (51.7960)  manu_acc1: 73.8281 (67.0170)  time: 0.4171  data: 0.2385  max mem: 11381
Test: Total time: 0:02:48 (0.4321 s / it)
* Acc@1 19.233 Acc@5 37.094 family@1 51.796 manu@1 67.017 sploss 5.147 fmloss 2.265 mfloss 1.436
FPA: 13.503% | TICE: 58.632%   
 wAP: 23.537  |  LCA: 182.288   |   Precision and Recall: 36.995%
Accuracy of the network on the 100000 test images: 19.2%
Max accuracy: 19.23%
Do not use KL loss
Epoch: [49]  [  0/156]  eta: 0:15:44  lr: 0.000138  sp_loss: 4.5591 (4.5591)  fam_loss: 3.3721 (3.3721)  manu_loss: 2.4086 (2.4086)  ot_loss: 2.9688 (2.9688)  base_loss: 10.3398 (10.3398)  time: 6.0559  data: 5.7767  max mem: 11381
Epoch: [49]  [155/156]  eta: 0:00:00  lr: 0.000138  sp_loss: 4.3515 (4.5760)  fam_loss: 3.1129 (3.2945)  manu_loss: 2.3611 (2.4212)  ot_loss: 2.7871 (2.9774)  base_loss: 9.7217 (10.2917)  time: 0.3648  data: 0.1308  max mem: 11381
Epoch: [49] Total time: 0:01:09 (0.4443 s / it)
Averaged stats: lr: 0.000138  sp_loss: 4.3515 (4.5760)  fam_loss: 3.1129 (3.2945)  manu_loss: 2.3611 (2.4212)  ot_loss: 2.7871 (2.9774)  base_loss: 9.7217 (10.2917)
Test:  [  0/391]  eta: 0:39:43  sploss: 5.3079 (5.3079)  famloss: 2.3155 (2.3155)  manuloss: 1.4211 (1.4211)  acc1: 17.1875 (17.1875)  acc5: 33.5938 (33.5938)  family_acc1: 51.1719 (51.1719)  manu_acc1: 71.0938 (71.0938)  time: 6.0954  data: 5.8773  max mem: 11381
Test:  [250/391]  eta: 0:01:01  sploss: 5.1209 (5.2982)  famloss: 2.3616 (2.4019)  manuloss: 1.5714 (1.5585)  acc1: 19.5312 (18.2925)  acc5: 37.8906 (35.7663)  family_acc1: 50.0000 (50.4046)  manu_acc1: 63.2812 (65.4196)  time: 0.3182  data: 0.1093  max mem: 11381
Test:  [390/391]  eta: 0:00:00  sploss: 5.0697 (5.2430)  famloss: 2.1659 (2.3319)  manuloss: 1.2126 (1.4866)  acc1: 20.3125 (18.7070)  acc5: 39.0625 (36.4650)  family_acc1: 54.6875 (51.5090)  manu_acc1: 73.0469 (66.9530)  time: 0.4049  data: 0.2254  max mem: 11381
Test: Total time: 0:02:48 (0.4306 s / it)
* Acc@1 18.707 Acc@5 36.465 family@1 51.509 manu@1 66.953 sploss 5.243 fmloss 2.332 mfloss 1.487
FPA: 13.121% | TICE: 59.305%   
 wAP: 23.045  |  LCA: 184.314   |   Precision and Recall: 36.305%
Accuracy of the network on the 100000 test images: 18.7%
Max accuracy: 19.23%
Do not use KL loss
Epoch: [50]  [  0/156]  eta: 0:16:04  lr: 0.000134  sp_loss: 6.2009 (6.2009)  fam_loss: 4.2926 (4.2926)  manu_loss: 3.1314 (3.1314)  ot_loss: 3.5840 (3.5840)  base_loss: 13.6249 (13.6249)  time: 6.1858  data: 5.9095  max mem: 11381
Epoch: [50]  [155/156]  eta: 0:00:00  lr: 0.000134  sp_loss: 4.7964 (4.6682)  fam_loss: 3.3629 (3.3405)  manu_loss: 2.4742 (2.4518)  ot_loss: 3.0488 (2.9994)  base_loss: 10.7779 (10.4605)  time: 0.3229  data: 0.0910  max mem: 11381
Epoch: [50] Total time: 0:01:08 (0.4422 s / it)
Averaged stats: lr: 0.000134  sp_loss: 4.7964 (4.6682)  fam_loss: 3.3629 (3.3405)  manu_loss: 2.4742 (2.4518)  ot_loss: 3.0488 (2.9994)  base_loss: 10.7779 (10.4605)
Test:  [  0/391]  eta: 0:41:25  sploss: 5.1986 (5.1986)  famloss: 2.2103 (2.2103)  manuloss: 1.3322 (1.3322)  acc1: 17.9688 (17.9688)  acc5: 32.4219 (32.4219)  family_acc1: 52.7344 (52.7344)  manu_acc1: 69.5312 (69.5312)  time: 6.3557  data: 6.0832  max mem: 11381
Test:  [250/391]  eta: 0:01:02  sploss: 5.0347 (5.1931)  famloss: 2.3528 (2.3452)  manuloss: 1.5611 (1.5101)  acc1: 20.7031 (18.8978)  acc5: 39.8438 (36.6643)  family_acc1: 50.0000 (50.7097)  manu_acc1: 63.6719 (65.5674)  time: 0.3332  data: 0.1201  max mem: 11381
Test:  [390/391]  eta: 0:00:00  sploss: 4.9434 (5.1345)  famloss: 2.1112 (2.2739)  manuloss: 1.1577 (1.4377)  acc1: 20.3125 (19.3280)  acc5: 39.4531 (37.3270)  family_acc1: 54.6875 (51.8220)  manu_acc1: 74.2188 (67.1290)  time: 0.4146  data: 0.2316  max mem: 11381
Test: Total time: 0:02:50 (0.4361 s / it)
* Acc@1 19.328 Acc@5 37.327 family@1 51.822 manu@1 67.129 sploss 5.135 fmloss 2.274 mfloss 1.438
FPA: 13.584% | TICE: 58.488%   
 wAP: 23.626  |  LCA: 182.146   |   Precision and Recall: 36.978%
Accuracy of the network on the 100000 test images: 19.3%
Max accuracy: 19.33%
Do not use KL loss
Epoch: [51]  [  0/156]  eta: 0:16:18  lr: 0.000130  sp_loss: 4.8354 (4.8354)  fam_loss: 3.5990 (3.5990)  manu_loss: 2.6863 (2.6863)  ot_loss: 3.0449 (3.0449)  base_loss: 11.1206 (11.1206)  time: 6.2701  data: 5.9725  max mem: 11381
Epoch: [51]  [155/156]  eta: 0:00:00  lr: 0.000130  sp_loss: 4.6391 (4.5099)  fam_loss: 3.4102 (3.2416)  manu_loss: 2.4922 (2.3702)  ot_loss: 2.9766 (2.9565)  base_loss: 10.5415 (10.1217)  time: 0.3334  data: 0.0981  max mem: 11381
Epoch: [51] Total time: 0:01:07 (0.4329 s / it)
Averaged stats: lr: 0.000130  sp_loss: 4.6391 (4.5099)  fam_loss: 3.4102 (3.2416)  manu_loss: 2.4922 (2.3702)  ot_loss: 2.9766 (2.9565)  base_loss: 10.5415 (10.1217)
Test:  [  0/391]  eta: 0:43:56  sploss: 5.2486 (5.2486)  famloss: 2.2174 (2.2174)  manuloss: 1.3622 (1.3622)  acc1: 16.4062 (16.4062)  acc5: 34.3750 (34.3750)  family_acc1: 50.7812 (50.7812)  manu_acc1: 69.9219 (69.9219)  time: 6.7440  data: 6.4736  max mem: 11381
Test:  [250/391]  eta: 0:01:02  sploss: 5.0852 (5.2539)  famloss: 2.3375 (2.3582)  manuloss: 1.5616 (1.5384)  acc1: 19.9219 (18.3049)  acc5: 37.5000 (36.0433)  family_acc1: 48.4375 (50.0109)  manu_acc1: 62.5000 (64.9838)  time: 0.3278  data: 0.1188  max mem: 11381
Test:  [390/391]  eta: 0:00:00  sploss: 5.0099 (5.1980)  famloss: 2.1345 (2.2868)  manuloss: 1.1859 (1.4666)  acc1: 19.1406 (18.7660)  acc5: 38.6719 (36.7490)  family_acc1: 54.2969 (51.2250)  manu_acc1: 72.6562 (66.5790)  time: 0.4084  data: 0.2274  max mem: 11381
Test: Total time: 0:02:50 (0.4354 s / it)
* Acc@1 18.766 Acc@5 36.749 family@1 51.225 manu@1 66.579 sploss 5.198 fmloss 2.287 mfloss 1.467
FPA: 13.099% | TICE: 59.110%   
 wAP: 23.061  |  LCA: 184.033   |   Precision and Recall: 36.359%
Accuracy of the network on the 100000 test images: 18.8%
Max accuracy: 19.33%
Do not use KL loss
Epoch: [52]  [  0/156]  eta: 0:17:38  lr: 0.000126  sp_loss: 5.3449 (5.3449)  fam_loss: 3.8143 (3.8143)  manu_loss: 2.8099 (2.8099)  ot_loss: 3.3359 (3.3359)  base_loss: 11.9691 (11.9691)  time: 6.7858  data: 6.5019  max mem: 11381
Epoch: [52]  [155/156]  eta: 0:00:00  lr: 0.000126  sp_loss: 5.2574 (4.5631)  fam_loss: 3.5925 (3.2537)  manu_loss: 2.5904 (2.3893)  ot_loss: 3.2363 (2.9574)  base_loss: 11.4950 (10.2062)  time: 0.3335  data: 0.0984  max mem: 11381
Epoch: [52] Total time: 0:01:10 (0.4509 s / it)
Averaged stats: lr: 0.000126  sp_loss: 5.2574 (4.5631)  fam_loss: 3.5925 (3.2537)  manu_loss: 2.5904 (2.3893)  ot_loss: 3.2363 (2.9574)  base_loss: 11.4950 (10.2062)
Test:  [  0/391]  eta: 0:42:45  sploss: 5.2610 (5.2610)  famloss: 2.3281 (2.3281)  manuloss: 1.4014 (1.4014)  acc1: 15.2344 (15.2344)  acc5: 34.3750 (34.3750)  family_acc1: 49.6094 (49.6094)  manu_acc1: 71.0938 (71.0938)  time: 6.5615  data: 6.2952  max mem: 11381
Test:  [250/391]  eta: 0:01:01  sploss: 5.1507 (5.3032)  famloss: 2.3964 (2.4449)  manuloss: 1.5899 (1.5789)  acc1: 19.5312 (18.2364)  acc5: 37.1094 (35.7507)  family_acc1: 49.6094 (50.0280)  manu_acc1: 63.2812 (65.2904)  time: 0.4309  data: 0.2071  max mem: 11381
Test:  [390/391]  eta: 0:00:00  sploss: 5.0512 (5.2505)  famloss: 2.1772 (2.3755)  manuloss: 1.2106 (1.5092)  acc1: 20.3125 (18.6060)  acc5: 38.6719 (36.4100)  family_acc1: 54.2969 (51.2310)  manu_acc1: 73.4375 (66.9190)  time: 0.3489  data: 0.1705  max mem: 11381
Test: Total time: 0:02:48 (0.4315 s / it)
* Acc@1 18.606 Acc@5 36.410 family@1 51.231 manu@1 66.919 sploss 5.251 fmloss 2.375 mfloss 1.509
FPA: 13.102% | TICE: 59.350%   
 wAP: 22.929  |  LCA: 185.173   |   Precision and Recall: 36.050%
Accuracy of the network on the 100000 test images: 18.6%
Max accuracy: 19.33%
Do not use KL loss
Epoch: [53]  [  0/156]  eta: 0:16:42  lr: 0.000122  sp_loss: 4.9184 (4.9184)  fam_loss: 3.4664 (3.4664)  manu_loss: 2.4311 (2.4311)  ot_loss: 2.9746 (2.9746)  base_loss: 10.8159 (10.8159)  time: 6.4269  data: 6.1340  max mem: 11381
Epoch: [53]  [155/156]  eta: 0:00:00  lr: 0.000122  sp_loss: 4.3343 (4.5573)  fam_loss: 3.2185 (3.2698)  manu_loss: 2.3111 (2.3961)  ot_loss: 2.7969 (2.9520)  base_loss: 9.9244 (10.2232)  time: 0.3332  data: 0.0999  max mem: 11381
Epoch: [53] Total time: 0:01:08 (0.4382 s / it)
Averaged stats: lr: 0.000122  sp_loss: 4.3343 (4.5573)  fam_loss: 3.2185 (3.2698)  manu_loss: 2.3111 (2.3961)  ot_loss: 2.7969 (2.9520)  base_loss: 9.9244 (10.2232)
Test:  [  0/391]  eta: 0:38:54  sploss: 5.2236 (5.2236)  famloss: 2.2195 (2.2195)  manuloss: 1.3022 (1.3022)  acc1: 16.7969 (16.7969)  acc5: 33.2031 (33.2031)  family_acc1: 50.7812 (50.7812)  manu_acc1: 71.4844 (71.4844)  time: 5.9695  data: 5.7444  max mem: 11381
Test:  [250/391]  eta: 0:01:02  sploss: 5.0151 (5.1821)  famloss: 2.3166 (2.3278)  manuloss: 1.5639 (1.5159)  acc1: 21.0938 (19.1935)  acc5: 38.2812 (36.8915)  family_acc1: 50.3906 (51.3026)  manu_acc1: 64.8438 (65.9487)  time: 0.3524  data: 0.1474  max mem: 11381
Test:  [390/391]  eta: 0:00:00  sploss: 4.9486 (5.1245)  famloss: 2.0946 (2.2575)  manuloss: 1.1467 (1.4454)  acc1: 21.0938 (19.6400)  acc5: 39.4531 (37.7040)  family_acc1: 54.6875 (52.4550)  manu_acc1: 74.2188 (67.4980)  time: 0.4266  data: 0.2473  max mem: 11381
Test: Total time: 0:02:50 (0.4367 s / it)
* Acc@1 19.640 Acc@5 37.704 family@1 52.455 manu@1 67.498 sploss 5.124 fmloss 2.258 mfloss 1.445
FPA: 13.963% | TICE: 57.856%   
 wAP: 23.970  |  LCA: 180.877   |   Precision and Recall: 37.399%
Accuracy of the network on the 100000 test images: 19.6%
Max accuracy: 19.64%
Do not use KL loss
Epoch: [54]  [  0/156]  eta: 0:15:25  lr: 0.000119  sp_loss: 4.3845 (4.3845)  fam_loss: 3.1119 (3.1119)  manu_loss: 2.2376 (2.2376)  ot_loss: 2.8066 (2.8066)  base_loss: 9.7340 (9.7340)  time: 5.9296  data: 5.6588  max mem: 11381
Epoch: [54]  [155/156]  eta: 0:00:00  lr: 0.000119  sp_loss: 4.7047 (4.6319)  fam_loss: 3.4046 (3.3225)  manu_loss: 2.5489 (2.4343)  ot_loss: 3.0430 (2.9781)  base_loss: 10.6449 (10.3888)  time: 0.3264  data: 0.0937  max mem: 11381
Epoch: [54] Total time: 0:01:08 (0.4418 s / it)
Averaged stats: lr: 0.000119  sp_loss: 4.7047 (4.6319)  fam_loss: 3.4046 (3.3225)  manu_loss: 2.5489 (2.4343)  ot_loss: 3.0430 (2.9781)  base_loss: 10.6449 (10.3888)
Test:  [  0/391]  eta: 0:53:09  sploss: 5.1581 (5.1581)  famloss: 2.1115 (2.1115)  manuloss: 1.2650 (1.2650)  acc1: 17.5781 (17.5781)  acc5: 33.5938 (33.5938)  family_acc1: 52.3438 (52.3438)  manu_acc1: 71.8750 (71.8750)  time: 8.1567  data: 7.8643  max mem: 11381
Test:  [250/391]  eta: 0:01:02  sploss: 5.0086 (5.1750)  famloss: 2.2603 (2.2999)  manuloss: 1.5075 (1.4842)  acc1: 21.0938 (19.2496)  acc5: 39.0625 (37.0035)  family_acc1: 50.7812 (51.4022)  manu_acc1: 64.0625 (65.9425)  time: 0.3357  data: 0.1295  max mem: 11381
Test:  [390/391]  eta: 0:00:00  sploss: 4.9547 (5.1274)  famloss: 2.0683 (2.2336)  manuloss: 1.1214 (1.4158)  acc1: 20.7031 (19.6410)  acc5: 38.2812 (37.6430)  family_acc1: 55.8594 (52.5090)  manu_acc1: 75.0000 (67.4820)  time: 0.4224  data: 0.2423  max mem: 11381
Test: Total time: 0:02:50 (0.4366 s / it)
* Acc@1 19.641 Acc@5 37.643 family@1 52.509 manu@1 67.482 sploss 5.127 fmloss 2.234 mfloss 1.416
FPA: 14.004% | TICE: 58.161%   
 wAP: 23.976  |  LCA: 181.169   |   Precision and Recall: 37.354%
Accuracy of the network on the 100000 test images: 19.6%
Max accuracy: 19.64%
Do not use KL loss
Epoch: [55]  [  0/156]  eta: 0:17:25  lr: 0.000115  sp_loss: 4.8410 (4.8410)  fam_loss: 3.4457 (3.4457)  manu_loss: 2.5070 (2.5070)  ot_loss: 2.9570 (2.9570)  base_loss: 10.7937 (10.7937)  time: 6.7034  data: 6.4269  max mem: 11381
Epoch: [55]  [155/156]  eta: 0:00:00  lr: 0.000115  sp_loss: 4.9969 (4.5108)  fam_loss: 3.3268 (3.2491)  manu_loss: 2.4125 (2.3866)  ot_loss: 3.0527 (2.9276)  base_loss: 10.7773 (10.1464)  time: 0.3167  data: 0.0870  max mem: 11381
Epoch: [55] Total time: 0:01:08 (0.4407 s / it)
Averaged stats: lr: 0.000115  sp_loss: 4.9969 (4.5108)  fam_loss: 3.3268 (3.2491)  manu_loss: 2.4125 (2.3866)  ot_loss: 3.0527 (2.9276)  base_loss: 10.7773 (10.1464)
Test:  [  0/391]  eta: 0:42:19  sploss: 5.2254 (5.2254)  famloss: 2.1515 (2.1515)  manuloss: 1.2988 (1.2988)  acc1: 18.7500 (18.7500)  acc5: 35.1562 (35.1562)  family_acc1: 58.5938 (58.5938)  manu_acc1: 70.7031 (70.7031)  time: 6.4951  data: 6.2053  max mem: 11381
Test:  [250/391]  eta: 0:01:02  sploss: 5.0568 (5.2141)  famloss: 2.3300 (2.3486)  manuloss: 1.5402 (1.5272)  acc1: 21.0938 (19.2247)  acc5: 38.2812 (37.2168)  family_acc1: 51.1719 (51.4053)  manu_acc1: 64.8438 (66.2786)  time: 0.3369  data: 0.1294  max mem: 11381
Test:  [390/391]  eta: 0:00:00  sploss: 4.9839 (5.1633)  famloss: 2.1011 (2.2822)  manuloss: 1.1736 (1.4593)  acc1: 21.4844 (19.6200)  acc5: 39.8438 (37.8760)  family_acc1: 56.2500 (52.4680)  manu_acc1: 74.2188 (67.6930)  time: 0.4115  data: 0.2257  max mem: 11381
Test: Total time: 0:02:50 (0.4373 s / it)
* Acc@1 19.620 Acc@5 37.876 family@1 52.468 manu@1 67.693 sploss 5.163 fmloss 2.282 mfloss 1.459
FPA: 13.905% | TICE: 58.278%   
 wAP: 23.959  |  LCA: 181.036   |   Precision and Recall: 37.408%
Accuracy of the network on the 100000 test images: 19.6%
Max accuracy: 19.64%
Do not use KL loss
Epoch: [56]  [  0/156]  eta: 0:15:42  lr: 0.000111  sp_loss: 5.7259 (5.7259)  fam_loss: 3.8323 (3.8323)  manu_loss: 2.8215 (2.8215)  ot_loss: 3.3867 (3.3867)  base_loss: 12.3798 (12.3798)  time: 6.0398  data: 5.7528  max mem: 11381
Epoch: [56]  [155/156]  eta: 0:00:00  lr: 0.000111  sp_loss: 4.7478 (4.5505)  fam_loss: 3.3436 (3.2615)  manu_loss: 2.3624 (2.3852)  ot_loss: 2.8906 (2.9368)  base_loss: 10.4776 (10.1973)  time: 0.3225  data: 0.0896  max mem: 11381
Epoch: [56] Total time: 0:01:08 (0.4367 s / it)
Averaged stats: lr: 0.000111  sp_loss: 4.7478 (4.5505)  fam_loss: 3.3436 (3.2615)  manu_loss: 2.3624 (2.3852)  ot_loss: 2.8906 (2.9368)  base_loss: 10.4776 (10.1973)
Test:  [  0/391]  eta: 0:41:26  sploss: 5.2122 (5.2122)  famloss: 2.1481 (2.1481)  manuloss: 1.2805 (1.2805)  acc1: 17.9688 (17.9688)  acc5: 34.3750 (34.3750)  family_acc1: 58.2031 (58.2031)  manu_acc1: 72.6562 (72.6562)  time: 6.3587  data: 6.0977  max mem: 11381
Test:  [250/391]  eta: 0:01:02  sploss: 5.0685 (5.2390)  famloss: 2.3315 (2.3498)  manuloss: 1.5381 (1.5218)  acc1: 20.7031 (18.8543)  acc5: 39.0625 (36.7545)  family_acc1: 50.7812 (51.1143)  manu_acc1: 63.2812 (65.8647)  time: 0.3220  data: 0.1221  max mem: 11381
Test:  [390/391]  eta: 0:00:00  sploss: 4.9982 (5.1838)  famloss: 2.1035 (2.2827)  manuloss: 1.1622 (1.4532)  acc1: 21.2500 (19.3590)  acc5: 40.2344 (37.5630)  family_acc1: 57.0312 (52.0670)  manu_acc1: 74.6094 (67.3550)  time: 0.4100  data: 0.2327  max mem: 11381
Test: Total time: 0:02:51 (0.4383 s / it)
* Acc@1 19.359 Acc@5 37.563 family@1 52.067 manu@1 67.355 sploss 5.184 fmloss 2.283 mfloss 1.453
FPA: 13.726% | TICE: 58.210%   
 wAP: 23.682  |  LCA: 182.213   |   Precision and Recall: 37.009%
Accuracy of the network on the 100000 test images: 19.4%
Max accuracy: 19.64%
Do not use KL loss
Epoch: [57]  [  0/156]  eta: 0:16:46  lr: 0.000108  sp_loss: 3.2017 (3.2017)  fam_loss: 2.5145 (2.5145)  manu_loss: 1.8067 (1.8067)  ot_loss: 2.4863 (2.4863)  base_loss: 7.5229 (7.5229)  time: 6.4547  data: 6.1695  max mem: 11381
Epoch: [57]  [155/156]  eta: 0:00:00  lr: 0.000108  sp_loss: 3.9184 (4.4439)  fam_loss: 2.9192 (3.1936)  manu_loss: 2.1960 (2.3421)  ot_loss: 2.6523 (2.8898)  base_loss: 9.0049 (9.9796)  time: 0.3069  data: 0.0765  max mem: 11381
Epoch: [57] Total time: 0:01:07 (0.4317 s / it)
Averaged stats: lr: 0.000108  sp_loss: 3.9184 (4.4439)  fam_loss: 2.9192 (3.1936)  manu_loss: 2.1960 (2.3421)  ot_loss: 2.6523 (2.8898)  base_loss: 9.0049 (9.9796)
Test:  [  0/391]  eta: 0:38:44  sploss: 5.1958 (5.1958)  famloss: 2.1829 (2.1829)  manuloss: 1.3209 (1.3209)  acc1: 19.5312 (19.5312)  acc5: 35.5469 (35.5469)  family_acc1: 53.9062 (53.9062)  manu_acc1: 70.3125 (70.3125)  time: 5.9462  data: 5.7300  max mem: 11381
Test:  [250/391]  eta: 0:01:00  sploss: 5.0686 (5.2189)  famloss: 2.3129 (2.3392)  manuloss: 1.5582 (1.5085)  acc1: 21.0938 (18.9632)  acc5: 38.2812 (36.8199)  family_acc1: 50.3906 (51.1579)  manu_acc1: 64.0625 (65.9145)  time: 0.3217  data: 0.1238  max mem: 11381
Test:  [390/391]  eta: 0:00:00  sploss: 4.9741 (5.1655)  famloss: 2.0931 (2.2706)  manuloss: 1.1799 (1.4371)  acc1: 20.7031 (19.4460)  acc5: 39.8438 (37.5330)  family_acc1: 55.8594 (52.2170)  manu_acc1: 72.6562 (67.5030)  time: 0.4139  data: 0.2371  max mem: 11381
Test: Total time: 0:02:45 (0.4227 s / it)
* Acc@1 19.446 Acc@5 37.533 family@1 52.217 manu@1 67.503 sploss 5.165 fmloss 2.271 mfloss 1.437
FPA: 13.814% | TICE: 58.438%   
 wAP: 23.777  |  LCA: 182.190   |   Precision and Recall: 37.042%
Accuracy of the network on the 100000 test images: 19.4%
Max accuracy: 19.64%
Do not use KL loss
Epoch: [58]  [  0/156]  eta: 0:17:07  lr: 0.000104  sp_loss: 3.0885 (3.0885)  fam_loss: 2.3536 (2.3536)  manu_loss: 1.8535 (1.8535)  ot_loss: 2.3945 (2.3945)  base_loss: 7.2956 (7.2956)  time: 6.5841  data: 6.2970  max mem: 11381
Epoch: [58]  [155/156]  eta: 0:00:00  lr: 0.000104  sp_loss: 4.3013 (4.3562)  fam_loss: 3.0535 (3.1466)  manu_loss: 2.2586 (2.3063)  ot_loss: 2.7832 (2.8568)  base_loss: 9.6134 (9.8091)  time: 0.3114  data: 0.0796  max mem: 11381
Epoch: [58] Total time: 0:01:07 (0.4357 s / it)
Averaged stats: lr: 0.000104  sp_loss: 4.3013 (4.3562)  fam_loss: 3.0535 (3.1466)  manu_loss: 2.2586 (2.3063)  ot_loss: 2.7832 (2.8568)  base_loss: 9.6134 (9.8091)
Test:  [  0/391]  eta: 0:42:11  sploss: 5.2390 (5.2390)  famloss: 2.1558 (2.1558)  manuloss: 1.3296 (1.3296)  acc1: 16.7969 (16.7969)  acc5: 34.3750 (34.3750)  family_acc1: 55.8594 (55.8594)  manu_acc1: 71.8750 (71.8750)  time: 6.4753  data: 6.2360  max mem: 11381
Test:  [250/391]  eta: 0:01:03  sploss: 5.0882 (5.2428)  famloss: 2.3288 (2.3560)  manuloss: 1.5383 (1.5282)  acc1: 21.8750 (19.2262)  acc5: 38.2812 (36.8448)  family_acc1: 50.7812 (51.3882)  manu_acc1: 64.0625 (66.0670)  time: 0.3549  data: 0.1356  max mem: 11381
Test:  [390/391]  eta: 0:00:00  sploss: 4.9665 (5.1907)  famloss: 2.0976 (2.2878)  manuloss: 1.1704 (1.4562)  acc1: 21.0938 (19.5810)  acc5: 39.0625 (37.5710)  family_acc1: 56.2500 (52.5900)  manu_acc1: 74.6094 (67.7220)  time: 0.4099  data: 0.2239  max mem: 11381
Test: Total time: 0:02:51 (0.4396 s / it)
* Acc@1 19.581 Acc@5 37.571 family@1 52.590 manu@1 67.722 sploss 5.191 fmloss 2.288 mfloss 1.456
FPA: 13.978% | TICE: 58.045%   
 wAP: 23.937  |  LCA: 181.570   |   Precision and Recall: 37.249%
Accuracy of the network on the 100000 test images: 19.6%
Max accuracy: 19.64%
Do not use KL loss
Epoch: [59]  [  0/156]  eta: 0:16:10  lr: 0.000100  sp_loss: 4.9705 (4.9705)  fam_loss: 3.5074 (3.5074)  manu_loss: 2.5922 (2.5922)  ot_loss: 3.1289 (3.1289)  base_loss: 11.0701 (11.0701)  time: 6.2191  data: 5.9225  max mem: 11381
Epoch: [59]  [155/156]  eta: 0:00:00  lr: 0.000100  sp_loss: 4.4672 (4.3918)  fam_loss: 3.2850 (3.1712)  manu_loss: 2.3172 (2.3272)  ot_loss: 2.8398 (2.8710)  base_loss: 10.0798 (9.8901)  time: 0.3428  data: 0.1144  max mem: 11381
Epoch: [59] Total time: 0:01:07 (0.4332 s / it)
Averaged stats: lr: 0.000100  sp_loss: 4.4672 (4.3918)  fam_loss: 3.2850 (3.1712)  manu_loss: 2.3172 (2.3272)  ot_loss: 2.8398 (2.8710)  base_loss: 10.0798 (9.8901)
Test:  [  0/391]  eta: 0:42:19  sploss: 5.2499 (5.2499)  famloss: 2.1234 (2.1234)  manuloss: 1.2667 (1.2667)  acc1: 15.2344 (15.2344)  acc5: 33.9844 (33.9844)  family_acc1: 56.6406 (56.6406)  manu_acc1: 72.6562 (72.6562)  time: 6.4941  data: 6.2170  max mem: 11381
Test:  [250/391]  eta: 0:01:00  sploss: 5.0536 (5.2308)  famloss: 2.3137 (2.3386)  manuloss: 1.5370 (1.5149)  acc1: 21.8750 (19.1017)  acc5: 38.2812 (36.8464)  family_acc1: 50.7812 (51.4722)  manu_acc1: 63.6719 (65.9114)  time: 0.3157  data: 0.1183  max mem: 11381
Test:  [390/391]  eta: 0:00:00  sploss: 4.9801 (5.1781)  famloss: 2.1004 (2.2693)  manuloss: 1.1635 (1.4451)  acc1: 20.6250 (19.5120)  acc5: 39.0625 (37.4900)  family_acc1: 55.8594 (52.5000)  manu_acc1: 72.2656 (67.5270)  time: 0.4205  data: 0.2303  max mem: 11381
Test: Total time: 0:02:46 (0.4249 s / it)
* Acc@1 19.512 Acc@5 37.490 family@1 52.500 manu@1 67.527 sploss 5.178 fmloss 2.269 mfloss 1.445
FPA: 13.927% | TICE: 57.940%   
 wAP: 23.863  |  LCA: 181.426   |   Precision and Recall: 37.252%
Accuracy of the network on the 100000 test images: 19.5%
Max accuracy: 19.64%
Do not use KL loss
Epoch: [60]  [  0/156]  eta: 0:15:51  lr: 0.000097  sp_loss: 5.6648 (5.6648)  fam_loss: 4.0670 (4.0670)  manu_loss: 2.9106 (2.9106)  ot_loss: 3.3828 (3.3828)  base_loss: 12.6424 (12.6424)  time: 6.0973  data: 5.8136  max mem: 11381
Epoch: [60]  [155/156]  eta: 0:00:00  lr: 0.000097  sp_loss: 3.4033 (4.4516)  fam_loss: 2.5795 (3.2196)  manu_loss: 1.9287 (2.3547)  ot_loss: 2.4082 (2.8853)  base_loss: 7.9292 (10.0259)  time: 0.3184  data: 0.0886  max mem: 11381
Epoch: [60] Total time: 0:01:08 (0.4400 s / it)
Averaged stats: lr: 0.000097  sp_loss: 3.4033 (4.4516)  fam_loss: 2.5795 (3.2196)  manu_loss: 1.9287 (2.3547)  ot_loss: 2.4082 (2.8853)  base_loss: 7.9292 (10.0259)
Test:  [  0/391]  eta: 0:39:11  sploss: 5.2109 (5.2109)  famloss: 2.0830 (2.0830)  manuloss: 1.2460 (1.2460)  acc1: 17.9688 (17.9688)  acc5: 34.3750 (34.3750)  family_acc1: 53.5156 (53.5156)  manu_acc1: 72.6562 (72.6562)  time: 6.0138  data: 5.7860  max mem: 11381
Test:  [250/391]  eta: 0:01:01  sploss: 5.0465 (5.2023)  famloss: 2.2712 (2.2995)  manuloss: 1.5242 (1.4978)  acc1: 21.8750 (19.3632)  acc5: 38.6719 (37.1421)  family_acc1: 51.9531 (51.6668)  manu_acc1: 65.2344 (65.9456)  time: 0.3283  data: 0.1246  max mem: 11381
Test:  [390/391]  eta: 0:00:00  sploss: 4.9395 (5.1459)  famloss: 2.0549 (2.2307)  manuloss: 1.1567 (1.4269)  acc1: 20.3125 (19.7670)  acc5: 39.8438 (37.8770)  family_acc1: 56.6406 (52.8160)  manu_acc1: 74.2188 (67.5970)  time: 0.4079  data: 0.2281  max mem: 11381
Test: Total time: 0:02:47 (0.4290 s / it)
* Acc@1 19.767 Acc@5 37.877 family@1 52.816 manu@1 67.597 sploss 5.146 fmloss 2.231 mfloss 1.427
FPA: 14.302% | TICE: 57.718%   
 wAP: 24.119  |  LCA: 181.035   |   Precision and Recall: 37.392%
Accuracy of the network on the 100000 test images: 19.8%
Max accuracy: 19.77%
Do not use KL loss
Epoch: [61]  [  0/156]  eta: 0:15:30  lr: 0.000093  sp_loss: 4.9434 (4.9434)  fam_loss: 3.5174 (3.5174)  manu_loss: 2.6527 (2.6527)  ot_loss: 3.0332 (3.0332)  base_loss: 11.1135 (11.1135)  time: 5.9632  data: 5.6708  max mem: 11381
Epoch: [61]  [155/156]  eta: 0:00:00  lr: 0.000093  sp_loss: 4.9483 (4.4075)  fam_loss: 3.4584 (3.1868)  manu_loss: 2.5654 (2.3467)  ot_loss: 3.0566 (2.8581)  base_loss: 11.0180 (9.9410)  time: 0.3216  data: 0.0889  max mem: 11381
Epoch: [61] Total time: 0:01:07 (0.4346 s / it)
Averaged stats: lr: 0.000093  sp_loss: 4.9483 (4.4075)  fam_loss: 3.4584 (3.1868)  manu_loss: 2.5654 (2.3467)  ot_loss: 3.0566 (2.8581)  base_loss: 11.0180 (9.9410)
Test:  [  0/391]  eta: 0:39:07  sploss: 5.3164 (5.3164)  famloss: 2.1978 (2.1978)  manuloss: 1.3348 (1.3348)  acc1: 16.0156 (16.0156)  acc5: 34.7656 (34.7656)  family_acc1: 56.6406 (56.6406)  manu_acc1: 70.3125 (70.3125)  time: 6.0032  data: 5.7809  max mem: 11381
Test:  [250/391]  eta: 0:01:03  sploss: 5.1878 (5.3402)  famloss: 2.4223 (2.4486)  manuloss: 1.5923 (1.5867)  acc1: 19.9219 (18.6193)  acc5: 37.1094 (36.2130)  family_acc1: 50.7812 (51.1906)  manu_acc1: 65.2344 (66.0763)  time: 0.3611  data: 0.1441  max mem: 11381
Test:  [390/391]  eta: 0:00:00  sploss: 5.1141 (5.2877)  famloss: 2.1965 (2.3813)  manuloss: 1.2706 (1.5182)  acc1: 20.3125 (19.1210)  acc5: 39.4531 (36.9490)  family_acc1: 55.0781 (52.2220)  manu_acc1: 73.4375 (67.5220)  time: 0.4047  data: 0.2232  max mem: 11381
Test: Total time: 0:02:52 (0.4407 s / it)
* Acc@1 19.121 Acc@5 36.949 family@1 52.222 manu@1 67.522 sploss 5.288 fmloss 2.381 mfloss 1.518
FPA: 13.602% | TICE: 58.576%   
 wAP: 23.492  |  LCA: 183.334   |   Precision and Recall: 36.617%
Accuracy of the network on the 100000 test images: 19.1%
Max accuracy: 19.77%
Do not use KL loss
Epoch: [62]  [  0/156]  eta: 0:16:08  lr: 0.000089  sp_loss: 3.6825 (3.6825)  fam_loss: 2.6965 (2.6965)  manu_loss: 2.0580 (2.0580)  ot_loss: 2.4336 (2.4336)  base_loss: 8.4371 (8.4371)  time: 6.2100  data: 5.9178  max mem: 11381
Epoch: [62]  [155/156]  eta: 0:00:00  lr: 0.000089  sp_loss: 4.8287 (4.4174)  fam_loss: 3.2799 (3.1744)  manu_loss: 2.3961 (2.3250)  ot_loss: 3.0234 (2.8659)  base_loss: 10.3900 (9.9169)  time: 0.3257  data: 0.0951  max mem: 11381
Epoch: [62] Total time: 0:01:08 (0.4374 s / it)
Averaged stats: lr: 0.000089  sp_loss: 4.8287 (4.4174)  fam_loss: 3.2799 (3.1744)  manu_loss: 2.3961 (2.3250)  ot_loss: 3.0234 (2.8659)  base_loss: 10.3900 (9.9169)
Test:  [  0/391]  eta: 0:41:00  sploss: 5.2237 (5.2237)  famloss: 2.1396 (2.1396)  manuloss: 1.2663 (1.2663)  acc1: 17.9688 (17.9688)  acc5: 34.7656 (34.7656)  family_acc1: 55.0781 (55.0781)  manu_acc1: 71.8750 (71.8750)  time: 6.2926  data: 6.0218  max mem: 11381
Test:  [250/391]  eta: 0:01:02  sploss: 5.0894 (5.2497)  famloss: 2.3427 (2.3706)  manuloss: 1.5432 (1.5462)  acc1: 20.3125 (19.0721)  acc5: 38.2812 (36.9117)  family_acc1: 52.3438 (51.6854)  manu_acc1: 65.2344 (66.0032)  time: 0.3864  data: 0.1649  max mem: 11381
Test:  [390/391]  eta: 0:00:00  sploss: 5.0371 (5.1957)  famloss: 2.1196 (2.3023)  manuloss: 1.1718 (1.4747)  acc1: 21.0938 (19.5690)  acc5: 39.4531 (37.6420)  family_acc1: 55.4688 (52.8240)  manu_acc1: 73.4375 (67.5360)  time: 0.4801  data: 0.3011  max mem: 11381
Test: Total time: 0:02:50 (0.4365 s / it)
* Acc@1 19.569 Acc@5 37.642 family@1 52.824 manu@1 67.536 sploss 5.196 fmloss 2.302 mfloss 1.475
FPA: 14.109% | TICE: 57.763%   
 wAP: 23.944  |  LCA: 181.521   |   Precision and Recall: 37.234%
Accuracy of the network on the 100000 test images: 19.6%
Max accuracy: 19.77%
Do not use KL loss
Epoch: [63]  [  0/156]  eta: 0:16:49  lr: 0.000086  sp_loss: 2.7488 (2.7488)  fam_loss: 2.1929 (2.1929)  manu_loss: 1.5968 (1.5968)  ot_loss: 2.2559 (2.2559)  base_loss: 6.5386 (6.5386)  time: 6.4710  data: 6.1931  max mem: 11381
Epoch: [63]  [155/156]  eta: 0:00:00  lr: 0.000086  sp_loss: 4.6239 (4.3148)  fam_loss: 3.3683 (3.1148)  manu_loss: 2.3037 (2.2838)  ot_loss: 2.8809 (2.8276)  base_loss: 10.2954 (9.7134)  time: 0.3635  data: 0.1329  max mem: 11381
Epoch: [63] Total time: 0:01:07 (0.4330 s / it)
Averaged stats: lr: 0.000086  sp_loss: 4.6239 (4.3148)  fam_loss: 3.3683 (3.1148)  manu_loss: 2.3037 (2.2838)  ot_loss: 2.8809 (2.8276)  base_loss: 10.2954 (9.7134)
Test:  [  0/391]  eta: 0:39:18  sploss: 5.2436 (5.2436)  famloss: 2.1829 (2.1829)  manuloss: 1.2763 (1.2763)  acc1: 17.9688 (17.9688)  acc5: 35.5469 (35.5469)  family_acc1: 53.9062 (53.9062)  manu_acc1: 72.6562 (72.6562)  time: 6.0326  data: 5.7351  max mem: 11381
Test:  [250/391]  eta: 0:01:03  sploss: 5.1195 (5.2791)  famloss: 2.3871 (2.4013)  manuloss: 1.6063 (1.5598)  acc1: 19.5312 (19.0535)  acc5: 39.4531 (36.9755)  family_acc1: 50.7812 (51.2201)  manu_acc1: 63.2812 (65.8398)  time: 0.3270  data: 0.1083  max mem: 11381
Test:  [390/391]  eta: 0:00:00  sploss: 5.0818 (5.2291)  famloss: 2.1256 (2.3359)  manuloss: 1.2276 (1.4907)  acc1: 20.7031 (19.5090)  acc5: 39.4531 (37.6190)  family_acc1: 55.4688 (52.3130)  manu_acc1: 73.8281 (67.3990)  time: 0.4030  data: 0.2236  max mem: 11381
Test: Total time: 0:02:50 (0.4372 s / it)
* Acc@1 19.509 Acc@5 37.619 family@1 52.313 manu@1 67.399 sploss 5.229 fmloss 2.336 mfloss 1.491
FPA: 13.989% | TICE: 58.134%   
 wAP: 23.839  |  LCA: 182.401   |   Precision and Recall: 36.958%
Accuracy of the network on the 100000 test images: 19.5%
Max accuracy: 19.77%
Do not use KL loss
Epoch: [64]  [  0/156]  eta: 0:17:09  lr: 0.000082  sp_loss: 3.5962 (3.5962)  fam_loss: 2.6331 (2.6331)  manu_loss: 2.0070 (2.0070)  ot_loss: 2.4297 (2.4297)  base_loss: 8.2363 (8.2363)  time: 6.6023  data: 6.3168  max mem: 11381
Epoch: [64]  [155/156]  eta: 0:00:00  lr: 0.000082  sp_loss: 4.4635 (4.4604)  fam_loss: 3.1255 (3.2082)  manu_loss: 2.2920 (2.3438)  ot_loss: 2.8184 (2.8816)  base_loss: 9.8297 (10.0124)  time: 0.3325  data: 0.1000  max mem: 11381
Epoch: [64] Total time: 0:01:08 (0.4376 s / it)
Averaged stats: lr: 0.000082  sp_loss: 4.4635 (4.4604)  fam_loss: 3.1255 (3.2082)  manu_loss: 2.2920 (2.3438)  ot_loss: 2.8184 (2.8816)  base_loss: 9.8297 (10.0124)
Test:  [  0/391]  eta: 0:42:15  sploss: 5.2123 (5.2123)  famloss: 2.1478 (2.1478)  manuloss: 1.2857 (1.2857)  acc1: 18.7500 (18.7500)  acc5: 35.9375 (35.9375)  family_acc1: 52.7344 (52.7344)  manu_acc1: 71.0938 (71.0938)  time: 6.4853  data: 6.2056  max mem: 11381
Test:  [250/391]  eta: 0:01:02  sploss: 5.0959 (5.2503)  famloss: 2.3446 (2.3600)  manuloss: 1.5799 (1.5430)  acc1: 20.7031 (19.3180)  acc5: 38.6719 (37.1094)  family_acc1: 50.7812 (51.4380)  manu_acc1: 64.4531 (65.9767)  time: 0.3473  data: 0.1287  max mem: 11381
Test:  [390/391]  eta: 0:00:00  sploss: 5.0445 (5.1966)  famloss: 2.1015 (2.2904)  manuloss: 1.1548 (1.4717)  acc1: 21.4844 (19.7000)  acc5: 39.8438 (37.8320)  family_acc1: 55.4688 (52.6020)  manu_acc1: 73.0469 (67.5190)  time: 0.5223  data: 0.3419  max mem: 11381
Test: Total time: 0:02:52 (0.4416 s / it)
* Acc@1 19.700 Acc@5 37.832 family@1 52.602 manu@1 67.519 sploss 5.197 fmloss 2.290 mfloss 1.472
FPA: 14.180% | TICE: 57.865%   
 wAP: 24.038  |  LCA: 181.336   |   Precision and Recall: 37.274%
Accuracy of the network on the 100000 test images: 19.7%
Max accuracy: 19.77%
Do not use KL loss
Epoch: [65]  [  0/156]  eta: 0:16:37  lr: 0.000079  sp_loss: 5.0347 (5.0347)  fam_loss: 3.5604 (3.5604)  manu_loss: 2.5814 (2.5814)  ot_loss: 3.0273 (3.0273)  base_loss: 11.1764 (11.1764)  time: 6.3930  data: 6.1032  max mem: 11381
Epoch: [65]  [155/156]  eta: 0:00:00  lr: 0.000079  sp_loss: 4.5526 (4.3769)  fam_loss: 3.2685 (3.1515)  manu_loss: 2.2796 (2.3090)  ot_loss: 2.8633 (2.8527)  base_loss: 10.2742 (9.8374)  time: 0.3383  data: 0.1058  max mem: 11381
Epoch: [65] Total time: 0:01:08 (0.4364 s / it)
Averaged stats: lr: 0.000079  sp_loss: 4.5526 (4.3769)  fam_loss: 3.2685 (3.1515)  manu_loss: 2.2796 (2.3090)  ot_loss: 2.8633 (2.8527)  base_loss: 10.2742 (9.8374)
Test:  [  0/391]  eta: 0:38:39  sploss: 5.2391 (5.2391)  famloss: 2.2010 (2.2010)  manuloss: 1.3190 (1.3190)  acc1: 19.5312 (19.5312)  acc5: 36.3281 (36.3281)  family_acc1: 52.3438 (52.3438)  manu_acc1: 72.6562 (72.6562)  time: 5.9329  data: 5.6918  max mem: 11381
Test:  [250/391]  eta: 0:01:02  sploss: 5.1000 (5.2819)  famloss: 2.3811 (2.4042)  manuloss: 1.6021 (1.5610)  acc1: 20.3125 (19.2838)  acc5: 38.6719 (37.2494)  family_acc1: 50.7812 (51.5936)  manu_acc1: 64.8438 (66.1728)  time: 0.3513  data: 0.1250  max mem: 11381
Test:  [390/391]  eta: 0:00:00  sploss: 5.0280 (5.2293)  famloss: 2.1472 (2.3368)  manuloss: 1.2064 (1.4907)  acc1: 20.7031 (19.6610)  acc5: 39.4531 (37.9370)  family_acc1: 56.2500 (52.6660)  manu_acc1: 73.1250 (67.6960)  time: 0.4158  data: 0.2360  max mem: 11381
Test: Total time: 0:02:51 (0.4387 s / it)
* Acc@1 19.661 Acc@5 37.937 family@1 52.666 manu@1 67.696 sploss 5.229 fmloss 2.337 mfloss 1.491
FPA: 14.143% | TICE: 57.876%   
 wAP: 24.014  |  LCA: 181.428   |   Precision and Recall: 37.239%
Accuracy of the network on the 100000 test images: 19.7%
Max accuracy: 19.77%
Do not use KL loss
Epoch: [66]  [  0/156]  eta: 0:16:20  lr: 0.000076  sp_loss: 3.9802 (3.9802)  fam_loss: 2.8474 (2.8474)  manu_loss: 2.1069 (2.1069)  ot_loss: 2.5781 (2.5781)  base_loss: 8.9345 (8.9345)  time: 6.2867  data: 6.0018  max mem: 11381
Epoch: [66]  [155/156]  eta: 0:00:00  lr: 0.000076  sp_loss: 4.1609 (4.2441)  fam_loss: 3.0080 (3.0631)  manu_loss: 2.2555 (2.2485)  ot_loss: 2.6738 (2.7776)  base_loss: 9.4261 (9.5557)  time: 0.3357  data: 0.1004  max mem: 11381
Epoch: [66] Total time: 0:01:08 (0.4368 s / it)
Averaged stats: lr: 0.000076  sp_loss: 4.1609 (4.2441)  fam_loss: 3.0080 (3.0631)  manu_loss: 2.2555 (2.2485)  ot_loss: 2.6738 (2.7776)  base_loss: 9.4261 (9.5557)
Test:  [  0/391]  eta: 0:39:24  sploss: 5.2509 (5.2509)  famloss: 2.1643 (2.1643)  manuloss: 1.2894 (1.2894)  acc1: 19.9219 (19.9219)  acc5: 35.1562 (35.1562)  family_acc1: 53.9062 (53.9062)  manu_acc1: 73.4375 (73.4375)  time: 6.0476  data: 5.7606  max mem: 11381
Test:  [250/391]  eta: 0:01:02  sploss: 5.1029 (5.2858)  famloss: 2.3589 (2.3969)  manuloss: 1.5458 (1.5433)  acc1: 20.7031 (19.2527)  acc5: 39.4531 (37.1016)  family_acc1: 50.3906 (51.6248)  manu_acc1: 64.4531 (66.0934)  time: 0.3444  data: 0.1407  max mem: 11381
Test:  [390/391]  eta: 0:00:00  sploss: 5.0600 (5.2342)  famloss: 2.1507 (2.3277)  manuloss: 1.1705 (1.4729)  acc1: 21.0938 (19.6390)  acc5: 40.2344 (37.8450)  family_acc1: 55.8594 (52.7240)  manu_acc1: 73.7500 (67.6090)  time: 0.4070  data: 0.2296  max mem: 11381
Test: Total time: 0:02:50 (0.4370 s / it)
* Acc@1 19.639 Acc@5 37.845 family@1 52.724 manu@1 67.609 sploss 5.234 fmloss 2.328 mfloss 1.473
FPA: 14.161% | TICE: 58.064%   
 wAP: 23.998  |  LCA: 181.884   |   Precision and Recall: 37.149%
Accuracy of the network on the 100000 test images: 19.6%
Max accuracy: 19.77%
Do not use KL loss
Epoch: [67]  [  0/156]  eta: 0:15:02  lr: 0.000072  sp_loss: 3.9868 (3.9868)  fam_loss: 2.8923 (2.8923)  manu_loss: 2.1368 (2.1368)  ot_loss: 2.6270 (2.6270)  base_loss: 9.0159 (9.0159)  time: 5.7873  data: 5.4987  max mem: 11381
Epoch: [67]  [155/156]  eta: 0:00:00  lr: 0.000072  sp_loss: 4.0195 (4.1959)  fam_loss: 2.9422 (3.0357)  manu_loss: 2.1423 (2.2248)  ot_loss: 2.5898 (2.7550)  base_loss: 9.2540 (9.4563)  time: 0.3248  data: 0.0904  max mem: 11381
Epoch: [67] Total time: 0:01:08 (0.4389 s / it)
Averaged stats: lr: 0.000072  sp_loss: 4.0195 (4.1959)  fam_loss: 2.9422 (3.0357)  manu_loss: 2.1423 (2.2248)  ot_loss: 2.5898 (2.7550)  base_loss: 9.2540 (9.4563)
Test:  [  0/391]  eta: 0:41:52  sploss: 5.1914 (5.1914)  famloss: 2.0913 (2.0913)  manuloss: 1.3053 (1.3053)  acc1: 19.1406 (19.1406)  acc5: 33.9844 (33.9844)  family_acc1: 56.2500 (56.2500)  manu_acc1: 71.0938 (71.0938)  time: 6.4258  data: 6.1478  max mem: 11381
Test:  [250/391]  eta: 0:01:01  sploss: 5.0530 (5.2272)  famloss: 2.2625 (2.3078)  manuloss: 1.5473 (1.5048)  acc1: 21.0938 (19.4768)  acc5: 39.4531 (37.3210)  family_acc1: 51.9531 (52.0387)  manu_acc1: 64.4531 (66.4654)  time: 0.3442  data: 0.1109  max mem: 11381
Test:  [390/391]  eta: 0:00:00  sploss: 5.0187 (5.1721)  famloss: 2.0344 (2.2379)  manuloss: 1.1316 (1.4317)  acc1: 21.4844 (19.8310)  acc5: 39.4531 (38.0230)  family_acc1: 55.4688 (53.1580)  manu_acc1: 74.2188 (68.0100)  time: 0.3920  data: 0.2131  max mem: 11381
Test: Total time: 0:02:47 (0.4283 s / it)
* Acc@1 19.831 Acc@5 38.023 family@1 53.158 manu@1 68.010 sploss 5.172 fmloss 2.238 mfloss 1.432
FPA: 14.478% | TICE: 57.380%   
 wAP: 24.219  |  LCA: 180.821   |   Precision and Recall: 37.462%
Accuracy of the network on the 100000 test images: 19.8%
Max accuracy: 19.83%
Do not use KL loss
Epoch: [68]  [  0/156]  eta: 0:16:19  lr: 0.000069  sp_loss: 4.9906 (4.9906)  fam_loss: 3.5104 (3.5104)  manu_loss: 2.4726 (2.4726)  ot_loss: 3.2871 (3.2871)  base_loss: 10.9735 (10.9735)  time: 6.2798  data: 5.9856  max mem: 11381
Epoch: [68]  [155/156]  eta: 0:00:00  lr: 0.000069  sp_loss: 4.2043 (4.3194)  fam_loss: 3.0026 (3.1104)  manu_loss: 2.2274 (2.2840)  ot_loss: 2.6953 (2.8017)  base_loss: 9.3451 (9.7137)  time: 0.3160  data: 0.0836  max mem: 11381
Epoch: [68] Total time: 0:01:08 (0.4373 s / it)
Averaged stats: lr: 0.000069  sp_loss: 4.2043 (4.3194)  fam_loss: 3.0026 (3.1104)  manu_loss: 2.2274 (2.2840)  ot_loss: 2.6953 (2.8017)  base_loss: 9.3451 (9.7137)
Test:  [  0/391]  eta: 0:45:08  sploss: 5.2847 (5.2847)  famloss: 2.1317 (2.1317)  manuloss: 1.2823 (1.2823)  acc1: 18.7500 (18.7500)  acc5: 35.9375 (35.9375)  family_acc1: 56.2500 (56.2500)  manu_acc1: 71.4844 (71.4844)  time: 6.9276  data: 6.6798  max mem: 11381
Test:  [250/391]  eta: 0:01:06  sploss: 5.1583 (5.3287)  famloss: 2.3809 (2.4083)  manuloss: 1.5656 (1.5437)  acc1: 20.7031 (18.9601)  acc5: 39.0625 (36.8199)  family_acc1: 51.1719 (51.4894)  manu_acc1: 65.2344 (66.3253)  time: 0.3717  data: 0.1691  max mem: 11381
Test:  [390/391]  eta: 0:00:00  sploss: 5.1065 (5.2775)  famloss: 2.1242 (2.3395)  manuloss: 1.1670 (1.4741)  acc1: 21.0938 (19.4090)  acc5: 39.0625 (37.4760)  family_acc1: 55.4688 (52.6500)  manu_acc1: 73.4375 (67.8490)  time: 0.4343  data: 0.2512  max mem: 11381
Test: Total time: 0:03:01 (0.4650 s / it)
* Acc@1 19.409 Acc@5 37.476 family@1 52.650 manu@1 67.849 sploss 5.277 fmloss 2.340 mfloss 1.474
FPA: 14.070% | TICE: 58.175%   
 wAP: 23.794  |  LCA: 182.371   |   Precision and Recall: 36.986%
Accuracy of the network on the 100000 test images: 19.4%
Max accuracy: 19.83%
Do not use KL loss
Epoch: [69]  [  0/156]  eta: 0:15:46  lr: 0.000066  sp_loss: 3.5731 (3.5731)  fam_loss: 2.5844 (2.5844)  manu_loss: 1.9832 (1.9832)  ot_loss: 2.3164 (2.3164)  base_loss: 8.1407 (8.1407)  time: 6.0666  data: 5.7770  max mem: 11381
Epoch: [69]  [155/156]  eta: 0:00:00  lr: 0.000066  sp_loss: 4.5021 (4.2414)  fam_loss: 3.1292 (3.0605)  manu_loss: 2.3453 (2.2382)  ot_loss: 2.8555 (2.7816)  base_loss: 9.9607 (9.5401)  time: 0.3346  data: 0.1034  max mem: 11381
Epoch: [69] Total time: 0:01:08 (0.4360 s / it)
Averaged stats: lr: 0.000066  sp_loss: 4.5021 (4.2414)  fam_loss: 3.1292 (3.0605)  manu_loss: 2.3453 (2.2382)  ot_loss: 2.8555 (2.7816)  base_loss: 9.9607 (9.5401)
Test:  [  0/391]  eta: 0:38:47  sploss: 5.1785 (5.1785)  famloss: 2.0816 (2.0816)  manuloss: 1.2429 (1.2429)  acc1: 18.7500 (18.7500)  acc5: 37.5000 (37.5000)  family_acc1: 55.4688 (55.4688)  manu_acc1: 73.8281 (73.8281)  time: 5.9533  data: 5.6381  max mem: 11381
Test:  [250/391]  eta: 0:01:03  sploss: 5.0519 (5.2111)  famloss: 2.2940 (2.3228)  manuloss: 1.5534 (1.5113)  acc1: 21.0938 (19.7211)  acc5: 39.8438 (37.6525)  family_acc1: 51.1719 (52.2924)  manu_acc1: 64.4531 (66.6475)  time: 0.4415  data: 0.2311  max mem: 11381
Test:  [390/391]  eta: 0:00:00  sploss: 4.9615 (5.1557)  famloss: 2.0686 (2.2517)  manuloss: 1.1535 (1.4397)  acc1: 21.2500 (20.1770)  acc5: 40.6250 (38.4120)  family_acc1: 57.0312 (53.4380)  manu_acc1: 74.6094 (68.2080)  time: 0.4155  data: 0.2371  max mem: 11381
Test: Total time: 0:02:50 (0.4364 s / it)
* Acc@1 20.177 Acc@5 38.412 family@1 53.438 manu@1 68.208 sploss 5.156 fmloss 2.252 mfloss 1.440
FPA: 14.765% | TICE: 57.004%   
 wAP: 24.555  |  LCA: 179.595   |   Precision and Recall: 37.844%
Accuracy of the network on the 100000 test images: 20.2%
Max accuracy: 20.18%
Do not use KL loss
Epoch: [70]  [  0/156]  eta: 0:15:21  lr: 0.000063  sp_loss: 3.2226 (3.2226)  fam_loss: 2.4202 (2.4202)  manu_loss: 1.7808 (1.7808)  ot_loss: 2.2695 (2.2695)  base_loss: 7.4236 (7.4236)  time: 5.9044  data: 5.6089  max mem: 11381
Epoch: [70]  [155/156]  eta: 0:00:00  lr: 0.000063  sp_loss: 4.6928 (4.3208)  fam_loss: 3.3228 (3.1111)  manu_loss: 2.4798 (2.2856)  ot_loss: 2.8359 (2.8100)  base_loss: 10.4954 (9.7174)  time: 0.3165  data: 0.0868  max mem: 11381
Epoch: [70] Total time: 0:01:06 (0.4281 s / it)
Averaged stats: lr: 0.000063  sp_loss: 4.6928 (4.3208)  fam_loss: 3.3228 (3.1111)  manu_loss: 2.4798 (2.2856)  ot_loss: 2.8359 (2.8100)  base_loss: 10.4954 (9.7174)
Test:  [  0/391]  eta: 0:44:30  sploss: 5.2952 (5.2952)  famloss: 2.1705 (2.1705)  manuloss: 1.2820 (1.2820)  acc1: 18.7500 (18.7500)  acc5: 37.8906 (37.8906)  family_acc1: 57.4219 (57.4219)  manu_acc1: 72.6562 (72.6562)  time: 6.8300  data: 6.5893  max mem: 11381
Test:  [250/391]  eta: 0:01:02  sploss: 5.1231 (5.3024)  famloss: 2.3678 (2.4015)  manuloss: 1.5701 (1.5508)  acc1: 22.2656 (19.3881)  acc5: 39.0625 (37.2012)  family_acc1: 51.1719 (51.8971)  manu_acc1: 65.6250 (66.3471)  time: 0.3450  data: 0.0864  max mem: 11381
Test:  [390/391]  eta: 0:00:00  sploss: 5.0861 (5.2506)  famloss: 2.1264 (2.3339)  manuloss: 1.2040 (1.4811)  acc1: 20.7031 (19.8140)  acc5: 39.8438 (37.8510)  family_acc1: 56.2500 (52.9730)  manu_acc1: 73.0469 (67.8970)  time: 0.4283  data: 0.2494  max mem: 11381
Test: Total time: 0:02:51 (0.4376 s / it)
* Acc@1 19.814 Acc@5 37.851 family@1 52.973 manu@1 67.897 sploss 5.251 fmloss 2.334 mfloss 1.481
FPA: 14.363% | TICE: 57.760%   
 wAP: 24.183  |  LCA: 181.251   |   Precision and Recall: 37.317%
Accuracy of the network on the 100000 test images: 19.8%
Max accuracy: 20.18%
Do not use KL loss
Epoch: [71]  [  0/156]  eta: 0:15:58  lr: 0.000059  sp_loss: 4.8550 (4.8550)  fam_loss: 3.5403 (3.5403)  manu_loss: 2.5821 (2.5821)  ot_loss: 3.1992 (3.1992)  base_loss: 10.9774 (10.9774)  time: 6.1456  data: 5.8634  max mem: 11381
Epoch: [71]  [155/156]  eta: 0:00:00  lr: 0.000059  sp_loss: 4.7720 (4.2483)  fam_loss: 3.2947 (3.0756)  manu_loss: 2.5059 (2.2540)  ot_loss: 2.9082 (2.7844)  base_loss: 10.5725 (9.5779)  time: 0.3365  data: 0.1004  max mem: 11381
Epoch: [71] Total time: 0:01:07 (0.4314 s / it)
Averaged stats: lr: 0.000059  sp_loss: 4.7720 (4.2483)  fam_loss: 3.2947 (3.0756)  manu_loss: 2.5059 (2.2540)  ot_loss: 2.9082 (2.7844)  base_loss: 10.5725 (9.5779)
Test:  [  0/391]  eta: 0:40:08  sploss: 5.4180 (5.4180)  famloss: 2.3228 (2.3228)  manuloss: 1.3572 (1.3572)  acc1: 18.7500 (18.7500)  acc5: 35.9375 (35.9375)  family_acc1: 54.2969 (54.2969)  manu_acc1: 71.0938 (71.0938)  time: 6.1590  data: 5.8790  max mem: 11381
Test:  [250/391]  eta: 0:01:02  sploss: 5.2373 (5.4094)  famloss: 2.4806 (2.5089)  manuloss: 1.6251 (1.6062)  acc1: 21.0938 (18.8621)  acc5: 37.8906 (36.3032)  family_acc1: 50.7812 (51.1330)  manu_acc1: 65.2344 (66.0281)  time: 0.3365  data: 0.1141  max mem: 11381
Test:  [390/391]  eta: 0:00:00  sploss: 5.2032 (5.3621)  famloss: 2.2490 (2.4388)  manuloss: 1.2346 (1.5345)  acc1: 20.7031 (19.1210)  acc5: 38.6719 (36.8900)  family_acc1: 56.2500 (52.2720)  manu_acc1: 73.8281 (67.6040)  time: 0.4180  data: 0.2395  max mem: 11381
Test: Total time: 0:02:49 (0.4326 s / it)
* Acc@1 19.121 Acc@5 36.890 family@1 52.272 manu@1 67.604 sploss 5.362 fmloss 2.439 mfloss 1.535
FPA: 13.641% | TICE: 59.108%   
 wAP: 23.499  |  LCA: 183.820   |   Precision and Recall: 36.506%
Accuracy of the network on the 100000 test images: 19.1%
Max accuracy: 20.18%
Do not use KL loss
Epoch: [72]  [  0/156]  eta: 0:16:02  lr: 0.000056  sp_loss: 4.7929 (4.7929)  fam_loss: 3.2049 (3.2049)  manu_loss: 2.2907 (2.2907)  ot_loss: 3.0703 (3.0703)  base_loss: 10.2885 (10.2885)  time: 6.1674  data: 5.8674  max mem: 11381
Epoch: [72]  [155/156]  eta: 0:00:00  lr: 0.000056  sp_loss: 4.4847 (4.2513)  fam_loss: 3.1579 (3.0631)  manu_loss: 2.3236 (2.2383)  ot_loss: 2.8145 (2.7805)  base_loss: 10.0058 (9.5527)  time: 0.3135  data: 0.0805  max mem: 11381
Epoch: [72] Total time: 0:01:07 (0.4306 s / it)
Averaged stats: lr: 0.000056  sp_loss: 4.4847 (4.2513)  fam_loss: 3.1579 (3.0631)  manu_loss: 2.3236 (2.2383)  ot_loss: 2.8145 (2.7805)  base_loss: 10.0058 (9.5527)
Test:  [  0/391]  eta: 0:41:08  sploss: 5.2952 (5.2952)  famloss: 2.1405 (2.1405)  manuloss: 1.2665 (1.2665)  acc1: 18.7500 (18.7500)  acc5: 37.5000 (37.5000)  family_acc1: 56.2500 (56.2500)  manu_acc1: 73.0469 (73.0469)  time: 6.3128  data: 6.0605  max mem: 11381
Test:  [250/391]  eta: 0:01:01  sploss: 5.1077 (5.2971)  famloss: 2.3716 (2.3857)  manuloss: 1.5885 (1.5424)  acc1: 20.7031 (19.4628)  acc5: 39.0625 (37.3568)  family_acc1: 51.1719 (51.8940)  manu_acc1: 64.4531 (66.4825)  time: 0.3446  data: 0.1273  max mem: 11381
Test:  [390/391]  eta: 0:00:00  sploss: 5.0922 (5.2485)  famloss: 2.1423 (2.3175)  manuloss: 1.1991 (1.4717)  acc1: 20.7031 (19.8720)  acc5: 39.8438 (37.9600)  family_acc1: 55.0781 (53.0460)  manu_acc1: 73.4375 (68.0370)  time: 0.4008  data: 0.2205  max mem: 11381
Test: Total time: 0:02:49 (0.4323 s / it)
* Acc@1 19.872 Acc@5 37.960 family@1 53.046 manu@1 68.037 sploss 5.248 fmloss 2.318 mfloss 1.472
FPA: 14.409% | TICE: 57.762%   
 wAP: 24.244  |  LCA: 181.056   |   Precision and Recall: 37.433%
Accuracy of the network on the 100000 test images: 19.9%
Max accuracy: 20.18%
Do not use KL loss
Epoch: [73]  [  0/156]  eta: 0:17:10  lr: 0.000054  sp_loss: 4.7214 (4.7214)  fam_loss: 3.1396 (3.1396)  manu_loss: 2.2634 (2.2634)  ot_loss: 3.0000 (3.0000)  base_loss: 10.1245 (10.1245)  time: 6.6031  data: 6.3242  max mem: 11381
Epoch: [73]  [155/156]  eta: 0:00:00  lr: 0.000054  sp_loss: 4.1147 (4.3525)  fam_loss: 3.0537 (3.1219)  manu_loss: 2.2208 (2.2850)  ot_loss: 2.5918 (2.8353)  base_loss: 9.5383 (9.7594)  time: 0.3321  data: 0.0980  max mem: 11381
Epoch: [73] Total time: 0:01:06 (0.4245 s / it)
Averaged stats: lr: 0.000054  sp_loss: 4.1147 (4.3525)  fam_loss: 3.0537 (3.1219)  manu_loss: 2.2208 (2.2850)  ot_loss: 2.5918 (2.8353)  base_loss: 9.5383 (9.7594)
Test:  [  0/391]  eta: 0:40:21  sploss: 5.3543 (5.3543)  famloss: 2.2010 (2.2010)  manuloss: 1.3072 (1.3072)  acc1: 18.7500 (18.7500)  acc5: 34.7656 (34.7656)  family_acc1: 54.2969 (54.2969)  manu_acc1: 71.8750 (71.8750)  time: 6.1930  data: 5.9198  max mem: 11381
Test:  [250/391]  eta: 0:01:00  sploss: 5.1648 (5.3456)  famloss: 2.3807 (2.4045)  manuloss: 1.5529 (1.5481)  acc1: 20.7031 (19.1515)  acc5: 38.6719 (36.6036)  family_acc1: 50.7812 (51.6310)  manu_acc1: 64.0625 (66.2460)  time: 0.3371  data: 0.1325  max mem: 11381
Test:  [390/391]  eta: 0:00:00  sploss: 5.1258 (5.2954)  famloss: 2.1437 (2.3371)  manuloss: 1.2195 (1.4783)  acc1: 21.0938 (19.5010)  acc5: 39.4531 (37.3170)  family_acc1: 56.2500 (52.7350)  manu_acc1: 74.2188 (67.7650)  time: 0.4217  data: 0.2411  max mem: 11381
Test: Total time: 0:02:44 (0.4219 s / it)
* Acc@1 19.501 Acc@5 37.317 family@1 52.735 manu@1 67.765 sploss 5.295 fmloss 2.337 mfloss 1.478
FPA: 14.150% | TICE: 58.128%   
 wAP: 23.882  |  LCA: 182.496   |   Precision and Recall: 36.932%
Accuracy of the network on the 100000 test images: 19.5%
Max accuracy: 20.18%
Do not use KL loss
Epoch: [74]  [  0/156]  eta: 0:17:00  lr: 0.000051  sp_loss: 5.4676 (5.4676)  fam_loss: 3.7779 (3.7779)  manu_loss: 2.6731 (2.6731)  ot_loss: 3.3887 (3.3887)  base_loss: 11.9186 (11.9186)  time: 6.5402  data: 6.2561  max mem: 11381
Epoch: [74]  [155/156]  eta: 0:00:00  lr: 0.000051  sp_loss: 4.2612 (4.1490)  fam_loss: 3.0577 (3.0032)  manu_loss: 2.2186 (2.2092)  ot_loss: 2.6133 (2.7258)  base_loss: 9.3848 (9.3614)  time: 0.3314  data: 0.1017  max mem: 11381
Epoch: [74] Total time: 0:01:07 (0.4336 s / it)
Averaged stats: lr: 0.000051  sp_loss: 4.2612 (4.1490)  fam_loss: 3.0577 (3.0032)  manu_loss: 2.2186 (2.2092)  ot_loss: 2.6133 (2.7258)  base_loss: 9.3848 (9.3614)
Test:  [  0/391]  eta: 0:38:39  sploss: 5.3168 (5.3168)  famloss: 2.2088 (2.2088)  manuloss: 1.3278 (1.3278)  acc1: 17.9688 (17.9688)  acc5: 37.8906 (37.8906)  family_acc1: 56.6406 (56.6406)  manu_acc1: 71.0938 (71.0938)  time: 5.9333  data: 5.6921  max mem: 11381
Test:  [250/391]  eta: 0:01:02  sploss: 5.1270 (5.2889)  famloss: 2.3675 (2.4018)  manuloss: 1.5718 (1.5460)  acc1: 21.8750 (19.5639)  acc5: 39.8438 (37.4315)  family_acc1: 51.5625 (52.1461)  manu_acc1: 64.4531 (66.7315)  time: 0.4081  data: 0.1794  max mem: 11381
Test:  [390/391]  eta: 0:00:00  sploss: 5.0722 (5.2383)  famloss: 2.1570 (2.3332)  manuloss: 1.2413 (1.4772)  acc1: 21.8750 (19.9960)  acc5: 40.2344 (38.0660)  family_acc1: 58.2031 (53.2750)  manu_acc1: 74.6094 (68.2710)  time: 0.3256  data: 0.1462  max mem: 11381
Test: Total time: 0:02:48 (0.4319 s / it)
* Acc@1 19.996 Acc@5 38.066 family@1 53.275 manu@1 68.271 sploss 5.238 fmloss 2.333 mfloss 1.477
FPA: 14.622% | TICE: 57.343%   
 wAP: 24.381  |  LCA: 180.731   |   Precision and Recall: 37.533%
Accuracy of the network on the 100000 test images: 20.0%
Max accuracy: 20.18%
Do not use KL loss
Epoch: [75]  [  0/156]  eta: 0:15:38  lr: 0.000048  sp_loss: 5.0367 (5.0367)  fam_loss: 3.5405 (3.5405)  manu_loss: 2.6069 (2.6069)  ot_loss: 3.2871 (3.2871)  base_loss: 11.1842 (11.1842)  time: 6.0133  data: 5.7204  max mem: 11381
Epoch: [75]  [155/156]  eta: 0:00:00  lr: 0.000048  sp_loss: 4.5928 (4.1640)  fam_loss: 3.2383 (3.0056)  manu_loss: 2.3787 (2.2038)  ot_loss: 2.8828 (2.7324)  base_loss: 10.2185 (9.3734)  time: 0.3362  data: 0.1030  max mem: 11381
Epoch: [75] Total time: 0:01:07 (0.4327 s / it)
Averaged stats: lr: 0.000048  sp_loss: 4.5928 (4.1640)  fam_loss: 3.2383 (3.0056)  manu_loss: 2.3787 (2.2038)  ot_loss: 2.8828 (2.7324)  base_loss: 10.2185 (9.3734)
Test:  [  0/391]  eta: 0:43:54  sploss: 5.3764 (5.3764)  famloss: 2.2254 (2.2254)  manuloss: 1.3170 (1.3170)  acc1: 19.9219 (19.9219)  acc5: 35.5469 (35.5469)  family_acc1: 55.0781 (55.0781)  manu_acc1: 73.0469 (73.0469)  time: 6.7370  data: 6.4558  max mem: 11381
Test:  [250/391]  eta: 0:01:01  sploss: 5.1861 (5.3481)  famloss: 2.4298 (2.4438)  manuloss: 1.6145 (1.5796)  acc1: 21.8750 (19.3196)  acc5: 38.2812 (37.0985)  family_acc1: 51.1719 (51.9313)  manu_acc1: 64.8438 (66.6568)  time: 0.3617  data: 0.1368  max mem: 11381
Test:  [390/391]  eta: 0:00:00  sploss: 5.1386 (5.3004)  famloss: 2.2038 (2.3784)  manuloss: 1.2279 (1.5106)  acc1: 21.0938 (19.7370)  acc5: 39.4531 (37.8360)  family_acc1: 56.6406 (52.9580)  manu_acc1: 74.2188 (68.2080)  time: 0.4447  data: 0.2484  max mem: 11381
Test: Total time: 0:02:48 (0.4308 s / it)
* Acc@1 19.737 Acc@5 37.836 family@1 52.958 manu@1 68.208 sploss 5.300 fmloss 2.378 mfloss 1.511
FPA: 14.256% | TICE: 58.038%   
 wAP: 24.121  |  LCA: 181.566   |   Precision and Recall: 37.247%
Accuracy of the network on the 100000 test images: 19.7%
Max accuracy: 20.18%
Do not use KL loss
Epoch: [76]  [  0/156]  eta: 0:15:57  lr: 0.000045  sp_loss: 2.9027 (2.9027)  fam_loss: 2.2883 (2.2883)  manu_loss: 1.7207 (1.7207)  ot_loss: 2.2207 (2.2207)  base_loss: 6.9117 (6.9117)  time: 6.1390  data: 5.8482  max mem: 11381
Epoch: [76]  [155/156]  eta: 0:00:00  lr: 0.000045  sp_loss: 4.9333 (4.1576)  fam_loss: 3.4066 (3.0009)  manu_loss: 2.4267 (2.1917)  ot_loss: 3.1191 (2.7332)  base_loss: 10.7776 (9.3502)  time: 0.3114  data: 0.0790  max mem: 11381
Epoch: [76] Total time: 0:01:07 (0.4339 s / it)
Averaged stats: lr: 0.000045  sp_loss: 4.9333 (4.1576)  fam_loss: 3.4066 (3.0009)  manu_loss: 2.4267 (2.1917)  ot_loss: 3.1191 (2.7332)  base_loss: 10.7776 (9.3502)
Test:  [  0/391]  eta: 0:40:37  sploss: 5.2635 (5.2635)  famloss: 2.1289 (2.1289)  manuloss: 1.2745 (1.2745)  acc1: 18.3594 (18.3594)  acc5: 37.8906 (37.8906)  family_acc1: 55.0781 (55.0781)  manu_acc1: 71.8750 (71.8750)  time: 6.2351  data: 5.9639  max mem: 11381
Test:  [250/391]  eta: 0:01:01  sploss: 5.0951 (5.2664)  famloss: 2.3148 (2.3430)  manuloss: 1.5208 (1.5176)  acc1: 21.8750 (19.6993)  acc5: 39.0625 (37.5233)  family_acc1: 52.3438 (52.3297)  manu_acc1: 66.0156 (66.8482)  time: 0.3304  data: 0.1246  max mem: 11381
Test:  [390/391]  eta: 0:00:00  sploss: 5.0547 (5.2172)  famloss: 2.0914 (2.2755)  manuloss: 1.1651 (1.4477)  acc1: 21.8750 (20.1300)  acc5: 39.8438 (38.1630)  family_acc1: 55.6250 (53.4200)  manu_acc1: 74.2188 (68.4320)  time: 0.3196  data: 0.1412  max mem: 11381
Test: Total time: 0:02:45 (0.4243 s / it)
* Acc@1 20.130 Acc@5 38.163 family@1 53.420 manu@1 68.432 sploss 5.217 fmloss 2.276 mfloss 1.448
FPA: 14.678% | TICE: 57.262%   
 wAP: 24.517  |  LCA: 180.320   |   Precision and Recall: 37.659%
Accuracy of the network on the 100000 test images: 20.1%
Max accuracy: 20.18%
Do not use KL loss
Epoch: [77]  [  0/156]  eta: 0:16:18  lr: 0.000043  sp_loss: 3.6805 (3.6805)  fam_loss: 2.7032 (2.7032)  manu_loss: 2.0198 (2.0198)  ot_loss: 2.3809 (2.3809)  base_loss: 8.4035 (8.4035)  time: 6.2738  data: 5.9825  max mem: 11381
Epoch: [77]  [155/156]  eta: 0:00:00  lr: 0.000043  sp_loss: 4.3942 (4.0928)  fam_loss: 3.1474 (2.9657)  manu_loss: 2.2406 (2.1768)  ot_loss: 2.7480 (2.6957)  base_loss: 9.7547 (9.2353)  time: 0.3329  data: 0.0989  max mem: 11381
Epoch: [77] Total time: 0:01:08 (0.4362 s / it)
Averaged stats: lr: 0.000043  sp_loss: 4.3942 (4.0928)  fam_loss: 3.1474 (2.9657)  manu_loss: 2.2406 (2.1768)  ot_loss: 2.7480 (2.6957)  base_loss: 9.7547 (9.2353)
Test:  [  0/391]  eta: 0:41:18  sploss: 5.2862 (5.2862)  famloss: 2.1369 (2.1369)  manuloss: 1.2589 (1.2589)  acc1: 18.3594 (18.3594)  acc5: 37.8906 (37.8906)  family_acc1: 57.4219 (57.4219)  manu_acc1: 71.8750 (71.8750)  time: 6.3401  data: 6.0525  max mem: 11381
Test:  [250/391]  eta: 0:01:02  sploss: 5.1042 (5.2718)  famloss: 2.3454 (2.3755)  manuloss: 1.5402 (1.5313)  acc1: 21.8750 (19.7927)  acc5: 38.6719 (37.5887)  family_acc1: 51.9531 (52.3095)  manu_acc1: 65.6250 (66.8934)  time: 0.3562  data: 0.1168  max mem: 11381
Test:  [390/391]  eta: 0:00:00  sploss: 5.0693 (5.2210)  famloss: 2.1379 (2.3076)  manuloss: 1.1884 (1.4598)  acc1: 21.0938 (20.2000)  acc5: 39.4531 (38.3130)  family_acc1: 56.2500 (53.4460)  manu_acc1: 73.4375 (68.4220)  time: 0.4037  data: 0.2255  max mem: 11381
Test: Total time: 0:02:50 (0.4359 s / it)
* Acc@1 20.200 Acc@5 38.313 family@1 53.446 manu@1 68.422 sploss 5.221 fmloss 2.308 mfloss 1.460
FPA: 14.799% | TICE: 57.194%   
 wAP: 24.581  |  LCA: 180.034   |   Precision and Recall: 37.746%
Accuracy of the network on the 100000 test images: 20.2%
Max accuracy: 20.20%
Do not use KL loss
Epoch: [78]  [  0/156]  eta: 0:15:37  lr: 0.000040  sp_loss: 4.7258 (4.7258)  fam_loss: 3.2902 (3.2902)  manu_loss: 2.3918 (2.3918)  ot_loss: 3.0527 (3.0527)  base_loss: 10.4078 (10.4078)  time: 6.0090  data: 5.7093  max mem: 11381
Epoch: [78]  [155/156]  eta: 0:00:00  lr: 0.000040  sp_loss: 4.2687 (4.0876)  fam_loss: 3.0130 (2.9724)  manu_loss: 2.2138 (2.1796)  ot_loss: 2.7109 (2.6880)  base_loss: 9.5659 (9.2396)  time: 0.3098  data: 0.0758  max mem: 11381
Epoch: [78] Total time: 0:01:06 (0.4287 s / it)
Averaged stats: lr: 0.000040  sp_loss: 4.2687 (4.0876)  fam_loss: 3.0130 (2.9724)  manu_loss: 2.2138 (2.1796)  ot_loss: 2.7109 (2.6880)  base_loss: 9.5659 (9.2396)
Test:  [  0/391]  eta: 0:40:17  sploss: 5.3169 (5.3169)  famloss: 2.1540 (2.1540)  manuloss: 1.2707 (1.2707)  acc1: 18.7500 (18.7500)  acc5: 36.7188 (36.7188)  family_acc1: 56.6406 (56.6406)  manu_acc1: 71.4844 (71.4844)  time: 6.1839  data: 5.9333  max mem: 11381
Test:  [250/391]  eta: 0:01:01  sploss: 5.1182 (5.2996)  famloss: 2.3417 (2.3738)  manuloss: 1.5501 (1.5295)  acc1: 23.0469 (19.7865)  acc5: 39.8438 (37.6712)  family_acc1: 51.9531 (52.4356)  manu_acc1: 66.0156 (66.8685)  time: 0.4037  data: 0.1732  max mem: 11381
Test:  [390/391]  eta: 0:00:00  sploss: 5.0821 (5.2497)  famloss: 2.1018 (2.3055)  manuloss: 1.1682 (1.4572)  acc1: 21.4844 (20.2010)  acc5: 40.2344 (38.4010)  family_acc1: 56.6406 (53.5830)  manu_acc1: 74.2188 (68.4810)  time: 0.4009  data: 0.2216  max mem: 11381
Test: Total time: 0:02:48 (0.4298 s / it)
* Acc@1 20.201 Acc@5 38.401 family@1 53.583 manu@1 68.481 sploss 5.250 fmloss 2.306 mfloss 1.457
FPA: 14.818% | TICE: 57.249%   
 wAP: 24.596  |  LCA: 179.995   |   Precision and Recall: 37.751%
Accuracy of the network on the 100000 test images: 20.2%
Max accuracy: 20.20%
Do not use KL loss
Epoch: [79]  [  0/156]  eta: 0:17:36  lr: 0.000038  sp_loss: 4.7794 (4.7794)  fam_loss: 3.4292 (3.4292)  manu_loss: 2.3905 (2.3905)  ot_loss: 3.1094 (3.1094)  base_loss: 10.5990 (10.5990)  time: 6.7739  data: 6.4809  max mem: 11381
Epoch: [79]  [155/156]  eta: 0:00:00  lr: 0.000038  sp_loss: 4.3564 (3.9897)  fam_loss: 3.0396 (2.8998)  manu_loss: 2.2587 (2.1286)  ot_loss: 2.7227 (2.6460)  base_loss: 9.6177 (9.0180)  time: 0.3259  data: 0.0953  max mem: 11381
Epoch: [79] Total time: 0:01:07 (0.4323 s / it)
Averaged stats: lr: 0.000038  sp_loss: 4.3564 (3.9897)  fam_loss: 3.0396 (2.8998)  manu_loss: 2.2587 (2.1286)  ot_loss: 2.7227 (2.6460)  base_loss: 9.6177 (9.0180)
Test:  [  0/391]  eta: 0:38:27  sploss: 5.3633 (5.3633)  famloss: 2.1839 (2.1839)  manuloss: 1.2866 (1.2866)  acc1: 17.9688 (17.9688)  acc5: 36.7188 (36.7188)  family_acc1: 55.0781 (55.0781)  manu_acc1: 72.2656 (72.2656)  time: 5.9017  data: 5.6738  max mem: 11381
Test:  [250/391]  eta: 0:01:02  sploss: 5.1466 (5.3150)  famloss: 2.3808 (2.3949)  manuloss: 1.5700 (1.5432)  acc1: 21.8750 (19.7834)  acc5: 39.0625 (37.4144)  family_acc1: 52.3438 (52.1648)  manu_acc1: 66.0156 (66.7393)  time: 0.3476  data: 0.1214  max mem: 11381
Test:  [390/391]  eta: 0:00:00  sploss: 5.1255 (5.2659)  famloss: 2.1278 (2.3267)  manuloss: 1.2001 (1.4719)  acc1: 21.4844 (20.1580)  acc5: 39.8438 (38.1740)  family_acc1: 57.4219 (53.3230)  manu_acc1: 75.0000 (68.2420)  time: 0.4059  data: 0.2266  max mem: 11381
Test: Total time: 0:02:50 (0.4351 s / it)
* Acc@1 20.158 Acc@5 38.174 family@1 53.323 manu@1 68.242 sploss 5.266 fmloss 2.327 mfloss 1.472
FPA: 14.734% | TICE: 57.562%   
 wAP: 24.528  |  LCA: 180.414   |   Precision and Recall: 37.611%
Accuracy of the network on the 100000 test images: 20.2%
Max accuracy: 20.20%
Do not use KL loss
Epoch: [80]  [  0/156]  eta: 0:15:42  lr: 0.000035  sp_loss: 3.5446 (3.5446)  fam_loss: 2.7105 (2.7105)  manu_loss: 1.9567 (1.9567)  ot_loss: 2.3691 (2.3691)  base_loss: 8.2118 (8.2118)  time: 6.0434  data: 5.7465  max mem: 11381
Epoch: [80]  [155/156]  eta: 0:00:00  lr: 0.000035  sp_loss: 4.3643 (4.1872)  fam_loss: 3.1217 (3.0287)  manu_loss: 2.3204 (2.2157)  ot_loss: 2.7637 (2.7281)  base_loss: 9.6115 (9.4317)  time: 0.4605  data: 0.2188  max mem: 11381
Epoch: [80] Total time: 0:01:09 (0.4451 s / it)
Averaged stats: lr: 0.000035  sp_loss: 4.3643 (4.1872)  fam_loss: 3.1217 (3.0287)  manu_loss: 2.3204 (2.2157)  ot_loss: 2.7637 (2.7281)  base_loss: 9.6115 (9.4317)
Test:  [  0/391]  eta: 0:48:29  sploss: 5.2859 (5.2859)  famloss: 2.1318 (2.1318)  manuloss: 1.2719 (1.2719)  acc1: 19.5312 (19.5312)  acc5: 37.5000 (37.5000)  family_acc1: 57.4219 (57.4219)  manu_acc1: 72.2656 (72.2656)  time: 7.4423  data: 7.1972  max mem: 11381
Test:  [250/391]  eta: 0:01:02  sploss: 5.1141 (5.2828)  famloss: 2.3532 (2.3748)  manuloss: 1.5765 (1.5403)  acc1: 22.6562 (19.9795)  acc5: 39.4531 (37.8346)  family_acc1: 51.5625 (52.4589)  manu_acc1: 64.8438 (66.7813)  time: 0.3253  data: 0.1292  max mem: 11381
Test:  [390/391]  eta: 0:00:00  sploss: 5.0803 (5.2309)  famloss: 2.1079 (2.3055)  manuloss: 1.2015 (1.4667)  acc1: 20.7031 (20.3930)  acc5: 39.8438 (38.5590)  family_acc1: 57.0312 (53.6360)  manu_acc1: 75.3906 (68.3580)  time: 0.4034  data: 0.2177  max mem: 11381
Test: Total time: 0:02:51 (0.4388 s / it)
* Acc@1 20.393 Acc@5 38.559 family@1 53.636 manu@1 68.358 sploss 5.231 fmloss 2.306 mfloss 1.467
FPA: 14.994% | TICE: 57.104%   
 wAP: 24.767  |  LCA: 179.482   |   Precision and Recall: 37.927%
Accuracy of the network on the 100000 test images: 20.4%
Max accuracy: 20.39%
Do not use KL loss
Epoch: [81]  [  0/156]  eta: 0:15:54  lr: 0.000033  sp_loss: 2.6016 (2.6016)  fam_loss: 2.0939 (2.0939)  manu_loss: 1.6484 (1.6484)  ot_loss: 2.0469 (2.0469)  base_loss: 6.3439 (6.3439)  time: 6.1214  data: 5.8346  max mem: 11381
Epoch: [81]  [155/156]  eta: 0:00:00  lr: 0.000033  sp_loss: 3.6848 (4.2036)  fam_loss: 2.6532 (3.0191)  manu_loss: 1.9836 (2.2159)  ot_loss: 2.3672 (2.7453)  base_loss: 8.2375 (9.4386)  time: 0.3100  data: 0.0777  max mem: 11381
Epoch: [81] Total time: 0:01:08 (0.4375 s / it)
Averaged stats: lr: 0.000033  sp_loss: 3.6848 (4.2036)  fam_loss: 2.6532 (3.0191)  manu_loss: 1.9836 (2.2159)  ot_loss: 2.3672 (2.7453)  base_loss: 8.2375 (9.4386)
Test:  [  0/391]  eta: 0:38:31  sploss: 5.2838 (5.2838)  famloss: 2.1325 (2.1325)  manuloss: 1.2790 (1.2790)  acc1: 19.5312 (19.5312)  acc5: 38.6719 (38.6719)  family_acc1: 55.4688 (55.4688)  manu_acc1: 71.8750 (71.8750)  time: 5.9111  data: 5.6801  max mem: 11381
Test:  [250/391]  eta: 0:01:00  sploss: 5.0953 (5.2668)  famloss: 2.3139 (2.3549)  manuloss: 1.5422 (1.5291)  acc1: 21.8750 (19.8487)  acc5: 38.6719 (37.8362)  family_acc1: 52.3438 (52.5601)  manu_acc1: 65.2344 (66.6926)  time: 0.3408  data: 0.1258  max mem: 11381
Test:  [390/391]  eta: 0:00:00  sploss: 5.0688 (5.2149)  famloss: 2.0940 (2.2843)  manuloss: 1.1504 (1.4556)  acc1: 21.8750 (20.3110)  acc5: 40.2344 (38.5020)  family_acc1: 57.0312 (53.7170)  manu_acc1: 75.7812 (68.2920)  time: 0.4067  data: 0.2258  max mem: 11381
Test: Total time: 0:02:49 (0.4324 s / it)
* Acc@1 20.311 Acc@5 38.502 family@1 53.717 manu@1 68.292 sploss 5.215 fmloss 2.284 mfloss 1.456
FPA: 14.999% | TICE: 57.037%   
 wAP: 24.701  |  LCA: 179.627   |   Precision and Recall: 37.878%
Accuracy of the network on the 100000 test images: 20.3%
Max accuracy: 20.39%
Do not use KL loss
Epoch: [82]  [  0/156]  eta: 0:17:08  lr: 0.000031  sp_loss: 2.8809 (2.8809)  fam_loss: 2.1866 (2.1866)  manu_loss: 1.6464 (1.6464)  ot_loss: 2.0918 (2.0918)  base_loss: 6.7139 (6.7139)  time: 6.5931  data: 6.3131  max mem: 11381
Epoch: [82]  [155/156]  eta: 0:00:00  lr: 0.000031  sp_loss: 3.9943 (4.2082)  fam_loss: 2.9861 (3.0257)  manu_loss: 2.2068 (2.2200)  ot_loss: 2.5078 (2.7466)  base_loss: 9.1872 (9.4539)  time: 0.3161  data: 0.0835  max mem: 11381
Epoch: [82] Total time: 0:01:07 (0.4331 s / it)
Averaged stats: lr: 0.000031  sp_loss: 3.9943 (4.2082)  fam_loss: 2.9861 (3.0257)  manu_loss: 2.2068 (2.2200)  ot_loss: 2.5078 (2.7466)  base_loss: 9.1872 (9.4539)
Test:  [  0/391]  eta: 0:41:04  sploss: 5.3483 (5.3483)  famloss: 2.1992 (2.1992)  manuloss: 1.2831 (1.2831)  acc1: 19.5312 (19.5312)  acc5: 38.2812 (38.2812)  family_acc1: 56.2500 (56.2500)  manu_acc1: 72.2656 (72.2656)  time: 6.3042  data: 6.0235  max mem: 11381
Test:  [250/391]  eta: 0:01:02  sploss: 5.1596 (5.3253)  famloss: 2.3931 (2.4232)  manuloss: 1.5908 (1.5529)  acc1: 21.4844 (19.7429)  acc5: 39.0625 (37.4113)  family_acc1: 52.3438 (52.3033)  manu_acc1: 66.0156 (66.8778)  time: 0.3416  data: 0.1166  max mem: 11381
Test:  [390/391]  eta: 0:00:00  sploss: 5.1202 (5.2769)  famloss: 2.1726 (2.3565)  manuloss: 1.2236 (1.4841)  acc1: 20.7031 (20.0930)  acc5: 39.8438 (38.1130)  family_acc1: 56.8750 (53.3530)  manu_acc1: 74.6094 (68.3640)  time: 0.4043  data: 0.2218  max mem: 11381
Test: Total time: 0:02:50 (0.4372 s / it)
* Acc@1 20.093 Acc@5 38.113 family@1 53.353 manu@1 68.364 sploss 5.277 fmloss 2.356 mfloss 1.484
FPA: 14.699% | TICE: 57.282%   
 wAP: 24.476  |  LCA: 180.410   |   Precision and Recall: 37.616%
Accuracy of the network on the 100000 test images: 20.1%
Max accuracy: 20.39%
Do not use KL loss
Epoch: [83]  [  0/156]  eta: 0:16:40  lr: 0.000029  sp_loss: 2.2820 (2.2820)  fam_loss: 1.7874 (1.7874)  manu_loss: 1.3037 (1.3037)  ot_loss: 1.9541 (1.9541)  base_loss: 5.3731 (5.3731)  time: 6.4127  data: 6.1128  max mem: 11381
Epoch: [83]  [155/156]  eta: 0:00:00  lr: 0.000029  sp_loss: 4.8018 (4.1544)  fam_loss: 3.2892 (2.9966)  manu_loss: 2.4995 (2.2084)  ot_loss: 2.9570 (2.7188)  base_loss: 10.4412 (9.3594)  time: 0.3190  data: 0.0849  max mem: 11381
Epoch: [83] Total time: 0:01:06 (0.4268 s / it)
Averaged stats: lr: 0.000029  sp_loss: 4.8018 (4.1544)  fam_loss: 3.2892 (2.9966)  manu_loss: 2.4995 (2.2084)  ot_loss: 2.9570 (2.7188)  base_loss: 10.4412 (9.3594)
Test:  [  0/391]  eta: 0:39:36  sploss: 5.3971 (5.3971)  famloss: 2.2912 (2.2912)  manuloss: 1.3730 (1.3730)  acc1: 20.7031 (20.7031)  acc5: 37.1094 (37.1094)  family_acc1: 53.5156 (53.5156)  manu_acc1: 71.8750 (71.8750)  time: 6.0785  data: 5.8400  max mem: 11381
Test:  [250/391]  eta: 0:01:02  sploss: 5.1939 (5.3558)  famloss: 2.4703 (2.4844)  manuloss: 1.6255 (1.6071)  acc1: 21.4844 (19.3212)  acc5: 37.5000 (36.8510)  family_acc1: 51.9531 (51.7897)  manu_acc1: 66.4062 (66.5977)  time: 0.4512  data: 0.2267  max mem: 11381
Test:  [390/391]  eta: 0:00:00  sploss: 5.1171 (5.3073)  famloss: 2.2574 (2.4174)  manuloss: 1.2788 (1.5375)  acc1: 21.4844 (19.6920)  acc5: 39.4531 (37.5250)  family_acc1: 56.6406 (52.8510)  manu_acc1: 74.3750 (68.1410)  time: 0.3673  data: 0.1857  max mem: 11381
Test: Total time: 0:02:48 (0.4304 s / it)
* Acc@1 19.692 Acc@5 37.525 family@1 52.851 manu@1 68.141 sploss 5.307 fmloss 2.417 mfloss 1.537
FPA: 14.323% | TICE: 58.162%   
 wAP: 24.070  |  LCA: 181.696   |   Precision and Recall: 37.202%
Accuracy of the network on the 100000 test images: 19.7%
Max accuracy: 20.39%
Do not use KL loss
Epoch: [84]  [  0/156]  eta: 0:16:06  lr: 0.000027  sp_loss: 5.4196 (5.4196)  fam_loss: 3.7720 (3.7720)  manu_loss: 2.7600 (2.7600)  ot_loss: 3.2676 (3.2676)  base_loss: 11.9517 (11.9517)  time: 6.1981  data: 5.9024  max mem: 11381
Epoch: [84]  [155/156]  eta: 0:00:00  lr: 0.000027  sp_loss: 3.8380 (4.1171)  fam_loss: 2.9051 (2.9747)  manu_loss: 2.0776 (2.1872)  ot_loss: 2.4590 (2.6936)  base_loss: 8.9932 (9.2790)  time: 0.3111  data: 0.0801  max mem: 11381
Epoch: [84] Total time: 0:01:08 (0.4368 s / it)
Averaged stats: lr: 0.000027  sp_loss: 3.8380 (4.1171)  fam_loss: 2.9051 (2.9747)  manu_loss: 2.0776 (2.1872)  ot_loss: 2.4590 (2.6936)  base_loss: 8.9932 (9.2790)
Test:  [  0/391]  eta: 0:40:27  sploss: 5.3605 (5.3605)  famloss: 2.1837 (2.1837)  manuloss: 1.2747 (1.2747)  acc1: 19.5312 (19.5312)  acc5: 37.1094 (37.1094)  family_acc1: 56.6406 (56.6406)  manu_acc1: 75.3906 (75.3906)  time: 6.2096  data: 5.9353  max mem: 11381
Test:  [250/391]  eta: 0:01:02  sploss: 5.1712 (5.3369)  famloss: 2.3849 (2.4257)  manuloss: 1.5807 (1.5605)  acc1: 22.2656 (19.7429)  acc5: 39.0625 (37.4097)  family_acc1: 51.9531 (52.2722)  manu_acc1: 66.7969 (66.9494)  time: 0.3496  data: 0.1286  max mem: 11381
Test:  [390/391]  eta: 0:00:00  sploss: 5.1231 (5.2880)  famloss: 2.1764 (2.3584)  manuloss: 1.2157 (1.4893)  acc1: 21.0938 (20.0680)  acc5: 39.4531 (38.1220)  family_acc1: 57.0312 (53.3760)  manu_acc1: 74.3750 (68.4750)  time: 0.4061  data: 0.2245  max mem: 11381
Test: Total time: 0:02:51 (0.4386 s / it)
* Acc@1 20.068 Acc@5 38.122 family@1 53.376 manu@1 68.475 sploss 5.288 fmloss 2.358 mfloss 1.489
FPA: 14.733% | TICE: 57.307%   
 wAP: 24.459  |  LCA: 180.431   |   Precision and Recall: 37.592%
Accuracy of the network on the 100000 test images: 20.1%
Max accuracy: 20.39%
Do not use KL loss
Epoch: [85]  [  0/156]  eta: 0:15:27  lr: 0.000025  sp_loss: 4.0814 (4.0814)  fam_loss: 2.8457 (2.8457)  manu_loss: 2.1426 (2.1426)  ot_loss: 2.5352 (2.5352)  base_loss: 9.0696 (9.0696)  time: 5.9431  data: 5.6589  max mem: 11381
Epoch: [85]  [155/156]  eta: 0:00:00  lr: 0.000025  sp_loss: 3.6205 (4.0056)  fam_loss: 2.6812 (2.9029)  manu_loss: 2.0180 (2.1376)  ot_loss: 2.3809 (2.6520)  base_loss: 8.3809 (9.0461)  time: 0.3720  data: 0.1440  max mem: 11381
Epoch: [85] Total time: 0:01:09 (0.4456 s / it)
Averaged stats: lr: 0.000025  sp_loss: 3.6205 (4.0056)  fam_loss: 2.6812 (2.9029)  manu_loss: 2.0180 (2.1376)  ot_loss: 2.3809 (2.6520)  base_loss: 8.3809 (9.0461)
Test:  [  0/391]  eta: 0:39:57  sploss: 5.3754 (5.3754)  famloss: 2.2072 (2.2072)  manuloss: 1.3064 (1.3064)  acc1: 19.1406 (19.1406)  acc5: 37.1094 (37.1094)  family_acc1: 56.6406 (56.6406)  manu_acc1: 72.2656 (72.2656)  time: 6.1322  data: 5.8923  max mem: 11381
Test:  [250/391]  eta: 0:01:02  sploss: 5.1973 (5.3691)  famloss: 2.4112 (2.4452)  manuloss: 1.5831 (1.5633)  acc1: 21.4844 (19.4597)  acc5: 37.8906 (37.1031)  family_acc1: 51.9531 (52.1897)  manu_acc1: 65.6250 (66.8264)  time: 0.3940  data: 0.1616  max mem: 11381
Test:  [390/391]  eta: 0:00:00  sploss: 5.1631 (5.3210)  famloss: 2.1906 (2.3782)  manuloss: 1.2251 (1.4942)  acc1: 21.0938 (19.8940)  acc5: 39.4531 (37.8670)  family_acc1: 56.2500 (53.2450)  manu_acc1: 74.2188 (68.2860)  time: 0.3067  data: 0.1267  max mem: 11381
Test: Total time: 0:02:49 (0.4328 s / it)
* Acc@1 19.894 Acc@5 37.867 family@1 53.245 manu@1 68.286 sploss 5.321 fmloss 2.378 mfloss 1.494
FPA: 14.584% | TICE: 57.588%   
 wAP: 24.289  |  LCA: 181.389   |   Precision and Recall: 37.292%
Accuracy of the network on the 100000 test images: 19.9%
Max accuracy: 20.39%
Do not use KL loss
Epoch: [86]  [  0/156]  eta: 0:15:38  lr: 0.000023  sp_loss: 4.7137 (4.7137)  fam_loss: 3.2470 (3.2470)  manu_loss: 2.3433 (2.3433)  ot_loss: 3.0684 (3.0684)  base_loss: 10.3040 (10.3040)  time: 6.0192  data: 5.7256  max mem: 11381
Epoch: [86]  [155/156]  eta: 0:00:00  lr: 0.000023  sp_loss: 3.9384 (4.0506)  fam_loss: 2.9002 (2.9311)  manu_loss: 2.0738 (2.1557)  ot_loss: 2.4668 (2.6545)  base_loss: 8.9124 (9.1375)  time: 0.3158  data: 0.0833  max mem: 11381
Epoch: [86] Total time: 0:01:08 (0.4366 s / it)
Averaged stats: lr: 0.000023  sp_loss: 3.9384 (4.0506)  fam_loss: 2.9002 (2.9311)  manu_loss: 2.0738 (2.1557)  ot_loss: 2.4668 (2.6545)  base_loss: 8.9124 (9.1375)
Test:  [  0/391]  eta: 0:41:17  sploss: 5.3155 (5.3155)  famloss: 2.1763 (2.1763)  manuloss: 1.2937 (1.2937)  acc1: 18.7500 (18.7500)  acc5: 38.2812 (38.2812)  family_acc1: 56.6406 (56.6406)  manu_acc1: 72.6562 (72.6562)  time: 6.3353  data: 6.0990  max mem: 11381
Test:  [250/391]  eta: 0:01:01  sploss: 5.1077 (5.2787)  famloss: 2.3442 (2.3800)  manuloss: 1.5478 (1.5290)  acc1: 21.8750 (19.9872)  acc5: 39.4531 (37.9560)  family_acc1: 53.1250 (52.8137)  manu_acc1: 66.4062 (67.2466)  time: 0.3305  data: 0.1151  max mem: 11381
Test:  [390/391]  eta: 0:00:00  sploss: 5.0817 (5.2280)  famloss: 2.1393 (2.3117)  manuloss: 1.2228 (1.4582)  acc1: 22.2656 (20.4190)  acc5: 40.0000 (38.6550)  family_acc1: 57.8125 (53.9260)  manu_acc1: 73.8281 (68.7110)  time: 0.3742  data: 0.1970  max mem: 11381
Test: Total time: 0:02:48 (0.4300 s / it)
* Acc@1 20.419 Acc@5 38.655 family@1 53.926 manu@1 68.711 sploss 5.228 fmloss 2.312 mfloss 1.458
FPA: 15.095% | TICE: 56.716%   
 wAP: 24.827  |  LCA: 179.008   |   Precision and Recall: 38.080%
Accuracy of the network on the 100000 test images: 20.4%
Max accuracy: 20.42%
Do not use KL loss
Epoch: [87]  [  0/156]  eta: 0:16:07  lr: 0.000021  sp_loss: 5.1956 (5.1956)  fam_loss: 3.6899 (3.6899)  manu_loss: 2.7871 (2.7871)  ot_loss: 3.2344 (3.2344)  base_loss: 11.6726 (11.6726)  time: 6.2029  data: 5.9169  max mem: 11381
Epoch: [87]  [155/156]  eta: 0:00:00  lr: 0.000021  sp_loss: 4.3201 (4.0012)  fam_loss: 2.9849 (2.8862)  manu_loss: 2.2177 (2.1258)  ot_loss: 2.6523 (2.6222)  base_loss: 9.5227 (9.0131)  time: 0.3418  data: 0.1126  max mem: 11381
Epoch: [87] Total time: 0:01:07 (0.4310 s / it)
Averaged stats: lr: 0.000021  sp_loss: 4.3201 (4.0012)  fam_loss: 2.9849 (2.8862)  manu_loss: 2.2177 (2.1258)  ot_loss: 2.6523 (2.6222)  base_loss: 9.5227 (9.0131)
Test:  [  0/391]  eta: 0:41:15  sploss: 5.3153 (5.3153)  famloss: 2.1604 (2.1604)  manuloss: 1.2814 (1.2814)  acc1: 19.5312 (19.5312)  acc5: 36.7188 (36.7188)  family_acc1: 57.0312 (57.0312)  manu_acc1: 73.8281 (73.8281)  time: 6.3307  data: 6.0377  max mem: 11381
Test:  [250/391]  eta: 0:01:01  sploss: 5.1358 (5.2964)  famloss: 2.3364 (2.3703)  manuloss: 1.5307 (1.5260)  acc1: 22.6562 (20.0697)  acc5: 39.4531 (37.9093)  family_acc1: 53.5156 (52.9772)  manu_acc1: 66.0156 (67.1221)  time: 0.3341  data: 0.1325  max mem: 11381
Test:  [390/391]  eta: 0:00:00  sploss: 5.0941 (5.2464)  famloss: 2.1249 (2.3014)  manuloss: 1.1853 (1.4540)  acc1: 21.0938 (20.4170)  acc5: 40.6250 (38.6290)  family_acc1: 57.4219 (54.0980)  manu_acc1: 73.4375 (68.6810)  time: 0.3837  data: 0.1995  max mem: 11381
Test: Total time: 0:02:48 (0.4307 s / it)
* Acc@1 20.417 Acc@5 38.629 family@1 54.098 manu@1 68.681 sploss 5.246 fmloss 2.301 mfloss 1.454
FPA: 15.163% | TICE: 56.774%   
 wAP: 24.841  |  LCA: 179.219   |   Precision and Recall: 38.014%
Accuracy of the network on the 100000 test images: 20.4%
Max accuracy: 20.42%
Do not use KL loss
Epoch: [88]  [  0/156]  eta: 0:16:20  lr: 0.000020  sp_loss: 4.3744 (4.3744)  fam_loss: 3.1356 (3.1356)  manu_loss: 2.2685 (2.2685)  ot_loss: 2.9336 (2.9336)  base_loss: 9.7785 (9.7785)  time: 6.2840  data: 6.0018  max mem: 11381
Epoch: [88]  [155/156]  eta: 0:00:00  lr: 0.000020  sp_loss: 4.2138 (4.1189)  fam_loss: 3.0129 (2.9725)  manu_loss: 2.1771 (2.1869)  ot_loss: 2.6367 (2.6855)  base_loss: 9.4155 (9.2782)  time: 0.3229  data: 0.0878  max mem: 11381
Epoch: [88] Total time: 0:01:07 (0.4357 s / it)
Averaged stats: lr: 0.000020  sp_loss: 4.2138 (4.1189)  fam_loss: 3.0129 (2.9725)  manu_loss: 2.1771 (2.1869)  ot_loss: 2.6367 (2.6855)  base_loss: 9.4155 (9.2782)
Test:  [  0/391]  eta: 0:41:54  sploss: 5.3654 (5.3654)  famloss: 2.2023 (2.2023)  manuloss: 1.3041 (1.3041)  acc1: 19.1406 (19.1406)  acc5: 37.8906 (37.8906)  family_acc1: 55.0781 (55.0781)  manu_acc1: 73.8281 (73.8281)  time: 6.4314  data: 6.1753  max mem: 11381
Test:  [250/391]  eta: 0:01:02  sploss: 5.1763 (5.3423)  famloss: 2.3813 (2.4274)  manuloss: 1.5683 (1.5550)  acc1: 22.6562 (19.7538)  acc5: 39.4531 (37.5311)  family_acc1: 52.3438 (52.5056)  manu_acc1: 66.4062 (67.0646)  time: 0.3236  data: 0.1025  max mem: 11381
Test:  [390/391]  eta: 0:00:00  sploss: 5.1340 (5.2940)  famloss: 2.1978 (2.3605)  manuloss: 1.2240 (1.4857)  acc1: 21.0938 (20.1220)  acc5: 40.2344 (38.2140)  family_acc1: 57.4219 (53.5430)  manu_acc1: 74.3750 (68.5360)  time: 0.4300  data: 0.2497  max mem: 11381
Test: Total time: 0:02:50 (0.4366 s / it)
* Acc@1 20.122 Acc@5 38.214 family@1 53.543 manu@1 68.536 sploss 5.294 fmloss 2.361 mfloss 1.486
FPA: 14.757% | TICE: 57.297%   
 wAP: 24.524  |  LCA: 180.337   |   Precision and Recall: 37.648%
Accuracy of the network on the 100000 test images: 20.1%
Max accuracy: 20.42%
Do not use KL loss
Epoch: [89]  [  0/156]  eta: 0:15:56  lr: 0.000018  sp_loss: 2.6191 (2.6191)  fam_loss: 1.9646 (1.9646)  manu_loss: 1.5914 (1.5914)  ot_loss: 1.9941 (1.9941)  base_loss: 6.1751 (6.1751)  time: 6.1305  data: 5.8468  max mem: 11381
Epoch: [89]  [155/156]  eta: 0:00:00  lr: 0.000018  sp_loss: 4.1240 (4.1012)  fam_loss: 3.1136 (2.9635)  manu_loss: 2.2208 (2.1736)  ot_loss: 2.5801 (2.6898)  base_loss: 9.5833 (9.2383)  time: 0.3398  data: 0.1067  max mem: 11381
Epoch: [89] Total time: 0:01:07 (0.4349 s / it)
Averaged stats: lr: 0.000018  sp_loss: 4.1240 (4.1012)  fam_loss: 3.1136 (2.9635)  manu_loss: 2.2208 (2.1736)  ot_loss: 2.5801 (2.6898)  base_loss: 9.5833 (9.2383)
Test:  [  0/391]  eta: 0:39:11  sploss: 5.3513 (5.3513)  famloss: 2.1989 (2.1989)  manuloss: 1.3070 (1.3070)  acc1: 19.5312 (19.5312)  acc5: 37.8906 (37.8906)  family_acc1: 56.2500 (56.2500)  manu_acc1: 72.6562 (72.6562)  time: 6.0130  data: 5.7419  max mem: 11381
Test:  [250/391]  eta: 0:01:02  sploss: 5.1599 (5.3341)  famloss: 2.3986 (2.4239)  manuloss: 1.5665 (1.5564)  acc1: 22.2656 (19.8441)  acc5: 39.0625 (37.6089)  family_acc1: 51.9531 (52.6161)  manu_acc1: 66.0156 (67.0817)  time: 0.3352  data: 0.1302  max mem: 11381
Test:  [390/391]  eta: 0:00:00  sploss: 5.1319 (5.2850)  famloss: 2.1901 (2.3561)  manuloss: 1.2235 (1.4865)  acc1: 21.4844 (20.2150)  acc5: 40.0000 (38.2640)  family_acc1: 56.6406 (53.6570)  manu_acc1: 75.0000 (68.5660)  time: 0.4071  data: 0.2283  max mem: 11381
Test: Total time: 0:02:48 (0.4314 s / it)
* Acc@1 20.215 Acc@5 38.264 family@1 53.657 manu@1 68.566 sploss 5.285 fmloss 2.356 mfloss 1.486
FPA: 14.848% | TICE: 57.262%   
 wAP: 24.618  |  LCA: 180.058   |   Precision and Recall: 37.731%
Accuracy of the network on the 100000 test images: 20.2%
Max accuracy: 20.42%
Do not use KL loss
Epoch: [90]  [  0/156]  eta: 0:15:41  lr: 0.000017  sp_loss: 2.4395 (2.4395)  fam_loss: 1.9765 (1.9765)  manu_loss: 1.5317 (1.5317)  ot_loss: 2.0098 (2.0098)  base_loss: 5.9477 (5.9477)  time: 6.0345  data: 5.7491  max mem: 11381
Epoch: [90]  [155/156]  eta: 0:00:00  lr: 0.000017  sp_loss: 4.6373 (4.1893)  fam_loss: 3.3773 (3.0173)  manu_loss: 2.3984 (2.2157)  ot_loss: 2.9043 (2.7130)  base_loss: 10.4168 (9.4223)  time: 0.3365  data: 0.1036  max mem: 11381
Epoch: [90] Total time: 0:01:07 (0.4349 s / it)
Averaged stats: lr: 0.000017  sp_loss: 4.6373 (4.1893)  fam_loss: 3.3773 (3.0173)  manu_loss: 2.3984 (2.2157)  ot_loss: 2.9043 (2.7130)  base_loss: 10.4168 (9.4223)
Test:  [  0/391]  eta: 0:39:10  sploss: 5.3788 (5.3788)  famloss: 2.2381 (2.2381)  manuloss: 1.3320 (1.3320)  acc1: 19.5312 (19.5312)  acc5: 35.9375 (35.9375)  family_acc1: 55.4688 (55.4688)  manu_acc1: 73.4375 (73.4375)  time: 6.0107  data: 5.7686  max mem: 11381
Test:  [250/391]  eta: 0:01:01  sploss: 5.1934 (5.3561)  famloss: 2.4220 (2.4565)  manuloss: 1.6059 (1.5807)  acc1: 21.8750 (19.6262)  acc5: 38.6719 (37.3164)  family_acc1: 51.5625 (52.1959)  manu_acc1: 66.0156 (66.7595)  time: 0.3574  data: 0.1427  max mem: 11381
Test:  [390/391]  eta: 0:00:00  sploss: 5.1466 (5.3070)  famloss: 2.2190 (2.3892)  manuloss: 1.2653 (1.5105)  acc1: 21.4844 (20.0010)  acc5: 39.8438 (38.0050)  family_acc1: 57.8125 (53.2470)  manu_acc1: 73.7500 (68.3070)  time: 0.4069  data: 0.2271  max mem: 11381
Test: Total time: 0:02:49 (0.4329 s / it)
* Acc@1 20.001 Acc@5 38.005 family@1 53.247 manu@1 68.307 sploss 5.307 fmloss 2.389 mfloss 1.511
FPA: 14.636% | TICE: 57.550%   
 wAP: 24.384  |  LCA: 180.829   |   Precision and Recall: 37.486%
Accuracy of the network on the 100000 test images: 20.0%
Max accuracy: 20.42%
Do not use KL loss
Epoch: [91]  [  0/156]  eta: 0:16:09  lr: 0.000016  sp_loss: 4.6582 (4.6582)  fam_loss: 3.3625 (3.3625)  manu_loss: 2.3574 (2.3574)  ot_loss: 3.0977 (3.0977)  base_loss: 10.3781 (10.3781)  time: 6.2165  data: 5.9408  max mem: 11381
Epoch: [91]  [155/156]  eta: 0:00:00  lr: 0.000016  sp_loss: 4.1120 (4.0132)  fam_loss: 2.9082 (2.9002)  manu_loss: 2.1489 (2.1330)  ot_loss: 2.6699 (2.6338)  base_loss: 9.1901 (9.0464)  time: 0.3435  data: 0.1113  max mem: 11381
Epoch: [91] Total time: 0:01:08 (0.4370 s / it)
Averaged stats: lr: 0.000016  sp_loss: 4.1120 (4.0132)  fam_loss: 2.9082 (2.9002)  manu_loss: 2.1489 (2.1330)  ot_loss: 2.6699 (2.6338)  base_loss: 9.1901 (9.0464)
Test:  [  0/391]  eta: 0:39:21  sploss: 5.2906 (5.2906)  famloss: 2.1399 (2.1399)  manuloss: 1.2735 (1.2735)  acc1: 18.3594 (18.3594)  acc5: 38.6719 (38.6719)  family_acc1: 56.2500 (56.2500)  manu_acc1: 72.6562 (72.6562)  time: 6.0400  data: 5.7716  max mem: 11381
Test:  [250/391]  eta: 0:01:02  sploss: 5.1067 (5.2830)  famloss: 2.3172 (2.3631)  manuloss: 1.5381 (1.5245)  acc1: 22.6562 (19.9530)  acc5: 39.8438 (37.8828)  family_acc1: 51.9531 (52.9880)  manu_acc1: 66.4062 (67.1159)  time: 0.3375  data: 0.1360  max mem: 11381
Test:  [390/391]  eta: 0:00:00  sploss: 5.0707 (5.2326)  famloss: 2.1458 (2.2951)  manuloss: 1.1832 (1.4540)  acc1: 22.2656 (20.3640)  acc5: 40.6250 (38.5700)  family_acc1: 57.4219 (54.0440)  manu_acc1: 75.0000 (68.6220)  time: 0.3520  data: 0.1727  max mem: 11381
Test: Total time: 0:02:48 (0.4312 s / it)
* Acc@1 20.364 Acc@5 38.570 family@1 54.044 manu@1 68.622 sploss 5.233 fmloss 2.295 mfloss 1.454
FPA: 15.086% | TICE: 56.793%   
 wAP: 24.788  |  LCA: 179.601   |   Precision and Recall: 37.898%
Accuracy of the network on the 100000 test images: 20.4%
Max accuracy: 20.42%
Do not use KL loss
Epoch: [92]  [  0/156]  eta: 0:15:46  lr: 0.000015  sp_loss: 4.0223 (4.0223)  fam_loss: 2.8576 (2.8576)  manu_loss: 2.1583 (2.1583)  ot_loss: 2.4199 (2.4199)  base_loss: 9.0382 (9.0382)  time: 6.0694  data: 5.7876  max mem: 11381
Epoch: [92]  [155/156]  eta: 0:00:00  lr: 0.000015  sp_loss: 4.2423 (4.2431)  fam_loss: 2.9988 (3.0465)  manu_loss: 2.1897 (2.2348)  ot_loss: 2.8477 (2.7532)  base_loss: 9.4386 (9.5244)  time: 0.3261  data: 0.0982  max mem: 11381
Epoch: [92] Total time: 0:01:07 (0.4298 s / it)
Averaged stats: lr: 0.000015  sp_loss: 4.2423 (4.2431)  fam_loss: 2.9988 (3.0465)  manu_loss: 2.1897 (2.2348)  ot_loss: 2.8477 (2.7532)  base_loss: 9.4386 (9.5244)
Test:  [  0/391]  eta: 0:42:36  sploss: 5.3276 (5.3276)  famloss: 2.1668 (2.1668)  manuloss: 1.2882 (1.2882)  acc1: 19.1406 (19.1406)  acc5: 38.2812 (38.2812)  family_acc1: 57.4219 (57.4219)  manu_acc1: 73.0469 (73.0469)  time: 6.5387  data: 6.2677  max mem: 11381
Test:  [250/391]  eta: 0:01:02  sploss: 5.1456 (5.3110)  famloss: 2.3639 (2.3986)  manuloss: 1.5549 (1.5446)  acc1: 22.6562 (19.8456)  acc5: 39.0625 (37.6183)  family_acc1: 53.1250 (52.5912)  manu_acc1: 66.7969 (67.0490)  time: 0.3878  data: 0.1841  max mem: 11381
Test:  [390/391]  eta: 0:00:00  sploss: 5.1042 (5.2620)  famloss: 2.1480 (2.3307)  manuloss: 1.2142 (1.4742)  acc1: 21.0938 (20.2010)  acc5: 39.8438 (38.2940)  family_acc1: 57.8125 (53.6850)  manu_acc1: 75.3906 (68.5490)  time: 0.4091  data: 0.2282  max mem: 11381
Test: Total time: 0:02:48 (0.4321 s / it)
* Acc@1 20.201 Acc@5 38.294 family@1 53.685 manu@1 68.549 sploss 5.262 fmloss 2.331 mfloss 1.474
FPA: 14.905% | TICE: 57.129%   
 wAP: 24.608  |  LCA: 180.069   |   Precision and Recall: 37.730%
Accuracy of the network on the 100000 test images: 20.2%
Max accuracy: 20.42%
Do not use KL loss
Epoch: [93]  [  0/156]  eta: 0:15:29  lr: 0.000014  sp_loss: 3.5627 (3.5627)  fam_loss: 2.6858 (2.6858)  manu_loss: 2.0773 (2.0773)  ot_loss: 2.2598 (2.2598)  base_loss: 8.3257 (8.3257)  time: 5.9554  data: 5.6665  max mem: 11381
Epoch: [93]  [155/156]  eta: 0:00:00  lr: 0.000014  sp_loss: 4.4235 (4.1368)  fam_loss: 2.9607 (2.9865)  manu_loss: 2.2091 (2.1850)  ot_loss: 2.6602 (2.6911)  base_loss: 9.5636 (9.3082)  time: 0.3287  data: 0.0985  max mem: 11381
Epoch: [93] Total time: 0:01:07 (0.4348 s / it)
Averaged stats: lr: 0.000014  sp_loss: 4.4235 (4.1368)  fam_loss: 2.9607 (2.9865)  manu_loss: 2.2091 (2.1850)  ot_loss: 2.6602 (2.6911)  base_loss: 9.5636 (9.3082)
Test:  [  0/391]  eta: 0:38:57  sploss: 5.3059 (5.3059)  famloss: 2.1404 (2.1404)  manuloss: 1.2680 (1.2680)  acc1: 18.7500 (18.7500)  acc5: 38.2812 (38.2812)  family_acc1: 55.4688 (55.4688)  manu_acc1: 73.0469 (73.0469)  time: 5.9776  data: 5.7580  max mem: 11381
Test:  [250/391]  eta: 0:01:01  sploss: 5.1118 (5.2856)  famloss: 2.3321 (2.3736)  manuloss: 1.5574 (1.5312)  acc1: 22.6562 (20.0184)  acc5: 39.0625 (37.9264)  family_acc1: 53.1250 (52.8760)  manu_acc1: 66.4062 (67.0474)  time: 0.3167  data: 0.1166  max mem: 11381
Test:  [390/391]  eta: 0:00:00  sploss: 5.0834 (5.2356)  famloss: 2.1386 (2.3055)  manuloss: 1.1838 (1.4606)  acc1: 21.8750 (20.4100)  acc5: 40.6250 (38.5810)  family_acc1: 57.8125 (53.9330)  manu_acc1: 75.0000 (68.5540)  time: 0.4312  data: 0.2472  max mem: 11381
Test: Total time: 0:02:48 (0.4301 s / it)
* Acc@1 20.410 Acc@5 38.581 family@1 53.933 manu@1 68.554 sploss 5.236 fmloss 2.305 mfloss 1.461
FPA: 15.072% | TICE: 56.846%   
 wAP: 24.816  |  LCA: 179.369   |   Precision and Recall: 37.968%
Accuracy of the network on the 100000 test images: 20.4%
Max accuracy: 20.42%
Do not use KL loss
Epoch: [94]  [  0/156]  eta: 0:15:16  lr: 0.000013  sp_loss: 4.7495 (4.7495)  fam_loss: 3.2979 (3.2979)  manu_loss: 2.3758 (2.3758)  ot_loss: 3.0566 (3.0566)  base_loss: 10.4232 (10.4232)  time: 5.8779  data: 5.5847  max mem: 11381
Epoch: [94]  [155/156]  eta: 0:00:00  lr: 0.000013  sp_loss: 4.0671 (3.9198)  fam_loss: 2.9894 (2.8377)  manu_loss: 2.2061 (2.0955)  ot_loss: 2.5352 (2.5900)  base_loss: 9.3316 (8.8530)  time: 0.3422  data: 0.1134  max mem: 11381
Epoch: [94] Total time: 0:01:06 (0.4280 s / it)
Averaged stats: lr: 0.000013  sp_loss: 4.0671 (3.9198)  fam_loss: 2.9894 (2.8377)  manu_loss: 2.2061 (2.0955)  ot_loss: 2.5352 (2.5900)  base_loss: 9.3316 (8.8530)
Test:  [  0/391]  eta: 0:41:10  sploss: 5.3706 (5.3706)  famloss: 2.1924 (2.1924)  manuloss: 1.3019 (1.3019)  acc1: 18.7500 (18.7500)  acc5: 37.1094 (37.1094)  family_acc1: 56.6406 (56.6406)  manu_acc1: 72.6562 (72.6562)  time: 6.3174  data: 6.1033  max mem: 11381
Test:  [250/391]  eta: 0:01:02  sploss: 5.1738 (5.3396)  famloss: 2.3781 (2.4239)  manuloss: 1.5731 (1.5574)  acc1: 22.2656 (19.8363)  acc5: 39.4531 (37.5233)  family_acc1: 52.3438 (52.5928)  manu_acc1: 66.0156 (66.9758)  time: 0.3399  data: 0.1304  max mem: 11381
Test:  [390/391]  eta: 0:00:00  sploss: 5.1446 (5.2907)  famloss: 2.1843 (2.3558)  manuloss: 1.2371 (1.4866)  acc1: 21.2500 (20.1750)  acc5: 39.8438 (38.2250)  family_acc1: 57.0312 (53.6680)  manu_acc1: 75.0000 (68.4860)  time: 0.4184  data: 0.2382  max mem: 11381
Test: Total time: 0:02:48 (0.4319 s / it)
* Acc@1 20.175 Acc@5 38.225 family@1 53.668 manu@1 68.486 sploss 5.291 fmloss 2.356 mfloss 1.487
FPA: 14.870% | TICE: 57.122%   
 wAP: 24.582  |  LCA: 180.247   |   Precision and Recall: 37.678%
Accuracy of the network on the 100000 test images: 20.2%
Max accuracy: 20.42%
Do not use KL loss
Epoch: [95]  [  0/156]  eta: 0:18:52  lr: 0.000012  sp_loss: 2.6146 (2.6146)  fam_loss: 1.9620 (1.9620)  manu_loss: 1.4637 (1.4637)  ot_loss: 1.9502 (1.9502)  base_loss: 6.0404 (6.0404)  time: 7.2602  data: 6.9670  max mem: 11381
Epoch: [95]  [155/156]  eta: 0:00:00  lr: 0.000012  sp_loss: 3.8475 (4.0549)  fam_loss: 2.8768 (2.9266)  manu_loss: 2.0719 (2.1461)  ot_loss: 2.5312 (2.6578)  base_loss: 8.8269 (9.1276)  time: 0.3372  data: 0.1101  max mem: 11381
Epoch: [95] Total time: 0:01:16 (0.4873 s / it)
Averaged stats: lr: 0.000012  sp_loss: 3.8475 (4.0549)  fam_loss: 2.8768 (2.9266)  manu_loss: 2.0719 (2.1461)  ot_loss: 2.5312 (2.6578)  base_loss: 8.8269 (9.1276)
Test:  [  0/391]  eta: 0:51:13  sploss: 5.3647 (5.3647)  famloss: 2.2066 (2.2066)  manuloss: 1.3013 (1.3013)  acc1: 19.1406 (19.1406)  acc5: 37.8906 (37.8906)  family_acc1: 56.6406 (56.6406)  manu_acc1: 73.4375 (73.4375)  time: 7.8602  data: 7.5867  max mem: 11381
Test:  [250/391]  eta: 0:01:05  sploss: 5.1645 (5.3358)  famloss: 2.3936 (2.4303)  manuloss: 1.5872 (1.5617)  acc1: 22.6562 (19.8643)  acc5: 38.6719 (37.6214)  family_acc1: 51.5625 (52.4480)  manu_acc1: 66.0156 (67.0101)  time: 0.3871  data: 0.1767  max mem: 11381
Test:  [390/391]  eta: 0:00:00  sploss: 5.1394 (5.2873)  famloss: 2.1832 (2.3630)  manuloss: 1.2348 (1.4921)  acc1: 21.0938 (20.2480)  acc5: 40.2344 (38.2860)  family_acc1: 57.4219 (53.5190)  manu_acc1: 74.6094 (68.5150)  time: 0.4232  data: 0.2425  max mem: 11381
Test: Total time: 0:02:54 (0.4472 s / it)
* Acc@1 20.248 Acc@5 38.286 family@1 53.519 manu@1 68.515 sploss 5.287 fmloss 2.363 mfloss 1.492
FPA: 14.897% | TICE: 57.200%   
 wAP: 24.632  |  LCA: 179.869   |   Precision and Recall: 37.805%
Accuracy of the network on the 100000 test images: 20.2%
Max accuracy: 20.42%
Do not use KL loss
Epoch: [96]  [  0/156]  eta: 0:16:58  lr: 0.000011  sp_loss: 3.7691 (3.7691)  fam_loss: 2.7259 (2.7259)  manu_loss: 1.9269 (1.9269)  ot_loss: 2.5059 (2.5059)  base_loss: 8.4218 (8.4218)  time: 6.5308  data: 6.2608  max mem: 11381
Epoch: [96]  [155/156]  eta: 0:00:00  lr: 0.000011  sp_loss: 3.9836 (4.0271)  fam_loss: 2.9438 (2.9187)  manu_loss: 2.1343 (2.1346)  ot_loss: 2.5176 (2.6449)  base_loss: 8.9867 (9.0805)  time: 0.3332  data: 0.1022  max mem: 11381
Epoch: [96] Total time: 0:01:09 (0.4425 s / it)
Averaged stats: lr: 0.000011  sp_loss: 3.9836 (4.0271)  fam_loss: 2.9438 (2.9187)  manu_loss: 2.1343 (2.1346)  ot_loss: 2.5176 (2.6449)  base_loss: 8.9867 (9.0805)
Test:  [  0/391]  eta: 0:38:04  sploss: 5.3514 (5.3514)  famloss: 2.1853 (2.1853)  manuloss: 1.2924 (1.2924)  acc1: 18.7500 (18.7500)  acc5: 39.0625 (39.0625)  family_acc1: 55.8594 (55.8594)  manu_acc1: 73.4375 (73.4375)  time: 5.8437  data: 5.6120  max mem: 11381
Test:  [250/391]  eta: 0:01:02  sploss: 5.1580 (5.3249)  famloss: 2.3760 (2.4143)  manuloss: 1.5784 (1.5494)  acc1: 22.2656 (19.9577)  acc5: 38.6719 (37.7085)  family_acc1: 52.3438 (52.7141)  manu_acc1: 66.0156 (67.1206)  time: 0.3581  data: 0.1509  max mem: 11381
Test:  [390/391]  eta: 0:00:00  sploss: 5.1211 (5.2760)  famloss: 2.1793 (2.3463)  manuloss: 1.2378 (1.4790)  acc1: 21.8750 (20.3300)  acc5: 40.2344 (38.3800)  family_acc1: 57.0312 (53.8030)  manu_acc1: 75.3906 (68.6150)  time: 0.3286  data: 0.1443  max mem: 11381
Test: Total time: 0:02:48 (0.4305 s / it)
* Acc@1 20.330 Acc@5 38.380 family@1 53.803 manu@1 68.615 sploss 5.276 fmloss 2.346 mfloss 1.479
FPA: 14.976% | TICE: 57.018%   
 wAP: 24.734  |  LCA: 179.809   |   Precision and Recall: 37.819%
Accuracy of the network on the 100000 test images: 20.3%
Max accuracy: 20.42%
Do not use KL loss
Epoch: [97]  [  0/156]  eta: 0:16:07  lr: 0.000011  sp_loss: 3.4723 (3.4723)  fam_loss: 2.7135 (2.7135)  manu_loss: 2.0376 (2.0376)  ot_loss: 2.2402 (2.2402)  base_loss: 8.2234 (8.2234)  time: 6.2004  data: 5.9135  max mem: 11381
Epoch: [97]  [155/156]  eta: 0:00:00  lr: 0.000011  sp_loss: 4.5509 (4.1560)  fam_loss: 3.3380 (3.0012)  manu_loss: 2.4044 (2.1960)  ot_loss: 2.9766 (2.7165)  base_loss: 10.2914 (9.3532)  time: 0.3399  data: 0.1045  max mem: 11381
Epoch: [97] Total time: 0:01:07 (0.4346 s / it)
Averaged stats: lr: 0.000011  sp_loss: 4.5509 (4.1560)  fam_loss: 3.3380 (3.0012)  manu_loss: 2.4044 (2.1960)  ot_loss: 2.9766 (2.7165)  base_loss: 10.2914 (9.3532)
Test:  [  0/391]  eta: 0:42:50  sploss: 5.3282 (5.3282)  famloss: 2.1503 (2.1503)  manuloss: 1.2754 (1.2754)  acc1: 18.3594 (18.3594)  acc5: 38.2812 (38.2812)  family_acc1: 56.6406 (56.6406)  manu_acc1: 71.8750 (71.8750)  time: 6.5742  data: 6.3564  max mem: 11381
Test:  [250/391]  eta: 0:01:02  sploss: 5.1473 (5.3187)  famloss: 2.3445 (2.3858)  manuloss: 1.5519 (1.5360)  acc1: 21.8750 (19.9530)  acc5: 39.0625 (37.7521)  family_acc1: 52.3438 (52.8604)  manu_acc1: 66.4062 (67.0646)  time: 0.4190  data: 0.2063  max mem: 11381
Test:  [390/391]  eta: 0:00:00  sploss: 5.1221 (5.2682)  famloss: 2.1473 (2.3173)  manuloss: 1.2109 (1.4650)  acc1: 21.8750 (20.3670)  acc5: 40.0000 (38.4240)  family_acc1: 57.4219 (53.9730)  manu_acc1: 75.7812 (68.5890)  time: 0.4129  data: 0.2350  max mem: 11381
Test: Total time: 0:02:50 (0.4356 s / it)
* Acc@1 20.367 Acc@5 38.424 family@1 53.973 manu@1 68.589 sploss 5.268 fmloss 2.317 mfloss 1.465
FPA: 15.077% | TICE: 56.960%   
 wAP: 24.783  |  LCA: 179.596   |   Precision and Recall: 37.906%
Accuracy of the network on the 100000 test images: 20.4%
Max accuracy: 20.42%
Do not use KL loss
Epoch: [98]  [  0/156]  eta: 0:16:26  lr: 0.000011  sp_loss: 4.7317 (4.7317)  fam_loss: 3.3277 (3.3277)  manu_loss: 2.5002 (2.5002)  ot_loss: 3.1543 (3.1543)  base_loss: 10.5596 (10.5596)  time: 6.3246  data: 6.0431  max mem: 11381
Epoch: [98]  [155/156]  eta: 0:00:00  lr: 0.000011  sp_loss: 4.0881 (4.0155)  fam_loss: 2.9613 (2.9155)  manu_loss: 2.2009 (2.1376)  ot_loss: 2.6660 (2.6367)  base_loss: 9.2262 (9.0686)  time: 0.3163  data: 0.0847  max mem: 11381
Epoch: [98] Total time: 0:01:08 (0.4397 s / it)
Averaged stats: lr: 0.000011  sp_loss: 4.0881 (4.0155)  fam_loss: 2.9613 (2.9155)  manu_loss: 2.2009 (2.1376)  ot_loss: 2.6660 (2.6367)  base_loss: 9.2262 (9.0686)
Test:  [  0/391]  eta: 0:40:12  sploss: 5.3207 (5.3207)  famloss: 2.1530 (2.1530)  manuloss: 1.2833 (1.2833)  acc1: 19.9219 (19.9219)  acc5: 37.8906 (37.8906)  family_acc1: 56.2500 (56.2500)  manu_acc1: 72.6562 (72.6562)  time: 6.1692  data: 5.9271  max mem: 11381
Test:  [250/391]  eta: 0:01:01  sploss: 5.1473 (5.3189)  famloss: 2.3327 (2.3879)  manuloss: 1.5525 (1.5350)  acc1: 22.6562 (19.9374)  acc5: 39.0625 (37.7646)  family_acc1: 52.7344 (52.8091)  manu_acc1: 66.4062 (67.1393)  time: 0.3190  data: 0.1076  max mem: 11381
Test:  [390/391]  eta: 0:00:00  sploss: 5.1105 (5.2696)  famloss: 2.1440 (2.3196)  manuloss: 1.2116 (1.4642)  acc1: 21.8750 (20.3540)  acc5: 40.0000 (38.4320)  family_acc1: 57.0312 (53.8790)  manu_acc1: 75.3906 (68.5860)  time: 0.4030  data: 0.2230  max mem: 11381
Test: Total time: 0:02:48 (0.4307 s / it)
* Acc@1 20.354 Acc@5 38.432 family@1 53.879 manu@1 68.586 sploss 5.270 fmloss 2.320 mfloss 1.464
FPA: 15.047% | TICE: 56.996%   
 wAP: 24.762  |  LCA: 179.841   |   Precision and Recall: 37.817%
Accuracy of the network on the 100000 test images: 20.4%
Max accuracy: 20.42%
Do not use KL loss
Epoch: [99]  [  0/156]  eta: 0:16:56  lr: 0.000010  sp_loss: 3.9017 (3.9017)  fam_loss: 2.9209 (2.9209)  manu_loss: 2.0447 (2.0447)  ot_loss: 2.5664 (2.5664)  base_loss: 8.8674 (8.8674)  time: 6.5160  data: 6.2417  max mem: 11381
Epoch: [99]  [155/156]  eta: 0:00:00  lr: 0.000010  sp_loss: 3.8449 (4.0703)  fam_loss: 2.6459 (2.9272)  manu_loss: 1.9209 (2.1524)  ot_loss: 2.4492 (2.6695)  base_loss: 8.4117 (9.1500)  time: 0.3199  data: 0.0922  max mem: 11381
Epoch: [99] Total time: 0:01:09 (0.4439 s / it)
Averaged stats: lr: 0.000010  sp_loss: 3.8449 (4.0703)  fam_loss: 2.6459 (2.9272)  manu_loss: 1.9209 (2.1524)  ot_loss: 2.4492 (2.6695)  base_loss: 8.4117 (9.1500)
Test:  [  0/391]  eta: 0:42:01  sploss: 5.3333 (5.3333)  famloss: 2.1694 (2.1694)  manuloss: 1.2892 (1.2892)  acc1: 19.1406 (19.1406)  acc5: 37.8906 (37.8906)  family_acc1: 56.2500 (56.2500)  manu_acc1: 73.0469 (73.0469)  time: 6.4480  data: 6.1817  max mem: 11381
Test:  [250/391]  eta: 0:01:02  sploss: 5.1703 (5.3327)  famloss: 2.3569 (2.4071)  manuloss: 1.5664 (1.5455)  acc1: 21.8750 (19.8269)  acc5: 39.0625 (37.5700)  family_acc1: 52.3438 (52.7235)  manu_acc1: 66.7969 (67.0599)  time: 0.3236  data: 0.1241  max mem: 11381
Test:  [390/391]  eta: 0:00:00  sploss: 5.1361 (5.2838)  famloss: 2.1720 (2.3390)  manuloss: 1.2128 (1.4755)  acc1: 21.8750 (20.2320)  acc5: 40.2344 (38.2310)  family_acc1: 57.8125 (53.7830)  manu_acc1: 75.3906 (68.5330)  time: 0.4101  data: 0.2322  max mem: 11381
Test: Total time: 0:02:50 (0.4359 s / it)
* Acc@1 20.232 Acc@5 38.231 family@1 53.783 manu@1 68.533 sploss 5.284 fmloss 2.339 mfloss 1.475
FPA: 14.963% | TICE: 57.164%   
 wAP: 24.644  |  LCA: 180.209   |   Precision and Recall: 37.698%
Accuracy of the network on the 100000 test images: 20.2%
Max accuracy: 20.42%
Training time 4:44:13
Test:  [  0/391]  eta: 0:38:01  sploss: 5.3331 (5.3331)  famloss: 2.1706 (2.1706)  manuloss: 1.2898 (1.2898)  acc1: 19.1406 (19.1406)  acc5: 37.8906 (37.8906)  family_acc1: 56.2500 (56.2500)  manu_acc1: 73.0469 (73.0469)  time: 5.8349  data: 5.6258  max mem: 11381
Test:  [  1/391]  eta: 0:19:42  sploss: 5.2651 (5.2991)  famloss: 2.1706 (2.2743)  manuloss: 1.2898 (1.4235)  acc1: 17.9688 (18.5547)  acc5: 35.5469 (36.7188)  family_acc1: 56.2500 (56.2500)  manu_acc1: 67.1875 (70.1172)  time: 3.0318  data: 2.8240  max mem: 11381
Test:  [  2/391]  eta: 0:14:13  sploss: 5.2651 (5.2562)  famloss: 2.1706 (2.1728)  manuloss: 1.2898 (1.3138)  acc1: 18.7500 (18.6198)  acc5: 37.8906 (37.5000)  family_acc1: 56.2500 (58.7240)  manu_acc1: 73.0469 (72.2656)  time: 2.1951  data: 1.9904  max mem: 11381
Test:  [  3/391]  eta: 0:10:57  sploss: 5.2651 (5.3227)  famloss: 2.1706 (2.2404)  manuloss: 1.2898 (1.3548)  acc1: 17.9688 (17.8711)  acc5: 35.5469 (36.5234)  family_acc1: 56.2500 (56.7383)  manu_acc1: 69.1406 (71.4844)  time: 1.6955  data: 1.4929  max mem: 11381
Test:  [  4/391]  eta: 0:09:01  sploss: 5.3331 (5.3399)  famloss: 2.3780 (2.2980)  manuloss: 1.4778 (1.4025)  acc1: 18.7500 (18.5156)  acc5: 37.8906 (37.1875)  family_acc1: 56.2500 (55.3125)  manu_acc1: 69.1406 (70.3906)  time: 1.3981  data: 1.1944  max mem: 11381
Test:  [  5/391]  eta: 0:07:42  sploss: 5.2651 (5.3099)  famloss: 2.3780 (2.3335)  manuloss: 1.4778 (1.4233)  acc1: 18.7500 (18.7500)  acc5: 37.8906 (37.3698)  family_acc1: 50.7812 (54.1016)  manu_acc1: 68.3594 (70.0521)  time: 1.1979  data: 0.9954  max mem: 11381
Test:  [  6/391]  eta: 0:06:45  sploss: 5.2651 (5.2739)  famloss: 2.3780 (2.3127)  manuloss: 1.4778 (1.4085)  acc1: 19.1406 (19.8661)  acc5: 38.2812 (38.3929)  family_acc1: 55.8594 (54.3527)  manu_acc1: 69.1406 (70.4241)  time: 1.0529  data: 0.8532  max mem: 11381
Test:  [  7/391]  eta: 0:06:02  sploss: 5.2651 (5.3024)  famloss: 2.2672 (2.3071)  manuloss: 1.4778 (1.4262)  acc1: 18.7500 (19.3848)  acc5: 37.8906 (37.7930)  family_acc1: 55.0781 (54.4434)  manu_acc1: 68.3594 (69.9219)  time: 0.9444  data: 0.7466  max mem: 11381
Test:  [  8/391]  eta: 0:05:30  sploss: 5.3331 (5.3677)  famloss: 2.3780 (2.4159)  manuloss: 1.5274 (1.5278)  acc1: 18.7500 (18.6632)  acc5: 37.8906 (36.8490)  family_acc1: 55.0781 (52.5608)  manu_acc1: 68.3594 (67.8385)  time: 0.8618  data: 0.6637  max mem: 11381
Test:  [  9/391]  eta: 0:05:03  sploss: 5.3331 (5.4029)  famloss: 2.3780 (2.4551)  manuloss: 1.5274 (1.5568)  acc1: 18.3594 (18.6328)  acc5: 35.5469 (36.6406)  family_acc1: 50.7812 (52.2656)  manu_acc1: 67.1875 (67.1484)  time: 0.7942  data: 0.5974  max mem: 11381
Test:  [ 10/391]  eta: 0:04:41  sploss: 5.4084 (5.4136)  famloss: 2.4433 (2.4654)  manuloss: 1.5502 (1.5606)  acc1: 18.7500 (18.6435)  acc5: 35.5469 (36.5057)  family_acc1: 50.7812 (51.8466)  manu_acc1: 67.1875 (67.0810)  time: 0.7386  data: 0.5431  max mem: 11381
Test:  [ 11/391]  eta: 0:04:23  sploss: 5.3331 (5.4036)  famloss: 2.3780 (2.4473)  manuloss: 1.5274 (1.5482)  acc1: 18.7500 (18.8802)  acc5: 35.5469 (36.7188)  family_acc1: 50.7812 (52.1159)  manu_acc1: 67.1875 (67.4479)  time: 0.6930  data: 0.4979  max mem: 11381
Test:  [ 12/391]  eta: 0:05:32  sploss: 5.4084 (5.4142)  famloss: 2.4433 (2.4495)  manuloss: 1.5274 (1.5417)  acc1: 18.7500 (18.8101)  acc5: 35.5469 (36.4483)  family_acc1: 51.1719 (52.0433)  manu_acc1: 68.3594 (67.5781)  time: 0.8784  data: 0.6779  max mem: 11381
Test:  [ 13/391]  eta: 0:05:15  sploss: 5.4084 (5.4298)  famloss: 2.4433 (2.4703)  manuloss: 1.5274 (1.5534)  acc1: 18.3594 (18.5268)  acc5: 35.1562 (35.9654)  family_acc1: 50.7812 (51.7857)  manu_acc1: 67.1875 (67.3549)  time: 0.8340  data: 0.6295  max mem: 11381
Test:  [ 14/391]  eta: 0:04:58  sploss: 5.4084 (5.4278)  famloss: 2.4433 (2.4484)  manuloss: 1.5274 (1.5357)  acc1: 18.7500 (18.6458)  acc5: 35.5469 (35.9635)  family_acc1: 51.1719 (52.1354)  manu_acc1: 68.3594 (67.8385)  time: 0.7919  data: 0.5876  max mem: 11381
Test:  [ 15/391]  eta: 0:04:43  sploss: 5.4084 (5.4273)  famloss: 2.3780 (2.4350)  manuloss: 1.4778 (1.5267)  acc1: 18.7500 (18.7744)  acc5: 35.1562 (35.9131)  family_acc1: 51.1719 (52.4658)  manu_acc1: 68.3594 (68.1396)  time: 0.7544  data: 0.5509  max mem: 11381
Test:  [ 16/391]  eta: 0:04:30  sploss: 5.4084 (5.4175)  famloss: 2.3780 (2.4300)  manuloss: 1.5021 (1.5252)  acc1: 18.7500 (18.6581)  acc5: 35.5469 (36.0064)  family_acc1: 52.7344 (52.4816)  manu_acc1: 68.7500 (68.1756)  time: 0.7208  data: 0.5185  max mem: 11381
Test:  [ 17/391]  eta: 0:04:18  sploss: 5.3996 (5.4069)  famloss: 2.3494 (2.4120)  manuloss: 1.4778 (1.5152)  acc1: 18.7500 (18.7283)  acc5: 35.5469 (36.2413)  family_acc1: 52.7344 (52.7778)  manu_acc1: 68.7500 (68.3160)  time: 0.6925  data: 0.4897  max mem: 11381
Test:  [ 18/391]  eta: 0:04:09  sploss: 5.3996 (5.3942)  famloss: 2.3494 (2.4017)  manuloss: 1.5021 (1.5177)  acc1: 18.7500 (18.8117)  acc5: 35.9375 (36.3898)  family_acc1: 55.0781 (52.9605)  manu_acc1: 68.7500 (68.0921)  time: 0.6692  data: 0.4639  max mem: 11381
Test:  [ 19/391]  eta: 0:04:00  sploss: 5.3996 (5.4044)  famloss: 2.3494 (2.4073)  manuloss: 1.5021 (1.5290)  acc1: 18.7500 (18.5742)  acc5: 35.5469 (36.1133)  family_acc1: 52.7344 (52.8125)  manu_acc1: 68.3594 (67.9102)  time: 0.6462  data: 0.4408  max mem: 11381
Test:  [ 20/391]  eta: 0:03:51  sploss: 5.4084 (5.4263)  famloss: 2.3780 (2.4179)  manuloss: 1.5274 (1.5361)  acc1: 18.3594 (18.4338)  acc5: 35.1562 (35.8259)  family_acc1: 51.1719 (52.5298)  manu_acc1: 67.1875 (67.7269)  time: 0.3646  data: 0.1595  max mem: 11381
Test:  [ 21/391]  eta: 0:03:44  sploss: 5.4204 (5.4414)  famloss: 2.4433 (2.4345)  manuloss: 1.5274 (1.5474)  acc1: 18.3594 (18.2528)  acc5: 35.1562 (35.6001)  family_acc1: 50.7812 (52.2905)  manu_acc1: 66.4062 (67.5959)  time: 0.3628  data: 0.1584  max mem: 11381
Test:  [ 22/391]  eta: 0:03:36  sploss: 5.4204 (5.4327)  famloss: 2.4433 (2.4340)  manuloss: 1.5502 (1.5478)  acc1: 18.3594 (18.3254)  acc5: 35.1562 (35.8016)  family_acc1: 50.7812 (52.3098)  manu_acc1: 66.4062 (67.5781)  time: 0.3460  data: 0.1423  max mem: 11381
Test:  [ 23/391]  eta: 0:03:30  sploss: 5.4084 (5.4218)  famloss: 2.4754 (2.4393)  manuloss: 1.5560 (1.5598)  acc1: 18.7500 (18.5547)  acc5: 35.1562 (36.0352)  family_acc1: 51.1719 (52.3112)  manu_acc1: 66.4062 (67.3340)  time: 0.3461  data: 0.1423  max mem: 11381
Test:  [ 24/391]  eta: 0:04:02  sploss: 5.3996 (5.4151)  famloss: 2.4234 (2.4335)  manuloss: 1.5560 (1.5618)  acc1: 18.7500 (18.7031)  acc5: 35.1562 (36.2656)  family_acc1: 52.3438 (52.5156)  manu_acc1: 66.4062 (67.2344)  time: 0.4758  data: 0.2713  max mem: 11381
Test:  [ 25/391]  eta: 0:03:55  sploss: 5.3996 (5.4086)  famloss: 2.4234 (2.4349)  manuloss: 1.5619 (1.5688)  acc1: 18.7500 (18.8101)  acc5: 35.1562 (36.3732)  family_acc1: 52.3438 (52.4489)  manu_acc1: 65.2344 (67.1575)  time: 0.4757  data: 0.2713  max mem: 11381
Test:  [ 26/391]  eta: 0:03:49  sploss: 5.3996 (5.3890)  famloss: 2.4234 (2.4310)  manuloss: 1.5619 (1.5668)  acc1: 18.7500 (19.0683)  acc5: 35.1562 (36.7332)  family_acc1: 51.9531 (52.4306)  manu_acc1: 65.2344 (67.1586)  time: 0.4806  data: 0.2759  max mem: 11381
Test:  [ 27/391]  eta: 0:03:43  sploss: 5.3996 (5.3931)  famloss: 2.4687 (2.4379)  manuloss: 1.5986 (1.5740)  acc1: 19.9219 (19.1267)  acc5: 35.1562 (36.6769)  family_acc1: 51.1719 (52.2461)  manu_acc1: 64.8438 (66.9922)  time: 0.4810  data: 0.2759  max mem: 11381
Test:  [ 28/391]  eta: 0:03:37  sploss: 5.3620 (5.3921)  famloss: 2.4234 (2.4302)  manuloss: 1.5619 (1.5673)  acc1: 19.9219 (19.1406)  acc5: 35.9375 (36.7188)  family_acc1: 51.9531 (52.3976)  manu_acc1: 65.2344 (67.0663)  time: 0.4805  data: 0.2759  max mem: 11381
Test:  [ 29/391]  eta: 0:03:31  sploss: 5.3620 (5.3933)  famloss: 2.3494 (2.4263)  manuloss: 1.5560 (1.5667)  acc1: 19.9219 (19.0495)  acc5: 37.1094 (36.7318)  family_acc1: 52.3438 (52.4740)  manu_acc1: 66.4062 (67.0964)  time: 0.4806  data: 0.2759  max mem: 11381
Test:  [ 30/391]  eta: 0:03:26  sploss: 5.2933 (5.3855)  famloss: 2.3322 (2.4233)  manuloss: 1.5510 (1.5587)  acc1: 19.9219 (19.1406)  acc5: 37.5000 (36.9078)  family_acc1: 52.7344 (52.4950)  manu_acc1: 67.1875 (67.2757)  time: 0.4807  data: 0.2758  max mem: 11381
Test:  [ 31/391]  eta: 0:03:21  sploss: 5.3620 (5.3871)  famloss: 2.3432 (2.4208)  manuloss: 1.5510 (1.5548)  acc1: 19.9219 (19.2017)  acc5: 37.5000 (36.9629)  family_acc1: 52.7344 (52.5635)  manu_acc1: 67.1875 (67.3584)  time: 0.4805  data: 0.2758  max mem: 11381
Test:  [ 32/391]  eta: 0:03:16  sploss: 5.2598 (5.3782)  famloss: 2.3322 (2.4105)  manuloss: 1.5510 (1.5431)  acc1: 20.3125 (19.3182)  acc5: 37.8906 (37.1449)  family_acc1: 52.7344 (52.7817)  manu_acc1: 67.1875 (67.6373)  time: 0.3341  data: 0.1340  max mem: 11381
Test:  [ 33/391]  eta: 0:03:12  sploss: 5.2548 (5.3734)  famloss: 2.3303 (2.3972)  manuloss: 1.5130 (1.5324)  acc1: 20.3125 (19.3359)  acc5: 37.8906 (37.1324)  family_acc1: 53.1250 (53.0561)  manu_acc1: 67.1875 (67.9343)  time: 0.3302  data: 0.1340  max mem: 11381
Test:  [ 34/391]  eta: 0:03:08  sploss: 5.2548 (5.3726)  famloss: 2.3303 (2.3914)  manuloss: 1.5130 (1.5241)  acc1: 19.9219 (19.3415)  acc5: 37.8906 (37.0647)  family_acc1: 53.1250 (53.1808)  manu_acc1: 67.1875 (68.1138)  time: 0.3288  data: 0.1340  max mem: 11381
Test:  [ 35/391]  eta: 0:03:04  sploss: 5.2464 (5.3640)  famloss: 2.3303 (2.3843)  manuloss: 1.5130 (1.5207)  acc1: 19.9219 (19.3251)  acc5: 38.6719 (37.2287)  family_acc1: 53.1250 (53.4071)  manu_acc1: 67.1875 (68.1858)  time: 0.3286  data: 0.1340  max mem: 11381
Test:  [ 36/391]  eta: 0:03:26  sploss: 5.2464 (5.3668)  famloss: 2.3215 (2.3826)  manuloss: 1.5146 (1.5206)  acc1: 19.9219 (19.3412)  acc5: 38.6719 (37.2044)  family_acc1: 54.6875 (53.4628)  manu_acc1: 67.1875 (68.1799)  time: 0.4641  data: 0.2663  max mem: 11381
Test:  [ 37/391]  eta: 0:03:22  sploss: 5.2548 (5.3747)  famloss: 2.3303 (2.3913)  manuloss: 1.5510 (1.5287)  acc1: 19.9219 (19.2331)  acc5: 37.8906 (37.0271)  family_acc1: 53.1250 (53.2998)  manu_acc1: 67.1875 (68.0304)  time: 0.4642  data: 0.2663  max mem: 11381
Test:  [ 38/391]  eta: 0:03:19  sploss: 5.3476 (5.3793)  famloss: 2.3322 (2.3907)  manuloss: 1.5510 (1.5311)  acc1: 19.9219 (19.1607)  acc5: 37.1094 (36.9892)  family_acc1: 53.1250 (53.3153)  manu_acc1: 67.1875 (67.9187)  time: 0.4654  data: 0.2709  max mem: 11381
Test:  [ 39/391]  eta: 0:03:15  sploss: 5.3476 (5.3853)  famloss: 2.3322 (2.3938)  manuloss: 1.5510 (1.5322)  acc1: 19.9219 (19.1211)  acc5: 37.1094 (36.8945)  family_acc1: 53.1250 (53.2520)  manu_acc1: 67.1875 (67.9395)  time: 0.4645  data: 0.2709  max mem: 11381
Test:  [ 40/391]  eta: 0:03:11  sploss: 5.3476 (5.3925)  famloss: 2.3322 (2.3953)  manuloss: 1.5510 (1.5340)  acc1: 19.9219 (19.0263)  acc5: 37.1094 (36.8331)  family_acc1: 53.1250 (53.1917)  manu_acc1: 67.9688 (67.9402)  time: 0.4637  data: 0.2709  max mem: 11381
Test:  [ 41/391]  eta: 0:03:08  sploss: 5.3476 (5.3970)  famloss: 2.3322 (2.3951)  manuloss: 1.5146 (1.5330)  acc1: 19.9219 (18.9174)  acc5: 37.1094 (36.7374)  family_acc1: 53.1250 (53.1622)  manu_acc1: 67.9688 (67.9222)  time: 0.4639  data: 0.2709  max mem: 11381
Test:  [ 42/391]  eta: 0:03:04  sploss: 5.3476 (5.3930)  famloss: 2.3303 (2.3924)  manuloss: 1.5130 (1.5296)  acc1: 19.9219 (19.0044)  acc5: 37.1094 (36.7823)  family_acc1: 53.9062 (53.2703)  manu_acc1: 67.9688 (68.0323)  time: 0.4639  data: 0.2709  max mem: 11381
Test:  [ 43/391]  eta: 0:03:01  sploss: 5.3620 (5.3946)  famloss: 2.3303 (2.3925)  manuloss: 1.4925 (1.5284)  acc1: 19.5312 (18.9542)  acc5: 36.7188 (36.7099)  family_acc1: 53.9062 (53.2848)  manu_acc1: 67.9688 (68.0309)  time: 0.4634  data: 0.2709  max mem: 11381
Test:  [ 44/391]  eta: 0:02:58  sploss: 5.4298 (5.3973)  famloss: 2.3322 (2.3930)  manuloss: 1.4752 (1.5272)  acc1: 19.5312 (18.9323)  acc5: 36.3281 (36.6753)  family_acc1: 53.9062 (53.3160)  manu_acc1: 67.9688 (68.0469)  time: 0.3329  data: 0.1419  max mem: 11381
Test:  [ 45/391]  eta: 0:02:55  sploss: 5.4298 (5.3942)  famloss: 2.3322 (2.3973)  manuloss: 1.4752 (1.5290)  acc1: 19.5312 (18.9963)  acc5: 36.3281 (36.8037)  family_acc1: 53.9062 (53.2694)  manu_acc1: 67.9688 (68.0027)  time: 0.3332  data: 0.1419  max mem: 11381
Test:  [ 46/391]  eta: 0:02:52  sploss: 5.4298 (5.3939)  famloss: 2.3432 (2.3998)  manuloss: 1.4752 (1.5291)  acc1: 18.7500 (18.9744)  acc5: 36.3281 (36.8434)  family_acc1: 53.9062 (53.1333)  manu_acc1: 67.9688 (67.9355)  time: 0.3286  data: 0.1373  max mem: 11381
Test:  [ 47/391]  eta: 0:02:50  sploss: 5.3819 (5.3885)  famloss: 2.3432 (2.3991)  manuloss: 1.4752 (1.5297)  acc1: 18.7500 (19.0837)  acc5: 36.7188 (36.9873)  family_acc1: 53.9062 (53.0924)  manu_acc1: 68.3594 (67.9443)  time: 0.3285  data: 0.1373  max mem: 11381
Test:  [ 48/391]  eta: 0:03:07  sploss: 5.4298 (5.3908)  famloss: 2.3650 (2.3991)  manuloss: 1.4925 (1.5300)  acc1: 17.9688 (19.0609)  acc5: 36.3281 (36.9739)  family_acc1: 53.9062 (53.0851)  manu_acc1: 67.9688 (67.9448)  time: 0.4675  data: 0.2717  max mem: 11381
Test:  [ 49/391]  eta: 0:03:04  sploss: 5.3819 (5.3888)  famloss: 2.3701 (2.4000)  manuloss: 1.4925 (1.5318)  acc1: 18.7500 (19.1094)  acc5: 36.3281 (37.0078)  family_acc1: 53.1250 (53.0781)  manu_acc1: 67.9688 (67.8750)  time: 0.4715  data: 0.2717  max mem: 11381
Test:  [ 50/391]  eta: 0:03:01  sploss: 5.3819 (5.3838)  famloss: 2.3890 (2.4002)  manuloss: 1.5146 (1.5327)  acc1: 18.7500 (19.1789)  acc5: 36.3281 (37.1094)  family_acc1: 52.7344 (53.0714)  manu_acc1: 67.9688 (67.7773)  time: 0.4720  data: 0.2717  max mem: 11381
Test:  [ 51/391]  eta: 0:02:59  sploss: 5.3819 (5.3868)  famloss: 2.3955 (2.4041)  manuloss: 1.5347 (1.5380)  acc1: 17.9688 (19.1406)  acc5: 36.3281 (37.0343)  family_acc1: 52.7344 (52.9447)  manu_acc1: 67.9688 (67.6382)  time: 0.4727  data: 0.2717  max mem: 11381
Test:  [ 52/391]  eta: 0:02:56  sploss: 5.3819 (5.3837)  famloss: 2.3960 (2.4056)  manuloss: 1.5423 (1.5402)  acc1: 17.9688 (19.1480)  acc5: 36.3281 (37.1167)  family_acc1: 52.7344 (52.8670)  manu_acc1: 67.9688 (67.5781)  time: 0.4736  data: 0.2717  max mem: 11381
Test:  [ 53/391]  eta: 0:02:53  sploss: 5.3819 (5.3835)  famloss: 2.4084 (2.4070)  manuloss: 1.5605 (1.5428)  acc1: 17.9688 (19.1551)  acc5: 36.3281 (37.1021)  family_acc1: 51.9531 (52.8139)  manu_acc1: 67.1875 (67.5203)  time: 0.4743  data: 0.2717  max mem: 11381
Test:  [ 54/391]  eta: 0:02:51  sploss: 5.3819 (5.3824)  famloss: 2.4156 (2.4086)  manuloss: 1.5605 (1.5415)  acc1: 17.9688 (19.2188)  acc5: 36.3281 (37.1804)  family_acc1: 51.9531 (52.8125)  manu_acc1: 67.1875 (67.5639)  time: 0.4751  data: 0.2717  max mem: 11381
Test:  [ 55/391]  eta: 0:02:48  sploss: 5.4619 (5.3845)  famloss: 2.4156 (2.4071)  manuloss: 1.5772 (1.5435)  acc1: 17.9688 (19.1685)  acc5: 36.3281 (37.1094)  family_acc1: 51.9531 (52.8181)  manu_acc1: 66.0156 (67.5223)  time: 0.4752  data: 0.2717  max mem: 11381
Test:  [ 56/391]  eta: 0:02:46  sploss: 5.4619 (5.3860)  famloss: 2.4156 (2.4057)  manuloss: 1.5772 (1.5440)  acc1: 17.9688 (19.1406)  acc5: 36.3281 (37.1162)  family_acc1: 51.1719 (52.7618)  manu_acc1: 65.6250 (67.4890)  time: 0.3403  data: 0.1394  max mem: 11381
Test:  [ 57/391]  eta: 0:02:44  sploss: 5.3819 (5.3838)  famloss: 2.4084 (2.4052)  manuloss: 1.5727 (1.5427)  acc1: 17.9688 (19.1945)  acc5: 36.3281 (37.1228)  family_acc1: 51.9531 (52.7748)  manu_acc1: 66.0156 (67.4838)  time: 0.3391  data: 0.1394  max mem: 11381
Test:  [ 58/391]  eta: 0:02:42  sploss: 5.3753 (5.3824)  famloss: 2.4084 (2.4013)  manuloss: 1.5605 (1.5400)  acc1: 17.9688 (19.2664)  acc5: 36.7188 (37.1160)  family_acc1: 51.9531 (52.8535)  manu_acc1: 67.1875 (67.5715)  time: 0.3347  data: 0.1348  max mem: 11381
Test:  [ 59/391]  eta: 0:02:39  sploss: 5.3210 (5.3774)  famloss: 2.3960 (2.3979)  manuloss: 1.5423 (1.5380)  acc1: 19.5312 (19.3034)  acc5: 37.5000 (37.1615)  family_acc1: 51.9531 (52.8385)  manu_acc1: 67.1875 (67.5781)  time: 0.3346  data: 0.1348  max mem: 11381
Test:  [ 60/391]  eta: 0:02:52  sploss: 5.3016 (5.3712)  famloss: 2.3955 (2.3940)  manuloss: 1.5347 (1.5353)  acc1: 19.5312 (19.3327)  acc5: 37.5000 (37.2439)  family_acc1: 52.7344 (52.9905)  manu_acc1: 67.1875 (67.6358)  time: 0.4672  data: 0.2644  max mem: 11381
Test:  [ 61/391]  eta: 0:02:49  sploss: 5.2951 (5.3682)  famloss: 2.3955 (2.3907)  manuloss: 1.5347 (1.5314)  acc1: 19.5312 (19.3170)  acc5: 37.8906 (37.2543)  family_acc1: 52.7344 (53.0116)  manu_acc1: 67.1875 (67.6726)  time: 0.4670  data: 0.2644  max mem: 11381
Test:  [ 62/391]  eta: 0:02:47  sploss: 5.3016 (5.3694)  famloss: 2.3960 (2.3912)  manuloss: 1.5423 (1.5340)  acc1: 19.5312 (19.2584)  acc5: 37.5000 (37.2334)  family_acc1: 52.7344 (52.9886)  manu_acc1: 66.0156 (67.5409)  time: 0.4674  data: 0.2644  max mem: 11381
Test:  [ 63/391]  eta: 0:02:45  sploss: 5.2951 (5.3666)  famloss: 2.3955 (2.3897)  manuloss: 1.5605 (1.5347)  acc1: 19.5312 (19.2749)  acc5: 37.8906 (37.2620)  family_acc1: 52.7344 (53.0823)  manu_acc1: 65.6250 (67.5049)  time: 0.4675  data: 0.2644  max mem: 11381
Test:  [ 64/391]  eta: 0:02:43  sploss: 5.2951 (5.3659)  famloss: 2.3955 (2.3912)  manuloss: 1.5605 (1.5327)  acc1: 20.3125 (19.3089)  acc5: 37.8906 (37.2656)  family_acc1: 51.9531 (52.9988)  manu_acc1: 65.6250 (67.5481)  time: 0.4676  data: 0.2644  max mem: 11381
Test:  [ 65/391]  eta: 0:02:41  sploss: 5.2951 (5.3624)  famloss: 2.3819 (2.3894)  manuloss: 1.5423 (1.5321)  acc1: 20.3125 (19.3596)  acc5: 37.8906 (37.2929)  family_acc1: 52.7344 (53.0125)  manu_acc1: 65.6250 (67.5485)  time: 0.4672  data: 0.2644  max mem: 11381
Test:  [ 66/391]  eta: 0:02:39  sploss: 5.2951 (5.3622)  famloss: 2.3819 (2.3899)  manuloss: 1.5423 (1.5303)  acc1: 20.3125 (19.3389)  acc5: 37.5000 (37.2959)  family_acc1: 52.7344 (53.0084)  manu_acc1: 67.1875 (67.5840)  time: 0.4672  data: 0.2644  max mem: 11381
Test:  [ 67/391]  eta: 0:02:37  sploss: 5.2951 (5.3581)  famloss: 2.3819 (2.3868)  manuloss: 1.4909 (1.5273)  acc1: 20.3125 (19.3819)  acc5: 37.5000 (37.3219)  family_acc1: 52.7344 (53.0733)  manu_acc1: 67.1875 (67.6356)  time: 0.4670  data: 0.2644  max mem: 11381
Test:  [ 68/391]  eta: 0:02:35  sploss: 5.2541 (5.3552)  famloss: 2.3252 (2.3829)  manuloss: 1.4708 (1.5257)  acc1: 21.0938 (19.4293)  acc5: 37.8906 (37.3471)  family_acc1: 52.7344 (53.1250)  manu_acc1: 67.1875 (67.6857)  time: 0.3277  data: 0.1300  max mem: 11381
Test:  [ 69/391]  eta: 0:02:33  sploss: 5.2541 (5.3557)  famloss: 2.3252 (2.3840)  manuloss: 1.4708 (1.5255)  acc1: 21.0938 (19.4754)  acc5: 37.5000 (37.3493)  family_acc1: 52.7344 (53.1250)  manu_acc1: 67.1875 (67.6618)  time: 0.3233  data: 0.1300  max mem: 11381
Test:  [ 70/391]  eta: 0:02:32  sploss: 5.3016 (5.3561)  famloss: 2.3214 (2.3828)  manuloss: 1.4693 (1.5245)  acc1: 20.7031 (19.4927)  acc5: 37.5000 (37.3294)  family_acc1: 53.1250 (53.1305)  manu_acc1: 67.5781 (67.6772)  time: 0.3227  data: 0.1300  max mem: 11381
Test:  [ 71/391]  eta: 0:02:30  sploss: 5.2541 (5.3498)  famloss: 2.2956 (2.3759)  manuloss: 1.4569 (1.5204)  acc1: 21.0938 (19.5312)  acc5: 37.5000 (37.4674)  family_acc1: 53.1250 (53.2715)  manu_acc1: 67.9688 (67.7789)  time: 0.3220  data: 0.1300  max mem: 11381
Test:  [ 72/391]  eta: 0:02:40  sploss: 5.2802 (5.3488)  famloss: 2.2956 (2.3742)  manuloss: 1.4236 (1.5166)  acc1: 21.0938 (19.5473)  acc5: 37.5000 (37.4625)  family_acc1: 53.5156 (53.2855)  manu_acc1: 68.7500 (67.8885)  time: 0.4590  data: 0.2650  max mem: 11381
Test:  [ 73/391]  eta: 0:02:38  sploss: 5.2802 (5.3503)  famloss: 2.2747 (2.3702)  manuloss: 1.4146 (1.5125)  acc1: 21.0938 (19.5154)  acc5: 37.5000 (37.4367)  family_acc1: 53.5156 (53.3256)  manu_acc1: 69.9219 (67.9951)  time: 0.4606  data: 0.2650  max mem: 11381
Test:  [ 74/391]  eta: 0:02:37  sploss: 5.2541 (5.3470)  famloss: 2.2528 (2.3670)  manuloss: 1.4129 (1.5097)  acc1: 21.0938 (19.5990)  acc5: 37.5000 (37.5208)  family_acc1: 53.9062 (53.3750)  manu_acc1: 69.9219 (68.0469)  time: 0.4605  data: 0.2650  max mem: 11381
Test:  [ 75/391]  eta: 0:02:35  sploss: 5.2541 (5.3476)  famloss: 2.2528 (2.3684)  manuloss: 1.4129 (1.5108)  acc1: 21.0938 (19.5569)  acc5: 37.5000 (37.4794)  family_acc1: 53.9062 (53.3306)  manu_acc1: 69.9219 (67.9996)  time: 0.4606  data: 0.2650  max mem: 11381
Test:  [ 76/391]  eta: 0:02:33  sploss: 5.2541 (5.3501)  famloss: 2.2528 (2.3674)  manuloss: 1.4129 (1.5100)  acc1: 21.0938 (19.5566)  acc5: 37.5000 (37.4746)  family_acc1: 54.2969 (53.3634)  manu_acc1: 69.9219 (68.0347)  time: 0.4604  data: 0.2650  max mem: 11381
Test:  [ 77/391]  eta: 0:02:31  sploss: 5.2802 (5.3541)  famloss: 2.2313 (2.3657)  manuloss: 1.4053 (1.5075)  acc1: 20.7031 (19.5262)  acc5: 37.5000 (37.4299)  family_acc1: 54.2969 (53.3854)  manu_acc1: 70.3125 (68.0889)  time: 0.4604  data: 0.2650  max mem: 11381
Test:  [ 78/391]  eta: 0:02:30  sploss: 5.2802 (5.3542)  famloss: 2.2528 (2.3648)  manuloss: 1.4129 (1.5072)  acc1: 20.7031 (19.4966)  acc5: 37.5000 (37.3962)  family_acc1: 54.2969 (53.4167)  manu_acc1: 70.3125 (68.1171)  time: 0.4605  data: 0.2650  max mem: 11381
Test:  [ 79/391]  eta: 0:02:28  sploss: 5.3189 (5.3557)  famloss: 2.2747 (2.3670)  manuloss: 1.4129 (1.5071)  acc1: 20.3125 (19.4775)  acc5: 37.5000 (37.3633)  family_acc1: 54.2969 (53.3838)  manu_acc1: 70.3125 (68.1396)  time: 0.4604  data: 0.2650  max mem: 11381
Test:  [ 80/391]  eta: 0:02:27  sploss: 5.3542 (5.3598)  famloss: 2.2941 (2.3700)  manuloss: 1.4146 (1.5071)  acc1: 19.5312 (19.4300)  acc5: 37.1094 (37.2830)  family_acc1: 54.2969 (53.2890)  manu_acc1: 69.9219 (68.1424)  time: 0.3280  data: 0.1354  max mem: 11381
Test:  [ 81/391]  eta: 0:02:25  sploss: 5.3665 (5.3626)  famloss: 2.2956 (2.3691)  manuloss: 1.4525 (1.5074)  acc1: 19.5312 (19.3979)  acc5: 37.1094 (37.1999)  family_acc1: 54.2969 (53.3298)  manu_acc1: 70.3125 (68.1736)  time: 0.3274  data: 0.1354  max mem: 11381
Test:  [ 82/391]  eta: 0:02:23  sploss: 5.3665 (5.3656)  famloss: 2.2956 (2.3740)  manuloss: 1.4525 (1.5108)  acc1: 19.5312 (19.3854)  acc5: 37.1094 (37.1423)  family_acc1: 54.2969 (53.2097)  manu_acc1: 70.3125 (68.0911)  time: 0.3273  data: 0.1354  max mem: 11381
Test:  [ 83/391]  eta: 0:02:22  sploss: 5.3809 (5.3663)  famloss: 2.2956 (2.3755)  manuloss: 1.4525 (1.5124)  acc1: 18.3594 (19.3638)  acc5: 36.7188 (37.1373)  family_acc1: 53.9062 (53.1762)  manu_acc1: 70.3125 (68.0618)  time: 0.3271  data: 0.1354  max mem: 11381
Test:  [ 84/391]  eta: 0:02:31  sploss: 5.3809 (5.3657)  famloss: 2.2956 (2.3786)  manuloss: 1.4569 (1.5127)  acc1: 18.3594 (19.3566)  acc5: 36.7188 (37.1324)  family_acc1: 53.9062 (53.1480)  manu_acc1: 69.9219 (68.0515)  time: 0.4714  data: 0.2763  max mem: 11381
Test:  [ 85/391]  eta: 0:02:29  sploss: 5.3809 (5.3656)  famloss: 2.2959 (2.3819)  manuloss: 1.4569 (1.5142)  acc1: 18.3594 (19.3723)  acc5: 35.9375 (37.1139)  family_acc1: 53.5156 (53.0660)  manu_acc1: 69.9219 (68.0051)  time: 0.4718  data: 0.2763  max mem: 11381
Test:  [ 86/391]  eta: 0:02:28  sploss: 5.3809 (5.3639)  famloss: 2.2956 (2.3793)  manuloss: 1.4569 (1.5114)  acc1: 18.7500 (19.4280)  acc5: 35.9375 (37.1453)  family_acc1: 54.2969 (53.1205)  manu_acc1: 70.3125 (68.0765)  time: 0.4717  data: 0.2763  max mem: 11381
Test:  [ 87/391]  eta: 0:02:26  sploss: 5.3954 (5.3655)  famloss: 2.2959 (2.3805)  manuloss: 1.4819 (1.5111)  acc1: 18.7500 (19.4469)  acc5: 35.5469 (37.1094)  family_acc1: 53.5156 (53.0806)  manu_acc1: 69.9219 (68.0886)  time: 0.4716  data: 0.2762  max mem: 11381
Test:  [ 88/391]  eta: 0:02:25  sploss: 5.3954 (5.3636)  famloss: 2.2959 (2.3786)  manuloss: 1.4819 (1.5100)  acc1: 18.7500 (19.4391)  acc5: 35.5469 (37.1445)  family_acc1: 53.5156 (53.1250)  manu_acc1: 69.1406 (68.0916)  time: 0.4716  data: 0.2762  max mem: 11381
Test:  [ 89/391]  eta: 0:02:23  sploss: 5.3809 (5.3638)  famloss: 2.2959 (2.3793)  manuloss: 1.4569 (1.5088)  acc1: 18.3594 (19.4141)  acc5: 35.5469 (37.1094)  family_acc1: 54.2969 (53.1380)  manu_acc1: 69.9219 (68.1337)  time: 0.4719  data: 0.2762  max mem: 11381
Test:  [ 90/391]  eta: 0:02:22  sploss: 5.3954 (5.3658)  famloss: 2.2982 (2.3790)  manuloss: 1.4525 (1.5077)  acc1: 17.9688 (19.3982)  acc5: 34.7656 (37.0707)  family_acc1: 54.2969 (53.1293)  manu_acc1: 70.3125 (68.1576)  time: 0.4722  data: 0.2762  max mem: 11381
Test:  [ 91/391]  eta: 0:02:21  sploss: 5.4207 (5.3679)  famloss: 2.3563 (2.3817)  manuloss: 1.4819 (1.5095)  acc1: 17.9688 (19.3487)  acc5: 34.7656 (37.0414)  family_acc1: 52.7344 (53.1250)  manu_acc1: 69.9219 (68.1258)  time: 0.4726  data: 0.2762  max mem: 11381
Test:  [ 92/391]  eta: 0:02:19  sploss: 5.4552 (5.3690)  famloss: 2.4394 (2.3853)  manuloss: 1.4870 (1.5109)  acc1: 17.5781 (19.3170)  acc5: 34.7656 (37.0170)  family_acc1: 52.3438 (53.0578)  manu_acc1: 69.1406 (68.1032)  time: 0.3359  data: 0.1412  max mem: 11381
Test:  [ 93/391]  eta: 0:02:18  sploss: 5.4718 (5.3716)  famloss: 2.4394 (2.3847)  manuloss: 1.4870 (1.5094)  acc1: 17.9688 (19.3193)  acc5: 34.7656 (36.9930)  family_acc1: 51.9531 (53.0460)  manu_acc1: 69.1406 (68.1267)  time: 0.3341  data: 0.1412  max mem: 11381
Test:  [ 94/391]  eta: 0:02:17  sploss: 5.4767 (5.3752)  famloss: 2.4739 (2.3860)  manuloss: 1.4996 (1.5094)  acc1: 17.5781 (19.2969)  acc5: 34.3750 (36.9655)  family_acc1: 51.9531 (53.0428)  manu_acc1: 68.3594 (68.1086)  time: 0.3341  data: 0.1412  max mem: 11381
Test:  [ 95/391]  eta: 0:02:15  sploss: 5.4767 (5.3740)  famloss: 2.4768 (2.3869)  manuloss: 1.4996 (1.5103)  acc1: 17.9688 (19.3156)  acc5: 34.7656 (36.9792)  family_acc1: 51.9531 (52.9948)  manu_acc1: 68.3594 (68.0705)  time: 0.3338  data: 0.1412  max mem: 11381
Test:  [ 96/391]  eta: 0:02:22  sploss: 5.4718 (5.3733)  famloss: 2.4774 (2.3880)  manuloss: 1.5038 (1.5116)  acc1: 17.9688 (19.3500)  acc5: 34.7656 (36.9725)  family_acc1: 50.7812 (52.9679)  manu_acc1: 68.3594 (68.0292)  time: 0.4589  data: 0.2658  max mem: 11381
Test:  [ 97/391]  eta: 0:02:20  sploss: 5.4718 (5.3745)  famloss: 2.4916 (2.3896)  manuloss: 1.5128 (1.5137)  acc1: 17.9688 (19.3160)  acc5: 34.7656 (36.9579)  family_acc1: 50.7812 (52.8938)  manu_acc1: 67.1875 (67.9568)  time: 0.4587  data: 0.2658  max mem: 11381
Test:  [ 98/391]  eta: 0:02:19  sploss: 5.4767 (5.3771)  famloss: 2.4950 (2.3930)  manuloss: 1.5313 (1.5171)  acc1: 17.9688 (19.3182)  acc5: 34.7656 (36.9318)  family_acc1: 50.3906 (52.8567)  manu_acc1: 66.4062 (67.8780)  time: 0.4587  data: 0.2658  max mem: 11381
Test:  [ 99/391]  eta: 0:02:18  sploss: 5.4767 (5.3760)  famloss: 2.4916 (2.3929)  manuloss: 1.5352 (1.5188)  acc1: 18.3594 (19.3242)  acc5: 34.3750 (36.8945)  family_acc1: 50.3906 (52.8164)  manu_acc1: 66.0156 (67.8359)  time: 0.4587  data: 0.2658  max mem: 11381
Test:  [100/391]  eta: 0:02:16  sploss: 5.4207 (5.3755)  famloss: 2.4774 (2.3937)  manuloss: 1.5446 (1.5190)  acc1: 18.7500 (19.3379)  acc5: 34.7656 (36.9237)  family_acc1: 50.3906 (52.8117)  manu_acc1: 66.0156 (67.8411)  time: 0.4587  data: 0.2658  max mem: 11381
Test:  [101/391]  eta: 0:02:15  sploss: 5.3796 (5.3747)  famloss: 2.4774 (2.3943)  manuloss: 1.5973 (1.5205)  acc1: 18.7500 (19.3474)  acc5: 34.7656 (36.9141)  family_acc1: 50.3906 (52.7995)  manu_acc1: 65.6250 (67.8079)  time: 0.4593  data: 0.2658  max mem: 11381
Test:  [102/391]  eta: 0:02:14  sploss: 5.3619 (5.3745)  famloss: 2.4774 (2.3961)  manuloss: 1.5973 (1.5225)  acc1: 19.1406 (19.3454)  acc5: 35.5469 (36.9273)  family_acc1: 50.3906 (52.7533)  manu_acc1: 65.6250 (67.7640)  time: 0.4614  data: 0.2658  max mem: 11381
Test:  [103/391]  eta: 0:02:13  sploss: 5.3619 (5.3757)  famloss: 2.4768 (2.3954)  manuloss: 1.5654 (1.5230)  acc1: 19.1406 (19.3059)  acc5: 35.1562 (36.9103)  family_acc1: 50.7812 (52.7719)  manu_acc1: 66.0156 (67.7584)  time: 0.4638  data: 0.2658  max mem: 11381
Test:  [104/391]  eta: 0:02:12  sploss: 5.3796 (5.3757)  famloss: 2.4768 (2.3980)  manuloss: 1.5973 (1.5246)  acc1: 19.1406 (19.2820)  acc5: 35.1562 (36.9048)  family_acc1: 50.3906 (52.6897)  manu_acc1: 65.2344 (67.7269)  time: 0.3212  data: 0.1250  max mem: 11381
Test:  [105/391]  eta: 0:02:11  sploss: 5.3849 (5.3760)  famloss: 2.4768 (2.3993)  manuloss: 1.5973 (1.5259)  acc1: 19.1406 (19.2880)  acc5: 35.1562 (36.9030)  family_acc1: 51.5625 (52.6791)  manu_acc1: 66.0156 (67.7108)  time: 0.3214  data: 0.1250  max mem: 11381
Test:  [106/391]  eta: 0:02:09  sploss: 5.4003 (5.3792)  famloss: 2.4774 (2.4021)  manuloss: 1.6331 (1.5270)  acc1: 18.7500 (19.2501)  acc5: 34.7656 (36.8611)  family_acc1: 50.3906 (52.6285)  manu_acc1: 65.2344 (67.6876)  time: 0.3218  data: 0.1250  max mem: 11381
Test:  [107/391]  eta: 0:02:08  sploss: 5.4003 (5.3806)  famloss: 2.4916 (2.4032)  manuloss: 1.6331 (1.5275)  acc1: 17.9688 (19.2093)  acc5: 34.7656 (36.8345)  family_acc1: 50.3906 (52.6078)  manu_acc1: 65.2344 (67.6794)  time: 0.3220  data: 0.1250  max mem: 11381
Test:  [108/391]  eta: 0:02:15  sploss: 5.4767 (5.3818)  famloss: 2.5019 (2.4059)  manuloss: 1.6403 (1.5312)  acc1: 17.9688 (19.2123)  acc5: 34.7656 (36.8227)  family_acc1: 50.3906 (52.5659)  manu_acc1: 65.2344 (67.6032)  time: 0.4673  data: 0.2666  max mem: 11381
Test:  [109/391]  eta: 0:02:14  sploss: 5.4904 (5.3841)  famloss: 2.5278 (2.4078)  manuloss: 1.6444 (1.5339)  acc1: 17.9688 (19.1761)  acc5: 34.7656 (36.8004)  family_acc1: 49.2188 (52.5355)  manu_acc1: 64.4531 (67.5355)  time: 0.4707  data: 0.2666  max mem: 11381
Test:  [110/391]  eta: 0:02:12  sploss: 5.4904 (5.3871)  famloss: 2.5278 (2.4088)  manuloss: 1.6632 (1.5367)  acc1: 17.1875 (19.1477)  acc5: 34.7656 (36.7645)  family_acc1: 49.2188 (52.5127)  manu_acc1: 64.4531 (67.4655)  time: 0.4713  data: 0.2666  max mem: 11381
Test:  [111/391]  eta: 0:02:11  sploss: 5.4767 (5.3876)  famloss: 2.5172 (2.4092)  manuloss: 1.6632 (1.5388)  acc1: 17.1875 (19.1232)  acc5: 34.7656 (36.7467)  family_acc1: 49.2188 (52.4798)  manu_acc1: 64.4531 (67.4142)  time: 0.4715  data: 0.2666  max mem: 11381
Test:  [112/391]  eta: 0:02:10  sploss: 5.4402 (5.3878)  famloss: 2.5125 (2.4101)  manuloss: 1.6739 (1.5406)  acc1: 18.7500 (19.1199)  acc5: 34.7656 (36.7118)  family_acc1: 49.2188 (52.4682)  manu_acc1: 64.0625 (67.3603)  time: 0.4711  data: 0.2666  max mem: 11381
Test:  [113/391]  eta: 0:02:09  sploss: 5.4144 (5.3878)  famloss: 2.5172 (2.4113)  manuloss: 1.6824 (1.5430)  acc1: 17.1875 (19.0961)  acc5: 35.1562 (36.7085)  family_acc1: 49.2188 (52.4637)  manu_acc1: 63.6719 (67.3246)  time: 0.4735  data: 0.2666  max mem: 11381
Test:  [114/391]  eta: 0:02:08  sploss: 5.4003 (5.3862)  famloss: 2.5172 (2.4114)  manuloss: 1.6912 (1.5443)  acc1: 17.9688 (19.0863)  acc5: 35.5469 (36.7255)  family_acc1: 49.2188 (52.4592)  manu_acc1: 63.6719 (67.3098)  time: 0.4756  data: 0.2666  max mem: 11381
Test:  [115/391]  eta: 0:02:07  sploss: 5.4003 (5.3842)  famloss: 2.5172 (2.4106)  manuloss: 1.6912 (1.5437)  acc1: 17.9688 (19.0867)  acc5: 35.5469 (36.7794)  family_acc1: 50.0000 (52.4852)  manu_acc1: 63.6719 (67.3222)  time: 0.4762  data: 0.2666  max mem: 11381
Test:  [116/391]  eta: 0:02:06  sploss: 5.4003 (5.3825)  famloss: 2.5172 (2.4098)  manuloss: 1.6912 (1.5432)  acc1: 17.9688 (19.1006)  acc5: 35.5469 (36.7822)  family_acc1: 50.0000 (52.5007)  manu_acc1: 63.6719 (67.3144)  time: 0.3513  data: 0.1420  max mem: 11381
Test:  [117/391]  eta: 0:02:05  sploss: 5.3897 (5.3820)  famloss: 2.5125 (2.4104)  manuloss: 1.6824 (1.5436)  acc1: 18.7500 (19.1075)  acc5: 35.5469 (36.7783)  family_acc1: 50.3906 (52.5060)  manu_acc1: 64.4531 (67.3133)  time: 0.3518  data: 0.1420  max mem: 11381
Test:  [118/391]  eta: 0:02:04  sploss: 5.3849 (5.3807)  famloss: 2.4735 (2.4102)  manuloss: 1.6739 (1.5436)  acc1: 18.7500 (19.1275)  acc5: 35.9375 (36.8074)  family_acc1: 51.1719 (52.4980)  manu_acc1: 64.4531 (67.3221)  time: 0.3519  data: 0.1420  max mem: 11381
Test:  [119/391]  eta: 0:02:03  sploss: 5.3849 (5.3791)  famloss: 2.4735 (2.4074)  manuloss: 1.6632 (1.5408)  acc1: 18.7500 (19.1699)  acc5: 36.3281 (36.8359)  family_acc1: 51.5625 (52.5781)  manu_acc1: 65.2344 (67.3796)  time: 0.3516  data: 0.1420  max mem: 11381
Test:  [120/391]  eta: 0:02:07  sploss: 5.3849 (5.3786)  famloss: 2.4731 (2.4060)  manuloss: 1.6632 (1.5404)  acc1: 18.7500 (19.1826)  acc5: 36.3281 (36.8608)  family_acc1: 51.5625 (52.6149)  manu_acc1: 65.2344 (67.3747)  time: 0.4768  data: 0.2640  max mem: 11381
Test:  [121/391]  eta: 0:02:06  sploss: 5.3849 (5.3775)  famloss: 2.4731 (2.4044)  manuloss: 1.6444 (1.5398)  acc1: 18.7500 (19.2303)  acc5: 36.3281 (36.8724)  family_acc1: 51.5625 (52.6191)  manu_acc1: 65.6250 (67.3796)  time: 0.4781  data: 0.2640  max mem: 11381
Test:  [122/391]  eta: 0:02:05  sploss: 5.3849 (5.3744)  famloss: 2.4540 (2.4036)  manuloss: 1.5928 (1.5393)  acc1: 18.7500 (19.2772)  acc5: 36.3281 (36.9379)  family_acc1: 51.5625 (52.6391)  manu_acc1: 66.0156 (67.3685)  time: 0.4758  data: 0.2640  max mem: 11381
Test:  [123/391]  eta: 0:02:04  sploss: 5.3201 (5.3732)  famloss: 2.4540 (2.4023)  manuloss: 1.5928 (1.5384)  acc1: 19.1406 (19.2792)  acc5: 36.3281 (36.9267)  family_acc1: 51.5625 (52.6336)  manu_acc1: 66.0156 (67.3765)  time: 0.4805  data: 0.2685  max mem: 11381
Test:  [124/391]  eta: 0:02:03  sploss: 5.3201 (5.3734)  famloss: 2.4177 (2.4023)  manuloss: 1.5817 (1.5381)  acc1: 19.5312 (19.2844)  acc5: 36.3281 (36.9281)  family_acc1: 51.9531 (52.6437)  manu_acc1: 66.0156 (67.3719)  time: 0.4793  data: 0.2685  max mem: 11381
Test:  [125/391]  eta: 0:02:02  sploss: 5.3172 (5.3725)  famloss: 2.4017 (2.4008)  manuloss: 1.5413 (1.5371)  acc1: 19.1406 (19.2646)  acc5: 36.3281 (36.9141)  family_acc1: 51.9531 (52.6941)  manu_acc1: 66.4062 (67.3921)  time: 0.4783  data: 0.2685  max mem: 11381
Test:  [126/391]  eta: 0:02:01  sploss: 5.3172 (5.3727)  famloss: 2.3942 (2.3990)  manuloss: 1.5044 (1.5347)  acc1: 19.1406 (19.2452)  acc5: 36.3281 (36.9002)  family_acc1: 51.9531 (52.7221)  manu_acc1: 66.7969 (67.4459)  time: 0.4780  data: 0.2685  max mem: 11381
Test:  [127/391]  eta: 0:02:00  sploss: 5.2721 (5.3685)  famloss: 2.3236 (2.3972)  manuloss: 1.4916 (1.5329)  acc1: 19.5312 (19.2657)  acc5: 36.3281 (36.9629)  family_acc1: 53.1250 (52.7557)  manu_acc1: 66.7969 (67.4866)  time: 0.4780  data: 0.2685  max mem: 11381
Test:  [128/391]  eta: 0:01:59  sploss: 5.2494 (5.3671)  famloss: 2.3236 (2.3978)  manuloss: 1.4916 (1.5331)  acc1: 19.5312 (19.2890)  acc5: 37.1094 (36.9852)  family_acc1: 53.1250 (52.7344)  manu_acc1: 66.7969 (67.4752)  time: 0.3329  data: 0.1269  max mem: 11381
Test:  [129/391]  eta: 0:01:58  sploss: 5.2494 (5.3682)  famloss: 2.3236 (2.3974)  manuloss: 1.4900 (1.5323)  acc1: 19.5312 (19.2548)  acc5: 37.1094 (36.9381)  family_acc1: 53.1250 (52.7554)  manu_acc1: 66.7969 (67.4880)  time: 0.3296  data: 0.1269  max mem: 11381
Test:  [130/391]  eta: 0:01:57  sploss: 5.2355 (5.3661)  famloss: 2.3159 (2.3956)  manuloss: 1.4783 (1.5308)  acc1: 19.9219 (19.2748)  acc5: 37.1094 (36.9871)  family_acc1: 53.9062 (52.8059)  manu_acc1: 67.1875 (67.5245)  time: 0.3291  data: 0.1269  max mem: 11381
Test:  [131/391]  eta: 0:01:56  sploss: 5.2332 (5.3641)  famloss: 2.3098 (2.3937)  manuloss: 1.4778 (1.5284)  acc1: 19.9219 (19.2649)  acc5: 37.5000 (36.9910)  family_acc1: 54.2969 (52.8350)  manu_acc1: 67.9688 (67.5752)  time: 0.3283  data: 0.1269  max mem: 11381
Test:  [132/391]  eta: 0:02:00  sploss: 5.2069 (5.3601)  famloss: 2.2395 (2.3912)  manuloss: 1.4664 (1.5269)  acc1: 19.9219 (19.3139)  acc5: 38.2812 (37.0653)  family_acc1: 55.0781 (52.8636)  manu_acc1: 68.3594 (67.6222)  time: 0.4555  data: 0.2511  max mem: 11381
Test:  [133/391]  eta: 0:01:59  sploss: 5.2069 (5.3593)  famloss: 2.2377 (2.3891)  manuloss: 1.4301 (1.5255)  acc1: 19.9219 (19.3039)  acc5: 38.2812 (37.0744)  family_acc1: 55.4688 (52.9035)  manu_acc1: 68.3594 (67.6423)  time: 0.4539  data: 0.2511  max mem: 11381
Test:  [134/391]  eta: 0:01:58  sploss: 5.1850 (5.3564)  famloss: 2.2118 (2.3870)  manuloss: 1.4231 (1.5237)  acc1: 19.9219 (19.3084)  acc5: 38.2812 (37.1238)  family_acc1: 55.4688 (52.9340)  manu_acc1: 68.7500 (67.6707)  time: 0.4517  data: 0.2511  max mem: 11381
Test:  [135/391]  eta: 0:01:58  sploss: 5.1850 (5.3515)  famloss: 2.2097 (2.3841)  manuloss: 1.4068 (1.5210)  acc1: 20.7031 (19.3474)  acc5: 38.2812 (37.1841)  family_acc1: 56.2500 (53.0015)  manu_acc1: 69.1406 (67.7447)  time: 0.4649  data: 0.2648  max mem: 11381
Test:  [136/391]  eta: 0:01:57  sploss: 5.1850 (5.3480)  famloss: 2.2097 (2.3829)  manuloss: 1.3448 (1.5196)  acc1: 20.7031 (19.3744)  acc5: 39.8438 (37.2291)  family_acc1: 56.2500 (53.0252)  manu_acc1: 69.9219 (67.7834)  time: 0.4649  data: 0.2648  max mem: 11381
Test:  [137/391]  eta: 0:01:56  sploss: 5.1810 (5.3452)  famloss: 2.1807 (2.3810)  manuloss: 1.3311 (1.5178)  acc1: 20.7031 (19.3784)  acc5: 39.8438 (37.2594)  family_acc1: 56.6406 (53.0740)  manu_acc1: 70.3125 (67.8300)  time: 0.4642  data: 0.2648  max mem: 11381
Test:  [138/391]  eta: 0:01:55  sploss: 5.1810 (5.3451)  famloss: 2.1807 (2.3802)  manuloss: 1.3311 (1.5169)  acc1: 20.7031 (19.3907)  acc5: 39.8438 (37.2724)  family_acc1: 56.6406 (53.0772)  manu_acc1: 70.3125 (67.8310)  time: 0.4641  data: 0.2648  max mem: 11381
Test:  [139/391]  eta: 0:01:54  sploss: 5.1850 (5.3440)  famloss: 2.2097 (2.3801)  manuloss: 1.3311 (1.5153)  acc1: 20.7031 (19.4141)  acc5: 39.8438 (37.3103)  family_acc1: 56.2500 (53.0831)  manu_acc1: 70.3125 (67.8850)  time: 0.4640  data: 0.2648  max mem: 11381
Test:  [140/391]  eta: 0:01:53  sploss: 5.1052 (5.3416)  famloss: 2.1807 (2.3764)  manuloss: 1.3300 (1.5131)  acc1: 19.9219 (19.4066)  acc5: 39.8438 (37.3504)  family_acc1: 56.2500 (53.1444)  manu_acc1: 71.4844 (67.9189)  time: 0.3386  data: 0.1427  max mem: 11381
Test:  [141/391]  eta: 0:01:52  sploss: 5.1052 (5.3418)  famloss: 2.1667 (2.3747)  manuloss: 1.3259 (1.5116)  acc1: 19.9219 (19.4075)  acc5: 39.8438 (37.3515)  family_acc1: 56.2500 (53.1608)  manu_acc1: 71.4844 (67.9385)  time: 0.3370  data: 0.1427  max mem: 11381
Test:  [142/391]  eta: 0:01:51  sploss: 5.1850 (5.3413)  famloss: 2.1667 (2.3746)  manuloss: 1.3259 (1.5113)  acc1: 19.9219 (19.3947)  acc5: 39.4531 (37.3661)  family_acc1: 56.2500 (53.1441)  manu_acc1: 71.4844 (67.9360)  time: 0.3369  data: 0.1427  max mem: 11381
Test:  [143/391]  eta: 0:01:50  sploss: 5.1052 (5.3382)  famloss: 2.1663 (2.3718)  manuloss: 1.3140 (1.5091)  acc1: 19.9219 (19.4146)  acc5: 39.8438 (37.4105)  family_acc1: 56.6406 (53.2010)  manu_acc1: 72.2656 (67.9742)  time: 0.3295  data: 0.1383  max mem: 11381
Test:  [144/391]  eta: 0:01:53  sploss: 5.1052 (5.3374)  famloss: 2.1663 (2.3707)  manuloss: 1.3140 (1.5078)  acc1: 19.9219 (19.4127)  acc5: 40.2344 (37.4300)  family_acc1: 56.6406 (53.2435)  manu_acc1: 72.6562 (68.0065)  time: 0.4413  data: 0.2477  max mem: 11381
Test:  [145/391]  eta: 0:01:52  sploss: 5.1052 (5.3363)  famloss: 2.1663 (2.3703)  manuloss: 1.3140 (1.5075)  acc1: 19.9219 (19.4242)  acc5: 40.2344 (37.4331)  family_acc1: 56.6406 (53.2347)  manu_acc1: 72.6562 (68.0116)  time: 0.4435  data: 0.2477  max mem: 11381
Test:  [146/391]  eta: 0:01:52  sploss: 5.1052 (5.3357)  famloss: 2.1445 (2.3687)  manuloss: 1.3199 (1.5065)  acc1: 21.0938 (19.4382)  acc5: 40.6250 (37.4548)  family_acc1: 56.6406 (53.2579)  manu_acc1: 72.2656 (68.0246)  time: 0.4441  data: 0.2477  max mem: 11381
Test:  [147/391]  eta: 0:01:52  sploss: 5.1052 (5.3334)  famloss: 2.1335 (2.3666)  manuloss: 1.3259 (1.5056)  acc1: 21.0938 (19.4758)  acc5: 40.6250 (37.4947)  family_acc1: 56.6406 (53.2913)  manu_acc1: 71.4844 (68.0347)  time: 0.4809  data: 0.2830  max mem: 11381
Test:  [148/391]  eta: 0:01:51  sploss: 5.1052 (5.3333)  famloss: 2.1335 (2.3656)  manuloss: 1.3259 (1.5048)  acc1: 19.9219 (19.4631)  acc5: 40.6250 (37.5000)  family_acc1: 56.6406 (53.3216)  manu_acc1: 71.8750 (68.0605)  time: 0.4812  data: 0.2830  max mem: 11381
Test:  [149/391]  eta: 0:01:50  sploss: 5.1052 (5.3320)  famloss: 2.1335 (2.3646)  manuloss: 1.3259 (1.5043)  acc1: 20.7031 (19.4714)  acc5: 40.6250 (37.5078)  family_acc1: 56.6406 (53.3359)  manu_acc1: 71.8750 (68.0651)  time: 0.4808  data: 0.2830  max mem: 11381
Test:  [150/391]  eta: 0:01:49  sploss: 5.1434 (5.3334)  famloss: 2.1335 (2.3642)  manuloss: 1.3259 (1.5034)  acc1: 19.9219 (19.4718)  acc5: 40.2344 (37.4871)  family_acc1: 56.6406 (53.3397)  manu_acc1: 71.4844 (68.0877)  time: 0.4803  data: 0.2830  max mem: 11381
Test:  [151/391]  eta: 0:01:48  sploss: 5.1772 (5.3329)  famloss: 2.1335 (2.3635)  manuloss: 1.3311 (1.5030)  acc1: 19.9219 (19.4619)  acc5: 40.2344 (37.4923)  family_acc1: 56.6406 (53.3563)  manu_acc1: 71.4844 (68.0972)  time: 0.4808  data: 0.2830  max mem: 11381
Test:  [152/391]  eta: 0:01:47  sploss: 5.1772 (5.3317)  famloss: 2.1753 (2.3622)  manuloss: 1.3448 (1.5020)  acc1: 19.9219 (19.4700)  acc5: 39.4531 (37.4974)  family_acc1: 56.6406 (53.3880)  manu_acc1: 70.7031 (68.1092)  time: 0.3535  data: 0.1588  max mem: 11381
Test:  [153/391]  eta: 0:01:47  sploss: 5.1772 (5.3309)  famloss: 2.2055 (2.3613)  manuloss: 1.3596 (1.5015)  acc1: 20.7031 (19.4805)  acc5: 40.2344 (37.5203)  family_acc1: 56.2500 (53.4066)  manu_acc1: 70.7031 (68.1260)  time: 0.3524  data: 0.1588  max mem: 11381
Test:  [154/391]  eta: 0:01:46  sploss: 5.1932 (5.3314)  famloss: 2.2093 (2.3620)  manuloss: 1.3640 (1.5018)  acc1: 20.7031 (19.4834)  acc5: 39.4531 (37.5126)  family_acc1: 56.2500 (53.3947)  manu_acc1: 70.7031 (68.1074)  time: 0.3527  data: 0.1588  max mem: 11381
Test:  [155/391]  eta: 0:01:45  sploss: 5.2155 (5.3309)  famloss: 2.2162 (2.3620)  manuloss: 1.3640 (1.5006)  acc1: 19.9219 (19.4812)  acc5: 39.0625 (37.5075)  family_acc1: 55.8594 (53.3729)  manu_acc1: 69.9219 (68.1165)  time: 0.3390  data: 0.1450  max mem: 11381
Test:  [156/391]  eta: 0:01:47  sploss: 5.2189 (5.3311)  famloss: 2.2177 (2.3615)  manuloss: 1.3640 (1.4996)  acc1: 19.9219 (19.4815)  acc5: 38.6719 (37.4851)  family_acc1: 55.4688 (53.3763)  manu_acc1: 69.9219 (68.1205)  time: 0.4372  data: 0.2424  max mem: 11381
Test:  [157/391]  eta: 0:01:46  sploss: 5.2400 (5.3322)  famloss: 2.2216 (2.3630)  manuloss: 1.3655 (1.5010)  acc1: 19.9219 (19.4917)  acc5: 38.2812 (37.4728)  family_acc1: 55.4688 (53.3475)  manu_acc1: 69.5312 (68.0874)  time: 0.4377  data: 0.2424  max mem: 11381
Test:  [158/391]  eta: 0:01:45  sploss: 5.2400 (5.3329)  famloss: 2.2216 (2.3638)  manuloss: 1.3655 (1.5014)  acc1: 19.9219 (19.4944)  acc5: 38.2812 (37.4705)  family_acc1: 55.4688 (53.3265)  manu_acc1: 69.5312 (68.0768)  time: 0.4382  data: 0.2424  max mem: 11381
Test:  [159/391]  eta: 0:01:45  sploss: 5.2582 (5.3347)  famloss: 2.2216 (2.3641)  manuloss: 1.3778 (1.5025)  acc1: 19.5312 (19.4531)  acc5: 38.2812 (37.4414)  family_acc1: 55.4688 (53.3350)  manu_acc1: 69.5312 (68.0591)  time: 0.4689  data: 0.2704  max mem: 11381
Test:  [160/391]  eta: 0:01:45  sploss: 5.2582 (5.3339)  famloss: 2.2549 (2.3651)  manuloss: 1.3847 (1.5035)  acc1: 19.9219 (19.4585)  acc5: 38.2812 (37.4636)  family_acc1: 54.6875 (53.3215)  manu_acc1: 69.5312 (68.0318)  time: 0.4711  data: 0.2704  max mem: 11381
Test:  [161/391]  eta: 0:01:44  sploss: 5.2582 (5.3342)  famloss: 2.2863 (2.3657)  manuloss: 1.4124 (1.5040)  acc1: 19.9219 (19.4565)  acc5: 38.2812 (37.4759)  family_acc1: 53.9062 (53.3107)  manu_acc1: 68.7500 (68.0266)  time: 0.4733  data: 0.2704  max mem: 11381
Test:  [162/391]  eta: 0:01:43  sploss: 5.2582 (5.3337)  famloss: 2.2863 (2.3663)  manuloss: 1.4124 (1.5041)  acc1: 19.9219 (19.4737)  acc5: 38.2812 (37.4856)  family_acc1: 53.9062 (53.2951)  manu_acc1: 68.7500 (68.0119)  time: 0.4736  data: 0.2704  max mem: 11381
Test:  [163/391]  eta: 0:01:42  sploss: 5.2592 (5.3357)  famloss: 2.2997 (2.3679)  manuloss: 1.4313 (1.5049)  acc1: 19.9219 (19.4812)  acc5: 38.2812 (37.4667)  family_acc1: 53.9062 (53.2560)  manu_acc1: 68.7500 (67.9950)  time: 0.4741  data: 0.2704  max mem: 11381
Test:  [164/391]  eta: 0:01:41  sploss: 5.2660 (5.3376)  famloss: 2.3155 (2.3687)  manuloss: 1.4313 (1.5044)  acc1: 19.9219 (19.4650)  acc5: 37.8906 (37.4432)  family_acc1: 51.9531 (53.2434)  manu_acc1: 68.7500 (68.0090)  time: 0.3618  data: 0.1610  max mem: 11381
Test:  [165/391]  eta: 0:01:41  sploss: 5.2660 (5.3369)  famloss: 2.2997 (2.3680)  manuloss: 1.4313 (1.5049)  acc1: 19.9219 (19.4818)  acc5: 38.2812 (37.4600)  family_acc1: 53.9062 (53.2732)  manu_acc1: 68.7500 (68.0205)  time: 0.3594  data: 0.1610  max mem: 11381
Test:  [166/391]  eta: 0:01:40  sploss: 5.3133 (5.3378)  famloss: 2.3669 (2.3688)  manuloss: 1.4349 (1.5060)  acc1: 19.9219 (19.4938)  acc5: 38.2812 (37.4673)  family_acc1: 51.9531 (53.2653)  manu_acc1: 68.7500 (67.9875)  time: 0.3591  data: 0.1610  max mem: 11381
Test:  [167/391]  eta: 0:01:39  sploss: 5.3571 (5.3386)  famloss: 2.4157 (2.3695)  manuloss: 1.4979 (1.5059)  acc1: 19.9219 (19.4987)  acc5: 37.1094 (37.4628)  family_acc1: 51.9531 (53.2645)  manu_acc1: 68.7500 (67.9943)  time: 0.3222  data: 0.1257  max mem: 11381
Test:  [168/391]  eta: 0:01:41  sploss: 5.3571 (5.3369)  famloss: 2.4157 (2.3691)  manuloss: 1.4979 (1.5056)  acc1: 20.3125 (19.5081)  acc5: 37.1094 (37.4815)  family_acc1: 51.9531 (53.2752)  manu_acc1: 68.7500 (68.0104)  time: 0.4258  data: 0.2253  max mem: 11381
Test:  [169/391]  eta: 0:01:40  sploss: 5.3904 (5.3397)  famloss: 2.4569 (2.3717)  manuloss: 1.5116 (1.5076)  acc1: 19.9219 (19.4577)  acc5: 36.7188 (37.4357)  family_acc1: 51.5625 (53.2583)  manu_acc1: 67.1875 (67.9710)  time: 0.4276  data: 0.2253  max mem: 11381
Test:  [170/391]  eta: 0:01:39  sploss: 5.3904 (5.3408)  famloss: 2.4624 (2.3731)  manuloss: 1.5478 (1.5090)  acc1: 19.9219 (19.4490)  acc5: 37.1094 (37.4360)  family_acc1: 51.5625 (53.2415)  manu_acc1: 66.4062 (67.9550)  time: 0.4282  data: 0.2253  max mem: 11381
Test:  [171/391]  eta: 0:01:39  sploss: 5.4054 (5.3418)  famloss: 2.4624 (2.3733)  manuloss: 1.5478 (1.5081)  acc1: 19.9219 (19.4268)  acc5: 36.7188 (37.4137)  family_acc1: 51.5625 (53.2567)  manu_acc1: 66.4062 (67.9756)  time: 0.4518  data: 0.2474  max mem: 11381
Test:  [172/391]  eta: 0:01:38  sploss: 5.4548 (5.3427)  famloss: 2.4624 (2.3736)  manuloss: 1.5478 (1.5083)  acc1: 19.9219 (19.4138)  acc5: 36.7188 (37.3736)  family_acc1: 51.5625 (53.2537)  manu_acc1: 66.0156 (67.9642)  time: 0.4522  data: 0.2474  max mem: 11381
Test:  [173/391]  eta: 0:01:38  sploss: 5.4548 (5.3434)  famloss: 2.4624 (2.3740)  manuloss: 1.5478 (1.5082)  acc1: 19.9219 (19.4392)  acc5: 36.7188 (37.3788)  family_acc1: 51.1719 (53.2350)  manu_acc1: 66.0156 (67.9710)  time: 0.4524  data: 0.2474  max mem: 11381
Test:  [174/391]  eta: 0:01:37  sploss: 5.4548 (5.3434)  famloss: 2.4747 (2.3746)  manuloss: 1.5314 (1.5083)  acc1: 19.5312 (19.4174)  acc5: 36.7188 (37.3549)  family_acc1: 51.1719 (53.2299)  manu_acc1: 66.4062 (67.9754)  time: 0.4521  data: 0.2474  max mem: 11381
Test:  [175/391]  eta: 0:01:36  sploss: 5.4548 (5.3429)  famloss: 2.4821 (2.3764)  manuloss: 1.5645 (1.5090)  acc1: 19.9219 (19.4425)  acc5: 36.7188 (37.3801)  family_acc1: 51.1719 (53.1916)  manu_acc1: 66.4062 (67.9665)  time: 0.4521  data: 0.2474  max mem: 11381
Test:  [176/391]  eta: 0:01:35  sploss: 5.4661 (5.3443)  famloss: 2.4824 (2.3779)  manuloss: 1.5757 (1.5094)  acc1: 20.3125 (19.4474)  acc5: 36.7188 (37.3543)  family_acc1: 51.1719 (53.1758)  manu_acc1: 66.4062 (67.9621)  time: 0.3533  data: 0.1500  max mem: 11381
Test:  [177/391]  eta: 0:01:35  sploss: 5.4661 (5.3478)  famloss: 2.4824 (2.3805)  manuloss: 1.5757 (1.5111)  acc1: 19.9219 (19.4281)  acc5: 36.7188 (37.2959)  family_acc1: 51.1719 (53.1250)  manu_acc1: 66.4062 (67.9161)  time: 0.3532  data: 0.1500  max mem: 11381
Test:  [178/391]  eta: 0:01:34  sploss: 5.4890 (5.3492)  famloss: 2.4852 (2.3819)  manuloss: 1.5757 (1.5114)  acc1: 19.5312 (19.4287)  acc5: 36.3281 (37.2905)  family_acc1: 51.1719 (53.1119)  manu_acc1: 66.4062 (67.9098)  time: 0.3528  data: 0.1500  max mem: 11381
Test:  [179/391]  eta: 0:01:33  sploss: 5.4811 (5.3499)  famloss: 2.4919 (2.3831)  manuloss: 1.5757 (1.5124)  acc1: 19.5312 (19.4206)  acc5: 36.3281 (37.2743)  family_acc1: 50.7812 (53.0990)  manu_acc1: 66.4062 (67.9015)  time: 0.3240  data: 0.1220  max mem: 11381
Test:  [180/391]  eta: 0:01:35  sploss: 5.4826 (5.3506)  famloss: 2.4852 (2.3830)  manuloss: 1.5488 (1.5120)  acc1: 19.1406 (19.4147)  acc5: 36.3281 (37.2756)  family_acc1: 50.7812 (53.1099)  manu_acc1: 66.7969 (67.9083)  time: 0.4287  data: 0.2277  max mem: 11381
Test:  [181/391]  eta: 0:01:34  sploss: 5.4826 (5.3506)  famloss: 2.4919 (2.3839)  manuloss: 1.5314 (1.5119)  acc1: 19.5312 (19.4196)  acc5: 36.3281 (37.2832)  family_acc1: 50.7812 (53.0778)  manu_acc1: 66.7969 (67.9172)  time: 0.4277  data: 0.2277  max mem: 11381
Test:  [182/391]  eta: 0:01:33  sploss: 5.4826 (5.3506)  famloss: 2.5076 (2.3848)  manuloss: 1.5488 (1.5130)  acc1: 18.3594 (19.4053)  acc5: 36.3281 (37.2844)  family_acc1: 50.7812 (53.0674)  manu_acc1: 66.7969 (67.8983)  time: 0.4276  data: 0.2277  max mem: 11381
Test:  [183/391]  eta: 0:01:33  sploss: 5.4811 (5.3511)  famloss: 2.4919 (2.3849)  manuloss: 1.5347 (1.5131)  acc1: 18.3594 (19.3996)  acc5: 36.7188 (37.2856)  family_acc1: 51.1719 (53.0847)  manu_acc1: 67.1875 (67.9029)  time: 0.4558  data: 0.2540  max mem: 11381
Test:  [184/391]  eta: 0:01:33  sploss: 5.4764 (5.3518)  famloss: 2.4919 (2.3862)  manuloss: 1.5488 (1.5141)  acc1: 18.3594 (19.3961)  acc5: 36.7188 (37.2804)  family_acc1: 50.7812 (53.0448)  manu_acc1: 66.7969 (67.8674)  time: 0.4580  data: 0.2540  max mem: 11381
Test:  [185/391]  eta: 0:01:32  sploss: 5.4764 (5.3524)  famloss: 2.4919 (2.3863)  manuloss: 1.5347 (1.5138)  acc1: 18.3594 (19.3863)  acc5: 36.7188 (37.2816)  family_acc1: 50.7812 (53.0494)  manu_acc1: 66.7969 (67.8805)  time: 0.4605  data: 0.2540  max mem: 11381
Test:  [186/391]  eta: 0:01:31  sploss: 5.4764 (5.3534)  famloss: 2.4852 (2.3864)  manuloss: 1.5347 (1.5144)  acc1: 18.3594 (19.3829)  acc5: 36.3281 (37.2723)  family_acc1: 50.7812 (53.0540)  manu_acc1: 66.7969 (67.8643)  time: 0.4630  data: 0.2540  max mem: 11381
Test:  [187/391]  eta: 0:01:31  sploss: 5.4764 (5.3534)  famloss: 2.5474 (2.3872)  manuloss: 1.5488 (1.5149)  acc1: 18.3594 (19.3796)  acc5: 36.3281 (37.2714)  family_acc1: 50.7812 (53.0294)  manu_acc1: 66.7969 (67.8628)  time: 0.4654  data: 0.2540  max mem: 11381
Test:  [188/391]  eta: 0:01:30  sploss: 5.4764 (5.3529)  famloss: 2.5474 (2.3875)  manuloss: 1.5809 (1.5155)  acc1: 18.3594 (19.3990)  acc5: 36.3281 (37.2789)  family_acc1: 50.3906 (53.0010)  manu_acc1: 66.4062 (67.8385)  time: 0.3640  data: 0.1545  max mem: 11381
Test:  [189/391]  eta: 0:01:29  sploss: 5.4697 (5.3530)  famloss: 2.5061 (2.3882)  manuloss: 1.5488 (1.5156)  acc1: 18.3594 (19.4038)  acc5: 37.1094 (37.2903)  family_acc1: 50.3906 (52.9811)  manu_acc1: 66.4062 (67.8187)  time: 0.3646  data: 0.1545  max mem: 11381
Test:  [190/391]  eta: 0:01:29  sploss: 5.4697 (5.3542)  famloss: 2.5061 (2.3889)  manuloss: 1.5488 (1.5165)  acc1: 18.7500 (19.4065)  acc5: 36.3281 (37.2771)  family_acc1: 50.7812 (52.9818)  manu_acc1: 66.7969 (67.8133)  time: 0.3664  data: 0.1545  max mem: 11381
Test:  [191/391]  eta: 0:01:28  sploss: 5.4515 (5.3540)  famloss: 2.5061 (2.3884)  manuloss: 1.5488 (1.5159)  acc1: 18.7500 (19.3848)  acc5: 37.1094 (37.2762)  family_acc1: 50.7812 (52.9887)  manu_acc1: 66.7969 (67.8182)  time: 0.3425  data: 0.1324  max mem: 11381
Test:  [192/391]  eta: 0:01:29  sploss: 5.4412 (5.3540)  famloss: 2.5061 (2.3885)  manuloss: 1.5488 (1.5158)  acc1: 18.7500 (19.3936)  acc5: 37.1094 (37.2753)  family_acc1: 50.7812 (52.9934)  manu_acc1: 66.7969 (67.8331)  time: 0.4468  data: 0.2357  max mem: 11381
Test:  [193/391]  eta: 0:01:29  sploss: 5.3620 (5.3518)  famloss: 2.5061 (2.3884)  manuloss: 1.5809 (1.5166)  acc1: 18.7500 (19.4225)  acc5: 37.1094 (37.3248)  family_acc1: 50.7812 (53.0002)  manu_acc1: 66.7969 (67.8177)  time: 0.4479  data: 0.2357  max mem: 11381
Test:  [194/391]  eta: 0:01:28  sploss: 5.3620 (5.3518)  famloss: 2.5061 (2.3887)  manuloss: 1.5932 (1.5170)  acc1: 18.7500 (19.4211)  acc5: 37.1094 (37.3197)  family_acc1: 50.7812 (53.0028)  manu_acc1: 66.4062 (67.8105)  time: 0.4493  data: 0.2370  max mem: 11381
Test:  [195/391]  eta: 0:01:28  sploss: 5.3620 (5.3511)  famloss: 2.4431 (2.3878)  manuloss: 1.5809 (1.5163)  acc1: 18.7500 (19.4336)  acc5: 37.1094 (37.3186)  family_acc1: 51.1719 (53.0154)  manu_acc1: 66.7969 (67.8292)  time: 0.4672  data: 0.2527  max mem: 11381
Test:  [196/391]  eta: 0:01:27  sploss: 5.3586 (5.3506)  famloss: 2.4304 (2.3875)  manuloss: 1.5488 (1.5163)  acc1: 18.7500 (19.4500)  acc5: 37.1094 (37.3077)  family_acc1: 53.1250 (53.0239)  manu_acc1: 66.4062 (67.8181)  time: 0.4695  data: 0.2527  max mem: 11381
Test:  [197/391]  eta: 0:01:26  sploss: 5.3586 (5.3515)  famloss: 2.4304 (2.3885)  manuloss: 1.5488 (1.5172)  acc1: 19.1406 (19.4642)  acc5: 37.1094 (37.3007)  family_acc1: 53.1250 (53.0066)  manu_acc1: 66.4062 (67.7892)  time: 0.4721  data: 0.2527  max mem: 11381
Test:  [198/391]  eta: 0:01:26  sploss: 5.3535 (5.3493)  famloss: 2.4082 (2.3879)  manuloss: 1.5347 (1.5166)  acc1: 19.1406 (19.4841)  acc5: 37.1094 (37.3410)  family_acc1: 53.5156 (53.0151)  manu_acc1: 66.4062 (67.7980)  time: 0.4744  data: 0.2527  max mem: 11381
Test:  [199/391]  eta: 0:01:25  sploss: 5.3528 (5.3489)  famloss: 2.4082 (2.3890)  manuloss: 1.5347 (1.5171)  acc1: 19.9219 (19.4980)  acc5: 37.1094 (37.3438)  family_acc1: 53.5156 (52.9902)  manu_acc1: 66.4062 (67.7910)  time: 0.4753  data: 0.2527  max mem: 11381
Test:  [200/391]  eta: 0:01:24  sploss: 5.3467 (5.3476)  famloss: 2.4082 (2.3888)  manuloss: 1.5932 (1.5176)  acc1: 20.3125 (19.5157)  acc5: 37.1094 (37.3815)  family_acc1: 53.5156 (53.0065)  manu_acc1: 66.4062 (67.7861)  time: 0.3705  data: 0.1471  max mem: 11381
Test:  [201/391]  eta: 0:01:24  sploss: 5.3459 (5.3469)  famloss: 2.3985 (2.3887)  manuloss: 1.6104 (1.5181)  acc1: 20.3125 (19.5293)  acc5: 37.1094 (37.3917)  family_acc1: 53.5156 (53.0090)  manu_acc1: 66.4062 (67.7792)  time: 0.3716  data: 0.1471  max mem: 11381
Test:  [202/391]  eta: 0:01:23  sploss: 5.3228 (5.3463)  famloss: 2.3985 (2.3892)  manuloss: 1.6104 (1.5187)  acc1: 20.3125 (19.5332)  acc5: 37.1094 (37.3865)  family_acc1: 53.9062 (53.0153)  manu_acc1: 66.4062 (67.7782)  time: 0.3739  data: 0.1471  max mem: 11381
Test:  [203/391]  eta: 0:01:23  sploss: 5.2749 (5.3451)  famloss: 2.4082 (2.3894)  manuloss: 1.6104 (1.5185)  acc1: 20.3125 (19.5274)  acc5: 37.1094 (37.3947)  family_acc1: 53.5156 (53.0063)  manu_acc1: 66.4062 (67.7773)  time: 0.3605  data: 0.1207  max mem: 11381
Test:  [204/391]  eta: 0:01:23  sploss: 5.2677 (5.3442)  famloss: 2.3985 (2.3889)  manuloss: 1.5932 (1.5186)  acc1: 21.0938 (19.5370)  acc5: 37.1094 (37.3914)  family_acc1: 53.9062 (53.0297)  manu_acc1: 66.7969 (67.7782)  time: 0.4445  data: 0.2038  max mem: 11381
Test:  [205/391]  eta: 0:01:23  sploss: 5.2417 (5.3437)  famloss: 2.4082 (2.3896)  manuloss: 1.6104 (1.5198)  acc1: 21.4844 (19.5464)  acc5: 37.1094 (37.4071)  family_acc1: 53.5156 (53.0245)  manu_acc1: 66.4062 (67.7583)  time: 0.4453  data: 0.2038  max mem: 11381
Test:  [206/391]  eta: 0:01:22  sploss: 5.2392 (5.3416)  famloss: 2.4082 (2.3889)  manuloss: 1.5932 (1.5200)  acc1: 21.4844 (19.5671)  acc5: 37.1094 (37.4302)  family_acc1: 53.5156 (53.0288)  manu_acc1: 66.4062 (67.7461)  time: 0.4440  data: 0.2038  max mem: 11381
Test:  [207/391]  eta: 0:01:22  sploss: 5.2392 (5.3418)  famloss: 2.4082 (2.3891)  manuloss: 1.5932 (1.5204)  acc1: 21.4844 (19.5482)  acc5: 37.1094 (37.4211)  family_acc1: 53.5156 (53.0180)  manu_acc1: 66.4062 (67.7246)  time: 0.4485  data: 0.2081  max mem: 11381
Test:  [208/391]  eta: 0:01:21  sploss: 5.2392 (5.3414)  famloss: 2.4082 (2.3896)  manuloss: 1.5932 (1.5212)  acc1: 21.4844 (19.5612)  acc5: 37.1094 (37.4196)  family_acc1: 53.5156 (53.0054)  manu_acc1: 66.4062 (67.7015)  time: 0.4488  data: 0.2081  max mem: 11381
Test:  [209/391]  eta: 0:01:20  sploss: 5.2186 (5.3403)  famloss: 2.3852 (2.3894)  manuloss: 1.5932 (1.5210)  acc1: 21.4844 (19.5629)  acc5: 37.1094 (37.4256)  family_acc1: 53.9062 (53.0208)  manu_acc1: 66.4062 (67.7139)  time: 0.4465  data: 0.2081  max mem: 11381
Test:  [210/391]  eta: 0:01:20  sploss: 5.2186 (5.3413)  famloss: 2.3659 (2.3892)  manuloss: 1.5583 (1.5205)  acc1: 21.4844 (19.5646)  acc5: 37.1094 (37.4019)  family_acc1: 53.9062 (53.0398)  manu_acc1: 66.4062 (67.7225)  time: 0.4444  data: 0.2081  max mem: 11381
Test:  [211/391]  eta: 0:01:19  sploss: 5.2146 (5.3400)  famloss: 2.3852 (2.3898)  manuloss: 1.5932 (1.5214)  acc1: 21.8750 (19.5792)  acc5: 37.1094 (37.4023)  family_acc1: 53.9062 (53.0218)  manu_acc1: 66.4062 (67.6960)  time: 0.4450  data: 0.2081  max mem: 11381
Test:  [212/391]  eta: 0:01:18  sploss: 5.1985 (5.3392)  famloss: 2.3852 (2.3901)  manuloss: 1.5945 (1.5226)  acc1: 22.2656 (19.6046)  acc5: 37.5000 (37.4211)  family_acc1: 53.5156 (53.0168)  manu_acc1: 66.4062 (67.6772)  time: 0.3406  data: 0.1049  max mem: 11381
Test:  [213/391]  eta: 0:01:18  sploss: 5.2146 (5.3388)  famloss: 2.4132 (2.3903)  manuloss: 1.5932 (1.5225)  acc1: 22.2656 (19.6207)  acc5: 37.5000 (37.4361)  family_acc1: 53.5156 (53.0100)  manu_acc1: 66.4062 (67.6767)  time: 0.3397  data: 0.1049  max mem: 11381
Test:  [214/391]  eta: 0:01:17  sploss: 5.2146 (5.3385)  famloss: 2.4132 (2.3906)  manuloss: 1.5583 (1.5227)  acc1: 22.2656 (19.6166)  acc5: 37.8906 (37.4582)  family_acc1: 51.9531 (52.9960)  manu_acc1: 66.4062 (67.6799)  time: 0.3384  data: 0.1036  max mem: 11381
Test:  [215/391]  eta: 0:01:16  sploss: 5.1985 (5.3368)  famloss: 2.4237 (2.3908)  manuloss: 1.5902 (1.5230)  acc1: 22.2656 (19.6434)  acc5: 38.6719 (37.4910)  family_acc1: 51.9531 (52.9876)  manu_acc1: 66.4062 (67.6722)  time: 0.3205  data: 0.0878  max mem: 11381
Test:  [216/391]  eta: 0:01:18  sploss: 5.1985 (5.3363)  famloss: 2.4257 (2.3911)  manuloss: 1.5902 (1.5230)  acc1: 22.2656 (19.6537)  acc5: 39.0625 (37.5018)  family_acc1: 51.9531 (52.9882)  manu_acc1: 66.4062 (67.6699)  time: 0.4406  data: 0.2069  max mem: 11381
Test:  [217/391]  eta: 0:01:17  sploss: 5.1571 (5.3349)  famloss: 2.4257 (2.3913)  manuloss: 1.5661 (1.5232)  acc1: 21.8750 (19.6621)  acc5: 39.4531 (37.5323)  family_acc1: 51.9531 (52.9834)  manu_acc1: 66.7969 (67.6659)  time: 0.4417  data: 0.2069  max mem: 11381
Test:  [218/391]  eta: 0:01:17  sploss: 5.1985 (5.3344)  famloss: 2.4257 (2.3911)  manuloss: 1.5817 (1.5234)  acc1: 21.8750 (19.6775)  acc5: 39.0625 (37.5339)  family_acc1: 51.9531 (53.0019)  manu_acc1: 66.4062 (67.6423)  time: 0.4449  data: 0.2116  max mem: 11381
Test:  [219/391]  eta: 0:01:16  sploss: 5.1985 (5.3346)  famloss: 2.4257 (2.3913)  manuloss: 1.5661 (1.5236)  acc1: 21.4844 (19.6804)  acc5: 39.4531 (37.5444)  family_acc1: 51.9531 (53.0060)  manu_acc1: 66.7969 (67.6385)  time: 0.4447  data: 0.2129  max mem: 11381
Test:  [220/391]  eta: 0:01:15  sploss: 5.2186 (5.3354)  famloss: 2.4286 (2.3930)  manuloss: 1.5661 (1.5250)  acc1: 21.4844 (19.6691)  acc5: 39.0625 (37.5354)  family_acc1: 51.9531 (52.9783)  manu_acc1: 66.4062 (67.5940)  time: 0.4433  data: 0.2129  max mem: 11381
Test:  [221/391]  eta: 0:01:15  sploss: 5.2206 (5.3371)  famloss: 2.4335 (2.3947)  manuloss: 1.5661 (1.5269)  acc1: 21.4844 (19.6685)  acc5: 38.6719 (37.5282)  family_acc1: 51.9531 (52.9543)  manu_acc1: 66.0156 (67.5553)  time: 0.4416  data: 0.2129  max mem: 11381
Test:  [222/391]  eta: 0:01:14  sploss: 5.2392 (5.3387)  famloss: 2.4335 (2.3963)  manuloss: 1.5661 (1.5291)  acc1: 21.4844 (19.6591)  acc5: 38.6719 (37.4965)  family_acc1: 51.5625 (52.9025)  manu_acc1: 65.2344 (67.4888)  time: 0.4396  data: 0.2129  max mem: 11381
Test:  [223/391]  eta: 0:01:13  sploss: 5.2409 (5.3388)  famloss: 2.4350 (2.3981)  manuloss: 1.5817 (1.5309)  acc1: 21.4844 (19.6516)  acc5: 37.8906 (37.4965)  family_acc1: 51.5625 (52.8599)  manu_acc1: 63.6719 (67.4404)  time: 0.4252  data: 0.2129  max mem: 11381
Test:  [224/391]  eta: 0:01:13  sploss: 5.2657 (5.3393)  famloss: 2.4467 (2.4000)  manuloss: 1.5902 (1.5333)  acc1: 21.0938 (19.6580)  acc5: 37.8906 (37.4878)  family_acc1: 51.1719 (52.8351)  manu_acc1: 63.6719 (67.3889)  time: 0.3395  data: 0.1298  max mem: 11381
Test:  [225/391]  eta: 0:01:12  sploss: 5.2672 (5.3400)  famloss: 2.4467 (2.4024)  manuloss: 1.5902 (1.5351)  acc1: 20.3125 (19.6592)  acc5: 37.8906 (37.4896)  family_acc1: 50.7812 (52.8070)  manu_acc1: 63.2812 (67.3569)  time: 0.3366  data: 0.1298  max mem: 11381
Test:  [226/391]  eta: 0:01:12  sploss: 5.2672 (5.3386)  famloss: 2.4467 (2.4023)  manuloss: 1.5945 (1.5358)  acc1: 20.3125 (19.6741)  acc5: 37.8906 (37.5120)  family_acc1: 50.3906 (52.7929)  manu_acc1: 62.8906 (67.3303)  time: 0.3355  data: 0.1298  max mem: 11381
Test:  [227/391]  eta: 0:01:11  sploss: 5.2672 (5.3400)  famloss: 2.4493 (2.4038)  manuloss: 1.6879 (1.5378)  acc1: 20.3125 (19.6512)  acc5: 37.8906 (37.4777)  family_acc1: 50.0000 (52.7721)  manu_acc1: 62.5000 (67.2903)  time: 0.3297  data: 0.1255  max mem: 11381
Test:  [228/391]  eta: 0:01:12  sploss: 5.2672 (5.3405)  famloss: 2.4493 (2.4054)  manuloss: 1.6879 (1.5389)  acc1: 19.9219 (19.6353)  acc5: 37.8906 (37.4761)  family_acc1: 49.6094 (52.7463)  manu_acc1: 62.1094 (67.2591)  time: 0.4403  data: 0.2372  max mem: 11381
Test:  [229/391]  eta: 0:01:11  sploss: 5.3650 (5.3410)  famloss: 2.4707 (2.4069)  manuloss: 1.6985 (1.5408)  acc1: 19.9219 (19.6349)  acc5: 37.8906 (37.4779)  family_acc1: 49.2188 (52.7157)  manu_acc1: 61.3281 (67.2045)  time: 0.4419  data: 0.2372  max mem: 11381
Test:  [230/391]  eta: 0:01:11  sploss: 5.3650 (5.3426)  famloss: 2.5228 (2.4086)  manuloss: 1.7761 (1.5430)  acc1: 19.9219 (19.6310)  acc5: 37.8906 (37.4679)  family_acc1: 48.0469 (52.6752)  manu_acc1: 60.1562 (67.1317)  time: 0.4528  data: 0.2479  max mem: 11381
Test:  [231/391]  eta: 0:01:10  sploss: 5.3682 (5.3440)  famloss: 2.5531 (2.4093)  manuloss: 1.7761 (1.5438)  acc1: 19.5312 (19.6289)  acc5: 37.8906 (37.4327)  family_acc1: 48.0469 (52.6721)  manu_acc1: 60.1562 (67.1067)  time: 0.4527  data: 0.2479  max mem: 11381
Test:  [232/391]  eta: 0:01:10  sploss: 5.3682 (5.3440)  famloss: 2.5531 (2.4095)  manuloss: 1.7761 (1.5449)  acc1: 19.5312 (19.6436)  acc5: 37.5000 (37.4262)  family_acc1: 48.0469 (52.6640)  manu_acc1: 60.1562 (67.0752)  time: 0.4527  data: 0.2479  max mem: 11381
Test:  [233/391]  eta: 0:01:09  sploss: 5.4356 (5.3449)  famloss: 2.7092 (2.4108)  manuloss: 1.8146 (1.5467)  acc1: 19.5312 (19.6431)  acc5: 37.1094 (37.4115)  family_acc1: 48.0469 (52.6459)  manu_acc1: 59.7656 (67.0423)  time: 0.4530  data: 0.2479  max mem: 11381
Test:  [234/391]  eta: 0:01:09  sploss: 5.4356 (5.3447)  famloss: 2.7092 (2.4108)  manuloss: 1.8146 (1.5470)  acc1: 19.5312 (19.6526)  acc5: 37.1094 (37.4186)  family_acc1: 48.0469 (52.6479)  manu_acc1: 59.7656 (67.0229)  time: 0.4530  data: 0.2479  max mem: 11381
Test:  [235/391]  eta: 0:01:08  sploss: 5.4356 (5.3438)  famloss: 2.7092 (2.4099)  manuloss: 1.8146 (1.5467)  acc1: 19.5312 (19.6587)  acc5: 37.1094 (37.4354)  family_acc1: 48.0469 (52.6781)  manu_acc1: 59.7656 (67.0319)  time: 0.4529  data: 0.2479  max mem: 11381
Test:  [236/391]  eta: 0:01:07  sploss: 5.4356 (5.3431)  famloss: 2.7092 (2.4099)  manuloss: 1.8146 (1.5467)  acc1: 19.5312 (19.6598)  acc5: 37.1094 (37.4390)  family_acc1: 48.0469 (52.6734)  manu_acc1: 59.7656 (67.0260)  time: 0.3312  data: 0.1288  max mem: 11381
Test:  [237/391]  eta: 0:01:07  sploss: 5.4356 (5.3424)  famloss: 2.7092 (2.4097)  manuloss: 1.8146 (1.5469)  acc1: 19.5312 (19.6839)  acc5: 37.1094 (37.4393)  family_acc1: 48.0469 (52.6868)  manu_acc1: 59.7656 (67.0234)  time: 0.3277  data: 0.1288  max mem: 11381
Test:  [238/391]  eta: 0:01:06  sploss: 5.4356 (5.3412)  famloss: 2.7092 (2.4094)  manuloss: 1.8146 (1.5463)  acc1: 19.5312 (19.7061)  acc5: 37.1094 (37.4559)  family_acc1: 48.0469 (52.6968)  manu_acc1: 59.7656 (67.0371)  time: 0.3224  data: 0.1241  max mem: 11381
Test:  [239/391]  eta: 0:01:06  sploss: 5.4356 (5.3394)  famloss: 2.7092 (2.4094)  manuloss: 1.8146 (1.5463)  acc1: 19.5312 (19.7152)  acc5: 37.1094 (37.4740)  family_acc1: 48.0469 (52.6986)  manu_acc1: 59.7656 (67.0361)  time: 0.3205  data: 0.1228  max mem: 11381
Test:  [240/391]  eta: 0:01:07  sploss: 5.4208 (5.3397)  famloss: 2.5683 (2.4101)  manuloss: 1.7761 (1.5463)  acc1: 19.5312 (19.7079)  acc5: 37.1094 (37.4676)  family_acc1: 48.4375 (52.6922)  manu_acc1: 60.1562 (67.0368)  time: 0.4539  data: 0.2532  max mem: 11381
Test:  [241/391]  eta: 0:01:06  sploss: 5.3650 (5.3387)  famloss: 2.5531 (2.4089)  manuloss: 1.7242 (1.5459)  acc1: 19.9219 (19.7362)  acc5: 37.5000 (37.4855)  family_acc1: 49.6094 (52.7053)  manu_acc1: 60.1562 (67.0503)  time: 0.4576  data: 0.2532  max mem: 11381
Test:  [242/391]  eta: 0:01:05  sploss: 5.3416 (5.3385)  famloss: 2.4613 (2.4086)  manuloss: 1.6879 (1.5460)  acc1: 19.9219 (19.7322)  acc5: 37.5000 (37.4775)  family_acc1: 50.7812 (52.7119)  manu_acc1: 61.3281 (67.0493)  time: 0.4577  data: 0.2532  max mem: 11381
Test:  [243/391]  eta: 0:01:05  sploss: 5.3025 (5.3375)  famloss: 2.4613 (2.4089)  manuloss: 1.6147 (1.5461)  acc1: 19.9219 (19.7474)  acc5: 37.5000 (37.4952)  family_acc1: 51.1719 (52.7120)  manu_acc1: 61.3281 (67.0514)  time: 0.4588  data: 0.2547  max mem: 11381
Test:  [244/391]  eta: 0:01:04  sploss: 5.3019 (5.3368)  famloss: 2.4613 (2.4091)  manuloss: 1.6147 (1.5465)  acc1: 19.9219 (19.7545)  acc5: 37.5000 (37.4857)  family_acc1: 51.1719 (52.7009)  manu_acc1: 62.5000 (67.0424)  time: 0.4581  data: 0.2547  max mem: 11381
Test:  [245/391]  eta: 0:01:04  sploss: 5.1816 (5.3355)  famloss: 2.4297 (2.4083)  manuloss: 1.5841 (1.5459)  acc1: 21.0938 (19.7774)  acc5: 37.5000 (37.5111)  family_acc1: 51.5625 (52.7169)  manu_acc1: 64.8438 (67.0573)  time: 0.4575  data: 0.2547  max mem: 11381
Test:  [246/391]  eta: 0:01:03  sploss: 5.3019 (5.3356)  famloss: 2.4613 (2.4086)  manuloss: 1.5819 (1.5457)  acc1: 20.3125 (19.7795)  acc5: 37.5000 (37.5206)  family_acc1: 51.9531 (52.7138)  manu_acc1: 65.6250 (67.0610)  time: 0.4570  data: 0.2547  max mem: 11381
Test:  [247/391]  eta: 0:01:03  sploss: 5.1816 (5.3350)  famloss: 2.4297 (2.4082)  manuloss: 1.5681 (1.5454)  acc1: 21.0938 (19.7943)  acc5: 37.8906 (37.5252)  family_acc1: 51.9531 (52.7107)  manu_acc1: 66.4062 (67.0662)  time: 0.4561  data: 0.2547  max mem: 11381
Test:  [248/391]  eta: 0:01:02  sploss: 5.1746 (5.3339)  famloss: 2.4274 (2.4080)  manuloss: 1.5681 (1.5455)  acc1: 21.4844 (19.8121)  acc5: 38.2812 (37.5345)  family_acc1: 51.9531 (52.7093)  manu_acc1: 66.4062 (67.0589)  time: 0.3430  data: 0.1430  max mem: 11381
Test:  [249/391]  eta: 0:01:01  sploss: 5.1746 (5.3338)  famloss: 2.4016 (2.4077)  manuloss: 1.5656 (1.5454)  acc1: 21.4844 (19.8188)  acc5: 38.6719 (37.5547)  family_acc1: 52.3438 (52.7125)  manu_acc1: 66.7969 (67.0594)  time: 0.3414  data: 0.1430  max mem: 11381
Test:  [250/391]  eta: 0:01:01  sploss: 5.1705 (5.3327)  famloss: 2.3576 (2.4072)  manuloss: 1.5656 (1.5456)  acc1: 21.8750 (19.8332)  acc5: 39.0625 (37.5716)  family_acc1: 52.7344 (52.7141)  manu_acc1: 66.7969 (67.0428)  time: 0.3306  data: 0.1323  max mem: 11381
Test:  [251/391]  eta: 0:01:00  sploss: 5.1705 (5.3334)  famloss: 2.3576 (2.4072)  manuloss: 1.5467 (1.5453)  acc1: 21.8750 (19.8397)  acc5: 39.0625 (37.5620)  family_acc1: 52.7344 (52.7142)  manu_acc1: 66.7969 (67.0511)  time: 0.3300  data: 0.1323  max mem: 11381
Test:  [252/391]  eta: 0:01:01  sploss: 5.1626 (5.3321)  famloss: 2.3504 (2.4068)  manuloss: 1.5436 (1.5447)  acc1: 21.8750 (19.8601)  acc5: 39.8438 (37.5865)  family_acc1: 52.7344 (52.7128)  manu_acc1: 67.1875 (67.0563)  time: 0.4820  data: 0.2801  max mem: 11381
Test:  [253/391]  eta: 0:01:01  sploss: 5.1626 (5.3316)  famloss: 2.3504 (2.4066)  manuloss: 1.5436 (1.5449)  acc1: 21.8750 (19.8450)  acc5: 39.8438 (37.5892)  family_acc1: 52.7344 (52.7128)  manu_acc1: 67.1875 (67.0429)  time: 0.4835  data: 0.2802  max mem: 11381
Test:  [254/391]  eta: 0:01:00  sploss: 5.1626 (5.3312)  famloss: 2.3504 (2.4065)  manuloss: 1.5238 (1.5448)  acc1: 21.4844 (19.8407)  acc5: 39.8438 (37.5919)  family_acc1: 52.7344 (52.7053)  manu_acc1: 67.1875 (67.0435)  time: 0.4835  data: 0.2802  max mem: 11381
Test:  [255/391]  eta: 0:01:00  sploss: 5.1705 (5.3317)  famloss: 2.3525 (2.4063)  manuloss: 1.5238 (1.5445)  acc1: 21.4844 (19.8410)  acc5: 39.4531 (37.5992)  family_acc1: 52.7344 (52.6962)  manu_acc1: 67.1875 (67.0456)  time: 0.4857  data: 0.2802  max mem: 11381
Test:  [256/391]  eta: 0:00:59  sploss: 5.1626 (5.3308)  famloss: 2.3504 (2.4056)  manuloss: 1.5079 (1.5438)  acc1: 21.8750 (19.8580)  acc5: 39.8438 (37.6079)  family_acc1: 52.7344 (52.7161)  manu_acc1: 67.1875 (67.0674)  time: 0.4852  data: 0.2802  max mem: 11381
Test:  [257/391]  eta: 0:00:58  sploss: 5.1004 (5.3294)  famloss: 2.3504 (2.4044)  manuloss: 1.5015 (1.5430)  acc1: 21.8750 (19.8749)  acc5: 39.8438 (37.6242)  family_acc1: 52.7344 (52.7389)  manu_acc1: 67.5781 (67.0755)  time: 0.4851  data: 0.2802  max mem: 11381
Test:  [258/391]  eta: 0:00:58  sploss: 5.1626 (5.3291)  famloss: 2.3504 (2.4044)  manuloss: 1.5079 (1.5431)  acc1: 21.8750 (19.8857)  acc5: 39.8438 (37.6372)  family_acc1: 52.7344 (52.7329)  manu_acc1: 67.1875 (67.0668)  time: 0.4852  data: 0.2802  max mem: 11381
Test:  [259/391]  eta: 0:00:57  sploss: 5.1746 (5.3291)  famloss: 2.3468 (2.4038)  manuloss: 1.5015 (1.5426)  acc1: 21.4844 (19.8903)  acc5: 39.8438 (37.6352)  family_acc1: 52.7344 (52.7374)  manu_acc1: 67.5781 (67.0718)  time: 0.4853  data: 0.2802  max mem: 11381
Test:  [260/391]  eta: 0:00:57  sploss: 5.1649 (5.3285)  famloss: 2.3450 (2.4036)  manuloss: 1.4621 (1.5420)  acc1: 21.4844 (19.8815)  acc5: 39.8438 (37.6287)  family_acc1: 52.7344 (52.7329)  manu_acc1: 67.5781 (67.0857)  time: 0.3531  data: 0.1498  max mem: 11381
Test:  [261/391]  eta: 0:00:56  sploss: 5.1746 (5.3282)  famloss: 2.3450 (2.4026)  manuloss: 1.4621 (1.5415)  acc1: 21.4844 (19.8921)  acc5: 39.4531 (37.6312)  family_acc1: 52.7344 (52.7508)  manu_acc1: 67.5781 (67.1085)  time: 0.3509  data: 0.1498  max mem: 11381
Test:  [262/391]  eta: 0:00:56  sploss: 5.1649 (5.3265)  famloss: 2.3414 (2.4013)  manuloss: 1.4611 (1.5403)  acc1: 22.6562 (19.9323)  acc5: 39.8438 (37.6560)  family_acc1: 52.7344 (52.7745)  manu_acc1: 67.9688 (67.1296)  time: 0.3522  data: 0.1498  max mem: 11381
Test:  [263/391]  eta: 0:00:55  sploss: 5.1649 (5.3255)  famloss: 2.3066 (2.4006)  manuloss: 1.4599 (1.5393)  acc1: 21.4844 (19.9337)  acc5: 39.8438 (37.6672)  family_acc1: 52.7344 (52.7876)  manu_acc1: 68.3594 (67.1549)  time: 0.3505  data: 0.1482  max mem: 11381
Test:  [264/391]  eta: 0:00:56  sploss: 5.1746 (5.3252)  famloss: 2.3044 (2.3999)  manuloss: 1.4599 (1.5394)  acc1: 21.4844 (19.9351)  acc5: 39.8438 (37.6680)  family_acc1: 52.7344 (52.7889)  manu_acc1: 68.3594 (67.1580)  time: 0.4801  data: 0.2742  max mem: 11381
Test:  [265/391]  eta: 0:00:55  sploss: 5.1746 (5.3245)  famloss: 2.3066 (2.3998)  manuloss: 1.4611 (1.5392)  acc1: 21.4844 (19.9498)  acc5: 39.8438 (37.6880)  family_acc1: 52.7344 (52.7858)  manu_acc1: 67.9688 (67.1552)  time: 0.4829  data: 0.2742  max mem: 11381
Test:  [266/391]  eta: 0:00:55  sploss: 5.1746 (5.3243)  famloss: 2.3051 (2.3995)  manuloss: 1.4599 (1.5386)  acc1: 21.4844 (19.9467)  acc5: 39.4531 (37.6902)  family_acc1: 52.7344 (52.7900)  manu_acc1: 68.3594 (67.1656)  time: 0.4857  data: 0.2742  max mem: 11381
Test:  [267/391]  eta: 0:00:54  sploss: 5.2051 (5.3241)  famloss: 2.3051 (2.3986)  manuloss: 1.4270 (1.5377)  acc1: 21.4844 (19.9496)  acc5: 39.4531 (37.6968)  family_acc1: 53.1250 (52.7970)  manu_acc1: 68.3594 (67.1817)  time: 0.4876  data: 0.2742  max mem: 11381
Test:  [268/391]  eta: 0:00:54  sploss: 5.2335 (5.3237)  famloss: 2.2701 (2.3977)  manuloss: 1.3988 (1.5371)  acc1: 21.0938 (19.9480)  acc5: 39.4531 (37.7062)  family_acc1: 53.1250 (52.8041)  manu_acc1: 68.3594 (67.1875)  time: 0.4875  data: 0.2742  max mem: 11381
Test:  [269/391]  eta: 0:00:53  sploss: 5.2335 (5.3234)  famloss: 2.2604 (2.3968)  manuloss: 1.3988 (1.5368)  acc1: 21.0938 (19.9653)  acc5: 39.4531 (37.7271)  family_acc1: 53.1250 (52.8168)  manu_acc1: 68.7500 (67.1976)  time: 0.4880  data: 0.2742  max mem: 11381
Test:  [270/391]  eta: 0:00:53  sploss: 5.2335 (5.3223)  famloss: 2.2269 (2.3959)  manuloss: 1.3942 (1.5359)  acc1: 21.0938 (19.9867)  acc5: 39.4531 (37.7407)  family_acc1: 53.9062 (52.8252)  manu_acc1: 69.1406 (67.2091)  time: 0.4877  data: 0.2742  max mem: 11381
Test:  [271/391]  eta: 0:00:52  sploss: 5.2051 (5.3217)  famloss: 2.2269 (2.3956)  manuloss: 1.3942 (1.5354)  acc1: 21.0938 (19.9937)  acc5: 39.4531 (37.7470)  family_acc1: 53.9062 (52.8306)  manu_acc1: 69.1406 (67.2191)  time: 0.4881  data: 0.2742  max mem: 11381
Test:  [272/391]  eta: 0:00:51  sploss: 5.2051 (5.3204)  famloss: 2.2217 (2.3942)  manuloss: 1.3932 (1.5345)  acc1: 21.0938 (20.0049)  acc5: 39.4531 (37.7533)  family_acc1: 54.2969 (52.8531)  manu_acc1: 69.9219 (67.2419)  time: 0.3359  data: 0.1263  max mem: 11381
Test:  [273/391]  eta: 0:00:51  sploss: 5.1669 (5.3189)  famloss: 2.1935 (2.3927)  manuloss: 1.3809 (1.5335)  acc1: 21.8750 (20.0288)  acc5: 39.4531 (37.7823)  family_acc1: 54.6875 (52.8855)  manu_acc1: 69.9219 (67.2688)  time: 0.3339  data: 0.1263  max mem: 11381
Test:  [274/391]  eta: 0:00:50  sploss: 5.1649 (5.3182)  famloss: 2.1935 (2.3921)  manuloss: 1.3679 (1.5329)  acc1: 21.8750 (20.0312)  acc5: 39.8438 (37.7940)  family_acc1: 54.6875 (52.9006)  manu_acc1: 69.9219 (67.2784)  time: 0.3339  data: 0.1263  max mem: 11381
Test:  [275/391]  eta: 0:00:50  sploss: 5.1649 (5.3177)  famloss: 2.1935 (2.3917)  manuloss: 1.3679 (1.5326)  acc1: 21.8750 (20.0238)  acc5: 39.8438 (37.7986)  family_acc1: 54.6875 (52.8971)  manu_acc1: 69.9219 (67.2837)  time: 0.3318  data: 0.1263  max mem: 11381
Test:  [276/391]  eta: 0:00:50  sploss: 5.1649 (5.3168)  famloss: 2.1784 (2.3910)  manuloss: 1.3809 (1.5322)  acc1: 21.8750 (20.0319)  acc5: 40.2344 (37.8131)  family_acc1: 54.6875 (52.8937)  manu_acc1: 69.9219 (67.2862)  time: 0.4628  data: 0.2534  max mem: 11381
Test:  [277/391]  eta: 0:00:50  sploss: 5.1649 (5.3156)  famloss: 2.1784 (2.3896)  manuloss: 1.3809 (1.5315)  acc1: 21.8750 (20.0497)  acc5: 40.2344 (37.8344)  family_acc1: 54.6875 (52.9227)  manu_acc1: 69.9219 (67.3041)  time: 0.4625  data: 0.2534  max mem: 11381
Test:  [278/391]  eta: 0:00:49  sploss: 5.1371 (5.3145)  famloss: 2.1784 (2.3893)  manuloss: 1.3809 (1.5313)  acc1: 21.8750 (20.0577)  acc5: 40.2344 (37.8528)  family_acc1: 54.6875 (52.9276)  manu_acc1: 69.9219 (67.2995)  time: 0.4620  data: 0.2534  max mem: 11381
Test:  [279/391]  eta: 0:00:49  sploss: 5.1349 (5.3138)  famloss: 2.1784 (2.3891)  manuloss: 1.3809 (1.5317)  acc1: 22.2656 (20.0656)  acc5: 40.2344 (37.8613)  family_acc1: 54.6875 (52.9367)  manu_acc1: 69.9219 (67.2907)  time: 0.4615  data: 0.2534  max mem: 11381
Test:  [280/391]  eta: 0:00:48  sploss: 5.1033 (5.3125)  famloss: 2.1667 (2.3882)  manuloss: 1.3932 (1.5313)  acc1: 22.2656 (20.0678)  acc5: 40.6250 (37.8726)  family_acc1: 54.6875 (52.9429)  manu_acc1: 69.9219 (67.3098)  time: 0.4595  data: 0.2534  max mem: 11381
Test:  [281/391]  eta: 0:00:48  sploss: 5.0663 (5.3114)  famloss: 2.1784 (2.3877)  manuloss: 1.3932 (1.5310)  acc1: 22.2656 (20.0812)  acc5: 40.6250 (37.8795)  family_acc1: 54.6875 (52.9449)  manu_acc1: 69.9219 (67.3094)  time: 0.4575  data: 0.2534  max mem: 11381
Test:  [282/391]  eta: 0:00:47  sploss: 5.1033 (5.3118)  famloss: 2.1935 (2.3877)  manuloss: 1.4037 (1.5307)  acc1: 21.8750 (20.0751)  acc5: 40.2344 (37.8741)  family_acc1: 54.6875 (52.9373)  manu_acc1: 69.9219 (67.3034)  time: 0.4554  data: 0.2534  max mem: 11381
Test:  [283/391]  eta: 0:00:47  sploss: 5.1349 (5.3112)  famloss: 2.2088 (2.3872)  manuloss: 1.4179 (1.5303)  acc1: 21.8750 (20.0745)  acc5: 40.2344 (37.8755)  family_acc1: 54.6875 (52.9503)  manu_acc1: 69.9219 (67.3168)  time: 0.4574  data: 0.2534  max mem: 11381
Test:  [284/391]  eta: 0:00:46  sploss: 5.1349 (5.3111)  famloss: 2.2088 (2.3869)  manuloss: 1.4179 (1.5300)  acc1: 21.8750 (20.0809)  acc5: 40.2344 (37.8742)  family_acc1: 54.6875 (52.9496)  manu_acc1: 69.9219 (67.3246)  time: 0.3297  data: 0.1275  max mem: 11381
Test:  [285/391]  eta: 0:00:46  sploss: 5.1033 (5.3101)  famloss: 2.2088 (2.3866)  manuloss: 1.4179 (1.5296)  acc1: 21.8750 (20.0967)  acc5: 39.8438 (37.8811)  family_acc1: 54.6875 (52.9529)  manu_acc1: 69.9219 (67.3377)  time: 0.3278  data: 0.1275  max mem: 11381
Test:  [286/391]  eta: 0:00:45  sploss: 5.0663 (5.3090)  famloss: 2.1784 (2.3855)  manuloss: 1.4179 (1.5286)  acc1: 22.2656 (20.1070)  acc5: 39.8438 (37.8865)  family_acc1: 54.6875 (52.9671)  manu_acc1: 69.9219 (67.3644)  time: 0.3268  data: 0.1275  max mem: 11381
Test:  [287/391]  eta: 0:00:45  sploss: 5.0617 (5.3081)  famloss: 2.1784 (2.3845)  manuloss: 1.4197 (1.5282)  acc1: 22.2656 (20.1158)  acc5: 40.2344 (37.9042)  family_acc1: 54.6875 (52.9961)  manu_acc1: 69.9219 (67.3692)  time: 0.3266  data: 0.1275  max mem: 11381
Test:  [288/391]  eta: 0:00:45  sploss: 5.0231 (5.3070)  famloss: 2.2088 (2.3840)  manuloss: 1.4197 (1.5277)  acc1: 22.2656 (20.1179)  acc5: 40.2344 (37.9136)  family_acc1: 54.6875 (52.9966)  manu_acc1: 69.9219 (67.3808)  time: 0.4431  data: 0.2406  max mem: 11381
Test:  [289/391]  eta: 0:00:44  sploss: 5.0231 (5.3061)  famloss: 2.2088 (2.3829)  manuloss: 1.4179 (1.5270)  acc1: 22.2656 (20.1253)  acc5: 40.2344 (37.9310)  family_acc1: 54.6875 (53.0226)  manu_acc1: 69.9219 (67.3990)  time: 0.4452  data: 0.2407  max mem: 11381
Test:  [290/391]  eta: 0:00:44  sploss: 5.0229 (5.3051)  famloss: 2.2088 (2.3820)  manuloss: 1.4179 (1.5259)  acc1: 22.2656 (20.1514)  acc5: 40.2344 (37.9510)  family_acc1: 54.6875 (53.0337)  manu_acc1: 69.9219 (67.4157)  time: 0.4468  data: 0.2407  max mem: 11381
Test:  [291/391]  eta: 0:00:43  sploss: 5.0229 (5.3042)  famloss: 2.2088 (2.3816)  manuloss: 1.4197 (1.5255)  acc1: 22.2656 (20.1694)  acc5: 40.6250 (37.9762)  family_acc1: 54.6875 (53.0394)  manu_acc1: 69.9219 (67.4203)  time: 0.4465  data: 0.2407  max mem: 11381
Test:  [292/391]  eta: 0:00:43  sploss: 5.0229 (5.3026)  famloss: 2.2088 (2.3802)  manuloss: 1.4197 (1.5247)  acc1: 22.2656 (20.1818)  acc5: 41.0156 (37.9999)  family_acc1: 54.6875 (53.0517)  manu_acc1: 69.9219 (67.4341)  time: 0.4462  data: 0.2407  max mem: 11381
Test:  [293/391]  eta: 0:00:42  sploss: 5.0384 (5.3024)  famloss: 2.2088 (2.3795)  manuloss: 1.4197 (1.5240)  acc1: 22.2656 (20.1823)  acc5: 40.6250 (38.0009)  family_acc1: 54.6875 (53.0705)  manu_acc1: 69.9219 (67.4546)  time: 0.4458  data: 0.2406  max mem: 11381
Test:  [294/391]  eta: 0:00:42  sploss: 5.0384 (5.3022)  famloss: 2.1784 (2.3783)  manuloss: 1.4197 (1.5231)  acc1: 22.2656 (20.1827)  acc5: 40.2344 (37.9979)  family_acc1: 54.6875 (53.0866)  manu_acc1: 70.7031 (67.4775)  time: 0.4451  data: 0.2406  max mem: 11381
Test:  [295/391]  eta: 0:00:41  sploss: 5.0384 (5.3018)  famloss: 2.1503 (2.3774)  manuloss: 1.4179 (1.5223)  acc1: 22.2656 (20.1871)  acc5: 40.6250 (38.0107)  family_acc1: 55.4688 (53.1039)  manu_acc1: 70.7031 (67.4884)  time: 0.4469  data: 0.2406  max mem: 11381
Test:  [296/391]  eta: 0:00:41  sploss: 5.0384 (5.3019)  famloss: 2.1503 (2.3770)  manuloss: 1.4197 (1.5223)  acc1: 22.2656 (20.1731)  acc5: 40.2344 (38.0077)  family_acc1: 55.4688 (53.1092)  manu_acc1: 70.7031 (67.4834)  time: 0.3169  data: 0.1135  max mem: 11381
Test:  [297/391]  eta: 0:00:40  sploss: 5.0384 (5.3005)  famloss: 2.1503 (2.3755)  manuloss: 1.4197 (1.5208)  acc1: 22.2656 (20.2050)  acc5: 40.2344 (38.0414)  family_acc1: 55.4688 (53.1329)  manu_acc1: 70.7031 (67.5218)  time: 0.3172  data: 0.1135  max mem: 11381
Test:  [298/391]  eta: 0:00:40  sploss: 5.0617 (5.3002)  famloss: 2.1326 (2.3747)  manuloss: 1.3921 (1.5202)  acc1: 21.8750 (20.2001)  acc5: 39.8438 (38.0461)  family_acc1: 56.2500 (53.1433)  manu_acc1: 70.7031 (67.5324)  time: 0.3175  data: 0.1135  max mem: 11381
Test:  [299/391]  eta: 0:00:39  sploss: 5.0384 (5.2993)  famloss: 2.1268 (2.3735)  manuloss: 1.3452 (1.5190)  acc1: 21.8750 (20.2057)  acc5: 39.8438 (38.0547)  family_acc1: 56.2500 (53.1589)  manu_acc1: 71.0938 (67.5534)  time: 0.3176  data: 0.1135  max mem: 11381
Test:  [300/391]  eta: 0:00:39  sploss: 5.0617 (5.2998)  famloss: 2.1268 (2.3732)  manuloss: 1.3212 (1.5183)  acc1: 21.8750 (20.1996)  acc5: 39.8438 (38.0477)  family_acc1: 56.2500 (53.1613)  manu_acc1: 71.0938 (67.5651)  time: 0.4345  data: 0.2280  max mem: 11381
Test:  [301/391]  eta: 0:00:39  sploss: 5.0678 (5.2997)  famloss: 2.1038 (2.3718)  manuloss: 1.3105 (1.5172)  acc1: 21.8750 (20.2064)  acc5: 39.4531 (38.0510)  family_acc1: 56.6406 (53.1948)  manu_acc1: 71.0938 (67.5911)  time: 0.4362  data: 0.2280  max mem: 11381
Test:  [302/391]  eta: 0:00:38  sploss: 5.0678 (5.2993)  famloss: 2.1038 (2.3710)  manuloss: 1.3105 (1.5166)  acc1: 21.8750 (20.2042)  acc5: 39.4531 (38.0518)  family_acc1: 56.6406 (53.2101)  manu_acc1: 71.0938 (67.6026)  time: 0.4470  data: 0.2373  max mem: 11381
Test:  [303/391]  eta: 0:00:38  sploss: 5.0678 (5.2995)  famloss: 2.1038 (2.3706)  manuloss: 1.3100 (1.5160)  acc1: 21.8750 (20.2071)  acc5: 39.4531 (38.0448)  family_acc1: 56.6406 (53.2085)  manu_acc1: 71.0938 (67.6218)  time: 0.4469  data: 0.2373  max mem: 11381
Test:  [304/391]  eta: 0:00:37  sploss: 5.0678 (5.2995)  famloss: 2.1006 (2.3695)  manuloss: 1.3075 (1.5149)  acc1: 21.4844 (20.2088)  acc5: 39.8438 (38.0507)  family_acc1: 57.0312 (53.2339)  manu_acc1: 71.4844 (67.6383)  time: 0.4448  data: 0.2373  max mem: 11381
Test:  [305/391]  eta: 0:00:37  sploss: 5.1688 (5.2992)  famloss: 2.1006 (2.3688)  manuloss: 1.3075 (1.5145)  acc1: 21.4844 (20.2193)  acc5: 39.8438 (38.0591)  family_acc1: 57.8125 (53.2603)  manu_acc1: 71.4844 (67.6458)  time: 0.4439  data: 0.2373  max mem: 11381
Test:  [306/391]  eta: 0:00:36  sploss: 5.1688 (5.2981)  famloss: 2.1038 (2.3680)  manuloss: 1.3100 (1.5140)  acc1: 21.4844 (20.2362)  acc5: 40.6250 (38.0764)  family_acc1: 57.8125 (53.2713)  manu_acc1: 71.0938 (67.6557)  time: 0.4424  data: 0.2373  max mem: 11381
Test:  [307/391]  eta: 0:00:36  sploss: 5.1688 (5.2974)  famloss: 2.1038 (2.3669)  manuloss: 1.3100 (1.5136)  acc1: 21.4844 (20.2427)  acc5: 40.6250 (38.0935)  family_acc1: 57.8125 (53.2886)  manu_acc1: 71.0938 (67.6568)  time: 0.4405  data: 0.2373  max mem: 11381
Test:  [308/391]  eta: 0:00:35  sploss: 5.1729 (5.2986)  famloss: 2.1038 (2.3668)  manuloss: 1.3100 (1.5133)  acc1: 21.4844 (20.2417)  acc5: 39.8438 (38.0802)  family_acc1: 57.8125 (53.2893)  manu_acc1: 71.0938 (67.6603)  time: 0.3238  data: 0.1241  max mem: 11381
Test:  [309/391]  eta: 0:00:35  sploss: 5.2017 (5.2986)  famloss: 2.1090 (2.3663)  manuloss: 1.3075 (1.5125)  acc1: 21.0938 (20.2256)  acc5: 39.4531 (38.0733)  family_acc1: 56.6406 (53.2825)  manu_acc1: 71.0938 (67.6752)  time: 0.3210  data: 0.1241  max mem: 11381
Test:  [310/391]  eta: 0:00:34  sploss: 5.2017 (5.2982)  famloss: 2.1268 (2.3657)  manuloss: 1.3105 (1.5121)  acc1: 20.7031 (20.2271)  acc5: 39.0625 (38.0727)  family_acc1: 57.8125 (53.3008)  manu_acc1: 71.0938 (67.6824)  time: 0.3193  data: 0.1241  max mem: 11381
Test:  [311/391]  eta: 0:00:34  sploss: 5.2019 (5.2986)  famloss: 2.1268 (2.3656)  manuloss: 1.3105 (1.5120)  acc1: 20.7031 (20.2161)  acc5: 38.2812 (38.0621)  family_acc1: 57.8125 (53.2953)  manu_acc1: 71.0938 (67.6770)  time: 0.3193  data: 0.1241  max mem: 11381
Test:  [312/391]  eta: 0:00:34  sploss: 5.2349 (5.2990)  famloss: 2.1343 (2.3657)  manuloss: 1.3212 (1.5115)  acc1: 20.3125 (20.2077)  acc5: 38.2812 (38.0516)  family_acc1: 57.8125 (53.2860)  manu_acc1: 71.0938 (67.6904)  time: 0.4341  data: 0.2360  max mem: 11381
Test:  [313/391]  eta: 0:00:34  sploss: 5.2499 (5.2990)  famloss: 2.1343 (2.3651)  manuloss: 1.3105 (1.5108)  acc1: 20.3125 (20.2005)  acc5: 38.2812 (38.0548)  family_acc1: 56.6406 (53.2967)  manu_acc1: 71.0938 (67.7038)  time: 0.4365  data: 0.2360  max mem: 11381
Test:  [314/391]  eta: 0:00:33  sploss: 5.2019 (5.2982)  famloss: 2.1387 (2.3647)  manuloss: 1.3423 (1.5103)  acc1: 20.7031 (20.2158)  acc5: 39.0625 (38.0593)  family_acc1: 56.6406 (53.3048)  manu_acc1: 70.7031 (67.7071)  time: 0.4441  data: 0.2408  max mem: 11381
Test:  [315/391]  eta: 0:00:33  sploss: 5.2019 (5.2970)  famloss: 2.1387 (2.3639)  manuloss: 1.3423 (1.5099)  acc1: 20.7031 (20.2284)  acc5: 39.0625 (38.0711)  family_acc1: 56.2500 (53.3030)  manu_acc1: 70.7031 (67.7092)  time: 0.4445  data: 0.2408  max mem: 11381
Test:  [316/391]  eta: 0:00:32  sploss: 5.2019 (5.2971)  famloss: 2.1387 (2.3636)  manuloss: 1.3423 (1.5095)  acc1: 20.7031 (20.2176)  acc5: 39.0625 (38.0607)  family_acc1: 56.2500 (53.3098)  manu_acc1: 71.0938 (67.7211)  time: 0.4451  data: 0.2408  max mem: 11381
Test:  [317/391]  eta: 0:00:32  sploss: 5.2019 (5.2967)  famloss: 2.1591 (2.3630)  manuloss: 1.3423 (1.5087)  acc1: 20.7031 (20.2290)  acc5: 39.0625 (38.0687)  family_acc1: 55.8594 (53.3129)  manu_acc1: 71.0938 (67.7329)  time: 0.4466  data: 0.2408  max mem: 11381
Test:  [318/391]  eta: 0:00:31  sploss: 5.2019 (5.2962)  famloss: 2.1618 (2.3623)  manuloss: 1.3423 (1.5080)  acc1: 20.7031 (20.2354)  acc5: 39.0625 (38.0755)  family_acc1: 55.8594 (53.3258)  manu_acc1: 71.0938 (67.7471)  time: 0.4483  data: 0.2408  max mem: 11381
Test:  [319/391]  eta: 0:00:31  sploss: 5.2516 (5.2965)  famloss: 2.1629 (2.3624)  manuloss: 1.3423 (1.5079)  acc1: 20.7031 (20.2344)  acc5: 38.2812 (38.0762)  family_acc1: 55.4688 (53.3313)  manu_acc1: 71.0938 (67.7539)  time: 0.4481  data: 0.2408  max mem: 11381
Test:  [320/391]  eta: 0:00:30  sploss: 5.2516 (5.2965)  famloss: 2.1629 (2.3619)  manuloss: 1.3428 (1.5074)  acc1: 20.7031 (20.2261)  acc5: 38.2812 (38.0707)  family_acc1: 55.4688 (53.3270)  manu_acc1: 70.7031 (67.7521)  time: 0.3309  data: 0.1263  max mem: 11381
Test:  [321/391]  eta: 0:00:30  sploss: 5.2019 (5.2957)  famloss: 2.1629 (2.3612)  manuloss: 1.3428 (1.5067)  acc1: 20.7031 (20.2361)  acc5: 38.2812 (38.0908)  family_acc1: 55.4688 (53.3373)  manu_acc1: 70.7031 (67.7649)  time: 0.3288  data: 0.1263  max mem: 11381
Test:  [322/391]  eta: 0:00:29  sploss: 5.2859 (5.2958)  famloss: 2.1766 (2.3608)  manuloss: 1.3546 (1.5067)  acc1: 20.7031 (20.2351)  acc5: 38.2812 (38.0829)  family_acc1: 55.0781 (53.3354)  manu_acc1: 69.9219 (67.7583)  time: 0.3180  data: 0.1171  max mem: 11381
Test:  [323/391]  eta: 0:00:29  sploss: 5.2859 (5.2961)  famloss: 2.1766 (2.3605)  manuloss: 1.3547 (1.5063)  acc1: 19.9219 (20.2269)  acc5: 38.2812 (38.0679)  family_acc1: 55.4688 (53.3456)  manu_acc1: 69.9219 (67.7650)  time: 0.3158  data: 0.1170  max mem: 11381
Test:  [324/391]  eta: 0:00:29  sploss: 5.2859 (5.2962)  famloss: 2.1766 (2.3598)  manuloss: 1.3547 (1.5057)  acc1: 19.9219 (20.2224)  acc5: 37.8906 (38.0649)  family_acc1: 55.4688 (53.3570)  manu_acc1: 69.9219 (67.7800)  time: 0.4311  data: 0.2309  max mem: 11381
Test:  [325/391]  eta: 0:00:28  sploss: 5.2917 (5.2963)  famloss: 2.2069 (2.3594)  manuloss: 1.3547 (1.5060)  acc1: 19.9219 (20.2226)  acc5: 37.8906 (38.0680)  family_acc1: 55.0781 (53.3623)  manu_acc1: 69.9219 (67.7794)  time: 0.4313  data: 0.2309  max mem: 11381
Test:  [326/391]  eta: 0:00:28  sploss: 5.3121 (5.2975)  famloss: 2.2112 (2.3598)  manuloss: 1.3666 (1.5058)  acc1: 19.9219 (20.2134)  acc5: 37.1094 (38.0507)  family_acc1: 55.0781 (53.3603)  manu_acc1: 69.9219 (67.7848)  time: 0.4419  data: 0.2411  max mem: 11381
Test:  [327/391]  eta: 0:00:27  sploss: 5.3121 (5.2971)  famloss: 2.2200 (2.3595)  manuloss: 1.3666 (1.5057)  acc1: 19.9219 (20.2148)  acc5: 37.1094 (38.0526)  family_acc1: 54.2969 (53.3548)  manu_acc1: 69.9219 (67.7865)  time: 0.4415  data: 0.2411  max mem: 11381
Test:  [328/391]  eta: 0:00:27  sploss: 5.2917 (5.2965)  famloss: 2.2112 (2.3589)  manuloss: 1.3546 (1.5052)  acc1: 19.9219 (20.2175)  acc5: 37.8906 (38.0592)  family_acc1: 55.0781 (53.3684)  manu_acc1: 69.9219 (67.8013)  time: 0.4411  data: 0.2411  max mem: 11381
Test:  [329/391]  eta: 0:00:26  sploss: 5.3121 (5.2965)  famloss: 2.2200 (2.3586)  manuloss: 1.3666 (1.5051)  acc1: 19.9219 (20.2190)  acc5: 38.2812 (38.0705)  family_acc1: 55.0781 (53.3748)  manu_acc1: 69.9219 (67.7995)  time: 0.4414  data: 0.2411  max mem: 11381
Test:  [330/391]  eta: 0:00:26  sploss: 5.3121 (5.2963)  famloss: 2.2200 (2.3581)  manuloss: 1.3666 (1.5047)  acc1: 19.9219 (20.2169)  acc5: 38.2812 (38.0676)  family_acc1: 55.0781 (53.3917)  manu_acc1: 69.9219 (67.8071)  time: 0.4416  data: 0.2411  max mem: 11381
Test:  [331/391]  eta: 0:00:25  sploss: 5.2859 (5.2961)  famloss: 2.2200 (2.3585)  manuloss: 1.3666 (1.5049)  acc1: 19.9219 (20.2078)  acc5: 38.6719 (38.0718)  family_acc1: 55.0781 (53.3933)  manu_acc1: 69.9219 (67.8087)  time: 0.4423  data: 0.2411  max mem: 11381
Test:  [332/391]  eta: 0:00:25  sploss: 5.2859 (5.2962)  famloss: 2.2200 (2.3588)  manuloss: 1.3710 (1.5051)  acc1: 19.9219 (20.2034)  acc5: 39.0625 (38.0783)  family_acc1: 55.0781 (53.3889)  manu_acc1: 69.5312 (67.8022)  time: 0.3277  data: 0.1293  max mem: 11381
Test:  [333/391]  eta: 0:00:24  sploss: 5.2859 (5.2966)  famloss: 2.2344 (2.3598)  manuloss: 1.3885 (1.5056)  acc1: 19.9219 (20.1897)  acc5: 38.6719 (38.0801)  family_acc1: 55.0781 (53.3706)  manu_acc1: 68.7500 (67.7886)  time: 0.3362  data: 0.1299  max mem: 11381
Test:  [334/391]  eta: 0:00:24  sploss: 5.3121 (5.2969)  famloss: 2.2389 (2.3604)  manuloss: 1.3979 (1.5060)  acc1: 19.5312 (20.1784)  acc5: 38.6719 (38.0725)  family_acc1: 54.2969 (53.3454)  manu_acc1: 68.3594 (67.7810)  time: 0.3292  data: 0.1252  max mem: 11381
Test:  [335/391]  eta: 0:00:24  sploss: 5.3158 (5.2973)  famloss: 2.2497 (2.3606)  manuloss: 1.4360 (1.5061)  acc1: 19.1406 (20.1753)  acc5: 38.2812 (38.0662)  family_acc1: 54.2969 (53.3389)  manu_acc1: 68.3594 (67.7781)  time: 0.3266  data: 0.1252  max mem: 11381
Test:  [336/391]  eta: 0:00:23  sploss: 5.3158 (5.2969)  famloss: 2.2497 (2.3607)  manuloss: 1.4653 (1.5062)  acc1: 19.1406 (20.1699)  acc5: 38.6719 (38.0772)  family_acc1: 53.9062 (53.3394)  manu_acc1: 68.3594 (67.7798)  time: 0.4364  data: 0.2360  max mem: 11381
Test:  [337/391]  eta: 0:00:23  sploss: 5.3189 (5.2981)  famloss: 2.2599 (2.3616)  manuloss: 1.4660 (1.5074)  acc1: 18.7500 (20.1611)  acc5: 38.2812 (38.0582)  family_acc1: 53.5156 (53.3215)  manu_acc1: 68.3594 (67.7630)  time: 0.4350  data: 0.2360  max mem: 11381
Test:  [338/391]  eta: 0:00:23  sploss: 5.3191 (5.2984)  famloss: 2.2694 (2.3616)  manuloss: 1.4840 (1.5075)  acc1: 18.7500 (20.1546)  acc5: 37.1094 (38.0519)  family_acc1: 53.5156 (53.3220)  manu_acc1: 68.3594 (67.7648)  time: 0.4484  data: 0.2493  max mem: 11381
Test:  [339/391]  eta: 0:00:22  sploss: 5.3191 (5.2989)  famloss: 2.2694 (2.3619)  manuloss: 1.4926 (1.5078)  acc1: 18.7500 (20.1528)  acc5: 37.1094 (38.0503)  family_acc1: 52.7344 (53.3169)  manu_acc1: 67.5781 (67.7528)  time: 0.4488  data: 0.2493  max mem: 11381
Test:  [340/391]  eta: 0:00:22  sploss: 5.3191 (5.2984)  famloss: 2.3443 (2.3619)  manuloss: 1.5291 (1.5079)  acc1: 18.7500 (20.1613)  acc5: 37.5000 (38.0579)  family_acc1: 53.5156 (53.3174)  manu_acc1: 67.5781 (67.7477)  time: 0.4490  data: 0.2493  max mem: 11381
Test:  [341/391]  eta: 0:00:21  sploss: 5.3191 (5.2981)  famloss: 2.3443 (2.3614)  manuloss: 1.5291 (1.5075)  acc1: 18.7500 (20.1686)  acc5: 37.5000 (38.0665)  family_acc1: 53.5156 (53.3272)  manu_acc1: 67.5781 (67.7574)  time: 0.4492  data: 0.2493  max mem: 11381
Test:  [342/391]  eta: 0:00:21  sploss: 5.3271 (5.2982)  famloss: 2.3443 (2.3609)  manuloss: 1.5291 (1.5067)  acc1: 18.7500 (20.1815)  acc5: 38.6719 (38.0683)  family_acc1: 53.5156 (53.3459)  manu_acc1: 68.3594 (67.7797)  time: 0.4495  data: 0.2493  max mem: 11381
Test:  [343/391]  eta: 0:00:20  sploss: 5.3271 (5.2987)  famloss: 2.3463 (2.3608)  manuloss: 1.5291 (1.5065)  acc1: 18.7500 (20.1717)  acc5: 38.6719 (38.0530)  family_acc1: 53.5156 (53.3453)  manu_acc1: 68.3594 (67.7871)  time: 0.4496  data: 0.2493  max mem: 11381
Test:  [344/391]  eta: 0:00:20  sploss: 5.3271 (5.2985)  famloss: 2.3463 (2.3602)  manuloss: 1.5291 (1.5058)  acc1: 19.1406 (20.1778)  acc5: 38.6719 (38.0627)  family_acc1: 53.5156 (53.3571)  manu_acc1: 68.3594 (67.7989)  time: 0.3342  data: 0.1355  max mem: 11381
Test:  [345/391]  eta: 0:00:19  sploss: 5.3271 (5.2988)  famloss: 2.3834 (2.3610)  manuloss: 1.5270 (1.5059)  acc1: 18.7500 (20.1623)  acc5: 38.6719 (38.0588)  family_acc1: 53.1250 (53.3406)  manu_acc1: 68.3594 (67.7971)  time: 0.3340  data: 0.1355  max mem: 11381
Test:  [346/391]  eta: 0:00:19  sploss: 5.3191 (5.2981)  famloss: 2.3463 (2.3605)  manuloss: 1.5270 (1.5053)  acc1: 19.1406 (20.1707)  acc5: 38.6719 (38.0696)  family_acc1: 53.5156 (53.3490)  manu_acc1: 68.3594 (67.8111)  time: 0.3228  data: 0.1253  max mem: 11381
Test:  [347/391]  eta: 0:00:18  sploss: 5.3191 (5.2973)  famloss: 2.3463 (2.3597)  manuloss: 1.5270 (1.5043)  acc1: 19.1406 (20.1722)  acc5: 38.6719 (38.0814)  family_acc1: 53.5156 (53.3607)  manu_acc1: 68.3594 (67.8363)  time: 0.3227  data: 0.1253  max mem: 11381
Test:  [348/391]  eta: 0:00:18  sploss: 5.3191 (5.2971)  famloss: 2.3463 (2.3596)  manuloss: 1.5270 (1.5039)  acc1: 18.7500 (20.1670)  acc5: 38.6719 (38.0787)  family_acc1: 53.5156 (53.3556)  manu_acc1: 67.1875 (67.8344)  time: 0.4573  data: 0.2585  max mem: 11381
Test:  [349/391]  eta: 0:00:18  sploss: 5.2352 (5.2964)  famloss: 2.3463 (2.3589)  manuloss: 1.5270 (1.5030)  acc1: 18.7500 (20.1730)  acc5: 38.6719 (38.0871)  family_acc1: 53.5156 (53.3694)  manu_acc1: 68.3594 (67.8616)  time: 0.4568  data: 0.2585  max mem: 11381
Test:  [350/391]  eta: 0:00:17  sploss: 5.2352 (5.2955)  famloss: 2.3463 (2.3587)  manuloss: 1.5270 (1.5026)  acc1: 18.7500 (20.1834)  acc5: 38.6719 (38.0998)  family_acc1: 53.5156 (53.3832)  manu_acc1: 68.3594 (67.8775)  time: 0.4613  data: 0.2635  max mem: 11381
Test:  [351/391]  eta: 0:00:17  sploss: 5.3271 (5.2958)  famloss: 2.3443 (2.3582)  manuloss: 1.4378 (1.5019)  acc1: 18.7500 (20.1705)  acc5: 38.6719 (38.1026)  family_acc1: 53.5156 (53.3891)  manu_acc1: 68.3594 (67.8977)  time: 0.4606  data: 0.2635  max mem: 11381
Test:  [352/391]  eta: 0:00:16  sploss: 5.3271 (5.2960)  famloss: 2.3443 (2.3582)  manuloss: 1.3787 (1.5014)  acc1: 18.3594 (20.1598)  acc5: 38.6719 (38.1064)  family_acc1: 53.5156 (53.3850)  manu_acc1: 68.3594 (67.9057)  time: 0.4605  data: 0.2635  max mem: 11381
Test:  [353/391]  eta: 0:00:16  sploss: 5.2352 (5.2958)  famloss: 2.2997 (2.3573)  manuloss: 1.3743 (1.5004)  acc1: 18.3594 (20.1503)  acc5: 39.0625 (38.1124)  family_acc1: 53.5156 (53.3965)  manu_acc1: 70.3125 (67.9323)  time: 0.4499  data: 0.2628  max mem: 11381
Test:  [354/391]  eta: 0:00:15  sploss: 5.2352 (5.2961)  famloss: 2.2997 (2.3574)  manuloss: 1.3654 (1.5000)  acc1: 18.7500 (20.1463)  acc5: 39.0625 (38.1063)  family_acc1: 53.5156 (53.3946)  manu_acc1: 70.7031 (67.9456)  time: 0.4494  data: 0.2628  max mem: 11381
Test:  [355/391]  eta: 0:00:15  sploss: 5.2287 (5.2954)  famloss: 2.2766 (2.3570)  manuloss: 1.3596 (1.4992)  acc1: 18.7500 (20.1512)  acc5: 39.4531 (38.1145)  family_acc1: 53.5156 (53.3960)  manu_acc1: 71.0938 (67.9644)  time: 0.4493  data: 0.2627  max mem: 11381
Test:  [356/391]  eta: 0:00:15  sploss: 5.2352 (5.2954)  famloss: 2.2407 (2.3566)  manuloss: 1.3359 (1.4987)  acc1: 19.5312 (20.1517)  acc5: 39.4531 (38.1204)  family_acc1: 53.9062 (53.3985)  manu_acc1: 71.0938 (67.9709)  time: 0.3375  data: 0.1519  max mem: 11381
Test:  [357/391]  eta: 0:00:14  sploss: 5.2287 (5.2946)  famloss: 2.1938 (2.3559)  manuloss: 1.3118 (1.4981)  acc1: 20.3125 (20.1641)  acc5: 40.2344 (38.1350)  family_acc1: 54.2969 (53.4174)  manu_acc1: 71.8750 (67.9884)  time: 0.3375  data: 0.1519  max mem: 11381
Test:  [358/391]  eta: 0:00:14  sploss: 5.2252 (5.2943)  famloss: 2.1938 (2.3555)  manuloss: 1.3002 (1.4973)  acc1: 20.7031 (20.1678)  acc5: 40.2344 (38.1344)  family_acc1: 55.4688 (53.4308)  manu_acc1: 72.6562 (68.0101)  time: 0.3220  data: 0.1385  max mem: 11381
Test:  [359/391]  eta: 0:00:13  sploss: 5.2252 (5.2943)  famloss: 2.1904 (2.3544)  manuloss: 1.2768 (1.4963)  acc1: 21.0938 (20.1704)  acc5: 40.2344 (38.1315)  family_acc1: 56.2500 (53.4516)  manu_acc1: 72.6562 (68.0328)  time: 0.3216  data: 0.1385  max mem: 11381
Test:  [360/391]  eta: 0:00:13  sploss: 5.2287 (5.2945)  famloss: 2.1904 (2.3541)  manuloss: 1.2768 (1.4958)  acc1: 20.7031 (20.1610)  acc5: 39.4531 (38.1352)  family_acc1: 56.2500 (53.4583)  manu_acc1: 73.4375 (68.0488)  time: 0.4618  data: 0.2779  max mem: 11381
Test:  [361/391]  eta: 0:00:13  sploss: 5.2287 (5.2932)  famloss: 2.1904 (2.3529)  manuloss: 1.2666 (1.4950)  acc1: 20.7031 (20.1625)  acc5: 39.4531 (38.1485)  family_acc1: 56.2500 (53.4854)  manu_acc1: 73.8281 (68.0680)  time: 0.4615  data: 0.2779  max mem: 11381
Test:  [362/391]  eta: 0:00:12  sploss: 5.2252 (5.2924)  famloss: 2.1904 (2.3521)  manuloss: 1.2666 (1.4942)  acc1: 20.7031 (20.1662)  acc5: 40.2344 (38.1553)  family_acc1: 56.2500 (53.4952)  manu_acc1: 73.8281 (68.0839)  time: 0.4686  data: 0.2850  max mem: 11381
Test:  [363/391]  eta: 0:00:12  sploss: 5.2252 (5.2932)  famloss: 2.1904 (2.3526)  manuloss: 1.2666 (1.4942)  acc1: 20.7031 (20.1666)  acc5: 40.2344 (38.1450)  family_acc1: 56.2500 (53.4856)  manu_acc1: 73.8281 (68.0868)  time: 0.4685  data: 0.2850  max mem: 11381
Test:  [364/391]  eta: 0:00:11  sploss: 5.2252 (5.2932)  famloss: 2.1938 (2.3523)  manuloss: 1.2666 (1.4939)  acc1: 20.3125 (20.1659)  acc5: 39.4531 (38.1432)  family_acc1: 55.8594 (53.4921)  manu_acc1: 73.8281 (68.0929)  time: 0.4687  data: 0.2850  max mem: 11381
Test:  [365/391]  eta: 0:00:11  sploss: 5.1923 (5.2925)  famloss: 2.1904 (2.3511)  manuloss: 1.2525 (1.4927)  acc1: 20.7031 (20.1759)  acc5: 40.2344 (38.1532)  family_acc1: 56.2500 (53.5242)  manu_acc1: 73.8281 (68.1235)  time: 0.4680  data: 0.2850  max mem: 11381
Test:  [366/391]  eta: 0:00:10  sploss: 5.2252 (5.2931)  famloss: 2.1938 (2.3508)  manuloss: 1.2525 (1.4922)  acc1: 20.3125 (20.1709)  acc5: 39.4531 (38.1408)  family_acc1: 57.0312 (53.5348)  manu_acc1: 74.2188 (68.1401)  time: 0.4683  data: 0.2850  max mem: 11381
Test:  [367/391]  eta: 0:00:10  sploss: 5.2252 (5.2922)  famloss: 2.1938 (2.3502)  manuloss: 1.2525 (1.4913)  acc1: 20.3125 (20.1745)  acc5: 39.4531 (38.1517)  family_acc1: 57.0312 (53.5475)  manu_acc1: 74.2188 (68.1619)  time: 0.4684  data: 0.2849  max mem: 11381
Test:  [368/391]  eta: 0:00:09  sploss: 5.2252 (5.2922)  famloss: 2.1904 (2.3496)  manuloss: 1.2276 (1.4905)  acc1: 20.3125 (20.1749)  acc5: 39.4531 (38.1479)  family_acc1: 57.4219 (53.5590)  manu_acc1: 74.2188 (68.1784)  time: 0.3343  data: 0.1517  max mem: 11381
Test:  [369/391]  eta: 0:00:09  sploss: 5.2252 (5.2917)  famloss: 2.1904 (2.3487)  manuloss: 1.2276 (1.4895)  acc1: 20.3125 (20.1837)  acc5: 39.4531 (38.1503)  family_acc1: 57.4219 (53.5779)  manu_acc1: 74.2188 (68.2042)  time: 0.3346  data: 0.1517  max mem: 11381
Test:  [370/391]  eta: 0:00:08  sploss: 5.2748 (5.2918)  famloss: 2.1904 (2.3488)  manuloss: 1.2276 (1.4893)  acc1: 20.3125 (20.1735)  acc5: 39.0625 (38.1402)  family_acc1: 57.0312 (53.5851)  manu_acc1: 74.2188 (68.2078)  time: 0.3299  data: 0.1467  max mem: 11381
Test:  [371/391]  eta: 0:00:08  sploss: 5.2252 (5.2911)  famloss: 2.1938 (2.3484)  manuloss: 1.2276 (1.4889)  acc1: 20.3125 (20.1812)  acc5: 39.4531 (38.1468)  family_acc1: 57.0312 (53.5923)  manu_acc1: 74.2188 (68.2176)  time: 0.3297  data: 0.1467  max mem: 11381
Test:  [372/391]  eta: 0:00:08  sploss: 5.2252 (5.2911)  famloss: 2.1938 (2.3482)  manuloss: 1.2276 (1.4885)  acc1: 20.3125 (20.1764)  acc5: 39.0625 (38.1430)  family_acc1: 57.4219 (53.6057)  manu_acc1: 74.2188 (68.2327)  time: 0.4506  data: 0.2668  max mem: 11381
Test:  [373/391]  eta: 0:00:07  sploss: 5.1923 (5.2906)  famloss: 2.1938 (2.3470)  manuloss: 1.2276 (1.4874)  acc1: 20.3125 (20.1757)  acc5: 37.8906 (38.1371)  family_acc1: 57.4219 (53.6211)  manu_acc1: 74.2188 (68.2560)  time: 0.4506  data: 0.2668  max mem: 11381
Test:  [374/391]  eta: 0:00:07  sploss: 5.1355 (5.2902)  famloss: 2.1938 (2.3466)  manuloss: 1.2276 (1.4869)  acc1: 20.7031 (20.1812)  acc5: 39.0625 (38.1406)  family_acc1: 57.4219 (53.6146)  manu_acc1: 74.2188 (68.2750)  time: 0.4610  data: 0.2769  max mem: 11381
Test:  [375/391]  eta: 0:00:06  sploss: 5.1355 (5.2896)  famloss: 2.2023 (2.3467)  manuloss: 1.2666 (1.4865)  acc1: 20.7031 (20.1889)  acc5: 39.0625 (38.1514)  family_acc1: 57.4219 (53.6081)  manu_acc1: 74.2188 (68.2825)  time: 0.4607  data: 0.2769  max mem: 11381
Test:  [376/391]  eta: 0:00:06  sploss: 5.1131 (5.2890)  famloss: 2.1515 (2.3461)  manuloss: 1.2276 (1.4854)  acc1: 21.0938 (20.1933)  acc5: 39.0625 (38.1559)  family_acc1: 57.8125 (53.6234)  manu_acc1: 74.2188 (68.3055)  time: 0.4607  data: 0.2769  max mem: 11381
Test:  [377/391]  eta: 0:00:06  sploss: 5.1131 (5.2877)  famloss: 2.1515 (2.3451)  manuloss: 1.2131 (1.4844)  acc1: 21.0938 (20.2061)  acc5: 39.0625 (38.1707)  family_acc1: 57.8125 (53.6448)  manu_acc1: 74.2188 (68.3315)  time: 0.4600  data: 0.2769  max mem: 11381
Test:  [378/391]  eta: 0:00:05  sploss: 5.0921 (5.2868)  famloss: 2.1182 (2.3443)  manuloss: 1.2072 (1.4833)  acc1: 21.0938 (20.2094)  acc5: 39.4531 (38.1761)  family_acc1: 57.8125 (53.6558)  manu_acc1: 74.2188 (68.3563)  time: 0.4597  data: 0.2769  max mem: 11381
Test:  [379/391]  eta: 0:00:05  sploss: 5.0921 (5.2865)  famloss: 2.1515 (2.3442)  manuloss: 1.2131 (1.4830)  acc1: 20.7031 (20.2107)  acc5: 39.4531 (38.1815)  family_acc1: 57.4219 (53.6616)  manu_acc1: 74.2188 (68.3604)  time: 0.4598  data: 0.2769  max mem: 11381
Test:  [380/391]  eta: 0:00:04  sploss: 5.0613 (5.2855)  famloss: 2.1182 (2.3434)  manuloss: 1.2072 (1.4821)  acc1: 21.4844 (20.2202)  acc5: 39.8438 (38.1910)  family_acc1: 57.8125 (53.6797)  manu_acc1: 74.2188 (68.3830)  time: 0.3192  data: 0.1375  max mem: 11381
Test:  [381/391]  eta: 0:00:04  sploss: 5.0921 (5.2855)  famloss: 2.1515 (2.3431)  manuloss: 1.2072 (1.4818)  acc1: 21.4844 (20.2143)  acc5: 39.4531 (38.1872)  family_acc1: 57.8125 (53.6915)  manu_acc1: 74.2188 (68.3890)  time: 0.3196  data: 0.1375  max mem: 11381
Test:  [382/391]  eta: 0:00:03  sploss: 5.1131 (5.2853)  famloss: 2.1515 (2.3426)  manuloss: 1.1997 (1.4810)  acc1: 21.4844 (20.2187)  acc5: 39.4531 (38.1915)  family_acc1: 57.8125 (53.7043)  manu_acc1: 74.2188 (68.4145)  time: 0.3117  data: 0.1304  max mem: 11381
Test:  [383/391]  eta: 0:00:03  sploss: 5.1131 (5.2850)  famloss: 2.1515 (2.3424)  manuloss: 1.1997 (1.4806)  acc1: 21.4844 (20.2281)  acc5: 39.8438 (38.1999)  family_acc1: 57.8125 (53.7130)  manu_acc1: 74.2188 (68.4214)  time: 0.3114  data: 0.1304  max mem: 11381
Test:  [384/391]  eta: 0:00:03  sploss: 5.0921 (5.2843)  famloss: 2.1333 (2.3413)  manuloss: 1.1786 (1.4793)  acc1: 21.8750 (20.2323)  acc5: 39.8438 (38.2092)  family_acc1: 58.2031 (53.7358)  manu_acc1: 75.3906 (68.4527)  time: 0.4203  data: 0.2395  max mem: 11381
Test:  [385/391]  eta: 0:00:02  sploss: 5.1131 (5.2844)  famloss: 2.1515 (2.3409)  manuloss: 1.1786 (1.4784)  acc1: 21.4844 (20.2275)  acc5: 39.8438 (38.2165)  family_acc1: 57.8125 (53.7433)  manu_acc1: 75.3906 (68.4717)  time: 0.4212  data: 0.2395  max mem: 11381
Test:  [386/391]  eta: 0:00:02  sploss: 5.1131 (5.2846)  famloss: 2.1515 (2.3407)  manuloss: 1.1678 (1.4775)  acc1: 21.4844 (20.2196)  acc5: 39.8438 (38.2156)  family_acc1: 57.8125 (53.7407)  manu_acc1: 75.7812 (68.4936)  time: 0.4242  data: 0.2427  max mem: 11381
Test:  [387/391]  eta: 0:00:01  sploss: 5.1355 (5.2844)  famloss: 2.1730 (2.3405)  manuloss: 1.1786 (1.4771)  acc1: 21.8750 (20.2249)  acc5: 39.8438 (38.2208)  family_acc1: 57.8125 (53.7411)  manu_acc1: 75.3906 (68.4963)  time: 0.4240  data: 0.2427  max mem: 11381
Test:  [388/391]  eta: 0:00:01  sploss: 5.1131 (5.2837)  famloss: 2.1730 (2.3399)  manuloss: 1.1786 (1.4765)  acc1: 21.8750 (20.2342)  acc5: 40.2344 (38.2330)  family_acc1: 57.8125 (53.7536)  manu_acc1: 75.3906 (68.5080)  time: 0.4231  data: 0.2427  max mem: 11381
Test:  [389/391]  eta: 0:00:00  sploss: 5.1355 (5.2839)  famloss: 2.2029 (2.3396)  manuloss: 1.2437 (1.4762)  acc1: 21.8750 (20.2314)  acc5: 40.2344 (38.2332)  family_acc1: 57.0312 (53.7570)  manu_acc1: 73.8281 (68.5126)  time: 0.4230  data: 0.2427  max mem: 11381
Test:  [390/391]  eta: 0:00:00  sploss: 5.1355 (5.2838)  famloss: 2.1730 (2.3391)  manuloss: 1.2111 (1.4755)  acc1: 21.8750 (20.2350)  acc5: 40.2344 (38.2350)  family_acc1: 57.8125 (53.7650)  manu_acc1: 75.3906 (68.5250)  time: 0.4195  data: 0.2427  max mem: 11381
Test: Total time: 0:02:47 (0.4293 s / it)
* Acc@1 20.235 Acc@5 38.235 family@1 53.765 manu@1 68.525 sploss 5.284 fmloss 2.339 mfloss 1.475
FPA: 14.968% | TICE: 57.162% 
LCA: 180.226%
Precision and Recall: 347.170%
wAP: 24.645
