Namespace(batch_size=256, epochs=100, bce_loss=False, unscale_lr=False, few_shot=4, model='cast_small', input_size=224, drop=0.0, drop_path=0.1, model_ema=True, model_ema_decay=0.99996, model_ema_force_cpu=False, num_superpixels=196, opt='adamw', opt_eps=1e-08, opt_betas=None, clip_grad=None, momentum=0.9, weight_decay=0.05, sched='cosine', lr=0.0005, lr_noise=None, lr_noise_pct=0.67, lr_noise_std=1.0, warmup_lr=1e-06, min_lr=1e-05, decay_epochs=30, warmup_epochs=5, cooldown_epochs=10, patience_epochs=10, decay_rate=0.1, color_jitter=0.3, aa='rand-m9-mstd0.5-inc1', smoothing=0.1, train_interpolation='bicubic', repeated_aug=True, train_mode=True, ThreeAugment=False, src=False, reprob=0.25, remode='pixel', recount=1, resplit=False, mixup=0.8, cutmix=1.0, cutmix_minmax=None, mixup_prob=1.0, mixup_switch_prob=0.5, mixup_mode='batch', teacher_model='regnety_160', teacher_path='', distillation_type='none', distillation_alpha=0.5, distillation_tau=1.0, cosub=False, finetune='best_checkpoint.pth', attn_only=False, data_path='../dataset/', data_set='INAT21-MINI-HIER-SUPERPIXEL', path_yn=False, inat_category='name', output_dir='./output/few_shot/four/0.5base0.5ot', device='cuda', seed=0, resume='', start_epoch=0, eval=False, eval_crop_ratio=0.875, dist_eval=False, num_workers=12, pin_mem=True, distributed=True, world_size=1, dist_url='env://', globalkl=False, ot_loss=True, learnable_ot=False, ot_weight=0.5, base_weight=1, globalbce=False, gk_weight=1, filename='results.csv', breeds_sort='entity13', random_seed=1, local_rank=-1, tree_path='./data/inat21_3tree.json', label_weight=[1, 2, 3])
| distributed init (rank 0): env://
seed 0
args.nb_classes [10000, 1103, 273]
Creating model: cast_small
dict_keys(['model', 'optimizer', 'lr_scheduler', 'epoch', 'model_ema', 'scaler', 'args'])
Removing key head.weight from pretrained checkpoint
Removing key head.bias from pretrained checkpoint
number of params: 30556704
Start training for 100 epochs
Do not use KL loss
Epoch: [0]  [  0/156]  eta: 0:32:40  lr: 0.000001  sp_loss: 9.2760 (9.2760)  fam_loss: 7.1304 (7.1304)  manu_loss: 5.6544 (5.6544)  ot_loss: 4.8281 (4.8281)  base_loss: 22.0609 (22.0609)  time: 12.5660  data: 9.2591  max mem: 10970
Epoch: [0]  [155/156]  eta: 0:00:00  lr: 0.000001  sp_loss: 9.2735 (9.2695)  fam_loss: 7.0365 (7.0656)  manu_loss: 5.5126 (5.5721)  ot_loss: 4.8281 (4.8450)  base_loss: 21.8221 (21.9072)  time: 0.4311  data: 0.1900  max mem: 11379
Epoch: [0] Total time: 0:01:45 (0.6764 s / it)
Averaged stats: lr: 0.000001  sp_loss: 9.2735 (9.2695)  fam_loss: 7.0365 (7.0656)  manu_loss: 5.5126 (5.5721)  ot_loss: 4.8281 (4.8450)  base_loss: 21.8221 (21.9072)
Do not use KL loss
Epoch: [1]  [  0/156]  eta: 0:23:05  lr: 0.000001  sp_loss: 9.2892 (9.2892)  fam_loss: 7.0951 (7.0951)  manu_loss: 5.5283 (5.5283)  ot_loss: 4.8477 (4.8477)  base_loss: 21.9126 (21.9126)  time: 8.8840  data: 8.5837  max mem: 11379
Epoch: [1]  [155/156]  eta: 0:00:00  lr: 0.000001  sp_loss: 9.2571 (9.2654)  fam_loss: 7.0180 (7.0229)  manu_loss: 5.3401 (5.4208)  ot_loss: 4.8516 (4.8552)  base_loss: 21.6196 (21.7090)  time: 0.4087  data: 0.1607  max mem: 11379
Epoch: [1] Total time: 0:01:47 (0.6884 s / it)
Averaged stats: lr: 0.000001  sp_loss: 9.2571 (9.2654)  fam_loss: 7.0180 (7.0229)  manu_loss: 5.3401 (5.4208)  ot_loss: 4.8516 (4.8552)  base_loss: 21.6196 (21.7090)
Do not use KL loss
Epoch: [2]  [  0/156]  eta: 0:21:44  lr: 0.000051  sp_loss: 9.2562 (9.2562)  fam_loss: 6.9980 (6.9980)  manu_loss: 5.3662 (5.3662)  ot_loss: 4.8320 (4.8320)  base_loss: 21.6204 (21.6204)  time: 8.3628  data: 8.0487  max mem: 11379
Epoch: [2]  [155/156]  eta: 0:00:00  lr: 0.000051  sp_loss: 9.2489 (9.2589)  fam_loss: 5.7031 (6.0444)  manu_loss: 3.7353 (4.1643)  ot_loss: 4.6328 (4.7182)  base_loss: 18.5622 (19.4676)  time: 0.4318  data: 0.1899  max mem: 11379
Epoch: [2] Total time: 0:01:40 (0.6432 s / it)
Averaged stats: lr: 0.000051  sp_loss: 9.2489 (9.2589)  fam_loss: 5.7031 (6.0444)  manu_loss: 3.7353 (4.1643)  ot_loss: 4.6328 (4.7182)  base_loss: 18.5622 (19.4676)
Do not use KL loss
Epoch: [3]  [  0/156]  eta: 0:36:25  lr: 0.000101  sp_loss: 9.2199 (9.2199)  fam_loss: 5.5728 (5.5728)  manu_loss: 3.2885 (3.2885)  ot_loss: 4.6445 (4.6445)  base_loss: 18.0813 (18.0813)  time: 14.0070  data: 13.5375  max mem: 11379
Epoch: [3]  [155/156]  eta: 0:00:00  lr: 0.000101  sp_loss: 9.2296 (9.2338)  fam_loss: 5.3284 (5.4715)  manu_loss: 3.6266 (3.6592)  ot_loss: 4.4414 (4.5100)  base_loss: 18.1862 (18.3645)  time: 0.3986  data: 0.1613  max mem: 11379
Epoch: [3] Total time: 0:02:02 (0.7840 s / it)
Averaged stats: lr: 0.000101  sp_loss: 9.2296 (9.2338)  fam_loss: 5.3284 (5.4715)  manu_loss: 3.6266 (3.6592)  ot_loss: 4.4414 (4.5100)  base_loss: 18.1862 (18.3645)
Do not use KL loss
Epoch: [4]  [  0/156]  eta: 0:23:42  lr: 0.000150  sp_loss: 9.2071 (9.2071)  fam_loss: 5.6025 (5.6025)  manu_loss: 3.7556 (3.7556)  ot_loss: 4.4180 (4.4180)  base_loss: 18.5652 (18.5652)  time: 9.1171  data: 8.8391  max mem: 11379
Epoch: [4]  [155/156]  eta: 0:00:00  lr: 0.000150  sp_loss: 9.1696 (9.1946)  fam_loss: 5.1323 (5.1379)  manu_loss: 3.4605 (3.4648)  ot_loss: 4.2578 (4.3137)  base_loss: 17.8055 (17.7973)  time: 0.4061  data: 0.1833  max mem: 11379
Epoch: [4] Total time: 0:01:36 (0.6201 s / it)
Averaged stats: lr: 0.000150  sp_loss: 9.1696 (9.1946)  fam_loss: 5.1323 (5.1379)  manu_loss: 3.4605 (3.4648)  ot_loss: 4.2578 (4.3137)  base_loss: 17.8055 (17.7973)
Do not use KL loss
Epoch: [5]  [  0/156]  eta: 0:15:32  lr: 0.000200  sp_loss: 9.1370 (9.1370)  fam_loss: 5.2204 (5.2204)  manu_loss: 3.6728 (3.6728)  ot_loss: 4.3008 (4.3008)  base_loss: 18.0302 (18.0302)  time: 5.9751  data: 5.7117  max mem: 11379
Epoch: [5]  [155/156]  eta: 0:00:00  lr: 0.000200  sp_loss: 9.0155 (9.0520)  fam_loss: 5.0004 (4.9816)  manu_loss: 3.4390 (3.3965)  ot_loss: 4.1094 (4.1449)  base_loss: 17.4943 (17.4301)  time: 0.3097  data: 0.0832  max mem: 11379
Epoch: [5] Total time: 0:01:04 (0.4156 s / it)
Averaged stats: lr: 0.000200  sp_loss: 9.0155 (9.0520)  fam_loss: 5.0004 (4.9816)  manu_loss: 3.4390 (3.3965)  ot_loss: 4.1094 (4.1449)  base_loss: 17.4943 (17.4301)
Do not use KL loss
Epoch: [6]  [  0/156]  eta: 0:15:54  lr: 0.000249  sp_loss: 9.0085 (9.0085)  fam_loss: 5.1240 (5.1240)  manu_loss: 3.5865 (3.5865)  ot_loss: 3.9980 (3.9980)  base_loss: 17.7190 (17.7190)  time: 6.1196  data: 5.8321  max mem: 11379
Epoch: [6]  [155/156]  eta: 0:00:00  lr: 0.000249  sp_loss: 8.6891 (8.7846)  fam_loss: 4.8218 (4.8788)  manu_loss: 3.4073 (3.3428)  ot_loss: 4.0273 (4.0449)  base_loss: 16.9478 (17.0062)  time: 0.3182  data: 0.0881  max mem: 11379
Epoch: [6] Total time: 0:01:06 (0.4236 s / it)
Averaged stats: lr: 0.000249  sp_loss: 8.6891 (8.7846)  fam_loss: 4.8218 (4.8788)  manu_loss: 3.4073 (3.3428)  ot_loss: 4.0273 (4.0449)  base_loss: 16.9478 (17.0062)
Do not use KL loss
Epoch: [7]  [  0/156]  eta: 0:16:34  lr: 0.000248  sp_loss: 8.7074 (8.7074)  fam_loss: 5.2205 (5.2205)  manu_loss: 3.4711 (3.4711)  ot_loss: 4.0859 (4.0859)  base_loss: 17.3990 (17.3990)  time: 6.3753  data: 6.1021  max mem: 11379
Epoch: [7]  [155/156]  eta: 0:00:00  lr: 0.000248  sp_loss: 8.5353 (8.4870)  fam_loss: 4.7717 (4.8025)  manu_loss: 3.3497 (3.3153)  ot_loss: 3.9434 (3.9930)  base_loss: 16.7647 (16.6047)  time: 0.3146  data: 0.0868  max mem: 11379
Epoch: [7] Total time: 0:01:06 (0.4251 s / it)
Averaged stats: lr: 0.000248  sp_loss: 8.5353 (8.4870)  fam_loss: 4.7717 (4.8025)  manu_loss: 3.3497 (3.3153)  ot_loss: 3.9434 (3.9930)  base_loss: 16.7647 (16.6047)
Do not use KL loss
Epoch: [8]  [  0/156]  eta: 0:17:42  lr: 0.000247  sp_loss: 7.5890 (7.5890)  fam_loss: 3.9616 (3.9616)  manu_loss: 2.5592 (2.5592)  ot_loss: 3.8164 (3.8164)  base_loss: 14.1098 (14.1098)  time: 6.8080  data: 6.5267  max mem: 11379
Epoch: [8]  [155/156]  eta: 0:00:00  lr: 0.000247  sp_loss: 8.2797 (8.2172)  fam_loss: 4.9070 (4.7141)  manu_loss: 3.4345 (3.2839)  ot_loss: 3.9746 (3.9522)  base_loss: 16.6364 (16.2153)  time: 0.3313  data: 0.0999  max mem: 11379
Epoch: [8] Total time: 0:01:07 (0.4317 s / it)
Averaged stats: lr: 0.000247  sp_loss: 8.2797 (8.2172)  fam_loss: 4.9070 (4.7141)  manu_loss: 3.4345 (3.2839)  ot_loss: 3.9746 (3.9522)  base_loss: 16.6364 (16.2153)
Do not use KL loss
Epoch: [9]  [  0/156]  eta: 0:15:26  lr: 0.000246  sp_loss: 8.3757 (8.3757)  fam_loss: 5.0364 (5.0364)  manu_loss: 3.4111 (3.4111)  ot_loss: 4.0586 (4.0586)  base_loss: 16.8232 (16.8232)  time: 5.9385  data: 5.6610  max mem: 11379
Epoch: [9]  [155/156]  eta: 0:00:00  lr: 0.000246  sp_loss: 7.6968 (7.8894)  fam_loss: 4.4554 (4.5775)  manu_loss: 3.1443 (3.2023)  ot_loss: 3.8691 (3.9031)  base_loss: 15.4448 (15.6692)  time: 0.3223  data: 0.0932  max mem: 11379
Epoch: [9] Total time: 0:01:13 (0.4711 s / it)
Averaged stats: lr: 0.000246  sp_loss: 7.6968 (7.8894)  fam_loss: 4.4554 (4.5775)  manu_loss: 3.1443 (3.2023)  ot_loss: 3.8691 (3.9031)  base_loss: 15.4448 (15.6692)
Do not use KL loss
Epoch: [10]  [  0/156]  eta: 0:16:47  lr: 0.000245  sp_loss: 6.7585 (6.7585)  fam_loss: 3.5212 (3.5212)  manu_loss: 2.4788 (2.4788)  ot_loss: 3.7676 (3.7676)  base_loss: 12.7585 (12.7585)  time: 6.4608  data: 6.1887  max mem: 11379
Epoch: [10]  [155/156]  eta: 0:00:00  lr: 0.000245  sp_loss: 7.7484 (7.6215)  fam_loss: 4.5477 (4.4928)  manu_loss: 3.1351 (3.1441)  ot_loss: 3.8594 (3.8699)  base_loss: 15.6183 (15.2585)  time: 0.3242  data: 0.0956  max mem: 11379
Epoch: [10] Total time: 0:01:11 (0.4584 s / it)
Averaged stats: lr: 0.000245  sp_loss: 7.7484 (7.6215)  fam_loss: 4.5477 (4.4928)  manu_loss: 3.1351 (3.1441)  ot_loss: 3.8594 (3.8699)  base_loss: 15.6183 (15.2585)
Do not use KL loss
Epoch: [11]  [  0/156]  eta: 0:16:27  lr: 0.000244  sp_loss: 7.7495 (7.7495)  fam_loss: 4.8414 (4.8414)  manu_loss: 3.3898 (3.3898)  ot_loss: 3.8770 (3.8770)  base_loss: 15.9807 (15.9807)  time: 6.3313  data: 6.0395  max mem: 11379
Epoch: [11]  [155/156]  eta: 0:00:00  lr: 0.000244  sp_loss: 7.4549 (7.3911)  fam_loss: 4.3290 (4.4461)  manu_loss: 3.1092 (3.1231)  ot_loss: 3.8418 (3.8307)  base_loss: 14.7292 (14.9603)  time: 0.3268  data: 0.0940  max mem: 11379
Epoch: [11] Total time: 0:01:07 (0.4343 s / it)
Averaged stats: lr: 0.000244  sp_loss: 7.4549 (7.3911)  fam_loss: 4.3290 (4.4461)  manu_loss: 3.1092 (3.1231)  ot_loss: 3.8418 (3.8307)  base_loss: 14.7292 (14.9603)
Do not use KL loss
Epoch: [12]  [  0/156]  eta: 0:15:35  lr: 0.000243  sp_loss: 7.7774 (7.7774)  fam_loss: 5.1425 (5.1425)  manu_loss: 3.7646 (3.7646)  ot_loss: 3.9336 (3.9336)  base_loss: 16.6845 (16.6845)  time: 5.9981  data: 5.7170  max mem: 11379
Epoch: [12]  [155/156]  eta: 0:00:00  lr: 0.000243  sp_loss: 7.4177 (7.1196)  fam_loss: 4.4967 (4.3281)  manu_loss: 3.1650 (3.0509)  ot_loss: 3.7891 (3.7913)  base_loss: 15.1357 (14.4985)  time: 0.3391  data: 0.1126  max mem: 11379
Epoch: [12] Total time: 0:01:09 (0.4429 s / it)
Averaged stats: lr: 0.000243  sp_loss: 7.4177 (7.1196)  fam_loss: 4.4967 (4.3281)  manu_loss: 3.1650 (3.0509)  ot_loss: 3.7891 (3.7913)  base_loss: 15.1357 (14.4985)
Do not use KL loss
Epoch: [13]  [  0/156]  eta: 0:16:19  lr: 0.000242  sp_loss: 7.3529 (7.3529)  fam_loss: 4.4973 (4.4973)  manu_loss: 3.3619 (3.3619)  ot_loss: 3.7500 (3.7500)  base_loss: 15.2120 (15.2120)  time: 6.2790  data: 5.9932  max mem: 11379
Epoch: [13]  [155/156]  eta: 0:00:00  lr: 0.000242  sp_loss: 7.0006 (7.0154)  fam_loss: 4.3216 (4.3522)  manu_loss: 3.0881 (3.0752)  ot_loss: 3.7383 (3.7711)  base_loss: 14.4010 (14.4427)  time: 0.3148  data: 0.0860  max mem: 11379
Epoch: [13] Total time: 0:01:06 (0.4266 s / it)
Averaged stats: lr: 0.000242  sp_loss: 7.0006 (7.0154)  fam_loss: 4.3216 (4.3522)  manu_loss: 3.0881 (3.0752)  ot_loss: 3.7383 (3.7711)  base_loss: 14.4010 (14.4427)
Do not use KL loss
Epoch: [14]  [  0/156]  eta: 0:15:57  lr: 0.000240  sp_loss: 7.5324 (7.5324)  fam_loss: 4.8037 (4.8037)  manu_loss: 3.3982 (3.3982)  ot_loss: 3.8789 (3.8789)  base_loss: 15.7342 (15.7342)  time: 6.1355  data: 5.8476  max mem: 11379
Epoch: [14]  [155/156]  eta: 0:00:00  lr: 0.000240  sp_loss: 7.1407 (6.7657)  fam_loss: 4.6239 (4.2344)  manu_loss: 3.2585 (3.0302)  ot_loss: 3.7715 (3.7309)  base_loss: 15.0575 (14.0303)  time: 0.3280  data: 0.0981  max mem: 11379
Epoch: [14] Total time: 0:01:09 (0.4435 s / it)
Averaged stats: lr: 0.000240  sp_loss: 7.1407 (6.7657)  fam_loss: 4.6239 (4.2344)  manu_loss: 3.2585 (3.0302)  ot_loss: 3.7715 (3.7309)  base_loss: 15.0575 (14.0303)
Do not use KL loss
Epoch: [15]  [  0/156]  eta: 0:16:05  lr: 0.000239  sp_loss: 6.7933 (6.7933)  fam_loss: 4.7109 (4.7109)  manu_loss: 3.3568 (3.3568)  ot_loss: 3.7910 (3.7910)  base_loss: 14.8610 (14.8610)  time: 6.1875  data: 5.8987  max mem: 11379
Epoch: [15]  [155/156]  eta: 0:00:00  lr: 0.000239  sp_loss: 6.7402 (6.6309)  fam_loss: 4.2873 (4.2076)  manu_loss: 3.0347 (3.0024)  ot_loss: 3.7207 (3.6988)  base_loss: 14.1273 (13.8409)  time: 0.3262  data: 0.0988  max mem: 11379
Epoch: [15] Total time: 0:01:09 (0.4463 s / it)
Averaged stats: lr: 0.000239  sp_loss: 6.7402 (6.6309)  fam_loss: 4.2873 (4.2076)  manu_loss: 3.0347 (3.0024)  ot_loss: 3.7207 (3.6988)  base_loss: 14.1273 (13.8409)
Do not use KL loss
Epoch: [16]  [  0/156]  eta: 0:16:11  lr: 0.000237  sp_loss: 5.8081 (5.8081)  fam_loss: 3.8602 (3.8602)  manu_loss: 2.9130 (2.9130)  ot_loss: 3.4727 (3.4727)  base_loss: 12.5812 (12.5812)  time: 6.2255  data: 5.9583  max mem: 11379
Epoch: [16]  [155/156]  eta: 0:00:00  lr: 0.000237  sp_loss: 7.1174 (6.5958)  fam_loss: 4.5036 (4.2449)  manu_loss: 3.2300 (3.0332)  ot_loss: 3.6914 (3.6825)  base_loss: 14.8511 (13.8740)  time: 0.3304  data: 0.1041  max mem: 11379
Epoch: [16] Total time: 0:01:13 (0.4680 s / it)
Averaged stats: lr: 0.000237  sp_loss: 7.1174 (6.5958)  fam_loss: 4.5036 (4.2449)  manu_loss: 3.2300 (3.0332)  ot_loss: 3.6914 (3.6825)  base_loss: 14.8511 (13.8740)
Do not use KL loss
Epoch: [17]  [  0/156]  eta: 0:15:49  lr: 0.000235  sp_loss: 4.9394 (4.9394)  fam_loss: 3.2620 (3.2620)  manu_loss: 2.3399 (2.3399)  ot_loss: 3.4258 (3.4258)  base_loss: 10.5413 (10.5413)  time: 6.0891  data: 5.8257  max mem: 11379
Epoch: [17]  [155/156]  eta: 0:00:00  lr: 0.000235  sp_loss: 6.4830 (6.4268)  fam_loss: 4.0412 (4.1488)  manu_loss: 2.8797 (2.9890)  ot_loss: 3.5879 (3.6420)  base_loss: 13.4603 (13.5645)  time: 0.3316  data: 0.1046  max mem: 11379
Epoch: [17] Total time: 0:01:08 (0.4372 s / it)
Averaged stats: lr: 0.000235  sp_loss: 6.4830 (6.4268)  fam_loss: 4.0412 (4.1488)  manu_loss: 2.8797 (2.9890)  ot_loss: 3.5879 (3.6420)  base_loss: 13.4603 (13.5645)
Do not use KL loss
Epoch: [18]  [  0/156]  eta: 0:16:16  lr: 0.000233  sp_loss: 6.3865 (6.3865)  fam_loss: 4.3023 (4.3023)  manu_loss: 3.0342 (3.0342)  ot_loss: 3.6836 (3.6836)  base_loss: 13.7230 (13.7230)  time: 6.2587  data: 5.9861  max mem: 11379
Epoch: [18]  [155/156]  eta: 0:00:00  lr: 0.000233  sp_loss: 6.2021 (6.1494)  fam_loss: 4.1786 (4.0240)  manu_loss: 2.9149 (2.8987)  ot_loss: 3.5820 (3.5719)  base_loss: 13.3236 (13.0721)  time: 0.3378  data: 0.1106  max mem: 11379
Epoch: [18] Total time: 0:01:08 (0.4380 s / it)
Averaged stats: lr: 0.000233  sp_loss: 6.2021 (6.1494)  fam_loss: 4.1786 (4.0240)  manu_loss: 2.9149 (2.8987)  ot_loss: 3.5820 (3.5719)  base_loss: 13.3236 (13.0721)
Do not use KL loss
Epoch: [19]  [  0/156]  eta: 0:16:40  lr: 0.000231  sp_loss: 5.3121 (5.3121)  fam_loss: 3.3614 (3.3614)  manu_loss: 2.4053 (2.4053)  ot_loss: 3.4824 (3.4824)  base_loss: 11.0788 (11.0788)  time: 6.4165  data: 6.1346  max mem: 11379
Epoch: [19]  [155/156]  eta: 0:00:00  lr: 0.000231  sp_loss: 6.2230 (6.1341)  fam_loss: 4.1059 (4.0089)  manu_loss: 3.0073 (2.8869)  ot_loss: 3.6602 (3.5535)  base_loss: 13.3751 (13.0299)  time: 0.3322  data: 0.1044  max mem: 11381
Epoch: [19] Total time: 0:01:07 (0.4355 s / it)
Averaged stats: lr: 0.000231  sp_loss: 6.2230 (6.1341)  fam_loss: 4.1059 (4.0089)  manu_loss: 3.0073 (2.8869)  ot_loss: 3.6602 (3.5535)  base_loss: 13.3751 (13.0299)
Do not use KL loss
Epoch: [20]  [  0/156]  eta: 0:15:57  lr: 0.000229  sp_loss: 6.1194 (6.1194)  fam_loss: 4.1570 (4.1570)  manu_loss: 3.1143 (3.1143)  ot_loss: 3.5352 (3.5352)  base_loss: 13.3907 (13.3907)  time: 6.1375  data: 5.8547  max mem: 11381
Epoch: [20]  [155/156]  eta: 0:00:00  lr: 0.000229  sp_loss: 5.8444 (6.0785)  fam_loss: 4.0322 (4.0409)  manu_loss: 2.8051 (2.9142)  ot_loss: 3.4648 (3.5435)  base_loss: 12.6817 (13.0336)  time: 0.3212  data: 0.0902  max mem: 11381
Epoch: [20] Total time: 0:01:08 (0.4392 s / it)
Averaged stats: lr: 0.000229  sp_loss: 5.8444 (6.0785)  fam_loss: 4.0322 (4.0409)  manu_loss: 2.8051 (2.9142)  ot_loss: 3.4648 (3.5435)  base_loss: 12.6817 (13.0336)
Do not use KL loss
Epoch: [21]  [  0/156]  eta: 0:18:15  lr: 0.000227  sp_loss: 6.5769 (6.5769)  fam_loss: 3.9258 (3.9258)  manu_loss: 3.0617 (3.0617)  ot_loss: 3.5703 (3.5703)  base_loss: 13.5643 (13.5643)  time: 7.0200  data: 6.7514  max mem: 11381
Epoch: [21]  [155/156]  eta: 0:00:00  lr: 0.000227  sp_loss: 6.0614 (5.9312)  fam_loss: 4.0947 (3.9719)  manu_loss: 2.8800 (2.8642)  ot_loss: 3.4590 (3.5045)  base_loss: 13.1405 (12.7674)  time: 0.3435  data: 0.1113  max mem: 11381
Epoch: [21] Total time: 0:01:09 (0.4427 s / it)
Averaged stats: lr: 0.000227  sp_loss: 6.0614 (5.9312)  fam_loss: 4.0947 (3.9719)  manu_loss: 2.8800 (2.8642)  ot_loss: 3.4590 (3.5045)  base_loss: 13.1405 (12.7674)
Do not use KL loss
Epoch: [22]  [  0/156]  eta: 0:15:32  lr: 0.000225  sp_loss: 6.6049 (6.6049)  fam_loss: 4.4462 (4.4462)  manu_loss: 3.0417 (3.0417)  ot_loss: 3.6914 (3.6914)  base_loss: 14.0929 (14.0929)  time: 5.9784  data: 5.7066  max mem: 11381
Epoch: [22]  [155/156]  eta: 0:00:00  lr: 0.000225  sp_loss: 6.4004 (5.8301)  fam_loss: 4.1345 (3.9341)  manu_loss: 2.9960 (2.8393)  ot_loss: 3.5566 (3.4763)  base_loss: 13.5069 (12.6034)  time: 0.3156  data: 0.0856  max mem: 11381
Epoch: [22] Total time: 0:01:06 (0.4293 s / it)
Averaged stats: lr: 0.000225  sp_loss: 6.4004 (5.8301)  fam_loss: 4.1345 (3.9341)  manu_loss: 2.9960 (2.8393)  ot_loss: 3.5566 (3.4763)  base_loss: 13.5069 (12.6034)
Do not use KL loss
Epoch: [23]  [  0/156]  eta: 0:16:42  lr: 0.000222  sp_loss: 6.2834 (6.2834)  fam_loss: 4.2249 (4.2249)  manu_loss: 2.9640 (2.9640)  ot_loss: 3.6094 (3.6094)  base_loss: 13.4723 (13.4723)  time: 6.4291  data: 6.1442  max mem: 11381
Epoch: [23]  [155/156]  eta: 0:00:00  lr: 0.000222  sp_loss: 6.4483 (5.8892)  fam_loss: 4.2726 (3.9741)  manu_loss: 2.9741 (2.8674)  ot_loss: 3.5371 (3.4756)  base_loss: 13.4378 (12.7307)  time: 0.3254  data: 0.0978  max mem: 11381
Epoch: [23] Total time: 0:01:12 (0.4679 s / it)
Averaged stats: lr: 0.000222  sp_loss: 6.4483 (5.8892)  fam_loss: 4.2726 (3.9741)  manu_loss: 2.9741 (2.8674)  ot_loss: 3.5371 (3.4756)  base_loss: 13.4378 (12.7307)
Do not use KL loss
Epoch: [24]  [  0/156]  eta: 0:17:26  lr: 0.000220  sp_loss: 5.8611 (5.8611)  fam_loss: 3.9739 (3.9739)  manu_loss: 2.9543 (2.9543)  ot_loss: 3.4648 (3.4648)  base_loss: 12.7893 (12.7893)  time: 6.7110  data: 6.4384  max mem: 11381
Epoch: [24]  [155/156]  eta: 0:00:00  lr: 0.000220  sp_loss: 5.9619 (5.6573)  fam_loss: 4.0273 (3.8515)  manu_loss: 2.8928 (2.7956)  ot_loss: 3.4590 (3.4220)  base_loss: 13.0524 (12.3043)  time: 0.3384  data: 0.1112  max mem: 11381
Epoch: [24] Total time: 0:01:09 (0.4429 s / it)
Averaged stats: lr: 0.000220  sp_loss: 5.9619 (5.6573)  fam_loss: 4.0273 (3.8515)  manu_loss: 2.8928 (2.7956)  ot_loss: 3.4590 (3.4220)  base_loss: 13.0524 (12.3043)
Do not use KL loss
Epoch: [25]  [  0/156]  eta: 0:15:59  lr: 0.000217  sp_loss: 5.8786 (5.8786)  fam_loss: 3.9684 (3.9684)  manu_loss: 2.9830 (2.9830)  ot_loss: 3.4121 (3.4121)  base_loss: 12.8300 (12.8300)  time: 6.1488  data: 5.8695  max mem: 11381
Epoch: [25]  [155/156]  eta: 0:00:00  lr: 0.000217  sp_loss: 6.2644 (5.6476)  fam_loss: 4.1817 (3.8537)  manu_loss: 3.0217 (2.7949)  ot_loss: 3.5801 (3.3974)  base_loss: 13.4510 (12.2962)  time: 0.3146  data: 0.0877  max mem: 11381
Epoch: [25] Total time: 0:01:08 (0.4406 s / it)
Averaged stats: lr: 0.000217  sp_loss: 6.2644 (5.6476)  fam_loss: 4.1817 (3.8537)  manu_loss: 3.0217 (2.7949)  ot_loss: 3.5801 (3.3974)  base_loss: 13.4510 (12.2962)
Do not use KL loss
Epoch: [26]  [  0/156]  eta: 0:16:43  lr: 0.000215  sp_loss: 6.0818 (6.0818)  fam_loss: 3.9194 (3.9194)  manu_loss: 2.7585 (2.7585)  ot_loss: 3.5078 (3.5078)  base_loss: 12.7597 (12.7597)  time: 6.4344  data: 6.1558  max mem: 11381
Epoch: [26]  [155/156]  eta: 0:00:00  lr: 0.000215  sp_loss: 5.7242 (5.4625)  fam_loss: 3.9482 (3.7652)  manu_loss: 2.8843 (2.7326)  ot_loss: 3.4492 (3.3480)  base_loss: 12.5516 (11.9603)  time: 0.3202  data: 0.0917  max mem: 11381
Epoch: [26] Total time: 0:01:08 (0.4392 s / it)
Averaged stats: lr: 0.000215  sp_loss: 5.7242 (5.4625)  fam_loss: 3.9482 (3.7652)  manu_loss: 2.8843 (2.7326)  ot_loss: 3.4492 (3.3480)  base_loss: 12.5516 (11.9603)
Do not use KL loss
Epoch: [27]  [  0/156]  eta: 0:17:06  lr: 0.000212  sp_loss: 4.2658 (4.2658)  fam_loss: 3.1066 (3.1066)  manu_loss: 2.4449 (2.4449)  ot_loss: 3.0020 (3.0020)  base_loss: 9.8173 (9.8173)  time: 6.5805  data: 6.2938  max mem: 11381
Epoch: [27]  [155/156]  eta: 0:00:00  lr: 0.000212  sp_loss: 5.8423 (5.4350)  fam_loss: 4.0494 (3.7425)  manu_loss: 2.8839 (2.7285)  ot_loss: 3.4824 (3.3309)  base_loss: 12.7682 (11.9060)  time: 0.3615  data: 0.1325  max mem: 11381
Epoch: [27] Total time: 0:01:08 (0.4374 s / it)
Averaged stats: lr: 0.000212  sp_loss: 5.8423 (5.4350)  fam_loss: 4.0494 (3.7425)  manu_loss: 2.8839 (2.7285)  ot_loss: 3.4824 (3.3309)  base_loss: 12.7682 (11.9060)
Do not use KL loss
Epoch: [28]  [  0/156]  eta: 0:16:44  lr: 0.000209  sp_loss: 5.6393 (5.6393)  fam_loss: 3.8357 (3.8357)  manu_loss: 2.9212 (2.9212)  ot_loss: 3.3047 (3.3047)  base_loss: 12.3962 (12.3962)  time: 6.4422  data: 6.1626  max mem: 11381
Epoch: [28]  [155/156]  eta: 0:00:00  lr: 0.000209  sp_loss: 5.9767 (5.4714)  fam_loss: 3.9253 (3.7891)  manu_loss: 2.9064 (2.7662)  ot_loss: 3.4609 (3.3455)  base_loss: 13.0839 (12.0267)  time: 0.3190  data: 0.0869  max mem: 11381
Epoch: [28] Total time: 0:01:07 (0.4299 s / it)
Averaged stats: lr: 0.000209  sp_loss: 5.9767 (5.4714)  fam_loss: 3.9253 (3.7891)  manu_loss: 2.9064 (2.7662)  ot_loss: 3.4609 (3.3455)  base_loss: 13.0839 (12.0267)
Do not use KL loss
Epoch: [29]  [  0/156]  eta: 0:16:31  lr: 0.000206  sp_loss: 3.8191 (3.8191)  fam_loss: 2.8075 (2.8075)  manu_loss: 2.0410 (2.0410)  ot_loss: 3.0215 (3.0215)  base_loss: 8.6676 (8.6676)  time: 6.3554  data: 6.0789  max mem: 11381
Epoch: [29]  [155/156]  eta: 0:00:00  lr: 0.000206  sp_loss: 5.7785 (5.4894)  fam_loss: 4.0375 (3.7942)  manu_loss: 2.9183 (2.7736)  ot_loss: 3.3848 (3.3316)  base_loss: 12.8126 (12.0572)  time: 0.3312  data: 0.0964  max mem: 11381
Epoch: [29] Total time: 0:01:09 (0.4458 s / it)
Averaged stats: lr: 0.000206  sp_loss: 5.7785 (5.4894)  fam_loss: 4.0375 (3.7942)  manu_loss: 2.9183 (2.7736)  ot_loss: 3.3848 (3.3316)  base_loss: 12.8126 (12.0572)
Do not use KL loss
Epoch: [30]  [  0/156]  eta: 0:16:53  lr: 0.000204  sp_loss: 5.1281 (5.1281)  fam_loss: 3.7086 (3.7086)  manu_loss: 2.7407 (2.7407)  ot_loss: 3.0762 (3.0762)  base_loss: 11.5775 (11.5775)  time: 6.4960  data: 6.2205  max mem: 11381
Epoch: [30]  [155/156]  eta: 0:00:00  lr: 0.000204  sp_loss: 5.4583 (5.3808)  fam_loss: 3.8633 (3.7342)  manu_loss: 2.7050 (2.7237)  ot_loss: 3.2500 (3.2886)  base_loss: 12.1205 (11.8386)  time: 0.3130  data: 0.0831  max mem: 11381
Epoch: [30] Total time: 0:01:15 (0.4846 s / it)
Averaged stats: lr: 0.000204  sp_loss: 5.4583 (5.3808)  fam_loss: 3.8633 (3.7342)  manu_loss: 2.7050 (2.7237)  ot_loss: 3.2500 (3.2886)  base_loss: 12.1205 (11.8386)
Do not use KL loss
Epoch: [31]  [  0/156]  eta: 0:16:58  lr: 0.000201  sp_loss: 6.2259 (6.2259)  fam_loss: 4.3192 (4.3192)  manu_loss: 3.2496 (3.2496)  ot_loss: 3.5195 (3.5195)  base_loss: 13.7946 (13.7946)  time: 6.5268  data: 6.2510  max mem: 11381
Epoch: [31]  [155/156]  eta: 0:00:00  lr: 0.000201  sp_loss: 5.9126 (5.2194)  fam_loss: 3.9204 (3.6540)  manu_loss: 2.8414 (2.6657)  ot_loss: 3.4199 (3.2454)  base_loss: 12.8121 (11.5390)  time: 0.3209  data: 0.0907  max mem: 11381
Epoch: [31] Total time: 0:01:07 (0.4329 s / it)
Averaged stats: lr: 0.000201  sp_loss: 5.9126 (5.2194)  fam_loss: 3.9204 (3.6540)  manu_loss: 2.8414 (2.6657)  ot_loss: 3.4199 (3.2454)  base_loss: 12.8121 (11.5390)
Do not use KL loss
Epoch: [32]  [  0/156]  eta: 0:17:19  lr: 0.000197  sp_loss: 4.8582 (4.8582)  fam_loss: 3.4652 (3.4652)  manu_loss: 2.5627 (2.5627)  ot_loss: 2.9512 (2.9512)  base_loss: 10.8861 (10.8861)  time: 6.6634  data: 6.3855  max mem: 11381
Epoch: [32]  [155/156]  eta: 0:00:00  lr: 0.000197  sp_loss: 5.7496 (5.2017)  fam_loss: 3.9048 (3.6438)  manu_loss: 2.7482 (2.6543)  ot_loss: 3.3457 (3.2359)  base_loss: 12.5079 (11.4998)  time: 0.3327  data: 0.1065  max mem: 11381
Epoch: [32] Total time: 0:01:07 (0.4359 s / it)
Averaged stats: lr: 0.000197  sp_loss: 5.7496 (5.2017)  fam_loss: 3.9048 (3.6438)  manu_loss: 2.7482 (2.6543)  ot_loss: 3.3457 (3.2359)  base_loss: 12.5079 (11.4998)
Do not use KL loss
Epoch: [33]  [  0/156]  eta: 0:17:16  lr: 0.000194  sp_loss: 6.1198 (6.1198)  fam_loss: 4.1345 (4.1345)  manu_loss: 2.9572 (2.9572)  ot_loss: 3.4023 (3.4023)  base_loss: 13.2114 (13.2114)  time: 6.6425  data: 6.3682  max mem: 11381
Epoch: [33]  [155/156]  eta: 0:00:00  lr: 0.000194  sp_loss: 5.5998 (5.3500)  fam_loss: 3.8360 (3.7264)  manu_loss: 2.8360 (2.7160)  ot_loss: 3.3223 (3.2692)  base_loss: 12.4761 (11.7923)  time: 0.3103  data: 0.0824  max mem: 11381
Epoch: [33] Total time: 0:01:07 (0.4336 s / it)
Averaged stats: lr: 0.000194  sp_loss: 5.5998 (5.3500)  fam_loss: 3.8360 (3.7264)  manu_loss: 2.8360 (2.7160)  ot_loss: 3.3223 (3.2692)  base_loss: 12.4761 (11.7923)
Do not use KL loss
Epoch: [34]  [  0/156]  eta: 0:16:57  lr: 0.000191  sp_loss: 4.5175 (4.5175)  fam_loss: 3.1385 (3.1385)  manu_loss: 2.4163 (2.4163)  ot_loss: 2.7988 (2.7988)  base_loss: 10.0723 (10.0723)  time: 6.5206  data: 6.0145  max mem: 11381
Epoch: [34]  [155/156]  eta: 0:00:00  lr: 0.000191  sp_loss: 5.8543 (5.0986)  fam_loss: 3.8818 (3.5935)  manu_loss: 2.8477 (2.6380)  ot_loss: 3.3965 (3.1956)  base_loss: 12.5846 (11.3301)  time: 0.3438  data: 0.1166  max mem: 11381
Epoch: [34] Total time: 0:01:07 (0.4311 s / it)
Averaged stats: lr: 0.000191  sp_loss: 5.8543 (5.0986)  fam_loss: 3.8818 (3.5935)  manu_loss: 2.8477 (2.6380)  ot_loss: 3.3965 (3.1956)  base_loss: 12.5846 (11.3301)
Do not use KL loss
Epoch: [35]  [  0/156]  eta: 0:15:38  lr: 0.000188  sp_loss: 5.9151 (5.9151)  fam_loss: 3.9984 (3.9984)  manu_loss: 3.0038 (3.0038)  ot_loss: 3.3242 (3.3242)  base_loss: 12.9173 (12.9173)  time: 6.0140  data: 5.7583  max mem: 11381
Epoch: [35]  [155/156]  eta: 0:00:00  lr: 0.000188  sp_loss: 5.2780 (5.0601)  fam_loss: 3.7313 (3.5837)  manu_loss: 2.7795 (2.6312)  ot_loss: 3.2090 (3.1872)  base_loss: 11.6589 (11.2750)  time: 0.3097  data: 0.0792  max mem: 11381
Epoch: [35] Total time: 0:01:07 (0.4305 s / it)
Averaged stats: lr: 0.000188  sp_loss: 5.2780 (5.0601)  fam_loss: 3.7313 (3.5837)  manu_loss: 2.7795 (2.6312)  ot_loss: 3.2090 (3.1872)  base_loss: 11.6589 (11.2750)
Do not use KL loss
Epoch: [36]  [  0/156]  eta: 0:15:12  lr: 0.000184  sp_loss: 3.3843 (3.3843)  fam_loss: 2.6125 (2.6125)  manu_loss: 1.9754 (1.9754)  ot_loss: 2.6719 (2.6719)  base_loss: 7.9721 (7.9721)  time: 5.8518  data: 5.5806  max mem: 11381
Epoch: [36]  [155/156]  eta: 0:00:00  lr: 0.000184  sp_loss: 5.2936 (5.0861)  fam_loss: 3.6248 (3.5905)  manu_loss: 2.6649 (2.6253)  ot_loss: 3.2012 (3.1731)  base_loss: 11.5833 (11.3019)  time: 0.3158  data: 0.0869  max mem: 11381
Epoch: [36] Total time: 0:01:07 (0.4315 s / it)
Averaged stats: lr: 0.000184  sp_loss: 5.2936 (5.0861)  fam_loss: 3.6248 (3.5905)  manu_loss: 2.6649 (2.6253)  ot_loss: 3.2012 (3.1731)  base_loss: 11.5833 (11.3019)
Do not use KL loss
Epoch: [37]  [  0/156]  eta: 0:15:31  lr: 0.000181  sp_loss: 3.3479 (3.3479)  fam_loss: 2.6705 (2.6705)  manu_loss: 1.9898 (1.9898)  ot_loss: 2.7070 (2.7070)  base_loss: 8.0081 (8.0081)  time: 5.9732  data: 5.6758  max mem: 11381
Epoch: [37]  [155/156]  eta: 0:00:00  lr: 0.000181  sp_loss: 5.5567 (5.1145)  fam_loss: 3.9315 (3.6131)  manu_loss: 2.8672 (2.6432)  ot_loss: 3.2617 (3.1758)  base_loss: 12.4041 (11.3709)  time: 0.3448  data: 0.1182  max mem: 11381
Epoch: [37] Total time: 0:01:16 (0.4909 s / it)
Averaged stats: lr: 0.000181  sp_loss: 5.5567 (5.1145)  fam_loss: 3.9315 (3.6131)  manu_loss: 2.8672 (2.6432)  ot_loss: 3.2617 (3.1758)  base_loss: 12.4041 (11.3709)
Do not use KL loss
Epoch: [38]  [  0/156]  eta: 0:15:50  lr: 0.000178  sp_loss: 5.6904 (5.6904)  fam_loss: 3.9696 (3.9696)  manu_loss: 2.8000 (2.8000)  ot_loss: 3.3633 (3.3633)  base_loss: 12.4600 (12.4600)  time: 6.0906  data: 5.8193  max mem: 11381
Epoch: [38]  [155/156]  eta: 0:00:00  lr: 0.000178  sp_loss: 5.5312 (5.0782)  fam_loss: 3.8527 (3.5758)  manu_loss: 2.8588 (2.6139)  ot_loss: 3.2930 (3.1620)  base_loss: 12.1596 (11.2679)  time: 0.3414  data: 0.1122  max mem: 11381
Epoch: [38] Total time: 0:01:08 (0.4376 s / it)
Averaged stats: lr: 0.000178  sp_loss: 5.5312 (5.0782)  fam_loss: 3.8527 (3.5758)  manu_loss: 2.8588 (2.6139)  ot_loss: 3.2930 (3.1620)  base_loss: 12.1596 (11.2679)
Do not use KL loss
Epoch: [39]  [  0/156]  eta: 0:17:30  lr: 0.000174  sp_loss: 3.7085 (3.7085)  fam_loss: 2.8244 (2.8244)  manu_loss: 2.1169 (2.1169)  ot_loss: 2.5801 (2.5801)  base_loss: 8.6497 (8.6497)  time: 6.7314  data: 6.4623  max mem: 11381
Epoch: [39]  [155/156]  eta: 0:00:00  lr: 0.000174  sp_loss: 5.1680 (4.8979)  fam_loss: 3.7156 (3.4832)  manu_loss: 2.6825 (2.5587)  ot_loss: 3.1250 (3.0960)  base_loss: 11.5838 (10.9398)  time: 0.3121  data: 0.0826  max mem: 11381
Epoch: [39] Total time: 0:01:07 (0.4321 s / it)
Averaged stats: lr: 0.000174  sp_loss: 5.1680 (4.8979)  fam_loss: 3.7156 (3.4832)  manu_loss: 2.6825 (2.5587)  ot_loss: 3.1250 (3.0960)  base_loss: 11.5838 (10.9398)
Do not use KL loss
Epoch: [40]  [  0/156]  eta: 0:15:41  lr: 0.000171  sp_loss: 5.1222 (5.1222)  fam_loss: 3.7242 (3.7242)  manu_loss: 2.6418 (2.6418)  ot_loss: 3.1875 (3.1875)  base_loss: 11.4881 (11.4881)  time: 6.0384  data: 5.7601  max mem: 11381
Epoch: [40]  [155/156]  eta: 0:00:00  lr: 0.000171  sp_loss: 5.0330 (5.1292)  fam_loss: 3.3564 (3.6227)  manu_loss: 2.4848 (2.6386)  ot_loss: 3.0176 (3.1662)  base_loss: 10.6313 (11.3905)  time: 0.3330  data: 0.1054  max mem: 11382
Epoch: [40] Total time: 0:01:08 (0.4409 s / it)
Averaged stats: lr: 0.000171  sp_loss: 5.0330 (5.1292)  fam_loss: 3.3564 (3.6227)  manu_loss: 2.4848 (2.6386)  ot_loss: 3.0176 (3.1662)  base_loss: 10.6313 (11.3905)
Do not use KL loss
Epoch: [41]  [  0/156]  eta: 0:17:39  lr: 0.000167  sp_loss: 5.7277 (5.7277)  fam_loss: 4.0111 (4.0111)  manu_loss: 2.7821 (2.7821)  ot_loss: 3.3965 (3.3965)  base_loss: 12.5209 (12.5209)  time: 6.7921  data: 6.5132  max mem: 11382
Epoch: [41]  [155/156]  eta: 0:00:00  lr: 0.000167  sp_loss: 5.4012 (4.8267)  fam_loss: 3.6778 (3.4450)  manu_loss: 2.7270 (2.5354)  ot_loss: 3.1797 (3.0630)  base_loss: 11.7070 (10.8070)  time: 0.3298  data: 0.1033  max mem: 11382
Epoch: [41] Total time: 0:01:09 (0.4437 s / it)
Averaged stats: lr: 0.000167  sp_loss: 5.4012 (4.8267)  fam_loss: 3.6778 (3.4450)  manu_loss: 2.7270 (2.5354)  ot_loss: 3.1797 (3.0630)  base_loss: 11.7070 (10.8070)
Test:  [  0/391]  eta: 0:42:16  sploss: 5.1748 (5.1748)  famloss: 2.2262 (2.2262)  manuloss: 1.3370 (1.3370)  acc1: 14.4531 (14.4531)  acc5: 33.2031 (33.2031)  family_acc1: 51.9531 (51.9531)  manu_acc1: 69.9219 (69.9219)  time: 6.4884  data: 6.2037  max mem: 11382
Test:  [250/391]  eta: 0:01:00  sploss: 5.0513 (5.2183)  famloss: 2.3729 (2.3944)  manuloss: 1.5828 (1.5642)  acc1: 20.3125 (17.8240)  acc5: 36.7188 (35.5796)  family_acc1: 48.0469 (49.5891)  manu_acc1: 63.2812 (64.8064)  time: 0.3320  data: 0.1106  max mem: 11382
Test:  [390/391]  eta: 0:00:00  sploss: 4.9538 (5.1646)  famloss: 2.1563 (2.3284)  manuloss: 1.2287 (1.4983)  acc1: 19.5312 (18.1840)  acc5: 38.6719 (36.3420)  family_acc1: 52.7344 (50.6510)  manu_acc1: 73.8281 (66.2300)  time: 0.3864  data: 0.1910  max mem: 11382
Test: Total time: 0:02:45 (0.4235 s / it)
* Acc@1 18.184 Acc@5 36.342 family@1 50.651 manu@1 66.230 sploss 5.165 fmloss 2.328 mfloss 1.498
FPA: 12.398% | TICE: 59.234%   
 wAP: 22.485  |  LCA: 184.469   |   Precision and Recall: 36.241%
Accuracy of the network on the 100000 test images: 18.2%
Max accuracy: 18.18%
Do not use KL loss
Epoch: [42]  [  0/156]  eta: 0:16:39  lr: 0.000163  sp_loss: 3.7736 (3.7736)  fam_loss: 2.7084 (2.7084)  manu_loss: 2.0420 (2.0420)  ot_loss: 2.6895 (2.6895)  base_loss: 8.5240 (8.5240)  time: 6.4068  data: 6.0949  max mem: 11382
Epoch: [42]  [155/156]  eta: 0:00:00  lr: 0.000163  sp_loss: 5.3945 (4.8100)  fam_loss: 3.7825 (3.4382)  manu_loss: 2.6989 (2.5033)  ot_loss: 3.1523 (3.0493)  base_loss: 11.6656 (10.7515)  time: 0.3608  data: 0.1307  max mem: 11382
Epoch: [42] Total time: 0:01:08 (0.4372 s / it)
Averaged stats: lr: 0.000163  sp_loss: 5.3945 (4.8100)  fam_loss: 3.7825 (3.4382)  manu_loss: 2.6989 (2.5033)  ot_loss: 3.1523 (3.0493)  base_loss: 11.6656 (10.7515)
Test:  [  0/391]  eta: 0:38:12  sploss: 5.1741 (5.1741)  famloss: 2.2423 (2.2423)  manuloss: 1.3511 (1.3511)  acc1: 15.6250 (15.6250)  acc5: 33.2031 (33.2031)  family_acc1: 50.0000 (50.0000)  manu_acc1: 69.9219 (69.9219)  time: 5.8636  data: 5.5996  max mem: 11382
Test:  [250/391]  eta: 0:01:02  sploss: 5.0067 (5.1488)  famloss: 2.3567 (2.3563)  manuloss: 1.5438 (1.5209)  acc1: 19.9219 (18.4917)  acc5: 38.2812 (36.6083)  family_acc1: 49.2188 (50.2225)  manu_acc1: 64.4531 (65.2780)  time: 0.3316  data: 0.1345  max mem: 11382
Test:  [390/391]  eta: 0:00:00  sploss: 4.9214 (5.0969)  famloss: 2.1427 (2.2868)  manuloss: 1.1832 (1.4495)  acc1: 20.7031 (18.9160)  acc5: 39.4531 (37.2590)  family_acc1: 55.0781 (51.4420)  manu_acc1: 73.4375 (66.8850)  time: 0.4060  data: 0.2285  max mem: 11382
Test: Total time: 0:02:49 (0.4322 s / it)
* Acc@1 18.916 Acc@5 37.259 family@1 51.442 manu@1 66.885 sploss 5.097 fmloss 2.287 mfloss 1.449
FPA: 13.067% | TICE: 58.849%   
 wAP: 23.221  |  LCA: 182.314   |   Precision and Recall: 37.019%
Accuracy of the network on the 100000 test images: 18.9%
Max accuracy: 18.92%
Do not use KL loss
Epoch: [43]  [  0/156]  eta: 0:15:49  lr: 0.000160  sp_loss: 4.3323 (4.3323)  fam_loss: 3.1039 (3.1039)  manu_loss: 2.2407 (2.2407)  ot_loss: 2.7617 (2.7617)  base_loss: 9.6769 (9.6769)  time: 6.0874  data: 5.8005  max mem: 11382
Epoch: [43]  [155/156]  eta: 0:00:00  lr: 0.000160  sp_loss: 4.2242 (4.7694)  fam_loss: 3.1308 (3.4125)  manu_loss: 2.2659 (2.5006)  ot_loss: 2.7969 (3.0432)  base_loss: 9.7656 (10.6825)  time: 0.3272  data: 0.0888  max mem: 11382
Epoch: [43] Total time: 0:01:06 (0.4265 s / it)
Averaged stats: lr: 0.000160  sp_loss: 4.2242 (4.7694)  fam_loss: 3.1308 (3.4125)  manu_loss: 2.2659 (2.5006)  ot_loss: 2.7969 (3.0432)  base_loss: 9.7656 (10.6825)
Test:  [  0/391]  eta: 0:40:48  sploss: 5.2570 (5.2570)  famloss: 2.2658 (2.2658)  manuloss: 1.3370 (1.3370)  acc1: 15.6250 (15.6250)  acc5: 32.0312 (32.0312)  family_acc1: 51.9531 (51.9531)  manu_acc1: 71.8750 (71.8750)  time: 6.2620  data: 6.0014  max mem: 11382
Test:  [250/391]  eta: 0:01:00  sploss: 5.1416 (5.2680)  famloss: 2.3999 (2.4442)  manuloss: 1.5723 (1.5778)  acc1: 20.3125 (18.0575)  acc5: 38.6719 (35.6371)  family_acc1: 48.8281 (49.5782)  manu_acc1: 63.2812 (64.8406)  time: 0.3373  data: 0.1264  max mem: 11382
Test:  [390/391]  eta: 0:00:00  sploss: 5.0690 (5.2211)  famloss: 2.2305 (2.3808)  manuloss: 1.2812 (1.5115)  acc1: 19.9219 (18.4530)  acc5: 37.5000 (36.3420)  family_acc1: 54.3750 (50.5580)  manu_acc1: 71.8750 (66.4050)  time: 0.4112  data: 0.2283  max mem: 11382
Test: Total time: 0:02:46 (0.4271 s / it)
* Acc@1 18.453 Acc@5 36.342 family@1 50.558 manu@1 66.405 sploss 5.221 fmloss 2.381 mfloss 1.511
FPA: 12.648% | TICE: 59.399%   
 wAP: 22.717  |  LCA: 184.510   |   Precision and Recall: 36.241%
Accuracy of the network on the 100000 test images: 18.5%
Max accuracy: 18.92%
Do not use KL loss
Epoch: [44]  [  0/156]  eta: 0:16:10  lr: 0.000156  sp_loss: 4.3381 (4.3381)  fam_loss: 3.1796 (3.1796)  manu_loss: 2.3294 (2.3294)  ot_loss: 2.7812 (2.7812)  base_loss: 9.8471 (9.8471)  time: 6.2185  data: 5.9391  max mem: 11382
Epoch: [44]  [155/156]  eta: 0:00:00  lr: 0.000156  sp_loss: 4.9311 (4.6524)  fam_loss: 3.4677 (3.3342)  manu_loss: 2.4808 (2.4360)  ot_loss: 3.0156 (2.9906)  base_loss: 11.0285 (10.4226)  time: 0.3786  data: 0.1406  max mem: 11382
Epoch: [44] Total time: 0:01:08 (0.4401 s / it)
Averaged stats: lr: 0.000156  sp_loss: 4.9311 (4.6524)  fam_loss: 3.4677 (3.3342)  manu_loss: 2.4808 (2.4360)  ot_loss: 3.0156 (2.9906)  base_loss: 11.0285 (10.4226)
Test:  [  0/391]  eta: 0:42:22  sploss: 5.1596 (5.1596)  famloss: 2.1593 (2.1593)  manuloss: 1.2403 (1.2403)  acc1: 17.9688 (17.9688)  acc5: 35.1562 (35.1562)  family_acc1: 53.5156 (53.5156)  manu_acc1: 71.8750 (71.8750)  time: 6.5017  data: 6.2557  max mem: 11382
Test:  [250/391]  eta: 0:01:01  sploss: 4.9522 (5.1423)  famloss: 2.2986 (2.3011)  manuloss: 1.4982 (1.4915)  acc1: 19.9219 (18.8512)  acc5: 38.2812 (36.8604)  family_acc1: 49.6094 (50.7672)  manu_acc1: 64.4531 (65.6063)  time: 0.3308  data: 0.1237  max mem: 11382
Test:  [390/391]  eta: 0:00:00  sploss: 4.9128 (5.0923)  famloss: 2.0757 (2.2346)  manuloss: 1.1574 (1.4246)  acc1: 21.0938 (19.1920)  acc5: 39.8438 (37.5230)  family_acc1: 55.0781 (51.8570)  manu_acc1: 73.8281 (67.1180)  time: 0.3889  data: 0.2101  max mem: 11382
Test: Total time: 0:02:46 (0.4264 s / it)
* Acc@1 19.192 Acc@5 37.523 family@1 51.857 manu@1 67.118 sploss 5.092 fmloss 2.235 mfloss 1.425
FPA: 13.291% | TICE: 58.334%   
 wAP: 23.509  |  LCA: 181.034   |   Precision and Recall: 37.384%
Accuracy of the network on the 100000 test images: 19.2%
Max accuracy: 19.19%
Do not use KL loss
Epoch: [45]  [  0/156]  eta: 0:16:15  lr: 0.000152  sp_loss: 3.8775 (3.8775)  fam_loss: 2.9793 (2.9793)  manu_loss: 2.1557 (2.1557)  ot_loss: 2.6191 (2.6191)  base_loss: 9.0126 (9.0126)  time: 6.2516  data: 5.9622  max mem: 11382
Epoch: [45]  [155/156]  eta: 0:00:00  lr: 0.000152  sp_loss: 5.5963 (4.8093)  fam_loss: 3.7915 (3.4197)  manu_loss: 2.7197 (2.5089)  ot_loss: 3.3379 (3.0570)  base_loss: 12.1917 (10.7379)  time: 0.3607  data: 0.1319  max mem: 11382
Epoch: [45] Total time: 0:01:08 (0.4377 s / it)
Averaged stats: lr: 0.000152  sp_loss: 5.5963 (4.8093)  fam_loss: 3.7915 (3.4197)  manu_loss: 2.7197 (2.5089)  ot_loss: 3.3379 (3.0570)  base_loss: 12.1917 (10.7379)
Test:  [  0/391]  eta: 0:39:34  sploss: 5.2004 (5.2004)  famloss: 2.2383 (2.2383)  manuloss: 1.2809 (1.2809)  acc1: 17.1875 (17.1875)  acc5: 33.9844 (33.9844)  family_acc1: 51.9531 (51.9531)  manu_acc1: 71.8750 (71.8750)  time: 6.0726  data: 5.8298  max mem: 11382
Test:  [250/391]  eta: 0:01:01  sploss: 5.0798 (5.2287)  famloss: 2.3234 (2.4044)  manuloss: 1.5741 (1.5616)  acc1: 19.5312 (18.4387)  acc5: 38.2812 (35.9826)  family_acc1: 50.0000 (50.1478)  manu_acc1: 64.0625 (65.2313)  time: 0.3253  data: 0.1113  max mem: 11382
Test:  [390/391]  eta: 0:00:00  sploss: 5.0359 (5.1825)  famloss: 2.1628 (2.3391)  manuloss: 1.2449 (1.4957)  acc1: 19.9219 (18.6840)  acc5: 39.0625 (36.5780)  family_acc1: 54.6875 (51.1560)  manu_acc1: 73.8281 (66.7640)  time: 0.3837  data: 0.2048  max mem: 11382
Test: Total time: 0:02:47 (0.4287 s / it)
* Acc@1 18.684 Acc@5 36.578 family@1 51.156 manu@1 66.764 sploss 5.182 fmloss 2.339 mfloss 1.496
FPA: 12.874% | TICE: 59.065%   
 wAP: 22.986  |  LCA: 183.702   |   Precision and Recall: 36.489%
Accuracy of the network on the 100000 test images: 18.7%
Max accuracy: 19.19%
Do not use KL loss
Epoch: [46]  [  0/156]  eta: 0:17:19  lr: 0.000149  sp_loss: 4.7665 (4.7665)  fam_loss: 3.5534 (3.5534)  manu_loss: 2.5740 (2.5740)  ot_loss: 2.8672 (2.8672)  base_loss: 10.8939 (10.8939)  time: 6.6666  data: 6.2599  max mem: 11382
Epoch: [46]  [155/156]  eta: 0:00:00  lr: 0.000149  sp_loss: 4.3038 (4.7016)  fam_loss: 3.2607 (3.3721)  manu_loss: 2.4567 (2.4771)  ot_loss: 2.7969 (2.9883)  base_loss: 10.0901 (10.5508)  time: 0.3138  data: 0.0877  max mem: 11382
Epoch: [46] Total time: 0:01:08 (0.4414 s / it)
Averaged stats: lr: 0.000149  sp_loss: 4.3038 (4.7016)  fam_loss: 3.2607 (3.3721)  manu_loss: 2.4567 (2.4771)  ot_loss: 2.7969 (2.9883)  base_loss: 10.0901 (10.5508)
Test:  [  0/391]  eta: 0:42:07  sploss: 5.1800 (5.1800)  famloss: 2.2071 (2.2071)  manuloss: 1.3075 (1.3075)  acc1: 18.7500 (18.7500)  acc5: 33.9844 (33.9844)  family_acc1: 53.9062 (53.9062)  manu_acc1: 68.7500 (68.7500)  time: 6.4640  data: 6.1904  max mem: 11382
Test:  [250/391]  eta: 0:01:01  sploss: 5.0042 (5.1801)  famloss: 2.2638 (2.3298)  manuloss: 1.4851 (1.5045)  acc1: 20.3125 (18.8045)  acc5: 39.0625 (36.5865)  family_acc1: 49.2188 (50.6832)  manu_acc1: 64.0625 (65.5052)  time: 0.3462  data: 0.1064  max mem: 11382
Test:  [390/391]  eta: 0:00:00  sploss: 4.9531 (5.1260)  famloss: 2.0908 (2.2626)  manuloss: 1.1615 (1.4361)  acc1: 20.7031 (19.0970)  acc5: 39.8438 (37.3200)  family_acc1: 55.4688 (51.8150)  manu_acc1: 74.2188 (67.1120)  time: 0.4039  data: 0.2246  max mem: 11382
Test: Total time: 0:02:47 (0.4286 s / it)
* Acc@1 19.097 Acc@5 37.320 family@1 51.815 manu@1 67.112 sploss 5.126 fmloss 2.263 mfloss 1.436
FPA: 13.459% | TICE: 58.371%   
 wAP: 23.422  |  LCA: 182.835   |   Precision and Recall: 36.823%
Accuracy of the network on the 100000 test images: 19.1%
Max accuracy: 19.19%
Do not use KL loss
Epoch: [47]  [  0/156]  eta: 0:16:40  lr: 0.000145  sp_loss: 4.7838 (4.7838)  fam_loss: 3.4517 (3.4517)  manu_loss: 2.3203 (2.3203)  ot_loss: 2.9355 (2.9355)  base_loss: 10.5558 (10.5558)  time: 6.4145  data: 6.1216  max mem: 11382
Epoch: [47]  [155/156]  eta: 0:00:00  lr: 0.000145  sp_loss: 4.5669 (4.6670)  fam_loss: 3.3371 (3.3412)  manu_loss: 2.5315 (2.4565)  ot_loss: 2.8672 (2.9654)  base_loss: 10.4630 (10.4647)  time: 0.3159  data: 0.0854  max mem: 11382
Epoch: [47] Total time: 0:01:06 (0.4280 s / it)
Averaged stats: lr: 0.000145  sp_loss: 4.5669 (4.6670)  fam_loss: 3.3371 (3.3412)  manu_loss: 2.5315 (2.4565)  ot_loss: 2.8672 (2.9654)  base_loss: 10.4630 (10.4647)
Test:  [  0/391]  eta: 0:40:13  sploss: 5.2003 (5.2003)  famloss: 2.1744 (2.1744)  manuloss: 1.2470 (1.2470)  acc1: 19.9219 (19.9219)  acc5: 34.3750 (34.3750)  family_acc1: 52.3438 (52.3438)  manu_acc1: 73.0469 (73.0469)  time: 6.1719  data: 5.9055  max mem: 11382
Test:  [250/391]  eta: 0:01:01  sploss: 5.0513 (5.2105)  famloss: 2.3077 (2.3602)  manuloss: 1.5389 (1.5134)  acc1: 19.1406 (18.4668)  acc5: 37.8906 (36.4884)  family_acc1: 49.6094 (50.5120)  manu_acc1: 63.2812 (65.4694)  time: 0.3240  data: 0.1206  max mem: 11382
Test:  [390/391]  eta: 0:00:00  sploss: 5.0164 (5.1554)  famloss: 2.1050 (2.2883)  manuloss: 1.1692 (1.4440)  acc1: 20.7031 (18.8900)  acc5: 39.0625 (37.0860)  family_acc1: 55.0781 (51.7060)  manu_acc1: 75.3906 (67.0850)  time: 0.4081  data: 0.2290  max mem: 11382
Test: Total time: 0:02:46 (0.4251 s / it)
* Acc@1 18.890 Acc@5 37.086 family@1 51.706 manu@1 67.085 sploss 5.155 fmloss 2.288 mfloss 1.444
FPA: 13.238% | TICE: 58.290%   
 wAP: 23.228  |  LCA: 182.775   |   Precision and Recall: 36.819%
Accuracy of the network on the 100000 test images: 18.9%
Max accuracy: 19.19%
Do not use KL loss
Epoch: [48]  [  0/156]  eta: 0:16:56  lr: 0.000141  sp_loss: 5.4499 (5.4499)  fam_loss: 3.7071 (3.7071)  manu_loss: 2.7428 (2.7428)  ot_loss: 3.2539 (3.2539)  base_loss: 11.8998 (11.8998)  time: 6.5132  data: 6.2150  max mem: 11382
Epoch: [48]  [155/156]  eta: 0:00:00  lr: 0.000141  sp_loss: 4.9278 (4.5902)  fam_loss: 3.4474 (3.2800)  manu_loss: 2.4989 (2.4071)  ot_loss: 2.9902 (2.9487)  base_loss: 10.8742 (10.2773)  time: 0.3312  data: 0.1009  max mem: 11382
Epoch: [48] Total time: 0:01:06 (0.4263 s / it)
Averaged stats: lr: 0.000141  sp_loss: 4.9278 (4.5902)  fam_loss: 3.4474 (3.2800)  manu_loss: 2.4989 (2.4071)  ot_loss: 2.9902 (2.9487)  base_loss: 10.8742 (10.2773)
Test:  [  0/391]  eta: 0:41:48  sploss: 5.1793 (5.1793)  famloss: 2.2235 (2.2235)  manuloss: 1.2466 (1.2466)  acc1: 19.9219 (19.9219)  acc5: 35.1562 (35.1562)  family_acc1: 52.3438 (52.3438)  manu_acc1: 72.2656 (72.2656)  time: 6.4149  data: 6.1325  max mem: 11382
Test:  [250/391]  eta: 0:01:02  sploss: 4.9711 (5.1400)  famloss: 2.2749 (2.3103)  manuloss: 1.5434 (1.4881)  acc1: 20.7031 (19.1500)  acc5: 39.0625 (37.2121)  family_acc1: 51.1719 (51.2435)  manu_acc1: 63.6719 (65.8180)  time: 0.3489  data: 0.1284  max mem: 11382
Test:  [390/391]  eta: 0:00:00  sploss: 4.8925 (5.0879)  famloss: 2.1019 (2.2443)  manuloss: 1.1758 (1.4203)  acc1: 21.0938 (19.5170)  acc5: 40.2344 (37.8580)  family_acc1: 55.4688 (52.2520)  manu_acc1: 75.0000 (67.3750)  time: 0.3844  data: 0.2071  max mem: 11382
Test: Total time: 0:02:49 (0.4337 s / it)
* Acc@1 19.517 Acc@5 37.858 family@1 52.252 manu@1 67.375 sploss 5.088 fmloss 2.244 mfloss 1.420
FPA: 13.694% | TICE: 58.116%   
 wAP: 23.839  |  LCA: 180.810   |   Precision and Recall: 37.515%
Accuracy of the network on the 100000 test images: 19.5%
Max accuracy: 19.52%
Do not use KL loss
Epoch: [49]  [  0/156]  eta: 0:16:46  lr: 0.000138  sp_loss: 4.5568 (4.5568)  fam_loss: 3.3838 (3.3838)  manu_loss: 2.4458 (2.4458)  ot_loss: 2.9316 (2.9316)  base_loss: 10.3864 (10.3864)  time: 6.4505  data: 6.1679  max mem: 11382
Epoch: [49]  [155/156]  eta: 0:00:00  lr: 0.000138  sp_loss: 4.3769 (4.5870)  fam_loss: 3.1175 (3.3074)  manu_loss: 2.3005 (2.4300)  ot_loss: 2.7676 (2.9371)  base_loss: 9.7610 (10.3244)  time: 0.3153  data: 0.0882  max mem: 11382
Epoch: [49] Total time: 0:01:07 (0.4352 s / it)
Averaged stats: lr: 0.000138  sp_loss: 4.3769 (4.5870)  fam_loss: 3.1175 (3.3074)  manu_loss: 2.3005 (2.4300)  ot_loss: 2.7676 (2.9371)  base_loss: 9.7610 (10.3244)
Test:  [  0/391]  eta: 0:40:25  sploss: 5.2957 (5.2957)  famloss: 2.3584 (2.3584)  manuloss: 1.4023 (1.4023)  acc1: 16.7969 (16.7969)  acc5: 33.2031 (33.2031)  family_acc1: 49.2188 (49.2188)  manu_acc1: 70.3125 (70.3125)  time: 6.2042  data: 5.9334  max mem: 11382
Test:  [250/391]  eta: 0:01:00  sploss: 5.1023 (5.2757)  famloss: 2.3442 (2.4005)  manuloss: 1.5775 (1.5612)  acc1: 20.7031 (18.1041)  acc5: 37.8906 (35.8644)  family_acc1: 49.2188 (50.4700)  manu_acc1: 63.2812 (65.2141)  time: 0.3433  data: 0.1164  max mem: 11382
Test:  [390/391]  eta: 0:00:00  sploss: 5.0535 (5.2229)  famloss: 2.1642 (2.3309)  manuloss: 1.2407 (1.4892)  acc1: 19.9219 (18.5050)  acc5: 39.3750 (36.5520)  family_acc1: 55.4688 (51.5190)  manu_acc1: 74.2188 (66.8330)  time: 0.3944  data: 0.2044  max mem: 11382
Test: Total time: 0:02:46 (0.4250 s / it)
* Acc@1 18.505 Acc@5 36.552 family@1 51.519 manu@1 66.833 sploss 5.223 fmloss 2.331 mfloss 1.489
FPA: 12.915% | TICE: 59.194%   
 wAP: 22.866  |  LCA: 184.560   |   Precision and Recall: 36.236%
Accuracy of the network on the 100000 test images: 18.5%
Max accuracy: 19.52%
Do not use KL loss
Epoch: [50]  [  0/156]  eta: 0:16:18  lr: 0.000134  sp_loss: 6.1973 (6.1973)  fam_loss: 4.3486 (4.3486)  manu_loss: 3.1954 (3.1954)  ot_loss: 3.5469 (3.5469)  base_loss: 13.7413 (13.7413)  time: 6.2704  data: 5.9606  max mem: 11382
Epoch: [50]  [155/156]  eta: 0:00:00  lr: 0.000134  sp_loss: 4.8520 (4.6801)  fam_loss: 3.3769 (3.3476)  manu_loss: 2.4252 (2.4590)  ot_loss: 3.0215 (2.9579)  base_loss: 10.9268 (10.4867)  time: 0.3230  data: 0.0948  max mem: 11382
Epoch: [50] Total time: 0:01:07 (0.4338 s / it)
Averaged stats: lr: 0.000134  sp_loss: 4.8520 (4.6801)  fam_loss: 3.3769 (3.3476)  manu_loss: 2.4252 (2.4590)  ot_loss: 3.0215 (2.9579)  base_loss: 10.9268 (10.4867)
Test:  [  0/391]  eta: 0:39:29  sploss: 5.2196 (5.2196)  famloss: 2.1976 (2.1976)  manuloss: 1.2570 (1.2570)  acc1: 17.9688 (17.9688)  acc5: 34.3750 (34.3750)  family_acc1: 49.6094 (49.6094)  manu_acc1: 72.6562 (72.6562)  time: 6.0592  data: 5.7841  max mem: 11382
Test:  [250/391]  eta: 0:01:02  sploss: 4.9413 (5.1415)  famloss: 2.2989 (2.3036)  manuloss: 1.5412 (1.4931)  acc1: 20.7031 (18.9757)  acc5: 40.2344 (37.2510)  family_acc1: 50.0000 (50.8746)  manu_acc1: 64.8438 (65.6888)  time: 0.3665  data: 0.1398  max mem: 11382
Test:  [390/391]  eta: 0:00:00  sploss: 4.9275 (5.0830)  famloss: 2.0613 (2.2316)  manuloss: 1.1352 (1.4200)  acc1: 20.7031 (19.4840)  acc5: 39.8438 (37.8680)  family_acc1: 55.0781 (52.0310)  manu_acc1: 74.2188 (67.2920)  time: 0.4115  data: 0.2340  max mem: 11382
Test: Total time: 0:02:48 (0.4309 s / it)
* Acc@1 19.484 Acc@5 37.868 family@1 52.031 manu@1 67.292 sploss 5.083 fmloss 2.232 mfloss 1.420
FPA: 13.727% | TICE: 57.865%   
 wAP: 23.787  |  LCA: 181.059   |   Precision and Recall: 37.339%
Accuracy of the network on the 100000 test images: 19.5%
Max accuracy: 19.52%
Do not use KL loss
Epoch: [51]  [  0/156]  eta: 0:15:16  lr: 0.000130  sp_loss: 4.9326 (4.9326)  fam_loss: 3.6267 (3.6267)  manu_loss: 2.7243 (2.7243)  ot_loss: 3.0234 (3.0234)  base_loss: 11.2836 (11.2836)  time: 5.8751  data: 5.5939  max mem: 11382
Epoch: [51]  [155/156]  eta: 0:00:00  lr: 0.000130  sp_loss: 4.6371 (4.5278)  fam_loss: 3.3796 (3.2527)  manu_loss: 2.4580 (2.3784)  ot_loss: 2.9238 (2.9171)  base_loss: 10.4747 (10.1590)  time: 0.3377  data: 0.0975  max mem: 11382
Epoch: [51] Total time: 0:01:06 (0.4294 s / it)
Averaged stats: lr: 0.000130  sp_loss: 4.6371 (4.5278)  fam_loss: 3.3796 (3.2527)  manu_loss: 2.4580 (2.3784)  ot_loss: 2.9238 (2.9171)  base_loss: 10.4747 (10.1590)
Test:  [  0/391]  eta: 0:38:52  sploss: 5.2379 (5.2379)  famloss: 2.2262 (2.2262)  manuloss: 1.2998 (1.2998)  acc1: 16.7969 (16.7969)  acc5: 31.2500 (31.2500)  family_acc1: 55.0781 (55.0781)  manu_acc1: 70.3125 (70.3125)  time: 5.9665  data: 5.6967  max mem: 11382
Test:  [250/391]  eta: 0:01:01  sploss: 5.0390 (5.2031)  famloss: 2.3342 (2.3393)  manuloss: 1.5510 (1.5185)  acc1: 19.9219 (18.6224)  acc5: 39.0625 (36.4277)  family_acc1: 48.0469 (50.4607)  manu_acc1: 62.8906 (65.4585)  time: 0.3332  data: 0.1286  max mem: 11382
Test:  [390/391]  eta: 0:00:00  sploss: 4.9604 (5.1478)  famloss: 2.0983 (2.2681)  manuloss: 1.1440 (1.4456)  acc1: 20.6250 (19.0950)  acc5: 39.3750 (37.1450)  family_acc1: 55.4688 (51.6740)  manu_acc1: 73.4375 (67.1400)  time: 0.4295  data: 0.2520  max mem: 11382
Test: Total time: 0:02:53 (0.4431 s / it)
* Acc@1 19.095 Acc@5 37.145 family@1 51.674 manu@1 67.140 sploss 5.148 fmloss 2.268 mfloss 1.446
FPA: 13.403% | TICE: 58.206%   
 wAP: 23.407  |  LCA: 182.128   |   Precision and Recall: 36.999%
Accuracy of the network on the 100000 test images: 19.1%
Max accuracy: 19.52%
Do not use KL loss
Epoch: [52]  [  0/156]  eta: 0:16:47  lr: 0.000126  sp_loss: 5.3220 (5.3220)  fam_loss: 3.8041 (3.8041)  manu_loss: 2.7816 (2.7816)  ot_loss: 3.2969 (3.2969)  base_loss: 11.9078 (11.9078)  time: 6.4595  data: 6.1655  max mem: 11382
Epoch: [52]  [155/156]  eta: 0:00:00  lr: 0.000126  sp_loss: 5.3318 (4.5692)  fam_loss: 3.6069 (3.2649)  manu_loss: 2.6028 (2.3980)  ot_loss: 3.2148 (2.9163)  base_loss: 11.6332 (10.2321)  time: 0.3111  data: 0.0843  max mem: 11382
Epoch: [52] Total time: 0:01:07 (0.4331 s / it)
Averaged stats: lr: 0.000126  sp_loss: 5.3318 (4.5692)  fam_loss: 3.6069 (3.2649)  manu_loss: 2.6028 (2.3980)  ot_loss: 3.2148 (2.9163)  base_loss: 11.6332 (10.2321)
Test:  [  0/391]  eta: 0:43:39  sploss: 5.2590 (5.2590)  famloss: 2.3370 (2.3370)  manuloss: 1.3954 (1.3954)  acc1: 17.9688 (17.9688)  acc5: 35.1562 (35.1562)  family_acc1: 49.6094 (49.6094)  manu_acc1: 71.0938 (71.0938)  time: 6.7007  data: 6.4310  max mem: 11382
Test:  [250/391]  eta: 0:01:01  sploss: 5.1045 (5.2375)  famloss: 2.3810 (2.4216)  manuloss: 1.6088 (1.5822)  acc1: 19.9219 (18.5632)  acc5: 37.8906 (36.4853)  family_acc1: 50.3906 (50.3688)  manu_acc1: 64.4531 (65.5596)  time: 0.3297  data: 0.1236  max mem: 11382
Test:  [390/391]  eta: 0:00:00  sploss: 5.0019 (5.1835)  famloss: 2.1679 (2.3526)  manuloss: 1.2186 (1.5148)  acc1: 20.7031 (18.9790)  acc5: 39.4531 (37.1820)  family_acc1: 55.4688 (51.5480)  manu_acc1: 73.4375 (67.1150)  time: 0.4294  data: 0.2486  max mem: 11382
Test: Total time: 0:02:47 (0.4290 s / it)
* Acc@1 18.979 Acc@5 37.182 family@1 51.548 manu@1 67.115 sploss 5.184 fmloss 2.353 mfloss 1.515
FPA: 13.359% | TICE: 58.483%   
 wAP: 23.292  |  LCA: 183.063   |   Precision and Recall: 36.726%
Accuracy of the network on the 100000 test images: 19.0%
Max accuracy: 19.52%
Do not use KL loss
Epoch: [53]  [  0/156]  eta: 0:15:43  lr: 0.000122  sp_loss: 4.9700 (4.9700)  fam_loss: 3.5024 (3.5024)  manu_loss: 2.4358 (2.4358)  ot_loss: 2.9531 (2.9531)  base_loss: 10.9082 (10.9082)  time: 6.0480  data: 5.7785  max mem: 11382
Epoch: [53]  [155/156]  eta: 0:00:00  lr: 0.000122  sp_loss: 4.3320 (4.5660)  fam_loss: 3.2492 (3.2768)  manu_loss: 2.3459 (2.4034)  ot_loss: 2.7598 (2.9047)  base_loss: 9.9418 (10.2461)  time: 0.3115  data: 0.0803  max mem: 11382
Epoch: [53] Total time: 0:01:08 (0.4378 s / it)
Averaged stats: lr: 0.000122  sp_loss: 4.3320 (4.5660)  fam_loss: 3.2492 (3.2768)  manu_loss: 2.3459 (2.4034)  ot_loss: 2.7598 (2.9047)  base_loss: 9.9418 (10.2461)
Test:  [  0/391]  eta: 0:39:59  sploss: 5.2776 (5.2776)  famloss: 2.2600 (2.2600)  manuloss: 1.3301 (1.3301)  acc1: 17.1875 (17.1875)  acc5: 32.4219 (32.4219)  family_acc1: 48.8281 (48.8281)  manu_acc1: 70.7031 (70.7031)  time: 6.1371  data: 5.8476  max mem: 11382
Test:  [250/391]  eta: 0:01:01  sploss: 5.0109 (5.1699)  famloss: 2.3126 (2.3182)  manuloss: 1.5477 (1.5087)  acc1: 21.4844 (19.0566)  acc5: 39.0625 (37.0907)  family_acc1: 50.7812 (51.0365)  manu_acc1: 64.4531 (65.9565)  time: 0.3402  data: 0.1302  max mem: 11382
Test:  [390/391]  eta: 0:00:00  sploss: 4.9345 (5.1130)  famloss: 2.0766 (2.2482)  manuloss: 1.1480 (1.4377)  acc1: 20.3125 (19.4930)  acc5: 39.3750 (37.8970)  family_acc1: 56.6406 (52.2440)  manu_acc1: 74.2188 (67.5550)  time: 0.4887  data: 0.3072  max mem: 11382
Test: Total time: 0:02:49 (0.4328 s / it)
* Acc@1 19.493 Acc@5 37.897 family@1 52.244 manu@1 67.555 sploss 5.113 fmloss 2.248 mfloss 1.438
FPA: 13.779% | TICE: 57.427%   
 wAP: 23.822  |  LCA: 180.617   |   Precision and Recall: 37.507%
Accuracy of the network on the 100000 test images: 19.5%
Max accuracy: 19.52%
Do not use KL loss
Epoch: [54]  [  0/156]  eta: 0:16:27  lr: 0.000119  sp_loss: 4.3761 (4.3761)  fam_loss: 3.1049 (3.1049)  manu_loss: 2.2308 (2.2308)  ot_loss: 2.7520 (2.7520)  base_loss: 9.7117 (9.7117)  time: 6.3273  data: 6.0356  max mem: 11382
Epoch: [54]  [155/156]  eta: 0:00:00  lr: 0.000119  sp_loss: 4.6973 (4.6419)  fam_loss: 3.4190 (3.3290)  manu_loss: 2.5402 (2.4403)  ot_loss: 2.9785 (2.9333)  base_loss: 10.7219 (10.4112)  time: 0.3096  data: 0.0789  max mem: 11382
Epoch: [54] Total time: 0:01:07 (0.4344 s / it)
Averaged stats: lr: 0.000119  sp_loss: 4.6973 (4.6419)  fam_loss: 3.4190 (3.3290)  manu_loss: 2.5402 (2.4403)  ot_loss: 2.9785 (2.9333)  base_loss: 10.7219 (10.4112)
Test:  [  0/391]  eta: 0:44:25  sploss: 5.1669 (5.1669)  famloss: 2.1412 (2.1412)  manuloss: 1.2829 (1.2829)  acc1: 17.9688 (17.9688)  acc5: 33.2031 (33.2031)  family_acc1: 53.5156 (53.5156)  manu_acc1: 70.7031 (70.7031)  time: 6.8183  data: 6.5446  max mem: 11382
Test:  [250/391]  eta: 0:01:01  sploss: 4.9589 (5.1275)  famloss: 2.2677 (2.2823)  manuloss: 1.4688 (1.4756)  acc1: 21.4844 (19.6246)  acc5: 40.2344 (37.5965)  family_acc1: 50.7812 (51.7072)  manu_acc1: 66.0156 (66.2288)  time: 0.3767  data: 0.1655  max mem: 11382
Test:  [390/391]  eta: 0:00:00  sploss: 4.9376 (5.0774)  famloss: 2.0430 (2.2150)  manuloss: 1.1124 (1.4058)  acc1: 20.7031 (19.9950)  acc5: 40.2344 (38.2720)  family_acc1: 56.2500 (52.8230)  manu_acc1: 75.3906 (67.7870)  time: 0.4172  data: 0.2356  max mem: 11382
Test: Total time: 0:02:47 (0.4279 s / it)
* Acc@1 19.995 Acc@5 38.272 family@1 52.823 manu@1 67.787 sploss 5.077 fmloss 2.215 mfloss 1.406
FPA: 14.244% | TICE: 57.449%   
 wAP: 24.325  |  LCA: 179.716   |   Precision and Recall: 37.878%
Accuracy of the network on the 100000 test images: 20.0%
Max accuracy: 20.00%
Do not use KL loss
Epoch: [55]  [  0/156]  eta: 0:16:29  lr: 0.000115  sp_loss: 4.8804 (4.8804)  fam_loss: 3.5140 (3.5140)  manu_loss: 2.5472 (2.5472)  ot_loss: 2.9492 (2.9492)  base_loss: 10.9416 (10.9416)  time: 6.3446  data: 6.0573  max mem: 11382
Epoch: [55]  [155/156]  eta: 0:00:00  lr: 0.000115  sp_loss: 5.0049 (4.5230)  fam_loss: 3.3069 (3.2578)  manu_loss: 2.3900 (2.3968)  ot_loss: 2.9883 (2.8809)  base_loss: 10.7018 (10.1775)  time: 0.3245  data: 0.0942  max mem: 11382
Epoch: [55] Total time: 0:01:08 (0.4360 s / it)
Averaged stats: lr: 0.000115  sp_loss: 5.0049 (4.5230)  fam_loss: 3.3069 (3.2578)  manu_loss: 2.3900 (2.3968)  ot_loss: 2.9883 (2.8809)  base_loss: 10.7018 (10.1775)
Test:  [  0/391]  eta: 0:39:41  sploss: 5.2298 (5.2298)  famloss: 2.1997 (2.1997)  manuloss: 1.3543 (1.3543)  acc1: 19.5312 (19.5312)  acc5: 35.5469 (35.5469)  family_acc1: 52.3438 (52.3438)  manu_acc1: 68.7500 (68.7500)  time: 6.0917  data: 5.8804  max mem: 11382
Test:  [250/391]  eta: 0:01:00  sploss: 5.0284 (5.1872)  famloss: 2.3406 (2.3508)  manuloss: 1.5378 (1.5344)  acc1: 20.7031 (19.1764)  acc5: 39.0625 (37.4144)  family_acc1: 50.7812 (51.5500)  manu_acc1: 64.8438 (66.2195)  time: 0.3230  data: 0.1212  max mem: 11382
Test:  [390/391]  eta: 0:00:00  sploss: 4.9680 (5.1346)  famloss: 2.1294 (2.2849)  manuloss: 1.1802 (1.4680)  acc1: 21.4844 (19.5880)  acc5: 39.8438 (38.0350)  family_acc1: 55.0781 (52.5890)  manu_acc1: 74.2188 (67.6580)  time: 0.4027  data: 0.2191  max mem: 11382
Test: Total time: 0:02:46 (0.4270 s / it)
* Acc@1 19.588 Acc@5 38.035 family@1 52.589 manu@1 67.658 sploss 5.135 fmloss 2.285 mfloss 1.468
FPA: 13.898% | TICE: 57.961%   
 wAP: 23.941  |  LCA: 180.745   |   Precision and Recall: 37.540%
Accuracy of the network on the 100000 test images: 19.6%
Max accuracy: 20.00%
Do not use KL loss
Epoch: [56]  [  0/156]  eta: 0:16:39  lr: 0.000111  sp_loss: 5.7420 (5.7420)  fam_loss: 3.8917 (3.8917)  manu_loss: 2.8430 (2.8430)  ot_loss: 3.3418 (3.3418)  base_loss: 12.4768 (12.4768)  time: 6.4049  data: 6.1295  max mem: 11382
Epoch: [56]  [155/156]  eta: 0:00:00  lr: 0.000111  sp_loss: 4.7561 (4.5640)  fam_loss: 3.3287 (3.2701)  manu_loss: 2.3747 (2.3951)  ot_loss: 2.8398 (2.8881)  base_loss: 10.4817 (10.2292)  time: 0.3061  data: 0.0760  max mem: 11382
Epoch: [56] Total time: 0:01:07 (0.4311 s / it)
Averaged stats: lr: 0.000111  sp_loss: 4.7561 (4.5640)  fam_loss: 3.3287 (3.2701)  manu_loss: 2.3747 (2.3951)  ot_loss: 2.8398 (2.8881)  base_loss: 10.4817 (10.2292)
Test:  [  0/391]  eta: 0:39:11  sploss: 5.2400 (5.2400)  famloss: 2.2046 (2.2046)  manuloss: 1.3391 (1.3391)  acc1: 18.7500 (18.7500)  acc5: 36.7188 (36.7188)  family_acc1: 51.1719 (51.1719)  manu_acc1: 69.5312 (69.5312)  time: 6.0148  data: 5.7978  max mem: 11382
Test:  [250/391]  eta: 0:01:02  sploss: 5.0118 (5.1897)  famloss: 2.3156 (2.3204)  manuloss: 1.5236 (1.5052)  acc1: 20.7031 (19.2698)  acc5: 39.0625 (37.5654)  family_acc1: 50.7812 (51.3104)  manu_acc1: 65.2344 (66.0919)  time: 0.3921  data: 0.1892  max mem: 11382
Test:  [390/391]  eta: 0:00:00  sploss: 4.9843 (5.1369)  famloss: 2.0737 (2.2556)  manuloss: 1.1607 (1.4379)  acc1: 20.3125 (19.7030)  acc5: 41.0156 (38.2310)  family_acc1: 56.2500 (52.3780)  manu_acc1: 75.0000 (67.6280)  time: 0.4007  data: 0.2253  max mem: 11382
Test: Total time: 0:02:49 (0.4329 s / it)
* Acc@1 19.703 Acc@5 38.231 family@1 52.378 manu@1 67.628 sploss 5.137 fmloss 2.256 mfloss 1.438
FPA: 14.004% | TICE: 57.607%   
 wAP: 24.021  |  LCA: 180.797   |   Precision and Recall: 37.534%
Accuracy of the network on the 100000 test images: 19.7%
Max accuracy: 20.00%
Do not use KL loss
Epoch: [57]  [  0/156]  eta: 0:16:57  lr: 0.000108  sp_loss: 3.2291 (3.2291)  fam_loss: 2.5377 (2.5377)  manu_loss: 1.8305 (1.8305)  ot_loss: 2.4707 (2.4707)  base_loss: 7.5973 (7.5973)  time: 6.5242  data: 6.2514  max mem: 11382
Epoch: [57]  [155/156]  eta: 0:00:00  lr: 0.000108  sp_loss: 3.9307 (4.4526)  fam_loss: 2.9601 (3.2010)  manu_loss: 2.2090 (2.3495)  ot_loss: 2.6387 (2.8442)  base_loss: 9.0870 (10.0030)  time: 0.3241  data: 0.0959  max mem: 11382
Epoch: [57] Total time: 0:01:07 (0.4343 s / it)
Averaged stats: lr: 0.000108  sp_loss: 3.9307 (4.4526)  fam_loss: 2.9601 (3.2010)  manu_loss: 2.2090 (2.3495)  ot_loss: 2.6387 (2.8442)  base_loss: 9.0870 (10.0030)
Test:  [  0/391]  eta: 0:39:23  sploss: 5.2153 (5.2153)  famloss: 2.1690 (2.1690)  manuloss: 1.3009 (1.3009)  acc1: 18.3594 (18.3594)  acc5: 34.7656 (34.7656)  family_acc1: 52.7344 (52.7344)  manu_acc1: 69.1406 (69.1406)  time: 6.0452  data: 5.8228  max mem: 11382
Test:  [250/391]  eta: 0:01:01  sploss: 4.9602 (5.1549)  famloss: 2.2765 (2.2862)  manuloss: 1.5118 (1.4800)  acc1: 21.4844 (19.3429)  acc5: 39.4531 (37.5887)  family_acc1: 50.3906 (51.6263)  manu_acc1: 65.6250 (66.3673)  time: 0.4096  data: 0.1917  max mem: 11382
Test:  [390/391]  eta: 0:00:00  sploss: 4.9220 (5.1013)  famloss: 2.0417 (2.2195)  manuloss: 1.1512 (1.4126)  acc1: 21.4844 (19.8060)  acc5: 40.6250 (38.2940)  family_acc1: 56.2500 (52.7770)  manu_acc1: 73.8281 (67.8610)  time: 0.3985  data: 0.2212  max mem: 11382
Test: Total time: 0:02:47 (0.4290 s / it)
* Acc@1 19.806 Acc@5 38.294 family@1 52.777 manu@1 67.861 sploss 5.101 fmloss 2.220 mfloss 1.413
FPA: 14.235% | TICE: 57.799%   
 wAP: 24.156  |  LCA: 180.473   |   Precision and Recall: 37.660%
Accuracy of the network on the 100000 test images: 19.8%
Max accuracy: 20.00%
Do not use KL loss
Epoch: [58]  [  0/156]  eta: 0:16:27  lr: 0.000104  sp_loss: 3.0729 (3.0729)  fam_loss: 2.4240 (2.4240)  manu_loss: 1.8824 (1.8824)  ot_loss: 2.3457 (2.3457)  base_loss: 7.3793 (7.3793)  time: 6.3327  data: 6.0703  max mem: 11382
Epoch: [58]  [155/156]  eta: 0:00:00  lr: 0.000104  sp_loss: 4.3820 (4.3656)  fam_loss: 3.0413 (3.1536)  manu_loss: 2.2631 (2.3119)  ot_loss: 2.7520 (2.8167)  base_loss: 9.6864 (9.8310)  time: 0.3191  data: 0.0884  max mem: 11382
Epoch: [58] Total time: 0:01:07 (0.4346 s / it)
Averaged stats: lr: 0.000104  sp_loss: 4.3820 (4.3656)  fam_loss: 3.0413 (3.1536)  manu_loss: 2.2631 (2.3119)  ot_loss: 2.7520 (2.8167)  base_loss: 9.6864 (9.8310)
Test:  [  0/391]  eta: 0:40:41  sploss: 5.2835 (5.2835)  famloss: 2.2038 (2.2038)  manuloss: 1.3415 (1.3415)  acc1: 17.9688 (17.9688)  acc5: 33.5938 (33.5938)  family_acc1: 53.9062 (53.9062)  manu_acc1: 69.5312 (69.5312)  time: 6.2452  data: 5.9971  max mem: 11382
Test:  [250/391]  eta: 0:01:01  sploss: 5.0460 (5.2153)  famloss: 2.3334 (2.3434)  manuloss: 1.5346 (1.5313)  acc1: 21.0938 (19.1313)  acc5: 40.2344 (37.2168)  family_acc1: 50.7812 (51.4333)  manu_acc1: 64.0625 (65.9191)  time: 0.3193  data: 0.1052  max mem: 11382
Test:  [390/391]  eta: 0:00:00  sploss: 4.9874 (5.1646)  famloss: 2.0865 (2.2763)  manuloss: 1.1782 (1.4613)  acc1: 21.4844 (19.5250)  acc5: 39.8438 (37.9010)  family_acc1: 55.6250 (52.7240)  manu_acc1: 75.3906 (67.5780)  time: 0.3953  data: 0.2191  max mem: 11382
Test: Total time: 0:02:49 (0.4324 s / it)
* Acc@1 19.525 Acc@5 37.901 family@1 52.724 manu@1 67.578 sploss 5.165 fmloss 2.276 mfloss 1.461
FPA: 13.918% | TICE: 57.828%   
 wAP: 23.897  |  LCA: 181.335   |   Precision and Recall: 37.344%
Accuracy of the network on the 100000 test images: 19.5%
Max accuracy: 20.00%
Do not use KL loss
Epoch: [59]  [  0/156]  eta: 0:17:42  lr: 0.000100  sp_loss: 4.9781 (4.9781)  fam_loss: 3.4948 (3.4948)  manu_loss: 2.6156 (2.6156)  ot_loss: 3.0625 (3.0625)  base_loss: 11.0885 (11.0885)  time: 6.8103  data: 6.5345  max mem: 11382
Epoch: [59]  [155/156]  eta: 0:00:00  lr: 0.000100  sp_loss: 4.5303 (4.4045)  fam_loss: 3.2863 (3.1764)  manu_loss: 2.2971 (2.3336)  ot_loss: 2.7812 (2.8278)  base_loss: 10.1284 (9.9145)  time: 0.3269  data: 0.0976  max mem: 11382
Epoch: [59] Total time: 0:01:07 (0.4358 s / it)
Averaged stats: lr: 0.000100  sp_loss: 4.5303 (4.4045)  fam_loss: 3.2863 (3.1764)  manu_loss: 2.2971 (2.3336)  ot_loss: 2.7812 (2.8278)  base_loss: 10.1284 (9.9145)
Test:  [  0/391]  eta: 0:43:21  sploss: 5.3224 (5.3224)  famloss: 2.1631 (2.1631)  manuloss: 1.2988 (1.2988)  acc1: 17.1875 (17.1875)  acc5: 34.7656 (34.7656)  family_acc1: 54.2969 (54.2969)  manu_acc1: 69.5312 (69.5312)  time: 6.6543  data: 6.3711  max mem: 11382
Test:  [250/391]  eta: 0:01:02  sploss: 5.0649 (5.2389)  famloss: 2.3068 (2.3544)  manuloss: 1.5292 (1.5210)  acc1: 21.8750 (19.0955)  acc5: 40.2344 (37.1670)  family_acc1: 50.0000 (51.3898)  manu_acc1: 64.4531 (65.9798)  time: 0.3352  data: 0.1328  max mem: 11382
Test:  [390/391]  eta: 0:00:00  sploss: 5.0217 (5.1855)  famloss: 2.1280 (2.2868)  manuloss: 1.1662 (1.4505)  acc1: 21.0938 (19.4940)  acc5: 40.2344 (37.8350)  family_acc1: 55.4688 (52.5320)  manu_acc1: 74.2188 (67.6420)  time: 0.3846  data: 0.2060  max mem: 11382
Test: Total time: 0:02:50 (0.4369 s / it)
* Acc@1 19.494 Acc@5 37.835 family@1 52.532 manu@1 67.642 sploss 5.186 fmloss 2.287 mfloss 1.450
FPA: 13.870% | TICE: 57.823%   
 wAP: 23.853  |  LCA: 181.159   |   Precision and Recall: 37.381%
Accuracy of the network on the 100000 test images: 19.5%
Max accuracy: 20.00%
Do not use KL loss
Epoch: [60]  [  0/156]  eta: 0:15:07  lr: 0.000097  sp_loss: 5.6118 (5.6118)  fam_loss: 4.0282 (4.0282)  manu_loss: 2.9077 (2.9077)  ot_loss: 3.3047 (3.3047)  base_loss: 12.5477 (12.5477)  time: 5.8152  data: 5.5226  max mem: 11382
Epoch: [60]  [155/156]  eta: 0:00:00  lr: 0.000097  sp_loss: 3.4180 (4.4627)  fam_loss: 2.5818 (3.2269)  manu_loss: 1.9516 (2.3657)  ot_loss: 2.3848 (2.8399)  base_loss: 7.9295 (10.0552)  time: 0.3187  data: 0.0874  max mem: 11382
Epoch: [60] Total time: 0:01:06 (0.4270 s / it)
Averaged stats: lr: 0.000097  sp_loss: 3.4180 (4.4627)  fam_loss: 2.5818 (3.2269)  manu_loss: 1.9516 (2.3657)  ot_loss: 2.3848 (2.8399)  base_loss: 7.9295 (10.0552)
Test:  [  0/391]  eta: 0:43:58  sploss: 5.2306 (5.2306)  famloss: 2.0995 (2.0995)  manuloss: 1.2531 (1.2531)  acc1: 19.1406 (19.1406)  acc5: 33.2031 (33.2031)  family_acc1: 53.5156 (53.5156)  manu_acc1: 71.4844 (71.4844)  time: 6.7482  data: 6.4802  max mem: 11382
Test:  [250/391]  eta: 0:01:01  sploss: 5.0326 (5.1747)  famloss: 2.2553 (2.2734)  manuloss: 1.4773 (1.4818)  acc1: 21.4844 (19.3647)  acc5: 38.6719 (37.6089)  family_acc1: 51.1719 (51.8271)  manu_acc1: 65.2344 (66.2148)  time: 0.3506  data: 0.1316  max mem: 11382
Test:  [390/391]  eta: 0:00:00  sploss: 4.9431 (5.1202)  famloss: 2.0180 (2.2061)  manuloss: 1.1591 (1.4122)  acc1: 21.4844 (19.8820)  acc5: 39.4531 (38.2070)  family_acc1: 55.0781 (52.9690)  manu_acc1: 73.4375 (67.7510)  time: 0.4032  data: 0.2271  max mem: 11382
Test: Total time: 0:02:47 (0.4295 s / it)
* Acc@1 19.882 Acc@5 38.207 family@1 52.969 manu@1 67.751 sploss 5.120 fmloss 2.206 mfloss 1.412
FPA: 14.393% | TICE: 57.261%   
 wAP: 24.239  |  LCA: 180.116   |   Precision and Recall: 37.708%
Accuracy of the network on the 100000 test images: 19.9%
Max accuracy: 20.00%
Do not use KL loss
Epoch: [61]  [  0/156]  eta: 0:15:40  lr: 0.000093  sp_loss: 4.9715 (4.9715)  fam_loss: 3.5186 (3.5186)  manu_loss: 2.6790 (2.6790)  ot_loss: 3.0176 (3.0176)  base_loss: 11.1690 (11.1690)  time: 6.0285  data: 5.7469  max mem: 11382
Epoch: [61]  [155/156]  eta: 0:00:00  lr: 0.000093  sp_loss: 4.9971 (4.4204)  fam_loss: 3.4296 (3.1944)  manu_loss: 2.5276 (2.3523)  ot_loss: 2.9746 (2.8133)  base_loss: 11.0213 (9.9670)  time: 0.3135  data: 0.0857  max mem: 11382
Epoch: [61] Total time: 0:01:06 (0.4286 s / it)
Averaged stats: lr: 0.000093  sp_loss: 4.9971 (4.4204)  fam_loss: 3.4296 (3.1944)  manu_loss: 2.5276 (2.3523)  ot_loss: 2.9746 (2.8133)  base_loss: 11.0213 (9.9670)
Test:  [  0/391]  eta: 0:40:28  sploss: 5.2891 (5.2891)  famloss: 2.1918 (2.1918)  manuloss: 1.2986 (1.2986)  acc1: 17.5781 (17.5781)  acc5: 33.9844 (33.9844)  family_acc1: 51.9531 (51.9531)  manu_acc1: 71.4844 (71.4844)  time: 6.2107  data: 5.9867  max mem: 11382
Test:  [250/391]  eta: 0:01:02  sploss: 5.1051 (5.2643)  famloss: 2.3830 (2.3945)  manuloss: 1.5581 (1.5581)  acc1: 19.9219 (19.0441)  acc5: 39.0625 (37.0658)  family_acc1: 53.1250 (51.4053)  manu_acc1: 65.2344 (66.1790)  time: 0.3304  data: 0.1358  max mem: 11382
Test:  [390/391]  eta: 0:00:00  sploss: 5.0298 (5.2121)  famloss: 2.1581 (2.3297)  manuloss: 1.2125 (1.4910)  acc1: 21.0938 (19.5230)  acc5: 39.0625 (37.7660)  family_acc1: 56.6406 (52.4730)  manu_acc1: 75.0000 (67.6900)  time: 0.4151  data: 0.2312  max mem: 11382
Test: Total time: 0:02:50 (0.4364 s / it)
* Acc@1 19.523 Acc@5 37.766 family@1 52.473 manu@1 67.690 sploss 5.212 fmloss 2.330 mfloss 1.491
FPA: 13.973% | TICE: 57.535%   
 wAP: 23.874  |  LCA: 181.294   |   Precision and Recall: 37.319%
Accuracy of the network on the 100000 test images: 19.5%
Max accuracy: 20.00%
Do not use KL loss
Epoch: [62]  [  0/156]  eta: 0:14:55  lr: 0.000089  sp_loss: 3.6984 (3.6984)  fam_loss: 2.6919 (2.6919)  manu_loss: 2.0488 (2.0488)  ot_loss: 2.3789 (2.3789)  base_loss: 8.4391 (8.4391)  time: 5.7427  data: 5.4725  max mem: 11382
Epoch: [62]  [155/156]  eta: 0:00:00  lr: 0.000089  sp_loss: 4.9430 (4.4304)  fam_loss: 3.3156 (3.1800)  manu_loss: 2.3884 (2.3325)  ot_loss: 2.9590 (2.8210)  base_loss: 10.5002 (9.9429)  time: 0.3100  data: 0.0789  max mem: 11382
Epoch: [62] Total time: 0:01:06 (0.4292 s / it)
Averaged stats: lr: 0.000089  sp_loss: 4.9430 (4.4304)  fam_loss: 3.3156 (3.1800)  manu_loss: 2.3884 (2.3325)  ot_loss: 2.9590 (2.8210)  base_loss: 10.5002 (9.9429)
Test:  [  0/391]  eta: 0:41:19  sploss: 5.2445 (5.2445)  famloss: 2.1675 (2.1675)  manuloss: 1.3090 (1.3090)  acc1: 17.1875 (17.1875)  acc5: 35.5469 (35.5469)  family_acc1: 51.9531 (51.9531)  manu_acc1: 71.4844 (71.4844)  time: 6.3404  data: 6.1159  max mem: 11382
Test:  [250/391]  eta: 0:01:02  sploss: 5.0343 (5.2050)  famloss: 2.3223 (2.3549)  manuloss: 1.5209 (1.5419)  acc1: 21.0938 (19.5250)  acc5: 39.0625 (37.6914)  family_acc1: 51.9531 (52.0107)  manu_acc1: 66.4062 (66.4062)  time: 0.3978  data: 0.1822  max mem: 11382
Test:  [390/391]  eta: 0:00:00  sploss: 4.9632 (5.1504)  famloss: 2.1375 (2.2881)  manuloss: 1.1947 (1.4705)  acc1: 21.8750 (19.9800)  acc5: 39.8438 (38.3700)  family_acc1: 56.2500 (53.0470)  manu_acc1: 74.2188 (67.9670)  time: 0.4112  data: 0.2326  max mem: 11382
Test: Total time: 0:02:49 (0.4328 s / it)
* Acc@1 19.980 Acc@5 38.370 family@1 53.047 manu@1 67.967 sploss 5.150 fmloss 2.288 mfloss 1.470
FPA: 14.420% | TICE: 57.102%   
 wAP: 24.338  |  LCA: 179.395   |   Precision and Recall: 37.939%
Accuracy of the network on the 100000 test images: 20.0%
Max accuracy: 20.00%
Do not use KL loss
Epoch: [63]  [  0/156]  eta: 0:15:36  lr: 0.000086  sp_loss: 2.7885 (2.7885)  fam_loss: 2.1873 (2.1873)  manu_loss: 1.5636 (1.5636)  ot_loss: 2.2129 (2.2129)  base_loss: 6.5394 (6.5394)  time: 6.0021  data: 5.7070  max mem: 11382
Epoch: [63]  [155/156]  eta: 0:00:00  lr: 0.000086  sp_loss: 4.6086 (4.3276)  fam_loss: 3.3681 (3.1216)  manu_loss: 2.3451 (2.2888)  ot_loss: 2.8574 (2.7787)  base_loss: 10.2750 (9.7381)  time: 0.3139  data: 0.0848  max mem: 11382
Epoch: [63] Total time: 0:01:07 (0.4313 s / it)
Averaged stats: lr: 0.000086  sp_loss: 4.6086 (4.3276)  fam_loss: 3.3681 (3.1216)  manu_loss: 2.3451 (2.2888)  ot_loss: 2.8574 (2.7787)  base_loss: 10.2750 (9.7381)
Test:  [  0/391]  eta: 0:38:46  sploss: 5.2626 (5.2626)  famloss: 2.1866 (2.1866)  manuloss: 1.3328 (1.3328)  acc1: 16.4062 (16.4062)  acc5: 37.5000 (37.5000)  family_acc1: 52.7344 (52.7344)  manu_acc1: 71.0938 (71.0938)  time: 5.9507  data: 5.7325  max mem: 11382
Test:  [250/391]  eta: 0:01:01  sploss: 5.0834 (5.2286)  famloss: 2.3324 (2.3575)  manuloss: 1.5635 (1.5465)  acc1: 19.9219 (19.2636)  acc5: 39.0625 (37.5700)  family_acc1: 50.7812 (51.8706)  manu_acc1: 64.8438 (66.1946)  time: 0.3186  data: 0.1026  max mem: 11382
Test:  [390/391]  eta: 0:00:00  sploss: 5.0097 (5.1772)  famloss: 2.1136 (2.2907)  manuloss: 1.2127 (1.4776)  acc1: 20.6250 (19.7670)  acc5: 39.8438 (38.1940)  family_acc1: 56.8750 (52.9060)  manu_acc1: 74.3750 (67.7430)  time: 0.4110  data: 0.2348  max mem: 11382
Test: Total time: 0:02:49 (0.4340 s / it)
* Acc@1 19.767 Acc@5 38.194 family@1 52.906 manu@1 67.743 sploss 5.177 fmloss 2.291 mfloss 1.478
FPA: 14.246% | TICE: 57.529%   
 wAP: 24.131  |  LCA: 180.727   |   Precision and Recall: 37.549%
Accuracy of the network on the 100000 test images: 19.8%
Max accuracy: 20.00%
Do not use KL loss
Epoch: [64]  [  0/156]  eta: 0:15:57  lr: 0.000082  sp_loss: 3.6112 (3.6112)  fam_loss: 2.6563 (2.6563)  manu_loss: 2.0051 (2.0051)  ot_loss: 2.3984 (2.3984)  base_loss: 8.2726 (8.2726)  time: 6.1401  data: 5.8626  max mem: 11382
Epoch: [64]  [155/156]  eta: 0:00:00  lr: 0.000082  sp_loss: 4.4644 (4.4752)  fam_loss: 3.1347 (3.2150)  manu_loss: 2.2951 (2.3528)  ot_loss: 2.7559 (2.8346)  base_loss: 9.8586 (10.0430)  time: 0.3412  data: 0.1065  max mem: 11382
Epoch: [64] Total time: 0:01:08 (0.4392 s / it)
Averaged stats: lr: 0.000082  sp_loss: 4.4644 (4.4752)  fam_loss: 3.1347 (3.2150)  manu_loss: 2.2951 (2.3528)  ot_loss: 2.7559 (2.8346)  base_loss: 9.8586 (10.0430)
Test:  [  0/391]  eta: 0:42:43  sploss: 5.2220 (5.2220)  famloss: 2.1512 (2.1512)  manuloss: 1.2792 (1.2792)  acc1: 16.7969 (16.7969)  acc5: 37.1094 (37.1094)  family_acc1: 53.5156 (53.5156)  manu_acc1: 72.2656 (72.2656)  time: 6.5570  data: 6.2816  max mem: 11382
Test:  [250/391]  eta: 0:01:02  sploss: 5.0407 (5.2194)  famloss: 2.2998 (2.3387)  manuloss: 1.5473 (1.5287)  acc1: 20.7031 (19.4581)  acc5: 39.0625 (37.6167)  family_acc1: 50.0000 (51.7788)  manu_acc1: 64.0625 (66.1028)  time: 0.4177  data: 0.2032  max mem: 11382
Test:  [390/391]  eta: 0:00:00  sploss: 4.9939 (5.1664)  famloss: 2.0764 (2.2701)  manuloss: 1.1681 (1.4574)  acc1: 21.0938 (19.8510)  acc5: 39.8438 (38.2620)  family_acc1: 57.8125 (52.8920)  manu_acc1: 74.2188 (67.7310)  time: 0.4179  data: 0.2419  max mem: 11382
Test: Total time: 0:02:49 (0.4323 s / it)
* Acc@1 19.851 Acc@5 38.262 family@1 52.892 manu@1 67.731 sploss 5.166 fmloss 2.270 mfloss 1.457
FPA: 14.326% | TICE: 57.428%   
 wAP: 24.204  |  LCA: 180.311   |   Precision and Recall: 37.660%
Accuracy of the network on the 100000 test images: 19.9%
Max accuracy: 20.00%
Do not use KL loss
Epoch: [65]  [  0/156]  eta: 0:16:27  lr: 0.000079  sp_loss: 5.0584 (5.0584)  fam_loss: 3.5909 (3.5909)  manu_loss: 2.5809 (2.5809)  ot_loss: 3.0156 (3.0156)  base_loss: 11.2302 (11.2302)  time: 6.3294  data: 6.0655  max mem: 11382
Epoch: [65]  [155/156]  eta: 0:00:00  lr: 0.000079  sp_loss: 4.5694 (4.3904)  fam_loss: 3.2763 (3.1592)  manu_loss: 2.3073 (2.3182)  ot_loss: 2.8477 (2.8043)  base_loss: 10.3230 (9.8678)  time: 0.3206  data: 0.0914  max mem: 11382
Epoch: [65] Total time: 0:01:07 (0.4302 s / it)
Averaged stats: lr: 0.000079  sp_loss: 4.5694 (4.3904)  fam_loss: 3.2763 (3.1592)  manu_loss: 2.3073 (2.3182)  ot_loss: 2.8477 (2.8043)  base_loss: 10.3230 (9.8678)
Test:  [  0/391]  eta: 0:40:03  sploss: 5.2868 (5.2868)  famloss: 2.2474 (2.2474)  manuloss: 1.3825 (1.3825)  acc1: 19.1406 (19.1406)  acc5: 34.3750 (34.3750)  family_acc1: 51.1719 (51.1719)  manu_acc1: 71.0938 (71.0938)  time: 6.1463  data: 5.8767  max mem: 11382
Test:  [250/391]  eta: 0:01:02  sploss: 5.0620 (5.2487)  famloss: 2.3413 (2.3783)  manuloss: 1.5764 (1.5550)  acc1: 20.7031 (19.3196)  acc5: 38.6719 (37.4767)  family_acc1: 50.7812 (51.6139)  manu_acc1: 65.6250 (66.3238)  time: 0.4932  data: 0.2792  max mem: 11382
Test:  [390/391]  eta: 0:00:00  sploss: 5.0307 (5.1969)  famloss: 2.1349 (2.3120)  manuloss: 1.2265 (1.4862)  acc1: 21.0938 (19.7040)  acc5: 39.8438 (38.1010)  family_acc1: 57.0312 (52.7540)  manu_acc1: 75.0000 (67.8350)  time: 0.4225  data: 0.2459  max mem: 11382
Test: Total time: 0:02:49 (0.4345 s / it)
* Acc@1 19.704 Acc@5 38.101 family@1 52.754 manu@1 67.835 sploss 5.197 fmloss 2.312 mfloss 1.486
FPA: 14.135% | TICE: 57.542%   
 wAP: 24.064  |  LCA: 180.521   |   Precision and Recall: 37.573%
Accuracy of the network on the 100000 test images: 19.7%
Max accuracy: 20.00%
Do not use KL loss
Epoch: [66]  [  0/156]  eta: 0:16:36  lr: 0.000076  sp_loss: 3.9613 (3.9613)  fam_loss: 2.8631 (2.8631)  manu_loss: 2.1272 (2.1272)  ot_loss: 2.4590 (2.4590)  base_loss: 8.9516 (8.9516)  time: 6.3891  data: 6.1075  max mem: 11382
Epoch: [66]  [155/156]  eta: 0:00:00  lr: 0.000076  sp_loss: 4.1546 (4.2595)  fam_loss: 2.9742 (3.0713)  manu_loss: 2.2273 (2.2565)  ot_loss: 2.6152 (2.7322)  base_loss: 9.3561 (9.5873)  time: 0.3178  data: 0.0890  max mem: 11382
Epoch: [66] Total time: 0:01:07 (0.4314 s / it)
Averaged stats: lr: 0.000076  sp_loss: 4.1546 (4.2595)  fam_loss: 2.9742 (3.0713)  manu_loss: 2.2273 (2.2565)  ot_loss: 2.6152 (2.7322)  base_loss: 9.3561 (9.5873)
Test:  [  0/391]  eta: 0:43:16  sploss: 5.3177 (5.3177)  famloss: 2.2372 (2.2372)  manuloss: 1.3715 (1.3715)  acc1: 19.1406 (19.1406)  acc5: 34.3750 (34.3750)  family_acc1: 51.1719 (51.1719)  manu_acc1: 71.0938 (71.0938)  time: 6.6404  data: 6.3608  max mem: 11382
Test:  [250/391]  eta: 0:01:02  sploss: 5.0847 (5.2636)  famloss: 2.3410 (2.3914)  manuloss: 1.5599 (1.5514)  acc1: 21.4844 (19.3009)  acc5: 40.2344 (37.2697)  family_acc1: 50.7812 (51.5049)  manu_acc1: 64.8438 (66.3378)  time: 0.3490  data: 0.1130  max mem: 11382
Test:  [390/391]  eta: 0:00:00  sploss: 5.0450 (5.2130)  famloss: 2.1671 (2.3235)  manuloss: 1.2307 (1.4811)  acc1: 21.0938 (19.6880)  acc5: 39.4531 (37.9650)  family_acc1: 57.0312 (52.5950)  manu_acc1: 75.0000 (67.8890)  time: 0.4098  data: 0.2285  max mem: 11382
Test: Total time: 0:02:49 (0.4332 s / it)
* Acc@1 19.688 Acc@5 37.965 family@1 52.595 manu@1 67.889 sploss 5.213 fmloss 2.323 mfloss 1.481
FPA: 14.115% | TICE: 57.516%   
 wAP: 24.035  |  LCA: 181.076   |   Precision and Recall: 37.425%
Accuracy of the network on the 100000 test images: 19.7%
Max accuracy: 20.00%
Do not use KL loss
Epoch: [67]  [  0/156]  eta: 0:15:20  lr: 0.000072  sp_loss: 3.9869 (3.9869)  fam_loss: 2.8956 (2.8956)  manu_loss: 2.1127 (2.1127)  ot_loss: 2.5410 (2.5410)  base_loss: 8.9952 (8.9952)  time: 5.9028  data: 5.6299  max mem: 11382
Epoch: [67]  [155/156]  eta: 0:00:00  lr: 0.000072  sp_loss: 4.0254 (4.2098)  fam_loss: 2.9311 (3.0451)  manu_loss: 2.1345 (2.2334)  ot_loss: 2.5605 (2.7076)  base_loss: 9.2463 (9.4883)  time: 0.3156  data: 0.0833  max mem: 11382
Epoch: [67] Total time: 0:01:07 (0.4303 s / it)
Averaged stats: lr: 0.000072  sp_loss: 4.0254 (4.2098)  fam_loss: 2.9311 (3.0451)  manu_loss: 2.1345 (2.2334)  ot_loss: 2.5605 (2.7076)  base_loss: 9.2463 (9.4883)
Test:  [  0/391]  eta: 0:40:11  sploss: 5.2600 (5.2600)  famloss: 2.1396 (2.1396)  manuloss: 1.3235 (1.3235)  acc1: 18.7500 (18.7500)  acc5: 33.9844 (33.9844)  family_acc1: 53.9062 (53.9062)  manu_acc1: 69.5312 (69.5312)  time: 6.1670  data: 5.8983  max mem: 11382
Test:  [250/391]  eta: 0:01:01  sploss: 5.0451 (5.2134)  famloss: 2.2649 (2.3038)  manuloss: 1.5202 (1.5035)  acc1: 21.0938 (19.5406)  acc5: 39.4531 (37.5809)  family_acc1: 51.1719 (52.2613)  manu_acc1: 64.4531 (66.5136)  time: 0.3107  data: 0.1142  max mem: 11382
Test:  [390/391]  eta: 0:00:00  sploss: 4.9865 (5.1594)  famloss: 2.0693 (2.2365)  manuloss: 1.1844 (1.4317)  acc1: 20.7031 (19.9820)  acc5: 39.8438 (38.2650)  family_acc1: 55.4688 (53.3380)  manu_acc1: 74.6094 (68.1310)  time: 0.4012  data: 0.2199  max mem: 11382
Test: Total time: 0:02:46 (0.4269 s / it)
* Acc@1 19.982 Acc@5 38.265 family@1 53.338 manu@1 68.131 sploss 5.159 fmloss 2.236 mfloss 1.432
FPA: 14.518% | TICE: 57.023%   
 wAP: 24.372  |  LCA: 179.865   |   Precision and Recall: 37.799%
Accuracy of the network on the 100000 test images: 20.0%
Max accuracy: 20.00%
Do not use KL loss
Epoch: [68]  [  0/156]  eta: 0:17:01  lr: 0.000069  sp_loss: 5.0050 (5.0050)  fam_loss: 3.5296 (3.5296)  manu_loss: 2.4983 (2.4983)  ot_loss: 3.2676 (3.2676)  base_loss: 11.0329 (11.0329)  time: 6.5481  data: 6.2706  max mem: 11382
Epoch: [68]  [155/156]  eta: 0:00:00  lr: 0.000069  sp_loss: 4.2237 (4.3342)  fam_loss: 3.0181 (3.1204)  manu_loss: 2.2458 (2.2889)  ot_loss: 2.6543 (2.7554)  base_loss: 9.3560 (9.7435)  time: 0.3298  data: 0.0978  max mem: 11382
Epoch: [68] Total time: 0:01:07 (0.4358 s / it)
Averaged stats: lr: 0.000069  sp_loss: 4.2237 (4.3342)  fam_loss: 3.0181 (3.1204)  manu_loss: 2.2458 (2.2889)  ot_loss: 2.6543 (2.7554)  base_loss: 9.3560 (9.7435)
Test:  [  0/391]  eta: 0:42:59  sploss: 5.3461 (5.3461)  famloss: 2.2014 (2.2014)  manuloss: 1.3111 (1.3111)  acc1: 18.3594 (18.3594)  acc5: 35.1562 (35.1562)  family_acc1: 52.7344 (52.7344)  manu_acc1: 69.1406 (69.1406)  time: 6.5970  data: 6.3411  max mem: 11382
Test:  [250/391]  eta: 0:01:01  sploss: 5.1014 (5.2958)  famloss: 2.3370 (2.3859)  manuloss: 1.5630 (1.5413)  acc1: 20.7031 (19.1951)  acc5: 38.6719 (37.0596)  family_acc1: 51.5625 (51.6061)  manu_acc1: 64.4531 (66.2864)  time: 0.3253  data: 0.1156  max mem: 11382
Test:  [390/391]  eta: 0:00:00  sploss: 5.0923 (5.2467)  famloss: 2.1443 (2.3188)  manuloss: 1.1956 (1.4719)  acc1: 20.3125 (19.5190)  acc5: 40.2344 (37.7440)  family_acc1: 56.6406 (52.6550)  manu_acc1: 73.8281 (67.7750)  time: 0.4333  data: 0.2548  max mem: 11382
Test: Total time: 0:02:48 (0.4303 s / it)
* Acc@1 19.519 Acc@5 37.744 family@1 52.655 manu@1 67.775 sploss 5.247 fmloss 2.319 mfloss 1.472
FPA: 14.149% | TICE: 57.787%   
 wAP: 23.890  |  LCA: 181.843   |   Precision and Recall: 37.195%
Accuracy of the network on the 100000 test images: 19.5%
Max accuracy: 20.00%
Do not use KL loss
Epoch: [69]  [  0/156]  eta: 0:16:17  lr: 0.000066  sp_loss: 3.5958 (3.5958)  fam_loss: 2.5734 (2.5734)  manu_loss: 1.9787 (1.9787)  ot_loss: 2.3223 (2.3223)  base_loss: 8.1478 (8.1478)  time: 6.2656  data: 5.9735  max mem: 11382
Epoch: [69]  [155/156]  eta: 0:00:00  lr: 0.000066  sp_loss: 4.5052 (4.2533)  fam_loss: 3.1644 (3.0686)  manu_loss: 2.3364 (2.2449)  ot_loss: 2.8340 (2.7288)  base_loss: 9.9723 (9.5669)  time: 0.3185  data: 0.0862  max mem: 11382
Epoch: [69] Total time: 0:01:06 (0.4245 s / it)
Averaged stats: lr: 0.000066  sp_loss: 4.5052 (4.2533)  fam_loss: 3.1644 (3.0686)  manu_loss: 2.3364 (2.2449)  ot_loss: 2.8340 (2.7288)  base_loss: 9.9723 (9.5669)
Test:  [  0/391]  eta: 0:39:01  sploss: 5.2107 (5.2107)  famloss: 2.1150 (2.1150)  manuloss: 1.2620 (1.2620)  acc1: 19.1406 (19.1406)  acc5: 37.1094 (37.1094)  family_acc1: 53.5156 (53.5156)  manu_acc1: 71.0938 (71.0938)  time: 5.9873  data: 5.7328  max mem: 11382
Test:  [250/391]  eta: 0:01:03  sploss: 5.0190 (5.1880)  famloss: 2.2727 (2.3113)  manuloss: 1.5455 (1.5109)  acc1: 21.0938 (19.8301)  acc5: 39.4531 (37.9716)  family_acc1: 52.3438 (52.1679)  manu_acc1: 65.6250 (66.6148)  time: 0.3510  data: 0.1246  max mem: 11382
Test:  [390/391]  eta: 0:00:00  sploss: 4.9420 (5.1337)  famloss: 2.0574 (2.2424)  manuloss: 1.1541 (1.4390)  acc1: 21.4844 (20.2230)  acc5: 41.4062 (38.6410)  family_acc1: 57.8125 (53.3020)  manu_acc1: 75.0000 (68.1430)  time: 0.4251  data: 0.2413  max mem: 11382
Test: Total time: 0:02:50 (0.4364 s / it)
* Acc@1 20.223 Acc@5 38.641 family@1 53.302 manu@1 68.143 sploss 5.134 fmloss 2.242 mfloss 1.439
FPA: 14.707% | TICE: 56.561%   
 wAP: 24.580  |  LCA: 179.115   |   Precision and Recall: 38.058%
Accuracy of the network on the 100000 test images: 20.2%
Max accuracy: 20.22%
Do not use KL loss
Epoch: [70]  [  0/156]  eta: 0:15:51  lr: 0.000063  sp_loss: 3.1846 (3.1846)  fam_loss: 2.3847 (2.3847)  manu_loss: 1.7367 (1.7367)  ot_loss: 2.1426 (2.1426)  base_loss: 7.3059 (7.3059)  time: 6.0971  data: 5.8196  max mem: 11382
Epoch: [70]  [155/156]  eta: 0:00:00  lr: 0.000063  sp_loss: 4.7015 (4.3315)  fam_loss: 3.3631 (3.1186)  manu_loss: 2.4810 (2.2928)  ot_loss: 2.8340 (2.7544)  base_loss: 10.5590 (9.7429)  time: 0.3264  data: 0.0983  max mem: 11382
Epoch: [70] Total time: 0:01:07 (0.4302 s / it)
Averaged stats: lr: 0.000063  sp_loss: 4.7015 (4.3315)  fam_loss: 3.3631 (3.1186)  manu_loss: 2.4810 (2.2928)  ot_loss: 2.8340 (2.7544)  base_loss: 10.5590 (9.7429)
Test:  [  0/391]  eta: 0:41:10  sploss: 5.3120 (5.3120)  famloss: 2.2026 (2.2026)  manuloss: 1.3172 (1.3172)  acc1: 19.5312 (19.5312)  acc5: 36.7188 (36.7188)  family_acc1: 53.1250 (53.1250)  manu_acc1: 71.4844 (71.4844)  time: 6.3181  data: 6.0743  max mem: 11382
Test:  [250/391]  eta: 0:01:01  sploss: 5.0958 (5.2769)  famloss: 2.3267 (2.3761)  manuloss: 1.5338 (1.5368)  acc1: 21.4844 (19.3741)  acc5: 39.8438 (37.2121)  family_acc1: 51.1719 (51.8131)  manu_acc1: 65.6250 (66.5074)  time: 0.3310  data: 0.1229  max mem: 11382
Test:  [390/391]  eta: 0:00:00  sploss: 5.0281 (5.2268)  famloss: 2.1256 (2.3112)  manuloss: 1.1914 (1.4691)  acc1: 21.0938 (19.7410)  acc5: 40.6250 (37.9000)  family_acc1: 56.2500 (52.9010)  manu_acc1: 73.8281 (68.0180)  time: 0.4087  data: 0.2328  max mem: 11382
Test: Total time: 0:02:48 (0.4322 s / it)
* Acc@1 19.741 Acc@5 37.900 family@1 52.901 manu@1 68.018 sploss 5.227 fmloss 2.311 mfloss 1.469
FPA: 14.336% | TICE: 57.310%   
 wAP: 24.115  |  LCA: 181.139   |   Precision and Recall: 37.377%
Accuracy of the network on the 100000 test images: 19.7%
Max accuracy: 20.22%
Do not use KL loss
Epoch: [71]  [  0/156]  eta: 0:16:05  lr: 0.000059  sp_loss: 4.8574 (4.8574)  fam_loss: 3.5590 (3.5590)  manu_loss: 2.6091 (2.6091)  ot_loss: 3.1270 (3.1270)  base_loss: 11.0254 (11.0254)  time: 6.1873  data: 5.9004  max mem: 11382
Epoch: [71]  [155/156]  eta: 0:00:00  lr: 0.000059  sp_loss: 4.8220 (4.2612)  fam_loss: 3.2944 (3.0823)  manu_loss: 2.5278 (2.2589)  ot_loss: 2.8613 (2.7362)  base_loss: 10.6443 (9.6023)  time: 0.3171  data: 0.0909  max mem: 11382
Epoch: [71] Total time: 0:01:07 (0.4315 s / it)
Averaged stats: lr: 0.000059  sp_loss: 4.8220 (4.2612)  fam_loss: 3.2944 (3.0823)  manu_loss: 2.5278 (2.2589)  ot_loss: 2.8613 (2.7362)  base_loss: 10.6443 (9.6023)
Test:  [  0/391]  eta: 0:44:08  sploss: 5.4036 (5.4036)  famloss: 2.3003 (2.3003)  manuloss: 1.3877 (1.3877)  acc1: 17.9688 (17.9688)  acc5: 35.9375 (35.9375)  family_acc1: 51.9531 (51.9531)  manu_acc1: 69.9219 (69.9219)  time: 6.7746  data: 6.4979  max mem: 11382
Test:  [250/391]  eta: 0:01:01  sploss: 5.1957 (5.3511)  famloss: 2.4184 (2.4763)  manuloss: 1.5908 (1.6028)  acc1: 21.0938 (19.0628)  acc5: 39.4531 (36.7514)  family_acc1: 51.9531 (51.3197)  manu_acc1: 67.1875 (66.1028)  time: 0.3447  data: 0.1246  max mem: 11382
Test:  [390/391]  eta: 0:00:00  sploss: 5.1463 (5.3040)  famloss: 2.2353 (2.4072)  manuloss: 1.2724 (1.5310)  acc1: 20.3125 (19.3370)  acc5: 39.0625 (37.3510)  family_acc1: 55.4688 (52.4130)  manu_acc1: 76.1719 (67.6940)  time: 0.3908  data: 0.2118  max mem: 11382
Test: Total time: 0:02:47 (0.4291 s / it)
* Acc@1 19.337 Acc@5 37.351 family@1 52.413 manu@1 67.694 sploss 5.304 fmloss 2.407 mfloss 1.531
FPA: 13.853% | TICE: 58.503%   
 wAP: 23.704  |  LCA: 182.576   |   Precision and Recall: 36.917%
Accuracy of the network on the 100000 test images: 19.3%
Max accuracy: 20.22%
Do not use KL loss
Epoch: [72]  [  0/156]  eta: 0:17:10  lr: 0.000056  sp_loss: 4.8043 (4.8043)  fam_loss: 3.2532 (3.2532)  manu_loss: 2.3110 (2.3110)  ot_loss: 3.0449 (3.0449)  base_loss: 10.3685 (10.3685)  time: 6.6029  data: 6.3366  max mem: 11382
Epoch: [72]  [155/156]  eta: 0:00:00  lr: 0.000056  sp_loss: 4.4839 (4.2652)  fam_loss: 3.1877 (3.0716)  manu_loss: 2.3425 (2.2445)  ot_loss: 2.7617 (2.7283)  base_loss: 10.0587 (9.5814)  time: 0.3137  data: 0.0826  max mem: 11382
Epoch: [72] Total time: 0:01:07 (0.4319 s / it)
Averaged stats: lr: 0.000056  sp_loss: 4.4839 (4.2652)  fam_loss: 3.1877 (3.0716)  manu_loss: 2.3425 (2.2445)  ot_loss: 2.7617 (2.7283)  base_loss: 10.0587 (9.5814)
Test:  [  0/391]  eta: 0:43:25  sploss: 5.3211 (5.3211)  famloss: 2.1952 (2.1952)  manuloss: 1.3232 (1.3232)  acc1: 18.3594 (18.3594)  acc5: 35.9375 (35.9375)  family_acc1: 53.1250 (53.1250)  manu_acc1: 69.5312 (69.5312)  time: 6.6640  data: 6.3931  max mem: 11382
Test:  [250/391]  eta: 0:01:01  sploss: 5.0742 (5.2587)  famloss: 2.3148 (2.3712)  manuloss: 1.5518 (1.5391)  acc1: 21.4844 (19.6729)  acc5: 39.0625 (37.6727)  family_acc1: 51.5625 (52.0730)  manu_acc1: 66.0156 (66.5697)  time: 0.3515  data: 0.1405  max mem: 11382
Test:  [390/391]  eta: 0:00:00  sploss: 5.0514 (5.2084)  famloss: 2.1542 (2.3047)  manuloss: 1.2319 (1.4692)  acc1: 21.8750 (20.0580)  acc5: 39.4531 (38.3930)  family_acc1: 56.2500 (53.1660)  manu_acc1: 74.2188 (68.1300)  time: 0.4176  data: 0.2402  max mem: 11382
Test: Total time: 0:02:47 (0.4288 s / it)
* Acc@1 20.058 Acc@5 38.393 family@1 53.166 manu@1 68.130 sploss 5.208 fmloss 2.305 mfloss 1.469
FPA: 14.601% | TICE: 57.183%   
 wAP: 24.422  |  LCA: 180.004   |   Precision and Recall: 37.783%
Accuracy of the network on the 100000 test images: 20.1%
Max accuracy: 20.22%
Do not use KL loss
Epoch: [73]  [  0/156]  eta: 0:16:24  lr: 0.000054  sp_loss: 4.7245 (4.7245)  fam_loss: 3.1725 (3.1725)  manu_loss: 2.3133 (2.3133)  ot_loss: 2.9375 (2.9375)  base_loss: 10.2103 (10.2103)  time: 6.3081  data: 6.0203  max mem: 11382
Epoch: [73]  [155/156]  eta: 0:00:00  lr: 0.000054  sp_loss: 4.1626 (4.3685)  fam_loss: 3.0243 (3.1308)  manu_loss: 2.2323 (2.2954)  ot_loss: 2.5723 (2.7891)  base_loss: 9.5274 (9.7947)  time: 0.3134  data: 0.0830  max mem: 11382
Epoch: [73] Total time: 0:01:07 (0.4341 s / it)
Averaged stats: lr: 0.000054  sp_loss: 4.1626 (4.3685)  fam_loss: 3.0243 (3.1308)  manu_loss: 2.2323 (2.2954)  ot_loss: 2.5723 (2.7891)  base_loss: 9.5274 (9.7947)
Test:  [  0/391]  eta: 0:38:31  sploss: 5.3649 (5.3649)  famloss: 2.2284 (2.2284)  manuloss: 1.3573 (1.3573)  acc1: 17.9688 (17.9688)  acc5: 34.7656 (34.7656)  family_acc1: 50.7812 (50.7812)  manu_acc1: 70.3125 (70.3125)  time: 5.9113  data: 5.6925  max mem: 11382
Test:  [250/391]  eta: 0:01:01  sploss: 5.1365 (5.2990)  famloss: 2.3377 (2.3792)  manuloss: 1.5382 (1.5384)  acc1: 21.4844 (19.3227)  acc5: 39.0625 (37.2370)  family_acc1: 51.1719 (51.9796)  manu_acc1: 65.6250 (66.4685)  time: 0.3188  data: 0.1209  max mem: 11382
Test:  [390/391]  eta: 0:00:00  sploss: 5.0581 (5.2482)  famloss: 2.1457 (2.3118)  manuloss: 1.2159 (1.4674)  acc1: 21.8750 (19.7240)  acc5: 39.8438 (37.9110)  family_acc1: 56.6406 (53.0690)  manu_acc1: 75.0000 (68.0310)  time: 0.4108  data: 0.2299  max mem: 11382
Test: Total time: 0:02:47 (0.4273 s / it)
* Acc@1 19.724 Acc@5 37.911 family@1 53.069 manu@1 68.031 sploss 5.248 fmloss 2.312 mfloss 1.467
FPA: 14.381% | TICE: 57.352%   
 wAP: 24.116  |  LCA: 180.956   |   Precision and Recall: 37.443%
Accuracy of the network on the 100000 test images: 19.7%
Max accuracy: 20.22%
Do not use KL loss
Epoch: [74]  [  0/156]  eta: 0:16:10  lr: 0.000051  sp_loss: 5.4579 (5.4579)  fam_loss: 3.8604 (3.8604)  manu_loss: 2.6989 (2.6989)  ot_loss: 3.3574 (3.3574)  base_loss: 12.0171 (12.0171)  time: 6.2225  data: 5.9401  max mem: 11382
Epoch: [74]  [155/156]  eta: 0:00:00  lr: 0.000051  sp_loss: 4.2378 (4.1608)  fam_loss: 3.0288 (3.0100)  manu_loss: 2.2143 (2.2138)  ot_loss: 2.5586 (2.6763)  base_loss: 9.3351 (9.3846)  time: 0.3297  data: 0.1023  max mem: 11382
Epoch: [74] Total time: 0:01:06 (0.4275 s / it)
Averaged stats: lr: 0.000051  sp_loss: 4.2378 (4.1608)  fam_loss: 3.0288 (3.0100)  manu_loss: 2.2143 (2.2138)  ot_loss: 2.5586 (2.6763)  base_loss: 9.3351 (9.3846)
Test:  [  0/391]  eta: 0:41:26  sploss: 5.3136 (5.3136)  famloss: 2.1940 (2.1940)  manuloss: 1.3287 (1.3287)  acc1: 17.9688 (17.9688)  acc5: 35.5469 (35.5469)  family_acc1: 53.5156 (53.5156)  manu_acc1: 70.7031 (70.7031)  time: 6.3593  data: 6.1095  max mem: 11382
Test:  [250/391]  eta: 0:01:01  sploss: 5.0758 (5.2446)  famloss: 2.3350 (2.3747)  manuloss: 1.5297 (1.5354)  acc1: 22.6562 (19.7678)  acc5: 39.4531 (37.8159)  family_acc1: 51.1719 (52.4760)  manu_acc1: 65.6250 (66.9089)  time: 0.3199  data: 0.1152  max mem: 11382
Test:  [390/391]  eta: 0:00:00  sploss: 5.0091 (5.1937)  famloss: 2.1511 (2.3078)  manuloss: 1.2250 (1.4670)  acc1: 21.4844 (20.1590)  acc5: 40.6250 (38.5050)  family_acc1: 57.0312 (53.4620)  manu_acc1: 75.0000 (68.4290)  time: 0.4048  data: 0.2288  max mem: 11382
Test: Total time: 0:02:47 (0.4285 s / it)
* Acc@1 20.159 Acc@5 38.505 family@1 53.462 manu@1 68.429 sploss 5.194 fmloss 2.308 mfloss 1.467
FPA: 14.721% | TICE: 56.811%   
 wAP: 24.546  |  LCA: 179.428   |   Precision and Recall: 37.957%
Accuracy of the network on the 100000 test images: 20.2%
Max accuracy: 20.22%
Do not use KL loss
Epoch: [75]  [  0/156]  eta: 0:15:36  lr: 0.000048  sp_loss: 5.0456 (5.0456)  fam_loss: 3.5395 (3.5395)  manu_loss: 2.6097 (2.6097)  ot_loss: 3.2227 (3.2227)  base_loss: 11.1948 (11.1948)  time: 6.0002  data: 5.7129  max mem: 11382
Epoch: [75]  [155/156]  eta: 0:00:00  lr: 0.000048  sp_loss: 4.5695 (4.1767)  fam_loss: 3.2313 (3.0122)  manu_loss: 2.3683 (2.2094)  ot_loss: 2.8359 (2.6753)  base_loss: 10.1917 (9.3983)  time: 0.3186  data: 0.0918  max mem: 11382
Epoch: [75] Total time: 0:01:07 (0.4338 s / it)
Averaged stats: lr: 0.000048  sp_loss: 4.5695 (4.1767)  fam_loss: 3.2313 (3.0122)  manu_loss: 2.3683 (2.2094)  ot_loss: 2.8359 (2.6753)  base_loss: 10.1917 (9.3983)
Test:  [  0/391]  eta: 0:39:58  sploss: 5.3628 (5.3628)  famloss: 2.2746 (2.2746)  manuloss: 1.3843 (1.3843)  acc1: 18.3594 (18.3594)  acc5: 35.9375 (35.9375)  family_acc1: 51.9531 (51.9531)  manu_acc1: 71.4844 (71.4844)  time: 6.1332  data: 5.8799  max mem: 11382
Test:  [250/391]  eta: 0:01:01  sploss: 5.1367 (5.2964)  famloss: 2.3971 (2.4272)  manuloss: 1.5898 (1.5785)  acc1: 21.8750 (19.5188)  acc5: 39.0625 (37.5249)  family_acc1: 51.5625 (52.0667)  manu_acc1: 65.2344 (66.6864)  time: 0.3130  data: 0.1136  max mem: 11382
Test:  [390/391]  eta: 0:00:00  sploss: 5.0843 (5.2476)  famloss: 2.1992 (2.3617)  manuloss: 1.2708 (1.5098)  acc1: 21.8750 (19.9930)  acc5: 41.0156 (38.2100)  family_acc1: 57.8125 (53.1600)  manu_acc1: 74.2188 (68.1610)  time: 0.3953  data: 0.2199  max mem: 11382
Test: Total time: 0:02:47 (0.4292 s / it)
* Acc@1 19.993 Acc@5 38.210 family@1 53.160 manu@1 68.161 sploss 5.248 fmloss 2.362 mfloss 1.510
FPA: 14.450% | TICE: 57.392%   
 wAP: 24.365  |  LCA: 180.068   |   Precision and Recall: 37.756%
Accuracy of the network on the 100000 test images: 20.0%
Max accuracy: 20.22%
Do not use KL loss
Epoch: [76]  [  0/156]  eta: 0:16:35  lr: 0.000045  sp_loss: 2.8808 (2.8808)  fam_loss: 2.3210 (2.3210)  manu_loss: 1.7456 (1.7456)  ot_loss: 2.2148 (2.2148)  base_loss: 6.9473 (6.9473)  time: 6.3836  data: 6.1094  max mem: 11382
Epoch: [76]  [155/156]  eta: 0:00:00  lr: 0.000045  sp_loss: 4.9228 (4.1706)  fam_loss: 3.4291 (3.0082)  manu_loss: 2.4038 (2.1958)  ot_loss: 3.0605 (2.6833)  base_loss: 10.7233 (9.3747)  time: 0.3014  data: 0.0756  max mem: 11382
Epoch: [76] Total time: 0:01:07 (0.4344 s / it)
Averaged stats: lr: 0.000045  sp_loss: 4.9228 (4.1706)  fam_loss: 3.4291 (3.0082)  manu_loss: 2.4038 (2.1958)  ot_loss: 3.0605 (2.6833)  base_loss: 10.7233 (9.3747)
Test:  [  0/391]  eta: 0:43:23  sploss: 5.2889 (5.2889)  famloss: 2.1643 (2.1643)  manuloss: 1.3205 (1.3205)  acc1: 18.3594 (18.3594)  acc5: 36.3281 (36.3281)  family_acc1: 52.7344 (52.7344)  manu_acc1: 70.7031 (70.7031)  time: 6.6594  data: 6.4245  max mem: 11382
Test:  [250/391]  eta: 0:01:01  sploss: 5.0796 (5.2452)  famloss: 2.2702 (2.3341)  manuloss: 1.5259 (1.5164)  acc1: 21.0938 (19.8892)  acc5: 40.2344 (37.8828)  family_acc1: 51.1719 (52.3951)  manu_acc1: 67.1875 (66.9899)  time: 0.3393  data: 0.1331  max mem: 11382
Test:  [390/391]  eta: 0:00:00  sploss: 5.0080 (5.1964)  famloss: 2.0846 (2.2672)  manuloss: 1.1717 (1.4462)  acc1: 21.8750 (20.3090)  acc5: 40.2344 (38.4570)  family_acc1: 56.2500 (53.4200)  manu_acc1: 75.3906 (68.5000)  time: 0.4001  data: 0.2255  max mem: 11382
Test: Total time: 0:02:47 (0.4280 s / it)
* Acc@1 20.309 Acc@5 38.457 family@1 53.420 manu@1 68.500 sploss 5.196 fmloss 2.267 mfloss 1.446
FPA: 14.825% | TICE: 56.843%   
 wAP: 24.676  |  LCA: 179.021   |   Precision and Recall: 38.098%
Accuracy of the network on the 100000 test images: 20.3%
Max accuracy: 20.31%
Do not use KL loss
Epoch: [77]  [  0/156]  eta: 0:15:56  lr: 0.000043  sp_loss: 3.7115 (3.7115)  fam_loss: 2.7029 (2.7029)  manu_loss: 2.0028 (2.0028)  ot_loss: 2.3574 (2.3574)  base_loss: 8.4172 (8.4172)  time: 6.1312  data: 5.8488  max mem: 11382
Epoch: [77]  [155/156]  eta: 0:00:00  lr: 0.000043  sp_loss: 4.4039 (4.1053)  fam_loss: 3.1317 (2.9733)  manu_loss: 2.2583 (2.1852)  ot_loss: 2.7148 (2.6411)  base_loss: 9.8440 (9.2638)  time: 0.3461  data: 0.1153  max mem: 11382
Epoch: [77] Total time: 0:01:07 (0.4347 s / it)
Averaged stats: lr: 0.000043  sp_loss: 4.4039 (4.1053)  fam_loss: 3.1317 (2.9733)  manu_loss: 2.2583 (2.1852)  ot_loss: 2.7148 (2.6411)  base_loss: 9.8440 (9.2638)
Test:  [  0/391]  eta: 0:41:45  sploss: 5.3053 (5.3053)  famloss: 2.1751 (2.1751)  manuloss: 1.3125 (1.3125)  acc1: 18.7500 (18.7500)  acc5: 36.3281 (36.3281)  family_acc1: 53.9062 (53.9062)  manu_acc1: 69.9219 (69.9219)  time: 6.4067  data: 6.1245  max mem: 11382
Test:  [250/391]  eta: 0:01:02  sploss: 5.0496 (5.2410)  famloss: 2.3009 (2.3454)  manuloss: 1.5031 (1.5183)  acc1: 21.8750 (19.8690)  acc5: 39.4531 (37.9451)  family_acc1: 52.7344 (52.5367)  manu_acc1: 66.4062 (67.0319)  time: 0.4205  data: 0.2055  max mem: 11382
Test:  [390/391]  eta: 0:00:00  sploss: 5.0265 (5.1902)  famloss: 2.1042 (2.2776)  manuloss: 1.1677 (1.4478)  acc1: 21.8750 (20.3040)  acc5: 40.2344 (38.6010)  family_acc1: 57.4219 (53.6030)  manu_acc1: 75.0000 (68.5460)  time: 0.3984  data: 0.2227  max mem: 11382
Test: Total time: 0:02:48 (0.4314 s / it)
* Acc@1 20.304 Acc@5 38.601 family@1 53.603 manu@1 68.546 sploss 5.190 fmloss 2.278 mfloss 1.448
FPA: 14.856% | TICE: 56.776%   
 wAP: 24.690  |  LCA: 178.956   |   Precision and Recall: 38.101%
Accuracy of the network on the 100000 test images: 20.3%
Max accuracy: 20.31%
Do not use KL loss
Epoch: [78]  [  0/156]  eta: 0:15:08  lr: 0.000040  sp_loss: 4.7502 (4.7502)  fam_loss: 3.2831 (3.2831)  manu_loss: 2.3981 (2.3981)  ot_loss: 2.9941 (2.9941)  base_loss: 10.4314 (10.4314)  time: 5.8206  data: 5.5296  max mem: 11382
Epoch: [78]  [155/156]  eta: 0:00:00  lr: 0.000040  sp_loss: 4.2598 (4.1012)  fam_loss: 3.0197 (2.9792)  manu_loss: 2.2475 (2.1888)  ot_loss: 2.6621 (2.6367)  base_loss: 9.5585 (9.2692)  time: 0.3549  data: 0.1259  max mem: 11382
Epoch: [78] Total time: 0:01:07 (0.4354 s / it)
Averaged stats: lr: 0.000040  sp_loss: 4.2598 (4.1012)  fam_loss: 3.0197 (2.9792)  manu_loss: 2.2475 (2.1888)  ot_loss: 2.6621 (2.6367)  base_loss: 9.5585 (9.2692)
Test:  [  0/391]  eta: 0:40:46  sploss: 5.3242 (5.3242)  famloss: 2.2102 (2.2102)  manuloss: 1.3380 (1.3380)  acc1: 18.7500 (18.7500)  acc5: 35.1562 (35.1562)  family_acc1: 56.2500 (56.2500)  manu_acc1: 70.7031 (70.7031)  time: 6.2571  data: 5.9799  max mem: 11382
Test:  [250/391]  eta: 0:01:01  sploss: 5.0797 (5.2591)  famloss: 2.3036 (2.3532)  manuloss: 1.4959 (1.5180)  acc1: 22.6562 (19.9841)  acc5: 39.4531 (38.0509)  family_acc1: 51.9531 (52.7281)  manu_acc1: 66.0156 (67.1315)  time: 0.3182  data: 0.1119  max mem: 11382
Test:  [390/391]  eta: 0:00:00  sploss: 5.0272 (5.2087)  famloss: 2.1211 (2.2866)  manuloss: 1.1957 (1.4478)  acc1: 21.8750 (20.4280)  acc5: 40.6250 (38.6960)  family_acc1: 57.8125 (53.7740)  manu_acc1: 76.2500 (68.6950)  time: 0.4178  data: 0.2408  max mem: 11382
Test: Total time: 0:02:47 (0.4294 s / it)
* Acc@1 20.428 Acc@5 38.696 family@1 53.774 manu@1 68.695 sploss 5.209 fmloss 2.287 mfloss 1.448
FPA: 14.962% | TICE: 56.726%   
 wAP: 24.819  |  LCA: 178.517   |   Precision and Recall: 38.265%
Accuracy of the network on the 100000 test images: 20.4%
Max accuracy: 20.43%
Do not use KL loss
Epoch: [79]  [  0/156]  eta: 0:16:24  lr: 0.000038  sp_loss: 4.8541 (4.8541)  fam_loss: 3.4959 (3.4959)  manu_loss: 2.4345 (2.4345)  ot_loss: 3.0957 (3.0957)  base_loss: 10.7844 (10.7844)  time: 6.3126  data: 6.0402  max mem: 11382
Epoch: [79]  [155/156]  eta: 0:00:00  lr: 0.000038  sp_loss: 4.3378 (4.0021)  fam_loss: 3.0440 (2.9045)  manu_loss: 2.2673 (2.1333)  ot_loss: 2.6602 (2.5906)  base_loss: 9.6314 (9.0399)  time: 0.3189  data: 0.0890  max mem: 11382
Epoch: [79] Total time: 0:01:08 (0.4370 s / it)
Averaged stats: lr: 0.000038  sp_loss: 4.3378 (4.0021)  fam_loss: 3.0440 (2.9045)  manu_loss: 2.2673 (2.1333)  ot_loss: 2.6602 (2.5906)  base_loss: 9.6314 (9.0399)
Test:  [  0/391]  eta: 0:39:50  sploss: 5.3676 (5.3676)  famloss: 2.2098 (2.2098)  manuloss: 1.3572 (1.3572)  acc1: 17.5781 (17.5781)  acc5: 35.5469 (35.5469)  family_acc1: 54.2969 (54.2969)  manu_acc1: 69.9219 (69.9219)  time: 6.1138  data: 5.8362  max mem: 11382
Test:  [250/391]  eta: 0:01:01  sploss: 5.0954 (5.2761)  famloss: 2.3405 (2.3711)  manuloss: 1.5325 (1.5354)  acc1: 22.2656 (19.8409)  acc5: 39.8438 (37.9093)  family_acc1: 51.9531 (52.5554)  manu_acc1: 66.4062 (67.0972)  time: 0.3232  data: 0.1172  max mem: 11382
Test:  [390/391]  eta: 0:00:00  sploss: 5.0748 (5.2278)  famloss: 2.1278 (2.3044)  manuloss: 1.2155 (1.4659)  acc1: 21.8750 (20.2820)  acc5: 39.4531 (38.5730)  family_acc1: 57.0312 (53.5640)  manu_acc1: 75.3906 (68.5460)  time: 0.4122  data: 0.2367  max mem: 11382
Test: Total time: 0:02:47 (0.4281 s / it)
* Acc@1 20.282 Acc@5 38.573 family@1 53.564 manu@1 68.546 sploss 5.228 fmloss 2.304 mfloss 1.466
FPA: 14.905% | TICE: 57.034%   
 wAP: 24.667  |  LCA: 179.666   |   Precision and Recall: 37.890%
Accuracy of the network on the 100000 test images: 20.3%
Max accuracy: 20.43%
Do not use KL loss
Epoch: [80]  [  0/156]  eta: 0:15:33  lr: 0.000035  sp_loss: 3.5429 (3.5429)  fam_loss: 2.7422 (2.7422)  manu_loss: 1.9658 (1.9658)  ot_loss: 2.3027 (2.3027)  base_loss: 8.2509 (8.2509)  time: 5.9848  data: 5.7114  max mem: 11382
Epoch: [80]  [155/156]  eta: 0:00:00  lr: 0.000035  sp_loss: 4.3654 (4.2019)  fam_loss: 3.1219 (3.0384)  manu_loss: 2.3070 (2.2214)  ot_loss: 2.6738 (2.6744)  base_loss: 9.6102 (9.4618)  time: 0.3163  data: 0.0831  max mem: 11382
Epoch: [80] Total time: 0:01:14 (0.4754 s / it)
Averaged stats: lr: 0.000035  sp_loss: 4.3654 (4.2019)  fam_loss: 3.1219 (3.0384)  manu_loss: 2.3070 (2.2214)  ot_loss: 2.6738 (2.6744)  base_loss: 9.6102 (9.4618)
Test:  [  0/391]  eta: 0:40:22  sploss: 5.3122 (5.3122)  famloss: 2.1771 (2.1771)  manuloss: 1.3184 (1.3184)  acc1: 17.9688 (17.9688)  acc5: 37.1094 (37.1094)  family_acc1: 54.6875 (54.6875)  manu_acc1: 69.5312 (69.5312)  time: 6.1969  data: 5.9172  max mem: 11382
Test:  [250/391]  eta: 0:01:02  sploss: 5.0895 (5.2575)  famloss: 2.3125 (2.3566)  manuloss: 1.5303 (1.5279)  acc1: 21.8750 (20.0604)  acc5: 39.8438 (38.0789)  family_acc1: 52.7344 (52.8044)  manu_acc1: 66.0156 (67.0583)  time: 0.4112  data: 0.2050  max mem: 11382
Test:  [390/391]  eta: 0:00:00  sploss: 5.0408 (5.2070)  famloss: 2.1028 (2.2882)  manuloss: 1.2158 (1.4552)  acc1: 21.0938 (20.4610)  acc5: 40.6250 (38.7790)  family_acc1: 57.4219 (53.8500)  manu_acc1: 75.0000 (68.6140)  time: 0.4100  data: 0.2326  max mem: 11382
Test: Total time: 0:02:49 (0.4323 s / it)
* Acc@1 20.461 Acc@5 38.779 family@1 53.850 manu@1 68.614 sploss 5.207 fmloss 2.288 mfloss 1.455
FPA: 15.094% | TICE: 56.704%   
 wAP: 24.854  |  LCA: 178.704   |   Precision and Recall: 38.203%
Accuracy of the network on the 100000 test images: 20.5%
Max accuracy: 20.46%
Do not use KL loss
Epoch: [81]  [  0/156]  eta: 0:15:40  lr: 0.000033  sp_loss: 2.6233 (2.6233)  fam_loss: 2.0787 (2.0787)  manu_loss: 1.6327 (1.6327)  ot_loss: 1.9795 (1.9795)  base_loss: 6.3347 (6.3347)  time: 6.0282  data: 5.7423  max mem: 11382
Epoch: [81]  [155/156]  eta: 0:00:00  lr: 0.000033  sp_loss: 3.7261 (4.2178)  fam_loss: 2.6657 (3.0269)  manu_loss: 1.9708 (2.2226)  ot_loss: 2.2930 (2.6911)  base_loss: 8.3116 (9.4674)  time: 0.3270  data: 0.1009  max mem: 11382
Epoch: [81] Total time: 0:01:08 (0.4381 s / it)
Averaged stats: lr: 0.000033  sp_loss: 3.7261 (4.2178)  fam_loss: 2.6657 (3.0269)  manu_loss: 1.9708 (2.2226)  ot_loss: 2.2930 (2.6911)  base_loss: 8.3116 (9.4674)
Test:  [  0/391]  eta: 0:42:22  sploss: 5.3214 (5.3214)  famloss: 2.1548 (2.1548)  manuloss: 1.3138 (1.3138)  acc1: 18.3594 (18.3594)  acc5: 35.5469 (35.5469)  family_acc1: 53.9062 (53.9062)  manu_acc1: 70.3125 (70.3125)  time: 6.5038  data: 6.2636  max mem: 11382
Test:  [250/391]  eta: 0:01:01  sploss: 5.0584 (5.2405)  famloss: 2.2861 (2.3310)  manuloss: 1.5084 (1.5205)  acc1: 23.0469 (20.0822)  acc5: 38.6719 (38.1785)  family_acc1: 52.7344 (52.7795)  manu_acc1: 66.0156 (66.9401)  time: 0.3285  data: 0.1142  max mem: 11382
Test:  [390/391]  eta: 0:00:00  sploss: 5.0183 (5.1892)  famloss: 2.0812 (2.2621)  manuloss: 1.1797 (1.4471)  acc1: 21.0938 (20.5020)  acc5: 41.0156 (38.8640)  family_acc1: 57.4219 (53.7990)  manu_acc1: 75.3906 (68.5240)  time: 0.4017  data: 0.2263  max mem: 11382
Test: Total time: 0:02:50 (0.4373 s / it)
* Acc@1 20.502 Acc@5 38.864 family@1 53.799 manu@1 68.524 sploss 5.189 fmloss 2.262 mfloss 1.447
FPA: 15.147% | TICE: 56.504%   
 wAP: 24.883  |  LCA: 178.535   |   Precision and Recall: 38.265%
Accuracy of the network on the 100000 test images: 20.5%
Max accuracy: 20.50%
Do not use KL loss
Epoch: [82]  [  0/156]  eta: 0:16:41  lr: 0.000031  sp_loss: 2.8503 (2.8503)  fam_loss: 2.1842 (2.1842)  manu_loss: 1.6431 (1.6431)  ot_loss: 2.0293 (2.0293)  base_loss: 6.6776 (6.6776)  time: 6.4231  data: 6.1403  max mem: 11382
Epoch: [82]  [155/156]  eta: 0:00:00  lr: 0.000031  sp_loss: 4.0194 (4.2205)  fam_loss: 3.0222 (3.0345)  manu_loss: 2.2033 (2.2284)  ot_loss: 2.4551 (2.6951)  base_loss: 9.2835 (9.4833)  time: 0.3428  data: 0.1159  max mem: 11382
Epoch: [82] Total time: 0:01:07 (0.4345 s / it)
Averaged stats: lr: 0.000031  sp_loss: 4.0194 (4.2205)  fam_loss: 3.0222 (3.0345)  manu_loss: 2.2033 (2.2284)  ot_loss: 2.4551 (2.6951)  base_loss: 9.2835 (9.4833)
Test:  [  0/391]  eta: 0:39:13  sploss: 5.3669 (5.3669)  famloss: 2.2290 (2.2290)  manuloss: 1.3451 (1.3451)  acc1: 17.5781 (17.5781)  acc5: 36.7188 (36.7188)  family_acc1: 54.6875 (54.6875)  manu_acc1: 69.5312 (69.5312)  time: 6.0199  data: 5.7675  max mem: 11382
Test:  [250/391]  eta: 0:01:01  sploss: 5.1131 (5.2840)  famloss: 2.3404 (2.3967)  manuloss: 1.5443 (1.5489)  acc1: 21.8750 (19.8285)  acc5: 39.4531 (37.8113)  family_acc1: 52.7344 (52.4714)  manu_acc1: 66.0156 (67.0007)  time: 0.3320  data: 0.0947  max mem: 11382
Test:  [390/391]  eta: 0:00:00  sploss: 5.0614 (5.2363)  famloss: 2.1547 (2.3317)  manuloss: 1.2389 (1.4804)  acc1: 20.7031 (20.2580)  acc5: 40.2344 (38.5380)  family_acc1: 56.2500 (53.4440)  manu_acc1: 75.3906 (68.5020)  time: 0.4269  data: 0.2376  max mem: 11382
Test: Total time: 0:02:48 (0.4318 s / it)
* Acc@1 20.258 Acc@5 38.538 family@1 53.444 manu@1 68.502 sploss 5.236 fmloss 2.332 mfloss 1.480
FPA: 14.834% | TICE: 56.847%   
 wAP: 24.633  |  LCA: 179.343   |   Precision and Recall: 37.976%
Accuracy of the network on the 100000 test images: 20.3%
Max accuracy: 20.50%
Do not use KL loss
Epoch: [83]  [  0/156]  eta: 0:15:42  lr: 0.000029  sp_loss: 2.3006 (2.3006)  fam_loss: 1.8431 (1.8431)  manu_loss: 1.3586 (1.3586)  ot_loss: 1.9590 (1.9590)  base_loss: 5.5024 (5.5024)  time: 6.0396  data: 5.7594  max mem: 11382
Epoch: [83]  [155/156]  eta: 0:00:00  lr: 0.000029  sp_loss: 4.8070 (4.1674)  fam_loss: 3.2763 (3.0038)  manu_loss: 2.4813 (2.2154)  ot_loss: 2.8906 (2.6634)  base_loss: 10.4448 (9.3866)  time: 0.3364  data: 0.1073  max mem: 11382
Epoch: [83] Total time: 0:01:07 (0.4297 s / it)
Averaged stats: lr: 0.000029  sp_loss: 4.8070 (4.1674)  fam_loss: 3.2763 (3.0038)  manu_loss: 2.4813 (2.2154)  ot_loss: 2.8906 (2.6634)  base_loss: 10.4448 (9.3866)
Test:  [  0/391]  eta: 0:40:44  sploss: 5.3799 (5.3799)  famloss: 2.3296 (2.3296)  manuloss: 1.4405 (1.4405)  acc1: 18.3594 (18.3594)  acc5: 36.3281 (36.3281)  family_acc1: 51.9531 (51.9531)  manu_acc1: 69.1406 (69.1406)  time: 6.2513  data: 6.0338  max mem: 11382
Test:  [250/391]  eta: 0:01:02  sploss: 5.1290 (5.3043)  famloss: 2.4315 (2.4571)  manuloss: 1.6020 (1.5999)  acc1: 21.8750 (19.5095)  acc5: 38.6719 (37.4051)  family_acc1: 51.9531 (52.0356)  manu_acc1: 66.0156 (66.8015)  time: 0.3122  data: 0.1140  max mem: 11382
Test:  [390/391]  eta: 0:00:00  sploss: 5.0819 (5.2553)  famloss: 2.2277 (2.3903)  manuloss: 1.3095 (1.5305)  acc1: 21.8750 (19.9470)  acc5: 40.2344 (38.0730)  family_acc1: 57.4219 (53.1130)  manu_acc1: 75.7812 (68.3230)  time: 0.4315  data: 0.2540  max mem: 11382
Test: Total time: 0:02:48 (0.4310 s / it)
* Acc@1 19.947 Acc@5 38.073 family@1 53.113 manu@1 68.323 sploss 5.255 fmloss 2.390 mfloss 1.530
FPA: 14.435% | TICE: 57.428%   
 wAP: 24.324  |  LCA: 180.167   |   Precision and Recall: 37.717%
Accuracy of the network on the 100000 test images: 19.9%
Max accuracy: 20.50%
Do not use KL loss
Epoch: [84]  [  0/156]  eta: 0:15:45  lr: 0.000027  sp_loss: 5.4325 (5.4325)  fam_loss: 3.8270 (3.8270)  manu_loss: 2.7881 (2.7881)  ot_loss: 3.2598 (3.2598)  base_loss: 12.0475 (12.0475)  time: 6.0615  data: 5.7836  max mem: 11382
Epoch: [84]  [155/156]  eta: 0:00:00  lr: 0.000027  sp_loss: 3.8455 (4.1339)  fam_loss: 2.8921 (2.9852)  manu_loss: 2.0814 (2.1952)  ot_loss: 2.4082 (2.6381)  base_loss: 8.9889 (9.3143)  time: 0.3227  data: 0.0950  max mem: 11382
Epoch: [84] Total time: 0:01:08 (0.4371 s / it)
Averaged stats: lr: 0.000027  sp_loss: 3.8455 (4.1339)  fam_loss: 2.8921 (2.9852)  manu_loss: 2.0814 (2.1952)  ot_loss: 2.4082 (2.6381)  base_loss: 8.9889 (9.3143)
Test:  [  0/391]  eta: 0:45:35  sploss: 5.3578 (5.3578)  famloss: 2.2018 (2.2018)  manuloss: 1.3330 (1.3330)  acc1: 16.7969 (16.7969)  acc5: 37.1094 (37.1094)  family_acc1: 53.5156 (53.5156)  manu_acc1: 71.4844 (71.4844)  time: 6.9963  data: 6.7342  max mem: 11382
Test:  [250/391]  eta: 0:01:02  sploss: 5.1173 (5.2918)  famloss: 2.3434 (2.3929)  manuloss: 1.5417 (1.5498)  acc1: 22.6562 (19.9110)  acc5: 39.4531 (37.9124)  family_acc1: 52.7344 (52.4994)  manu_acc1: 66.0156 (66.8809)  time: 0.3376  data: 0.1206  max mem: 11382
Test:  [390/391]  eta: 0:00:00  sploss: 5.0850 (5.2430)  famloss: 2.1589 (2.3264)  manuloss: 1.2508 (1.4787)  acc1: 21.4844 (20.3150)  acc5: 39.8438 (38.5730)  family_acc1: 57.0312 (53.5960)  manu_acc1: 75.3906 (68.4610)  time: 0.4372  data: 0.2587  max mem: 11382
Test: Total time: 0:02:50 (0.4368 s / it)
* Acc@1 20.315 Acc@5 38.573 family@1 53.596 manu@1 68.461 sploss 5.243 fmloss 2.326 mfloss 1.479
FPA: 14.856% | TICE: 56.853%   
 wAP: 24.697  |  LCA: 179.286   |   Precision and Recall: 38.000%
Accuracy of the network on the 100000 test images: 20.3%
Max accuracy: 20.50%
Do not use KL loss
Epoch: [85]  [  0/156]  eta: 0:16:34  lr: 0.000025  sp_loss: 4.0801 (4.0801)  fam_loss: 2.8408 (2.8408)  manu_loss: 2.1585 (2.1585)  ot_loss: 2.4570 (2.4570)  base_loss: 9.0794 (9.0794)  time: 6.3723  data: 6.0855  max mem: 11382
Epoch: [85]  [155/156]  eta: 0:00:00  lr: 0.000025  sp_loss: 3.6326 (4.0220)  fam_loss: 2.7217 (2.9125)  manu_loss: 2.0388 (2.1456)  ot_loss: 2.3398 (2.5972)  base_loss: 8.4594 (9.0801)  time: 0.3305  data: 0.0968  max mem: 11382
Epoch: [85] Total time: 0:01:07 (0.4305 s / it)
Averaged stats: lr: 0.000025  sp_loss: 3.6326 (4.0220)  fam_loss: 2.7217 (2.9125)  manu_loss: 2.0388 (2.1456)  ot_loss: 2.3398 (2.5972)  base_loss: 8.4594 (9.0801)
Test:  [  0/391]  eta: 0:38:44  sploss: 5.3827 (5.3827)  famloss: 2.2275 (2.2275)  manuloss: 1.3569 (1.3569)  acc1: 18.3594 (18.3594)  acc5: 35.9375 (35.9375)  family_acc1: 54.6875 (54.6875)  manu_acc1: 70.3125 (70.3125)  time: 5.9444  data: 5.6721  max mem: 11382
Test:  [250/391]  eta: 0:01:02  sploss: 5.1532 (5.3161)  famloss: 2.3673 (2.4095)  manuloss: 1.5461 (1.5539)  acc1: 21.8750 (19.7087)  acc5: 39.0625 (37.6525)  family_acc1: 53.1250 (52.4247)  manu_acc1: 66.0156 (66.9727)  time: 0.3329  data: 0.1270  max mem: 11382
Test:  [390/391]  eta: 0:00:00  sploss: 5.1008 (5.2688)  famloss: 2.1715 (2.3438)  manuloss: 1.2433 (1.4849)  acc1: 22.2656 (20.1450)  acc5: 39.8438 (38.3090)  family_acc1: 56.6406 (53.4320)  manu_acc1: 74.2188 (68.5160)  time: 0.4304  data: 0.2523  max mem: 11382
Test: Total time: 0:02:50 (0.4352 s / it)
* Acc@1 20.145 Acc@5 38.309 family@1 53.432 manu@1 68.516 sploss 5.269 fmloss 2.344 mfloss 1.485
FPA: 14.784% | TICE: 57.097%   
 wAP: 24.533  |  LCA: 180.062   |   Precision and Recall: 37.766%
Accuracy of the network on the 100000 test images: 20.1%
Max accuracy: 20.50%
Do not use KL loss
Epoch: [86]  [  0/156]  eta: 0:17:16  lr: 0.000023  sp_loss: 4.7554 (4.7554)  fam_loss: 3.2455 (3.2455)  manu_loss: 2.3516 (2.3516)  ot_loss: 3.0332 (3.0332)  base_loss: 10.3525 (10.3525)  time: 6.6452  data: 6.3843  max mem: 11382
Epoch: [86]  [155/156]  eta: 0:00:00  lr: 0.000023  sp_loss: 3.9800 (4.0662)  fam_loss: 2.8942 (2.9403)  manu_loss: 2.1005 (2.1647)  ot_loss: 2.4043 (2.5980)  base_loss: 8.9747 (9.1712)  time: 0.3478  data: 0.1158  max mem: 11382
Epoch: [86] Total time: 0:01:07 (0.4313 s / it)
Averaged stats: lr: 0.000023  sp_loss: 3.9800 (4.0662)  fam_loss: 2.8942 (2.9403)  manu_loss: 2.1005 (2.1647)  ot_loss: 2.4043 (2.5980)  base_loss: 8.9747 (9.1712)
Test:  [  0/391]  eta: 0:40:30  sploss: 5.3285 (5.3285)  famloss: 2.1842 (2.1842)  manuloss: 1.3154 (1.3154)  acc1: 17.9688 (17.9688)  acc5: 35.9375 (35.9375)  family_acc1: 52.7344 (52.7344)  manu_acc1: 71.4844 (71.4844)  time: 6.2150  data: 5.9681  max mem: 11382
Test:  [250/391]  eta: 0:01:00  sploss: 5.0792 (5.2566)  famloss: 2.3257 (2.3570)  manuloss: 1.5053 (1.5201)  acc1: 23.0469 (20.0339)  acc5: 39.0625 (38.1038)  family_acc1: 52.3438 (52.8246)  manu_acc1: 66.7969 (67.2389)  time: 0.3354  data: 0.1322  max mem: 11382
Test:  [390/391]  eta: 0:00:00  sploss: 5.0405 (5.2064)  famloss: 2.1089 (2.2901)  manuloss: 1.1986 (1.4494)  acc1: 21.8750 (20.4570)  acc5: 40.6250 (38.8110)  family_acc1: 57.0312 (53.8690)  manu_acc1: 74.3750 (68.7400)  time: 0.4160  data: 0.2398  max mem: 11382
Test: Total time: 0:02:44 (0.4208 s / it)
* Acc@1 20.457 Acc@5 38.811 family@1 53.869 manu@1 68.740 sploss 5.206 fmloss 2.290 mfloss 1.449
FPA: 15.076% | TICE: 56.582%   
 wAP: 24.855  |  LCA: 178.671   |   Precision and Recall: 38.209%
Accuracy of the network on the 100000 test images: 20.5%
Max accuracy: 20.50%
Do not use KL loss
Epoch: [87]  [  0/156]  eta: 0:17:18  lr: 0.000021  sp_loss: 5.1920 (5.1920)  fam_loss: 3.6875 (3.6875)  manu_loss: 2.7960 (2.7960)  ot_loss: 3.1504 (3.1504)  base_loss: 11.6754 (11.6754)  time: 6.6579  data: 6.4011  max mem: 11382
Epoch: [87]  [155/156]  eta: 0:00:00  lr: 0.000021  sp_loss: 4.3623 (4.0145)  fam_loss: 2.9756 (2.8952)  manu_loss: 2.1980 (2.1316)  ot_loss: 2.5859 (2.5638)  base_loss: 9.4797 (9.0412)  time: 0.3167  data: 0.0915  max mem: 11382
Epoch: [87] Total time: 0:01:10 (0.4511 s / it)
Averaged stats: lr: 0.000021  sp_loss: 4.3623 (4.0145)  fam_loss: 2.9756 (2.8952)  manu_loss: 2.1980 (2.1316)  ot_loss: 2.5859 (2.5638)  base_loss: 9.4797 (9.0412)
Test:  [  0/391]  eta: 0:39:44  sploss: 5.3355 (5.3355)  famloss: 2.1720 (2.1720)  manuloss: 1.3258 (1.3258)  acc1: 18.3594 (18.3594)  acc5: 36.7188 (36.7188)  family_acc1: 55.0781 (55.0781)  manu_acc1: 70.7031 (70.7031)  time: 6.0989  data: 5.8281  max mem: 11382
Test:  [250/391]  eta: 0:01:01  sploss: 5.0972 (5.2726)  famloss: 2.3276 (2.3513)  manuloss: 1.5133 (1.5177)  acc1: 23.0469 (20.0915)  acc5: 39.0625 (38.2610)  family_acc1: 53.1250 (52.9663)  manu_acc1: 66.7969 (67.2326)  time: 0.3286  data: 0.1234  max mem: 11382
Test:  [390/391]  eta: 0:00:00  sploss: 5.0635 (5.2229)  famloss: 2.1046 (2.2845)  manuloss: 1.1781 (1.4465)  acc1: 21.0938 (20.4840)  acc5: 41.0156 (38.9310)  family_acc1: 57.0312 (53.9480)  manu_acc1: 75.0000 (68.7680)  time: 0.3681  data: 0.1896  max mem: 11382
Test: Total time: 0:02:48 (0.4312 s / it)
* Acc@1 20.484 Acc@5 38.931 family@1 53.948 manu@1 68.768 sploss 5.223 fmloss 2.285 mfloss 1.447
FPA: 15.093% | TICE: 56.585%   
 wAP: 24.887  |  LCA: 178.645   |   Precision and Recall: 38.240%
Accuracy of the network on the 100000 test images: 20.5%
Max accuracy: 20.50%
Do not use KL loss
Epoch: [88]  [  0/156]  eta: 0:15:25  lr: 0.000020  sp_loss: 4.3943 (4.3943)  fam_loss: 3.1444 (3.1444)  manu_loss: 2.2920 (2.2920)  ot_loss: 2.8711 (2.8711)  base_loss: 9.8306 (9.8306)  time: 5.9318  data: 5.6566  max mem: 11382
Epoch: [88]  [155/156]  eta: 0:00:00  lr: 0.000020  sp_loss: 4.2478 (4.1350)  fam_loss: 3.0042 (2.9820)  manu_loss: 2.1926 (2.1941)  ot_loss: 2.5879 (2.6262)  base_loss: 9.4472 (9.3111)  time: 0.3106  data: 0.0800  max mem: 11382
Epoch: [88] Total time: 0:01:08 (0.4396 s / it)
Averaged stats: lr: 0.000020  sp_loss: 4.2478 (4.1350)  fam_loss: 3.0042 (2.9820)  manu_loss: 2.1926 (2.1941)  ot_loss: 2.5879 (2.6262)  base_loss: 9.4472 (9.3111)
Test:  [  0/391]  eta: 0:43:16  sploss: 5.3608 (5.3608)  famloss: 2.2125 (2.2125)  manuloss: 1.3584 (1.3584)  acc1: 19.5312 (19.5312)  acc5: 36.7188 (36.7188)  family_acc1: 53.9062 (53.9062)  manu_acc1: 70.3125 (70.3125)  time: 6.6410  data: 6.3897  max mem: 11382
Test:  [250/391]  eta: 0:01:01  sploss: 5.1315 (5.2969)  famloss: 2.3720 (2.4011)  manuloss: 1.5483 (1.5502)  acc1: 21.4844 (19.8721)  acc5: 39.4531 (37.9171)  family_acc1: 51.9531 (52.6924)  manu_acc1: 66.7969 (67.0646)  time: 0.3257  data: 0.1171  max mem: 11382
Test:  [390/391]  eta: 0:00:00  sploss: 5.0786 (5.2496)  famloss: 2.1628 (2.3359)  manuloss: 1.2525 (1.4815)  acc1: 21.4844 (20.2680)  acc5: 40.2344 (38.6030)  family_acc1: 56.2500 (53.6590)  manu_acc1: 74.6094 (68.5340)  time: 0.3769  data: 0.1942  max mem: 11382
Test: Total time: 0:02:46 (0.4269 s / it)
* Acc@1 20.268 Acc@5 38.603 family@1 53.659 manu@1 68.534 sploss 5.250 fmloss 2.336 mfloss 1.482
FPA: 14.854% | TICE: 56.933%   
 wAP: 24.664  |  LCA: 179.424   |   Precision and Recall: 37.971%
Accuracy of the network on the 100000 test images: 20.3%
Max accuracy: 20.50%
Do not use KL loss
Epoch: [89]  [  0/156]  eta: 0:15:20  lr: 0.000018  sp_loss: 2.6138 (2.6138)  fam_loss: 1.9641 (1.9641)  manu_loss: 1.5739 (1.5739)  ot_loss: 1.9395 (1.9395)  base_loss: 6.1518 (6.1518)  time: 5.9002  data: 5.6183  max mem: 11382
Epoch: [89]  [155/156]  eta: 0:00:00  lr: 0.000018  sp_loss: 4.1447 (4.1168)  fam_loss: 3.0695 (2.9695)  manu_loss: 2.2303 (2.1783)  ot_loss: 2.4629 (2.6316)  base_loss: 9.5822 (9.2646)  time: 0.3122  data: 0.0805  max mem: 11382
Epoch: [89] Total time: 0:01:07 (0.4352 s / it)
Averaged stats: lr: 0.000018  sp_loss: 4.1447 (4.1168)  fam_loss: 3.0695 (2.9695)  manu_loss: 2.2303 (2.1783)  ot_loss: 2.4629 (2.6316)  base_loss: 9.5822 (9.2646)
Test:  [  0/391]  eta: 0:42:02  sploss: 5.3584 (5.3584)  famloss: 2.1926 (2.1926)  manuloss: 1.3242 (1.3242)  acc1: 18.3594 (18.3594)  acc5: 36.3281 (36.3281)  family_acc1: 53.9062 (53.9062)  manu_acc1: 71.8750 (71.8750)  time: 6.4502  data: 6.1735  max mem: 11382
Test:  [250/391]  eta: 0:01:01  sploss: 5.1141 (5.2875)  famloss: 2.3679 (2.3928)  manuloss: 1.5555 (1.5463)  acc1: 22.2656 (19.9608)  acc5: 39.0625 (38.0307)  family_acc1: 51.9531 (52.7095)  manu_acc1: 66.0156 (67.2140)  time: 0.3290  data: 0.1261  max mem: 11382
Test:  [390/391]  eta: 0:00:00  sploss: 5.0740 (5.2392)  famloss: 2.1564 (2.3265)  manuloss: 1.2352 (1.4770)  acc1: 21.4844 (20.4040)  acc5: 40.2344 (38.6780)  family_acc1: 56.2500 (53.7570)  manu_acc1: 75.6250 (68.6720)  time: 0.4101  data: 0.2344  max mem: 11382
Test: Total time: 0:02:48 (0.4315 s / it)
* Acc@1 20.404 Acc@5 38.678 family@1 53.757 manu@1 68.672 sploss 5.239 fmloss 2.326 mfloss 1.477
FPA: 14.979% | TICE: 56.671%   
 wAP: 24.796  |  LCA: 178.893   |   Precision and Recall: 38.154%
Accuracy of the network on the 100000 test images: 20.4%
Max accuracy: 20.50%
Do not use KL loss
Epoch: [90]  [  0/156]  eta: 0:15:28  lr: 0.000017  sp_loss: 2.4275 (2.4275)  fam_loss: 1.9934 (1.9934)  manu_loss: 1.5607 (1.5607)  ot_loss: 1.9814 (1.9814)  base_loss: 5.9816 (5.9816)  time: 5.9528  data: 5.6758  max mem: 11382
Epoch: [90]  [155/156]  eta: 0:00:00  lr: 0.000017  sp_loss: 4.6432 (4.2072)  fam_loss: 3.3588 (3.0262)  manu_loss: 2.4010 (2.2244)  ot_loss: 2.8398 (2.6558)  base_loss: 10.4511 (9.4578)  time: 0.3391  data: 0.1064  max mem: 11382
Epoch: [90] Total time: 0:01:08 (0.4365 s / it)
Averaged stats: lr: 0.000017  sp_loss: 4.6432 (4.2072)  fam_loss: 3.3588 (3.0262)  manu_loss: 2.4010 (2.2244)  ot_loss: 2.8398 (2.6558)  base_loss: 10.4511 (9.4578)
Test:  [  0/391]  eta: 0:40:45  sploss: 5.3643 (5.3643)  famloss: 2.2323 (2.2323)  manuloss: 1.3584 (1.3584)  acc1: 18.7500 (18.7500)  acc5: 35.9375 (35.9375)  family_acc1: 56.2500 (56.2500)  manu_acc1: 72.2656 (72.2656)  time: 6.2542  data: 5.9943  max mem: 11382
Test:  [250/391]  eta: 0:01:01  sploss: 5.1388 (5.3017)  famloss: 2.4038 (2.4247)  manuloss: 1.5756 (1.5693)  acc1: 21.8750 (19.8285)  acc5: 39.8438 (37.8113)  family_acc1: 51.5625 (52.2877)  manu_acc1: 66.4062 (67.0459)  time: 0.3264  data: 0.1298  max mem: 11382
Test:  [390/391]  eta: 0:00:00  sploss: 5.0864 (5.2534)  famloss: 2.1833 (2.3581)  manuloss: 1.2674 (1.4990)  acc1: 21.4844 (20.3120)  acc5: 39.8438 (38.4780)  family_acc1: 56.6406 (53.3890)  manu_acc1: 76.1719 (68.5650)  time: 0.4207  data: 0.2339  max mem: 11382
Test: Total time: 0:02:49 (0.4328 s / it)
* Acc@1 20.312 Acc@5 38.478 family@1 53.389 manu@1 68.565 sploss 5.253 fmloss 2.358 mfloss 1.499
FPA: 14.800% | TICE: 57.115%   
 wAP: 24.677  |  LCA: 179.596   |   Precision and Recall: 37.936%
Accuracy of the network on the 100000 test images: 20.3%
Max accuracy: 20.50%
Do not use KL loss
Epoch: [91]  [  0/156]  eta: 0:15:56  lr: 0.000016  sp_loss: 4.6814 (4.6814)  fam_loss: 3.3674 (3.3674)  manu_loss: 2.3548 (2.3548)  ot_loss: 3.0723 (3.0723)  base_loss: 10.4036 (10.4036)  time: 6.1342  data: 5.8606  max mem: 11382
Epoch: [91]  [155/156]  eta: 0:00:00  lr: 0.000016  sp_loss: 4.1158 (4.0309)  fam_loss: 2.9261 (2.9106)  manu_loss: 2.1744 (2.1398)  ot_loss: 2.5957 (2.5736)  base_loss: 9.2026 (9.0813)  time: 0.3332  data: 0.1049  max mem: 11382
Epoch: [91] Total time: 0:01:09 (0.4428 s / it)
Averaged stats: lr: 0.000016  sp_loss: 4.1158 (4.0309)  fam_loss: 2.9261 (2.9106)  manu_loss: 2.1744 (2.1398)  ot_loss: 2.5957 (2.5736)  base_loss: 9.2026 (9.0813)
Test:  [  0/391]  eta: 0:40:21  sploss: 5.3061 (5.3061)  famloss: 2.1421 (2.1421)  manuloss: 1.2861 (1.2861)  acc1: 19.5312 (19.5312)  acc5: 35.9375 (35.9375)  family_acc1: 53.9062 (53.9062)  manu_acc1: 71.4844 (71.4844)  time: 6.1929  data: 5.9192  max mem: 11382
Test:  [250/391]  eta: 0:01:01  sploss: 5.0741 (5.2453)  famloss: 2.3028 (2.3384)  manuloss: 1.5101 (1.5153)  acc1: 22.6562 (20.1678)  acc5: 39.8438 (38.3404)  family_acc1: 52.7344 (52.9772)  manu_acc1: 66.7969 (67.3774)  time: 0.3488  data: 0.1369  max mem: 11382
Test:  [390/391]  eta: 0:00:00  sploss: 5.0352 (5.1962)  famloss: 2.1024 (2.2711)  manuloss: 1.1859 (1.4446)  acc1: 22.2656 (20.6430)  acc5: 41.0156 (39.0320)  family_acc1: 57.5000 (54.0120)  manu_acc1: 75.3906 (68.8910)  time: 0.3999  data: 0.2250  max mem: 11382
Test: Total time: 0:02:48 (0.4298 s / it)
* Acc@1 20.643 Acc@5 39.032 family@1 54.012 manu@1 68.891 sploss 5.196 fmloss 2.271 mfloss 1.445
FPA: 15.269% | TICE: 56.376%   
 wAP: 25.036  |  LCA: 178.165   |   Precision and Recall: 38.405%
Accuracy of the network on the 100000 test images: 20.6%
Max accuracy: 20.64%
Do not use KL loss
Epoch: [92]  [  0/156]  eta: 0:17:13  lr: 0.000015  sp_loss: 4.0551 (4.0551)  fam_loss: 2.8789 (2.8789)  manu_loss: 2.1502 (2.1502)  ot_loss: 2.3496 (2.3496)  base_loss: 9.0843 (9.0843)  time: 6.6230  data: 6.3421  max mem: 11382
Epoch: [92]  [155/156]  eta: 0:00:00  lr: 0.000015  sp_loss: 4.2489 (4.2558)  fam_loss: 3.0248 (3.0535)  manu_loss: 2.1815 (2.2406)  ot_loss: 2.7832 (2.6918)  base_loss: 9.5122 (9.5499)  time: 0.3142  data: 0.0851  max mem: 11382
Epoch: [92] Total time: 0:01:07 (0.4334 s / it)
Averaged stats: lr: 0.000015  sp_loss: 4.2489 (4.2558)  fam_loss: 3.0248 (3.0535)  manu_loss: 2.1815 (2.2406)  ot_loss: 2.7832 (2.6918)  base_loss: 9.5122 (9.5499)
Test:  [  0/391]  eta: 0:44:31  sploss: 5.3338 (5.3338)  famloss: 2.1643 (2.1643)  manuloss: 1.3001 (1.3001)  acc1: 18.7500 (18.7500)  acc5: 35.5469 (35.5469)  family_acc1: 55.4688 (55.4688)  manu_acc1: 72.2656 (72.2656)  time: 6.8329  data: 6.5948  max mem: 11382
Test:  [250/391]  eta: 0:01:02  sploss: 5.0969 (5.2672)  famloss: 2.3343 (2.3669)  manuloss: 1.5350 (1.5325)  acc1: 22.2656 (20.0261)  acc5: 39.8438 (38.1692)  family_acc1: 52.7344 (52.8947)  manu_acc1: 66.4062 (67.2591)  time: 0.3253  data: 0.1275  max mem: 11382
Test:  [390/391]  eta: 0:00:00  sploss: 5.0625 (5.2187)  famloss: 2.1239 (2.3004)  manuloss: 1.2416 (1.4629)  acc1: 21.4844 (20.4310)  acc5: 40.6250 (38.8360)  family_acc1: 57.4219 (53.9310)  manu_acc1: 75.0000 (68.7740)  time: 0.4242  data: 0.2461  max mem: 11382
Test: Total time: 0:02:48 (0.4319 s / it)
* Acc@1 20.431 Acc@5 38.836 family@1 53.931 manu@1 68.774 sploss 5.219 fmloss 2.300 mfloss 1.463
FPA: 15.058% | TICE: 56.546%   
 wAP: 24.839  |  LCA: 178.832   |   Precision and Recall: 38.175%
Accuracy of the network on the 100000 test images: 20.4%
Max accuracy: 20.64%
Do not use KL loss
Epoch: [93]  [  0/156]  eta: 0:17:14  lr: 0.000014  sp_loss: 3.5309 (3.5309)  fam_loss: 2.6606 (2.6606)  manu_loss: 2.0712 (2.0712)  ot_loss: 2.1816 (2.1816)  base_loss: 8.2627 (8.2627)  time: 6.6296  data: 6.3371  max mem: 11382
Epoch: [93]  [155/156]  eta: 0:00:00  lr: 0.000014  sp_loss: 4.4514 (4.1512)  fam_loss: 2.9584 (2.9984)  manu_loss: 2.1888 (2.1949)  ot_loss: 2.6250 (2.6372)  base_loss: 9.6013 (9.3445)  time: 0.3269  data: 0.0940  max mem: 11382
Epoch: [93] Total time: 0:01:06 (0.4290 s / it)
Averaged stats: lr: 0.000014  sp_loss: 4.4514 (4.1512)  fam_loss: 2.9584 (2.9984)  manu_loss: 2.1888 (2.1949)  ot_loss: 2.6250 (2.6372)  base_loss: 9.6013 (9.3445)
Test:  [  0/391]  eta: 0:40:26  sploss: 5.3259 (5.3259)  famloss: 2.1383 (2.1383)  manuloss: 1.2830 (1.2830)  acc1: 19.9219 (19.9219)  acc5: 36.3281 (36.3281)  family_acc1: 55.0781 (55.0781)  manu_acc1: 72.6562 (72.6562)  time: 6.2052  data: 5.9793  max mem: 11382
Test:  [250/391]  eta: 0:01:01  sploss: 5.0874 (5.2562)  famloss: 2.3156 (2.3445)  manuloss: 1.5127 (1.5187)  acc1: 21.8750 (20.2160)  acc5: 39.4531 (38.3124)  family_acc1: 53.5156 (52.9725)  manu_acc1: 66.4062 (67.3167)  time: 0.3205  data: 0.1096  max mem: 11382
Test:  [390/391]  eta: 0:00:00  sploss: 5.0477 (5.2076)  famloss: 2.0926 (2.2779)  manuloss: 1.2245 (1.4484)  acc1: 21.8750 (20.6320)  acc5: 40.6250 (38.9660)  family_acc1: 57.8125 (53.9990)  manu_acc1: 75.0000 (68.8340)  time: 0.4100  data: 0.2323  max mem: 11382
Test: Total time: 0:02:47 (0.4275 s / it)
* Acc@1 20.632 Acc@5 38.966 family@1 53.999 manu@1 68.834 sploss 5.208 fmloss 2.278 mfloss 1.448
FPA: 15.240% | TICE: 56.398%   
 wAP: 25.024  |  LCA: 178.177   |   Precision and Recall: 38.397%
Accuracy of the network on the 100000 test images: 20.6%
Max accuracy: 20.64%
Do not use KL loss
Epoch: [94]  [  0/156]  eta: 0:16:39  lr: 0.000013  sp_loss: 4.7739 (4.7739)  fam_loss: 3.3150 (3.3150)  manu_loss: 2.3705 (2.3705)  ot_loss: 3.0430 (3.0430)  base_loss: 10.4594 (10.4594)  time: 6.4055  data: 6.1218  max mem: 11382
Epoch: [94]  [155/156]  eta: 0:00:00  lr: 0.000013  sp_loss: 4.1003 (3.9322)  fam_loss: 2.9871 (2.8460)  manu_loss: 2.1816 (2.0993)  ot_loss: 2.4746 (2.5319)  base_loss: 9.3403 (8.8776)  time: 0.3302  data: 0.0975  max mem: 11382
Epoch: [94] Total time: 0:01:06 (0.4277 s / it)
Averaged stats: lr: 0.000013  sp_loss: 4.1003 (3.9322)  fam_loss: 2.9871 (2.8460)  manu_loss: 2.1816 (2.0993)  ot_loss: 2.4746 (2.5319)  base_loss: 9.3403 (8.8776)
Test:  [  0/391]  eta: 0:40:10  sploss: 5.3633 (5.3633)  famloss: 2.2013 (2.2013)  manuloss: 1.3310 (1.3310)  acc1: 18.7500 (18.7500)  acc5: 36.7188 (36.7188)  family_acc1: 55.4688 (55.4688)  manu_acc1: 71.8750 (71.8750)  time: 6.1661  data: 5.8940  max mem: 11382
Test:  [250/391]  eta: 0:01:02  sploss: 5.1215 (5.3013)  famloss: 2.3628 (2.3939)  manuloss: 1.5332 (1.5490)  acc1: 21.8750 (19.8985)  acc5: 39.0625 (37.9233)  family_acc1: 52.7344 (52.7126)  manu_acc1: 66.4062 (67.1704)  time: 0.3375  data: 0.1384  max mem: 11382
Test:  [390/391]  eta: 0:00:00  sploss: 5.0925 (5.2534)  famloss: 2.1453 (2.3272)  manuloss: 1.2647 (1.4784)  acc1: 22.6562 (20.3190)  acc5: 40.2344 (38.6220)  family_acc1: 57.4219 (53.7730)  manu_acc1: 75.0000 (68.6940)  time: 0.4387  data: 0.2623  max mem: 11382
Test: Total time: 0:02:48 (0.4321 s / it)
* Acc@1 20.319 Acc@5 38.622 family@1 53.773 manu@1 68.694 sploss 5.253 fmloss 2.327 mfloss 1.478
FPA: 14.960% | TICE: 56.688%   
 wAP: 24.724  |  LCA: 179.355   |   Precision and Recall: 37.999%
Accuracy of the network on the 100000 test images: 20.3%
Max accuracy: 20.64%
Do not use KL loss
Epoch: [95]  [  0/156]  eta: 0:15:58  lr: 0.000012  sp_loss: 2.5669 (2.5669)  fam_loss: 1.9735 (1.9735)  manu_loss: 1.4686 (1.4686)  ot_loss: 1.8564 (1.8564)  base_loss: 6.0090 (6.0090)  time: 6.1451  data: 5.8556  max mem: 11382
Epoch: [95]  [155/156]  eta: 0:00:00  lr: 0.000012  sp_loss: 3.8632 (4.0690)  fam_loss: 2.9332 (2.9342)  manu_loss: 2.0875 (2.1526)  ot_loss: 2.4238 (2.5986)  base_loss: 8.9293 (9.1557)  time: 0.3141  data: 0.0826  max mem: 11382
Epoch: [95] Total time: 0:01:06 (0.4273 s / it)
Averaged stats: lr: 0.000012  sp_loss: 3.8632 (4.0690)  fam_loss: 2.9332 (2.9342)  manu_loss: 2.0875 (2.1526)  ot_loss: 2.4238 (2.5986)  base_loss: 8.9293 (9.1557)
Test:  [  0/391]  eta: 0:38:55  sploss: 5.3641 (5.3641)  famloss: 2.2048 (2.2048)  manuloss: 1.3307 (1.3307)  acc1: 18.7500 (18.7500)  acc5: 35.5469 (35.5469)  family_acc1: 53.1250 (53.1250)  manu_acc1: 71.4844 (71.4844)  time: 5.9730  data: 5.7212  max mem: 11382
Test:  [250/391]  eta: 0:01:02  sploss: 5.1303 (5.2969)  famloss: 2.3598 (2.3960)  manuloss: 1.5429 (1.5504)  acc1: 21.8750 (19.9483)  acc5: 39.0625 (37.9700)  family_acc1: 52.7344 (52.6426)  manu_acc1: 66.4062 (67.1206)  time: 0.3265  data: 0.1279  max mem: 11382
Test:  [390/391]  eta: 0:00:00  sploss: 5.0902 (5.2492)  famloss: 2.1581 (2.3296)  manuloss: 1.2808 (1.4801)  acc1: 21.4844 (20.3570)  acc5: 39.8438 (38.6450)  family_acc1: 57.0312 (53.6930)  manu_acc1: 75.3906 (68.6280)  time: 0.4252  data: 0.2478  max mem: 11382
Test: Total time: 0:02:49 (0.4339 s / it)
* Acc@1 20.357 Acc@5 38.645 family@1 53.693 manu@1 68.628 sploss 5.249 fmloss 2.330 mfloss 1.480
FPA: 14.974% | TICE: 56.821%   
 wAP: 24.748  |  LCA: 179.159   |   Precision and Recall: 38.058%
Accuracy of the network on the 100000 test images: 20.4%
Max accuracy: 20.64%
Do not use KL loss
Epoch: [96]  [  0/156]  eta: 0:16:28  lr: 0.000011  sp_loss: 3.7835 (3.7835)  fam_loss: 2.7285 (2.7285)  manu_loss: 1.9385 (1.9385)  ot_loss: 2.4062 (2.4062)  base_loss: 8.4505 (8.4505)  time: 6.3355  data: 6.0348  max mem: 11382
Epoch: [96]  [155/156]  eta: 0:00:00  lr: 0.000011  sp_loss: 4.0120 (4.0420)  fam_loss: 2.9368 (2.9310)  manu_loss: 2.1297 (2.1452)  ot_loss: 2.4316 (2.5865)  base_loss: 9.0315 (9.1183)  time: 0.3129  data: 0.0806  max mem: 11382
Epoch: [96] Total time: 0:01:07 (0.4317 s / it)
Averaged stats: lr: 0.000011  sp_loss: 4.0120 (4.0420)  fam_loss: 2.9368 (2.9310)  manu_loss: 2.1297 (2.1452)  ot_loss: 2.4316 (2.5865)  base_loss: 9.0315 (9.1183)
Test:  [  0/391]  eta: 0:39:09  sploss: 5.3410 (5.3410)  famloss: 2.1835 (2.1835)  manuloss: 1.3105 (1.3105)  acc1: 19.1406 (19.1406)  acc5: 36.3281 (36.3281)  family_acc1: 54.6875 (54.6875)  manu_acc1: 72.2656 (72.2656)  time: 6.0096  data: 5.7929  max mem: 11382
Test:  [250/391]  eta: 0:01:02  sploss: 5.1076 (5.2792)  famloss: 2.3418 (2.3810)  manuloss: 1.5242 (1.5365)  acc1: 21.8750 (20.0744)  acc5: 40.2344 (38.1957)  family_acc1: 52.3438 (53.0067)  manu_acc1: 66.7969 (67.2373)  time: 0.3287  data: 0.1266  max mem: 11382
Test:  [390/391]  eta: 0:00:00  sploss: 5.0738 (5.2306)  famloss: 2.1454 (2.3144)  manuloss: 1.2567 (1.4654)  acc1: 21.8750 (20.4940)  acc5: 40.6250 (38.8450)  family_acc1: 57.8125 (53.9980)  manu_acc1: 75.0000 (68.7880)  time: 0.4100  data: 0.2346  max mem: 11382
Test: Total time: 0:02:49 (0.4340 s / it)
* Acc@1 20.494 Acc@5 38.845 family@1 53.998 manu@1 68.788 sploss 5.231 fmloss 2.314 mfloss 1.465
FPA: 15.146% | TICE: 56.518%   
 wAP: 24.901  |  LCA: 178.637   |   Precision and Recall: 38.237%
Accuracy of the network on the 100000 test images: 20.5%
Max accuracy: 20.64%
Do not use KL loss
Epoch: [97]  [  0/156]  eta: 0:17:14  lr: 0.000011  sp_loss: 3.4945 (3.4945)  fam_loss: 2.7441 (2.7441)  manu_loss: 2.0738 (2.0738)  ot_loss: 2.1973 (2.1973)  base_loss: 8.3124 (8.3124)  time: 6.6311  data: 6.3456  max mem: 11382
Epoch: [97]  [155/156]  eta: 0:00:00  lr: 0.000011  sp_loss: 4.5883 (4.1731)  fam_loss: 3.3613 (3.0106)  manu_loss: 2.3999 (2.2029)  ot_loss: 2.9102 (2.6606)  base_loss: 10.3991 (9.3866)  time: 0.3638  data: 0.1066  max mem: 11382
Epoch: [97] Total time: 0:01:08 (0.4360 s / it)
Averaged stats: lr: 0.000011  sp_loss: 4.5883 (4.1731)  fam_loss: 3.3613 (3.0106)  manu_loss: 2.3999 (2.2029)  ot_loss: 2.9102 (2.6606)  base_loss: 10.3991 (9.3866)
Test:  [  0/391]  eta: 0:39:03  sploss: 5.3385 (5.3385)  famloss: 2.1557 (2.1557)  manuloss: 1.2941 (1.2941)  acc1: 19.1406 (19.1406)  acc5: 36.3281 (36.3281)  family_acc1: 53.5156 (53.5156)  manu_acc1: 71.8750 (71.8750)  time: 5.9937  data: 5.7690  max mem: 11382
Test:  [250/391]  eta: 0:01:01  sploss: 5.1051 (5.2788)  famloss: 2.3190 (2.3554)  manuloss: 1.5112 (1.5248)  acc1: 22.2656 (20.1911)  acc5: 39.4531 (38.1692)  family_acc1: 53.1250 (53.0036)  manu_acc1: 67.5781 (67.3945)  time: 0.3784  data: 0.1666  max mem: 11382
Test:  [390/391]  eta: 0:00:00  sploss: 5.0699 (5.2296)  famloss: 2.1021 (2.2880)  manuloss: 1.2224 (1.4536)  acc1: 21.4844 (20.6240)  acc5: 40.6250 (38.8430)  family_acc1: 57.4219 (54.0200)  manu_acc1: 76.1719 (68.9020)  time: 0.4308  data: 0.2552  max mem: 11382
Test: Total time: 0:02:47 (0.4295 s / it)
* Acc@1 20.624 Acc@5 38.843 family@1 54.020 manu@1 68.902 sploss 5.230 fmloss 2.288 mfloss 1.454
FPA: 15.280% | TICE: 56.475%   
 wAP: 25.021  |  LCA: 178.438   |   Precision and Recall: 38.320%
Accuracy of the network on the 100000 test images: 20.6%
Max accuracy: 20.64%
Do not use KL loss
Epoch: [98]  [  0/156]  eta: 0:15:43  lr: 0.000011  sp_loss: 4.7027 (4.7027)  fam_loss: 3.3515 (3.3515)  manu_loss: 2.5323 (2.5323)  ot_loss: 3.1016 (3.1016)  base_loss: 10.5865 (10.5865)  time: 6.0465  data: 5.7744  max mem: 11382
Epoch: [98]  [155/156]  eta: 0:00:00  lr: 0.000011  sp_loss: 4.0912 (4.0276)  fam_loss: 2.9853 (2.9223)  manu_loss: 2.2152 (2.1463)  ot_loss: 2.6094 (2.5745)  base_loss: 9.2903 (9.0962)  time: 0.3317  data: 0.1011  max mem: 11382
Epoch: [98] Total time: 0:01:07 (0.4337 s / it)
Averaged stats: lr: 0.000011  sp_loss: 4.0912 (4.0276)  fam_loss: 2.9853 (2.9223)  manu_loss: 2.2152 (2.1463)  ot_loss: 2.6094 (2.5745)  base_loss: 9.2903 (9.0962)
Test:  [  0/391]  eta: 0:44:03  sploss: 5.3276 (5.3276)  famloss: 2.1457 (2.1457)  manuloss: 1.2915 (1.2915)  acc1: 19.9219 (19.9219)  acc5: 35.9375 (35.9375)  family_acc1: 53.9062 (53.9062)  manu_acc1: 70.7031 (70.7031)  time: 6.7614  data: 6.4837  max mem: 11382
Test:  [250/391]  eta: 0:01:01  sploss: 5.1096 (5.2764)  famloss: 2.3163 (2.3557)  manuloss: 1.4927 (1.5253)  acc1: 21.8750 (20.1553)  acc5: 39.8438 (38.1536)  family_acc1: 52.3438 (52.9227)  manu_acc1: 67.1875 (67.3416)  time: 0.3432  data: 0.1328  max mem: 11382
Test:  [390/391]  eta: 0:00:00  sploss: 5.0737 (5.2277)  famloss: 2.1050 (2.2887)  manuloss: 1.2273 (1.4548)  acc1: 21.4844 (20.5600)  acc5: 40.6250 (38.8430)  family_acc1: 57.0312 (53.9310)  manu_acc1: 75.0000 (68.8190)  time: 0.4034  data: 0.2259  max mem: 11382
Test: Total time: 0:02:49 (0.4328 s / it)
* Acc@1 20.560 Acc@5 38.843 family@1 53.931 manu@1 68.819 sploss 5.228 fmloss 2.289 mfloss 1.455
FPA: 15.241% | TICE: 56.500%   
 wAP: 24.954  |  LCA: 178.709   |   Precision and Recall: 38.228%
Accuracy of the network on the 100000 test images: 20.6%
Max accuracy: 20.64%
Do not use KL loss
Epoch: [99]  [  0/156]  eta: 0:16:14  lr: 0.000010  sp_loss: 3.9315 (3.9315)  fam_loss: 2.9574 (2.9574)  manu_loss: 2.0920 (2.0920)  ot_loss: 2.5156 (2.5156)  base_loss: 8.9808 (8.9808)  time: 6.2473  data: 5.9727  max mem: 11382
Epoch: [99]  [155/156]  eta: 0:00:00  lr: 0.000010  sp_loss: 3.8639 (4.0820)  fam_loss: 2.6802 (2.9348)  manu_loss: 1.9336 (2.1576)  ot_loss: 2.3457 (2.6084)  base_loss: 8.4777 (9.1744)  time: 0.3277  data: 0.0982  max mem: 11382
Epoch: [99] Total time: 0:01:08 (0.4404 s / it)
Averaged stats: lr: 0.000010  sp_loss: 3.8639 (4.0820)  fam_loss: 2.6802 (2.9348)  manu_loss: 1.9336 (2.1576)  ot_loss: 2.3457 (2.6084)  base_loss: 8.4777 (9.1744)
Test:  [  0/391]  eta: 0:40:21  sploss: 5.3331 (5.3331)  famloss: 2.1901 (2.1901)  manuloss: 1.3276 (1.3276)  acc1: 18.7500 (18.7500)  acc5: 36.7188 (36.7188)  family_acc1: 53.9062 (53.9062)  manu_acc1: 71.4844 (71.4844)  time: 6.1934  data: 5.8820  max mem: 11382
Test:  [250/391]  eta: 0:01:01  sploss: 5.1116 (5.2836)  famloss: 2.3425 (2.3812)  manuloss: 1.5184 (1.5386)  acc1: 21.8750 (20.0106)  acc5: 40.2344 (38.0322)  family_acc1: 52.7344 (52.7219)  manu_acc1: 66.0156 (67.1626)  time: 0.3333  data: 0.1200  max mem: 11382
Test:  [390/391]  eta: 0:00:00  sploss: 5.0729 (5.2351)  famloss: 2.1348 (2.3139)  manuloss: 1.2334 (1.4683)  acc1: 21.4844 (20.4400)  acc5: 41.0156 (38.7080)  family_acc1: 56.6406 (53.7770)  manu_acc1: 75.0000 (68.6820)  time: 0.3423  data: 0.1618  max mem: 11382
Test: Total time: 0:02:46 (0.4256 s / it)
* Acc@1 20.440 Acc@5 38.708 family@1 53.777 manu@1 68.682 sploss 5.235 fmloss 2.314 mfloss 1.468
FPA: 15.091% | TICE: 56.689%   
 wAP: 24.830  |  LCA: 179.120   |   Precision and Recall: 38.083%
Accuracy of the network on the 100000 test images: 20.4%
Max accuracy: 20.64%
Training time 4:44:12
Test:  [  0/391]  eta: 0:41:29  sploss: 5.3334 (5.3334)  famloss: 2.1902 (2.1902)  manuloss: 1.3270 (1.3270)  acc1: 18.7500 (18.7500)  acc5: 36.7188 (36.7188)  family_acc1: 53.9062 (53.9062)  manu_acc1: 71.4844 (71.4844)  time: 6.3678  data: 6.1043  max mem: 11382
Test:  [  1/391]  eta: 0:21:24  sploss: 5.1891 (5.2613)  famloss: 2.1902 (2.2584)  manuloss: 1.3270 (1.4097)  acc1: 18.7500 (18.9453)  acc5: 34.3750 (35.5469)  family_acc1: 53.9062 (54.2969)  manu_acc1: 67.5781 (69.5312)  time: 3.2933  data: 3.0524  max mem: 11382
Test:  [  2/391]  eta: 0:15:10  sploss: 5.1891 (5.2098)  famloss: 2.1902 (2.1458)  manuloss: 1.3270 (1.2946)  acc1: 19.1406 (19.2708)  acc5: 36.7188 (36.4583)  family_acc1: 54.6875 (57.6823)  manu_acc1: 71.4844 (72.7865)  time: 2.3401  data: 2.1156  max mem: 11382
Test:  [  3/391]  eta: 0:11:39  sploss: 5.1891 (5.2695)  famloss: 2.1902 (2.2052)  manuloss: 1.3270 (1.3315)  acc1: 18.7500 (18.6523)  acc5: 34.3750 (35.3516)  family_acc1: 53.9062 (56.5430)  manu_acc1: 68.7500 (71.7773)  time: 1.8023  data: 1.5868  max mem: 11382
Test:  [  4/391]  eta: 0:09:32  sploss: 5.3110 (5.2778)  famloss: 2.3265 (2.2628)  manuloss: 1.4423 (1.3851)  acc1: 19.1406 (19.2188)  acc5: 36.7188 (35.7812)  family_acc1: 53.9062 (55.3906)  manu_acc1: 68.7500 (71.0156)  time: 1.4797  data: 1.2695  max mem: 11382
Test:  [  5/391]  eta: 0:08:08  sploss: 5.1891 (5.2553)  famloss: 2.3265 (2.3014)  manuloss: 1.4423 (1.4137)  acc1: 19.1406 (19.4661)  acc5: 36.7188 (36.3932)  family_acc1: 53.1250 (54.1016)  manu_acc1: 68.3594 (70.5729)  time: 1.2650  data: 1.0580  max mem: 11382
Test:  [  6/391]  eta: 0:07:07  sploss: 5.1891 (5.2158)  famloss: 2.3265 (2.2804)  manuloss: 1.4423 (1.3947)  acc1: 19.9219 (19.9777)  acc5: 37.5000 (37.5000)  family_acc1: 53.9062 (54.6875)  manu_acc1: 68.7500 (70.7031)  time: 1.1106  data: 0.9069  max mem: 11382
Test:  [  7/391]  eta: 0:06:22  sploss: 5.1891 (5.2512)  famloss: 2.2027 (2.2707)  manuloss: 1.4423 (1.4060)  acc1: 19.1406 (19.2871)  acc5: 36.7188 (36.7676)  family_acc1: 53.9062 (55.1270)  manu_acc1: 68.3594 (70.2637)  time: 0.9948  data: 0.7936  max mem: 11382
Test:  [  8/391]  eta: 0:05:47  sploss: 5.3110 (5.3206)  famloss: 2.3265 (2.3793)  manuloss: 1.4852 (1.5115)  acc1: 19.1406 (18.7066)  acc5: 36.7188 (36.0243)  family_acc1: 53.9062 (53.5590)  manu_acc1: 68.3594 (68.0990)  time: 0.9067  data: 0.7054  max mem: 11382
Test:  [  9/391]  eta: 0:05:18  sploss: 5.3110 (5.3517)  famloss: 2.3265 (2.4173)  manuloss: 1.4852 (1.5396)  acc1: 18.7500 (18.6719)  acc5: 34.3750 (35.7812)  family_acc1: 53.1250 (53.0859)  manu_acc1: 67.9688 (67.6172)  time: 0.8347  data: 0.6349  max mem: 11382
Test:  [ 10/391]  eta: 0:04:55  sploss: 5.3334 (5.3702)  famloss: 2.3834 (2.4297)  manuloss: 1.4923 (1.5449)  acc1: 18.7500 (18.4659)  acc5: 34.3750 (35.4759)  family_acc1: 53.1250 (52.7699)  manu_acc1: 67.9688 (67.5781)  time: 0.7761  data: 0.5773  max mem: 11382
Test:  [ 11/391]  eta: 0:04:36  sploss: 5.3110 (5.3631)  famloss: 2.3265 (2.4111)  manuloss: 1.4852 (1.5359)  acc1: 18.7500 (18.8151)  acc5: 34.3750 (35.7096)  family_acc1: 53.1250 (52.8971)  manu_acc1: 67.9688 (67.8060)  time: 0.7275  data: 0.5292  max mem: 11382
Test:  [ 12/391]  eta: 0:05:41  sploss: 5.3334 (5.3729)  famloss: 2.3834 (2.4148)  manuloss: 1.4923 (1.5385)  acc1: 19.1406 (18.8401)  acc5: 34.7656 (35.6370)  family_acc1: 53.1250 (52.8546)  manu_acc1: 67.9688 (67.6983)  time: 0.9012  data: 0.6978  max mem: 11382
Test:  [ 13/391]  eta: 0:05:21  sploss: 5.3334 (5.3888)  famloss: 2.3834 (2.4266)  manuloss: 1.4923 (1.5468)  acc1: 18.7500 (18.4710)  acc5: 34.3750 (35.4074)  family_acc1: 52.3438 (52.6507)  manu_acc1: 67.5781 (67.4944)  time: 0.8504  data: 0.6480  max mem: 11382
Test:  [ 14/391]  eta: 0:05:04  sploss: 5.3334 (5.3826)  famloss: 2.3834 (2.4077)  manuloss: 1.4923 (1.5287)  acc1: 18.7500 (18.4896)  acc5: 34.7656 (35.5729)  family_acc1: 53.1250 (53.0729)  manu_acc1: 67.9688 (67.8646)  time: 0.8065  data: 0.6048  max mem: 11382
Test:  [ 15/391]  eta: 0:04:48  sploss: 5.3334 (5.3818)  famloss: 2.3265 (2.3952)  manuloss: 1.4852 (1.5210)  acc1: 18.7500 (18.5059)  acc5: 34.7656 (35.6689)  family_acc1: 53.1250 (53.2959)  manu_acc1: 67.9688 (68.0908)  time: 0.7673  data: 0.5671  max mem: 11382
Test:  [ 16/391]  eta: 0:04:34  sploss: 5.3334 (5.3693)  famloss: 2.3265 (2.3886)  manuloss: 1.4852 (1.5174)  acc1: 18.7500 (18.5202)  acc5: 36.7188 (35.9605)  family_acc1: 53.9062 (53.4697)  manu_acc1: 68.3594 (68.1526)  time: 0.7331  data: 0.5337  max mem: 11382
Test:  [ 17/391]  eta: 0:04:22  sploss: 5.3110 (5.3593)  famloss: 2.2840 (2.3715)  manuloss: 1.4599 (1.5052)  acc1: 18.7500 (18.5547)  acc5: 36.7188 (36.2630)  family_acc1: 53.9062 (53.8845)  manu_acc1: 68.3594 (68.2943)  time: 0.7028  data: 0.5041  max mem: 11382
Test:  [ 18/391]  eta: 0:04:12  sploss: 5.3110 (5.3483)  famloss: 2.2840 (2.3626)  manuloss: 1.4852 (1.5095)  acc1: 18.7500 (18.7294)  acc5: 37.1094 (36.3898)  family_acc1: 54.2969 (53.9474)  manu_acc1: 68.3594 (67.9893)  time: 0.6760  data: 0.4776  max mem: 11382
Test:  [ 19/391]  eta: 0:04:02  sploss: 5.3110 (5.3612)  famloss: 2.2840 (2.3650)  manuloss: 1.4852 (1.5168)  acc1: 18.7500 (18.4375)  acc5: 36.7188 (36.1523)  family_acc1: 54.2969 (54.0039)  manu_acc1: 67.9688 (67.9297)  time: 0.6519  data: 0.4537  max mem: 11382
Test:  [ 20/391]  eta: 0:03:53  sploss: 5.3110 (5.3837)  famloss: 2.3265 (2.3736)  manuloss: 1.4923 (1.5226)  acc1: 18.7500 (18.3594)  acc5: 34.7656 (35.8631)  family_acc1: 54.2969 (53.8690)  manu_acc1: 67.9688 (67.9501)  time: 0.3429  data: 0.1485  max mem: 11382
Test:  [ 21/391]  eta: 0:03:45  sploss: 5.3687 (5.3990)  famloss: 2.3834 (2.3890)  manuloss: 1.5569 (1.5357)  acc1: 18.7500 (18.2351)  acc5: 34.7656 (35.5824)  family_acc1: 53.1250 (53.5866)  manu_acc1: 67.9688 (67.7734)  time: 0.3423  data: 0.1485  max mem: 11382
Test:  [ 22/391]  eta: 0:03:38  sploss: 5.3687 (5.3959)  famloss: 2.4103 (2.3918)  manuloss: 1.5699 (1.5380)  acc1: 18.3594 (18.1895)  acc5: 34.7656 (35.6827)  family_acc1: 52.3438 (53.4647)  manu_acc1: 67.5781 (67.7649)  time: 0.3298  data: 0.1365  max mem: 11382
Test:  [ 23/391]  eta: 0:03:31  sploss: 5.3280 (5.3843)  famloss: 2.4531 (2.3969)  manuloss: 1.5864 (1.5510)  acc1: 18.7500 (18.3594)  acc5: 37.1094 (35.8887)  family_acc1: 51.1719 (53.2552)  manu_acc1: 67.1875 (67.3503)  time: 0.3302  data: 0.1365  max mem: 11382
Test:  [ 24/391]  eta: 0:04:09  sploss: 5.3280 (5.3768)  famloss: 2.4103 (2.3923)  manuloss: 1.5864 (1.5538)  acc1: 18.7500 (18.5781)  acc5: 37.1094 (36.1094)  family_acc1: 52.3438 (53.3594)  manu_acc1: 67.1875 (67.3906)  time: 0.4804  data: 0.2834  max mem: 11382
Test:  [ 25/391]  eta: 0:04:02  sploss: 5.3280 (5.3701)  famloss: 2.4103 (2.3938)  manuloss: 1.5885 (1.5611)  acc1: 18.7500 (18.7500)  acc5: 37.1094 (36.1629)  family_acc1: 52.3438 (53.3203)  manu_acc1: 67.1875 (67.2927)  time: 0.4808  data: 0.2834  max mem: 11382
Test:  [ 26/391]  eta: 0:03:55  sploss: 5.3280 (5.3490)  famloss: 2.4103 (2.3886)  manuloss: 1.5885 (1.5583)  acc1: 18.7500 (19.0394)  acc5: 37.1094 (36.5596)  family_acc1: 52.3438 (53.3420)  manu_acc1: 67.1875 (67.3756)  time: 0.4814  data: 0.2834  max mem: 11382
Test:  [ 27/391]  eta: 0:03:49  sploss: 5.3280 (5.3535)  famloss: 2.4334 (2.3956)  manuloss: 1.5981 (1.5650)  acc1: 18.7500 (19.0430)  acc5: 37.1094 (36.5374)  family_acc1: 52.3438 (53.1390)  manu_acc1: 66.7969 (67.1735)  time: 0.4833  data: 0.2834  max mem: 11382
Test:  [ 28/391]  eta: 0:03:42  sploss: 5.2976 (5.3516)  famloss: 2.4103 (2.3890)  manuloss: 1.5885 (1.5594)  acc1: 18.7500 (19.0867)  acc5: 37.1094 (36.5032)  family_acc1: 52.3438 (53.2058)  manu_acc1: 67.1875 (67.2548)  time: 0.4824  data: 0.2834  max mem: 11382
Test:  [ 29/391]  eta: 0:03:37  sploss: 5.2976 (5.3534)  famloss: 2.3353 (2.3872)  manuloss: 1.5885 (1.5611)  acc1: 18.7500 (19.0365)  acc5: 37.5000 (36.5495)  family_acc1: 53.9062 (53.2812)  manu_acc1: 67.5781 (67.2786)  time: 0.4826  data: 0.2834  max mem: 11382
Test:  [ 30/391]  eta: 0:03:31  sploss: 5.2967 (5.3446)  famloss: 2.2840 (2.3832)  manuloss: 1.5864 (1.5524)  acc1: 19.1406 (19.1910)  acc5: 37.8906 (36.7314)  family_acc1: 54.2969 (53.3518)  manu_acc1: 67.9688 (67.4647)  time: 0.4822  data: 0.2834  max mem: 11382
Test:  [ 31/391]  eta: 0:03:26  sploss: 5.2976 (5.3462)  famloss: 2.3065 (2.3808)  manuloss: 1.5864 (1.5492)  acc1: 19.1406 (19.2139)  acc5: 37.8906 (36.8530)  family_acc1: 54.2969 (53.3813)  manu_acc1: 67.9688 (67.5659)  time: 0.4821  data: 0.2833  max mem: 11382
Test:  [ 32/391]  eta: 0:03:21  sploss: 5.2967 (5.3376)  famloss: 2.2840 (2.3710)  manuloss: 1.5864 (1.5383)  acc1: 19.1406 (19.3655)  acc5: 37.8906 (37.0028)  family_acc1: 55.0781 (53.4920)  manu_acc1: 68.3594 (67.8030)  time: 0.3420  data: 0.1473  max mem: 11382
Test:  [ 33/391]  eta: 0:03:17  sploss: 5.2484 (5.3349)  famloss: 2.2816 (2.3586)  manuloss: 1.4849 (1.5283)  acc1: 19.1406 (19.3474)  acc5: 37.8906 (37.0290)  family_acc1: 55.0781 (53.7224)  manu_acc1: 68.3594 (68.0951)  time: 0.3417  data: 0.1473  max mem: 11382
Test:  [ 34/391]  eta: 0:03:12  sploss: 5.2484 (5.3330)  famloss: 2.2816 (2.3520)  manuloss: 1.4849 (1.5213)  acc1: 19.1406 (19.3080)  acc5: 37.8906 (37.0201)  family_acc1: 55.0781 (53.8728)  manu_acc1: 68.3594 (68.2589)  time: 0.3412  data: 0.1473  max mem: 11382
Test:  [ 35/391]  eta: 0:03:08  sploss: 5.2028 (5.3243)  famloss: 2.2816 (2.3446)  manuloss: 1.4849 (1.5179)  acc1: 19.1406 (19.3468)  acc5: 37.8906 (37.1636)  family_acc1: 55.0781 (53.9605)  manu_acc1: 68.3594 (68.3485)  time: 0.3413  data: 0.1473  max mem: 11382
Test:  [ 36/391]  eta: 0:03:34  sploss: 5.2484 (5.3260)  famloss: 2.2816 (2.3435)  manuloss: 1.5321 (1.5183)  acc1: 19.5312 (19.3518)  acc5: 37.8906 (37.1305)  family_acc1: 55.0781 (54.0013)  manu_acc1: 68.3594 (68.2960)  time: 0.4943  data: 0.2973  max mem: 11382
Test:  [ 37/391]  eta: 0:03:30  sploss: 5.2677 (5.3330)  famloss: 2.3043 (2.3523)  manuloss: 1.5864 (1.5267)  acc1: 19.5312 (19.2331)  acc5: 37.8906 (37.0271)  family_acc1: 55.0781 (53.8754)  manu_acc1: 67.9688 (68.1127)  time: 0.4947  data: 0.2973  max mem: 11382
Test:  [ 38/391]  eta: 0:03:25  sploss: 5.2976 (5.3364)  famloss: 2.3065 (2.3518)  manuloss: 1.5885 (1.5291)  acc1: 19.1406 (19.2007)  acc5: 37.5000 (36.9992)  family_acc1: 54.2969 (53.8862)  manu_acc1: 67.9688 (68.0489)  time: 0.4945  data: 0.2973  max mem: 11382
Test:  [ 39/391]  eta: 0:03:21  sploss: 5.2976 (5.3421)  famloss: 2.3065 (2.3563)  manuloss: 1.5885 (1.5307)  acc1: 19.1406 (19.1895)  acc5: 37.5000 (36.9727)  family_acc1: 54.2969 (53.8379)  manu_acc1: 67.9688 (67.9590)  time: 0.4940  data: 0.2973  max mem: 11382
Test:  [ 40/391]  eta: 0:03:17  sploss: 5.2976 (5.3495)  famloss: 2.3065 (2.3578)  manuloss: 1.5795 (1.5319)  acc1: 19.1406 (19.0930)  acc5: 37.5000 (36.8712)  family_acc1: 54.2969 (53.7538)  manu_acc1: 67.9688 (67.9592)  time: 0.4942  data: 0.2973  max mem: 11382
Test:  [ 41/391]  eta: 0:03:14  sploss: 5.2976 (5.3538)  famloss: 2.3065 (2.3579)  manuloss: 1.5321 (1.5306)  acc1: 19.1406 (18.9918)  acc5: 37.5000 (36.7560)  family_acc1: 54.2969 (53.7481)  manu_acc1: 67.9688 (67.9874)  time: 0.4932  data: 0.2973  max mem: 11382
Test:  [ 42/391]  eta: 0:03:10  sploss: 5.2677 (5.3499)  famloss: 2.3065 (2.3568)  manuloss: 1.4849 (1.5274)  acc1: 19.5312 (19.0498)  acc5: 37.5000 (36.7914)  family_acc1: 54.2969 (53.7246)  manu_acc1: 68.3594 (68.0868)  time: 0.4934  data: 0.2973  max mem: 11382
Test:  [ 43/391]  eta: 0:03:07  sploss: 5.2976 (5.3523)  famloss: 2.3065 (2.3559)  manuloss: 1.4794 (1.5238)  acc1: 19.1406 (19.0430)  acc5: 36.7188 (36.7188)  family_acc1: 54.2969 (53.7553)  manu_acc1: 68.7500 (68.1019)  time: 0.4934  data: 0.2973  max mem: 11382
Test:  [ 44/391]  eta: 0:03:04  sploss: 5.3870 (5.3555)  famloss: 2.3102 (2.3578)  manuloss: 1.4794 (1.5232)  acc1: 18.7500 (18.9757)  acc5: 36.7188 (36.7188)  family_acc1: 54.2969 (53.7240)  manu_acc1: 68.7500 (68.0903)  time: 0.3432  data: 0.1504  max mem: 11382
Test:  [ 45/391]  eta: 0:03:00  sploss: 5.3870 (5.3534)  famloss: 2.3102 (2.3626)  manuloss: 1.4794 (1.5257)  acc1: 18.7500 (19.0557)  acc5: 36.7188 (36.7697)  family_acc1: 54.2969 (53.6600)  manu_acc1: 68.7500 (68.0112)  time: 0.3424  data: 0.1504  max mem: 11382
Test:  [ 46/391]  eta: 0:02:57  sploss: 5.3870 (5.3518)  famloss: 2.3163 (2.3647)  manuloss: 1.4794 (1.5249)  acc1: 18.7500 (19.0575)  acc5: 36.7188 (36.7936)  family_acc1: 54.2969 (53.5572)  manu_acc1: 67.9688 (67.9854)  time: 0.3423  data: 0.1504  max mem: 11382
Test:  [ 47/391]  eta: 0:02:55  sploss: 5.2976 (5.3472)  famloss: 2.3102 (2.3634)  manuloss: 1.4794 (1.5246)  acc1: 18.7500 (19.0837)  acc5: 36.7188 (36.8571)  family_acc1: 54.2969 (53.5156)  manu_acc1: 68.3594 (67.9932)  time: 0.3410  data: 0.1504  max mem: 11382
Test:  [ 48/391]  eta: 0:03:12  sploss: 5.3870 (5.3488)  famloss: 2.3163 (2.3631)  manuloss: 1.4886 (1.5242)  acc1: 18.7500 (19.0131)  acc5: 37.8906 (36.9021)  family_acc1: 53.5156 (53.5156)  manu_acc1: 68.3594 (68.0246)  time: 0.4834  data: 0.2897  max mem: 11382
Test:  [ 49/391]  eta: 0:03:09  sploss: 5.2775 (5.3468)  famloss: 2.3163 (2.3640)  manuloss: 1.4886 (1.5257)  acc1: 18.7500 (19.0859)  acc5: 37.5000 (36.9141)  family_acc1: 53.5156 (53.5312)  manu_acc1: 68.3594 (67.9375)  time: 0.4844  data: 0.2897  max mem: 11382
Test:  [ 50/391]  eta: 0:03:06  sploss: 5.2775 (5.3422)  famloss: 2.3334 (2.3655)  manuloss: 1.4937 (1.5274)  acc1: 18.7500 (19.1636)  acc5: 37.5000 (37.0021)  family_acc1: 53.5156 (53.4544)  manu_acc1: 67.9688 (67.8615)  time: 0.4844  data: 0.2897  max mem: 11382
Test:  [ 51/391]  eta: 0:03:03  sploss: 5.2775 (5.3454)  famloss: 2.3495 (2.3700)  manuloss: 1.5034 (1.5340)  acc1: 18.7500 (19.1556)  acc5: 36.7188 (36.9291)  family_acc1: 52.7344 (53.3278)  manu_acc1: 67.5781 (67.7058)  time: 0.4849  data: 0.2897  max mem: 11382
Test:  [ 52/391]  eta: 0:03:00  sploss: 5.2775 (5.3429)  famloss: 2.3629 (2.3711)  manuloss: 1.5101 (1.5358)  acc1: 18.7500 (19.1185)  acc5: 36.7188 (36.9472)  family_acc1: 52.3438 (53.2945)  manu_acc1: 66.7969 (67.6297)  time: 0.4853  data: 0.2897  max mem: 11382
Test:  [ 53/391]  eta: 0:02:58  sploss: 5.3174 (5.3425)  famloss: 2.4063 (2.3725)  manuloss: 1.5321 (1.5381)  acc1: 18.7500 (19.1334)  acc5: 36.7188 (36.9647)  family_acc1: 51.9531 (53.2335)  manu_acc1: 66.4062 (67.5058)  time: 0.4854  data: 0.2897  max mem: 11382
Test:  [ 54/391]  eta: 0:02:55  sploss: 5.3174 (5.3406)  famloss: 2.4183 (2.3735)  manuloss: 1.5321 (1.5359)  acc1: 18.7500 (19.1832)  acc5: 37.5000 (37.0384)  family_acc1: 51.9531 (53.2102)  manu_acc1: 66.4062 (67.5568)  time: 0.4858  data: 0.2897  max mem: 11382
Test:  [ 55/391]  eta: 0:02:52  sploss: 5.3870 (5.3422)  famloss: 2.4183 (2.3718)  manuloss: 1.5795 (1.5382)  acc1: 18.7500 (19.1406)  acc5: 36.7188 (37.0117)  family_acc1: 51.9531 (53.2227)  manu_acc1: 65.6250 (67.4805)  time: 0.4865  data: 0.2897  max mem: 11382
Test:  [ 56/391]  eta: 0:02:50  sploss: 5.4127 (5.3434)  famloss: 2.4183 (2.3697)  manuloss: 1.5795 (1.5378)  acc1: 18.7500 (19.1132)  acc5: 37.5000 (37.0203)  family_acc1: 51.5625 (53.1867)  manu_acc1: 65.6250 (67.4685)  time: 0.3336  data: 0.1397  max mem: 11382
Test:  [ 57/391]  eta: 0:02:48  sploss: 5.3174 (5.3408)  famloss: 2.4063 (2.3699)  manuloss: 1.5165 (1.5366)  acc1: 18.7500 (19.1676)  acc5: 37.5000 (37.0824)  family_acc1: 51.5625 (53.1183)  manu_acc1: 66.7969 (67.4771)  time: 0.3331  data: 0.1397  max mem: 11382
Test:  [ 58/391]  eta: 0:02:45  sploss: 5.2775 (5.3389)  famloss: 2.4063 (2.3661)  manuloss: 1.5101 (1.5345)  acc1: 18.7500 (19.1936)  acc5: 37.5000 (37.0829)  family_acc1: 51.5625 (53.1978)  manu_acc1: 66.7969 (67.5252)  time: 0.3329  data: 0.1397  max mem: 11382
Test:  [ 59/391]  eta: 0:02:43  sploss: 5.2556 (5.3334)  famloss: 2.3839 (2.3621)  manuloss: 1.5034 (1.5326)  acc1: 19.1406 (19.2708)  acc5: 37.8906 (37.1615)  family_acc1: 51.5625 (53.2292)  manu_acc1: 67.5781 (67.5521)  time: 0.3329  data: 0.1397  max mem: 11382
Test:  [ 60/391]  eta: 0:02:56  sploss: 5.2505 (5.3270)  famloss: 2.3629 (2.3583)  manuloss: 1.4937 (1.5293)  acc1: 19.9219 (19.3135)  acc5: 37.8906 (37.2374)  family_acc1: 51.9531 (53.3299)  manu_acc1: 67.5781 (67.6101)  time: 0.4694  data: 0.2732  max mem: 11382
Test:  [ 61/391]  eta: 0:02:54  sploss: 5.2428 (5.3239)  famloss: 2.3495 (2.3550)  manuloss: 1.4937 (1.5255)  acc1: 19.9219 (19.3107)  acc5: 37.8906 (37.2165)  family_acc1: 51.9531 (53.3581)  manu_acc1: 67.5781 (67.6474)  time: 0.4719  data: 0.2732  max mem: 11382
Test:  [ 62/391]  eta: 0:02:51  sploss: 5.2505 (5.3255)  famloss: 2.3839 (2.3558)  manuloss: 1.5034 (1.5280)  acc1: 19.1406 (19.2522)  acc5: 37.8906 (37.1714)  family_acc1: 51.9531 (53.3606)  manu_acc1: 66.7969 (67.5409)  time: 0.4718  data: 0.2732  max mem: 11382
Test:  [ 63/391]  eta: 0:02:49  sploss: 5.2428 (5.3224)  famloss: 2.3839 (2.3542)  manuloss: 1.5101 (1.5283)  acc1: 19.9219 (19.2810)  acc5: 37.8906 (37.2314)  family_acc1: 51.9531 (53.4668)  manu_acc1: 66.7969 (67.5293)  time: 0.4717  data: 0.2732  max mem: 11382
Test:  [ 64/391]  eta: 0:02:47  sploss: 5.2428 (5.3219)  famloss: 2.3839 (2.3565)  manuloss: 1.5101 (1.5278)  acc1: 20.3125 (19.3149)  acc5: 37.8906 (37.2175)  family_acc1: 51.5625 (53.4255)  manu_acc1: 66.7969 (67.5240)  time: 0.4716  data: 0.2732  max mem: 11382
Test:  [ 65/391]  eta: 0:02:45  sploss: 5.2264 (5.3184)  famloss: 2.3495 (2.3550)  manuloss: 1.5034 (1.5273)  acc1: 20.3125 (19.3714)  acc5: 37.8906 (37.2396)  family_acc1: 51.9531 (53.4742)  manu_acc1: 66.7969 (67.5545)  time: 0.4715  data: 0.2732  max mem: 11382
Test:  [ 66/391]  eta: 0:02:43  sploss: 5.2264 (5.3187)  famloss: 2.3495 (2.3562)  manuloss: 1.5034 (1.5259)  acc1: 20.3125 (19.3680)  acc5: 37.8906 (37.2027)  family_acc1: 51.9531 (53.4282)  manu_acc1: 67.1875 (67.6014)  time: 0.4711  data: 0.2732  max mem: 11382
Test:  [ 67/391]  eta: 0:02:41  sploss: 5.2264 (5.3146)  famloss: 2.3495 (2.3525)  manuloss: 1.4974 (1.5230)  acc1: 19.9219 (19.3704)  acc5: 37.8906 (37.2300)  family_acc1: 53.5156 (53.4812)  manu_acc1: 67.1875 (67.6528)  time: 0.4708  data: 0.2732  max mem: 11382
Test:  [ 68/391]  eta: 0:02:39  sploss: 5.2135 (5.3121)  famloss: 2.2773 (2.3498)  manuloss: 1.4974 (1.5226)  acc1: 19.9219 (19.3784)  acc5: 37.8906 (37.2622)  family_acc1: 53.5156 (53.5100)  manu_acc1: 67.1875 (67.6517)  time: 0.3280  data: 0.1339  max mem: 11382
Test:  [ 69/391]  eta: 0:02:37  sploss: 5.2135 (5.3132)  famloss: 2.2773 (2.3517)  manuloss: 1.4974 (1.5225)  acc1: 19.9219 (19.4029)  acc5: 37.8906 (37.2433)  family_acc1: 51.9531 (53.4654)  manu_acc1: 67.1875 (67.6283)  time: 0.3266  data: 0.1339  max mem: 11382
Test:  [ 70/391]  eta: 0:02:35  sploss: 5.2264 (5.3136)  famloss: 2.2553 (2.3502)  manuloss: 1.4961 (1.5210)  acc1: 19.9219 (19.3937)  acc5: 37.5000 (37.2139)  family_acc1: 53.5156 (53.4826)  manu_acc1: 67.5781 (67.6717)  time: 0.3269  data: 0.1339  max mem: 11382
Test:  [ 71/391]  eta: 0:02:33  sploss: 5.2135 (5.3070)  famloss: 2.2497 (2.3441)  manuloss: 1.4683 (1.5172)  acc1: 19.9219 (19.4499)  acc5: 37.8906 (37.3264)  family_acc1: 53.9062 (53.5970)  manu_acc1: 67.9688 (67.7789)  time: 0.3258  data: 0.1339  max mem: 11382
Test:  [ 72/391]  eta: 0:02:43  sploss: 5.2264 (5.3063)  famloss: 2.2497 (2.3431)  manuloss: 1.4334 (1.5138)  acc1: 19.9219 (19.4563)  acc5: 37.5000 (37.3288)  family_acc1: 53.9062 (53.5852)  manu_acc1: 69.1406 (67.8671)  time: 0.4593  data: 0.2651  max mem: 11382
Test:  [ 73/391]  eta: 0:02:41  sploss: 5.2264 (5.3074)  famloss: 2.2496 (2.3388)  manuloss: 1.4200 (1.5097)  acc1: 19.9219 (19.4310)  acc5: 37.5000 (37.3047)  family_acc1: 54.6875 (53.6582)  manu_acc1: 69.5312 (67.9635)  time: 0.4610  data: 0.2651  max mem: 11382
Test:  [ 74/391]  eta: 0:02:40  sploss: 5.1924 (5.3041)  famloss: 2.2483 (2.3359)  manuloss: 1.4200 (1.5072)  acc1: 19.9219 (19.4948)  acc5: 37.5000 (37.3646)  family_acc1: 55.0781 (53.7031)  manu_acc1: 69.5312 (67.9948)  time: 0.4612  data: 0.2651  max mem: 11382
Test:  [ 75/391]  eta: 0:02:38  sploss: 5.1924 (5.3048)  famloss: 2.2483 (2.3373)  manuloss: 1.4200 (1.5078)  acc1: 19.9219 (19.4439)  acc5: 37.5000 (37.3252)  family_acc1: 55.0781 (53.6698)  manu_acc1: 69.5312 (67.9842)  time: 0.4608  data: 0.2651  max mem: 11382
Test:  [ 76/391]  eta: 0:02:36  sploss: 5.1924 (5.3072)  famloss: 2.2483 (2.3365)  manuloss: 1.4148 (1.5066)  acc1: 20.7031 (19.4653)  acc5: 37.1094 (37.3174)  family_acc1: 55.0781 (53.7084)  manu_acc1: 69.5312 (67.9890)  time: 0.4609  data: 0.2651  max mem: 11382
Test:  [ 77/391]  eta: 0:02:34  sploss: 5.2264 (5.3106)  famloss: 2.2341 (2.3352)  manuloss: 1.4130 (1.5049)  acc1: 19.9219 (19.4161)  acc5: 37.1094 (37.3197)  family_acc1: 55.0781 (53.7260)  manu_acc1: 69.9219 (68.0288)  time: 0.4610  data: 0.2651  max mem: 11382
Test:  [ 78/391]  eta: 0:02:32  sploss: 5.2521 (5.3108)  famloss: 2.2483 (2.3352)  manuloss: 1.4148 (1.5051)  acc1: 19.9219 (19.4076)  acc5: 36.7188 (37.2874)  family_acc1: 55.0781 (53.7085)  manu_acc1: 69.5312 (68.0281)  time: 0.4610  data: 0.2651  max mem: 11382
Test:  [ 79/391]  eta: 0:02:31  sploss: 5.2850 (5.3129)  famloss: 2.2496 (2.3379)  manuloss: 1.4148 (1.5050)  acc1: 19.5312 (19.3896)  acc5: 36.3281 (37.2754)  family_acc1: 55.0781 (53.6621)  manu_acc1: 69.9219 (68.0762)  time: 0.4635  data: 0.2651  max mem: 11382
Test:  [ 80/391]  eta: 0:02:30  sploss: 5.3259 (5.3170)  famloss: 2.2553 (2.3413)  manuloss: 1.4334 (1.5049)  acc1: 19.1406 (19.3432)  acc5: 36.3281 (37.2203)  family_acc1: 54.6875 (53.5687)  manu_acc1: 69.9219 (68.0990)  time: 0.3289  data: 0.1316  max mem: 11382
Test:  [ 81/391]  eta: 0:02:28  sploss: 5.3377 (5.3199)  famloss: 2.2751 (2.3408)  manuloss: 1.4961 (1.5051)  acc1: 19.5312 (19.3455)  acc5: 36.3281 (37.1475)  family_acc1: 54.6875 (53.5966)  manu_acc1: 69.9219 (68.1212)  time: 0.3281  data: 0.1316  max mem: 11382
Test:  [ 82/391]  eta: 0:02:27  sploss: 5.3377 (5.3227)  famloss: 2.2751 (2.3456)  manuloss: 1.4961 (1.5087)  acc1: 19.5312 (19.3195)  acc5: 36.3281 (37.1188)  family_acc1: 54.6875 (53.4827)  manu_acc1: 69.9219 (68.0582)  time: 0.3306  data: 0.1316  max mem: 11382
Test:  [ 83/391]  eta: 0:02:25  sploss: 5.3384 (5.3234)  famloss: 2.2788 (2.3477)  manuloss: 1.4961 (1.5109)  acc1: 19.5312 (19.3220)  acc5: 35.9375 (37.0861)  family_acc1: 52.7344 (53.4738)  manu_acc1: 69.9219 (68.0525)  time: 0.3331  data: 0.1316  max mem: 11382
Test:  [ 84/391]  eta: 0:02:33  sploss: 5.3384 (5.3231)  famloss: 2.2788 (2.3506)  manuloss: 1.4961 (1.5109)  acc1: 19.1406 (19.3153)  acc5: 35.9375 (37.0772)  family_acc1: 52.7344 (53.4421)  manu_acc1: 69.9219 (68.0515)  time: 0.4567  data: 0.2531  max mem: 11382
Test:  [ 85/391]  eta: 0:02:31  sploss: 5.3385 (5.3233)  famloss: 2.3034 (2.3532)  manuloss: 1.4962 (1.5125)  acc1: 19.1406 (19.3405)  acc5: 35.9375 (37.0821)  family_acc1: 52.7344 (53.3703)  manu_acc1: 69.9219 (67.9869)  time: 0.4571  data: 0.2531  max mem: 11382
Test:  [ 86/391]  eta: 0:02:30  sploss: 5.3385 (5.3217)  famloss: 2.2788 (2.3506)  manuloss: 1.4962 (1.5098)  acc1: 19.5312 (19.3786)  acc5: 36.3281 (37.1184)  family_acc1: 52.7344 (53.4303)  manu_acc1: 69.9219 (68.0271)  time: 0.4570  data: 0.2531  max mem: 11382
Test:  [ 87/391]  eta: 0:02:28  sploss: 5.3595 (5.3234)  famloss: 2.3034 (2.3513)  manuloss: 1.4962 (1.5092)  acc1: 19.1406 (19.3759)  acc5: 35.9375 (37.0916)  family_acc1: 52.7344 (53.4135)  manu_acc1: 69.9219 (68.0531)  time: 0.4567  data: 0.2531  max mem: 11382
Test:  [ 88/391]  eta: 0:02:27  sploss: 5.3595 (5.3212)  famloss: 2.3034 (2.3499)  manuloss: 1.4580 (1.5082)  acc1: 19.1406 (19.3820)  acc5: 35.9375 (37.1182)  family_acc1: 52.7344 (53.4586)  manu_acc1: 69.9219 (68.0609)  time: 0.4572  data: 0.2531  max mem: 11382
Test:  [ 89/391]  eta: 0:02:25  sploss: 5.3441 (5.3214)  famloss: 2.3034 (2.3508)  manuloss: 1.4165 (1.5069)  acc1: 18.7500 (19.3707)  acc5: 35.5469 (37.0833)  family_acc1: 52.7344 (53.4418)  manu_acc1: 69.9219 (68.1120)  time: 0.4577  data: 0.2531  max mem: 11382
Test:  [ 90/391]  eta: 0:02:24  sploss: 5.3595 (5.3237)  famloss: 2.3341 (2.3512)  manuloss: 1.4580 (1.5065)  acc1: 18.7500 (19.3424)  acc5: 35.5469 (37.0450)  family_acc1: 52.7344 (53.4469)  manu_acc1: 69.9219 (68.1233)  time: 0.4577  data: 0.2531  max mem: 11382
Test:  [ 91/391]  eta: 0:02:22  sploss: 5.3805 (5.3256)  famloss: 2.3878 (2.3548)  manuloss: 1.4740 (1.5087)  acc1: 18.7500 (19.3147)  acc5: 35.5469 (37.0287)  family_acc1: 52.3438 (53.4010)  manu_acc1: 69.1406 (68.0876)  time: 0.4586  data: 0.2531  max mem: 11382
Test:  [ 92/391]  eta: 0:02:21  sploss: 5.3925 (5.3268)  famloss: 2.4070 (2.3585)  manuloss: 1.4962 (1.5098)  acc1: 18.3594 (19.2876)  acc5: 35.5469 (37.0170)  family_acc1: 51.9531 (53.3056)  manu_acc1: 68.7500 (68.0822)  time: 0.3254  data: 0.1219  max mem: 11382
Test:  [ 93/391]  eta: 0:02:19  sploss: 5.4407 (5.3297)  famloss: 2.4070 (2.3585)  manuloss: 1.4962 (1.5087)  acc1: 18.7500 (19.2944)  acc5: 34.7656 (36.9889)  family_acc1: 51.9531 (53.2621)  manu_acc1: 68.7500 (68.1225)  time: 0.3238  data: 0.1219  max mem: 11382
Test:  [ 94/391]  eta: 0:02:18  sploss: 5.4716 (5.3329)  famloss: 2.4336 (2.3596)  manuloss: 1.4962 (1.5082)  acc1: 18.3594 (19.2558)  acc5: 34.7656 (36.9531)  family_acc1: 51.9531 (53.2566)  manu_acc1: 68.7500 (68.1497)  time: 0.3232  data: 0.1219  max mem: 11382
Test:  [ 95/391]  eta: 0:02:17  sploss: 5.4716 (5.3320)  famloss: 2.4336 (2.3609)  manuloss: 1.4962 (1.5092)  acc1: 18.7500 (19.2708)  acc5: 34.7656 (36.9670)  family_acc1: 51.9531 (53.2267)  manu_acc1: 68.7500 (68.1315)  time: 0.3232  data: 0.1219  max mem: 11382
Test:  [ 96/391]  eta: 0:02:25  sploss: 5.4407 (5.3312)  famloss: 2.4638 (2.3620)  manuloss: 1.5005 (1.5107)  acc1: 18.7500 (19.2937)  acc5: 34.7656 (36.9926)  family_acc1: 51.1719 (53.2055)  manu_acc1: 68.7500 (68.0855)  time: 0.4721  data: 0.2703  max mem: 11382
Test:  [ 97/391]  eta: 0:02:23  sploss: 5.4217 (5.3321)  famloss: 2.4680 (2.3633)  manuloss: 1.5106 (1.5121)  acc1: 18.7500 (19.2682)  acc5: 34.7656 (37.0018)  family_acc1: 50.7812 (53.1688)  manu_acc1: 67.9688 (68.0405)  time: 0.4724  data: 0.2703  max mem: 11382
Test:  [ 98/391]  eta: 0:02:22  sploss: 5.4407 (5.3345)  famloss: 2.4825 (2.3662)  manuloss: 1.5106 (1.5153)  acc1: 18.7500 (19.2629)  acc5: 35.5469 (36.9910)  family_acc1: 50.3906 (53.1053)  manu_acc1: 67.9688 (67.9530)  time: 0.4726  data: 0.2703  max mem: 11382
Test:  [ 99/391]  eta: 0:02:20  sploss: 5.4217 (5.3332)  famloss: 2.4680 (2.3656)  manuloss: 1.5221 (1.5164)  acc1: 18.7500 (19.2656)  acc5: 35.5469 (36.9961)  family_acc1: 50.7812 (53.1172)  manu_acc1: 67.5781 (67.9219)  time: 0.4702  data: 0.2703  max mem: 11382
Test:  [100/391]  eta: 0:02:19  sploss: 5.3805 (5.3331)  famloss: 2.4680 (2.3667)  manuloss: 1.5798 (1.5171)  acc1: 18.7500 (19.2528)  acc5: 35.9375 (37.0398)  family_acc1: 50.7812 (53.0902)  manu_acc1: 67.5781 (67.9185)  time: 0.4684  data: 0.2703  max mem: 11382
Test:  [101/391]  eta: 0:02:18  sploss: 5.3441 (5.3323)  famloss: 2.4680 (2.3664)  manuloss: 1.5935 (1.5178)  acc1: 18.7500 (19.2632)  acc5: 35.9375 (37.0443)  family_acc1: 50.7812 (53.0944)  manu_acc1: 67.5781 (67.8845)  time: 0.4669  data: 0.2703  max mem: 11382
Test:  [102/391]  eta: 0:02:16  sploss: 5.3385 (5.3319)  famloss: 2.4680 (2.3682)  manuloss: 1.5935 (1.5203)  acc1: 19.1406 (19.2658)  acc5: 36.3281 (37.0373)  family_acc1: 50.7812 (53.0643)  manu_acc1: 67.5781 (67.8284)  time: 0.4646  data: 0.2703  max mem: 11382
Test:  [103/391]  eta: 0:02:15  sploss: 5.3385 (5.3330)  famloss: 2.4638 (2.3676)  manuloss: 1.5798 (1.5207)  acc1: 18.7500 (19.2420)  acc5: 36.3281 (37.0192)  family_acc1: 50.7812 (53.0611)  manu_acc1: 67.5781 (67.8260)  time: 0.4621  data: 0.2703  max mem: 11382
Test:  [104/391]  eta: 0:02:14  sploss: 5.3412 (5.3330)  famloss: 2.4638 (2.3702)  manuloss: 1.5935 (1.5224)  acc1: 19.1406 (19.2485)  acc5: 36.3281 (37.0275)  family_acc1: 50.3906 (52.9650)  manu_acc1: 66.4062 (67.7753)  time: 0.3389  data: 0.1488  max mem: 11382
Test:  [105/391]  eta: 0:02:13  sploss: 5.3441 (5.3333)  famloss: 2.4638 (2.3711)  manuloss: 1.5798 (1.5225)  acc1: 19.1406 (19.2696)  acc5: 36.3281 (37.0209)  family_acc1: 51.1719 (52.9592)  manu_acc1: 67.5781 (67.7955)  time: 0.3389  data: 0.1488  max mem: 11382
Test:  [106/391]  eta: 0:02:12  sploss: 5.3559 (5.3365)  famloss: 2.4680 (2.3739)  manuloss: 1.5818 (1.5231)  acc1: 18.7500 (19.2538)  acc5: 35.9375 (36.9816)  family_acc1: 50.3906 (52.9206)  manu_acc1: 67.5781 (67.8118)  time: 0.3389  data: 0.1488  max mem: 11382
Test:  [107/391]  eta: 0:02:10  sploss: 5.3559 (5.3382)  famloss: 2.4736 (2.3755)  manuloss: 1.5935 (1.5238)  acc1: 18.3594 (19.2093)  acc5: 35.9375 (36.9430)  family_acc1: 50.3906 (52.9008)  manu_acc1: 66.4062 (67.7915)  time: 0.3395  data: 0.1488  max mem: 11382
Test:  [108/391]  eta: 0:02:16  sploss: 5.3997 (5.3388)  famloss: 2.4754 (2.3783)  manuloss: 1.5958 (1.5276)  acc1: 18.3594 (19.2159)  acc5: 35.9375 (36.9445)  family_acc1: 50.3906 (52.8813)  manu_acc1: 65.6250 (67.7071)  time: 0.4747  data: 0.2821  max mem: 11382
Test:  [109/391]  eta: 0:02:15  sploss: 5.4217 (5.3412)  famloss: 2.4825 (2.3802)  manuloss: 1.6055 (1.5301)  acc1: 17.9688 (19.1619)  acc5: 35.9375 (36.9354)  family_acc1: 50.3906 (52.8374)  manu_acc1: 64.8438 (67.6420)  time: 0.4750  data: 0.2821  max mem: 11382
Test:  [110/391]  eta: 0:02:14  sploss: 5.4217 (5.3444)  famloss: 2.4967 (2.3817)  manuloss: 1.6055 (1.5334)  acc1: 17.9688 (19.1265)  acc5: 35.9375 (36.9017)  family_acc1: 50.3906 (52.8224)  manu_acc1: 64.8438 (67.5570)  time: 0.4756  data: 0.2821  max mem: 11382
Test:  [111/391]  eta: 0:02:13  sploss: 5.3997 (5.3446)  famloss: 2.4825 (2.3824)  manuloss: 1.6055 (1.5351)  acc1: 18.3594 (19.1197)  acc5: 36.3281 (36.9106)  family_acc1: 50.3906 (52.8006)  manu_acc1: 64.4531 (67.5049)  time: 0.4754  data: 0.2821  max mem: 11382
Test:  [112/391]  eta: 0:02:12  sploss: 5.3641 (5.3445)  famloss: 2.4754 (2.3829)  manuloss: 1.6303 (1.5369)  acc1: 18.3594 (19.1061)  acc5: 36.3281 (36.8916)  family_acc1: 50.3906 (52.7759)  manu_acc1: 63.6719 (67.4640)  time: 0.4754  data: 0.2821  max mem: 11382
Test:  [113/391]  eta: 0:02:10  sploss: 5.3612 (5.3447)  famloss: 2.4825 (2.3845)  manuloss: 1.6476 (1.5394)  acc1: 18.3594 (19.0995)  acc5: 36.3281 (36.8969)  family_acc1: 50.3906 (52.7481)  manu_acc1: 63.6719 (67.4205)  time: 0.4756  data: 0.2821  max mem: 11382
Test:  [114/391]  eta: 0:02:09  sploss: 5.3559 (5.3428)  famloss: 2.4825 (2.3840)  manuloss: 1.6495 (1.5403)  acc1: 18.3594 (19.1270)  acc5: 37.1094 (36.9260)  family_acc1: 50.3906 (52.7649)  manu_acc1: 63.6719 (67.4049)  time: 0.4757  data: 0.2821  max mem: 11382
Test:  [115/391]  eta: 0:02:08  sploss: 5.3559 (5.3404)  famloss: 2.4754 (2.3831)  manuloss: 1.6495 (1.5398)  acc1: 18.3594 (19.1171)  acc5: 37.1094 (36.9780)  family_acc1: 50.3906 (52.8017)  manu_acc1: 63.6719 (67.4030)  time: 0.4760  data: 0.2821  max mem: 11382
Test:  [116/391]  eta: 0:02:07  sploss: 5.3559 (5.3389)  famloss: 2.4754 (2.3820)  manuloss: 1.6476 (1.5391)  acc1: 18.3594 (19.1306)  acc5: 36.7188 (36.9758)  family_acc1: 50.3906 (52.8279)  manu_acc1: 63.6719 (67.3945)  time: 0.3270  data: 0.1336  max mem: 11382
Test:  [117/391]  eta: 0:02:06  sploss: 5.3412 (5.3382)  famloss: 2.4754 (2.3829)  manuloss: 1.6303 (1.5397)  acc1: 18.3594 (19.1340)  acc5: 36.7188 (36.9736)  family_acc1: 50.7812 (52.8271)  manu_acc1: 64.4531 (67.3696)  time: 0.3270  data: 0.1336  max mem: 11382
Test:  [118/391]  eta: 0:02:05  sploss: 5.3365 (5.3368)  famloss: 2.4736 (2.3828)  manuloss: 1.6188 (1.5397)  acc1: 18.3594 (19.1570)  acc5: 36.7188 (37.0142)  family_acc1: 50.7812 (52.8000)  manu_acc1: 64.4531 (67.3746)  time: 0.3273  data: 0.1336  max mem: 11382
Test:  [119/391]  eta: 0:02:04  sploss: 5.3365 (5.3349)  famloss: 2.4736 (2.3804)  manuloss: 1.6055 (1.5372)  acc1: 18.3594 (19.1927)  acc5: 36.7188 (37.0280)  family_acc1: 50.7812 (52.8516)  manu_acc1: 64.4531 (67.4284)  time: 0.3274  data: 0.1336  max mem: 11382
Test:  [120/391]  eta: 0:02:09  sploss: 5.3365 (5.3341)  famloss: 2.4681 (2.3789)  manuloss: 1.6055 (1.5368)  acc1: 19.5312 (19.2310)  acc5: 36.7188 (37.0480)  family_acc1: 50.7812 (52.8893)  manu_acc1: 64.4531 (67.4296)  time: 0.4633  data: 0.2688  max mem: 11382
Test:  [121/391]  eta: 0:02:08  sploss: 5.3365 (5.3330)  famloss: 2.4681 (2.3776)  manuloss: 1.6055 (1.5365)  acc1: 19.5312 (19.2559)  acc5: 36.7188 (37.0613)  family_acc1: 50.7812 (52.9201)  manu_acc1: 65.6250 (67.4308)  time: 0.4637  data: 0.2688  max mem: 11382
Test:  [122/391]  eta: 0:02:07  sploss: 5.3365 (5.3297)  famloss: 2.4403 (2.3769)  manuloss: 1.5818 (1.5356)  acc1: 19.5312 (19.3089)  acc5: 37.1094 (37.1126)  family_acc1: 51.1719 (52.9186)  manu_acc1: 65.6250 (67.4574)  time: 0.4637  data: 0.2687  max mem: 11382
Test:  [123/391]  eta: 0:02:05  sploss: 5.2569 (5.3287)  famloss: 2.4403 (2.3756)  manuloss: 1.5818 (1.5347)  acc1: 19.9219 (19.3170)  acc5: 37.1094 (37.1062)  family_acc1: 51.1719 (52.9234)  manu_acc1: 65.6250 (67.4584)  time: 0.4637  data: 0.2687  max mem: 11382
Test:  [124/391]  eta: 0:02:04  sploss: 5.2569 (5.3286)  famloss: 2.3710 (2.3755)  manuloss: 1.5404 (1.5346)  acc1: 19.9219 (19.3344)  acc5: 37.1094 (37.1063)  family_acc1: 51.1719 (52.9094)  manu_acc1: 65.6250 (67.4375)  time: 0.4632  data: 0.2688  max mem: 11382
Test:  [125/391]  eta: 0:02:03  sploss: 5.2301 (5.3272)  famloss: 2.3703 (2.3740)  manuloss: 1.5316 (1.5334)  acc1: 19.5312 (19.3266)  acc5: 37.1094 (37.1156)  family_acc1: 51.1719 (52.9669)  manu_acc1: 65.6250 (67.4510)  time: 0.4630  data: 0.2688  max mem: 11382
Test:  [126/391]  eta: 0:02:02  sploss: 5.2301 (5.3273)  famloss: 2.3255 (2.3719)  manuloss: 1.5186 (1.5306)  acc1: 19.5312 (19.3036)  acc5: 37.1094 (37.1032)  family_acc1: 52.7344 (52.9866)  manu_acc1: 65.6250 (67.5074)  time: 0.4633  data: 0.2688  max mem: 11382
Test:  [127/391]  eta: 0:02:01  sploss: 5.2092 (5.3231)  famloss: 2.2940 (2.3702)  manuloss: 1.4996 (1.5287)  acc1: 19.9219 (19.3237)  acc5: 37.5000 (37.1735)  family_acc1: 52.7344 (53.0212)  manu_acc1: 66.4062 (67.5507)  time: 0.4629  data: 0.2688  max mem: 11382
Test:  [128/391]  eta: 0:02:00  sploss: 5.2081 (5.3218)  famloss: 2.2940 (2.3705)  manuloss: 1.4996 (1.5286)  acc1: 20.3125 (19.3526)  acc5: 37.8906 (37.2063)  family_acc1: 52.7344 (53.0130)  manu_acc1: 67.1875 (67.5660)  time: 0.3282  data: 0.1355  max mem: 11382
Test:  [129/391]  eta: 0:01:59  sploss: 5.2081 (5.3231)  famloss: 2.2940 (2.3700)  manuloss: 1.4914 (1.5277)  acc1: 20.3125 (19.3149)  acc5: 37.8906 (37.1695)  family_acc1: 53.5156 (53.0228)  manu_acc1: 67.5781 (67.5721)  time: 0.3280  data: 0.1355  max mem: 11382
Test:  [130/391]  eta: 0:01:58  sploss: 5.1733 (5.3208)  famloss: 2.2769 (2.3680)  manuloss: 1.4816 (1.5266)  acc1: 20.7031 (19.3404)  acc5: 38.2812 (37.2227)  family_acc1: 54.2969 (53.0773)  manu_acc1: 67.5781 (67.6050)  time: 0.3273  data: 0.1355  max mem: 11382
Test:  [131/391]  eta: 0:01:57  sploss: 5.1567 (5.3188)  famloss: 2.2579 (2.3662)  manuloss: 1.4478 (1.5243)  acc1: 20.7031 (19.3359)  acc5: 38.6719 (37.2485)  family_acc1: 54.6875 (53.1132)  manu_acc1: 67.5781 (67.6491)  time: 0.3270  data: 0.1355  max mem: 11382
Test:  [132/391]  eta: 0:02:01  sploss: 5.1531 (5.3147)  famloss: 2.2202 (2.3636)  manuloss: 1.4284 (1.5226)  acc1: 21.4844 (19.3961)  acc5: 38.6719 (37.3120)  family_acc1: 55.4688 (53.1544)  manu_acc1: 67.9688 (67.6985)  time: 0.4559  data: 0.2625  max mem: 11382
Test:  [133/391]  eta: 0:02:00  sploss: 5.1531 (5.3137)  famloss: 2.2137 (2.3617)  manuloss: 1.4209 (1.5214)  acc1: 21.4844 (19.3913)  acc5: 39.4531 (37.3513)  family_acc1: 55.8594 (53.2095)  manu_acc1: 68.3594 (67.7414)  time: 0.4567  data: 0.2625  max mem: 11382
Test:  [134/391]  eta: 0:01:59  sploss: 5.1531 (5.3109)  famloss: 2.1932 (2.3596)  manuloss: 1.4199 (1.5196)  acc1: 20.7031 (19.4010)  acc5: 39.4531 (37.3785)  family_acc1: 56.2500 (53.2321)  manu_acc1: 69.1406 (67.7546)  time: 0.4567  data: 0.2625  max mem: 11382
Test:  [135/391]  eta: 0:01:58  sploss: 5.1531 (5.3060)  famloss: 2.1762 (2.3566)  manuloss: 1.3927 (1.5169)  acc1: 21.4844 (19.4451)  acc5: 39.4531 (37.4454)  family_acc1: 56.2500 (53.2973)  manu_acc1: 69.5312 (67.8309)  time: 0.4567  data: 0.2625  max mem: 11382
Test:  [136/391]  eta: 0:01:57  sploss: 5.1490 (5.3025)  famloss: 2.1762 (2.3555)  manuloss: 1.3927 (1.5161)  acc1: 21.8750 (19.4828)  acc5: 40.6250 (37.4943)  family_acc1: 56.6406 (53.3217)  manu_acc1: 69.5312 (67.8461)  time: 0.4564  data: 0.2625  max mem: 11382
Test:  [137/391]  eta: 0:01:56  sploss: 5.1130 (5.2997)  famloss: 2.1607 (2.3540)  manuloss: 1.3850 (1.5146)  acc1: 21.8750 (19.5086)  acc5: 41.0156 (37.5226)  family_acc1: 56.6406 (53.3684)  manu_acc1: 69.9219 (67.8810)  time: 0.4560  data: 0.2625  max mem: 11382
Test:  [138/391]  eta: 0:01:55  sploss: 5.1130 (5.2995)  famloss: 2.1607 (2.3532)  manuloss: 1.3850 (1.5140)  acc1: 22.2656 (19.5341)  acc5: 40.6250 (37.5281)  family_acc1: 56.6406 (53.3864)  manu_acc1: 69.9219 (67.8929)  time: 0.4554  data: 0.2625  max mem: 11382
Test:  [139/391]  eta: 0:01:55  sploss: 5.1024 (5.2981)  famloss: 2.1762 (2.3526)  manuloss: 1.3850 (1.5120)  acc1: 22.2656 (19.5592)  acc5: 41.0156 (37.5558)  family_acc1: 56.6406 (53.4068)  manu_acc1: 69.9219 (67.9492)  time: 0.4552  data: 0.2625  max mem: 11382
Test:  [140/391]  eta: 0:01:54  sploss: 5.0601 (5.2954)  famloss: 2.1607 (2.3489)  manuloss: 1.3632 (1.5097)  acc1: 21.8750 (19.5645)  acc5: 41.4062 (37.5831)  family_acc1: 56.6406 (53.4491)  manu_acc1: 70.7031 (67.9965)  time: 0.3192  data: 0.1274  max mem: 11382
Test:  [141/391]  eta: 0:01:53  sploss: 5.0601 (5.2958)  famloss: 2.1607 (2.3477)  manuloss: 1.3230 (1.5084)  acc1: 21.4844 (19.5340)  acc5: 41.4062 (37.5908)  family_acc1: 56.2500 (53.4496)  manu_acc1: 71.8750 (68.0238)  time: 0.3184  data: 0.1274  max mem: 11382
Test:  [142/391]  eta: 0:01:52  sploss: 5.1024 (5.2953)  famloss: 2.1607 (2.3480)  manuloss: 1.3230 (1.5082)  acc1: 20.7031 (19.5176)  acc5: 41.0156 (37.5929)  family_acc1: 56.2500 (53.4309)  manu_acc1: 71.8750 (68.0261)  time: 0.3182  data: 0.1274  max mem: 11382
Test:  [143/391]  eta: 0:01:51  sploss: 5.0601 (5.2919)  famloss: 2.1382 (2.3453)  manuloss: 1.3093 (1.5059)  acc1: 21.4844 (19.5340)  acc5: 41.4062 (37.6546)  family_acc1: 56.6406 (53.4912)  manu_acc1: 71.8750 (68.0718)  time: 0.3178  data: 0.1274  max mem: 11382
Test:  [144/391]  eta: 0:01:55  sploss: 5.0601 (5.2912)  famloss: 2.1382 (2.3441)  manuloss: 1.3093 (1.5048)  acc1: 21.8750 (19.5582)  acc5: 41.4062 (37.6697)  family_acc1: 57.4219 (53.5210)  manu_acc1: 71.8750 (68.0819)  time: 0.4583  data: 0.2646  max mem: 11382
Test:  [145/391]  eta: 0:01:54  sploss: 5.0601 (5.2902)  famloss: 2.1382 (2.3437)  manuloss: 1.3093 (1.5045)  acc1: 21.8750 (19.5580)  acc5: 41.4062 (37.6846)  family_acc1: 56.6406 (53.5183)  manu_acc1: 71.8750 (68.0838)  time: 0.4612  data: 0.2646  max mem: 11382
Test:  [146/391]  eta: 0:01:53  sploss: 5.0601 (5.2893)  famloss: 2.1427 (2.3423)  manuloss: 1.3230 (1.5033)  acc1: 21.8750 (19.5950)  acc5: 41.4062 (37.7020)  family_acc1: 56.6406 (53.5209)  manu_acc1: 71.8750 (68.1069)  time: 0.4630  data: 0.2646  max mem: 11382
Test:  [147/391]  eta: 0:01:52  sploss: 5.0601 (5.2868)  famloss: 2.1382 (2.3405)  manuloss: 1.3284 (1.5025)  acc1: 22.6562 (19.6500)  acc5: 41.4062 (37.7692)  family_acc1: 56.6406 (53.5473)  manu_acc1: 71.4844 (68.1139)  time: 0.4629  data: 0.2646  max mem: 11382
Test:  [148/391]  eta: 0:01:51  sploss: 5.0601 (5.2864)  famloss: 2.1382 (2.3396)  manuloss: 1.3284 (1.5016)  acc1: 21.8750 (19.6361)  acc5: 41.0156 (37.7858)  family_acc1: 56.6406 (53.5576)  manu_acc1: 71.8750 (68.1392)  time: 0.4624  data: 0.2646  max mem: 11382
Test:  [149/391]  eta: 0:01:50  sploss: 5.0601 (5.2853)  famloss: 2.1382 (2.3387)  manuloss: 1.3284 (1.5007)  acc1: 22.6562 (19.6562)  acc5: 41.0156 (37.7969)  family_acc1: 56.6406 (53.5573)  manu_acc1: 71.8750 (68.1458)  time: 0.4618  data: 0.2646  max mem: 11382
Test:  [150/391]  eta: 0:01:49  sploss: 5.1024 (5.2866)  famloss: 2.1427 (2.3384)  manuloss: 1.3284 (1.5001)  acc1: 21.8750 (19.6632)  acc5: 40.6250 (37.7794)  family_acc1: 56.2500 (53.5544)  manu_acc1: 71.4844 (68.1628)  time: 0.4616  data: 0.2646  max mem: 11382
Test:  [151/391]  eta: 0:01:49  sploss: 5.1332 (5.2864)  famloss: 2.1645 (2.3379)  manuloss: 1.3488 (1.4998)  acc1: 21.8750 (19.6623)  acc5: 40.2344 (37.7955)  family_acc1: 56.2500 (53.5567)  manu_acc1: 70.7031 (68.1589)  time: 0.4614  data: 0.2646  max mem: 11382
Test:  [152/391]  eta: 0:01:48  sploss: 5.1332 (5.2851)  famloss: 2.1688 (2.3368)  manuloss: 1.3555 (1.4988)  acc1: 21.4844 (19.6742)  acc5: 40.2344 (37.8013)  family_acc1: 55.8594 (53.5667)  manu_acc1: 70.7031 (68.1807)  time: 0.3318  data: 0.1376  max mem: 11382
Test:  [153/391]  eta: 0:01:47  sploss: 5.1332 (5.2845)  famloss: 2.1792 (2.3361)  manuloss: 1.3555 (1.4985)  acc1: 21.4844 (19.6860)  acc5: 40.2344 (37.8145)  family_acc1: 55.0781 (53.5714)  manu_acc1: 69.9219 (68.1818)  time: 0.3311  data: 0.1376  max mem: 11382
Test:  [154/391]  eta: 0:01:46  sploss: 5.1419 (5.2852)  famloss: 2.2029 (2.3365)  manuloss: 1.3601 (1.4986)  acc1: 21.4844 (19.6774)  acc5: 39.8438 (37.7999)  family_acc1: 55.0781 (53.5635)  manu_acc1: 69.9219 (68.1804)  time: 0.3320  data: 0.1376  max mem: 11382
Test:  [155/391]  eta: 0:01:45  sploss: 5.1591 (5.2848)  famloss: 2.2029 (2.3369)  manuloss: 1.3601 (1.4975)  acc1: 21.4844 (19.6715)  acc5: 39.8438 (37.8030)  family_acc1: 54.2969 (53.5532)  manu_acc1: 69.9219 (68.1966)  time: 0.3320  data: 0.1376  max mem: 11382
Test:  [156/391]  eta: 0:01:48  sploss: 5.1854 (5.2852)  famloss: 2.2029 (2.3366)  manuloss: 1.3601 (1.4968)  acc1: 20.7031 (19.6656)  acc5: 39.8438 (37.7861)  family_acc1: 53.9062 (53.5380)  manu_acc1: 70.7031 (68.2176)  time: 0.4534  data: 0.2559  max mem: 11382
Test:  [157/391]  eta: 0:01:47  sploss: 5.2020 (5.2860)  famloss: 2.2422 (2.3383)  manuloss: 1.3757 (1.4983)  acc1: 20.7031 (19.6722)  acc5: 39.4531 (37.7769)  family_acc1: 53.9062 (53.5057)  manu_acc1: 69.5312 (68.1740)  time: 0.4542  data: 0.2559  max mem: 11382
Test:  [158/391]  eta: 0:01:47  sploss: 5.2020 (5.2865)  famloss: 2.2422 (2.3393)  manuloss: 1.3757 (1.4986)  acc1: 20.7031 (19.6836)  acc5: 39.4531 (37.7874)  family_acc1: 53.5156 (53.4960)  manu_acc1: 69.5312 (68.1727)  time: 0.4761  data: 0.2755  max mem: 11382
Test:  [159/391]  eta: 0:01:46  sploss: 5.2237 (5.2884)  famloss: 2.2422 (2.3397)  manuloss: 1.3764 (1.4995)  acc1: 20.3125 (19.6484)  acc5: 39.4531 (37.7539)  family_acc1: 53.5156 (53.4937)  manu_acc1: 69.1406 (68.1616)  time: 0.4761  data: 0.2755  max mem: 11382
Test:  [160/391]  eta: 0:01:45  sploss: 5.2237 (5.2878)  famloss: 2.2612 (2.3408)  manuloss: 1.3860 (1.5004)  acc1: 20.3125 (19.6526)  acc5: 39.4531 (37.7669)  family_acc1: 53.1250 (53.4720)  manu_acc1: 69.1406 (68.1410)  time: 0.4761  data: 0.2755  max mem: 11382
Test:  [161/391]  eta: 0:01:44  sploss: 5.2237 (5.2880)  famloss: 2.2890 (2.3413)  manuloss: 1.4159 (1.5009)  acc1: 20.3125 (19.6566)  acc5: 39.4531 (37.7918)  family_acc1: 53.1250 (53.4626)  manu_acc1: 68.3594 (68.1375)  time: 0.4761  data: 0.2755  max mem: 11382
Test:  [162/391]  eta: 0:01:43  sploss: 5.2059 (5.2875)  famloss: 2.2890 (2.3421)  manuloss: 1.4159 (1.5009)  acc1: 20.7031 (19.6678)  acc5: 39.8438 (37.8044)  family_acc1: 53.1250 (53.4437)  manu_acc1: 69.1406 (68.1461)  time: 0.4763  data: 0.2755  max mem: 11382
Test:  [163/391]  eta: 0:01:43  sploss: 5.2237 (5.2894)  famloss: 2.2904 (2.3433)  manuloss: 1.4435 (1.5016)  acc1: 20.3125 (19.6694)  acc5: 39.4531 (37.7906)  family_acc1: 53.1250 (53.4108)  manu_acc1: 68.3594 (68.1379)  time: 0.4765  data: 0.2755  max mem: 11382
Test:  [164/391]  eta: 0:01:42  sploss: 5.2280 (5.2910)  famloss: 2.2974 (2.3444)  manuloss: 1.4435 (1.5011)  acc1: 20.3125 (19.6520)  acc5: 39.4531 (37.7580)  family_acc1: 52.3438 (53.3830)  manu_acc1: 68.3594 (68.1439)  time: 0.3361  data: 0.1383  max mem: 11382
Test:  [165/391]  eta: 0:01:41  sploss: 5.2280 (5.2899)  famloss: 2.2974 (2.3437)  manuloss: 1.4435 (1.5015)  acc1: 20.3125 (19.6630)  acc5: 39.4531 (37.7777)  family_acc1: 52.3438 (53.4097)  manu_acc1: 68.7500 (68.1476)  time: 0.3330  data: 0.1383  max mem: 11382
Test:  [166/391]  eta: 0:01:40  sploss: 5.2524 (5.2909)  famloss: 2.3873 (2.3443)  manuloss: 1.4463 (1.5023)  acc1: 20.3125 (19.6716)  acc5: 39.4531 (37.7877)  family_acc1: 52.3438 (53.4197)  manu_acc1: 68.3594 (68.1372)  time: 0.3313  data: 0.1383  max mem: 11382
Test:  [167/391]  eta: 0:01:39  sploss: 5.3244 (5.2916)  famloss: 2.3924 (2.3448)  manuloss: 1.4930 (1.5023)  acc1: 20.3125 (19.6708)  acc5: 38.6719 (37.7906)  family_acc1: 51.9531 (53.4063)  manu_acc1: 67.9688 (68.1362)  time: 0.3313  data: 0.1383  max mem: 11382
Test:  [168/391]  eta: 0:01:42  sploss: 5.3244 (5.2900)  famloss: 2.3924 (2.3444)  manuloss: 1.4930 (1.5020)  acc1: 20.3125 (19.6746)  acc5: 38.6719 (37.8051)  family_acc1: 51.9531 (53.4047)  manu_acc1: 67.9688 (68.1375)  time: 0.4521  data: 0.2559  max mem: 11382
Test:  [169/391]  eta: 0:01:41  sploss: 5.3380 (5.2923)  famloss: 2.4002 (2.3470)  manuloss: 1.5000 (1.5044)  acc1: 20.3125 (19.6301)  acc5: 38.2812 (37.7665)  family_acc1: 51.9531 (53.3732)  manu_acc1: 67.9688 (68.0836)  time: 0.4526  data: 0.2559  max mem: 11382
Test:  [170/391]  eta: 0:01:41  sploss: 5.3380 (5.2933)  famloss: 2.4155 (2.3482)  manuloss: 1.5168 (1.5059)  acc1: 19.9219 (19.6295)  acc5: 38.2812 (37.7673)  family_acc1: 51.9531 (53.3603)  manu_acc1: 67.9688 (68.0647)  time: 0.4689  data: 0.2712  max mem: 11382
Test:  [171/391]  eta: 0:01:40  sploss: 5.3676 (5.2942)  famloss: 2.4155 (2.3486)  manuloss: 1.5168 (1.5054)  acc1: 19.9219 (19.6062)  acc5: 38.2812 (37.7475)  family_acc1: 51.9531 (53.3657)  manu_acc1: 67.9688 (68.0732)  time: 0.4698  data: 0.2712  max mem: 11382
Test:  [172/391]  eta: 0:01:39  sploss: 5.3914 (5.2951)  famloss: 2.4207 (2.3493)  manuloss: 1.5511 (1.5060)  acc1: 19.5312 (19.5877)  acc5: 37.8906 (37.7168)  family_acc1: 51.1719 (53.3372)  manu_acc1: 67.9688 (68.0478)  time: 0.4714  data: 0.2712  max mem: 11382
Test:  [173/391]  eta: 0:01:38  sploss: 5.4208 (5.2959)  famloss: 2.4207 (2.3496)  manuloss: 1.5511 (1.5057)  acc1: 19.5312 (19.5964)  acc5: 36.3281 (37.7088)  family_acc1: 51.1719 (53.3517)  manu_acc1: 67.9688 (68.0608)  time: 0.4713  data: 0.2712  max mem: 11382
Test:  [174/391]  eta: 0:01:37  sploss: 5.4208 (5.2962)  famloss: 2.4522 (2.3502)  manuloss: 1.5511 (1.5057)  acc1: 19.5312 (19.5670)  acc5: 36.3281 (37.6964)  family_acc1: 51.1719 (53.3393)  manu_acc1: 67.5781 (68.0580)  time: 0.4703  data: 0.2712  max mem: 11382
Test:  [175/391]  eta: 0:01:37  sploss: 5.4208 (5.2961)  famloss: 2.4588 (2.3524)  manuloss: 1.5793 (1.5063)  acc1: 19.9219 (19.6001)  acc5: 36.3281 (37.6998)  family_acc1: 51.1719 (53.2959)  manu_acc1: 67.5781 (68.0398)  time: 0.4699  data: 0.2712  max mem: 11382
Test:  [176/391]  eta: 0:01:36  sploss: 5.4212 (5.2976)  famloss: 2.4687 (2.3539)  manuloss: 1.5793 (1.5065)  acc1: 20.3125 (19.6063)  acc5: 36.3281 (37.6766)  family_acc1: 51.1719 (53.2817)  manu_acc1: 67.1875 (68.0350)  time: 0.3484  data: 0.1529  max mem: 11382
Test:  [177/391]  eta: 0:01:35  sploss: 5.4261 (5.3010)  famloss: 2.4687 (2.3564)  manuloss: 1.5793 (1.5082)  acc1: 19.9219 (19.5883)  acc5: 36.3281 (37.6119)  family_acc1: 51.1719 (53.2457)  manu_acc1: 67.1875 (68.0017)  time: 0.3478  data: 0.1529  max mem: 11382
Test:  [178/391]  eta: 0:01:34  sploss: 5.4458 (5.3023)  famloss: 2.4687 (2.3579)  manuloss: 1.5793 (1.5083)  acc1: 19.9219 (19.5902)  acc5: 36.3281 (37.6091)  family_acc1: 50.7812 (53.2297)  manu_acc1: 67.1875 (67.9993)  time: 0.3261  data: 0.1334  max mem: 11382
Test:  [179/391]  eta: 0:01:34  sploss: 5.4353 (5.3030)  famloss: 2.4695 (2.3588)  manuloss: 1.5793 (1.5091)  acc1: 19.9219 (19.5812)  acc5: 36.3281 (37.5890)  family_acc1: 50.3906 (53.2118)  manu_acc1: 67.5781 (67.9991)  time: 0.3262  data: 0.1333  max mem: 11382
Test:  [180/391]  eta: 0:01:36  sploss: 5.4353 (5.3036)  famloss: 2.4687 (2.3587)  manuloss: 1.5430 (1.5090)  acc1: 19.5312 (19.5636)  acc5: 36.3281 (37.5971)  family_acc1: 50.7812 (53.2135)  manu_acc1: 67.5781 (68.0098)  time: 0.4469  data: 0.2516  max mem: 11382
Test:  [181/391]  eta: 0:01:35  sploss: 5.4353 (5.3037)  famloss: 2.4695 (2.3595)  manuloss: 1.5212 (1.5089)  acc1: 19.5312 (19.5720)  acc5: 36.3281 (37.5966)  family_acc1: 50.3906 (53.1980)  manu_acc1: 67.5781 (68.0181)  time: 0.4474  data: 0.2516  max mem: 11382
Test:  [182/391]  eta: 0:01:34  sploss: 5.4353 (5.3038)  famloss: 2.4962 (2.3603)  manuloss: 1.5430 (1.5099)  acc1: 19.5312 (19.5739)  acc5: 36.3281 (37.5918)  family_acc1: 50.7812 (53.1912)  manu_acc1: 67.5781 (67.9944)  time: 0.4570  data: 0.2604  max mem: 11382
Test:  [183/391]  eta: 0:01:34  sploss: 5.4261 (5.3043)  famloss: 2.4687 (2.3603)  manuloss: 1.5430 (1.5102)  acc1: 19.5312 (19.5652)  acc5: 36.3281 (37.5785)  family_acc1: 51.1719 (53.2099)  manu_acc1: 67.5781 (67.9688)  time: 0.4569  data: 0.2604  max mem: 11382
Test:  [184/391]  eta: 0:01:33  sploss: 5.4261 (5.3050)  famloss: 2.4687 (2.3620)  manuloss: 1.5697 (1.5116)  acc1: 19.5312 (19.5650)  acc5: 36.3281 (37.5633)  family_acc1: 51.1719 (53.1715)  manu_acc1: 67.1875 (67.9265)  time: 0.4568  data: 0.2604  max mem: 11382
Test:  [185/391]  eta: 0:01:32  sploss: 5.4261 (5.3056)  famloss: 2.4687 (2.3623)  manuloss: 1.5430 (1.5114)  acc1: 19.5312 (19.5523)  acc5: 36.3281 (37.5588)  family_acc1: 51.1719 (53.1607)  manu_acc1: 67.1875 (67.9372)  time: 0.4572  data: 0.2604  max mem: 11382
Test:  [186/391]  eta: 0:01:31  sploss: 5.4261 (5.3064)  famloss: 2.4687 (2.3621)  manuloss: 1.5430 (1.5117)  acc1: 19.5312 (19.5521)  acc5: 35.5469 (37.5480)  family_acc1: 50.7812 (53.1480)  manu_acc1: 67.1875 (67.9249)  time: 0.4572  data: 0.2604  max mem: 11382
Test:  [187/391]  eta: 0:01:31  sploss: 5.4261 (5.3065)  famloss: 2.4962 (2.3630)  manuloss: 1.5672 (1.5121)  acc1: 19.5312 (19.5583)  acc5: 35.5469 (37.5374)  family_acc1: 50.7812 (53.1208)  manu_acc1: 66.0156 (67.9147)  time: 0.4573  data: 0.2604  max mem: 11382
Test:  [188/391]  eta: 0:01:30  sploss: 5.4261 (5.3059)  famloss: 2.4962 (2.3631)  manuloss: 1.5697 (1.5126)  acc1: 19.5312 (19.5705)  acc5: 35.5469 (37.5496)  family_acc1: 50.3906 (53.0961)  manu_acc1: 65.6250 (67.8964)  time: 0.3367  data: 0.1428  max mem: 11382
Test:  [189/391]  eta: 0:01:29  sploss: 5.4187 (5.3057)  famloss: 2.4687 (2.3636)  manuloss: 1.5672 (1.5126)  acc1: 19.5312 (19.5765)  acc5: 35.5469 (37.5658)  family_acc1: 50.3906 (53.0777)  manu_acc1: 65.6250 (67.8783)  time: 0.3365  data: 0.1428  max mem: 11382
Test:  [190/391]  eta: 0:01:29  sploss: 5.4187 (5.3068)  famloss: 2.4687 (2.3644)  manuloss: 1.5672 (1.5137)  acc1: 19.5312 (19.5681)  acc5: 35.5469 (37.5573)  family_acc1: 50.3906 (53.0739)  manu_acc1: 65.6250 (67.8604)  time: 0.3206  data: 0.1274  max mem: 11382
Test:  [191/391]  eta: 0:01:28  sploss: 5.4158 (5.3063)  famloss: 2.4687 (2.3641)  manuloss: 1.5672 (1.5134)  acc1: 19.5312 (19.5557)  acc5: 35.9375 (37.5590)  family_acc1: 50.3906 (53.0680)  manu_acc1: 65.6250 (67.8528)  time: 0.3200  data: 0.1274  max mem: 11382
Test:  [192/391]  eta: 0:01:30  sploss: 5.4021 (5.3064)  famloss: 2.4588 (2.3642)  manuloss: 1.5430 (1.5132)  acc1: 19.5312 (19.5657)  acc5: 36.3281 (37.5708)  family_acc1: 50.7812 (53.0663)  manu_acc1: 66.0156 (67.8615)  time: 0.4672  data: 0.2729  max mem: 11382
Test:  [193/391]  eta: 0:01:30  sploss: 5.3538 (5.3041)  famloss: 2.4588 (2.3644)  manuloss: 1.5672 (1.5137)  acc1: 19.5312 (19.5957)  acc5: 36.7188 (37.6248)  family_acc1: 50.7812 (53.0606)  manu_acc1: 66.0156 (67.8761)  time: 0.4684  data: 0.2729  max mem: 11382
Test:  [194/391]  eta: 0:01:29  sploss: 5.3270 (5.3041)  famloss: 2.4564 (2.3647)  manuloss: 1.5697 (1.5142)  acc1: 19.9219 (19.5974)  acc5: 36.7188 (37.6242)  family_acc1: 50.3906 (53.0429)  manu_acc1: 65.6250 (67.8606)  time: 0.4688  data: 0.2729  max mem: 11382
Test:  [195/391]  eta: 0:01:28  sploss: 5.3270 (5.3032)  famloss: 2.4208 (2.3637)  manuloss: 1.5672 (1.5134)  acc1: 19.9219 (19.6150)  acc5: 36.7188 (37.6236)  family_acc1: 50.7812 (53.0552)  manu_acc1: 66.0156 (67.8771)  time: 0.4690  data: 0.2729  max mem: 11382
Test:  [196/391]  eta: 0:01:27  sploss: 5.3232 (5.3027)  famloss: 2.4166 (2.3634)  manuloss: 1.5672 (1.5131)  acc1: 19.9219 (19.6264)  acc5: 36.7188 (37.6150)  family_acc1: 50.7812 (53.0516)  manu_acc1: 66.0156 (67.8795)  time: 0.4693  data: 0.2729  max mem: 11382
Test:  [197/391]  eta: 0:01:27  sploss: 5.3232 (5.3038)  famloss: 2.4166 (2.3643)  manuloss: 1.5672 (1.5139)  acc1: 19.9219 (19.6398)  acc5: 37.1094 (37.6125)  family_acc1: 50.7812 (53.0323)  manu_acc1: 66.0156 (67.8583)  time: 0.4697  data: 0.2729  max mem: 11382
Test:  [198/391]  eta: 0:01:26  sploss: 5.3175 (5.3015)  famloss: 2.3982 (2.3638)  manuloss: 1.5672 (1.5133)  acc1: 19.9219 (19.6667)  acc5: 37.1094 (37.6551)  family_acc1: 51.1719 (53.0426)  manu_acc1: 66.0156 (67.8686)  time: 0.4700  data: 0.2729  max mem: 11382
Test:  [199/391]  eta: 0:01:25  sploss: 5.3150 (5.3009)  famloss: 2.3982 (2.3646)  manuloss: 1.5672 (1.5139)  acc1: 20.7031 (19.6816)  acc5: 37.5000 (37.6660)  family_acc1: 51.1719 (53.0137)  manu_acc1: 65.6250 (67.8574)  time: 0.4702  data: 0.2729  max mem: 11382
Test:  [200/391]  eta: 0:01:25  sploss: 5.3026 (5.2996)  famloss: 2.3982 (2.3645)  manuloss: 1.5697 (1.5142)  acc1: 20.7031 (19.6964)  acc5: 37.5000 (37.7079)  family_acc1: 51.1719 (53.0181)  manu_acc1: 65.6250 (67.8463)  time: 0.3496  data: 0.1546  max mem: 11382
Test:  [201/391]  eta: 0:01:24  sploss: 5.2580 (5.2992)  famloss: 2.3950 (2.3642)  manuloss: 1.5697 (1.5142)  acc1: 20.7031 (19.6879)  acc5: 37.5000 (37.7243)  family_acc1: 51.9531 (53.0399)  manu_acc1: 65.6250 (67.8527)  time: 0.3492  data: 0.1546  max mem: 11382
Test:  [202/391]  eta: 0:01:23  sploss: 5.2131 (5.2986)  famloss: 2.3950 (2.3648)  manuloss: 1.5697 (1.5146)  acc1: 20.7031 (19.6910)  acc5: 37.5000 (37.7213)  family_acc1: 51.9531 (53.0423)  manu_acc1: 65.6250 (67.8552)  time: 0.3397  data: 0.1459  max mem: 11382
Test:  [203/391]  eta: 0:01:23  sploss: 5.2120 (5.2974)  famloss: 2.3950 (2.3649)  manuloss: 1.5672 (1.5144)  acc1: 20.7031 (19.6902)  acc5: 37.5000 (37.7259)  family_acc1: 51.9531 (53.0427)  manu_acc1: 66.0156 (67.8634)  time: 0.3400  data: 0.1459  max mem: 11382
Test:  [204/391]  eta: 0:01:24  sploss: 5.2043 (5.2963)  famloss: 2.3885 (2.3644)  manuloss: 1.5207 (1.5144)  acc1: 20.7031 (19.7142)  acc5: 37.5000 (37.7229)  family_acc1: 51.9531 (53.0678)  manu_acc1: 66.4062 (67.8678)  time: 0.4788  data: 0.2823  max mem: 11382
Test:  [205/391]  eta: 0:01:24  sploss: 5.2043 (5.2959)  famloss: 2.3885 (2.3650)  manuloss: 1.5672 (1.5155)  acc1: 21.4844 (19.7247)  acc5: 37.8906 (37.7370)  family_acc1: 51.9531 (53.0586)  manu_acc1: 66.0156 (67.8360)  time: 0.4795  data: 0.2823  max mem: 11382
Test:  [206/391]  eta: 0:01:23  sploss: 5.1970 (5.2939)  famloss: 2.3885 (2.3645)  manuloss: 1.5734 (1.5157)  acc1: 21.8750 (19.7445)  acc5: 38.6719 (37.7755)  family_acc1: 52.3438 (53.0608)  manu_acc1: 66.0156 (67.8159)  time: 0.4799  data: 0.2823  max mem: 11382
Test:  [207/391]  eta: 0:01:22  sploss: 5.1970 (5.2939)  famloss: 2.3774 (2.3645)  manuloss: 1.5734 (1.5160)  acc1: 21.8750 (19.7284)  acc5: 38.6719 (37.7592)  family_acc1: 52.3438 (53.0480)  manu_acc1: 66.4062 (67.8110)  time: 0.4801  data: 0.2823  max mem: 11382
Test:  [208/391]  eta: 0:01:22  sploss: 5.1956 (5.2934)  famloss: 2.3885 (2.3648)  manuloss: 1.5734 (1.5167)  acc1: 21.4844 (19.7312)  acc5: 38.6719 (37.7691)  family_acc1: 52.3438 (53.0409)  manu_acc1: 66.4062 (67.7987)  time: 0.4804  data: 0.2823  max mem: 11382
Test:  [209/391]  eta: 0:01:21  sploss: 5.1894 (5.2923)  famloss: 2.3600 (2.3644)  manuloss: 1.5734 (1.5162)  acc1: 21.4844 (19.7396)  acc5: 38.6719 (37.7809)  family_acc1: 52.3438 (53.0487)  manu_acc1: 66.7969 (67.8125)  time: 0.4806  data: 0.2823  max mem: 11382
Test:  [210/391]  eta: 0:01:20  sploss: 5.1894 (5.2931)  famloss: 2.3386 (2.3643)  manuloss: 1.5207 (1.5161)  acc1: 21.4844 (19.7386)  acc5: 38.6719 (37.7555)  family_acc1: 52.7344 (53.0676)  manu_acc1: 68.3594 (67.8225)  time: 0.4806  data: 0.2823  max mem: 11382
Test:  [211/391]  eta: 0:01:20  sploss: 5.1627 (5.2920)  famloss: 2.3600 (2.3647)  manuloss: 1.5734 (1.5165)  acc1: 21.8750 (19.7524)  acc5: 39.8438 (37.7672)  family_acc1: 52.7344 (53.0587)  manu_acc1: 68.3594 (67.8084)  time: 0.4806  data: 0.2823  max mem: 11382
Test:  [212/391]  eta: 0:01:19  sploss: 5.1350 (5.2911)  famloss: 2.3600 (2.3647)  manuloss: 1.5766 (1.5175)  acc1: 21.8750 (19.7807)  acc5: 39.4531 (37.7751)  family_acc1: 53.1250 (53.0608)  manu_acc1: 66.7969 (67.7835)  time: 0.3324  data: 0.1369  max mem: 11382
Test:  [213/391]  eta: 0:01:18  sploss: 5.1627 (5.2907)  famloss: 2.3600 (2.3648)  manuloss: 1.5734 (1.5174)  acc1: 21.8750 (19.7850)  acc5: 39.4531 (37.7866)  family_acc1: 53.1250 (53.0538)  manu_acc1: 66.7969 (67.7789)  time: 0.3313  data: 0.1369  max mem: 11382
Test:  [214/391]  eta: 0:01:18  sploss: 5.1627 (5.2904)  famloss: 2.3600 (2.3651)  manuloss: 1.5267 (1.5175)  acc1: 21.8750 (19.7947)  acc5: 39.8438 (37.8016)  family_acc1: 53.1250 (53.0432)  manu_acc1: 66.7969 (67.7780)  time: 0.3312  data: 0.1369  max mem: 11382
Test:  [215/391]  eta: 0:01:17  sploss: 5.1627 (5.2887)  famloss: 2.3623 (2.3651)  manuloss: 1.5269 (1.5175)  acc1: 21.8750 (19.8242)  acc5: 39.8438 (37.8346)  family_acc1: 52.3438 (53.0382)  manu_acc1: 66.7969 (67.7698)  time: 0.3316  data: 0.1368  max mem: 11382
Test:  [216/391]  eta: 0:01:19  sploss: 5.1330 (5.2880)  famloss: 2.3647 (2.3652)  manuloss: 1.5269 (1.5174)  acc1: 21.8750 (19.8409)  acc5: 40.2344 (37.8528)  family_acc1: 52.7344 (53.0368)  manu_acc1: 66.0156 (67.7581)  time: 0.4715  data: 0.2737  max mem: 11382
Test:  [217/391]  eta: 0:01:18  sploss: 5.1036 (5.2865)  famloss: 2.3647 (2.3654)  manuloss: 1.5267 (1.5174)  acc1: 21.8750 (19.8574)  acc5: 40.2344 (37.8870)  family_acc1: 52.7344 (53.0211)  manu_acc1: 66.0156 (67.7501)  time: 0.4741  data: 0.2737  max mem: 11382
Test:  [218/391]  eta: 0:01:17  sploss: 5.1330 (5.2863)  famloss: 2.3647 (2.3652)  manuloss: 1.5267 (1.5174)  acc1: 21.8750 (19.8701)  acc5: 40.2344 (37.8888)  family_acc1: 52.7344 (53.0322)  manu_acc1: 66.0156 (67.7369)  time: 0.4762  data: 0.2737  max mem: 11382
Test:  [219/391]  eta: 0:01:17  sploss: 5.1330 (5.2865)  famloss: 2.3647 (2.3654)  manuloss: 1.5267 (1.5175)  acc1: 21.8750 (19.8615)  acc5: 40.2344 (37.8995)  family_acc1: 53.1250 (53.0362)  manu_acc1: 66.0156 (67.7344)  time: 0.4789  data: 0.2737  max mem: 11382
Test:  [220/391]  eta: 0:01:16  sploss: 5.1894 (5.2870)  famloss: 2.3801 (2.3669)  manuloss: 1.5267 (1.5189)  acc1: 21.4844 (19.8459)  acc5: 40.2344 (37.8924)  family_acc1: 52.7344 (53.0083)  manu_acc1: 66.0156 (67.6877)  time: 0.4819  data: 0.2738  max mem: 11382
Test:  [221/391]  eta: 0:01:16  sploss: 5.1894 (5.2885)  famloss: 2.3885 (2.3688)  manuloss: 1.5269 (1.5209)  acc1: 21.4844 (19.8409)  acc5: 39.8438 (37.8889)  family_acc1: 51.9531 (52.9860)  manu_acc1: 66.0156 (67.6503)  time: 0.4825  data: 0.2738  max mem: 11382
Test:  [222/391]  eta: 0:01:15  sploss: 5.1907 (5.2903)  famloss: 2.3885 (2.3705)  manuloss: 1.5269 (1.5231)  acc1: 21.4844 (19.8203)  acc5: 39.8438 (37.8573)  family_acc1: 51.5625 (52.9411)  manu_acc1: 65.2344 (67.5851)  time: 0.4830  data: 0.2738  max mem: 11382
Test:  [223/391]  eta: 0:01:14  sploss: 5.1956 (5.2903)  famloss: 2.3891 (2.3723)  manuloss: 1.5420 (1.5249)  acc1: 21.4844 (19.8085)  acc5: 39.8438 (37.8645)  family_acc1: 51.5625 (52.8966)  manu_acc1: 65.2344 (67.5380)  time: 0.4834  data: 0.2738  max mem: 11382
Test:  [224/391]  eta: 0:01:14  sploss: 5.2246 (5.2905)  famloss: 2.3961 (2.3739)  manuloss: 1.5734 (1.5269)  acc1: 21.4844 (19.8177)  acc5: 39.8438 (37.8646)  family_acc1: 51.1719 (52.8872)  manu_acc1: 64.8438 (67.4965)  time: 0.3549  data: 0.1374  max mem: 11382
Test:  [225/391]  eta: 0:01:13  sploss: 5.2298 (5.2910)  famloss: 2.3961 (2.3761)  manuloss: 1.5734 (1.5288)  acc1: 21.0938 (19.8234)  acc5: 39.4531 (37.8699)  family_acc1: 51.1719 (52.8623)  manu_acc1: 64.8438 (67.4658)  time: 0.3543  data: 0.1374  max mem: 11382
Test:  [226/391]  eta: 0:01:13  sploss: 5.2298 (5.2895)  famloss: 2.3961 (2.3762)  manuloss: 1.5766 (1.5297)  acc1: 21.0938 (19.8410)  acc5: 39.4531 (37.8820)  family_acc1: 51.1719 (52.8548)  manu_acc1: 64.8438 (67.4405)  time: 0.3543  data: 0.1374  max mem: 11382
Test:  [227/391]  eta: 0:01:12  sploss: 5.2298 (5.2910)  famloss: 2.4113 (2.3774)  manuloss: 1.6094 (1.5315)  acc1: 21.0938 (19.8311)  acc5: 39.4531 (37.8512)  family_acc1: 51.1719 (52.8320)  manu_acc1: 64.8438 (67.3948)  time: 0.3545  data: 0.1374  max mem: 11382
Test:  [228/391]  eta: 0:01:13  sploss: 5.2403 (5.2916)  famloss: 2.4113 (2.3793)  manuloss: 1.6094 (1.5329)  acc1: 21.0938 (19.8195)  acc5: 39.4531 (37.8497)  family_acc1: 50.7812 (52.7992)  manu_acc1: 62.5000 (67.3598)  time: 0.4633  data: 0.2436  max mem: 11382
Test:  [229/391]  eta: 0:01:12  sploss: 5.3021 (5.2923)  famloss: 2.4412 (2.3807)  manuloss: 1.7190 (1.5348)  acc1: 20.7031 (19.8098)  acc5: 39.0625 (37.8431)  family_acc1: 50.7812 (52.7582)  manu_acc1: 61.7188 (67.3183)  time: 0.4640  data: 0.2436  max mem: 11382
Test:  [230/391]  eta: 0:01:12  sploss: 5.3021 (5.2938)  famloss: 2.4509 (2.3824)  manuloss: 1.7513 (1.5370)  acc1: 20.7031 (19.8086)  acc5: 39.0625 (37.8433)  family_acc1: 49.6094 (52.7175)  manu_acc1: 60.5469 (67.2636)  time: 0.4641  data: 0.2436  max mem: 11382
Test:  [231/391]  eta: 0:01:11  sploss: 5.3252 (5.2952)  famloss: 2.5208 (2.3829)  manuloss: 1.7513 (1.5378)  acc1: 19.5312 (19.8057)  acc5: 38.2812 (37.8233)  family_acc1: 49.6094 (52.7041)  manu_acc1: 60.5469 (67.2363)  time: 0.4646  data: 0.2436  max mem: 11382
Test:  [232/391]  eta: 0:01:10  sploss: 5.3252 (5.2951)  famloss: 2.5208 (2.3834)  manuloss: 1.8296 (1.5392)  acc1: 19.5312 (19.8112)  acc5: 38.2812 (37.8286)  family_acc1: 49.6094 (52.7092)  manu_acc1: 59.3750 (67.1992)  time: 0.4646  data: 0.2436  max mem: 11382
Test:  [233/391]  eta: 0:01:10  sploss: 5.3290 (5.2959)  famloss: 2.6500 (2.3848)  manuloss: 1.8426 (1.5411)  acc1: 19.1406 (19.8067)  acc5: 37.8906 (37.8222)  family_acc1: 48.0469 (52.6843)  manu_acc1: 59.3750 (67.1541)  time: 0.4650  data: 0.2436  max mem: 11382
Test:  [234/391]  eta: 0:01:09  sploss: 5.3290 (5.2958)  famloss: 2.6500 (2.3848)  manuloss: 1.8426 (1.5412)  acc1: 19.1406 (19.8188)  acc5: 37.8906 (37.8258)  family_acc1: 48.0469 (52.6878)  manu_acc1: 59.3750 (67.1459)  time: 0.4653  data: 0.2436  max mem: 11382
Test:  [235/391]  eta: 0:01:09  sploss: 5.3290 (5.2950)  famloss: 2.6500 (2.3840)  manuloss: 1.8426 (1.5412)  acc1: 19.1406 (19.8275)  acc5: 37.8906 (37.8459)  family_acc1: 48.0469 (52.7079)  manu_acc1: 59.3750 (67.1478)  time: 0.4652  data: 0.2436  max mem: 11382
Test:  [236/391]  eta: 0:01:08  sploss: 5.3290 (5.2941)  famloss: 2.6500 (2.3839)  manuloss: 1.8426 (1.5407)  acc1: 19.1406 (19.8345)  acc5: 37.8906 (37.8560)  family_acc1: 48.0469 (52.7064)  manu_acc1: 59.3750 (67.1562)  time: 0.3255  data: 0.1067  max mem: 11382
Test:  [237/391]  eta: 0:01:07  sploss: 5.3290 (5.2934)  famloss: 2.6500 (2.3836)  manuloss: 1.8426 (1.5406)  acc1: 19.1406 (19.8480)  acc5: 37.8906 (37.8660)  family_acc1: 48.0469 (52.7196)  manu_acc1: 59.3750 (67.1514)  time: 0.3225  data: 0.1067  max mem: 11382
Test:  [238/391]  eta: 0:01:07  sploss: 5.3290 (5.2921)  famloss: 2.6500 (2.3834)  manuloss: 1.8426 (1.5400)  acc1: 19.1406 (19.8728)  acc5: 37.8906 (37.8923)  family_acc1: 48.0469 (52.7295)  manu_acc1: 59.3750 (67.1630)  time: 0.3200  data: 0.1067  max mem: 11382
Test:  [239/391]  eta: 0:01:06  sploss: 5.3290 (5.2904)  famloss: 2.6500 (2.3833)  manuloss: 1.8426 (1.5400)  acc1: 19.5312 (19.8779)  acc5: 37.8906 (37.9053)  family_acc1: 48.0469 (52.7230)  manu_acc1: 59.3750 (67.1582)  time: 0.3174  data: 0.1067  max mem: 11382
Test:  [240/391]  eta: 0:01:07  sploss: 5.3290 (5.2908)  famloss: 2.5786 (2.3841)  manuloss: 1.8426 (1.5402)  acc1: 19.5312 (19.8684)  acc5: 37.8906 (37.8955)  family_acc1: 49.6094 (52.7165)  manu_acc1: 59.3750 (67.1567)  time: 0.4460  data: 0.2352  max mem: 11382
Test:  [241/391]  eta: 0:01:07  sploss: 5.3021 (5.2896)  famloss: 2.5208 (2.3829)  manuloss: 1.7513 (1.5396)  acc1: 21.0938 (19.8864)  acc5: 38.6719 (37.9100)  family_acc1: 50.7812 (52.7360)  manu_acc1: 60.5469 (67.1746)  time: 0.4489  data: 0.2352  max mem: 11382
Test:  [242/391]  eta: 0:01:06  sploss: 5.2864 (5.2896)  famloss: 2.4891 (2.3829)  manuloss: 1.7186 (1.5397)  acc1: 21.0938 (19.8897)  acc5: 38.6719 (37.9115)  family_acc1: 51.1719 (52.7296)  manu_acc1: 60.9375 (67.1682)  time: 0.4502  data: 0.2352  max mem: 11382
Test:  [243/391]  eta: 0:01:05  sploss: 5.2824 (5.2886)  famloss: 2.3872 (2.3828)  manuloss: 1.5905 (1.5396)  acc1: 21.0938 (19.9139)  acc5: 38.6719 (37.9322)  family_acc1: 51.1719 (52.7296)  manu_acc1: 61.7188 (67.1667)  time: 0.4496  data: 0.2352  max mem: 11382
Test:  [244/391]  eta: 0:01:05  sploss: 5.2763 (5.2878)  famloss: 2.3872 (2.3832)  manuloss: 1.5905 (1.5401)  acc1: 21.0938 (19.9219)  acc5: 38.6719 (37.9161)  family_acc1: 51.1719 (52.7089)  manu_acc1: 62.5000 (67.1476)  time: 0.4392  data: 0.2352  max mem: 11382
Test:  [245/391]  eta: 0:01:04  sploss: 5.1285 (5.2866)  famloss: 2.3854 (2.3824)  manuloss: 1.5663 (1.5396)  acc1: 21.0938 (19.9536)  acc5: 38.6719 (37.9494)  family_acc1: 51.1719 (52.7217)  manu_acc1: 65.2344 (67.1589)  time: 0.4386  data: 0.2352  max mem: 11382
Test:  [246/391]  eta: 0:01:04  sploss: 5.2763 (5.2869)  famloss: 2.3872 (2.3828)  manuloss: 1.5616 (1.5394)  acc1: 21.0938 (19.9567)  acc5: 38.2812 (37.9491)  family_acc1: 51.1719 (52.7107)  manu_acc1: 65.6250 (67.1638)  time: 0.4383  data: 0.2352  max mem: 11382
Test:  [247/391]  eta: 0:01:03  sploss: 5.1285 (5.2862)  famloss: 2.3727 (2.3824)  manuloss: 1.5390 (1.5390)  acc1: 21.0938 (19.9613)  acc5: 38.6719 (37.9584)  family_acc1: 51.1719 (52.7123)  manu_acc1: 66.0156 (67.1670)  time: 0.4382  data: 0.2352  max mem: 11382
Test:  [248/391]  eta: 0:01:03  sploss: 5.1215 (5.2851)  famloss: 2.3628 (2.3822)  manuloss: 1.5390 (1.5391)  acc1: 21.0938 (19.9752)  acc5: 39.0625 (37.9675)  family_acc1: 51.1719 (52.7046)  manu_acc1: 66.0156 (67.1640)  time: 0.3294  data: 0.1289  max mem: 11382
Test:  [249/391]  eta: 0:01:02  sploss: 5.1215 (5.2847)  famloss: 2.3524 (2.3819)  manuloss: 1.5322 (1.5387)  acc1: 21.4844 (19.9906)  acc5: 40.2344 (37.9891)  family_acc1: 52.3438 (52.7141)  manu_acc1: 66.4062 (67.1734)  time: 0.3284  data: 0.1289  max mem: 11382
Test:  [250/391]  eta: 0:01:01  sploss: 5.1116 (5.2836)  famloss: 2.3428 (2.3811)  manuloss: 1.5156 (1.5386)  acc1: 21.8750 (20.0075)  acc5: 40.2344 (38.0229)  family_acc1: 52.7344 (52.7250)  manu_acc1: 66.4062 (67.1688)  time: 0.3285  data: 0.1289  max mem: 11382
Test:  [251/391]  eta: 0:01:01  sploss: 5.1116 (5.2844)  famloss: 2.3428 (2.3812)  manuloss: 1.5070 (1.5384)  acc1: 21.8750 (20.0164)  acc5: 40.2344 (38.0100)  family_acc1: 52.7344 (52.7173)  manu_acc1: 66.4062 (67.1627)  time: 0.3284  data: 0.1289  max mem: 11382
Test:  [252/391]  eta: 0:01:02  sploss: 5.0972 (5.2832)  famloss: 2.3399 (2.3808)  manuloss: 1.4996 (1.5379)  acc1: 22.2656 (20.0253)  acc5: 40.2344 (38.0311)  family_acc1: 52.3438 (52.7081)  manu_acc1: 66.7969 (67.1736)  time: 0.4658  data: 0.2648  max mem: 11382
Test:  [253/391]  eta: 0:01:01  sploss: 5.0972 (5.2826)  famloss: 2.3399 (2.3807)  manuloss: 1.4996 (1.5379)  acc1: 22.2656 (20.0188)  acc5: 40.2344 (38.0383)  family_acc1: 52.7344 (52.7159)  manu_acc1: 66.7969 (67.1737)  time: 0.4656  data: 0.2648  max mem: 11382
Test:  [254/391]  eta: 0:01:01  sploss: 5.0972 (5.2824)  famloss: 2.3399 (2.3806)  manuloss: 1.4996 (1.5379)  acc1: 21.8750 (20.0214)  acc5: 40.2344 (38.0407)  family_acc1: 52.3438 (52.7129)  manu_acc1: 66.7969 (67.1661)  time: 0.4655  data: 0.2648  max mem: 11382
Test:  [255/391]  eta: 0:01:00  sploss: 5.1116 (5.2827)  famloss: 2.3428 (2.3805)  manuloss: 1.4966 (1.5376)  acc1: 21.8750 (20.0180)  acc5: 40.2344 (38.0447)  family_acc1: 52.3438 (52.7176)  manu_acc1: 66.7969 (67.1753)  time: 0.4653  data: 0.2648  max mem: 11382
Test:  [256/391]  eta: 0:00:59  sploss: 5.1116 (5.2817)  famloss: 2.3399 (2.3798)  manuloss: 1.4966 (1.5370)  acc1: 21.8750 (20.0222)  acc5: 40.2344 (38.0533)  family_acc1: 52.7344 (52.7283)  manu_acc1: 66.7969 (67.1951)  time: 0.4649  data: 0.2648  max mem: 11382
Test:  [257/391]  eta: 0:00:59  sploss: 5.0447 (5.2804)  famloss: 2.3399 (2.3788)  manuloss: 1.4887 (1.5362)  acc1: 21.8750 (20.0400)  acc5: 40.2344 (38.0723)  family_acc1: 52.7344 (52.7389)  manu_acc1: 67.1875 (67.2057)  time: 0.4673  data: 0.2648  max mem: 11382
Test:  [258/391]  eta: 0:00:58  sploss: 5.1116 (5.2802)  famloss: 2.3399 (2.3786)  manuloss: 1.4966 (1.5362)  acc1: 21.0938 (20.0425)  acc5: 40.2344 (38.0776)  family_acc1: 52.7344 (52.7449)  manu_acc1: 67.1875 (67.2071)  time: 0.4693  data: 0.2648  max mem: 11382
Test:  [259/391]  eta: 0:00:58  sploss: 5.1215 (5.2803)  famloss: 2.3277 (2.3781)  manuloss: 1.4887 (1.5356)  acc1: 21.0938 (20.0436)  acc5: 39.8438 (38.0754)  family_acc1: 53.1250 (52.7494)  manu_acc1: 67.5781 (67.2191)  time: 0.4744  data: 0.2648  max mem: 11382
Test:  [260/391]  eta: 0:00:57  sploss: 5.1116 (5.2794)  famloss: 2.3082 (2.3778)  manuloss: 1.4560 (1.5350)  acc1: 21.0938 (20.0401)  acc5: 39.8438 (38.0657)  family_acc1: 53.1250 (52.7359)  manu_acc1: 67.5781 (67.2204)  time: 0.3431  data: 0.1362  max mem: 11382
Test:  [261/391]  eta: 0:00:57  sploss: 5.1215 (5.2790)  famloss: 2.3082 (2.3769)  manuloss: 1.4560 (1.5346)  acc1: 21.0938 (20.0546)  acc5: 39.4531 (38.0666)  family_acc1: 53.1250 (52.7582)  manu_acc1: 67.5781 (67.2352)  time: 0.3399  data: 0.1363  max mem: 11382
Test:  [262/391]  eta: 0:00:56  sploss: 5.1116 (5.2770)  famloss: 2.2908 (2.3755)  manuloss: 1.4405 (1.5335)  acc1: 21.8750 (20.0867)  acc5: 39.8438 (38.0941)  family_acc1: 53.9062 (52.7804)  manu_acc1: 67.9688 (67.2558)  time: 0.3381  data: 0.1362  max mem: 11382
Test:  [263/391]  eta: 0:00:56  sploss: 5.1116 (5.2760)  famloss: 2.2844 (2.3747)  manuloss: 1.4402 (1.5325)  acc1: 21.0938 (20.0906)  acc5: 39.8438 (38.1155)  family_acc1: 53.9062 (52.7832)  manu_acc1: 68.3594 (67.2748)  time: 0.3379  data: 0.1362  max mem: 11382
Test:  [264/391]  eta: 0:00:56  sploss: 5.1215 (5.2756)  famloss: 2.2828 (2.3740)  manuloss: 1.4402 (1.5325)  acc1: 21.0938 (20.0914)  acc5: 40.2344 (38.1279)  family_acc1: 53.9062 (52.7815)  manu_acc1: 68.3594 (67.2789)  time: 0.4643  data: 0.2595  max mem: 11382
Test:  [265/391]  eta: 0:00:56  sploss: 5.1215 (5.2748)  famloss: 2.2844 (2.3740)  manuloss: 1.4405 (1.5325)  acc1: 21.0938 (20.0981)  acc5: 40.2344 (38.1359)  family_acc1: 53.5156 (52.7784)  manu_acc1: 68.3594 (67.2771)  time: 0.4664  data: 0.2595  max mem: 11382
Test:  [266/391]  eta: 0:00:55  sploss: 5.1215 (5.2746)  famloss: 2.2844 (2.3739)  manuloss: 1.4402 (1.5320)  acc1: 21.0938 (20.0974)  acc5: 40.2344 (38.1437)  family_acc1: 53.5156 (52.7812)  manu_acc1: 67.9688 (67.2753)  time: 0.4664  data: 0.2595  max mem: 11382
Test:  [267/391]  eta: 0:00:54  sploss: 5.1222 (5.2743)  famloss: 2.2844 (2.3729)  manuloss: 1.4161 (1.5312)  acc1: 21.0938 (20.0939)  acc5: 40.2344 (38.1428)  family_acc1: 53.9062 (52.7898)  manu_acc1: 68.3594 (67.2939)  time: 0.4666  data: 0.2595  max mem: 11382
Test:  [268/391]  eta: 0:00:54  sploss: 5.1542 (5.2739)  famloss: 2.2260 (2.3719)  manuloss: 1.4135 (1.5307)  acc1: 20.7031 (20.0932)  acc5: 40.2344 (38.1520)  family_acc1: 53.9062 (52.8041)  manu_acc1: 69.5312 (67.3022)  time: 0.4660  data: 0.2595  max mem: 11382
Test:  [269/391]  eta: 0:00:53  sploss: 5.1542 (5.2735)  famloss: 2.2041 (2.3711)  manuloss: 1.4135 (1.5305)  acc1: 20.7031 (20.1042)  acc5: 40.2344 (38.1655)  family_acc1: 53.9062 (52.8226)  manu_acc1: 69.1406 (67.3090)  time: 0.4659  data: 0.2595  max mem: 11382
Test:  [270/391]  eta: 0:00:53  sploss: 5.1542 (5.2723)  famloss: 2.1964 (2.3701)  manuloss: 1.4121 (1.5293)  acc1: 20.7031 (20.1251)  acc5: 40.2344 (38.1818)  family_acc1: 53.9062 (52.8266)  manu_acc1: 69.5312 (67.3259)  time: 0.4653  data: 0.2595  max mem: 11382
Test:  [271/391]  eta: 0:00:52  sploss: 5.1542 (5.2719)  famloss: 2.1964 (2.3700)  manuloss: 1.4093 (1.5288)  acc1: 20.7031 (20.1301)  acc5: 40.2344 (38.1865)  family_acc1: 53.9062 (52.8205)  manu_acc1: 69.5312 (67.3369)  time: 0.4649  data: 0.2595  max mem: 11382
Test:  [272/391]  eta: 0:00:52  sploss: 5.1542 (5.2705)  famloss: 2.1852 (2.3686)  manuloss: 1.4063 (1.5281)  acc1: 20.7031 (20.1422)  acc5: 40.2344 (38.1983)  family_acc1: 53.9062 (52.8503)  manu_acc1: 69.5312 (67.3535)  time: 0.3270  data: 0.1237  max mem: 11382
Test:  [273/391]  eta: 0:00:51  sploss: 5.1542 (5.2688)  famloss: 2.1839 (2.3673)  manuloss: 1.4013 (1.5272)  acc1: 21.0938 (20.1771)  acc5: 40.2344 (38.2285)  family_acc1: 53.9062 (52.8855)  manu_acc1: 69.9219 (67.3814)  time: 0.3260  data: 0.1237  max mem: 11382
Test:  [274/391]  eta: 0:00:51  sploss: 5.0693 (5.2681)  famloss: 2.1839 (2.3666)  manuloss: 1.3803 (1.5266)  acc1: 21.0938 (20.1747)  acc5: 40.2344 (38.2472)  family_acc1: 54.2969 (52.9020)  manu_acc1: 69.9219 (67.3878)  time: 0.3258  data: 0.1237  max mem: 11382
Test:  [275/391]  eta: 0:00:50  sploss: 5.0693 (5.2675)  famloss: 2.1839 (2.3664)  manuloss: 1.3803 (1.5264)  acc1: 21.0938 (20.1738)  acc5: 40.2344 (38.2501)  family_acc1: 54.2969 (52.8886)  manu_acc1: 69.9219 (67.3871)  time: 0.3254  data: 0.1237  max mem: 11382
Test:  [276/391]  eta: 0:00:51  sploss: 5.0733 (5.2668)  famloss: 2.1628 (2.3656)  manuloss: 1.4013 (1.5262)  acc1: 21.0938 (20.1828)  acc5: 40.2344 (38.2530)  family_acc1: 53.9062 (52.8895)  manu_acc1: 69.5312 (67.3821)  time: 0.4655  data: 0.2625  max mem: 11382
Test:  [277/391]  eta: 0:00:50  sploss: 5.0733 (5.2658)  famloss: 2.1628 (2.3641)  manuloss: 1.4013 (1.5255)  acc1: 21.0938 (20.1959)  acc5: 40.2344 (38.2742)  family_acc1: 53.9062 (52.9269)  manu_acc1: 69.5312 (67.3983)  time: 0.4654  data: 0.2625  max mem: 11382
Test:  [278/391]  eta: 0:00:50  sploss: 5.0693 (5.2649)  famloss: 2.1628 (2.3637)  manuloss: 1.4013 (1.5252)  acc1: 21.4844 (20.2061)  acc5: 40.6250 (38.2911)  family_acc1: 53.9062 (52.9402)  manu_acc1: 69.5312 (67.3989)  time: 0.4639  data: 0.2625  max mem: 11382
Test:  [279/391]  eta: 0:00:49  sploss: 5.0634 (5.2640)  famloss: 2.1628 (2.3634)  manuloss: 1.4063 (1.5257)  acc1: 21.8750 (20.2121)  acc5: 40.6250 (38.2924)  family_acc1: 55.0781 (52.9506)  manu_acc1: 69.1406 (67.3954)  time: 0.4585  data: 0.2625  max mem: 11382
Test:  [280/391]  eta: 0:00:49  sploss: 5.0634 (5.2625)  famloss: 2.1531 (2.3624)  manuloss: 1.4063 (1.5252)  acc1: 21.8750 (20.2194)  acc5: 41.4062 (38.3146)  family_acc1: 55.0781 (52.9526)  manu_acc1: 69.1406 (67.3988)  time: 0.4582  data: 0.2625  max mem: 11382
Test:  [281/391]  eta: 0:00:48  sploss: 5.0255 (5.2613)  famloss: 2.1628 (2.3619)  manuloss: 1.4063 (1.5248)  acc1: 21.8750 (20.2349)  acc5: 41.4062 (38.3325)  family_acc1: 55.0781 (52.9602)  manu_acc1: 69.1406 (67.4022)  time: 0.4576  data: 0.2625  max mem: 11382
Test:  [282/391]  eta: 0:00:47  sploss: 5.0634 (5.2618)  famloss: 2.1839 (2.3618)  manuloss: 1.4093 (1.5246)  acc1: 21.8750 (20.2352)  acc5: 41.4062 (38.3227)  family_acc1: 53.9062 (52.9456)  manu_acc1: 68.3594 (67.4056)  time: 0.4577  data: 0.2625  max mem: 11382
Test:  [283/391]  eta: 0:00:47  sploss: 5.0693 (5.2612)  famloss: 2.1850 (2.3614)  manuloss: 1.4099 (1.5242)  acc1: 21.8750 (20.2424)  acc5: 40.6250 (38.3266)  family_acc1: 55.0781 (52.9572)  manu_acc1: 68.3594 (67.4199)  time: 0.4581  data: 0.2625  max mem: 11382
Test:  [284/391]  eta: 0:00:46  sploss: 5.0693 (5.2612)  famloss: 2.1850 (2.3610)  manuloss: 1.4093 (1.5238)  acc1: 21.8750 (20.2467)  acc5: 40.2344 (38.3265)  family_acc1: 55.0781 (52.9646)  manu_acc1: 69.1406 (67.4287)  time: 0.3316  data: 0.1393  max mem: 11382
Test:  [285/391]  eta: 0:00:46  sploss: 5.0634 (5.2601)  famloss: 2.1850 (2.3607)  manuloss: 1.4093 (1.5236)  acc1: 21.8750 (20.2510)  acc5: 40.6250 (38.3359)  family_acc1: 55.0781 (52.9666)  manu_acc1: 69.1406 (67.4374)  time: 0.3297  data: 0.1393  max mem: 11382
Test:  [286/391]  eta: 0:00:45  sploss: 5.0255 (5.2591)  famloss: 2.1628 (2.3596)  manuloss: 1.4063 (1.5226)  acc1: 22.2656 (20.2635)  acc5: 41.0156 (38.3493)  family_acc1: 55.0781 (52.9875)  manu_acc1: 69.5312 (67.4570)  time: 0.3294  data: 0.1393  max mem: 11382
Test:  [287/391]  eta: 0:00:45  sploss: 5.0158 (5.2578)  famloss: 2.1628 (2.3586)  manuloss: 1.4099 (1.5223)  acc1: 22.2656 (20.2772)  acc5: 41.4062 (38.3708)  family_acc1: 55.8594 (53.0043)  manu_acc1: 69.1406 (67.4574)  time: 0.3291  data: 0.1392  max mem: 11382
Test:  [288/391]  eta: 0:00:45  sploss: 4.9894 (5.2569)  famloss: 2.1850 (2.3581)  manuloss: 1.4063 (1.5219)  acc1: 22.2656 (20.2747)  acc5: 41.7969 (38.3826)  family_acc1: 55.0781 (53.0061)  manu_acc1: 69.1406 (67.4713)  time: 0.4618  data: 0.2707  max mem: 11382
Test:  [289/391]  eta: 0:00:45  sploss: 4.9894 (5.2560)  famloss: 2.1850 (2.3571)  manuloss: 1.4048 (1.5213)  acc1: 22.2656 (20.2883)  acc5: 41.7969 (38.4092)  family_acc1: 55.0781 (53.0240)  manu_acc1: 69.9219 (67.4933)  time: 0.4637  data: 0.2707  max mem: 11382
Test:  [290/391]  eta: 0:00:44  sploss: 4.9894 (5.2550)  famloss: 2.1850 (2.3559)  manuloss: 1.4048 (1.5201)  acc1: 22.2656 (20.3031)  acc5: 41.7969 (38.4262)  family_acc1: 55.8594 (53.0364)  manu_acc1: 69.9219 (67.5110)  time: 0.4657  data: 0.2707  max mem: 11382
Test:  [291/391]  eta: 0:00:44  sploss: 4.9894 (5.2543)  famloss: 2.1818 (2.3553)  manuloss: 1.3938 (1.5196)  acc1: 22.6562 (20.3219)  acc5: 42.1875 (38.4431)  family_acc1: 55.8594 (53.0434)  manu_acc1: 69.9219 (67.5219)  time: 0.4680  data: 0.2707  max mem: 11382
Test:  [292/391]  eta: 0:00:43  sploss: 4.9894 (5.2527)  famloss: 2.1818 (2.3540)  manuloss: 1.3938 (1.5187)  acc1: 22.6562 (20.3405)  acc5: 42.9688 (38.4692)  family_acc1: 55.8594 (53.0597)  manu_acc1: 69.9219 (67.5341)  time: 0.4692  data: 0.2707  max mem: 11382
Test:  [293/391]  eta: 0:00:43  sploss: 4.9929 (5.2524)  famloss: 2.1818 (2.3531)  manuloss: 1.3938 (1.5179)  acc1: 22.2656 (20.3444)  acc5: 42.1875 (38.4726)  family_acc1: 55.8594 (53.0838)  manu_acc1: 69.9219 (67.5516)  time: 0.4695  data: 0.2707  max mem: 11382
Test:  [294/391]  eta: 0:00:42  sploss: 4.9929 (5.2523)  famloss: 2.1531 (2.3519)  manuloss: 1.3938 (1.5167)  acc1: 22.2656 (20.3456)  acc5: 41.7969 (38.4706)  family_acc1: 55.8594 (53.1091)  manu_acc1: 69.9219 (67.5768)  time: 0.4690  data: 0.2707  max mem: 11382
Test:  [295/391]  eta: 0:00:42  sploss: 4.9929 (5.2520)  famloss: 2.0917 (2.3510)  manuloss: 1.3896 (1.5158)  acc1: 22.6562 (20.3534)  acc5: 41.7969 (38.4792)  family_acc1: 56.2500 (53.1237)  manu_acc1: 70.7031 (67.5992)  time: 0.4687  data: 0.2707  max mem: 11382
Test:  [296/391]  eta: 0:00:41  sploss: 4.9929 (5.2521)  famloss: 2.0917 (2.3506)  manuloss: 1.3896 (1.5156)  acc1: 22.2656 (20.3375)  acc5: 41.7969 (38.4785)  family_acc1: 56.2500 (53.1276)  manu_acc1: 70.7031 (67.6005)  time: 0.3286  data: 0.1319  max mem: 11382
Test:  [297/391]  eta: 0:00:41  sploss: 4.9929 (5.2507)  famloss: 2.0917 (2.3492)  manuloss: 1.3896 (1.5142)  acc1: 22.2656 (20.3610)  acc5: 41.7969 (38.5133)  family_acc1: 56.2500 (53.1473)  manu_acc1: 70.7031 (67.6332)  time: 0.3258  data: 0.1318  max mem: 11382
Test:  [298/391]  eta: 0:00:40  sploss: 4.9929 (5.2504)  famloss: 2.0917 (2.3485)  manuloss: 1.3568 (1.5136)  acc1: 22.2656 (20.3648)  acc5: 41.0156 (38.5216)  family_acc1: 56.2500 (53.1603)  manu_acc1: 70.7031 (67.6434)  time: 0.3251  data: 0.1318  max mem: 11382
Test:  [299/391]  eta: 0:00:40  sploss: 4.9894 (5.2494)  famloss: 2.0871 (2.3475)  manuloss: 1.3476 (1.5125)  acc1: 22.2656 (20.3711)  acc5: 41.7969 (38.5404)  family_acc1: 56.6406 (53.1875)  manu_acc1: 71.0938 (67.6615)  time: 0.3251  data: 0.1318  max mem: 11382
Test:  [300/391]  eta: 0:00:40  sploss: 4.9929 (5.2499)  famloss: 2.0917 (2.3472)  manuloss: 1.3365 (1.5119)  acc1: 22.2656 (20.3644)  acc5: 41.0156 (38.5265)  family_acc1: 56.6406 (53.1925)  manu_acc1: 71.4844 (67.6742)  time: 0.4409  data: 0.2435  max mem: 11382
Test:  [301/391]  eta: 0:00:39  sploss: 5.0479 (5.2498)  famloss: 2.0842 (2.3458)  manuloss: 1.3359 (1.5106)  acc1: 22.2656 (20.3759)  acc5: 41.0156 (38.5231)  family_acc1: 57.0312 (53.2194)  manu_acc1: 71.4844 (67.6971)  time: 0.4449  data: 0.2436  max mem: 11382
Test:  [302/391]  eta: 0:00:39  sploss: 5.0479 (5.2494)  famloss: 2.0814 (2.3449)  manuloss: 1.3347 (1.5101)  acc1: 22.2656 (20.3782)  acc5: 41.0156 (38.5146)  family_acc1: 57.0312 (53.2281)  manu_acc1: 71.4844 (67.7070)  time: 0.4446  data: 0.2435  max mem: 11382
Test:  [303/391]  eta: 0:00:38  sploss: 5.0479 (5.2497)  famloss: 2.0814 (2.3447)  manuloss: 1.2928 (1.5093)  acc1: 21.4844 (20.3729)  acc5: 41.0156 (38.5203)  family_acc1: 57.0312 (53.2201)  manu_acc1: 71.4844 (67.7220)  time: 0.4438  data: 0.2435  max mem: 11382
Test:  [304/391]  eta: 0:00:38  sploss: 5.0479 (5.2496)  famloss: 2.0701 (2.3435)  manuloss: 1.2914 (1.5082)  acc1: 21.8750 (20.3778)  acc5: 41.0156 (38.5182)  family_acc1: 57.4219 (53.2492)  manu_acc1: 72.2656 (67.7459)  time: 0.4436  data: 0.2435  max mem: 11382
Test:  [305/391]  eta: 0:00:37  sploss: 5.1445 (5.2494)  famloss: 2.0701 (2.3427)  manuloss: 1.2658 (1.5073)  acc1: 21.8750 (20.3814)  acc5: 41.0156 (38.5251)  family_acc1: 57.8125 (53.2769)  manu_acc1: 72.2656 (67.7607)  time: 0.4436  data: 0.2435  max mem: 11382
Test:  [306/391]  eta: 0:00:37  sploss: 5.1445 (5.2483)  famloss: 2.0770 (2.3421)  manuloss: 1.2914 (1.5070)  acc1: 21.8750 (20.3990)  acc5: 41.0156 (38.5497)  family_acc1: 57.4219 (53.2764)  manu_acc1: 72.2656 (67.7664)  time: 0.4435  data: 0.2435  max mem: 11382
Test:  [307/391]  eta: 0:00:36  sploss: 5.1445 (5.2476)  famloss: 2.0770 (2.3412)  manuloss: 1.2914 (1.5067)  acc1: 21.8750 (20.4114)  acc5: 40.6250 (38.5552)  family_acc1: 57.4219 (53.2949)  manu_acc1: 72.2656 (67.7658)  time: 0.4432  data: 0.2435  max mem: 11382
Test:  [308/391]  eta: 0:00:36  sploss: 5.1554 (5.2486)  famloss: 2.0770 (2.3412)  manuloss: 1.2914 (1.5066)  acc1: 21.8750 (20.4098)  acc5: 40.2344 (38.5556)  family_acc1: 57.4219 (53.2868)  manu_acc1: 72.2656 (67.7627)  time: 0.3130  data: 0.1121  max mem: 11382
Test:  [309/391]  eta: 0:00:35  sploss: 5.1624 (5.2486)  famloss: 2.0814 (2.3408)  manuloss: 1.2914 (1.5059)  acc1: 21.4844 (20.3919)  acc5: 40.2344 (38.5421)  family_acc1: 57.0312 (53.2762)  manu_acc1: 71.4844 (67.7722)  time: 0.3133  data: 0.1121  max mem: 11382
Test:  [310/391]  eta: 0:00:35  sploss: 5.1624 (5.2482)  famloss: 2.0842 (2.3400)  manuloss: 1.2928 (1.5054)  acc1: 21.4844 (20.3954)  acc5: 40.2344 (38.5488)  family_acc1: 57.0312 (53.2845)  manu_acc1: 71.0938 (67.7816)  time: 0.3120  data: 0.1121  max mem: 11382
Test:  [311/391]  eta: 0:00:34  sploss: 5.1766 (5.2484)  famloss: 2.0842 (2.3399)  manuloss: 1.2928 (1.5052)  acc1: 21.4844 (20.3876)  acc5: 39.4531 (38.5404)  family_acc1: 57.0312 (53.2802)  manu_acc1: 71.0938 (67.7822)  time: 0.3102  data: 0.1121  max mem: 11382
Test:  [312/391]  eta: 0:00:34  sploss: 5.1944 (5.2489)  famloss: 2.0917 (2.3402)  manuloss: 1.2932 (1.5046)  acc1: 21.4844 (20.3799)  acc5: 38.6719 (38.5246)  family_acc1: 55.8594 (53.2735)  manu_acc1: 71.0938 (67.7928)  time: 0.4311  data: 0.2317  max mem: 11382
Test:  [313/391]  eta: 0:00:34  sploss: 5.1948 (5.2489)  famloss: 2.0917 (2.3394)  manuloss: 1.2932 (1.5037)  acc1: 21.0938 (20.3697)  acc5: 38.2812 (38.5226)  family_acc1: 55.8594 (53.2867)  manu_acc1: 71.0938 (67.8182)  time: 0.4339  data: 0.2317  max mem: 11382
Test:  [314/391]  eta: 0:00:33  sploss: 5.1944 (5.2482)  famloss: 2.0987 (2.3389)  manuloss: 1.3114 (1.5031)  acc1: 21.4844 (20.3844)  acc5: 38.6719 (38.5293)  family_acc1: 55.8594 (53.2924)  manu_acc1: 71.0938 (67.8311)  time: 0.4367  data: 0.2317  max mem: 11382
Test:  [315/391]  eta: 0:00:33  sploss: 5.1944 (5.2472)  famloss: 2.1298 (2.3382)  manuloss: 1.3208 (1.5029)  acc1: 21.4844 (20.3941)  acc5: 38.6719 (38.5421)  family_acc1: 55.0781 (53.2869)  manu_acc1: 70.7031 (67.8340)  time: 0.4383  data: 0.2317  max mem: 11382
Test:  [316/391]  eta: 0:00:32  sploss: 5.1944 (5.2473)  famloss: 2.1298 (2.3377)  manuloss: 1.3114 (1.5021)  acc1: 21.4844 (20.3815)  acc5: 38.6719 (38.5376)  family_acc1: 55.0781 (53.2926)  manu_acc1: 71.0938 (67.8443)  time: 0.4382  data: 0.2317  max mem: 11382
Test:  [317/391]  eta: 0:00:32  sploss: 5.1944 (5.2468)  famloss: 2.1298 (2.3369)  manuloss: 1.3114 (1.5015)  acc1: 21.4844 (20.3899)  acc5: 38.6719 (38.5490)  family_acc1: 55.0781 (53.2982)  manu_acc1: 71.0938 (67.8594)  time: 0.4381  data: 0.2317  max mem: 11382
Test:  [318/391]  eta: 0:00:31  sploss: 5.1944 (5.2464)  famloss: 2.0987 (2.3361)  manuloss: 1.3077 (1.5006)  acc1: 21.4844 (20.3982)  acc5: 38.6719 (38.5519)  family_acc1: 55.0781 (53.3038)  manu_acc1: 71.0938 (67.8769)  time: 0.4383  data: 0.2317  max mem: 11382
Test:  [319/391]  eta: 0:00:31  sploss: 5.1948 (5.2467)  famloss: 2.1298 (2.3360)  manuloss: 1.3114 (1.5003)  acc1: 21.0938 (20.4004)  acc5: 37.8906 (38.5486)  family_acc1: 55.0781 (53.3118)  manu_acc1: 71.0938 (67.8821)  time: 0.4380  data: 0.2317  max mem: 11382
Test:  [320/391]  eta: 0:00:30  sploss: 5.1944 (5.2466)  famloss: 2.1298 (2.3357)  manuloss: 1.3114 (1.5001)  acc1: 21.0938 (20.3916)  acc5: 38.6719 (38.5514)  family_acc1: 55.0781 (53.3075)  manu_acc1: 70.7031 (67.8799)  time: 0.3220  data: 0.1200  max mem: 11382
Test:  [321/391]  eta: 0:00:30  sploss: 5.1910 (5.2457)  famloss: 2.1653 (2.3353)  manuloss: 1.3114 (1.4995)  acc1: 21.0938 (20.3938)  acc5: 39.4531 (38.5675)  family_acc1: 55.0781 (53.3094)  manu_acc1: 70.7031 (67.8887)  time: 0.3178  data: 0.1200  max mem: 11382
Test:  [322/391]  eta: 0:00:29  sploss: 5.1948 (5.2460)  famloss: 2.1675 (2.3348)  manuloss: 1.3114 (1.4994)  acc1: 21.0938 (20.3887)  acc5: 39.4531 (38.5642)  family_acc1: 55.0781 (53.3161)  manu_acc1: 70.7031 (67.8853)  time: 0.3177  data: 0.1200  max mem: 11382
Test:  [323/391]  eta: 0:00:29  sploss: 5.1948 (5.2463)  famloss: 2.1675 (2.3345)  manuloss: 1.3208 (1.4989)  acc1: 21.0938 (20.3752)  acc5: 38.6719 (38.5549)  family_acc1: 55.0781 (53.3288)  manu_acc1: 70.7031 (67.8964)  time: 0.3180  data: 0.1200  max mem: 11382
Test:  [324/391]  eta: 0:00:29  sploss: 5.1948 (5.2463)  famloss: 2.1675 (2.3339)  manuloss: 1.3208 (1.4983)  acc1: 19.9219 (20.3654)  acc5: 38.6719 (38.5541)  family_acc1: 55.0781 (53.3450)  manu_acc1: 70.7031 (67.9183)  time: 0.4427  data: 0.2441  max mem: 11382
Test:  [325/391]  eta: 0:00:28  sploss: 5.2406 (5.2465)  famloss: 2.1701 (2.3335)  manuloss: 1.3425 (1.4984)  acc1: 18.7500 (20.3592)  acc5: 38.2812 (38.5521)  family_acc1: 55.0781 (53.3611)  manu_acc1: 70.7031 (67.9184)  time: 0.4428  data: 0.2442  max mem: 11382
Test:  [326/391]  eta: 0:00:28  sploss: 5.2424 (5.2477)  famloss: 2.1875 (2.3338)  manuloss: 1.3425 (1.4983)  acc1: 18.3594 (20.3519)  acc5: 37.8906 (38.5309)  family_acc1: 55.0781 (53.3615)  manu_acc1: 70.7031 (67.9198)  time: 0.4432  data: 0.2442  max mem: 11382
Test:  [327/391]  eta: 0:00:27  sploss: 5.2424 (5.2474)  famloss: 2.1968 (2.3334)  manuloss: 1.3425 (1.4982)  acc1: 18.3594 (20.3554)  acc5: 37.8906 (38.5349)  family_acc1: 55.0781 (53.3620)  manu_acc1: 70.7031 (67.9199)  time: 0.4433  data: 0.2441  max mem: 11382
Test:  [328/391]  eta: 0:00:27  sploss: 5.2406 (5.2469)  famloss: 2.1875 (2.3329)  manuloss: 1.3425 (1.4977)  acc1: 18.3594 (20.3576)  acc5: 37.8906 (38.5330)  family_acc1: 55.0781 (53.3779)  manu_acc1: 70.7031 (67.9308)  time: 0.4409  data: 0.2441  max mem: 11382
Test:  [329/391]  eta: 0:00:26  sploss: 5.2406 (5.2469)  famloss: 2.1875 (2.3327)  manuloss: 1.3468 (1.4978)  acc1: 18.7500 (20.3598)  acc5: 37.8906 (38.5346)  family_acc1: 55.0781 (53.3748)  manu_acc1: 70.7031 (67.9285)  time: 0.4389  data: 0.2441  max mem: 11382
Test:  [330/391]  eta: 0:00:26  sploss: 5.2406 (5.2468)  famloss: 2.1875 (2.3322)  manuloss: 1.3605 (1.4976)  acc1: 18.7500 (20.3597)  acc5: 37.8906 (38.5244)  family_acc1: 55.0781 (53.3834)  manu_acc1: 69.5312 (67.9274)  time: 0.4384  data: 0.2441  max mem: 11382
Test:  [331/391]  eta: 0:00:26  sploss: 5.1910 (5.2465)  famloss: 2.1875 (2.3325)  manuloss: 1.3605 (1.4978)  acc1: 19.5312 (20.3572)  acc5: 37.8906 (38.5330)  family_acc1: 55.0781 (53.3886)  manu_acc1: 69.5312 (67.9252)  time: 0.4383  data: 0.2441  max mem: 11382
Test:  [332/391]  eta: 0:00:25  sploss: 5.1910 (5.2467)  famloss: 2.1875 (2.3328)  manuloss: 1.3985 (1.4980)  acc1: 19.5312 (20.3536)  acc5: 38.2812 (38.5393)  family_acc1: 55.0781 (53.3854)  manu_acc1: 68.7500 (67.9183)  time: 0.3162  data: 0.1245  max mem: 11382
Test:  [333/391]  eta: 0:00:25  sploss: 5.1910 (5.2471)  famloss: 2.1968 (2.3338)  manuloss: 1.4139 (1.4986)  acc1: 19.5312 (20.3441)  acc5: 38.2812 (38.5350)  family_acc1: 55.0781 (53.3648)  manu_acc1: 68.3594 (67.9044)  time: 0.3136  data: 0.1245  max mem: 11382
Test:  [334/391]  eta: 0:00:24  sploss: 5.2500 (5.2473)  famloss: 2.2013 (2.3343)  manuloss: 1.4174 (1.4988)  acc1: 19.1406 (20.3382)  acc5: 37.8906 (38.5215)  family_acc1: 55.0781 (53.3605)  manu_acc1: 67.9688 (67.8953)  time: 0.3112  data: 0.1245  max mem: 11382
Test:  [335/391]  eta: 0:00:24  sploss: 5.2663 (5.2478)  famloss: 2.2066 (2.3346)  manuloss: 1.4305 (1.4991)  acc1: 18.7500 (20.3253)  acc5: 37.8906 (38.5138)  family_acc1: 55.0781 (53.3564)  manu_acc1: 67.9688 (67.8932)  time: 0.3102  data: 0.1245  max mem: 11382
Test:  [336/391]  eta: 0:00:24  sploss: 5.2500 (5.2474)  famloss: 2.2460 (2.3347)  manuloss: 1.4498 (1.4990)  acc1: 19.1406 (20.3229)  acc5: 37.8906 (38.5258)  family_acc1: 54.6875 (53.3603)  manu_acc1: 67.9688 (67.8980)  time: 0.4398  data: 0.2532  max mem: 11382
Test:  [337/391]  eta: 0:00:23  sploss: 5.2694 (5.2487)  famloss: 2.2495 (2.3356)  manuloss: 1.4631 (1.5002)  acc1: 18.7500 (20.3125)  acc5: 37.8906 (38.5055)  family_acc1: 53.9062 (53.3365)  manu_acc1: 67.5781 (67.8740)  time: 0.4406  data: 0.2532  max mem: 11382
Test:  [338/391]  eta: 0:00:23  sploss: 5.2948 (5.2489)  famloss: 2.2551 (2.3356)  manuloss: 1.4698 (1.5003)  acc1: 18.7500 (20.3079)  acc5: 37.8906 (38.5036)  family_acc1: 53.5156 (53.3267)  manu_acc1: 67.1875 (67.8685)  time: 0.4408  data: 0.2532  max mem: 11382
Test:  [339/391]  eta: 0:00:22  sploss: 5.2948 (5.2493)  famloss: 2.2551 (2.3359)  manuloss: 1.4796 (1.5003)  acc1: 18.7500 (20.3102)  acc5: 37.8906 (38.4995)  family_acc1: 53.5156 (53.3226)  manu_acc1: 67.1875 (67.8676)  time: 0.4411  data: 0.2532  max mem: 11382
Test:  [340/391]  eta: 0:00:22  sploss: 5.2948 (5.2487)  famloss: 2.3534 (2.3360)  manuloss: 1.5049 (1.5003)  acc1: 18.7500 (20.3194)  acc5: 37.8906 (38.5081)  family_acc1: 53.5156 (53.3243)  manu_acc1: 67.1875 (67.8622)  time: 0.4410  data: 0.2532  max mem: 11382
Test:  [341/391]  eta: 0:00:21  sploss: 5.2948 (5.2484)  famloss: 2.3534 (2.3354)  manuloss: 1.5049 (1.5000)  acc1: 18.7500 (20.3273)  acc5: 37.8906 (38.5165)  family_acc1: 53.5156 (53.3352)  manu_acc1: 67.1875 (67.8717)  time: 0.4413  data: 0.2532  max mem: 11382
Test:  [342/391]  eta: 0:00:21  sploss: 5.2694 (5.2484)  famloss: 2.3534 (2.3348)  manuloss: 1.5049 (1.4990)  acc1: 19.1406 (20.3376)  acc5: 37.8906 (38.5215)  family_acc1: 53.5156 (53.3539)  manu_acc1: 67.5781 (67.8947)  time: 0.4423  data: 0.2532  max mem: 11382
Test:  [343/391]  eta: 0:00:20  sploss: 5.2694 (5.2488)  famloss: 2.3638 (2.3349)  manuloss: 1.5118 (1.4990)  acc1: 19.1406 (20.3295)  acc5: 37.8906 (38.5106)  family_acc1: 53.5156 (53.3544)  manu_acc1: 67.5781 (67.8995)  time: 0.4420  data: 0.2532  max mem: 11382
Test:  [344/391]  eta: 0:00:20  sploss: 5.2694 (5.2487)  famloss: 2.3638 (2.3343)  manuloss: 1.5118 (1.4982)  acc1: 19.5312 (20.3329)  acc5: 37.8906 (38.5156)  family_acc1: 53.5156 (53.3560)  manu_acc1: 67.5781 (67.9189)  time: 0.3178  data: 0.1291  max mem: 11382
Test:  [345/391]  eta: 0:00:19  sploss: 5.2694 (5.2489)  famloss: 2.3673 (2.3349)  manuloss: 1.5049 (1.4981)  acc1: 19.5312 (20.3227)  acc5: 37.8906 (38.5206)  family_acc1: 53.5156 (53.3395)  manu_acc1: 67.5781 (67.9247)  time: 0.3181  data: 0.1291  max mem: 11382
Test:  [346/391]  eta: 0:00:19  sploss: 5.2497 (5.2482)  famloss: 2.3638 (2.3343)  manuloss: 1.5049 (1.4972)  acc1: 19.5312 (20.3294)  acc5: 39.0625 (38.5323)  family_acc1: 53.5156 (53.3479)  manu_acc1: 67.5781 (67.9406)  time: 0.3173  data: 0.1291  max mem: 11382
Test:  [347/391]  eta: 0:00:18  sploss: 5.2497 (5.2475)  famloss: 2.3638 (2.3336)  manuloss: 1.5049 (1.4963)  acc1: 19.5312 (20.3305)  acc5: 39.0625 (38.5428)  family_acc1: 53.5156 (53.3596)  manu_acc1: 67.5781 (67.9676)  time: 0.3164  data: 0.1291  max mem: 11382
Test:  [348/391]  eta: 0:00:18  sploss: 5.2497 (5.2475)  famloss: 2.3638 (2.3335)  manuloss: 1.5049 (1.4958)  acc1: 19.5312 (20.3282)  acc5: 39.0625 (38.5432)  family_acc1: 52.7344 (53.3578)  manu_acc1: 67.5781 (67.9732)  time: 0.4558  data: 0.2635  max mem: 11382
Test:  [349/391]  eta: 0:00:18  sploss: 5.2434 (5.2469)  famloss: 2.3638 (2.3327)  manuloss: 1.4796 (1.4950)  acc1: 19.5312 (20.3359)  acc5: 40.2344 (38.5536)  family_acc1: 53.5156 (53.3683)  manu_acc1: 67.5781 (67.9933)  time: 0.4569  data: 0.2636  max mem: 11382
Test:  [350/391]  eta: 0:00:17  sploss: 5.2434 (5.2461)  famloss: 2.3638 (2.3328)  manuloss: 1.4796 (1.4946)  acc1: 19.5312 (20.3481)  acc5: 40.2344 (38.5684)  family_acc1: 53.5156 (53.3765)  manu_acc1: 69.5312 (68.0032)  time: 0.4571  data: 0.2636  max mem: 11382
Test:  [351/391]  eta: 0:00:17  sploss: 5.2497 (5.2466)  famloss: 2.3534 (2.3325)  manuloss: 1.4607 (1.4940)  acc1: 19.5312 (20.3447)  acc5: 40.2344 (38.5676)  family_acc1: 53.5156 (53.3791)  manu_acc1: 69.5312 (68.0242)  time: 0.4570  data: 0.2636  max mem: 11382
Test:  [352/391]  eta: 0:00:16  sploss: 5.2497 (5.2467)  famloss: 2.3375 (2.3324)  manuloss: 1.3896 (1.4934)  acc1: 19.5312 (20.3380)  acc5: 38.6719 (38.5634)  family_acc1: 53.9062 (53.3828)  manu_acc1: 69.9219 (68.0429)  time: 0.4568  data: 0.2636  max mem: 11382
Test:  [353/391]  eta: 0:00:16  sploss: 5.2434 (5.2465)  famloss: 2.3118 (2.3315)  manuloss: 1.3712 (1.4926)  acc1: 19.5312 (20.3302)  acc5: 39.0625 (38.5648)  family_acc1: 53.9062 (53.3898)  manu_acc1: 69.9219 (68.0614)  time: 0.4568  data: 0.2636  max mem: 11382
Test:  [354/391]  eta: 0:00:16  sploss: 5.2434 (5.2468)  famloss: 2.3118 (2.3315)  manuloss: 1.3712 (1.4923)  acc1: 19.5312 (20.3312)  acc5: 39.0625 (38.5585)  family_acc1: 53.9062 (53.3880)  manu_acc1: 71.0938 (68.0711)  time: 0.4567  data: 0.2636  max mem: 11382
Test:  [355/391]  eta: 0:00:15  sploss: 5.2023 (5.2459)  famloss: 2.2841 (2.3311)  manuloss: 1.3508 (1.4916)  acc1: 20.7031 (20.3344)  acc5: 40.2344 (38.5709)  family_acc1: 54.2969 (53.3971)  manu_acc1: 71.4844 (68.0916)  time: 0.4575  data: 0.2636  max mem: 11382
Test:  [356/391]  eta: 0:00:15  sploss: 5.2434 (5.2460)  famloss: 2.2351 (2.3308)  manuloss: 1.2873 (1.4909)  acc1: 20.7031 (20.3431)  acc5: 39.0625 (38.5690)  family_acc1: 54.2969 (53.3996)  manu_acc1: 71.4844 (68.1022)  time: 0.3284  data: 0.1349  max mem: 11382
Test:  [357/391]  eta: 0:00:14  sploss: 5.2023 (5.2450)  famloss: 2.2184 (2.3300)  manuloss: 1.2810 (1.4903)  acc1: 21.0938 (20.3529)  acc5: 40.2344 (38.5813)  family_acc1: 54.2969 (53.4120)  manu_acc1: 71.8750 (68.1182)  time: 0.3281  data: 0.1349  max mem: 11382
Test:  [358/391]  eta: 0:00:14  sploss: 5.1874 (5.2449)  famloss: 2.2184 (2.3298)  manuloss: 1.2810 (1.4898)  acc1: 21.4844 (20.3560)  acc5: 40.2344 (38.5783)  family_acc1: 54.6875 (53.4188)  manu_acc1: 72.6562 (68.1309)  time: 0.3274  data: 0.1349  max mem: 11382
Test:  [359/391]  eta: 0:00:13  sploss: 5.1874 (5.2449)  famloss: 2.1770 (2.3288)  manuloss: 1.2690 (1.4890)  acc1: 21.4844 (20.3505)  acc5: 40.2344 (38.5753)  family_acc1: 55.8594 (53.4418)  manu_acc1: 73.4375 (68.1510)  time: 0.3274  data: 0.1349  max mem: 11382
Test:  [360/391]  eta: 0:00:13  sploss: 5.2023 (5.2452)  famloss: 2.1770 (2.3286)  manuloss: 1.2676 (1.4884)  acc1: 21.4844 (20.3547)  acc5: 39.4531 (38.5777)  family_acc1: 55.8594 (53.4507)  manu_acc1: 73.8281 (68.1678)  time: 0.4609  data: 0.2676  max mem: 11382
Test:  [361/391]  eta: 0:00:13  sploss: 5.2023 (5.2439)  famloss: 2.1770 (2.3274)  manuloss: 1.2618 (1.4876)  acc1: 20.7031 (20.3546)  acc5: 39.4531 (38.5942)  family_acc1: 55.8594 (53.4757)  manu_acc1: 74.2188 (68.1889)  time: 0.4607  data: 0.2676  max mem: 11382
Test:  [362/391]  eta: 0:00:12  sploss: 5.1874 (5.2430)  famloss: 2.1770 (2.3267)  manuloss: 1.2618 (1.4869)  acc1: 20.7031 (20.3598)  acc5: 39.4531 (38.6041)  family_acc1: 55.8594 (53.4909)  manu_acc1: 74.2188 (68.2109)  time: 0.4600  data: 0.2676  max mem: 11382
Test:  [363/391]  eta: 0:00:12  sploss: 5.1874 (5.2438)  famloss: 2.1770 (2.3272)  manuloss: 1.2618 (1.4870)  acc1: 20.7031 (20.3554)  acc5: 39.4531 (38.5935)  family_acc1: 55.8594 (53.4877)  manu_acc1: 74.2188 (68.2166)  time: 0.4602  data: 0.2676  max mem: 11382
Test:  [364/391]  eta: 0:00:11  sploss: 5.1874 (5.2438)  famloss: 2.2025 (2.3269)  manuloss: 1.2676 (1.4866)  acc1: 20.7031 (20.3596)  acc5: 39.4531 (38.6002)  family_acc1: 56.2500 (53.5006)  manu_acc1: 73.8281 (68.2288)  time: 0.4600  data: 0.2676  max mem: 11382
Test:  [365/391]  eta: 0:00:11  sploss: 5.1705 (5.2430)  famloss: 2.1770 (2.3256)  manuloss: 1.2618 (1.4854)  acc1: 21.4844 (20.3744)  acc5: 39.4531 (38.6089)  family_acc1: 56.2500 (53.5359)  manu_acc1: 74.2188 (68.2580)  time: 0.4593  data: 0.2676  max mem: 11382
Test:  [366/391]  eta: 0:00:10  sploss: 5.1874 (5.2437)  famloss: 2.1982 (2.3252)  manuloss: 1.2676 (1.4848)  acc1: 20.7031 (20.3668)  acc5: 39.0625 (38.5942)  family_acc1: 56.6406 (53.5497)  manu_acc1: 74.6094 (68.2795)  time: 0.4599  data: 0.2676  max mem: 11382
Test:  [367/391]  eta: 0:00:10  sploss: 5.1874 (5.2429)  famloss: 2.1982 (2.3246)  manuloss: 1.2676 (1.4840)  acc1: 21.4844 (20.3751)  acc5: 39.0625 (38.6050)  family_acc1: 56.2500 (53.5570)  manu_acc1: 74.6094 (68.3010)  time: 0.4608  data: 0.2676  max mem: 11382
Test:  [368/391]  eta: 0:00:09  sploss: 5.1874 (5.2429)  famloss: 2.1770 (2.3242)  manuloss: 1.2618 (1.4834)  acc1: 21.4844 (20.3728)  acc5: 39.0625 (38.5999)  family_acc1: 56.6406 (53.5749)  manu_acc1: 74.6094 (68.3213)  time: 0.3214  data: 0.1332  max mem: 11382
Test:  [369/391]  eta: 0:00:09  sploss: 5.1874 (5.2423)  famloss: 2.1770 (2.3233)  manuloss: 1.2618 (1.4824)  acc1: 21.4844 (20.3780)  acc5: 39.0625 (38.6022)  family_acc1: 56.6406 (53.5874)  manu_acc1: 74.6094 (68.3404)  time: 0.3199  data: 0.1331  max mem: 11382
Test:  [370/391]  eta: 0:00:09  sploss: 5.2381 (5.2426)  famloss: 2.1770 (2.3234)  manuloss: 1.2618 (1.4822)  acc1: 20.7031 (20.3725)  acc5: 38.2812 (38.5908)  family_acc1: 56.6406 (53.5914)  manu_acc1: 74.6094 (68.3467)  time: 0.3197  data: 0.1331  max mem: 11382
Test:  [371/391]  eta: 0:00:08  sploss: 5.1874 (5.2420)  famloss: 2.1602 (2.3229)  manuloss: 1.2618 (1.4817)  acc1: 21.4844 (20.3766)  acc5: 39.0625 (38.5952)  family_acc1: 56.6406 (53.5923)  manu_acc1: 74.6094 (68.3552)  time: 0.3191  data: 0.1330  max mem: 11382
Test:  [372/391]  eta: 0:00:08  sploss: 5.1874 (5.2422)  famloss: 2.1602 (2.3228)  manuloss: 1.2618 (1.4813)  acc1: 21.4844 (20.3701)  acc5: 39.0625 (38.5881)  family_acc1: 56.6406 (53.6005)  manu_acc1: 74.2188 (68.3615)  time: 0.4345  data: 0.2477  max mem: 11382
Test:  [373/391]  eta: 0:00:07  sploss: 5.1874 (5.2418)  famloss: 2.1602 (2.3217)  manuloss: 1.2618 (1.4802)  acc1: 21.4844 (20.3710)  acc5: 37.8906 (38.5831)  family_acc1: 56.6406 (53.6117)  manu_acc1: 74.2188 (68.3886)  time: 0.4343  data: 0.2477  max mem: 11382
Test:  [374/391]  eta: 0:00:07  sploss: 5.0861 (5.2412)  famloss: 2.1602 (2.3214)  manuloss: 1.2618 (1.4798)  acc1: 21.4844 (20.3740)  acc5: 39.4531 (38.5917)  family_acc1: 56.6406 (53.6135)  manu_acc1: 75.3906 (68.4083)  time: 0.4340  data: 0.2477  max mem: 11382
Test:  [375/391]  eta: 0:00:06  sploss: 5.0861 (5.2408)  famloss: 2.1602 (2.3214)  manuloss: 1.2676 (1.4793)  acc1: 21.4844 (20.3717)  acc5: 39.4531 (38.6002)  family_acc1: 56.6406 (53.6185)  manu_acc1: 74.2188 (68.4186)  time: 0.4328  data: 0.2477  max mem: 11382
Test:  [376/391]  eta: 0:00:06  sploss: 5.0684 (5.2401)  famloss: 2.1400 (2.3208)  manuloss: 1.2676 (1.4783)  acc1: 21.4844 (20.3767)  acc5: 39.4531 (38.6066)  family_acc1: 57.8125 (53.6358)  manu_acc1: 75.3906 (68.4433)  time: 0.4324  data: 0.2477  max mem: 11382
Test:  [377/391]  eta: 0:00:06  sploss: 5.0684 (5.2389)  famloss: 2.1400 (2.3200)  manuloss: 1.2520 (1.4773)  acc1: 21.4844 (20.3900)  acc5: 39.4531 (38.6243)  family_acc1: 57.8125 (53.6520)  manu_acc1: 75.3906 (68.4720)  time: 0.4318  data: 0.2476  max mem: 11382
Test:  [378/391]  eta: 0:00:05  sploss: 5.0403 (5.2381)  famloss: 2.1178 (2.3193)  manuloss: 1.2253 (1.4762)  acc1: 21.4844 (20.3939)  acc5: 39.4531 (38.6255)  family_acc1: 57.8125 (53.6599)  manu_acc1: 75.7812 (68.4934)  time: 0.4316  data: 0.2476  max mem: 11382
Test:  [379/391]  eta: 0:00:05  sploss: 5.0403 (5.2378)  famloss: 2.1400 (2.3191)  manuloss: 1.2520 (1.4759)  acc1: 21.8750 (20.4009)  acc5: 40.2344 (38.6338)  family_acc1: 56.6406 (53.6667)  manu_acc1: 75.7812 (68.4992)  time: 0.4310  data: 0.2476  max mem: 11382
Test:  [380/391]  eta: 0:00:04  sploss: 5.0380 (5.2368)  famloss: 2.1178 (2.3184)  manuloss: 1.2253 (1.4750)  acc1: 21.8750 (20.4150)  acc5: 41.0156 (38.6421)  family_acc1: 57.8125 (53.6827)  manu_acc1: 75.7812 (68.5255)  time: 0.2967  data: 0.1149  max mem: 11382
Test:  [381/391]  eta: 0:00:04  sploss: 5.0403 (5.2368)  famloss: 2.1400 (2.3179)  manuloss: 1.2520 (1.4745)  acc1: 21.8750 (20.4107)  acc5: 40.2344 (38.6412)  family_acc1: 57.8125 (53.6987)  manu_acc1: 75.7812 (68.5383)  time: 0.2965  data: 0.1149  max mem: 11382
Test:  [382/391]  eta: 0:00:03  sploss: 5.0684 (5.2369)  famloss: 2.1400 (2.3174)  manuloss: 1.2520 (1.4737)  acc1: 21.4844 (20.4104)  acc5: 40.2344 (38.6484)  family_acc1: 57.8125 (53.7094)  manu_acc1: 75.7812 (68.5613)  time: 0.2962  data: 0.1149  max mem: 11382
Test:  [383/391]  eta: 0:00:03  sploss: 5.0684 (5.2364)  famloss: 2.1400 (2.3173)  manuloss: 1.2520 (1.4733)  acc1: 21.8750 (20.4224)  acc5: 41.0156 (38.6597)  family_acc1: 57.8125 (53.7181)  manu_acc1: 75.7812 (68.5730)  time: 0.2954  data: 0.1149  max mem: 11382
Test:  [384/391]  eta: 0:00:03  sploss: 5.0403 (5.2358)  famloss: 2.1213 (2.3161)  manuloss: 1.1677 (1.4719)  acc1: 21.4844 (20.4241)  acc5: 41.0156 (38.6688)  family_acc1: 57.8125 (53.7449)  manu_acc1: 75.7812 (68.6090)  time: 0.4026  data: 0.2217  max mem: 11382
Test:  [385/391]  eta: 0:00:02  sploss: 5.0684 (5.2359)  famloss: 2.1352 (2.3157)  manuloss: 1.1677 (1.4710)  acc1: 21.0938 (20.4238)  acc5: 40.2344 (38.6719)  family_acc1: 57.0312 (53.7494)  manu_acc1: 75.7812 (68.6316)  time: 0.4027  data: 0.2217  max mem: 11382
Test:  [386/391]  eta: 0:00:02  sploss: 5.0684 (5.2360)  famloss: 2.1352 (2.3154)  manuloss: 1.1517 (1.4702)  acc1: 21.0938 (20.4165)  acc5: 40.2344 (38.6678)  family_acc1: 56.6406 (53.7518)  manu_acc1: 75.7812 (68.6511)  time: 0.4022  data: 0.2216  max mem: 11382
Test:  [387/391]  eta: 0:00:01  sploss: 5.0726 (5.2357)  famloss: 2.1400 (2.3151)  manuloss: 1.1517 (1.4698)  acc1: 21.0938 (20.4232)  acc5: 40.2344 (38.6809)  family_acc1: 56.6406 (53.7502)  manu_acc1: 75.7812 (68.6604)  time: 0.4018  data: 0.2216  max mem: 11382
Test:  [388/391]  eta: 0:00:01  sploss: 5.0684 (5.2350)  famloss: 2.1352 (2.3146)  manuloss: 1.1517 (1.4691)  acc1: 21.4844 (20.4350)  acc5: 41.0156 (38.6910)  family_acc1: 56.6406 (53.7637)  manu_acc1: 75.3906 (68.6757)  time: 0.4013  data: 0.2216  max mem: 11382
Test:  [389/391]  eta: 0:00:00  sploss: 5.0726 (5.2353)  famloss: 2.1400 (2.3143)  manuloss: 1.2332 (1.4688)  acc1: 21.0938 (20.4337)  acc5: 41.0156 (38.6919)  family_acc1: 56.6406 (53.7670)  manu_acc1: 74.6094 (68.6849)  time: 0.4007  data: 0.2216  max mem: 11382
Test:  [390/391]  eta: 0:00:00  sploss: 5.0726 (5.2351)  famloss: 2.1352 (2.3139)  manuloss: 1.2332 (1.4682)  acc1: 21.4844 (20.4400)  acc5: 41.0156 (38.6930)  family_acc1: 56.6406 (53.7780)  manu_acc1: 75.0000 (68.6950)  time: 0.3971  data: 0.2216  max mem: 11382
Test: Total time: 0:02:47 (0.4292 s / it)
* Acc@1 20.440 Acc@5 38.693 family@1 53.778 manu@1 68.695 sploss 5.235 fmloss 2.314 mfloss 1.468
FPA: 15.091% | TICE: 56.667% 
LCA: 179.097%
Precision and Recall: 350.817%
wAP: 24.830
