Namespace(batch_size=256, epochs=100, bce_loss=False, unscale_lr=False, few_shot=1, model='cast_small', input_size=224, drop=0.0, drop_path=0.1, model_ema=True, model_ema_decay=0.99996, model_ema_force_cpu=False, num_superpixels=196, opt='adamw', opt_eps=1e-08, opt_betas=None, clip_grad=None, momentum=0.9, weight_decay=0.05, sched='cosine', lr=0.0005, lr_noise=None, lr_noise_pct=0.67, lr_noise_std=1.0, warmup_lr=1e-06, min_lr=1e-05, decay_epochs=30, warmup_epochs=5, cooldown_epochs=10, patience_epochs=10, decay_rate=0.1, color_jitter=0.3, aa='rand-m9-mstd0.5-inc1', smoothing=0.1, train_interpolation='bicubic', repeated_aug=True, train_mode=True, ThreeAugment=False, src=False, reprob=0.25, remode='pixel', recount=1, resplit=False, mixup=0.8, cutmix=1.0, cutmix_minmax=None, mixup_prob=1.0, mixup_switch_prob=0.5, mixup_mode='batch', teacher_model='regnety_160', teacher_path='', distillation_type='none', distillation_alpha=0.5, distillation_tau=1.0, cosub=False, finetune='best_checkpoint.pth', attn_only=False, data_path='../dataset/', data_set='INAT21-MINI-HIER-SUPERPIXEL', path_yn=False, inat_category='name', output_dir='./output/few_shot/one/10ot', device='cuda', seed=0, resume='', start_epoch=0, eval=False, eval_crop_ratio=0.875, dist_eval=False, num_workers=12, pin_mem=True, distributed=True, world_size=1, dist_url='env://', globalkl=False, ot_loss=True, learnable_ot=False, ot_weight=10.0, base_weight=0.5, globalbce=False, gk_weight=1, filename='results.csv', breeds_sort='entity13', random_seed=1, local_rank=-1, tree_path='./data/inat21_3tree.json', label_weight=[1, 2, 3])
| distributed init (rank 0): env://
seed 0
args.nb_classes [10000, 1103, 273]
Creating model: cast_small
dict_keys(['model', 'optimizer', 'lr_scheduler', 'epoch', 'model_ema', 'scaler', 'args'])
Removing key head.weight from pretrained checkpoint
Removing key head.bias from pretrained checkpoint
number of params: 30556704
Start training for 100 epochs
Epoch: [0]  [ 0/39]  eta: 0:08:15  lr: 0.000001  sp_loss: 9.2989 (9.2989)  fam_loss: 7.0388 (7.0388)  manu_loss: 5.5544 (5.5544)  ot_loss: 0.5587 (0.5587)  base_loss: 9.3836 (9.3836)  time: 12.7179  data: 7.1590  max mem: 10976
Epoch: [0]  [38/39]  eta: 0:00:00  lr: 0.000001  sp_loss: 9.2798 (9.2772)  fam_loss: 7.0750 (7.0803)  manu_loss: 5.6105 (5.6293)  ot_loss: 0.5582 (0.5583)  base_loss: 9.3895 (9.3927)  time: 0.2785  data: 0.0001  max mem: 11360
Epoch: [0] Total time: 0:00:23 (0.6142 s / it)
Averaged stats: lr: 0.000001  sp_loss: 9.2798 (9.2772)  fam_loss: 7.0750 (7.0803)  manu_loss: 5.6105 (5.6293)  ot_loss: 0.5582 (0.5583)  base_loss: 9.3895 (9.3927)
Epoch: [1]  [ 0/39]  eta: 0:04:03  lr: 0.000001  sp_loss: 9.2690 (9.2690)  fam_loss: 7.0407 (7.0407)  manu_loss: 5.5757 (5.5757)  ot_loss: 0.5580 (0.5580)  base_loss: 9.3725 (9.3725)  time: 6.2337  data: 5.8924  max mem: 11360
Epoch: [1]  [38/39]  eta: 0:00:00  lr: 0.000001  sp_loss: 9.2682 (9.2709)  fam_loss: 7.0562 (7.0622)  manu_loss: 5.5760 (5.5844)  ot_loss: 0.5578 (0.5579)  base_loss: 9.3744 (9.3781)  time: 0.3654  data: 0.0877  max mem: 11360
Epoch: [1] Total time: 0:00:19 (0.5100 s / it)
Averaged stats: lr: 0.000001  sp_loss: 9.2682 (9.2709)  fam_loss: 7.0562 (7.0622)  manu_loss: 5.5760 (5.5844)  ot_loss: 0.5578 (0.5579)  base_loss: 9.3744 (9.3781)
Epoch: [2]  [ 0/39]  eta: 0:03:56  lr: 0.000051  sp_loss: 9.2393 (9.2393)  fam_loss: 7.1032 (7.1032)  manu_loss: 5.5707 (5.5707)  ot_loss: 0.5575 (0.5575)  base_loss: 9.3673 (9.3673)  time: 6.0748  data: 5.7330  max mem: 11360
Epoch: [2]  [38/39]  eta: 0:00:00  lr: 0.000051  sp_loss: 9.2629 (9.2613)  fam_loss: 6.5818 (6.7556)  manu_loss: 4.5542 (4.8519)  ot_loss: 0.5472 (0.5508)  base_loss: 9.0502 (9.1706)  time: 0.3526  data: 0.0755  max mem: 11360
Epoch: [2] Total time: 0:00:19 (0.5044 s / it)
Averaged stats: lr: 0.000051  sp_loss: 9.2629 (9.2613)  fam_loss: 6.5818 (6.7556)  manu_loss: 4.5542 (4.8519)  ot_loss: 0.5472 (0.5508)  base_loss: 9.0502 (9.1706)
Epoch: [3]  [ 0/39]  eta: 0:03:43  lr: 0.000101  sp_loss: 9.2342 (9.2342)  fam_loss: 6.3254 (6.3254)  manu_loss: 4.2346 (4.2346)  ot_loss: 0.5442 (0.5442)  base_loss: 8.9272 (8.9272)  time: 5.7416  data: 5.4014  max mem: 11360
Epoch: [3]  [38/39]  eta: 0:00:00  lr: 0.000101  sp_loss: 9.3087 (9.3147)  fam_loss: 5.9532 (6.0545)  manu_loss: 4.0376 (4.1476)  ot_loss: 0.5329 (0.5354)  base_loss: 8.8331 (8.8681)  time: 0.3793  data: 0.0969  max mem: 11360
Epoch: [3] Total time: 0:00:19 (0.5074 s / it)
Averaged stats: lr: 0.000101  sp_loss: 9.3087 (9.3147)  fam_loss: 5.9532 (6.0545)  manu_loss: 4.0376 (4.1476)  ot_loss: 0.5329 (0.5354)  base_loss: 8.8331 (8.8681)
Epoch: [4]  [ 0/39]  eta: 0:03:43  lr: 0.000150  sp_loss: 9.2789 (9.2789)  fam_loss: 6.0155 (6.0155)  manu_loss: 3.9671 (3.9671)  ot_loss: 0.5316 (0.5316)  base_loss: 8.7792 (8.7792)  time: 5.7332  data: 5.3784  max mem: 11360
Epoch: [4]  [38/39]  eta: 0:00:00  lr: 0.000150  sp_loss: 9.3541 (9.3231)  fam_loss: 5.6463 (5.7107)  manu_loss: 3.6800 (3.8026)  ot_loss: 0.5280 (0.5287)  base_loss: 8.6714 (8.6979)  time: 0.3651  data: 0.0876  max mem: 11360
Epoch: [4] Total time: 0:00:19 (0.5057 s / it)
Averaged stats: lr: 0.000150  sp_loss: 9.3541 (9.3231)  fam_loss: 5.6463 (5.7107)  manu_loss: 3.6800 (3.8026)  ot_loss: 0.5280 (0.5287)  base_loss: 8.6714 (8.6979)
Epoch: [5]  [ 0/39]  eta: 0:03:47  lr: 0.000200  sp_loss: 9.3652 (9.3652)  fam_loss: 5.4669 (5.4669)  manu_loss: 3.5588 (3.5588)  ot_loss: 0.5310 (0.5310)  base_loss: 8.6035 (8.6035)  time: 5.8408  data: 5.4872  max mem: 11360
Epoch: [5]  [38/39]  eta: 0:00:00  lr: 0.000200  sp_loss: 9.3364 (9.3106)  fam_loss: 5.5147 (5.5377)  manu_loss: 3.6659 (3.6603)  ot_loss: 0.5256 (0.5264)  base_loss: 8.5948 (8.6067)  time: 0.3520  data: 0.0712  max mem: 11360
Epoch: [5] Total time: 0:00:19 (0.5029 s / it)
Averaged stats: lr: 0.000200  sp_loss: 9.3364 (9.3106)  fam_loss: 5.5147 (5.5377)  manu_loss: 3.6659 (3.6603)  ot_loss: 0.5256 (0.5264)  base_loss: 8.5948 (8.6067)
Epoch: [6]  [ 0/39]  eta: 0:03:57  lr: 0.000249  sp_loss: 9.2587 (9.2587)  fam_loss: 5.8083 (5.8083)  manu_loss: 3.8946 (3.8946)  ot_loss: 0.5232 (0.5232)  base_loss: 8.6998 (8.6998)  time: 6.0791  data: 5.7332  max mem: 11360
Epoch: [6]  [38/39]  eta: 0:00:00  lr: 0.000249  sp_loss: 9.2825 (9.2793)  fam_loss: 5.1528 (5.3520)  manu_loss: 3.3672 (3.5389)  ot_loss: 0.5275 (0.5270)  base_loss: 8.4404 (8.5114)  time: 0.3664  data: 0.0903  max mem: 11360
Epoch: [6] Total time: 0:00:19 (0.5063 s / it)
Averaged stats: lr: 0.000249  sp_loss: 9.2825 (9.2793)  fam_loss: 5.1528 (5.3520)  manu_loss: 3.3672 (3.5389)  ot_loss: 0.5275 (0.5270)  base_loss: 8.4404 (8.5114)
Epoch: [7]  [ 0/39]  eta: 0:04:01  lr: 0.000248  sp_loss: 9.1899 (9.1899)  fam_loss: 5.3578 (5.3578)  manu_loss: 3.6553 (3.6553)  ot_loss: 0.5235 (0.5235)  base_loss: 8.4872 (8.4872)  time: 6.2045  data: 5.8583  max mem: 11360
Epoch: [7]  [38/39]  eta: 0:00:00  lr: 0.000248  sp_loss: 9.2188 (9.2142)  fam_loss: 5.0833 (5.1745)  manu_loss: 3.4053 (3.4484)  ot_loss: 0.5266 (0.5257)  base_loss: 8.3562 (8.4059)  time: 0.3610  data: 0.0854  max mem: 11360
Epoch: [7] Total time: 0:00:19 (0.5094 s / it)
Averaged stats: lr: 0.000248  sp_loss: 9.2188 (9.2142)  fam_loss: 5.0833 (5.1745)  manu_loss: 3.4053 (3.4484)  ot_loss: 0.5266 (0.5257)  base_loss: 8.3562 (8.4059)
Epoch: [8]  [ 0/39]  eta: 0:03:54  lr: 0.000247  sp_loss: 9.1951 (9.1951)  fam_loss: 5.5361 (5.5361)  manu_loss: 4.0634 (4.0634)  ot_loss: 0.5275 (0.5275)  base_loss: 8.5903 (8.5903)  time: 6.0155  data: 5.6699  max mem: 11360
Epoch: [8]  [38/39]  eta: 0:00:00  lr: 0.000247  sp_loss: 9.1060 (9.1427)  fam_loss: 5.2014 (5.1588)  manu_loss: 3.4514 (3.4938)  ot_loss: 0.5277 (0.5269)  base_loss: 8.3596 (8.3692)  time: 0.3788  data: 0.0982  max mem: 11360
Epoch: [8] Total time: 0:00:19 (0.5105 s / it)
Averaged stats: lr: 0.000247  sp_loss: 9.1060 (9.1427)  fam_loss: 5.2014 (5.1588)  manu_loss: 3.4514 (3.4938)  ot_loss: 0.5277 (0.5269)  base_loss: 8.3596 (8.3692)
Epoch: [9]  [ 0/39]  eta: 0:04:10  lr: 0.000246  sp_loss: 9.0646 (9.0646)  fam_loss: 5.2975 (5.2975)  manu_loss: 3.7462 (3.7462)  ot_loss: 0.5265 (0.5265)  base_loss: 8.4122 (8.4122)  time: 6.4282  data: 6.0773  max mem: 11360
Epoch: [9]  [38/39]  eta: 0:00:00  lr: 0.000246  sp_loss: 8.9673 (8.9889)  fam_loss: 4.9396 (4.9059)  manu_loss: 3.4446 (3.3363)  ot_loss: 0.5297 (0.5293)  base_loss: 8.2181 (8.1812)  time: 0.3589  data: 0.0815  max mem: 11360
Epoch: [9] Total time: 0:00:19 (0.5102 s / it)
Averaged stats: lr: 0.000246  sp_loss: 8.9673 (8.9889)  fam_loss: 4.9396 (4.9059)  manu_loss: 3.4446 (3.3363)  ot_loss: 0.5297 (0.5293)  base_loss: 8.2181 (8.1812)
Epoch: [10]  [ 0/39]  eta: 0:04:03  lr: 0.000245  sp_loss: 9.0262 (9.0262)  fam_loss: 5.1124 (5.1124)  manu_loss: 3.6585 (3.6585)  ot_loss: 0.5250 (0.5250)  base_loss: 8.3181 (8.3181)  time: 6.2364  data: 5.9113  max mem: 11360
Epoch: [10]  [38/39]  eta: 0:00:00  lr: 0.000245  sp_loss: 8.9074 (8.9024)  fam_loss: 5.0179 (5.0094)  manu_loss: 3.4065 (3.4253)  ot_loss: 0.5317 (0.5302)  base_loss: 8.1450 (8.1752)  time: 0.3400  data: 0.0650  max mem: 11360
Epoch: [10] Total time: 0:00:19 (0.5056 s / it)
Averaged stats: lr: 0.000245  sp_loss: 8.9074 (8.9024)  fam_loss: 5.0179 (5.0094)  manu_loss: 3.4065 (3.4253)  ot_loss: 0.5317 (0.5302)  base_loss: 8.1450 (8.1752)
Epoch: [11]  [ 0/39]  eta: 0:03:37  lr: 0.000244  sp_loss: 8.8151 (8.8151)  fam_loss: 5.2155 (5.2155)  manu_loss: 3.5607 (3.5607)  ot_loss: 0.5240 (0.5240)  base_loss: 8.2121 (8.2121)  time: 5.5825  data: 5.2346  max mem: 11360
Epoch: [11]  [38/39]  eta: 0:00:00  lr: 0.000244  sp_loss: 8.6082 (8.6464)  fam_loss: 4.6861 (4.7253)  manu_loss: 3.1897 (3.2353)  ot_loss: 0.5376 (0.5356)  base_loss: 7.8861 (7.9142)  time: 0.3630  data: 0.0867  max mem: 11360
Epoch: [11] Total time: 0:00:19 (0.5026 s / it)
Averaged stats: lr: 0.000244  sp_loss: 8.6082 (8.6464)  fam_loss: 4.6861 (4.7253)  manu_loss: 3.1897 (3.2353)  ot_loss: 0.5376 (0.5356)  base_loss: 7.8861 (7.9142)
Epoch: [12]  [ 0/39]  eta: 0:03:43  lr: 0.000243  sp_loss: 7.9830 (7.9830)  fam_loss: 4.0300 (4.0300)  manu_loss: 2.6473 (2.6473)  ot_loss: 0.5389 (0.5389)  base_loss: 7.2487 (7.2487)  time: 5.7316  data: 5.3859  max mem: 11360
Epoch: [12]  [38/39]  eta: 0:00:00  lr: 0.000243  sp_loss: 8.4618 (8.4705)  fam_loss: 4.7548 (4.7215)  manu_loss: 3.2550 (3.2674)  ot_loss: 0.5373 (0.5375)  base_loss: 7.8425 (7.8196)  time: 0.3621  data: 0.0859  max mem: 11360
Epoch: [12] Total time: 0:00:19 (0.5001 s / it)
Averaged stats: lr: 0.000243  sp_loss: 8.4618 (8.4705)  fam_loss: 4.7548 (4.7215)  manu_loss: 3.2550 (3.2674)  ot_loss: 0.5373 (0.5375)  base_loss: 7.8425 (7.8196)
Epoch: [13]  [ 0/39]  eta: 0:03:41  lr: 0.000242  sp_loss: 8.6174 (8.6174)  fam_loss: 4.9983 (4.9983)  manu_loss: 3.4944 (3.4944)  ot_loss: 0.5338 (0.5338)  base_loss: 8.0271 (8.0271)  time: 5.6778  data: 5.3331  max mem: 11360
Epoch: [13]  [38/39]  eta: 0:00:00  lr: 0.000242  sp_loss: 8.2776 (8.2526)  fam_loss: 4.7114 (4.6036)  manu_loss: 3.2376 (3.1735)  ot_loss: 0.5419 (0.5422)  base_loss: 7.7694 (7.6447)  time: 0.3745  data: 0.0941  max mem: 11360
Epoch: [13] Total time: 0:00:19 (0.5066 s / it)
Averaged stats: lr: 0.000242  sp_loss: 8.2776 (8.2526)  fam_loss: 4.7114 (4.6036)  manu_loss: 3.2376 (3.1735)  ot_loss: 0.5419 (0.5422)  base_loss: 7.7694 (7.6447)
Epoch: [14]  [ 0/39]  eta: 0:03:42  lr: 0.000240  sp_loss: 8.3256 (8.3256)  fam_loss: 5.0087 (5.0087)  manu_loss: 3.5089 (3.5089)  ot_loss: 0.5407 (0.5407)  base_loss: 7.8509 (7.8509)  time: 5.7013  data: 5.3479  max mem: 11360
Epoch: [14]  [38/39]  eta: 0:00:00  lr: 0.000240  sp_loss: 8.1301 (8.1853)  fam_loss: 4.7123 (4.6741)  manu_loss: 3.2476 (3.2618)  ot_loss: 0.5439 (0.5430)  base_loss: 7.6427 (7.6421)  time: 0.3537  data: 0.0781  max mem: 11360
Epoch: [14] Total time: 0:00:19 (0.5033 s / it)
Averaged stats: lr: 0.000240  sp_loss: 8.1301 (8.1853)  fam_loss: 4.7123 (4.6741)  manu_loss: 3.2476 (3.2618)  ot_loss: 0.5439 (0.5430)  base_loss: 7.6427 (7.6421)
Epoch: [15]  [ 0/39]  eta: 0:03:47  lr: 0.000239  sp_loss: 8.0282 (8.0282)  fam_loss: 4.4621 (4.4621)  manu_loss: 2.9703 (2.9703)  ot_loss: 0.5398 (0.5398)  base_loss: 7.4523 (7.4523)  time: 5.8336  data: 5.4861  max mem: 11360
Epoch: [15]  [38/39]  eta: 0:00:00  lr: 0.000239  sp_loss: 8.1017 (7.9214)  fam_loss: 4.7544 (4.5560)  manu_loss: 3.3065 (3.1868)  ot_loss: 0.5440 (0.5472)  base_loss: 7.6097 (7.4428)  time: 0.3551  data: 0.0794  max mem: 11360
Epoch: [15] Total time: 0:00:19 (0.5046 s / it)
Averaged stats: lr: 0.000239  sp_loss: 8.1017 (7.9214)  fam_loss: 4.7544 (4.5560)  manu_loss: 3.3065 (3.1868)  ot_loss: 0.5440 (0.5472)  base_loss: 7.6097 (7.4428)
Epoch: [16]  [ 0/39]  eta: 0:03:57  lr: 0.000237  sp_loss: 7.7791 (7.7791)  fam_loss: 4.9351 (4.9351)  manu_loss: 3.3535 (3.3535)  ot_loss: 0.5522 (0.5522)  base_loss: 7.4841 (7.4841)  time: 6.0953  data: 5.7394  max mem: 11360
Epoch: [16]  [38/39]  eta: 0:00:00  lr: 0.000237  sp_loss: 7.3663 (7.5024)  fam_loss: 4.3005 (4.3297)  manu_loss: 2.9856 (3.0338)  ot_loss: 0.5607 (0.5552)  base_loss: 7.0364 (7.1124)  time: 0.3642  data: 0.0841  max mem: 11360
Epoch: [16] Total time: 0:00:19 (0.4980 s / it)
Averaged stats: lr: 0.000237  sp_loss: 7.3663 (7.5024)  fam_loss: 4.3005 (4.3297)  manu_loss: 2.9856 (3.0338)  ot_loss: 0.5607 (0.5552)  base_loss: 7.0364 (7.1124)
Epoch: [17]  [ 0/39]  eta: 0:04:02  lr: 0.000235  sp_loss: 7.9225 (7.9225)  fam_loss: 4.9457 (4.9457)  manu_loss: 3.4475 (3.4475)  ot_loss: 0.5446 (0.5446)  base_loss: 7.5954 (7.5954)  time: 6.2168  data: 5.8678  max mem: 11360
Epoch: [17]  [38/39]  eta: 0:00:00  lr: 0.000235  sp_loss: 7.1328 (7.3765)  fam_loss: 4.2743 (4.3868)  manu_loss: 3.1202 (3.0966)  ot_loss: 0.5607 (0.5577)  base_loss: 6.8260 (7.0694)  time: 0.3560  data: 0.0788  max mem: 11360
Epoch: [17] Total time: 0:00:19 (0.5020 s / it)
Averaged stats: lr: 0.000235  sp_loss: 7.1328 (7.3765)  fam_loss: 4.2743 (4.3868)  manu_loss: 3.1202 (3.0966)  ot_loss: 0.5607 (0.5577)  base_loss: 6.8260 (7.0694)
Epoch: [18]  [ 0/39]  eta: 0:03:47  lr: 0.000233  sp_loss: 7.7129 (7.7129)  fam_loss: 4.8223 (4.8223)  manu_loss: 3.4059 (3.4059)  ot_loss: 0.5454 (0.5454)  base_loss: 7.4328 (7.4328)  time: 5.8442  data: 5.5025  max mem: 11360
Epoch: [18]  [38/39]  eta: 0:00:00  lr: 0.000233  sp_loss: 7.4070 (7.2421)  fam_loss: 4.5427 (4.3652)  manu_loss: 3.1901 (3.0950)  ot_loss: 0.5533 (0.5598)  base_loss: 7.1504 (6.9846)  time: 0.3547  data: 0.0749  max mem: 11360
Epoch: [18] Total time: 0:00:19 (0.5022 s / it)
Averaged stats: lr: 0.000233  sp_loss: 7.4070 (7.2421)  fam_loss: 4.5427 (4.3652)  manu_loss: 3.1901 (3.0950)  ot_loss: 0.5533 (0.5598)  base_loss: 7.1504 (6.9846)
Epoch: [19]  [ 0/39]  eta: 0:03:46  lr: 0.000231  sp_loss: 6.2328 (6.2328)  fam_loss: 3.7280 (3.7280)  manu_loss: 2.4744 (2.4744)  ot_loss: 0.5705 (0.5705)  base_loss: 6.1228 (6.1228)  time: 5.8019  data: 5.4603  max mem: 11360
Epoch: [19]  [38/39]  eta: 0:00:00  lr: 0.000231  sp_loss: 7.1577 (7.0333)  fam_loss: 4.4701 (4.2946)  manu_loss: 3.1904 (3.0409)  ot_loss: 0.5584 (0.5633)  base_loss: 6.9836 (6.8357)  time: 0.3561  data: 0.0794  max mem: 11360
Epoch: [19] Total time: 0:00:19 (0.5004 s / it)
Averaged stats: lr: 0.000231  sp_loss: 7.1577 (7.0333)  fam_loss: 4.4701 (4.2946)  manu_loss: 3.1904 (3.0409)  ot_loss: 0.5584 (0.5633)  base_loss: 6.9836 (6.8357)
Epoch: [20]  [ 0/39]  eta: 0:03:36  lr: 0.000229  sp_loss: 7.3324 (7.3324)  fam_loss: 4.6227 (4.6227)  manu_loss: 3.1642 (3.1642)  ot_loss: 0.5608 (0.5608)  base_loss: 7.1264 (7.1264)  time: 5.5571  data: 5.2141  max mem: 11360
Epoch: [20]  [38/39]  eta: 0:00:00  lr: 0.000229  sp_loss: 6.4220 (6.7114)  fam_loss: 3.8796 (4.1333)  manu_loss: 2.7119 (2.9457)  ot_loss: 0.5657 (0.5696)  base_loss: 6.3089 (6.5863)  time: 0.3652  data: 0.0832  max mem: 11360
Epoch: [20] Total time: 0:00:19 (0.4980 s / it)
Averaged stats: lr: 0.000229  sp_loss: 6.4220 (6.7114)  fam_loss: 3.8796 (4.1333)  manu_loss: 2.7119 (2.9457)  ot_loss: 0.5657 (0.5696)  base_loss: 6.3089 (6.5863)
Epoch: [21]  [ 0/39]  eta: 0:03:56  lr: 0.000227  sp_loss: 5.2111 (5.2111)  fam_loss: 3.3019 (3.3019)  manu_loss: 2.3675 (2.3675)  ot_loss: 0.5883 (0.5883)  base_loss: 5.3819 (5.3819)  time: 6.0574  data: 5.7126  max mem: 11360
Epoch: [21]  [38/39]  eta: 0:00:00  lr: 0.000227  sp_loss: 6.5973 (6.3937)  fam_loss: 4.2417 (4.0196)  manu_loss: 3.1032 (2.9067)  ot_loss: 0.5729 (0.5749)  base_loss: 6.5665 (6.3650)  time: 0.3338  data: 0.0568  max mem: 11360
Epoch: [21] Total time: 0:00:19 (0.5013 s / it)
Averaged stats: lr: 0.000227  sp_loss: 6.5973 (6.3937)  fam_loss: 4.2417 (4.0196)  manu_loss: 3.1032 (2.9067)  ot_loss: 0.5729 (0.5749)  base_loss: 6.5665 (6.3650)
Epoch: [22]  [ 0/39]  eta: 0:03:53  lr: 0.000225  sp_loss: 6.6114 (6.6114)  fam_loss: 4.6218 (4.6218)  manu_loss: 3.1123 (3.1123)  ot_loss: 0.5708 (0.5708)  base_loss: 6.6940 (6.6940)  time: 5.9940  data: 5.6449  max mem: 11360
Epoch: [22]  [38/39]  eta: 0:00:00  lr: 0.000225  sp_loss: 6.4939 (6.2904)  fam_loss: 4.0759 (4.0235)  manu_loss: 2.8730 (2.9040)  ot_loss: 0.5774 (0.5779)  base_loss: 6.4323 (6.3068)  time: 0.3552  data: 0.0794  max mem: 11360
Epoch: [22] Total time: 0:00:19 (0.5065 s / it)
Averaged stats: lr: 0.000225  sp_loss: 6.4939 (6.2904)  fam_loss: 4.0759 (4.0235)  manu_loss: 2.8730 (2.9040)  ot_loss: 0.5774 (0.5779)  base_loss: 6.4323 (6.3068)
Epoch: [23]  [ 0/39]  eta: 0:04:01  lr: 0.000222  sp_loss: 5.2502 (5.2502)  fam_loss: 3.0785 (3.0785)  manu_loss: 2.4727 (2.4727)  ot_loss: 0.5908 (0.5908)  base_loss: 5.3892 (5.3892)  time: 6.1949  data: 5.8652  max mem: 11360
Epoch: [23]  [38/39]  eta: 0:00:00  lr: 0.000222  sp_loss: 6.4408 (6.3281)  fam_loss: 4.3724 (4.1096)  manu_loss: 3.1544 (2.9930)  ot_loss: 0.5713 (0.5753)  base_loss: 6.5427 (6.3665)  time: 0.3656  data: 0.0856  max mem: 11360
Epoch: [23] Total time: 0:00:19 (0.5066 s / it)
Averaged stats: lr: 0.000222  sp_loss: 6.4408 (6.3281)  fam_loss: 4.3724 (4.1096)  manu_loss: 3.1544 (2.9930)  ot_loss: 0.5713 (0.5753)  base_loss: 6.5427 (6.3665)
Epoch: [24]  [ 0/39]  eta: 0:03:55  lr: 0.000220  sp_loss: 7.0732 (7.0732)  fam_loss: 4.3876 (4.3876)  manu_loss: 3.0518 (3.0518)  ot_loss: 0.5612 (0.5612)  base_loss: 6.8795 (6.8795)  time: 6.0337  data: 5.6825  max mem: 11360
Epoch: [24]  [38/39]  eta: 0:00:00  lr: 0.000220  sp_loss: 6.3564 (6.0500)  fam_loss: 4.3118 (3.9638)  manu_loss: 3.1566 (2.9002)  ot_loss: 0.5711 (0.5819)  base_loss: 6.5453 (6.1498)  time: 0.3527  data: 0.0771  max mem: 11360
Epoch: [24] Total time: 0:00:19 (0.5031 s / it)
Averaged stats: lr: 0.000220  sp_loss: 6.3564 (6.0500)  fam_loss: 4.3118 (3.9638)  manu_loss: 3.1566 (2.9002)  ot_loss: 0.5711 (0.5819)  base_loss: 6.5453 (6.1498)
Epoch: [25]  [ 0/39]  eta: 0:03:48  lr: 0.000217  sp_loss: 6.4385 (6.4385)  fam_loss: 3.9943 (3.9943)  manu_loss: 3.0434 (3.0434)  ot_loss: 0.5732 (0.5732)  base_loss: 6.4012 (6.4012)  time: 5.8481  data: 5.4966  max mem: 11360
Epoch: [25]  [38/39]  eta: 0:00:00  lr: 0.000217  sp_loss: 6.3479 (6.0308)  fam_loss: 4.2183 (3.9865)  manu_loss: 2.9746 (2.9033)  ot_loss: 0.5765 (0.5818)  base_loss: 6.4309 (6.1461)  time: 0.3514  data: 0.0763  max mem: 11360
Epoch: [25] Total time: 0:00:19 (0.5100 s / it)
Averaged stats: lr: 0.000217  sp_loss: 6.3479 (6.0308)  fam_loss: 4.2183 (3.9865)  manu_loss: 2.9746 (2.9033)  ot_loss: 0.5765 (0.5818)  base_loss: 6.4309 (6.1461)
Epoch: [26]  [ 0/39]  eta: 0:03:56  lr: 0.000215  sp_loss: 6.7213 (6.7213)  fam_loss: 4.3502 (4.3502)  manu_loss: 3.0562 (3.0562)  ot_loss: 0.5730 (0.5730)  base_loss: 6.6866 (6.6866)  time: 6.0654  data: 5.7194  max mem: 11360
Epoch: [26]  [38/39]  eta: 0:00:00  lr: 0.000215  sp_loss: 6.4753 (5.7492)  fam_loss: 4.1321 (3.7856)  manu_loss: 2.9805 (2.7939)  ot_loss: 0.5722 (0.5871)  base_loss: 6.5268 (5.9060)  time: 0.3637  data: 0.0875  max mem: 11360
Epoch: [26] Total time: 0:00:19 (0.5040 s / it)
Averaged stats: lr: 0.000215  sp_loss: 6.4753 (5.7492)  fam_loss: 4.1321 (3.7856)  manu_loss: 2.9805 (2.7939)  ot_loss: 0.5722 (0.5871)  base_loss: 6.5268 (5.9060)
Epoch: [27]  [ 0/39]  eta: 0:04:07  lr: 0.000212  sp_loss: 6.0034 (6.0034)  fam_loss: 4.1306 (4.1306)  manu_loss: 2.9415 (2.9415)  ot_loss: 0.5790 (0.5790)  base_loss: 6.1657 (6.1657)  time: 6.3377  data: 5.9894  max mem: 11360
Epoch: [27]  [38/39]  eta: 0:00:00  lr: 0.000212  sp_loss: 5.6283 (5.6574)  fam_loss: 3.9236 (3.8105)  manu_loss: 2.8451 (2.7907)  ot_loss: 0.5858 (0.5879)  base_loss: 5.8815 (5.8583)  time: 0.3506  data: 0.0740  max mem: 11360
Epoch: [27] Total time: 0:00:19 (0.5028 s / it)
Averaged stats: lr: 0.000212  sp_loss: 5.6283 (5.6574)  fam_loss: 3.9236 (3.8105)  manu_loss: 2.8451 (2.7907)  ot_loss: 0.5858 (0.5879)  base_loss: 5.8815 (5.8583)
Epoch: [28]  [ 0/39]  eta: 0:04:00  lr: 0.000209  sp_loss: 5.8955 (5.8955)  fam_loss: 4.0163 (4.0163)  manu_loss: 2.9906 (2.9906)  ot_loss: 0.5800 (0.5800)  base_loss: 6.0636 (6.0636)  time: 6.1544  data: 5.8092  max mem: 11360
Epoch: [28]  [38/39]  eta: 0:00:00  lr: 0.000209  sp_loss: 6.1741 (5.7528)  fam_loss: 4.0825 (3.9150)  manu_loss: 2.9587 (2.8738)  ot_loss: 0.5754 (0.5858)  base_loss: 6.2606 (5.9552)  time: 0.3583  data: 0.0787  max mem: 11360
Epoch: [28] Total time: 0:00:19 (0.5077 s / it)
Averaged stats: lr: 0.000209  sp_loss: 6.1741 (5.7528)  fam_loss: 4.0825 (3.9150)  manu_loss: 2.9587 (2.8738)  ot_loss: 0.5754 (0.5858)  base_loss: 6.2606 (5.9552)
Epoch: [29]  [ 0/39]  eta: 0:03:43  lr: 0.000206  sp_loss: 3.6739 (3.6739)  fam_loss: 2.5171 (2.5171)  manu_loss: 1.9085 (1.9085)  ot_loss: 0.6231 (0.6231)  base_loss: 4.2190 (4.2190)  time: 5.7426  data: 5.3943  max mem: 11360
Epoch: [29]  [38/39]  eta: 0:00:00  lr: 0.000206  sp_loss: 6.1006 (5.4396)  fam_loss: 3.9601 (3.6959)  manu_loss: 2.8089 (2.7055)  ot_loss: 0.5749 (0.5919)  base_loss: 6.1638 (5.6894)  time: 0.3520  data: 0.0729  max mem: 11360
Epoch: [29] Total time: 0:00:19 (0.4971 s / it)
Averaged stats: lr: 0.000206  sp_loss: 6.1006 (5.4396)  fam_loss: 3.9601 (3.6959)  manu_loss: 2.8089 (2.7055)  ot_loss: 0.5749 (0.5919)  base_loss: 6.1638 (5.6894)
Epoch: [30]  [ 0/39]  eta: 0:03:54  lr: 0.000204  sp_loss: 5.0138 (5.0138)  fam_loss: 3.4378 (3.4378)  manu_loss: 2.6222 (2.6222)  ot_loss: 0.6024 (0.6024)  base_loss: 5.3537 (5.3537)  time: 6.0080  data: 5.5907  max mem: 11360
Epoch: [30]  [38/39]  eta: 0:00:00  lr: 0.000204  sp_loss: 5.6424 (5.7242)  fam_loss: 3.9369 (3.9349)  manu_loss: 2.8037 (2.8778)  ot_loss: 0.5821 (0.5851)  base_loss: 5.8351 (5.9443)  time: 0.3473  data: 0.0712  max mem: 11360
Epoch: [30] Total time: 0:00:19 (0.5078 s / it)
Averaged stats: lr: 0.000204  sp_loss: 5.6424 (5.7242)  fam_loss: 3.9369 (3.9349)  manu_loss: 2.8037 (2.8778)  ot_loss: 0.5821 (0.5851)  base_loss: 5.8351 (5.9443)
Epoch: [31]  [ 0/39]  eta: 0:03:41  lr: 0.000201  sp_loss: 5.3497 (5.3497)  fam_loss: 3.7088 (3.7088)  manu_loss: 2.7573 (2.7573)  ot_loss: 0.5955 (0.5955)  base_loss: 5.6441 (5.6441)  time: 5.6842  data: 5.3511  max mem: 11360
Epoch: [31]  [38/39]  eta: 0:00:00  lr: 0.000201  sp_loss: 5.5753 (5.2623)  fam_loss: 3.7085 (3.6727)  manu_loss: 2.8079 (2.6841)  ot_loss: 0.5863 (0.5940)  base_loss: 5.7376 (5.5704)  time: 0.3569  data: 0.0753  max mem: 11362
Epoch: [31] Total time: 0:00:19 (0.4987 s / it)
Averaged stats: lr: 0.000201  sp_loss: 5.5753 (5.2623)  fam_loss: 3.7085 (3.6727)  manu_loss: 2.8079 (2.6841)  ot_loss: 0.5863 (0.5940)  base_loss: 5.7376 (5.5704)
Epoch: [32]  [ 0/39]  eta: 0:03:48  lr: 0.000197  sp_loss: 3.4759 (3.4759)  fam_loss: 2.2610 (2.2610)  manu_loss: 1.8399 (1.8399)  ot_loss: 0.6346 (0.6346)  base_loss: 4.0270 (4.0270)  time: 5.8483  data: 5.4863  max mem: 11362
Epoch: [32]  [38/39]  eta: 0:00:00  lr: 0.000197  sp_loss: 5.9246 (5.4941)  fam_loss: 3.9364 (3.7902)  manu_loss: 2.8897 (2.7759)  ot_loss: 0.5811 (0.5897)  base_loss: 6.0567 (5.7525)  time: 0.3566  data: 0.0803  max mem: 11362
Epoch: [32] Total time: 0:00:19 (0.5001 s / it)
Averaged stats: lr: 0.000197  sp_loss: 5.9246 (5.4941)  fam_loss: 3.9364 (3.7902)  manu_loss: 2.8897 (2.7759)  ot_loss: 0.5811 (0.5897)  base_loss: 6.0567 (5.7525)
Epoch: [33]  [ 0/39]  eta: 0:04:07  lr: 0.000194  sp_loss: 5.9508 (5.9508)  fam_loss: 4.0188 (4.0188)  manu_loss: 2.9916 (2.9916)  ot_loss: 0.5769 (0.5769)  base_loss: 6.1027 (6.1027)  time: 6.3525  data: 6.0249  max mem: 11362
Epoch: [33]  [38/39]  eta: 0:00:00  lr: 0.000194  sp_loss: 4.6753 (5.0278)  fam_loss: 3.3515 (3.5074)  manu_loss: 2.4819 (2.5922)  ot_loss: 0.6030 (0.5977)  base_loss: 5.1236 (5.3756)  time: 0.3537  data: 0.0783  max mem: 11362
Epoch: [33] Total time: 0:00:19 (0.5093 s / it)
Averaged stats: lr: 0.000194  sp_loss: 4.6753 (5.0278)  fam_loss: 3.3515 (3.5074)  manu_loss: 2.4819 (2.5922)  ot_loss: 0.6030 (0.5977)  base_loss: 5.1236 (5.3756)
Epoch: [34]  [ 0/39]  eta: 0:04:04  lr: 0.000191  sp_loss: 3.9530 (3.9530)  fam_loss: 2.8147 (2.8147)  manu_loss: 2.2938 (2.2938)  ot_loss: 0.6255 (0.6255)  base_loss: 4.5212 (4.5212)  time: 6.2605  data: 5.9312  max mem: 11362
Epoch: [34]  [38/39]  eta: 0:00:00  lr: 0.000191  sp_loss: 5.7610 (5.3636)  fam_loss: 3.9219 (3.7123)  manu_loss: 2.8059 (2.7082)  ot_loss: 0.5808 (0.5911)  base_loss: 5.9363 (5.6407)  time: 0.3499  data: 0.0742  max mem: 11362
Epoch: [34] Total time: 0:00:19 (0.5001 s / it)
Averaged stats: lr: 0.000191  sp_loss: 5.7610 (5.3636)  fam_loss: 3.9219 (3.7123)  manu_loss: 2.8059 (2.7082)  ot_loss: 0.5808 (0.5911)  base_loss: 5.9363 (5.6407)
Epoch: [35]  [ 0/39]  eta: 0:04:16  lr: 0.000188  sp_loss: 5.8013 (5.8013)  fam_loss: 3.8071 (3.8071)  manu_loss: 2.8717 (2.8717)  ot_loss: 0.5835 (0.5835)  base_loss: 5.9483 (5.9483)  time: 6.5834  data: 6.2343  max mem: 11362
Epoch: [35]  [38/39]  eta: 0:00:00  lr: 0.000188  sp_loss: 5.4389 (5.2634)  fam_loss: 3.8878 (3.6942)  manu_loss: 2.7891 (2.7151)  ot_loss: 0.5896 (0.5933)  base_loss: 5.7598 (5.5801)  time: 0.3539  data: 0.0784  max mem: 11362
Epoch: [35] Total time: 0:00:19 (0.5105 s / it)
Averaged stats: lr: 0.000188  sp_loss: 5.4389 (5.2634)  fam_loss: 3.8878 (3.6942)  manu_loss: 2.7891 (2.7151)  ot_loss: 0.5896 (0.5933)  base_loss: 5.7598 (5.5801)
Epoch: [36]  [ 0/39]  eta: 0:03:37  lr: 0.000184  sp_loss: 5.8324 (5.8324)  fam_loss: 3.9785 (3.9785)  manu_loss: 2.8047 (2.8047)  ot_loss: 0.5786 (0.5786)  base_loss: 5.9919 (5.9919)  time: 5.5730  data: 5.2186  max mem: 11362
Epoch: [36]  [38/39]  eta: 0:00:00  lr: 0.000184  sp_loss: 5.0583 (5.0532)  fam_loss: 3.5771 (3.5805)  manu_loss: 2.6220 (2.6222)  ot_loss: 0.5845 (0.5969)  base_loss: 5.4361 (5.4107)  time: 0.3403  data: 0.0660  max mem: 11362
Epoch: [36] Total time: 0:00:19 (0.5037 s / it)
Averaged stats: lr: 0.000184  sp_loss: 5.0583 (5.0532)  fam_loss: 3.5771 (3.5805)  manu_loss: 2.6220 (2.6222)  ot_loss: 0.5845 (0.5969)  base_loss: 5.4361 (5.4107)
Epoch: [37]  [ 0/39]  eta: 0:04:17  lr: 0.000181  sp_loss: 6.1447 (6.1447)  fam_loss: 4.3177 (4.3177)  manu_loss: 3.0283 (3.0283)  ot_loss: 0.5770 (0.5770)  base_loss: 6.3071 (6.3071)  time: 6.6142  data: 6.2861  max mem: 11362
Epoch: [37]  [38/39]  eta: 0:00:00  lr: 0.000181  sp_loss: 4.5595 (4.9266)  fam_loss: 3.2436 (3.4442)  manu_loss: 2.3569 (2.5375)  ot_loss: 0.6067 (0.5989)  base_loss: 4.9940 (5.2865)  time: 0.3655  data: 0.0891  max mem: 11362
Epoch: [37] Total time: 0:00:19 (0.5085 s / it)
Averaged stats: lr: 0.000181  sp_loss: 4.5595 (4.9266)  fam_loss: 3.2436 (3.4442)  manu_loss: 2.3569 (2.5375)  ot_loss: 0.6067 (0.5989)  base_loss: 4.9940 (5.2865)
Epoch: [38]  [ 0/39]  eta: 0:03:40  lr: 0.000178  sp_loss: 2.9577 (2.9577)  fam_loss: 2.2173 (2.2173)  manu_loss: 1.6778 (1.6778)  ot_loss: 0.6382 (0.6382)  base_loss: 3.6820 (3.6820)  time: 5.6629  data: 5.3167  max mem: 11362
Epoch: [38]  [38/39]  eta: 0:00:00  lr: 0.000178  sp_loss: 5.3305 (4.8619)  fam_loss: 3.7182 (3.4341)  manu_loss: 2.6863 (2.5466)  ot_loss: 0.5907 (0.5982)  base_loss: 5.6348 (5.2462)  time: 0.3645  data: 0.0850  max mem: 11362
Epoch: [38] Total time: 0:00:19 (0.5058 s / it)
Averaged stats: lr: 0.000178  sp_loss: 5.3305 (4.8619)  fam_loss: 3.7182 (3.4341)  manu_loss: 2.6863 (2.5466)  ot_loss: 0.5907 (0.5982)  base_loss: 5.6348 (5.2462)
Epoch: [39]  [ 0/39]  eta: 0:03:46  lr: 0.000174  sp_loss: 5.0269 (5.0269)  fam_loss: 3.4838 (3.4838)  manu_loss: 2.6423 (2.6423)  ot_loss: 0.5952 (0.5952)  base_loss: 5.3798 (5.3798)  time: 5.8125  data: 5.4735  max mem: 11362
Epoch: [39]  [38/39]  eta: 0:00:00  lr: 0.000174  sp_loss: 4.7849 (4.7890)  fam_loss: 3.3798 (3.3875)  manu_loss: 2.4496 (2.4927)  ot_loss: 0.6036 (0.5998)  base_loss: 5.1798 (5.1801)  time: 0.3500  data: 0.0736  max mem: 11362
Epoch: [39] Total time: 0:00:19 (0.4990 s / it)
Averaged stats: lr: 0.000174  sp_loss: 4.7849 (4.7890)  fam_loss: 3.3798 (3.3875)  manu_loss: 2.4496 (2.4927)  ot_loss: 0.6036 (0.5998)  base_loss: 5.1798 (5.1801)
Epoch: [40]  [ 0/39]  eta: 0:03:48  lr: 0.000171  sp_loss: 2.7188 (2.7188)  fam_loss: 2.0549 (2.0549)  manu_loss: 1.5646 (1.5646)  ot_loss: 0.6394 (0.6394)  base_loss: 3.4732 (3.4732)  time: 5.8692  data: 5.5193  max mem: 11362
Epoch: [40]  [38/39]  eta: 0:00:00  lr: 0.000171  sp_loss: 5.0282 (4.7492)  fam_loss: 3.5620 (3.3893)  manu_loss: 2.6783 (2.5222)  ot_loss: 0.5899 (0.5996)  base_loss: 5.3571 (5.1643)  time: 0.3362  data: 0.0586  max mem: 11362
Epoch: [40] Total time: 0:00:19 (0.5060 s / it)
Averaged stats: lr: 0.000171  sp_loss: 5.0282 (4.7492)  fam_loss: 3.5620 (3.3893)  manu_loss: 2.6783 (2.5222)  ot_loss: 0.5899 (0.5996)  base_loss: 5.3571 (5.1643)
Epoch: [41]  [ 0/39]  eta: 0:03:52  lr: 0.000167  sp_loss: 5.7940 (5.7940)  fam_loss: 4.3104 (4.3104)  manu_loss: 3.1426 (3.1426)  ot_loss: 0.5805 (0.5805)  base_loss: 6.1247 (6.1247)  time: 5.9644  data: 5.6059  max mem: 11362
Epoch: [41]  [38/39]  eta: 0:00:00  lr: 0.000167  sp_loss: 5.0120 (5.0115)  fam_loss: 3.6342 (3.5747)  manu_loss: 2.6334 (2.6407)  ot_loss: 0.5921 (0.5946)  base_loss: 5.4487 (5.3857)  time: 0.3481  data: 0.0703  max mem: 11362
Epoch: [41] Total time: 0:00:19 (0.5012 s / it)
Averaged stats: lr: 0.000167  sp_loss: 5.0120 (5.0115)  fam_loss: 3.6342 (3.5747)  manu_loss: 2.6334 (2.6407)  ot_loss: 0.5921 (0.5946)  base_loss: 5.4487 (5.3857)
Epoch: [42]  [ 0/39]  eta: 0:03:40  lr: 0.000163  sp_loss: 3.6866 (3.6866)  fam_loss: 2.7733 (2.7733)  manu_loss: 2.0153 (2.0153)  ot_loss: 0.6332 (0.6332)  base_loss: 4.3137 (4.3137)  time: 5.6508  data: 5.3066  max mem: 11362
Epoch: [42]  [38/39]  eta: 0:00:00  lr: 0.000163  sp_loss: 4.5753 (4.2624)  fam_loss: 3.4146 (3.0472)  manu_loss: 2.4728 (2.2705)  ot_loss: 0.5976 (0.6082)  base_loss: 5.0896 (4.7470)  time: 0.3638  data: 0.0828  max mem: 11362
Epoch: [42] Total time: 0:00:19 (0.4975 s / it)
Averaged stats: lr: 0.000163  sp_loss: 4.5753 (4.2624)  fam_loss: 3.4146 (3.0472)  manu_loss: 2.4728 (2.2705)  ot_loss: 0.5976 (0.6082)  base_loss: 5.0896 (4.7470)
Test:  [  0/391]  eta: 0:39:20  sploss: 8.0147 (8.0147)  famloss: 3.1719 (3.1719)  manuloss: 1.8629 (1.8629)  acc1: 3.9062 (3.9062)  acc5: 11.7188 (11.7188)  family_acc1: 37.8906 (37.8906)  manu_acc1: 57.8125 (57.8125)  time: 6.0362  data: 5.7992  max mem: 11362
Test:  [ 50/391]  eta: 0:02:53  sploss: 8.2300 (8.2729)  famloss: 3.4555 (3.4498)  manuloss: 1.9255 (1.9861)  acc1: 3.1250 (3.0944)  acc5: 7.0312 (7.5980)  family_acc1: 34.7656 (34.4286)  manu_acc1: 57.0312 (56.1504)  time: 0.4670  data: 0.3714  max mem: 11362
Test:  [100/391]  eta: 0:02:14  sploss: 8.2264 (8.2520)  famloss: 3.5152 (3.4422)  manuloss: 2.0176 (1.9945)  acc1: 2.7344 (3.2449)  acc5: 7.4219 (7.7893)  family_acc1: 33.9844 (34.5800)  manu_acc1: 55.0781 (55.6273)  time: 0.2751  data: 0.1813  max mem: 11362
Test:  [150/391]  eta: 0:01:57  sploss: 8.1604 (8.2403)  famloss: 3.2615 (3.4217)  manuloss: 1.8341 (1.9944)  acc1: 3.1250 (3.3061)  acc5: 7.4219 (7.9962)  family_acc1: 37.1094 (34.6906)  manu_acc1: 56.2500 (55.3394)  time: 0.5285  data: 0.4339  max mem: 11362
Test:  [200/391]  eta: 0:01:31  sploss: 8.2589 (8.2492)  famloss: 3.5252 (3.4535)  manuloss: 2.0870 (2.0129)  acc1: 3.5156 (3.3368)  acc5: 7.8125 (7.9427)  family_acc1: 32.8125 (34.3478)  manu_acc1: 54.6875 (55.0334)  time: 0.5449  data: 0.4496  max mem: 11362
Test:  [250/391]  eta: 0:01:06  sploss: 8.1978 (8.2536)  famloss: 3.4657 (3.4723)  manuloss: 2.1566 (2.0530)  acc1: 2.7344 (3.3009)  acc5: 8.2031 (7.9308)  family_acc1: 34.3750 (33.9221)  manu_acc1: 50.3906 (53.8315)  time: 0.5347  data: 0.4405  max mem: 11362
Test:  [300/391]  eta: 0:00:42  sploss: 8.2368 (8.2431)  famloss: 3.2559 (3.4393)  manuloss: 1.8335 (2.0268)  acc1: 2.7344 (3.3365)  acc5: 7.0312 (7.9553)  family_acc1: 36.7188 (34.3296)  manu_acc1: 58.2031 (54.2735)  time: 0.5468  data: 0.4509  max mem: 11362
Test:  [350/391]  eta: 0:00:19  sploss: 8.2596 (8.2482)  famloss: 3.4093 (3.4287)  manuloss: 1.9397 (2.0095)  acc1: 2.7344 (3.2741)  acc5: 7.4219 (7.8737)  family_acc1: 35.5469 (34.5197)  manu_acc1: 55.4688 (54.6330)  time: 0.3174  data: 0.2224  max mem: 11362
Test:  [390/391]  eta: 0:00:00  sploss: 8.2325 (8.2469)  famloss: 3.2258 (3.4112)  manuloss: 1.6759 (1.9785)  acc1: 3.5156 (3.3210)  acc5: 8.7500 (7.9420)  family_acc1: 37.5000 (34.8580)  manu_acc1: 63.6719 (55.4460)  time: 0.3997  data: 0.2981  max mem: 11362
Test: Total time: 0:03:04 (0.4713 s / it)
* Acc@1 3.321 Acc@5 7.942 family@1 34.858 manu@1 55.446 sploss 8.247 fmloss 3.411 mfloss 1.978
Accuracy of the network on the 100000 test images: 3.3%
Max accuracy: 3.32%
Epoch: [43]  [ 0/39]  eta: 0:03:56  lr: 0.000160  sp_loss: 5.7064 (5.7064)  fam_loss: 3.9678 (3.9678)  manu_loss: 2.9451 (2.9451)  ot_loss: 0.5780 (0.5780)  base_loss: 5.9288 (5.9288)  time: 6.0606  data: 5.6035  max mem: 11362
Epoch: [43]  [38/39]  eta: 0:00:00  lr: 0.000160  sp_loss: 4.9318 (4.8741)  fam_loss: 3.5470 (3.4689)  manu_loss: 2.6124 (2.5593)  ot_loss: 0.5880 (0.5960)  base_loss: 5.3279 (5.2610)  time: 0.4009  data: 0.1218  max mem: 11362
Epoch: [43] Total time: 0:00:21 (0.5431 s / it)
Averaged stats: lr: 0.000160  sp_loss: 4.9318 (4.8741)  fam_loss: 3.5470 (3.4689)  manu_loss: 2.6124 (2.5593)  ot_loss: 0.5880 (0.5960)  base_loss: 5.3279 (5.2610)
Epoch: [44]  [ 0/39]  eta: 0:04:08  lr: 0.000156  sp_loss: 5.3185 (5.3185)  fam_loss: 3.6568 (3.6568)  manu_loss: 2.7035 (2.7035)  ot_loss: 0.5864 (0.5864)  base_loss: 5.5899 (5.5899)  time: 6.3619  data: 6.0066  max mem: 11362
Epoch: [44]  [38/39]  eta: 0:00:00  lr: 0.000156  sp_loss: 4.1867 (4.5320)  fam_loss: 3.0080 (3.2365)  manu_loss: 2.2786 (2.3890)  ot_loss: 0.6046 (0.6018)  base_loss: 4.6984 (4.9720)  time: 0.3961  data: 0.1196  max mem: 11362
Epoch: [44] Total time: 0:00:21 (0.5502 s / it)
Averaged stats: lr: 0.000156  sp_loss: 4.1867 (4.5320)  fam_loss: 3.0080 (3.2365)  manu_loss: 2.2786 (2.3890)  ot_loss: 0.6046 (0.6018)  base_loss: 4.6984 (4.9720)
Test:  [  0/391]  eta: 0:39:41  sploss: 7.9883 (7.9883)  famloss: 3.0748 (3.0748)  manuloss: 1.7656 (1.7656)  acc1: 4.2969 (4.2969)  acc5: 10.5469 (10.5469)  family_acc1: 38.6719 (38.6719)  manu_acc1: 59.3750 (59.3750)  time: 6.0898  data: 5.9709  max mem: 11362
Test:  [ 50/391]  eta: 0:03:05  sploss: 8.2166 (8.2051)  famloss: 3.3717 (3.3637)  manuloss: 1.8650 (1.9266)  acc1: 3.1250 (3.3931)  acc5: 8.2031 (8.3487)  family_acc1: 36.3281 (35.8379)  manu_acc1: 57.8125 (56.8474)  time: 0.5131  data: 0.4188  max mem: 11362
Test:  [100/391]  eta: 0:02:16  sploss: 8.1657 (8.1841)  famloss: 3.4528 (3.3651)  manuloss: 1.9407 (1.9313)  acc1: 3.5156 (3.4189)  acc5: 8.9844 (8.5087)  family_acc1: 35.9375 (35.8756)  manu_acc1: 56.2500 (56.5091)  time: 0.4463  data: 0.3522  max mem: 11362
Test:  [150/391]  eta: 0:01:45  sploss: 8.1136 (8.1721)  famloss: 3.1663 (3.3435)  manuloss: 1.7466 (1.9335)  acc1: 3.1250 (3.4691)  acc5: 8.5938 (8.6998)  family_acc1: 37.8906 (36.0668)  manu_acc1: 58.2031 (56.2138)  time: 0.4430  data: 0.3476  max mem: 11362
Test:  [200/391]  eta: 0:01:19  sploss: 8.1734 (8.1801)  famloss: 3.4681 (3.3760)  manuloss: 2.0807 (1.9494)  acc1: 3.9062 (3.4962)  acc5: 8.9844 (8.6093)  family_acc1: 33.5938 (35.6596)  manu_acc1: 55.4688 (55.9565)  time: 0.2687  data: 0.1749  max mem: 11362
Test:  [250/391]  eta: 0:00:57  sploss: 8.1140 (8.1844)  famloss: 3.4187 (3.3947)  manuloss: 2.0667 (1.9891)  acc1: 3.9062 (3.5094)  acc5: 8.9844 (8.6078)  family_acc1: 33.9844 (35.2247)  manu_acc1: 52.3438 (54.8851)  time: 0.2681  data: 0.1742  max mem: 11362
Test:  [300/391]  eta: 0:00:37  sploss: 8.1554 (8.1727)  famloss: 3.1653 (3.3604)  manuloss: 1.7738 (1.9632)  acc1: 3.1250 (3.5623)  acc5: 8.5938 (8.6677)  family_acc1: 37.8906 (35.6754)  manu_acc1: 58.9844 (55.3234)  time: 0.4122  data: 0.3177  max mem: 11362
Test:  [350/391]  eta: 0:00:16  sploss: 8.1600 (8.1778)  famloss: 3.2994 (3.3492)  manuloss: 1.8900 (1.9446)  acc1: 3.1250 (3.5134)  acc5: 8.2031 (8.5871)  family_acc1: 35.9375 (35.8507)  manu_acc1: 56.6406 (55.7136)  time: 0.4231  data: 0.3271  max mem: 11362
Test:  [390/391]  eta: 0:00:00  sploss: 8.1558 (8.1771)  famloss: 3.1533 (3.3317)  manuloss: 1.5810 (1.9128)  acc1: 4.2969 (3.5540)  acc5: 8.9844 (8.6710)  family_acc1: 39.0625 (36.1820)  manu_acc1: 64.0625 (56.4990)  time: 0.4087  data: 0.3185  max mem: 11362
Test: Total time: 0:02:36 (0.3992 s / it)
* Acc@1 3.554 Acc@5 8.671 family@1 36.182 manu@1 56.499 sploss 8.177 fmloss 3.332 mfloss 1.913
Accuracy of the network on the 100000 test images: 3.6%
Max accuracy: 3.55%
Epoch: [45]  [ 0/39]  eta: 0:03:48  lr: 0.000152  sp_loss: 3.7313 (3.7313)  fam_loss: 2.5628 (2.5628)  manu_loss: 1.9852 (1.9852)  ot_loss: 0.6187 (0.6187)  base_loss: 4.2585 (4.2585)  time: 5.8569  data: 5.5132  max mem: 11362
Epoch: [45]  [38/39]  eta: 0:00:00  lr: 0.000152  sp_loss: 4.9440 (4.7576)  fam_loss: 3.5457 (3.3987)  manu_loss: 2.6051 (2.5092)  ot_loss: 0.5951 (0.5983)  base_loss: 5.3282 (5.1670)  time: 0.3661  data: 0.0889  max mem: 11362
Epoch: [45] Total time: 0:00:19 (0.4997 s / it)
Averaged stats: lr: 0.000152  sp_loss: 4.9440 (4.7576)  fam_loss: 3.5457 (3.3987)  manu_loss: 2.6051 (2.5092)  ot_loss: 0.5951 (0.5983)  base_loss: 5.3282 (5.1670)
Epoch: [46]  [ 0/39]  eta: 0:03:39  lr: 0.000149  sp_loss: 5.2943 (5.2943)  fam_loss: 3.7444 (3.7444)  manu_loss: 2.8184 (2.8184)  ot_loss: 0.5869 (0.5869)  base_loss: 5.6269 (5.6269)  time: 5.6404  data: 5.2903  max mem: 11362
Epoch: [46]  [38/39]  eta: 0:00:00  lr: 0.000149  sp_loss: 5.0351 (4.7785)  fam_loss: 3.5762 (3.4251)  manu_loss: 2.5866 (2.5104)  ot_loss: 0.5931 (0.5980)  base_loss: 5.3855 (5.1870)  time: 0.3536  data: 0.0725  max mem: 11362
Epoch: [46] Total time: 0:00:19 (0.5038 s / it)
Averaged stats: lr: 0.000149  sp_loss: 5.0351 (4.7785)  fam_loss: 3.5762 (3.4251)  manu_loss: 2.5866 (2.5104)  ot_loss: 0.5931 (0.5980)  base_loss: 5.3855 (5.1870)
Test:  [  0/391]  eta: 0:36:51  sploss: 7.9872 (7.9872)  famloss: 3.1239 (3.1239)  manuloss: 1.8135 (1.8135)  acc1: 3.5156 (3.5156)  acc5: 10.9375 (10.9375)  family_acc1: 39.0625 (39.0625)  manu_acc1: 58.2031 (58.2031)  time: 5.6563  data: 5.5455  max mem: 11362
Test:  [ 50/391]  eta: 0:02:44  sploss: 8.1828 (8.2151)  famloss: 3.3942 (3.3911)  manuloss: 1.8656 (1.9375)  acc1: 3.1250 (3.1097)  acc5: 7.8125 (8.2491)  family_acc1: 35.5469 (35.1026)  manu_acc1: 58.5938 (57.1232)  time: 0.4448  data: 0.3507  max mem: 11362
Test:  [100/391]  eta: 0:02:04  sploss: 8.1819 (8.1947)  famloss: 3.4727 (3.3888)  manuloss: 1.9504 (1.9474)  acc1: 3.1250 (3.2990)  acc5: 8.2031 (8.3733)  family_acc1: 34.7656 (35.3999)  manu_acc1: 55.8594 (56.5285)  time: 0.4396  data: 0.3329  max mem: 11362
Test:  [150/391]  eta: 0:01:37  sploss: 8.1119 (8.1839)  famloss: 3.2296 (3.3705)  manuloss: 1.7919 (1.9493)  acc1: 3.1250 (3.4535)  acc5: 8.5938 (8.6895)  family_acc1: 36.7188 (35.5805)  manu_acc1: 58.5938 (56.2293)  time: 0.4303  data: 0.3367  max mem: 11362
Test:  [200/391]  eta: 0:01:15  sploss: 8.1710 (8.1907)  famloss: 3.5088 (3.4029)  manuloss: 2.0612 (1.9665)  acc1: 3.5156 (3.4709)  acc5: 8.5938 (8.6559)  family_acc1: 34.3750 (35.2593)  manu_acc1: 54.2969 (55.8944)  time: 0.2610  data: 0.1672  max mem: 11362
Test:  [250/391]  eta: 0:00:55  sploss: 8.1294 (8.1938)  famloss: 3.4211 (3.4223)  manuloss: 2.0806 (2.0078)  acc1: 3.5156 (3.4503)  acc5: 8.5938 (8.6280)  family_acc1: 34.3750 (34.8683)  manu_acc1: 52.7344 (54.7093)  time: 0.2636  data: 0.1706  max mem: 11362
Test:  [300/391]  eta: 0:00:36  sploss: 8.1380 (8.1816)  famloss: 3.2025 (3.3899)  manuloss: 1.7903 (1.9837)  acc1: 3.5156 (3.5338)  acc5: 8.5938 (8.6768)  family_acc1: 36.3281 (35.2406)  manu_acc1: 58.2031 (55.0431)  time: 0.4302  data: 0.3367  max mem: 11362
Test:  [350/391]  eta: 0:00:16  sploss: 8.2010 (8.1879)  famloss: 3.3699 (3.3798)  manuloss: 1.8941 (1.9678)  acc1: 3.1250 (3.4989)  acc5: 8.2031 (8.5815)  family_acc1: 35.5469 (35.3722)  manu_acc1: 55.4688 (55.3330)  time: 0.4425  data: 0.3486  max mem: 11362
Test:  [390/391]  eta: 0:00:00  sploss: 8.1430 (8.1857)  famloss: 3.2075 (3.3625)  manuloss: 1.6015 (1.9355)  acc1: 4.2969 (3.5530)  acc5: 9.7656 (8.6770)  family_acc1: 39.8438 (35.7560)  manu_acc1: 64.0625 (56.1350)  time: 0.3979  data: 0.3080  max mem: 11362
Test: Total time: 0:02:31 (0.3871 s / it)
* Acc@1 3.553 Acc@5 8.677 family@1 35.756 manu@1 56.135 sploss 8.186 fmloss 3.362 mfloss 1.936
Accuracy of the network on the 100000 test images: 3.6%
Max accuracy: 3.55%
Epoch: [47]  [ 0/39]  eta: 0:04:07  lr: 0.000145  sp_loss: 4.1475 (4.1475)  fam_loss: 2.9936 (2.9936)  manu_loss: 2.2642 (2.2642)  ot_loss: 0.6205 (0.6205)  base_loss: 4.6733 (4.6733)  time: 6.3384  data: 5.9344  max mem: 11362
Epoch: [47]  [38/39]  eta: 0:00:00  lr: 0.000145  sp_loss: 4.5993 (4.3057)  fam_loss: 3.2258 (3.0568)  manu_loss: 2.3411 (2.2800)  ot_loss: 0.5972 (0.6049)  base_loss: 5.0215 (4.7713)  time: 0.3534  data: 0.0706  max mem: 11362
Epoch: [47] Total time: 0:00:19 (0.5078 s / it)
Averaged stats: lr: 0.000145  sp_loss: 4.5993 (4.3057)  fam_loss: 3.2258 (3.0568)  manu_loss: 2.3411 (2.2800)  ot_loss: 0.5972 (0.6049)  base_loss: 5.0215 (4.7713)
Epoch: [48]  [ 0/39]  eta: 0:03:48  lr: 0.000141  sp_loss: 5.6052 (5.6052)  fam_loss: 4.0510 (4.0510)  manu_loss: 2.8580 (2.8580)  ot_loss: 0.5811 (0.5811)  base_loss: 5.8917 (5.8917)  time: 5.8532  data: 5.4965  max mem: 11362
Epoch: [48]  [38/39]  eta: 0:00:00  lr: 0.000141  sp_loss: 4.5812 (4.5767)  fam_loss: 3.2031 (3.2728)  manu_loss: 2.4508 (2.4156)  ot_loss: 0.5916 (0.6008)  base_loss: 4.9960 (5.0128)  time: 0.3729  data: 0.0961  max mem: 11362
Epoch: [48] Total time: 0:00:19 (0.5066 s / it)
Averaged stats: lr: 0.000141  sp_loss: 4.5812 (4.5767)  fam_loss: 3.2031 (3.2728)  manu_loss: 2.4508 (2.4156)  ot_loss: 0.5916 (0.6008)  base_loss: 4.9960 (5.0128)
Test:  [  0/391]  eta: 0:36:26  sploss: 8.0375 (8.0375)  famloss: 3.1656 (3.1656)  manuloss: 1.8356 (1.8356)  acc1: 3.9062 (3.9062)  acc5: 10.1562 (10.1562)  family_acc1: 39.4531 (39.4531)  manu_acc1: 58.2031 (58.2031)  time: 5.5931  data: 5.4831  max mem: 11362
Test:  [ 50/391]  eta: 0:02:50  sploss: 8.1931 (8.2365)  famloss: 3.4349 (3.4379)  manuloss: 1.9350 (1.9793)  acc1: 3.5156 (3.3012)  acc5: 7.8125 (8.2338)  family_acc1: 35.5469 (35.2405)  manu_acc1: 57.8125 (56.5794)  time: 0.4677  data: 0.3735  max mem: 11362
Test:  [100/391]  eta: 0:02:05  sploss: 8.2162 (8.2163)  famloss: 3.5183 (3.4358)  manuloss: 2.0118 (1.9858)  acc1: 3.1250 (3.4151)  acc5: 7.8125 (8.4120)  family_acc1: 33.9844 (35.3535)  manu_acc1: 55.8594 (56.2229)  time: 0.4198  data: 0.3262  max mem: 11362
Test:  [150/391]  eta: 0:01:39  sploss: 8.1324 (8.2062)  famloss: 3.2552 (3.4157)  manuloss: 1.8261 (1.9886)  acc1: 3.1250 (3.5544)  acc5: 8.5938 (8.6248)  family_acc1: 37.1094 (35.6478)  manu_acc1: 59.3750 (55.9370)  time: 0.4497  data: 0.3555  max mem: 11362
Test:  [200/391]  eta: 0:01:17  sploss: 8.2126 (8.2123)  famloss: 3.5097 (3.4459)  manuloss: 2.1169 (2.0035)  acc1: 3.1250 (3.5836)  acc5: 8.2031 (8.6307)  family_acc1: 33.2031 (35.4108)  manu_acc1: 53.9062 (55.7233)  time: 0.2677  data: 0.1708  max mem: 11362
Test:  [250/391]  eta: 0:00:55  sploss: 8.1503 (8.2165)  famloss: 3.4855 (3.4662)  manuloss: 2.1097 (2.0442)  acc1: 3.1250 (3.5499)  acc5: 8.5938 (8.6404)  family_acc1: 33.9844 (34.8777)  manu_acc1: 51.5625 (54.6533)  time: 0.2647  data: 0.1713  max mem: 11362
Test:  [300/391]  eta: 0:00:36  sploss: 8.1565 (8.2041)  famloss: 3.2357 (3.4320)  manuloss: 1.8087 (2.0188)  acc1: 3.5156 (3.5935)  acc5: 8.2031 (8.7080)  family_acc1: 37.8906 (35.2951)  manu_acc1: 57.4219 (54.9886)  time: 0.4399  data: 0.3461  max mem: 11362
Test:  [350/391]  eta: 0:00:16  sploss: 8.2332 (8.2083)  famloss: 3.4142 (3.4206)  manuloss: 1.9436 (2.0006)  acc1: 3.1250 (3.5546)  acc5: 8.5938 (8.6561)  family_acc1: 35.9375 (35.4868)  manu_acc1: 56.2500 (55.3686)  time: 0.4283  data: 0.3333  max mem: 11362
Test:  [390/391]  eta: 0:00:00  sploss: 8.1569 (8.2067)  famloss: 3.2233 (3.4024)  manuloss: 1.6295 (1.9681)  acc1: 3.5156 (3.6060)  acc5: 9.3750 (8.7300)  family_acc1: 39.0625 (35.8730)  manu_acc1: 63.6719 (56.1760)  time: 0.4189  data: 0.3258  max mem: 11362
Test: Total time: 0:02:33 (0.3920 s / it)
* Acc@1 3.606 Acc@5 8.730 family@1 35.873 manu@1 56.176 sploss 8.207 fmloss 3.402 mfloss 1.968
Accuracy of the network on the 100000 test images: 3.6%
Max accuracy: 3.61%
Epoch: [49]  [ 0/39]  eta: 0:03:59  lr: 0.000138  sp_loss: 4.6478 (4.6478)  fam_loss: 3.3141 (3.3141)  manu_loss: 2.3862 (2.3862)  ot_loss: 0.6091 (0.6091)  base_loss: 5.0744 (5.0744)  time: 6.1444  data: 5.7933  max mem: 11362
Epoch: [49]  [38/39]  eta: 0:00:00  lr: 0.000138  sp_loss: 4.2233 (4.1734)  fam_loss: 3.0614 (2.9797)  manu_loss: 2.3099 (2.2121)  ot_loss: 0.6031 (0.6057)  base_loss: 4.7313 (4.6638)  time: 0.3464  data: 0.0696  max mem: 11362
Epoch: [49] Total time: 0:00:19 (0.5034 s / it)
Averaged stats: lr: 0.000138  sp_loss: 4.2233 (4.1734)  fam_loss: 3.0614 (2.9797)  manu_loss: 2.3099 (2.2121)  ot_loss: 0.6031 (0.6057)  base_loss: 4.7313 (4.6638)
Epoch: [50]  [ 0/39]  eta: 0:03:46  lr: 0.000134  sp_loss: 4.5000 (4.5000)  fam_loss: 3.1641 (3.1641)  manu_loss: 2.3284 (2.3284)  ot_loss: 0.6038 (0.6038)  base_loss: 4.9181 (4.9181)  time: 5.7957  data: 5.4434  max mem: 11362
Epoch: [50]  [38/39]  eta: 0:00:00  lr: 0.000134  sp_loss: 4.6636 (4.2597)  fam_loss: 3.2402 (3.0408)  manu_loss: 2.3572 (2.2539)  ot_loss: 0.5950 (0.6045)  base_loss: 5.0427 (4.7351)  time: 0.3574  data: 0.0810  max mem: 11362
Epoch: [50] Total time: 0:00:19 (0.5036 s / it)
Averaged stats: lr: 0.000134  sp_loss: 4.6636 (4.2597)  fam_loss: 3.2402 (3.0408)  manu_loss: 2.3572 (2.2539)  ot_loss: 0.5950 (0.6045)  base_loss: 5.0427 (4.7351)
Test:  [  0/391]  eta: 0:35:43  sploss: 8.0491 (8.0491)  famloss: 3.1493 (3.1493)  manuloss: 1.7813 (1.7813)  acc1: 4.2969 (4.2969)  acc5: 10.1562 (10.1562)  family_acc1: 38.2812 (38.2812)  manu_acc1: 59.3750 (59.3750)  time: 5.4811  data: 5.3655  max mem: 11362
Test:  [ 50/391]  eta: 0:02:44  sploss: 8.2729 (8.2545)  famloss: 3.4565 (3.4448)  manuloss: 1.9643 (1.9863)  acc1: 3.5156 (3.5846)  acc5: 8.2031 (8.5555)  family_acc1: 36.7188 (35.8456)  manu_acc1: 57.0312 (56.6942)  time: 0.4488  data: 0.3534  max mem: 11362
Test:  [100/391]  eta: 0:02:03  sploss: 8.2335 (8.2323)  famloss: 3.5219 (3.4474)  manuloss: 2.0143 (1.9941)  acc1: 3.5156 (3.6278)  acc5: 8.9844 (8.7407)  family_acc1: 34.7656 (35.6281)  manu_acc1: 56.6406 (56.2113)  time: 0.4295  data: 0.3342  max mem: 11362
Test:  [150/391]  eta: 0:01:42  sploss: 8.1497 (8.2214)  famloss: 3.2685 (3.4230)  manuloss: 1.8168 (1.9926)  acc1: 3.1250 (3.7019)  acc5: 8.5938 (8.9119)  family_acc1: 37.1094 (35.8677)  manu_acc1: 58.5938 (55.9344)  time: 0.5307  data: 0.4365  max mem: 11362
Test:  [200/391]  eta: 0:01:21  sploss: 8.2179 (8.2290)  famloss: 3.5399 (3.4545)  manuloss: 2.1249 (2.0090)  acc1: 3.5156 (3.6750)  acc5: 8.5938 (8.8211)  family_acc1: 33.5938 (35.4128)  manu_acc1: 53.5156 (55.6126)  time: 0.3668  data: 0.2736  max mem: 11362
Test:  [250/391]  eta: 0:00:59  sploss: 8.1587 (8.2313)  famloss: 3.4701 (3.4720)  manuloss: 2.1289 (2.0477)  acc1: 3.5156 (3.6510)  acc5: 9.7656 (8.8241)  family_acc1: 33.9844 (35.0053)  manu_acc1: 51.5625 (54.4836)  time: 0.2916  data: 0.1971  max mem: 11362
Test:  [300/391]  eta: 0:00:39  sploss: 8.2046 (8.2206)  famloss: 3.2528 (3.4386)  manuloss: 1.7956 (2.0218)  acc1: 3.9062 (3.6973)  acc5: 8.2031 (8.8507)  family_acc1: 39.0625 (35.3392)  manu_acc1: 58.9844 (54.9133)  time: 0.4586  data: 0.3647  max mem: 11362
Test:  [350/391]  eta: 0:00:17  sploss: 8.2553 (8.2261)  famloss: 3.4124 (3.4277)  manuloss: 1.9058 (2.0060)  acc1: 3.5156 (3.6814)  acc5: 8.2031 (8.7807)  family_acc1: 35.9375 (35.5068)  manu_acc1: 57.0312 (55.2350)  time: 0.5120  data: 0.4178  max mem: 11362
Test:  [390/391]  eta: 0:00:00  sploss: 8.2022 (8.2264)  famloss: 3.2659 (3.4110)  manuloss: 1.6423 (1.9736)  acc1: 4.2969 (3.7030)  acc5: 8.9844 (8.8430)  family_acc1: 39.0625 (35.9110)  manu_acc1: 64.8438 (56.0570)  time: 0.4384  data: 0.3448  max mem: 11362
Test: Total time: 0:02:47 (0.4289 s / it)
* Acc@1 3.703 Acc@5 8.843 family@1 35.911 manu@1 56.057 sploss 8.226 fmloss 3.411 mfloss 1.974
Accuracy of the network on the 100000 test images: 3.7%
Max accuracy: 3.70%
Epoch: [51]  [ 0/39]  eta: 0:04:00  lr: 0.000130  sp_loss: 4.5342 (4.5342)  fam_loss: 3.1435 (3.1435)  manu_loss: 2.4318 (2.4318)  ot_loss: 0.5970 (0.5970)  base_loss: 4.9579 (4.9579)  time: 6.1752  data: 5.7986  max mem: 11362
Epoch: [51]  [38/39]  eta: 0:00:00  lr: 0.000130  sp_loss: 4.5351 (4.6074)  fam_loss: 3.2448 (3.3098)  manu_loss: 2.4476 (2.4451)  ot_loss: 0.5986 (0.5980)  base_loss: 4.9885 (5.0432)  time: 0.3911  data: 0.1096  max mem: 11362
Epoch: [51] Total time: 0:00:20 (0.5362 s / it)
Averaged stats: lr: 0.000130  sp_loss: 4.5351 (4.6074)  fam_loss: 3.2448 (3.3098)  manu_loss: 2.4476 (2.4451)  ot_loss: 0.5986 (0.5980)  base_loss: 4.9885 (5.0432)
Epoch: [52]  [ 0/39]  eta: 0:04:35  lr: 0.000126  sp_loss: 4.5561 (4.5561)  fam_loss: 3.4008 (3.4008)  manu_loss: 2.5252 (2.5252)  ot_loss: 0.6078 (0.6078)  base_loss: 5.0446 (5.0446)  time: 7.0623  data: 6.7247  max mem: 11362
Epoch: [52]  [38/39]  eta: 0:00:00  lr: 0.000126  sp_loss: 4.2697 (4.3936)  fam_loss: 3.1170 (3.1744)  manu_loss: 2.3611 (2.3524)  ot_loss: 0.6005 (0.6017)  base_loss: 4.7875 (4.8683)  time: 0.4010  data: 0.1240  max mem: 11362
Epoch: [52] Total time: 0:00:21 (0.5536 s / it)
Averaged stats: lr: 0.000126  sp_loss: 4.2697 (4.3936)  fam_loss: 3.1170 (3.1744)  manu_loss: 2.3611 (2.3524)  ot_loss: 0.6005 (0.6017)  base_loss: 4.7875 (4.8683)
Test:  [  0/391]  eta: 0:40:39  sploss: 8.0406 (8.0406)  famloss: 3.1409 (3.1409)  manuloss: 1.7864 (1.7864)  acc1: 3.9062 (3.9062)  acc5: 12.5000 (12.5000)  family_acc1: 38.2812 (38.2812)  manu_acc1: 61.3281 (61.3281)  time: 6.2395  data: 6.1276  max mem: 11362
Test:  [ 50/391]  eta: 0:03:06  sploss: 8.2115 (8.2353)  famloss: 3.4458 (3.4549)  manuloss: 1.9503 (1.9986)  acc1: 3.5156 (3.6229)  acc5: 8.5938 (8.6167)  family_acc1: 36.3281 (35.7996)  manu_acc1: 57.8125 (56.7096)  time: 0.5057  data: 0.4102  max mem: 11362
Test:  [100/391]  eta: 0:02:22  sploss: 8.2153 (8.2125)  famloss: 3.5376 (3.4534)  manuloss: 2.0516 (2.0075)  acc1: 3.1250 (3.7361)  acc5: 8.5938 (8.8335)  family_acc1: 34.3750 (35.6513)  manu_acc1: 54.6875 (56.1185)  time: 0.5262  data: 0.4323  max mem: 11362
Test:  [150/391]  eta: 0:01:53  sploss: 8.1457 (8.2046)  famloss: 3.3016 (3.4334)  manuloss: 1.8368 (2.0077)  acc1: 2.7344 (3.8079)  acc5: 8.9844 (8.9326)  family_acc1: 37.5000 (35.8909)  manu_acc1: 58.9844 (55.8180)  time: 0.5191  data: 0.4252  max mem: 11362
Test:  [200/391]  eta: 0:01:25  sploss: 8.2171 (8.2125)  famloss: 3.5662 (3.4664)  manuloss: 2.1187 (2.0240)  acc1: 3.5156 (3.7430)  acc5: 8.5938 (8.8464)  family_acc1: 32.4219 (35.3914)  manu_acc1: 53.1250 (55.5523)  time: 0.2888  data: 0.1955  max mem: 11362
Test:  [250/391]  eta: 0:01:00  sploss: 8.1598 (8.2170)  famloss: 3.4934 (3.4855)  manuloss: 2.1148 (2.0634)  acc1: 3.5156 (3.7288)  acc5: 8.9844 (8.8521)  family_acc1: 34.7656 (34.9664)  manu_acc1: 52.3438 (54.4136)  time: 0.2637  data: 0.1707  max mem: 11362
Test:  [300/391]  eta: 0:00:39  sploss: 8.1971 (8.2069)  famloss: 3.2672 (3.4548)  manuloss: 1.8402 (2.0399)  acc1: 3.5156 (3.7895)  acc5: 8.2031 (8.8559)  family_acc1: 37.8906 (35.3314)  manu_acc1: 58.5938 (54.7913)  time: 0.4119  data: 0.3174  max mem: 11362
Test:  [350/391]  eta: 0:00:17  sploss: 8.2401 (8.2139)  famloss: 3.4096 (3.4442)  manuloss: 1.9298 (2.0242)  acc1: 3.1250 (3.7293)  acc5: 8.2031 (8.7785)  family_acc1: 36.3281 (35.4734)  manu_acc1: 56.6406 (55.1171)  time: 0.4415  data: 0.3473  max mem: 11362
Test:  [390/391]  eta: 0:00:00  sploss: 8.1677 (8.2129)  famloss: 3.3036 (3.4290)  manuloss: 1.6898 (1.9930)  acc1: 3.9062 (3.7320)  acc5: 8.9844 (8.8310)  family_acc1: 38.2812 (35.7910)  manu_acc1: 64.3750 (55.9140)  time: 0.4079  data: 0.3170  max mem: 11362
Test: Total time: 0:02:41 (0.4139 s / it)
* Acc@1 3.732 Acc@5 8.831 family@1 35.791 manu@1 55.914 sploss 8.213 fmloss 3.429 mfloss 1.993
Accuracy of the network on the 100000 test images: 3.7%
Max accuracy: 3.73%
Epoch: [53]  [ 0/39]  eta: 0:04:03  lr: 0.000122  sp_loss: 4.7112 (4.7112)  fam_loss: 3.4369 (3.4369)  manu_loss: 2.5597 (2.5597)  ot_loss: 0.5922 (0.5922)  base_loss: 5.1591 (5.1591)  time: 6.2445  data: 5.9056  max mem: 11362
Epoch: [53]  [38/39]  eta: 0:00:00  lr: 0.000122  sp_loss: 4.7571 (4.5475)  fam_loss: 3.3230 (3.2729)  manu_loss: 2.5066 (2.4118)  ot_loss: 0.5904 (0.5992)  base_loss: 5.1344 (4.9921)  time: 0.3537  data: 0.0746  max mem: 11362
Epoch: [53] Total time: 0:00:19 (0.5091 s / it)
Averaged stats: lr: 0.000122  sp_loss: 4.7571 (4.5475)  fam_loss: 3.3230 (3.2729)  manu_loss: 2.5066 (2.4118)  ot_loss: 0.5904 (0.5992)  base_loss: 5.1344 (4.9921)
Epoch: [54]  [ 0/39]  eta: 0:03:59  lr: 0.000119  sp_loss: 5.3917 (5.3917)  fam_loss: 4.0432 (4.0432)  manu_loss: 2.9010 (2.9010)  ot_loss: 0.5870 (0.5870)  base_loss: 5.7693 (5.7693)  time: 6.1533  data: 5.8142  max mem: 11362
Epoch: [54]  [38/39]  eta: 0:00:00  lr: 0.000119  sp_loss: 5.0612 (4.5617)  fam_loss: 3.4856 (3.2721)  manu_loss: 2.5436 (2.3928)  ot_loss: 0.5883 (0.5994)  base_loss: 5.3684 (4.9976)  time: 0.3511  data: 0.0742  max mem: 11362
Epoch: [54] Total time: 0:00:19 (0.4979 s / it)
Averaged stats: lr: 0.000119  sp_loss: 5.0612 (4.5617)  fam_loss: 3.4856 (3.2721)  manu_loss: 2.5436 (2.3928)  ot_loss: 0.5883 (0.5994)  base_loss: 5.3684 (4.9976)
Test:  [  0/391]  eta: 0:36:11  sploss: 8.0288 (8.0288)  famloss: 3.2238 (3.2238)  manuloss: 1.8420 (1.8420)  acc1: 3.9062 (3.9062)  acc5: 12.1094 (12.1094)  family_acc1: 36.7188 (36.7188)  manu_acc1: 60.5469 (60.5469)  time: 5.5525  data: 5.4412  max mem: 11362
Test:  [ 50/391]  eta: 0:02:45  sploss: 8.1969 (8.2195)  famloss: 3.4613 (3.4559)  manuloss: 1.9709 (2.0065)  acc1: 3.1250 (3.5692)  acc5: 8.9844 (8.6933)  family_acc1: 35.1562 (35.5852)  manu_acc1: 57.8125 (56.9317)  time: 0.4517  data: 0.3576  max mem: 11362
Test:  [100/391]  eta: 0:02:03  sploss: 8.1909 (8.1984)  famloss: 3.5551 (3.4600)  manuloss: 2.0692 (2.0168)  acc1: 3.1250 (3.5930)  acc5: 8.9844 (8.8219)  family_acc1: 34.7656 (35.5005)  manu_acc1: 55.4688 (56.4395)  time: 0.4290  data: 0.3339  max mem: 11362
Test:  [150/391]  eta: 0:01:38  sploss: 8.1168 (8.1887)  famloss: 3.2678 (3.4360)  manuloss: 1.8428 (2.0170)  acc1: 3.5156 (3.7174)  acc5: 8.5938 (8.9637)  family_acc1: 38.6719 (35.7357)  manu_acc1: 58.5938 (56.1543)  time: 0.4347  data: 0.3394  max mem: 11362
Test:  [200/391]  eta: 0:01:15  sploss: 8.1943 (8.1959)  famloss: 3.5638 (3.4689)  manuloss: 2.1342 (2.0342)  acc1: 3.5156 (3.7002)  acc5: 8.9844 (8.9436)  family_acc1: 33.9844 (35.3078)  manu_acc1: 54.2969 (55.8866)  time: 0.2871  data: 0.1929  max mem: 11362
Test:  [250/391]  eta: 0:00:55  sploss: 8.1465 (8.1986)  famloss: 3.4600 (3.4882)  manuloss: 2.1472 (2.0729)  acc1: 3.9062 (3.7055)  acc5: 9.7656 (8.9641)  family_acc1: 35.5469 (34.9570)  manu_acc1: 52.3438 (54.7280)  time: 0.2655  data: 0.1723  max mem: 11362
Test:  [300/391]  eta: 0:00:36  sploss: 8.1665 (8.1868)  famloss: 3.2187 (3.4529)  manuloss: 1.8414 (2.0464)  acc1: 3.1250 (3.7246)  acc5: 8.2031 (9.0246)  family_acc1: 38.6719 (35.3678)  manu_acc1: 58.5938 (55.1028)  time: 0.4184  data: 0.3249  max mem: 11362
Test:  [350/391]  eta: 0:00:16  sploss: 8.2262 (8.1932)  famloss: 3.4258 (3.4407)  manuloss: 1.9671 (2.0286)  acc1: 3.1250 (3.6870)  acc5: 8.5938 (8.9176)  family_acc1: 36.3281 (35.5869)  manu_acc1: 54.6875 (55.4465)  time: 0.4297  data: 0.3352  max mem: 11362
Test:  [390/391]  eta: 0:00:00  sploss: 8.1650 (8.1923)  famloss: 3.2638 (3.4247)  manuloss: 1.6584 (1.9966)  acc1: 3.9062 (3.7020)  acc5: 9.3750 (8.9910)  family_acc1: 38.2812 (35.8960)  manu_acc1: 64.0625 (56.2650)  time: 0.4136  data: 0.3215  max mem: 11362
Test: Total time: 0:02:32 (0.3900 s / it)
* Acc@1 3.702 Acc@5 8.991 family@1 35.896 manu@1 56.265 sploss 8.192 fmloss 3.425 mfloss 1.997
Accuracy of the network on the 100000 test images: 3.7%
Max accuracy: 3.73%
Epoch: [55]  [ 0/39]  eta: 0:03:43  lr: 0.000115  sp_loss: 5.1207 (5.1207)  fam_loss: 3.5928 (3.5928)  manu_loss: 2.4945 (2.4945)  ot_loss: 0.5902 (0.5902)  base_loss: 5.4207 (5.4207)  time: 5.7399  data: 5.3813  max mem: 11362
Epoch: [55]  [38/39]  eta: 0:00:00  lr: 0.000115  sp_loss: 4.5015 (4.3805)  fam_loss: 3.1603 (3.1655)  manu_loss: 2.2593 (2.3167)  ot_loss: 0.5953 (0.6024)  base_loss: 4.9073 (4.8502)  time: 0.3618  data: 0.0804  max mem: 11362
Epoch: [55] Total time: 0:00:19 (0.4997 s / it)
Averaged stats: lr: 0.000115  sp_loss: 4.5015 (4.3805)  fam_loss: 3.1603 (3.1655)  manu_loss: 2.2593 (2.3167)  ot_loss: 0.5953 (0.6024)  base_loss: 4.9073 (4.8502)
Epoch: [56]  [ 0/39]  eta: 0:03:57  lr: 0.000111  sp_loss: 5.0091 (5.0091)  fam_loss: 3.4775 (3.4775)  manu_loss: 2.5028 (2.5028)  ot_loss: 0.5924 (0.5924)  base_loss: 5.3238 (5.3238)  time: 6.1021  data: 5.7521  max mem: 11362
Epoch: [56]  [38/39]  eta: 0:00:00  lr: 0.000111  sp_loss: 3.8818 (4.2669)  fam_loss: 2.7997 (3.0680)  manu_loss: 2.1679 (2.2531)  ot_loss: 0.6058 (0.6040)  base_loss: 4.4436 (4.7487)  time: 0.3508  data: 0.0703  max mem: 11362
Epoch: [56] Total time: 0:00:19 (0.5059 s / it)
Averaged stats: lr: 0.000111  sp_loss: 3.8818 (4.2669)  fam_loss: 2.7997 (3.0680)  manu_loss: 2.1679 (2.2531)  ot_loss: 0.6058 (0.6040)  base_loss: 4.4436 (4.7487)
Test:  [  0/391]  eta: 0:35:03  sploss: 8.0794 (8.0794)  famloss: 3.1308 (3.1308)  manuloss: 1.8242 (1.8242)  acc1: 3.5156 (3.5156)  acc5: 11.3281 (11.3281)  family_acc1: 38.2812 (38.2812)  manu_acc1: 58.5938 (58.5938)  time: 5.3799  data: 5.2644  max mem: 11362
Test:  [ 50/391]  eta: 0:02:42  sploss: 8.2289 (8.2683)  famloss: 3.4590 (3.4573)  manuloss: 1.9494 (2.0068)  acc1: 3.5156 (3.5309)  acc5: 8.5938 (8.6550)  family_acc1: 35.9375 (35.9758)  manu_acc1: 57.0312 (56.4951)  time: 0.4432  data: 0.3481  max mem: 11362
Test:  [100/391]  eta: 0:02:04  sploss: 8.2492 (8.2478)  famloss: 3.5317 (3.4592)  manuloss: 2.0214 (2.0166)  acc1: 3.5156 (3.6587)  acc5: 8.2031 (8.7794)  family_acc1: 34.3750 (35.6358)  manu_acc1: 55.8594 (56.1378)  time: 0.4414  data: 0.3465  max mem: 11362
Test:  [150/391]  eta: 0:01:38  sploss: 8.1683 (8.2373)  famloss: 3.2861 (3.4397)  manuloss: 1.8429 (2.0162)  acc1: 3.5156 (3.7769)  acc5: 8.5938 (8.9326)  family_acc1: 37.8906 (35.8935)  manu_acc1: 59.3750 (55.8413)  time: 0.4335  data: 0.3382  max mem: 11362
Test:  [200/391]  eta: 0:01:16  sploss: 8.2374 (8.2438)  famloss: 3.5416 (3.4711)  manuloss: 2.1634 (2.0348)  acc1: 3.9062 (3.7819)  acc5: 8.5938 (8.9358)  family_acc1: 33.5938 (35.4244)  manu_acc1: 53.1250 (55.5018)  time: 0.2598  data: 0.1673  max mem: 11362
Test:  [250/391]  eta: 0:00:55  sploss: 8.1903 (8.2464)  famloss: 3.4955 (3.4914)  manuloss: 2.1373 (2.0753)  acc1: 3.5156 (3.7802)  acc5: 8.5938 (8.9190)  family_acc1: 33.5938 (34.9897)  manu_acc1: 50.7812 (54.3747)  time: 0.2707  data: 0.1775  max mem: 11362
Test:  [300/391]  eta: 0:00:36  sploss: 8.2034 (8.2357)  famloss: 3.2739 (3.4584)  manuloss: 1.8324 (2.0482)  acc1: 3.5156 (3.8037)  acc5: 8.2031 (8.9377)  family_acc1: 37.8906 (35.3821)  manu_acc1: 57.8125 (54.7926)  time: 0.4252  data: 0.3312  max mem: 11362
Test:  [350/391]  eta: 0:00:16  sploss: 8.2880 (8.2424)  famloss: 3.4574 (3.4487)  manuloss: 1.9838 (2.0317)  acc1: 3.5156 (3.7404)  acc5: 8.5938 (8.8553)  family_acc1: 36.3281 (35.5446)  manu_acc1: 56.2500 (55.1249)  time: 0.4327  data: 0.3368  max mem: 11362
Test:  [390/391]  eta: 0:00:00  sploss: 8.2123 (8.2414)  famloss: 3.2828 (3.4331)  manuloss: 1.6567 (1.9996)  acc1: 3.9062 (3.7760)  acc5: 9.7656 (8.9270)  family_acc1: 38.7500 (35.8900)  manu_acc1: 63.2812 (55.9080)  time: 0.4067  data: 0.3156  max mem: 11362
Test: Total time: 0:02:31 (0.3878 s / it)
* Acc@1 3.776 Acc@5 8.927 family@1 35.890 manu@1 55.908 sploss 8.241 fmloss 3.433 mfloss 2.000
Accuracy of the network on the 100000 test images: 3.8%
Max accuracy: 3.78%
Epoch: [57]  [ 0/39]  eta: 0:04:03  lr: 0.000108  sp_loss: 4.4122 (4.4122)  fam_loss: 3.0916 (3.0916)  manu_loss: 2.3108 (2.3108)  ot_loss: 0.6017 (0.6017)  base_loss: 4.8479 (4.8479)  time: 6.2370  data: 5.8869  max mem: 11362
Epoch: [57]  [38/39]  eta: 0:00:00  lr: 0.000108  sp_loss: 3.6499 (4.1593)  fam_loss: 2.6428 (2.9623)  manu_loss: 1.9905 (2.1855)  ot_loss: 0.6079 (0.6049)  base_loss: 4.2235 (4.6455)  time: 0.3434  data: 0.0692  max mem: 11362
Epoch: [57] Total time: 0:00:19 (0.5082 s / it)
Averaged stats: lr: 0.000108  sp_loss: 3.6499 (4.1593)  fam_loss: 2.6428 (2.9623)  manu_loss: 1.9905 (2.1855)  ot_loss: 0.6079 (0.6049)  base_loss: 4.2235 (4.6455)
Epoch: [58]  [ 0/39]  eta: 0:04:10  lr: 0.000104  sp_loss: 3.9152 (3.9152)  fam_loss: 2.8189 (2.8189)  manu_loss: 2.0942 (2.0942)  ot_loss: 0.6041 (0.6041)  base_loss: 4.4430 (4.4430)  time: 6.4182  data: 6.0964  max mem: 11362
Epoch: [58]  [38/39]  eta: 0:00:00  lr: 0.000104  sp_loss: 4.2233 (4.3455)  fam_loss: 2.9835 (3.1119)  manu_loss: 2.2416 (2.2951)  ot_loss: 0.6021 (0.6014)  base_loss: 4.7001 (4.8138)  time: 0.3456  data: 0.0696  max mem: 11362
Epoch: [58] Total time: 0:00:19 (0.5039 s / it)
Averaged stats: lr: 0.000104  sp_loss: 4.2233 (4.3455)  fam_loss: 2.9835 (3.1119)  manu_loss: 2.2416 (2.2951)  ot_loss: 0.6021 (0.6014)  base_loss: 4.7001 (4.8138)
Test:  [  0/391]  eta: 0:38:03  sploss: 8.0672 (8.0672)  famloss: 3.1914 (3.1914)  manuloss: 1.8374 (1.8374)  acc1: 2.7344 (2.7344)  acc5: 10.5469 (10.5469)  family_acc1: 39.4531 (39.4531)  manu_acc1: 60.1562 (60.1562)  time: 5.8399  data: 5.7286  max mem: 11362
Test:  [ 50/391]  eta: 0:02:44  sploss: 8.2788 (8.2538)  famloss: 3.4937 (3.4847)  manuloss: 1.9969 (2.0380)  acc1: 3.1250 (3.4314)  acc5: 7.8125 (8.5325)  family_acc1: 36.3281 (35.8762)  manu_acc1: 57.4219 (56.6100)  time: 0.4475  data: 0.3523  max mem: 11362
Test:  [100/391]  eta: 0:02:04  sploss: 8.2127 (8.2365)  famloss: 3.5506 (3.4840)  manuloss: 2.0545 (2.0439)  acc1: 3.1250 (3.5311)  acc5: 8.2031 (8.6866)  family_acc1: 34.7656 (35.7480)  manu_acc1: 54.6875 (56.3931)  time: 0.4457  data: 0.3493  max mem: 11362
Test:  [150/391]  eta: 0:01:38  sploss: 8.1602 (8.2254)  famloss: 3.2964 (3.4639)  manuloss: 1.8837 (2.0452)  acc1: 3.5156 (3.6889)  acc5: 8.2031 (8.8499)  family_acc1: 38.6719 (35.9892)  manu_acc1: 58.5938 (56.1336)  time: 0.4266  data: 0.3312  max mem: 11362
Test:  [200/391]  eta: 0:01:16  sploss: 8.2384 (8.2331)  famloss: 3.5882 (3.4957)  manuloss: 2.1696 (2.0611)  acc1: 3.5156 (3.6575)  acc5: 8.9844 (8.7959)  family_acc1: 32.8125 (35.4555)  manu_acc1: 54.2969 (55.8633)  time: 0.2912  data: 0.1972  max mem: 11362
Test:  [250/391]  eta: 0:00:55  sploss: 8.1741 (8.2346)  famloss: 3.5179 (3.5160)  manuloss: 2.1726 (2.1026)  acc1: 3.9062 (3.6837)  acc5: 8.9844 (8.8163)  family_acc1: 33.9844 (35.0286)  manu_acc1: 51.1719 (54.6937)  time: 0.2681  data: 0.1744  max mem: 11362
Test:  [300/391]  eta: 0:00:36  sploss: 8.1846 (8.2225)  famloss: 3.2913 (3.4830)  manuloss: 1.8719 (2.0752)  acc1: 3.1250 (3.7246)  acc5: 7.8125 (8.8157)  family_acc1: 37.8906 (35.4197)  manu_acc1: 58.9844 (55.1067)  time: 0.3971  data: 0.3033  max mem: 11362
Test:  [350/391]  eta: 0:00:16  sploss: 8.2623 (8.2295)  famloss: 3.4418 (3.4719)  manuloss: 1.9339 (2.0582)  acc1: 3.5156 (3.6915)  acc5: 8.2031 (8.7073)  family_acc1: 35.9375 (35.5947)  manu_acc1: 56.6406 (55.4610)  time: 0.4401  data: 0.3451  max mem: 11362
Test:  [390/391]  eta: 0:00:00  sploss: 8.1920 (8.2288)  famloss: 3.3119 (3.4567)  manuloss: 1.6722 (2.0278)  acc1: 3.9062 (3.7280)  acc5: 9.3750 (8.7650)  family_acc1: 37.5000 (35.8940)  manu_acc1: 63.6719 (56.2170)  time: 0.4080  data: 0.3159  max mem: 11362
Test: Total time: 0:02:32 (0.3899 s / it)
* Acc@1 3.728 Acc@5 8.765 family@1 35.894 manu@1 56.217 sploss 8.229 fmloss 3.457 mfloss 2.028
Accuracy of the network on the 100000 test images: 3.7%
Max accuracy: 3.78%
Epoch: [59]  [ 0/39]  eta: 0:03:41  lr: 0.000100  sp_loss: 2.5518 (2.5518)  fam_loss: 1.8540 (1.8540)  manu_loss: 1.3929 (1.3929)  ot_loss: 0.6404 (0.6404)  base_loss: 3.2935 (3.2935)  time: 5.6794  data: 5.3297  max mem: 11362
Epoch: [59]  [38/39]  eta: 0:00:00  lr: 0.000100  sp_loss: 4.7658 (4.4063)  fam_loss: 3.4284 (3.1563)  manu_loss: 2.4629 (2.3277)  ot_loss: 0.5919 (0.6006)  base_loss: 5.2026 (4.8635)  time: 0.3683  data: 0.0865  max mem: 11362
Epoch: [59] Total time: 0:00:19 (0.5074 s / it)
Averaged stats: lr: 0.000100  sp_loss: 4.7658 (4.4063)  fam_loss: 3.4284 (3.1563)  manu_loss: 2.4629 (2.3277)  ot_loss: 0.5919 (0.6006)  base_loss: 5.2026 (4.8635)
Epoch: [60]  [ 0/39]  eta: 0:03:37  lr: 0.000097  sp_loss: 4.5568 (4.5568)  fam_loss: 3.2515 (3.2515)  manu_loss: 2.3269 (2.3269)  ot_loss: 0.5966 (0.5966)  base_loss: 4.9742 (4.9742)  time: 5.5756  data: 5.2383  max mem: 11362
Epoch: [60]  [38/39]  eta: 0:00:00  lr: 0.000097  sp_loss: 4.3226 (4.1933)  fam_loss: 3.1274 (3.0212)  manu_loss: 2.2620 (2.2229)  ot_loss: 0.6004 (0.6036)  base_loss: 4.8370 (4.6892)  time: 0.3681  data: 0.0870  max mem: 11362
Epoch: [60] Total time: 0:00:19 (0.4971 s / it)
Averaged stats: lr: 0.000097  sp_loss: 4.3226 (4.1933)  fam_loss: 3.1274 (3.0212)  manu_loss: 2.2620 (2.2229)  ot_loss: 0.6004 (0.6036)  base_loss: 4.8370 (4.6892)
Test:  [  0/391]  eta: 0:35:24  sploss: 8.1262 (8.1262)  famloss: 3.1969 (3.1969)  manuloss: 1.8585 (1.8585)  acc1: 3.9062 (3.9062)  acc5: 10.1562 (10.1562)  family_acc1: 39.8438 (39.8438)  manu_acc1: 57.4219 (57.4219)  time: 5.4330  data: 5.3135  max mem: 11362
Test:  [ 50/391]  eta: 0:02:47  sploss: 8.2992 (8.2935)  famloss: 3.5348 (3.5209)  manuloss: 2.0165 (2.0484)  acc1: 2.7344 (3.4007)  acc5: 7.8125 (8.4252)  family_acc1: 35.9375 (35.8150)  manu_acc1: 56.6406 (56.3955)  time: 0.4455  data: 0.3501  max mem: 11362
Test:  [100/391]  eta: 0:02:05  sploss: 8.2533 (8.2728)  famloss: 3.6088 (3.5240)  manuloss: 2.0980 (2.0568)  acc1: 3.5156 (3.5388)  acc5: 7.8125 (8.5667)  family_acc1: 34.7656 (35.5507)  manu_acc1: 55.0781 (55.8748)  time: 0.4358  data: 0.3417  max mem: 11362
Test:  [150/391]  eta: 0:01:38  sploss: 8.1864 (8.2611)  famloss: 3.3600 (3.5043)  manuloss: 1.8964 (2.0607)  acc1: 3.1250 (3.6294)  acc5: 8.9844 (8.7774)  family_acc1: 37.1094 (35.6866)  manu_acc1: 58.5938 (55.6628)  time: 0.4296  data: 0.3365  max mem: 11362
Test:  [200/391]  eta: 0:01:16  sploss: 8.2624 (8.2680)  famloss: 3.6382 (3.5392)  manuloss: 2.1784 (2.0775)  acc1: 3.5156 (3.5992)  acc5: 8.9844 (8.7201)  family_acc1: 33.2031 (35.2515)  manu_acc1: 53.9062 (55.3968)  time: 0.3213  data: 0.2282  max mem: 11362
Test:  [250/391]  eta: 0:00:55  sploss: 8.2075 (8.2686)  famloss: 3.5597 (3.5565)  manuloss: 2.2034 (2.1175)  acc1: 3.1250 (3.6199)  acc5: 8.9844 (8.7245)  family_acc1: 35.1562 (34.9353)  manu_acc1: 51.5625 (54.3047)  time: 0.2708  data: 0.1785  max mem: 11362
Test:  [300/391]  eta: 0:00:36  sploss: 8.2147 (8.2581)  famloss: 3.3495 (3.5239)  manuloss: 1.8806 (2.0917)  acc1: 3.1250 (3.6714)  acc5: 8.2031 (8.7313)  family_acc1: 38.2812 (35.3055)  manu_acc1: 58.5938 (54.7199)  time: 0.3873  data: 0.2933  max mem: 11362
Test:  [350/391]  eta: 0:00:16  sploss: 8.2970 (8.2654)  famloss: 3.4916 (3.5137)  manuloss: 2.0024 (2.0740)  acc1: 3.1250 (3.6191)  acc5: 7.8125 (8.6249)  family_acc1: 35.5469 (35.4812)  manu_acc1: 55.8594 (55.1082)  time: 0.4396  data: 0.3438  max mem: 11362
Test:  [390/391]  eta: 0:00:00  sploss: 8.2473 (8.2667)  famloss: 3.3535 (3.4995)  manuloss: 1.7006 (2.0432)  acc1: 3.5156 (3.6410)  acc5: 9.3750 (8.6820)  family_acc1: 38.2812 (35.8010)  manu_acc1: 63.2812 (55.8810)  time: 0.4140  data: 0.3241  max mem: 11362
Test: Total time: 0:02:32 (0.3897 s / it)
* Acc@1 3.641 Acc@5 8.682 family@1 35.801 manu@1 55.881 sploss 8.267 fmloss 3.499 mfloss 2.043
Accuracy of the network on the 100000 test images: 3.6%
Max accuracy: 3.78%
Epoch: [61]  [ 0/39]  eta: 0:03:53  lr: 0.000093  sp_loss: 4.9414 (4.9414)  fam_loss: 3.4955 (3.4955)  manu_loss: 2.5276 (2.5276)  ot_loss: 0.5884 (0.5884)  base_loss: 5.2866 (5.2866)  time: 5.9896  data: 5.6419  max mem: 11362
Epoch: [61]  [38/39]  eta: 0:00:00  lr: 0.000093  sp_loss: 4.7553 (4.1767)  fam_loss: 3.2914 (2.9785)  manu_loss: 2.3772 (2.1818)  ot_loss: 0.5944 (0.6035)  base_loss: 5.1263 (4.6579)  time: 0.3481  data: 0.0733  max mem: 11362
Epoch: [61] Total time: 0:00:19 (0.5086 s / it)
Averaged stats: lr: 0.000093  sp_loss: 4.7553 (4.1767)  fam_loss: 3.2914 (2.9785)  manu_loss: 2.3772 (2.1818)  ot_loss: 0.5944 (0.6035)  base_loss: 5.1263 (4.6579)
Epoch: [62]  [ 0/39]  eta: 0:03:57  lr: 0.000089  sp_loss: 3.6381 (3.6381)  fam_loss: 2.6568 (2.6568)  manu_loss: 1.9854 (1.9854)  ot_loss: 0.6173 (0.6173)  base_loss: 4.2480 (4.2480)  time: 6.0780  data: 5.7297  max mem: 11362
Epoch: [62]  [38/39]  eta: 0:00:00  lr: 0.000089  sp_loss: 4.8950 (4.4899)  fam_loss: 3.4810 (3.2066)  manu_loss: 2.5271 (2.3604)  ot_loss: 0.5900 (0.5991)  base_loss: 5.3074 (4.9328)  time: 0.3514  data: 0.0760  max mem: 11362
Epoch: [62] Total time: 0:00:19 (0.5049 s / it)
Averaged stats: lr: 0.000089  sp_loss: 4.8950 (4.4899)  fam_loss: 3.4810 (3.2066)  manu_loss: 2.5271 (2.3604)  ot_loss: 0.5900 (0.5991)  base_loss: 5.3074 (4.9328)
Test:  [  0/391]  eta: 0:38:52  sploss: 8.1017 (8.1017)  famloss: 3.2518 (3.2518)  manuloss: 1.9181 (1.9181)  acc1: 3.1250 (3.1250)  acc5: 10.1562 (10.1562)  family_acc1: 36.7188 (36.7188)  manu_acc1: 56.6406 (56.6406)  time: 5.9659  data: 5.8499  max mem: 11362
Test:  [ 50/391]  eta: 0:02:45  sploss: 8.2454 (8.2752)  famloss: 3.5277 (3.5247)  manuloss: 2.0688 (2.0898)  acc1: 3.5156 (3.7760)  acc5: 8.2031 (8.4635)  family_acc1: 36.7188 (35.9069)  manu_acc1: 57.8125 (56.2040)  time: 0.4434  data: 0.3495  max mem: 11362
Test:  [100/391]  eta: 0:02:04  sploss: 8.2231 (8.2580)  famloss: 3.6241 (3.5256)  manuloss: 2.1165 (2.0893)  acc1: 3.5156 (3.7283)  acc5: 8.2031 (8.6827)  family_acc1: 33.2031 (35.5817)  manu_acc1: 55.0781 (55.9290)  time: 0.4225  data: 0.3271  max mem: 11362
Test:  [150/391]  eta: 0:01:39  sploss: 8.1798 (8.2480)  famloss: 3.3480 (3.5019)  manuloss: 1.8987 (2.0848)  acc1: 3.5156 (3.7924)  acc5: 8.2031 (8.8473)  family_acc1: 37.8906 (35.7823)  manu_acc1: 58.9844 (55.8206)  time: 0.4792  data: 0.3846  max mem: 11362
Test:  [200/391]  eta: 0:01:19  sploss: 8.2541 (8.2559)  famloss: 3.6188 (3.5367)  manuloss: 2.2193 (2.1033)  acc1: 3.5156 (3.7722)  acc5: 9.3750 (8.8056)  family_acc1: 33.5938 (35.2379)  manu_acc1: 53.9062 (55.4590)  time: 0.2897  data: 0.1975  max mem: 11362
Test:  [250/391]  eta: 0:00:58  sploss: 8.2105 (8.2587)  famloss: 3.5564 (3.5552)  manuloss: 2.2030 (2.1430)  acc1: 3.9062 (3.7662)  acc5: 9.3750 (8.8319)  family_acc1: 34.3750 (34.9057)  manu_acc1: 51.5625 (54.4167)  time: 0.2898  data: 0.1964  max mem: 11362
Test:  [300/391]  eta: 0:00:39  sploss: 8.2389 (8.2489)  famloss: 3.3142 (3.5220)  manuloss: 1.8916 (2.1158)  acc1: 3.5156 (3.7882)  acc5: 8.5938 (8.8351)  family_acc1: 39.0625 (35.2821)  manu_acc1: 58.2031 (54.8796)  time: 0.5086  data: 0.4145  max mem: 11362
Test:  [350/391]  eta: 0:00:17  sploss: 8.2778 (8.2550)  famloss: 3.4841 (3.5112)  manuloss: 2.0074 (2.0979)  acc1: 3.1250 (3.7438)  acc5: 7.8125 (8.7028)  family_acc1: 35.9375 (35.4567)  manu_acc1: 56.6406 (55.2517)  time: 0.4815  data: 0.3876  max mem: 11362
Test:  [390/391]  eta: 0:00:00  sploss: 8.2254 (8.2559)  famloss: 3.3615 (3.4974)  manuloss: 1.7115 (2.0674)  acc1: 3.9062 (3.7640)  acc5: 9.3750 (8.7620)  family_acc1: 37.1094 (35.7690)  manu_acc1: 63.6719 (56.0240)  time: 0.4924  data: 0.4027  max mem: 11362
Test: Total time: 0:02:45 (0.4236 s / it)
* Acc@1 3.764 Acc@5 8.762 family@1 35.769 manu@1 56.024 sploss 8.256 fmloss 3.497 mfloss 2.067
Accuracy of the network on the 100000 test images: 3.8%
Max accuracy: 3.78%
Epoch: [63]  [ 0/39]  eta: 0:04:04  lr: 0.000086  sp_loss: 3.7336 (3.7336)  fam_loss: 2.7999 (2.7999)  manu_loss: 2.0487 (2.0487)  ot_loss: 0.6150 (0.6150)  base_loss: 4.3351 (4.3351)  time: 6.2582  data: 5.8920  max mem: 11362
Epoch: [63]  [38/39]  eta: 0:00:00  lr: 0.000086  sp_loss: 4.3155 (4.1400)  fam_loss: 3.1009 (2.9771)  manu_loss: 2.3787 (2.2013)  ot_loss: 0.5986 (0.6039)  base_loss: 4.8008 (4.6403)  time: 0.4015  data: 0.1238  max mem: 11362
Epoch: [63] Total time: 0:00:21 (0.5472 s / it)
Averaged stats: lr: 0.000086  sp_loss: 4.3155 (4.1400)  fam_loss: 3.1009 (2.9771)  manu_loss: 2.3787 (2.2013)  ot_loss: 0.5986 (0.6039)  base_loss: 4.8008 (4.6403)
Epoch: [64]  [ 0/39]  eta: 0:04:09  lr: 0.000082  sp_loss: 3.4345 (3.4345)  fam_loss: 2.5141 (2.5141)  manu_loss: 1.8425 (1.8425)  ot_loss: 0.6260 (0.6260)  base_loss: 4.0532 (4.0532)  time: 6.4014  data: 6.0537  max mem: 11362
Epoch: [64]  [38/39]  eta: 0:00:00  lr: 0.000082  sp_loss: 4.6664 (4.3358)  fam_loss: 3.2647 (3.0866)  manu_loss: 2.4092 (2.2756)  ot_loss: 0.5973 (0.6012)  base_loss: 5.0598 (4.7957)  time: 0.4058  data: 0.1268  max mem: 11362
Epoch: [64] Total time: 0:00:21 (0.5490 s / it)
Averaged stats: lr: 0.000082  sp_loss: 4.6664 (4.3358)  fam_loss: 3.2647 (3.0866)  manu_loss: 2.4092 (2.2756)  ot_loss: 0.5973 (0.6012)  base_loss: 5.0598 (4.7957)
Test:  [  0/391]  eta: 0:44:15  sploss: 8.1071 (8.1071)  famloss: 3.2750 (3.2750)  manuloss: 1.8405 (1.8405)  acc1: 3.5156 (3.5156)  acc5: 9.3750 (9.3750)  family_acc1: 37.8906 (37.8906)  manu_acc1: 58.2031 (58.2031)  time: 6.7926  data: 6.6826  max mem: 11362
Test:  [ 50/391]  eta: 0:03:07  sploss: 8.2471 (8.2623)  famloss: 3.5578 (3.5621)  manuloss: 2.0328 (2.0750)  acc1: 3.5156 (3.5692)  acc5: 8.2031 (8.6933)  family_acc1: 36.3281 (35.9069)  manu_acc1: 56.2500 (56.1275)  time: 0.4973  data: 0.4027  max mem: 11362
Test:  [100/391]  eta: 0:02:21  sploss: 8.2165 (8.2457)  famloss: 3.6435 (3.5613)  manuloss: 2.0907 (2.0775)  acc1: 3.5156 (3.7013)  acc5: 8.2031 (8.9457)  family_acc1: 34.3750 (35.7828)  manu_acc1: 55.8594 (55.9638)  time: 0.4963  data: 0.4001  max mem: 11362
Test:  [150/391]  eta: 0:01:50  sploss: 8.1648 (8.2344)  famloss: 3.4004 (3.5390)  manuloss: 1.8937 (2.0750)  acc1: 3.5156 (3.8623)  acc5: 8.9844 (9.1499)  family_acc1: 37.8906 (36.1212)  manu_acc1: 58.5938 (55.8542)  time: 0.4608  data: 0.3660  max mem: 11362
Test:  [200/391]  eta: 0:01:23  sploss: 8.2261 (8.2410)  famloss: 3.6771 (3.5712)  manuloss: 2.2159 (2.0923)  acc1: 3.5156 (3.8130)  acc5: 8.9844 (9.1088)  family_acc1: 33.2031 (35.5857)  manu_acc1: 53.1250 (55.5659)  time: 0.2883  data: 0.1942  max mem: 11362
Test:  [250/391]  eta: 0:00:59  sploss: 8.1765 (8.2427)  famloss: 3.5830 (3.5897)  manuloss: 2.1789 (2.1337)  acc1: 3.9062 (3.8144)  acc5: 9.3750 (9.1089)  family_acc1: 33.9844 (35.2029)  manu_acc1: 50.3906 (54.4354)  time: 0.2641  data: 0.1709  max mem: 11362
Test:  [300/391]  eta: 0:00:38  sploss: 8.2251 (8.2321)  famloss: 3.3317 (3.5566)  manuloss: 1.8766 (2.1046)  acc1: 3.5156 (3.8479)  acc5: 8.5938 (9.1245)  family_acc1: 38.2812 (35.5586)  manu_acc1: 57.4219 (54.8290)  time: 0.4186  data: 0.3251  max mem: 11362
Test:  [350/391]  eta: 0:00:17  sploss: 8.2558 (8.2386)  famloss: 3.5061 (3.5447)  manuloss: 2.0049 (2.0859)  acc1: 3.5156 (3.8072)  acc5: 7.8125 (9.0267)  family_acc1: 36.3281 (35.7628)  manu_acc1: 57.4219 (55.2640)  time: 0.4322  data: 0.3373  max mem: 11362
Test:  [390/391]  eta: 0:00:00  sploss: 8.2026 (8.2393)  famloss: 3.3816 (3.5308)  manuloss: 1.6905 (2.0542)  acc1: 3.9062 (3.8270)  acc5: 8.9844 (9.0640)  family_acc1: 39.0625 (36.1020)  manu_acc1: 64.4531 (56.0600)  time: 0.4053  data: 0.3155  max mem: 11362
Test: Total time: 0:02:40 (0.4101 s / it)
* Acc@1 3.827 Acc@5 9.064 family@1 36.102 manu@1 56.060 sploss 8.239 fmloss 3.531 mfloss 2.054
Accuracy of the network on the 100000 test images: 3.8%
Max accuracy: 3.83%
Epoch: [65]  [ 0/39]  eta: 0:04:02  lr: 0.000079  sp_loss: 3.5720 (3.5720)  fam_loss: 2.4748 (2.4748)  manu_loss: 1.8441 (1.8441)  ot_loss: 0.6198 (0.6198)  base_loss: 4.1357 (4.1357)  time: 6.2182  data: 5.8665  max mem: 11362
Epoch: [65]  [38/39]  eta: 0:00:00  lr: 0.000079  sp_loss: 4.8647 (4.4806)  fam_loss: 3.4393 (3.2060)  manu_loss: 2.4818 (2.3382)  ot_loss: 0.5940 (0.5983)  base_loss: 5.2319 (4.9243)  time: 0.3480  data: 0.0708  max mem: 11362
Epoch: [65] Total time: 0:00:19 (0.5097 s / it)
Averaged stats: lr: 0.000079  sp_loss: 4.8647 (4.4806)  fam_loss: 3.4393 (3.2060)  manu_loss: 2.4818 (2.3382)  ot_loss: 0.5940 (0.5983)  base_loss: 5.2319 (4.9243)
Epoch: [66]  [ 0/39]  eta: 0:03:56  lr: 0.000076  sp_loss: 3.4235 (3.4235)  fam_loss: 2.4534 (2.4534)  manu_loss: 1.7662 (1.7662)  ot_loss: 0.6134 (0.6134)  base_loss: 4.0141 (4.0141)  time: 6.0618  data: 5.7143  max mem: 11362
Epoch: [66]  [38/39]  eta: 0:00:00  lr: 0.000076  sp_loss: 4.1864 (4.1129)  fam_loss: 3.0602 (2.9450)  manu_loss: 2.2136 (2.1667)  ot_loss: 0.6033 (0.6050)  base_loss: 4.6516 (4.6097)  time: 0.3472  data: 0.0705  max mem: 11362
Epoch: [66] Total time: 0:00:19 (0.5007 s / it)
Averaged stats: lr: 0.000076  sp_loss: 4.1864 (4.1129)  fam_loss: 3.0602 (2.9450)  manu_loss: 2.2136 (2.1667)  ot_loss: 0.6033 (0.6050)  base_loss: 4.6516 (4.6097)
Test:  [  0/391]  eta: 0:35:50  sploss: 8.0914 (8.0914)  famloss: 3.2204 (3.2204)  manuloss: 1.8655 (1.8655)  acc1: 5.0781 (5.0781)  acc5: 9.3750 (9.3750)  family_acc1: 39.4531 (39.4531)  manu_acc1: 57.0312 (57.0312)  time: 5.4990  data: 5.3882  max mem: 11362
Test:  [ 50/391]  eta: 0:02:46  sploss: 8.2675 (8.2704)  famloss: 3.5452 (3.5250)  manuloss: 2.0213 (2.0560)  acc1: 3.1250 (3.8220)  acc5: 8.2031 (8.7240)  family_acc1: 36.7188 (36.1366)  manu_acc1: 58.2031 (56.8091)  time: 0.4405  data: 0.3457  max mem: 11362
Test:  [100/391]  eta: 0:02:03  sploss: 8.2422 (8.2546)  famloss: 3.6003 (3.5250)  manuloss: 2.0789 (2.0627)  acc1: 3.5156 (3.8018)  acc5: 8.2031 (8.8993)  family_acc1: 34.7656 (35.9723)  manu_acc1: 55.8594 (56.3390)  time: 0.4337  data: 0.3388  max mem: 11362
Test:  [150/391]  eta: 0:01:37  sploss: 8.1582 (8.2416)  famloss: 3.3338 (3.5052)  manuloss: 1.8921 (2.0641)  acc1: 3.9062 (3.9269)  acc5: 8.5938 (9.0879)  family_acc1: 38.2812 (36.2790)  manu_acc1: 58.9844 (56.1698)  time: 0.4305  data: 0.3354  max mem: 11362
Test:  [200/391]  eta: 0:01:15  sploss: 8.2206 (8.2483)  famloss: 3.6076 (3.5353)  manuloss: 2.2037 (2.0782)  acc1: 3.1250 (3.8518)  acc5: 8.5938 (9.0854)  family_acc1: 33.5938 (35.8967)  manu_acc1: 53.9062 (55.9041)  time: 0.2977  data: 0.2032  max mem: 11362
Test:  [250/391]  eta: 0:00:55  sploss: 8.1824 (8.2483)  famloss: 3.5654 (3.5539)  manuloss: 2.2036 (2.1207)  acc1: 3.9062 (3.8502)  acc5: 9.7656 (9.1042)  family_acc1: 34.3750 (35.4084)  manu_acc1: 52.3438 (54.8338)  time: 0.2768  data: 0.1829  max mem: 11362
Test:  [300/391]  eta: 0:00:36  sploss: 8.2141 (8.2370)  famloss: 3.3183 (3.5218)  manuloss: 1.8649 (2.0945)  acc1: 3.5156 (3.8933)  acc5: 8.5938 (9.1116)  family_acc1: 39.0625 (35.8298)  manu_acc1: 58.9844 (55.2845)  time: 0.4006  data: 0.3062  max mem: 11362
Test:  [350/391]  eta: 0:00:16  sploss: 8.2582 (8.2436)  famloss: 3.4676 (3.5114)  manuloss: 1.9734 (2.0772)  acc1: 3.5156 (3.8562)  acc5: 8.2031 (9.0144)  family_acc1: 37.1094 (36.0187)  manu_acc1: 56.6406 (55.6568)  time: 0.4069  data: 0.3127  max mem: 11362
Test:  [390/391]  eta: 0:00:00  sploss: 8.2145 (8.2437)  famloss: 3.3156 (3.4956)  manuloss: 1.6844 (2.0451)  acc1: 4.6875 (3.8740)  acc5: 9.7656 (9.0920)  family_acc1: 38.6719 (36.3710)  manu_acc1: 64.0625 (56.4060)  time: 0.4173  data: 0.3258  max mem: 11362
Test: Total time: 0:02:32 (0.3904 s / it)
* Acc@1 3.874 Acc@5 9.092 family@1 36.371 manu@1 56.406 sploss 8.244 fmloss 3.496 mfloss 2.045
Accuracy of the network on the 100000 test images: 3.9%
Max accuracy: 3.87%
Epoch: [67]  [ 0/39]  eta: 0:03:54  lr: 0.000072  sp_loss: 4.7543 (4.7543)  fam_loss: 3.4561 (3.4561)  manu_loss: 2.6019 (2.6019)  ot_loss: 0.5949 (0.5949)  base_loss: 5.1941 (5.1941)  time: 6.0221  data: 5.6723  max mem: 11362
Epoch: [67]  [38/39]  eta: 0:00:00  lr: 0.000072  sp_loss: 4.8539 (4.3266)  fam_loss: 3.5370 (3.0980)  manu_loss: 2.5285 (2.2833)  ot_loss: 0.5935 (0.6007)  base_loss: 5.2520 (4.7946)  time: 0.3651  data: 0.0886  max mem: 11362
Epoch: [67] Total time: 0:00:19 (0.5034 s / it)
Averaged stats: lr: 0.000072  sp_loss: 4.8539 (4.3266)  fam_loss: 3.5370 (3.0980)  manu_loss: 2.5285 (2.2833)  ot_loss: 0.5935 (0.6007)  base_loss: 5.2520 (4.7946)
Epoch: [68]  [ 0/39]  eta: 0:03:58  lr: 0.000069  sp_loss: 2.8654 (2.8654)  fam_loss: 2.0345 (2.0345)  manu_loss: 1.5429 (1.5429)  ot_loss: 0.6191 (0.6191)  base_loss: 3.5376 (3.5376)  time: 6.1273  data: 5.7854  max mem: 11362
Epoch: [68]  [38/39]  eta: 0:00:00  lr: 0.000069  sp_loss: 4.7525 (4.4256)  fam_loss: 3.3285 (3.1826)  manu_loss: 2.3866 (2.3283)  ot_loss: 0.5952 (0.6003)  base_loss: 5.1641 (4.8807)  time: 0.3592  data: 0.0842  max mem: 11362
Epoch: [68] Total time: 0:00:19 (0.5043 s / it)
Averaged stats: lr: 0.000069  sp_loss: 4.7525 (4.4256)  fam_loss: 3.3285 (3.1826)  manu_loss: 2.3866 (2.3283)  ot_loss: 0.5952 (0.6003)  base_loss: 5.1641 (4.8807)
Test:  [  0/391]  eta: 0:34:54  sploss: 8.1046 (8.1046)  famloss: 3.2247 (3.2247)  manuloss: 1.8425 (1.8425)  acc1: 3.1250 (3.1250)  acc5: 9.3750 (9.3750)  family_acc1: 39.0625 (39.0625)  manu_acc1: 59.3750 (59.3750)  time: 5.3556  data: 5.2449  max mem: 11362
Test:  [ 50/391]  eta: 0:02:44  sploss: 8.2554 (8.2675)  famloss: 3.4961 (3.4882)  manuloss: 1.9928 (2.0392)  acc1: 3.5156 (3.7760)  acc5: 8.5938 (8.9001)  family_acc1: 36.3281 (36.3511)  manu_acc1: 58.9844 (57.0849)  time: 0.4510  data: 0.3566  max mem: 11362
Test:  [100/391]  eta: 0:02:03  sploss: 8.2318 (8.2512)  famloss: 3.5988 (3.4881)  manuloss: 2.0611 (2.0459)  acc1: 3.5156 (3.8444)  acc5: 8.9844 (9.0308)  family_acc1: 34.7656 (36.1696)  manu_acc1: 56.2500 (56.5323)  time: 0.4234  data: 0.3280  max mem: 11362
Test:  [150/391]  eta: 0:01:37  sploss: 8.1745 (8.2382)  famloss: 3.3049 (3.4670)  manuloss: 1.8572 (2.0464)  acc1: 3.9062 (3.9657)  acc5: 8.9844 (9.2560)  family_acc1: 38.2812 (36.4678)  manu_acc1: 58.9844 (56.3250)  time: 0.4403  data: 0.3461  max mem: 11362
Test:  [200/391]  eta: 0:01:15  sploss: 8.2393 (8.2453)  famloss: 3.5766 (3.4984)  manuloss: 2.1924 (2.0636)  acc1: 3.5156 (3.9199)  acc5: 8.5938 (9.2020)  family_acc1: 34.7656 (36.0288)  manu_acc1: 54.2969 (55.9604)  time: 0.2634  data: 0.1689  max mem: 11362
Test:  [250/391]  eta: 0:00:55  sploss: 8.1893 (8.2475)  famloss: 3.5301 (3.5187)  manuloss: 2.1922 (2.1051)  acc1: 3.9062 (3.9483)  acc5: 9.7656 (9.2583)  family_acc1: 34.7656 (35.6154)  manu_acc1: 51.5625 (54.8960)  time: 0.2692  data: 0.1761  max mem: 11362
Test:  [300/391]  eta: 0:00:36  sploss: 8.2158 (8.2362)  famloss: 3.2701 (3.4862)  manuloss: 1.8571 (2.0772)  acc1: 3.5156 (3.9659)  acc5: 8.9844 (9.2842)  family_acc1: 38.2812 (36.0257)  manu_acc1: 58.9844 (55.3545)  time: 0.4333  data: 0.3392  max mem: 11362
Test:  [350/391]  eta: 0:00:16  sploss: 8.2675 (8.2425)  famloss: 3.4229 (3.4748)  manuloss: 1.9433 (2.0587)  acc1: 3.1250 (3.9185)  acc5: 8.2031 (9.1713)  family_acc1: 36.7188 (36.2135)  manu_acc1: 57.4219 (55.7514)  time: 0.4287  data: 0.3344  max mem: 11362
Test:  [390/391]  eta: 0:00:00  sploss: 8.2254 (8.2434)  famloss: 3.3180 (3.4603)  manuloss: 1.6854 (2.0276)  acc1: 3.9062 (3.9440)  acc5: 9.7656 (9.2030)  family_acc1: 39.4531 (36.5510)  manu_acc1: 64.4531 (56.5060)  time: 0.4165  data: 0.3255  max mem: 11362
Test: Total time: 0:02:31 (0.3880 s / it)
* Acc@1 3.944 Acc@5 9.203 family@1 36.551 manu@1 56.506 sploss 8.243 fmloss 3.460 mfloss 2.028
Accuracy of the network on the 100000 test images: 3.9%
Max accuracy: 3.94%
Epoch: [69]  [ 0/39]  eta: 0:03:49  lr: 0.000066  sp_loss: 3.7243 (3.7243)  fam_loss: 2.6122 (2.6122)  manu_loss: 1.9540 (1.9540)  ot_loss: 0.6120 (0.6120)  base_loss: 4.2617 (4.2617)  time: 5.8741  data: 5.5270  max mem: 11362
Epoch: [69]  [38/39]  eta: 0:00:00  lr: 0.000066  sp_loss: 4.5592 (4.3903)  fam_loss: 3.3362 (3.1786)  manu_loss: 2.4234 (2.3317)  ot_loss: 0.5976 (0.6008)  base_loss: 5.0291 (4.8629)  time: 0.3535  data: 0.0749  max mem: 11362
Epoch: [69] Total time: 0:00:19 (0.5028 s / it)
Averaged stats: lr: 0.000066  sp_loss: 4.5592 (4.3903)  fam_loss: 3.3362 (3.1786)  manu_loss: 2.4234 (2.3317)  ot_loss: 0.5976 (0.6008)  base_loss: 5.0291 (4.8629)
Epoch: [70]  [ 0/39]  eta: 0:03:48  lr: 0.000063  sp_loss: 3.8456 (3.8456)  fam_loss: 2.7511 (2.7511)  manu_loss: 2.1147 (2.1147)  ot_loss: 0.6148 (0.6148)  base_loss: 4.3879 (4.3879)  time: 5.8588  data: 5.5165  max mem: 11362
Epoch: [70]  [38/39]  eta: 0:00:00  lr: 0.000063  sp_loss: 4.3879 (4.0399)  fam_loss: 3.1718 (2.8988)  manu_loss: 2.3139 (2.1326)  ot_loss: 0.5985 (0.6044)  base_loss: 4.9149 (4.5456)  time: 0.3412  data: 0.0645  max mem: 11362
Epoch: [70] Total time: 0:00:19 (0.4962 s / it)
Averaged stats: lr: 0.000063  sp_loss: 4.3879 (4.0399)  fam_loss: 3.1718 (2.8988)  manu_loss: 2.3139 (2.1326)  ot_loss: 0.5985 (0.6044)  base_loss: 4.9149 (4.5456)
Test:  [  0/391]  eta: 0:37:38  sploss: 8.1100 (8.1100)  famloss: 3.2063 (3.2063)  manuloss: 1.7916 (1.7916)  acc1: 3.5156 (3.5156)  acc5: 9.3750 (9.3750)  family_acc1: 41.4062 (41.4062)  manu_acc1: 59.3750 (59.3750)  time: 5.7753  data: 5.6638  max mem: 11362
Test:  [ 50/391]  eta: 0:02:46  sploss: 8.2683 (8.2840)  famloss: 3.5051 (3.4899)  manuloss: 1.9842 (2.0267)  acc1: 3.5156 (3.7224)  acc5: 8.5938 (8.9001)  family_acc1: 36.7188 (36.7188)  manu_acc1: 57.4219 (57.0849)  time: 0.4478  data: 0.3530  max mem: 11362
Test:  [100/391]  eta: 0:02:04  sploss: 8.2356 (8.2646)  famloss: 3.5623 (3.4893)  manuloss: 2.0341 (2.0331)  acc1: 3.9062 (3.8482)  acc5: 8.5938 (9.0385)  family_acc1: 35.1562 (36.4596)  manu_acc1: 55.4688 (56.5710)  time: 0.4363  data: 0.3392  max mem: 11362
Test:  [150/391]  eta: 0:01:38  sploss: 8.1948 (8.2529)  famloss: 3.2866 (3.4676)  manuloss: 1.8843 (2.0327)  acc1: 3.5156 (4.0123)  acc5: 9.3750 (9.2870)  family_acc1: 38.2812 (36.7265)  manu_acc1: 58.9844 (56.3949)  time: 0.4409  data: 0.3454  max mem: 11362
Test:  [200/391]  eta: 0:01:16  sploss: 8.2415 (8.2598)  famloss: 3.5547 (3.4977)  manuloss: 2.1748 (2.0464)  acc1: 3.5156 (3.9529)  acc5: 8.9844 (9.2079)  family_acc1: 33.9844 (36.2640)  manu_acc1: 54.2969 (56.1703)  time: 0.2785  data: 0.1840  max mem: 11362
Test:  [250/391]  eta: 0:00:55  sploss: 8.1969 (8.2612)  famloss: 3.5347 (3.5174)  manuloss: 2.2002 (2.0897)  acc1: 3.9062 (3.9483)  acc5: 9.7656 (9.2505)  family_acc1: 35.5469 (35.8768)  manu_acc1: 51.5625 (55.0688)  time: 0.2592  data: 0.1656  max mem: 11362
Test:  [300/391]  eta: 0:00:36  sploss: 8.2249 (8.2498)  famloss: 3.3071 (3.4854)  manuloss: 1.8209 (2.0612)  acc1: 3.5156 (3.9867)  acc5: 8.5938 (9.2647)  family_acc1: 39.8438 (36.2840)  manu_acc1: 58.9844 (55.5271)  time: 0.4109  data: 0.3172  max mem: 11362
Test:  [350/391]  eta: 0:00:16  sploss: 8.2841 (8.2562)  famloss: 3.4338 (3.4751)  manuloss: 1.9406 (2.0429)  acc1: 3.5156 (3.9430)  acc5: 8.2031 (9.1435)  family_acc1: 36.7188 (36.4739)  manu_acc1: 56.6406 (55.9484)  time: 0.4348  data: 0.3391  max mem: 11362
Test:  [390/391]  eta: 0:00:00  sploss: 8.2434 (8.2566)  famloss: 3.3181 (3.4599)  manuloss: 1.6913 (2.0105)  acc1: 4.2969 (3.9670)  acc5: 9.3750 (9.1940)  family_acc1: 39.4531 (36.8060)  manu_acc1: 65.2344 (56.7350)  time: 0.4093  data: 0.3194  max mem: 11362
Test: Total time: 0:02:32 (0.3894 s / it)
* Acc@1 3.967 Acc@5 9.194 family@1 36.806 manu@1 56.735 sploss 8.257 fmloss 3.460 mfloss 2.010
Accuracy of the network on the 100000 test images: 4.0%
Max accuracy: 3.97%
Epoch: [71]  [ 0/39]  eta: 0:03:50  lr: 0.000059  sp_loss: 5.4076 (5.4076)  fam_loss: 3.7574 (3.7574)  manu_loss: 2.7119 (2.7119)  ot_loss: 0.5872 (0.5872)  base_loss: 5.6720 (5.6720)  time: 5.9028  data: 5.5496  max mem: 11362
Epoch: [71]  [38/39]  eta: 0:00:00  lr: 0.000059  sp_loss: 4.3832 (4.0764)  fam_loss: 3.1664 (2.9263)  manu_loss: 2.3393 (2.1550)  ot_loss: 0.5990 (0.6040)  base_loss: 4.8646 (4.5814)  time: 0.3696  data: 0.0898  max mem: 11362
Epoch: [71] Total time: 0:00:19 (0.5072 s / it)
Averaged stats: lr: 0.000059  sp_loss: 4.3832 (4.0764)  fam_loss: 3.1664 (2.9263)  manu_loss: 2.3393 (2.1550)  ot_loss: 0.5990 (0.6040)  base_loss: 4.8646 (4.5814)
Epoch: [72]  [ 0/39]  eta: 0:03:42  lr: 0.000056  sp_loss: 4.3680 (4.3680)  fam_loss: 3.2307 (3.2307)  manu_loss: 2.3112 (2.3112)  ot_loss: 0.6021 (0.6021)  base_loss: 4.8664 (4.8664)  time: 5.7072  data: 5.3587  max mem: 11362
Epoch: [72]  [38/39]  eta: 0:00:00  lr: 0.000056  sp_loss: 3.8907 (4.0379)  fam_loss: 2.8589 (2.8996)  manu_loss: 2.1327 (2.1428)  ot_loss: 0.6017 (0.6041)  base_loss: 4.4497 (4.5486)  time: 0.3502  data: 0.0718  max mem: 11362
Epoch: [72] Total time: 0:00:19 (0.5014 s / it)
Averaged stats: lr: 0.000056  sp_loss: 3.8907 (4.0379)  fam_loss: 2.8589 (2.8996)  manu_loss: 2.1327 (2.1428)  ot_loss: 0.6017 (0.6041)  base_loss: 4.4497 (4.5486)
Test:  [  0/391]  eta: 0:36:32  sploss: 8.1122 (8.1122)  famloss: 3.2289 (3.2289)  manuloss: 1.8044 (1.8044)  acc1: 3.9062 (3.9062)  acc5: 9.3750 (9.3750)  family_acc1: 37.5000 (37.5000)  manu_acc1: 59.7656 (59.7656)  time: 5.6068  data: 5.4949  max mem: 11362
Test:  [ 50/391]  eta: 0:02:44  sploss: 8.2585 (8.2732)  famloss: 3.5163 (3.4974)  manuloss: 2.0247 (2.0404)  acc1: 3.5156 (3.8143)  acc5: 8.5938 (9.0763)  family_acc1: 37.1094 (36.5962)  manu_acc1: 57.8125 (56.9776)  time: 0.4258  data: 0.3299  max mem: 11362
Test:  [100/391]  eta: 0:02:04  sploss: 8.2321 (8.2535)  famloss: 3.5833 (3.4972)  manuloss: 2.0804 (2.0459)  acc1: 3.5156 (3.8753)  acc5: 8.5938 (9.2319)  family_acc1: 35.9375 (36.5408)  manu_acc1: 57.4219 (56.6368)  time: 0.4435  data: 0.3476  max mem: 11362
Test:  [150/391]  eta: 0:01:37  sploss: 8.1751 (8.2408)  famloss: 3.3286 (3.4763)  manuloss: 1.8583 (2.0453)  acc1: 3.9062 (4.0434)  acc5: 9.7656 (9.4862)  family_acc1: 38.6719 (36.7653)  manu_acc1: 59.7656 (56.4673)  time: 0.4224  data: 0.3287  max mem: 11362
Test:  [200/391]  eta: 0:01:15  sploss: 8.2464 (8.2480)  famloss: 3.5761 (3.5073)  manuloss: 2.1813 (2.0600)  acc1: 3.5156 (3.9937)  acc5: 9.3750 (9.4391)  family_acc1: 34.3750 (36.3029)  manu_acc1: 54.2969 (56.2364)  time: 0.2904  data: 0.1945  max mem: 11362
Test:  [250/391]  eta: 0:00:55  sploss: 8.1869 (8.2498)  famloss: 3.5392 (3.5262)  manuloss: 2.2281 (2.1028)  acc1: 3.9062 (3.9825)  acc5: 9.7656 (9.4092)  family_acc1: 35.1562 (35.8737)  manu_acc1: 52.3438 (55.1015)  time: 0.2718  data: 0.1786  max mem: 11362
Test:  [300/391]  eta: 0:00:36  sploss: 8.2126 (8.2384)  famloss: 3.3054 (3.4942)  manuloss: 1.8562 (2.0754)  acc1: 3.5156 (4.0114)  acc5: 8.9844 (9.4295)  family_acc1: 40.2344 (36.2606)  manu_acc1: 59.3750 (55.5492)  time: 0.4080  data: 0.3140  max mem: 11362
Test:  [350/391]  eta: 0:00:16  sploss: 8.2713 (8.2451)  famloss: 3.4446 (3.4822)  manuloss: 1.9474 (2.0558)  acc1: 3.5156 (3.9719)  acc5: 8.5938 (9.3238)  family_acc1: 36.3281 (36.4850)  manu_acc1: 57.0312 (55.9974)  time: 0.4304  data: 0.3346  max mem: 11362
Test:  [390/391]  eta: 0:00:00  sploss: 8.2069 (8.2453)  famloss: 3.3321 (3.4671)  manuloss: 1.6715 (2.0237)  acc1: 3.9062 (3.9990)  acc5: 9.3750 (9.3600)  family_acc1: 39.8438 (36.8350)  manu_acc1: 65.2344 (56.7760)  time: 0.4145  data: 0.3225  max mem: 11362
Test: Total time: 0:02:31 (0.3886 s / it)
* Acc@1 3.999 Acc@5 9.360 family@1 36.835 manu@1 56.776 sploss 8.245 fmloss 3.467 mfloss 2.024
Accuracy of the network on the 100000 test images: 4.0%
Max accuracy: 4.00%
Epoch: [73]  [ 0/39]  eta: 0:03:36  lr: 0.000054  sp_loss: 3.5412 (3.5412)  fam_loss: 2.4860 (2.4860)  manu_loss: 1.8271 (1.8271)  ot_loss: 0.6124 (0.6124)  base_loss: 4.0923 (4.0923)  time: 5.5428  data: 5.1966  max mem: 11362
Epoch: [73]  [38/39]  eta: 0:00:00  lr: 0.000054  sp_loss: 3.7723 (3.7907)  fam_loss: 2.6895 (2.6932)  manu_loss: 2.0387 (1.9974)  ot_loss: 0.6054 (0.6075)  base_loss: 4.3116 (4.3238)  time: 0.3585  data: 0.0818  max mem: 11362
Epoch: [73] Total time: 0:00:19 (0.4970 s / it)
Averaged stats: lr: 0.000054  sp_loss: 3.7723 (3.7907)  fam_loss: 2.6895 (2.6932)  manu_loss: 2.0387 (1.9974)  ot_loss: 0.6054 (0.6075)  base_loss: 4.3116 (4.3238)
Epoch: [74]  [ 0/39]  eta: 0:03:49  lr: 0.000051  sp_loss: 2.5580 (2.5580)  fam_loss: 1.8424 (1.8424)  manu_loss: 1.4634 (1.4634)  ot_loss: 0.6224 (0.6224)  base_loss: 3.2875 (3.2875)  time: 5.8814  data: 5.5174  max mem: 11362
Epoch: [74]  [38/39]  eta: 0:00:00  lr: 0.000051  sp_loss: 4.2167 (4.0405)  fam_loss: 2.9767 (2.8857)  manu_loss: 2.1629 (2.1324)  ot_loss: 0.6023 (0.6031)  base_loss: 4.6884 (4.5439)  time: 0.3567  data: 0.0793  max mem: 11362
Epoch: [74] Total time: 0:00:19 (0.5047 s / it)
Averaged stats: lr: 0.000051  sp_loss: 4.2167 (4.0405)  fam_loss: 2.9767 (2.8857)  manu_loss: 2.1629 (2.1324)  ot_loss: 0.6023 (0.6031)  base_loss: 4.6884 (4.5439)
Test:  [  0/391]  eta: 0:35:26  sploss: 8.1320 (8.1320)  famloss: 3.2188 (3.2188)  manuloss: 1.8090 (1.8090)  acc1: 3.5156 (3.5156)  acc5: 9.7656 (9.7656)  family_acc1: 40.2344 (40.2344)  manu_acc1: 62.1094 (62.1094)  time: 5.4374  data: 5.3277  max mem: 11362
Test:  [ 50/391]  eta: 0:02:46  sploss: 8.2780 (8.2924)  famloss: 3.5229 (3.5127)  manuloss: 2.0066 (2.0429)  acc1: 3.5156 (3.8986)  acc5: 8.2031 (8.7393)  family_acc1: 36.7188 (36.6881)  manu_acc1: 58.2031 (56.9317)  time: 0.4451  data: 0.3474  max mem: 11362
Test:  [100/391]  eta: 0:02:04  sploss: 8.2443 (8.2716)  famloss: 3.5947 (3.5117)  manuloss: 2.0648 (2.0516)  acc1: 3.5156 (3.8792)  acc5: 8.5938 (8.9766)  family_acc1: 35.1562 (36.4983)  manu_acc1: 56.6406 (56.5826)  time: 0.4365  data: 0.3417  max mem: 11362
Test:  [150/391]  eta: 0:01:38  sploss: 8.1905 (8.2600)  famloss: 3.3374 (3.4910)  manuloss: 1.8580 (2.0519)  acc1: 3.5156 (4.0046)  acc5: 9.7656 (9.2146)  family_acc1: 39.0625 (36.7291)  manu_acc1: 58.9844 (56.3173)  time: 0.4402  data: 0.3450  max mem: 11362
Test:  [200/391]  eta: 0:01:15  sploss: 8.2593 (8.2663)  famloss: 3.5756 (3.5218)  manuloss: 2.1771 (2.0682)  acc1: 3.5156 (3.9568)  acc5: 8.9844 (9.2137)  family_acc1: 33.5938 (36.2795)  manu_acc1: 55.4688 (56.1101)  time: 0.2852  data: 0.1917  max mem: 11362
Test:  [250/391]  eta: 0:00:55  sploss: 8.2035 (8.2680)  famloss: 3.5490 (3.5418)  manuloss: 2.1995 (2.1126)  acc1: 3.5156 (3.9389)  acc5: 8.5938 (9.1976)  family_acc1: 35.5469 (35.8721)  manu_acc1: 51.1719 (54.9225)  time: 0.2655  data: 0.1731  max mem: 11362
Test:  [300/391]  eta: 0:00:36  sploss: 8.2192 (8.2568)  famloss: 3.3150 (3.5098)  manuloss: 1.8481 (2.0848)  acc1: 3.5156 (3.9854)  acc5: 8.5938 (9.2335)  family_acc1: 38.6719 (36.2529)  manu_acc1: 58.5938 (55.4194)  time: 0.3867  data: 0.2933  max mem: 11362
Test:  [350/391]  eta: 0:00:16  sploss: 8.2901 (8.2631)  famloss: 3.4706 (3.4983)  manuloss: 1.9129 (2.0660)  acc1: 3.5156 (3.9485)  acc5: 8.5938 (9.1446)  family_acc1: 36.7188 (36.4494)  manu_acc1: 56.2500 (55.8304)  time: 0.4406  data: 0.3459  max mem: 11362
Test:  [390/391]  eta: 0:00:00  sploss: 8.2265 (8.2634)  famloss: 3.3344 (3.4837)  manuloss: 1.6966 (2.0338)  acc1: 4.3750 (3.9730)  acc5: 9.3750 (9.2100)  family_acc1: 39.0625 (36.7820)  manu_acc1: 64.0625 (56.6000)  time: 0.3982  data: 0.3082  max mem: 11362
Test: Total time: 0:02:31 (0.3885 s / it)
* Acc@1 3.973 Acc@5 9.210 family@1 36.782 manu@1 56.600 sploss 8.263 fmloss 3.484 mfloss 2.034
Accuracy of the network on the 100000 test images: 4.0%
Max accuracy: 4.00%
Epoch: [75]  [ 0/39]  eta: 0:03:52  lr: 0.000048  sp_loss: 4.6683 (4.6683)  fam_loss: 3.3516 (3.3516)  manu_loss: 2.4054 (2.4054)  ot_loss: 0.5959 (0.5959)  base_loss: 5.0793 (5.0793)  time: 5.9629  data: 5.6197  max mem: 11362
Epoch: [75]  [38/39]  eta: 0:00:00  lr: 0.000048  sp_loss: 4.0353 (4.1818)  fam_loss: 2.8920 (2.9891)  manu_loss: 2.1100 (2.2007)  ot_loss: 0.6050 (0.6021)  base_loss: 4.5340 (4.6658)  time: 0.3482  data: 0.0734  max mem: 11362
Epoch: [75] Total time: 0:00:19 (0.5068 s / it)
Averaged stats: lr: 0.000048  sp_loss: 4.0353 (4.1818)  fam_loss: 2.8920 (2.9891)  manu_loss: 2.1100 (2.2007)  ot_loss: 0.6050 (0.6021)  base_loss: 4.5340 (4.6658)
Epoch: [76]  [ 0/39]  eta: 0:04:00  lr: 0.000045  sp_loss: 3.2064 (3.2064)  fam_loss: 2.2835 (2.2835)  manu_loss: 1.7683 (1.7683)  ot_loss: 0.6123 (0.6123)  base_loss: 3.8227 (3.8227)  time: 6.1590  data: 5.8126  max mem: 11362
Epoch: [76]  [38/39]  eta: 0:00:00  lr: 0.000045  sp_loss: 4.7307 (4.1546)  fam_loss: 3.3094 (2.9686)  manu_loss: 2.3675 (2.1831)  ot_loss: 0.5997 (0.6019)  base_loss: 5.1268 (4.6404)  time: 0.3643  data: 0.0883  max mem: 11362
Epoch: [76] Total time: 0:00:19 (0.5076 s / it)
Averaged stats: lr: 0.000045  sp_loss: 4.7307 (4.1546)  fam_loss: 3.3094 (2.9686)  manu_loss: 2.3675 (2.1831)  ot_loss: 0.5997 (0.6019)  base_loss: 5.1268 (4.6404)
Test:  [  0/391]  eta: 0:36:20  sploss: 8.1095 (8.1095)  famloss: 3.2373 (3.2373)  manuloss: 1.8523 (1.8523)  acc1: 3.9062 (3.9062)  acc5: 9.3750 (9.3750)  family_acc1: 37.5000 (37.5000)  manu_acc1: 58.9844 (58.9844)  time: 5.5755  data: 5.4656  max mem: 11362
Test:  [ 50/391]  eta: 0:02:45  sploss: 8.2691 (8.2777)  famloss: 3.5425 (3.5273)  manuloss: 2.0455 (2.0677)  acc1: 3.1250 (3.9139)  acc5: 8.9844 (8.9537)  family_acc1: 36.7188 (36.3205)  manu_acc1: 57.8125 (56.6866)  time: 0.4427  data: 0.3492  max mem: 11362
Test:  [100/391]  eta: 0:02:04  sploss: 8.2445 (8.2590)  famloss: 3.5984 (3.5286)  manuloss: 2.1025 (2.0732)  acc1: 3.5156 (3.8753)  acc5: 8.5938 (9.0617)  family_acc1: 34.7656 (36.1696)  manu_acc1: 56.2500 (56.3003)  time: 0.4321  data: 0.3363  max mem: 11362
Test:  [150/391]  eta: 0:01:38  sploss: 8.1867 (8.2480)  famloss: 3.3589 (3.5086)  manuloss: 1.8817 (2.0730)  acc1: 3.9062 (4.0666)  acc5: 8.9844 (9.2689)  family_acc1: 38.2812 (36.4057)  manu_acc1: 60.1562 (56.0844)  time: 0.4444  data: 0.3481  max mem: 11362
Test:  [200/391]  eta: 0:01:16  sploss: 8.2509 (8.2557)  famloss: 3.6187 (3.5408)  manuloss: 2.2049 (2.0903)  acc1: 3.9062 (4.0073)  acc5: 8.9844 (9.2254)  family_acc1: 33.5938 (35.8967)  manu_acc1: 53.5156 (55.7991)  time: 0.2683  data: 0.1738  max mem: 11362
Test:  [250/391]  eta: 0:00:55  sploss: 8.1957 (8.2570)  famloss: 3.5614 (3.5615)  manuloss: 2.2308 (2.1331)  acc1: 3.9062 (3.9887)  acc5: 9.3750 (9.2396)  family_acc1: 35.1562 (35.5126)  manu_acc1: 51.9531 (54.6859)  time: 0.2726  data: 0.1796  max mem: 11362
Test:  [300/391]  eta: 0:00:36  sploss: 8.2222 (8.2466)  famloss: 3.3168 (3.5291)  manuloss: 1.8843 (2.1057)  acc1: 3.9062 (4.0282)  acc5: 8.5938 (9.2517)  family_acc1: 38.2812 (35.8739)  manu_acc1: 58.5938 (55.1197)  time: 0.4302  data: 0.3361  max mem: 11362
Test:  [350/391]  eta: 0:00:16  sploss: 8.2847 (8.2532)  famloss: 3.4943 (3.5179)  manuloss: 1.9722 (2.0883)  acc1: 3.5156 (3.9752)  acc5: 8.2031 (9.1291)  family_acc1: 36.3281 (36.0288)  manu_acc1: 56.6406 (55.5244)  time: 0.4399  data: 0.3405  max mem: 11362
Test:  [390/391]  eta: 0:00:00  sploss: 8.2212 (8.2536)  famloss: 3.3676 (3.5026)  manuloss: 1.7124 (2.0560)  acc1: 4.2969 (4.0170)  acc5: 9.7656 (9.1780)  family_acc1: 38.6719 (36.3500)  manu_acc1: 64.4531 (56.3240)  time: 0.4016  data: 0.3099  max mem: 11362
Test: Total time: 0:02:32 (0.3902 s / it)
* Acc@1 4.017 Acc@5 9.178 family@1 36.350 manu@1 56.324 sploss 8.254 fmloss 3.503 mfloss 2.056
Accuracy of the network on the 100000 test images: 4.0%
Max accuracy: 4.02%
Epoch: [77]  [ 0/39]  eta: 0:03:41  lr: 0.000043  sp_loss: 3.0821 (3.0821)  fam_loss: 2.3093 (2.3093)  manu_loss: 1.7852 (1.7852)  ot_loss: 0.6135 (0.6135)  base_loss: 3.7630 (3.7630)  time: 5.6787  data: 5.3348  max mem: 11362
Epoch: [77]  [38/39]  eta: 0:00:00  lr: 0.000043  sp_loss: 4.1486 (4.0130)  fam_loss: 2.9884 (2.8635)  manu_loss: 2.2689 (2.1157)  ot_loss: 0.6005 (0.6037)  base_loss: 4.6656 (4.5184)  time: 0.3615  data: 0.0839  max mem: 11362
Epoch: [77] Total time: 0:00:19 (0.5055 s / it)
Averaged stats: lr: 0.000043  sp_loss: 4.1486 (4.0130)  fam_loss: 2.9884 (2.8635)  manu_loss: 2.2689 (2.1157)  ot_loss: 0.6005 (0.6037)  base_loss: 4.6656 (4.5184)
Epoch: [78]  [ 0/39]  eta: 0:03:44  lr: 0.000040  sp_loss: 4.3179 (4.3179)  fam_loss: 3.1295 (3.1295)  manu_loss: 2.2721 (2.2721)  ot_loss: 0.6057 (0.6057)  base_loss: 4.7966 (4.7966)  time: 5.7465  data: 5.3990  max mem: 11362
Epoch: [78]  [38/39]  eta: 0:00:00  lr: 0.000040  sp_loss: 3.9579 (3.9790)  fam_loss: 2.8334 (2.8583)  manu_loss: 2.0242 (2.0990)  ot_loss: 0.6033 (0.6049)  base_loss: 4.4622 (4.4944)  time: 0.3681  data: 0.0905  max mem: 11362
Epoch: [78] Total time: 0:00:19 (0.5014 s / it)
Averaged stats: lr: 0.000040  sp_loss: 3.9579 (3.9790)  fam_loss: 2.8334 (2.8583)  manu_loss: 2.0242 (2.0990)  ot_loss: 0.6033 (0.6049)  base_loss: 4.4622 (4.4944)
Test:  [  0/391]  eta: 0:37:01  sploss: 8.1422 (8.1422)  famloss: 3.1792 (3.1792)  manuloss: 1.8039 (1.8039)  acc1: 3.1250 (3.1250)  acc5: 9.3750 (9.3750)  family_acc1: 38.6719 (38.6719)  manu_acc1: 61.3281 (61.3281)  time: 5.6821  data: 5.5676  max mem: 11362
Test:  [ 50/391]  eta: 0:02:45  sploss: 8.2810 (8.2898)  famloss: 3.4864 (3.4747)  manuloss: 1.9567 (2.0271)  acc1: 3.5156 (3.8220)  acc5: 8.9844 (9.1376)  family_acc1: 37.8906 (36.9102)  manu_acc1: 58.2031 (57.1998)  time: 0.4445  data: 0.3508  max mem: 11362
Test:  [100/391]  eta: 0:02:04  sploss: 8.2456 (8.2671)  famloss: 3.5668 (3.4737)  manuloss: 2.0469 (2.0358)  acc1: 3.5156 (3.8792)  acc5: 9.3750 (9.2667)  family_acc1: 35.1562 (36.6105)  manu_acc1: 55.8594 (56.7489)  time: 0.4412  data: 0.3476  max mem: 11362
Test:  [150/391]  eta: 0:01:38  sploss: 8.1860 (8.2543)  famloss: 3.3170 (3.4544)  manuloss: 1.8554 (2.0375)  acc1: 3.5156 (4.0511)  acc5: 9.3750 (9.4837)  family_acc1: 38.2812 (36.8481)  manu_acc1: 59.3750 (56.5139)  time: 0.4316  data: 0.3380  max mem: 11362
Test:  [200/391]  eta: 0:01:15  sploss: 8.2434 (8.2608)  famloss: 3.5719 (3.4848)  manuloss: 2.1572 (2.0519)  acc1: 3.5156 (4.0170)  acc5: 9.3750 (9.4411)  family_acc1: 34.3750 (36.4234)  manu_acc1: 54.6875 (56.2267)  time: 0.3155  data: 0.2222  max mem: 11362
Test:  [250/391]  eta: 0:00:55  sploss: 8.1845 (8.2613)  famloss: 3.5151 (3.5065)  manuloss: 2.2104 (2.0971)  acc1: 3.5156 (4.0121)  acc5: 9.7656 (9.4404)  family_acc1: 35.1562 (35.9500)  manu_acc1: 51.9531 (55.1295)  time: 0.2639  data: 0.1694  max mem: 11362
Test:  [300/391]  eta: 0:00:36  sploss: 8.2169 (8.2497)  famloss: 3.2848 (3.4746)  manuloss: 1.8184 (2.0706)  acc1: 3.5156 (4.0529)  acc5: 8.9844 (9.4671)  family_acc1: 39.4531 (36.3437)  manu_acc1: 58.2031 (55.5103)  time: 0.3903  data: 0.2959  max mem: 11362
Test:  [350/391]  eta: 0:00:16  sploss: 8.2800 (8.2565)  famloss: 3.4484 (3.4639)  manuloss: 1.9247 (2.0522)  acc1: 3.9062 (4.0120)  acc5: 8.5938 (9.3650)  family_acc1: 36.3281 (36.5474)  manu_acc1: 57.4219 (55.9484)  time: 0.4292  data: 0.3344  max mem: 11362
Test:  [390/391]  eta: 0:00:00  sploss: 8.2466 (8.2577)  famloss: 3.3207 (3.4487)  manuloss: 1.6827 (2.0186)  acc1: 4.6875 (4.0520)  acc5: 9.7656 (9.4020)  family_acc1: 39.0625 (36.8860)  manu_acc1: 64.4531 (56.7290)  time: 0.4111  data: 0.3205  max mem: 11362
Test: Total time: 0:02:32 (0.3889 s / it)
* Acc@1 4.052 Acc@5 9.402 family@1 36.886 manu@1 56.729 sploss 8.258 fmloss 3.449 mfloss 2.019
Accuracy of the network on the 100000 test images: 4.1%
Max accuracy: 4.05%
Epoch: [79]  [ 0/39]  eta: 0:04:01  lr: 0.000038  sp_loss: 4.7245 (4.7245)  fam_loss: 3.4650 (3.4650)  manu_loss: 2.4469 (2.4469)  ot_loss: 0.5947 (0.5947)  base_loss: 5.1464 (5.1464)  time: 6.1818  data: 5.8336  max mem: 11362
Epoch: [79]  [38/39]  eta: 0:00:00  lr: 0.000038  sp_loss: 4.0725 (4.1101)  fam_loss: 2.8954 (2.9573)  manu_loss: 2.1772 (2.1635)  ot_loss: 0.6001 (0.6024)  base_loss: 4.5754 (4.6087)  time: 0.3545  data: 0.0782  max mem: 11362
Epoch: [79] Total time: 0:00:19 (0.5007 s / it)
Averaged stats: lr: 0.000038  sp_loss: 4.0725 (4.1101)  fam_loss: 2.8954 (2.9573)  manu_loss: 2.1772 (2.1635)  ot_loss: 0.6001 (0.6024)  base_loss: 4.5754 (4.6087)
Epoch: [80]  [ 0/39]  eta: 0:03:55  lr: 0.000035  sp_loss: 4.1702 (4.1702)  fam_loss: 2.9269 (2.9269)  manu_loss: 2.1606 (2.1606)  ot_loss: 0.5988 (0.5988)  base_loss: 4.6377 (4.6377)  time: 6.0356  data: 5.6883  max mem: 11362
Epoch: [80]  [38/39]  eta: 0:00:00  lr: 0.000035  sp_loss: 4.3890 (3.9504)  fam_loss: 3.0398 (2.8317)  manu_loss: 2.2554 (2.0856)  ot_loss: 0.5953 (0.6042)  base_loss: 4.8072 (4.4692)  time: 0.3614  data: 0.0846  max mem: 11362
Epoch: [80] Total time: 0:00:19 (0.5094 s / it)
Averaged stats: lr: 0.000035  sp_loss: 4.3890 (3.9504)  fam_loss: 3.0398 (2.8317)  manu_loss: 2.2554 (2.0856)  ot_loss: 0.5953 (0.6042)  base_loss: 4.8072 (4.4692)
Test:  [  0/391]  eta: 0:36:41  sploss: 8.0919 (8.0919)  famloss: 3.2113 (3.2113)  manuloss: 1.8115 (1.8115)  acc1: 3.9062 (3.9062)  acc5: 10.5469 (10.5469)  family_acc1: 39.8438 (39.8438)  manu_acc1: 60.5469 (60.5469)  time: 5.6299  data: 5.5156  max mem: 11362
Test:  [ 50/391]  eta: 0:02:43  sploss: 8.2736 (8.2752)  famloss: 3.5006 (3.5037)  manuloss: 1.9838 (2.0395)  acc1: 3.5156 (3.9752)  acc5: 8.5938 (9.0610)  family_acc1: 37.5000 (36.9256)  manu_acc1: 58.2031 (57.2381)  time: 0.4336  data: 0.3398  max mem: 11362
Test:  [100/391]  eta: 0:02:04  sploss: 8.2357 (8.2546)  famloss: 3.5917 (3.5034)  manuloss: 2.0814 (2.0466)  acc1: 3.5156 (4.0068)  acc5: 9.3750 (9.2164)  family_acc1: 35.1562 (36.8038)  manu_acc1: 56.6406 (56.9578)  time: 0.4444  data: 0.3499  max mem: 11362
Test:  [150/391]  eta: 0:01:38  sploss: 8.1723 (8.2432)  famloss: 3.3363 (3.4834)  manuloss: 1.8833 (2.0465)  acc1: 3.9062 (4.1649)  acc5: 9.3750 (9.4733)  family_acc1: 37.1094 (36.9309)  manu_acc1: 59.3750 (56.7131)  time: 0.4430  data: 0.3476  max mem: 11362
Test:  [200/391]  eta: 0:01:16  sploss: 8.2519 (8.2500)  famloss: 3.5846 (3.5147)  manuloss: 2.1902 (2.0622)  acc1: 3.9062 (4.1336)  acc5: 9.7656 (9.4333)  family_acc1: 34.3750 (36.5186)  manu_acc1: 55.4688 (56.4871)  time: 0.2732  data: 0.1803  max mem: 11362
Test:  [250/391]  eta: 0:00:56  sploss: 8.1820 (8.2511)  famloss: 3.5587 (3.5359)  manuloss: 2.2017 (2.1069)  acc1: 3.5156 (4.1117)  acc5: 9.7656 (9.4668)  family_acc1: 34.7656 (36.0480)  manu_acc1: 52.3438 (55.3614)  time: 0.2652  data: 0.1713  max mem: 11362
Test:  [300/391]  eta: 0:00:36  sploss: 8.2083 (8.2396)  famloss: 3.3028 (3.5039)  manuloss: 1.8446 (2.0799)  acc1: 3.9062 (4.1554)  acc5: 8.9844 (9.4879)  family_acc1: 39.0625 (36.3826)  manu_acc1: 58.9844 (55.7932)  time: 0.4267  data: 0.3321  max mem: 11362
Test:  [350/391]  eta: 0:00:16  sploss: 8.2865 (8.2459)  famloss: 3.4694 (3.4925)  manuloss: 1.9228 (2.0608)  acc1: 3.5156 (4.1132)  acc5: 8.5938 (9.3828)  family_acc1: 38.2812 (36.5986)  manu_acc1: 56.6406 (56.2289)  time: 0.4277  data: 0.3306  max mem: 11362
Test:  [390/391]  eta: 0:00:00  sploss: 8.2197 (8.2463)  famloss: 3.3320 (3.4776)  manuloss: 1.6854 (2.0293)  acc1: 4.6875 (4.1560)  acc5: 10.1562 (9.4530)  family_acc1: 40.2344 (36.9260)  manu_acc1: 64.8438 (57.0090)  time: 0.4146  data: 0.3213  max mem: 11362
Test: Total time: 0:02:33 (0.3921 s / it)
* Acc@1 4.156 Acc@5 9.453 family@1 36.926 manu@1 57.009 sploss 8.246 fmloss 3.478 mfloss 2.029
Accuracy of the network on the 100000 test images: 4.2%
Max accuracy: 4.16%
Epoch: [81]  [ 0/39]  eta: 0:03:53  lr: 0.000033  sp_loss: 3.4155 (3.4155)  fam_loss: 2.5535 (2.5535)  manu_loss: 1.8395 (1.8395)  ot_loss: 0.6123 (0.6123)  base_loss: 4.0470 (4.0470)  time: 5.9865  data: 5.6334  max mem: 11362
Epoch: [81]  [38/39]  eta: 0:00:00  lr: 0.000033  sp_loss: 4.2012 (3.9740)  fam_loss: 3.0030 (2.8664)  manu_loss: 2.0970 (2.0962)  ot_loss: 0.6002 (0.6041)  base_loss: 4.6934 (4.4939)  time: 0.3426  data: 0.0669  max mem: 11362
Epoch: [81] Total time: 0:00:19 (0.5015 s / it)
Averaged stats: lr: 0.000033  sp_loss: 4.2012 (3.9740)  fam_loss: 3.0030 (2.8664)  manu_loss: 2.0970 (2.0962)  ot_loss: 0.6002 (0.6041)  base_loss: 4.6934 (4.4939)
Epoch: [82]  [ 0/39]  eta: 0:03:40  lr: 0.000031  sp_loss: 4.6408 (4.6408)  fam_loss: 3.2869 (3.2869)  manu_loss: 2.3710 (2.3710)  ot_loss: 0.5971 (0.5971)  base_loss: 5.0402 (5.0402)  time: 5.6636  data: 5.3159  max mem: 11362
Epoch: [82]  [38/39]  eta: 0:00:00  lr: 0.000031  sp_loss: 4.6118 (4.2875)  fam_loss: 3.2976 (3.0808)  manu_loss: 2.4054 (2.2650)  ot_loss: 0.5947 (0.6004)  base_loss: 5.0257 (4.7626)  time: 0.3653  data: 0.0879  max mem: 11362
Epoch: [82] Total time: 0:00:19 (0.5035 s / it)
Averaged stats: lr: 0.000031  sp_loss: 4.6118 (4.2875)  fam_loss: 3.2976 (3.0808)  manu_loss: 2.4054 (2.2650)  ot_loss: 0.5947 (0.6004)  base_loss: 5.0257 (4.7626)
Test:  [  0/391]  eta: 0:35:33  sploss: 8.0837 (8.0837)  famloss: 3.2609 (3.2609)  manuloss: 1.8860 (1.8860)  acc1: 3.5156 (3.5156)  acc5: 9.3750 (9.3750)  family_acc1: 39.4531 (39.4531)  manu_acc1: 58.5938 (58.5938)  time: 5.4576  data: 5.3446  max mem: 11362
Test:  [ 50/391]  eta: 0:02:45  sploss: 8.2667 (8.2712)  famloss: 3.5095 (3.5094)  manuloss: 2.0052 (2.0569)  acc1: 3.1250 (3.8297)  acc5: 8.5938 (9.0150)  family_acc1: 37.1094 (36.4430)  manu_acc1: 58.5938 (57.0695)  time: 0.4451  data: 0.3457  max mem: 11362
Test:  [100/391]  eta: 0:02:03  sploss: 8.2324 (8.2504)  famloss: 3.5953 (3.5105)  manuloss: 2.0957 (2.0609)  acc1: 3.5156 (3.7825)  acc5: 8.9844 (9.0733)  family_acc1: 34.7656 (36.2624)  manu_acc1: 56.2500 (56.5749)  time: 0.4297  data: 0.3354  max mem: 11362
Test:  [150/391]  eta: 0:01:38  sploss: 8.1743 (8.2395)  famloss: 3.3514 (3.4907)  manuloss: 1.8995 (2.0607)  acc1: 3.5156 (3.9813)  acc5: 9.3750 (9.3336)  family_acc1: 37.8906 (36.5661)  manu_acc1: 58.9844 (56.3509)  time: 0.4387  data: 0.3451  max mem: 11362
Test:  [200/391]  eta: 0:01:15  sploss: 8.2355 (8.2464)  famloss: 3.5756 (3.5220)  manuloss: 2.1870 (2.0769)  acc1: 3.5156 (3.9607)  acc5: 8.9844 (9.2623)  family_acc1: 33.9844 (36.1085)  manu_acc1: 55.0781 (56.1237)  time: 0.2930  data: 0.1993  max mem: 11362
Test:  [250/391]  eta: 0:00:55  sploss: 8.1838 (8.2484)  famloss: 3.5370 (3.5431)  manuloss: 2.1930 (2.1203)  acc1: 3.5156 (3.9716)  acc5: 9.3750 (9.2645)  family_acc1: 35.5469 (35.7321)  manu_acc1: 52.7344 (54.9630)  time: 0.2638  data: 0.1713  max mem: 11362
Test:  [300/391]  eta: 0:00:36  sploss: 8.2159 (8.2374)  famloss: 3.2993 (3.5097)  manuloss: 1.8609 (2.0909)  acc1: 3.9062 (4.0243)  acc5: 8.5938 (9.2764)  family_acc1: 38.6719 (36.1166)  manu_acc1: 58.9844 (55.4389)  time: 0.4146  data: 0.3206  max mem: 11362
Test:  [350/391]  eta: 0:00:16  sploss: 8.2703 (8.2438)  famloss: 3.4565 (3.4975)  manuloss: 1.9626 (2.0716)  acc1: 3.5156 (3.9964)  acc5: 8.5938 (9.2147)  family_acc1: 37.1094 (36.3304)  manu_acc1: 57.0312 (55.9061)  time: 0.4365  data: 0.3416  max mem: 11362
Test:  [390/391]  eta: 0:00:00  sploss: 8.2149 (8.2442)  famloss: 3.3589 (3.4827)  manuloss: 1.7056 (2.0408)  acc1: 3.9062 (4.0410)  acc5: 9.3750 (9.2770)  family_acc1: 38.6719 (36.6370)  manu_acc1: 64.8438 (56.6920)  time: 0.4077  data: 0.3161  max mem: 11362
Test: Total time: 0:02:32 (0.3890 s / it)
* Acc@1 4.041 Acc@5 9.277 family@1 36.637 manu@1 56.692 sploss 8.244 fmloss 3.483 mfloss 2.041
Accuracy of the network on the 100000 test images: 4.0%
Max accuracy: 4.16%
Epoch: [83]  [ 0/39]  eta: 0:03:41  lr: 0.000029  sp_loss: 4.7431 (4.7431)  fam_loss: 3.4582 (3.4582)  manu_loss: 2.4437 (2.4437)  ot_loss: 0.5936 (0.5936)  base_loss: 5.1501 (5.1501)  time: 5.6694  data: 5.3150  max mem: 11362
Epoch: [83]  [38/39]  eta: 0:00:00  lr: 0.000029  sp_loss: 4.2273 (4.1010)  fam_loss: 3.1032 (2.9572)  manu_loss: 2.0783 (2.1521)  ot_loss: 0.6023 (0.6029)  base_loss: 4.7198 (4.6025)  time: 0.3529  data: 0.0741  max mem: 11362
Epoch: [83] Total time: 0:00:19 (0.5014 s / it)
Averaged stats: lr: 0.000029  sp_loss: 4.2273 (4.1010)  fam_loss: 3.1032 (2.9572)  manu_loss: 2.0783 (2.1521)  ot_loss: 0.6023 (0.6029)  base_loss: 4.7198 (4.6025)
Epoch: [84]  [ 0/39]  eta: 0:04:06  lr: 0.000027  sp_loss: 4.3413 (4.3413)  fam_loss: 3.0648 (3.0648)  manu_loss: 2.3660 (2.3660)  ot_loss: 0.5994 (0.5994)  base_loss: 4.8055 (4.8055)  time: 6.3317  data: 6.0053  max mem: 11362
Epoch: [84]  [38/39]  eta: 0:00:00  lr: 0.000027  sp_loss: 4.3085 (4.1264)  fam_loss: 3.0039 (2.9630)  manu_loss: 2.1669 (2.1714)  ot_loss: 0.5974 (0.6017)  base_loss: 4.7471 (4.6219)  time: 0.3427  data: 0.0674  max mem: 11362
Epoch: [84] Total time: 0:00:19 (0.5020 s / it)
Averaged stats: lr: 0.000027  sp_loss: 4.3085 (4.1264)  fam_loss: 3.0039 (2.9630)  manu_loss: 2.1669 (2.1714)  ot_loss: 0.5974 (0.6017)  base_loss: 4.7471 (4.6219)
Test:  [  0/391]  eta: 0:36:08  sploss: 8.0924 (8.0924)  famloss: 3.2672 (3.2672)  manuloss: 1.8558 (1.8558)  acc1: 3.5156 (3.5156)  acc5: 10.5469 (10.5469)  family_acc1: 38.6719 (38.6719)  manu_acc1: 59.3750 (59.3750)  time: 5.5463  data: 5.4363  max mem: 11362
Test:  [ 50/391]  eta: 0:02:47  sploss: 8.2710 (8.2754)  famloss: 3.5493 (3.5428)  manuloss: 2.0308 (2.0775)  acc1: 3.5156 (3.8067)  acc5: 8.5938 (8.9997)  family_acc1: 36.7188 (36.3664)  manu_acc1: 57.8125 (56.9930)  time: 0.4429  data: 0.3482  max mem: 11362
Test:  [100/391]  eta: 0:02:05  sploss: 8.2343 (8.2576)  famloss: 3.6327 (3.5468)  manuloss: 2.1102 (2.0832)  acc1: 3.5156 (3.8521)  acc5: 9.3750 (9.1662)  family_acc1: 35.5469 (36.1541)  manu_acc1: 56.6406 (56.5826)  time: 0.4372  data: 0.3412  max mem: 11362
Test:  [150/391]  eta: 0:01:38  sploss: 8.1893 (8.2470)  famloss: 3.3652 (3.5270)  manuloss: 1.9186 (2.0845)  acc1: 3.9062 (4.0020)  acc5: 9.7656 (9.4267)  family_acc1: 37.1094 (36.4497)  manu_acc1: 58.9844 (56.2371)  time: 0.4290  data: 0.3348  max mem: 11362
Test:  [200/391]  eta: 0:01:16  sploss: 8.2496 (8.2539)  famloss: 3.6197 (3.5583)  manuloss: 2.1937 (2.1003)  acc1: 3.5156 (4.0015)  acc5: 9.3750 (9.3439)  family_acc1: 33.9844 (36.0483)  manu_acc1: 55.0781 (56.0051)  time: 0.2663  data: 0.1734  max mem: 11362
Test:  [250/391]  eta: 0:00:55  sploss: 8.2006 (8.2559)  famloss: 3.5896 (3.5790)  manuloss: 2.2143 (2.1431)  acc1: 3.5156 (3.9918)  acc5: 9.3750 (9.3423)  family_acc1: 34.7656 (35.6013)  manu_acc1: 50.7812 (54.8789)  time: 0.2635  data: 0.1702  max mem: 11362
Test:  [300/391]  eta: 0:00:36  sploss: 8.2116 (8.2450)  famloss: 3.3288 (3.5465)  manuloss: 1.8898 (2.1147)  acc1: 3.9062 (4.0256)  acc5: 8.5938 (9.3568)  family_acc1: 38.6719 (35.9946)  manu_acc1: 58.5938 (55.3429)  time: 0.4370  data: 0.3439  max mem: 11362
Test:  [350/391]  eta: 0:00:16  sploss: 8.2848 (8.2512)  famloss: 3.5106 (3.5348)  manuloss: 1.9914 (2.0960)  acc1: 3.5156 (3.9741)  acc5: 8.9844 (9.2659)  family_acc1: 36.3281 (36.2068)  manu_acc1: 56.2500 (55.7815)  time: 0.4244  data: 0.3297  max mem: 11362
Test:  [390/391]  eta: 0:00:00  sploss: 8.2267 (8.2514)  famloss: 3.3887 (3.5197)  manuloss: 1.7343 (2.0651)  acc1: 4.2969 (4.0090)  acc5: 9.7656 (9.3310)  family_acc1: 38.6719 (36.5260)  manu_acc1: 63.6719 (56.5570)  time: 0.4113  data: 0.3203  max mem: 11362
Test: Total time: 0:02:32 (0.3910 s / it)
* Acc@1 4.009 Acc@5 9.331 family@1 36.526 manu@1 56.557 sploss 8.251 fmloss 3.520 mfloss 2.065
Accuracy of the network on the 100000 test images: 4.0%
Max accuracy: 4.16%
Epoch: [85]  [ 0/39]  eta: 0:04:05  lr: 0.000025  sp_loss: 2.8980 (2.8980)  fam_loss: 1.9773 (1.9773)  manu_loss: 1.5305 (1.5305)  ot_loss: 0.6098 (0.6098)  base_loss: 3.5283 (3.5283)  time: 6.2922  data: 5.9475  max mem: 11362
Epoch: [85]  [38/39]  eta: 0:00:00  lr: 0.000025  sp_loss: 4.2669 (3.8654)  fam_loss: 3.0559 (2.7724)  manu_loss: 2.2098 (2.0262)  ot_loss: 0.6000 (0.6062)  base_loss: 4.7484 (4.3935)  time: 0.3549  data: 0.0789  max mem: 11362
Epoch: [85] Total time: 0:00:19 (0.5120 s / it)
Averaged stats: lr: 0.000025  sp_loss: 4.2669 (3.8654)  fam_loss: 3.0559 (2.7724)  manu_loss: 2.2098 (2.0262)  ot_loss: 0.6000 (0.6062)  base_loss: 4.7484 (4.3935)
Epoch: [86]  [ 0/39]  eta: 0:04:00  lr: 0.000023  sp_loss: 2.4400 (2.4400)  fam_loss: 1.5970 (1.5970)  manu_loss: 1.2210 (1.2210)  ot_loss: 0.6195 (0.6195)  base_loss: 3.0978 (3.0978)  time: 6.1732  data: 5.8351  max mem: 11362
Epoch: [86]  [38/39]  eta: 0:00:00  lr: 0.000023  sp_loss: 4.4590 (4.1046)  fam_loss: 3.1382 (2.9621)  manu_loss: 2.3712 (2.1750)  ot_loss: 0.5951 (0.6027)  base_loss: 4.8766 (4.6092)  time: 0.3591  data: 0.0828  max mem: 11362
Epoch: [86] Total time: 0:00:19 (0.5047 s / it)
Averaged stats: lr: 0.000023  sp_loss: 4.4590 (4.1046)  fam_loss: 3.1382 (2.9621)  manu_loss: 2.3712 (2.1750)  ot_loss: 0.5951 (0.6027)  base_loss: 4.8766 (4.6092)
Test:  [  0/391]  eta: 0:36:27  sploss: 8.1084 (8.1084)  famloss: 3.2303 (3.2303)  manuloss: 1.8251 (1.8251)  acc1: 3.1250 (3.1250)  acc5: 10.1562 (10.1562)  family_acc1: 39.8438 (39.8438)  manu_acc1: 59.3750 (59.3750)  time: 5.5940  data: 5.4735  max mem: 11362
Test:  [ 50/391]  eta: 0:02:46  sploss: 8.2706 (8.2873)  famloss: 3.5404 (3.5272)  manuloss: 2.0038 (2.0537)  acc1: 3.1250 (3.8450)  acc5: 8.5938 (8.9231)  family_acc1: 37.1094 (36.4660)  manu_acc1: 58.2031 (57.0925)  time: 0.4427  data: 0.3495  max mem: 11362
Test:  [100/391]  eta: 0:02:04  sploss: 8.2406 (8.2682)  famloss: 3.6156 (3.5272)  manuloss: 2.0785 (2.0624)  acc1: 3.5156 (3.8946)  acc5: 8.9844 (9.0888)  family_acc1: 35.5469 (36.2856)  manu_acc1: 57.0312 (56.6754)  time: 0.4370  data: 0.3422  max mem: 11362
Test:  [150/391]  eta: 0:01:38  sploss: 8.1955 (8.2570)  famloss: 3.3581 (3.5076)  manuloss: 1.8952 (2.0642)  acc1: 3.9062 (4.0020)  acc5: 9.7656 (9.3724)  family_acc1: 39.0625 (36.5842)  manu_acc1: 58.9844 (56.3897)  time: 0.4317  data: 0.3380  max mem: 11362
Test:  [200/391]  eta: 0:01:16  sploss: 8.2643 (8.2638)  famloss: 3.6021 (3.5386)  manuloss: 2.1878 (2.0793)  acc1: 3.5156 (4.0093)  acc5: 9.3750 (9.2992)  family_acc1: 34.7656 (36.1999)  manu_acc1: 54.6875 (56.1781)  time: 0.2702  data: 0.1767  max mem: 11362
Test:  [250/391]  eta: 0:00:55  sploss: 8.2005 (8.2651)  famloss: 3.5522 (3.5598)  manuloss: 2.2096 (2.1232)  acc1: 3.9062 (3.9918)  acc5: 9.3750 (9.2925)  family_acc1: 35.9375 (35.7523)  manu_acc1: 51.5625 (55.0252)  time: 0.2613  data: 0.1679  max mem: 11362
Test:  [300/391]  eta: 0:00:36  sploss: 8.2084 (8.2540)  famloss: 3.3238 (3.5277)  manuloss: 1.8693 (2.0952)  acc1: 3.5156 (4.0140)  acc5: 8.5938 (9.3114)  family_acc1: 39.4531 (36.1244)  manu_acc1: 59.3750 (55.4752)  time: 0.4278  data: 0.3320  max mem: 11362
Test:  [350/391]  eta: 0:00:16  sploss: 8.2998 (8.2607)  famloss: 3.4823 (3.5166)  manuloss: 1.9864 (2.0767)  acc1: 3.5156 (3.9652)  acc5: 8.9844 (9.2370)  family_acc1: 37.5000 (36.3203)  manu_acc1: 57.0312 (55.8950)  time: 0.4351  data: 0.3398  max mem: 11362
Test:  [390/391]  eta: 0:00:00  sploss: 8.2327 (8.2612)  famloss: 3.3507 (3.5013)  manuloss: 1.7246 (2.0453)  acc1: 4.2969 (4.0020)  acc5: 9.7656 (9.2900)  family_acc1: 39.4531 (36.6440)  manu_acc1: 64.8438 (56.6880)  time: 0.4156  data: 0.3257  max mem: 11362
Test: Total time: 0:02:32 (0.3888 s / it)
* Acc@1 4.002 Acc@5 9.290 family@1 36.644 manu@1 56.688 sploss 8.261 fmloss 3.501 mfloss 2.045
Accuracy of the network on the 100000 test images: 4.0%
Max accuracy: 4.16%
Epoch: [87]  [ 0/39]  eta: 0:03:46  lr: 0.000021  sp_loss: 4.9224 (4.9224)  fam_loss: 3.4763 (3.4763)  manu_loss: 2.5162 (2.5162)  ot_loss: 0.5931 (0.5931)  base_loss: 5.2813 (5.2813)  time: 5.8163  data: 5.4698  max mem: 11362
Epoch: [87]  [38/39]  eta: 0:00:00  lr: 0.000021  sp_loss: 4.0192 (3.9874)  fam_loss: 2.9138 (2.8574)  manu_loss: 2.1338 (2.0976)  ot_loss: 0.6009 (0.6035)  base_loss: 4.5410 (4.4976)  time: 0.3547  data: 0.0783  max mem: 11362
Epoch: [87] Total time: 0:00:19 (0.4997 s / it)
Averaged stats: lr: 0.000021  sp_loss: 4.0192 (3.9874)  fam_loss: 2.9138 (2.8574)  manu_loss: 2.1338 (2.0976)  ot_loss: 0.6009 (0.6035)  base_loss: 4.5410 (4.4976)
Epoch: [88]  [ 0/39]  eta: 0:03:47  lr: 0.000020  sp_loss: 4.8566 (4.8566)  fam_loss: 3.5172 (3.5172)  manu_loss: 2.5427 (2.5427)  ot_loss: 0.5917 (0.5917)  base_loss: 5.2506 (5.2506)  time: 5.8210  data: 5.4487  max mem: 11362
Epoch: [88]  [38/39]  eta: 0:00:00  lr: 0.000020  sp_loss: 3.8751 (3.8867)  fam_loss: 2.7929 (2.7808)  manu_loss: 2.0399 (2.0489)  ot_loss: 0.6012 (0.6052)  base_loss: 4.3923 (4.4116)  time: 0.3634  data: 0.0872  max mem: 11362
Epoch: [88] Total time: 0:00:19 (0.5063 s / it)
Averaged stats: lr: 0.000020  sp_loss: 3.8751 (3.8867)  fam_loss: 2.7929 (2.7808)  manu_loss: 2.0399 (2.0489)  ot_loss: 0.6012 (0.6052)  base_loss: 4.3923 (4.4116)
Test:  [  0/391]  eta: 0:35:14  sploss: 8.1197 (8.1197)  famloss: 3.2159 (3.2159)  manuloss: 1.8247 (1.8247)  acc1: 3.1250 (3.1250)  acc5: 10.1562 (10.1562)  family_acc1: 39.0625 (39.0625)  manu_acc1: 59.7656 (59.7656)  time: 5.4086  data: 5.2901  max mem: 11362
Test:  [ 50/391]  eta: 0:02:43  sploss: 8.2752 (8.2879)  famloss: 3.5264 (3.5127)  manuloss: 1.9883 (2.0438)  acc1: 3.5156 (3.8680)  acc5: 8.5938 (9.1759)  family_acc1: 37.1094 (36.7953)  manu_acc1: 58.5938 (57.3912)  time: 0.4478  data: 0.3529  max mem: 11362
Test:  [100/391]  eta: 0:02:04  sploss: 8.2544 (8.2684)  famloss: 3.6115 (3.5148)  manuloss: 2.0616 (2.0527)  acc1: 3.5156 (3.9411)  acc5: 9.3750 (9.2783)  family_acc1: 36.3281 (36.6105)  manu_acc1: 57.4219 (56.9036)  time: 0.4376  data: 0.3422  max mem: 11362
Test:  [150/391]  eta: 0:01:38  sploss: 8.1870 (8.2568)  famloss: 3.3417 (3.4944)  manuloss: 1.8838 (2.0537)  acc1: 3.9062 (4.1080)  acc5: 9.7656 (9.5018)  family_acc1: 38.6719 (36.8998)  manu_acc1: 59.3750 (56.6846)  time: 0.4496  data: 0.3553  max mem: 11362
Test:  [200/391]  eta: 0:01:16  sploss: 8.2635 (8.2632)  famloss: 3.5891 (3.5253)  manuloss: 2.1815 (2.0691)  acc1: 3.9062 (4.0850)  acc5: 9.3750 (9.4333)  family_acc1: 34.7656 (36.4855)  manu_acc1: 54.6875 (56.4502)  time: 0.3056  data: 0.2100  max mem: 11362
Test:  [250/391]  eta: 0:00:55  sploss: 8.2017 (8.2652)  famloss: 3.5441 (3.5461)  manuloss: 2.1930 (2.1123)  acc1: 3.9062 (4.0510)  acc5: 10.1562 (9.4575)  family_acc1: 35.5469 (36.0106)  manu_acc1: 52.3438 (55.3240)  time: 0.2897  data: 0.1951  max mem: 11362
Test:  [300/391]  eta: 0:00:36  sploss: 8.2174 (8.2537)  famloss: 3.3060 (3.5135)  manuloss: 1.8399 (2.0836)  acc1: 3.9062 (4.0750)  acc5: 9.3750 (9.4918)  family_acc1: 38.6719 (36.4151)  manu_acc1: 59.3750 (55.8165)  time: 0.3855  data: 0.2906  max mem: 11362
Test:  [350/391]  eta: 0:00:16  sploss: 8.2980 (8.2602)  famloss: 3.4732 (3.5017)  manuloss: 1.9533 (2.0653)  acc1: 3.5156 (4.0298)  acc5: 8.9844 (9.4028)  family_acc1: 37.1094 (36.6041)  manu_acc1: 57.0312 (56.2177)  time: 0.4210  data: 0.3262  max mem: 11362
Test:  [390/391]  eta: 0:00:00  sploss: 8.2351 (8.2609)  famloss: 3.3474 (3.4865)  manuloss: 1.7013 (2.0333)  acc1: 4.6875 (4.0720)  acc5: 10.1562 (9.4550)  family_acc1: 39.8438 (36.9420)  manu_acc1: 64.8438 (57.0240)  time: 0.4124  data: 0.3221  max mem: 11362
Test: Total time: 0:02:33 (0.3920 s / it)
* Acc@1 4.072 Acc@5 9.455 family@1 36.942 manu@1 57.024 sploss 8.261 fmloss 3.487 mfloss 2.033
Accuracy of the network on the 100000 test images: 4.1%
Max accuracy: 4.16%
Epoch: [89]  [ 0/39]  eta: 0:03:52  lr: 0.000018  sp_loss: 3.7325 (3.7325)  fam_loss: 2.7116 (2.7116)  manu_loss: 1.9278 (1.9278)  ot_loss: 0.6120 (0.6120)  base_loss: 4.2867 (4.2867)  time: 5.9695  data: 5.6280  max mem: 11362
Epoch: [89]  [38/39]  eta: 0:00:00  lr: 0.000018  sp_loss: 4.3435 (4.0109)  fam_loss: 3.1022 (2.8509)  manu_loss: 2.2020 (2.0922)  ot_loss: 0.5999 (0.6026)  base_loss: 4.8222 (4.5098)  time: 0.3490  data: 0.0727  max mem: 11362
Epoch: [89] Total time: 0:00:19 (0.5071 s / it)
Averaged stats: lr: 0.000018  sp_loss: 4.3435 (4.0109)  fam_loss: 3.1022 (2.8509)  manu_loss: 2.2020 (2.0922)  ot_loss: 0.5999 (0.6026)  base_loss: 4.8222 (4.5098)
Epoch: [90]  [ 0/39]  eta: 0:03:39  lr: 0.000017  sp_loss: 2.9459 (2.9459)  fam_loss: 1.9940 (1.9940)  manu_loss: 1.5094 (1.5094)  ot_loss: 0.6144 (0.6144)  base_loss: 3.5516 (3.5516)  time: 5.6365  data: 5.2901  max mem: 11362
Epoch: [90]  [38/39]  eta: 0:00:00  lr: 0.000017  sp_loss: 3.7990 (3.8267)  fam_loss: 2.6952 (2.7371)  manu_loss: 2.0058 (2.0201)  ot_loss: 0.6072 (0.6058)  base_loss: 4.3795 (4.3625)  time: 0.3731  data: 0.0928  max mem: 11362
Epoch: [90] Total time: 0:00:19 (0.5066 s / it)
Averaged stats: lr: 0.000017  sp_loss: 3.7990 (3.8267)  fam_loss: 2.6952 (2.7371)  manu_loss: 2.0058 (2.0201)  ot_loss: 0.6072 (0.6058)  base_loss: 4.3795 (4.3625)
Test:  [  0/391]  eta: 0:34:51  sploss: 8.1257 (8.1257)  famloss: 3.2344 (3.2344)  manuloss: 1.8189 (1.8189)  acc1: 4.2969 (4.2969)  acc5: 10.1562 (10.1562)  family_acc1: 37.8906 (37.8906)  manu_acc1: 60.1562 (60.1562)  time: 5.3485  data: 5.2382  max mem: 11362
Test:  [ 50/391]  eta: 0:02:43  sploss: 8.2739 (8.2878)  famloss: 3.5468 (3.5241)  manuloss: 1.9830 (2.0413)  acc1: 3.5156 (3.9752)  acc5: 8.5938 (9.1069)  family_acc1: 37.1094 (36.7341)  manu_acc1: 58.2031 (57.3223)  time: 0.4400  data: 0.3455  max mem: 11362
Test:  [100/391]  eta: 0:02:04  sploss: 8.2573 (8.2686)  famloss: 3.6324 (3.5271)  manuloss: 2.0654 (2.0508)  acc1: 3.9062 (4.0184)  acc5: 9.7656 (9.3015)  family_acc1: 34.7656 (36.5563)  manu_acc1: 57.0312 (56.8843)  time: 0.4340  data: 0.3404  max mem: 11362
Test:  [150/391]  eta: 0:01:38  sploss: 8.1921 (8.2577)  famloss: 3.3667 (3.5078)  manuloss: 1.8951 (2.0528)  acc1: 4.2969 (4.1494)  acc5: 9.7656 (9.4966)  family_acc1: 39.0625 (36.8196)  manu_acc1: 59.3750 (56.6794)  time: 0.4302  data: 0.3355  max mem: 11362
Test:  [200/391]  eta: 0:01:16  sploss: 8.2566 (8.2640)  famloss: 3.5988 (3.5388)  manuloss: 2.1845 (2.0688)  acc1: 3.9062 (4.1297)  acc5: 9.3750 (9.4061)  family_acc1: 34.3750 (36.4175)  manu_acc1: 55.4688 (56.4035)  time: 0.3239  data: 0.2308  max mem: 11362
Test:  [250/391]  eta: 0:00:55  sploss: 8.2070 (8.2659)  famloss: 3.5730 (3.5594)  manuloss: 2.2017 (2.1128)  acc1: 3.5156 (4.0899)  acc5: 9.3750 (9.4186)  family_acc1: 35.5469 (35.9484)  manu_acc1: 51.5625 (55.2524)  time: 0.2745  data: 0.1816  max mem: 11362
Test:  [300/391]  eta: 0:00:36  sploss: 8.2242 (8.2547)  famloss: 3.3203 (3.5271)  manuloss: 1.8520 (2.0847)  acc1: 3.9062 (4.1217)  acc5: 9.3750 (9.4658)  family_acc1: 39.0625 (36.3022)  manu_acc1: 59.7656 (55.7179)  time: 0.3614  data: 0.2665  max mem: 11362
Test:  [350/391]  eta: 0:00:16  sploss: 8.3020 (8.2608)  famloss: 3.4788 (3.5156)  manuloss: 1.9418 (2.0669)  acc1: 3.9062 (4.0776)  acc5: 8.9844 (9.3739)  family_acc1: 37.1094 (36.4862)  manu_acc1: 57.4219 (56.1231)  time: 0.4465  data: 0.3518  max mem: 11362
Test:  [390/391]  eta: 0:00:00  sploss: 8.2353 (8.2614)  famloss: 3.3518 (3.5001)  manuloss: 1.6912 (2.0344)  acc1: 4.6875 (4.1170)  acc5: 9.7656 (9.4230)  family_acc1: 39.3750 (36.8350)  manu_acc1: 64.8438 (56.9240)  time: 0.4572  data: 0.3671  max mem: 11362
Test: Total time: 0:02:33 (0.3932 s / it)
* Acc@1 4.117 Acc@5 9.423 family@1 36.835 manu@1 56.924 sploss 8.261 fmloss 3.500 mfloss 2.034
Accuracy of the network on the 100000 test images: 4.1%
Max accuracy: 4.16%
Epoch: [91]  [ 0/39]  eta: 0:03:43  lr: 0.000016  sp_loss: 4.9805 (4.9805)  fam_loss: 3.5395 (3.5395)  manu_loss: 2.5490 (2.5490)  ot_loss: 0.5912 (0.5912)  base_loss: 5.3402 (5.3402)  time: 5.7287  data: 5.3862  max mem: 11362
Epoch: [91]  [38/39]  eta: 0:00:00  lr: 0.000016  sp_loss: 4.3468 (4.2675)  fam_loss: 3.1028 (3.0598)  manu_loss: 2.2890 (2.2477)  ot_loss: 0.5983 (0.6000)  base_loss: 4.8275 (4.7430)  time: 0.3551  data: 0.0792  max mem: 11362
Epoch: [91] Total time: 0:00:19 (0.5103 s / it)
Averaged stats: lr: 0.000016  sp_loss: 4.3468 (4.2675)  fam_loss: 3.1028 (3.0598)  manu_loss: 2.2890 (2.2477)  ot_loss: 0.5983 (0.6000)  base_loss: 4.8275 (4.7430)
Epoch: [92]  [ 0/39]  eta: 0:04:04  lr: 0.000015  sp_loss: 4.4048 (4.4048)  fam_loss: 3.2089 (3.2089)  manu_loss: 2.2882 (2.2882)  ot_loss: 0.6018 (0.6018)  base_loss: 4.8729 (4.8729)  time: 6.2613  data: 5.9197  max mem: 11362
Epoch: [92]  [38/39]  eta: 0:00:00  lr: 0.000015  sp_loss: 4.3103 (4.0820)  fam_loss: 3.1601 (2.9310)  manu_loss: 2.3073 (2.1574)  ot_loss: 0.5993 (0.6023)  base_loss: 4.7995 (4.5847)  time: 0.3445  data: 0.0696  max mem: 11362
Epoch: [92] Total time: 0:00:19 (0.5074 s / it)
Averaged stats: lr: 0.000015  sp_loss: 4.3103 (4.0820)  fam_loss: 3.1601 (2.9310)  manu_loss: 2.3073 (2.1574)  ot_loss: 0.5993 (0.6023)  base_loss: 4.7995 (4.5847)
Test:  [  0/391]  eta: 0:40:02  sploss: 8.1124 (8.1124)  famloss: 3.2550 (3.2550)  manuloss: 1.8584 (1.8584)  acc1: 3.9062 (3.9062)  acc5: 10.1562 (10.1562)  family_acc1: 39.4531 (39.4531)  manu_acc1: 59.3750 (59.3750)  time: 6.1434  data: 6.0276  max mem: 11362
Test:  [ 50/391]  eta: 0:02:47  sploss: 8.2705 (8.2829)  famloss: 3.5562 (3.5439)  manuloss: 2.0091 (2.0563)  acc1: 3.5156 (3.9292)  acc5: 8.9844 (9.1376)  family_acc1: 37.1094 (36.6958)  manu_acc1: 57.8125 (56.8934)  time: 0.4397  data: 0.3457  max mem: 11362
Test:  [100/391]  eta: 0:02:05  sploss: 8.2387 (8.2637)  famloss: 3.6412 (3.5464)  manuloss: 2.0843 (2.0640)  acc1: 3.5156 (3.9952)  acc5: 9.3750 (9.2976)  family_acc1: 35.5469 (36.3745)  manu_acc1: 57.0312 (56.6136)  time: 0.4386  data: 0.3440  max mem: 11362
Test:  [150/391]  eta: 0:01:39  sploss: 8.1826 (8.2532)  famloss: 3.3776 (3.5256)  manuloss: 1.8987 (2.0637)  acc1: 3.9062 (4.0951)  acc5: 9.7656 (9.5121)  family_acc1: 38.6719 (36.5816)  manu_acc1: 59.3750 (56.4233)  time: 0.4348  data: 0.3387  max mem: 11362
Test:  [200/391]  eta: 0:01:16  sploss: 8.2597 (8.2601)  famloss: 3.6126 (3.5569)  manuloss: 2.1905 (2.0805)  acc1: 3.9062 (4.0734)  acc5: 8.9844 (9.4333)  family_acc1: 33.9844 (36.2057)  manu_acc1: 55.8594 (56.1587)  time: 0.2693  data: 0.1752  max mem: 11362
Test:  [250/391]  eta: 0:00:55  sploss: 8.1976 (8.2618)  famloss: 3.5782 (3.5766)  manuloss: 2.2145 (2.1230)  acc1: 3.9062 (4.0448)  acc5: 9.7656 (9.4373)  family_acc1: 36.3281 (35.7756)  manu_acc1: 52.3438 (55.0517)  time: 0.2700  data: 0.1773  max mem: 11362
Test:  [300/391]  eta: 0:00:36  sploss: 8.2174 (8.2510)  famloss: 3.3335 (3.5442)  manuloss: 1.8703 (2.0945)  acc1: 3.9062 (4.0853)  acc5: 8.5938 (9.4438)  family_acc1: 39.0625 (36.1867)  manu_acc1: 59.7656 (55.5544)  time: 0.4336  data: 0.3397  max mem: 11362
Test:  [350/391]  eta: 0:00:16  sploss: 8.2930 (8.2572)  famloss: 3.4887 (3.5328)  manuloss: 1.9641 (2.0764)  acc1: 3.5156 (4.0376)  acc5: 8.5938 (9.3594)  family_acc1: 36.3281 (36.3893)  manu_acc1: 57.0312 (55.9996)  time: 0.4376  data: 0.3432  max mem: 11362
Test:  [390/391]  eta: 0:00:00  sploss: 8.2295 (8.2574)  famloss: 3.3711 (3.5178)  manuloss: 1.7208 (2.0451)  acc1: 5.0781 (4.0850)  acc5: 10.0000 (9.4070)  family_acc1: 38.6719 (36.7270)  manu_acc1: 65.2344 (56.7820)  time: 0.4110  data: 0.3210  max mem: 11362
Test: Total time: 0:02:33 (0.3916 s / it)
* Acc@1 4.085 Acc@5 9.407 family@1 36.727 manu@1 56.782 sploss 8.257 fmloss 3.518 mfloss 2.045
Accuracy of the network on the 100000 test images: 4.1%
Max accuracy: 4.16%
Epoch: [93]  [ 0/39]  eta: 0:03:58  lr: 0.000014  sp_loss: 4.0367 (4.0367)  fam_loss: 2.9513 (2.9513)  manu_loss: 2.1701 (2.1701)  ot_loss: 0.6101 (0.6101)  base_loss: 4.5850 (4.5850)  time: 6.1233  data: 5.7820  max mem: 11362
Epoch: [93]  [38/39]  eta: 0:00:00  lr: 0.000014  sp_loss: 4.3213 (4.1611)  fam_loss: 3.1129 (2.9935)  manu_loss: 2.2701 (2.1903)  ot_loss: 0.6012 (0.6014)  base_loss: 4.7991 (4.6544)  time: 0.3669  data: 0.0808  max mem: 11362
Epoch: [93] Total time: 0:00:19 (0.5073 s / it)
Averaged stats: lr: 0.000014  sp_loss: 4.3213 (4.1611)  fam_loss: 3.1129 (2.9935)  manu_loss: 2.2701 (2.1903)  ot_loss: 0.6012 (0.6014)  base_loss: 4.7991 (4.6544)
Epoch: [94]  [ 0/39]  eta: 0:03:54  lr: 0.000013  sp_loss: 4.5005 (4.5005)  fam_loss: 3.2499 (3.2499)  manu_loss: 2.2742 (2.2742)  ot_loss: 0.5957 (0.5957)  base_loss: 4.9292 (4.9292)  time: 6.0239  data: 5.6739  max mem: 11362
Epoch: [94]  [38/39]  eta: 0:00:00  lr: 0.000013  sp_loss: 4.1174 (4.0051)  fam_loss: 2.9280 (2.8591)  manu_loss: 2.1406 (2.0968)  ot_loss: 0.6023 (0.6037)  base_loss: 4.5791 (4.5096)  time: 0.3522  data: 0.0768  max mem: 11362
Epoch: [94] Total time: 0:00:19 (0.5045 s / it)
Averaged stats: lr: 0.000013  sp_loss: 4.1174 (4.0051)  fam_loss: 2.9280 (2.8591)  manu_loss: 2.1406 (2.0968)  ot_loss: 0.6023 (0.6037)  base_loss: 4.5791 (4.5096)
Test:  [  0/391]  eta: 0:36:33  sploss: 8.1287 (8.1287)  famloss: 3.1817 (3.1817)  manuloss: 1.7826 (1.7826)  acc1: 3.9062 (3.9062)  acc5: 10.1562 (10.1562)  family_acc1: 39.0625 (39.0625)  manu_acc1: 61.3281 (61.3281)  time: 5.6107  data: 5.4992  max mem: 11362
Test:  [ 50/391]  eta: 0:02:43  sploss: 8.2660 (8.2895)  famloss: 3.5250 (3.5020)  manuloss: 1.9743 (2.0340)  acc1: 3.5156 (4.0211)  acc5: 9.3750 (9.2295)  family_acc1: 37.1094 (36.8183)  manu_acc1: 57.4219 (57.1002)  time: 0.4288  data: 0.3342  max mem: 11362
Test:  [100/391]  eta: 0:02:04  sploss: 8.2451 (8.2692)  famloss: 3.6095 (3.5039)  manuloss: 2.0541 (2.0439)  acc1: 3.5156 (4.0803)  acc5: 8.9844 (9.3634)  family_acc1: 35.1562 (36.6182)  manu_acc1: 57.4219 (56.7760)  time: 0.4447  data: 0.3494  max mem: 11362
Test:  [150/391]  eta: 0:01:38  sploss: 8.1890 (8.2573)  famloss: 3.3325 (3.4844)  manuloss: 1.8835 (2.0449)  acc1: 4.2969 (4.2477)  acc5: 9.7656 (9.6001)  family_acc1: 39.0625 (36.8947)  manu_acc1: 59.7656 (56.6225)  time: 0.4361  data: 0.3413  max mem: 11362
Test:  [200/391]  eta: 0:01:16  sploss: 8.2636 (8.2632)  famloss: 3.5702 (3.5144)  manuloss: 2.1685 (2.0599)  acc1: 3.9062 (4.2094)  acc5: 9.3750 (9.5382)  family_acc1: 34.3750 (36.5108)  manu_acc1: 55.0781 (56.3763)  time: 0.2864  data: 0.1916  max mem: 11362
Test:  [250/391]  eta: 0:00:55  sploss: 8.2016 (8.2642)  famloss: 3.5513 (3.5344)  manuloss: 2.1771 (2.1039)  acc1: 3.5156 (4.1739)  acc5: 9.7656 (9.5337)  family_acc1: 35.5469 (36.0916)  manu_acc1: 52.7344 (55.2820)  time: 0.2662  data: 0.1726  max mem: 11362
Test:  [300/391]  eta: 0:00:36  sploss: 8.2083 (8.2528)  famloss: 3.3002 (3.5023)  manuloss: 1.8423 (2.0762)  acc1: 3.9062 (4.1918)  acc5: 8.9844 (9.5580)  family_acc1: 39.4531 (36.4890)  manu_acc1: 58.9844 (55.7049)  time: 0.4391  data: 0.3452  max mem: 11362
Test:  [350/391]  eta: 0:00:16  sploss: 8.2993 (8.2595)  famloss: 3.4637 (3.4913)  manuloss: 1.9528 (2.0584)  acc1: 3.5156 (4.1444)  acc5: 9.3750 (9.4574)  family_acc1: 37.5000 (36.6865)  manu_acc1: 56.6406 (56.1009)  time: 0.4391  data: 0.3437  max mem: 11362
Test:  [390/391]  eta: 0:00:00  sploss: 8.2361 (8.2604)  famloss: 3.3206 (3.4759)  manuloss: 1.6960 (2.0255)  acc1: 5.0781 (4.1780)  acc5: 10.1562 (9.5030)  family_acc1: 40.0000 (37.0350)  manu_acc1: 64.8438 (56.8890)  time: 0.4220  data: 0.3311  max mem: 11362
Test: Total time: 0:02:33 (0.3921 s / it)
* Acc@1 4.178 Acc@5 9.503 family@1 37.035 manu@1 56.889 sploss 8.260 fmloss 3.476 mfloss 2.026
Accuracy of the network on the 100000 test images: 4.2%
Max accuracy: 4.18%
Epoch: [95]  [ 0/39]  eta: 0:03:38  lr: 0.000012  sp_loss: 3.0395 (3.0395)  fam_loss: 2.2225 (2.2225)  manu_loss: 1.7084 (1.7084)  ot_loss: 0.6183 (0.6183)  base_loss: 3.7207 (3.7207)  time: 5.6082  data: 5.2619  max mem: 11362
Epoch: [95]  [38/39]  eta: 0:00:00  lr: 0.000012  sp_loss: 4.4474 (4.1821)  fam_loss: 3.1633 (3.0079)  manu_loss: 2.1998 (2.2072)  ot_loss: 0.5965 (0.6016)  base_loss: 4.9191 (4.6740)  time: 0.3594  data: 0.0832  max mem: 11362
Epoch: [95] Total time: 0:00:19 (0.5041 s / it)
Averaged stats: lr: 0.000012  sp_loss: 4.4474 (4.1821)  fam_loss: 3.1633 (3.0079)  manu_loss: 2.1998 (2.2072)  ot_loss: 0.5965 (0.6016)  base_loss: 4.9191 (4.6740)
Epoch: [96]  [ 0/39]  eta: 0:03:52  lr: 0.000011  sp_loss: 4.2759 (4.2759)  fam_loss: 3.0512 (3.0512)  manu_loss: 2.2224 (2.2224)  ot_loss: 0.6001 (0.6001)  base_loss: 4.7392 (4.7392)  time: 5.9661  data: 5.6210  max mem: 11362
Epoch: [96]  [38/39]  eta: 0:00:00  lr: 0.000011  sp_loss: 4.2718 (3.9936)  fam_loss: 2.9985 (2.8584)  manu_loss: 2.1728 (2.0967)  ot_loss: 0.6020 (0.6033)  base_loss: 4.7096 (4.5018)  time: 0.3541  data: 0.0768  max mem: 11362
Epoch: [96] Total time: 0:00:19 (0.5036 s / it)
Averaged stats: lr: 0.000011  sp_loss: 4.2718 (3.9936)  fam_loss: 2.9985 (2.8584)  manu_loss: 2.1728 (2.0967)  ot_loss: 0.6020 (0.6033)  base_loss: 4.7096 (4.5018)
Test:  [  0/391]  eta: 0:40:57  sploss: 8.1363 (8.1363)  famloss: 3.2006 (3.2006)  manuloss: 1.7870 (1.7870)  acc1: 3.9062 (3.9062)  acc5: 10.5469 (10.5469)  family_acc1: 39.0625 (39.0625)  manu_acc1: 61.3281 (61.3281)  time: 6.2856  data: 6.1732  max mem: 11362
Test:  [ 50/391]  eta: 0:02:46  sploss: 8.2736 (8.2974)  famloss: 3.5207 (3.5029)  manuloss: 1.9767 (2.0303)  acc1: 3.5156 (3.9828)  acc5: 8.9844 (9.2218)  family_acc1: 37.8906 (36.9179)  manu_acc1: 57.8125 (57.1155)  time: 0.4432  data: 0.3478  max mem: 11362
Test:  [100/391]  eta: 0:02:04  sploss: 8.2508 (8.2770)  famloss: 3.6027 (3.5055)  manuloss: 2.0558 (2.0411)  acc1: 3.9062 (4.0726)  acc5: 8.9844 (9.3093)  family_acc1: 35.5469 (36.6878)  manu_acc1: 57.4219 (56.7644)  time: 0.4404  data: 0.3447  max mem: 11362
Test:  [150/391]  eta: 0:01:38  sploss: 8.1980 (8.2654)  famloss: 3.3433 (3.4859)  manuloss: 1.8780 (2.0426)  acc1: 3.9062 (4.1986)  acc5: 9.7656 (9.5742)  family_acc1: 39.0625 (37.0033)  manu_acc1: 59.7656 (56.6561)  time: 0.4423  data: 0.3478  max mem: 11362
Test:  [200/391]  eta: 0:01:16  sploss: 8.2719 (8.2712)  famloss: 3.5748 (3.5161)  manuloss: 2.1701 (2.0575)  acc1: 3.9062 (4.1822)  acc5: 9.3750 (9.5130)  family_acc1: 34.3750 (36.5944)  manu_acc1: 55.4688 (56.4443)  time: 0.2616  data: 0.1678  max mem: 11362
Test:  [250/391]  eta: 0:00:55  sploss: 8.2106 (8.2727)  famloss: 3.5496 (3.5359)  manuloss: 2.1720 (2.1007)  acc1: 3.5156 (4.1521)  acc5: 9.7656 (9.5088)  family_acc1: 35.5469 (36.1678)  manu_acc1: 52.3438 (55.3365)  time: 0.2632  data: 0.1706  max mem: 11362
Test:  [300/391]  eta: 0:00:36  sploss: 8.2237 (8.2612)  famloss: 3.3008 (3.5042)  manuloss: 1.8284 (2.0731)  acc1: 3.9062 (4.1736)  acc5: 8.9844 (9.5255)  family_acc1: 39.0625 (36.5578)  manu_acc1: 58.9844 (55.7971)  time: 0.4308  data: 0.3367  max mem: 11362
Test:  [350/391]  eta: 0:00:16  sploss: 8.3051 (8.2679)  famloss: 3.4681 (3.4932)  manuloss: 1.9388 (2.0553)  acc1: 3.9062 (4.1188)  acc5: 8.9844 (9.4240)  family_acc1: 37.1094 (36.7488)  manu_acc1: 57.0312 (56.1921)  time: 0.4242  data: 0.3293  max mem: 11362
Test:  [390/391]  eta: 0:00:00  sploss: 8.2463 (8.2687)  famloss: 3.3282 (3.4777)  manuloss: 1.6910 (2.0226)  acc1: 5.0000 (4.1630)  acc5: 10.1562 (9.4740)  family_acc1: 40.6250 (37.1240)  manu_acc1: 64.4531 (56.9800)  time: 0.4059  data: 0.3150  max mem: 11362
Test: Total time: 0:02:32 (0.3899 s / it)
* Acc@1 4.163 Acc@5 9.474 family@1 37.124 manu@1 56.980 sploss 8.269 fmloss 3.478 mfloss 2.023
Accuracy of the network on the 100000 test images: 4.2%
Max accuracy: 4.18%
Epoch: [97]  [ 0/39]  eta: 0:03:57  lr: 0.000011  sp_loss: 4.3394 (4.3394)  fam_loss: 3.1640 (3.1640)  manu_loss: 2.3529 (2.3529)  ot_loss: 0.5972 (0.5972)  base_loss: 4.8422 (4.8422)  time: 6.0832  data: 5.7375  max mem: 11362
Epoch: [97]  [38/39]  eta: 0:00:00  lr: 0.000011  sp_loss: 4.0580 (4.0140)  fam_loss: 2.8017 (2.8733)  manu_loss: 2.1424 (2.1222)  ot_loss: 0.6009 (0.6032)  base_loss: 4.5410 (4.5225)  time: 0.3498  data: 0.0732  max mem: 11362
Epoch: [97] Total time: 0:00:19 (0.5081 s / it)
Averaged stats: lr: 0.000011  sp_loss: 4.0580 (4.0140)  fam_loss: 2.8017 (2.8733)  manu_loss: 2.1424 (2.1222)  ot_loss: 0.6009 (0.6032)  base_loss: 4.5410 (4.5225)
Epoch: [98]  [ 0/39]  eta: 0:03:40  lr: 0.000011  sp_loss: 4.4506 (4.4506)  fam_loss: 3.1219 (3.1219)  manu_loss: 2.3291 (2.3291)  ot_loss: 0.6001 (0.6001)  base_loss: 4.8720 (4.8720)  time: 5.6641  data: 5.3126  max mem: 11362
Epoch: [98]  [38/39]  eta: 0:00:00  lr: 0.000011  sp_loss: 4.0017 (3.9818)  fam_loss: 2.9028 (2.8466)  manu_loss: 2.1508 (2.0865)  ot_loss: 0.6031 (0.6036)  base_loss: 4.5384 (4.4883)  time: 0.3755  data: 0.0934  max mem: 11362
Epoch: [98] Total time: 0:00:19 (0.5088 s / it)
Averaged stats: lr: 0.000011  sp_loss: 4.0017 (3.9818)  fam_loss: 2.9028 (2.8466)  manu_loss: 2.1508 (2.0865)  ot_loss: 0.6031 (0.6036)  base_loss: 4.5384 (4.4883)
Test:  [  0/391]  eta: 0:36:30  sploss: 8.1394 (8.1394)  famloss: 3.2157 (3.2157)  manuloss: 1.7984 (1.7984)  acc1: 3.5156 (3.5156)  acc5: 10.1562 (10.1562)  family_acc1: 39.8438 (39.8438)  manu_acc1: 60.5469 (60.5469)  time: 5.6027  data: 5.4878  max mem: 11362
Test:  [ 50/391]  eta: 0:02:43  sploss: 8.2749 (8.2901)  famloss: 3.5376 (3.5177)  manuloss: 1.9871 (2.0357)  acc1: 3.5156 (4.0671)  acc5: 8.5938 (9.2907)  family_acc1: 37.8906 (36.8873)  manu_acc1: 58.2031 (57.3683)  time: 0.4479  data: 0.3538  max mem: 11362
Test:  [100/391]  eta: 0:02:04  sploss: 8.2510 (8.2699)  famloss: 3.6254 (3.5198)  manuloss: 2.0826 (2.0461)  acc1: 3.5156 (4.0996)  acc5: 9.7656 (9.3866)  family_acc1: 35.5469 (36.8193)  manu_acc1: 57.0312 (56.8959)  time: 0.4389  data: 0.3457  max mem: 11362
Test:  [150/391]  eta: 0:01:38  sploss: 8.1928 (8.2587)  famloss: 3.3519 (3.4995)  manuloss: 1.8768 (2.0468)  acc1: 4.2969 (4.2451)  acc5: 10.1562 (9.6518)  family_acc1: 39.8438 (37.1016)  manu_acc1: 58.9844 (56.7855)  time: 0.4364  data: 0.3428  max mem: 11362
Test:  [200/391]  eta: 0:01:16  sploss: 8.2585 (8.2649)  famloss: 3.5979 (3.5296)  manuloss: 2.1861 (2.0616)  acc1: 3.9062 (4.2347)  acc5: 8.9844 (9.5674)  family_acc1: 34.7656 (36.6741)  manu_acc1: 55.4688 (56.5804)  time: 0.3158  data: 0.2228  max mem: 11362
Test:  [250/391]  eta: 0:00:55  sploss: 8.2010 (8.2665)  famloss: 3.5615 (3.5496)  manuloss: 2.1810 (2.1043)  acc1: 3.9062 (4.1988)  acc5: 9.7656 (9.5758)  family_acc1: 35.1562 (36.2379)  manu_acc1: 52.7344 (55.4579)  time: 0.2711  data: 0.1774  max mem: 11362
Test:  [300/391]  eta: 0:00:36  sploss: 8.2187 (8.2549)  famloss: 3.2976 (3.5171)  manuloss: 1.8271 (2.0765)  acc1: 3.9062 (4.2346)  acc5: 9.3750 (9.6047)  family_acc1: 39.4531 (36.6253)  manu_acc1: 59.3750 (55.9256)  time: 0.3865  data: 0.2923  max mem: 11362
Test:  [350/391]  eta: 0:00:16  sploss: 8.2939 (8.2609)  famloss: 3.4731 (3.5058)  manuloss: 1.9283 (2.0582)  acc1: 3.9062 (4.1845)  acc5: 8.9844 (9.5097)  family_acc1: 37.1094 (36.8401)  manu_acc1: 57.0312 (56.3290)  time: 0.4391  data: 0.3454  max mem: 11362
Test:  [390/391]  eta: 0:00:00  sploss: 8.2344 (8.2617)  famloss: 3.3309 (3.4905)  manuloss: 1.6908 (2.0260)  acc1: 5.0000 (4.2200)  acc5: 9.3750 (9.5620)  family_acc1: 40.2344 (37.1850)  manu_acc1: 64.8438 (57.1130)  time: 0.4127  data: 0.3231  max mem: 11362
Test: Total time: 0:02:32 (0.3893 s / it)
* Acc@1 4.220 Acc@5 9.562 family@1 37.185 manu@1 57.113 sploss 8.262 fmloss 3.490 mfloss 2.026
Accuracy of the network on the 100000 test images: 4.2%
Max accuracy: 4.22%
Epoch: [99]  [ 0/39]  eta: 0:03:42  lr: 0.000010  sp_loss: 4.1818 (4.1818)  fam_loss: 2.9062 (2.9062)  manu_loss: 2.1661 (2.1661)  ot_loss: 0.6004 (0.6004)  base_loss: 4.6447 (4.6447)  time: 5.6940  data: 5.3442  max mem: 11362
Epoch: [99]  [38/39]  eta: 0:00:00  lr: 0.000010  sp_loss: 4.1281 (3.8323)  fam_loss: 2.9344 (2.7480)  manu_loss: 2.1295 (2.0149)  ot_loss: 0.6015 (0.6047)  base_loss: 4.6485 (4.3657)  time: 0.3712  data: 0.0945  max mem: 11362
Epoch: [99] Total time: 0:00:19 (0.5037 s / it)
Averaged stats: lr: 0.000010  sp_loss: 4.1281 (3.8323)  fam_loss: 2.9344 (2.7480)  manu_loss: 2.1295 (2.0149)  ot_loss: 0.6015 (0.6047)  base_loss: 4.6485 (4.3657)
Training time 1:49:39
Test:  [  0/391]  eta: 0:36:56  sploss: 8.1339 (8.1339)  famloss: 3.2081 (3.2081)  manuloss: 1.8081 (1.8081)  acc1: 3.9062 (3.9062)  acc5: 10.1562 (10.1562)  family_acc1: 38.2812 (38.2812)  manu_acc1: 59.7656 (59.7656)  time: 5.6676  data: 5.4441  max mem: 11362
Test:  [  1/391]  eta: 0:19:07  sploss: 8.1339 (8.2358)  famloss: 3.2081 (3.3385)  manuloss: 1.8081 (1.9752)  acc1: 3.9062 (5.4688)  acc5: 10.1562 (11.1328)  family_acc1: 37.8906 (38.0859)  manu_acc1: 54.6875 (57.2266)  time: 2.9435  data: 2.7223  max mem: 11362
Test:  [  2/391]  eta: 0:13:10  sploss: 8.2674 (8.2463)  famloss: 3.2081 (3.2797)  manuloss: 1.8081 (1.8191)  acc1: 4.6875 (5.2083)  acc5: 10.5469 (10.9375)  family_acc1: 38.2812 (40.7552)  manu_acc1: 59.7656 (60.8073)  time: 2.0333  data: 1.8150  max mem: 11362
Test:  [  3/391]  eta: 0:10:11  sploss: 8.2674 (8.2579)  famloss: 3.2081 (3.3364)  manuloss: 1.8081 (1.8624)  acc1: 4.2969 (4.9805)  acc5: 10.1562 (10.7422)  family_acc1: 38.2812 (40.1367)  manu_acc1: 54.6875 (59.2773)  time: 1.5771  data: 1.3614  max mem: 11362
Test:  [  4/391]  eta: 0:08:24  sploss: 8.2926 (8.2708)  famloss: 3.4688 (3.3931)  manuloss: 1.9925 (1.9171)  acc1: 4.2969 (4.6875)  acc5: 10.1562 (10.3906)  family_acc1: 38.2812 (39.7656)  manu_acc1: 54.6875 (58.3594)  time: 1.3029  data: 1.0892  max mem: 11362
Test:  [  5/391]  eta: 0:07:12  sploss: 8.2674 (8.2629)  famloss: 3.4688 (3.4066)  manuloss: 1.9925 (1.9384)  acc1: 3.9062 (4.3620)  acc5: 10.1562 (10.2214)  family_acc1: 38.2812 (39.2578)  manu_acc1: 54.6875 (58.0729)  time: 1.1194  data: 0.9078  max mem: 11362
Test:  [  6/391]  eta: 0:06:19  sploss: 8.2803 (8.2653)  famloss: 3.4688 (3.3810)  manuloss: 1.9925 (1.9147)  acc1: 4.2969 (4.4085)  acc5: 10.1562 (10.2121)  family_acc1: 38.2812 (39.3973)  manu_acc1: 56.6406 (58.7054)  time: 0.9868  data: 0.7781  max mem: 11362
Test:  [  7/391]  eta: 0:05:41  sploss: 8.2803 (8.2686)  famloss: 3.3899 (3.3821)  manuloss: 1.9925 (1.9378)  acc1: 3.9062 (4.1992)  acc5: 10.1562 (9.7656)  family_acc1: 38.2812 (39.2578)  manu_acc1: 56.6406 (58.5938)  time: 0.8890  data: 0.6809  max mem: 11362
Test:  [  8/391]  eta: 0:05:11  sploss: 8.2915 (8.3106)  famloss: 3.4688 (3.4789)  manuloss: 2.0447 (2.0285)  acc1: 3.9062 (3.9931)  acc5: 10.1562 (9.4184)  family_acc1: 38.2812 (37.7604)  manu_acc1: 56.6406 (57.1181)  time: 0.8132  data: 0.6053  max mem: 11362
Test:  [  9/391]  eta: 0:04:47  sploss: 8.2915 (8.3142)  famloss: 3.4688 (3.5190)  manuloss: 2.0447 (2.0539)  acc1: 3.9062 (4.0625)  acc5: 9.3750 (9.3750)  family_acc1: 38.2812 (37.0703)  manu_acc1: 55.4688 (56.9531)  time: 0.7518  data: 0.5448  max mem: 11362
Test:  [ 10/391]  eta: 0:04:27  sploss: 8.2926 (8.3133)  famloss: 3.4740 (3.5235)  manuloss: 2.0713 (2.0555)  acc1: 4.2969 (4.0838)  acc5: 9.3750 (9.1974)  family_acc1: 38.2812 (37.1094)  manu_acc1: 56.6406 (57.0668)  time: 0.7013  data: 0.4953  max mem: 11362
Test:  [ 11/391]  eta: 0:04:10  sploss: 8.2915 (8.3042)  famloss: 3.4688 (3.5178)  manuloss: 2.0713 (2.0608)  acc1: 4.2969 (4.1341)  acc5: 9.3750 (9.2448)  family_acc1: 38.2812 (37.2721)  manu_acc1: 56.6406 (57.0638)  time: 0.6597  data: 0.4541  max mem: 11362
Test:  [ 12/391]  eta: 0:04:59  sploss: 8.2926 (8.3117)  famloss: 3.4740 (3.5347)  manuloss: 2.0997 (2.0720)  acc1: 4.2969 (4.2067)  acc5: 9.3750 (9.2548)  family_acc1: 38.2812 (36.9591)  manu_acc1: 56.6406 (56.9411)  time: 0.7901  data: 0.5836  max mem: 11362
Test:  [ 13/391]  eta: 0:04:45  sploss: 8.2926 (8.3234)  famloss: 3.4740 (3.5401)  manuloss: 2.0713 (2.0697)  acc1: 4.2969 (4.0737)  acc5: 9.3750 (9.0960)  family_acc1: 37.8906 (36.8025)  manu_acc1: 56.2500 (56.8917)  time: 0.7542  data: 0.5472  max mem: 11362
Test:  [ 14/391]  eta: 0:04:30  sploss: 8.3046 (8.3268)  famloss: 3.4740 (3.5272)  manuloss: 2.0713 (2.0580)  acc1: 4.2969 (4.0625)  acc5: 9.3750 (9.1927)  family_acc1: 38.2812 (36.9010)  manu_acc1: 56.6406 (57.0312)  time: 0.7174  data: 0.5107  max mem: 11362
Test:  [ 15/391]  eta: 0:04:17  sploss: 8.2926 (8.3148)  famloss: 3.4688 (3.5163)  manuloss: 2.0447 (2.0520)  acc1: 4.2969 (4.1504)  acc5: 9.3750 (9.3018)  family_acc1: 38.2812 (37.1582)  manu_acc1: 56.6406 (57.2754)  time: 0.6852  data: 0.4788  max mem: 11362
Test:  [ 16/391]  eta: 0:04:07  sploss: 8.3046 (8.3143)  famloss: 3.4715 (3.5136)  manuloss: 2.0447 (2.0439)  acc1: 4.2969 (4.1360)  acc5: 9.3750 (9.2371)  family_acc1: 38.2812 (37.0175)  manu_acc1: 57.0312 (57.4908)  time: 0.6606  data: 0.4550  max mem: 11362
Test:  [ 17/391]  eta: 0:03:57  sploss: 8.2926 (8.3082)  famloss: 3.4688 (3.5090)  manuloss: 2.0396 (2.0351)  acc1: 4.2969 (4.1667)  acc5: 9.3750 (9.1797)  family_acc1: 37.8906 (36.8924)  manu_acc1: 57.0312 (57.5304)  time: 0.6350  data: 0.4298  max mem: 11362
Test:  [ 18/391]  eta: 0:03:48  sploss: 8.3046 (8.3100)  famloss: 3.4688 (3.5024)  manuloss: 2.0447 (2.0381)  acc1: 4.2969 (4.1735)  acc5: 9.3750 (9.1694)  family_acc1: 38.2812 (37.1711)  manu_acc1: 57.0312 (57.5041)  time: 0.6118  data: 0.4072  max mem: 11362
Test:  [ 19/391]  eta: 0:03:40  sploss: 8.2926 (8.3026)  famloss: 3.4688 (3.5050)  manuloss: 2.0447 (2.0439)  acc1: 4.2969 (4.2383)  acc5: 8.9844 (9.1406)  family_acc1: 37.8906 (37.0508)  manu_acc1: 57.0312 (57.3438)  time: 0.5917  data: 0.3868  max mem: 11362
Test:  [ 20/391]  eta: 0:03:32  sploss: 8.3046 (8.3062)  famloss: 3.4715 (3.5087)  manuloss: 2.0447 (2.0395)  acc1: 4.2969 (4.1481)  acc5: 8.9844 (9.1146)  family_acc1: 37.5000 (37.0722)  manu_acc1: 57.0312 (57.4591)  time: 0.3184  data: 0.1146  max mem: 11362
Test:  [ 21/391]  eta: 0:03:25  sploss: 8.2926 (8.2989)  famloss: 3.4740 (3.5213)  manuloss: 2.0447 (2.0451)  acc1: 4.2969 (4.2969)  acc5: 8.9844 (9.3040)  family_acc1: 37.5000 (36.8253)  manu_acc1: 57.0312 (57.4041)  time: 0.3170  data: 0.1146  max mem: 11362
Test:  [ 22/391]  eta: 0:03:19  sploss: 8.2926 (8.2948)  famloss: 3.5065 (3.5221)  manuloss: 2.0713 (2.0467)  acc1: 4.2969 (4.3308)  acc5: 8.9844 (9.3240)  family_acc1: 36.7188 (36.7867)  manu_acc1: 57.0312 (57.3879)  time: 0.3164  data: 0.1146  max mem: 11362
Test:  [ 23/391]  eta: 0:03:13  sploss: 8.2915 (8.2916)  famloss: 3.5381 (3.5257)  manuloss: 2.0823 (2.0595)  acc1: 4.2969 (4.3132)  acc5: 8.9844 (9.3424)  family_acc1: 35.9375 (36.5234)  manu_acc1: 57.0312 (56.9173)  time: 0.3161  data: 0.1146  max mem: 11362
Test:  [ 24/391]  eta: 0:03:38  sploss: 8.2803 (8.2852)  famloss: 3.5377 (3.5262)  manuloss: 2.0823 (2.0687)  acc1: 4.2969 (4.2812)  acc5: 8.9844 (9.3750)  family_acc1: 34.7656 (36.4219)  manu_acc1: 57.0312 (56.6406)  time: 0.4176  data: 0.2153  max mem: 11362
Test:  [ 25/391]  eta: 0:03:35  sploss: 8.2915 (8.2860)  famloss: 3.5377 (3.5251)  manuloss: 2.0929 (2.0760)  acc1: 4.2969 (4.2668)  acc5: 8.9844 (9.3299)  family_acc1: 34.7656 (36.4032)  manu_acc1: 57.0312 (56.4303)  time: 0.4289  data: 0.2261  max mem: 11362
Test:  [ 26/391]  eta: 0:03:29  sploss: 8.2915 (8.2811)  famloss: 3.5377 (3.5255)  manuloss: 2.0997 (2.0791)  acc1: 3.9062 (4.2535)  acc5: 8.9844 (9.3316)  family_acc1: 34.7656 (36.3571)  manu_acc1: 56.2500 (56.3368)  time: 0.4299  data: 0.2261  max mem: 11362
Test:  [ 27/391]  eta: 0:03:24  sploss: 8.2189 (8.2761)  famloss: 3.5381 (3.5300)  manuloss: 2.1197 (2.0847)  acc1: 4.2969 (4.2829)  acc5: 8.9844 (9.4029)  family_acc1: 34.7656 (36.2165)  manu_acc1: 56.2500 (56.1663)  time: 0.4300  data: 0.2261  max mem: 11362
Test:  [ 28/391]  eta: 0:03:19  sploss: 8.2189 (8.2747)  famloss: 3.5377 (3.5210)  manuloss: 2.0929 (2.0801)  acc1: 4.2969 (4.3103)  acc5: 8.9844 (9.3885)  family_acc1: 34.7656 (36.4089)  manu_acc1: 56.2500 (56.2635)  time: 0.4298  data: 0.2261  max mem: 11362
Test:  [ 29/391]  eta: 0:03:14  sploss: 8.2067 (8.2725)  famloss: 3.5361 (3.5139)  manuloss: 2.0823 (2.0772)  acc1: 4.2969 (4.3099)  acc5: 9.3750 (9.4010)  family_acc1: 35.1562 (36.4453)  manu_acc1: 56.2500 (56.2500)  time: 0.4296  data: 0.2261  max mem: 11362
Test:  [ 30/391]  eta: 0:03:09  sploss: 8.2067 (8.2762)  famloss: 3.4984 (3.5127)  manuloss: 2.0823 (2.0703)  acc1: 4.2969 (4.2969)  acc5: 9.3750 (9.4506)  family_acc1: 35.1562 (36.4289)  manu_acc1: 56.2500 (56.2752)  time: 0.4298  data: 0.2261  max mem: 11362
Test:  [ 31/391]  eta: 0:03:05  sploss: 8.2189 (8.2835)  famloss: 3.5318 (3.5133)  manuloss: 2.0396 (2.0675)  acc1: 3.9062 (4.2603)  acc5: 9.3750 (9.3506)  family_acc1: 35.1562 (36.4868)  manu_acc1: 56.2500 (56.4331)  time: 0.4294  data: 0.2261  max mem: 11362
Test:  [ 32/391]  eta: 0:03:01  sploss: 8.2067 (8.2783)  famloss: 3.4984 (3.5039)  manuloss: 1.9929 (2.0526)  acc1: 3.9062 (4.2495)  acc5: 9.3750 (9.3868)  family_acc1: 35.9375 (36.7188)  manu_acc1: 57.0312 (56.8063)  time: 0.3212  data: 0.1192  max mem: 11362
Test:  [ 33/391]  eta: 0:02:57  sploss: 8.2067 (8.2782)  famloss: 3.4782 (3.4990)  manuloss: 1.9818 (2.0399)  acc1: 3.9062 (4.2739)  acc5: 9.7656 (9.3980)  family_acc1: 35.9375 (36.8451)  manu_acc1: 57.0312 (57.0887)  time: 0.3166  data: 0.1156  max mem: 11362
Test:  [ 34/391]  eta: 0:02:54  sploss: 8.2067 (8.2813)  famloss: 3.4782 (3.4961)  manuloss: 1.9818 (2.0327)  acc1: 4.2969 (4.2857)  acc5: 9.7656 (9.4531)  family_acc1: 35.9375 (36.8862)  manu_acc1: 57.0312 (57.2545)  time: 0.3164  data: 0.1156  max mem: 11362
Test:  [ 35/391]  eta: 0:02:50  sploss: 8.2189 (8.2834)  famloss: 3.4782 (3.4917)  manuloss: 1.9818 (2.0277)  acc1: 3.9062 (4.2426)  acc5: 9.3750 (9.4076)  family_acc1: 35.9375 (36.9575)  manu_acc1: 57.0312 (57.3134)  time: 0.3161  data: 0.1156  max mem: 11362
Test:  [ 36/391]  eta: 0:03:05  sploss: 8.2189 (8.2818)  famloss: 3.4782 (3.4888)  manuloss: 1.9818 (2.0264)  acc1: 3.9062 (4.2335)  acc5: 9.3750 (9.4067)  family_acc1: 35.9375 (36.9932)  manu_acc1: 57.0312 (57.3269)  time: 0.4077  data: 0.2054  max mem: 11362
Test:  [ 37/391]  eta: 0:03:05  sploss: 8.2248 (8.2857)  famloss: 3.4984 (3.4950)  manuloss: 1.9929 (2.0319)  acc1: 3.9062 (4.2044)  acc5: 9.3750 (9.3647)  family_acc1: 35.9375 (36.9141)  manu_acc1: 57.0312 (57.1957)  time: 0.4232  data: 0.2207  max mem: 11362
Test:  [ 38/391]  eta: 0:03:01  sploss: 8.2248 (8.2955)  famloss: 3.5318 (3.4965)  manuloss: 1.9929 (2.0342)  acc1: 3.9062 (4.1266)  acc5: 9.3750 (9.2248)  family_acc1: 35.9375 (36.9591)  manu_acc1: 56.6406 (57.1815)  time: 0.4237  data: 0.2207  max mem: 11362
Test:  [ 39/391]  eta: 0:02:58  sploss: 8.2370 (8.2988)  famloss: 3.5318 (3.5007)  manuloss: 1.9818 (2.0326)  acc1: 3.9062 (4.1113)  acc5: 9.3750 (9.1895)  family_acc1: 37.1094 (36.9629)  manu_acc1: 57.0312 (57.1777)  time: 0.4234  data: 0.2207  max mem: 11362
Test:  [ 40/391]  eta: 0:02:55  sploss: 8.2248 (8.2964)  famloss: 3.5318 (3.5015)  manuloss: 1.9818 (2.0299)  acc1: 3.9062 (4.1159)  acc5: 9.7656 (9.2035)  family_acc1: 35.9375 (36.9284)  manu_acc1: 57.0312 (57.2027)  time: 0.4233  data: 0.2207  max mem: 11362
Test:  [ 41/391]  eta: 0:02:52  sploss: 8.2265 (8.2948)  famloss: 3.5062 (3.5016)  manuloss: 1.9789 (2.0254)  acc1: 3.9062 (4.0923)  acc5: 9.3750 (9.1983)  family_acc1: 37.1094 (37.0071)  manu_acc1: 57.0312 (57.3568)  time: 0.4238  data: 0.2207  max mem: 11362
Test:  [ 42/391]  eta: 0:02:49  sploss: 8.2370 (8.2970)  famloss: 3.5062 (3.5038)  manuloss: 1.9789 (2.0261)  acc1: 3.9062 (4.0607)  acc5: 9.3750 (9.1933)  family_acc1: 37.1094 (36.9822)  manu_acc1: 57.0312 (57.3765)  time: 0.4235  data: 0.2207  max mem: 11362
Test:  [ 43/391]  eta: 0:02:46  sploss: 8.2755 (8.3015)  famloss: 3.5062 (3.5091)  manuloss: 1.9789 (2.0290)  acc1: 3.9062 (4.0039)  acc5: 8.9844 (9.1087)  family_acc1: 37.1094 (36.9496)  manu_acc1: 57.0312 (57.2976)  time: 0.4232  data: 0.2207  max mem: 11362
Test:  [ 44/391]  eta: 0:02:44  sploss: 8.2755 (8.3000)  famloss: 3.5062 (3.5118)  manuloss: 1.9789 (2.0291)  acc1: 3.9062 (4.0278)  acc5: 8.9844 (9.1233)  family_acc1: 37.1094 (36.9531)  manu_acc1: 57.8125 (57.3958)  time: 0.3210  data: 0.1200  max mem: 11362
Test:  [ 45/391]  eta: 0:02:41  sploss: 8.2370 (8.2954)  famloss: 3.5318 (3.5158)  manuloss: 1.9789 (2.0336)  acc1: 3.9062 (4.0251)  acc5: 9.3750 (9.1627)  family_acc1: 37.1094 (36.9395)  manu_acc1: 57.8125 (57.2945)  time: 0.3093  data: 0.1092  max mem: 11362
Test:  [ 46/391]  eta: 0:02:39  sploss: 8.2755 (8.2952)  famloss: 3.5318 (3.5190)  manuloss: 1.9789 (2.0332)  acc1: 3.9062 (4.0143)  acc5: 8.9844 (9.1423)  family_acc1: 37.1094 (36.8517)  manu_acc1: 57.8125 (57.2972)  time: 0.3084  data: 0.1092  max mem: 11362
Test:  [ 47/391]  eta: 0:02:36  sploss: 8.2755 (8.2945)  famloss: 3.5062 (3.5187)  manuloss: 1.9789 (2.0374)  acc1: 3.9062 (4.0365)  acc5: 8.9844 (9.1309)  family_acc1: 37.5000 (36.9059)  manu_acc1: 57.8125 (57.2428)  time: 0.3081  data: 0.1092  max mem: 11362
Test:  [ 48/391]  eta: 0:02:47  sploss: 8.2858 (8.2985)  famloss: 3.5062 (3.5180)  manuloss: 1.9789 (2.0353)  acc1: 3.5156 (4.0019)  acc5: 8.9844 (9.0880)  family_acc1: 37.5000 (36.9180)  manu_acc1: 57.8125 (57.2943)  time: 0.3985  data: 0.1989  max mem: 11362
Test:  [ 49/391]  eta: 0:02:46  sploss: 8.3574 (8.3025)  famloss: 3.5318 (3.5188)  manuloss: 1.9789 (2.0370)  acc1: 3.5156 (4.0000)  acc5: 8.9844 (9.1016)  family_acc1: 37.1094 (36.9219)  manu_acc1: 57.8125 (57.2500)  time: 0.4107  data: 0.2101  max mem: 11362
Test:  [ 50/391]  eta: 0:02:44  sploss: 8.2858 (8.2989)  famloss: 3.5347 (3.5200)  manuloss: 1.9818 (2.0408)  acc1: 3.5156 (4.0135)  acc5: 8.9844 (9.1376)  family_acc1: 37.1094 (36.8107)  manu_acc1: 57.8125 (57.1078)  time: 0.4113  data: 0.2101  max mem: 11362
Test:  [ 51/391]  eta: 0:02:41  sploss: 8.2858 (8.3016)  famloss: 3.5536 (3.5256)  manuloss: 2.0151 (2.0482)  acc1: 3.5156 (3.9889)  acc5: 8.9844 (9.1046)  family_acc1: 37.1094 (36.7188)  manu_acc1: 57.4219 (56.9561)  time: 0.4122  data: 0.2101  max mem: 11362
Test:  [ 52/391]  eta: 0:02:40  sploss: 8.2858 (8.2999)  famloss: 3.5617 (3.5272)  manuloss: 2.0323 (2.0551)  acc1: 3.5156 (3.9800)  acc5: 8.5938 (9.0949)  family_acc1: 37.1094 (36.6303)  manu_acc1: 57.0312 (56.7807)  time: 0.4202  data: 0.2175  max mem: 11362
Test:  [ 53/391]  eta: 0:02:38  sploss: 8.2858 (8.2986)  famloss: 3.5617 (3.5247)  manuloss: 2.0543 (2.0582)  acc1: 3.5156 (4.0365)  acc5: 8.5938 (9.1435)  family_acc1: 37.1094 (36.6609)  manu_acc1: 56.6406 (56.6985)  time: 0.4224  data: 0.2175  max mem: 11362
Test:  [ 54/391]  eta: 0:02:37  sploss: 8.2641 (8.2947)  famloss: 3.5794 (3.5259)  manuloss: 2.1194 (2.0593)  acc1: 3.5156 (4.0554)  acc5: 8.5938 (9.1548)  family_acc1: 36.3281 (36.5483)  manu_acc1: 55.0781 (56.6690)  time: 0.4279  data: 0.2175  max mem: 11362
Test:  [ 55/391]  eta: 0:02:35  sploss: 8.2641 (8.2958)  famloss: 3.5794 (3.5267)  manuloss: 2.1202 (2.0628)  acc1: 3.5156 (4.0527)  acc5: 8.5938 (9.1309)  family_acc1: 35.9375 (36.5165)  manu_acc1: 55.0781 (56.5848)  time: 0.4281  data: 0.2175  max mem: 11362
Test:  [ 56/391]  eta: 0:02:33  sploss: 8.2858 (8.2970)  famloss: 3.5794 (3.5233)  manuloss: 2.1203 (2.0646)  acc1: 3.5156 (4.0365)  acc5: 8.5938 (9.1420)  family_acc1: 35.9375 (36.5680)  manu_acc1: 54.6875 (56.5173)  time: 0.3333  data: 0.1239  max mem: 11362
Test:  [ 57/391]  eta: 0:02:31  sploss: 8.2641 (8.2922)  famloss: 3.5754 (3.5211)  manuloss: 2.1202 (2.0619)  acc1: 3.5156 (4.0544)  acc5: 8.9844 (9.1460)  family_acc1: 36.3281 (36.5773)  manu_acc1: 55.0781 (56.4992)  time: 0.3177  data: 0.1087  max mem: 11362
Test:  [ 58/391]  eta: 0:02:29  sploss: 8.2346 (8.2905)  famloss: 3.5754 (3.5161)  manuloss: 2.1194 (2.0589)  acc1: 3.9062 (4.0651)  acc5: 8.9844 (9.1830)  family_acc1: 36.3281 (36.6790)  manu_acc1: 55.0781 (56.5943)  time: 0.3173  data: 0.1087  max mem: 11362
Test:  [ 59/391]  eta: 0:02:27  sploss: 8.2265 (8.2888)  famloss: 3.5617 (3.5133)  manuloss: 2.1194 (2.0584)  acc1: 3.9062 (4.0755)  acc5: 9.3750 (9.2448)  family_acc1: 35.9375 (36.6602)  manu_acc1: 55.0781 (56.5885)  time: 0.3169  data: 0.1087  max mem: 11362
Test:  [ 60/391]  eta: 0:02:35  sploss: 8.2346 (8.2889)  famloss: 3.5617 (3.5112)  manuloss: 2.1194 (2.0580)  acc1: 3.9062 (4.0856)  acc5: 9.3750 (9.2661)  family_acc1: 36.3281 (36.6803)  manu_acc1: 55.0781 (56.5702)  time: 0.4082  data: 0.1980  max mem: 11362
Test:  [ 61/391]  eta: 0:02:35  sploss: 8.2641 (8.2886)  famloss: 3.5617 (3.5085)  manuloss: 2.1194 (2.0545)  acc1: 3.9062 (4.0890)  acc5: 9.7656 (9.2742)  family_acc1: 36.3281 (36.7251)  manu_acc1: 55.0781 (56.6154)  time: 0.4261  data: 0.2160  max mem: 11362
Test:  [ 62/391]  eta: 0:02:33  sploss: 8.2635 (8.2882)  famloss: 3.5055 (3.5067)  manuloss: 2.1203 (2.0562)  acc1: 3.9062 (4.0675)  acc5: 9.7656 (9.2758)  family_acc1: 37.1094 (36.7684)  manu_acc1: 54.6875 (56.5662)  time: 0.4264  data: 0.2160  max mem: 11362
Test:  [ 63/391]  eta: 0:02:31  sploss: 8.2346 (8.2852)  famloss: 3.4874 (3.5064)  manuloss: 2.1203 (2.0596)  acc1: 4.2969 (4.1016)  acc5: 9.7656 (9.3018)  family_acc1: 37.1094 (36.7981)  manu_acc1: 54.6875 (56.4941)  time: 0.4265  data: 0.2160  max mem: 11362
Test:  [ 64/391]  eta: 0:02:30  sploss: 8.2635 (8.2885)  famloss: 3.4874 (3.5089)  manuloss: 2.1203 (2.0589)  acc1: 3.9062 (4.0986)  acc5: 9.7656 (9.2728)  family_acc1: 37.1094 (36.7788)  manu_acc1: 54.6875 (56.4904)  time: 0.4268  data: 0.2160  max mem: 11362
Test:  [ 65/391]  eta: 0:02:28  sploss: 8.2635 (8.2874)  famloss: 3.4817 (3.5066)  manuloss: 2.1194 (2.0577)  acc1: 4.2969 (4.1075)  acc5: 9.7656 (9.2803)  family_acc1: 37.1094 (36.7720)  manu_acc1: 55.0781 (56.4867)  time: 0.4268  data: 0.2160  max mem: 11362
Test:  [ 66/391]  eta: 0:02:26  sploss: 8.2635 (8.2897)  famloss: 3.4817 (3.5091)  manuloss: 2.1194 (2.0578)  acc1: 4.2969 (4.1045)  acc5: 9.7656 (9.2526)  family_acc1: 37.1094 (36.7246)  manu_acc1: 55.0781 (56.4774)  time: 0.4268  data: 0.2160  max mem: 11362
Test:  [ 67/391]  eta: 0:02:24  sploss: 8.2252 (8.2884)  famloss: 3.3989 (3.5063)  manuloss: 2.0662 (2.0557)  acc1: 4.2969 (4.1073)  acc5: 9.7656 (9.2716)  family_acc1: 36.3281 (36.7130)  manu_acc1: 55.0781 (56.5372)  time: 0.4269  data: 0.2160  max mem: 11362
Test:  [ 68/391]  eta: 0:02:23  sploss: 8.2160 (8.2873)  famloss: 3.3970 (3.5035)  manuloss: 2.0662 (2.0549)  acc1: 4.2969 (4.0761)  acc5: 9.7656 (9.2505)  family_acc1: 36.3281 (36.7697)  manu_acc1: 55.0781 (56.5331)  time: 0.3357  data: 0.1262  max mem: 11362
Test:  [ 69/391]  eta: 0:02:21  sploss: 8.2148 (8.2853)  famloss: 3.3970 (3.5044)  manuloss: 2.0545 (2.0549)  acc1: 4.2969 (4.0625)  acc5: 9.7656 (9.2188)  family_acc1: 36.3281 (36.7634)  manu_acc1: 55.4688 (56.5179)  time: 0.3237  data: 0.1151  max mem: 11362
Test:  [ 70/391]  eta: 0:02:20  sploss: 8.2160 (8.2852)  famloss: 3.3970 (3.5045)  manuloss: 2.0491 (2.0548)  acc1: 3.9062 (4.0438)  acc5: 9.3750 (9.1989)  family_acc1: 36.3281 (36.7022)  manu_acc1: 55.4688 (56.5141)  time: 0.3227  data: 0.1151  max mem: 11362
Test:  [ 71/391]  eta: 0:02:18  sploss: 8.2148 (8.2828)  famloss: 3.3882 (3.5007)  manuloss: 2.0322 (2.0533)  acc1: 3.9062 (4.0256)  acc5: 9.3750 (9.1905)  family_acc1: 36.3281 (36.7839)  manu_acc1: 55.4688 (56.5647)  time: 0.3218  data: 0.1151  max mem: 11362
Test:  [ 72/391]  eta: 0:02:24  sploss: 8.2120 (8.2812)  famloss: 3.3844 (3.4987)  manuloss: 2.0310 (2.0488)  acc1: 3.9062 (4.0240)  acc5: 9.3750 (9.1770)  family_acc1: 37.1094 (36.8525)  manu_acc1: 55.8594 (56.6567)  time: 0.3985  data: 0.1920  max mem: 11362
Test:  [ 73/391]  eta: 0:02:25  sploss: 8.2120 (8.2819)  famloss: 3.3567 (3.4960)  manuloss: 2.0117 (2.0450)  acc1: 3.9062 (4.0277)  acc5: 9.3750 (9.1850)  family_acc1: 37.1094 (36.8877)  manu_acc1: 56.2500 (56.7515)  time: 0.4209  data: 0.2155  max mem: 11362
Test:  [ 74/391]  eta: 0:02:23  sploss: 8.2123 (8.2810)  famloss: 3.3545 (3.4929)  manuloss: 2.0029 (2.0408)  acc1: 3.9062 (4.0417)  acc5: 9.3750 (9.2292)  family_acc1: 37.8906 (36.9219)  manu_acc1: 56.2500 (56.8177)  time: 0.4155  data: 0.2155  max mem: 11362
Test:  [ 75/391]  eta: 0:02:22  sploss: 8.2120 (8.2792)  famloss: 3.3545 (3.4933)  manuloss: 2.0029 (2.0405)  acc1: 3.9062 (4.0399)  acc5: 9.3750 (9.2157)  family_acc1: 38.6719 (36.9757)  manu_acc1: 56.2500 (56.8102)  time: 0.4153  data: 0.2155  max mem: 11362
Test:  [ 76/391]  eta: 0:02:20  sploss: 8.2120 (8.2810)  famloss: 3.3567 (3.4925)  manuloss: 1.9803 (2.0393)  acc1: 3.9062 (4.0280)  acc5: 9.3750 (9.1974)  family_acc1: 37.8906 (36.9825)  manu_acc1: 56.2500 (56.7979)  time: 0.4149  data: 0.2155  max mem: 11362
Test:  [ 77/391]  eta: 0:02:19  sploss: 8.2123 (8.2821)  famloss: 3.3567 (3.4910)  manuloss: 1.9803 (2.0363)  acc1: 3.9062 (4.0264)  acc5: 8.5938 (9.1797)  family_acc1: 38.6719 (37.0543)  manu_acc1: 56.2500 (56.8510)  time: 0.4146  data: 0.2155  max mem: 11362
Test:  [ 78/391]  eta: 0:02:17  sploss: 8.2148 (8.2829)  famloss: 3.3741 (3.4917)  manuloss: 2.0029 (2.0393)  acc1: 3.9062 (4.0249)  acc5: 8.2031 (9.1574)  family_acc1: 37.8906 (37.0105)  manu_acc1: 56.2500 (56.7692)  time: 0.4149  data: 0.2155  max mem: 11362
Test:  [ 79/391]  eta: 0:02:16  sploss: 8.2635 (8.2842)  famloss: 3.3844 (3.4932)  manuloss: 1.9983 (2.0388)  acc1: 3.9062 (4.0137)  acc5: 8.2031 (9.1699)  family_acc1: 37.8906 (37.0117)  manu_acc1: 56.2500 (56.7773)  time: 0.4146  data: 0.2155  max mem: 11362
Test:  [ 80/391]  eta: 0:02:14  sploss: 8.2635 (8.2850)  famloss: 3.3970 (3.4962)  manuloss: 1.9803 (2.0377)  acc1: 3.9062 (4.0172)  acc5: 8.2031 (9.1917)  family_acc1: 37.5000 (36.9985)  manu_acc1: 56.2500 (56.8287)  time: 0.3232  data: 0.1262  max mem: 11362
Test:  [ 81/391]  eta: 0:02:14  sploss: 8.2158 (8.2841)  famloss: 3.4350 (3.4954)  manuloss: 1.9803 (2.0370)  acc1: 3.9062 (4.0015)  acc5: 8.2031 (9.1702)  family_acc1: 37.5000 (37.0189)  manu_acc1: 56.2500 (56.8836)  time: 0.3142  data: 0.1082  max mem: 11362
Test:  [ 82/391]  eta: 0:02:12  sploss: 8.2158 (8.2857)  famloss: 3.4351 (3.5001)  manuloss: 1.9803 (2.0402)  acc1: 3.9062 (4.0004)  acc5: 7.8125 (9.1444)  family_acc1: 37.1094 (36.9117)  manu_acc1: 56.2500 (56.8195)  time: 0.3143  data: 0.1082  max mem: 11362
Test:  [ 83/391]  eta: 0:02:11  sploss: 8.2158 (8.2846)  famloss: 3.4351 (3.5001)  manuloss: 1.9803 (2.0408)  acc1: 3.9062 (3.9900)  acc5: 7.8125 (9.1471)  family_acc1: 36.3281 (36.9048)  manu_acc1: 56.2500 (56.8080)  time: 0.3141  data: 0.1082  max mem: 11362
Test:  [ 84/391]  eta: 0:02:15  sploss: 8.2158 (8.2843)  famloss: 3.4351 (3.5027)  manuloss: 1.9781 (2.0395)  acc1: 3.9062 (4.0074)  acc5: 8.2031 (9.1498)  family_acc1: 36.3281 (36.8336)  manu_acc1: 56.2500 (56.8290)  time: 0.3912  data: 0.1851  max mem: 11362
Test:  [ 85/391]  eta: 0:02:15  sploss: 8.2158 (8.2824)  famloss: 3.4983 (3.5043)  manuloss: 1.9781 (2.0404)  acc1: 3.9062 (4.0198)  acc5: 8.2031 (9.1661)  family_acc1: 36.3281 (36.8278)  manu_acc1: 57.0312 (56.8314)  time: 0.4088  data: 0.2023  max mem: 11362
Test:  [ 86/391]  eta: 0:02:14  sploss: 8.2123 (8.2791)  famloss: 3.4351 (3.5023)  manuloss: 1.9530 (2.0370)  acc1: 3.9062 (4.0544)  acc5: 8.2031 (9.2358)  family_acc1: 37.1094 (36.8939)  manu_acc1: 57.4219 (56.9055)  time: 0.4091  data: 0.2023  max mem: 11362
Test:  [ 87/391]  eta: 0:02:13  sploss: 8.2158 (8.2820)  famloss: 3.4983 (3.5034)  manuloss: 1.9781 (2.0374)  acc1: 3.9062 (4.0217)  acc5: 8.2031 (9.2063)  family_acc1: 37.1094 (36.8741)  manu_acc1: 57.4219 (56.9158)  time: 0.4092  data: 0.2023  max mem: 11362
Test:  [ 88/391]  eta: 0:02:12  sploss: 8.2158 (8.2802)  famloss: 3.4983 (3.5030)  manuloss: 1.9781 (2.0370)  acc1: 3.9062 (4.0160)  acc5: 8.2031 (9.2170)  family_acc1: 36.3281 (36.8636)  manu_acc1: 57.4219 (56.9084)  time: 0.4134  data: 0.2061  max mem: 11362
Test:  [ 89/391]  eta: 0:02:11  sploss: 8.2570 (8.2810)  famloss: 3.4983 (3.5034)  manuloss: 1.9530 (2.0354)  acc1: 3.9062 (4.0104)  acc5: 8.2031 (9.1970)  family_acc1: 37.1094 (36.8663)  manu_acc1: 57.8125 (56.9184)  time: 0.4136  data: 0.2061  max mem: 11362
Test:  [ 90/391]  eta: 0:02:09  sploss: 8.2158 (8.2773)  famloss: 3.4983 (3.5034)  manuloss: 1.9530 (2.0352)  acc1: 3.9062 (4.0093)  acc5: 8.5938 (9.2333)  family_acc1: 37.1094 (36.8432)  manu_acc1: 57.8125 (56.9325)  time: 0.4139  data: 0.2061  max mem: 11362
Test:  [ 91/391]  eta: 0:02:08  sploss: 8.2570 (8.2776)  famloss: 3.5075 (3.5075)  manuloss: 1.9781 (2.0377)  acc1: 3.9062 (4.0294)  acc5: 9.3750 (9.2646)  family_acc1: 36.3281 (36.7867)  manu_acc1: 57.8125 (56.8954)  time: 0.4140  data: 0.2061  max mem: 11362
Test:  [ 92/391]  eta: 0:02:07  sploss: 8.2570 (8.2766)  famloss: 3.5202 (3.5116)  manuloss: 1.9983 (2.0400)  acc1: 3.9062 (4.0155)  acc5: 9.3750 (9.2826)  family_acc1: 36.3281 (36.7356)  manu_acc1: 57.4219 (56.8464)  time: 0.3295  data: 0.1218  max mem: 11362
Test:  [ 93/391]  eta: 0:02:06  sploss: 8.2570 (8.2770)  famloss: 3.5406 (3.5130)  manuloss: 1.9999 (2.0400)  acc1: 3.9062 (4.0517)  acc5: 9.3750 (9.3251)  family_acc1: 36.3281 (36.7437)  manu_acc1: 57.0312 (56.8484)  time: 0.3054  data: 0.0983  max mem: 11362
Test:  [ 94/391]  eta: 0:02:05  sploss: 8.3005 (8.2798)  famloss: 3.5476 (3.5144)  manuloss: 2.0156 (2.0398)  acc1: 3.9062 (4.0461)  acc5: 9.3750 (9.3051)  family_acc1: 35.9375 (36.7270)  manu_acc1: 57.0312 (56.8503)  time: 0.3053  data: 0.0983  max mem: 11362
Test:  [ 95/391]  eta: 0:02:04  sploss: 8.3005 (8.2800)  famloss: 3.6010 (3.5162)  manuloss: 2.0156 (2.0414)  acc1: 3.5156 (4.0365)  acc5: 9.3750 (9.3140)  family_acc1: 35.9375 (36.7594)  manu_acc1: 57.0312 (56.8604)  time: 0.3055  data: 0.0983  max mem: 11362
Test:  [ 96/391]  eta: 0:02:07  sploss: 8.2984 (8.2802)  famloss: 3.6074 (3.5174)  manuloss: 2.0176 (2.0433)  acc1: 3.5156 (4.0271)  acc5: 9.3750 (9.2945)  family_acc1: 35.9375 (36.7590)  manu_acc1: 57.0312 (56.8500)  time: 0.3860  data: 0.1786  max mem: 11362
Test:  [ 97/391]  eta: 0:02:07  sploss: 8.2967 (8.2803)  famloss: 3.6279 (3.5195)  manuloss: 2.0434 (2.0449)  acc1: 3.5156 (4.0338)  acc5: 9.3750 (9.2873)  family_acc1: 35.9375 (36.7227)  manu_acc1: 57.0312 (56.8240)  time: 0.4060  data: 0.1982  max mem: 11362
Test:  [ 98/391]  eta: 0:02:06  sploss: 8.2967 (8.2811)  famloss: 3.6354 (3.5225)  manuloss: 2.0434 (2.0482)  acc1: 3.5156 (4.0246)  acc5: 9.3750 (9.2803)  family_acc1: 35.9375 (36.6675)  manu_acc1: 57.0312 (56.7906)  time: 0.4061  data: 0.1982  max mem: 11362
Test:  [ 99/391]  eta: 0:02:05  sploss: 8.2938 (8.2805)  famloss: 3.6354 (3.5227)  manuloss: 2.0786 (2.0510)  acc1: 3.5156 (4.0352)  acc5: 9.3750 (9.2930)  family_acc1: 35.1562 (36.6367)  manu_acc1: 57.0312 (56.7148)  time: 0.4067  data: 0.1982  max mem: 11362
Test:  [100/391]  eta: 0:02:04  sploss: 8.2570 (8.2794)  famloss: 3.6279 (3.5223)  manuloss: 2.0786 (2.0507)  acc1: 3.5156 (4.0261)  acc5: 9.3750 (9.2860)  family_acc1: 35.1562 (36.6878)  manu_acc1: 57.0312 (56.7450)  time: 0.4069  data: 0.1982  max mem: 11362
Test:  [101/391]  eta: 0:02:03  sploss: 8.2570 (8.2789)  famloss: 3.6279 (3.5224)  manuloss: 2.0862 (2.0525)  acc1: 3.5156 (4.0365)  acc5: 9.3750 (9.3022)  family_acc1: 35.1562 (36.6766)  manu_acc1: 56.2500 (56.7096)  time: 0.3981  data: 0.1982  max mem: 11362
Test:  [102/391]  eta: 0:02:02  sploss: 8.2246 (8.2782)  famloss: 3.6279 (3.5245)  manuloss: 2.0862 (2.0572)  acc1: 3.5156 (4.0542)  acc5: 10.1562 (9.3105)  family_acc1: 35.1562 (36.6315)  manu_acc1: 56.2500 (56.6141)  time: 0.3980  data: 0.1982  max mem: 11362
Test:  [103/391]  eta: 0:02:01  sploss: 8.2530 (8.2780)  famloss: 3.6279 (3.5243)  manuloss: 2.1146 (2.0577)  acc1: 3.9062 (4.0565)  acc5: 10.1562 (9.2961)  family_acc1: 35.1562 (36.6361)  manu_acc1: 57.0312 (56.6181)  time: 0.3982  data: 0.1982  max mem: 11362
Test:  [104/391]  eta: 0:02:00  sploss: 8.2530 (8.2798)  famloss: 3.6279 (3.5294)  manuloss: 2.1176 (2.0622)  acc1: 3.5156 (4.0513)  acc5: 10.1562 (9.2969)  family_acc1: 35.1562 (36.5737)  manu_acc1: 56.2500 (56.5476)  time: 0.3212  data: 0.1212  max mem: 11362
Test:  [105/391]  eta: 0:01:59  sploss: 8.2938 (8.2812)  famloss: 3.6279 (3.5312)  manuloss: 2.1471 (2.0630)  acc1: 3.5156 (4.0463)  acc5: 9.3750 (9.2902)  family_acc1: 35.1562 (36.5382)  manu_acc1: 56.2500 (56.5522)  time: 0.3038  data: 0.1040  max mem: 11362
Test:  [106/391]  eta: 0:01:58  sploss: 8.2967 (8.2822)  famloss: 3.6429 (3.5350)  manuloss: 2.1839 (2.0642)  acc1: 3.5156 (4.0559)  acc5: 8.9844 (9.2874)  family_acc1: 34.7656 (36.4997)  manu_acc1: 55.8594 (56.5311)  time: 0.3037  data: 0.1040  max mem: 11362
Test:  [107/391]  eta: 0:01:57  sploss: 8.2967 (8.2831)  famloss: 3.6449 (3.5365)  manuloss: 2.1839 (2.0645)  acc1: 3.5156 (4.0654)  acc5: 8.9844 (9.2773)  family_acc1: 33.9844 (36.4764)  manu_acc1: 54.2969 (56.4959)  time: 0.3039  data: 0.1040  max mem: 11362
Test:  [108/391]  eta: 0:02:01  sploss: 8.2984 (8.2836)  famloss: 3.6449 (3.5373)  manuloss: 2.1956 (2.0677)  acc1: 3.5156 (4.0496)  acc5: 8.5938 (9.2675)  family_acc1: 33.9844 (36.5109)  manu_acc1: 54.2969 (56.4220)  time: 0.3885  data: 0.1876  max mem: 11362
Test:  [109/391]  eta: 0:02:00  sploss: 8.2984 (8.2857)  famloss: 3.6449 (3.5373)  manuloss: 2.1993 (2.0699)  acc1: 3.9062 (4.0483)  acc5: 8.9844 (9.2685)  family_acc1: 33.9844 (36.5092)  manu_acc1: 53.5156 (56.3743)  time: 0.4025  data: 0.2015  max mem: 11362
Test:  [110/391]  eta: 0:01:59  sploss: 8.3005 (8.2864)  famloss: 3.6449 (3.5369)  manuloss: 2.2231 (2.0738)  acc1: 3.9062 (4.0470)  acc5: 8.9844 (9.2729)  family_acc1: 33.9844 (36.4970)  manu_acc1: 53.5156 (56.2746)  time: 0.4033  data: 0.2015  max mem: 11362
Test:  [111/391]  eta: 0:01:58  sploss: 8.3087 (8.2875)  famloss: 3.6429 (3.5373)  manuloss: 2.2231 (2.0767)  acc1: 3.9062 (4.0527)  acc5: 8.5938 (9.2634)  family_acc1: 33.9844 (36.4676)  manu_acc1: 53.1250 (56.1907)  time: 0.4038  data: 0.2015  max mem: 11362
Test:  [112/391]  eta: 0:01:58  sploss: 8.3087 (8.2872)  famloss: 3.6429 (3.5383)  manuloss: 2.2231 (2.0803)  acc1: 3.9062 (4.0618)  acc5: 8.5938 (9.2713)  family_acc1: 33.9844 (36.4422)  manu_acc1: 53.1250 (56.1117)  time: 0.4081  data: 0.2052  max mem: 11362
Test:  [113/391]  eta: 0:01:57  sploss: 8.2984 (8.2868)  famloss: 3.6279 (3.5391)  manuloss: 2.2354 (2.0822)  acc1: 3.9062 (4.0879)  acc5: 8.5938 (9.3236)  family_acc1: 33.9844 (36.4309)  manu_acc1: 52.7344 (56.0718)  time: 0.4081  data: 0.2052  max mem: 11362
Test:  [114/391]  eta: 0:01:56  sploss: 8.2967 (8.2850)  famloss: 3.6275 (3.5382)  manuloss: 2.2996 (2.0850)  acc1: 4.2969 (4.0931)  acc5: 8.9844 (9.3308)  family_acc1: 33.9844 (36.4368)  manu_acc1: 51.5625 (56.0156)  time: 0.4081  data: 0.2052  max mem: 11362
Test:  [115/391]  eta: 0:01:55  sploss: 8.2938 (8.2847)  famloss: 3.6257 (3.5370)  manuloss: 2.2996 (2.0847)  acc1: 4.2969 (4.0847)  acc5: 8.9844 (9.3312)  family_acc1: 33.9844 (36.4830)  manu_acc1: 51.5625 (56.0379)  time: 0.4079  data: 0.2052  max mem: 11362
Test:  [116/391]  eta: 0:01:54  sploss: 8.2967 (8.2859)  famloss: 3.5861 (3.5370)  manuloss: 2.2996 (2.0849)  acc1: 4.6875 (4.0899)  acc5: 8.9844 (9.3216)  family_acc1: 33.9844 (36.4884)  manu_acc1: 51.5625 (56.0397)  time: 0.3278  data: 0.1248  max mem: 11362
Test:  [117/391]  eta: 0:01:53  sploss: 8.3342 (8.2863)  famloss: 3.5510 (3.5368)  manuloss: 2.2996 (2.0847)  acc1: 4.2969 (4.0817)  acc5: 9.3750 (9.3320)  family_acc1: 35.1562 (36.5234)  manu_acc1: 51.5625 (56.0448)  time: 0.3083  data: 0.1053  max mem: 11362
Test:  [118/391]  eta: 0:01:52  sploss: 8.3342 (8.2873)  famloss: 3.5510 (3.5379)  manuloss: 2.2354 (2.0860)  acc1: 4.6875 (4.0966)  acc5: 9.3750 (9.3619)  family_acc1: 35.1562 (36.5251)  manu_acc1: 51.5625 (56.0137)  time: 0.3082  data: 0.1053  max mem: 11362
Test:  [119/391]  eta: 0:01:51  sploss: 8.3342 (8.2869)  famloss: 3.5390 (3.5359)  manuloss: 2.2350 (2.0846)  acc1: 4.2969 (4.0853)  acc5: 9.3750 (9.3457)  family_acc1: 35.5469 (36.5462)  manu_acc1: 52.3438 (56.0514)  time: 0.3078  data: 0.1053  max mem: 11362
Test:  [120/391]  eta: 0:01:54  sploss: 8.3342 (8.2846)  famloss: 3.5390 (3.5344)  manuloss: 2.2350 (2.0841)  acc1: 4.6875 (4.1064)  acc5: 9.3750 (9.3815)  family_acc1: 35.5469 (36.6025)  manu_acc1: 52.3438 (56.0434)  time: 0.3935  data: 0.1907  max mem: 11362
Test:  [121/391]  eta: 0:01:54  sploss: 8.3342 (8.2840)  famloss: 3.5390 (3.5336)  manuloss: 2.1839 (2.0844)  acc1: 4.2969 (4.1016)  acc5: 9.3750 (9.3750)  family_acc1: 35.1562 (36.5651)  manu_acc1: 52.3438 (56.0195)  time: 0.4083  data: 0.2053  max mem: 11362
Test:  [122/391]  eta: 0:01:53  sploss: 8.3342 (8.2827)  famloss: 3.5390 (3.5340)  manuloss: 2.1471 (2.0845)  acc1: 4.2969 (4.1032)  acc5: 9.3750 (9.3941)  family_acc1: 36.3281 (36.5854)  manu_acc1: 52.7344 (56.0213)  time: 0.4085  data: 0.2053  max mem: 11362
Test:  [123/391]  eta: 0:01:52  sploss: 8.3342 (8.2825)  famloss: 3.5390 (3.5326)  manuloss: 2.1471 (2.0835)  acc1: 3.9062 (4.1016)  acc5: 9.3750 (9.3939)  family_acc1: 36.3281 (36.5896)  manu_acc1: 52.7344 (56.0326)  time: 0.4088  data: 0.2053  max mem: 11362
Test:  [124/391]  eta: 0:01:51  sploss: 8.2598 (8.2809)  famloss: 3.5364 (3.5327)  manuloss: 2.1162 (2.0837)  acc1: 4.2969 (4.1156)  acc5: 9.3750 (9.4219)  family_acc1: 36.3281 (36.5719)  manu_acc1: 52.7344 (55.9937)  time: 0.4130  data: 0.2092  max mem: 11362
Test:  [125/391]  eta: 0:01:50  sploss: 8.2598 (8.2812)  famloss: 3.5363 (3.5318)  manuloss: 2.1162 (2.0845)  acc1: 4.6875 (4.1202)  acc5: 9.3750 (9.4184)  family_acc1: 36.7188 (36.5947)  manu_acc1: 52.7344 (55.9834)  time: 0.4130  data: 0.2092  max mem: 11362
Test:  [126/391]  eta: 0:01:50  sploss: 8.2573 (8.2796)  famloss: 3.5126 (3.5297)  manuloss: 2.1055 (2.0818)  acc1: 4.6875 (4.1431)  acc5: 9.3750 (9.4580)  family_acc1: 37.1094 (36.6111)  manu_acc1: 52.7344 (56.0132)  time: 0.4129  data: 0.2092  max mem: 11362
Test:  [127/391]  eta: 0:01:49  sploss: 8.2500 (8.2773)  famloss: 3.4913 (3.5281)  manuloss: 2.1055 (2.0797)  acc1: 4.6875 (4.1534)  acc5: 9.7656 (9.4604)  family_acc1: 37.1094 (36.6394)  manu_acc1: 53.1250 (56.0516)  time: 0.4128  data: 0.2092  max mem: 11362
Test:  [128/391]  eta: 0:01:48  sploss: 8.2500 (8.2774)  famloss: 3.4913 (3.5286)  manuloss: 2.1055 (2.0798)  acc1: 4.6875 (4.1515)  acc5: 9.7656 (9.4507)  family_acc1: 37.1094 (36.6188)  manu_acc1: 54.6875 (56.0623)  time: 0.3245  data: 0.1218  max mem: 11362
Test:  [129/391]  eta: 0:01:47  sploss: 8.2465 (8.2769)  famloss: 3.4395 (3.5274)  manuloss: 2.1028 (2.0785)  acc1: 4.6875 (4.1436)  acc5: 9.7656 (9.4411)  family_acc1: 37.1094 (36.6316)  manu_acc1: 55.0781 (56.1028)  time: 0.3103  data: 0.1080  max mem: 11362
Test:  [130/391]  eta: 0:01:46  sploss: 8.2465 (8.2774)  famloss: 3.4335 (3.5259)  manuloss: 2.0872 (2.0781)  acc1: 4.6875 (4.1537)  acc5: 9.3750 (9.4376)  family_acc1: 37.1094 (36.6293)  manu_acc1: 56.2500 (56.1069)  time: 0.3098  data: 0.1080  max mem: 11362
Test:  [131/391]  eta: 0:01:45  sploss: 8.2417 (8.2766)  famloss: 3.4239 (3.5242)  manuloss: 2.0649 (2.0763)  acc1: 4.6875 (4.1578)  acc5: 9.3750 (9.4342)  family_acc1: 37.1094 (36.6329)  manu_acc1: 56.2500 (56.1583)  time: 0.3092  data: 0.1080  max mem: 11362
Test:  [132/391]  eta: 0:01:48  sploss: 8.2097 (8.2733)  famloss: 3.4047 (3.5229)  manuloss: 2.0480 (2.0747)  acc1: 4.6875 (4.1765)  acc5: 9.3750 (9.4778)  family_acc1: 37.1094 (36.6600)  manu_acc1: 56.6406 (56.1883)  time: 0.3955  data: 0.1940  max mem: 11362
Test:  [133/391]  eta: 0:01:48  sploss: 8.2097 (8.2722)  famloss: 3.3761 (3.5216)  manuloss: 2.0278 (2.0743)  acc1: 4.6875 (4.1919)  acc5: 9.3750 (9.4916)  family_acc1: 38.2812 (36.7275)  manu_acc1: 56.6406 (56.1975)  time: 0.4127  data: 0.2107  max mem: 11362
Test:  [134/391]  eta: 0:01:47  sploss: 8.2097 (8.2713)  famloss: 3.3700 (3.5199)  manuloss: 2.0275 (2.0733)  acc1: 4.6875 (4.1869)  acc5: 9.3750 (9.4907)  family_acc1: 38.6719 (36.7506)  manu_acc1: 56.6406 (56.1921)  time: 0.4131  data: 0.2107  max mem: 11362
Test:  [135/391]  eta: 0:01:46  sploss: 8.1968 (8.2707)  famloss: 3.3566 (3.5187)  manuloss: 2.0216 (2.0709)  acc1: 4.6875 (4.1820)  acc5: 9.3750 (9.4928)  family_acc1: 38.6719 (36.7733)  manu_acc1: 56.6406 (56.2443)  time: 0.4133  data: 0.2107  max mem: 11362
Test:  [136/391]  eta: 0:01:46  sploss: 8.1734 (8.2691)  famloss: 3.3566 (3.5177)  manuloss: 1.9655 (2.0695)  acc1: 4.6875 (4.1857)  acc5: 9.7656 (9.5204)  family_acc1: 38.6719 (36.7615)  manu_acc1: 57.4219 (56.2728)  time: 0.4171  data: 0.2146  max mem: 11362
Test:  [137/391]  eta: 0:01:45  sploss: 8.1734 (8.2687)  famloss: 3.3566 (3.5169)  manuloss: 1.9309 (2.0683)  acc1: 4.6875 (4.1893)  acc5: 9.7656 (9.5279)  family_acc1: 38.2812 (36.7640)  manu_acc1: 57.4219 (56.2925)  time: 0.4167  data: 0.2146  max mem: 11362
Test:  [138/391]  eta: 0:01:44  sploss: 8.1734 (8.2685)  famloss: 3.3566 (3.5158)  manuloss: 1.9309 (2.0674)  acc1: 4.6875 (4.1873)  acc5: 9.7656 (9.5352)  family_acc1: 38.2812 (36.7637)  manu_acc1: 57.4219 (56.3174)  time: 0.4169  data: 0.2146  max mem: 11362
Test:  [139/391]  eta: 0:01:43  sploss: 8.1734 (8.2686)  famloss: 3.3674 (3.5157)  manuloss: 1.9309 (2.0660)  acc1: 4.6875 (4.1964)  acc5: 9.7656 (9.5396)  family_acc1: 37.1094 (36.7522)  manu_acc1: 57.4219 (56.3393)  time: 0.4171  data: 0.2146  max mem: 11362
Test:  [140/391]  eta: 0:01:42  sploss: 8.1968 (8.2681)  famloss: 3.3674 (3.5136)  manuloss: 1.9141 (2.0642)  acc1: 4.6875 (4.1888)  acc5: 9.7656 (9.5440)  family_acc1: 37.1094 (36.7852)  manu_acc1: 58.9844 (56.3802)  time: 0.3311  data: 0.1291  max mem: 11362
Test:  [141/391]  eta: 0:01:42  sploss: 8.1734 (8.2667)  famloss: 3.3537 (3.5111)  manuloss: 1.8994 (2.0615)  acc1: 4.6875 (4.1978)  acc5: 9.7656 (9.5428)  family_acc1: 38.2812 (36.8343)  manu_acc1: 59.3750 (56.4288)  time: 0.3161  data: 0.1145  max mem: 11362
Test:  [142/391]  eta: 0:01:41  sploss: 8.1968 (8.2663)  famloss: 3.3537 (3.5107)  manuloss: 1.8994 (2.0605)  acc1: 4.6875 (4.1958)  acc5: 9.7656 (9.5252)  family_acc1: 37.1094 (36.8362)  manu_acc1: 59.3750 (56.4412)  time: 0.3157  data: 0.1145  max mem: 11362
Test:  [143/391]  eta: 0:01:40  sploss: 8.1765 (8.2657)  famloss: 3.3520 (3.5085)  manuloss: 1.8828 (2.0591)  acc1: 4.6875 (4.2019)  acc5: 9.7656 (9.5296)  family_acc1: 38.2812 (36.8896)  manu_acc1: 59.7656 (56.4779)  time: 0.3154  data: 0.1145  max mem: 11362
Test:  [144/391]  eta: 0:01:42  sploss: 8.1765 (8.2645)  famloss: 3.3425 (3.5069)  manuloss: 1.8828 (2.0580)  acc1: 4.6875 (4.2026)  acc5: 9.7656 (9.5366)  family_acc1: 38.6719 (36.9154)  manu_acc1: 59.7656 (56.4978)  time: 0.3956  data: 0.1943  max mem: 11362
Test:  [145/391]  eta: 0:01:42  sploss: 8.1765 (8.2646)  famloss: 3.3425 (3.5066)  manuloss: 1.8828 (2.0571)  acc1: 4.6875 (4.1979)  acc5: 9.7656 (9.5382)  family_acc1: 38.6719 (36.9274)  manu_acc1: 59.7656 (56.4935)  time: 0.4194  data: 0.2143  max mem: 11362
Test:  [146/391]  eta: 0:01:41  sploss: 8.1968 (8.2646)  famloss: 3.3520 (3.5061)  manuloss: 1.8994 (2.0563)  acc1: 4.2969 (4.1932)  acc5: 9.7656 (9.5291)  family_acc1: 38.6719 (36.9526)  manu_acc1: 59.3750 (56.5131)  time: 0.4205  data: 0.2143  max mem: 11362
Test:  [147/391]  eta: 0:01:41  sploss: 8.1986 (8.2657)  famloss: 3.3537 (3.5051)  manuloss: 1.9125 (2.0561)  acc1: 3.9062 (4.1807)  acc5: 9.7656 (9.5122)  family_acc1: 38.6719 (36.9642)  manu_acc1: 59.3750 (56.5219)  time: 0.4202  data: 0.2143  max mem: 11362
Test:  [148/391]  eta: 0:01:40  sploss: 8.1986 (8.2657)  famloss: 3.3520 (3.5033)  manuloss: 1.8994 (2.0545)  acc1: 4.2969 (4.1894)  acc5: 9.7656 (9.5271)  family_acc1: 38.6719 (36.9835)  manu_acc1: 59.3750 (56.5541)  time: 0.4243  data: 0.2183  max mem: 11362
Test:  [149/391]  eta: 0:01:39  sploss: 8.1986 (8.2676)  famloss: 3.3520 (3.5030)  manuloss: 1.8994 (2.0542)  acc1: 4.2969 (4.1849)  acc5: 9.7656 (9.5130)  family_acc1: 39.4531 (37.0000)  manu_acc1: 59.3750 (56.5521)  time: 0.4237  data: 0.2184  max mem: 11362
Test:  [150/391]  eta: 0:01:38  sploss: 8.1986 (8.2684)  famloss: 3.3537 (3.5022)  manuloss: 1.8828 (2.0519)  acc1: 3.9062 (4.1753)  acc5: 9.7656 (9.4992)  family_acc1: 39.4531 (37.0007)  manu_acc1: 59.3750 (56.6096)  time: 0.4235  data: 0.2184  max mem: 11362
Test:  [151/391]  eta: 0:01:38  sploss: 8.2035 (8.2687)  famloss: 3.3630 (3.5016)  manuloss: 1.8994 (2.0517)  acc1: 3.9062 (4.1761)  acc5: 9.7656 (9.5009)  family_acc1: 39.4531 (37.0091)  manu_acc1: 59.3750 (56.6303)  time: 0.4235  data: 0.2184  max mem: 11362
Test:  [152/391]  eta: 0:01:37  sploss: 8.2110 (8.2689)  famloss: 3.3630 (3.5002)  manuloss: 1.8994 (2.0503)  acc1: 3.9062 (4.1718)  acc5: 9.7656 (9.4950)  family_acc1: 38.6719 (37.0175)  manu_acc1: 59.3750 (56.6483)  time: 0.3328  data: 0.1287  max mem: 11362
Test:  [153/391]  eta: 0:01:36  sploss: 8.2322 (8.2687)  famloss: 3.3630 (3.4992)  manuloss: 1.8828 (2.0489)  acc1: 3.5156 (4.1624)  acc5: 9.7656 (9.4765)  family_acc1: 38.6719 (37.0612)  manu_acc1: 59.3750 (56.6787)  time: 0.3153  data: 0.1119  max mem: 11362
Test:  [154/391]  eta: 0:01:36  sploss: 8.2452 (8.2697)  famloss: 3.3674 (3.5006)  manuloss: 1.8828 (2.0508)  acc1: 3.5156 (4.1482)  acc5: 9.7656 (9.4582)  family_acc1: 38.6719 (37.0388)  manu_acc1: 59.3750 (56.6381)  time: 0.3151  data: 0.1119  max mem: 11362
Test:  [155/391]  eta: 0:01:35  sploss: 8.2452 (8.2689)  famloss: 3.3815 (3.5006)  manuloss: 1.8828 (2.0492)  acc1: 3.9062 (4.1592)  acc5: 9.7656 (9.4702)  family_acc1: 38.6719 (37.0543)  manu_acc1: 59.3750 (56.6481)  time: 0.3149  data: 0.1119  max mem: 11362
Test:  [156/391]  eta: 0:01:37  sploss: 8.2634 (8.2690)  famloss: 3.3917 (3.5018)  manuloss: 1.8994 (2.0495)  acc1: 3.5156 (4.1551)  acc5: 9.3750 (9.4496)  family_acc1: 38.6719 (37.0273)  manu_acc1: 59.3750 (56.6207)  time: 0.3958  data: 0.1922  max mem: 11362
Test:  [157/391]  eta: 0:01:36  sploss: 8.2667 (8.2694)  famloss: 3.3917 (3.5030)  manuloss: 1.9125 (2.0503)  acc1: 3.5156 (4.1485)  acc5: 9.3750 (9.4541)  family_acc1: 38.6719 (36.9858)  manu_acc1: 59.3750 (56.5986)  time: 0.4159  data: 0.2112  max mem: 11362
Test:  [158/391]  eta: 0:01:36  sploss: 8.2786 (8.2699)  famloss: 3.3986 (3.5042)  manuloss: 1.9125 (2.0506)  acc1: 3.5156 (4.1372)  acc5: 8.9844 (9.4512)  family_acc1: 38.6719 (36.9693)  manu_acc1: 59.3750 (56.5915)  time: 0.4163  data: 0.2112  max mem: 11362
Test:  [159/391]  eta: 0:01:35  sploss: 8.2667 (8.2695)  famloss: 3.3986 (3.5038)  manuloss: 1.9161 (2.0508)  acc1: 3.5156 (4.1406)  acc5: 8.9844 (9.4629)  family_acc1: 38.6719 (37.0239)  manu_acc1: 59.3750 (56.6138)  time: 0.4162  data: 0.2112  max mem: 11362
Test:  [160/391]  eta: 0:01:34  sploss: 8.2667 (8.2683)  famloss: 3.4351 (3.5049)  manuloss: 1.9173 (2.0514)  acc1: 3.5156 (4.1586)  acc5: 8.9844 (9.4672)  family_acc1: 38.6719 (37.0172)  manu_acc1: 58.2031 (56.5872)  time: 0.4202  data: 0.2149  max mem: 11362
Test:  [161/391]  eta: 0:01:34  sploss: 8.2667 (8.2678)  famloss: 3.4389 (3.5054)  manuloss: 1.9433 (2.0518)  acc1: 3.5156 (4.1570)  acc5: 8.9844 (9.4787)  family_acc1: 38.2812 (37.0105)  manu_acc1: 58.2031 (56.5803)  time: 0.4203  data: 0.2149  max mem: 11362
Test:  [162/391]  eta: 0:01:33  sploss: 8.2786 (8.2683)  famloss: 3.4389 (3.5061)  manuloss: 2.0095 (2.0519)  acc1: 3.5156 (4.1651)  acc5: 9.7656 (9.4804)  family_acc1: 38.2812 (36.9848)  manu_acc1: 58.2031 (56.5903)  time: 0.4202  data: 0.2149  max mem: 11362
Test:  [163/391]  eta: 0:01:32  sploss: 8.2848 (8.2688)  famloss: 3.4468 (3.5077)  manuloss: 2.0145 (2.0536)  acc1: 3.5156 (4.1659)  acc5: 8.9844 (9.4703)  family_acc1: 38.2812 (36.9593)  manu_acc1: 57.8125 (56.5596)  time: 0.4201  data: 0.2149  max mem: 11362
Test:  [164/391]  eta: 0:01:32  sploss: 8.2877 (8.2690)  famloss: 3.4571 (3.5085)  manuloss: 2.0145 (2.0527)  acc1: 3.5156 (4.1619)  acc5: 8.9844 (9.4792)  family_acc1: 38.2812 (36.9673)  manu_acc1: 57.8125 (56.5838)  time: 0.3355  data: 0.1312  max mem: 11362
Test:  [165/391]  eta: 0:01:31  sploss: 8.2958 (8.2693)  famloss: 3.4628 (3.5082)  manuloss: 2.0251 (2.0532)  acc1: 3.5156 (4.1698)  acc5: 8.9844 (9.4809)  family_acc1: 37.1094 (36.9635)  manu_acc1: 57.8125 (56.5818)  time: 0.3114  data: 0.1112  max mem: 11362
Test:  [166/391]  eta: 0:01:30  sploss: 8.2958 (8.2689)  famloss: 3.4884 (3.5082)  manuloss: 2.0690 (2.0543)  acc1: 3.5156 (4.1635)  acc5: 9.3750 (9.4803)  family_acc1: 37.1094 (36.9854)  manu_acc1: 56.2500 (56.5775)  time: 0.3104  data: 0.1112  max mem: 11362
Test:  [167/391]  eta: 0:01:30  sploss: 8.2877 (8.2685)  famloss: 3.4998 (3.5085)  manuloss: 2.0690 (2.0535)  acc1: 3.5156 (4.1643)  acc5: 9.7656 (9.4866)  family_acc1: 36.3281 (36.9675)  manu_acc1: 56.2500 (56.5871)  time: 0.3104  data: 0.1112  max mem: 11362
Test:  [168/391]  eta: 0:01:31  sploss: 8.2877 (8.2683)  famloss: 3.4998 (3.5081)  manuloss: 2.0690 (2.0531)  acc1: 3.5156 (4.1605)  acc5: 9.3750 (9.4859)  family_acc1: 36.3281 (36.9753)  manu_acc1: 56.2500 (56.6060)  time: 0.3867  data: 0.1876  max mem: 11362
Test:  [169/391]  eta: 0:01:31  sploss: 8.2877 (8.2690)  famloss: 3.5605 (3.5107)  manuloss: 2.0863 (2.0556)  acc1: 3.5156 (4.1544)  acc5: 9.3750 (9.4761)  family_acc1: 35.9375 (36.9210)  manu_acc1: 56.2500 (56.5602)  time: 0.4157  data: 0.2156  max mem: 11362
Test:  [170/391]  eta: 0:01:30  sploss: 8.2848 (8.2691)  famloss: 3.5787 (3.5111)  manuloss: 2.0947 (2.0562)  acc1: 3.5156 (4.1575)  acc5: 9.3750 (9.4732)  family_acc1: 35.9375 (36.9198)  manu_acc1: 56.2500 (56.5630)  time: 0.4158  data: 0.2156  max mem: 11362
Test:  [171/391]  eta: 0:01:30  sploss: 8.2848 (8.2702)  famloss: 3.5991 (3.5116)  manuloss: 2.0947 (2.0551)  acc1: 3.5156 (4.1493)  acc5: 9.3750 (9.4568)  family_acc1: 35.9375 (36.9186)  manu_acc1: 56.2500 (56.5816)  time: 0.4162  data: 0.2156  max mem: 11362
Test:  [172/391]  eta: 0:01:29  sploss: 8.2877 (8.2708)  famloss: 3.6004 (3.5132)  manuloss: 2.1037 (2.0562)  acc1: 3.5156 (4.1479)  acc5: 9.3750 (9.4540)  family_acc1: 35.9375 (36.9107)  manu_acc1: 55.8594 (56.5706)  time: 0.4165  data: 0.2156  max mem: 11362
Test:  [173/391]  eta: 0:01:28  sploss: 8.2958 (8.2713)  famloss: 3.6004 (3.5133)  manuloss: 2.1037 (2.0557)  acc1: 3.9062 (4.1577)  acc5: 9.3750 (9.4738)  family_acc1: 35.5469 (36.9028)  manu_acc1: 55.8594 (56.5733)  time: 0.4165  data: 0.2156  max mem: 11362
Test:  [174/391]  eta: 0:01:28  sploss: 8.2958 (8.2715)  famloss: 3.6004 (3.5140)  manuloss: 2.0947 (2.0549)  acc1: 3.9062 (4.1585)  acc5: 9.7656 (9.4866)  family_acc1: 35.9375 (36.8996)  manu_acc1: 56.2500 (56.6027)  time: 0.4166  data: 0.2156  max mem: 11362
Test:  [175/391]  eta: 0:01:27  sploss: 8.2958 (8.2716)  famloss: 3.6113 (3.5157)  manuloss: 2.1037 (2.0553)  acc1: 3.9062 (4.1482)  acc5: 9.3750 (9.4771)  family_acc1: 35.5469 (36.8519)  manu_acc1: 56.2500 (56.6007)  time: 0.4169  data: 0.2156  max mem: 11362
Test:  [176/391]  eta: 0:01:26  sploss: 8.3090 (8.2727)  famloss: 3.6113 (3.5173)  manuloss: 2.1037 (2.0555)  acc1: 3.9062 (4.1358)  acc5: 9.3750 (9.4611)  family_acc1: 35.5469 (36.8269)  manu_acc1: 56.2500 (56.6031)  time: 0.3319  data: 0.1315  max mem: 11362
Test:  [177/391]  eta: 0:01:26  sploss: 8.3090 (8.2733)  famloss: 3.6113 (3.5194)  manuloss: 2.1037 (2.0571)  acc1: 3.9062 (4.1476)  acc5: 9.3750 (9.4694)  family_acc1: 35.5469 (36.7824)  manu_acc1: 56.2500 (56.5594)  time: 0.3119  data: 0.1125  max mem: 11362
Test:  [178/391]  eta: 0:01:25  sploss: 8.2958 (8.2732)  famloss: 3.6113 (3.5200)  manuloss: 2.1022 (2.0565)  acc1: 4.2969 (4.1572)  acc5: 9.7656 (9.4819)  family_acc1: 35.9375 (36.7799)  manu_acc1: 57.0312 (56.5664)  time: 0.3116  data: 0.1125  max mem: 11362
Test:  [179/391]  eta: 0:01:24  sploss: 8.3090 (8.2746)  famloss: 3.6302 (3.5212)  manuloss: 2.1143 (2.0570)  acc1: 3.9062 (4.1515)  acc5: 9.3750 (9.4640)  family_acc1: 35.9375 (36.7904)  manu_acc1: 56.2500 (56.5582)  time: 0.3116  data: 0.1125  max mem: 11362
Test:  [180/391]  eta: 0:01:26  sploss: 8.3208 (8.2751)  famloss: 3.6113 (3.5214)  manuloss: 2.1022 (2.0563)  acc1: 3.9062 (4.1544)  acc5: 9.3750 (9.4678)  family_acc1: 35.9375 (36.7900)  manu_acc1: 57.0312 (56.5802)  time: 0.3829  data: 0.1841  max mem: 11362
Test:  [181/391]  eta: 0:01:26  sploss: 8.3208 (8.2752)  famloss: 3.6113 (3.5217)  manuloss: 2.0690 (2.0555)  acc1: 3.9062 (4.1466)  acc5: 9.3750 (9.4673)  family_acc1: 36.3281 (36.8025)  manu_acc1: 57.0312 (56.5956)  time: 0.4149  data: 0.2149  max mem: 11362
Test:  [182/391]  eta: 0:01:25  sploss: 8.3208 (8.2761)  famloss: 3.6302 (3.5227)  manuloss: 2.1022 (2.0559)  acc1: 3.5156 (4.1411)  acc5: 9.3750 (9.4625)  family_acc1: 36.3281 (36.7935)  manu_acc1: 57.0312 (56.5979)  time: 0.4161  data: 0.2149  max mem: 11362
Test:  [183/391]  eta: 0:01:24  sploss: 8.3184 (8.2763)  famloss: 3.6302 (3.5234)  manuloss: 2.1022 (2.0569)  acc1: 3.5156 (4.1525)  acc5: 9.3750 (9.4663)  family_acc1: 36.3281 (36.7803)  manu_acc1: 57.0312 (56.5621)  time: 0.4166  data: 0.2149  max mem: 11362
Test:  [184/391]  eta: 0:01:24  sploss: 8.3208 (8.2770)  famloss: 3.6302 (3.5249)  manuloss: 2.1143 (2.0585)  acc1: 3.5156 (4.1491)  acc5: 9.3750 (9.4595)  family_acc1: 35.5469 (36.7631)  manu_acc1: 57.0312 (56.5266)  time: 0.4170  data: 0.2149  max mem: 11362
Test:  [185/391]  eta: 0:01:23  sploss: 8.3184 (8.2764)  famloss: 3.6302 (3.5246)  manuloss: 2.1022 (2.0583)  acc1: 3.5156 (4.1457)  acc5: 9.3750 (9.4611)  family_acc1: 35.5469 (36.7650)  manu_acc1: 57.0312 (56.5230)  time: 0.4172  data: 0.2149  max mem: 11362
Test:  [186/391]  eta: 0:01:22  sploss: 8.3184 (8.2766)  famloss: 3.6302 (3.5243)  manuloss: 2.1022 (2.0587)  acc1: 3.5156 (4.1486)  acc5: 9.3750 (9.4711)  family_acc1: 35.5469 (36.7584)  manu_acc1: 57.0312 (56.5153)  time: 0.4173  data: 0.2149  max mem: 11362
Test:  [187/391]  eta: 0:01:22  sploss: 8.3184 (8.2766)  famloss: 3.6367 (3.5253)  manuloss: 2.1143 (2.0595)  acc1: 3.5156 (4.1431)  acc5: 8.9844 (9.4560)  family_acc1: 35.5469 (36.7395)  manu_acc1: 56.2500 (56.5056)  time: 0.4173  data: 0.2149  max mem: 11362
Test:  [188/391]  eta: 0:01:21  sploss: 8.3574 (8.2775)  famloss: 3.6466 (3.5259)  manuloss: 2.1322 (2.0602)  acc1: 3.5156 (4.1419)  acc5: 8.9844 (9.4453)  family_acc1: 35.5469 (36.7415)  manu_acc1: 55.8594 (56.4980)  time: 0.3367  data: 0.1345  max mem: 11362
Test:  [189/391]  eta: 0:01:21  sploss: 8.3184 (8.2775)  famloss: 3.6466 (3.5277)  manuloss: 2.1322 (2.0616)  acc1: 3.9062 (4.1406)  acc5: 8.9844 (9.4449)  family_acc1: 35.5469 (36.7146)  manu_acc1: 55.8594 (56.4494)  time: 0.3084  data: 0.1065  max mem: 11362
Test:  [190/391]  eta: 0:01:20  sploss: 8.3528 (8.2779)  famloss: 3.6466 (3.5279)  manuloss: 2.1322 (2.0620)  acc1: 3.9062 (4.1435)  acc5: 9.3750 (9.4507)  family_acc1: 35.5469 (36.7147)  manu_acc1: 55.8594 (56.4525)  time: 0.3086  data: 0.1065  max mem: 11362
Test:  [191/391]  eta: 0:01:19  sploss: 8.3184 (8.2775)  famloss: 3.6466 (3.5277)  manuloss: 2.1322 (2.0611)  acc1: 3.9062 (4.1423)  acc5: 9.3750 (9.4564)  family_acc1: 35.5469 (36.7126)  manu_acc1: 55.8594 (56.4860)  time: 0.3084  data: 0.1065  max mem: 11362
Test:  [192/391]  eta: 0:01:20  sploss: 8.3184 (8.2780)  famloss: 3.6466 (3.5286)  manuloss: 2.1322 (2.0622)  acc1: 3.9062 (4.1350)  acc5: 9.3750 (9.4377)  family_acc1: 35.5469 (36.6904)  manu_acc1: 55.8594 (56.4645)  time: 0.3819  data: 0.1799  max mem: 11362
Test:  [193/391]  eta: 0:01:20  sploss: 8.3090 (8.2773)  famloss: 3.6466 (3.5291)  manuloss: 2.1335 (2.0632)  acc1: 3.9062 (4.1418)  acc5: 9.3750 (9.4354)  family_acc1: 35.5469 (36.6946)  manu_acc1: 55.0781 (56.4534)  time: 0.4169  data: 0.2144  max mem: 11362
Test:  [194/391]  eta: 0:01:20  sploss: 8.3059 (8.2770)  famloss: 3.6479 (3.5300)  manuloss: 2.1411 (2.0643)  acc1: 3.9062 (4.1406)  acc5: 8.9844 (9.4311)  family_acc1: 35.1562 (36.6687)  manu_acc1: 55.0781 (56.4263)  time: 0.4172  data: 0.2145  max mem: 11362
Test:  [195/391]  eta: 0:01:19  sploss: 8.3059 (8.2769)  famloss: 3.6466 (3.5302)  manuloss: 2.1411 (2.0638)  acc1: 3.9062 (4.1454)  acc5: 9.3750 (9.4388)  family_acc1: 35.1562 (36.6530)  manu_acc1: 55.0781 (56.4274)  time: 0.4170  data: 0.2145  max mem: 11362
Test:  [196/391]  eta: 0:01:19  sploss: 8.2906 (8.2762)  famloss: 3.6367 (3.5304)  manuloss: 2.1411 (2.0642)  acc1: 3.9062 (4.1501)  acc5: 9.3750 (9.4305)  family_acc1: 35.1562 (36.6454)  manu_acc1: 55.0781 (56.4304)  time: 0.4170  data: 0.2145  max mem: 11362
Test:  [197/391]  eta: 0:01:18  sploss: 8.2906 (8.2765)  famloss: 3.6274 (3.5308)  manuloss: 2.1411 (2.0653)  acc1: 3.9062 (4.1430)  acc5: 8.9844 (9.4283)  family_acc1: 35.5469 (36.6418)  manu_acc1: 55.0781 (56.3999)  time: 0.4174  data: 0.2145  max mem: 11362
Test:  [198/391]  eta: 0:01:17  sploss: 8.2906 (8.2758)  famloss: 3.5955 (3.5311)  manuloss: 2.1412 (2.0659)  acc1: 3.9062 (4.1516)  acc5: 8.9844 (9.4437)  family_acc1: 35.1562 (36.6226)  manu_acc1: 55.0781 (56.4051)  time: 0.4179  data: 0.2145  max mem: 11362
Test:  [199/391]  eta: 0:01:17  sploss: 8.2845 (8.2753)  famloss: 3.5955 (3.5328)  manuloss: 2.1902 (2.0674)  acc1: 3.9062 (4.1543)  acc5: 9.3750 (9.4453)  family_acc1: 35.1562 (36.6016)  manu_acc1: 55.0781 (56.3730)  time: 0.4178  data: 0.2145  max mem: 11362
Test:  [200/391]  eta: 0:01:16  sploss: 8.2726 (8.2747)  famloss: 3.5955 (3.5327)  manuloss: 2.1902 (2.0674)  acc1: 3.9062 (4.1628)  acc5: 9.3750 (9.4508)  family_acc1: 35.1562 (36.5944)  manu_acc1: 55.0781 (56.3783)  time: 0.3428  data: 0.1391  max mem: 11362
Test:  [201/391]  eta: 0:01:16  sploss: 8.2726 (8.2755)  famloss: 3.6060 (3.5330)  manuloss: 2.1902 (2.0677)  acc1: 3.9062 (4.1576)  acc5: 8.9844 (9.4407)  family_acc1: 34.3750 (36.5834)  manu_acc1: 55.0781 (56.3757)  time: 0.3108  data: 0.1083  max mem: 11362
Test:  [202/391]  eta: 0:01:15  sploss: 8.2561 (8.2751)  famloss: 3.6060 (3.5335)  manuloss: 2.1943 (2.0683)  acc1: 3.9062 (4.1699)  acc5: 9.3750 (9.4520)  family_acc1: 34.3750 (36.5667)  manu_acc1: 54.6875 (56.3655)  time: 0.3099  data: 0.1083  max mem: 11362
Test:  [203/391]  eta: 0:01:14  sploss: 8.2561 (8.2755)  famloss: 3.5955 (3.5338)  manuloss: 2.1943 (2.0690)  acc1: 3.9062 (4.1628)  acc5: 8.9844 (9.4478)  family_acc1: 34.3750 (36.5790)  manu_acc1: 55.0781 (56.3668)  time: 0.3094  data: 0.1083  max mem: 11362
Test:  [204/391]  eta: 0:01:15  sploss: 8.2203 (8.2747)  famloss: 3.5887 (3.5332)  manuloss: 2.1902 (2.0693)  acc1: 3.9062 (4.1692)  acc5: 9.3750 (9.4493)  family_acc1: 35.1562 (36.5816)  manu_acc1: 55.0781 (56.3586)  time: 0.3764  data: 0.1751  max mem: 11362
Test:  [205/391]  eta: 0:01:15  sploss: 8.2203 (8.2744)  famloss: 3.5955 (3.5336)  manuloss: 2.1943 (2.0709)  acc1: 4.6875 (4.1736)  acc5: 9.3750 (9.4527)  family_acc1: 34.7656 (36.5727)  manu_acc1: 54.6875 (56.3353)  time: 0.4073  data: 0.2050  max mem: 11362
Test:  [206/391]  eta: 0:01:14  sploss: 8.2203 (8.2745)  famloss: 3.6060 (3.5341)  manuloss: 2.1962 (2.0724)  acc1: 3.9062 (4.1686)  acc5: 8.9844 (9.4316)  family_acc1: 34.7656 (36.5697)  manu_acc1: 54.6875 (56.2896)  time: 0.4082  data: 0.2050  max mem: 11362
Test:  [207/391]  eta: 0:01:14  sploss: 8.2065 (8.2734)  famloss: 3.5955 (3.5335)  manuloss: 2.1943 (2.0725)  acc1: 4.6875 (4.1786)  acc5: 9.3750 (9.4501)  family_acc1: 35.1562 (36.5854)  manu_acc1: 54.6875 (56.2857)  time: 0.4092  data: 0.2050  max mem: 11362
Test:  [208/391]  eta: 0:01:13  sploss: 8.2065 (8.2744)  famloss: 3.5955 (3.5342)  manuloss: 2.1962 (2.0737)  acc1: 4.6875 (4.1735)  acc5: 9.3750 (9.4404)  family_acc1: 34.7656 (36.5674)  manu_acc1: 54.2969 (56.2519)  time: 0.4099  data: 0.2050  max mem: 11362
Test:  [209/391]  eta: 0:01:13  sploss: 8.2062 (8.2741)  famloss: 3.5887 (3.5337)  manuloss: 2.1902 (2.0737)  acc1: 4.6875 (4.1741)  acc5: 9.7656 (9.4438)  family_acc1: 35.1562 (36.5718)  manu_acc1: 54.6875 (56.2444)  time: 0.4101  data: 0.2050  max mem: 11362
Test:  [210/391]  eta: 0:01:12  sploss: 8.2062 (8.2740)  famloss: 3.5887 (3.5333)  manuloss: 2.1902 (2.0733)  acc1: 4.6875 (4.1784)  acc5: 8.9844 (9.4416)  family_acc1: 35.1562 (36.5873)  manu_acc1: 54.6875 (56.2556)  time: 0.4100  data: 0.2050  max mem: 11362
Test:  [211/391]  eta: 0:01:12  sploss: 8.2065 (8.2738)  famloss: 3.5955 (3.5338)  manuloss: 2.1902 (2.0736)  acc1: 4.6875 (4.1734)  acc5: 8.9844 (9.4413)  family_acc1: 34.7656 (36.5695)  manu_acc1: 54.6875 (56.2518)  time: 0.4103  data: 0.2050  max mem: 11362
Test:  [212/391]  eta: 0:01:11  sploss: 8.2062 (8.2734)  famloss: 3.5887 (3.5335)  manuloss: 2.1902 (2.0745)  acc1: 5.0781 (4.1795)  acc5: 8.9844 (9.4392)  family_acc1: 35.1562 (36.5684)  manu_acc1: 54.6875 (56.2133)  time: 0.3368  data: 0.1316  max mem: 11362
Test:  [213/391]  eta: 0:01:10  sploss: 8.2065 (8.2740)  famloss: 3.5887 (3.5345)  manuloss: 2.1902 (2.0758)  acc1: 4.6875 (4.1746)  acc5: 8.9844 (9.4352)  family_acc1: 34.7656 (36.5289)  manu_acc1: 54.6875 (56.1770)  time: 0.3019  data: 0.0970  max mem: 11362
Test:  [214/391]  eta: 0:01:10  sploss: 8.2065 (8.2742)  famloss: 3.5887 (3.5350)  manuloss: 2.1902 (2.0763)  acc1: 5.0781 (4.1788)  acc5: 8.9844 (9.4313)  family_acc1: 34.7656 (36.4916)  manu_acc1: 54.6875 (56.1646)  time: 0.3016  data: 0.0970  max mem: 11362
Test:  [215/391]  eta: 0:01:09  sploss: 8.2065 (8.2743)  famloss: 3.5955 (3.5357)  manuloss: 2.1902 (2.0767)  acc1: 4.6875 (4.1667)  acc5: 8.9844 (9.4220)  family_acc1: 34.7656 (36.4764)  manu_acc1: 54.2969 (56.1505)  time: 0.3020  data: 0.0970  max mem: 11362
Test:  [216/391]  eta: 0:01:10  sploss: 8.2065 (8.2740)  famloss: 3.5955 (3.5359)  manuloss: 2.1902 (2.0764)  acc1: 4.6875 (4.1691)  acc5: 8.9844 (9.4344)  family_acc1: 34.7656 (36.4775)  manu_acc1: 54.2969 (56.1438)  time: 0.3797  data: 0.1747  max mem: 11362
Test:  [217/391]  eta: 0:01:10  sploss: 8.2065 (8.2740)  famloss: 3.6018 (3.5362)  manuloss: 2.1633 (2.0768)  acc1: 4.6875 (4.1661)  acc5: 8.9844 (9.4323)  family_acc1: 34.7656 (36.4786)  manu_acc1: 54.2969 (56.1353)  time: 0.4119  data: 0.2060  max mem: 11362
Test:  [218/391]  eta: 0:01:09  sploss: 8.2065 (8.2735)  famloss: 3.6018 (3.5356)  manuloss: 2.1633 (2.0772)  acc1: 4.6875 (4.1720)  acc5: 8.9844 (9.4410)  family_acc1: 35.1562 (36.4994)  manu_acc1: 54.2969 (56.1269)  time: 0.4121  data: 0.2060  max mem: 11362
Test:  [219/391]  eta: 0:01:09  sploss: 8.2135 (8.2740)  famloss: 3.6018 (3.5359)  manuloss: 2.1633 (2.0779)  acc1: 4.2969 (4.1708)  acc5: 8.9844 (9.4407)  family_acc1: 35.1562 (36.4915)  manu_acc1: 54.2969 (56.1222)  time: 0.4121  data: 0.2060  max mem: 11362
Test:  [220/391]  eta: 0:01:08  sploss: 8.2641 (8.2742)  famloss: 3.6060 (3.5371)  manuloss: 2.1664 (2.0796)  acc1: 3.9062 (4.1696)  acc5: 8.9844 (9.4386)  family_acc1: 34.7656 (36.4642)  manu_acc1: 54.2969 (56.0839)  time: 0.4122  data: 0.2060  max mem: 11362
Test:  [221/391]  eta: 0:01:08  sploss: 8.2641 (8.2748)  famloss: 3.6079 (3.5393)  manuloss: 2.1938 (2.0826)  acc1: 3.9062 (4.1667)  acc5: 8.9844 (9.4366)  family_acc1: 34.7656 (36.4302)  manu_acc1: 54.2969 (56.0213)  time: 0.4123  data: 0.2060  max mem: 11362
Test:  [222/391]  eta: 0:01:07  sploss: 8.2840 (8.2748)  famloss: 3.6079 (3.5406)  manuloss: 2.1938 (2.0850)  acc1: 3.9062 (4.1637)  acc5: 8.9844 (9.4346)  family_acc1: 34.7656 (36.3929)  manu_acc1: 53.5156 (55.9610)  time: 0.4124  data: 0.2060  max mem: 11362
Test:  [223/391]  eta: 0:01:07  sploss: 8.2840 (8.2760)  famloss: 3.6117 (3.5426)  manuloss: 2.1938 (2.0879)  acc1: 3.9062 (4.1591)  acc5: 8.9844 (9.4343)  family_acc1: 34.7656 (36.3508)  manu_acc1: 53.1250 (55.8873)  time: 0.4128  data: 0.2060  max mem: 11362
Test:  [224/391]  eta: 0:01:06  sploss: 8.2912 (8.2761)  famloss: 3.6245 (3.5444)  manuloss: 2.2268 (2.0909)  acc1: 3.9062 (4.1597)  acc5: 8.9844 (9.4427)  family_acc1: 33.2031 (36.3229)  manu_acc1: 51.5625 (55.8299)  time: 0.3458  data: 0.1393  max mem: 11362
Test:  [225/391]  eta: 0:01:06  sploss: 8.2925 (8.2770)  famloss: 3.6495 (3.5467)  manuloss: 2.2268 (2.0936)  acc1: 3.5156 (4.1517)  acc5: 8.9844 (9.4320)  family_acc1: 32.8125 (36.2815)  manu_acc1: 49.2188 (55.7712)  time: 0.3150  data: 0.1093  max mem: 11362
Test:  [226/391]  eta: 0:01:05  sploss: 8.2912 (8.2765)  famloss: 3.6495 (3.5464)  manuloss: 2.2268 (2.0943)  acc1: 3.9062 (4.1592)  acc5: 8.9844 (9.4387)  family_acc1: 32.8125 (36.2765)  manu_acc1: 49.2188 (55.7406)  time: 0.3145  data: 0.1093  max mem: 11362
Test:  [227/391]  eta: 0:01:04  sploss: 8.2925 (8.2779)  famloss: 3.6500 (3.5471)  manuloss: 2.2530 (2.0959)  acc1: 3.5156 (4.1495)  acc5: 8.9844 (9.4298)  family_acc1: 32.8125 (36.2733)  manu_acc1: 48.8281 (55.6949)  time: 0.3140  data: 0.1093  max mem: 11362
Test:  [228/391]  eta: 0:01:05  sploss: 8.2925 (8.2787)  famloss: 3.6500 (3.5491)  manuloss: 2.2530 (2.0974)  acc1: 3.9062 (4.1519)  acc5: 8.9844 (9.4330)  family_acc1: 32.8125 (36.2462)  manu_acc1: 48.4375 (55.6462)  time: 0.3816  data: 0.1770  max mem: 11362
Test:  [229/391]  eta: 0:01:05  sploss: 8.3005 (8.2791)  famloss: 3.6825 (3.5501)  manuloss: 2.2640 (2.0996)  acc1: 3.9062 (4.1542)  acc5: 8.9844 (9.4293)  family_acc1: 30.4688 (36.2194)  manu_acc1: 48.0469 (55.6029)  time: 0.4196  data: 0.2148  max mem: 11362
Test:  [230/391]  eta: 0:01:04  sploss: 8.3101 (8.2809)  famloss: 3.7046 (3.5519)  manuloss: 2.3526 (2.1024)  acc1: 3.5156 (4.1481)  acc5: 8.9844 (9.4190)  family_acc1: 30.0781 (36.1878)  manu_acc1: 47.6562 (55.5415)  time: 0.4200  data: 0.2148  max mem: 11362
Test:  [231/391]  eta: 0:01:04  sploss: 8.3101 (8.2806)  famloss: 3.7046 (3.5524)  manuloss: 2.4428 (2.1040)  acc1: 3.9062 (4.1470)  acc5: 8.9844 (9.4255)  family_acc1: 30.0781 (36.1598)  manu_acc1: 46.0938 (55.5007)  time: 0.4201  data: 0.2148  max mem: 11362
Test:  [232/391]  eta: 0:01:03  sploss: 8.3374 (8.2814)  famloss: 3.7046 (3.5528)  manuloss: 2.4588 (2.1059)  acc1: 3.5156 (4.1359)  acc5: 8.9844 (9.4152)  family_acc1: 30.0781 (36.1454)  manu_acc1: 45.7031 (55.4537)  time: 0.4202  data: 0.2148  max mem: 11362
Test:  [233/391]  eta: 0:01:03  sploss: 8.3101 (8.2808)  famloss: 3.6931 (3.5534)  manuloss: 2.4588 (2.1069)  acc1: 3.9062 (4.1433)  acc5: 8.9844 (9.4318)  family_acc1: 30.0781 (36.1395)  manu_acc1: 45.7031 (55.4370)  time: 0.4203  data: 0.2148  max mem: 11362
Test:  [234/391]  eta: 0:01:02  sploss: 8.3374 (8.2811)  famloss: 3.6931 (3.5529)  manuloss: 2.4588 (2.1066)  acc1: 3.5156 (4.1390)  acc5: 8.9844 (9.4315)  family_acc1: 30.4688 (36.1469)  manu_acc1: 45.7031 (55.4405)  time: 0.4209  data: 0.2148  max mem: 11362
Test:  [235/391]  eta: 0:01:02  sploss: 8.3374 (8.2806)  famloss: 3.6931 (3.5530)  manuloss: 2.4588 (2.1074)  acc1: 3.9062 (4.1396)  acc5: 9.3750 (9.4396)  family_acc1: 30.4688 (36.1328)  manu_acc1: 45.7031 (55.4125)  time: 0.4204  data: 0.2148  max mem: 11362
Test:  [236/391]  eta: 0:01:01  sploss: 8.3374 (8.2803)  famloss: 3.6931 (3.5531)  manuloss: 2.4588 (2.1076)  acc1: 3.5156 (4.1354)  acc5: 8.9844 (9.4343)  family_acc1: 30.4688 (36.1205)  manu_acc1: 45.7031 (55.3979)  time: 0.3427  data: 0.1371  max mem: 11362
Test:  [237/391]  eta: 0:01:01  sploss: 8.3374 (8.2794)  famloss: 3.6931 (3.5528)  manuloss: 2.4588 (2.1079)  acc1: 3.5156 (4.1327)  acc5: 8.9844 (9.4308)  family_acc1: 30.4688 (36.1180)  manu_acc1: 45.7031 (55.3883)  time: 0.3103  data: 0.1059  max mem: 11362
Test:  [238/391]  eta: 0:01:00  sploss: 8.3374 (8.2785)  famloss: 3.6931 (3.5530)  manuloss: 2.4588 (2.1083)  acc1: 3.5156 (4.1432)  acc5: 8.9844 (9.4436)  family_acc1: 30.4688 (36.1173)  manu_acc1: 45.7031 (55.3772)  time: 0.3096  data: 0.1058  max mem: 11362
Test:  [239/391]  eta: 0:01:00  sploss: 8.3005 (8.2778)  famloss: 3.6931 (3.5530)  manuloss: 2.4588 (2.1087)  acc1: 3.5156 (4.1471)  acc5: 8.9844 (9.4548)  family_acc1: 30.4688 (36.1214)  manu_acc1: 45.7031 (55.3711)  time: 0.3096  data: 0.1058  max mem: 11362
Test:  [240/391]  eta: 0:01:00  sploss: 8.3005 (8.2785)  famloss: 3.6862 (3.5534)  manuloss: 2.4428 (2.1094)  acc1: 3.5156 (4.1445)  acc5: 8.9844 (9.4512)  family_acc1: 32.8125 (36.1223)  manu_acc1: 45.7031 (55.3504)  time: 0.3784  data: 0.1724  max mem: 11362
Test:  [241/391]  eta: 0:01:00  sploss: 8.2840 (8.2774)  famloss: 3.6364 (3.5528)  manuloss: 2.3498 (2.1095)  acc1: 3.5156 (4.1451)  acc5: 9.3750 (9.4686)  family_acc1: 32.8125 (36.1296)  manu_acc1: 46.0938 (55.3364)  time: 0.4218  data: 0.2150  max mem: 11362
Test:  [242/391]  eta: 0:00:59  sploss: 8.3005 (8.2776)  famloss: 3.6311 (3.5525)  manuloss: 2.3004 (2.1095)  acc1: 3.5156 (4.1426)  acc5: 9.3750 (9.4747)  family_acc1: 33.2031 (36.1352)  manu_acc1: 48.8281 (55.3305)  time: 0.4217  data: 0.2150  max mem: 11362
Test:  [243/391]  eta: 0:00:59  sploss: 8.2123 (8.2773)  famloss: 3.6037 (3.5526)  manuloss: 2.2826 (2.1099)  acc1: 3.9062 (4.1416)  acc5: 9.7656 (9.4759)  family_acc1: 34.7656 (36.1376)  manu_acc1: 48.8281 (55.3183)  time: 0.4217  data: 0.2150  max mem: 11362
Test:  [244/391]  eta: 0:00:58  sploss: 8.2060 (8.2767)  famloss: 3.6037 (3.5531)  manuloss: 2.2826 (2.1109)  acc1: 3.9062 (4.1486)  acc5: 9.3750 (9.4739)  family_acc1: 34.7656 (36.1320)  manu_acc1: 50.3906 (55.2982)  time: 0.4214  data: 0.2150  max mem: 11362
Test:  [245/391]  eta: 0:00:58  sploss: 8.2060 (8.2768)  famloss: 3.5762 (3.5523)  manuloss: 2.2530 (2.1105)  acc1: 3.9062 (4.1428)  acc5: 9.3750 (9.4639)  family_acc1: 35.1562 (36.1471)  manu_acc1: 50.3906 (55.2925)  time: 0.4212  data: 0.2150  max mem: 11362
Test:  [246/391]  eta: 0:00:57  sploss: 8.2086 (8.2766)  famloss: 3.5762 (3.5522)  manuloss: 2.2081 (2.1098)  acc1: 3.9062 (4.1498)  acc5: 9.3750 (9.4636)  family_acc1: 34.7656 (36.1415)  manu_acc1: 51.5625 (55.3059)  time: 0.4204  data: 0.2150  max mem: 11362
Test:  [247/391]  eta: 0:00:57  sploss: 8.2086 (8.2764)  famloss: 3.5757 (3.5521)  manuloss: 2.2051 (2.1097)  acc1: 3.9062 (4.1457)  acc5: 9.3750 (9.4538)  family_acc1: 34.7656 (36.1580)  manu_acc1: 51.9531 (55.3112)  time: 0.4198  data: 0.2150  max mem: 11362
Test:  [248/391]  eta: 0:00:56  sploss: 8.2086 (8.2763)  famloss: 3.5757 (3.5529)  manuloss: 2.2051 (2.1105)  acc1: 3.5156 (4.1416)  acc5: 9.3750 (9.4550)  family_acc1: 34.7656 (36.1399)  manu_acc1: 51.9531 (55.2821)  time: 0.3515  data: 0.1472  max mem: 11362
Test:  [249/391]  eta: 0:00:56  sploss: 8.2086 (8.2763)  famloss: 3.5686 (3.5528)  manuloss: 2.1863 (2.1104)  acc1: 3.5156 (4.1391)  acc5: 9.3750 (9.4578)  family_acc1: 35.5469 (36.1406)  manu_acc1: 51.9531 (55.2844)  time: 0.3131  data: 0.1095  max mem: 11362
Test:  [250/391]  eta: 0:00:55  sploss: 8.2086 (8.2762)  famloss: 3.5686 (3.5529)  manuloss: 2.1863 (2.1109)  acc1: 3.5156 (4.1381)  acc5: 9.3750 (9.4513)  family_acc1: 35.5469 (36.1336)  manu_acc1: 51.9531 (55.2711)  time: 0.3125  data: 0.1095  max mem: 11362
Test:  [251/391]  eta: 0:00:55  sploss: 8.2123 (8.2763)  famloss: 3.5565 (3.5527)  manuloss: 2.1850 (2.1109)  acc1: 3.5156 (4.1372)  acc5: 9.3750 (9.4556)  family_acc1: 35.9375 (36.1328)  manu_acc1: 52.3438 (55.2719)  time: 0.3122  data: 0.1095  max mem: 11362
Test:  [252/391]  eta: 0:00:55  sploss: 8.2086 (8.2755)  famloss: 3.5339 (3.5520)  manuloss: 2.1540 (2.1101)  acc1: 3.9062 (4.1440)  acc5: 9.3750 (9.4553)  family_acc1: 35.9375 (36.1320)  manu_acc1: 52.7344 (55.2850)  time: 0.3840  data: 0.1815  max mem: 11362
Test:  [253/391]  eta: 0:00:55  sploss: 8.2123 (8.2754)  famloss: 3.5241 (3.5517)  manuloss: 2.1370 (2.1101)  acc1: 3.9062 (4.1431)  acc5: 9.3750 (9.4457)  family_acc1: 35.9375 (36.1282)  manu_acc1: 53.1250 (55.2888)  time: 0.4182  data: 0.2158  max mem: 11362
Test:  [254/391]  eta: 0:00:54  sploss: 8.2086 (8.2750)  famloss: 3.5241 (3.5514)  manuloss: 2.1370 (2.1101)  acc1: 3.9062 (4.1437)  acc5: 9.3750 (9.4470)  family_acc1: 35.9375 (36.1183)  manu_acc1: 53.1250 (55.2880)  time: 0.4179  data: 0.2158  max mem: 11362
Test:  [255/391]  eta: 0:00:54  sploss: 8.2086 (8.2744)  famloss: 3.5241 (3.5513)  manuloss: 2.1203 (2.1098)  acc1: 3.9062 (4.1489)  acc5: 9.3750 (9.4513)  family_acc1: 35.9375 (36.1053)  manu_acc1: 53.9062 (55.2826)  time: 0.4182  data: 0.2158  max mem: 11362
Test:  [256/391]  eta: 0:00:53  sploss: 8.2123 (8.2742)  famloss: 3.5220 (3.5504)  manuloss: 2.1166 (2.1094)  acc1: 3.9062 (4.1586)  acc5: 9.7656 (9.4632)  family_acc1: 35.9375 (36.1260)  manu_acc1: 53.9062 (55.3000)  time: 0.4183  data: 0.2158  max mem: 11362
Test:  [257/391]  eta: 0:00:53  sploss: 8.2186 (8.2740)  famloss: 3.5220 (3.5499)  manuloss: 2.1138 (2.1087)  acc1: 3.9062 (4.1636)  acc5: 9.7656 (9.4704)  family_acc1: 35.9375 (36.1222)  manu_acc1: 53.9062 (55.3083)  time: 0.4180  data: 0.2158  max mem: 11362
Test:  [258/391]  eta: 0:00:52  sploss: 8.2186 (8.2735)  famloss: 3.5219 (3.5494)  manuloss: 2.0961 (2.1083)  acc1: 3.9062 (4.1611)  acc5: 9.7656 (9.4685)  family_acc1: 35.9375 (36.1351)  manu_acc1: 53.9062 (55.3044)  time: 0.4179  data: 0.2158  max mem: 11362
Test:  [259/391]  eta: 0:00:52  sploss: 8.2280 (8.2736)  famloss: 3.4772 (3.5491)  manuloss: 2.0947 (2.1075)  acc1: 3.9062 (4.1587)  acc5: 9.3750 (9.4681)  family_acc1: 35.9375 (36.1328)  manu_acc1: 54.2969 (55.3215)  time: 0.4178  data: 0.2158  max mem: 11362
Test:  [260/391]  eta: 0:00:51  sploss: 8.2186 (8.2727)  famloss: 3.4772 (3.5490)  manuloss: 2.0754 (2.1073)  acc1: 3.9062 (4.1577)  acc5: 9.7656 (9.4843)  family_acc1: 35.9375 (36.1336)  manu_acc1: 54.6875 (55.3191)  time: 0.3486  data: 0.1493  max mem: 11362
Test:  [261/391]  eta: 0:00:51  sploss: 8.2186 (8.2721)  famloss: 3.4772 (3.5477)  manuloss: 2.0426 (2.1068)  acc1: 3.9062 (4.1642)  acc5: 9.7656 (9.4913)  family_acc1: 35.9375 (36.1596)  manu_acc1: 55.0781 (55.3271)  time: 0.3050  data: 0.1067  max mem: 11362
Test:  [262/391]  eta: 0:00:50  sploss: 8.2123 (8.2703)  famloss: 3.4772 (3.5468)  manuloss: 2.0286 (2.1062)  acc1: 3.9062 (4.1736)  acc5: 9.7656 (9.5057)  family_acc1: 35.9375 (36.1781)  manu_acc1: 55.4688 (55.3306)  time: 0.3048  data: 0.1067  max mem: 11362
Test:  [263/391]  eta: 0:00:50  sploss: 8.2086 (8.2699)  famloss: 3.4650 (3.5464)  manuloss: 2.0234 (2.1048)  acc1: 3.9062 (4.1755)  acc5: 9.7656 (9.5067)  family_acc1: 35.5469 (36.1742)  manu_acc1: 55.8594 (55.3504)  time: 0.3048  data: 0.1067  max mem: 11362
Test:  [264/391]  eta: 0:00:50  sploss: 8.2186 (8.2702)  famloss: 3.4563 (3.5457)  manuloss: 2.0234 (2.1047)  acc1: 3.9062 (4.1686)  acc5: 9.7656 (9.4959)  family_acc1: 35.9375 (36.1910)  manu_acc1: 55.8594 (55.3420)  time: 0.3813  data: 0.1827  max mem: 11362
Test:  [265/391]  eta: 0:00:50  sploss: 8.2186 (8.2701)  famloss: 3.4650 (3.5458)  manuloss: 2.0286 (2.1050)  acc1: 3.9062 (4.1632)  acc5: 9.7656 (9.4837)  family_acc1: 35.5469 (36.1857)  manu_acc1: 55.8594 (55.3336)  time: 0.4188  data: 0.2196  max mem: 11362
Test:  [266/391]  eta: 0:00:50  sploss: 8.2280 (8.2701)  famloss: 3.4650 (3.5464)  manuloss: 2.0286 (2.1046)  acc1: 3.9062 (4.1623)  acc5: 9.7656 (9.4774)  family_acc1: 35.5469 (36.1570)  manu_acc1: 55.8594 (55.3400)  time: 0.4207  data: 0.2196  max mem: 11362
Test:  [267/391]  eta: 0:00:49  sploss: 8.2280 (8.2701)  famloss: 3.4563 (3.5457)  manuloss: 2.0234 (2.1040)  acc1: 3.9062 (4.1642)  acc5: 9.7656 (9.4829)  family_acc1: 35.5469 (36.1678)  manu_acc1: 55.8594 (55.3507)  time: 0.4210  data: 0.2196  max mem: 11362
Test:  [268/391]  eta: 0:00:49  sploss: 8.2280 (8.2704)  famloss: 3.4499 (3.5452)  manuloss: 2.0234 (2.1039)  acc1: 3.9062 (4.1618)  acc5: 9.7656 (9.4825)  family_acc1: 35.9375 (36.1829)  manu_acc1: 55.8594 (55.3497)  time: 0.4210  data: 0.2196  max mem: 11362
Test:  [269/391]  eta: 0:00:48  sploss: 8.2200 (8.2702)  famloss: 3.4340 (3.5443)  manuloss: 2.0234 (2.1036)  acc1: 3.9062 (4.1609)  acc5: 9.3750 (9.4806)  family_acc1: 35.9375 (36.1950)  manu_acc1: 55.4688 (55.3487)  time: 0.4212  data: 0.2196  max mem: 11362
Test:  [270/391]  eta: 0:00:48  sploss: 8.2186 (8.2699)  famloss: 3.4173 (3.5434)  manuloss: 2.0096 (2.1024)  acc1: 3.9062 (4.1744)  acc5: 9.7656 (9.4918)  family_acc1: 35.9375 (36.1998)  manu_acc1: 56.2500 (55.3794)  time: 0.4209  data: 0.2196  max mem: 11362
Test:  [271/391]  eta: 0:00:47  sploss: 8.1950 (8.2696)  famloss: 3.4173 (3.5432)  manuloss: 2.0096 (2.1024)  acc1: 4.2969 (4.1777)  acc5: 9.3750 (9.4913)  family_acc1: 35.9375 (36.1931)  manu_acc1: 56.2500 (55.3740)  time: 0.4210  data: 0.2196  max mem: 11362
Test:  [272/391]  eta: 0:00:47  sploss: 8.1950 (8.2693)  famloss: 3.4173 (3.5418)  manuloss: 2.0096 (2.1016)  acc1: 4.2969 (4.1810)  acc5: 9.3750 (9.4895)  family_acc1: 36.3281 (36.2151)  manu_acc1: 56.2500 (55.3901)  time: 0.3488  data: 0.1476  max mem: 11362
Test:  [273/391]  eta: 0:00:46  sploss: 8.1950 (8.2694)  famloss: 3.4112 (3.5405)  manuloss: 2.0024 (2.1005)  acc1: 4.2969 (4.1771)  acc5: 9.3750 (9.4805)  family_acc1: 37.5000 (36.2283)  manu_acc1: 56.2500 (55.4146)  time: 0.3142  data: 0.1133  max mem: 11362
Test:  [274/391]  eta: 0:00:46  sploss: 8.2186 (8.2693)  famloss: 3.4112 (3.5402)  manuloss: 2.0024 (2.1007)  acc1: 4.6875 (4.1790)  acc5: 9.3750 (9.4844)  family_acc1: 37.5000 (36.2173)  manu_acc1: 56.2500 (55.4091)  time: 0.3140  data: 0.1133  max mem: 11362
Test:  [275/391]  eta: 0:00:45  sploss: 8.2186 (8.2688)  famloss: 3.3970 (3.5397)  manuloss: 1.9792 (2.0999)  acc1: 3.9062 (4.1780)  acc5: 9.3750 (9.4826)  family_acc1: 37.5000 (36.2191)  manu_acc1: 57.0312 (55.4235)  time: 0.3137  data: 0.1133  max mem: 11362
Test:  [276/391]  eta: 0:00:45  sploss: 8.1950 (8.2683)  famloss: 3.3970 (3.5384)  manuloss: 1.9598 (2.0993)  acc1: 3.9062 (4.1756)  acc5: 9.3750 (9.4794)  family_acc1: 37.5000 (36.2393)  manu_acc1: 56.6406 (55.4279)  time: 0.3835  data: 0.1833  max mem: 11362
Test:  [277/391]  eta: 0:00:45  sploss: 8.1933 (8.2680)  famloss: 3.3463 (3.5373)  manuloss: 1.9792 (2.0989)  acc1: 3.9062 (4.1774)  acc5: 9.3750 (9.4874)  family_acc1: 39.0625 (36.2649)  manu_acc1: 56.6406 (55.4406)  time: 0.4202  data: 0.2190  max mem: 11362
Test:  [278/391]  eta: 0:00:45  sploss: 8.1933 (8.2671)  famloss: 3.3463 (3.5368)  manuloss: 1.9792 (2.0986)  acc1: 3.9062 (4.1779)  acc5: 9.3750 (9.4926)  family_acc1: 38.6719 (36.2735)  manu_acc1: 56.6406 (55.4337)  time: 0.4201  data: 0.2190  max mem: 11362
Test:  [279/391]  eta: 0:00:44  sploss: 8.1838 (8.2666)  famloss: 3.3439 (3.5358)  manuloss: 1.9813 (2.0988)  acc1: 3.9062 (4.1769)  acc5: 9.3750 (9.4894)  family_acc1: 39.0625 (36.3016)  manu_acc1: 56.2500 (55.4297)  time: 0.4202  data: 0.2190  max mem: 11362
Test:  [280/391]  eta: 0:00:44  sploss: 8.1933 (8.2666)  famloss: 3.3093 (3.5345)  manuloss: 1.9813 (2.0986)  acc1: 4.2969 (4.1787)  acc5: 9.3750 (9.4890)  family_acc1: 39.0625 (36.3087)  manu_acc1: 56.2500 (55.4284)  time: 0.4200  data: 0.2190  max mem: 11362
Test:  [281/391]  eta: 0:00:43  sploss: 8.1933 (8.2663)  famloss: 3.3439 (3.5339)  manuloss: 2.0024 (2.0983)  acc1: 3.9062 (4.1708)  acc5: 8.9844 (9.4872)  family_acc1: 38.6719 (36.3046)  manu_acc1: 55.0781 (55.4244)  time: 0.4199  data: 0.2190  max mem: 11362
Test:  [282/391]  eta: 0:00:43  sploss: 8.1950 (8.2662)  famloss: 3.3463 (3.5337)  manuloss: 2.0024 (2.0976)  acc1: 3.9062 (4.1685)  acc5: 8.9844 (9.4771)  family_acc1: 38.2812 (36.2922)  manu_acc1: 55.0781 (55.4315)  time: 0.4201  data: 0.2190  max mem: 11362
Test:  [283/391]  eta: 0:00:42  sploss: 8.2200 (8.2662)  famloss: 3.3463 (3.5334)  manuloss: 2.0024 (2.0968)  acc1: 3.9062 (4.1703)  acc5: 8.9844 (9.4754)  family_acc1: 38.2812 (36.2979)  manu_acc1: 55.0781 (55.4467)  time: 0.4198  data: 0.2190  max mem: 11362
Test:  [284/391]  eta: 0:00:42  sploss: 8.1950 (8.2658)  famloss: 3.3693 (3.5329)  manuloss: 1.9813 (2.0959)  acc1: 3.9062 (4.1680)  acc5: 8.9844 (9.4723)  family_acc1: 38.2812 (36.3048)  manu_acc1: 56.6406 (55.4578)  time: 0.3434  data: 0.1430  max mem: 11362
Test:  [285/391]  eta: 0:00:41  sploss: 8.1933 (8.2652)  famloss: 3.3693 (3.5328)  manuloss: 1.9813 (2.0958)  acc1: 3.9062 (4.1644)  acc5: 8.9844 (9.4733)  family_acc1: 38.2812 (36.3022)  manu_acc1: 56.6406 (55.4496)  time: 0.3060  data: 0.1061  max mem: 11362
Test:  [286/391]  eta: 0:00:41  sploss: 8.1904 (8.2647)  famloss: 3.3439 (3.5317)  manuloss: 1.9568 (2.0947)  acc1: 3.9062 (4.1649)  acc5: 8.9844 (9.4825)  family_acc1: 38.2812 (36.3322)  manu_acc1: 56.6406 (55.4756)  time: 0.3042  data: 0.1060  max mem: 11362
Test:  [287/391]  eta: 0:00:40  sploss: 8.1904 (8.2647)  famloss: 3.3693 (3.5313)  manuloss: 1.9813 (2.0945)  acc1: 3.9062 (4.1640)  acc5: 8.9844 (9.4767)  family_acc1: 38.2812 (36.3512)  manu_acc1: 55.0781 (55.4742)  time: 0.3044  data: 0.1060  max mem: 11362
Test:  [288/391]  eta: 0:00:40  sploss: 8.1904 (8.2648)  famloss: 3.3693 (3.5312)  manuloss: 1.9688 (2.0941)  acc1: 3.9062 (4.1604)  acc5: 8.9844 (9.4723)  family_acc1: 38.2812 (36.3430)  manu_acc1: 56.6406 (55.4823)  time: 0.3746  data: 0.1761  max mem: 11362
Test:  [289/391]  eta: 0:00:40  sploss: 8.1904 (8.2650)  famloss: 3.3693 (3.5302)  manuloss: 1.9568 (2.0931)  acc1: 3.9062 (4.1622)  acc5: 8.9844 (9.4747)  family_acc1: 38.2812 (36.3685)  manu_acc1: 57.4219 (55.5132)  time: 0.4125  data: 0.2140  max mem: 11362
Test:  [290/391]  eta: 0:00:40  sploss: 8.1904 (8.2649)  famloss: 3.3693 (3.5293)  manuloss: 1.9568 (2.0922)  acc1: 3.9062 (4.1653)  acc5: 8.9844 (9.4730)  family_acc1: 38.2812 (36.3791)  manu_acc1: 57.4219 (55.5278)  time: 0.4130  data: 0.2140  max mem: 11362
Test:  [291/391]  eta: 0:00:39  sploss: 8.1838 (8.2646)  famloss: 3.3693 (3.5292)  manuloss: 1.9568 (2.0921)  acc1: 3.9062 (4.1738)  acc5: 8.9844 (9.4860)  family_acc1: 38.2812 (36.3683)  manu_acc1: 57.4219 (55.5209)  time: 0.4129  data: 0.2140  max mem: 11362
Test:  [292/391]  eta: 0:00:39  sploss: 8.1904 (8.2646)  famloss: 3.3693 (3.5285)  manuloss: 1.9629 (2.0916)  acc1: 3.9062 (4.1716)  acc5: 8.9844 (9.4870)  family_acc1: 38.2812 (36.3708)  manu_acc1: 57.4219 (55.5341)  time: 0.4128  data: 0.2140  max mem: 11362
Test:  [293/391]  eta: 0:00:38  sploss: 8.1904 (8.2648)  famloss: 3.3693 (3.5277)  manuloss: 1.9629 (2.0907)  acc1: 3.9062 (4.1693)  acc5: 8.9844 (9.4839)  family_acc1: 38.2812 (36.3906)  manu_acc1: 57.4219 (55.5564)  time: 0.4129  data: 0.2140  max mem: 11362
Test:  [294/391]  eta: 0:00:38  sploss: 8.1904 (8.2652)  famloss: 3.3038 (3.5262)  manuloss: 1.9568 (2.0890)  acc1: 3.9062 (4.1671)  acc5: 8.9844 (9.4823)  family_acc1: 38.2812 (36.4115)  manu_acc1: 57.8125 (55.5919)  time: 0.4124  data: 0.2140  max mem: 11362
Test:  [295/391]  eta: 0:00:37  sploss: 8.2241 (8.2652)  famloss: 3.3004 (3.5251)  manuloss: 1.9568 (2.0881)  acc1: 3.5156 (4.1649)  acc5: 8.9844 (9.4753)  family_acc1: 38.6719 (36.4337)  manu_acc1: 57.8125 (55.6047)  time: 0.4123  data: 0.2140  max mem: 11362
Test:  [296/391]  eta: 0:00:37  sploss: 8.2241 (8.2650)  famloss: 3.3016 (3.5243)  manuloss: 1.8846 (2.0871)  acc1: 3.9062 (4.1667)  acc5: 8.9844 (9.4723)  family_acc1: 38.2812 (36.4386)  manu_acc1: 58.5938 (55.6226)  time: 0.3421  data: 0.1440  max mem: 11362
Test:  [297/391]  eta: 0:00:37  sploss: 8.2241 (8.2648)  famloss: 3.3016 (3.5232)  manuloss: 1.8759 (2.0856)  acc1: 3.9062 (4.1671)  acc5: 8.9844 (9.4733)  family_acc1: 38.2812 (36.4592)  manu_acc1: 58.5938 (55.6601)  time: 0.3050  data: 0.1083  max mem: 11362
Test:  [298/391]  eta: 0:00:36  sploss: 8.2246 (8.2647)  famloss: 3.3016 (3.5225)  manuloss: 1.8617 (2.0848)  acc1: 3.9062 (4.1662)  acc5: 8.9844 (9.4704)  family_acc1: 38.2812 (36.4718)  manu_acc1: 58.5938 (55.6686)  time: 0.3050  data: 0.1083  max mem: 11362
Test:  [299/391]  eta: 0:00:36  sploss: 8.2246 (8.2642)  famloss: 3.3038 (3.5219)  manuloss: 1.8617 (2.0846)  acc1: 3.9062 (4.1667)  acc5: 8.9844 (9.4740)  family_acc1: 38.2812 (36.4909)  manu_acc1: 58.5938 (55.6784)  time: 0.3051  data: 0.1083  max mem: 11362
Test:  [300/391]  eta: 0:00:36  sploss: 8.2246 (8.2649)  famloss: 3.3067 (3.5212)  manuloss: 1.8329 (2.0833)  acc1: 3.5156 (4.1580)  acc5: 8.9844 (9.4607)  family_acc1: 39.4531 (36.5150)  manu_acc1: 59.3750 (55.7049)  time: 0.3726  data: 0.1751  max mem: 11362
Test:  [301/391]  eta: 0:00:35  sploss: 8.2246 (8.2643)  famloss: 3.3038 (3.5197)  manuloss: 1.8185 (2.0821)  acc1: 3.9062 (4.1572)  acc5: 8.9844 (9.4642)  family_acc1: 40.2344 (36.5377)  manu_acc1: 59.3750 (55.7300)  time: 0.4121  data: 0.2139  max mem: 11362
Test:  [302/391]  eta: 0:00:35  sploss: 8.2246 (8.2641)  famloss: 3.3038 (3.5191)  manuloss: 1.8185 (2.0813)  acc1: 3.9062 (4.1576)  acc5: 8.9844 (9.4588)  family_acc1: 40.2344 (36.5318)  manu_acc1: 59.7656 (55.7472)  time: 0.4124  data: 0.2138  max mem: 11362
Test:  [303/391]  eta: 0:00:34  sploss: 8.2246 (8.2650)  famloss: 3.3038 (3.5185)  manuloss: 1.8142 (2.0805)  acc1: 3.9062 (4.1607)  acc5: 8.9844 (9.4624)  family_acc1: 41.0156 (36.5466)  manu_acc1: 59.7656 (55.7694)  time: 0.4127  data: 0.2138  max mem: 11362
Test:  [304/391]  eta: 0:00:34  sploss: 8.2246 (8.2646)  famloss: 3.3016 (3.5171)  manuloss: 1.8128 (2.0790)  acc1: 3.9062 (4.1611)  acc5: 8.9844 (9.4582)  family_acc1: 41.7969 (36.5740)  manu_acc1: 60.9375 (55.8005)  time: 0.4124  data: 0.2139  max mem: 11362
Test:  [305/391]  eta: 0:00:34  sploss: 8.2326 (8.2651)  famloss: 3.3016 (3.5166)  manuloss: 1.8128 (2.0789)  acc1: 3.9062 (4.1577)  acc5: 8.5938 (9.4516)  family_acc1: 41.7969 (36.5758)  manu_acc1: 60.9375 (55.7955)  time: 0.4124  data: 0.2139  max mem: 11362
Test:  [306/391]  eta: 0:00:33  sploss: 8.2498 (8.2656)  famloss: 3.3038 (3.5159)  manuloss: 1.8142 (2.0783)  acc1: 3.9062 (4.1531)  acc5: 8.5938 (9.4424)  family_acc1: 41.7969 (36.5966)  manu_acc1: 59.7656 (55.8047)  time: 0.4124  data: 0.2139  max mem: 11362
Test:  [307/391]  eta: 0:00:33  sploss: 8.2626 (8.2658)  famloss: 3.3038 (3.5154)  manuloss: 1.8142 (2.0777)  acc1: 3.9062 (4.1498)  acc5: 8.5938 (9.4422)  family_acc1: 41.0156 (36.6071)  manu_acc1: 59.7656 (55.8137)  time: 0.4122  data: 0.2139  max mem: 11362
Test:  [308/391]  eta: 0:00:32  sploss: 8.2626 (8.2660)  famloss: 3.3038 (3.5155)  manuloss: 1.8142 (2.0772)  acc1: 3.9062 (4.1540)  acc5: 8.5938 (9.4395)  family_acc1: 41.0156 (36.6151)  manu_acc1: 60.9375 (55.8303)  time: 0.3421  data: 0.1438  max mem: 11362
Test:  [309/391]  eta: 0:00:32  sploss: 8.2626 (8.2661)  famloss: 3.3067 (3.5152)  manuloss: 1.8185 (2.0768)  acc1: 3.9062 (4.1532)  acc5: 8.5938 (9.4330)  family_acc1: 40.2344 (36.6167)  manu_acc1: 59.7656 (55.8380)  time: 0.3040  data: 0.1059  max mem: 11362
Test:  [310/391]  eta: 0:00:31  sploss: 8.2694 (8.2663)  famloss: 3.3095 (3.5147)  manuloss: 1.8515 (2.0767)  acc1: 3.9062 (4.1449)  acc5: 8.5938 (9.4265)  family_acc1: 40.2344 (36.6233)  manu_acc1: 59.3750 (55.8468)  time: 0.3037  data: 0.1059  max mem: 11362
Test:  [311/391]  eta: 0:00:31  sploss: 8.2694 (8.2661)  famloss: 3.3095 (3.5144)  manuloss: 1.8515 (2.0762)  acc1: 3.9062 (4.1516)  acc5: 8.5938 (9.4313)  family_acc1: 40.2344 (36.6211)  manu_acc1: 59.3750 (55.8506)  time: 0.3034  data: 0.1059  max mem: 11362
Test:  [312/391]  eta: 0:00:31  sploss: 8.2753 (8.2662)  famloss: 3.3166 (3.5142)  manuloss: 1.8185 (2.0748)  acc1: 3.9062 (4.1496)  acc5: 8.5938 (9.4324)  family_acc1: 40.2344 (36.6152)  manu_acc1: 60.9375 (55.8868)  time: 0.3710  data: 0.1727  max mem: 11362
Test:  [313/391]  eta: 0:00:31  sploss: 8.2694 (8.2658)  famloss: 3.3320 (3.5139)  manuloss: 1.8515 (2.0745)  acc1: 3.9062 (4.1476)  acc5: 8.5938 (9.4297)  family_acc1: 39.8438 (36.6118)  manu_acc1: 60.5469 (55.9017)  time: 0.4097  data: 0.2111  max mem: 11362
Test:  [314/391]  eta: 0:00:30  sploss: 8.2246 (8.2654)  famloss: 3.3380 (3.5135)  manuloss: 1.8617 (2.0738)  acc1: 3.9062 (4.1493)  acc5: 8.5938 (9.4358)  family_acc1: 39.4531 (36.6208)  manu_acc1: 59.3750 (55.9127)  time: 0.4103  data: 0.2112  max mem: 11362
Test:  [315/391]  eta: 0:00:30  sploss: 8.2096 (8.2650)  famloss: 3.3390 (3.5134)  manuloss: 1.8737 (2.0736)  acc1: 3.9062 (4.1510)  acc5: 8.5938 (9.4331)  family_acc1: 39.0625 (36.6087)  manu_acc1: 59.3750 (55.9150)  time: 0.4105  data: 0.2112  max mem: 11362
Test:  [316/391]  eta: 0:00:29  sploss: 8.2246 (8.2653)  famloss: 3.3390 (3.5127)  manuloss: 1.8737 (2.0728)  acc1: 3.9062 (4.1478)  acc5: 8.5938 (9.4317)  family_acc1: 39.4531 (36.6214)  manu_acc1: 58.9844 (55.9247)  time: 0.4107  data: 0.2112  max mem: 11362
Test:  [317/391]  eta: 0:00:29  sploss: 8.2753 (8.2655)  famloss: 3.3390 (3.5121)  manuloss: 1.8737 (2.0722)  acc1: 3.9062 (4.1446)  acc5: 8.5938 (9.4241)  family_acc1: 39.4531 (36.6303)  manu_acc1: 58.5938 (55.9306)  time: 0.4109  data: 0.2112  max mem: 11362
Test:  [318/391]  eta: 0:00:28  sploss: 8.3170 (8.2663)  famloss: 3.3441 (3.5118)  manuloss: 1.8940 (2.0718)  acc1: 3.9062 (4.1438)  acc5: 8.5938 (9.4191)  family_acc1: 39.0625 (36.6294)  manu_acc1: 58.9844 (55.9402)  time: 0.4106  data: 0.2112  max mem: 11362
Test:  [319/391]  eta: 0:00:28  sploss: 8.3285 (8.2667)  famloss: 3.3511 (3.5114)  manuloss: 1.8940 (2.0714)  acc1: 3.9062 (4.1431)  acc5: 8.2031 (9.4141)  family_acc1: 39.0625 (36.6370)  manu_acc1: 58.9844 (55.9521)  time: 0.4104  data: 0.2112  max mem: 11362
Test:  [320/391]  eta: 0:00:27  sploss: 8.3170 (8.2668)  famloss: 3.3511 (3.5107)  manuloss: 1.8940 (2.0708)  acc1: 3.9062 (4.1399)  acc5: 8.2031 (9.4079)  family_acc1: 38.6719 (36.6324)  manu_acc1: 58.9844 (55.9543)  time: 0.3431  data: 0.1443  max mem: 11362
Test:  [321/391]  eta: 0:00:27  sploss: 8.3170 (8.2665)  famloss: 3.3511 (3.5102)  manuloss: 1.8940 (2.0702)  acc1: 3.9062 (4.1452)  acc5: 8.2031 (9.4175)  family_acc1: 38.6719 (36.6423)  manu_acc1: 58.9844 (55.9698)  time: 0.3035  data: 0.1056  max mem: 11362
Test:  [322/391]  eta: 0:00:27  sploss: 8.3285 (8.2674)  famloss: 3.3540 (3.5104)  manuloss: 1.9084 (2.0707)  acc1: 3.5156 (4.1372)  acc5: 8.2031 (9.4113)  family_acc1: 38.6719 (36.6365)  manu_acc1: 58.5938 (55.9573)  time: 0.3031  data: 0.1056  max mem: 11362
Test:  [323/391]  eta: 0:00:26  sploss: 8.3285 (8.2676)  famloss: 3.3829 (3.5103)  manuloss: 1.9084 (2.0701)  acc1: 3.5156 (4.1317)  acc5: 7.8125 (9.4027)  family_acc1: 38.6719 (36.6573)  manu_acc1: 58.5938 (55.9727)  time: 0.3028  data: 0.1056  max mem: 11362
Test:  [324/391]  eta: 0:00:26  sploss: 8.3285 (8.2677)  famloss: 3.3829 (3.5096)  manuloss: 1.9084 (2.0694)  acc1: 3.1250 (4.1274)  acc5: 7.8125 (9.3966)  family_acc1: 38.6719 (36.6755)  manu_acc1: 58.5938 (55.9832)  time: 0.3716  data: 0.1744  max mem: 11362
Test:  [325/391]  eta: 0:00:26  sploss: 8.3170 (8.2676)  famloss: 3.3849 (3.5097)  manuloss: 1.9084 (2.0701)  acc1: 3.5156 (4.1303)  acc5: 7.8125 (9.4026)  family_acc1: 38.6719 (36.6672)  manu_acc1: 58.5938 (55.9708)  time: 0.4116  data: 0.2135  max mem: 11362
Test:  [326/391]  eta: 0:00:25  sploss: 8.3170 (8.2681)  famloss: 3.4056 (3.5106)  manuloss: 1.9201 (2.0704)  acc1: 3.5156 (4.1284)  acc5: 8.5938 (9.4037)  family_acc1: 37.1094 (36.6650)  manu_acc1: 58.5938 (55.9717)  time: 0.4126  data: 0.2135  max mem: 11362
Test:  [327/391]  eta: 0:00:25  sploss: 8.3106 (8.2682)  famloss: 3.4233 (3.5108)  manuloss: 1.9205 (2.0706)  acc1: 3.5156 (4.1254)  acc5: 7.8125 (9.3976)  family_acc1: 36.3281 (36.6640)  manu_acc1: 58.5938 (55.9666)  time: 0.4159  data: 0.2135  max mem: 11362
Test:  [328/391]  eta: 0:00:24  sploss: 8.3078 (8.2678)  famloss: 3.4056 (3.5101)  manuloss: 1.9463 (2.0703)  acc1: 3.5156 (4.1318)  acc5: 7.8125 (9.4047)  family_acc1: 36.3281 (36.6784)  manu_acc1: 58.5938 (55.9769)  time: 0.4204  data: 0.2135  max mem: 11362
Test:  [329/391]  eta: 0:00:24  sploss: 8.3106 (8.2682)  famloss: 3.3849 (3.5097)  manuloss: 1.9463 (2.0701)  acc1: 3.5156 (4.1288)  acc5: 8.2031 (9.4010)  family_acc1: 36.3281 (36.6892)  manu_acc1: 58.5938 (55.9825)  time: 0.4204  data: 0.2135  max mem: 11362
Test:  [330/391]  eta: 0:00:24  sploss: 8.3078 (8.2683)  famloss: 3.4056 (3.5095)  manuloss: 1.9463 (2.0701)  acc1: 3.5156 (4.1281)  acc5: 8.2031 (9.3951)  family_acc1: 36.3281 (36.6881)  manu_acc1: 57.8125 (55.9750)  time: 0.4205  data: 0.2135  max mem: 11362
Test:  [331/391]  eta: 0:00:23  sploss: 8.3106 (8.2685)  famloss: 3.4233 (3.5100)  manuloss: 1.9557 (2.0706)  acc1: 3.5156 (4.1298)  acc5: 8.2031 (9.4009)  family_acc1: 36.3281 (36.6823)  manu_acc1: 57.8125 (55.9676)  time: 0.4209  data: 0.2135  max mem: 11362
Test:  [332/391]  eta: 0:00:23  sploss: 8.3106 (8.2689)  famloss: 3.4233 (3.5099)  manuloss: 1.9642 (2.0707)  acc1: 3.5156 (4.1303)  acc5: 8.2031 (9.3996)  family_acc1: 36.3281 (36.6824)  manu_acc1: 57.8125 (55.9673)  time: 0.3536  data: 0.1466  max mem: 11362
Test:  [333/391]  eta: 0:00:22  sploss: 8.3106 (8.2688)  famloss: 3.4233 (3.5111)  manuloss: 1.9763 (2.0712)  acc1: 3.9062 (4.1296)  acc5: 7.8125 (9.3925)  family_acc1: 36.3281 (36.6650)  manu_acc1: 56.6406 (55.9541)  time: 0.3150  data: 0.1082  max mem: 11362
Test:  [334/391]  eta: 0:00:22  sploss: 8.3247 (8.2699)  famloss: 3.4699 (3.5123)  manuloss: 1.9815 (2.0721)  acc1: 3.5156 (4.1266)  acc5: 7.8125 (9.3878)  family_acc1: 36.3281 (36.6406)  manu_acc1: 56.6406 (55.9433)  time: 0.3150  data: 0.1082  max mem: 11362
Test:  [335/391]  eta: 0:00:21  sploss: 8.3247 (8.2699)  famloss: 3.4699 (3.5123)  manuloss: 1.9972 (2.0721)  acc1: 3.5156 (4.1248)  acc5: 7.8125 (9.3855)  family_acc1: 36.3281 (36.6455)  manu_acc1: 56.2500 (55.9442)  time: 0.3149  data: 0.1082  max mem: 11362
Test:  [336/391]  eta: 0:00:21  sploss: 8.3106 (8.2697)  famloss: 3.4699 (3.5120)  manuloss: 2.0676 (2.0725)  acc1: 3.5156 (4.1265)  acc5: 7.8125 (9.3878)  family_acc1: 36.3281 (36.6550)  manu_acc1: 56.2500 (55.9347)  time: 0.3848  data: 0.1781  max mem: 11362
Test:  [337/391]  eta: 0:00:21  sploss: 8.3106 (8.2702)  famloss: 3.4800 (3.5127)  manuloss: 2.0746 (2.0733)  acc1: 3.5156 (4.1235)  acc5: 7.8125 (9.3819)  family_acc1: 36.3281 (36.6494)  manu_acc1: 55.8594 (55.9183)  time: 0.4230  data: 0.2157  max mem: 11362
Test:  [338/391]  eta: 0:00:20  sploss: 8.3078 (8.2701)  famloss: 3.4800 (3.5123)  manuloss: 2.0746 (2.0732)  acc1: 3.5156 (4.1229)  acc5: 7.8125 (9.3808)  family_acc1: 36.3281 (36.6565)  manu_acc1: 55.8594 (55.9204)  time: 0.4236  data: 0.2156  max mem: 11362
Test:  [339/391]  eta: 0:00:20  sploss: 8.3078 (8.2702)  famloss: 3.4803 (3.5124)  manuloss: 2.0746 (2.0731)  acc1: 3.5156 (4.1211)  acc5: 8.2031 (9.3819)  family_acc1: 36.3281 (36.6556)  manu_acc1: 54.2969 (55.9157)  time: 0.4239  data: 0.2156  max mem: 11362
Test:  [340/391]  eta: 0:00:20  sploss: 8.2982 (8.2702)  famloss: 3.5138 (3.5128)  manuloss: 2.0979 (2.0734)  acc1: 3.5156 (4.1170)  acc5: 8.2031 (9.3784)  family_acc1: 36.3281 (36.6535)  manu_acc1: 54.2969 (55.9121)  time: 0.4238  data: 0.2157  max mem: 11362
Test:  [341/391]  eta: 0:00:19  sploss: 8.3078 (8.2705)  famloss: 3.5138 (3.5122)  manuloss: 2.0979 (2.0729)  acc1: 3.5156 (4.1176)  acc5: 8.2031 (9.3750)  family_acc1: 36.3281 (36.6765)  manu_acc1: 54.2969 (55.9279)  time: 0.4239  data: 0.2157  max mem: 11362
Test:  [342/391]  eta: 0:00:19  sploss: 8.3078 (8.2713)  famloss: 3.5138 (3.5122)  manuloss: 2.0746 (2.0723)  acc1: 3.5156 (4.1124)  acc5: 8.2031 (9.3670)  family_acc1: 36.3281 (36.6812)  manu_acc1: 54.6875 (55.9402)  time: 0.4240  data: 0.2157  max mem: 11362
Test:  [343/391]  eta: 0:00:18  sploss: 8.2982 (8.2710)  famloss: 3.5138 (3.5116)  manuloss: 2.0746 (2.0713)  acc1: 3.5156 (4.1084)  acc5: 8.2031 (9.3716)  family_acc1: 36.3281 (36.6892)  manu_acc1: 54.6875 (55.9650)  time: 0.4243  data: 0.2157  max mem: 11362
Test:  [344/391]  eta: 0:00:18  sploss: 8.3078 (8.2716)  famloss: 3.5138 (3.5113)  manuloss: 2.0746 (2.0709)  acc1: 3.5156 (4.1055)  acc5: 8.2031 (9.3614)  family_acc1: 36.3281 (36.6904)  manu_acc1: 54.6875 (55.9749)  time: 0.3557  data: 0.1469  max mem: 11362
Test:  [345/391]  eta: 0:00:18  sploss: 8.3122 (8.2719)  famloss: 3.5138 (3.5118)  manuloss: 2.0676 (2.0705)  acc1: 3.5156 (4.1038)  acc5: 8.2031 (9.3603)  family_acc1: 36.3281 (36.6713)  manu_acc1: 55.8594 (55.9869)  time: 0.3159  data: 0.1078  max mem: 11362
Test:  [346/391]  eta: 0:00:17  sploss: 8.3078 (8.2716)  famloss: 3.4803 (3.5110)  manuloss: 2.0589 (2.0691)  acc1: 3.5156 (4.1089)  acc5: 8.2031 (9.3592)  family_acc1: 36.7188 (36.6827)  manu_acc1: 55.8594 (56.0136)  time: 0.3150  data: 0.1078  max mem: 11362
Test:  [347/391]  eta: 0:00:17  sploss: 8.3122 (8.2718)  famloss: 3.4699 (3.5103)  manuloss: 2.0306 (2.0675)  acc1: 3.5156 (4.1049)  acc5: 8.5938 (9.3593)  family_acc1: 37.1094 (36.6974)  manu_acc1: 56.2500 (56.0480)  time: 0.3114  data: 0.1078  max mem: 11362
Test:  [348/391]  eta: 0:00:16  sploss: 8.3247 (8.2722)  famloss: 3.4803 (3.5108)  manuloss: 2.0306 (2.0672)  acc1: 3.5156 (4.1077)  acc5: 8.5938 (9.3582)  family_acc1: 37.1094 (36.6997)  manu_acc1: 56.2500 (56.0597)  time: 0.3745  data: 0.1757  max mem: 11362
Test:  [349/391]  eta: 0:00:16  sploss: 8.3122 (8.2716)  famloss: 3.4803 (3.5102)  manuloss: 2.0306 (2.0658)  acc1: 3.5156 (4.1060)  acc5: 8.9844 (9.3627)  family_acc1: 37.1094 (36.7143)  manu_acc1: 56.2500 (56.0938)  time: 0.4118  data: 0.2122  max mem: 11362
Test:  [350/391]  eta: 0:00:16  sploss: 8.3122 (8.2712)  famloss: 3.4803 (3.5100)  manuloss: 1.9338 (2.0652)  acc1: 3.5156 (4.1088)  acc5: 8.9844 (9.3683)  family_acc1: 37.5000 (36.7243)  manu_acc1: 56.6406 (56.1165)  time: 0.4124  data: 0.2122  max mem: 11362
Test:  [351/391]  eta: 0:00:15  sploss: 8.2929 (8.2713)  famloss: 3.4742 (3.5099)  manuloss: 1.9297 (2.0644)  acc1: 3.5156 (4.1127)  acc5: 8.9844 (9.3695)  family_acc1: 37.5000 (36.7243)  manu_acc1: 59.3750 (56.1357)  time: 0.4129  data: 0.2122  max mem: 11362
Test:  [352/391]  eta: 0:00:15  sploss: 8.2678 (8.2712)  famloss: 3.4447 (3.5097)  manuloss: 1.9297 (2.0642)  acc1: 3.5156 (4.1154)  acc5: 8.9844 (9.3816)  family_acc1: 38.2812 (36.7342)  manu_acc1: 59.3750 (56.1371)  time: 0.4131  data: 0.2122  max mem: 11362
Test:  [353/391]  eta: 0:00:14  sploss: 8.2929 (8.2714)  famloss: 3.4384 (3.5090)  manuloss: 1.9282 (2.0632)  acc1: 3.5156 (4.1137)  acc5: 8.9844 (9.3893)  family_acc1: 38.2812 (36.7485)  manu_acc1: 60.1562 (56.1628)  time: 0.4129  data: 0.2122  max mem: 11362
Test:  [354/391]  eta: 0:00:14  sploss: 8.2929 (8.2716)  famloss: 3.4384 (3.5093)  manuloss: 1.8894 (2.0627)  acc1: 3.5156 (4.1164)  acc5: 8.9844 (9.3871)  family_acc1: 38.2812 (36.7419)  manu_acc1: 60.1562 (56.1785)  time: 0.4134  data: 0.2122  max mem: 11362
Test:  [355/391]  eta: 0:00:14  sploss: 8.3122 (8.2720)  famloss: 3.4384 (3.5092)  manuloss: 1.8823 (2.0617)  acc1: 3.5156 (4.1158)  acc5: 8.9844 (9.3805)  family_acc1: 38.2812 (36.7429)  manu_acc1: 60.1562 (56.2050)  time: 0.4134  data: 0.2122  max mem: 11362
Test:  [356/391]  eta: 0:00:13  sploss: 8.3122 (8.2718)  famloss: 3.4384 (3.5085)  manuloss: 1.8785 (2.0609)  acc1: 3.5156 (4.1174)  acc5: 8.9844 (9.3827)  family_acc1: 38.2812 (36.7527)  manu_acc1: 61.3281 (56.2205)  time: 0.3435  data: 0.1423  max mem: 11362
Test:  [357/391]  eta: 0:00:13  sploss: 8.2929 (8.2713)  famloss: 3.3924 (3.5078)  manuloss: 1.8735 (2.0604)  acc1: 3.9062 (4.1256)  acc5: 8.9844 (9.3935)  family_acc1: 39.0625 (36.7733)  manu_acc1: 61.3281 (56.2347)  time: 0.3055  data: 0.1048  max mem: 11362
Test:  [358/391]  eta: 0:00:12  sploss: 8.3122 (8.2717)  famloss: 3.4260 (3.5076)  manuloss: 1.8416 (2.0597)  acc1: 3.5156 (4.1228)  acc5: 8.9844 (9.3891)  family_acc1: 39.4531 (36.7819)  manu_acc1: 61.3281 (56.2467)  time: 0.3055  data: 0.1048  max mem: 11362
Test:  [359/391]  eta: 0:00:12  sploss: 8.3324 (8.2720)  famloss: 3.3924 (3.5067)  manuloss: 1.8233 (2.0589)  acc1: 3.5156 (4.1200)  acc5: 8.9844 (9.3880)  family_acc1: 39.8438 (36.8056)  manu_acc1: 61.7188 (56.2663)  time: 0.3054  data: 0.1048  max mem: 11362
Test:  [360/391]  eta: 0:00:12  sploss: 8.3446 (8.2730)  famloss: 3.3924 (3.5069)  manuloss: 1.8233 (2.0583)  acc1: 3.9062 (4.1194)  acc5: 8.9844 (9.3847)  family_acc1: 39.8438 (36.8064)  manu_acc1: 61.7188 (56.2868)  time: 0.3700  data: 0.1690  max mem: 11362
Test:  [361/391]  eta: 0:00:11  sploss: 8.3324 (8.2725)  famloss: 3.3924 (3.5057)  manuloss: 1.7988 (2.0573)  acc1: 3.9062 (4.1199)  acc5: 8.9844 (9.3944)  family_acc1: 39.8438 (36.8267)  manu_acc1: 62.1094 (56.3029)  time: 0.4116  data: 0.2106  max mem: 11362
Test:  [362/391]  eta: 0:00:11  sploss: 8.2929 (8.2721)  famloss: 3.3192 (3.5050)  manuloss: 1.7899 (2.0564)  acc1: 3.9062 (4.1182)  acc5: 9.3750 (9.3954)  family_acc1: 39.8438 (36.8339)  manu_acc1: 62.5000 (56.3199)  time: 0.4117  data: 0.2106  max mem: 11362
Test:  [363/391]  eta: 0:00:11  sploss: 8.2929 (8.2719)  famloss: 3.3924 (3.5052)  manuloss: 1.7988 (2.0560)  acc1: 3.9062 (4.1187)  acc5: 8.9844 (9.3943)  family_acc1: 39.8438 (36.8314)  manu_acc1: 62.1094 (56.3337)  time: 0.4114  data: 0.2106  max mem: 11362
Test:  [364/391]  eta: 0:00:10  sploss: 8.2929 (8.2720)  famloss: 3.3498 (3.5047)  manuloss: 1.7988 (2.0554)  acc1: 3.9062 (4.1171)  acc5: 9.3750 (9.3975)  family_acc1: 39.8438 (36.8375)  manu_acc1: 62.1094 (56.3495)  time: 0.4111  data: 0.2106  max mem: 11362
Test:  [365/391]  eta: 0:00:10  sploss: 8.2929 (8.2723)  famloss: 3.3122 (3.5038)  manuloss: 1.7899 (2.0545)  acc1: 3.9062 (4.1144)  acc5: 9.3750 (9.3921)  family_acc1: 40.2344 (36.8596)  manu_acc1: 62.5000 (56.3781)  time: 0.4110  data: 0.2106  max mem: 11362
Test:  [366/391]  eta: 0:00:09  sploss: 8.3259 (8.2725)  famloss: 3.3498 (3.5038)  manuloss: 1.7988 (2.0541)  acc1: 3.9062 (4.1127)  acc5: 9.3750 (9.3878)  family_acc1: 40.2344 (36.8710)  manu_acc1: 62.1094 (56.3862)  time: 0.4113  data: 0.2106  max mem: 11362
Test:  [367/391]  eta: 0:00:09  sploss: 8.2929 (8.2725)  famloss: 3.3498 (3.5029)  manuloss: 1.7988 (2.0529)  acc1: 3.9062 (4.1132)  acc5: 9.7656 (9.3930)  family_acc1: 40.2344 (36.8971)  manu_acc1: 62.1094 (56.4135)  time: 0.4111  data: 0.2106  max mem: 11362
Test:  [368/391]  eta: 0:00:09  sploss: 8.2515 (8.2721)  famloss: 3.3498 (3.5026)  manuloss: 1.7899 (2.0520)  acc1: 3.9062 (4.1201)  acc5: 9.7656 (9.3972)  family_acc1: 40.2344 (36.9072)  manu_acc1: 62.5000 (56.4342)  time: 0.3434  data: 0.1427  max mem: 11362
Test:  [369/391]  eta: 0:00:08  sploss: 8.2929 (8.2721)  famloss: 3.3498 (3.5021)  manuloss: 1.7899 (2.0509)  acc1: 3.9062 (4.1142)  acc5: 9.7656 (9.3982)  family_acc1: 40.2344 (36.9130)  manu_acc1: 62.5000 (56.4590)  time: 0.3063  data: 0.1062  max mem: 11362
Test:  [370/391]  eta: 0:00:08  sploss: 8.2929 (8.2721)  famloss: 3.3498 (3.5019)  manuloss: 1.7899 (2.0506)  acc1: 3.9062 (4.1179)  acc5: 9.7656 (9.4024)  family_acc1: 39.8438 (36.9156)  manu_acc1: 62.1094 (56.4701)  time: 0.3060  data: 0.1061  max mem: 11362
Test:  [371/391]  eta: 0:00:07  sploss: 8.2515 (8.2716)  famloss: 3.3498 (3.5017)  manuloss: 1.7899 (2.0501)  acc1: 3.9062 (4.1205)  acc5: 9.7656 (9.4065)  family_acc1: 39.8438 (36.9235)  manu_acc1: 62.1094 (56.4873)  time: 0.3054  data: 0.1061  max mem: 11362
Test:  [372/391]  eta: 0:00:07  sploss: 8.2979 (8.2722)  famloss: 3.3498 (3.5020)  manuloss: 1.7899 (2.0498)  acc1: 3.9062 (4.1147)  acc5: 9.7656 (9.3991)  family_acc1: 39.8438 (36.9188)  manu_acc1: 62.5000 (56.5034)  time: 0.3711  data: 0.1722  max mem: 11362
Test:  [373/391]  eta: 0:00:07  sploss: 8.2515 (8.2720)  famloss: 3.3498 (3.5013)  manuloss: 1.7899 (2.0485)  acc1: 3.9062 (4.1193)  acc5: 9.7656 (9.4042)  family_acc1: 39.8438 (36.9339)  manu_acc1: 62.5000 (56.5362)  time: 0.4082  data: 0.2086  max mem: 11362
Test:  [374/391]  eta: 0:00:06  sploss: 8.2515 (8.2721)  famloss: 3.3498 (3.5012)  manuloss: 1.7899 (2.0482)  acc1: 3.9062 (4.1188)  acc5: 9.7656 (9.4021)  family_acc1: 39.8438 (36.9302)  manu_acc1: 62.5000 (56.5417)  time: 0.4077  data: 0.2086  max mem: 11362
Test:  [375/391]  eta: 0:00:06  sploss: 8.2415 (8.2720)  famloss: 3.3498 (3.5010)  manuloss: 1.7899 (2.0474)  acc1: 3.9062 (4.1234)  acc5: 9.7656 (9.4082)  family_acc1: 39.8438 (36.9359)  manu_acc1: 62.5000 (56.5679)  time: 0.4074  data: 0.2086  max mem: 11362
Test:  [376/391]  eta: 0:00:05  sploss: 8.2429 (8.2720)  famloss: 3.3498 (3.5002)  manuloss: 1.7539 (2.0463)  acc1: 3.9062 (4.1259)  acc5: 9.7656 (9.4123)  family_acc1: 39.8438 (36.9571)  manu_acc1: 62.5000 (56.5950)  time: 0.4073  data: 0.2085  max mem: 11362
Test:  [377/391]  eta: 0:00:05  sploss: 8.2429 (8.2718)  famloss: 3.3498 (3.4995)  manuloss: 1.7436 (2.0451)  acc1: 3.9062 (4.1274)  acc5: 9.7656 (9.4143)  family_acc1: 39.8438 (36.9719)  manu_acc1: 62.8906 (56.6262)  time: 0.4071  data: 0.2085  max mem: 11362
Test:  [378/391]  eta: 0:00:05  sploss: 8.2415 (8.2717)  famloss: 3.3420 (3.4991)  manuloss: 1.7391 (2.0442)  acc1: 4.2969 (4.1320)  acc5: 9.7656 (9.4131)  family_acc1: 39.4531 (36.9692)  manu_acc1: 63.2812 (56.6499)  time: 0.4066  data: 0.2085  max mem: 11362
Test:  [379/391]  eta: 0:00:04  sploss: 8.2415 (8.2721)  famloss: 3.3498 (3.4991)  manuloss: 1.7391 (2.0434)  acc1: 4.2969 (4.1303)  acc5: 9.7656 (9.4130)  family_acc1: 39.0625 (36.9716)  manu_acc1: 62.8906 (56.6653)  time: 0.4064  data: 0.2085  max mem: 11362
Test:  [380/391]  eta: 0:00:04  sploss: 8.2408 (8.2716)  famloss: 3.3420 (3.4986)  manuloss: 1.7185 (2.0425)  acc1: 4.2969 (4.1349)  acc5: 10.1562 (9.4191)  family_acc1: 39.4531 (36.9781)  manu_acc1: 62.8906 (56.6857)  time: 0.3416  data: 0.1442  max mem: 11362
Test:  [381/391]  eta: 0:00:03  sploss: 8.2408 (8.2715)  famloss: 3.3498 (3.4986)  manuloss: 1.7391 (2.0420)  acc1: 4.2969 (4.1343)  acc5: 9.7656 (9.4149)  family_acc1: 39.4531 (36.9887)  manu_acc1: 62.8906 (56.6979)  time: 0.3000  data: 0.1027  max mem: 11362
Test:  [382/391]  eta: 0:00:03  sploss: 8.2415 (8.2716)  famloss: 3.3498 (3.4980)  manuloss: 1.7185 (2.0410)  acc1: 4.2969 (4.1276)  acc5: 9.7656 (9.4087)  family_acc1: 39.4531 (37.0084)  manu_acc1: 64.0625 (56.7263)  time: 0.2997  data: 0.1027  max mem: 11362
Test:  [383/391]  eta: 0:00:03  sploss: 8.2429 (8.2716)  famloss: 3.3420 (3.4975)  manuloss: 1.7138 (2.0401)  acc1: 4.2969 (4.1311)  acc5: 10.1562 (9.4137)  family_acc1: 39.8438 (37.0270)  manu_acc1: 64.0625 (56.7413)  time: 0.2993  data: 0.1026  max mem: 11362
Test:  [384/391]  eta: 0:00:02  sploss: 8.2429 (8.2717)  famloss: 3.3235 (3.4969)  manuloss: 1.6985 (2.0385)  acc1: 4.6875 (4.1366)  acc5: 10.1562 (9.4196)  family_acc1: 40.6250 (37.0414)  manu_acc1: 64.4531 (56.7786)  time: 0.3566  data: 0.1602  max mem: 11362
Test:  [385/391]  eta: 0:00:02  sploss: 8.2415 (8.2714)  famloss: 3.3420 (3.4966)  manuloss: 1.6985 (2.0371)  acc1: 4.6875 (4.1339)  acc5: 10.1562 (9.4195)  family_acc1: 40.6250 (37.0547)  manu_acc1: 64.4531 (56.8167)  time: 0.3984  data: 0.2013  max mem: 11362
Test:  [386/391]  eta: 0:00:01  sploss: 8.2415 (8.2713)  famloss: 3.3420 (3.4964)  manuloss: 1.6666 (2.0360)  acc1: 4.6875 (4.1334)  acc5: 10.1562 (9.4214)  family_acc1: 39.8438 (37.0539)  manu_acc1: 64.4531 (56.8364)  time: 0.3984  data: 0.2013  max mem: 11362
Test:  [387/391]  eta: 0:00:01  sploss: 8.2415 (8.2714)  famloss: 3.3708 (3.4961)  manuloss: 1.6985 (2.0352)  acc1: 4.6875 (4.1318)  acc5: 10.1562 (9.4233)  family_acc1: 39.4531 (37.0480)  manu_acc1: 64.4531 (56.8581)  time: 0.3983  data: 0.2013  max mem: 11362
Test:  [388/391]  eta: 0:00:01  sploss: 8.2415 (8.2712)  famloss: 3.3420 (3.4954)  manuloss: 1.6985 (2.0345)  acc1: 4.6875 (4.1352)  acc5: 10.1562 (9.4242)  family_acc1: 39.4531 (37.0592)  manu_acc1: 64.4531 (56.8686)  time: 0.3979  data: 0.2013  max mem: 11362
Test:  [389/391]  eta: 0:00:00  sploss: 8.2415 (8.2714)  famloss: 3.3708 (3.4952)  manuloss: 1.7185 (2.0339)  acc1: 4.6875 (4.1346)  acc5: 10.1562 (9.4231)  family_acc1: 39.4531 (37.0633)  manu_acc1: 64.4531 (56.8870)  time: 0.3973  data: 0.2013  max mem: 11362
Test:  [390/391]  eta: 0:00:00  sploss: 8.2429 (8.2719)  famloss: 3.3420 (3.4947)  manuloss: 1.6985 (2.0329)  acc1: 4.6875 (4.1360)  acc5: 10.0000 (9.4240)  family_acc1: 39.8438 (37.0680)  manu_acc1: 64.4531 (56.9040)  time: 0.3935  data: 0.2013  max mem: 11362
Test: Total time: 0:02:33 (0.3920 s / it)
* Acc@1 4.136 Acc@5 9.424 family@1 37.068 manu@1 56.904 sploss 8.272 fmloss 3.495 mfloss 2.033
FPA: 2.619% | TICE: 78.256% 
