Namespace(batch_size=256, epochs=100, bce_loss=False, unscale_lr=False, few_shot=1, model='cast_small', input_size=224, drop=0.0, drop_path=0.1, model_ema=True, model_ema_decay=0.99996, model_ema_force_cpu=False, num_superpixels=196, opt='adamw', opt_eps=1e-08, opt_betas=None, clip_grad=None, momentum=0.9, weight_decay=0.05, sched='cosine', lr=0.0005, lr_noise=None, lr_noise_pct=0.67, lr_noise_std=1.0, warmup_lr=1e-06, min_lr=1e-05, decay_epochs=30, warmup_epochs=5, cooldown_epochs=10, patience_epochs=10, decay_rate=0.1, color_jitter=0.3, aa='rand-m9-mstd0.5-inc1', smoothing=0.1, train_interpolation='bicubic', repeated_aug=True, train_mode=True, ThreeAugment=False, src=False, reprob=0.25, remode='pixel', recount=1, resplit=False, mixup=0.8, cutmix=1.0, cutmix_minmax=None, mixup_prob=1.0, mixup_switch_prob=0.5, mixup_mode='batch', teacher_model='regnety_160', teacher_path='', distillation_type='none', distillation_alpha=0.5, distillation_tau=1.0, cosub=False, finetune='best_checkpoint.pth', attn_only=False, data_path='../dataset/', data_set='INAT21-MINI-HIER-SUPERPIXEL', path_yn=False, inat_category='name', output_dir='./output/few_shot/one/20ot', device='cuda', seed=0, resume='', start_epoch=0, eval=False, eval_crop_ratio=0.875, dist_eval=False, num_workers=12, pin_mem=True, distributed=True, world_size=1, dist_url='env://', globalkl=False, ot_loss=True, learnable_ot=False, ot_weight=20.0, base_weight=1, globalbce=False, gk_weight=1, filename='results.csv', breeds_sort='entity13', random_seed=1, local_rank=-1, tree_path='./data/inat21_3tree.json', label_weight=[1, 2, 3])
| distributed init (rank 0): env://
seed 0
args.nb_classes [10000, 1103, 273]
Creating model: cast_small
dict_keys(['model', 'optimizer', 'lr_scheduler', 'epoch', 'model_ema', 'scaler', 'args'])
Removing key head.weight from pretrained checkpoint
Removing key head.bias from pretrained checkpoint
number of params: 30556704
Start training for 100 epochs
Epoch: [0]  [ 0/39]  eta: 0:07:54  lr: 0.000001  sp_loss: 9.2989 (9.2989)  fam_loss: 7.0388 (7.0388)  manu_loss: 5.5552 (5.5552)  ot_loss: 4.9180 (4.9180)  base_loss: 21.8929 (21.8929)  time: 12.1700  data: 7.5014  max mem: 10970
Epoch: [0]  [38/39]  eta: 0:00:00  lr: 0.000001  sp_loss: 9.2801 (9.2772)  fam_loss: 7.0780 (7.0822)  manu_loss: 5.6130 (5.6304)  ot_loss: 4.9297 (4.9363)  base_loss: 21.9611 (21.9898)  time: 0.3275  data: 0.0896  max mem: 11377
Epoch: [0] Total time: 0:00:24 (0.6159 s / it)
Averaged stats: lr: 0.000001  sp_loss: 9.2801 (9.2772)  fam_loss: 7.0780 (7.0822)  manu_loss: 5.6130 (5.6304)  ot_loss: 4.9297 (4.9363)  base_loss: 21.9611 (21.9898)
Epoch: [1]  [ 0/39]  eta: 0:04:44  lr: 0.000001  sp_loss: 9.2686 (9.2686)  fam_loss: 7.0443 (7.0443)  manu_loss: 5.5797 (5.5797)  ot_loss: 4.9883 (4.9883)  base_loss: 21.8926 (21.8926)  time: 7.2826  data: 6.9975  max mem: 11377
Epoch: [1]  [38/39]  eta: 0:00:00  lr: 0.000001  sp_loss: 9.2688 (9.2716)  fam_loss: 7.0650 (7.0678)  manu_loss: 5.5863 (5.5903)  ot_loss: 4.9531 (4.9466)  base_loss: 21.9271 (21.9298)  time: 0.4247  data: 0.1923  max mem: 11377
Epoch: [1] Total time: 0:00:23 (0.6015 s / it)
Averaged stats: lr: 0.000001  sp_loss: 9.2688 (9.2716)  fam_loss: 7.0650 (7.0678)  manu_loss: 5.5863 (5.5903)  ot_loss: 4.9531 (4.9466)  base_loss: 21.9271 (21.9298)
Epoch: [2]  [ 0/39]  eta: 0:04:42  lr: 0.000051  sp_loss: 9.2401 (9.2401)  fam_loss: 7.1138 (7.1138)  manu_loss: 5.5777 (5.5777)  ot_loss: 4.9180 (4.9180)  base_loss: 21.9317 (21.9317)  time: 7.2393  data: 6.9531  max mem: 11377
Epoch: [2]  [38/39]  eta: 0:00:00  lr: 0.000051  sp_loss: 9.8363 (9.6664)  fam_loss: 7.3822 (7.2034)  manu_loss: 5.8046 (5.5918)  ot_loss: 3.9512 (4.4383)  base_loss: 23.6072 (22.4616)  time: 0.4653  data: 0.2340  max mem: 11377
Epoch: [2] Total time: 0:00:24 (0.6205 s / it)
Averaged stats: lr: 0.000051  sp_loss: 9.8363 (9.6664)  fam_loss: 7.3822 (7.2034)  manu_loss: 5.8046 (5.5918)  ot_loss: 3.9512 (4.4383)  base_loss: 23.6072 (22.4616)
Epoch: [3]  [ 0/39]  eta: 0:04:20  lr: 0.000101  sp_loss: 11.3498 (11.3498)  fam_loss: 7.2691 (7.2691)  manu_loss: 5.5918 (5.5918)  ot_loss: 3.5391 (3.5391)  base_loss: 24.2106 (24.2106)  time: 6.6760  data: 6.3612  max mem: 11377
Epoch: [3]  [38/39]  eta: 0:00:00  lr: 0.000101  sp_loss: 12.4370 (12.1956)  fam_loss: 6.3690 (6.5157)  manu_loss: 4.5110 (4.8535)  ot_loss: 2.8672 (3.1115)  base_loss: 23.2022 (23.5649)  time: 0.4569  data: 0.2244  max mem: 11377
Epoch: [3] Total time: 0:00:23 (0.6036 s / it)
Averaged stats: lr: 0.000101  sp_loss: 12.4370 (12.1956)  fam_loss: 6.3690 (6.5157)  manu_loss: 4.5110 (4.8535)  ot_loss: 2.8672 (3.1115)  base_loss: 23.2022 (23.5649)
Epoch: [4]  [ 0/39]  eta: 0:04:07  lr: 0.000150  sp_loss: 12.5301 (12.5301)  fam_loss: 6.2977 (6.2977)  manu_loss: 4.4948 (4.4948)  ot_loss: 2.6777 (2.6777)  base_loss: 23.3225 (23.3225)  time: 6.3519  data: 6.0412  max mem: 11377
Epoch: [4]  [38/39]  eta: 0:00:00  lr: 0.000150  sp_loss: 12.4090 (12.3643)  fam_loss: 5.9892 (6.0143)  manu_loss: 4.1012 (4.2211)  ot_loss: 2.5098 (2.5773)  base_loss: 22.6564 (22.5996)  time: 0.4477  data: 0.2156  max mem: 11377
Epoch: [4] Total time: 0:00:23 (0.6106 s / it)
Averaged stats: lr: 0.000150  sp_loss: 12.4090 (12.3643)  fam_loss: 5.9892 (6.0143)  manu_loss: 4.1012 (4.2211)  ot_loss: 2.5098 (2.5773)  base_loss: 22.6564 (22.5996)
Epoch: [5]  [ 0/39]  eta: 0:04:40  lr: 0.000200  sp_loss: 12.1245 (12.1245)  fam_loss: 5.8506 (5.8506)  manu_loss: 3.9704 (3.9704)  ot_loss: 2.4570 (2.4570)  base_loss: 21.9454 (21.9454)  time: 7.1859  data: 6.8995  max mem: 11377
Epoch: [5]  [38/39]  eta: 0:00:00  lr: 0.000200  sp_loss: 12.3672 (12.3559)  fam_loss: 5.9080 (5.9453)  manu_loss: 4.0943 (4.1217)  ot_loss: 2.4688 (2.4875)  base_loss: 22.4971 (22.4229)  time: 0.4531  data: 0.2169  max mem: 11377
Epoch: [5] Total time: 0:00:23 (0.6141 s / it)
Averaged stats: lr: 0.000200  sp_loss: 12.3672 (12.3559)  fam_loss: 5.9080 (5.9453)  manu_loss: 4.0943 (4.1217)  ot_loss: 2.4688 (2.4875)  base_loss: 22.4971 (22.4229)
Epoch: [6]  [ 0/39]  eta: 0:04:53  lr: 0.000249  sp_loss: 12.2673 (12.2673)  fam_loss: 6.0738 (6.0738)  manu_loss: 4.2506 (4.2506)  ot_loss: 2.4746 (2.4746)  base_loss: 22.5917 (22.5917)  time: 7.5268  data: 7.2594  max mem: 11377
Epoch: [6]  [38/39]  eta: 0:00:00  lr: 0.000249  sp_loss: 12.3364 (12.3143)  fam_loss: 5.7304 (5.8282)  manu_loss: 3.8936 (3.9594)  ot_loss: 2.4590 (2.4671)  base_loss: 21.8636 (22.1019)  time: 0.4288  data: 0.1988  max mem: 11377
Epoch: [6] Total time: 0:00:23 (0.6014 s / it)
Averaged stats: lr: 0.000249  sp_loss: 12.3364 (12.3143)  fam_loss: 5.7304 (5.8282)  manu_loss: 3.8936 (3.9594)  ot_loss: 2.4590 (2.4671)  base_loss: 21.8636 (22.1019)
Epoch: [7]  [ 0/39]  eta: 0:04:44  lr: 0.000248  sp_loss: 12.4201 (12.4201)  fam_loss: 5.6932 (5.6932)  manu_loss: 4.1494 (4.1494)  ot_loss: 2.4297 (2.4297)  base_loss: 22.2627 (22.2627)  time: 7.2992  data: 7.0097  max mem: 11377
Epoch: [7]  [38/39]  eta: 0:00:00  lr: 0.000248  sp_loss: 12.2818 (12.2820)  fam_loss: 5.6943 (5.6889)  manu_loss: 3.8363 (3.8714)  ot_loss: 2.4082 (2.4330)  base_loss: 21.8707 (21.8424)  time: 0.4420  data: 0.2107  max mem: 11377
Epoch: [7] Total time: 0:00:23 (0.6136 s / it)
Averaged stats: lr: 0.000248  sp_loss: 12.2818 (12.2820)  fam_loss: 5.6943 (5.6889)  manu_loss: 3.8363 (3.8714)  ot_loss: 2.4082 (2.4330)  base_loss: 21.8707 (21.8424)
Epoch: [8]  [ 0/39]  eta: 0:04:49  lr: 0.000247  sp_loss: 12.4289 (12.4289)  fam_loss: 5.9003 (5.9003)  manu_loss: 4.2360 (4.2360)  ot_loss: 2.4668 (2.4668)  base_loss: 22.5653 (22.5653)  time: 7.4116  data: 7.1499  max mem: 11377
Epoch: [8]  [38/39]  eta: 0:00:00  lr: 0.000247  sp_loss: 12.3107 (12.2499)  fam_loss: 5.6540 (5.6719)  manu_loss: 3.9401 (3.9219)  ot_loss: 2.4434 (2.4377)  base_loss: 21.8334 (21.8437)  time: 0.4387  data: 0.2070  max mem: 11377
Epoch: [8] Total time: 0:00:23 (0.6135 s / it)
Averaged stats: lr: 0.000247  sp_loss: 12.3107 (12.2499)  fam_loss: 5.6540 (5.6719)  manu_loss: 3.9401 (3.9219)  ot_loss: 2.4434 (2.4377)  base_loss: 21.8334 (21.8437)
Epoch: [9]  [ 0/39]  eta: 0:04:17  lr: 0.000246  sp_loss: 12.3563 (12.3563)  fam_loss: 5.6862 (5.6862)  manu_loss: 4.0681 (4.0681)  ot_loss: 2.4238 (2.4238)  base_loss: 22.1107 (22.1107)  time: 6.6058  data: 6.3204  max mem: 11377
Epoch: [9]  [38/39]  eta: 0:00:00  lr: 0.000246  sp_loss: 12.2412 (12.1789)  fam_loss: 5.5030 (5.5055)  manu_loss: 3.7887 (3.7732)  ot_loss: 2.4082 (2.4093)  base_loss: 21.5104 (21.4576)  time: 0.4598  data: 0.2276  max mem: 11377
Epoch: [9] Total time: 0:00:23 (0.6116 s / it)
Averaged stats: lr: 0.000246  sp_loss: 12.2412 (12.1789)  fam_loss: 5.5030 (5.5055)  manu_loss: 3.7887 (3.7732)  ot_loss: 2.4082 (2.4093)  base_loss: 21.5104 (21.4576)
Epoch: [10]  [ 0/39]  eta: 0:04:40  lr: 0.000245  sp_loss: 12.2004 (12.2004)  fam_loss: 5.5627 (5.5627)  manu_loss: 4.0222 (4.0222)  ot_loss: 2.3945 (2.3945)  base_loss: 21.7853 (21.7853)  time: 7.1983  data: 6.9114  max mem: 11377
Epoch: [10]  [38/39]  eta: 0:00:00  lr: 0.000245  sp_loss: 12.1430 (12.1592)  fam_loss: 5.5825 (5.5470)  manu_loss: 3.8863 (3.8600)  ot_loss: 2.3906 (2.3897)  base_loss: 21.6000 (21.5661)  time: 0.4036  data: 0.1722  max mem: 11377
Epoch: [10] Total time: 0:00:23 (0.5909 s / it)
Averaged stats: lr: 0.000245  sp_loss: 12.1430 (12.1592)  fam_loss: 5.5825 (5.5470)  manu_loss: 3.8863 (3.8600)  ot_loss: 2.3906 (2.3897)  base_loss: 21.6000 (21.5661)
Epoch: [11]  [ 0/39]  eta: 0:04:21  lr: 0.000244  sp_loss: 12.2043 (12.2043)  fam_loss: 5.7761 (5.7761)  manu_loss: 3.9983 (3.9983)  ot_loss: 2.4043 (2.4043)  base_loss: 21.9788 (21.9788)  time: 6.6924  data: 6.4089  max mem: 11377
Epoch: [11]  [38/39]  eta: 0:00:00  lr: 0.000244  sp_loss: 12.0962 (12.0673)  fam_loss: 5.3335 (5.3537)  manu_loss: 3.6784 (3.7191)  ot_loss: 2.3535 (2.3536)  base_loss: 21.1470 (21.1401)  time: 0.4224  data: 0.1869  max mem: 11377
Epoch: [11] Total time: 0:00:23 (0.6064 s / it)
Averaged stats: lr: 0.000244  sp_loss: 12.0962 (12.0673)  fam_loss: 5.3335 (5.3537)  manu_loss: 3.6784 (3.7191)  ot_loss: 2.3535 (2.3536)  base_loss: 21.1470 (21.1401)
Epoch: [12]  [ 0/39]  eta: 0:04:54  lr: 0.000243  sp_loss: 11.5736 (11.5736)  fam_loss: 4.7775 (4.7775)  manu_loss: 3.0595 (3.0595)  ot_loss: 2.2793 (2.2793)  base_loss: 19.4106 (19.4106)  time: 7.5502  data: 7.2640  max mem: 11377
Epoch: [12]  [38/39]  eta: 0:00:00  lr: 0.000243  sp_loss: 12.1263 (12.0959)  fam_loss: 5.3360 (5.3664)  manu_loss: 3.6948 (3.7557)  ot_loss: 2.3633 (2.3635)  base_loss: 21.1283 (21.2180)  time: 0.4486  data: 0.2159  max mem: 11377
Epoch: [12] Total time: 0:00:23 (0.6148 s / it)
Averaged stats: lr: 0.000243  sp_loss: 12.1263 (12.0959)  fam_loss: 5.3360 (5.3664)  manu_loss: 3.6948 (3.7557)  ot_loss: 2.3633 (2.3635)  base_loss: 21.1283 (21.2180)
Epoch: [13]  [ 0/39]  eta: 0:04:22  lr: 0.000242  sp_loss: 11.8284 (11.8284)  fam_loss: 5.5003 (5.5003)  manu_loss: 4.1134 (4.1134)  ot_loss: 2.4531 (2.4531)  base_loss: 21.4420 (21.4420)  time: 6.7258  data: 6.4394  max mem: 11377
Epoch: [13]  [38/39]  eta: 0:00:00  lr: 0.000242  sp_loss: 12.1133 (12.0176)  fam_loss: 5.2625 (5.2795)  manu_loss: 3.7277 (3.6882)  ot_loss: 2.3711 (2.3514)  base_loss: 21.1518 (20.9853)  time: 0.4339  data: 0.1917  max mem: 11377
Epoch: [13] Total time: 0:00:23 (0.6024 s / it)
Averaged stats: lr: 0.000242  sp_loss: 12.1133 (12.0176)  fam_loss: 5.2625 (5.2795)  manu_loss: 3.7277 (3.6882)  ot_loss: 2.3711 (2.3514)  base_loss: 21.1518 (20.9853)
Epoch: [14]  [ 0/39]  eta: 0:05:06  lr: 0.000240  sp_loss: 11.9912 (11.9912)  fam_loss: 5.6295 (5.6295)  manu_loss: 4.1173 (4.1173)  ot_loss: 2.4023 (2.4023)  base_loss: 21.7381 (21.7381)  time: 7.8566  data: 7.5776  max mem: 11377
Epoch: [14]  [38/39]  eta: 0:00:00  lr: 0.000240  sp_loss: 12.0037 (12.0271)  fam_loss: 5.3955 (5.3062)  manu_loss: 3.8053 (3.7801)  ot_loss: 2.3535 (2.3607)  base_loss: 21.1339 (21.1134)  time: 0.4450  data: 0.2128  max mem: 11378
Epoch: [14] Total time: 0:00:24 (0.6171 s / it)
Averaged stats: lr: 0.000240  sp_loss: 12.0037 (12.0271)  fam_loss: 5.3955 (5.3062)  manu_loss: 3.8053 (3.7801)  ot_loss: 2.3535 (2.3607)  base_loss: 21.1339 (21.1134)
Epoch: [15]  [ 0/39]  eta: 0:04:55  lr: 0.000239  sp_loss: 11.8473 (11.8473)  fam_loss: 5.0181 (5.0181)  manu_loss: 3.4153 (3.4153)  ot_loss: 2.3477 (2.3477)  base_loss: 20.2807 (20.2807)  time: 7.5644  data: 7.2919  max mem: 11378
Epoch: [15]  [38/39]  eta: 0:00:00  lr: 0.000239  sp_loss: 12.0500 (11.9928)  fam_loss: 5.3420 (5.2509)  manu_loss: 3.7900 (3.7120)  ot_loss: 2.3652 (2.3537)  base_loss: 21.2556 (20.9557)  time: 0.4527  data: 0.2179  max mem: 11378
Epoch: [15] Total time: 0:00:24 (0.6342 s / it)
Averaged stats: lr: 0.000239  sp_loss: 12.0500 (11.9928)  fam_loss: 5.3420 (5.2509)  manu_loss: 3.7900 (3.7120)  ot_loss: 2.3652 (2.3537)  base_loss: 21.2556 (20.9557)
Epoch: [16]  [ 0/39]  eta: 0:04:42  lr: 0.000237  sp_loss: 11.7562 (11.7562)  fam_loss: 5.4594 (5.4594)  manu_loss: 3.8439 (3.8439)  ot_loss: 2.3730 (2.3730)  base_loss: 21.0595 (21.0595)  time: 7.2430  data: 6.9494  max mem: 11378
Epoch: [16]  [38/39]  eta: 0:00:00  lr: 0.000237  sp_loss: 11.8769 (11.8951)  fam_loss: 5.1099 (5.0756)  manu_loss: 3.5066 (3.5797)  ot_loss: 2.3320 (2.3397)  base_loss: 20.4370 (20.5504)  time: 0.3991  data: 0.1673  max mem: 11378
Epoch: [16] Total time: 0:00:23 (0.5961 s / it)
Averaged stats: lr: 0.000237  sp_loss: 11.8769 (11.8951)  fam_loss: 5.1099 (5.0756)  manu_loss: 3.5066 (3.5797)  ot_loss: 2.3320 (2.3397)  base_loss: 20.4370 (20.5504)
Epoch: [17]  [ 0/39]  eta: 0:04:05  lr: 0.000235  sp_loss: 12.0167 (12.0167)  fam_loss: 5.5977 (5.5977)  manu_loss: 4.0093 (4.0093)  ot_loss: 2.3711 (2.3711)  base_loss: 21.6237 (21.6237)  time: 6.3003  data: 6.0323  max mem: 11378
Epoch: [17]  [38/39]  eta: 0:00:00  lr: 0.000235  sp_loss: 11.9309 (11.9135)  fam_loss: 5.1483 (5.1423)  manu_loss: 3.6658 (3.6551)  ot_loss: 2.3242 (2.3384)  base_loss: 20.8267 (20.7108)  time: 0.4387  data: 0.2060  max mem: 11378
Epoch: [17] Total time: 0:00:23 (0.6051 s / it)
Averaged stats: lr: 0.000235  sp_loss: 11.9309 (11.9135)  fam_loss: 5.1483 (5.1423)  manu_loss: 3.6658 (3.6551)  ot_loss: 2.3242 (2.3384)  base_loss: 20.8267 (20.7108)
Epoch: [18]  [ 0/39]  eta: 0:04:38  lr: 0.000233  sp_loss: 11.5205 (11.5205)  fam_loss: 5.4167 (5.4167)  manu_loss: 3.8246 (3.8246)  ot_loss: 2.3770 (2.3770)  base_loss: 20.7618 (20.7618)  time: 7.1486  data: 6.8646  max mem: 11378
Epoch: [18]  [38/39]  eta: 0:00:00  lr: 0.000233  sp_loss: 11.9760 (11.8829)  fam_loss: 5.1825 (5.1097)  manu_loss: 3.7719 (3.6798)  ot_loss: 2.3379 (2.3476)  base_loss: 21.0448 (20.6724)  time: 0.4140  data: 0.1828  max mem: 11378
Epoch: [18] Total time: 0:00:24 (0.6171 s / it)
Averaged stats: lr: 0.000233  sp_loss: 11.9760 (11.8829)  fam_loss: 5.1825 (5.1097)  manu_loss: 3.7719 (3.6798)  ot_loss: 2.3379 (2.3476)  base_loss: 21.0448 (20.6724)
Epoch: [19]  [ 0/39]  eta: 0:04:38  lr: 0.000231  sp_loss: 11.6157 (11.6157)  fam_loss: 4.6898 (4.6898)  manu_loss: 3.0233 (3.0233)  ot_loss: 2.3281 (2.3281)  base_loss: 19.3288 (19.3288)  time: 7.1464  data: 6.8734  max mem: 11378
Epoch: [19]  [38/39]  eta: 0:00:00  lr: 0.000231  sp_loss: 11.8650 (11.8416)  fam_loss: 5.1910 (5.0725)  manu_loss: 3.6876 (3.6067)  ot_loss: 2.3262 (2.3350)  base_loss: 20.9371 (20.5208)  time: 0.4185  data: 0.1854  max mem: 11378
Epoch: [19] Total time: 0:00:23 (0.6031 s / it)
Averaged stats: lr: 0.000231  sp_loss: 11.8650 (11.8416)  fam_loss: 5.1910 (5.0725)  manu_loss: 3.6876 (3.6067)  ot_loss: 2.3262 (2.3350)  base_loss: 20.9371 (20.5208)
Epoch: [20]  [ 0/39]  eta: 0:04:27  lr: 0.000229  sp_loss: 11.7192 (11.7192)  fam_loss: 5.2019 (5.2019)  manu_loss: 3.6461 (3.6461)  ot_loss: 2.3301 (2.3301)  base_loss: 20.5672 (20.5672)  time: 6.8512  data: 6.5727  max mem: 11378
Epoch: [20]  [38/39]  eta: 0:00:00  lr: 0.000229  sp_loss: 11.8036 (11.7905)  fam_loss: 4.8163 (4.9809)  manu_loss: 3.3415 (3.5231)  ot_loss: 2.3105 (2.3247)  base_loss: 20.0672 (20.2945)  time: 0.4648  data: 0.2322  max mem: 11378
Epoch: [20] Total time: 0:00:24 (0.6188 s / it)
Averaged stats: lr: 0.000229  sp_loss: 11.8036 (11.7905)  fam_loss: 4.8163 (4.9809)  manu_loss: 3.3415 (3.5231)  ot_loss: 2.3105 (2.3247)  base_loss: 20.0672 (20.2945)
Epoch: [21]  [ 0/39]  eta: 0:04:48  lr: 0.000227  sp_loss: 11.2824 (11.2824)  fam_loss: 4.6872 (4.6872)  manu_loss: 3.0484 (3.0484)  ot_loss: 2.2344 (2.2344)  base_loss: 19.0179 (19.0179)  time: 7.4043  data: 7.1156  max mem: 11378
Epoch: [21]  [38/39]  eta: 0:00:00  lr: 0.000227  sp_loss: 11.7853 (11.7238)  fam_loss: 5.1013 (4.9396)  manu_loss: 3.6826 (3.4996)  ot_loss: 2.3105 (2.3181)  base_loss: 20.6702 (20.1630)  time: 0.4696  data: 0.2413  max mem: 11378
Epoch: [21] Total time: 0:00:23 (0.6058 s / it)
Averaged stats: lr: 0.000227  sp_loss: 11.7853 (11.7238)  fam_loss: 5.1013 (4.9396)  manu_loss: 3.6826 (3.4996)  ot_loss: 2.3105 (2.3181)  base_loss: 20.6702 (20.1630)
Epoch: [22]  [ 0/39]  eta: 0:04:05  lr: 0.000225  sp_loss: 11.7060 (11.7060)  fam_loss: 5.2672 (5.2672)  manu_loss: 3.7061 (3.7061)  ot_loss: 2.4375 (2.4375)  base_loss: 20.6792 (20.6792)  time: 6.2877  data: 6.0128  max mem: 11378
Epoch: [22]  [38/39]  eta: 0:00:00  lr: 0.000225  sp_loss: 11.8092 (11.6942)  fam_loss: 5.0395 (4.9071)  manu_loss: 3.5223 (3.5236)  ot_loss: 2.3242 (2.3070)  base_loss: 20.4325 (20.1249)  time: 0.4565  data: 0.2252  max mem: 11378
Epoch: [22] Total time: 0:00:23 (0.6104 s / it)
Averaged stats: lr: 0.000225  sp_loss: 11.8092 (11.6942)  fam_loss: 5.0395 (4.9071)  manu_loss: 3.5223 (3.5236)  ot_loss: 2.3242 (2.3070)  base_loss: 20.4325 (20.1249)
Epoch: [23]  [ 0/39]  eta: 0:04:45  lr: 0.000222  sp_loss: 11.3876 (11.3876)  fam_loss: 4.2938 (4.2938)  manu_loss: 3.2937 (3.2937)  ot_loss: 2.2461 (2.2461)  base_loss: 18.9751 (18.9751)  time: 7.3120  data: 7.0253  max mem: 11378
Epoch: [23]  [38/39]  eta: 0:00:00  lr: 0.000222  sp_loss: 11.6809 (11.6943)  fam_loss: 5.0310 (4.9724)  manu_loss: 3.7141 (3.6149)  ot_loss: 2.3125 (2.3107)  base_loss: 20.4557 (20.2816)  time: 0.4334  data: 0.2021  max mem: 11378
Epoch: [23] Total time: 0:00:24 (0.6196 s / it)
Averaged stats: lr: 0.000222  sp_loss: 11.6809 (11.6943)  fam_loss: 5.0310 (4.9724)  manu_loss: 3.7141 (3.6149)  ot_loss: 2.3125 (2.3107)  base_loss: 20.4557 (20.2816)
Epoch: [24]  [ 0/39]  eta: 0:03:49  lr: 0.000220  sp_loss: 11.9579 (11.9579)  fam_loss: 5.0841 (5.0841)  manu_loss: 3.7059 (3.7059)  ot_loss: 2.2773 (2.2773)  base_loss: 20.7479 (20.7479)  time: 5.8808  data: 5.6136  max mem: 11378
Epoch: [24]  [38/39]  eta: 0:00:00  lr: 0.000220  sp_loss: 11.7528 (11.6172)  fam_loss: 5.0394 (4.8546)  manu_loss: 3.7205 (3.5430)  ot_loss: 2.3086 (2.2954)  base_loss: 20.6694 (20.0148)  time: 0.4362  data: 0.2031  max mem: 11378
Epoch: [24] Total time: 0:00:23 (0.6150 s / it)
Averaged stats: lr: 0.000220  sp_loss: 11.7528 (11.6172)  fam_loss: 5.0394 (4.8546)  manu_loss: 3.7205 (3.5430)  ot_loss: 2.3086 (2.2954)  base_loss: 20.6694 (20.0148)
Epoch: [25]  [ 0/39]  eta: 0:04:20  lr: 0.000217  sp_loss: 11.6247 (11.6247)  fam_loss: 4.7418 (4.7418)  manu_loss: 3.6679 (3.6679)  ot_loss: 2.2051 (2.2051)  base_loss: 20.0343 (20.0343)  time: 6.6751  data: 6.3781  max mem: 11378
Epoch: [25]  [38/39]  eta: 0:00:00  lr: 0.000217  sp_loss: 11.7410 (11.5906)  fam_loss: 4.9521 (4.8317)  manu_loss: 3.6344 (3.5255)  ot_loss: 2.3008 (2.3019)  base_loss: 20.2760 (19.9478)  time: 0.4448  data: 0.2109  max mem: 11378
Epoch: [25] Total time: 0:00:23 (0.5963 s / it)
Averaged stats: lr: 0.000217  sp_loss: 11.7410 (11.5906)  fam_loss: 4.9521 (4.8317)  manu_loss: 3.6344 (3.5255)  ot_loss: 2.3008 (2.3019)  base_loss: 20.2760 (19.9478)
Epoch: [26]  [ 0/39]  eta: 0:04:47  lr: 0.000215  sp_loss: 11.5117 (11.5117)  fam_loss: 5.0821 (5.0821)  manu_loss: 3.6339 (3.6339)  ot_loss: 2.2480 (2.2480)  base_loss: 20.2277 (20.2277)  time: 7.3819  data: 7.0926  max mem: 11378
Epoch: [26]  [38/39]  eta: 0:00:00  lr: 0.000215  sp_loss: 11.6144 (11.5046)  fam_loss: 4.8723 (4.7084)  manu_loss: 3.5710 (3.4340)  ot_loss: 2.3008 (2.2856)  base_loss: 20.2239 (19.6471)  time: 0.4182  data: 0.1814  max mem: 11378
Epoch: [26] Total time: 0:00:23 (0.6073 s / it)
Averaged stats: lr: 0.000215  sp_loss: 11.6144 (11.5046)  fam_loss: 4.8723 (4.7084)  manu_loss: 3.5710 (3.4340)  ot_loss: 2.3008 (2.2856)  base_loss: 20.2239 (19.6471)
Epoch: [27]  [ 0/39]  eta: 0:04:43  lr: 0.000212  sp_loss: 11.6957 (11.6957)  fam_loss: 4.9373 (4.9373)  manu_loss: 3.4824 (3.4824)  ot_loss: 2.2754 (2.2754)  base_loss: 20.1154 (20.1154)  time: 7.2737  data: 7.0016  max mem: 11378
Epoch: [27]  [38/39]  eta: 0:00:00  lr: 0.000212  sp_loss: 11.4710 (11.4750)  fam_loss: 4.8575 (4.7301)  manu_loss: 3.5254 (3.4414)  ot_loss: 2.2891 (2.2804)  base_loss: 19.8827 (19.6465)  time: 0.4284  data: 0.1950  max mem: 11378
Epoch: [27] Total time: 0:00:23 (0.6041 s / it)
Averaged stats: lr: 0.000212  sp_loss: 11.4710 (11.4750)  fam_loss: 4.8575 (4.7301)  manu_loss: 3.5254 (3.4414)  ot_loss: 2.2891 (2.2804)  base_loss: 19.8827 (19.6465)
Epoch: [28]  [ 0/39]  eta: 0:04:39  lr: 0.000209  sp_loss: 11.1529 (11.1529)  fam_loss: 4.8783 (4.8783)  manu_loss: 3.5878 (3.5878)  ot_loss: 2.2969 (2.2969)  base_loss: 19.6190 (19.6190)  time: 7.1673  data: 6.8919  max mem: 11378
Epoch: [28]  [38/39]  eta: 0:00:00  lr: 0.000209  sp_loss: 11.5308 (11.4707)  fam_loss: 4.8985 (4.8510)  manu_loss: 3.5606 (3.5455)  ot_loss: 2.3086 (2.2949)  base_loss: 20.0800 (19.8671)  time: 0.4395  data: 0.2080  max mem: 11378
Epoch: [28] Total time: 0:00:24 (0.6259 s / it)
Averaged stats: lr: 0.000209  sp_loss: 11.5308 (11.4707)  fam_loss: 4.8985 (4.8510)  manu_loss: 3.5606 (3.5455)  ot_loss: 2.3086 (2.2949)  base_loss: 20.0800 (19.8671)
Epoch: [29]  [ 0/39]  eta: 0:04:07  lr: 0.000206  sp_loss: 10.8985 (10.8985)  fam_loss: 3.7680 (3.7680)  manu_loss: 2.6032 (2.6032)  ot_loss: 2.2559 (2.2559)  base_loss: 17.2697 (17.2697)  time: 6.3582  data: 6.0683  max mem: 11378
Epoch: [29]  [38/39]  eta: 0:00:00  lr: 0.000206  sp_loss: 11.3392 (11.3565)  fam_loss: 4.7756 (4.6263)  manu_loss: 3.4014 (3.3721)  ot_loss: 2.2793 (2.2556)  base_loss: 19.7229 (19.3548)  time: 0.4316  data: 0.1967  max mem: 11378
Epoch: [29] Total time: 0:00:23 (0.6113 s / it)
Averaged stats: lr: 0.000206  sp_loss: 11.3392 (11.3565)  fam_loss: 4.7756 (4.6263)  manu_loss: 3.4014 (3.3721)  ot_loss: 2.2793 (2.2556)  base_loss: 19.7229 (19.3548)
Epoch: [30]  [ 0/39]  eta: 0:04:46  lr: 0.000204  sp_loss: 11.1835 (11.1835)  fam_loss: 4.5071 (4.5071)  manu_loss: 3.4537 (3.4537)  ot_loss: 2.2773 (2.2773)  base_loss: 19.1442 (19.1442)  time: 7.3381  data: 7.0535  max mem: 11378
Epoch: [30]  [38/39]  eta: 0:00:00  lr: 0.000204  sp_loss: 11.4513 (11.4390)  fam_loss: 4.8849 (4.8098)  manu_loss: 3.5414 (3.5559)  ot_loss: 2.2793 (2.2791)  base_loss: 19.7178 (19.8047)  time: 0.4312  data: 0.1987  max mem: 11378
Epoch: [30] Total time: 0:00:24 (0.6178 s / it)
Averaged stats: lr: 0.000204  sp_loss: 11.4513 (11.4390)  fam_loss: 4.8849 (4.8098)  manu_loss: 3.5414 (3.5559)  ot_loss: 2.2793 (2.2791)  base_loss: 19.7178 (19.8047)
Epoch: [31]  [ 0/39]  eta: 0:04:00  lr: 0.000201  sp_loss: 11.2333 (11.2333)  fam_loss: 4.7664 (4.7664)  manu_loss: 3.4101 (3.4101)  ot_loss: 2.3242 (2.3242)  base_loss: 19.4097 (19.4097)  time: 6.1719  data: 5.8947  max mem: 11378
Epoch: [31]  [38/39]  eta: 0:00:00  lr: 0.000201  sp_loss: 11.3492 (11.2566)  fam_loss: 4.6969 (4.6693)  manu_loss: 3.5596 (3.3869)  ot_loss: 2.2754 (2.2716)  base_loss: 19.5591 (19.3128)  time: 0.4415  data: 0.2069  max mem: 11379
Epoch: [31] Total time: 0:00:23 (0.5973 s / it)
Averaged stats: lr: 0.000201  sp_loss: 11.3492 (11.2566)  fam_loss: 4.6969 (4.6693)  manu_loss: 3.5596 (3.3869)  ot_loss: 2.2754 (2.2716)  base_loss: 19.5591 (19.3128)
Epoch: [32]  [ 0/39]  eta: 0:04:40  lr: 0.000197  sp_loss: 10.7478 (10.7478)  fam_loss: 3.7561 (3.7561)  manu_loss: 2.8429 (2.8429)  ot_loss: 2.2324 (2.2324)  base_loss: 17.3468 (17.3468)  time: 7.2004  data: 6.9376  max mem: 11379
Epoch: [32]  [38/39]  eta: 0:00:00  lr: 0.000197  sp_loss: 11.4398 (11.3134)  fam_loss: 4.8024 (4.7340)  manu_loss: 3.5487 (3.4482)  ot_loss: 2.2637 (2.2625)  base_loss: 19.8841 (19.4956)  time: 0.4555  data: 0.2214  max mem: 11379
Epoch: [32] Total time: 0:00:23 (0.6017 s / it)
Averaged stats: lr: 0.000197  sp_loss: 11.4398 (11.3134)  fam_loss: 4.8024 (4.7340)  manu_loss: 3.5487 (3.4482)  ot_loss: 2.2637 (2.2625)  base_loss: 19.8841 (19.4956)
Epoch: [33]  [ 0/39]  eta: 0:04:58  lr: 0.000194  sp_loss: 11.4327 (11.4327)  fam_loss: 4.8444 (4.8444)  manu_loss: 3.6487 (3.6487)  ot_loss: 2.2715 (2.2715)  base_loss: 19.9258 (19.9258)  time: 7.6459  data: 7.3642  max mem: 11379
Epoch: [33]  [38/39]  eta: 0:00:00  lr: 0.000194  sp_loss: 10.9642 (11.0871)  fam_loss: 4.3872 (4.5346)  manu_loss: 3.1285 (3.2994)  ot_loss: 2.2285 (2.2450)  base_loss: 18.6069 (18.9212)  time: 0.4774  data: 0.2481  max mem: 11381
Epoch: [33] Total time: 0:00:23 (0.6146 s / it)
Averaged stats: lr: 0.000194  sp_loss: 10.9642 (11.0871)  fam_loss: 4.3872 (4.5346)  manu_loss: 3.1285 (3.2994)  ot_loss: 2.2285 (2.2450)  base_loss: 18.6069 (18.9212)
Epoch: [34]  [ 0/39]  eta: 0:04:04  lr: 0.000191  sp_loss: 10.7986 (10.7986)  fam_loss: 4.2528 (4.2528)  manu_loss: 3.1629 (3.1629)  ot_loss: 2.2305 (2.2305)  base_loss: 18.2143 (18.2143)  time: 6.2720  data: 5.9920  max mem: 11381
Epoch: [34]  [38/39]  eta: 0:00:00  lr: 0.000191  sp_loss: 11.3451 (11.2014)  fam_loss: 4.7471 (4.6701)  manu_loss: 3.4967 (3.4284)  ot_loss: 2.2520 (2.2661)  base_loss: 19.6874 (19.2998)  time: 0.4663  data: 0.2339  max mem: 11381
Epoch: [34] Total time: 0:00:23 (0.6055 s / it)
Averaged stats: lr: 0.000191  sp_loss: 11.3451 (11.2014)  fam_loss: 4.7471 (4.6701)  manu_loss: 3.4967 (3.4284)  ot_loss: 2.2520 (2.2661)  base_loss: 19.6874 (19.2998)
Epoch: [35]  [ 0/39]  eta: 0:05:10  lr: 0.000188  sp_loss: 11.4261 (11.4261)  fam_loss: 4.6477 (4.6477)  manu_loss: 3.5030 (3.5030)  ot_loss: 2.2480 (2.2480)  base_loss: 19.5768 (19.5768)  time: 7.9489  data: 7.6683  max mem: 11381
Epoch: [35]  [38/39]  eta: 0:00:00  lr: 0.000188  sp_loss: 11.2310 (11.1187)  fam_loss: 4.7192 (4.6295)  manu_loss: 3.4819 (3.4236)  ot_loss: 2.2539 (2.2579)  base_loss: 19.3247 (19.1718)  time: 0.4311  data: 0.2007  max mem: 11381
Epoch: [35] Total time: 0:00:24 (0.6256 s / it)
Averaged stats: lr: 0.000188  sp_loss: 11.2310 (11.1187)  fam_loss: 4.7192 (4.6295)  manu_loss: 3.4819 (3.4236)  ot_loss: 2.2539 (2.2579)  base_loss: 19.3247 (19.1718)
Epoch: [36]  [ 0/39]  eta: 0:04:44  lr: 0.000184  sp_loss: 11.2525 (11.2525)  fam_loss: 4.9120 (4.9120)  manu_loss: 3.5123 (3.5123)  ot_loss: 2.2246 (2.2246)  base_loss: 19.6768 (19.6768)  time: 7.2999  data: 6.9941  max mem: 11381
Epoch: [36]  [38/39]  eta: 0:00:00  lr: 0.000184  sp_loss: 10.9866 (11.0246)  fam_loss: 4.5508 (4.5388)  manu_loss: 3.3083 (3.3571)  ot_loss: 2.2324 (2.2408)  base_loss: 19.0546 (18.9205)  time: 0.4300  data: 0.1986  max mem: 11381
Epoch: [36] Total time: 0:00:24 (0.6200 s / it)
Averaged stats: lr: 0.000184  sp_loss: 10.9866 (11.0246)  fam_loss: 4.5508 (4.5388)  manu_loss: 3.3083 (3.3571)  ot_loss: 2.2324 (2.2408)  base_loss: 19.0546 (18.9205)
Epoch: [37]  [ 0/39]  eta: 0:03:36  lr: 0.000181  sp_loss: 11.4748 (11.4748)  fam_loss: 5.0041 (5.0041)  manu_loss: 3.5805 (3.5805)  ot_loss: 2.3340 (2.3340)  base_loss: 20.0594 (20.0594)  time: 5.5504  data: 5.2785  max mem: 11381
Epoch: [37]  [38/39]  eta: 0:00:00  lr: 0.000181  sp_loss: 10.8878 (10.9196)  fam_loss: 4.3733 (4.4489)  manu_loss: 3.1965 (3.2604)  ot_loss: 2.2148 (2.2330)  base_loss: 18.3192 (18.6289)  time: 0.4428  data: 0.2095  max mem: 11382
Epoch: [37] Total time: 0:00:23 (0.5976 s / it)
Averaged stats: lr: 0.000181  sp_loss: 10.8878 (10.9196)  fam_loss: 4.3733 (4.4489)  manu_loss: 3.1965 (3.2604)  ot_loss: 2.2148 (2.2330)  base_loss: 18.3192 (18.6289)
Epoch: [38]  [ 0/39]  eta: 0:05:03  lr: 0.000178  sp_loss: 10.2456 (10.2456)  fam_loss: 3.3370 (3.3370)  manu_loss: 2.2624 (2.2624)  ot_loss: 2.0781 (2.0781)  base_loss: 15.8450 (15.8450)  time: 7.7774  data: 7.5177  max mem: 11382
Epoch: [38]  [38/39]  eta: 0:00:00  lr: 0.000178  sp_loss: 11.0842 (10.8360)  fam_loss: 4.6401 (4.4447)  manu_loss: 3.4795 (3.2931)  ot_loss: 2.2539 (2.2332)  base_loss: 19.2297 (18.5737)  time: 0.4315  data: 0.2009  max mem: 11382
Epoch: [38] Total time: 0:00:24 (0.6183 s / it)
Averaged stats: lr: 0.000178  sp_loss: 11.0842 (10.8360)  fam_loss: 4.6401 (4.4447)  manu_loss: 3.4795 (3.2931)  ot_loss: 2.2539 (2.2332)  base_loss: 19.2297 (18.5737)
Epoch: [39]  [ 0/39]  eta: 0:04:56  lr: 0.000174  sp_loss: 10.8371 (10.8371)  fam_loss: 4.3446 (4.3446)  manu_loss: 3.3078 (3.3078)  ot_loss: 2.1992 (2.1992)  base_loss: 18.4894 (18.4894)  time: 7.5951  data: 7.3048  max mem: 11382
Epoch: [39]  [38/39]  eta: 0:00:00  lr: 0.000174  sp_loss: 10.8008 (10.8074)  fam_loss: 4.4532 (4.4035)  manu_loss: 3.3033 (3.2469)  ot_loss: 2.2090 (2.2208)  base_loss: 18.6918 (18.4579)  time: 0.4564  data: 0.2187  max mem: 11382
Epoch: [39] Total time: 0:00:24 (0.6317 s / it)
Averaged stats: lr: 0.000174  sp_loss: 10.8008 (10.8074)  fam_loss: 4.4532 (4.4035)  manu_loss: 3.3033 (3.2469)  ot_loss: 2.2090 (2.2208)  base_loss: 18.6918 (18.4579)
Epoch: [40]  [ 0/39]  eta: 0:04:47  lr: 0.000171  sp_loss: 9.9510 (9.9510)  fam_loss: 3.5180 (3.5180)  manu_loss: 2.5916 (2.5916)  ot_loss: 2.1406 (2.1406)  base_loss: 16.0605 (16.0605)  time: 7.3656  data: 7.0825  max mem: 11382
Epoch: [40]  [38/39]  eta: 0:00:00  lr: 0.000171  sp_loss: 10.8986 (10.7250)  fam_loss: 4.5322 (4.4234)  manu_loss: 3.4477 (3.3050)  ot_loss: 2.2383 (2.2216)  base_loss: 18.8216 (18.4533)  time: 0.4434  data: 0.2080  max mem: 11382
Epoch: [40] Total time: 0:00:23 (0.5954 s / it)
Averaged stats: lr: 0.000171  sp_loss: 10.8986 (10.7250)  fam_loss: 4.5322 (4.4234)  manu_loss: 3.4477 (3.3050)  ot_loss: 2.2383 (2.2216)  base_loss: 18.8216 (18.4533)
Epoch: [41]  [ 0/39]  eta: 0:04:32  lr: 0.000167  sp_loss: 11.2725 (11.2725)  fam_loss: 5.0508 (5.0508)  manu_loss: 3.8062 (3.8062)  ot_loss: 2.3145 (2.3145)  base_loss: 20.1296 (20.1296)  time: 6.9759  data: 6.6920  max mem: 11382
Epoch: [41]  [38/39]  eta: 0:00:00  lr: 0.000167  sp_loss: 10.7924 (10.7846)  fam_loss: 4.5564 (4.5263)  manu_loss: 3.4145 (3.4067)  ot_loss: 2.2207 (2.2297)  base_loss: 18.6878 (18.7175)  time: 0.4452  data: 0.2139  max mem: 11382
Epoch: [41] Total time: 0:00:24 (0.6166 s / it)
Averaged stats: lr: 0.000167  sp_loss: 10.7924 (10.7846)  fam_loss: 4.5564 (4.5263)  manu_loss: 3.4145 (3.4067)  ot_loss: 2.2207 (2.2297)  base_loss: 18.6878 (18.7175)
Test:  [  0/391]  eta: 0:51:44  sploss: 10.7551 (10.7551)  famloss: 3.3465 (3.3465)  manuloss: 2.2155 (2.2155)  acc1: 0.0000 (0.0000)  acc5: 0.0000 (0.0000)  family_acc1: 33.2031 (33.2031)  manu_acc1: 53.5156 (53.5156)  time: 7.9401  data: 7.5368  max mem: 11382
Test:  [250/391]  eta: 0:01:17  sploss: 10.8693 (10.8309)  famloss: 3.5441 (3.5157)  manuloss: 2.4833 (2.3440)  acc1: 0.0000 (0.0093)  acc5: 0.0000 (0.0747)  family_acc1: 29.6875 (30.9263)  manu_acc1: 46.0938 (50.9431)  time: 0.4767  data: 0.2198  max mem: 11382
Test:  [390/391]  eta: 0:00:00  sploss: 10.8137 (10.8292)  famloss: 3.2154 (3.4568)  manuloss: 1.8579 (2.2574)  acc1: 0.0000 (0.0090)  acc5: 0.0000 (0.0600)  family_acc1: 34.7656 (31.7520)  manu_acc1: 60.5469 (52.5940)  time: 0.4587  data: 0.2362  max mem: 11382
Test: Total time: 0:03:29 (0.5366 s / it)
* Acc@1 0.009 Acc@5 0.060 family@1 31.752 manu@1 52.594 sploss 10.829 fmloss 3.457 mfloss 2.257
FPA: 0.000% | TICE: 99.697%   
 wAP: 4.349  |  LCA: 297.627   |   Precision and Recall: 0.828%
Accuracy of the network on the 100000 test images: 0.0%
Max accuracy: 0.01%
Epoch: [42]  [ 0/39]  eta: 0:03:47  lr: 0.000163  sp_loss: 9.8936 (9.8936)  fam_loss: 3.9936 (3.9936)  manu_loss: 2.7598 (2.7598)  ot_loss: 2.1836 (2.1836)  base_loss: 16.6470 (16.6470)  time: 5.8229  data: 5.4631  max mem: 11382
Epoch: [42]  [38/39]  eta: 0:00:00  lr: 0.000163  sp_loss: 10.5519 (10.4192)  fam_loss: 4.4559 (4.1551)  manu_loss: 3.2138 (3.0558)  ot_loss: 2.1934 (2.1939)  base_loss: 18.1133 (17.6301)  time: 0.4223  data: 0.1904  max mem: 11382
Epoch: [42] Total time: 0:00:23 (0.6089 s / it)
Averaged stats: lr: 0.000163  sp_loss: 10.5519 (10.4192)  fam_loss: 4.4559 (4.1551)  manu_loss: 3.2138 (3.0558)  ot_loss: 2.1934 (2.1939)  base_loss: 18.1133 (17.6301)
Test:  [  0/391]  eta: 0:49:55  sploss: 10.7480 (10.7480)  famloss: 3.3085 (3.3085)  manuloss: 2.1279 (2.1279)  acc1: 0.0000 (0.0000)  acc5: 0.0000 (0.0000)  family_acc1: 33.9844 (33.9844)  manu_acc1: 55.8594 (55.8594)  time: 7.6609  data: 7.3655  max mem: 11382
Test:  [250/391]  eta: 0:01:14  sploss: 10.9476 (10.8952)  famloss: 3.5408 (3.5519)  manuloss: 2.4483 (2.3497)  acc1: 0.0000 (0.0078)  acc5: 0.0000 (0.0809)  family_acc1: 31.2500 (31.0819)  manu_acc1: 46.8750 (51.1081)  time: 0.4139  data: 0.1424  max mem: 11382
Test:  [390/391]  eta: 0:00:00  sploss: 10.8417 (10.8884)  famloss: 3.2939 (3.4886)  manuloss: 1.8185 (2.2574)  acc1: 0.0000 (0.0090)  acc5: 0.0000 (0.0640)  family_acc1: 36.3281 (32.0740)  manu_acc1: 62.5000 (52.7920)  time: 0.4279  data: 0.2202  max mem: 11382
Test: Total time: 0:03:23 (0.5196 s / it)
* Acc@1 0.009 Acc@5 0.064 family@1 32.074 manu@1 52.792 sploss 10.888 fmloss 3.489 mfloss 2.257
FPA: 0.000% | TICE: 99.867%   
 wAP: 4.385  |  LCA: 297.859   |   Precision and Recall: 0.752%
Accuracy of the network on the 100000 test images: 0.0%
Max accuracy: 0.01%
Epoch: [43]  [ 0/39]  eta: 0:04:53  lr: 0.000160  sp_loss: 11.0325 (11.0325)  fam_loss: 4.8079 (4.8079)  manu_loss: 3.7113 (3.7113)  ot_loss: 2.3164 (2.3164)  base_loss: 19.5516 (19.5516)  time: 7.5314  data: 7.2089  max mem: 11382
Epoch: [43]  [38/39]  eta: 0:00:00  lr: 0.000160  sp_loss: 10.5558 (10.6512)  fam_loss: 4.4793 (4.4571)  manu_loss: 3.3117 (3.3246)  ot_loss: 2.2188 (2.2170)  base_loss: 18.2837 (18.4329)  time: 0.4451  data: 0.2110  max mem: 11382
Epoch: [43] Total time: 0:00:24 (0.6173 s / it)
Averaged stats: lr: 0.000160  sp_loss: 10.5558 (10.6512)  fam_loss: 4.4793 (4.4571)  manu_loss: 3.3117 (3.3246)  ot_loss: 2.2188 (2.2170)  base_loss: 18.2837 (18.4329)
Test:  [  0/391]  eta: 0:47:39  sploss: 10.7458 (10.7458)  famloss: 3.2731 (3.2731)  manuloss: 2.1433 (2.1433)  acc1: 0.0000 (0.0000)  acc5: 0.0000 (0.0000)  family_acc1: 32.8125 (32.8125)  manu_acc1: 55.4688 (55.4688)  time: 7.3135  data: 6.9731  max mem: 11382
Test:  [250/391]  eta: 0:01:15  sploss: 10.9371 (10.8837)  famloss: 3.4906 (3.4923)  manuloss: 2.4342 (2.3143)  acc1: 0.0000 (0.0062)  acc5: 0.0000 (0.0716)  family_acc1: 30.4688 (30.8454)  manu_acc1: 47.6562 (51.9516)  time: 0.6097  data: 0.3233  max mem: 11382
Test:  [390/391]  eta: 0:00:00  sploss: 10.8284 (10.8827)  famloss: 3.2584 (3.4341)  manuloss: 1.8544 (2.2295)  acc1: 0.0000 (0.0070)  acc5: 0.0000 (0.0630)  family_acc1: 33.9844 (31.7190)  manu_acc1: 62.8906 (53.5840)  time: 0.3238  data: 0.1049  max mem: 11382
Test: Total time: 0:03:21 (0.5165 s / it)
* Acc@1 0.007 Acc@5 0.063 family@1 31.719 manu@1 53.584 sploss 10.883 fmloss 3.434 mfloss 2.230
FPA: 0.000% | TICE: 99.855%   
 wAP: 4.367  |  LCA: 297.286   |   Precision and Recall: 0.927%
Accuracy of the network on the 100000 test images: 0.0%
Max accuracy: 0.01%
Epoch: [44]  [ 0/39]  eta: 0:04:33  lr: 0.000156  sp_loss: 11.0711 (11.0711)  fam_loss: 4.5919 (4.5919)  manu_loss: 3.4710 (3.4710)  ot_loss: 2.2070 (2.2070)  base_loss: 19.1340 (19.1340)  time: 7.0230  data: 6.6993  max mem: 11382
Epoch: [44]  [38/39]  eta: 0:00:00  lr: 0.000156  sp_loss: 10.2281 (10.4076)  fam_loss: 4.0702 (4.2636)  manu_loss: 3.1212 (3.1836)  ot_loss: 2.1816 (2.2017)  base_loss: 17.5268 (17.8548)  time: 0.4518  data: 0.2183  max mem: 11382
Epoch: [44] Total time: 0:00:24 (0.6204 s / it)
Averaged stats: lr: 0.000156  sp_loss: 10.2281 (10.4076)  fam_loss: 4.0702 (4.2636)  manu_loss: 3.1212 (3.1836)  ot_loss: 2.1816 (2.2017)  base_loss: 17.5268 (17.8548)
Test:  [  0/391]  eta: 0:39:52  sploss: 10.5484 (10.5484)  famloss: 3.2119 (3.2119)  manuloss: 2.1519 (2.1519)  acc1: 0.0000 (0.0000)  acc5: 0.3906 (0.3906)  family_acc1: 36.3281 (36.3281)  manu_acc1: 53.9062 (53.9062)  time: 6.1186  data: 5.8265  max mem: 11382
Test:  [250/391]  eta: 0:01:15  sploss: 10.7918 (10.7425)  famloss: 3.4633 (3.4400)  manuloss: 2.3850 (2.2736)  acc1: 0.0000 (0.0125)  acc5: 0.0000 (0.0809)  family_acc1: 30.4688 (32.0764)  manu_acc1: 47.2656 (52.3422)  time: 0.4818  data: 0.1950  max mem: 11382
Test:  [390/391]  eta: 0:00:00  sploss: 10.6549 (10.7390)  famloss: 3.2071 (3.3743)  manuloss: 1.8189 (2.1893)  acc1: 0.0000 (0.0110)  acc5: 0.0000 (0.0680)  family_acc1: 37.1094 (33.1260)  manu_acc1: 62.5000 (54.0750)  time: 0.3591  data: 0.1423  max mem: 11382
Test: Total time: 0:03:22 (0.5178 s / it)
* Acc@1 0.011 Acc@5 0.068 family@1 33.126 manu@1 54.075 sploss 10.739 fmloss 3.374 mfloss 2.189
FPA: 0.000% | TICE: 99.810%   
 wAP: 4.519  |  LCA: 297.308   |   Precision and Recall: 0.922%
Accuracy of the network on the 100000 test images: 0.0%
Max accuracy: 0.01%
Epoch: [45]  [ 0/39]  eta: 0:04:37  lr: 0.000152  sp_loss: 10.0714 (10.0714)  fam_loss: 3.5556 (3.5556)  manu_loss: 2.4602 (2.4602)  ot_loss: 2.0605 (2.0605)  base_loss: 16.0872 (16.0872)  time: 7.1276  data: 6.8577  max mem: 11382
Epoch: [45]  [38/39]  eta: 0:00:00  lr: 0.000152  sp_loss: 10.6547 (10.5286)  fam_loss: 4.5268 (4.3791)  manu_loss: 3.2775 (3.2531)  ot_loss: 2.2207 (2.2050)  base_loss: 18.4033 (18.1609)  time: 0.4356  data: 0.2031  max mem: 11382
Epoch: [45] Total time: 0:00:23 (0.6030 s / it)
Averaged stats: lr: 0.000152  sp_loss: 10.6547 (10.5286)  fam_loss: 4.5268 (4.3791)  manu_loss: 3.2775 (3.2531)  ot_loss: 2.2207 (2.2050)  base_loss: 18.4033 (18.1609)
Test:  [  0/391]  eta: 0:46:54  sploss: 10.4227 (10.4227)  famloss: 3.1510 (3.1510)  manuloss: 2.0689 (2.0689)  acc1: 0.0000 (0.0000)  acc5: 0.0000 (0.0000)  family_acc1: 37.5000 (37.5000)  manu_acc1: 58.2031 (58.2031)  time: 7.1984  data: 6.9459  max mem: 11382
Test:  [250/391]  eta: 0:01:15  sploss: 10.7103 (10.6759)  famloss: 3.4873 (3.4670)  manuloss: 2.4018 (2.3114)  acc1: 0.0000 (0.0109)  acc5: 0.0000 (0.0840)  family_acc1: 29.6875 (30.9574)  manu_acc1: 47.6562 (51.7804)  time: 0.4557  data: 0.1900  max mem: 11382
Test:  [390/391]  eta: 0:00:00  sploss: 10.5759 (10.6733)  famloss: 3.2017 (3.4043)  manuloss: 1.8458 (2.2258)  acc1: 0.0000 (0.0090)  acc5: 0.0000 (0.0780)  family_acc1: 35.1562 (31.9120)  manu_acc1: 61.3281 (53.3870)  time: 0.3975  data: 0.1818  max mem: 11382
Test: Total time: 0:03:24 (0.5242 s / it)
* Acc@1 0.009 Acc@5 0.078 family@1 31.912 manu@1 53.387 sploss 10.673 fmloss 3.404 mfloss 2.226
FPA: 0.000% | TICE: 99.878%   
 wAP: 4.383  |  LCA: 296.847   |   Precision and Recall: 1.065%
Accuracy of the network on the 100000 test images: 0.0%
Max accuracy: 0.01%
Epoch: [46]  [ 0/39]  eta: 0:04:55  lr: 0.000149  sp_loss: 10.6835 (10.6835)  fam_loss: 4.5854 (4.5854)  manu_loss: 3.6023 (3.6023)  ot_loss: 2.1816 (2.1816)  base_loss: 18.8712 (18.8712)  time: 7.5860  data: 7.2940  max mem: 11382
Epoch: [46]  [38/39]  eta: 0:00:00  lr: 0.000149  sp_loss: 10.7016 (10.4638)  fam_loss: 4.5468 (4.4019)  manu_loss: 3.3238 (3.2794)  ot_loss: 2.2090 (2.2112)  base_loss: 18.6567 (18.1451)  time: 0.4415  data: 0.2130  max mem: 11382
Epoch: [46] Total time: 0:00:24 (0.6163 s / it)
Averaged stats: lr: 0.000149  sp_loss: 10.7016 (10.4638)  fam_loss: 4.5468 (4.4019)  manu_loss: 3.3238 (3.2794)  ot_loss: 2.2090 (2.2112)  base_loss: 18.6567 (18.1451)
Test:  [  0/391]  eta: 0:41:23  sploss: 10.5728 (10.5728)  famloss: 3.2019 (3.2019)  manuloss: 2.1333 (2.1333)  acc1: 0.0000 (0.0000)  acc5: 0.0000 (0.0000)  family_acc1: 36.3281 (36.3281)  manu_acc1: 54.6875 (54.6875)  time: 6.3517  data: 6.0591  max mem: 11382
Test:  [250/391]  eta: 0:01:15  sploss: 10.7782 (10.7400)  famloss: 3.4592 (3.4428)  manuloss: 2.3812 (2.2789)  acc1: 0.0000 (0.0078)  acc5: 0.0000 (0.0825)  family_acc1: 31.6406 (32.1869)  manu_acc1: 49.2188 (52.8449)  time: 0.4612  data: 0.1831  max mem: 11382
Test:  [390/391]  eta: 0:00:00  sploss: 10.6942 (10.7406)  famloss: 3.2225 (3.3823)  manuloss: 1.8351 (2.1949)  acc1: 0.0000 (0.0080)  acc5: 0.0000 (0.0710)  family_acc1: 37.5000 (33.1710)  manu_acc1: 62.5000 (54.4800)  time: 0.3736  data: 0.1480  max mem: 11382
Test: Total time: 0:03:22 (0.5168 s / it)
* Acc@1 0.008 Acc@5 0.071 family@1 33.171 manu@1 54.480 sploss 10.741 fmloss 3.382 mfloss 2.195
FPA: 0.000% | TICE: 99.835%   
 wAP: 4.531  |  LCA: 297.097   |   Precision and Recall: 0.986%
Accuracy of the network on the 100000 test images: 0.0%
Max accuracy: 0.01%
Epoch: [47]  [ 0/39]  eta: 0:04:48  lr: 0.000145  sp_loss: 10.2847 (10.2847)  fam_loss: 4.1955 (4.1955)  manu_loss: 3.2280 (3.2280)  ot_loss: 2.2227 (2.2227)  base_loss: 17.7081 (17.7081)  time: 7.4069  data: 7.1302  max mem: 11382
Epoch: [47]  [38/39]  eta: 0:00:00  lr: 0.000145  sp_loss: 10.3563 (10.1862)  fam_loss: 4.1487 (4.1092)  manu_loss: 3.0677 (3.0876)  ot_loss: 2.1719 (2.1799)  base_loss: 17.5606 (17.3831)  time: 0.4441  data: 0.2133  max mem: 11382
Epoch: [47] Total time: 0:00:23 (0.6131 s / it)
Averaged stats: lr: 0.000145  sp_loss: 10.3563 (10.1862)  fam_loss: 4.1487 (4.1092)  manu_loss: 3.0677 (3.0876)  ot_loss: 2.1719 (2.1799)  base_loss: 17.5606 (17.3831)
Test:  [  0/391]  eta: 0:43:19  sploss: 10.4230 (10.4230)  famloss: 3.1663 (3.1663)  manuloss: 2.0799 (2.0799)  acc1: 0.0000 (0.0000)  acc5: 0.3906 (0.3906)  family_acc1: 35.5469 (35.5469)  manu_acc1: 55.8594 (55.8594)  time: 6.6486  data: 6.3302  max mem: 11382
Test:  [250/391]  eta: 0:01:16  sploss: 10.6403 (10.6194)  famloss: 3.4965 (3.4337)  manuloss: 2.4060 (2.2847)  acc1: 0.0000 (0.0078)  acc5: 0.0000 (0.0965)  family_acc1: 30.8594 (32.0048)  manu_acc1: 47.6562 (52.2021)  time: 0.4473  data: 0.1665  max mem: 11382
Test:  [390/391]  eta: 0:00:00  sploss: 10.5811 (10.6159)  famloss: 3.2171 (3.3770)  manuloss: 1.8037 (2.1970)  acc1: 0.0000 (0.0080)  acc5: 0.0000 (0.0870)  family_acc1: 36.3281 (32.8260)  manu_acc1: 63.6719 (53.9440)  time: 0.4164  data: 0.1927  max mem: 11382
Test: Total time: 0:03:23 (0.5192 s / it)
* Acc@1 0.008 Acc@5 0.087 family@1 32.826 manu@1 53.944 sploss 10.616 fmloss 3.377 mfloss 2.197
FPA: 0.000% | TICE: 99.898%   
 wAP: 4.484  |  LCA: 297.478   |   Precision and Recall: 0.862%
Accuracy of the network on the 100000 test images: 0.0%
Max accuracy: 0.01%
Epoch: [48]  [ 0/39]  eta: 0:04:46  lr: 0.000141  sp_loss: 10.8723 (10.8723)  fam_loss: 4.9902 (4.9902)  manu_loss: 3.5476 (3.5476)  ot_loss: 2.3652 (2.3652)  base_loss: 19.4101 (19.4101)  time: 7.3418  data: 7.0612  max mem: 11382
Epoch: [48]  [38/39]  eta: 0:00:00  lr: 0.000141  sp_loss: 10.1482 (10.2702)  fam_loss: 4.2923 (4.2920)  manu_loss: 3.2484 (3.1964)  ot_loss: 2.1855 (2.1910)  base_loss: 17.5853 (17.7586)  time: 0.4495  data: 0.2198  max mem: 11382
Epoch: [48] Total time: 0:00:24 (0.6196 s / it)
Averaged stats: lr: 0.000141  sp_loss: 10.1482 (10.2702)  fam_loss: 4.2923 (4.2920)  manu_loss: 3.2484 (3.1964)  ot_loss: 2.1855 (2.1910)  base_loss: 17.5853 (17.7586)
Test:  [  0/391]  eta: 0:46:07  sploss: 10.3638 (10.3638)  famloss: 3.1014 (3.1014)  manuloss: 2.0716 (2.0716)  acc1: 0.0000 (0.0000)  acc5: 0.3906 (0.3906)  family_acc1: 37.8906 (37.8906)  manu_acc1: 55.8594 (55.8594)  time: 7.0771  data: 6.8123  max mem: 11382
Test:  [250/391]  eta: 0:01:16  sploss: 10.6031 (10.5616)  famloss: 3.4210 (3.3940)  manuloss: 2.3334 (2.2582)  acc1: 0.0000 (0.0109)  acc5: 0.0000 (0.0996)  family_acc1: 30.4688 (32.1775)  manu_acc1: 49.6094 (52.9663)  time: 0.4246  data: 0.1705  max mem: 11382
Test:  [390/391]  eta: 0:00:00  sploss: 10.5109 (10.5636)  famloss: 3.1649 (3.3301)  manuloss: 1.7685 (2.1697)  acc1: 0.0000 (0.0100)  acc5: 0.0000 (0.0910)  family_acc1: 35.9375 (33.1360)  manu_acc1: 63.2812 (54.7280)  time: 0.4470  data: 0.2245  max mem: 11382
Test: Total time: 0:03:28 (0.5323 s / it)
* Acc@1 0.010 Acc@5 0.091 family@1 33.136 manu@1 54.728 sploss 10.564 fmloss 3.330 mfloss 2.170
FPA: 0.000% | TICE: 99.933%   
 wAP: 4.535  |  LCA: 297.783   |   Precision and Recall: 0.784%
Accuracy of the network on the 100000 test images: 0.0%
Max accuracy: 0.01%
Epoch: [49]  [ 0/39]  eta: 0:04:15  lr: 0.000138  sp_loss: 10.5120 (10.5120)  fam_loss: 4.3666 (4.3666)  manu_loss: 3.1541 (3.1541)  ot_loss: 2.1152 (2.1152)  base_loss: 18.0328 (18.0328)  time: 6.5391  data: 6.2584  max mem: 11382
Epoch: [49]  [38/39]  eta: 0:00:00  lr: 0.000138  sp_loss: 10.0578 (9.9476)  fam_loss: 4.1416 (4.0185)  manu_loss: 3.1376 (3.0032)  ot_loss: 2.1484 (2.1543)  base_loss: 17.4155 (16.9693)  time: 0.4648  data: 0.2288  max mem: 11382
Epoch: [49] Total time: 0:00:23 (0.6106 s / it)
Averaged stats: lr: 0.000138  sp_loss: 10.0578 (9.9476)  fam_loss: 4.1416 (4.0185)  manu_loss: 3.1376 (3.0032)  ot_loss: 2.1484 (2.1543)  base_loss: 17.4155 (16.9693)
Test:  [  0/391]  eta: 0:51:47  sploss: 10.2892 (10.2892)  famloss: 3.1101 (3.1101)  manuloss: 2.0848 (2.0848)  acc1: 0.0000 (0.0000)  acc5: 0.3906 (0.3906)  family_acc1: 37.1094 (37.1094)  manu_acc1: 55.8594 (55.8594)  time: 7.9467  data: 7.6626  max mem: 11382
Test:  [250/391]  eta: 0:01:15  sploss: 10.4937 (10.4706)  famloss: 3.4290 (3.3939)  manuloss: 2.3718 (2.2732)  acc1: 0.0000 (0.0093)  acc5: 0.0000 (0.1401)  family_acc1: 32.4219 (32.7923)  manu_acc1: 49.2188 (52.5959)  time: 0.4039  data: 0.1447  max mem: 11382
Test:  [390/391]  eta: 0:00:00  sploss: 10.4328 (10.4698)  famloss: 3.1606 (3.3343)  manuloss: 1.8022 (2.1867)  acc1: 0.0000 (0.0090)  acc5: 0.0000 (0.1230)  family_acc1: 36.3281 (33.7400)  manu_acc1: 63.6719 (54.3690)  time: 0.4707  data: 0.2502  max mem: 11382
Test: Total time: 0:03:23 (0.5198 s / it)
* Acc@1 0.009 Acc@5 0.123 family@1 33.740 manu@1 54.369 sploss 10.470 fmloss 3.334 mfloss 2.187
FPA: 0.000% | TICE: 99.911%   
 wAP: 4.584  |  LCA: 297.969   |   Precision and Recall: 0.726%
Accuracy of the network on the 100000 test images: 0.0%
Max accuracy: 0.01%
Epoch: [50]  [ 0/39]  eta: 0:04:23  lr: 0.000134  sp_loss: 9.9139 (9.9139)  fam_loss: 4.1624 (4.1624)  manu_loss: 3.0355 (3.0355)  ot_loss: 2.0996 (2.0996)  base_loss: 17.1118 (17.1118)  time: 6.7456  data: 6.4197  max mem: 11382
Epoch: [50]  [38/39]  eta: 0:00:00  lr: 0.000134  sp_loss: 10.0802 (10.0000)  fam_loss: 4.0885 (4.0592)  manu_loss: 3.1189 (3.0440)  ot_loss: 2.1484 (2.1574)  base_loss: 17.3497 (17.1033)  time: 0.4432  data: 0.2087  max mem: 11382
Epoch: [50] Total time: 0:00:23 (0.6029 s / it)
Averaged stats: lr: 0.000134  sp_loss: 10.0802 (10.0000)  fam_loss: 4.0885 (4.0592)  manu_loss: 3.1189 (3.0440)  ot_loss: 2.1484 (2.1574)  base_loss: 17.3497 (17.1033)
Test:  [  0/391]  eta: 0:51:32  sploss: 10.3815 (10.3815)  famloss: 3.2007 (3.2007)  manuloss: 2.1170 (2.1170)  acc1: 0.0000 (0.0000)  acc5: 0.3906 (0.3906)  family_acc1: 35.1562 (35.1562)  manu_acc1: 53.9062 (53.9062)  time: 7.9087  data: 7.6048  max mem: 11382
Test:  [250/391]  eta: 0:01:15  sploss: 10.5513 (10.5175)  famloss: 3.4297 (3.4369)  manuloss: 2.3588 (2.2820)  acc1: 0.0000 (0.0093)  acc5: 0.0000 (0.1416)  family_acc1: 32.4219 (32.7253)  manu_acc1: 49.2188 (52.6068)  time: 0.4204  data: 0.1562  max mem: 11382
Test:  [390/391]  eta: 0:00:00  sploss: 10.4971 (10.5186)  famloss: 3.1588 (3.3730)  manuloss: 1.8126 (2.1949)  acc1: 0.0000 (0.0100)  acc5: 0.0000 (0.1200)  family_acc1: 36.7188 (33.6050)  manu_acc1: 63.2812 (54.2060)  time: 0.3782  data: 0.1602  max mem: 11382
Test: Total time: 0:03:24 (0.5220 s / it)
* Acc@1 0.010 Acc@5 0.120 family@1 33.605 manu@1 54.206 sploss 10.519 fmloss 3.373 mfloss 2.195
FPA: 0.000% | TICE: 99.697%   
 wAP: 4.568  |  LCA: 297.505   |   Precision and Recall: 0.866%
Accuracy of the network on the 100000 test images: 0.0%
Max accuracy: 0.01%
Epoch: [51]  [ 0/39]  eta: 0:04:23  lr: 0.000130  sp_loss: 10.1210 (10.1210)  fam_loss: 4.3013 (4.3013)  manu_loss: 3.3564 (3.3564)  ot_loss: 2.1211 (2.1211)  base_loss: 17.7787 (17.7787)  time: 6.7468  data: 6.4522  max mem: 11382
Epoch: [51]  [38/39]  eta: 0:00:00  lr: 0.000130  sp_loss: 10.0591 (10.1654)  fam_loss: 4.2431 (4.2913)  manu_loss: 3.2536 (3.2348)  ot_loss: 2.1582 (2.1706)  base_loss: 17.8387 (17.6915)  time: 0.4636  data: 0.2321  max mem: 11382
Epoch: [51] Total time: 0:00:24 (0.6180 s / it)
Averaged stats: lr: 0.000130  sp_loss: 10.0591 (10.1654)  fam_loss: 4.2431 (4.2913)  manu_loss: 3.2536 (3.2348)  ot_loss: 2.1582 (2.1706)  base_loss: 17.8387 (17.6915)
Test:  [  0/391]  eta: 0:38:19  sploss: 10.2037 (10.2037)  famloss: 3.1333 (3.1333)  manuloss: 2.1430 (2.1430)  acc1: 0.0000 (0.0000)  acc5: 0.0000 (0.0000)  family_acc1: 35.5469 (35.5469)  manu_acc1: 53.5156 (53.5156)  time: 5.8820  data: 5.5916  max mem: 11382
Test:  [250/391]  eta: 0:01:15  sploss: 10.3414 (10.3333)  famloss: 3.3903 (3.3793)  manuloss: 2.4036 (2.2767)  acc1: 0.0000 (0.0187)  acc5: 0.0000 (0.1416)  family_acc1: 31.6406 (32.8421)  manu_acc1: 48.0469 (52.2192)  time: 0.5034  data: 0.2409  max mem: 11382
Test:  [390/391]  eta: 0:00:00  sploss: 10.3265 (10.3343)  famloss: 3.1508 (3.3131)  manuloss: 1.8071 (2.1837)  acc1: 0.0000 (0.0180)  acc5: 0.0000 (0.1260)  family_acc1: 37.5000 (33.9070)  manu_acc1: 63.2812 (54.0230)  time: 0.4007  data: 0.1891  max mem: 11382
Test: Total time: 0:03:23 (0.5215 s / it)
* Acc@1 0.018 Acc@5 0.126 family@1 33.907 manu@1 54.023 sploss 10.334 fmloss 3.313 mfloss 2.184
FPA: 0.000% | TICE: 99.828%   
 wAP: 4.600  |  LCA: 297.868   |   Precision and Recall: 0.757%
Accuracy of the network on the 100000 test images: 0.0%
Max accuracy: 0.02%
Epoch: [52]  [ 0/39]  eta: 0:04:30  lr: 0.000126  sp_loss: 10.0207 (10.0207)  fam_loss: 4.3407 (4.3407)  manu_loss: 3.3652 (3.3652)  ot_loss: 2.2520 (2.2520)  base_loss: 17.7266 (17.7266)  time: 6.9387  data: 6.6401  max mem: 11382
Epoch: [52]  [38/39]  eta: 0:00:00  lr: 0.000126  sp_loss: 9.7647 (9.9925)  fam_loss: 4.1060 (4.1351)  manu_loss: 3.1947 (3.1239)  ot_loss: 2.1602 (2.1675)  base_loss: 17.0594 (17.2515)  time: 0.4519  data: 0.2208  max mem: 11382
Epoch: [52] Total time: 0:00:23 (0.6130 s / it)
Averaged stats: lr: 0.000126  sp_loss: 9.7647 (9.9925)  fam_loss: 4.1060 (4.1351)  manu_loss: 3.1947 (3.1239)  ot_loss: 2.1602 (2.1675)  base_loss: 17.0594 (17.2515)
Test:  [  0/391]  eta: 0:41:05  sploss: 10.3151 (10.3151)  famloss: 3.1317 (3.1317)  manuloss: 2.2123 (2.2123)  acc1: 0.0000 (0.0000)  acc5: 0.0000 (0.0000)  family_acc1: 36.3281 (36.3281)  manu_acc1: 53.1250 (53.1250)  time: 6.3044  data: 6.0045  max mem: 11382
Test:  [250/391]  eta: 0:01:15  sploss: 10.4783 (10.4712)  famloss: 3.4045 (3.3737)  manuloss: 2.3548 (2.2762)  acc1: 0.0000 (0.0093)  acc5: 0.0000 (0.1074)  family_acc1: 31.2500 (32.7176)  manu_acc1: 48.8281 (52.6021)  time: 0.5166  data: 0.2398  max mem: 11382
Test:  [390/391]  eta: 0:00:00  sploss: 10.3904 (10.4679)  famloss: 3.1039 (3.3068)  manuloss: 1.7504 (2.1901)  acc1: 0.0000 (0.0090)  acc5: 0.0000 (0.0930)  family_acc1: 37.5000 (33.7080)  manu_acc1: 62.8906 (54.3140)  time: 0.4252  data: 0.2065  max mem: 11382
Test: Total time: 0:03:23 (0.5205 s / it)
* Acc@1 0.009 Acc@5 0.093 family@1 33.708 manu@1 54.314 sploss 10.468 fmloss 3.307 mfloss 2.190
FPA: 0.000% | TICE: 99.772%   
 wAP: 4.580  |  LCA: 297.731   |   Precision and Recall: 0.789%
Accuracy of the network on the 100000 test images: 0.0%
Max accuracy: 0.02%
Epoch: [53]  [ 0/39]  eta: 0:04:52  lr: 0.000122  sp_loss: 10.1999 (10.1999)  fam_loss: 4.2488 (4.2488)  manu_loss: 3.2321 (3.2321)  ot_loss: 2.1094 (2.1094)  base_loss: 17.6808 (17.6808)  time: 7.4924  data: 7.2186  max mem: 11382
Epoch: [53]  [38/39]  eta: 0:00:00  lr: 0.000122  sp_loss: 10.2721 (10.0609)  fam_loss: 4.3272 (4.2429)  manu_loss: 3.2930 (3.1925)  ot_loss: 2.1660 (2.1688)  base_loss: 17.8903 (17.4962)  time: 0.4587  data: 0.2273  max mem: 11382
Epoch: [53] Total time: 0:00:23 (0.6060 s / it)
Averaged stats: lr: 0.000122  sp_loss: 10.2721 (10.0609)  fam_loss: 4.3272 (4.2429)  manu_loss: 3.2930 (3.1925)  ot_loss: 2.1660 (2.1688)  base_loss: 17.8903 (17.4962)
Test:  [  0/391]  eta: 0:47:23  sploss: 10.3313 (10.3313)  famloss: 3.1411 (3.1411)  manuloss: 2.1632 (2.1632)  acc1: 0.0000 (0.0000)  acc5: 0.0000 (0.0000)  family_acc1: 37.8906 (37.8906)  manu_acc1: 56.2500 (56.2500)  time: 7.2711  data: 6.9115  max mem: 11382
Test:  [250/391]  eta: 0:01:14  sploss: 10.4733 (10.4462)  famloss: 3.3831 (3.3616)  manuloss: 2.3355 (2.2430)  acc1: 0.0000 (0.0062)  acc5: 0.0000 (0.1463)  family_acc1: 32.0312 (33.2856)  manu_acc1: 48.8281 (52.8682)  time: 0.4707  data: 0.1819  max mem: 11382
Test:  [390/391]  eta: 0:00:00  sploss: 10.4073 (10.4452)  famloss: 3.1138 (3.2988)  manuloss: 1.8132 (2.1554)  acc1: 0.0000 (0.0080)  acc5: 0.0000 (0.1370)  family_acc1: 36.7188 (34.2500)  manu_acc1: 63.2812 (54.6260)  time: 0.4254  data: 0.2086  max mem: 11382
Test: Total time: 0:03:23 (0.5203 s / it)
* Acc@1 0.008 Acc@5 0.137 family@1 34.250 manu@1 54.626 sploss 10.445 fmloss 3.299 mfloss 2.155
FPA: 0.000% | TICE: 99.817%   
 wAP: 4.639  |  LCA: 297.498   |   Precision and Recall: 0.862%
Accuracy of the network on the 100000 test images: 0.0%
Max accuracy: 0.02%
Epoch: [54]  [ 0/39]  eta: 0:04:32  lr: 0.000119  sp_loss: 10.6648 (10.6648)  fam_loss: 4.8255 (4.8255)  manu_loss: 3.6746 (3.6746)  ot_loss: 2.2402 (2.2402)  base_loss: 19.1649 (19.1649)  time: 6.9770  data: 6.6891  max mem: 11382
Epoch: [54]  [38/39]  eta: 0:00:00  lr: 0.000119  sp_loss: 10.3631 (10.0257)  fam_loss: 4.4223 (4.2720)  manu_loss: 3.3101 (3.1951)  ot_loss: 2.1738 (2.1650)  base_loss: 18.2948 (17.4928)  time: 0.4422  data: 0.2114  max mem: 11382
Epoch: [54] Total time: 0:00:23 (0.5956 s / it)
Averaged stats: lr: 0.000119  sp_loss: 10.3631 (10.0257)  fam_loss: 4.4223 (4.2720)  manu_loss: 3.3101 (3.1951)  ot_loss: 2.1738 (2.1650)  base_loss: 18.2948 (17.4928)
Test:  [  0/391]  eta: 0:46:31  sploss: 10.3219 (10.3219)  famloss: 3.1193 (3.1193)  manuloss: 2.1407 (2.1407)  acc1: 0.0000 (0.0000)  acc5: 0.0000 (0.0000)  family_acc1: 36.7188 (36.7188)  manu_acc1: 54.6875 (54.6875)  time: 7.1406  data: 6.7935  max mem: 11382
Test:  [250/391]  eta: 0:01:16  sploss: 10.4731 (10.4356)  famloss: 3.3650 (3.3183)  manuloss: 2.3380 (2.2384)  acc1: 0.0000 (0.0093)  acc5: 0.0000 (0.1447)  family_acc1: 32.4219 (33.7183)  manu_acc1: 48.8281 (53.4378)  time: 0.5538  data: 0.2675  max mem: 11382
Test:  [390/391]  eta: 0:00:00  sploss: 10.3923 (10.4348)  famloss: 3.0799 (3.2547)  manuloss: 1.7557 (2.1486)  acc1: 0.0000 (0.0100)  acc5: 0.0000 (0.1310)  family_acc1: 38.2812 (34.7800)  manu_acc1: 63.1250 (55.1410)  time: 0.3848  data: 0.1629  max mem: 11382
Test: Total time: 0:03:24 (0.5230 s / it)
* Acc@1 0.010 Acc@5 0.131 family@1 34.780 manu@1 55.141 sploss 10.435 fmloss 3.255 mfloss 2.149
FPA: 0.000% | TICE: 99.718%   
 wAP: 4.704  |  LCA: 297.455   |   Precision and Recall: 0.883%
Accuracy of the network on the 100000 test images: 0.0%
Max accuracy: 0.02%
Epoch: [55]  [ 0/39]  eta: 0:04:38  lr: 0.000115  sp_loss: 10.2512 (10.2512)  fam_loss: 4.3283 (4.3283)  manu_loss: 3.1623 (3.1623)  ot_loss: 2.1738 (2.1738)  base_loss: 17.7417 (17.7417)  time: 7.1384  data: 6.8526  max mem: 11382
Epoch: [55]  [38/39]  eta: 0:00:00  lr: 0.000115  sp_loss: 9.7137 (9.8141)  fam_loss: 4.2186 (4.1246)  manu_loss: 3.0598 (3.1005)  ot_loss: 2.1543 (2.1516)  base_loss: 16.9923 (17.0391)  time: 0.4822  data: 0.2510  max mem: 11382
Epoch: [55] Total time: 0:00:23 (0.6101 s / it)
Averaged stats: lr: 0.000115  sp_loss: 9.7137 (9.8141)  fam_loss: 4.2186 (4.1246)  manu_loss: 3.0598 (3.1005)  ot_loss: 2.1543 (2.1516)  base_loss: 16.9923 (17.0391)
Test:  [  0/391]  eta: 0:37:29  sploss: 10.3205 (10.3205)  famloss: 3.0907 (3.0907)  manuloss: 2.0954 (2.0954)  acc1: 0.0000 (0.0000)  acc5: 0.0000 (0.0000)  family_acc1: 36.7188 (36.7188)  manu_acc1: 55.0781 (55.0781)  time: 5.7539  data: 5.4424  max mem: 11382
Test:  [250/391]  eta: 0:01:16  sploss: 10.4372 (10.4060)  famloss: 3.3286 (3.3053)  manuloss: 2.3251 (2.2209)  acc1: 0.0000 (0.0093)  acc5: 0.0000 (0.1354)  family_acc1: 32.4219 (33.6078)  manu_acc1: 49.6094 (53.6386)  time: 0.5452  data: 0.2738  max mem: 11382
Test:  [390/391]  eta: 0:00:00  sploss: 10.3878 (10.4062)  famloss: 3.0572 (3.2391)  manuloss: 1.7449 (2.1307)  acc1: 0.0000 (0.0100)  acc5: 0.0000 (0.1320)  family_acc1: 37.8906 (34.6750)  manu_acc1: 64.0625 (55.4600)  time: 0.4531  data: 0.2303  max mem: 11382
Test: Total time: 0:03:27 (0.5303 s / it)
* Acc@1 0.010 Acc@5 0.132 family@1 34.675 manu@1 55.460 sploss 10.406 fmloss 3.239 mfloss 2.131
FPA: 0.000% | TICE: 99.785%   
 wAP: 4.702  |  LCA: 297.769   |   Precision and Recall: 0.774%
Accuracy of the network on the 100000 test images: 0.0%
Max accuracy: 0.02%
Epoch: [56]  [ 0/39]  eta: 0:04:15  lr: 0.000111  sp_loss: 10.3272 (10.3272)  fam_loss: 4.2861 (4.2861)  manu_loss: 3.1843 (3.1843)  ot_loss: 2.1699 (2.1699)  base_loss: 17.7975 (17.7975)  time: 6.5542  data: 6.2599  max mem: 11382
Epoch: [56]  [38/39]  eta: 0:00:00  lr: 0.000111  sp_loss: 9.3891 (9.7040)  fam_loss: 3.8712 (4.0484)  manu_loss: 2.9812 (3.0217)  ot_loss: 2.1016 (2.1401)  base_loss: 16.3244 (16.7741)  time: 0.4543  data: 0.2205  max mem: 11382
Epoch: [56] Total time: 0:00:23 (0.5998 s / it)
Averaged stats: lr: 0.000111  sp_loss: 9.3891 (9.7040)  fam_loss: 3.8712 (4.0484)  manu_loss: 2.9812 (3.0217)  ot_loss: 2.1016 (2.1401)  base_loss: 16.3244 (16.7741)
Test:  [  0/391]  eta: 0:41:53  sploss: 10.1325 (10.1325)  famloss: 3.0520 (3.0520)  manuloss: 2.0962 (2.0962)  acc1: 0.0000 (0.0000)  acc5: 0.3906 (0.3906)  family_acc1: 36.7188 (36.7188)  manu_acc1: 57.0312 (57.0312)  time: 6.4278  data: 6.1417  max mem: 11382
Test:  [250/391]  eta: 0:01:15  sploss: 10.3326 (10.2986)  famloss: 3.2904 (3.2829)  manuloss: 2.3286 (2.2255)  acc1: 0.0000 (0.0062)  acc5: 0.0000 (0.1821)  family_acc1: 32.8125 (33.8614)  manu_acc1: 49.2188 (53.5250)  time: 0.5632  data: 0.2986  max mem: 11382
Test:  [390/391]  eta: 0:00:00  sploss: 10.2311 (10.2957)  famloss: 3.0198 (3.2169)  manuloss: 1.8014 (2.1340)  acc1: 0.0000 (0.0070)  acc5: 0.0000 (0.1820)  family_acc1: 38.2812 (34.9100)  manu_acc1: 63.7500 (55.3440)  time: 0.3392  data: 0.1244  max mem: 11382
Test: Total time: 0:03:22 (0.5188 s / it)
* Acc@1 0.007 Acc@5 0.182 family@1 34.910 manu@1 55.344 sploss 10.296 fmloss 3.217 mfloss 2.134
FPA: 0.000% | TICE: 99.755%   
 wAP: 4.719  |  LCA: 297.753   |   Precision and Recall: 0.788%
Accuracy of the network on the 100000 test images: 0.0%
Max accuracy: 0.02%
Epoch: [57]  [ 0/39]  eta: 0:04:34  lr: 0.000108  sp_loss: 9.7563 (9.7563)  fam_loss: 3.9527 (3.9527)  manu_loss: 2.9679 (2.9679)  ot_loss: 2.0605 (2.0605)  base_loss: 16.6769 (16.6769)  time: 7.0440  data: 6.7288  max mem: 11382
Epoch: [57]  [38/39]  eta: 0:00:00  lr: 0.000108  sp_loss: 9.3126 (9.5812)  fam_loss: 3.7154 (3.9482)  manu_loss: 2.8465 (2.9633)  ot_loss: 2.1270 (2.1249)  base_loss: 15.7201 (16.4927)  time: 0.4610  data: 0.2296  max mem: 11382
Epoch: [57] Total time: 0:00:23 (0.6110 s / it)
Averaged stats: lr: 0.000108  sp_loss: 9.3126 (9.5812)  fam_loss: 3.7154 (3.9482)  manu_loss: 2.8465 (2.9633)  ot_loss: 2.1270 (2.1249)  base_loss: 15.7201 (16.4927)
Test:  [  0/391]  eta: 0:37:37  sploss: 10.1591 (10.1591)  famloss: 3.0963 (3.0963)  manuloss: 2.2024 (2.2024)  acc1: 0.0000 (0.0000)  acc5: 0.3906 (0.3906)  family_acc1: 35.9375 (35.9375)  manu_acc1: 55.4688 (55.4688)  time: 5.7738  data: 5.4629  max mem: 11382
Test:  [250/391]  eta: 0:01:15  sploss: 10.3351 (10.3118)  famloss: 3.3533 (3.3222)  manuloss: 2.3456 (2.2548)  acc1: 0.0000 (0.0140)  acc5: 0.0000 (0.1712)  family_acc1: 32.4219 (33.7634)  manu_acc1: 49.6094 (53.2837)  time: 0.4544  data: 0.1761  max mem: 11382
Test:  [390/391]  eta: 0:00:00  sploss: 10.2742 (10.3111)  famloss: 3.0552 (3.2562)  manuloss: 1.7816 (2.1650)  acc1: 0.0000 (0.0120)  acc5: 0.0000 (0.1620)  family_acc1: 39.8438 (34.8080)  manu_acc1: 64.8438 (55.0930)  time: 0.4125  data: 0.1983  max mem: 11382
Test: Total time: 0:03:24 (0.5237 s / it)
* Acc@1 0.012 Acc@5 0.162 family@1 34.808 manu@1 55.093 sploss 10.311 fmloss 3.256 mfloss 2.165
FPA: 0.000% | TICE: 99.933%   
 wAP: 4.708  |  LCA: 297.607   |   Precision and Recall: 0.833%
Accuracy of the network on the 100000 test images: 0.0%
Max accuracy: 0.02%
Epoch: [58]  [ 0/39]  eta: 0:04:24  lr: 0.000104  sp_loss: 9.2280 (9.2280)  fam_loss: 3.9948 (3.9948)  manu_loss: 2.8720 (2.8720)  ot_loss: 2.0879 (2.0879)  base_loss: 16.0949 (16.0949)  time: 6.7929  data: 6.4958  max mem: 11382
Epoch: [58]  [38/39]  eta: 0:00:00  lr: 0.000104  sp_loss: 9.5690 (9.6664)  fam_loss: 3.9427 (4.0734)  manu_loss: 3.0014 (3.0647)  ot_loss: 2.1113 (2.1510)  base_loss: 16.5237 (16.8045)  time: 0.4543  data: 0.2222  max mem: 11382
Epoch: [58] Total time: 0:00:24 (0.6176 s / it)
Averaged stats: lr: 0.000104  sp_loss: 9.5690 (9.6664)  fam_loss: 3.9427 (4.0734)  manu_loss: 3.0014 (3.0647)  ot_loss: 2.1113 (2.1510)  base_loss: 16.5237 (16.8045)
Test:  [  0/391]  eta: 0:50:48  sploss: 10.2439 (10.2439)  famloss: 3.1514 (3.1514)  manuloss: 2.1478 (2.1478)  acc1: 0.0000 (0.0000)  acc5: 0.3906 (0.3906)  family_acc1: 35.1562 (35.1562)  manu_acc1: 57.0312 (57.0312)  time: 7.7978  data: 7.5047  max mem: 11382
Test:  [250/391]  eta: 0:01:14  sploss: 10.4117 (10.3840)  famloss: 3.3436 (3.3231)  manuloss: 2.3762 (2.2519)  acc1: 0.0000 (0.0109)  acc5: 0.0000 (0.1868)  family_acc1: 32.4219 (34.0793)  manu_acc1: 49.6094 (53.5281)  time: 0.4278  data: 0.1427  max mem: 11382
Test:  [390/391]  eta: 0:00:00  sploss: 10.3409 (10.3836)  famloss: 3.0949 (3.2597)  manuloss: 1.7875 (2.1645)  acc1: 0.0000 (0.0100)  acc5: 0.0000 (0.1790)  family_acc1: 38.6719 (35.0550)  manu_acc1: 64.4531 (55.2270)  time: 0.4629  data: 0.2427  max mem: 11382
Test: Total time: 0:03:22 (0.5190 s / it)
* Acc@1 0.010 Acc@5 0.179 family@1 35.055 manu@1 55.227 sploss 10.384 fmloss 3.260 mfloss 2.165
FPA: 0.000% | TICE: 99.905%   
 wAP: 4.733  |  LCA: 297.383   |   Precision and Recall: 0.907%
Accuracy of the network on the 100000 test images: 0.0%
Max accuracy: 0.02%
Epoch: [59]  [ 0/39]  eta: 0:04:33  lr: 0.000100  sp_loss: 8.3934 (8.3934)  fam_loss: 3.3114 (3.3114)  manu_loss: 2.4254 (2.4254)  ot_loss: 2.0625 (2.0625)  base_loss: 14.1303 (14.1303)  time: 7.0123  data: 6.7016  max mem: 11382
Epoch: [59]  [38/39]  eta: 0:00:00  lr: 0.000100  sp_loss: 9.9979 (9.7023)  fam_loss: 4.2583 (4.1203)  manu_loss: 3.2608 (3.1199)  ot_loss: 2.1875 (2.1518)  base_loss: 17.5308 (16.9424)  time: 0.4590  data: 0.2306  max mem: 11382
Epoch: [59] Total time: 0:00:24 (0.6183 s / it)
Averaged stats: lr: 0.000100  sp_loss: 9.9979 (9.7023)  fam_loss: 4.2583 (4.1203)  manu_loss: 3.2608 (3.1199)  ot_loss: 2.1875 (2.1518)  base_loss: 17.5308 (16.9424)
Test:  [  0/391]  eta: 0:51:53  sploss: 10.2651 (10.2651)  famloss: 3.0716 (3.0716)  manuloss: 2.1322 (2.1322)  acc1: 0.0000 (0.0000)  acc5: 0.0000 (0.0000)  family_acc1: 36.3281 (36.3281)  manu_acc1: 56.6406 (56.6406)  time: 7.9627  data: 7.7234  max mem: 11382
Test:  [250/391]  eta: 0:01:16  sploss: 10.4460 (10.3963)  famloss: 3.3375 (3.3078)  manuloss: 2.3396 (2.2419)  acc1: 0.0000 (0.0140)  acc5: 0.0000 (0.1432)  family_acc1: 33.5938 (33.8957)  manu_acc1: 50.0000 (53.4425)  time: 0.4335  data: 0.1830  max mem: 11382
Test:  [390/391]  eta: 0:00:00  sploss: 10.3540 (10.3924)  famloss: 3.0522 (3.2405)  manuloss: 1.8043 (2.1493)  acc1: 0.0000 (0.0130)  acc5: 0.0000 (0.1280)  family_acc1: 38.6719 (34.9550)  manu_acc1: 62.8906 (55.2290)  time: 0.4190  data: 0.2085  max mem: 11382
Test: Total time: 0:03:24 (0.5226 s / it)
* Acc@1 0.013 Acc@5 0.128 family@1 34.955 manu@1 55.229 sploss 10.392 fmloss 3.240 mfloss 2.149
FPA: 0.001% | TICE: 99.854%   
 wAP: 4.726  |  LCA: 297.678   |   Precision and Recall: 0.813%
Accuracy of the network on the 100000 test images: 0.0%
Max accuracy: 0.02%
Epoch: [60]  [ 0/39]  eta: 0:04:46  lr: 0.000097  sp_loss: 9.8175 (9.8175)  fam_loss: 4.3548 (4.3548)  manu_loss: 3.2862 (3.2862)  ot_loss: 2.1230 (2.1230)  base_loss: 17.4585 (17.4585)  time: 7.3516  data: 7.0662  max mem: 11382
Epoch: [60]  [38/39]  eta: 0:00:00  lr: 0.000097  sp_loss: 9.5033 (9.4556)  fam_loss: 4.0557 (3.9939)  manu_loss: 3.0646 (3.0015)  ot_loss: 2.1328 (2.1302)  base_loss: 16.7285 (16.4510)  time: 0.4605  data: 0.2258  max mem: 11382
Epoch: [60] Total time: 0:00:24 (0.6184 s / it)
Averaged stats: lr: 0.000097  sp_loss: 9.5033 (9.4556)  fam_loss: 4.0557 (3.9939)  manu_loss: 3.0646 (3.0015)  ot_loss: 2.1328 (2.1302)  base_loss: 16.7285 (16.4510)
Test:  [  0/391]  eta: 0:50:45  sploss: 10.1913 (10.1913)  famloss: 3.0871 (3.0871)  manuloss: 2.0121 (2.0121)  acc1: 0.0000 (0.0000)  acc5: 0.3906 (0.3906)  family_acc1: 36.7188 (36.7188)  manu_acc1: 58.2031 (58.2031)  time: 7.7903  data: 7.4743  max mem: 11382
Test:  [250/391]  eta: 0:01:16  sploss: 10.3676 (10.3252)  famloss: 3.3058 (3.3085)  manuloss: 2.3384 (2.2498)  acc1: 0.0000 (0.0109)  acc5: 0.0000 (0.1930)  family_acc1: 33.5938 (34.3703)  manu_acc1: 49.6094 (53.5810)  time: 0.4284  data: 0.1454  max mem: 11382
Test:  [390/391]  eta: 0:00:00  sploss: 10.2463 (10.3212)  famloss: 3.0488 (3.2436)  manuloss: 1.7894 (2.1594)  acc1: 0.0000 (0.0120)  acc5: 0.0000 (0.1740)  family_acc1: 37.8906 (35.3120)  manu_acc1: 63.6719 (55.2990)  time: 0.4030  data: 0.1921  max mem: 11382
Test: Total time: 0:03:24 (0.5238 s / it)
* Acc@1 0.012 Acc@5 0.174 family@1 35.312 manu@1 55.299 sploss 10.321 fmloss 3.244 mfloss 2.159
FPA: 0.003% | TICE: 99.894%   
 wAP: 4.761  |  LCA: 297.914   |   Precision and Recall: 0.740%
Accuracy of the network on the 100000 test images: 0.0%
Max accuracy: 0.02%
Epoch: [61]  [ 0/39]  eta: 0:04:38  lr: 0.000093  sp_loss: 10.2582 (10.2582)  fam_loss: 4.4214 (4.4214)  manu_loss: 3.2709 (3.2709)  ot_loss: 2.2090 (2.2090)  base_loss: 17.9505 (17.9505)  time: 7.1318  data: 6.8238  max mem: 11382
Epoch: [61]  [38/39]  eta: 0:00:00  lr: 0.000093  sp_loss: 9.9608 (9.4673)  fam_loss: 4.2012 (3.9429)  manu_loss: 3.1154 (2.9746)  ot_loss: 2.1426 (2.1232)  base_loss: 17.4460 (16.3848)  time: 0.4364  data: 0.2051  max mem: 11382
Epoch: [61] Total time: 0:00:23 (0.6012 s / it)
Averaged stats: lr: 0.000093  sp_loss: 9.9608 (9.4673)  fam_loss: 4.2012 (3.9429)  manu_loss: 3.1154 (2.9746)  ot_loss: 2.1426 (2.1232)  base_loss: 17.4460 (16.3848)
Test:  [  0/391]  eta: 0:45:43  sploss: 10.0466 (10.0466)  famloss: 3.0795 (3.0795)  manuloss: 2.0459 (2.0459)  acc1: 0.0000 (0.0000)  acc5: 0.7812 (0.7812)  family_acc1: 35.1562 (35.1562)  manu_acc1: 56.6406 (56.6406)  time: 7.0161  data: 6.5070  max mem: 11382
Test:  [250/391]  eta: 0:01:14  sploss: 10.1948 (10.1431)  famloss: 3.2643 (3.2636)  manuloss: 2.2816 (2.2307)  acc1: 0.0000 (0.0156)  acc5: 0.0000 (0.2117)  family_acc1: 32.4219 (34.2489)  manu_acc1: 50.3906 (53.8051)  time: 0.4275  data: 0.1671  max mem: 11382
Test:  [390/391]  eta: 0:00:00  sploss: 10.0776 (10.1378)  famloss: 3.0413 (3.1961)  manuloss: 1.7869 (2.1425)  acc1: 0.0000 (0.0150)  acc5: 0.0000 (0.1940)  family_acc1: 37.8906 (35.2800)  manu_acc1: 64.4531 (55.5100)  time: 0.3793  data: 0.1657  max mem: 11382
Test: Total time: 0:03:22 (0.5173 s / it)
* Acc@1 0.015 Acc@5 0.194 family@1 35.280 manu@1 55.510 sploss 10.138 fmloss 3.196 mfloss 2.143
FPA: 0.004% | TICE: 99.822%   
 wAP: 4.766  |  LCA: 297.752   |   Precision and Recall: 0.788%
Accuracy of the network on the 100000 test images: 0.0%
Max accuracy: 0.02%
Epoch: [62]  [ 0/39]  eta: 0:04:41  lr: 0.000089  sp_loss: 8.9568 (8.9568)  fam_loss: 3.5940 (3.5940)  manu_loss: 2.7635 (2.7635)  ot_loss: 2.0312 (2.0312)  base_loss: 15.3142 (15.3142)  time: 7.2074  data: 6.9198  max mem: 11382
Epoch: [62]  [38/39]  eta: 0:00:00  lr: 0.000089  sp_loss: 9.9412 (9.6594)  fam_loss: 4.3495 (4.1268)  manu_loss: 3.4087 (3.1316)  ot_loss: 2.1523 (2.1500)  base_loss: 17.6617 (16.9178)  time: 0.4509  data: 0.2202  max mem: 11382
Epoch: [62] Total time: 0:00:24 (0.6185 s / it)
Averaged stats: lr: 0.000089  sp_loss: 9.9412 (9.6594)  fam_loss: 4.3495 (4.1268)  manu_loss: 3.4087 (3.1316)  ot_loss: 2.1523 (2.1500)  base_loss: 17.6617 (16.9178)
Test:  [  0/391]  eta: 0:52:10  sploss: 10.1651 (10.1651)  famloss: 3.0629 (3.0629)  manuloss: 2.0640 (2.0640)  acc1: 0.0000 (0.0000)  acc5: 0.0000 (0.0000)  family_acc1: 37.1094 (37.1094)  manu_acc1: 56.2500 (56.2500)  time: 8.0056  data: 7.7095  max mem: 11382
Test:  [250/391]  eta: 0:01:15  sploss: 10.3429 (10.2826)  famloss: 3.2848 (3.2927)  manuloss: 2.3028 (2.2465)  acc1: 0.0000 (0.0125)  acc5: 0.0000 (0.1930)  family_acc1: 33.2031 (34.0902)  manu_acc1: 50.7812 (53.7662)  time: 0.4538  data: 0.1790  max mem: 11382
Test:  [390/391]  eta: 0:00:00  sploss: 10.2448 (10.2786)  famloss: 3.0256 (3.2297)  manuloss: 1.7862 (2.1597)  acc1: 0.0000 (0.0110)  acc5: 0.0000 (0.1660)  family_acc1: 37.8906 (34.9670)  manu_acc1: 63.6719 (55.4370)  time: 0.4009  data: 0.1835  max mem: 11382
Test: Total time: 0:03:24 (0.5231 s / it)
* Acc@1 0.011 Acc@5 0.166 family@1 34.967 manu@1 55.437 sploss 10.279 fmloss 3.230 mfloss 2.160
FPA: 0.000% | TICE: 99.738%   
 wAP: 4.730  |  LCA: 297.177   |   Precision and Recall: 0.962%
Accuracy of the network on the 100000 test images: 0.0%
Max accuracy: 0.02%
Epoch: [63]  [ 0/39]  eta: 0:04:46  lr: 0.000086  sp_loss: 9.1241 (9.1241)  fam_loss: 3.7157 (3.7157)  manu_loss: 2.7843 (2.7843)  ot_loss: 2.0566 (2.0566)  base_loss: 15.6240 (15.6240)  time: 7.3352  data: 7.0517  max mem: 11382
Epoch: [63]  [38/39]  eta: 0:00:00  lr: 0.000086  sp_loss: 9.3282 (9.3246)  fam_loss: 4.0454 (3.9124)  manu_loss: 3.1384 (2.9686)  ot_loss: 2.1367 (2.1057)  base_loss: 16.4877 (16.2057)  time: 0.4512  data: 0.2233  max mem: 11382
Epoch: [63] Total time: 0:00:23 (0.6126 s / it)
Averaged stats: lr: 0.000086  sp_loss: 9.3282 (9.3246)  fam_loss: 4.0454 (3.9124)  manu_loss: 3.1384 (2.9686)  ot_loss: 2.1367 (2.1057)  base_loss: 16.4877 (16.2057)
Test:  [  0/391]  eta: 0:47:53  sploss: 9.9933 (9.9933)  famloss: 3.0121 (3.0121)  manuloss: 1.9889 (1.9889)  acc1: 0.0000 (0.0000)  acc5: 0.0000 (0.0000)  family_acc1: 36.7188 (36.7188)  manu_acc1: 56.6406 (56.6406)  time: 7.3503  data: 6.9801  max mem: 11382
Test:  [250/391]  eta: 0:01:16  sploss: 10.2131 (10.1635)  famloss: 3.2920 (3.2735)  manuloss: 2.2860 (2.2157)  acc1: 0.0000 (0.0140)  acc5: 0.0000 (0.2366)  family_acc1: 33.9844 (34.4730)  manu_acc1: 51.1719 (53.8456)  time: 0.4156  data: 0.1651  max mem: 11382
Test:  [390/391]  eta: 0:00:00  sploss: 10.1221 (10.1636)  famloss: 2.9639 (3.2069)  manuloss: 1.7220 (2.1300)  acc1: 0.0000 (0.0120)  acc5: 0.0000 (0.2050)  family_acc1: 38.7500 (35.5960)  manu_acc1: 63.6719 (55.5040)  time: 0.4351  data: 0.2195  max mem: 11382
Test: Total time: 0:03:27 (0.5296 s / it)
* Acc@1 0.012 Acc@5 0.205 family@1 35.596 manu@1 55.504 sploss 10.164 fmloss 3.207 mfloss 2.130
FPA: 0.001% | TICE: 99.819%   
 wAP: 4.794  |  LCA: 297.870   |   Precision and Recall: 0.752%
Accuracy of the network on the 100000 test images: 0.0%
Max accuracy: 0.02%
Epoch: [64]  [ 0/39]  eta: 0:04:55  lr: 0.000082  sp_loss: 8.5999 (8.5999)  fam_loss: 3.4013 (3.4013)  manu_loss: 2.6018 (2.6018)  ot_loss: 2.1484 (2.1484)  base_loss: 14.6030 (14.6030)  time: 7.5784  data: 7.3045  max mem: 11382
Epoch: [64]  [38/39]  eta: 0:00:00  lr: 0.000082  sp_loss: 9.7579 (9.4734)  fam_loss: 4.1495 (4.0266)  manu_loss: 3.1853 (3.0747)  ot_loss: 2.1172 (2.1294)  base_loss: 17.1323 (16.5747)  time: 0.4483  data: 0.2175  max mem: 11382
Epoch: [64] Total time: 0:00:23 (0.6132 s / it)
Averaged stats: lr: 0.000082  sp_loss: 9.7579 (9.4734)  fam_loss: 4.1495 (4.0266)  manu_loss: 3.1853 (3.0747)  ot_loss: 2.1172 (2.1294)  base_loss: 17.1323 (16.5747)
Test:  [  0/391]  eta: 0:48:55  sploss: 10.0679 (10.0679)  famloss: 3.0139 (3.0139)  manuloss: 2.0275 (2.0275)  acc1: 0.0000 (0.0000)  acc5: 0.0000 (0.0000)  family_acc1: 38.2812 (38.2812)  manu_acc1: 56.6406 (56.6406)  time: 7.5078  data: 7.1926  max mem: 11382
Test:  [250/391]  eta: 0:01:15  sploss: 10.2928 (10.2284)  famloss: 3.3010 (3.2634)  manuloss: 2.3348 (2.2201)  acc1: 0.0000 (0.0093)  acc5: 0.0000 (0.1961)  family_acc1: 33.9844 (34.8668)  manu_acc1: 50.3906 (54.1117)  time: 0.4989  data: 0.2238  max mem: 11382
Test:  [390/391]  eta: 0:00:00  sploss: 10.1685 (10.2252)  famloss: 2.9783 (3.1995)  manuloss: 1.7555 (2.1338)  acc1: 0.0000 (0.0090)  acc5: 0.0000 (0.1740)  family_acc1: 39.0625 (35.7580)  manu_acc1: 64.8438 (55.7650)  time: 0.4203  data: 0.2029  max mem: 11382
Test: Total time: 0:03:24 (0.5234 s / it)
* Acc@1 0.009 Acc@5 0.174 family@1 35.758 manu@1 55.765 sploss 10.225 fmloss 3.199 mfloss 2.134
FPA: 0.000% | TICE: 99.781%   
 wAP: 4.813  |  LCA: 297.920   |   Precision and Recall: 0.738%
Accuracy of the network on the 100000 test images: 0.0%
Max accuracy: 0.02%
Epoch: [65]  [ 0/39]  eta: 0:04:46  lr: 0.000079  sp_loss: 8.9196 (8.9196)  fam_loss: 3.5632 (3.5632)  manu_loss: 2.8549 (2.8549)  ot_loss: 2.0547 (2.0547)  base_loss: 15.3376 (15.3376)  time: 7.3374  data: 7.0169  max mem: 11382
Epoch: [65]  [38/39]  eta: 0:00:00  lr: 0.000079  sp_loss: 9.7618 (9.5463)  fam_loss: 4.2530 (4.1216)  manu_loss: 3.2122 (3.1172)  ot_loss: 2.1191 (2.1279)  base_loss: 17.2971 (16.7851)  time: 0.4279  data: 0.1972  max mem: 11382
Epoch: [65] Total time: 0:00:23 (0.6058 s / it)
Averaged stats: lr: 0.000079  sp_loss: 9.7618 (9.5463)  fam_loss: 4.2530 (4.1216)  manu_loss: 3.2122 (3.1172)  ot_loss: 2.1191 (2.1279)  base_loss: 17.2971 (16.7851)
Test:  [  0/391]  eta: 0:48:34  sploss: 9.9789 (9.9789)  famloss: 3.0149 (3.0149)  manuloss: 1.9703 (1.9703)  acc1: 0.0000 (0.0000)  acc5: 0.0000 (0.0000)  family_acc1: 36.7188 (36.7188)  manu_acc1: 58.9844 (58.9844)  time: 7.4533  data: 7.1029  max mem: 11382
Test:  [250/391]  eta: 0:01:15  sploss: 10.2003 (10.1606)  famloss: 3.2542 (3.2435)  manuloss: 2.3069 (2.2056)  acc1: 0.0000 (0.0109)  acc5: 0.0000 (0.2568)  family_acc1: 33.9844 (34.9944)  manu_acc1: 51.5625 (54.4883)  time: 0.5762  data: 0.2998  max mem: 11382
Test:  [390/391]  eta: 0:00:00  sploss: 10.1024 (10.1598)  famloss: 3.0046 (3.1806)  manuloss: 1.7912 (2.1212)  acc1: 0.0000 (0.0100)  acc5: 0.0000 (0.2270)  family_acc1: 39.4531 (35.8920)  manu_acc1: 64.8438 (56.1250)  time: 0.4027  data: 0.1861  max mem: 11382
Test: Total time: 0:03:23 (0.5217 s / it)
* Acc@1 0.010 Acc@5 0.227 family@1 35.892 manu@1 56.125 sploss 10.160 fmloss 3.181 mfloss 2.121
FPA: 0.002% | TICE: 99.765%   
 wAP: 4.836  |  LCA: 297.774   |   Precision and Recall: 0.784%
Accuracy of the network on the 100000 test images: 0.0%
Max accuracy: 0.02%
Epoch: [66]  [ 0/39]  eta: 0:04:17  lr: 0.000076  sp_loss: 8.7472 (8.7472)  fam_loss: 3.4982 (3.4982)  manu_loss: 2.5178 (2.5178)  ot_loss: 2.0898 (2.0898)  base_loss: 14.7632 (14.7632)  time: 6.6054  data: 6.3099  max mem: 11382
Epoch: [66]  [38/39]  eta: 0:00:00  lr: 0.000076  sp_loss: 9.0833 (9.1561)  fam_loss: 3.9586 (3.8917)  manu_loss: 2.9389 (2.9075)  ot_loss: 2.1016 (2.1013)  base_loss: 16.0413 (15.9553)  time: 0.4505  data: 0.2125  max mem: 11382
Epoch: [66] Total time: 0:00:23 (0.6080 s / it)
Averaged stats: lr: 0.000076  sp_loss: 9.0833 (9.1561)  fam_loss: 3.9586 (3.8917)  manu_loss: 2.9389 (2.9075)  ot_loss: 2.1016 (2.1013)  base_loss: 16.0413 (15.9553)
Test:  [  0/391]  eta: 0:50:15  sploss: 9.9239 (9.9239)  famloss: 2.9910 (2.9910)  manuloss: 1.9628 (1.9628)  acc1: 0.0000 (0.0000)  acc5: 0.3906 (0.3906)  family_acc1: 38.2812 (38.2812)  manu_acc1: 57.8125 (57.8125)  time: 7.7131  data: 7.3947  max mem: 11382
Test:  [250/391]  eta: 0:01:16  sploss: 10.1604 (10.1133)  famloss: 3.2408 (3.2570)  manuloss: 2.3065 (2.2205)  acc1: 0.0000 (0.0109)  acc5: 0.0000 (0.2801)  family_acc1: 33.9844 (34.9742)  manu_acc1: 51.1719 (54.2984)  time: 0.4279  data: 0.1598  max mem: 11382
Test:  [390/391]  eta: 0:00:00  sploss: 10.0587 (10.1104)  famloss: 2.9977 (3.1926)  manuloss: 1.7646 (2.1362)  acc1: 0.0000 (0.0100)  acc5: 0.0000 (0.2560)  family_acc1: 39.4531 (35.8580)  manu_acc1: 64.8438 (55.9470)  time: 0.4533  data: 0.2288  max mem: 11382
Test: Total time: 0:03:23 (0.5212 s / it)
* Acc@1 0.010 Acc@5 0.256 family@1 35.858 manu@1 55.947 sploss 10.110 fmloss 3.193 mfloss 2.136
FPA: 0.000% | TICE: 99.886%   
 wAP: 4.828  |  LCA: 297.930   |   Precision and Recall: 0.736%
Accuracy of the network on the 100000 test images: 0.0%
Max accuracy: 0.02%
Epoch: [67]  [ 0/39]  eta: 0:04:45  lr: 0.000072  sp_loss: 9.7283 (9.7283)  fam_loss: 4.1478 (4.1478)  manu_loss: 3.1150 (3.1150)  ot_loss: 2.1328 (2.1328)  base_loss: 16.9910 (16.9910)  time: 7.3333  data: 7.0498  max mem: 11382
Epoch: [67]  [38/39]  eta: 0:00:00  lr: 0.000072  sp_loss: 9.8455 (9.3583)  fam_loss: 4.3403 (3.9949)  manu_loss: 3.1181 (3.0442)  ot_loss: 2.1445 (2.1157)  base_loss: 17.4736 (16.3973)  time: 0.4494  data: 0.2174  max mem: 11382
Epoch: [67] Total time: 0:00:23 (0.6064 s / it)
Averaged stats: lr: 0.000072  sp_loss: 9.8455 (9.3583)  fam_loss: 4.3403 (3.9949)  manu_loss: 3.1181 (3.0442)  ot_loss: 2.1445 (2.1157)  base_loss: 17.4736 (16.3973)
Test:  [  0/391]  eta: 0:50:55  sploss: 10.1204 (10.1204)  famloss: 2.9898 (2.9898)  manuloss: 2.0070 (2.0070)  acc1: 0.0000 (0.0000)  acc5: 0.0000 (0.0000)  family_acc1: 35.9375 (35.9375)  manu_acc1: 56.2500 (56.2500)  time: 7.8151  data: 7.4277  max mem: 11382
Test:  [250/391]  eta: 0:01:16  sploss: 10.3189 (10.2785)  famloss: 3.2662 (3.2283)  manuloss: 2.2905 (2.2071)  acc1: 0.0000 (0.0093)  acc5: 0.0000 (0.2101)  family_acc1: 33.2031 (35.1718)  manu_acc1: 51.5625 (54.4961)  time: 0.4223  data: 0.1704  max mem: 11382
Test:  [390/391]  eta: 0:00:00  sploss: 10.2194 (10.2758)  famloss: 2.9580 (3.1650)  manuloss: 1.7123 (2.1204)  acc1: 0.0000 (0.0090)  acc5: 0.0000 (0.1920)  family_acc1: 37.8906 (36.0530)  manu_acc1: 64.4531 (56.1260)  time: 0.2958  data: 0.0863  max mem: 11382
Test: Total time: 0:03:24 (0.5226 s / it)
* Acc@1 0.009 Acc@5 0.192 family@1 36.053 manu@1 56.126 sploss 10.276 fmloss 3.165 mfloss 2.120
FPA: 0.001% | TICE: 99.802%   
 wAP: 4.850  |  LCA: 297.966   |   Precision and Recall: 0.721%
Accuracy of the network on the 100000 test images: 0.0%
Max accuracy: 0.02%
Epoch: [68]  [ 0/39]  eta: 0:04:50  lr: 0.000069  sp_loss: 7.9331 (7.9331)  fam_loss: 3.0819 (3.0819)  manu_loss: 2.2011 (2.2011)  ot_loss: 1.9775 (1.9775)  base_loss: 13.2161 (13.2161)  time: 7.4524  data: 7.1869  max mem: 11382
Epoch: [68]  [38/39]  eta: 0:00:00  lr: 0.000069  sp_loss: 9.7865 (9.4575)  fam_loss: 4.2097 (4.0831)  manu_loss: 3.1810 (3.0882)  ot_loss: 2.1328 (2.1294)  base_loss: 17.3375 (16.6288)  time: 0.4468  data: 0.2163  max mem: 11382
Epoch: [68] Total time: 0:00:23 (0.6134 s / it)
Averaged stats: lr: 0.000069  sp_loss: 9.7865 (9.4575)  fam_loss: 4.2097 (4.0831)  manu_loss: 3.1810 (3.0882)  ot_loss: 2.1328 (2.1294)  base_loss: 17.3375 (16.6288)
Test:  [  0/391]  eta: 0:51:58  sploss: 9.9681 (9.9681)  famloss: 3.0035 (3.0035)  manuloss: 1.9824 (1.9824)  acc1: 0.0000 (0.0000)  acc5: 0.3906 (0.3906)  family_acc1: 37.1094 (37.1094)  manu_acc1: 55.8594 (55.8594)  time: 7.9747  data: 7.6875  max mem: 11382
Test:  [250/391]  eta: 0:01:16  sploss: 10.1864 (10.1491)  famloss: 3.2454 (3.2313)  manuloss: 2.2897 (2.2064)  acc1: 0.0000 (0.0171)  acc5: 0.0000 (0.2770)  family_acc1: 33.9844 (35.1407)  manu_acc1: 50.0000 (54.3871)  time: 0.5128  data: 0.2234  max mem: 11382
Test:  [390/391]  eta: 0:00:00  sploss: 10.1028 (10.1489)  famloss: 2.9595 (3.1683)  manuloss: 1.6983 (2.1188)  acc1: 0.0000 (0.0180)  acc5: 0.0000 (0.2580)  family_acc1: 39.0625 (36.1070)  manu_acc1: 64.4531 (56.1250)  time: 0.3611  data: 0.1284  max mem: 11382
Test: Total time: 0:03:24 (0.5237 s / it)
* Acc@1 0.018 Acc@5 0.258 family@1 36.107 manu@1 56.125 sploss 10.149 fmloss 3.168 mfloss 2.119
FPA: 0.008% | TICE: 99.851%   
 wAP: 4.864  |  LCA: 297.785   |   Precision and Recall: 0.778%
Accuracy of the network on the 100000 test images: 0.0%
Max accuracy: 0.02%
Epoch: [69]  [ 0/39]  eta: 0:04:23  lr: 0.000066  sp_loss: 8.6083 (8.6083)  fam_loss: 3.4784 (3.4784)  manu_loss: 2.5005 (2.5005)  ot_loss: 1.9717 (1.9717)  base_loss: 14.5871 (14.5871)  time: 6.7649  data: 6.4797  max mem: 11382
Epoch: [69]  [38/39]  eta: 0:00:00  lr: 0.000066  sp_loss: 9.4772 (9.3642)  fam_loss: 4.1298 (4.0713)  manu_loss: 3.1712 (3.0901)  ot_loss: 2.1230 (2.1172)  base_loss: 16.9546 (16.5256)  time: 0.4692  data: 0.2363  max mem: 11382
Epoch: [69] Total time: 0:00:24 (0.6360 s / it)
Averaged stats: lr: 0.000066  sp_loss: 9.4772 (9.3642)  fam_loss: 4.1298 (4.0713)  manu_loss: 3.1712 (3.0901)  ot_loss: 2.1230 (2.1172)  base_loss: 16.9546 (16.5256)
Test:  [  0/391]  eta: 0:40:58  sploss: 10.0286 (10.0286)  famloss: 3.0261 (3.0261)  manuloss: 1.9940 (1.9940)  acc1: 0.0000 (0.0000)  acc5: 0.3906 (0.3906)  family_acc1: 38.6719 (38.6719)  manu_acc1: 57.8125 (57.8125)  time: 6.2884  data: 5.9797  max mem: 11382
Test:  [250/391]  eta: 0:01:13  sploss: 10.2496 (10.2081)  famloss: 3.2523 (3.2582)  manuloss: 2.3093 (2.2274)  acc1: 0.0000 (0.0109)  acc5: 0.0000 (0.2677)  family_acc1: 34.3750 (35.1329)  manu_acc1: 50.7812 (54.3498)  time: 0.3500  data: 0.0755  max mem: 11382
Test:  [390/391]  eta: 0:00:00  sploss: 10.1759 (10.2093)  famloss: 2.9756 (3.1949)  manuloss: 1.7539 (2.1387)  acc1: 0.0000 (0.0120)  acc5: 0.0000 (0.2480)  family_acc1: 38.6719 (36.0300)  manu_acc1: 65.6250 (56.0040)  time: 0.3960  data: 0.1869  max mem: 11382
Test: Total time: 0:03:17 (0.5063 s / it)
* Acc@1 0.012 Acc@5 0.248 family@1 36.030 manu@1 56.004 sploss 10.209 fmloss 3.195 mfloss 2.139
FPA: 0.005% | TICE: 99.794%   
 wAP: 4.848  |  LCA: 297.755   |   Precision and Recall: 0.784%
Accuracy of the network on the 100000 test images: 0.0%
Max accuracy: 0.02%
Epoch: [70]  [ 0/39]  eta: 0:04:44  lr: 0.000063  sp_loss: 8.6865 (8.6865)  fam_loss: 3.7193 (3.7193)  manu_loss: 2.8301 (2.8301)  ot_loss: 1.9707 (1.9707)  base_loss: 15.2358 (15.2358)  time: 7.2921  data: 7.0040  max mem: 11382
Epoch: [70]  [38/39]  eta: 0:00:00  lr: 0.000063  sp_loss: 9.2337 (9.0125)  fam_loss: 4.0276 (3.8388)  manu_loss: 3.0102 (2.8954)  ot_loss: 2.0977 (2.0795)  base_loss: 16.2747 (15.7468)  time: 0.4414  data: 0.2101  max mem: 11382
Epoch: [70] Total time: 0:00:23 (0.6139 s / it)
Averaged stats: lr: 0.000063  sp_loss: 9.2337 (9.0125)  fam_loss: 4.0276 (3.8388)  manu_loss: 3.0102 (2.8954)  ot_loss: 2.0977 (2.0795)  base_loss: 16.2747 (15.7468)
Test:  [  0/391]  eta: 0:46:51  sploss: 9.9591 (9.9591)  famloss: 2.9579 (2.9579)  manuloss: 1.9430 (1.9430)  acc1: 0.0000 (0.0000)  acc5: 0.3906 (0.3906)  family_acc1: 37.1094 (37.1094)  manu_acc1: 56.2500 (56.2500)  time: 7.1899  data: 6.8473  max mem: 11382
Test:  [250/391]  eta: 0:01:16  sploss: 10.1723 (10.1346)  famloss: 3.2415 (3.2198)  manuloss: 2.3141 (2.2070)  acc1: 0.0000 (0.0125)  acc5: 0.0000 (0.3066)  family_acc1: 33.5938 (35.5500)  manu_acc1: 51.1719 (54.3700)  time: 0.4403  data: 0.1505  max mem: 11382
Test:  [390/391]  eta: 0:00:00  sploss: 10.0788 (10.1301)  famloss: 2.9331 (3.1532)  manuloss: 1.7467 (2.1165)  acc1: 0.0000 (0.0120)  acc5: 0.0000 (0.2730)  family_acc1: 39.8438 (36.4960)  manu_acc1: 64.4531 (56.0840)  time: 0.4139  data: 0.1944  max mem: 11382
Test: Total time: 0:03:24 (0.5239 s / it)
* Acc@1 0.012 Acc@5 0.273 family@1 36.496 manu@1 56.084 sploss 10.130 fmloss 3.153 mfloss 2.117
FPA: 0.003% | TICE: 99.766%   
 wAP: 4.895  |  LCA: 297.870   |   Precision and Recall: 0.753%
Accuracy of the network on the 100000 test images: 0.0%
Max accuracy: 0.02%
Epoch: [71]  [ 0/39]  eta: 0:04:20  lr: 0.000059  sp_loss: 10.1300 (10.1300)  fam_loss: 4.3835 (4.3835)  manu_loss: 3.4325 (3.4325)  ot_loss: 2.1543 (2.1543)  base_loss: 17.9461 (17.9461)  time: 6.6776  data: 6.4130  max mem: 11382
Epoch: [71]  [38/39]  eta: 0:00:00  lr: 0.000059  sp_loss: 9.2911 (8.9708)  fam_loss: 4.0204 (3.8137)  manu_loss: 2.9889 (2.8951)  ot_loss: 2.0762 (2.0855)  base_loss: 16.2325 (15.6796)  time: 0.3955  data: 0.1703  max mem: 11382
Epoch: [71] Total time: 0:00:20 (0.5299 s / it)
Averaged stats: lr: 0.000059  sp_loss: 9.2911 (8.9708)  fam_loss: 4.0204 (3.8137)  manu_loss: 2.9889 (2.8951)  ot_loss: 2.0762 (2.0855)  base_loss: 16.2325 (15.6796)
Test:  [  0/391]  eta: 0:38:39  sploss: 9.8831 (9.8831)  famloss: 2.9718 (2.9718)  manuloss: 1.9258 (1.9258)  acc1: 0.0000 (0.0000)  acc5: 0.3906 (0.3906)  family_acc1: 37.8906 (37.8906)  manu_acc1: 58.9844 (58.9844)  time: 5.9323  data: 5.6352  max mem: 11382
Test:  [250/391]  eta: 0:01:08  sploss: 10.0855 (10.0688)  famloss: 3.2141 (3.2000)  manuloss: 2.3011 (2.1980)  acc1: 0.0000 (0.0109)  acc5: 0.0000 (0.3081)  family_acc1: 35.5469 (35.7834)  manu_acc1: 51.9531 (54.9521)  time: 0.4851  data: 0.2440  max mem: 11382
Test:  [390/391]  eta: 0:00:00  sploss: 9.9988 (10.0677)  famloss: 2.9279 (3.1362)  manuloss: 1.7733 (2.1111)  acc1: 0.0000 (0.0100)  acc5: 0.0000 (0.2740)  family_acc1: 39.8438 (36.7140)  manu_acc1: 64.4531 (56.7060)  time: 0.3294  data: 0.1072  max mem: 11382
Test: Total time: 0:03:06 (0.4773 s / it)
* Acc@1 0.010 Acc@5 0.274 family@1 36.714 manu@1 56.706 sploss 10.068 fmloss 3.136 mfloss 2.111
FPA: 0.003% | TICE: 99.856%   
 wAP: 4.929  |  LCA: 297.868   |   Precision and Recall: 0.753%
Accuracy of the network on the 100000 test images: 0.0%
Max accuracy: 0.02%
Epoch: [72]  [ 0/39]  eta: 0:04:16  lr: 0.000056  sp_loss: 9.3229 (9.3229)  fam_loss: 4.1008 (4.1008)  manu_loss: 3.1665 (3.1665)  ot_loss: 2.0762 (2.0762)  base_loss: 16.5903 (16.5903)  time: 6.5664  data: 6.2343  max mem: 11382
Epoch: [72]  [38/39]  eta: 0:00:00  lr: 0.000056  sp_loss: 8.6607 (8.8953)  fam_loss: 3.7908 (3.7976)  manu_loss: 2.9494 (2.9018)  ot_loss: 2.0703 (2.0841)  base_loss: 15.4155 (15.5947)  time: 0.4366  data: 0.2026  max mem: 11382
Epoch: [72] Total time: 0:00:23 (0.6021 s / it)
Averaged stats: lr: 0.000056  sp_loss: 8.6607 (8.8953)  fam_loss: 3.7908 (3.7976)  manu_loss: 2.9494 (2.9018)  ot_loss: 2.0703 (2.0841)  base_loss: 15.4155 (15.5947)
Test:  [  0/391]  eta: 0:38:50  sploss: 9.8443 (9.8443)  famloss: 2.9485 (2.9485)  manuloss: 1.9803 (1.9803)  acc1: 0.0000 (0.0000)  acc5: 0.3906 (0.3906)  family_acc1: 37.5000 (37.5000)  manu_acc1: 58.2031 (58.2031)  time: 5.9603  data: 5.6509  max mem: 11382
Test:  [250/391]  eta: 0:01:15  sploss: 10.0464 (10.0256)  famloss: 3.1949 (3.1937)  manuloss: 2.2660 (2.1936)  acc1: 0.0000 (0.0125)  acc5: 0.0000 (0.3035)  family_acc1: 34.3750 (35.8861)  manu_acc1: 51.5625 (54.7918)  time: 0.3563  data: 0.1032  max mem: 11382
Test:  [390/391]  eta: 0:00:00  sploss: 9.9849 (10.0236)  famloss: 2.9388 (3.1300)  manuloss: 1.7562 (2.1058)  acc1: 0.0000 (0.0120)  acc5: 0.0000 (0.2760)  family_acc1: 39.8438 (36.7810)  manu_acc1: 66.0156 (56.5530)  time: 0.4062  data: 0.1910  max mem: 11382
Test: Total time: 0:03:24 (0.5226 s / it)
* Acc@1 0.012 Acc@5 0.276 family@1 36.781 manu@1 56.553 sploss 10.024 fmloss 3.130 mfloss 2.106
FPA: 0.002% | TICE: 99.827%   
 wAP: 4.934  |  LCA: 297.910   |   Precision and Recall: 0.741%
Accuracy of the network on the 100000 test images: 0.0%
Max accuracy: 0.02%
Epoch: [73]  [ 0/39]  eta: 0:04:31  lr: 0.000054  sp_loss: 8.4161 (8.4161)  fam_loss: 3.4389 (3.4389)  manu_loss: 2.4140 (2.4140)  ot_loss: 1.9707 (1.9707)  base_loss: 14.2690 (14.2690)  time: 6.9523  data: 6.6363  max mem: 11382
Epoch: [73]  [38/39]  eta: 0:00:00  lr: 0.000054  sp_loss: 8.6714 (8.6510)  fam_loss: 3.6834 (3.6167)  manu_loss: 2.7944 (2.7611)  ot_loss: 2.0312 (2.0534)  base_loss: 14.9943 (15.0289)  time: 0.4451  data: 0.2144  max mem: 11382
Epoch: [73] Total time: 0:00:23 (0.6141 s / it)
Averaged stats: lr: 0.000054  sp_loss: 8.6714 (8.6510)  fam_loss: 3.6834 (3.6167)  manu_loss: 2.7944 (2.7611)  ot_loss: 2.0312 (2.0534)  base_loss: 14.9943 (15.0289)
Test:  [  0/391]  eta: 0:43:09  sploss: 9.8335 (9.8335)  famloss: 2.9687 (2.9687)  manuloss: 1.9496 (1.9496)  acc1: 0.0000 (0.0000)  acc5: 0.3906 (0.3906)  family_acc1: 39.0625 (39.0625)  manu_acc1: 58.2031 (58.2031)  time: 6.6224  data: 6.3181  max mem: 11382
Test:  [250/391]  eta: 0:01:15  sploss: 10.0461 (10.0354)  famloss: 3.2201 (3.2113)  manuloss: 2.2729 (2.1952)  acc1: 0.0000 (0.0125)  acc5: 0.0000 (0.3657)  family_acc1: 35.1562 (35.7772)  manu_acc1: 51.5625 (54.4385)  time: 0.4103  data: 0.1567  max mem: 11382
Test:  [390/391]  eta: 0:00:00  sploss: 9.9588 (10.0347)  famloss: 2.9567 (3.1474)  manuloss: 1.7629 (2.1079)  acc1: 0.0000 (0.0140)  acc5: 0.0000 (0.3380)  family_acc1: 41.0156 (36.7900)  manu_acc1: 63.6719 (56.2280)  time: 0.4520  data: 0.2073  max mem: 11382
Test: Total time: 0:03:21 (0.5161 s / it)
* Acc@1 0.014 Acc@5 0.338 family@1 36.790 manu@1 56.228 sploss 10.035 fmloss 3.147 mfloss 2.108
FPA: 0.004% | TICE: 99.776%   
 wAP: 4.929  |  LCA: 297.889   |   Precision and Recall: 0.745%
Accuracy of the network on the 100000 test images: 0.0%
Max accuracy: 0.02%
Epoch: [74]  [ 0/39]  eta: 0:04:44  lr: 0.000051  sp_loss: 7.8051 (7.8051)  fam_loss: 2.8882 (2.8882)  manu_loss: 2.0880 (2.0880)  ot_loss: 1.9531 (1.9531)  base_loss: 12.7813 (12.7813)  time: 7.2983  data: 7.0075  max mem: 11382
Epoch: [74]  [38/39]  eta: 0:00:00  lr: 0.000051  sp_loss: 8.7322 (8.8765)  fam_loss: 3.8696 (3.8101)  manu_loss: 2.9238 (2.8830)  ot_loss: 2.0664 (2.0760)  base_loss: 15.4176 (15.5696)  time: 0.4621  data: 0.2278  max mem: 11382
Epoch: [74] Total time: 0:00:23 (0.6114 s / it)
Averaged stats: lr: 0.000051  sp_loss: 8.7322 (8.8765)  fam_loss: 3.8696 (3.8101)  manu_loss: 2.9238 (2.8830)  ot_loss: 2.0664 (2.0760)  base_loss: 15.4176 (15.5696)
Test:  [  0/391]  eta: 0:46:14  sploss: 9.8230 (9.8230)  famloss: 2.9529 (2.9529)  manuloss: 1.9339 (1.9339)  acc1: 0.0000 (0.0000)  acc5: 0.0000 (0.0000)  family_acc1: 39.8438 (39.8438)  manu_acc1: 59.3750 (59.3750)  time: 7.0971  data: 6.7304  max mem: 11382
Test:  [250/391]  eta: 0:01:14  sploss: 10.0321 (10.0139)  famloss: 3.2048 (3.1912)  manuloss: 2.2292 (2.1894)  acc1: 0.0000 (0.0156)  acc5: 0.0000 (0.3797)  family_acc1: 34.7656 (35.9935)  manu_acc1: 52.3438 (54.9132)  time: 0.3450  data: 0.1005  max mem: 11382
Test:  [390/391]  eta: 0:00:00  sploss: 9.9447 (10.0110)  famloss: 2.9211 (3.1261)  manuloss: 1.7507 (2.1005)  acc1: 0.0000 (0.0140)  acc5: 0.0000 (0.3470)  family_acc1: 40.2344 (37.0020)  manu_acc1: 64.4531 (56.6580)  time: 0.4480  data: 0.2246  max mem: 11382
Test: Total time: 0:03:24 (0.5218 s / it)
* Acc@1 0.014 Acc@5 0.347 family@1 37.002 manu@1 56.658 sploss 10.011 fmloss 3.126 mfloss 2.100
FPA: 0.005% | TICE: 99.732%   
 wAP: 4.960  |  LCA: 297.879   |   Precision and Recall: 0.750%
Accuracy of the network on the 100000 test images: 0.0%
Max accuracy: 0.02%
Epoch: [75]  [ 0/39]  eta: 0:04:41  lr: 0.000048  sp_loss: 9.3760 (9.3760)  fam_loss: 4.2424 (4.2424)  manu_loss: 3.1443 (3.1443)  ot_loss: 2.1074 (2.1074)  base_loss: 16.7627 (16.7627)  time: 7.2151  data: 6.9313  max mem: 11382
Epoch: [75]  [38/39]  eta: 0:00:00  lr: 0.000048  sp_loss: 8.6652 (8.9642)  fam_loss: 3.6525 (3.8472)  manu_loss: 2.8045 (2.9388)  ot_loss: 2.0527 (2.0722)  base_loss: 14.9681 (15.7502)  time: 0.4433  data: 0.2121  max mem: 11382
Epoch: [75] Total time: 0:00:23 (0.6097 s / it)
Averaged stats: lr: 0.000048  sp_loss: 8.6652 (8.9642)  fam_loss: 3.6525 (3.8472)  manu_loss: 2.8045 (2.9388)  ot_loss: 2.0527 (2.0722)  base_loss: 14.9681 (15.7502)
Test:  [  0/391]  eta: 0:45:26  sploss: 9.7794 (9.7794)  famloss: 2.9245 (2.9245)  manuloss: 1.9217 (1.9217)  acc1: 0.0000 (0.0000)  acc5: 0.0000 (0.0000)  family_acc1: 38.2812 (38.2812)  manu_acc1: 60.1562 (60.1562)  time: 6.9743  data: 6.5519  max mem: 11382
Test:  [250/391]  eta: 0:01:16  sploss: 10.0002 (9.9743)  famloss: 3.1972 (3.1790)  manuloss: 2.2878 (2.2005)  acc1: 0.0000 (0.0125)  acc5: 0.0000 (0.4202)  family_acc1: 34.7656 (36.1118)  manu_acc1: 51.1719 (54.8743)  time: 0.4362  data: 0.1821  max mem: 11382
Test:  [390/391]  eta: 0:00:00  sploss: 9.9071 (9.9709)  famloss: 2.9375 (3.1153)  manuloss: 1.7459 (2.1132)  acc1: 0.0000 (0.0160)  acc5: 0.0000 (0.3790)  family_acc1: 40.6250 (37.0010)  manu_acc1: 64.4531 (56.5970)  time: 0.4274  data: 0.2107  max mem: 11382
Test: Total time: 0:03:23 (0.5206 s / it)
* Acc@1 0.016 Acc@5 0.379 family@1 37.001 manu@1 56.597 sploss 9.971 fmloss 3.115 mfloss 2.113
FPA: 0.008% | TICE: 99.845%   
 wAP: 4.960  |  LCA: 297.833   |   Precision and Recall: 0.761%
Accuracy of the network on the 100000 test images: 0.0%
Max accuracy: 0.02%
Epoch: [76]  [ 0/39]  eta: 0:04:22  lr: 0.000045  sp_loss: 7.7341 (7.7341)  fam_loss: 3.3618 (3.3618)  manu_loss: 2.6816 (2.6816)  ot_loss: 1.9824 (1.9824)  base_loss: 13.7774 (13.7774)  time: 6.7273  data: 6.4269  max mem: 11382
Epoch: [76]  [38/39]  eta: 0:00:00  lr: 0.000045  sp_loss: 9.0766 (8.9172)  fam_loss: 4.1664 (3.8372)  manu_loss: 3.1397 (2.9368)  ot_loss: 2.1328 (2.0766)  base_loss: 16.5748 (15.6913)  time: 0.4735  data: 0.2417  max mem: 11382
Epoch: [76] Total time: 0:00:24 (0.6156 s / it)
Averaged stats: lr: 0.000045  sp_loss: 9.0766 (8.9172)  fam_loss: 4.1664 (3.8372)  manu_loss: 3.1397 (2.9368)  ot_loss: 2.1328 (2.0766)  base_loss: 16.5748 (15.6913)
Test:  [  0/391]  eta: 0:49:35  sploss: 9.7592 (9.7592)  famloss: 2.9572 (2.9572)  manuloss: 1.9745 (1.9745)  acc1: 0.0000 (0.0000)  acc5: 0.3906 (0.3906)  family_acc1: 38.2812 (38.2812)  manu_acc1: 56.2500 (56.2500)  time: 7.6096  data: 7.2647  max mem: 11382
Test:  [250/391]  eta: 0:01:15  sploss: 9.9817 (9.9573)  famloss: 3.2135 (3.1957)  manuloss: 2.2534 (2.1945)  acc1: 0.0000 (0.0109)  acc5: 0.3906 (0.3860)  family_acc1: 33.9844 (35.8690)  manu_acc1: 51.9531 (54.8276)  time: 0.3866  data: 0.1476  max mem: 11382
Test:  [390/391]  eta: 0:00:00  sploss: 9.9077 (9.9540)  famloss: 2.9692 (3.1321)  manuloss: 1.7795 (2.1060)  acc1: 0.0000 (0.0150)  acc5: 0.0000 (0.3500)  family_acc1: 40.6250 (36.8520)  manu_acc1: 65.2344 (56.6230)  time: 0.4262  data: 0.2098  max mem: 11382
Test: Total time: 0:03:24 (0.5242 s / it)
* Acc@1 0.015 Acc@5 0.350 family@1 36.852 manu@1 56.623 sploss 9.954 fmloss 3.132 mfloss 2.106
FPA: 0.006% | TICE: 99.850%   
 wAP: 4.945  |  LCA: 297.922   |   Precision and Recall: 0.734%
Accuracy of the network on the 100000 test images: 0.0%
Max accuracy: 0.02%
Epoch: [77]  [ 0/39]  eta: 0:04:53  lr: 0.000043  sp_loss: 7.5172 (7.5172)  fam_loss: 3.2276 (3.2276)  manu_loss: 2.6033 (2.6033)  ot_loss: 1.9941 (1.9941)  base_loss: 13.3481 (13.3481)  time: 7.5247  data: 7.2229  max mem: 11382
Epoch: [77]  [38/39]  eta: 0:00:00  lr: 0.000043  sp_loss: 8.9122 (8.7590)  fam_loss: 3.9129 (3.7743)  manu_loss: 2.9885 (2.8905)  ot_loss: 2.0586 (2.0688)  base_loss: 15.9839 (15.4237)  time: 0.4601  data: 0.2288  max mem: 11382
Epoch: [77] Total time: 0:00:24 (0.6278 s / it)
Averaged stats: lr: 0.000043  sp_loss: 8.9122 (8.7590)  fam_loss: 3.9129 (3.7743)  manu_loss: 2.9885 (2.8905)  ot_loss: 2.0586 (2.0688)  base_loss: 15.9839 (15.4237)
Test:  [  0/391]  eta: 0:37:46  sploss: 9.7419 (9.7419)  famloss: 2.9706 (2.9706)  manuloss: 1.9876 (1.9876)  acc1: 0.0000 (0.0000)  acc5: 0.3906 (0.3906)  family_acc1: 40.2344 (40.2344)  manu_acc1: 55.8594 (55.8594)  time: 5.7970  data: 5.4936  max mem: 11382
Test:  [250/391]  eta: 0:01:15  sploss: 9.9992 (9.9589)  famloss: 3.2124 (3.1997)  manuloss: 2.2887 (2.1990)  acc1: 0.0000 (0.0109)  acc5: 0.0000 (0.3860)  family_acc1: 33.9844 (35.6496)  manu_acc1: 50.7812 (54.5054)  time: 0.4007  data: 0.1353  max mem: 11382
Test:  [390/391]  eta: 0:00:00  sploss: 9.8968 (9.9562)  famloss: 2.9499 (3.1368)  manuloss: 1.7635 (2.1085)  acc1: 0.0000 (0.0150)  acc5: 0.0000 (0.3580)  family_acc1: 38.6719 (36.5950)  manu_acc1: 64.4531 (56.3190)  time: 0.4067  data: 0.1938  max mem: 11382
Test: Total time: 0:03:24 (0.5232 s / it)
* Acc@1 0.015 Acc@5 0.358 family@1 36.595 manu@1 56.319 sploss 9.956 fmloss 3.137 mfloss 2.109
FPA: 0.004% | TICE: 99.759%   
 wAP: 4.913  |  LCA: 297.824   |   Precision and Recall: 0.770%
Accuracy of the network on the 100000 test images: 0.0%
Max accuracy: 0.02%
Epoch: [78]  [ 0/39]  eta: 0:04:25  lr: 0.000040  sp_loss: 8.9265 (8.9265)  fam_loss: 3.9670 (3.9670)  manu_loss: 3.0452 (3.0452)  ot_loss: 2.0723 (2.0723)  base_loss: 15.9387 (15.9387)  time: 6.7994  data: 6.5122  max mem: 11382
Epoch: [78]  [38/39]  eta: 0:00:00  lr: 0.000040  sp_loss: 8.6977 (8.6784)  fam_loss: 3.7049 (3.7558)  manu_loss: 2.8713 (2.8383)  ot_loss: 2.0254 (2.0510)  base_loss: 14.9994 (15.2725)  time: 0.4686  data: 0.2387  max mem: 11382
Epoch: [78] Total time: 0:00:23 (0.6123 s / it)
Averaged stats: lr: 0.000040  sp_loss: 8.6977 (8.6784)  fam_loss: 3.7049 (3.7558)  manu_loss: 2.8713 (2.8383)  ot_loss: 2.0254 (2.0510)  base_loss: 14.9994 (15.2725)
Test:  [  0/391]  eta: 0:42:11  sploss: 9.7655 (9.7655)  famloss: 2.9233 (2.9233)  manuloss: 1.9242 (1.9242)  acc1: 0.0000 (0.0000)  acc5: 0.3906 (0.3906)  family_acc1: 39.0625 (39.0625)  manu_acc1: 55.8594 (55.8594)  time: 6.4753  data: 6.1693  max mem: 11382
Test:  [250/391]  eta: 0:01:17  sploss: 10.0241 (9.9835)  famloss: 3.1827 (3.1587)  manuloss: 2.2464 (2.1720)  acc1: 0.0000 (0.0156)  acc5: 0.3906 (0.4000)  family_acc1: 34.3750 (36.0060)  manu_acc1: 51.1719 (55.0781)  time: 0.4281  data: 0.1507  max mem: 11382
Test:  [390/391]  eta: 0:00:00  sploss: 9.8794 (9.9776)  famloss: 2.8962 (3.0945)  manuloss: 1.7008 (2.0837)  acc1: 0.0000 (0.0170)  acc5: 0.0000 (0.3700)  family_acc1: 39.8438 (36.9890)  manu_acc1: 64.8438 (56.8720)  time: 0.4165  data: 0.2066  max mem: 11382
Test: Total time: 0:03:27 (0.5304 s / it)
* Acc@1 0.017 Acc@5 0.370 family@1 36.989 manu@1 56.872 sploss 9.978 fmloss 3.094 mfloss 2.084
FPA: 0.006% | TICE: 99.786%   
 wAP: 4.966  |  LCA: 297.810   |   Precision and Recall: 0.769%
Accuracy of the network on the 100000 test images: 0.0%
Max accuracy: 0.02%
Epoch: [79]  [ 0/39]  eta: 0:04:29  lr: 0.000038  sp_loss: 9.8222 (9.8222)  fam_loss: 4.4006 (4.4006)  manu_loss: 3.3264 (3.3264)  ot_loss: 2.1152 (2.1152)  base_loss: 17.5491 (17.5491)  time: 6.9016  data: 6.6080  max mem: 11382
Epoch: [79]  [38/39]  eta: 0:00:00  lr: 0.000038  sp_loss: 8.7539 (8.8402)  fam_loss: 3.7774 (3.8502)  manu_loss: 2.8869 (2.9070)  ot_loss: 2.0957 (2.0729)  base_loss: 15.4052 (15.5975)  time: 0.4502  data: 0.2197  max mem: 11382
Epoch: [79] Total time: 0:00:24 (0.6193 s / it)
Averaged stats: lr: 0.000038  sp_loss: 8.7539 (8.8402)  fam_loss: 3.7774 (3.8502)  manu_loss: 2.8869 (2.9070)  ot_loss: 2.0957 (2.0729)  base_loss: 15.4052 (15.5975)
Test:  [  0/391]  eta: 0:51:38  sploss: 9.7842 (9.7842)  famloss: 2.9503 (2.9503)  manuloss: 1.9537 (1.9537)  acc1: 0.0000 (0.0000)  acc5: 0.3906 (0.3906)  family_acc1: 38.2812 (38.2812)  manu_acc1: 55.4688 (55.4688)  time: 7.9251  data: 7.5999  max mem: 11382
Test:  [250/391]  eta: 0:01:14  sploss: 10.0328 (9.9933)  famloss: 3.1828 (3.1683)  manuloss: 2.2786 (2.1924)  acc1: 0.0000 (0.0140)  acc5: 0.3906 (0.4326)  family_acc1: 34.3750 (36.1180)  manu_acc1: 51.5625 (54.9334)  time: 0.4371  data: 0.1679  max mem: 11382
Test:  [390/391]  eta: 0:00:00  sploss: 9.9010 (9.9906)  famloss: 2.9108 (3.1023)  manuloss: 1.7326 (2.1005)  acc1: 0.0000 (0.0150)  acc5: 0.0000 (0.3990)  family_acc1: 40.6250 (37.0610)  manu_acc1: 65.2344 (56.7510)  time: 0.4559  data: 0.2431  max mem: 11382
Test: Total time: 0:03:24 (0.5221 s / it)
* Acc@1 0.015 Acc@5 0.399 family@1 37.061 manu@1 56.751 sploss 9.991 fmloss 3.102 mfloss 2.100
FPA: 0.006% | TICE: 99.786%   
 wAP: 4.968  |  LCA: 297.811   |   Precision and Recall: 0.770%
Accuracy of the network on the 100000 test images: 0.0%
Max accuracy: 0.02%
Epoch: [80]  [ 0/39]  eta: 0:04:44  lr: 0.000035  sp_loss: 8.5622 (8.5622)  fam_loss: 3.6831 (3.6831)  manu_loss: 2.8029 (2.8029)  ot_loss: 1.9463 (1.9463)  base_loss: 15.0482 (15.0482)  time: 7.2849  data: 6.9675  max mem: 11382
Epoch: [80]  [38/39]  eta: 0:00:00  lr: 0.000035  sp_loss: 8.9579 (8.5850)  fam_loss: 3.9625 (3.7386)  manu_loss: 3.0261 (2.8381)  ot_loss: 2.0664 (2.0568)  base_loss: 15.9883 (15.1618)  time: 0.4303  data: 0.1965  max mem: 11382
Epoch: [80] Total time: 0:00:23 (0.6058 s / it)
Averaged stats: lr: 0.000035  sp_loss: 8.9579 (8.5850)  fam_loss: 3.9625 (3.7386)  manu_loss: 3.0261 (2.8381)  ot_loss: 2.0664 (2.0568)  base_loss: 15.9883 (15.1618)
Test:  [  0/391]  eta: 0:47:12  sploss: 9.7133 (9.7133)  famloss: 2.9646 (2.9646)  manuloss: 1.9601 (1.9601)  acc1: 0.0000 (0.0000)  acc5: 0.3906 (0.3906)  family_acc1: 36.7188 (36.7188)  manu_acc1: 57.4219 (57.4219)  time: 7.2443  data: 6.9029  max mem: 11382
Test:  [250/391]  eta: 0:01:15  sploss: 9.9786 (9.9370)  famloss: 3.2165 (3.1905)  manuloss: 2.2666 (2.1937)  acc1: 0.0000 (0.0125)  acc5: 0.3906 (0.3782)  family_acc1: 34.7656 (36.0496)  manu_acc1: 52.3438 (54.9381)  time: 0.5342  data: 0.2508  max mem: 11382
Test:  [390/391]  eta: 0:00:00  sploss: 9.8590 (9.9335)  famloss: 2.9332 (3.1257)  manuloss: 1.7013 (2.1059)  acc1: 0.0000 (0.0120)  acc5: 0.0000 (0.3690)  family_acc1: 40.6250 (37.0110)  manu_acc1: 65.2344 (56.6970)  time: 0.4213  data: 0.2006  max mem: 11382
Test: Total time: 0:03:23 (0.5211 s / it)
* Acc@1 0.012 Acc@5 0.369 family@1 37.011 manu@1 56.697 sploss 9.933 fmloss 3.126 mfloss 2.106
FPA: 0.003% | TICE: 99.759%   
 wAP: 4.960  |  LCA: 297.920   |   Precision and Recall: 0.741%
Accuracy of the network on the 100000 test images: 0.0%
Max accuracy: 0.02%
Epoch: [81]  [ 0/39]  eta: 0:04:32  lr: 0.000033  sp_loss: 8.1074 (8.1074)  fam_loss: 3.5878 (3.5878)  manu_loss: 2.7567 (2.7567)  ot_loss: 2.0352 (2.0352)  base_loss: 14.4519 (14.4519)  time: 6.9971  data: 6.7097  max mem: 11382
Epoch: [81]  [38/39]  eta: 0:00:00  lr: 0.000033  sp_loss: 8.7797 (8.6539)  fam_loss: 3.8278 (3.7612)  manu_loss: 2.8290 (2.8615)  ot_loss: 2.0703 (2.0638)  base_loss: 15.5884 (15.2766)  time: 0.4597  data: 0.2304  max mem: 11382
Epoch: [81] Total time: 0:00:24 (0.6218 s / it)
Averaged stats: lr: 0.000033  sp_loss: 8.7797 (8.6539)  fam_loss: 3.8278 (3.7612)  manu_loss: 2.8290 (2.8615)  ot_loss: 2.0703 (2.0638)  base_loss: 15.5884 (15.2766)
Test:  [  0/391]  eta: 0:48:45  sploss: 9.7001 (9.7001)  famloss: 2.9473 (2.9473)  manuloss: 1.9135 (1.9135)  acc1: 0.0000 (0.0000)  acc5: 0.3906 (0.3906)  family_acc1: 39.0625 (39.0625)  manu_acc1: 57.4219 (57.4219)  time: 7.4828  data: 7.1760  max mem: 11382
Test:  [250/391]  eta: 0:01:14  sploss: 9.9627 (9.9243)  famloss: 3.1653 (3.1595)  manuloss: 2.2744 (2.1775)  acc1: 0.0000 (0.0140)  acc5: 0.3906 (0.4435)  family_acc1: 34.7656 (36.1834)  manu_acc1: 51.1719 (55.1030)  time: 0.5855  data: 0.3041  max mem: 11382
Test:  [390/391]  eta: 0:00:00  sploss: 9.8083 (9.9185)  famloss: 2.9083 (3.0934)  manuloss: 1.7395 (2.0873)  acc1: 0.0000 (0.0160)  acc5: 0.0000 (0.4180)  family_acc1: 40.2344 (37.1670)  manu_acc1: 65.0000 (56.9490)  time: 0.3304  data: 0.1179  max mem: 11382
Test: Total time: 0:03:17 (0.5061 s / it)
* Acc@1 0.016 Acc@5 0.418 family@1 37.167 manu@1 56.949 sploss 9.918 fmloss 3.093 mfloss 2.087
FPA: 0.004% | TICE: 99.799%   
 wAP: 4.984  |  LCA: 297.857   |   Precision and Recall: 0.756%
Accuracy of the network on the 100000 test images: 0.0%
Max accuracy: 0.02%
Epoch: [82]  [ 0/39]  eta: 0:04:48  lr: 0.000031  sp_loss: 9.5509 (9.5509)  fam_loss: 4.4349 (4.4349)  manu_loss: 3.2348 (3.2348)  ot_loss: 2.1016 (2.1016)  base_loss: 17.2206 (17.2206)  time: 7.3974  data: 7.0921  max mem: 11382
Epoch: [82]  [38/39]  eta: 0:00:00  lr: 0.000031  sp_loss: 9.5474 (8.9688)  fam_loss: 4.2172 (3.9785)  manu_loss: 3.1002 (3.0248)  ot_loss: 2.1172 (2.0863)  base_loss: 16.8850 (15.9722)  time: 0.4466  data: 0.2176  max mem: 11382
Epoch: [82] Total time: 0:00:23 (0.6141 s / it)
Averaged stats: lr: 0.000031  sp_loss: 9.5474 (8.9688)  fam_loss: 4.2172 (3.9785)  manu_loss: 3.1002 (3.0248)  ot_loss: 2.1172 (2.0863)  base_loss: 16.8850 (15.9722)
Test:  [  0/391]  eta: 0:48:28  sploss: 9.7881 (9.7881)  famloss: 2.9887 (2.9887)  manuloss: 1.9720 (1.9720)  acc1: 0.0000 (0.0000)  acc5: 0.3906 (0.3906)  family_acc1: 37.1094 (37.1094)  manu_acc1: 57.8125 (57.8125)  time: 7.4375  data: 7.0994  max mem: 11382
Test:  [250/391]  eta: 0:01:16  sploss: 10.0408 (10.0021)  famloss: 3.1969 (3.1805)  manuloss: 2.2760 (2.1932)  acc1: 0.0000 (0.0125)  acc5: 0.0000 (0.3299)  family_acc1: 34.7656 (36.1881)  manu_acc1: 51.1719 (54.9163)  time: 0.4707  data: 0.1974  max mem: 11382
Test:  [390/391]  eta: 0:00:00  sploss: 9.9194 (9.9963)  famloss: 2.9264 (3.1143)  manuloss: 1.7272 (2.1027)  acc1: 0.0000 (0.0130)  acc5: 0.0000 (0.3260)  family_acc1: 41.4062 (37.1650)  manu_acc1: 65.2344 (56.7720)  time: 0.4273  data: 0.2064  max mem: 11382
Test: Total time: 0:03:26 (0.5280 s / it)
* Acc@1 0.013 Acc@5 0.326 family@1 37.165 manu@1 56.772 sploss 9.996 fmloss 3.114 mfloss 2.103
FPA: 0.002% | TICE: 99.823%   
 wAP: 4.977  |  LCA: 297.847   |   Precision and Recall: 0.759%
Accuracy of the network on the 100000 test images: 0.0%
Max accuracy: 0.02%
Epoch: [83]  [ 0/39]  eta: 0:04:35  lr: 0.000029  sp_loss: 9.4036 (9.4036)  fam_loss: 4.2255 (4.2255)  manu_loss: 3.0671 (3.0671)  ot_loss: 2.1387 (2.1387)  base_loss: 16.6962 (16.6962)  time: 7.0737  data: 6.7889  max mem: 11382
Epoch: [83]  [38/39]  eta: 0:00:00  lr: 0.000029  sp_loss: 8.4802 (8.6877)  fam_loss: 3.8543 (3.7946)  manu_loss: 2.6602 (2.8764)  ot_loss: 2.0527 (2.0590)  base_loss: 15.3646 (15.3586)  time: 0.4717  data: 0.2400  max mem: 11382
Epoch: [83] Total time: 0:00:24 (0.6210 s / it)
Averaged stats: lr: 0.000029  sp_loss: 8.4802 (8.6877)  fam_loss: 3.8543 (3.7946)  manu_loss: 2.6602 (2.8764)  ot_loss: 2.0527 (2.0590)  base_loss: 15.3646 (15.3586)
Test:  [  0/391]  eta: 0:49:12  sploss: 9.7169 (9.7169)  famloss: 2.9838 (2.9838)  manuloss: 1.9452 (1.9452)  acc1: 0.0000 (0.0000)  acc5: 0.3906 (0.3906)  family_acc1: 38.6719 (38.6719)  manu_acc1: 58.9844 (58.9844)  time: 7.5510  data: 7.2606  max mem: 11382
Test:  [250/391]  eta: 0:01:16  sploss: 9.9625 (9.9254)  famloss: 3.2041 (3.1916)  manuloss: 2.2996 (2.1959)  acc1: 0.0000 (0.0140)  acc5: 0.3906 (0.4373)  family_acc1: 34.7656 (36.1756)  manu_acc1: 51.5625 (54.9676)  time: 0.4696  data: 0.1889  max mem: 11382
Test:  [390/391]  eta: 0:00:00  sploss: 9.8538 (9.9205)  famloss: 2.9315 (3.1258)  manuloss: 1.7315 (2.1070)  acc1: 0.0000 (0.0130)  acc5: 0.3906 (0.4130)  family_acc1: 41.0156 (37.0640)  manu_acc1: 65.2344 (56.7890)  time: 0.4152  data: 0.1843  max mem: 11382
Test: Total time: 0:03:26 (0.5269 s / it)
* Acc@1 0.013 Acc@5 0.413 family@1 37.064 manu@1 56.789 sploss 9.921 fmloss 3.126 mfloss 2.107
FPA: 0.003% | TICE: 99.810%   
 wAP: 4.968  |  LCA: 297.886   |   Precision and Recall: 0.747%
Accuracy of the network on the 100000 test images: 0.0%
Max accuracy: 0.02%
Epoch: [84]  [ 0/39]  eta: 0:04:46  lr: 0.000027  sp_loss: 8.9776 (8.9776)  fam_loss: 3.9664 (3.9664)  manu_loss: 3.2568 (3.2568)  ot_loss: 2.1074 (2.1074)  base_loss: 16.2008 (16.2008)  time: 7.3338  data: 7.0532  max mem: 11382
Epoch: [84]  [38/39]  eta: 0:00:00  lr: 0.000027  sp_loss: 8.8401 (8.7371)  fam_loss: 3.8550 (3.8285)  manu_loss: 2.9099 (2.9079)  ot_loss: 2.0488 (2.0643)  base_loss: 15.3929 (15.4735)  time: 0.4408  data: 0.2089  max mem: 11382
Epoch: [84] Total time: 0:00:23 (0.6074 s / it)
Averaged stats: lr: 0.000027  sp_loss: 8.8401 (8.7371)  fam_loss: 3.8550 (3.8285)  manu_loss: 2.9099 (2.9079)  ot_loss: 2.0488 (2.0643)  base_loss: 15.3929 (15.4735)
Test:  [  0/391]  eta: 0:51:32  sploss: 9.7791 (9.7791)  famloss: 2.9786 (2.9786)  manuloss: 1.9779 (1.9779)  acc1: 0.0000 (0.0000)  acc5: 0.3906 (0.3906)  family_acc1: 37.1094 (37.1094)  manu_acc1: 57.0312 (57.0312)  time: 7.9082  data: 7.5921  max mem: 11382
Test:  [250/391]  eta: 0:01:16  sploss: 10.0442 (9.9982)  famloss: 3.2118 (3.1826)  manuloss: 2.2624 (2.1919)  acc1: 0.0000 (0.0125)  acc5: 0.0000 (0.3517)  family_acc1: 35.1562 (36.1663)  manu_acc1: 51.9531 (55.1030)  time: 0.3829  data: 0.0963  max mem: 11382
Test:  [390/391]  eta: 0:00:00  sploss: 9.9321 (9.9909)  famloss: 2.9177 (3.1172)  manuloss: 1.7576 (2.1026)  acc1: 0.0000 (0.0130)  acc5: 0.3906 (0.3410)  family_acc1: 40.2344 (37.1130)  manu_acc1: 65.2344 (56.8340)  time: 0.3985  data: 0.1840  max mem: 11382
Test: Total time: 0:03:25 (0.5252 s / it)
* Acc@1 0.013 Acc@5 0.341 family@1 37.113 manu@1 56.834 sploss 9.991 fmloss 3.117 mfloss 2.103
FPA: 0.002% | TICE: 99.675%   
 wAP: 4.974  |  LCA: 297.805   |   Precision and Recall: 0.774%
Accuracy of the network on the 100000 test images: 0.0%
Max accuracy: 0.02%
Epoch: [85]  [ 0/39]  eta: 0:04:15  lr: 0.000025  sp_loss: 7.4469 (7.4469)  fam_loss: 2.8868 (2.8868)  manu_loss: 2.2652 (2.2652)  ot_loss: 1.9150 (1.9150)  base_loss: 12.5989 (12.5989)  time: 6.5625  data: 6.2578  max mem: 11382
Epoch: [85]  [38/39]  eta: 0:00:00  lr: 0.000025  sp_loss: 8.7075 (8.4025)  fam_loss: 3.9918 (3.6454)  manu_loss: 2.9029 (2.7458)  ot_loss: 2.0527 (2.0369)  base_loss: 15.6847 (14.7937)  time: 0.4647  data: 0.2331  max mem: 11382
Epoch: [85] Total time: 0:00:23 (0.6055 s / it)
Averaged stats: lr: 0.000025  sp_loss: 8.7075 (8.4025)  fam_loss: 3.9918 (3.6454)  manu_loss: 2.9029 (2.7458)  ot_loss: 2.0527 (2.0369)  base_loss: 15.6847 (14.7937)
Test:  [  0/391]  eta: 0:38:25  sploss: 9.6868 (9.6868)  famloss: 2.9560 (2.9560)  manuloss: 1.9750 (1.9750)  acc1: 0.0000 (0.0000)  acc5: 0.7812 (0.7812)  family_acc1: 36.7188 (36.7188)  manu_acc1: 57.8125 (57.8125)  time: 5.8966  data: 5.5842  max mem: 11382
Test:  [250/391]  eta: 0:01:16  sploss: 9.9297 (9.9039)  famloss: 3.1530 (3.1571)  manuloss: 2.2669 (2.1825)  acc1: 0.0000 (0.0125)  acc5: 0.3906 (0.4949)  family_acc1: 35.5469 (36.4293)  manu_acc1: 51.9531 (55.1871)  time: 0.5793  data: 0.3102  max mem: 11382
Test:  [390/391]  eta: 0:00:00  sploss: 9.8311 (9.8986)  famloss: 2.9129 (3.0916)  manuloss: 1.6982 (2.0921)  acc1: 0.0000 (0.0150)  acc5: 0.3906 (0.4770)  family_acc1: 41.4062 (37.3880)  manu_acc1: 65.2344 (56.9580)  time: 0.3059  data: 0.0959  max mem: 11382
Test: Total time: 0:03:24 (0.5241 s / it)
* Acc@1 0.015 Acc@5 0.477 family@1 37.388 manu@1 56.958 sploss 9.899 fmloss 3.092 mfloss 2.092
FPA: 0.005% | TICE: 99.778%   
 wAP: 5.005  |  LCA: 297.825   |   Precision and Recall: 0.765%
Accuracy of the network on the 100000 test images: 0.0%
Max accuracy: 0.02%
Epoch: [86]  [ 0/39]  eta: 0:04:54  lr: 0.000023  sp_loss: 7.1706 (7.1706)  fam_loss: 2.6027 (2.6027)  manu_loss: 2.2092 (2.2092)  ot_loss: 1.8545 (1.8545)  base_loss: 11.9826 (11.9826)  time: 7.5455  data: 7.2641  max mem: 11382
Epoch: [86]  [38/39]  eta: 0:00:00  lr: 0.000023  sp_loss: 9.2620 (8.6822)  fam_loss: 4.0613 (3.8434)  manu_loss: 3.1130 (2.9447)  ot_loss: 2.0703 (2.0657)  base_loss: 16.3376 (15.4703)  time: 0.4536  data: 0.2235  max mem: 11382
Epoch: [86] Total time: 0:00:23 (0.6115 s / it)
Averaged stats: lr: 0.000023  sp_loss: 9.2620 (8.6822)  fam_loss: 4.0613 (3.8434)  manu_loss: 3.1130 (2.9447)  ot_loss: 2.0703 (2.0657)  base_loss: 16.3376 (15.4703)
Test:  [  0/391]  eta: 0:52:11  sploss: 9.6528 (9.6528)  famloss: 2.9524 (2.9524)  manuloss: 1.9725 (1.9725)  acc1: 0.0000 (0.0000)  acc5: 0.3906 (0.3906)  family_acc1: 36.7188 (36.7188)  manu_acc1: 58.5938 (58.5938)  time: 8.0087  data: 7.7192  max mem: 11382
Test:  [250/391]  eta: 0:01:16  sploss: 9.9018 (9.8706)  famloss: 3.1874 (3.1679)  manuloss: 2.2793 (2.1900)  acc1: 0.0000 (0.0125)  acc5: 0.3906 (0.5027)  family_acc1: 34.7656 (36.2488)  manu_acc1: 51.9531 (55.0065)  time: 0.4132  data: 0.1531  max mem: 11382
Test:  [390/391]  eta: 0:00:00  sploss: 9.7851 (9.8637)  famloss: 2.9048 (3.1017)  manuloss: 1.7238 (2.0996)  acc1: 0.0000 (0.0140)  acc5: 0.3906 (0.4790)  family_acc1: 39.4531 (37.2310)  manu_acc1: 64.8438 (56.8030)  time: 0.4353  data: 0.2194  max mem: 11382
Test: Total time: 0:03:27 (0.5303 s / it)
* Acc@1 0.014 Acc@5 0.479 family@1 37.231 manu@1 56.803 sploss 9.864 fmloss 3.102 mfloss 2.100
FPA: 0.005% | TICE: 99.801%   
 wAP: 4.985  |  LCA: 297.656   |   Precision and Recall: 0.819%
Accuracy of the network on the 100000 test images: 0.0%
Max accuracy: 0.02%
Epoch: [87]  [ 0/39]  eta: 0:04:47  lr: 0.000021  sp_loss: 9.2895 (9.2895)  fam_loss: 4.2675 (4.2675)  manu_loss: 3.1281 (3.1281)  ot_loss: 2.2051 (2.2051)  base_loss: 16.6850 (16.6850)  time: 7.3644  data: 7.0538  max mem: 11382
Epoch: [87]  [38/39]  eta: 0:00:00  lr: 0.000021  sp_loss: 8.6485 (8.5093)  fam_loss: 3.7334 (3.7039)  manu_loss: 2.8912 (2.8223)  ot_loss: 2.0254 (2.0390)  base_loss: 15.5668 (15.0355)  time: 0.4637  data: 0.2344  max mem: 11382
Epoch: [87] Total time: 0:00:24 (0.6221 s / it)
Averaged stats: lr: 0.000021  sp_loss: 8.6485 (8.5093)  fam_loss: 3.7334 (3.7039)  manu_loss: 2.8912 (2.8223)  ot_loss: 2.0254 (2.0390)  base_loss: 15.5668 (15.0355)
Test:  [  0/391]  eta: 0:45:21  sploss: 9.5955 (9.5955)  famloss: 2.9074 (2.9074)  manuloss: 1.9177 (1.9177)  acc1: 0.0000 (0.0000)  acc5: 0.7812 (0.7812)  family_acc1: 38.2812 (38.2812)  manu_acc1: 58.2031 (58.2031)  time: 6.9592  data: 6.6185  max mem: 11382
Test:  [250/391]  eta: 0:01:15  sploss: 9.8757 (9.8322)  famloss: 3.1593 (3.1499)  manuloss: 2.2677 (2.1820)  acc1: 0.0000 (0.0125)  acc5: 0.3906 (0.5463)  family_acc1: 35.1562 (36.4853)  manu_acc1: 51.9531 (55.0844)  time: 0.3862  data: 0.1169  max mem: 11382
Test:  [390/391]  eta: 0:00:00  sploss: 9.7379 (9.8261)  famloss: 2.8995 (3.0831)  manuloss: 1.7221 (2.0915)  acc1: 0.0000 (0.0150)  acc5: 0.3906 (0.5240)  family_acc1: 39.8438 (37.4420)  manu_acc1: 64.8438 (56.8660)  time: 0.4322  data: 0.2135  max mem: 11382
Test: Total time: 0:03:23 (0.5192 s / it)
* Acc@1 0.015 Acc@5 0.524 family@1 37.442 manu@1 56.866 sploss 9.826 fmloss 3.083 mfloss 2.092
FPA: 0.006% | TICE: 99.731%   
 wAP: 5.008  |  LCA: 297.920   |   Precision and Recall: 0.739%
Accuracy of the network on the 100000 test images: 0.0%
Max accuracy: 0.02%
Epoch: [88]  [ 0/39]  eta: 0:04:41  lr: 0.000020  sp_loss: 9.4378 (9.4378)  fam_loss: 4.2937 (4.2937)  manu_loss: 3.2253 (3.2253)  ot_loss: 2.1543 (2.1543)  base_loss: 16.9568 (16.9568)  time: 7.2109  data: 6.8822  max mem: 11382
Epoch: [88]  [38/39]  eta: 0:00:00  lr: 0.000020  sp_loss: 8.2451 (8.3806)  fam_loss: 3.7253 (3.6535)  manu_loss: 2.7148 (2.7873)  ot_loss: 2.0469 (2.0408)  base_loss: 14.6852 (14.8215)  time: 0.4465  data: 0.2147  max mem: 11382
Epoch: [88] Total time: 0:00:24 (0.6158 s / it)
Averaged stats: lr: 0.000020  sp_loss: 8.2451 (8.3806)  fam_loss: 3.7253 (3.6535)  manu_loss: 2.7148 (2.7873)  ot_loss: 2.0469 (2.0408)  base_loss: 14.6852 (14.8215)
Test:  [  0/391]  eta: 0:42:21  sploss: 9.6564 (9.6564)  famloss: 2.9153 (2.9153)  manuloss: 1.9205 (1.9205)  acc1: 0.0000 (0.0000)  acc5: 0.7812 (0.7812)  family_acc1: 38.2812 (38.2812)  manu_acc1: 58.5938 (58.5938)  time: 6.4999  data: 6.2092  max mem: 11382
Test:  [250/391]  eta: 0:01:13  sploss: 9.9168 (9.8838)  famloss: 3.1606 (3.1539)  manuloss: 2.2456 (2.1757)  acc1: 0.0000 (0.0109)  acc5: 0.3906 (0.4856)  family_acc1: 35.5469 (36.5538)  manu_acc1: 51.9531 (55.0626)  time: 0.4345  data: 0.1651  max mem: 11382
Test:  [390/391]  eta: 0:00:00  sploss: 9.8048 (9.8784)  famloss: 2.9162 (3.0876)  manuloss: 1.7149 (2.0861)  acc1: 0.0000 (0.0130)  acc5: 0.3906 (0.4670)  family_acc1: 40.6250 (37.5330)  manu_acc1: 65.2344 (56.8510)  time: 0.4467  data: 0.2288  max mem: 11382
Test: Total time: 0:03:18 (0.5070 s / it)
* Acc@1 0.013 Acc@5 0.467 family@1 37.533 manu@1 56.851 sploss 9.878 fmloss 3.088 mfloss 2.086
FPA: 0.004% | TICE: 99.791%   
 wAP: 5.015  |  LCA: 297.699   |   Precision and Recall: 0.803%
Accuracy of the network on the 100000 test images: 0.0%
Max accuracy: 0.02%
Epoch: [89]  [ 0/39]  eta: 0:04:49  lr: 0.000018  sp_loss: 8.1964 (8.1964)  fam_loss: 3.5123 (3.5123)  manu_loss: 2.5447 (2.5447)  ot_loss: 1.9824 (1.9824)  base_loss: 14.2534 (14.2534)  time: 7.4211  data: 7.1306  max mem: 11382
Epoch: [89]  [38/39]  eta: 0:00:00  lr: 0.000018  sp_loss: 8.6707 (8.5092)  fam_loss: 3.8614 (3.7252)  manu_loss: 2.9398 (2.8235)  ot_loss: 2.0703 (2.0440)  base_loss: 15.4864 (15.0579)  time: 0.4585  data: 0.2254  max mem: 11382
Epoch: [89] Total time: 0:00:23 (0.6061 s / it)
Averaged stats: lr: 0.000018  sp_loss: 8.6707 (8.5092)  fam_loss: 3.8614 (3.7252)  manu_loss: 2.9398 (2.8235)  ot_loss: 2.0703 (2.0440)  base_loss: 15.4864 (15.0579)
Test:  [  0/391]  eta: 0:47:50  sploss: 9.6729 (9.6729)  famloss: 2.9354 (2.9354)  manuloss: 1.9504 (1.9504)  acc1: 0.0000 (0.0000)  acc5: 0.3906 (0.3906)  family_acc1: 39.0625 (39.0625)  manu_acc1: 58.5938 (58.5938)  time: 7.3422  data: 6.9920  max mem: 11382
Test:  [250/391]  eta: 0:01:14  sploss: 9.9240 (9.8968)  famloss: 3.1741 (3.1593)  manuloss: 2.2550 (2.1855)  acc1: 0.0000 (0.0156)  acc5: 0.3906 (0.4949)  family_acc1: 35.9375 (36.5958)  manu_acc1: 51.9531 (55.2602)  time: 0.4233  data: 0.1793  max mem: 11382
Test:  [390/391]  eta: 0:00:00  sploss: 9.8087 (9.8910)  famloss: 2.9008 (3.0926)  manuloss: 1.7228 (2.0967)  acc1: 0.0000 (0.0150)  acc5: 0.3906 (0.4730)  family_acc1: 40.2344 (37.5570)  manu_acc1: 65.2344 (56.9920)  time: 0.3941  data: 0.1766  max mem: 11382
Test: Total time: 0:03:23 (0.5210 s / it)
* Acc@1 0.015 Acc@5 0.473 family@1 37.557 manu@1 56.992 sploss 9.891 fmloss 3.093 mfloss 2.097
FPA: 0.004% | TICE: 99.817%   
 wAP: 5.022  |  LCA: 297.926   |   Precision and Recall: 0.734%
Accuracy of the network on the 100000 test images: 0.0%
Max accuracy: 0.02%
Epoch: [90]  [ 0/39]  eta: 0:04:23  lr: 0.000017  sp_loss: 7.4325 (7.4325)  fam_loss: 2.8587 (2.8587)  manu_loss: 2.2173 (2.2173)  ot_loss: 1.9688 (1.9688)  base_loss: 12.5084 (12.5084)  time: 6.7445  data: 6.4486  max mem: 11382
Epoch: [90]  [38/39]  eta: 0:00:00  lr: 0.000017  sp_loss: 8.2018 (8.2840)  fam_loss: 3.7463 (3.6353)  manu_loss: 2.8199 (2.7692)  ot_loss: 2.0215 (2.0246)  base_loss: 14.8123 (14.6885)  time: 0.4784  data: 0.2459  max mem: 11382
Epoch: [90] Total time: 0:00:23 (0.6046 s / it)
Averaged stats: lr: 0.000017  sp_loss: 8.2018 (8.2840)  fam_loss: 3.7463 (3.6353)  manu_loss: 2.8199 (2.7692)  ot_loss: 2.0215 (2.0246)  base_loss: 14.8123 (14.6885)
Test:  [  0/391]  eta: 0:45:35  sploss: 9.6535 (9.6535)  famloss: 2.9490 (2.9490)  manuloss: 1.9342 (1.9342)  acc1: 0.0000 (0.0000)  acc5: 0.7812 (0.7812)  family_acc1: 38.6719 (38.6719)  manu_acc1: 58.9844 (58.9844)  time: 6.9954  data: 6.7067  max mem: 11382
Test:  [250/391]  eta: 0:01:15  sploss: 9.8854 (9.8598)  famloss: 3.1580 (3.1539)  manuloss: 2.2510 (2.1852)  acc1: 0.0000 (0.0187)  acc5: 0.0000 (0.5322)  family_acc1: 35.5469 (36.5849)  manu_acc1: 51.9531 (55.2244)  time: 0.4492  data: 0.1674  max mem: 11382
Test:  [390/391]  eta: 0:00:00  sploss: 9.7721 (9.8542)  famloss: 2.9168 (3.0873)  manuloss: 1.7154 (2.0962)  acc1: 0.0000 (0.0170)  acc5: 0.3906 (0.5050)  family_acc1: 41.0156 (37.5560)  manu_acc1: 66.2500 (57.0240)  time: 0.4397  data: 0.2132  max mem: 11382
Test: Total time: 0:03:23 (0.5203 s / it)
* Acc@1 0.017 Acc@5 0.505 family@1 37.556 manu@1 57.024 sploss 9.854 fmloss 3.087 mfloss 2.096
FPA: 0.006% | TICE: 99.799%   
 wAP: 5.025  |  LCA: 297.923   |   Precision and Recall: 0.738%
Accuracy of the network on the 100000 test images: 0.0%
Max accuracy: 0.02%
Epoch: [91]  [ 0/39]  eta: 0:04:46  lr: 0.000016  sp_loss: 9.5404 (9.5404)  fam_loss: 4.3073 (4.3073)  manu_loss: 3.2452 (3.2452)  ot_loss: 2.0801 (2.0801)  base_loss: 17.0929 (17.0929)  time: 7.3349  data: 7.0492  max mem: 11382
Epoch: [91]  [38/39]  eta: 0:00:00  lr: 0.000016  sp_loss: 8.8628 (8.7417)  fam_loss: 3.9286 (3.8903)  manu_loss: 3.0027 (2.9910)  ot_loss: 2.0762 (2.0685)  base_loss: 15.8873 (15.6230)  time: 0.4339  data: 0.2041  max mem: 11382
Epoch: [91] Total time: 0:00:23 (0.6148 s / it)
Averaged stats: lr: 0.000016  sp_loss: 8.8628 (8.7417)  fam_loss: 3.9286 (3.8903)  manu_loss: 3.0027 (2.9910)  ot_loss: 2.0762 (2.0685)  base_loss: 15.8873 (15.6230)
Test:  [  0/391]  eta: 0:48:13  sploss: 9.7003 (9.7003)  famloss: 2.9504 (2.9504)  manuloss: 1.9246 (1.9246)  acc1: 0.0000 (0.0000)  acc5: 0.7812 (0.7812)  family_acc1: 38.2812 (38.2812)  manu_acc1: 59.3750 (59.3750)  time: 7.3999  data: 7.1024  max mem: 11382
Test:  [250/391]  eta: 0:01:15  sploss: 9.9464 (9.9193)  famloss: 3.1529 (3.1611)  manuloss: 2.2409 (2.1890)  acc1: 0.0000 (0.0171)  acc5: 0.3906 (0.4653)  family_acc1: 35.9375 (36.5227)  manu_acc1: 52.7344 (55.1777)  time: 0.4730  data: 0.2030  max mem: 11382
Test:  [390/391]  eta: 0:00:00  sploss: 9.8399 (9.9142)  famloss: 2.9039 (3.0934)  manuloss: 1.7242 (2.0986)  acc1: 0.0000 (0.0160)  acc5: 0.3906 (0.4430)  family_acc1: 40.6250 (37.4490)  manu_acc1: 65.6250 (56.9590)  time: 0.3905  data: 0.1826  max mem: 11382
Test: Total time: 0:03:24 (0.5224 s / it)
* Acc@1 0.016 Acc@5 0.443 family@1 37.449 manu@1 56.959 sploss 9.914 fmloss 3.093 mfloss 2.099
FPA: 0.005% | TICE: 99.805%   
 wAP: 5.012  |  LCA: 297.952   |   Precision and Recall: 0.727%
Accuracy of the network on the 100000 test images: 0.0%
Max accuracy: 0.02%
Epoch: [92]  [ 0/39]  eta: 0:04:37  lr: 0.000015  sp_loss: 9.2171 (9.2171)  fam_loss: 4.1369 (4.1369)  manu_loss: 3.0392 (3.0392)  ot_loss: 2.0586 (2.0586)  base_loss: 16.3932 (16.3932)  time: 7.1225  data: 6.8123  max mem: 11382
Epoch: [92]  [38/39]  eta: 0:00:00  lr: 0.000015  sp_loss: 8.8177 (8.5437)  fam_loss: 4.0617 (3.8087)  manu_loss: 3.0251 (2.8818)  ot_loss: 2.0957 (2.0505)  base_loss: 15.8890 (15.2342)  time: 0.4465  data: 0.2098  max mem: 11382
Epoch: [92] Total time: 0:00:23 (0.6044 s / it)
Averaged stats: lr: 0.000015  sp_loss: 8.8177 (8.5437)  fam_loss: 4.0617 (3.8087)  manu_loss: 3.0251 (2.8818)  ot_loss: 2.0957 (2.0505)  base_loss: 15.8890 (15.2342)
Test:  [  0/391]  eta: 0:51:38  sploss: 9.7198 (9.7198)  famloss: 2.9504 (2.9504)  manuloss: 1.9411 (1.9411)  acc1: 0.0000 (0.0000)  acc5: 0.3906 (0.3906)  family_acc1: 37.8906 (37.8906)  manu_acc1: 58.2031 (58.2031)  time: 7.9243  data: 7.6314  max mem: 11382
Test:  [250/391]  eta: 0:01:16  sploss: 9.9652 (9.9407)  famloss: 3.1664 (3.1619)  manuloss: 2.2431 (2.1845)  acc1: 0.0000 (0.0171)  acc5: 0.3906 (0.4435)  family_acc1: 35.5469 (36.5569)  manu_acc1: 52.3438 (55.1840)  time: 0.4404  data: 0.1771  max mem: 11382
Test:  [390/391]  eta: 0:00:00  sploss: 9.8568 (9.9331)  famloss: 2.9124 (3.0952)  manuloss: 1.7299 (2.0952)  acc1: 0.0000 (0.0160)  acc5: 0.3906 (0.4250)  family_acc1: 39.8438 (37.4880)  manu_acc1: 65.2344 (56.9600)  time: 0.4614  data: 0.2207  max mem: 11382
Test: Total time: 0:03:25 (0.5245 s / it)
* Acc@1 0.016 Acc@5 0.425 family@1 37.488 manu@1 56.960 sploss 9.933 fmloss 3.095 mfloss 2.095
FPA: 0.004% | TICE: 99.785%   
 wAP: 5.016  |  LCA: 297.757   |   Precision and Recall: 0.786%
Accuracy of the network on the 100000 test images: 0.0%
Max accuracy: 0.02%
Epoch: [93]  [ 0/39]  eta: 0:04:50  lr: 0.000014  sp_loss: 8.6615 (8.6615)  fam_loss: 3.7293 (3.7293)  manu_loss: 2.7684 (2.7684)  ot_loss: 2.0664 (2.0664)  base_loss: 15.1592 (15.1592)  time: 7.4496  data: 7.1766  max mem: 11382
Epoch: [93]  [38/39]  eta: 0:00:00  lr: 0.000014  sp_loss: 8.8897 (8.6975)  fam_loss: 3.9941 (3.8550)  manu_loss: 3.0730 (2.9415)  ot_loss: 2.0566 (2.0684)  base_loss: 15.9555 (15.4940)  time: 0.4564  data: 0.2255  max mem: 11382
Epoch: [93] Total time: 0:00:23 (0.6027 s / it)
Averaged stats: lr: 0.000014  sp_loss: 8.8897 (8.6975)  fam_loss: 3.9941 (3.8550)  manu_loss: 3.0730 (2.9415)  ot_loss: 2.0566 (2.0684)  base_loss: 15.9555 (15.4940)
Test:  [  0/391]  eta: 0:49:02  sploss: 9.6563 (9.6563)  famloss: 2.9421 (2.9421)  manuloss: 1.9576 (1.9576)  acc1: 0.0000 (0.0000)  acc5: 0.7812 (0.7812)  family_acc1: 39.0625 (39.0625)  manu_acc1: 57.8125 (57.8125)  time: 7.5258  data: 7.1363  max mem: 11382
Test:  [250/391]  eta: 0:01:14  sploss: 9.9033 (9.8799)  famloss: 3.1701 (3.1618)  manuloss: 2.2606 (2.1906)  acc1: 0.0000 (0.0187)  acc5: 0.3906 (0.4840)  family_acc1: 35.5469 (36.5413)  manu_acc1: 52.3438 (55.1731)  time: 0.4065  data: 0.1429  max mem: 11382
Test:  [390/391]  eta: 0:00:00  sploss: 9.7934 (9.8722)  famloss: 2.9163 (3.0944)  manuloss: 1.7201 (2.1006)  acc1: 0.0000 (0.0190)  acc5: 0.3906 (0.4600)  family_acc1: 39.4531 (37.4760)  manu_acc1: 65.6250 (56.9460)  time: 0.4000  data: 0.1880  max mem: 11382
Test: Total time: 0:03:19 (0.5101 s / it)
* Acc@1 0.019 Acc@5 0.460 family@1 37.476 manu@1 56.946 sploss 9.872 fmloss 3.094 mfloss 2.101
FPA: 0.006% | TICE: 99.791%   
 wAP: 5.017  |  LCA: 297.890   |   Precision and Recall: 0.746%
Accuracy of the network on the 100000 test images: 0.0%
Max accuracy: 0.02%
Epoch: [94]  [ 0/39]  eta: 0:04:18  lr: 0.000013  sp_loss: 9.0559 (9.0559)  fam_loss: 4.1179 (4.1179)  manu_loss: 2.8127 (2.8127)  ot_loss: 2.0254 (2.0254)  base_loss: 15.9865 (15.9865)  time: 6.6365  data: 6.3458  max mem: 11382
Epoch: [94]  [38/39]  eta: 0:00:00  lr: 0.000013  sp_loss: 8.4625 (8.4727)  fam_loss: 3.7604 (3.7169)  manu_loss: 2.8697 (2.8281)  ot_loss: 2.0469 (2.0266)  base_loss: 15.2815 (15.0176)  time: 0.4399  data: 0.2087  max mem: 11382
Epoch: [94] Total time: 0:00:23 (0.6117 s / it)
Averaged stats: lr: 0.000013  sp_loss: 8.4625 (8.4727)  fam_loss: 3.7604 (3.7169)  manu_loss: 2.8697 (2.8281)  ot_loss: 2.0469 (2.0266)  base_loss: 15.2815 (15.0176)
Test:  [  0/391]  eta: 0:47:20  sploss: 9.5798 (9.5798)  famloss: 2.9126 (2.9126)  manuloss: 1.9217 (1.9217)  acc1: 0.0000 (0.0000)  acc5: 0.7812 (0.7812)  family_acc1: 39.8438 (39.8438)  manu_acc1: 58.9844 (58.9844)  time: 7.2658  data: 6.9520  max mem: 11382
Test:  [250/391]  eta: 0:01:15  sploss: 9.8431 (9.8131)  famloss: 3.1431 (3.1375)  manuloss: 2.2466 (2.1744)  acc1: 0.0000 (0.0171)  acc5: 0.3906 (0.5898)  family_acc1: 35.5469 (36.7047)  manu_acc1: 52.3438 (55.2929)  time: 0.4176  data: 0.1327  max mem: 11382
Test:  [390/391]  eta: 0:00:00  sploss: 9.7174 (9.8052)  famloss: 2.9117 (3.0712)  manuloss: 1.7069 (2.0865)  acc1: 0.0000 (0.0180)  acc5: 0.3906 (0.5570)  family_acc1: 39.8438 (37.6840)  manu_acc1: 64.4531 (57.0110)  time: 0.4370  data: 0.2240  max mem: 11382
Test: Total time: 0:03:24 (0.5233 s / it)
* Acc@1 0.018 Acc@5 0.557 family@1 37.684 manu@1 57.011 sploss 9.805 fmloss 3.071 mfloss 2.086
FPA: 0.006% | TICE: 99.791%   
 wAP: 5.038  |  LCA: 297.927   |   Precision and Recall: 0.733%
Accuracy of the network on the 100000 test images: 0.0%
Max accuracy: 0.02%
Epoch: [95]  [ 0/39]  eta: 0:05:00  lr: 0.000012  sp_loss: 7.1667 (7.1667)  fam_loss: 2.9580 (2.9580)  manu_loss: 2.2354 (2.2354)  ot_loss: 1.9092 (1.9092)  base_loss: 12.3601 (12.3601)  time: 7.7101  data: 7.4298  max mem: 11382
Epoch: [95]  [38/39]  eta: 0:00:00  lr: 0.000012  sp_loss: 8.8536 (8.6390)  fam_loss: 3.9633 (3.8679)  manu_loss: 2.9273 (2.9395)  ot_loss: 2.0723 (2.0571)  base_loss: 15.8848 (15.4464)  time: 0.4485  data: 0.2176  max mem: 11382
Epoch: [95] Total time: 0:00:24 (0.6157 s / it)
Averaged stats: lr: 0.000012  sp_loss: 8.8536 (8.6390)  fam_loss: 3.9633 (3.8679)  manu_loss: 2.9273 (2.9395)  ot_loss: 2.0723 (2.0571)  base_loss: 15.8848 (15.4464)
Test:  [  0/391]  eta: 0:46:56  sploss: 9.6603 (9.6603)  famloss: 2.9345 (2.9345)  manuloss: 1.9523 (1.9523)  acc1: 0.0000 (0.0000)  acc5: 0.7812 (0.7812)  family_acc1: 39.0625 (39.0625)  manu_acc1: 57.8125 (57.8125)  time: 7.2025  data: 6.8951  max mem: 11382
Test:  [250/391]  eta: 0:01:14  sploss: 9.9049 (9.8724)  famloss: 3.1508 (3.1581)  manuloss: 2.2451 (2.1804)  acc1: 0.0000 (0.0171)  acc5: 0.3906 (0.5322)  family_acc1: 35.9375 (36.7001)  manu_acc1: 52.7344 (55.3022)  time: 0.5251  data: 0.2584  max mem: 11382
Test:  [390/391]  eta: 0:00:00  sploss: 9.8005 (9.8666)  famloss: 2.9105 (3.0912)  manuloss: 1.7121 (2.0916)  acc1: 0.0000 (0.0180)  acc5: 0.3906 (0.4990)  family_acc1: 39.8438 (37.6230)  manu_acc1: 65.6250 (57.0300)  time: 0.4289  data: 0.2104  max mem: 11382
Test: Total time: 0:03:22 (0.5168 s / it)
* Acc@1 0.018 Acc@5 0.499 family@1 37.623 manu@1 57.030 sploss 9.867 fmloss 3.091 mfloss 2.092
FPA: 0.007% | TICE: 99.786%   
 wAP: 5.032  |  LCA: 297.863   |   Precision and Recall: 0.751%
Accuracy of the network on the 100000 test images: 0.0%
Max accuracy: 0.02%
Epoch: [96]  [ 0/39]  eta: 0:04:38  lr: 0.000011  sp_loss: 8.8091 (8.8091)  fam_loss: 4.0150 (4.0150)  manu_loss: 2.9822 (2.9822)  ot_loss: 2.0957 (2.0957)  base_loss: 15.8063 (15.8063)  time: 7.1519  data: 6.8262  max mem: 11382
Epoch: [96]  [38/39]  eta: 0:00:00  lr: 0.000011  sp_loss: 8.4150 (8.4618)  fam_loss: 3.8510 (3.7366)  manu_loss: 2.8843 (2.8418)  ot_loss: 2.0273 (2.0400)  base_loss: 15.2050 (15.0402)  time: 0.4582  data: 0.2246  max mem: 11382
Epoch: [96] Total time: 0:00:23 (0.6102 s / it)
Averaged stats: lr: 0.000011  sp_loss: 8.4150 (8.4618)  fam_loss: 3.8510 (3.7366)  manu_loss: 2.8843 (2.8418)  ot_loss: 2.0273 (2.0400)  base_loss: 15.2050 (15.0402)
Test:  [  0/391]  eta: 0:50:12  sploss: 9.5834 (9.5834)  famloss: 2.9122 (2.9122)  manuloss: 1.9234 (1.9234)  acc1: 0.0000 (0.0000)  acc5: 0.7812 (0.7812)  family_acc1: 39.4531 (39.4531)  manu_acc1: 58.9844 (58.9844)  time: 7.7044  data: 7.3930  max mem: 11382
Test:  [250/391]  eta: 0:01:14  sploss: 9.8294 (9.8018)  famloss: 3.1443 (3.1378)  manuloss: 2.2447 (2.1707)  acc1: 0.0000 (0.0171)  acc5: 0.3906 (0.6007)  family_acc1: 35.1562 (36.7686)  manu_acc1: 52.3438 (55.2867)  time: 0.4686  data: 0.1909  max mem: 11382
Test:  [390/391]  eta: 0:00:00  sploss: 9.7237 (9.7956)  famloss: 2.9091 (3.0716)  manuloss: 1.7026 (2.0830)  acc1: 0.0000 (0.0180)  acc5: 0.3906 (0.5680)  family_acc1: 40.2344 (37.7240)  manu_acc1: 64.8438 (57.0370)  time: 0.3829  data: 0.1485  max mem: 11382
Test: Total time: 0:03:21 (0.5164 s / it)
* Acc@1 0.018 Acc@5 0.568 family@1 37.724 manu@1 57.037 sploss 9.796 fmloss 3.072 mfloss 2.083
FPA: 0.006% | TICE: 99.819%   
 wAP: 5.042  |  LCA: 297.946   |   Precision and Recall: 0.731%
Accuracy of the network on the 100000 test images: 0.0%
Max accuracy: 0.02%
Epoch: [97]  [ 0/39]  eta: 0:04:29  lr: 0.000011  sp_loss: 8.9192 (8.9192)  fam_loss: 4.1424 (4.1424)  manu_loss: 2.9910 (2.9910)  ot_loss: 2.0586 (2.0586)  base_loss: 16.0526 (16.0526)  time: 6.9169  data: 6.6205  max mem: 11382
Epoch: [97]  [38/39]  eta: 0:00:00  lr: 0.000011  sp_loss: 8.4852 (8.4189)  fam_loss: 3.6623 (3.7254)  manu_loss: 2.8614 (2.8532)  ot_loss: 2.0117 (2.0312)  base_loss: 15.0670 (14.9975)  time: 0.4440  data: 0.2137  max mem: 11382
Epoch: [97] Total time: 0:00:23 (0.6070 s / it)
Averaged stats: lr: 0.000011  sp_loss: 8.4852 (8.4189)  fam_loss: 3.6623 (3.7254)  manu_loss: 2.8614 (2.8532)  ot_loss: 2.0117 (2.0312)  base_loss: 15.0670 (14.9975)
Test:  [  0/391]  eta: 0:51:45  sploss: 9.5639 (9.5639)  famloss: 2.9064 (2.9064)  manuloss: 1.9247 (1.9247)  acc1: 0.0000 (0.0000)  acc5: 0.7812 (0.7812)  family_acc1: 39.8438 (39.8438)  manu_acc1: 58.5938 (58.5938)  time: 7.9427  data: 7.6413  max mem: 11382
Test:  [250/391]  eta: 0:01:16  sploss: 9.8266 (9.7913)  famloss: 3.1330 (3.1370)  manuloss: 2.2357 (2.1681)  acc1: 0.0000 (0.0171)  acc5: 0.3906 (0.5992)  family_acc1: 35.5469 (36.6892)  manu_acc1: 51.9531 (55.3458)  time: 0.4275  data: 0.1551  max mem: 11382
Test:  [390/391]  eta: 0:00:00  sploss: 9.6881 (9.7823)  famloss: 2.8946 (3.0705)  manuloss: 1.7081 (2.0803)  acc1: 0.0000 (0.0180)  acc5: 0.3906 (0.5700)  family_acc1: 39.8438 (37.6520)  manu_acc1: 65.0000 (57.0860)  time: 0.4180  data: 0.2029  max mem: 11382
Test: Total time: 0:03:24 (0.5223 s / it)
* Acc@1 0.018 Acc@5 0.570 family@1 37.652 manu@1 57.086 sploss 9.782 fmloss 3.071 mfloss 2.080
FPA: 0.006% | TICE: 99.784%   
 wAP: 5.036  |  LCA: 297.881   |   Precision and Recall: 0.748%
Accuracy of the network on the 100000 test images: 0.0%
Max accuracy: 0.02%
Epoch: [98]  [ 0/39]  eta: 0:04:33  lr: 0.000011  sp_loss: 8.8018 (8.8018)  fam_loss: 3.8603 (3.8603)  manu_loss: 3.1187 (3.1187)  ot_loss: 2.0801 (2.0801)  base_loss: 15.7807 (15.7807)  time: 7.0167  data: 6.7258  max mem: 11382
Epoch: [98]  [38/39]  eta: 0:00:00  lr: 0.000011  sp_loss: 8.4684 (8.4047)  fam_loss: 3.8596 (3.6876)  manu_loss: 2.8660 (2.7933)  ot_loss: 2.0527 (2.0300)  base_loss: 15.3891 (14.8855)  time: 0.4369  data: 0.2053  max mem: 11382
Epoch: [98] Total time: 0:00:23 (0.6084 s / it)
Averaged stats: lr: 0.000011  sp_loss: 8.4684 (8.4047)  fam_loss: 3.8596 (3.6876)  manu_loss: 2.8660 (2.7933)  ot_loss: 2.0527 (2.0300)  base_loss: 15.3891 (14.8855)
Test:  [  0/391]  eta: 0:47:01  sploss: 9.6094 (9.6094)  famloss: 2.9263 (2.9263)  manuloss: 1.9473 (1.9473)  acc1: 0.0000 (0.0000)  acc5: 0.7812 (0.7812)  family_acc1: 40.2344 (40.2344)  manu_acc1: 58.2031 (58.2031)  time: 7.2169  data: 6.9505  max mem: 11382
Test:  [250/391]  eta: 0:01:16  sploss: 9.8562 (9.8246)  famloss: 3.1249 (3.1392)  manuloss: 2.2452 (2.1700)  acc1: 0.0000 (0.0171)  acc5: 0.3906 (0.5680)  family_acc1: 35.9375 (36.7234)  manu_acc1: 51.9531 (55.3972)  time: 0.3818  data: 0.1106  max mem: 11382
Test:  [390/391]  eta: 0:00:00  sploss: 9.7304 (9.8161)  famloss: 2.8981 (3.0729)  manuloss: 1.7084 (2.0820)  acc1: 0.0000 (0.0180)  acc5: 0.3906 (0.5470)  family_acc1: 40.6250 (37.7680)  manu_acc1: 65.0000 (57.1630)  time: 0.3930  data: 0.1632  max mem: 11382
Test: Total time: 0:03:24 (0.5220 s / it)
* Acc@1 0.018 Acc@5 0.547 family@1 37.768 manu@1 57.163 sploss 9.816 fmloss 3.073 mfloss 2.082
FPA: 0.006% | TICE: 99.791%   
 wAP: 5.050  |  LCA: 297.920   |   Precision and Recall: 0.739%
Accuracy of the network on the 100000 test images: 0.0%
Max accuracy: 0.02%
Epoch: [99]  [ 0/39]  eta: 0:04:40  lr: 0.000010  sp_loss: 8.3473 (8.3473)  fam_loss: 3.5740 (3.5740)  manu_loss: 2.8677 (2.8677)  ot_loss: 1.9863 (1.9863)  base_loss: 14.7890 (14.7890)  time: 7.1913  data: 6.9064  max mem: 11382
Epoch: [99]  [38/39]  eta: 0:00:00  lr: 0.000010  sp_loss: 8.4841 (8.1719)  fam_loss: 3.7806 (3.5987)  manu_loss: 2.7869 (2.7289)  ot_loss: 2.0625 (2.0103)  base_loss: 15.0516 (14.4995)  time: 0.4563  data: 0.2241  max mem: 11382
Epoch: [99] Total time: 0:00:24 (0.6158 s / it)
Averaged stats: lr: 0.000010  sp_loss: 8.4841 (8.1719)  fam_loss: 3.7806 (3.5987)  manu_loss: 2.7869 (2.7289)  ot_loss: 2.0625 (2.0103)  base_loss: 15.0516 (14.4995)
Test:  [  0/391]  eta: 0:37:58  sploss: 9.5798 (9.5798)  famloss: 2.9297 (2.9297)  manuloss: 1.9522 (1.9522)  acc1: 0.0000 (0.0000)  acc5: 0.7812 (0.7812)  family_acc1: 39.0625 (39.0625)  manu_acc1: 57.4219 (57.4219)  time: 5.8275  data: 5.5369  max mem: 11382
Test:  [250/391]  eta: 0:01:15  sploss: 9.8484 (9.8137)  famloss: 3.1325 (3.1497)  manuloss: 2.2358 (2.1806)  acc1: 0.0000 (0.0171)  acc5: 0.3906 (0.5820)  family_acc1: 35.9375 (36.6207)  manu_acc1: 51.5625 (55.2322)  time: 0.4582  data: 0.1978  max mem: 11382
Test:  [390/391]  eta: 0:00:00  sploss: 9.7158 (9.8064)  famloss: 2.8991 (3.0829)  manuloss: 1.7087 (2.0918)  acc1: 0.0000 (0.0190)  acc5: 0.3906 (0.5550)  family_acc1: 40.2344 (37.5950)  manu_acc1: 65.6250 (56.9880)  time: 0.3198  data: 0.0905  max mem: 11382
Test: Total time: 0:03:23 (0.5216 s / it)
* Acc@1 0.019 Acc@5 0.555 family@1 37.595 manu@1 56.988 sploss 9.806 fmloss 3.083 mfloss 2.092
FPA: 0.008% | TICE: 99.792%   
 wAP: 5.029  |  LCA: 297.931   |   Precision and Recall: 0.734%
Accuracy of the network on the 100000 test images: 0.0%
Max accuracy: 0.02%
Training time 4:01:36
Test:  [  0/391]  eta: 0:46:41  sploss: 9.5801 (9.5801)  famloss: 2.9293 (2.9293)  manuloss: 1.9528 (1.9528)  acc1: 0.0000 (0.0000)  acc5: 0.7812 (0.7812)  family_acc1: 39.0625 (39.0625)  manu_acc1: 57.4219 (57.4219)  time: 7.1643  data: 6.8385  max mem: 11382
Test:  [  1/391]  eta: 0:24:16  sploss: 9.5801 (9.8348)  famloss: 2.9293 (3.0019)  manuloss: 1.9528 (2.0753)  acc1: 0.0000 (0.0000)  acc5: 0.0000 (0.3906)  family_acc1: 37.5000 (38.2812)  manu_acc1: 53.9062 (55.6641)  time: 3.7345  data: 3.4211  max mem: 11382
Test:  [  2/391]  eta: 0:16:43  sploss: 9.7205 (9.7967)  famloss: 2.9293 (2.8747)  manuloss: 1.9528 (1.8771)  acc1: 0.0000 (0.0000)  acc5: 0.7812 (0.5208)  family_acc1: 39.0625 (39.9740)  manu_acc1: 57.4219 (60.4167)  time: 2.5809  data: 2.2810  max mem: 11382
Test:  [  3/391]  eta: 0:13:00  sploss: 9.7205 (9.7805)  famloss: 2.9293 (2.9181)  manuloss: 1.9528 (1.9176)  acc1: 0.0000 (0.0000)  acc5: 0.0000 (0.3906)  family_acc1: 38.6719 (39.6484)  manu_acc1: 57.4219 (59.8633)  time: 2.0123  data: 1.7108  max mem: 11382
Test:  [  4/391]  eta: 0:10:44  sploss: 9.7205 (9.7677)  famloss: 3.0480 (2.9604)  manuloss: 2.0390 (1.9713)  acc1: 0.0000 (0.0000)  acc5: 0.3906 (0.3906)  family_acc1: 39.0625 (39.5312)  manu_acc1: 58.2031 (59.9219)  time: 1.6645  data: 1.3688  max mem: 11382
Test:  [  5/391]  eta: 0:09:12  sploss: 9.7186 (9.7595)  famloss: 3.0480 (2.9816)  manuloss: 2.0390 (1.9937)  acc1: 0.0000 (0.0000)  acc5: 0.3906 (0.3906)  family_acc1: 38.6719 (39.1927)  manu_acc1: 58.2031 (59.6354)  time: 1.4316  data: 1.1407  max mem: 11382
Test:  [  6/391]  eta: 0:08:04  sploss: 9.7205 (9.7599)  famloss: 3.0480 (2.9518)  manuloss: 2.0390 (1.9659)  acc1: 0.0000 (0.0000)  acc5: 0.3906 (0.4464)  family_acc1: 39.0625 (39.7879)  manu_acc1: 58.2031 (60.0446)  time: 1.2576  data: 0.9778  max mem: 11382
Test:  [  7/391]  eta: 0:07:12  sploss: 9.7205 (9.7657)  famloss: 2.9382 (2.9501)  manuloss: 2.0123 (1.9717)  acc1: 0.0000 (0.0000)  acc5: 0.3906 (0.4395)  family_acc1: 39.0625 (40.1367)  manu_acc1: 58.2031 (60.1562)  time: 1.1267  data: 0.8557  max mem: 11382
Test:  [  8/391]  eta: 0:06:32  sploss: 9.7318 (9.7858)  famloss: 3.0480 (3.0603)  manuloss: 2.0390 (2.0725)  acc1: 0.0000 (0.0000)  acc5: 0.3906 (0.3906)  family_acc1: 39.0625 (38.1944)  manu_acc1: 58.2031 (58.4201)  time: 1.0255  data: 0.7606  max mem: 11382
Test:  [  9/391]  eta: 0:06:01  sploss: 9.7318 (9.7855)  famloss: 3.0480 (3.1025)  manuloss: 2.0390 (2.1145)  acc1: 0.0000 (0.0000)  acc5: 0.3906 (0.3906)  family_acc1: 38.6719 (37.7734)  manu_acc1: 58.2031 (57.8906)  time: 0.9472  data: 0.6846  max mem: 11382
Test:  [ 10/391]  eta: 0:05:35  sploss: 9.7318 (9.7700)  famloss: 3.0480 (3.0950)  manuloss: 2.0390 (2.0932)  acc1: 0.0000 (0.0000)  acc5: 0.3906 (0.4261)  family_acc1: 39.0625 (37.9616)  manu_acc1: 58.2031 (58.4517)  time: 0.8806  data: 0.6224  max mem: 11382
Test:  [ 11/391]  eta: 0:05:13  sploss: 9.7318 (9.7691)  famloss: 3.0480 (3.0940)  manuloss: 2.0390 (2.0950)  acc1: 0.0000 (0.0000)  acc5: 0.3906 (0.4883)  family_acc1: 38.6719 (37.9557)  manu_acc1: 58.2031 (58.3333)  time: 0.8249  data: 0.5706  max mem: 11382
Test:  [ 12/391]  eta: 0:06:36  sploss: 9.7599 (9.7749)  famloss: 3.0745 (3.1066)  manuloss: 2.1054 (2.1124)  acc1: 0.0000 (0.0000)  acc5: 0.3906 (0.5108)  family_acc1: 38.6719 (37.6803)  manu_acc1: 58.2031 (57.7224)  time: 1.0460  data: 0.7869  max mem: 11382
Test:  [ 13/391]  eta: 0:06:20  sploss: 9.7599 (9.7914)  famloss: 3.0745 (3.1173)  manuloss: 2.0538 (2.1082)  acc1: 0.0000 (0.0000)  acc5: 0.3906 (0.4743)  family_acc1: 37.8906 (37.4163)  manu_acc1: 57.4219 (57.5893)  time: 1.0068  data: 0.7307  max mem: 11382
Test:  [ 14/391]  eta: 0:06:03  sploss: 9.7623 (9.7947)  famloss: 3.0745 (3.1056)  manuloss: 2.0538 (2.0926)  acc1: 0.0000 (0.0000)  acc5: 0.3906 (0.4688)  family_acc1: 38.6719 (37.7083)  manu_acc1: 58.2031 (57.8646)  time: 0.9642  data: 0.6885  max mem: 11382
Test:  [ 15/391]  eta: 0:05:46  sploss: 9.7599 (9.7868)  famloss: 3.0480 (3.0976)  manuloss: 2.0390 (2.0796)  acc1: 0.0000 (0.0000)  acc5: 0.3906 (0.5615)  family_acc1: 38.6719 (37.8906)  manu_acc1: 58.2031 (58.0811)  time: 0.9212  data: 0.6455  max mem: 11382
Test:  [ 16/391]  eta: 0:05:30  sploss: 9.7599 (9.7796)  famloss: 3.0480 (3.0917)  manuloss: 2.0390 (2.0717)  acc1: 0.0000 (0.0000)  acc5: 0.3906 (0.5974)  family_acc1: 39.0625 (37.9825)  manu_acc1: 58.2031 (58.3410)  time: 0.8825  data: 0.6075  max mem: 11382
Test:  [ 17/391]  eta: 0:05:17  sploss: 9.7599 (9.7838)  famloss: 3.0480 (3.0960)  manuloss: 2.0390 (2.0714)  acc1: 0.0000 (0.0000)  acc5: 0.3906 (0.6076)  family_acc1: 38.6719 (37.7170)  manu_acc1: 58.2031 (58.2899)  time: 0.8483  data: 0.5738  max mem: 11382
Test:  [ 18/391]  eta: 0:05:04  sploss: 9.7623 (9.7898)  famloss: 3.0480 (3.0871)  manuloss: 2.0538 (2.0715)  acc1: 0.0000 (0.0000)  acc5: 0.3906 (0.5962)  family_acc1: 39.0625 (38.0962)  manu_acc1: 58.2031 (58.3470)  time: 0.8176  data: 0.5436  max mem: 11382
Test:  [ 19/391]  eta: 0:04:53  sploss: 9.7599 (9.7766)  famloss: 3.0480 (3.0892)  manuloss: 2.0538 (2.0820)  acc1: 0.0000 (0.0000)  acc5: 0.3906 (0.5664)  family_acc1: 39.0625 (38.1445)  manu_acc1: 58.2031 (58.2031)  time: 0.7902  data: 0.5164  max mem: 11382
Test:  [ 20/391]  eta: 0:04:43  sploss: 9.7623 (9.7766)  famloss: 3.0745 (3.0949)  manuloss: 2.0672 (2.0848)  acc1: 0.0000 (0.0000)  acc5: 0.3906 (0.5580)  family_acc1: 38.6719 (38.0580)  manu_acc1: 58.2031 (58.1287)  time: 0.4455  data: 0.1745  max mem: 11382
Test:  [ 21/391]  eta: 0:04:34  sploss: 9.7599 (9.7682)  famloss: 3.0831 (3.1069)  manuloss: 2.0672 (2.0950)  acc1: 0.0000 (0.0000)  acc5: 0.3906 (0.6037)  family_acc1: 38.6719 (37.8551)  manu_acc1: 58.2031 (57.9901)  time: 0.4433  data: 0.1744  max mem: 11382
Test:  [ 22/391]  eta: 0:04:26  sploss: 9.7623 (9.7698)  famloss: 3.0873 (3.1084)  manuloss: 2.0672 (2.0933)  acc1: 0.0000 (0.0000)  acc5: 0.3906 (0.5944)  family_acc1: 37.8906 (37.7887)  manu_acc1: 58.2031 (58.0333)  time: 0.4428  data: 0.1744  max mem: 11382
Test:  [ 23/391]  eta: 0:04:18  sploss: 9.7759 (9.7739)  famloss: 3.1290 (3.1202)  manuloss: 2.0722 (2.1139)  acc1: 0.0000 (0.0000)  acc5: 0.3906 (0.5859)  family_acc1: 37.5000 (37.4349)  manu_acc1: 57.4219 (57.4707)  time: 0.4408  data: 0.1744  max mem: 11382
Test:  [ 24/391]  eta: 0:04:54  sploss: 9.7759 (9.7729)  famloss: 3.0873 (3.1163)  manuloss: 2.0722 (2.1196)  acc1: 0.0000 (0.0000)  acc5: 0.3906 (0.5625)  family_acc1: 36.3281 (37.3281)  manu_acc1: 57.0312 (57.2500)  time: 0.5876  data: 0.3187  max mem: 11382
Test:  [ 25/391]  eta: 0:04:46  sploss: 9.7828 (9.7790)  famloss: 3.1290 (3.1186)  manuloss: 2.0722 (2.1274)  acc1: 0.0000 (0.0000)  acc5: 0.3906 (0.5559)  family_acc1: 36.3281 (37.2897)  manu_acc1: 56.6406 (56.9561)  time: 0.5889  data: 0.3187  max mem: 11382
Test:  [ 26/391]  eta: 0:04:39  sploss: 9.7828 (9.7747)  famloss: 3.1290 (3.1121)  manuloss: 2.1150 (2.1273)  acc1: 0.0000 (0.0000)  acc5: 0.3906 (0.5353)  family_acc1: 36.3281 (37.2975)  manu_acc1: 55.8594 (56.8142)  time: 0.5918  data: 0.3187  max mem: 11382
Test:  [ 27/391]  eta: 0:04:31  sploss: 9.7759 (9.7654)  famloss: 3.1412 (3.1171)  manuloss: 2.1259 (2.1323)  acc1: 0.0000 (0.0000)  acc5: 0.3906 (0.5720)  family_acc1: 36.3281 (37.0675)  manu_acc1: 55.4688 (56.6685)  time: 0.5945  data: 0.3187  max mem: 11382
Test:  [ 28/391]  eta: 0:04:25  sploss: 9.7759 (9.7671)  famloss: 3.1290 (3.1082)  manuloss: 2.1150 (2.1302)  acc1: 0.0000 (0.0000)  acc5: 0.3906 (0.5792)  family_acc1: 36.3281 (37.1633)  manu_acc1: 55.8594 (56.7349)  time: 0.5971  data: 0.3187  max mem: 11382
Test:  [ 29/391]  eta: 0:04:18  sploss: 9.7599 (9.7663)  famloss: 3.0831 (3.1041)  manuloss: 2.1150 (2.1304)  acc1: 0.0000 (0.0000)  acc5: 0.3906 (0.5990)  family_acc1: 36.3281 (37.1745)  manu_acc1: 55.8594 (56.6797)  time: 0.5984  data: 0.3187  max mem: 11382
Test:  [ 30/391]  eta: 0:04:12  sploss: 9.7759 (9.7688)  famloss: 3.0831 (3.1008)  manuloss: 2.1150 (2.1230)  acc1: 0.0000 (0.0000)  acc5: 0.3906 (0.5922)  family_acc1: 36.3281 (37.3362)  manu_acc1: 55.8594 (56.8170)  time: 0.6016  data: 0.3187  max mem: 11382
Test:  [ 31/391]  eta: 0:04:07  sploss: 9.8037 (9.7722)  famloss: 3.1248 (3.1016)  manuloss: 2.0722 (2.1171)  acc1: 0.0000 (0.0000)  acc5: 0.3906 (0.5859)  family_acc1: 36.3281 (37.4268)  manu_acc1: 55.8594 (56.9702)  time: 0.6044  data: 0.3187  max mem: 11382
Test:  [ 32/391]  eta: 0:04:02  sploss: 9.7759 (9.7693)  famloss: 3.0243 (3.0944)  manuloss: 2.0712 (2.1047)  acc1: 0.0000 (0.0000)  acc5: 0.3906 (0.5919)  family_acc1: 37.5000 (37.5710)  manu_acc1: 56.6406 (57.1970)  time: 0.4330  data: 0.1496  max mem: 11382
Test:  [ 33/391]  eta: 0:03:57  sploss: 9.7509 (9.7676)  famloss: 3.0243 (3.0933)  manuloss: 2.0712 (2.0956)  acc1: 0.0000 (0.0000)  acc5: 0.3906 (0.5859)  family_acc1: 37.5000 (37.5804)  manu_acc1: 57.4219 (57.3300)  time: 0.4214  data: 0.1496  max mem: 11382
Test:  [ 34/391]  eta: 0:03:52  sploss: 9.7432 (9.7655)  famloss: 3.0461 (3.0919)  manuloss: 2.0712 (2.0891)  acc1: 0.0000 (0.0000)  acc5: 0.3906 (0.5915)  family_acc1: 37.5000 (37.6004)  manu_acc1: 57.4219 (57.4888)  time: 0.4163  data: 0.1448  max mem: 11382
Test:  [ 35/391]  eta: 0:03:47  sploss: 9.7509 (9.7669)  famloss: 3.0461 (3.0880)  manuloss: 2.0712 (2.0841)  acc1: 0.0000 (0.0000)  acc5: 0.3906 (0.5968)  family_acc1: 37.5000 (37.6302)  manu_acc1: 57.4219 (57.5304)  time: 0.4158  data: 0.1448  max mem: 11382
Test:  [ 36/391]  eta: 0:04:17  sploss: 9.7759 (9.7701)  famloss: 3.0461 (3.0850)  manuloss: 2.0722 (2.0861)  acc1: 0.0000 (0.0000)  acc5: 0.3906 (0.5807)  family_acc1: 37.5000 (37.7217)  manu_acc1: 56.6406 (57.4747)  time: 0.5897  data: 0.3177  max mem: 11382
Test:  [ 37/391]  eta: 0:04:12  sploss: 9.7759 (9.7742)  famloss: 3.0461 (3.0919)  manuloss: 2.1259 (2.0949)  acc1: 0.0000 (0.0000)  acc5: 0.3906 (0.5654)  family_acc1: 37.5000 (37.6336)  manu_acc1: 55.4688 (57.2985)  time: 0.5895  data: 0.3177  max mem: 11382
Test:  [ 38/391]  eta: 0:04:07  sploss: 9.7759 (9.7810)  famloss: 3.0566 (3.0927)  manuloss: 2.1361 (2.0961)  acc1: 0.0000 (0.0000)  acc5: 0.3906 (0.5609)  family_acc1: 37.5000 (37.7103)  manu_acc1: 55.4688 (57.2416)  time: 0.5897  data: 0.3177  max mem: 11382
Test:  [ 39/391]  eta: 0:04:02  sploss: 9.8037 (9.7821)  famloss: 3.0566 (3.0963)  manuloss: 2.1259 (2.0954)  acc1: 0.0000 (0.0000)  acc5: 0.3906 (0.5859)  family_acc1: 37.5000 (37.6172)  manu_acc1: 55.4688 (57.2852)  time: 0.5896  data: 0.3177  max mem: 11382
Test:  [ 40/391]  eta: 0:03:58  sploss: 9.8037 (9.7801)  famloss: 3.0461 (3.0935)  manuloss: 2.0712 (2.0922)  acc1: 0.0000 (0.0000)  acc5: 0.3906 (0.5812)  family_acc1: 37.5000 (37.5476)  manu_acc1: 55.4688 (57.3361)  time: 0.5891  data: 0.3177  max mem: 11382
Test:  [ 41/391]  eta: 0:03:54  sploss: 9.8037 (9.7755)  famloss: 3.0461 (3.0930)  manuloss: 2.0689 (2.0884)  acc1: 0.0000 (0.0000)  acc5: 0.3906 (0.5952)  family_acc1: 37.5000 (37.6209)  manu_acc1: 58.5938 (57.4498)  time: 0.5891  data: 0.3177  max mem: 11382
Test:  [ 42/391]  eta: 0:03:50  sploss: 9.7509 (9.7743)  famloss: 3.0461 (3.0930)  manuloss: 2.0689 (2.0875)  acc1: 0.0000 (0.0000)  acc5: 0.3906 (0.5905)  family_acc1: 37.5000 (37.5999)  manu_acc1: 58.5938 (57.5309)  time: 0.5890  data: 0.3177  max mem: 11382
Test:  [ 43/391]  eta: 0:03:46  sploss: 9.7509 (9.7780)  famloss: 3.0461 (3.0944)  manuloss: 2.0689 (2.0882)  acc1: 0.0000 (0.0000)  acc5: 0.3906 (0.5771)  family_acc1: 37.5000 (37.5888)  manu_acc1: 58.5938 (57.5018)  time: 0.5873  data: 0.3177  max mem: 11382
Test:  [ 44/391]  eta: 0:03:42  sploss: 9.7432 (9.7730)  famloss: 3.0461 (3.0933)  manuloss: 2.0689 (2.0885)  acc1: 0.0000 (0.0000)  acc5: 0.3906 (0.5816)  family_acc1: 37.8906 (37.6389)  manu_acc1: 58.5938 (57.4913)  time: 0.4375  data: 0.1733  max mem: 11382
Test:  [ 45/391]  eta: 0:03:38  sploss: 9.7224 (9.7687)  famloss: 3.0461 (3.0985)  manuloss: 2.0689 (2.0934)  acc1: 0.0000 (0.0000)  acc5: 0.3906 (0.5774)  family_acc1: 38.2812 (37.6529)  manu_acc1: 58.5938 (57.4389)  time: 0.4338  data: 0.1733  max mem: 11382
Test:  [ 46/391]  eta: 0:03:34  sploss: 9.7224 (9.7647)  famloss: 3.0566 (3.0996)  manuloss: 2.0513 (2.0914)  acc1: 0.0000 (0.0000)  acc5: 0.3906 (0.5818)  family_acc1: 38.2812 (37.6247)  manu_acc1: 58.5938 (57.4634)  time: 0.4309  data: 0.1733  max mem: 11382
Test:  [ 47/391]  eta: 0:03:31  sploss: 9.7432 (9.7645)  famloss: 3.0566 (3.1007)  manuloss: 2.0513 (2.0947)  acc1: 0.0000 (0.0000)  acc5: 0.3906 (0.6022)  family_acc1: 38.2812 (37.5732)  manu_acc1: 58.5938 (57.3730)  time: 0.4286  data: 0.1733  max mem: 11382
Test:  [ 48/391]  eta: 0:03:48  sploss: 9.7432 (9.7665)  famloss: 3.0623 (3.0999)  manuloss: 1.9989 (2.0927)  acc1: 0.0000 (0.0000)  acc5: 0.3906 (0.6059)  family_acc1: 37.8906 (37.5399)  manu_acc1: 58.5938 (57.3740)  time: 0.5718  data: 0.3158  max mem: 11382
Test:  [ 49/391]  eta: 0:03:46  sploss: 9.7524 (9.7700)  famloss: 3.0735 (3.1018)  manuloss: 1.9989 (2.0968)  acc1: 0.0000 (0.0000)  acc5: 0.3906 (0.5938)  family_acc1: 37.8906 (37.5078)  manu_acc1: 58.5938 (57.2500)  time: 0.5806  data: 0.3244  max mem: 11382
Test:  [ 50/391]  eta: 0:03:42  sploss: 9.7524 (9.7703)  famloss: 3.0938 (3.1042)  manuloss: 2.0513 (2.0992)  acc1: 0.0000 (0.0000)  acc5: 0.3906 (0.5974)  family_acc1: 37.1094 (37.4004)  manu_acc1: 57.4219 (57.1691)  time: 0.5800  data: 0.3244  max mem: 11382
Test:  [ 51/391]  eta: 0:03:39  sploss: 9.7524 (9.7765)  famloss: 3.0938 (3.1095)  manuloss: 2.0689 (2.1070)  acc1: 0.0000 (0.0000)  acc5: 0.3906 (0.5859)  family_acc1: 36.7188 (37.3422)  manu_acc1: 57.0312 (56.9787)  time: 0.5803  data: 0.3244  max mem: 11382
Test:  [ 52/391]  eta: 0:03:36  sploss: 9.7886 (9.7782)  famloss: 3.1242 (3.1122)  manuloss: 2.1048 (2.1158)  acc1: 0.0000 (0.0000)  acc5: 0.3906 (0.5749)  family_acc1: 36.3281 (37.2494)  manu_acc1: 56.2500 (56.7733)  time: 0.5801  data: 0.3244  max mem: 11382
Test:  [ 53/391]  eta: 0:03:33  sploss: 9.8184 (9.7842)  famloss: 3.1488 (3.1139)  manuloss: 2.1167 (2.1224)  acc1: 0.0000 (0.0000)  acc5: 0.3906 (0.5715)  family_acc1: 35.9375 (37.2106)  manu_acc1: 55.4688 (56.5755)  time: 0.5803  data: 0.3244  max mem: 11382
Test:  [ 54/391]  eta: 0:03:30  sploss: 9.8184 (9.7840)  famloss: 3.1524 (3.1169)  manuloss: 2.1167 (2.1220)  acc1: 0.0000 (0.0000)  acc5: 0.3906 (0.5682)  family_acc1: 35.9375 (37.1591)  manu_acc1: 55.4688 (56.6264)  time: 0.5804  data: 0.3244  max mem: 11382
Test:  [ 55/391]  eta: 0:03:28  sploss: 9.8253 (9.7875)  famloss: 3.1533 (3.1178)  manuloss: 2.1408 (2.1240)  acc1: 0.0000 (0.0000)  acc5: 0.3906 (0.5650)  family_acc1: 35.9375 (37.1652)  manu_acc1: 55.0781 (56.5220)  time: 0.5807  data: 0.3244  max mem: 11382
Test:  [ 56/391]  eta: 0:03:25  sploss: 9.8253 (9.7901)  famloss: 3.1533 (3.1150)  manuloss: 2.1368 (2.1242)  acc1: 0.0000 (0.0000)  acc5: 0.3906 (0.5620)  family_acc1: 35.9375 (37.1916)  manu_acc1: 55.0781 (56.4556)  time: 0.4045  data: 0.1515  max mem: 11382
Test:  [ 57/391]  eta: 0:03:22  sploss: 9.8031 (9.7903)  famloss: 3.1533 (3.1159)  manuloss: 2.1167 (2.1239)  acc1: 0.0000 (0.0000)  acc5: 0.3906 (0.5657)  family_acc1: 35.9375 (37.0824)  manu_acc1: 55.0781 (56.4318)  time: 0.4044  data: 0.1515  max mem: 11382
Test:  [ 58/391]  eta: 0:03:19  sploss: 9.7886 (9.7891)  famloss: 3.1533 (3.1110)  manuloss: 2.1048 (2.1222)  acc1: 0.0000 (0.0000)  acc5: 0.3906 (0.5826)  family_acc1: 35.9375 (37.1888)  manu_acc1: 55.0781 (56.4817)  time: 0.4018  data: 0.1515  max mem: 11382
Test:  [ 59/391]  eta: 0:03:16  sploss: 9.7734 (9.7874)  famloss: 3.1524 (3.1088)  manuloss: 2.1167 (2.1228)  acc1: 0.0000 (0.0000)  acc5: 0.3906 (0.5859)  family_acc1: 35.9375 (37.1549)  manu_acc1: 55.0781 (56.4583)  time: 0.4002  data: 0.1515  max mem: 11382
Test:  [ 60/391]  eta: 0:03:28  sploss: 9.7886 (9.7878)  famloss: 3.1524 (3.1071)  manuloss: 2.1183 (2.1227)  acc1: 0.0000 (0.0000)  acc5: 0.3906 (0.5891)  family_acc1: 35.9375 (37.1926)  manu_acc1: 55.0781 (56.4165)  time: 0.5239  data: 0.2738  max mem: 11382
Test:  [ 61/391]  eta: 0:03:30  sploss: 9.8031 (9.7890)  famloss: 3.1524 (3.1038)  manuloss: 2.1183 (2.1188)  acc1: 0.0000 (0.0000)  acc5: 0.3906 (0.5796)  family_acc1: 35.9375 (37.2102)  manu_acc1: 55.0781 (56.4957)  time: 0.5700  data: 0.3191  max mem: 11382
Test:  [ 62/391]  eta: 0:03:27  sploss: 9.8124 (9.7902)  famloss: 3.1524 (3.1014)  manuloss: 2.1183 (2.1178)  acc1: 0.0000 (0.0000)  acc5: 0.3906 (0.5704)  family_acc1: 35.9375 (37.2520)  manu_acc1: 55.0781 (56.5228)  time: 0.5691  data: 0.3191  max mem: 11382
Test:  [ 63/391]  eta: 0:03:24  sploss: 9.8031 (9.7882)  famloss: 3.1488 (3.1000)  manuloss: 2.1368 (2.1203)  acc1: 0.0000 (0.0061)  acc5: 0.3906 (0.5798)  family_acc1: 35.9375 (37.2986)  manu_acc1: 55.0781 (56.5125)  time: 0.5682  data: 0.3191  max mem: 11382
Test:  [ 64/391]  eta: 0:03:22  sploss: 9.8124 (9.7920)  famloss: 3.1524 (3.1046)  manuloss: 2.1368 (2.1203)  acc1: 0.0000 (0.0060)  acc5: 0.3906 (0.5709)  family_acc1: 35.9375 (37.2596)  manu_acc1: 55.0781 (56.5204)  time: 0.5681  data: 0.3191  max mem: 11382
Test:  [ 65/391]  eta: 0:03:19  sploss: 9.8124 (9.7918)  famloss: 3.1488 (3.1035)  manuloss: 2.1368 (2.1206)  acc1: 0.0000 (0.0059)  acc5: 0.3906 (0.5800)  family_acc1: 35.9375 (37.2810)  manu_acc1: 55.0781 (56.5282)  time: 0.5680  data: 0.3191  max mem: 11382
Test:  [ 66/391]  eta: 0:03:17  sploss: 9.8602 (9.7943)  famloss: 3.1524 (3.1055)  manuloss: 2.1368 (2.1202)  acc1: 0.0000 (0.0058)  acc5: 0.3906 (0.5714)  family_acc1: 35.9375 (37.2959)  manu_acc1: 55.0781 (56.5648)  time: 0.5699  data: 0.3191  max mem: 11382
Test:  [ 67/391]  eta: 0:03:14  sploss: 9.8602 (9.7943)  famloss: 3.0623 (3.1030)  manuloss: 2.1189 (2.1171)  acc1: 0.0000 (0.0057)  acc5: 0.3906 (0.5630)  family_acc1: 35.9375 (37.3047)  manu_acc1: 55.0781 (56.6119)  time: 0.5722  data: 0.3191  max mem: 11382
Test:  [ 68/391]  eta: 0:03:12  sploss: 9.8124 (9.7942)  famloss: 3.0306 (3.0999)  manuloss: 2.1189 (2.1163)  acc1: 0.0000 (0.0057)  acc5: 0.3906 (0.5605)  family_acc1: 37.5000 (37.3358)  manu_acc1: 55.0781 (56.6293)  time: 0.4289  data: 0.1767  max mem: 11382
Test:  [ 69/391]  eta: 0:03:10  sploss: 9.8031 (9.7928)  famloss: 3.0306 (3.1013)  manuloss: 2.1183 (2.1155)  acc1: 0.0000 (0.0056)  acc5: 0.3906 (0.5580)  family_acc1: 37.8906 (37.3438)  manu_acc1: 55.8594 (56.6574)  time: 0.4200  data: 0.1680  max mem: 11382
Test:  [ 70/391]  eta: 0:03:08  sploss: 9.8124 (9.7945)  famloss: 3.0306 (3.1010)  manuloss: 2.1183 (2.1161)  acc1: 0.0000 (0.0055)  acc5: 0.3906 (0.5667)  family_acc1: 37.8906 (37.3349)  manu_acc1: 57.0312 (56.6956)  time: 0.4200  data: 0.1681  max mem: 11382
Test:  [ 71/391]  eta: 0:03:06  sploss: 9.8031 (9.7932)  famloss: 3.0121 (3.0966)  manuloss: 2.1044 (2.1126)  acc1: 0.0000 (0.0054)  acc5: 0.3906 (0.5642)  family_acc1: 37.8906 (37.4403)  manu_acc1: 57.0312 (56.7980)  time: 0.4201  data: 0.1681  max mem: 11382
Test:  [ 72/391]  eta: 0:03:13  sploss: 9.8026 (9.7934)  famloss: 3.0014 (3.0945)  manuloss: 2.1008 (2.1083)  acc1: 0.0000 (0.0054)  acc5: 0.3906 (0.5672)  family_acc1: 38.2812 (37.5321)  manu_acc1: 57.8125 (56.9135)  time: 0.5222  data: 0.2690  max mem: 11382
Test:  [ 73/391]  eta: 0:03:17  sploss: 9.7962 (9.7925)  famloss: 2.9805 (3.0927)  manuloss: 2.0940 (2.1054)  acc1: 0.0000 (0.0053)  acc5: 0.3906 (0.5648)  family_acc1: 38.2812 (37.5422)  manu_acc1: 58.2031 (56.9732)  time: 0.5930  data: 0.3394  max mem: 11382
Test:  [ 74/391]  eta: 0:03:15  sploss: 9.7962 (9.7924)  famloss: 2.9683 (3.0891)  manuloss: 2.0628 (2.0998)  acc1: 0.0000 (0.0052)  acc5: 0.3906 (0.5729)  family_acc1: 38.2812 (37.6250)  manu_acc1: 58.2031 (57.0885)  time: 0.5933  data: 0.3394  max mem: 11382
Test:  [ 75/391]  eta: 0:03:13  sploss: 9.7845 (9.7918)  famloss: 2.9683 (3.0895)  manuloss: 2.0628 (2.0999)  acc1: 0.0000 (0.0051)  acc5: 0.3906 (0.5654)  family_acc1: 38.6719 (37.6542)  manu_acc1: 58.2031 (57.0878)  time: 0.5934  data: 0.3394  max mem: 11382
Test:  [ 76/391]  eta: 0:03:11  sploss: 9.7845 (9.7925)  famloss: 2.9805 (3.0883)  manuloss: 2.0604 (2.0985)  acc1: 0.0000 (0.0051)  acc5: 0.3906 (0.5580)  family_acc1: 38.6719 (37.6978)  manu_acc1: 58.5938 (57.1276)  time: 0.5960  data: 0.3394  max mem: 11382
Test:  [ 77/391]  eta: 0:03:09  sploss: 9.7845 (9.7940)  famloss: 2.9683 (3.0851)  manuloss: 2.0550 (2.0947)  acc1: 0.0000 (0.0050)  acc5: 0.3906 (0.5609)  family_acc1: 39.4531 (37.7704)  manu_acc1: 58.9844 (57.1965)  time: 0.5962  data: 0.3394  max mem: 11382
Test:  [ 78/391]  eta: 0:03:07  sploss: 9.7845 (9.7929)  famloss: 2.9805 (3.0849)  manuloss: 2.0604 (2.0969)  acc1: 0.0000 (0.0049)  acc5: 0.3906 (0.5587)  family_acc1: 38.6719 (37.7571)  manu_acc1: 58.5938 (57.1598)  time: 0.5990  data: 0.3394  max mem: 11382
Test:  [ 79/391]  eta: 0:03:05  sploss: 9.7845 (9.7912)  famloss: 3.0010 (3.0858)  manuloss: 2.0604 (2.0976)  acc1: 0.0000 (0.0049)  acc5: 0.3906 (0.5664)  family_acc1: 38.6719 (37.7393)  manu_acc1: 58.5938 (57.1680)  time: 0.6010  data: 0.3394  max mem: 11382
Test:  [ 80/391]  eta: 0:03:03  sploss: 9.7845 (9.7913)  famloss: 3.0010 (3.0896)  manuloss: 2.0604 (2.0978)  acc1: 0.0000 (0.0048)  acc5: 0.3906 (0.5691)  family_acc1: 38.2812 (37.7025)  manu_acc1: 58.9844 (57.1904)  time: 0.4774  data: 0.2171  max mem: 11382
Test:  [ 81/391]  eta: 0:03:02  sploss: 9.7812 (9.7905)  famloss: 3.0121 (3.0897)  manuloss: 2.0604 (2.0961)  acc1: 0.0000 (0.0048)  acc5: 0.3906 (0.5716)  family_acc1: 38.2812 (37.6953)  manu_acc1: 58.9844 (57.2551)  time: 0.4318  data: 0.1718  max mem: 11382
Test:  [ 82/391]  eta: 0:03:00  sploss: 9.7812 (9.7905)  famloss: 3.0306 (3.0930)  manuloss: 2.0628 (2.0991)  acc1: 0.0000 (0.0047)  acc5: 0.3906 (0.5789)  family_acc1: 38.2812 (37.5988)  manu_acc1: 58.9844 (57.2054)  time: 0.4337  data: 0.1717  max mem: 11382
Test:  [ 83/391]  eta: 0:02:58  sploss: 9.7812 (9.7888)  famloss: 3.0462 (3.0924)  manuloss: 2.0628 (2.0999)  acc1: 0.0000 (0.0047)  acc5: 0.3906 (0.5859)  family_acc1: 38.2812 (37.6116)  manu_acc1: 58.9844 (57.2033)  time: 0.4368  data: 0.1718  max mem: 11382
Test:  [ 84/391]  eta: 0:03:01  sploss: 9.7783 (9.7869)  famloss: 3.0462 (3.0947)  manuloss: 2.0604 (2.0982)  acc1: 0.0000 (0.0046)  acc5: 0.3906 (0.5836)  family_acc1: 38.2812 (37.5781)  manu_acc1: 58.9844 (57.2289)  time: 0.5037  data: 0.2358  max mem: 11382
Test:  [ 85/391]  eta: 0:03:07  sploss: 9.7493 (9.7831)  famloss: 3.0665 (3.0949)  manuloss: 2.0604 (2.0991)  acc1: 0.0000 (0.0045)  acc5: 0.3906 (0.6086)  family_acc1: 38.2812 (37.6090)  manu_acc1: 58.9844 (57.2402)  time: 0.6176  data: 0.3466  max mem: 11382
Test:  [ 86/391]  eta: 0:03:06  sploss: 9.7315 (9.7805)  famloss: 3.0462 (3.0925)  manuloss: 1.9883 (2.0965)  acc1: 0.0000 (0.0045)  acc5: 0.7812 (0.6196)  family_acc1: 38.2812 (37.6527)  manu_acc1: 59.3750 (57.2917)  time: 0.6207  data: 0.3466  max mem: 11382
Test:  [ 87/391]  eta: 0:03:04  sploss: 9.7315 (9.7828)  famloss: 3.0665 (3.0940)  manuloss: 2.0604 (2.0975)  acc1: 0.0000 (0.0044)  acc5: 0.7812 (0.6126)  family_acc1: 38.2812 (37.5977)  manu_acc1: 58.9844 (57.2931)  time: 0.6208  data: 0.3466  max mem: 11382
Test:  [ 88/391]  eta: 0:03:02  sploss: 9.7229 (9.7806)  famloss: 3.0665 (3.0919)  manuloss: 2.0604 (2.0986)  acc1: 0.0000 (0.0044)  acc5: 0.7812 (0.6101)  family_acc1: 38.2812 (37.6141)  manu_acc1: 58.9844 (57.2595)  time: 0.6192  data: 0.3466  max mem: 11382
Test:  [ 89/391]  eta: 0:03:00  sploss: 9.7229 (9.7791)  famloss: 3.0665 (3.0928)  manuloss: 1.9883 (2.0971)  acc1: 0.0000 (0.0043)  acc5: 0.7812 (0.6076)  family_acc1: 38.2812 (37.5911)  manu_acc1: 59.3750 (57.3134)  time: 0.6166  data: 0.3466  max mem: 11382
Test:  [ 90/391]  eta: 0:02:58  sploss: 9.7110 (9.7722)  famloss: 3.0665 (3.0926)  manuloss: 1.9883 (2.0976)  acc1: 0.0000 (0.0043)  acc5: 0.7812 (0.6310)  family_acc1: 38.2812 (37.5515)  manu_acc1: 58.9844 (57.3189)  time: 0.6143  data: 0.3466  max mem: 11382
Test:  [ 91/391]  eta: 0:02:56  sploss: 9.7110 (9.7702)  famloss: 3.0745 (3.0970)  manuloss: 2.1119 (2.1011)  acc1: 0.0000 (0.0042)  acc5: 0.7812 (0.6369)  family_acc1: 37.1094 (37.4873)  manu_acc1: 58.2031 (57.2563)  time: 0.6124  data: 0.3466  max mem: 11382
Test:  [ 92/391]  eta: 0:02:55  sploss: 9.6859 (9.7693)  famloss: 3.0944 (3.1015)  manuloss: 2.1120 (2.1033)  acc1: 0.0000 (0.0042)  acc5: 0.7812 (0.6426)  family_acc1: 36.7188 (37.4286)  manu_acc1: 57.8125 (57.2203)  time: 0.5109  data: 0.2456  max mem: 11382
Test:  [ 93/391]  eta: 0:02:53  sploss: 9.6559 (9.7675)  famloss: 3.1119 (3.1024)  manuloss: 2.1318 (2.1036)  acc1: 0.0000 (0.0042)  acc5: 0.7812 (0.6483)  family_acc1: 36.7188 (37.4294)  manu_acc1: 57.8125 (57.2557)  time: 0.4384  data: 0.1753  max mem: 11382
Test:  [ 94/391]  eta: 0:02:51  sploss: 9.6559 (9.7678)  famloss: 3.1152 (3.1042)  manuloss: 2.1318 (2.1038)  acc1: 0.0000 (0.0041)  acc5: 0.7812 (0.6456)  family_acc1: 36.7188 (37.4260)  manu_acc1: 57.8125 (57.2286)  time: 0.4358  data: 0.1753  max mem: 11382
Test:  [ 95/391]  eta: 0:02:50  sploss: 9.6559 (9.7677)  famloss: 3.1551 (3.1064)  manuloss: 2.1470 (2.1060)  acc1: 0.0000 (0.0041)  acc5: 0.7812 (0.6470)  family_acc1: 36.7188 (37.4268)  manu_acc1: 57.8125 (57.2103)  time: 0.4356  data: 0.1753  max mem: 11382
Test:  [ 96/391]  eta: 0:02:51  sploss: 9.6492 (9.7660)  famloss: 3.1692 (3.1076)  manuloss: 2.1520 (2.1070)  acc1: 0.0000 (0.0040)  acc5: 0.7812 (0.6524)  family_acc1: 36.3281 (37.4034)  manu_acc1: 57.4219 (57.2125)  time: 0.4846  data: 0.2242  max mem: 11382
Test:  [ 97/391]  eta: 0:02:58  sploss: 9.6443 (9.7643)  famloss: 3.1861 (3.1094)  manuloss: 2.1672 (2.1083)  acc1: 0.0000 (0.0040)  acc5: 0.7812 (0.6497)  family_acc1: 35.5469 (37.3605)  manu_acc1: 57.4219 (57.1668)  time: 0.6139  data: 0.3531  max mem: 11382
Test:  [ 98/391]  eta: 0:02:56  sploss: 9.6443 (9.7649)  famloss: 3.2224 (3.1126)  manuloss: 2.1672 (2.1127)  acc1: 0.0000 (0.0039)  acc5: 0.7812 (0.6471)  family_acc1: 35.1562 (37.2948)  manu_acc1: 57.4219 (57.0825)  time: 0.6139  data: 0.3531  max mem: 11382
Test:  [ 99/391]  eta: 0:02:54  sploss: 9.6443 (9.7663)  famloss: 3.2224 (3.1134)  manuloss: 2.1806 (2.1149)  acc1: 0.0000 (0.0039)  acc5: 0.7812 (0.6484)  family_acc1: 34.7656 (37.2695)  manu_acc1: 57.0312 (57.0039)  time: 0.6109  data: 0.3531  max mem: 11382
Test:  [100/391]  eta: 0:02:53  sploss: 9.6443 (9.7661)  famloss: 3.1956 (3.1134)  manuloss: 2.1806 (2.1143)  acc1: 0.0000 (0.0039)  acc5: 0.7812 (0.6420)  family_acc1: 35.1562 (37.2989)  manu_acc1: 57.0312 (57.0196)  time: 0.6088  data: 0.3531  max mem: 11382
Test:  [101/391]  eta: 0:02:51  sploss: 9.6443 (9.7677)  famloss: 3.1956 (3.1141)  manuloss: 2.1875 (2.1158)  acc1: 0.0000 (0.0038)  acc5: 0.7812 (0.6396)  family_acc1: 35.1562 (37.2894)  manu_acc1: 55.4688 (57.0006)  time: 0.6066  data: 0.3531  max mem: 11382
Test:  [102/391]  eta: 0:02:49  sploss: 9.6443 (9.7682)  famloss: 3.1956 (3.1162)  manuloss: 2.1875 (2.1191)  acc1: 0.0000 (0.0038)  acc5: 0.7812 (0.6409)  family_acc1: 35.1562 (37.2156)  manu_acc1: 55.4688 (56.9137)  time: 0.6062  data: 0.3531  max mem: 11382
Test:  [103/391]  eta: 0:02:48  sploss: 9.6492 (9.7694)  famloss: 3.1956 (3.1160)  manuloss: 2.1947 (2.1203)  acc1: 0.0000 (0.0038)  acc5: 0.3906 (0.6348)  family_acc1: 35.1562 (37.2033)  manu_acc1: 55.4688 (56.9148)  time: 0.6032  data: 0.3531  max mem: 11382
Test:  [104/391]  eta: 0:02:46  sploss: 9.6859 (9.7715)  famloss: 3.1956 (3.1235)  manuloss: 2.2050 (2.1259)  acc1: 0.0000 (0.0037)  acc5: 0.3906 (0.6287)  family_acc1: 35.1562 (37.0722)  manu_acc1: 55.0781 (56.8192)  time: 0.5390  data: 0.2890  max mem: 11382
Test:  [105/391]  eta: 0:02:45  sploss: 9.7520 (9.7728)  famloss: 3.2224 (3.1257)  manuloss: 2.2223 (2.1268)  acc1: 0.0000 (0.0074)  acc5: 0.3906 (0.6265)  family_acc1: 35.1562 (37.0688)  manu_acc1: 55.0781 (56.8065)  time: 0.4278  data: 0.1782  max mem: 11382
Test:  [106/391]  eta: 0:02:43  sploss: 9.7546 (9.7745)  famloss: 3.2251 (3.1280)  manuloss: 2.2223 (2.1274)  acc1: 0.0000 (0.0073)  acc5: 0.3906 (0.6243)  family_acc1: 34.7656 (37.0291)  manu_acc1: 55.0781 (56.8013)  time: 0.4244  data: 0.1782  max mem: 11382
Test:  [107/391]  eta: 0:02:42  sploss: 9.7546 (9.7758)  famloss: 3.2752 (3.1298)  manuloss: 2.2345 (2.1287)  acc1: 0.0000 (0.0072)  acc5: 0.3906 (0.6257)  family_acc1: 34.7656 (37.0045)  manu_acc1: 54.6875 (56.7636)  time: 0.4216  data: 0.1782  max mem: 11382
Test:  [108/391]  eta: 0:02:42  sploss: 9.7984 (9.7767)  famloss: 3.2823 (3.1316)  manuloss: 2.2487 (2.1318)  acc1: 0.0000 (0.0072)  acc5: 0.3906 (0.6200)  family_acc1: 34.7656 (36.9947)  manu_acc1: 54.6875 (56.6944)  time: 0.4574  data: 0.2122  max mem: 11382
Test:  [109/391]  eta: 0:02:47  sploss: 9.8212 (9.7791)  famloss: 3.2823 (3.1324)  manuloss: 2.2635 (2.1344)  acc1: 0.0000 (0.0107)  acc5: 0.3906 (0.6214)  family_acc1: 34.7656 (36.9744)  manu_acc1: 53.9062 (56.6371)  time: 0.5719  data: 0.3250  max mem: 11382
Test:  [110/391]  eta: 0:02:45  sploss: 9.8255 (9.7824)  famloss: 3.2823 (3.1324)  manuloss: 2.2714 (2.1372)  acc1: 0.0000 (0.0106)  acc5: 0.3906 (0.6194)  family_acc1: 34.7656 (36.9581)  manu_acc1: 52.7344 (56.5597)  time: 0.5747  data: 0.3250  max mem: 11382
Test:  [111/391]  eta: 0:02:44  sploss: 9.8801 (9.7863)  famloss: 3.2819 (3.1338)  manuloss: 2.2714 (2.1407)  acc1: 0.0000 (0.0140)  acc5: 0.3906 (0.6173)  family_acc1: 34.7656 (36.9315)  manu_acc1: 52.7344 (56.4837)  time: 0.5759  data: 0.3250  max mem: 11382
Test:  [112/391]  eta: 0:02:43  sploss: 9.8974 (9.7893)  famloss: 3.2819 (3.1355)  manuloss: 2.2714 (2.1451)  acc1: 0.0000 (0.0138)  acc5: 0.3906 (0.6153)  family_acc1: 34.7656 (36.8950)  manu_acc1: 52.7344 (56.3710)  time: 0.5754  data: 0.3250  max mem: 11382
Test:  [113/391]  eta: 0:02:41  sploss: 9.8984 (9.7905)  famloss: 3.2819 (3.1367)  manuloss: 2.3126 (2.1473)  acc1: 0.0000 (0.0137)  acc5: 0.3906 (0.6168)  family_acc1: 34.7656 (36.8764)  manu_acc1: 50.3906 (56.3083)  time: 0.5774  data: 0.3250  max mem: 11382
Test:  [114/391]  eta: 0:02:40  sploss: 9.8984 (9.7910)  famloss: 3.2819 (3.1363)  manuloss: 2.3396 (2.1500)  acc1: 0.0000 (0.0136)  acc5: 0.3906 (0.6114)  family_acc1: 34.7656 (36.8716)  manu_acc1: 49.2188 (56.2228)  time: 0.5799  data: 0.3250  max mem: 11382
Test:  [115/391]  eta: 0:02:39  sploss: 9.9029 (9.7929)  famloss: 3.2681 (3.1361)  manuloss: 2.3396 (2.1512)  acc1: 0.0000 (0.0135)  acc5: 0.3906 (0.6061)  family_acc1: 34.7656 (36.8939)  manu_acc1: 49.2188 (56.1860)  time: 0.5804  data: 0.3250  max mem: 11382
Test:  [116/391]  eta: 0:02:37  sploss: 9.9093 (9.7967)  famloss: 3.2681 (3.1358)  manuloss: 2.3396 (2.1508)  acc1: 0.0000 (0.0134)  acc5: 0.3906 (0.6010)  family_acc1: 34.7656 (36.9091)  manu_acc1: 49.2188 (56.1932)  time: 0.5326  data: 0.2762  max mem: 11382
Test:  [117/391]  eta: 0:02:36  sploss: 9.9205 (9.7985)  famloss: 3.2232 (3.1362)  manuloss: 2.3396 (2.1521)  acc1: 0.0000 (0.0132)  acc5: 0.3906 (0.6091)  family_acc1: 34.7656 (36.9273)  manu_acc1: 49.2188 (56.1441)  time: 0.4054  data: 0.1473  max mem: 11382
Test:  [118/391]  eta: 0:02:35  sploss: 9.9260 (9.8001)  famloss: 3.2232 (3.1372)  manuloss: 2.3060 (2.1528)  acc1: 0.0000 (0.0131)  acc5: 0.3906 (0.6106)  family_acc1: 35.1562 (36.9288)  manu_acc1: 50.3906 (56.1088)  time: 0.4048  data: 0.1472  max mem: 11382
Test:  [119/391]  eta: 0:02:34  sploss: 9.9260 (9.8006)  famloss: 3.2232 (3.1355)  manuloss: 2.2817 (2.1510)  acc1: 0.0000 (0.0130)  acc5: 0.3906 (0.6087)  family_acc1: 35.9375 (36.9596)  manu_acc1: 50.3906 (56.1491)  time: 0.4070  data: 0.1472  max mem: 11382
Test:  [120/391]  eta: 0:02:33  sploss: 9.9260 (9.7997)  famloss: 3.2232 (3.1340)  manuloss: 2.2817 (2.1502)  acc1: 0.0000 (0.0129)  acc5: 0.3906 (0.6134)  family_acc1: 35.9375 (37.0028)  manu_acc1: 50.3906 (56.1564)  time: 0.4129  data: 0.1517  max mem: 11382
Test:  [121/391]  eta: 0:02:37  sploss: 9.9260 (9.8005)  famloss: 3.2232 (3.1341)  manuloss: 2.2817 (2.1511)  acc1: 0.0000 (0.0128)  acc5: 0.3906 (0.6148)  family_acc1: 35.1562 (36.9717)  manu_acc1: 50.3906 (56.1379)  time: 0.5529  data: 0.2900  max mem: 11382
Test:  [122/391]  eta: 0:02:36  sploss: 9.9260 (9.8001)  famloss: 3.1925 (3.1340)  manuloss: 2.2714 (2.1508)  acc1: 0.0000 (0.0127)  acc5: 0.3906 (0.6161)  family_acc1: 35.9375 (36.9982)  manu_acc1: 51.9531 (56.1357)  time: 0.5532  data: 0.2900  max mem: 11382
Test:  [123/391]  eta: 0:02:35  sploss: 9.9260 (9.8000)  famloss: 3.1925 (3.1330)  manuloss: 2.2714 (2.1503)  acc1: 0.0000 (0.0126)  acc5: 0.3906 (0.6111)  family_acc1: 35.9375 (37.0086)  manu_acc1: 51.9531 (56.1208)  time: 0.5574  data: 0.2900  max mem: 11382
Test:  [124/391]  eta: 0:02:34  sploss: 9.9093 (9.8000)  famloss: 3.1469 (3.1329)  manuloss: 2.2589 (2.1509)  acc1: 0.0000 (0.0125)  acc5: 0.3906 (0.6125)  family_acc1: 36.3281 (37.0063)  manu_acc1: 51.9531 (56.1219)  time: 0.5618  data: 0.2901  max mem: 11382
Test:  [125/391]  eta: 0:02:33  sploss: 9.9093 (9.8003)  famloss: 3.1311 (3.1322)  manuloss: 2.2589 (2.1508)  acc1: 0.0000 (0.0124)  acc5: 0.3906 (0.6076)  family_acc1: 36.3281 (37.0164)  manu_acc1: 51.9531 (56.1353)  time: 0.5632  data: 0.2901  max mem: 11382
Test:  [126/391]  eta: 0:02:31  sploss: 9.9008 (9.7991)  famloss: 3.1202 (3.1295)  manuloss: 2.2589 (2.1476)  acc1: 0.0000 (0.0123)  acc5: 0.3906 (0.6121)  family_acc1: 36.7188 (37.0540)  manu_acc1: 51.9531 (56.1823)  time: 0.5643  data: 0.2901  max mem: 11382
Test:  [127/391]  eta: 0:02:30  sploss: 9.8801 (9.7978)  famloss: 3.1161 (3.1282)  manuloss: 2.2396 (2.1458)  acc1: 0.0000 (0.0122)  acc5: 0.3906 (0.6073)  family_acc1: 37.1094 (37.0728)  manu_acc1: 51.9531 (56.2347)  time: 0.5680  data: 0.2901  max mem: 11382
Test:  [128/391]  eta: 0:02:29  sploss: 9.8590 (9.7971)  famloss: 3.1116 (3.1281)  manuloss: 2.2318 (2.1459)  acc1: 0.0000 (0.0121)  acc5: 0.3906 (0.6117)  family_acc1: 38.2812 (37.0852)  manu_acc1: 53.9062 (56.2227)  time: 0.5334  data: 0.2562  max mem: 11382
Test:  [129/391]  eta: 0:02:28  sploss: 9.8590 (9.7986)  famloss: 3.1090 (3.1268)  manuloss: 2.1577 (2.1445)  acc1: 0.0000 (0.0120)  acc5: 0.3906 (0.6070)  family_acc1: 38.2812 (37.0944)  manu_acc1: 54.2969 (56.2590)  time: 0.4212  data: 0.1433  max mem: 11382
Test:  [130/391]  eta: 0:02:27  sploss: 9.8590 (9.7995)  famloss: 3.1010 (3.1255)  manuloss: 2.1314 (2.1439)  acc1: 0.0000 (0.0119)  acc5: 0.3906 (0.6113)  family_acc1: 38.2812 (37.1183)  manu_acc1: 54.6875 (56.2649)  time: 0.4204  data: 0.1433  max mem: 11382
Test:  [131/391]  eta: 0:02:26  sploss: 9.8502 (9.7997)  famloss: 3.0933 (3.1244)  manuloss: 2.1122 (2.1423)  acc1: 0.0000 (0.0118)  acc5: 0.3906 (0.6096)  family_acc1: 38.2812 (37.1271)  manu_acc1: 55.8594 (56.2914)  time: 0.4207  data: 0.1433  max mem: 11382
Test:  [132/391]  eta: 0:02:25  sploss: 9.8396 (9.7979)  famloss: 3.0411 (3.1229)  manuloss: 2.1068 (2.1409)  acc1: 0.0000 (0.0117)  acc5: 0.7812 (0.6138)  family_acc1: 38.6719 (37.1476)  manu_acc1: 56.2500 (56.3176)  time: 0.4447  data: 0.1674  max mem: 11382
Test:  [133/391]  eta: 0:02:29  sploss: 9.8254 (9.7971)  famloss: 3.0162 (3.1208)  manuloss: 2.0853 (2.1402)  acc1: 0.0000 (0.0117)  acc5: 0.3906 (0.6122)  family_acc1: 38.6719 (37.1823)  manu_acc1: 57.0312 (56.3404)  time: 0.5600  data: 0.2824  max mem: 11382
Test:  [134/391]  eta: 0:02:28  sploss: 9.8026 (9.7966)  famloss: 2.9702 (3.1196)  manuloss: 2.0646 (2.1389)  acc1: 0.0000 (0.0116)  acc5: 0.3906 (0.6105)  family_acc1: 39.0625 (37.2020)  manu_acc1: 57.0312 (56.3513)  time: 0.5594  data: 0.2824  max mem: 11382
Test:  [135/391]  eta: 0:02:26  sploss: 9.7854 (9.7957)  famloss: 2.9674 (3.1174)  manuloss: 2.0555 (2.1363)  acc1: 0.0000 (0.0115)  acc5: 0.3906 (0.6089)  family_acc1: 39.0625 (37.2530)  manu_acc1: 57.0312 (56.3850)  time: 0.5595  data: 0.2824  max mem: 11382
Test:  [136/391]  eta: 0:02:25  sploss: 9.7470 (9.7933)  famloss: 2.9629 (3.1162)  manuloss: 2.0490 (2.1346)  acc1: 0.0000 (0.0143)  acc5: 0.7812 (0.6102)  family_acc1: 39.0625 (37.2434)  manu_acc1: 57.8125 (56.4182)  time: 0.5585  data: 0.2824  max mem: 11382
Test:  [137/391]  eta: 0:02:24  sploss: 9.7329 (9.7925)  famloss: 2.9624 (3.1148)  manuloss: 1.9631 (2.1330)  acc1: 0.0000 (0.0142)  acc5: 0.7812 (0.6142)  family_acc1: 38.6719 (37.2368)  manu_acc1: 57.8125 (56.4397)  time: 0.5576  data: 0.2824  max mem: 11382
Test:  [138/391]  eta: 0:02:23  sploss: 9.7329 (9.7928)  famloss: 2.9624 (3.1146)  manuloss: 1.9631 (2.1319)  acc1: 0.0000 (0.0141)  acc5: 0.3906 (0.6098)  family_acc1: 38.6719 (37.2218)  manu_acc1: 59.3750 (56.4608)  time: 0.5598  data: 0.2824  max mem: 11382
Test:  [139/391]  eta: 0:02:22  sploss: 9.7329 (9.7936)  famloss: 2.9629 (3.1145)  manuloss: 1.9888 (2.1309)  acc1: 0.0000 (0.0140)  acc5: 0.3906 (0.6055)  family_acc1: 38.2812 (37.2070)  manu_acc1: 59.3750 (56.4872)  time: 0.5601  data: 0.2824  max mem: 11382
Test:  [140/391]  eta: 0:02:21  sploss: 9.7329 (9.7914)  famloss: 2.9629 (3.1117)  manuloss: 1.9631 (2.1286)  acc1: 0.0000 (0.0139)  acc5: 0.3906 (0.6095)  family_acc1: 38.2812 (37.2479)  manu_acc1: 59.3750 (56.5381)  time: 0.5567  data: 0.2779  max mem: 11382
Test:  [141/391]  eta: 0:02:20  sploss: 9.7090 (9.7893)  famloss: 2.9624 (3.1096)  manuloss: 1.9596 (2.1267)  acc1: 0.0000 (0.0138)  acc5: 0.3906 (0.6079)  family_acc1: 38.6719 (37.2689)  manu_acc1: 59.3750 (56.5801)  time: 0.4172  data: 0.1396  max mem: 11382
Test:  [142/391]  eta: 0:02:19  sploss: 9.7090 (9.7901)  famloss: 2.9624 (3.1092)  manuloss: 1.9596 (2.1261)  acc1: 0.0000 (0.0137)  acc5: 0.3906 (0.6064)  family_acc1: 38.2812 (37.2678)  manu_acc1: 59.3750 (56.5778)  time: 0.4140  data: 0.1396  max mem: 11382
Test:  [143/391]  eta: 0:02:17  sploss: 9.6901 (9.7892)  famloss: 2.9621 (3.1065)  manuloss: 1.9568 (2.1244)  acc1: 0.0000 (0.0136)  acc5: 0.3906 (0.6049)  family_acc1: 38.6719 (37.3318)  manu_acc1: 59.7656 (56.6216)  time: 0.4095  data: 0.1396  max mem: 11382
Test:  [144/391]  eta: 0:02:18  sploss: 9.6901 (9.7888)  famloss: 2.9541 (3.1048)  manuloss: 1.9384 (2.1229)  acc1: 0.0000 (0.0135)  acc5: 0.3906 (0.6088)  family_acc1: 39.4531 (37.3518)  manu_acc1: 59.7656 (56.6487)  time: 0.4525  data: 0.1872  max mem: 11382
Test:  [145/391]  eta: 0:02:20  sploss: 9.6901 (9.7886)  famloss: 2.9541 (3.1044)  manuloss: 1.9384 (2.1226)  acc1: 0.0000 (0.0134)  acc5: 0.3906 (0.6047)  family_acc1: 39.4531 (37.3555)  manu_acc1: 59.7656 (56.6460)  time: 0.5413  data: 0.2787  max mem: 11382
Test:  [146/391]  eta: 0:02:19  sploss: 9.7090 (9.7883)  famloss: 2.9621 (3.1042)  manuloss: 1.9568 (2.1221)  acc1: 0.0000 (0.0133)  acc5: 0.3906 (0.6006)  family_acc1: 38.6719 (37.3618)  manu_acc1: 59.7656 (56.6513)  time: 0.5415  data: 0.2787  max mem: 11382
Test:  [147/391]  eta: 0:02:18  sploss: 9.7283 (9.7881)  famloss: 2.9541 (3.1030)  manuloss: 1.9596 (2.1220)  acc1: 0.0000 (0.0132)  acc5: 0.3906 (0.5991)  family_acc1: 38.6719 (37.3786)  manu_acc1: 59.3750 (56.6538)  time: 0.5407  data: 0.2787  max mem: 11382
Test:  [148/391]  eta: 0:02:17  sploss: 9.7283 (9.7871)  famloss: 2.9417 (3.1020)  manuloss: 1.9568 (2.1204)  acc1: 0.0000 (0.0131)  acc5: 0.3906 (0.6030)  family_acc1: 39.0625 (37.3899)  manu_acc1: 59.7656 (56.6826)  time: 0.5421  data: 0.2787  max mem: 11382
Test:  [149/391]  eta: 0:02:16  sploss: 9.7283 (9.7886)  famloss: 2.9417 (3.1019)  manuloss: 1.9568 (2.1199)  acc1: 0.0000 (0.0130)  acc5: 0.3906 (0.6016)  family_acc1: 39.8438 (37.4115)  manu_acc1: 59.3750 (56.6979)  time: 0.5425  data: 0.2787  max mem: 11382
Test:  [150/391]  eta: 0:02:15  sploss: 9.7283 (9.7896)  famloss: 2.9417 (3.1011)  manuloss: 1.9384 (2.1170)  acc1: 0.0000 (0.0129)  acc5: 0.3906 (0.6028)  family_acc1: 39.0625 (37.4069)  manu_acc1: 59.7656 (56.7441)  time: 0.5429  data: 0.2787  max mem: 11382
Test:  [151/391]  eta: 0:02:14  sploss: 9.7283 (9.7907)  famloss: 2.9407 (3.1001)  manuloss: 1.9568 (2.1164)  acc1: 0.0000 (0.0128)  acc5: 0.3906 (0.6014)  family_acc1: 39.8438 (37.4255)  manu_acc1: 59.3750 (56.7409)  time: 0.5441  data: 0.2787  max mem: 11382
Test:  [152/391]  eta: 0:02:13  sploss: 9.7329 (9.7906)  famloss: 2.9407 (3.0985)  manuloss: 1.9166 (2.1146)  acc1: 0.0000 (0.0128)  acc5: 0.3906 (0.6025)  family_acc1: 39.8438 (37.4617)  manu_acc1: 59.3750 (56.7862)  time: 0.5198  data: 0.2546  max mem: 11382
Test:  [153/391]  eta: 0:02:12  sploss: 9.7408 (9.7909)  famloss: 2.9407 (3.0969)  manuloss: 1.9166 (2.1134)  acc1: 0.0000 (0.0127)  acc5: 0.3906 (0.6012)  family_acc1: 39.0625 (37.4645)  manu_acc1: 59.3750 (56.8030)  time: 0.4041  data: 0.1396  max mem: 11382
Test:  [154/391]  eta: 0:02:11  sploss: 9.7627 (9.7930)  famloss: 2.9407 (3.0982)  manuloss: 1.9166 (2.1148)  acc1: 0.0000 (0.0126)  acc5: 0.3906 (0.5973)  family_acc1: 38.2812 (37.4446)  manu_acc1: 59.3750 (56.7641)  time: 0.4046  data: 0.1396  max mem: 11382
Test:  [155/391]  eta: 0:02:10  sploss: 9.7627 (9.7927)  famloss: 2.9417 (3.0979)  manuloss: 1.9166 (2.1133)  acc1: 0.0000 (0.0125)  acc5: 0.3906 (0.6010)  family_acc1: 38.2812 (37.4574)  manu_acc1: 59.3750 (56.7884)  time: 0.4044  data: 0.1397  max mem: 11382
Test:  [156/391]  eta: 0:02:10  sploss: 9.7659 (9.7929)  famloss: 2.9417 (3.0992)  manuloss: 1.9241 (2.1138)  acc1: 0.0000 (0.0124)  acc5: 0.3906 (0.5996)  family_acc1: 38.2812 (37.4278)  manu_acc1: 59.3750 (56.7725)  time: 0.4454  data: 0.1806  max mem: 11382
Test:  [157/391]  eta: 0:02:11  sploss: 9.7668 (9.7941)  famloss: 2.9904 (3.1003)  manuloss: 1.9888 (2.1151)  acc1: 0.0000 (0.0124)  acc5: 0.3906 (0.5983)  family_acc1: 38.2812 (37.4085)  manu_acc1: 59.3750 (56.7420)  time: 0.5236  data: 0.2602  max mem: 11382
Test:  [158/391]  eta: 0:02:10  sploss: 9.7668 (9.7949)  famloss: 2.9904 (3.1008)  manuloss: 1.9897 (2.1149)  acc1: 0.0000 (0.0123)  acc5: 0.3906 (0.5970)  family_acc1: 38.2812 (37.4091)  manu_acc1: 58.9844 (56.7438)  time: 0.5210  data: 0.2602  max mem: 11382
Test:  [159/391]  eta: 0:02:09  sploss: 9.7668 (9.7950)  famloss: 2.9781 (3.1000)  manuloss: 2.0323 (2.1151)  acc1: 0.0000 (0.0122)  acc5: 0.3906 (0.5981)  family_acc1: 39.0625 (37.4438)  manu_acc1: 58.9844 (56.7603)  time: 0.5210  data: 0.2602  max mem: 11382
Test:  [160/391]  eta: 0:02:08  sploss: 9.7668 (9.7931)  famloss: 2.9904 (3.1011)  manuloss: 2.0390 (2.1162)  acc1: 0.0000 (0.0121)  acc5: 0.3906 (0.6041)  family_acc1: 38.2812 (37.4296)  manu_acc1: 57.4219 (56.7450)  time: 0.5194  data: 0.2601  max mem: 11382
Test:  [161/391]  eta: 0:02:07  sploss: 9.7668 (9.7916)  famloss: 3.0382 (3.1021)  manuloss: 2.0431 (2.1172)  acc1: 0.0000 (0.0121)  acc5: 0.3906 (0.6149)  family_acc1: 37.8906 (37.4204)  manu_acc1: 57.0312 (56.7274)  time: 0.5203  data: 0.2601  max mem: 11382
Test:  [162/391]  eta: 0:02:06  sploss: 9.7668 (9.7919)  famloss: 3.0382 (3.1026)  manuloss: 2.0450 (2.1171)  acc1: 0.0000 (0.0120)  acc5: 0.3906 (0.6135)  family_acc1: 37.8906 (37.4113)  manu_acc1: 57.0312 (56.7245)  time: 0.5226  data: 0.2601  max mem: 11382
Test:  [163/391]  eta: 0:02:05  sploss: 9.8150 (9.7920)  famloss: 3.0461 (3.1044)  manuloss: 2.0830 (2.1189)  acc1: 0.0000 (0.0119)  acc5: 0.3906 (0.6121)  family_acc1: 37.8906 (37.3857)  manu_acc1: 57.0312 (56.6930)  time: 0.5253  data: 0.2601  max mem: 11382
Test:  [164/391]  eta: 0:02:05  sploss: 9.8150 (9.7920)  famloss: 3.0697 (3.1054)  manuloss: 2.0830 (2.1184)  acc1: 0.0000 (0.0118)  acc5: 0.3906 (0.6084)  family_acc1: 37.8906 (37.4029)  manu_acc1: 57.0312 (56.7140)  time: 0.4769  data: 0.2125  max mem: 11382
Test:  [165/391]  eta: 0:02:04  sploss: 9.8150 (9.7919)  famloss: 3.0697 (3.1046)  manuloss: 2.0544 (2.1180)  acc1: 0.0000 (0.0118)  acc5: 0.3906 (0.6095)  family_acc1: 37.8906 (37.4176)  manu_acc1: 57.0312 (56.7089)  time: 0.3869  data: 0.1210  max mem: 11382
Test:  [166/391]  eta: 0:02:03  sploss: 9.8167 (9.7921)  famloss: 3.0869 (3.1050)  manuloss: 2.0830 (2.1190)  acc1: 0.0000 (0.0117)  acc5: 0.3906 (0.6105)  family_acc1: 37.5000 (37.4181)  manu_acc1: 56.2500 (56.6851)  time: 0.3842  data: 0.1210  max mem: 11382
Test:  [167/391]  eta: 0:02:02  sploss: 9.8167 (9.7916)  famloss: 3.1078 (3.1050)  manuloss: 2.0544 (2.1185)  acc1: 0.0000 (0.0116)  acc5: 0.3906 (0.6115)  family_acc1: 37.5000 (37.4163)  manu_acc1: 56.2500 (56.6964)  time: 0.3821  data: 0.1210  max mem: 11382
Test:  [168/391]  eta: 0:02:03  sploss: 9.8231 (9.7922)  famloss: 3.1078 (3.1048)  manuloss: 2.0830 (2.1187)  acc1: 0.0000 (0.0116)  acc5: 0.3906 (0.6079)  family_acc1: 37.1094 (37.4122)  manu_acc1: 56.2500 (56.6984)  time: 0.4606  data: 0.1997  max mem: 11382
Test:  [169/391]  eta: 0:02:04  sploss: 9.8231 (9.7926)  famloss: 3.1776 (3.1071)  manuloss: 2.0966 (2.1210)  acc1: 0.0000 (0.0115)  acc5: 0.3906 (0.6043)  family_acc1: 36.7188 (37.3621)  manu_acc1: 56.2500 (56.6475)  time: 0.5460  data: 0.2846  max mem: 11382
Test:  [170/391]  eta: 0:02:03  sploss: 9.8167 (9.7919)  famloss: 3.1800 (3.1076)  manuloss: 2.1319 (2.1211)  acc1: 0.0000 (0.0114)  acc5: 0.3906 (0.6054)  family_acc1: 36.7188 (37.3561)  manu_acc1: 56.2500 (56.6612)  time: 0.5465  data: 0.2846  max mem: 11382
Test:  [171/391]  eta: 0:02:02  sploss: 9.8167 (9.7924)  famloss: 3.1800 (3.1077)  manuloss: 2.1319 (2.1202)  acc1: 0.0000 (0.0114)  acc5: 0.3906 (0.6041)  family_acc1: 36.7188 (37.3683)  manu_acc1: 56.2500 (56.6792)  time: 0.5444  data: 0.2845  max mem: 11382
Test:  [172/391]  eta: 0:02:01  sploss: 9.8167 (9.7921)  famloss: 3.1887 (3.1091)  manuloss: 2.1324 (2.1216)  acc1: 0.0000 (0.0113)  acc5: 0.3906 (0.6006)  family_acc1: 36.3281 (37.3510)  manu_acc1: 55.8594 (56.6632)  time: 0.5435  data: 0.2845  max mem: 11382
Test:  [173/391]  eta: 0:02:00  sploss: 9.8150 (9.7917)  famloss: 3.1948 (3.1096)  manuloss: 2.1324 (2.1201)  acc1: 0.0000 (0.0135)  acc5: 0.3906 (0.6039)  family_acc1: 36.3281 (37.3541)  manu_acc1: 55.8594 (56.6945)  time: 0.5434  data: 0.2845  max mem: 11382
Test:  [174/391]  eta: 0:01:59  sploss: 9.7962 (9.7909)  famloss: 3.1887 (3.1093)  manuloss: 2.1319 (2.1188)  acc1: 0.0000 (0.0134)  acc5: 0.3906 (0.6049)  family_acc1: 36.3281 (37.3438)  manu_acc1: 56.2500 (56.7188)  time: 0.5428  data: 0.2845  max mem: 11382
Test:  [175/391]  eta: 0:01:58  sploss: 9.8150 (9.7913)  famloss: 3.1948 (3.1112)  manuloss: 2.1324 (2.1196)  acc1: 0.0000 (0.0133)  acc5: 0.3906 (0.6015)  family_acc1: 35.9375 (37.2980)  manu_acc1: 56.2500 (56.7183)  time: 0.5404  data: 0.2845  max mem: 11382
Test:  [176/391]  eta: 0:01:58  sploss: 9.8150 (9.7917)  famloss: 3.1948 (3.1127)  manuloss: 2.1324 (2.1202)  acc1: 0.0000 (0.0132)  acc5: 0.3906 (0.5981)  family_acc1: 36.3281 (37.2948)  manu_acc1: 56.6406 (56.7223)  time: 0.4970  data: 0.2436  max mem: 11382
Test:  [177/391]  eta: 0:01:57  sploss: 9.7962 (9.7915)  famloss: 3.1948 (3.1153)  manuloss: 2.1324 (2.1222)  acc1: 0.0000 (0.0132)  acc5: 0.3906 (0.6035)  family_acc1: 36.3281 (37.2608)  manu_acc1: 56.6406 (56.6801)  time: 0.4179  data: 0.1640  max mem: 11382
Test:  [178/391]  eta: 0:01:56  sploss: 9.7632 (9.7902)  famloss: 3.1948 (3.1155)  manuloss: 2.1324 (2.1212)  acc1: 0.0000 (0.0131)  acc5: 0.7812 (0.6089)  family_acc1: 36.3281 (37.2643)  manu_acc1: 56.6406 (56.7017)  time: 0.4189  data: 0.1640  max mem: 11382
Test:  [179/391]  eta: 0:01:55  sploss: 9.7632 (9.7907)  famloss: 3.2042 (3.1166)  manuloss: 2.1402 (2.1219)  acc1: 0.0000 (0.0130)  acc5: 0.3906 (0.6055)  family_acc1: 35.9375 (37.2439)  manu_acc1: 56.2500 (56.6862)  time: 0.4180  data: 0.1640  max mem: 11382
Test:  [180/391]  eta: 0:01:56  sploss: 9.7632 (9.7904)  famloss: 3.1948 (3.1162)  manuloss: 2.1319 (2.1214)  acc1: 0.0000 (0.0129)  acc5: 0.3906 (0.6086)  family_acc1: 36.3281 (37.2475)  manu_acc1: 56.6406 (56.7011)  time: 0.4944  data: 0.2380  max mem: 11382
Test:  [181/391]  eta: 0:01:57  sploss: 9.7632 (9.7898)  famloss: 3.1948 (3.1169)  manuloss: 2.1173 (2.1214)  acc1: 0.0000 (0.0129)  acc5: 0.3906 (0.6074)  family_acc1: 36.3281 (37.2317)  manu_acc1: 57.0312 (56.7115)  time: 0.5805  data: 0.3229  max mem: 11382
Test:  [182/391]  eta: 0:01:56  sploss: 9.7532 (9.7894)  famloss: 3.2042 (3.1174)  manuloss: 2.1319 (2.1219)  acc1: 0.0000 (0.0128)  acc5: 0.3906 (0.6062)  family_acc1: 36.7188 (37.2332)  manu_acc1: 57.0312 (56.6940)  time: 0.5805  data: 0.3229  max mem: 11382
Test:  [183/391]  eta: 0:01:55  sploss: 9.7532 (9.7893)  famloss: 3.1948 (3.1177)  manuloss: 2.1319 (2.1235)  acc1: 0.0000 (0.0127)  acc5: 0.3906 (0.6050)  family_acc1: 36.7188 (37.2240)  manu_acc1: 57.0312 (56.6703)  time: 0.5811  data: 0.3229  max mem: 11382
Test:  [184/391]  eta: 0:01:54  sploss: 9.7532 (9.7892)  famloss: 3.1948 (3.1189)  manuloss: 2.1402 (2.1251)  acc1: 0.0000 (0.0127)  acc5: 0.3906 (0.6060)  family_acc1: 36.3281 (37.2107)  manu_acc1: 56.6406 (56.6258)  time: 0.5820  data: 0.3229  max mem: 11382
Test:  [185/391]  eta: 0:01:53  sploss: 9.7357 (9.7883)  famloss: 3.1948 (3.1181)  manuloss: 2.1402 (2.1252)  acc1: 0.0000 (0.0126)  acc5: 0.3906 (0.6027)  family_acc1: 36.3281 (37.2165)  manu_acc1: 57.0312 (56.6364)  time: 0.5809  data: 0.3228  max mem: 11382
Test:  [186/391]  eta: 0:01:52  sploss: 9.7357 (9.7881)  famloss: 3.1948 (3.1170)  manuloss: 2.1380 (2.1252)  acc1: 0.0000 (0.0125)  acc5: 0.3906 (0.6037)  family_acc1: 36.3281 (37.2243)  manu_acc1: 57.0312 (56.6323)  time: 0.5839  data: 0.3228  max mem: 11382
Test:  [187/391]  eta: 0:01:52  sploss: 9.7357 (9.7877)  famloss: 3.2042 (3.1179)  manuloss: 2.1402 (2.1262)  acc1: 0.0000 (0.0125)  acc5: 0.3906 (0.6046)  family_acc1: 35.5469 (37.2008)  manu_acc1: 56.6406 (56.6198)  time: 0.5869  data: 0.3229  max mem: 11382
Test:  [188/391]  eta: 0:01:51  sploss: 9.7357 (9.7891)  famloss: 3.2078 (3.1192)  manuloss: 2.2147 (2.1277)  acc1: 0.0000 (0.0124)  acc5: 0.3906 (0.6056)  family_acc1: 35.5469 (37.1920)  manu_acc1: 55.8594 (56.5931)  time: 0.5075  data: 0.2441  max mem: 11382
Test:  [189/391]  eta: 0:01:50  sploss: 9.7351 (9.7888)  famloss: 3.2078 (3.1206)  manuloss: 2.2147 (2.1303)  acc1: 0.0000 (0.0123)  acc5: 0.3906 (0.6024)  family_acc1: 35.5469 (37.1669)  manu_acc1: 55.8594 (56.5378)  time: 0.4221  data: 0.1593  max mem: 11382
Test:  [190/391]  eta: 0:01:49  sploss: 9.7357 (9.7893)  famloss: 3.2436 (3.1213)  manuloss: 2.2229 (2.1311)  acc1: 0.0000 (0.0123)  acc5: 0.3906 (0.5992)  family_acc1: 35.5469 (37.1687)  manu_acc1: 54.6875 (56.5281)  time: 0.4215  data: 0.1593  max mem: 11382
Test:  [191/391]  eta: 0:01:48  sploss: 9.7351 (9.7879)  famloss: 3.2436 (3.1211)  manuloss: 2.2229 (2.1306)  acc1: 0.0000 (0.0122)  acc5: 0.3906 (0.6002)  family_acc1: 35.5469 (37.1724)  manu_acc1: 54.6875 (56.5409)  time: 0.4222  data: 0.1593  max mem: 11382
Test:  [192/391]  eta: 0:01:49  sploss: 9.7351 (9.7884)  famloss: 3.2078 (3.1214)  manuloss: 2.2147 (2.1310)  acc1: 0.0000 (0.0121)  acc5: 0.7812 (0.6011)  family_acc1: 35.5469 (37.1701)  manu_acc1: 55.8594 (56.5415)  time: 0.4932  data: 0.2305  max mem: 11382
Test:  [193/391]  eta: 0:01:49  sploss: 9.7351 (9.7879)  famloss: 3.2436 (3.1223)  manuloss: 2.2229 (2.1324)  acc1: 0.0000 (0.0121)  acc5: 0.7812 (0.6041)  family_acc1: 35.5469 (37.1678)  manu_acc1: 54.6875 (56.4997)  time: 0.5422  data: 0.2795  max mem: 11382
Test:  [194/391]  eta: 0:01:48  sploss: 9.7532 (9.7884)  famloss: 3.2470 (3.1230)  manuloss: 2.2455 (2.1332)  acc1: 0.0000 (0.0120)  acc5: 0.7812 (0.6090)  family_acc1: 35.5469 (37.1595)  manu_acc1: 54.2969 (56.4844)  time: 0.5425  data: 0.2795  max mem: 11382
Test:  [195/391]  eta: 0:01:47  sploss: 9.7351 (9.7876)  famloss: 3.2436 (3.1233)  manuloss: 2.2229 (2.1336)  acc1: 0.0000 (0.0120)  acc5: 0.7812 (0.6099)  family_acc1: 35.9375 (37.1532)  manu_acc1: 54.2969 (56.4812)  time: 0.5442  data: 0.2795  max mem: 11382
Test:  [196/391]  eta: 0:01:46  sploss: 9.7348 (9.7860)  famloss: 3.2078 (3.1232)  manuloss: 2.2147 (2.1335)  acc1: 0.0000 (0.0119)  acc5: 0.7812 (0.6087)  family_acc1: 35.9375 (37.1470)  manu_acc1: 54.2969 (56.4780)  time: 0.5440  data: 0.2795  max mem: 11382
Test:  [197/391]  eta: 0:01:46  sploss: 9.7348 (9.7862)  famloss: 3.1851 (3.1234)  manuloss: 2.2147 (2.1342)  acc1: 0.0000 (0.0118)  acc5: 0.7812 (0.6076)  family_acc1: 35.9375 (37.1528)  manu_acc1: 54.2969 (56.4650)  time: 0.5415  data: 0.2795  max mem: 11382
Test:  [198/391]  eta: 0:01:45  sploss: 9.7348 (9.7860)  famloss: 3.1851 (3.1236)  manuloss: 2.2214 (2.1346)  acc1: 0.0000 (0.0118)  acc5: 0.3906 (0.6046)  family_acc1: 35.9375 (37.1369)  manu_acc1: 54.2969 (56.4561)  time: 0.5382  data: 0.2795  max mem: 11382
Test:  [199/391]  eta: 0:01:44  sploss: 9.7276 (9.7853)  famloss: 3.1851 (3.1251)  manuloss: 2.2214 (2.1359)  acc1: 0.0000 (0.0117)  acc5: 0.7812 (0.6094)  family_acc1: 35.9375 (37.1309)  manu_acc1: 54.2969 (56.4219)  time: 0.5363  data: 0.2795  max mem: 11382
Test:  [200/391]  eta: 0:01:43  sploss: 9.7096 (9.7844)  famloss: 3.1851 (3.1243)  manuloss: 2.2214 (2.1356)  acc1: 0.0000 (0.0117)  acc5: 0.7812 (0.6141)  family_acc1: 35.9375 (37.1230)  manu_acc1: 54.2969 (56.4249)  time: 0.4616  data: 0.2055  max mem: 11382
Test:  [201/391]  eta: 0:01:42  sploss: 9.7276 (9.7847)  famloss: 3.1851 (3.1247)  manuloss: 2.2214 (2.1357)  acc1: 0.0000 (0.0116)  acc5: 0.7812 (0.6111)  family_acc1: 35.9375 (37.1190)  manu_acc1: 54.2969 (56.4260)  time: 0.3778  data: 0.1206  max mem: 11382
Test:  [202/391]  eta: 0:01:42  sploss: 9.7276 (9.7842)  famloss: 3.1851 (3.1251)  manuloss: 2.2214 (2.1361)  acc1: 0.0000 (0.0115)  acc5: 0.7812 (0.6119)  family_acc1: 35.9375 (37.1190)  manu_acc1: 54.6875 (56.4193)  time: 0.3821  data: 0.1206  max mem: 11382
Test:  [203/391]  eta: 0:01:41  sploss: 9.7276 (9.7852)  famloss: 3.1851 (3.1254)  manuloss: 2.2094 (2.1362)  acc1: 0.0000 (0.0115)  acc5: 0.7812 (0.6127)  family_acc1: 35.9375 (37.1324)  manu_acc1: 54.6875 (56.4300)  time: 0.3851  data: 0.1206  max mem: 11382
Test:  [204/391]  eta: 0:01:42  sploss: 9.7276 (9.7854)  famloss: 3.1785 (3.1247)  manuloss: 2.2094 (2.1367)  acc1: 0.0000 (0.0114)  acc5: 0.7812 (0.6136)  family_acc1: 36.3281 (37.1361)  manu_acc1: 54.6875 (56.4196)  time: 0.5103  data: 0.2440  max mem: 11382
Test:  [205/391]  eta: 0:01:42  sploss: 9.7351 (9.7860)  famloss: 3.1851 (3.1254)  manuloss: 2.2214 (2.1388)  acc1: 0.0000 (0.0114)  acc5: 0.7812 (0.6125)  family_acc1: 35.9375 (37.1302)  manu_acc1: 54.6875 (56.3770)  time: 0.5371  data: 0.2697  max mem: 11382
Test:  [206/391]  eta: 0:01:41  sploss: 9.7351 (9.7873)  famloss: 3.1851 (3.1256)  manuloss: 2.2385 (2.1404)  acc1: 0.0000 (0.0113)  acc5: 0.7812 (0.6114)  family_acc1: 35.9375 (37.1358)  manu_acc1: 54.2969 (56.3425)  time: 0.5367  data: 0.2697  max mem: 11382
Test:  [207/391]  eta: 0:01:40  sploss: 9.7351 (9.7868)  famloss: 3.1785 (3.1254)  manuloss: 2.2385 (2.1411)  acc1: 0.0000 (0.0113)  acc5: 0.7812 (0.6141)  family_acc1: 35.9375 (37.1282)  manu_acc1: 54.2969 (56.3289)  time: 0.5353  data: 0.2697  max mem: 11382
Test:  [208/391]  eta: 0:01:40  sploss: 9.7351 (9.7884)  famloss: 3.1785 (3.1267)  manuloss: 2.2385 (2.1426)  acc1: 0.0000 (0.0112)  acc5: 0.7812 (0.6130)  family_acc1: 35.9375 (37.1000)  manu_acc1: 54.2969 (56.2967)  time: 0.5328  data: 0.2697  max mem: 11382
Test:  [209/391]  eta: 0:01:39  sploss: 9.8090 (9.7885)  famloss: 3.1746 (3.1266)  manuloss: 2.2214 (2.1425)  acc1: 0.0000 (0.0112)  acc5: 0.7812 (0.6101)  family_acc1: 36.3281 (37.1112)  manu_acc1: 54.6875 (56.2946)  time: 0.5324  data: 0.2697  max mem: 11382
Test:  [210/391]  eta: 0:01:38  sploss: 9.8090 (9.7890)  famloss: 3.1729 (3.1266)  manuloss: 2.2094 (2.1426)  acc1: 0.0000 (0.0111)  acc5: 0.7812 (0.6091)  family_acc1: 36.3281 (37.1149)  manu_acc1: 54.6875 (56.2963)  time: 0.5329  data: 0.2697  max mem: 11382
Test:  [211/391]  eta: 0:01:37  sploss: 9.8188 (9.7898)  famloss: 3.1746 (3.1270)  manuloss: 2.2094 (2.1429)  acc1: 0.0000 (0.0111)  acc5: 0.3906 (0.6062)  family_acc1: 35.9375 (37.0891)  manu_acc1: 54.2969 (56.2813)  time: 0.5339  data: 0.2697  max mem: 11382
Test:  [212/391]  eta: 0:01:36  sploss: 9.8188 (9.7907)  famloss: 3.1729 (3.1268)  manuloss: 2.2214 (2.1439)  acc1: 0.0000 (0.0128)  acc5: 0.3906 (0.6070)  family_acc1: 35.9375 (37.0855)  manu_acc1: 53.9062 (56.2518)  time: 0.4640  data: 0.1985  max mem: 11382
Test:  [213/391]  eta: 0:01:36  sploss: 9.8296 (9.7910)  famloss: 3.1729 (3.1284)  manuloss: 2.2214 (2.1461)  acc1: 0.0000 (0.0128)  acc5: 0.3906 (0.6060)  family_acc1: 35.9375 (37.0564)  manu_acc1: 53.9062 (56.2153)  time: 0.4145  data: 0.1495  max mem: 11382
Test:  [214/391]  eta: 0:01:35  sploss: 9.8296 (9.7915)  famloss: 3.1729 (3.1286)  manuloss: 2.2094 (2.1461)  acc1: 0.0000 (0.0127)  acc5: 0.3906 (0.6050)  family_acc1: 35.9375 (37.0512)  manu_acc1: 54.2969 (56.2173)  time: 0.4143  data: 0.1495  max mem: 11382
Test:  [215/391]  eta: 0:01:34  sploss: 9.8443 (9.7921)  famloss: 3.1746 (3.1295)  manuloss: 2.2214 (2.1472)  acc1: 0.0000 (0.0127)  acc5: 0.3906 (0.6040)  family_acc1: 35.9375 (37.0262)  manu_acc1: 53.9062 (56.1849)  time: 0.4146  data: 0.1495  max mem: 11382
Test:  [216/391]  eta: 0:01:35  sploss: 9.8443 (9.7923)  famloss: 3.1785 (3.1298)  manuloss: 2.2214 (2.1471)  acc1: 0.0000 (0.0126)  acc5: 0.3906 (0.6066)  family_acc1: 35.9375 (37.0248)  manu_acc1: 53.9062 (56.1852)  time: 0.5453  data: 0.2775  max mem: 11382
Test:  [217/391]  eta: 0:01:35  sploss: 9.8681 (9.7936)  famloss: 3.1838 (3.1301)  manuloss: 2.2214 (2.1476)  acc1: 0.0000 (0.0125)  acc5: 0.3906 (0.6039)  family_acc1: 35.9375 (37.0252)  manu_acc1: 53.5156 (56.1622)  time: 0.5598  data: 0.2910  max mem: 11382
Test:  [218/391]  eta: 0:01:34  sploss: 9.8681 (9.7933)  famloss: 3.1838 (3.1293)  manuloss: 2.2094 (2.1473)  acc1: 0.0000 (0.0125)  acc5: 0.3906 (0.6082)  family_acc1: 36.3281 (37.0380)  manu_acc1: 53.5156 (56.1590)  time: 0.5615  data: 0.2910  max mem: 11382
Test:  [219/391]  eta: 0:01:33  sploss: 9.8900 (9.7940)  famloss: 3.1838 (3.1296)  manuloss: 2.2047 (2.1473)  acc1: 0.0000 (0.0124)  acc5: 0.3906 (0.6055)  family_acc1: 36.3281 (37.0401)  manu_acc1: 54.2969 (56.1701)  time: 0.5641  data: 0.2910  max mem: 11382
Test:  [220/391]  eta: 0:01:33  sploss: 9.9011 (9.7946)  famloss: 3.1889 (3.1311)  manuloss: 2.2094 (2.1495)  acc1: 0.0000 (0.0124)  acc5: 0.3906 (0.6045)  family_acc1: 36.3281 (37.0139)  manu_acc1: 53.5156 (56.1174)  time: 0.5637  data: 0.2910  max mem: 11382
Test:  [221/391]  eta: 0:01:32  sploss: 9.9034 (9.7964)  famloss: 3.1889 (3.1331)  manuloss: 2.2385 (2.1521)  acc1: 0.0000 (0.0123)  acc5: 0.3906 (0.6035)  family_acc1: 36.3281 (36.9704)  manu_acc1: 53.1250 (56.0564)  time: 0.5620  data: 0.2910  max mem: 11382
Test:  [222/391]  eta: 0:01:31  sploss: 9.9333 (9.7976)  famloss: 3.1889 (3.1350)  manuloss: 2.2415 (2.1549)  acc1: 0.0000 (0.0140)  acc5: 0.3906 (0.6026)  family_acc1: 35.9375 (36.9307)  manu_acc1: 51.1719 (55.9890)  time: 0.5563  data: 0.2910  max mem: 11382
Test:  [223/391]  eta: 0:01:30  sploss: 9.9333 (9.7990)  famloss: 3.1901 (3.1375)  manuloss: 2.2814 (2.1574)  acc1: 0.0000 (0.0140)  acc5: 0.3906 (0.5999)  family_acc1: 35.9375 (36.8809)  manu_acc1: 50.0000 (55.9309)  time: 0.5520  data: 0.2910  max mem: 11382
Test:  [224/391]  eta: 0:01:29  sploss: 9.9345 (9.8000)  famloss: 3.1968 (3.1394)  manuloss: 2.3484 (2.1604)  acc1: 0.0000 (0.0139)  acc5: 0.3906 (0.5972)  family_acc1: 35.5469 (36.8559)  manu_acc1: 49.6094 (55.8698)  time: 0.4265  data: 0.1677  max mem: 11382
Test:  [225/391]  eta: 0:01:29  sploss: 9.9442 (9.8017)  famloss: 3.1968 (3.1422)  manuloss: 2.3484 (2.1631)  acc1: 0.0000 (0.0138)  acc5: 0.3906 (0.5963)  family_acc1: 31.6406 (36.8086)  manu_acc1: 49.6094 (55.8162)  time: 0.3998  data: 0.1419  max mem: 11382
Test:  [226/391]  eta: 0:01:28  sploss: 9.9345 (9.8014)  famloss: 3.1968 (3.1418)  manuloss: 2.3484 (2.1642)  acc1: 0.0000 (0.0138)  acc5: 0.3906 (0.5954)  family_acc1: 31.6406 (36.7996)  manu_acc1: 49.6094 (55.7733)  time: 0.3998  data: 0.1419  max mem: 11382
Test:  [227/391]  eta: 0:01:27  sploss: 9.9442 (9.8034)  famloss: 3.2105 (3.1431)  manuloss: 2.3870 (2.1662)  acc1: 0.0000 (0.0137)  acc5: 0.3906 (0.5945)  family_acc1: 31.6406 (36.7804)  manu_acc1: 49.2188 (55.7137)  time: 0.3989  data: 0.1419  max mem: 11382
Test:  [228/391]  eta: 0:01:29  sploss: 9.9442 (9.8045)  famloss: 3.2105 (3.1450)  manuloss: 2.3870 (2.1681)  acc1: 0.0000 (0.0136)  acc5: 0.3906 (0.5970)  family_acc1: 31.6406 (36.7546)  manu_acc1: 48.4375 (55.6564)  time: 0.5487  data: 0.2886  max mem: 11382
Test:  [229/391]  eta: 0:01:28  sploss: 9.9492 (9.8058)  famloss: 3.3202 (3.1464)  manuloss: 2.3978 (2.1706)  acc1: 0.0000 (0.0136)  acc5: 0.3906 (0.5944)  family_acc1: 31.6406 (36.7323)  manu_acc1: 46.0938 (55.5978)  time: 0.5574  data: 0.2972  max mem: 11382
Test:  [230/391]  eta: 0:01:27  sploss: 9.9773 (9.8081)  famloss: 3.4413 (3.1485)  manuloss: 2.6068 (2.1735)  acc1: 0.0000 (0.0135)  acc5: 0.3906 (0.5919)  family_acc1: 31.6406 (36.6985)  manu_acc1: 44.5312 (55.5246)  time: 0.5568  data: 0.2972  max mem: 11382
Test:  [231/391]  eta: 0:01:26  sploss: 10.0343 (9.8093)  famloss: 3.4413 (3.1496)  manuloss: 2.6068 (2.1753)  acc1: 0.0000 (0.0135)  acc5: 0.3906 (0.5910)  family_acc1: 31.6406 (36.6851)  manu_acc1: 44.1406 (55.4755)  time: 0.5532  data: 0.2972  max mem: 11382
Test:  [232/391]  eta: 0:01:26  sploss: 10.0625 (9.8108)  famloss: 3.4413 (3.1502)  manuloss: 2.6068 (2.1767)  acc1: 0.0000 (0.0134)  acc5: 0.3906 (0.5885)  family_acc1: 31.6406 (36.6835)  manu_acc1: 44.1406 (55.4352)  time: 0.5529  data: 0.2971  max mem: 11382
Test:  [233/391]  eta: 0:01:25  sploss: 10.0625 (9.8109)  famloss: 3.4032 (3.1507)  manuloss: 2.5803 (2.1783)  acc1: 0.0000 (0.0134)  acc5: 0.3906 (0.5893)  family_acc1: 31.6406 (36.6720)  manu_acc1: 44.1406 (55.4053)  time: 0.5523  data: 0.2971  max mem: 11382
Test:  [234/391]  eta: 0:01:24  sploss: 10.0625 (9.8113)  famloss: 3.4032 (3.1505)  manuloss: 2.5803 (2.1781)  acc1: 0.0000 (0.0133)  acc5: 0.3906 (0.5884)  family_acc1: 31.6406 (36.6739)  manu_acc1: 44.1406 (55.3890)  time: 0.5511  data: 0.2971  max mem: 11382
Test:  [235/391]  eta: 0:01:24  sploss: 10.0625 (9.8114)  famloss: 3.4032 (3.1507)  manuloss: 2.5803 (2.1792)  acc1: 0.0000 (0.0132)  acc5: 0.3906 (0.5876)  family_acc1: 32.4219 (36.6707)  manu_acc1: 44.1406 (55.3612)  time: 0.5513  data: 0.2971  max mem: 11382
Test:  [236/391]  eta: 0:01:23  sploss: 10.0625 (9.8116)  famloss: 3.4032 (3.1503)  manuloss: 2.5803 (2.1793)  acc1: 0.0000 (0.0132)  acc5: 0.3906 (0.5884)  family_acc1: 32.4219 (36.6644)  manu_acc1: 44.1406 (55.3534)  time: 0.4227  data: 0.1692  max mem: 11382
Test:  [237/391]  eta: 0:01:22  sploss: 10.0424 (9.8126)  famloss: 3.4032 (3.1506)  manuloss: 2.5803 (2.1801)  acc1: 0.0000 (0.0131)  acc5: 0.3906 (0.5859)  family_acc1: 32.4219 (36.6564)  manu_acc1: 44.1406 (55.3325)  time: 0.4103  data: 0.1556  max mem: 11382
Test:  [238/391]  eta: 0:01:21  sploss: 10.0424 (9.8123)  famloss: 3.4032 (3.1508)  manuloss: 2.5803 (2.1800)  acc1: 0.0000 (0.0147)  acc5: 0.3906 (0.5868)  family_acc1: 32.4219 (36.6550)  manu_acc1: 44.1406 (55.3298)  time: 0.4115  data: 0.1556  max mem: 11382
Test:  [239/391]  eta: 0:01:21  sploss: 10.0424 (9.8118)  famloss: 3.4032 (3.1506)  manuloss: 2.5803 (2.1802)  acc1: 0.0000 (0.0163)  acc5: 0.3906 (0.5892)  family_acc1: 32.4219 (36.6634)  manu_acc1: 44.1406 (55.3206)  time: 0.4109  data: 0.1556  max mem: 11382
Test:  [240/391]  eta: 0:01:22  sploss: 10.0424 (9.8125)  famloss: 3.2887 (3.1507)  manuloss: 2.5384 (2.1806)  acc1: 0.0000 (0.0162)  acc5: 0.3906 (0.5867)  family_acc1: 33.5938 (36.6604)  manu_acc1: 44.1406 (55.3067)  time: 0.5571  data: 0.3014  max mem: 11382
Test:  [241/391]  eta: 0:01:21  sploss: 10.0343 (9.8118)  famloss: 3.2602 (3.1498)  manuloss: 2.5112 (2.1802)  acc1: 0.0000 (0.0161)  acc5: 0.3906 (0.5859)  family_acc1: 33.9844 (36.6703)  manu_acc1: 46.0938 (55.3025)  time: 0.5677  data: 0.3129  max mem: 11382
Test:  [242/391]  eta: 0:01:21  sploss: 9.9876 (9.8126)  famloss: 3.2289 (3.1495)  manuloss: 2.4394 (2.1807)  acc1: 0.0000 (0.0161)  acc5: 0.3906 (0.5916)  family_acc1: 34.7656 (36.6721)  manu_acc1: 46.0938 (55.2855)  time: 0.5688  data: 0.3129  max mem: 11382
Test:  [243/391]  eta: 0:01:20  sploss: 9.9744 (9.8126)  famloss: 3.2289 (3.1502)  manuloss: 2.3978 (2.1812)  acc1: 0.0000 (0.0160)  acc5: 0.3906 (0.5907)  family_acc1: 34.7656 (36.6659)  manu_acc1: 48.4375 (55.2686)  time: 0.5689  data: 0.3129  max mem: 11382
Test:  [244/391]  eta: 0:01:19  sploss: 9.8998 (9.8117)  famloss: 3.2289 (3.1507)  manuloss: 2.3978 (2.1822)  acc1: 0.0000 (0.0159)  acc5: 0.3906 (0.5883)  family_acc1: 34.7656 (36.6582)  manu_acc1: 48.8281 (55.2455)  time: 0.5687  data: 0.3129  max mem: 11382
Test:  [245/391]  eta: 0:01:18  sploss: 9.8616 (9.8115)  famloss: 3.1977 (3.1496)  manuloss: 2.3705 (2.1811)  acc1: 0.0000 (0.0159)  acc5: 0.3906 (0.5859)  family_acc1: 35.1562 (36.6838)  manu_acc1: 49.6094 (55.2591)  time: 0.5691  data: 0.3129  max mem: 11382
Test:  [246/391]  eta: 0:01:18  sploss: 9.8616 (9.8114)  famloss: 3.1977 (3.1492)  manuloss: 2.3005 (2.1801)  acc1: 0.0000 (0.0174)  acc5: 0.3906 (0.5899)  family_acc1: 35.1562 (36.6919)  manu_acc1: 50.3906 (55.2869)  time: 0.5693  data: 0.3129  max mem: 11382
Test:  [247/391]  eta: 0:01:17  sploss: 9.8482 (9.8113)  famloss: 3.1862 (3.1491)  manuloss: 2.2937 (2.1797)  acc1: 0.0000 (0.0173)  acc5: 0.3906 (0.5875)  family_acc1: 35.9375 (36.6920)  manu_acc1: 51.1719 (55.2845)  time: 0.5705  data: 0.3129  max mem: 11382
Test:  [248/391]  eta: 0:01:16  sploss: 9.8482 (9.8121)  famloss: 3.1862 (3.1499)  manuloss: 2.2937 (2.1806)  acc1: 0.0000 (0.0173)  acc5: 0.3906 (0.5867)  family_acc1: 35.9375 (36.6654)  manu_acc1: 51.1719 (55.2460)  time: 0.4217  data: 0.1662  max mem: 11382
Test:  [249/391]  eta: 0:01:16  sploss: 9.8482 (9.8124)  famloss: 3.1638 (3.1498)  manuloss: 2.2640 (2.1803)  acc1: 0.0000 (0.0172)  acc5: 0.3906 (0.5844)  family_acc1: 35.9375 (36.6562)  manu_acc1: 51.1719 (55.2500)  time: 0.4142  data: 0.1577  max mem: 11382
Test:  [250/391]  eta: 0:01:15  sploss: 9.8482 (9.8137)  famloss: 3.1323 (3.1497)  manuloss: 2.2377 (2.1805)  acc1: 0.0000 (0.0171)  acc5: 0.3906 (0.5836)  family_acc1: 35.9375 (36.6440)  manu_acc1: 51.5625 (55.2384)  time: 0.4146  data: 0.1577  max mem: 11382
Test:  [251/391]  eta: 0:01:14  sploss: 9.8482 (9.8139)  famloss: 3.1253 (3.1496)  manuloss: 2.2270 (2.1805)  acc1: 0.0000 (0.0171)  acc5: 0.3906 (0.5828)  family_acc1: 35.9375 (36.6443)  manu_acc1: 51.9531 (55.2347)  time: 0.4171  data: 0.1577  max mem: 11382
Test:  [252/391]  eta: 0:01:15  sploss: 9.8244 (9.8135)  famloss: 3.1181 (3.1489)  manuloss: 2.2055 (2.1797)  acc1: 0.0000 (0.0170)  acc5: 0.3906 (0.5852)  family_acc1: 35.9375 (36.6524)  manu_acc1: 52.3438 (55.2449)  time: 0.5598  data: 0.2993  max mem: 11382
Test:  [253/391]  eta: 0:01:14  sploss: 9.8244 (9.8140)  famloss: 3.1181 (3.1490)  manuloss: 2.2055 (2.1799)  acc1: 0.0000 (0.0169)  acc5: 0.3906 (0.5859)  family_acc1: 35.9375 (36.6480)  manu_acc1: 53.1250 (55.2396)  time: 0.5656  data: 0.3038  max mem: 11382
Test:  [254/391]  eta: 0:01:14  sploss: 9.8244 (9.8140)  famloss: 3.1253 (3.1490)  manuloss: 2.2090 (2.1800)  acc1: 0.0000 (0.0169)  acc5: 0.3906 (0.5882)  family_acc1: 35.9375 (36.6345)  manu_acc1: 53.1250 (55.2313)  time: 0.5665  data: 0.3038  max mem: 11382
Test:  [255/391]  eta: 0:01:13  sploss: 9.8314 (9.8141)  famloss: 3.1253 (3.1490)  manuloss: 2.2055 (2.1794)  acc1: 0.0000 (0.0168)  acc5: 0.3906 (0.5905)  family_acc1: 35.9375 (36.6333)  manu_acc1: 53.5156 (55.2353)  time: 0.5660  data: 0.3038  max mem: 11382
Test:  [256/391]  eta: 0:01:12  sploss: 9.8314 (9.8145)  famloss: 3.1253 (3.1482)  manuloss: 2.1909 (2.1786)  acc1: 0.0000 (0.0167)  acc5: 0.3906 (0.5913)  family_acc1: 36.3281 (36.6519)  manu_acc1: 53.9062 (55.2499)  time: 0.5657  data: 0.3038  max mem: 11382
Test:  [257/391]  eta: 0:01:12  sploss: 9.8314 (9.8148)  famloss: 3.1176 (3.1473)  manuloss: 2.1698 (2.1779)  acc1: 0.0000 (0.0167)  acc5: 0.3906 (0.5905)  family_acc1: 36.3281 (36.6642)  manu_acc1: 54.2969 (55.2598)  time: 0.5653  data: 0.3038  max mem: 11382
Test:  [258/391]  eta: 0:01:11  sploss: 9.8391 (9.8150)  famloss: 3.1143 (3.1470)  manuloss: 2.0942 (2.1772)  acc1: 0.0000 (0.0166)  acc5: 0.3906 (0.5897)  family_acc1: 36.7188 (36.6645)  manu_acc1: 54.2969 (55.2682)  time: 0.5654  data: 0.3038  max mem: 11382
Test:  [259/391]  eta: 0:01:10  sploss: 9.8391 (9.8150)  famloss: 3.1143 (3.1468)  manuloss: 2.0913 (2.1763)  acc1: 0.0000 (0.0165)  acc5: 0.3906 (0.5904)  family_acc1: 36.3281 (36.6632)  manu_acc1: 54.2969 (55.2885)  time: 0.5662  data: 0.3038  max mem: 11382
Test:  [260/391]  eta: 0:01:10  sploss: 9.8314 (9.8147)  famloss: 3.0949 (3.1463)  manuloss: 2.0719 (2.1753)  acc1: 0.0000 (0.0165)  acc5: 0.3906 (0.5927)  family_acc1: 36.7188 (36.6888)  manu_acc1: 54.6875 (55.3011)  time: 0.4197  data: 0.1580  max mem: 11382
Test:  [261/391]  eta: 0:01:09  sploss: 9.8314 (9.8146)  famloss: 3.0949 (3.1454)  manuloss: 2.0524 (2.1748)  acc1: 0.0000 (0.0164)  acc5: 0.3906 (0.5904)  family_acc1: 36.7188 (36.6934)  manu_acc1: 54.6875 (55.2973)  time: 0.4078  data: 0.1466  max mem: 11382
Test:  [262/391]  eta: 0:01:08  sploss: 9.8228 (9.8140)  famloss: 3.0949 (3.1447)  manuloss: 2.0148 (2.1741)  acc1: 0.0000 (0.0163)  acc5: 0.3906 (0.5911)  family_acc1: 36.7188 (36.7024)  manu_acc1: 54.6875 (55.2935)  time: 0.4073  data: 0.1466  max mem: 11382
Test:  [263/391]  eta: 0:01:08  sploss: 9.8052 (9.8138)  famloss: 3.0949 (3.1445)  manuloss: 1.9973 (2.1728)  acc1: 0.0000 (0.0163)  acc5: 0.3906 (0.5919)  family_acc1: 36.7188 (36.6980)  manu_acc1: 56.2500 (55.3149)  time: 0.4078  data: 0.1466  max mem: 11382
Test:  [264/391]  eta: 0:01:09  sploss: 9.8314 (9.8140)  famloss: 3.0730 (3.1436)  manuloss: 1.9973 (2.1726)  acc1: 0.0000 (0.0162)  acc5: 0.7812 (0.5926)  family_acc1: 36.7188 (36.7070)  manu_acc1: 56.2500 (55.3125)  time: 0.5932  data: 0.3316  max mem: 11382
Test:  [265/391]  eta: 0:01:08  sploss: 9.8391 (9.8145)  famloss: 3.0949 (3.1440)  manuloss: 2.0148 (2.1730)  acc1: 0.0000 (0.0162)  acc5: 0.7812 (0.5933)  family_acc1: 36.7188 (36.6967)  manu_acc1: 54.6875 (55.3102)  time: 0.5928  data: 0.3316  max mem: 11382
Test:  [266/391]  eta: 0:01:07  sploss: 9.8391 (9.8145)  famloss: 3.1084 (3.1445)  manuloss: 2.0148 (2.1720)  acc1: 0.0000 (0.0161)  acc5: 0.7812 (0.5940)  family_acc1: 36.3281 (36.6675)  manu_acc1: 54.6875 (55.3239)  time: 0.5930  data: 0.3316  max mem: 11382
Test:  [267/391]  eta: 0:01:07  sploss: 9.8391 (9.8141)  famloss: 3.0949 (3.1434)  manuloss: 1.9973 (2.1708)  acc1: 0.0000 (0.0160)  acc5: 0.7812 (0.5932)  family_acc1: 36.3281 (36.6794)  manu_acc1: 56.2500 (55.3478)  time: 0.5927  data: 0.3316  max mem: 11382
Test:  [268/391]  eta: 0:01:06  sploss: 9.8391 (9.8142)  famloss: 3.0730 (3.1426)  manuloss: 1.9973 (2.1709)  acc1: 0.0000 (0.0160)  acc5: 0.7812 (0.5925)  family_acc1: 36.7188 (36.7042)  manu_acc1: 56.2500 (55.3453)  time: 0.5944  data: 0.3316  max mem: 11382
Test:  [269/391]  eta: 0:01:05  sploss: 9.8391 (9.8149)  famloss: 2.9924 (3.1418)  manuloss: 1.9973 (2.1707)  acc1: 0.0000 (0.0159)  acc5: 0.7812 (0.5917)  family_acc1: 36.7188 (36.7144)  manu_acc1: 54.6875 (55.3385)  time: 0.5930  data: 0.3315  max mem: 11382
Test:  [270/391]  eta: 0:01:05  sploss: 9.8391 (9.8154)  famloss: 2.9924 (3.1413)  manuloss: 1.9947 (2.1694)  acc1: 0.0000 (0.0159)  acc5: 0.7812 (0.5924)  family_acc1: 36.7188 (36.7115)  manu_acc1: 56.2500 (55.3606)  time: 0.5932  data: 0.3315  max mem: 11382
Test:  [271/391]  eta: 0:01:04  sploss: 9.8314 (9.8153)  famloss: 2.9924 (3.1414)  manuloss: 1.9947 (2.1695)  acc1: 0.0000 (0.0158)  acc5: 0.7812 (0.5902)  family_acc1: 36.7188 (36.7001)  manu_acc1: 56.2500 (55.3610)  time: 0.5922  data: 0.3315  max mem: 11382
Test:  [272/391]  eta: 0:01:03  sploss: 9.8314 (9.8153)  famloss: 2.9924 (3.1403)  manuloss: 1.9973 (2.1690)  acc1: 0.0000 (0.0157)  acc5: 0.7812 (0.5909)  family_acc1: 36.7188 (36.7202)  manu_acc1: 56.2500 (55.3715)  time: 0.4492  data: 0.1900  max mem: 11382
Test:  [273/391]  eta: 0:01:03  sploss: 9.8268 (9.8153)  famloss: 2.9441 (3.1388)  manuloss: 1.9947 (2.1674)  acc1: 0.0000 (0.0157)  acc5: 0.7812 (0.5902)  family_acc1: 37.8906 (36.7273)  manu_acc1: 57.4219 (55.4017)  time: 0.4448  data: 0.1854  max mem: 11382
Test:  [274/391]  eta: 0:01:02  sploss: 9.8268 (9.8162)  famloss: 2.9441 (3.1393)  manuloss: 1.9947 (2.1677)  acc1: 0.0000 (0.0156)  acc5: 0.7812 (0.5881)  family_acc1: 37.8906 (36.7088)  manu_acc1: 57.4219 (55.3892)  time: 0.4455  data: 0.1854  max mem: 11382
Test:  [275/391]  eta: 0:01:01  sploss: 9.8242 (9.8162)  famloss: 2.9441 (3.1390)  manuloss: 1.9947 (2.1672)  acc1: 0.0000 (0.0156)  acc5: 0.3906 (0.5859)  family_acc1: 37.8906 (36.7060)  manu_acc1: 57.4219 (55.3966)  time: 0.4463  data: 0.1854  max mem: 11382
Test:  [276/391]  eta: 0:01:02  sploss: 9.8164 (9.8160)  famloss: 2.9379 (3.1378)  manuloss: 1.9973 (2.1668)  acc1: 0.0000 (0.0155)  acc5: 0.3906 (0.5852)  family_acc1: 37.8906 (36.7258)  manu_acc1: 57.4219 (55.4067)  time: 0.5950  data: 0.3320  max mem: 11382
Test:  [277/391]  eta: 0:01:01  sploss: 9.8164 (9.8166)  famloss: 2.9379 (3.1369)  manuloss: 1.9973 (2.1660)  acc1: 0.0000 (0.0155)  acc5: 0.3906 (0.5831)  family_acc1: 37.1094 (36.7272)  manu_acc1: 57.4219 (55.4196)  time: 0.5941  data: 0.3320  max mem: 11382
Test:  [278/391]  eta: 0:01:01  sploss: 9.8134 (9.8157)  famloss: 2.9379 (3.1363)  manuloss: 2.0223 (2.1658)  acc1: 0.0000 (0.0154)  acc5: 0.3906 (0.5838)  family_acc1: 37.8906 (36.7370)  manu_acc1: 57.4219 (55.4253)  time: 0.5935  data: 0.3319  max mem: 11382
Test:  [279/391]  eta: 0:01:00  sploss: 9.8134 (9.8156)  famloss: 2.9333 (3.1355)  manuloss: 2.0249 (2.1657)  acc1: 0.0000 (0.0167)  acc5: 0.3906 (0.5845)  family_acc1: 38.6719 (36.7480)  manu_acc1: 57.0312 (55.4297)  time: 0.5937  data: 0.3320  max mem: 11382
Test:  [280/391]  eta: 0:00:59  sploss: 9.8164 (9.8158)  famloss: 2.9272 (3.1342)  manuloss: 2.0249 (2.1650)  acc1: 0.0000 (0.0167)  acc5: 0.3906 (0.5866)  family_acc1: 38.6719 (36.7674)  manu_acc1: 57.0312 (55.4396)  time: 0.5918  data: 0.3319  max mem: 11382
Test:  [281/391]  eta: 0:00:59  sploss: 9.8242 (9.8158)  famloss: 2.9272 (3.1337)  manuloss: 2.0249 (2.1647)  acc1: 0.0000 (0.0166)  acc5: 0.3906 (0.5859)  family_acc1: 38.6719 (36.7686)  manu_acc1: 57.0312 (55.4452)  time: 0.5926  data: 0.3319  max mem: 11382
Test:  [282/391]  eta: 0:00:58  sploss: 9.8268 (9.8165)  famloss: 2.9272 (3.1339)  manuloss: 2.0372 (2.1643)  acc1: 0.0000 (0.0166)  acc5: 0.3906 (0.5852)  family_acc1: 37.1094 (36.7602)  manu_acc1: 57.0312 (55.4480)  time: 0.5946  data: 0.3319  max mem: 11382
Test:  [283/391]  eta: 0:00:57  sploss: 9.8303 (9.8167)  famloss: 2.9272 (3.1336)  manuloss: 2.0374 (2.1641)  acc1: 0.0000 (0.0165)  acc5: 0.3906 (0.5859)  family_acc1: 37.1094 (36.7573)  manu_acc1: 57.0312 (55.4522)  time: 0.5948  data: 0.3319  max mem: 11382
Test:  [284/391]  eta: 0:00:57  sploss: 9.8303 (9.8169)  famloss: 2.9584 (3.1334)  manuloss: 2.0374 (2.1638)  acc1: 0.0000 (0.0164)  acc5: 0.3906 (0.5853)  family_acc1: 37.1094 (36.7612)  manu_acc1: 57.0312 (55.4633)  time: 0.4098  data: 0.1469  max mem: 11382
Test:  [285/391]  eta: 0:00:56  sploss: 9.8268 (9.8167)  famloss: 2.9584 (3.1332)  manuloss: 2.0374 (2.1634)  acc1: 0.0000 (0.0164)  acc5: 0.3906 (0.5832)  family_acc1: 37.1094 (36.7625)  manu_acc1: 57.0312 (55.4578)  time: 0.4104  data: 0.1469  max mem: 11382
Test:  [286/391]  eta: 0:00:56  sploss: 9.8268 (9.8160)  famloss: 2.9272 (3.1319)  manuloss: 2.0374 (2.1618)  acc1: 0.0000 (0.0163)  acc5: 0.3906 (0.5812)  family_acc1: 37.8906 (36.7909)  manu_acc1: 57.0312 (55.4878)  time: 0.4096  data: 0.1470  max mem: 11382
Test:  [287/391]  eta: 0:00:55  sploss: 9.8268 (9.8159)  famloss: 2.9584 (3.1314)  manuloss: 2.0665 (2.1617)  acc1: 0.0000 (0.0190)  acc5: 0.3906 (0.5819)  family_acc1: 37.8906 (36.8015)  manu_acc1: 57.0312 (55.4891)  time: 0.4090  data: 0.1469  max mem: 11382
Test:  [288/391]  eta: 0:00:55  sploss: 9.8268 (9.8160)  famloss: 2.9989 (3.1314)  manuloss: 2.0374 (2.1609)  acc1: 0.0000 (0.0189)  acc5: 0.3906 (0.5826)  family_acc1: 37.1094 (36.7985)  manu_acc1: 57.0312 (55.5039)  time: 0.5717  data: 0.3091  max mem: 11382
Test:  [289/391]  eta: 0:00:55  sploss: 9.8268 (9.8161)  famloss: 2.9989 (3.1300)  manuloss: 2.0372 (2.1597)  acc1: 0.0000 (0.0189)  acc5: 0.3906 (0.5805)  family_acc1: 37.1094 (36.8319)  manu_acc1: 57.4219 (55.5213)  time: 0.5730  data: 0.3091  max mem: 11382
Test:  [290/391]  eta: 0:00:54  sploss: 9.8268 (9.8165)  famloss: 2.9584 (3.1285)  manuloss: 2.0372 (2.1586)  acc1: 0.0000 (0.0188)  acc5: 0.3906 (0.5799)  family_acc1: 37.8906 (36.8530)  manu_acc1: 57.4219 (55.5386)  time: 0.5730  data: 0.3091  max mem: 11382
Test:  [291/391]  eta: 0:00:54  sploss: 9.8303 (9.8167)  famloss: 2.9584 (3.1283)  manuloss: 2.0372 (2.1586)  acc1: 0.0000 (0.0187)  acc5: 0.3906 (0.5792)  family_acc1: 37.8906 (36.8539)  manu_acc1: 57.4219 (55.5356)  time: 0.5710  data: 0.3091  max mem: 11382
Test:  [292/391]  eta: 0:00:53  sploss: 9.8394 (9.8170)  famloss: 2.9667 (3.1277)  manuloss: 2.0374 (2.1582)  acc1: 0.0000 (0.0187)  acc5: 0.3906 (0.5799)  family_acc1: 37.1094 (36.8507)  manu_acc1: 57.4219 (55.5461)  time: 0.5695  data: 0.3091  max mem: 11382
Test:  [293/391]  eta: 0:00:52  sploss: 9.8666 (9.8173)  famloss: 2.9667 (3.1269)  manuloss: 2.0374 (2.1571)  acc1: 0.0000 (0.0186)  acc5: 0.3906 (0.5793)  family_acc1: 37.1094 (36.8662)  manu_acc1: 57.4219 (55.5697)  time: 0.5691  data: 0.3091  max mem: 11382
Test:  [294/391]  eta: 0:00:52  sploss: 9.8394 (9.8172)  famloss: 2.9584 (3.1257)  manuloss: 2.0372 (2.1554)  acc1: 0.0000 (0.0185)  acc5: 0.3906 (0.5813)  family_acc1: 37.8906 (36.8962)  manu_acc1: 58.2031 (55.6025)  time: 0.5693  data: 0.3091  max mem: 11382
Test:  [295/391]  eta: 0:00:51  sploss: 9.8394 (9.8172)  famloss: 2.9179 (3.1247)  manuloss: 2.0372 (2.1547)  acc1: 0.0000 (0.0185)  acc5: 0.3906 (0.5807)  family_acc1: 39.4531 (36.9141)  manu_acc1: 58.2031 (55.6152)  time: 0.5673  data: 0.3091  max mem: 11382
Test:  [296/391]  eta: 0:00:50  sploss: 9.8666 (9.8175)  famloss: 2.9277 (3.1241)  manuloss: 1.9546 (2.1536)  acc1: 0.0000 (0.0184)  acc5: 0.3906 (0.5800)  family_acc1: 39.0625 (36.9213)  manu_acc1: 58.5938 (55.6332)  time: 0.4181  data: 0.1626  max mem: 11382
Test:  [297/391]  eta: 0:00:50  sploss: 9.8394 (9.8169)  famloss: 2.9277 (3.1229)  manuloss: 1.9535 (2.1516)  acc1: 0.0000 (0.0184)  acc5: 0.3906 (0.5781)  family_acc1: 39.4531 (36.9377)  manu_acc1: 58.5938 (55.6732)  time: 0.4170  data: 0.1626  max mem: 11382
Test:  [298/391]  eta: 0:00:49  sploss: 9.8666 (9.8172)  famloss: 2.9179 (3.1221)  manuloss: 1.9451 (2.1506)  acc1: 0.0000 (0.0183)  acc5: 0.3906 (0.5774)  family_acc1: 39.8438 (36.9513)  manu_acc1: 58.5938 (55.6961)  time: 0.4146  data: 0.1626  max mem: 11382
Test:  [299/391]  eta: 0:00:48  sploss: 9.8666 (9.8168)  famloss: 2.8844 (3.1211)  manuloss: 1.9451 (2.1500)  acc1: 0.0000 (0.0182)  acc5: 0.3906 (0.5794)  family_acc1: 39.8438 (36.9727)  manu_acc1: 59.3750 (55.7122)  time: 0.4120  data: 0.1626  max mem: 11382
Test:  [300/391]  eta: 0:00:49  sploss: 9.8666 (9.8178)  famloss: 2.9171 (3.1205)  manuloss: 1.9341 (2.1485)  acc1: 0.0000 (0.0182)  acc5: 0.3906 (0.5788)  family_acc1: 39.8438 (36.9822)  manu_acc1: 59.7656 (55.7426)  time: 0.5683  data: 0.3156  max mem: 11382
Test:  [301/391]  eta: 0:00:48  sploss: 9.8666 (9.8167)  famloss: 2.8844 (3.1189)  manuloss: 1.8604 (2.1470)  acc1: 0.0000 (0.0181)  acc5: 0.3906 (0.5795)  family_acc1: 39.8438 (37.0098)  manu_acc1: 60.5469 (55.7766)  time: 0.5695  data: 0.3156  max mem: 11382
Test:  [302/391]  eta: 0:00:48  sploss: 9.8394 (9.8162)  famloss: 2.8844 (3.1181)  manuloss: 1.8604 (2.1464)  acc1: 0.0000 (0.0180)  acc5: 0.3906 (0.5788)  family_acc1: 39.8438 (37.0166)  manu_acc1: 60.5469 (55.7898)  time: 0.5675  data: 0.3156  max mem: 11382
Test:  [303/391]  eta: 0:00:47  sploss: 9.8394 (9.8167)  famloss: 2.8823 (3.1170)  manuloss: 1.8465 (2.1449)  acc1: 0.0000 (0.0180)  acc5: 0.3906 (0.5795)  family_acc1: 41.0156 (37.0310)  manu_acc1: 60.5469 (55.8208)  time: 0.5676  data: 0.3156  max mem: 11382
Test:  [304/391]  eta: 0:00:46  sploss: 9.8369 (9.8164)  famloss: 2.8450 (3.1157)  manuloss: 1.8440 (2.1433)  acc1: 0.0000 (0.0179)  acc5: 0.3906 (0.5802)  family_acc1: 41.4062 (37.0607)  manu_acc1: 60.5469 (55.8594)  time: 0.5681  data: 0.3156  max mem: 11382
Test:  [305/391]  eta: 0:00:46  sploss: 9.8369 (9.8162)  famloss: 2.8450 (3.1151)  manuloss: 1.8440 (2.1428)  acc1: 0.0000 (0.0179)  acc5: 0.3906 (0.5808)  family_acc1: 41.4062 (37.0672)  manu_acc1: 60.5469 (55.8696)  time: 0.5667  data: 0.3156  max mem: 11382
Test:  [306/391]  eta: 0:00:45  sploss: 9.8394 (9.8170)  famloss: 2.8523 (3.1143)  manuloss: 1.8465 (2.1419)  acc1: 0.0000 (0.0178)  acc5: 0.3906 (0.5789)  family_acc1: 41.4062 (37.0814)  manu_acc1: 60.5469 (55.8848)  time: 0.5667  data: 0.3156  max mem: 11382
Test:  [307/391]  eta: 0:00:44  sploss: 9.8394 (9.8168)  famloss: 2.8456 (3.1134)  manuloss: 1.8465 (2.1414)  acc1: 0.0000 (0.0178)  acc5: 0.3906 (0.5771)  family_acc1: 41.4062 (37.0853)  manu_acc1: 60.5469 (55.8936)  time: 0.5677  data: 0.3156  max mem: 11382
Test:  [308/391]  eta: 0:00:44  sploss: 9.8394 (9.8172)  famloss: 2.8456 (3.1131)  manuloss: 1.8465 (2.1412)  acc1: 0.0000 (0.0177)  acc5: 0.3906 (0.5777)  family_acc1: 41.4062 (37.0967)  manu_acc1: 60.5469 (55.9011)  time: 0.4047  data: 0.1535  max mem: 11382
Test:  [309/391]  eta: 0:00:43  sploss: 9.8811 (9.8176)  famloss: 2.8523 (3.1129)  manuloss: 1.8551 (2.1405)  acc1: 0.0000 (0.0176)  acc5: 0.3906 (0.5759)  family_acc1: 41.0156 (37.0955)  manu_acc1: 60.5469 (55.9085)  time: 0.4042  data: 0.1535  max mem: 11382
Test:  [310/391]  eta: 0:00:43  sploss: 9.8596 (9.8178)  famloss: 2.8823 (3.1124)  manuloss: 1.8551 (2.1401)  acc1: 0.0000 (0.0176)  acc5: 0.3906 (0.5753)  family_acc1: 40.6250 (37.1031)  manu_acc1: 60.5469 (55.9247)  time: 0.4044  data: 0.1535  max mem: 11382
Test:  [311/391]  eta: 0:00:42  sploss: 9.8369 (9.8176)  famloss: 2.8823 (3.1119)  manuloss: 1.8551 (2.1397)  acc1: 0.0000 (0.0175)  acc5: 0.3906 (0.5759)  family_acc1: 40.6250 (37.1031)  manu_acc1: 60.5469 (55.9320)  time: 0.4078  data: 0.1535  max mem: 11382
Test:  [312/391]  eta: 0:00:42  sploss: 9.7724 (9.8173)  famloss: 2.8823 (3.1116)  manuloss: 1.8465 (2.1385)  acc1: 0.0000 (0.0175)  acc5: 0.3906 (0.5741)  family_acc1: 40.6250 (37.1144)  manu_acc1: 60.9375 (55.9580)  time: 0.5729  data: 0.3157  max mem: 11382
Test:  [313/391]  eta: 0:00:42  sploss: 9.7724 (9.8172)  famloss: 2.8823 (3.1112)  manuloss: 1.8551 (2.1377)  acc1: 0.0000 (0.0174)  acc5: 0.3906 (0.5735)  family_acc1: 40.6250 (37.1056)  manu_acc1: 60.9375 (55.9788)  time: 0.5735  data: 0.3157  max mem: 11382
Test:  [314/391]  eta: 0:00:41  sploss: 9.7702 (9.8170)  famloss: 2.9029 (3.1106)  manuloss: 1.9051 (2.1372)  acc1: 0.0000 (0.0174)  acc5: 0.3906 (0.5742)  family_acc1: 40.6250 (37.1193)  manu_acc1: 60.5469 (55.9809)  time: 0.5728  data: 0.3157  max mem: 11382
Test:  [315/391]  eta: 0:00:40  sploss: 9.7539 (9.8167)  famloss: 2.9171 (3.1108)  manuloss: 1.9051 (2.1371)  acc1: 0.0000 (0.0173)  acc5: 0.3906 (0.5748)  family_acc1: 39.8438 (37.1032)  manu_acc1: 60.5469 (55.9818)  time: 0.5744  data: 0.3157  max mem: 11382
Test:  [316/391]  eta: 0:00:40  sploss: 9.7539 (9.8170)  famloss: 2.9171 (3.1103)  manuloss: 1.9273 (2.1365)  acc1: 0.0000 (0.0173)  acc5: 0.3906 (0.5742)  family_acc1: 39.8438 (37.1081)  manu_acc1: 60.5469 (55.9900)  time: 0.5756  data: 0.3157  max mem: 11382
Test:  [317/391]  eta: 0:00:39  sploss: 9.7702 (9.8171)  famloss: 2.9171 (3.1096)  manuloss: 1.9273 (2.1356)  acc1: 0.0000 (0.0172)  acc5: 0.3906 (0.5737)  family_acc1: 39.8438 (37.1241)  manu_acc1: 60.5469 (56.0068)  time: 0.5786  data: 0.3157  max mem: 11382
Test:  [318/391]  eta: 0:00:39  sploss: 9.7702 (9.8172)  famloss: 2.9223 (3.1091)  manuloss: 1.9498 (2.1351)  acc1: 0.0000 (0.0171)  acc5: 0.3906 (0.5731)  family_acc1: 39.4531 (37.1265)  manu_acc1: 59.7656 (56.0161)  time: 0.5812  data: 0.3157  max mem: 11382
Test:  [319/391]  eta: 0:00:38  sploss: 9.7914 (9.8176)  famloss: 2.9235 (3.1086)  manuloss: 1.9498 (2.1349)  acc1: 0.0000 (0.0171)  acc5: 0.3906 (0.5725)  family_acc1: 39.0625 (37.1326)  manu_acc1: 58.9844 (56.0156)  time: 0.5813  data: 0.3157  max mem: 11382
Test:  [320/391]  eta: 0:00:37  sploss: 9.7914 (9.8178)  famloss: 2.9235 (3.1078)  manuloss: 1.9597 (2.1345)  acc1: 0.0000 (0.0170)  acc5: 0.3906 (0.5732)  family_acc1: 39.0625 (37.1422)  manu_acc1: 58.9844 (56.0212)  time: 0.4280  data: 0.1627  max mem: 11382
Test:  [321/391]  eta: 0:00:37  sploss: 9.8257 (9.8179)  famloss: 2.9378 (3.1074)  manuloss: 1.9597 (2.1335)  acc1: 0.0000 (0.0170)  acc5: 0.3906 (0.5714)  family_acc1: 39.0625 (37.1506)  manu_acc1: 58.9844 (56.0329)  time: 0.4274  data: 0.1627  max mem: 11382
Test:  [322/391]  eta: 0:00:36  sploss: 9.8309 (9.8188)  famloss: 2.9425 (3.1074)  manuloss: 1.9597 (2.1341)  acc1: 0.0000 (0.0169)  acc5: 0.3906 (0.5696)  family_acc1: 39.0625 (37.1469)  manu_acc1: 58.5938 (56.0105)  time: 0.4282  data: 0.1627  max mem: 11382
Test:  [323/391]  eta: 0:00:36  sploss: 9.8309 (9.8191)  famloss: 2.9425 (3.1068)  manuloss: 1.9597 (2.1334)  acc1: 0.0000 (0.0169)  acc5: 0.3906 (0.5703)  family_acc1: 39.0625 (37.1648)  manu_acc1: 58.5938 (56.0161)  time: 0.4280  data: 0.1627  max mem: 11382
Test:  [324/391]  eta: 0:00:36  sploss: 9.8309 (9.8190)  famloss: 2.9425 (3.1063)  manuloss: 1.9597 (2.1324)  acc1: 0.0000 (0.0168)  acc5: 0.3906 (0.5697)  family_acc1: 39.0625 (37.1755)  manu_acc1: 58.5938 (56.0312)  time: 0.5666  data: 0.3004  max mem: 11382
Test:  [325/391]  eta: 0:00:35  sploss: 9.8596 (9.8197)  famloss: 2.9455 (3.1059)  manuloss: 1.9597 (2.1327)  acc1: 0.0000 (0.0168)  acc5: 0.3906 (0.5680)  family_acc1: 39.4531 (37.1837)  manu_acc1: 58.2031 (56.0223)  time: 0.5683  data: 0.3004  max mem: 11382
Test:  [326/391]  eta: 0:00:34  sploss: 9.8407 (9.8198)  famloss: 2.9575 (3.1065)  manuloss: 1.9931 (2.1325)  acc1: 0.0000 (0.0167)  acc5: 0.3906 (0.5674)  family_acc1: 39.0625 (37.1739)  manu_acc1: 58.2031 (56.0242)  time: 0.5688  data: 0.3004  max mem: 11382
Test:  [327/391]  eta: 0:00:34  sploss: 9.8596 (9.8201)  famloss: 2.9613 (3.1066)  manuloss: 1.9931 (2.1327)  acc1: 0.0000 (0.0167)  acc5: 0.3906 (0.5669)  family_acc1: 39.0625 (37.1653)  manu_acc1: 58.2031 (56.0285)  time: 0.5686  data: 0.3004  max mem: 11382
Test:  [328/391]  eta: 0:00:33  sploss: 9.8407 (9.8201)  famloss: 2.9575 (3.1058)  manuloss: 1.9597 (2.1320)  acc1: 0.0000 (0.0166)  acc5: 0.3906 (0.5652)  family_acc1: 39.0625 (37.1877)  manu_acc1: 58.2031 (56.0434)  time: 0.5664  data: 0.3004  max mem: 11382
Test:  [329/391]  eta: 0:00:33  sploss: 9.8407 (9.8201)  famloss: 2.9455 (3.1050)  manuloss: 1.9597 (2.1313)  acc1: 0.0000 (0.0166)  acc5: 0.3906 (0.5658)  family_acc1: 39.4531 (37.2041)  manu_acc1: 58.2031 (56.0571)  time: 0.5663  data: 0.3004  max mem: 11382
Test:  [330/391]  eta: 0:00:32  sploss: 9.8407 (9.8203)  famloss: 2.9575 (3.1050)  manuloss: 1.9597 (2.1313)  acc1: 0.0000 (0.0165)  acc5: 0.3906 (0.5676)  family_acc1: 39.0625 (37.1991)  manu_acc1: 57.8125 (56.0576)  time: 0.5659  data: 0.3004  max mem: 11382
Test:  [331/391]  eta: 0:00:32  sploss: 9.8407 (9.8201)  famloss: 2.9613 (3.1054)  manuloss: 1.9597 (2.1322)  acc1: 0.0000 (0.0165)  acc5: 0.3906 (0.5671)  family_acc1: 39.0625 (37.1800)  manu_acc1: 57.8125 (56.0406)  time: 0.5657  data: 0.3004  max mem: 11382
Test:  [332/391]  eta: 0:00:31  sploss: 9.8478 (9.8206)  famloss: 2.9613 (3.1052)  manuloss: 1.9931 (2.1318)  acc1: 0.0000 (0.0164)  acc5: 0.3906 (0.5654)  family_acc1: 38.6719 (37.1833)  manu_acc1: 57.4219 (56.0435)  time: 0.4035  data: 0.1382  max mem: 11382
Test:  [333/391]  eta: 0:00:30  sploss: 9.8478 (9.8207)  famloss: 2.9613 (3.1061)  manuloss: 1.9944 (2.1324)  acc1: 0.0000 (0.0164)  acc5: 0.3906 (0.5637)  family_acc1: 38.6719 (37.1643)  manu_acc1: 57.0312 (56.0301)  time: 0.4059  data: 0.1382  max mem: 11382
Test:  [334/391]  eta: 0:00:30  sploss: 9.8683 (9.8212)  famloss: 2.9646 (3.1070)  manuloss: 2.0051 (2.1328)  acc1: 0.0000 (0.0163)  acc5: 0.3906 (0.5632)  family_acc1: 38.2812 (37.1514)  manu_acc1: 57.0312 (56.0226)  time: 0.4104  data: 0.1382  max mem: 11382
Test:  [335/391]  eta: 0:00:29  sploss: 9.8683 (9.8212)  famloss: 2.9646 (3.1067)  manuloss: 1.9944 (2.1323)  acc1: 0.0000 (0.0163)  acc5: 0.3906 (0.5627)  family_acc1: 38.6719 (37.1605)  manu_acc1: 57.4219 (56.0326)  time: 0.4114  data: 0.1382  max mem: 11382
Test:  [336/391]  eta: 0:00:29  sploss: 9.8683 (9.8215)  famloss: 2.9987 (3.1069)  manuloss: 2.0051 (2.1329)  acc1: 0.0000 (0.0162)  acc5: 0.3906 (0.5622)  family_acc1: 38.2812 (37.1557)  manu_acc1: 57.0312 (56.0251)  time: 0.5668  data: 0.2927  max mem: 11382
Test:  [337/391]  eta: 0:00:29  sploss: 9.8831 (9.8221)  famloss: 3.0082 (3.1077)  manuloss: 2.0641 (2.1336)  acc1: 0.0000 (0.0162)  acc5: 0.3906 (0.5628)  family_acc1: 37.8906 (37.1371)  manu_acc1: 56.6406 (56.0131)  time: 0.5668  data: 0.2927  max mem: 11382
Test:  [338/391]  eta: 0:00:28  sploss: 9.8831 (9.8220)  famloss: 3.0370 (3.1076)  manuloss: 2.0698 (2.1334)  acc1: 0.0000 (0.0161)  acc5: 0.3906 (0.5635)  family_acc1: 38.2812 (37.1405)  manu_acc1: 56.6406 (56.0184)  time: 0.5670  data: 0.2927  max mem: 11382
Test:  [339/391]  eta: 0:00:27  sploss: 9.8478 (9.8220)  famloss: 3.0641 (3.1076)  manuloss: 2.0698 (2.1333)  acc1: 0.0000 (0.0161)  acc5: 0.3906 (0.5630)  family_acc1: 35.9375 (37.1369)  manu_acc1: 56.6406 (56.0191)  time: 0.5700  data: 0.2927  max mem: 11382
Test:  [340/391]  eta: 0:00:27  sploss: 9.8414 (9.8219)  famloss: 3.1024 (3.1076)  manuloss: 2.0698 (2.1330)  acc1: 0.0000 (0.0160)  acc5: 0.3906 (0.5613)  family_acc1: 35.9375 (37.1506)  manu_acc1: 56.6406 (56.0266)  time: 0.5693  data: 0.2927  max mem: 11382
Test:  [341/391]  eta: 0:00:26  sploss: 9.8414 (9.8218)  famloss: 3.1024 (3.1072)  manuloss: 2.0698 (2.1326)  acc1: 0.0000 (0.0160)  acc5: 0.3906 (0.5620)  family_acc1: 35.9375 (37.1619)  manu_acc1: 56.2500 (56.0261)  time: 0.5695  data: 0.2927  max mem: 11382
Test:  [342/391]  eta: 0:00:26  sploss: 9.8414 (9.8221)  famloss: 3.0641 (3.1068)  manuloss: 2.0641 (2.1322)  acc1: 0.0000 (0.0159)  acc5: 0.3906 (0.5615)  family_acc1: 38.2812 (37.1652)  manu_acc1: 56.6406 (56.0382)  time: 0.5706  data: 0.2927  max mem: 11382
Test:  [343/391]  eta: 0:00:25  sploss: 9.8407 (9.8213)  famloss: 3.0641 (3.1061)  manuloss: 2.0641 (2.1312)  acc1: 0.0000 (0.0159)  acc5: 0.3906 (0.5610)  family_acc1: 38.2812 (37.1764)  manu_acc1: 56.6406 (56.0501)  time: 0.5685  data: 0.2927  max mem: 11382
Test:  [344/391]  eta: 0:00:25  sploss: 9.8414 (9.8216)  famloss: 3.0641 (3.1055)  manuloss: 2.0641 (2.1307)  acc1: 0.0000 (0.0159)  acc5: 0.3906 (0.5605)  family_acc1: 38.2812 (37.1864)  manu_acc1: 56.6406 (56.0620)  time: 0.4271  data: 0.1549  max mem: 11382
Test:  [345/391]  eta: 0:00:24  sploss: 9.8407 (9.8214)  famloss: 3.1024 (3.1062)  manuloss: 2.0641 (2.1310)  acc1: 0.0000 (0.0158)  acc5: 0.3906 (0.5600)  family_acc1: 35.9375 (37.1602)  manu_acc1: 56.6406 (56.0524)  time: 0.4248  data: 0.1550  max mem: 11382
Test:  [346/391]  eta: 0:00:23  sploss: 9.8280 (9.8206)  famloss: 3.0641 (3.1054)  manuloss: 2.0489 (2.1296)  acc1: 0.0000 (0.0158)  acc5: 0.3906 (0.5606)  family_acc1: 38.2812 (37.1747)  manu_acc1: 57.0312 (56.0823)  time: 0.4223  data: 0.1550  max mem: 11382
Test:  [347/391]  eta: 0:00:23  sploss: 9.8265 (9.8204)  famloss: 3.0370 (3.1044)  manuloss: 2.0008 (2.1278)  acc1: 0.0000 (0.0157)  acc5: 0.3906 (0.5612)  family_acc1: 38.2812 (37.1947)  manu_acc1: 57.0312 (56.1198)  time: 0.4197  data: 0.1550  max mem: 11382
Test:  [348/391]  eta: 0:00:23  sploss: 9.8280 (9.8206)  famloss: 3.0641 (3.1048)  manuloss: 2.0008 (2.1273)  acc1: 0.0000 (0.0157)  acc5: 0.3906 (0.5608)  family_acc1: 38.2812 (37.1967)  manu_acc1: 57.0312 (56.1336)  time: 0.5619  data: 0.2944  max mem: 11382
Test:  [349/391]  eta: 0:00:22  sploss: 9.8265 (9.8198)  famloss: 3.0641 (3.1040)  manuloss: 2.0008 (2.1262)  acc1: 0.0000 (0.0156)  acc5: 0.3906 (0.5625)  family_acc1: 38.2812 (37.2121)  manu_acc1: 57.0312 (56.1685)  time: 0.5627  data: 0.2944  max mem: 11382
Test:  [350/391]  eta: 0:00:21  sploss: 9.7929 (9.8192)  famloss: 3.0370 (3.1038)  manuloss: 1.9944 (2.1257)  acc1: 0.0000 (0.0167)  acc5: 0.3906 (0.5653)  family_acc1: 38.2812 (37.2196)  manu_acc1: 57.8125 (56.1877)  time: 0.5629  data: 0.2944  max mem: 11382
Test:  [351/391]  eta: 0:00:21  sploss: 9.7929 (9.8191)  famloss: 3.0370 (3.1037)  manuloss: 1.9840 (2.1248)  acc1: 0.0000 (0.0166)  acc5: 0.3906 (0.5637)  family_acc1: 38.2812 (37.2203)  manu_acc1: 58.5938 (56.2089)  time: 0.5624  data: 0.2944  max mem: 11382
Test:  [352/391]  eta: 0:00:20  sploss: 9.7819 (9.8183)  famloss: 3.0140 (3.1034)  manuloss: 1.9840 (2.1246)  acc1: 0.0000 (0.0188)  acc5: 0.3906 (0.5688)  family_acc1: 38.2812 (37.2333)  manu_acc1: 59.3750 (56.2212)  time: 0.5619  data: 0.2944  max mem: 11382
Test:  [353/391]  eta: 0:00:20  sploss: 9.7772 (9.8181)  famloss: 3.0110 (3.1024)  manuloss: 1.9659 (2.1233)  acc1: 0.0000 (0.0188)  acc5: 0.3906 (0.5694)  family_acc1: 39.8438 (37.2495)  manu_acc1: 60.1562 (56.2511)  time: 0.5598  data: 0.2944  max mem: 11382
Test:  [354/391]  eta: 0:00:19  sploss: 9.7729 (9.8177)  famloss: 3.0110 (3.1023)  manuloss: 1.9642 (2.1227)  acc1: 0.0000 (0.0187)  acc5: 0.3906 (0.5722)  family_acc1: 39.8438 (37.2491)  manu_acc1: 60.1562 (56.2731)  time: 0.5551  data: 0.2944  max mem: 11382
Test:  [355/391]  eta: 0:00:19  sploss: 9.7595 (9.8172)  famloss: 3.0110 (3.1018)  manuloss: 1.9583 (2.1216)  acc1: 0.0000 (0.0187)  acc5: 0.3906 (0.5706)  family_acc1: 38.2812 (37.2487)  manu_acc1: 60.1562 (56.2983)  time: 0.5538  data: 0.2944  max mem: 11382
Test:  [356/391]  eta: 0:00:18  sploss: 9.7348 (9.8169)  famloss: 2.9866 (3.1011)  manuloss: 1.9576 (2.1207)  acc1: 0.0000 (0.0186)  acc5: 0.3906 (0.5690)  family_acc1: 39.8438 (37.2571)  manu_acc1: 60.5469 (56.3189)  time: 0.4022  data: 0.1399  max mem: 11382
Test:  [357/391]  eta: 0:00:18  sploss: 9.7222 (9.8164)  famloss: 2.9732 (3.1003)  manuloss: 1.9576 (2.1202)  acc1: 0.0000 (0.0185)  acc5: 0.3906 (0.5685)  family_acc1: 40.2344 (37.2665)  manu_acc1: 60.5469 (56.3253)  time: 0.3989  data: 0.1399  max mem: 11382
Test:  [358/391]  eta: 0:00:17  sploss: 9.7222 (9.8164)  famloss: 2.9732 (3.1002)  manuloss: 1.8981 (2.1196)  acc1: 0.0000 (0.0185)  acc5: 0.3906 (0.5680)  family_acc1: 40.6250 (37.2759)  manu_acc1: 60.5469 (56.3349)  time: 0.3991  data: 0.1399  max mem: 11382
Test:  [359/391]  eta: 0:00:16  sploss: 9.7166 (9.8160)  famloss: 2.9160 (3.0993)  manuloss: 1.8851 (2.1187)  acc1: 0.0000 (0.0184)  acc5: 0.3906 (0.5686)  family_acc1: 40.6250 (37.2884)  manu_acc1: 60.9375 (56.3542)  time: 0.3990  data: 0.1399  max mem: 11382
Test:  [360/391]  eta: 0:00:16  sploss: 9.7166 (9.8167)  famloss: 2.9160 (3.0992)  manuloss: 1.8221 (2.1175)  acc1: 0.0000 (0.0184)  acc5: 0.3906 (0.5702)  family_acc1: 40.6250 (37.2966)  manu_acc1: 62.8906 (56.3755)  time: 0.5389  data: 0.2786  max mem: 11382
Test:  [361/391]  eta: 0:00:16  sploss: 9.7024 (9.8161)  famloss: 2.9006 (3.0980)  manuloss: 1.8164 (2.1167)  acc1: 0.0000 (0.0183)  acc5: 0.3906 (0.5687)  family_acc1: 40.6250 (37.3122)  manu_acc1: 62.8906 (56.3914)  time: 0.5390  data: 0.2786  max mem: 11382
Test:  [362/391]  eta: 0:00:15  sploss: 9.6861 (9.8157)  famloss: 2.8486 (3.0972)  manuloss: 1.7934 (2.1156)  acc1: 0.0000 (0.0183)  acc5: 0.3906 (0.5682)  family_acc1: 40.6250 (37.3235)  manu_acc1: 63.2812 (56.4179)  time: 0.5380  data: 0.2786  max mem: 11382
Test:  [363/391]  eta: 0:00:14  sploss: 9.6861 (9.8152)  famloss: 2.9006 (3.0970)  manuloss: 1.8164 (2.1150)  acc1: 0.0000 (0.0182)  acc5: 0.3906 (0.5688)  family_acc1: 40.6250 (37.3294)  manu_acc1: 63.2812 (56.4367)  time: 0.5384  data: 0.2786  max mem: 11382
Test:  [364/391]  eta: 0:00:14  sploss: 9.6623 (9.8148)  famloss: 2.9006 (3.0965)  manuloss: 1.8164 (2.1144)  acc1: 0.0000 (0.0182)  acc5: 0.3906 (0.5683)  family_acc1: 40.2344 (37.3373)  manu_acc1: 63.2812 (56.4512)  time: 0.5475  data: 0.2786  max mem: 11382
Test:  [365/391]  eta: 0:00:13  sploss: 9.6623 (9.8145)  famloss: 2.8485 (3.0956)  manuloss: 1.8095 (2.1135)  acc1: 0.0000 (0.0181)  acc5: 0.3906 (0.5678)  family_acc1: 40.6250 (37.3581)  manu_acc1: 63.6719 (56.4763)  time: 0.5467  data: 0.2786  max mem: 11382
Test:  [366/391]  eta: 0:00:13  sploss: 9.6861 (9.8147)  famloss: 2.9006 (3.0954)  manuloss: 1.8164 (2.1131)  acc1: 0.0000 (0.0192)  acc5: 0.3906 (0.5684)  family_acc1: 40.2344 (37.3606)  manu_acc1: 63.2812 (56.4916)  time: 0.5465  data: 0.2786  max mem: 11382
Test:  [367/391]  eta: 0:00:12  sploss: 9.6803 (9.8144)  famloss: 2.9006 (3.0944)  manuloss: 1.8164 (2.1120)  acc1: 0.0000 (0.0191)  acc5: 0.3906 (0.5668)  family_acc1: 40.2344 (37.3843)  manu_acc1: 63.2812 (56.5164)  time: 0.5470  data: 0.2785  max mem: 11382
Test:  [368/391]  eta: 0:00:12  sploss: 9.6623 (9.8133)  famloss: 2.9006 (3.0941)  manuloss: 1.8095 (2.1112)  acc1: 0.0000 (0.0191)  acc5: 0.3906 (0.5674)  family_acc1: 40.6250 (37.3941)  manu_acc1: 63.6719 (56.5401)  time: 0.4042  data: 0.1391  max mem: 11382
Test:  [369/391]  eta: 0:00:11  sploss: 9.6803 (9.8133)  famloss: 2.9006 (3.0935)  manuloss: 1.8164 (2.1105)  acc1: 0.0000 (0.0190)  acc5: 0.3906 (0.5659)  family_acc1: 40.6250 (37.4029)  manu_acc1: 63.2812 (56.5572)  time: 0.4045  data: 0.1391  max mem: 11382
Test:  [370/391]  eta: 0:00:11  sploss: 9.6803 (9.8126)  famloss: 2.9006 (3.0932)  manuloss: 1.8164 (2.1103)  acc1: 0.0000 (0.0190)  acc5: 0.3906 (0.5665)  family_acc1: 40.6250 (37.4147)  manu_acc1: 63.2812 (56.5659)  time: 0.4015  data: 0.1391  max mem: 11382
Test:  [371/391]  eta: 0:00:10  sploss: 9.6623 (9.8122)  famloss: 2.9006 (3.0930)  manuloss: 1.8164 (2.1098)  acc1: 0.0000 (0.0189)  acc5: 0.3906 (0.5649)  family_acc1: 40.6250 (37.4160)  manu_acc1: 63.2812 (56.5860)  time: 0.3989  data: 0.1391  max mem: 11382
Test:  [372/391]  eta: 0:00:10  sploss: 9.6803 (9.8123)  famloss: 2.9006 (3.0931)  manuloss: 1.8164 (2.1098)  acc1: 0.0000 (0.0199)  acc5: 0.3906 (0.5645)  family_acc1: 40.6250 (37.4236)  manu_acc1: 63.2812 (56.5945)  time: 0.5180  data: 0.2595  max mem: 11382
Test:  [373/391]  eta: 0:00:09  sploss: 9.6803 (9.8122)  famloss: 2.9006 (3.0921)  manuloss: 1.8164 (2.1082)  acc1: 0.0000 (0.0198)  acc5: 0.3906 (0.5630)  family_acc1: 40.6250 (37.4405)  manu_acc1: 63.2812 (56.6260)  time: 0.5148  data: 0.2595  max mem: 11382
Test:  [374/391]  eta: 0:00:09  sploss: 9.6803 (9.8121)  famloss: 2.9006 (3.0918)  manuloss: 1.8164 (2.1076)  acc1: 0.0000 (0.0198)  acc5: 0.3906 (0.5635)  family_acc1: 40.6250 (37.4427)  manu_acc1: 63.2812 (56.6333)  time: 0.5122  data: 0.2595  max mem: 11382
Test:  [375/391]  eta: 0:00:08  sploss: 9.6803 (9.8116)  famloss: 2.9379 (3.0914)  manuloss: 1.8164 (2.1065)  acc1: 0.0000 (0.0197)  acc5: 0.3906 (0.5641)  family_acc1: 40.6250 (37.4512)  manu_acc1: 63.2812 (56.6593)  time: 0.5101  data: 0.2595  max mem: 11382
Test:  [376/391]  eta: 0:00:07  sploss: 9.6803 (9.8118)  famloss: 2.9379 (3.0907)  manuloss: 1.8164 (2.1053)  acc1: 0.0000 (0.0197)  acc5: 0.3906 (0.5647)  family_acc1: 40.6250 (37.4658)  manu_acc1: 63.2812 (56.6831)  time: 0.5042  data: 0.2595  max mem: 11382
Test:  [377/391]  eta: 0:00:07  sploss: 9.6955 (9.8116)  famloss: 2.9379 (3.0899)  manuloss: 1.8095 (2.1041)  acc1: 0.0000 (0.0196)  acc5: 0.3906 (0.5642)  family_acc1: 40.6250 (37.4835)  manu_acc1: 63.2812 (56.7078)  time: 0.5046  data: 0.2595  max mem: 11382
Test:  [378/391]  eta: 0:00:06  sploss: 9.6955 (9.8113)  famloss: 2.8992 (3.0894)  manuloss: 1.7842 (2.1028)  acc1: 0.0000 (0.0196)  acc5: 0.3906 (0.5627)  family_acc1: 40.6250 (37.4897)  manu_acc1: 64.0625 (56.7354)  time: 0.5017  data: 0.2594  max mem: 11382
Test:  [379/391]  eta: 0:00:06  sploss: 9.6955 (9.8113)  famloss: 2.9379 (3.0893)  manuloss: 1.8095 (2.1022)  acc1: 0.0000 (0.0195)  acc5: 0.3906 (0.5613)  family_acc1: 40.6250 (37.4866)  manu_acc1: 64.0625 (56.7506)  time: 0.4990  data: 0.2594  max mem: 11382
Test:  [380/391]  eta: 0:00:05  sploss: 9.6803 (9.8104)  famloss: 2.8992 (3.0882)  manuloss: 1.8095 (2.1008)  acc1: 0.0000 (0.0195)  acc5: 0.3906 (0.5608)  family_acc1: 40.6250 (37.5051)  manu_acc1: 64.0625 (56.7811)  time: 0.3566  data: 0.1208  max mem: 11382
Test:  [381/391]  eta: 0:00:05  sploss: 9.6955 (9.8103)  famloss: 2.9379 (3.0881)  manuloss: 1.8095 (2.1005)  acc1: 0.0000 (0.0194)  acc5: 0.3906 (0.5594)  family_acc1: 40.6250 (37.5112)  manu_acc1: 64.0625 (56.7838)  time: 0.3535  data: 0.1207  max mem: 11382
Test:  [382/391]  eta: 0:00:04  sploss: 9.6955 (9.8100)  famloss: 2.9379 (3.0875)  manuloss: 1.8095 (2.0995)  acc1: 0.0000 (0.0194)  acc5: 0.3906 (0.5579)  family_acc1: 40.6250 (37.5265)  manu_acc1: 64.0625 (56.8150)  time: 0.3513  data: 0.1207  max mem: 11382
Test:  [383/391]  eta: 0:00:04  sploss: 9.6955 (9.8094)  famloss: 2.8992 (3.0867)  manuloss: 1.7824 (2.0986)  acc1: 0.0000 (0.0193)  acc5: 0.3906 (0.5585)  family_acc1: 40.6250 (37.5478)  manu_acc1: 65.2344 (56.8370)  time: 0.3505  data: 0.1207  max mem: 11382
Test:  [384/391]  eta: 0:00:03  sploss: 9.6955 (9.8089)  famloss: 2.8882 (3.0857)  manuloss: 1.7669 (2.0971)  acc1: 0.0000 (0.0193)  acc5: 0.3906 (0.5580)  family_acc1: 41.0156 (37.5761)  manu_acc1: 65.2344 (56.8679)  time: 0.4281  data: 0.2073  max mem: 11382
Test:  [385/391]  eta: 0:00:03  sploss: 9.6951 (9.8083)  famloss: 2.8992 (3.0854)  manuloss: 1.7231 (2.0958)  acc1: 0.0000 (0.0192)  acc5: 0.3906 (0.5576)  family_acc1: 41.0156 (37.5891)  manu_acc1: 65.2344 (56.8987)  time: 0.4286  data: 0.2072  max mem: 11382
Test:  [386/391]  eta: 0:00:02  sploss: 9.6803 (9.8076)  famloss: 2.8992 (3.0851)  manuloss: 1.7091 (2.0947)  acc1: 0.0000 (0.0192)  acc5: 0.3906 (0.5582)  family_acc1: 41.0156 (37.5878)  manu_acc1: 65.6250 (56.9253)  time: 0.4292  data: 0.2072  max mem: 11382
Test:  [387/391]  eta: 0:00:02  sploss: 9.6951 (9.8074)  famloss: 2.9432 (3.0847)  manuloss: 1.7091 (2.0941)  acc1: 0.0000 (0.0191)  acc5: 0.3906 (0.5577)  family_acc1: 40.6250 (37.5916)  manu_acc1: 65.6250 (56.9477)  time: 0.4287  data: 0.2072  max mem: 11382
Test:  [388/391]  eta: 0:00:01  sploss: 9.6951 (9.8065)  famloss: 2.8992 (3.0838)  manuloss: 1.7091 (2.0933)  acc1: 0.0000 (0.0191)  acc5: 0.3906 (0.5573)  family_acc1: 40.6250 (37.6044)  manu_acc1: 65.6250 (56.9680)  time: 0.4288  data: 0.2072  max mem: 11382
Test:  [389/391]  eta: 0:00:01  sploss: 9.6951 (9.8064)  famloss: 2.9424 (3.0834)  manuloss: 1.7091 (2.0925)  acc1: 0.0000 (0.0190)  acc5: 0.3906 (0.5569)  family_acc1: 40.6250 (37.6072)  manu_acc1: 65.6250 (56.9842)  time: 0.4246  data: 0.2072  max mem: 11382
Test:  [390/391]  eta: 0:00:00  sploss: 9.7156 (9.8064)  famloss: 2.8992 (3.0828)  manuloss: 1.7091 (2.0917)  acc1: 0.0000 (0.0190)  acc5: 0.3906 (0.5560)  family_acc1: 40.2344 (37.6100)  manu_acc1: 65.6250 (56.9980)  time: 0.4208  data: 0.2072  max mem: 11382
Test: Total time: 0:03:25 (0.5253 s / it)
* Acc@1 0.019 Acc@5 0.556 family@1 37.610 manu@1 56.998 sploss 9.806 fmloss 3.083 mfloss 2.092
FPA: 0.008% | TICE: 99.794% 
LCA: 297.933%
Precision and Recall: 6.756%
wAP: 5.031
