Namespace(batch_size=256, epochs=100, bce_loss=False, unscale_lr=False, few_shot=2, model='cast_small', input_size=224, drop=0.0, drop_path=0.1, model_ema=True, model_ema_decay=0.99996, model_ema_force_cpu=False, num_superpixels=196, opt='adamw', opt_eps=1e-08, opt_betas=None, clip_grad=None, momentum=0.9, weight_decay=0.05, sched='cosine', lr=0.0005, lr_noise=None, lr_noise_pct=0.67, lr_noise_std=1.0, warmup_lr=1e-06, min_lr=1e-05, decay_epochs=30, warmup_epochs=5, cooldown_epochs=10, patience_epochs=10, decay_rate=0.1, color_jitter=0.3, aa='rand-m9-mstd0.5-inc1', smoothing=0.1, train_interpolation='bicubic', repeated_aug=True, train_mode=True, ThreeAugment=False, src=False, reprob=0.25, remode='pixel', recount=1, resplit=False, mixup=0.8, cutmix=1.0, cutmix_minmax=None, mixup_prob=1.0, mixup_switch_prob=0.5, mixup_mode='batch', teacher_model='regnety_160', teacher_path='', distillation_type='none', distillation_alpha=0.5, distillation_tau=1.0, cosub=False, finetune='best_checkpoint.pth', attn_only=False, data_path='../dataset/', data_set='INAT21-MINI-HIER-SUPERPIXEL', path_yn=False, inat_category='name', output_dir='./output/few_shot/two/5ot', device='cuda', seed=0, resume='', start_epoch=0, eval=False, eval_crop_ratio=0.875, dist_eval=False, num_workers=12, pin_mem=True, distributed=True, world_size=1, dist_url='env://', globalkl=False, ot_loss=True, learnable_ot=False, ot_weight=5.0, base_weight=1, globalbce=False, gk_weight=1, filename='results.csv', breeds_sort='entity13', random_seed=1, local_rank=-1, tree_path='./data/inat21_3tree.json', label_weight=[1, 2, 3])
| distributed init (rank 0): env://
seed 0
args.nb_classes [10000, 1103, 273]
Creating model: cast_small
dict_keys(['model', 'optimizer', 'lr_scheduler', 'epoch', 'model_ema', 'scaler', 'args'])
Removing key head.weight from pretrained checkpoint
Removing key head.bias from pretrained checkpoint
number of params: 30556704
Start training for 100 epochs
Epoch: [0]  [ 0/78]  eta: 0:43:57  lr: 0.000001  sp_loss: 9.2809 (9.2809)  fam_loss: 7.1255 (7.1255)  manu_loss: 5.6116 (5.6116)  ot_loss: 4.8906 (4.8906)  base_loss: 22.0180 (22.0180)  time: 33.8186  data: 5.7570  max mem: 10970
Epoch: [0]  [77/78]  eta: 0:00:00  lr: 0.000001  sp_loss: 9.2789 (9.2720)  fam_loss: 7.0626 (7.0757)  manu_loss: 5.5895 (5.6057)  ot_loss: 4.9414 (4.9381)  base_loss: 21.9435 (21.9534)  time: 0.3994  data: 0.1674  max mem: 11376
Epoch: [0] Total time: 0:00:59 (0.7682 s / it)
Averaged stats: lr: 0.000001  sp_loss: 9.2789 (9.2720)  fam_loss: 7.0626 (7.0757)  manu_loss: 5.5895 (5.6057)  ot_loss: 4.9414 (4.9381)  base_loss: 21.9435 (21.9534)
Epoch: [1]  [ 0/78]  eta: 0:08:00  lr: 0.000001  sp_loss: 9.2471 (9.2471)  fam_loss: 7.0873 (7.0873)  manu_loss: 5.5890 (5.5890)  ot_loss: 4.9180 (4.9180)  base_loss: 21.9234 (21.9234)  time: 6.1607  data: 5.8925  max mem: 11376
Epoch: [1]  [77/78]  eta: 0:00:00  lr: 0.000001  sp_loss: 9.2718 (9.2703)  fam_loss: 7.0359 (7.0535)  manu_loss: 5.5128 (5.5344)  ot_loss: 4.9258 (4.9423)  base_loss: 21.8429 (21.8582)  time: 0.3874  data: 0.1625  max mem: 11380
Epoch: [1] Total time: 0:00:34 (0.4476 s / it)
Averaged stats: lr: 0.000001  sp_loss: 9.2718 (9.2703)  fam_loss: 7.0359 (7.0535)  manu_loss: 5.5128 (5.5344)  ot_loss: 4.9258 (4.9423)  base_loss: 21.8429 (21.8582)
Epoch: [2]  [ 0/78]  eta: 0:07:21  lr: 0.000051  sp_loss: 9.3050 (9.3050)  fam_loss: 6.8963 (6.8963)  manu_loss: 5.4582 (5.4582)  ot_loss: 4.9688 (4.9688)  base_loss: 21.6595 (21.6595)  time: 5.6544  data: 5.3851  max mem: 11380
Epoch: [2]  [77/78]  eta: 0:00:00  lr: 0.000051  sp_loss: 10.9830 (9.8390)  fam_loss: 6.1289 (6.5459)  manu_loss: 4.3559 (4.7119)  ot_loss: 3.4824 (4.2705)  base_loss: 21.4902 (21.0969)  time: 0.3905  data: 0.1659  max mem: 11380
Epoch: [2] Total time: 0:00:34 (0.4449 s / it)
Averaged stats: lr: 0.000051  sp_loss: 10.9830 (9.8390)  fam_loss: 6.1289 (6.5459)  manu_loss: 4.3559 (4.7119)  ot_loss: 3.4824 (4.2705)  base_loss: 21.4902 (21.0969)
Epoch: [3]  [ 0/78]  eta: 0:07:24  lr: 0.000101  sp_loss: 10.9249 (10.9249)  fam_loss: 6.4142 (6.4142)  manu_loss: 4.3892 (4.3892)  ot_loss: 3.3750 (3.3750)  base_loss: 21.7284 (21.7284)  time: 5.6969  data: 5.4185  max mem: 11380
Epoch: [3]  [77/78]  eta: 0:00:00  lr: 0.000101  sp_loss: 11.6360 (11.4792)  fam_loss: 5.7259 (5.8083)  manu_loss: 3.7569 (3.9363)  ot_loss: 2.6328 (2.8517)  base_loss: 21.1633 (21.2238)  time: 0.3931  data: 0.1661  max mem: 11380
Epoch: [3] Total time: 0:00:34 (0.4408 s / it)
Averaged stats: lr: 0.000101  sp_loss: 11.6360 (11.4792)  fam_loss: 5.7259 (5.8083)  manu_loss: 3.7569 (3.9363)  ot_loss: 2.6328 (2.8517)  base_loss: 21.1633 (21.2238)
Epoch: [4]  [ 0/78]  eta: 0:07:53  lr: 0.000150  sp_loss: 11.3652 (11.3652)  fam_loss: 5.9301 (5.9301)  manu_loss: 4.0281 (4.0281)  ot_loss: 2.5645 (2.5645)  base_loss: 21.3233 (21.3233)  time: 6.0724  data: 5.8020  max mem: 11380
Epoch: [4]  [77/78]  eta: 0:00:00  lr: 0.000150  sp_loss: 11.4979 (11.5260)  fam_loss: 5.4871 (5.5754)  manu_loss: 3.7262 (3.7299)  ot_loss: 2.5449 (2.5802)  base_loss: 20.5552 (20.8313)  time: 0.4054  data: 0.1739  max mem: 11380
Epoch: [4] Total time: 0:00:34 (0.4423 s / it)
Averaged stats: lr: 0.000150  sp_loss: 11.4979 (11.5260)  fam_loss: 5.4871 (5.5754)  manu_loss: 3.7262 (3.7299)  ot_loss: 2.5449 (2.5802)  base_loss: 20.5552 (20.8313)
Epoch: [5]  [ 0/78]  eta: 0:07:48  lr: 0.000200  sp_loss: 11.1805 (11.1805)  fam_loss: 5.6771 (5.6771)  manu_loss: 3.9969 (3.9969)  ot_loss: 2.5957 (2.5957)  base_loss: 20.8545 (20.8545)  time: 6.0114  data: 5.7487  max mem: 11380
Epoch: [5]  [77/78]  eta: 0:00:00  lr: 0.000200  sp_loss: 11.3693 (11.4178)  fam_loss: 5.2159 (5.4073)  manu_loss: 3.4660 (3.6437)  ot_loss: 2.5254 (2.5658)  base_loss: 20.0529 (20.4688)  time: 0.3972  data: 0.1710  max mem: 11380
Epoch: [5] Total time: 0:00:34 (0.4432 s / it)
Averaged stats: lr: 0.000200  sp_loss: 11.3693 (11.4178)  fam_loss: 5.2159 (5.4073)  manu_loss: 3.4660 (3.6437)  ot_loss: 2.5254 (2.5658)  base_loss: 20.0529 (20.4688)
Epoch: [6]  [ 0/78]  eta: 0:07:49  lr: 0.000249  sp_loss: 11.2692 (11.2692)  fam_loss: 4.7371 (4.7371)  manu_loss: 2.8885 (2.8885)  ot_loss: 2.4785 (2.4785)  base_loss: 18.8948 (18.8948)  time: 6.0176  data: 5.7549  max mem: 11380
Epoch: [6]  [77/78]  eta: 0:00:00  lr: 0.000249  sp_loss: 11.2621 (11.3278)  fam_loss: 5.2109 (5.2117)  manu_loss: 3.5682 (3.5517)  ot_loss: 2.5449 (2.5362)  base_loss: 20.1630 (20.0912)  time: 0.3882  data: 0.1635  max mem: 11381
Epoch: [6] Total time: 0:00:34 (0.4457 s / it)
Averaged stats: lr: 0.000249  sp_loss: 11.2621 (11.3278)  fam_loss: 5.2109 (5.2117)  manu_loss: 3.5682 (3.5517)  ot_loss: 2.5449 (2.5362)  base_loss: 20.1630 (20.0912)
Epoch: [7]  [ 0/78]  eta: 0:07:32  lr: 0.000248  sp_loss: 11.1883 (11.1883)  fam_loss: 5.7285 (5.7285)  manu_loss: 3.9501 (3.9501)  ot_loss: 2.5723 (2.5723)  base_loss: 20.8669 (20.8669)  time: 5.7984  data: 5.5356  max mem: 11381
Epoch: [7]  [77/78]  eta: 0:00:00  lr: 0.000248  sp_loss: 11.2332 (11.2266)  fam_loss: 5.0930 (5.1653)  manu_loss: 3.5826 (3.5651)  ot_loss: 2.5430 (2.5277)  base_loss: 19.8855 (19.9570)  time: 0.3876  data: 0.1613  max mem: 11381
Epoch: [7] Total time: 0:00:34 (0.4446 s / it)
Averaged stats: lr: 0.000248  sp_loss: 11.2332 (11.2266)  fam_loss: 5.0930 (5.1653)  manu_loss: 3.5826 (3.5651)  ot_loss: 2.5430 (2.5277)  base_loss: 19.8855 (19.9570)
Epoch: [8]  [ 0/78]  eta: 0:07:41  lr: 0.000247  sp_loss: 11.1273 (11.1273)  fam_loss: 4.9967 (4.9967)  manu_loss: 3.7118 (3.7118)  ot_loss: 2.5273 (2.5273)  base_loss: 19.8359 (19.8359)  time: 5.9187  data: 5.6555  max mem: 11381
Epoch: [8]  [77/78]  eta: 0:00:00  lr: 0.000247  sp_loss: 11.0832 (11.0531)  fam_loss: 4.7710 (4.9617)  manu_loss: 3.3339 (3.4436)  ot_loss: 2.4980 (2.5073)  base_loss: 19.0414 (19.4584)  time: 0.3921  data: 0.1654  max mem: 11381
Epoch: [8] Total time: 0:00:34 (0.4432 s / it)
Averaged stats: lr: 0.000247  sp_loss: 11.0832 (11.0531)  fam_loss: 4.7710 (4.9617)  manu_loss: 3.3339 (3.4436)  ot_loss: 2.4980 (2.5073)  base_loss: 19.0414 (19.4584)
Epoch: [9]  [ 0/78]  eta: 0:07:42  lr: 0.000246  sp_loss: 11.1019 (11.1019)  fam_loss: 5.0563 (5.0563)  manu_loss: 3.6394 (3.6394)  ot_loss: 2.5430 (2.5430)  base_loss: 19.7976 (19.7976)  time: 5.9283  data: 5.6713  max mem: 11381
Epoch: [9]  [77/78]  eta: 0:00:00  lr: 0.000246  sp_loss: 11.0566 (10.9267)  fam_loss: 5.1159 (4.9327)  manu_loss: 3.5857 (3.4295)  ot_loss: 2.5000 (2.5035)  base_loss: 19.7889 (19.2889)  time: 0.4060  data: 0.1801  max mem: 11381
Epoch: [9] Total time: 0:00:34 (0.4408 s / it)
Averaged stats: lr: 0.000246  sp_loss: 11.0566 (10.9267)  fam_loss: 5.1159 (4.9327)  manu_loss: 3.5857 (3.4295)  ot_loss: 2.5000 (2.5035)  base_loss: 19.7889 (19.2889)
Epoch: [10]  [ 0/78]  eta: 0:07:20  lr: 0.000245  sp_loss: 10.7689 (10.7689)  fam_loss: 4.9514 (4.9514)  manu_loss: 3.5018 (3.5018)  ot_loss: 2.5020 (2.5020)  base_loss: 19.2221 (19.2221)  time: 5.6528  data: 5.3874  max mem: 11381
Epoch: [10]  [77/78]  eta: 0:00:00  lr: 0.000245  sp_loss: 10.7340 (10.7440)  fam_loss: 4.8098 (4.7715)  manu_loss: 3.3161 (3.3151)  ot_loss: 2.5039 (2.4913)  base_loss: 18.8631 (18.8305)  time: 0.3999  data: 0.1706  max mem: 11381
Epoch: [10] Total time: 0:00:34 (0.4404 s / it)
Averaged stats: lr: 0.000245  sp_loss: 10.7340 (10.7440)  fam_loss: 4.8098 (4.7715)  manu_loss: 3.3161 (3.3151)  ot_loss: 2.5039 (2.4913)  base_loss: 18.8631 (18.8305)
Epoch: [11]  [ 0/78]  eta: 0:07:50  lr: 0.000244  sp_loss: 10.6539 (10.6539)  fam_loss: 4.8833 (4.8833)  manu_loss: 3.5121 (3.5121)  ot_loss: 2.5352 (2.5352)  base_loss: 19.0494 (19.0494)  time: 6.0358  data: 5.7699  max mem: 11381
Epoch: [11]  [77/78]  eta: 0:00:00  lr: 0.000244  sp_loss: 10.5983 (10.5948)  fam_loss: 4.8849 (4.7234)  manu_loss: 3.4204 (3.3063)  ot_loss: 2.4668 (2.4760)  base_loss: 18.9518 (18.6245)  time: 0.3891  data: 0.1639  max mem: 11381
Epoch: [11] Total time: 0:00:34 (0.4417 s / it)
Averaged stats: lr: 0.000244  sp_loss: 10.5983 (10.5948)  fam_loss: 4.8849 (4.7234)  manu_loss: 3.4204 (3.3063)  ot_loss: 2.4668 (2.4760)  base_loss: 18.9518 (18.6245)
Epoch: [12]  [ 0/78]  eta: 0:07:59  lr: 0.000243  sp_loss: 10.6698 (10.6698)  fam_loss: 5.1551 (5.1551)  manu_loss: 3.6220 (3.6220)  ot_loss: 2.5898 (2.5898)  base_loss: 19.4469 (19.4469)  time: 6.1496  data: 5.8881  max mem: 11381
Epoch: [12]  [77/78]  eta: 0:00:00  lr: 0.000243  sp_loss: 10.5264 (10.4383)  fam_loss: 4.7653 (4.6725)  manu_loss: 3.3991 (3.3018)  ot_loss: 2.4727 (2.4736)  base_loss: 18.6785 (18.4127)  time: 0.3883  data: 0.1628  max mem: 11381
Epoch: [12] Total time: 0:00:34 (0.4453 s / it)
Averaged stats: lr: 0.000243  sp_loss: 10.5264 (10.4383)  fam_loss: 4.7653 (4.6725)  manu_loss: 3.3991 (3.3018)  ot_loss: 2.4727 (2.4736)  base_loss: 18.6785 (18.4127)
Epoch: [13]  [ 0/78]  eta: 0:07:51  lr: 0.000242  sp_loss: 10.4975 (10.4975)  fam_loss: 4.7619 (4.7619)  manu_loss: 3.3628 (3.3628)  ot_loss: 2.4453 (2.4453)  base_loss: 18.6222 (18.6222)  time: 6.0419  data: 5.7741  max mem: 11381
Epoch: [13]  [77/78]  eta: 0:00:00  lr: 0.000242  sp_loss: 10.3918 (10.2403)  fam_loss: 4.6135 (4.5884)  manu_loss: 3.2628 (3.2527)  ot_loss: 2.4473 (2.4679)  base_loss: 18.2597 (18.0814)  time: 0.3930  data: 0.1681  max mem: 11381
Epoch: [13] Total time: 0:00:34 (0.4458 s / it)
Averaged stats: lr: 0.000242  sp_loss: 10.3918 (10.2403)  fam_loss: 4.6135 (4.5884)  manu_loss: 3.2628 (3.2527)  ot_loss: 2.4473 (2.4679)  base_loss: 18.2597 (18.0814)
Epoch: [14]  [ 0/78]  eta: 0:07:29  lr: 0.000240  sp_loss: 10.3679 (10.3679)  fam_loss: 4.4815 (4.4815)  manu_loss: 3.2623 (3.2623)  ot_loss: 2.4570 (2.4570)  base_loss: 18.1116 (18.1116)  time: 5.7681  data: 5.5017  max mem: 11381
Epoch: [14]  [77/78]  eta: 0:00:00  lr: 0.000240  sp_loss: 10.2907 (10.1250)  fam_loss: 4.6761 (4.5900)  manu_loss: 3.2650 (3.2561)  ot_loss: 2.4590 (2.4701)  base_loss: 18.3108 (17.9711)  time: 0.3920  data: 0.1648  max mem: 11381
Epoch: [14] Total time: 0:00:34 (0.4404 s / it)
Averaged stats: lr: 0.000240  sp_loss: 10.2907 (10.1250)  fam_loss: 4.6761 (4.5900)  manu_loss: 3.2650 (3.2561)  ot_loss: 2.4590 (2.4701)  base_loss: 18.3108 (17.9711)
Epoch: [15]  [ 0/78]  eta: 0:07:39  lr: 0.000239  sp_loss: 10.0061 (10.0061)  fam_loss: 4.6047 (4.6047)  manu_loss: 3.2537 (3.2537)  ot_loss: 2.4043 (2.4043)  base_loss: 17.8646 (17.8646)  time: 5.8903  data: 5.6212  max mem: 11381
Epoch: [15]  [77/78]  eta: 0:00:00  lr: 0.000239  sp_loss: 10.0383 (9.9882)  fam_loss: 4.6325 (4.5713)  manu_loss: 3.3430 (3.2497)  ot_loss: 2.4727 (2.4659)  base_loss: 17.8122 (17.8093)  time: 0.4003  data: 0.1740  max mem: 11381
Epoch: [15] Total time: 0:00:34 (0.4434 s / it)
Averaged stats: lr: 0.000239  sp_loss: 10.0383 (9.9882)  fam_loss: 4.6325 (4.5713)  manu_loss: 3.3430 (3.2497)  ot_loss: 2.4727 (2.4659)  base_loss: 17.8122 (17.8093)
Epoch: [16]  [ 0/78]  eta: 0:07:26  lr: 0.000237  sp_loss: 8.7779 (8.7779)  fam_loss: 3.6850 (3.6850)  manu_loss: 2.5393 (2.5393)  ot_loss: 2.4453 (2.4453)  base_loss: 15.0022 (15.0022)  time: 5.7289  data: 5.4424  max mem: 11381
Epoch: [16]  [77/78]  eta: 0:00:00  lr: 0.000237  sp_loss: 9.5885 (9.7875)  fam_loss: 4.3607 (4.5039)  manu_loss: 3.0367 (3.2310)  ot_loss: 2.4688 (2.4611)  base_loss: 17.0784 (17.5225)  time: 0.3864  data: 0.1590  max mem: 11381
Epoch: [16] Total time: 0:00:34 (0.4363 s / it)
Averaged stats: lr: 0.000237  sp_loss: 9.5885 (9.7875)  fam_loss: 4.3607 (4.5039)  manu_loss: 3.0367 (3.2310)  ot_loss: 2.4688 (2.4611)  base_loss: 17.0784 (17.5225)
Epoch: [17]  [ 0/78]  eta: 0:07:54  lr: 0.000235  sp_loss: 8.9246 (8.9246)  fam_loss: 4.0120 (4.0120)  manu_loss: 2.8308 (2.8308)  ot_loss: 2.4863 (2.4863)  base_loss: 15.7674 (15.7674)  time: 6.0779  data: 5.7936  max mem: 11381
Epoch: [17]  [77/78]  eta: 0:00:00  lr: 0.000235  sp_loss: 9.8216 (9.7541)  fam_loss: 4.5341 (4.5349)  manu_loss: 3.2965 (3.2351)  ot_loss: 2.4629 (2.4615)  base_loss: 17.6316 (17.5241)  time: 0.3889  data: 0.1634  max mem: 11381
Epoch: [17] Total time: 0:00:34 (0.4475 s / it)
Averaged stats: lr: 0.000235  sp_loss: 9.8216 (9.7541)  fam_loss: 4.5341 (4.5349)  manu_loss: 3.2965 (3.2351)  ot_loss: 2.4629 (2.4615)  base_loss: 17.6316 (17.5241)
Epoch: [18]  [ 0/78]  eta: 0:07:57  lr: 0.000233  sp_loss: 9.6875 (9.6875)  fam_loss: 4.7566 (4.7566)  manu_loss: 3.4475 (3.4475)  ot_loss: 2.5117 (2.5117)  base_loss: 17.8917 (17.8917)  time: 6.1175  data: 5.8586  max mem: 11381
Epoch: [18]  [77/78]  eta: 0:00:00  lr: 0.000233  sp_loss: 9.1570 (9.4532)  fam_loss: 4.2923 (4.3761)  manu_loss: 3.1540 (3.1612)  ot_loss: 2.4102 (2.4434)  base_loss: 16.3970 (16.9905)  time: 0.3922  data: 0.1669  max mem: 11381
Epoch: [18] Total time: 0:00:34 (0.4464 s / it)
Averaged stats: lr: 0.000233  sp_loss: 9.1570 (9.4532)  fam_loss: 4.2923 (4.3761)  manu_loss: 3.1540 (3.1612)  ot_loss: 2.4102 (2.4434)  base_loss: 16.3970 (16.9905)
Epoch: [19]  [ 0/78]  eta: 0:07:51  lr: 0.000231  sp_loss: 7.8618 (7.8618)  fam_loss: 3.2660 (3.2660)  manu_loss: 2.3478 (2.3478)  ot_loss: 2.3066 (2.3066)  base_loss: 13.4757 (13.4757)  time: 6.0416  data: 5.7757  max mem: 11381
Epoch: [19]  [77/78]  eta: 0:00:00  lr: 0.000231  sp_loss: 9.2239 (9.2549)  fam_loss: 4.3319 (4.3239)  manu_loss: 3.0061 (3.0918)  ot_loss: 2.4219 (2.4371)  base_loss: 16.5112 (16.6705)  time: 0.3892  data: 0.1624  max mem: 11381
Epoch: [19] Total time: 0:00:34 (0.4380 s / it)
Averaged stats: lr: 0.000231  sp_loss: 9.2239 (9.2549)  fam_loss: 4.3319 (4.3239)  manu_loss: 3.0061 (3.0918)  ot_loss: 2.4219 (2.4371)  base_loss: 16.5112 (16.6705)
Epoch: [20]  [ 0/78]  eta: 0:07:22  lr: 0.000229  sp_loss: 8.1819 (8.1819)  fam_loss: 3.5812 (3.5812)  manu_loss: 2.6199 (2.6199)  ot_loss: 2.3965 (2.3965)  base_loss: 14.3830 (14.3830)  time: 5.6786  data: 5.3989  max mem: 11381
Epoch: [20]  [77/78]  eta: 0:00:00  lr: 0.000229  sp_loss: 9.3242 (9.1748)  fam_loss: 4.4002 (4.3612)  manu_loss: 3.1630 (3.1265)  ot_loss: 2.4355 (2.4357)  base_loss: 16.9592 (16.6625)  time: 0.3872  data: 0.1605  max mem: 11381
Epoch: [20] Total time: 0:00:34 (0.4439 s / it)
Averaged stats: lr: 0.000229  sp_loss: 9.3242 (9.1748)  fam_loss: 4.4002 (4.3612)  manu_loss: 3.1630 (3.1265)  ot_loss: 2.4355 (2.4357)  base_loss: 16.9592 (16.6625)
Epoch: [21]  [ 0/78]  eta: 0:07:33  lr: 0.000227  sp_loss: 8.1013 (8.1013)  fam_loss: 3.6859 (3.6859)  manu_loss: 2.4118 (2.4118)  ot_loss: 2.3828 (2.3828)  base_loss: 14.1990 (14.1990)  time: 5.8103  data: 5.5521  max mem: 11381
Epoch: [21]  [77/78]  eta: 0:00:00  lr: 0.000227  sp_loss: 9.0178 (8.8528)  fam_loss: 4.2249 (4.1949)  manu_loss: 3.1210 (3.0115)  ot_loss: 2.4180 (2.4323)  base_loss: 16.2168 (16.0592)  time: 0.3868  data: 0.1608  max mem: 11381
Epoch: [21] Total time: 0:00:33 (0.4336 s / it)
Averaged stats: lr: 0.000227  sp_loss: 9.0178 (8.8528)  fam_loss: 4.2249 (4.1949)  manu_loss: 3.1210 (3.0115)  ot_loss: 2.4180 (2.4323)  base_loss: 16.2168 (16.0592)
Epoch: [22]  [ 0/78]  eta: 0:07:43  lr: 0.000225  sp_loss: 9.4349 (9.4349)  fam_loss: 4.6492 (4.6492)  manu_loss: 3.4595 (3.4595)  ot_loss: 2.4844 (2.4844)  base_loss: 17.5435 (17.5435)  time: 5.9435  data: 5.6681  max mem: 11381
Epoch: [22]  [77/78]  eta: 0:00:00  lr: 0.000225  sp_loss: 9.1462 (8.8293)  fam_loss: 4.4271 (4.2445)  manu_loss: 3.1965 (3.0695)  ot_loss: 2.4395 (2.4241)  base_loss: 16.8540 (16.1433)  time: 0.3979  data: 0.1720  max mem: 11381
Epoch: [22] Total time: 0:00:34 (0.4453 s / it)
Averaged stats: lr: 0.000225  sp_loss: 9.1462 (8.8293)  fam_loss: 4.4271 (4.2445)  manu_loss: 3.1965 (3.0695)  ot_loss: 2.4395 (2.4241)  base_loss: 16.8540 (16.1433)
Epoch: [23]  [ 0/78]  eta: 0:07:33  lr: 0.000222  sp_loss: 9.3202 (9.3202)  fam_loss: 4.8594 (4.8594)  manu_loss: 3.5294 (3.5294)  ot_loss: 2.4668 (2.4668)  base_loss: 17.7090 (17.7090)  time: 5.8123  data: 5.5398  max mem: 11381
Epoch: [23]  [77/78]  eta: 0:00:00  lr: 0.000222  sp_loss: 8.7807 (8.6256)  fam_loss: 4.2556 (4.1653)  manu_loss: 2.9992 (3.0096)  ot_loss: 2.4141 (2.4159)  base_loss: 15.9369 (15.8005)  time: 0.3871  data: 0.1617  max mem: 11381
Epoch: [23] Total time: 0:00:34 (0.4401 s / it)
Averaged stats: lr: 0.000222  sp_loss: 8.7807 (8.6256)  fam_loss: 4.2556 (4.1653)  manu_loss: 2.9992 (3.0096)  ot_loss: 2.4141 (2.4159)  base_loss: 15.9369 (15.8005)
Epoch: [24]  [ 0/78]  eta: 0:07:32  lr: 0.000220  sp_loss: 9.2768 (9.2768)  fam_loss: 4.9745 (4.9745)  manu_loss: 3.6398 (3.6398)  ot_loss: 2.4980 (2.4980)  base_loss: 17.8912 (17.8912)  time: 5.8007  data: 5.5322  max mem: 11381
Epoch: [24]  [77/78]  eta: 0:00:00  lr: 0.000220  sp_loss: 8.2726 (8.3846)  fam_loss: 4.1301 (4.0810)  manu_loss: 2.9404 (2.9527)  ot_loss: 2.3848 (2.4072)  base_loss: 15.3471 (15.4184)  time: 0.3933  data: 0.1648  max mem: 11381
Epoch: [24] Total time: 0:00:34 (0.4400 s / it)
Averaged stats: lr: 0.000220  sp_loss: 8.2726 (8.3846)  fam_loss: 4.1301 (4.0810)  manu_loss: 2.9404 (2.9527)  ot_loss: 2.3848 (2.4072)  base_loss: 15.3471 (15.4184)
Epoch: [25]  [ 0/78]  eta: 0:07:20  lr: 0.000217  sp_loss: 8.1674 (8.1674)  fam_loss: 4.0200 (4.0200)  manu_loss: 2.9200 (2.9200)  ot_loss: 2.3555 (2.3555)  base_loss: 15.1073 (15.1073)  time: 5.6536  data: 5.3892  max mem: 11381
Epoch: [25]  [77/78]  eta: 0:00:00  lr: 0.000217  sp_loss: 8.5672 (8.3544)  fam_loss: 4.2497 (4.1188)  manu_loss: 3.0558 (2.9712)  ot_loss: 2.4141 (2.4068)  base_loss: 15.8477 (15.4443)  time: 0.3774  data: 0.1508  max mem: 11381
Epoch: [25] Total time: 0:00:34 (0.4401 s / it)
Averaged stats: lr: 0.000217  sp_loss: 8.5672 (8.3544)  fam_loss: 4.2497 (4.1188)  manu_loss: 3.0558 (2.9712)  ot_loss: 2.4141 (2.4068)  base_loss: 15.8477 (15.4443)
Epoch: [26]  [ 0/78]  eta: 0:07:45  lr: 0.000215  sp_loss: 8.3529 (8.3529)  fam_loss: 4.3135 (4.3135)  manu_loss: 3.1532 (3.1532)  ot_loss: 2.3887 (2.3887)  base_loss: 15.8196 (15.8196)  time: 5.9623  data: 5.6911  max mem: 11381
Epoch: [26]  [77/78]  eta: 0:00:00  lr: 0.000215  sp_loss: 8.7781 (8.2715)  fam_loss: 4.3880 (4.1508)  manu_loss: 3.1034 (3.0059)  ot_loss: 2.4102 (2.4116)  base_loss: 16.5224 (15.4282)  time: 0.4010  data: 0.1757  max mem: 11381
Epoch: [26] Total time: 0:00:34 (0.4441 s / it)
Averaged stats: lr: 0.000215  sp_loss: 8.7781 (8.2715)  fam_loss: 4.3880 (4.1508)  manu_loss: 3.1034 (3.0059)  ot_loss: 2.4102 (2.4116)  base_loss: 16.5224 (15.4282)
Epoch: [27]  [ 0/78]  eta: 0:07:26  lr: 0.000212  sp_loss: 9.2771 (9.2771)  fam_loss: 4.6719 (4.6719)  manu_loss: 3.4697 (3.4697)  ot_loss: 2.5469 (2.5469)  base_loss: 17.4187 (17.4187)  time: 5.7194  data: 5.4532  max mem: 11381
Epoch: [27]  [77/78]  eta: 0:00:00  lr: 0.000212  sp_loss: 8.1546 (8.2152)  fam_loss: 4.0343 (4.1108)  manu_loss: 2.9659 (2.9829)  ot_loss: 2.3965 (2.4004)  base_loss: 15.0815 (15.3089)  time: 0.3934  data: 0.1671  max mem: 11382
Epoch: [27] Total time: 0:00:34 (0.4414 s / it)
Averaged stats: lr: 0.000212  sp_loss: 8.1546 (8.2152)  fam_loss: 4.0343 (4.1108)  manu_loss: 2.9659 (2.9829)  ot_loss: 2.3965 (2.4004)  base_loss: 15.0815 (15.3089)
Epoch: [28]  [ 0/78]  eta: 0:08:09  lr: 0.000209  sp_loss: 8.8104 (8.8104)  fam_loss: 4.4920 (4.4920)  manu_loss: 3.2241 (3.2241)  ot_loss: 2.4180 (2.4180)  base_loss: 16.5265 (16.5265)  time: 6.2793  data: 6.0126  max mem: 11382
Epoch: [28]  [77/78]  eta: 0:00:00  lr: 0.000209  sp_loss: 7.3593 (7.8574)  fam_loss: 3.7546 (3.9633)  manu_loss: 2.6835 (2.8697)  ot_loss: 2.3574 (2.3800)  base_loss: 13.7663 (14.6904)  time: 0.3791  data: 0.1543  max mem: 11382
Epoch: [28] Total time: 0:00:34 (0.4451 s / it)
Averaged stats: lr: 0.000209  sp_loss: 7.3593 (7.8574)  fam_loss: 3.7546 (3.9633)  manu_loss: 2.6835 (2.8697)  ot_loss: 2.3574 (2.3800)  base_loss: 13.7663 (14.6904)
Epoch: [29]  [ 0/78]  eta: 0:07:32  lr: 0.000206  sp_loss: 7.5503 (7.5503)  fam_loss: 3.7936 (3.7936)  manu_loss: 2.6810 (2.6810)  ot_loss: 2.3301 (2.3301)  base_loss: 14.0249 (14.0249)  time: 5.7985  data: 5.5254  max mem: 11382
Epoch: [29]  [77/78]  eta: 0:00:00  lr: 0.000206  sp_loss: 8.4734 (7.9747)  fam_loss: 4.2225 (4.0695)  manu_loss: 3.0489 (2.9559)  ot_loss: 2.4023 (2.3946)  base_loss: 15.6749 (15.0001)  time: 0.3927  data: 0.1652  max mem: 11382
Epoch: [29] Total time: 0:00:34 (0.4416 s / it)
Averaged stats: lr: 0.000206  sp_loss: 8.4734 (7.9747)  fam_loss: 4.2225 (4.0695)  manu_loss: 3.0489 (2.9559)  ot_loss: 2.4023 (2.3946)  base_loss: 15.6749 (15.0001)
Epoch: [30]  [ 0/78]  eta: 0:07:58  lr: 0.000204  sp_loss: 7.9127 (7.9127)  fam_loss: 4.0284 (4.0284)  manu_loss: 2.8043 (2.8043)  ot_loss: 2.3223 (2.3223)  base_loss: 14.7455 (14.7455)  time: 6.1355  data: 5.8717  max mem: 11382
Epoch: [30]  [77/78]  eta: 0:00:00  lr: 0.000204  sp_loss: 8.3809 (7.6858)  fam_loss: 4.0938 (3.9387)  manu_loss: 3.0298 (2.8683)  ot_loss: 2.3516 (2.3808)  base_loss: 15.5045 (14.4928)  time: 0.3860  data: 0.1583  max mem: 11382
Epoch: [30] Total time: 0:00:34 (0.4439 s / it)
Averaged stats: lr: 0.000204  sp_loss: 8.3809 (7.6858)  fam_loss: 4.0938 (3.9387)  manu_loss: 3.0298 (2.8683)  ot_loss: 2.3516 (2.3808)  base_loss: 15.5045 (14.4928)
Epoch: [31]  [ 0/78]  eta: 0:07:46  lr: 0.000201  sp_loss: 7.0060 (7.0060)  fam_loss: 3.7044 (3.7044)  manu_loss: 2.6237 (2.6237)  ot_loss: 2.3086 (2.3086)  base_loss: 13.3342 (13.3342)  time: 5.9769  data: 5.6984  max mem: 11382
Epoch: [31]  [77/78]  eta: 0:00:00  lr: 0.000201  sp_loss: 7.7792 (7.7063)  fam_loss: 3.9250 (3.9974)  manu_loss: 2.8930 (2.9197)  ot_loss: 2.3574 (2.3760)  base_loss: 14.6362 (14.6233)  time: 0.3859  data: 0.1604  max mem: 11382
Epoch: [31] Total time: 0:00:34 (0.4472 s / it)
Averaged stats: lr: 0.000201  sp_loss: 7.7792 (7.7063)  fam_loss: 3.9250 (3.9974)  manu_loss: 2.8930 (2.9197)  ot_loss: 2.3574 (2.3760)  base_loss: 14.6362 (14.6233)
Epoch: [32]  [ 0/78]  eta: 0:07:54  lr: 0.000197  sp_loss: 6.5578 (6.5578)  fam_loss: 3.5240 (3.5240)  manu_loss: 2.5570 (2.5570)  ot_loss: 2.2754 (2.2754)  base_loss: 12.6388 (12.6388)  time: 6.0793  data: 5.8244  max mem: 11382
Epoch: [32]  [77/78]  eta: 0:00:00  lr: 0.000197  sp_loss: 8.3092 (7.7757)  fam_loss: 4.2190 (4.0374)  manu_loss: 3.1071 (2.9403)  ot_loss: 2.4062 (2.3784)  base_loss: 15.6813 (14.7534)  time: 0.4028  data: 0.1759  max mem: 11382
Epoch: [32] Total time: 0:00:34 (0.4437 s / it)
Averaged stats: lr: 0.000197  sp_loss: 8.3092 (7.7757)  fam_loss: 4.2190 (4.0374)  manu_loss: 3.1071 (2.9403)  ot_loss: 2.4062 (2.3784)  base_loss: 15.6813 (14.7534)
Epoch: [33]  [ 0/78]  eta: 0:07:52  lr: 0.000194  sp_loss: 6.7026 (6.7026)  fam_loss: 3.7277 (3.7277)  manu_loss: 2.7984 (2.7984)  ot_loss: 2.2969 (2.2969)  base_loss: 13.2288 (13.2288)  time: 6.0573  data: 5.7937  max mem: 11382
Epoch: [33]  [77/78]  eta: 0:00:00  lr: 0.000194  sp_loss: 8.3106 (7.5411)  fam_loss: 4.1949 (3.9289)  manu_loss: 3.0632 (2.8808)  ot_loss: 2.4043 (2.3595)  base_loss: 15.7255 (14.3508)  time: 0.3867  data: 0.1602  max mem: 11382
Epoch: [33] Total time: 0:00:34 (0.4405 s / it)
Averaged stats: lr: 0.000194  sp_loss: 8.3106 (7.5411)  fam_loss: 4.1949 (3.9289)  manu_loss: 3.0632 (2.8808)  ot_loss: 2.4043 (2.3595)  base_loss: 15.7255 (14.3508)
Epoch: [34]  [ 0/78]  eta: 0:07:46  lr: 0.000191  sp_loss: 5.7251 (5.7251)  fam_loss: 2.9560 (2.9560)  manu_loss: 2.1993 (2.1993)  ot_loss: 2.2578 (2.2578)  base_loss: 10.8805 (10.8805)  time: 5.9787  data: 5.7006  max mem: 11382
Epoch: [34]  [77/78]  eta: 0:00:00  lr: 0.000191  sp_loss: 7.9312 (7.7097)  fam_loss: 4.1384 (4.0578)  manu_loss: 2.9981 (2.9705)  ot_loss: 2.3828 (2.3690)  base_loss: 14.9889 (14.7380)  time: 0.3867  data: 0.1607  max mem: 11382
Epoch: [34] Total time: 0:00:34 (0.4438 s / it)
Averaged stats: lr: 0.000191  sp_loss: 7.9312 (7.7097)  fam_loss: 4.1384 (4.0578)  manu_loss: 2.9981 (2.9705)  ot_loss: 2.3828 (2.3690)  base_loss: 14.9889 (14.7380)
Epoch: [35]  [ 0/78]  eta: 0:07:18  lr: 0.000188  sp_loss: 6.8997 (6.8997)  fam_loss: 3.5862 (3.5862)  manu_loss: 2.5919 (2.5919)  ot_loss: 2.2480 (2.2480)  base_loss: 13.0779 (13.0779)  time: 5.6165  data: 5.3483  max mem: 11382
Epoch: [35]  [77/78]  eta: 0:00:00  lr: 0.000188  sp_loss: 7.4229 (7.1798)  fam_loss: 3.8945 (3.8042)  manu_loss: 2.8307 (2.7945)  ot_loss: 2.3379 (2.3343)  base_loss: 14.1442 (13.7785)  time: 0.3854  data: 0.1595  max mem: 11382
Epoch: [35] Total time: 0:00:34 (0.4380 s / it)
Averaged stats: lr: 0.000188  sp_loss: 7.4229 (7.1798)  fam_loss: 3.8945 (3.8042)  manu_loss: 2.8307 (2.7945)  ot_loss: 2.3379 (2.3343)  base_loss: 14.1442 (13.7785)
Epoch: [36]  [ 0/78]  eta: 0:07:33  lr: 0.000184  sp_loss: 7.5458 (7.5458)  fam_loss: 3.9831 (3.9831)  manu_loss: 2.9553 (2.9553)  ot_loss: 2.3242 (2.3242)  base_loss: 14.4843 (14.4843)  time: 5.8137  data: 5.5444  max mem: 11382
Epoch: [36]  [77/78]  eta: 0:00:00  lr: 0.000184  sp_loss: 6.6935 (6.9664)  fam_loss: 3.7061 (3.7178)  manu_loss: 2.7548 (2.7261)  ot_loss: 2.2832 (2.3096)  base_loss: 12.9690 (13.4103)  time: 0.3941  data: 0.1679  max mem: 11382
Epoch: [36] Total time: 0:00:34 (0.4415 s / it)
Averaged stats: lr: 0.000184  sp_loss: 6.6935 (6.9664)  fam_loss: 3.7061 (3.7178)  manu_loss: 2.7548 (2.7261)  ot_loss: 2.2832 (2.3096)  base_loss: 12.9690 (13.4103)
Epoch: [37]  [ 0/78]  eta: 0:07:40  lr: 0.000181  sp_loss: 5.8517 (5.8517)  fam_loss: 3.0788 (3.0788)  manu_loss: 2.3591 (2.3591)  ot_loss: 2.1816 (2.1816)  base_loss: 11.2896 (11.2896)  time: 5.9049  data: 5.6367  max mem: 11382
Epoch: [37]  [77/78]  eta: 0:00:00  lr: 0.000181  sp_loss: 7.0675 (7.1820)  fam_loss: 3.6781 (3.8299)  manu_loss: 2.6935 (2.7943)  ot_loss: 2.2480 (2.3247)  base_loss: 13.3679 (13.8062)  time: 0.3999  data: 0.1714  max mem: 11382
Epoch: [37] Total time: 0:00:34 (0.4430 s / it)
Averaged stats: lr: 0.000181  sp_loss: 7.0675 (7.1820)  fam_loss: 3.6781 (3.8299)  manu_loss: 2.6935 (2.7943)  ot_loss: 2.2480 (2.3247)  base_loss: 13.3679 (13.8062)
Epoch: [38]  [ 0/78]  eta: 0:08:01  lr: 0.000178  sp_loss: 5.9881 (5.9881)  fam_loss: 3.0518 (3.0518)  manu_loss: 2.2734 (2.2734)  ot_loss: 2.1836 (2.1836)  base_loss: 11.3133 (11.3133)  time: 6.1692  data: 5.8882  max mem: 11382
Epoch: [38]  [77/78]  eta: 0:00:00  lr: 0.000178  sp_loss: 7.1460 (7.0777)  fam_loss: 3.8023 (3.8093)  manu_loss: 2.7231 (2.7804)  ot_loss: 2.2910 (2.3136)  base_loss: 13.8645 (13.6674)  time: 0.3935  data: 0.1691  max mem: 11382
Epoch: [38] Total time: 0:00:34 (0.4453 s / it)
Averaged stats: lr: 0.000178  sp_loss: 7.1460 (7.0777)  fam_loss: 3.8023 (3.8093)  manu_loss: 2.7231 (2.7804)  ot_loss: 2.2910 (2.3136)  base_loss: 13.8645 (13.6674)
Epoch: [39]  [ 0/78]  eta: 0:07:31  lr: 0.000174  sp_loss: 7.2084 (7.2084)  fam_loss: 3.9290 (3.9290)  manu_loss: 2.7976 (2.7976)  ot_loss: 2.3984 (2.3984)  base_loss: 13.9350 (13.9350)  time: 5.7915  data: 5.5053  max mem: 11382
Epoch: [39]  [77/78]  eta: 0:00:00  lr: 0.000174  sp_loss: 7.0005 (6.9598)  fam_loss: 3.8415 (3.7569)  manu_loss: 2.7945 (2.7571)  ot_loss: 2.3262 (2.3030)  base_loss: 13.6108 (13.4738)  time: 0.3836  data: 0.1598  max mem: 11382
Epoch: [39] Total time: 0:00:34 (0.4435 s / it)
Averaged stats: lr: 0.000174  sp_loss: 7.0005 (6.9598)  fam_loss: 3.8415 (3.7569)  manu_loss: 2.7945 (2.7571)  ot_loss: 2.3262 (2.3030)  base_loss: 13.6108 (13.4738)
Epoch: [40]  [ 0/78]  eta: 0:07:29  lr: 0.000171  sp_loss: 6.8302 (6.8302)  fam_loss: 3.9573 (3.9573)  manu_loss: 2.7383 (2.7383)  ot_loss: 2.2852 (2.2852)  base_loss: 13.5258 (13.5258)  time: 5.7683  data: 5.5019  max mem: 11382
Epoch: [40]  [77/78]  eta: 0:00:00  lr: 0.000171  sp_loss: 7.0692 (6.7864)  fam_loss: 3.9222 (3.7080)  manu_loss: 2.7912 (2.7270)  ot_loss: 2.3027 (2.2905)  base_loss: 13.9341 (13.2213)  time: 0.3848  data: 0.1587  max mem: 11382
Epoch: [40] Total time: 0:00:34 (0.4431 s / it)
Averaged stats: lr: 0.000171  sp_loss: 7.0692 (6.7864)  fam_loss: 3.9222 (3.7080)  manu_loss: 2.7912 (2.7270)  ot_loss: 2.3027 (2.2905)  base_loss: 13.9341 (13.2213)
Epoch: [41]  [ 0/78]  eta: 0:07:27  lr: 0.000167  sp_loss: 8.2131 (8.2131)  fam_loss: 4.3048 (4.3048)  manu_loss: 2.9941 (2.9941)  ot_loss: 2.4023 (2.4023)  base_loss: 15.5121 (15.5121)  time: 5.7428  data: 5.4717  max mem: 11382
Epoch: [41]  [77/78]  eta: 0:00:00  lr: 0.000167  sp_loss: 7.0104 (7.0846)  fam_loss: 3.7907 (3.8499)  manu_loss: 2.6873 (2.8342)  ot_loss: 2.2734 (2.3211)  base_loss: 13.4884 (13.7687)  time: 0.3871  data: 0.1597  max mem: 11382
Epoch: [41] Total time: 0:00:34 (0.4391 s / it)
Averaged stats: lr: 0.000167  sp_loss: 7.0104 (7.0846)  fam_loss: 3.7907 (3.8499)  manu_loss: 2.6873 (2.8342)  ot_loss: 2.2734 (2.3211)  base_loss: 13.4884 (13.7687)
Test:  [  0/391]  eta: 0:42:41  sploss: 7.8110 (7.8110)  famloss: 2.7154 (2.7154)  manuloss: 1.7173 (1.7173)  acc1: 1.1719 (1.1719)  acc5: 3.5156 (3.5156)  family_acc1: 42.5781 (42.5781)  manu_acc1: 61.3281 (61.3281)  time: 6.5504  data: 5.5737  max mem: 11382
Test:  [250/391]  eta: 0:00:59  sploss: 7.9172 (7.9144)  famloss: 2.7784 (2.7775)  manuloss: 1.8961 (1.8273)  acc1: 0.3906 (0.4638)  acc5: 3.5156 (3.4612)  family_acc1: 39.8438 (40.5721)  manu_acc1: 55.0781 (58.4397)  time: 0.3307  data: 0.1136  max mem: 11382
Test:  [390/391]  eta: 0:00:00  sploss: 7.6314 (7.8577)  famloss: 2.4929 (2.7094)  manuloss: 1.4425 (1.7486)  acc1: 0.3906 (0.4700)  acc5: 3.9062 (3.6350)  family_acc1: 46.4844 (41.7330)  manu_acc1: 68.7500 (60.1770)  time: 0.4734  data: 0.1988  max mem: 11382
Test: Total time: 0:02:43 (0.4181 s / it)
* Acc@1 0.470 Acc@5 3.635 family@1 41.733 manu@1 60.177 sploss 7.858 fmloss 2.709 mfloss 1.749
FPA: 0.379% | TICE: 98.537%   
 wAP: 5.904  |  LCA: 295.185   |   Precision and Recall: 1.590%
Accuracy of the network on the 100000 test images: 0.5%
Max accuracy: 0.47%
Epoch: [42]  [ 0/78]  eta: 0:11:04  lr: 0.000163  sp_loss: 7.4366 (7.4366)  fam_loss: 4.1413 (4.1413)  manu_loss: 3.0004 (3.0004)  ot_loss: 2.3828 (2.3828)  base_loss: 14.5783 (14.5783)  time: 8.5159  data: 5.5336  max mem: 11382
Epoch: [42]  [77/78]  eta: 0:00:00  lr: 0.000163  sp_loss: 7.1272 (6.7789)  fam_loss: 3.8807 (3.6959)  manu_loss: 2.8490 (2.7247)  ot_loss: 2.3262 (2.2860)  base_loss: 14.0848 (13.1995)  time: 0.3859  data: 0.1585  max mem: 11382
Epoch: [42] Total time: 0:00:34 (0.4413 s / it)
Averaged stats: lr: 0.000163  sp_loss: 7.1272 (6.7789)  fam_loss: 3.8807 (3.6959)  manu_loss: 2.8490 (2.7247)  ot_loss: 2.3262 (2.2860)  base_loss: 14.0848 (13.1995)
Test:  [  0/391]  eta: 0:37:01  sploss: 7.9323 (7.9323)  famloss: 2.6211 (2.6211)  manuloss: 1.6471 (1.6471)  acc1: 0.3906 (0.3906)  acc5: 3.9062 (3.9062)  family_acc1: 42.9688 (42.9688)  manu_acc1: 63.6719 (63.6719)  time: 5.6813  data: 5.4351  max mem: 11382
Test:  [250/391]  eta: 0:00:57  sploss: 8.0360 (8.0302)  famloss: 2.8626 (2.8137)  manuloss: 1.9127 (1.8346)  acc1: 0.0000 (0.4062)  acc5: 3.5156 (3.5078)  family_acc1: 40.2344 (40.3916)  manu_acc1: 55.0781 (58.3074)  time: 0.3194  data: 0.1040  max mem: 11382
Test:  [390/391]  eta: 0:00:00  sploss: 7.7092 (7.9778)  famloss: 2.5096 (2.7489)  manuloss: 1.4719 (1.7620)  acc1: 0.3906 (0.4220)  acc5: 3.9062 (3.6670)  family_acc1: 45.7031 (41.3530)  manu_acc1: 67.5781 (59.8850)  time: 0.3920  data: 0.1856  max mem: 11382
Test: Total time: 0:02:35 (0.3983 s / it)
* Acc@1 0.422 Acc@5 3.667 family@1 41.353 manu@1 59.885 sploss 7.978 fmloss 2.749 mfloss 1.762
FPA: 0.331% | TICE: 98.718%   
 wAP: 5.818  |  LCA: 295.366   |   Precision and Recall: 1.526%
Accuracy of the network on the 100000 test images: 0.4%
Max accuracy: 0.47%
Epoch: [43]  [ 0/78]  eta: 0:07:40  lr: 0.000160  sp_loss: 4.6791 (4.6791)  fam_loss: 2.4998 (2.4998)  manu_loss: 1.9555 (1.9555)  ot_loss: 2.1641 (2.1641)  base_loss: 9.1343 (9.1343)  time: 5.9065  data: 5.6249  max mem: 11382
Epoch: [43]  [77/78]  eta: 0:00:00  lr: 0.000160  sp_loss: 6.6921 (6.7730)  fam_loss: 3.6876 (3.6935)  manu_loss: 2.6579 (2.7081)  ot_loss: 2.2695 (2.2831)  base_loss: 13.2313 (13.1746)  time: 0.3881  data: 0.1609  max mem: 11382
Epoch: [43] Total time: 0:00:34 (0.4403 s / it)
Averaged stats: lr: 0.000160  sp_loss: 6.6921 (6.7730)  fam_loss: 3.6876 (3.6935)  manu_loss: 2.6579 (2.7081)  ot_loss: 2.2695 (2.2831)  base_loss: 13.2313 (13.1746)
Test:  [  0/391]  eta: 0:37:11  sploss: 7.8809 (7.8809)  famloss: 2.5914 (2.5914)  manuloss: 1.6021 (1.6021)  acc1: 0.3906 (0.3906)  acc5: 3.5156 (3.5156)  family_acc1: 45.3125 (45.3125)  manu_acc1: 64.0625 (64.0625)  time: 5.7059  data: 5.4750  max mem: 11382
Test:  [250/391]  eta: 0:00:57  sploss: 7.8687 (7.9310)  famloss: 2.8190 (2.7856)  manuloss: 1.9186 (1.8224)  acc1: 0.3906 (0.4000)  acc5: 3.9062 (3.5483)  family_acc1: 40.2344 (40.9565)  manu_acc1: 55.8594 (58.4272)  time: 0.3238  data: 0.1058  max mem: 11382
Test:  [390/391]  eta: 0:00:00  sploss: 7.6923 (7.8754)  famloss: 2.5325 (2.7208)  manuloss: 1.4281 (1.7477)  acc1: 0.3906 (0.4230)  acc5: 3.9062 (3.6490)  family_acc1: 45.7031 (42.0290)  manu_acc1: 67.9688 (60.1090)  time: 0.3918  data: 0.1841  max mem: 11382
Test: Total time: 0:02:36 (0.3991 s / it)
* Acc@1 0.423 Acc@5 3.649 family@1 42.029 manu@1 60.109 sploss 7.875 fmloss 2.721 mfloss 1.748
FPA: 0.324% | TICE: 98.872%   
 wAP: 5.889  |  LCA: 295.519   |   Precision and Recall: 1.502%
Accuracy of the network on the 100000 test images: 0.4%
Max accuracy: 0.47%
Epoch: [44]  [ 0/78]  eta: 0:07:33  lr: 0.000156  sp_loss: 7.7274 (7.7274)  fam_loss: 4.2444 (4.2444)  manu_loss: 2.8719 (2.8719)  ot_loss: 2.3789 (2.3789)  base_loss: 14.8438 (14.8438)  time: 5.8080  data: 5.5285  max mem: 11382
Epoch: [44]  [77/78]  eta: 0:00:00  lr: 0.000156  sp_loss: 7.2221 (6.5818)  fam_loss: 3.9470 (3.6005)  manu_loss: 2.8459 (2.6476)  ot_loss: 2.3105 (2.2548)  base_loss: 14.0027 (12.8299)  time: 0.3837  data: 0.1558  max mem: 11382
Epoch: [44] Total time: 0:00:34 (0.4421 s / it)
Averaged stats: lr: 0.000156  sp_loss: 7.2221 (6.5818)  fam_loss: 3.9470 (3.6005)  manu_loss: 2.8459 (2.6476)  ot_loss: 2.3105 (2.2548)  base_loss: 14.0027 (12.8299)
Test:  [  0/391]  eta: 0:37:54  sploss: 7.9399 (7.9399)  famloss: 2.6061 (2.6061)  manuloss: 1.6183 (1.6183)  acc1: 1.1719 (1.1719)  acc5: 4.6875 (4.6875)  family_acc1: 43.3594 (43.3594)  manu_acc1: 64.0625 (64.0625)  time: 5.8181  data: 5.5755  max mem: 11382
Test:  [250/391]  eta: 0:00:57  sploss: 7.9339 (7.9963)  famloss: 2.8174 (2.7862)  manuloss: 1.9023 (1.8371)  acc1: 0.3906 (0.3922)  acc5: 3.5156 (3.5468)  family_acc1: 40.2344 (40.7371)  manu_acc1: 55.0781 (58.1238)  time: 0.3180  data: 0.1020  max mem: 11382
Test:  [390/391]  eta: 0:00:00  sploss: 7.7522 (7.9382)  famloss: 2.5136 (2.7178)  manuloss: 1.4266 (1.7585)  acc1: 0.3906 (0.4140)  acc5: 3.5156 (3.6640)  family_acc1: 46.0938 (41.8250)  manu_acc1: 67.5781 (59.9110)  time: 0.3868  data: 0.1804  max mem: 11382
Test: Total time: 0:02:36 (0.3992 s / it)
* Acc@1 0.414 Acc@5 3.664 family@1 41.825 manu@1 59.911 sploss 7.938 fmloss 2.718 mfloss 1.758
FPA: 0.331% | TICE: 98.757%   
 wAP: 5.857  |  LCA: 295.506   |   Precision and Recall: 1.469%
Accuracy of the network on the 100000 test images: 0.4%
Max accuracy: 0.47%
Epoch: [45]  [ 0/78]  eta: 0:07:36  lr: 0.000152  sp_loss: 5.1678 (5.1678)  fam_loss: 2.8425 (2.8425)  manu_loss: 2.1317 (2.1317)  ot_loss: 2.0879 (2.0879)  base_loss: 10.1420 (10.1420)  time: 5.8500  data: 5.5703  max mem: 11382
Epoch: [45]  [77/78]  eta: 0:00:00  lr: 0.000152  sp_loss: 7.2028 (6.7055)  fam_loss: 3.9417 (3.6949)  manu_loss: 2.7746 (2.6904)  ot_loss: 2.3047 (2.2710)  base_loss: 13.8316 (13.0908)  time: 0.3903  data: 0.1632  max mem: 11382
Epoch: [45] Total time: 0:00:34 (0.4425 s / it)
Averaged stats: lr: 0.000152  sp_loss: 7.2028 (6.7055)  fam_loss: 3.9417 (3.6949)  manu_loss: 2.7746 (2.6904)  ot_loss: 2.3047 (2.2710)  base_loss: 13.8316 (13.0908)
Test:  [  0/391]  eta: 0:38:50  sploss: 7.8004 (7.8004)  famloss: 2.5303 (2.5303)  manuloss: 1.6236 (1.6236)  acc1: 0.3906 (0.3906)  acc5: 4.2969 (4.2969)  family_acc1: 44.9219 (44.9219)  manu_acc1: 64.8438 (64.8438)  time: 5.9607  data: 5.7287  max mem: 11382
Test:  [250/391]  eta: 0:00:57  sploss: 7.8396 (7.8845)  famloss: 2.8124 (2.7855)  manuloss: 1.8836 (1.8197)  acc1: 0.3906 (0.4513)  acc5: 3.9062 (3.7273)  family_acc1: 40.2344 (40.8507)  manu_acc1: 55.0781 (58.7074)  time: 0.3189  data: 0.1006  max mem: 11382
Test:  [390/391]  eta: 0:00:00  sploss: 7.6680 (7.8315)  famloss: 2.5351 (2.7200)  manuloss: 1.4595 (1.7425)  acc1: 0.3906 (0.4710)  acc5: 4.2969 (3.8130)  family_acc1: 44.9219 (41.9510)  manu_acc1: 67.9688 (60.4070)  time: 0.4049  data: 0.1847  max mem: 11382
Test: Total time: 0:02:37 (0.4032 s / it)
* Acc@1 0.471 Acc@5 3.813 family@1 41.951 manu@1 60.407 sploss 7.832 fmloss 2.720 mfloss 1.742
FPA: 0.360% | TICE: 98.696%   
 wAP: 5.931  |  LCA: 295.344   |   Precision and Recall: 1.546%
Accuracy of the network on the 100000 test images: 0.5%
Max accuracy: 0.47%
Epoch: [46]  [ 0/78]  eta: 0:07:35  lr: 0.000149  sp_loss: 7.4517 (7.4517)  fam_loss: 3.9395 (3.9395)  manu_loss: 2.8962 (2.8962)  ot_loss: 2.2422 (2.2422)  base_loss: 14.2874 (14.2874)  time: 5.8365  data: 5.5735  max mem: 11382
Epoch: [46]  [77/78]  eta: 0:00:00  lr: 0.000149  sp_loss: 7.0241 (6.7655)  fam_loss: 3.8657 (3.7061)  manu_loss: 2.7939 (2.7179)  ot_loss: 2.2773 (2.2715)  base_loss: 13.8920 (13.1895)  time: 0.3930  data: 0.1659  max mem: 11382
Epoch: [46] Total time: 0:00:34 (0.4436 s / it)
Averaged stats: lr: 0.000149  sp_loss: 7.0241 (6.7655)  fam_loss: 3.8657 (3.7061)  manu_loss: 2.7939 (2.7179)  ot_loss: 2.2773 (2.2715)  base_loss: 13.8920 (13.1895)
Test:  [  0/391]  eta: 0:38:42  sploss: 7.8753 (7.8753)  famloss: 2.5132 (2.5132)  manuloss: 1.5571 (1.5571)  acc1: 0.3906 (0.3906)  acc5: 1.9531 (1.9531)  family_acc1: 44.1406 (44.1406)  manu_acc1: 64.4531 (64.4531)  time: 5.9405  data: 5.6999  max mem: 11382
Test:  [250/391]  eta: 0:00:57  sploss: 7.8570 (7.9198)  famloss: 2.7990 (2.7669)  manuloss: 1.8622 (1.8060)  acc1: 0.3906 (0.4373)  acc5: 3.5156 (3.4160)  family_acc1: 40.6250 (41.3175)  manu_acc1: 55.8594 (59.0015)  time: 0.3237  data: 0.1010  max mem: 11382
Test:  [390/391]  eta: 0:00:00  sploss: 7.6723 (7.8649)  famloss: 2.5084 (2.6981)  manuloss: 1.4112 (1.7265)  acc1: 0.3906 (0.4590)  acc5: 3.9062 (3.5080)  family_acc1: 45.7031 (42.4410)  manu_acc1: 68.3594 (60.7560)  time: 0.3981  data: 0.1865  max mem: 11382
Test: Total time: 0:02:38 (0.4048 s / it)
* Acc@1 0.459 Acc@5 3.508 family@1 42.441 manu@1 60.756 sploss 7.865 fmloss 2.698 mfloss 1.727
FPA: 0.369% | TICE: 98.490%   
 wAP: 5.977  |  LCA: 295.240   |   Precision and Recall: 1.544%
Accuracy of the network on the 100000 test images: 0.5%
Max accuracy: 0.47%
Epoch: [47]  [ 0/78]  eta: 0:07:25  lr: 0.000145  sp_loss: 6.8550 (6.8550)  fam_loss: 3.9941 (3.9941)  manu_loss: 2.7978 (2.7978)  ot_loss: 2.2969 (2.2969)  base_loss: 13.6469 (13.6469)  time: 5.7098  data: 5.4436  max mem: 11382
Epoch: [47]  [77/78]  eta: 0:00:00  lr: 0.000145  sp_loss: 7.2317 (6.6786)  fam_loss: 3.7837 (3.7016)  manu_loss: 2.8337 (2.7173)  ot_loss: 2.2949 (2.2474)  base_loss: 13.8539 (13.0974)  time: 0.3878  data: 0.1615  max mem: 11382
Epoch: [47] Total time: 0:00:34 (0.4435 s / it)
Averaged stats: lr: 0.000145  sp_loss: 7.2317 (6.6786)  fam_loss: 3.7837 (3.7016)  manu_loss: 2.8337 (2.7173)  ot_loss: 2.2949 (2.2474)  base_loss: 13.8539 (13.0974)
Test:  [  0/391]  eta: 0:37:57  sploss: 7.9268 (7.9268)  famloss: 2.5873 (2.5873)  manuloss: 1.6460 (1.6460)  acc1: 0.7812 (0.7812)  acc5: 1.5625 (1.5625)  family_acc1: 42.9688 (42.9688)  manu_acc1: 61.3281 (61.3281)  time: 5.8237  data: 5.5880  max mem: 11382
Test:  [250/391]  eta: 0:00:58  sploss: 7.9719 (8.0186)  famloss: 2.7823 (2.7553)  manuloss: 1.8504 (1.8087)  acc1: 0.0000 (0.2941)  acc5: 3.1250 (3.2433)  family_acc1: 40.6250 (41.4296)  manu_acc1: 57.0312 (58.9750)  time: 0.3226  data: 0.1050  max mem: 11382
Test:  [390/391]  eta: 0:00:00  sploss: 7.7449 (7.9651)  famloss: 2.4589 (2.6929)  manuloss: 1.4181 (1.7344)  acc1: 0.3906 (0.3170)  acc5: 3.9062 (3.3320)  family_acc1: 45.7031 (42.4090)  manu_acc1: 68.3594 (60.6880)  time: 0.3901  data: 0.1815  max mem: 11382
Test: Total time: 0:02:39 (0.4079 s / it)
* Acc@1 0.317 Acc@5 3.332 family@1 42.409 manu@1 60.688 sploss 7.965 fmloss 2.693 mfloss 1.734
FPA: 0.255% | TICE: 98.960%   
 wAP: 5.847  |  LCA: 296.335   |   Precision and Recall: 1.241%
Accuracy of the network on the 100000 test images: 0.3%
Max accuracy: 0.47%
Epoch: [48]  [ 0/78]  eta: 0:07:42  lr: 0.000141  sp_loss: 6.7872 (6.7872)  fam_loss: 3.6867 (3.6867)  manu_loss: 2.5520 (2.5520)  ot_loss: 2.1953 (2.1953)  base_loss: 13.0260 (13.0260)  time: 5.9307  data: 5.6551  max mem: 11382
Epoch: [48]  [77/78]  eta: 0:00:00  lr: 0.000141  sp_loss: 6.2561 (6.4619)  fam_loss: 3.7098 (3.6007)  manu_loss: 2.5540 (2.6445)  ot_loss: 2.2168 (2.2340)  base_loss: 12.7437 (12.7071)  time: 0.3933  data: 0.1661  max mem: 11382
Epoch: [48] Total time: 0:00:34 (0.4389 s / it)
Averaged stats: lr: 0.000141  sp_loss: 6.2561 (6.4619)  fam_loss: 3.7098 (3.6007)  manu_loss: 2.5540 (2.6445)  ot_loss: 2.2168 (2.2340)  base_loss: 12.7437 (12.7071)
Test:  [  0/391]  eta: 0:39:40  sploss: 7.7689 (7.7689)  famloss: 2.4710 (2.4710)  manuloss: 1.5240 (1.5240)  acc1: 1.5625 (1.5625)  acc5: 4.6875 (4.6875)  family_acc1: 46.4844 (46.4844)  manu_acc1: 65.6250 (65.6250)  time: 6.0873  data: 5.8505  max mem: 11382
Test:  [250/391]  eta: 0:00:58  sploss: 7.7894 (7.8388)  famloss: 2.7075 (2.6889)  manuloss: 1.8512 (1.7836)  acc1: 0.3906 (0.5369)  acc5: 4.2969 (4.5739)  family_acc1: 40.6250 (41.8000)  manu_acc1: 55.4688 (59.1198)  time: 0.3361  data: 0.1033  max mem: 11382
Test:  [390/391]  eta: 0:00:00  sploss: 7.6078 (7.7808)  famloss: 2.4135 (2.6243)  manuloss: 1.4035 (1.7091)  acc1: 0.7812 (0.5700)  acc5: 5.0781 (4.6510)  family_acc1: 46.8750 (42.8980)  manu_acc1: 67.9688 (60.7330)  time: 0.3980  data: 0.1890  max mem: 11382
Test: Total time: 0:02:39 (0.4071 s / it)
* Acc@1 0.570 Acc@5 4.651 family@1 42.898 manu@1 60.733 sploss 7.781 fmloss 2.624 mfloss 1.709
FPA: 0.466% | TICE: 98.559%   
 wAP: 6.118  |  LCA: 294.854   |   Precision and Recall: 1.688%
Accuracy of the network on the 100000 test images: 0.6%
Max accuracy: 0.57%
Epoch: [49]  [ 0/78]  eta: 0:07:19  lr: 0.000138  sp_loss: 7.3569 (7.3569)  fam_loss: 4.1520 (4.1520)  manu_loss: 3.1316 (3.1316)  ot_loss: 2.3965 (2.3965)  base_loss: 14.6405 (14.6405)  time: 5.6306  data: 5.3559  max mem: 11382
Epoch: [49]  [77/78]  eta: 0:00:00  lr: 0.000138  sp_loss: 6.3056 (6.2947)  fam_loss: 3.6175 (3.5119)  manu_loss: 2.6767 (2.5903)  ot_loss: 2.2324 (2.2253)  base_loss: 12.7283 (12.3969)  time: 0.3978  data: 0.1711  max mem: 11382
Epoch: [49] Total time: 0:00:34 (0.4413 s / it)
Averaged stats: lr: 0.000138  sp_loss: 6.3056 (6.2947)  fam_loss: 3.6175 (3.5119)  manu_loss: 2.6767 (2.5903)  ot_loss: 2.2324 (2.2253)  base_loss: 12.7283 (12.3969)
Test:  [  0/391]  eta: 0:36:54  sploss: 7.6031 (7.6031)  famloss: 2.4896 (2.4896)  manuloss: 1.6010 (1.6010)  acc1: 0.7812 (0.7812)  acc5: 3.5156 (3.5156)  family_acc1: 46.0938 (46.0938)  manu_acc1: 64.4531 (64.4531)  time: 5.6637  data: 5.4273  max mem: 11382
Test:  [250/391]  eta: 0:00:57  sploss: 7.6389 (7.6740)  famloss: 2.7050 (2.6942)  manuloss: 1.8712 (1.7879)  acc1: 0.7812 (0.6925)  acc5: 4.6875 (4.8789)  family_acc1: 41.7969 (42.2964)  manu_acc1: 55.4688 (59.2723)  time: 0.3213  data: 0.1022  max mem: 11382
Test:  [390/391]  eta: 0:00:00  sploss: 7.4695 (7.6187)  famloss: 2.4444 (2.6310)  manuloss: 1.4199 (1.7143)  acc1: 0.7812 (0.7280)  acc5: 5.8594 (5.0280)  family_acc1: 47.2656 (43.3390)  manu_acc1: 69.5312 (60.9030)  time: 0.3993  data: 0.1872  max mem: 11382
Test: Total time: 0:02:37 (0.4033 s / it)
* Acc@1 0.728 Acc@5 5.028 family@1 43.339 manu@1 60.903 sploss 7.619 fmloss 2.631 mfloss 1.714
FPA: 0.572% | TICE: 98.120%   
 wAP: 6.304  |  LCA: 293.876   |   Precision and Recall: 1.977%
Accuracy of the network on the 100000 test images: 0.7%
Max accuracy: 0.73%
Epoch: [50]  [ 0/78]  eta: 0:07:54  lr: 0.000134  sp_loss: 6.8435 (6.8435)  fam_loss: 3.8950 (3.8950)  manu_loss: 2.8949 (2.8949)  ot_loss: 2.3281 (2.3281)  base_loss: 13.6334 (13.6334)  time: 6.0792  data: 5.8058  max mem: 11382
Epoch: [50]  [77/78]  eta: 0:00:00  lr: 0.000134  sp_loss: 6.6936 (6.3560)  fam_loss: 3.6652 (3.5686)  manu_loss: 2.6756 (2.6327)  ot_loss: 2.2090 (2.2183)  base_loss: 13.0343 (12.5574)  time: 0.3895  data: 0.1637  max mem: 11382
Epoch: [50] Total time: 0:00:34 (0.4473 s / it)
Averaged stats: lr: 0.000134  sp_loss: 6.6936 (6.3560)  fam_loss: 3.6652 (3.5686)  manu_loss: 2.6756 (2.6327)  ot_loss: 2.2090 (2.2183)  base_loss: 13.0343 (12.5574)
Test:  [  0/391]  eta: 0:38:02  sploss: 7.7564 (7.7564)  famloss: 2.5628 (2.5628)  manuloss: 1.6913 (1.6913)  acc1: 0.3906 (0.3906)  acc5: 2.3438 (2.3438)  family_acc1: 41.7969 (41.7969)  manu_acc1: 61.3281 (61.3281)  time: 5.8386  data: 5.6029  max mem: 11382
Test:  [250/391]  eta: 0:00:58  sploss: 7.7083 (7.8245)  famloss: 2.7671 (2.7586)  manuloss: 1.8765 (1.8207)  acc1: 0.7812 (0.4793)  acc5: 4.2969 (3.8393)  family_acc1: 40.6250 (41.7611)  manu_acc1: 55.8594 (59.0715)  time: 0.3250  data: 0.1049  max mem: 11382
Test:  [390/391]  eta: 0:00:00  sploss: 7.5905 (7.7708)  famloss: 2.4850 (2.6918)  manuloss: 1.4712 (1.7443)  acc1: 0.7812 (0.5070)  acc5: 4.2969 (3.9360)  family_acc1: 46.0938 (42.7620)  manu_acc1: 67.1875 (60.7050)  time: 0.4004  data: 0.1893  max mem: 11382
Test: Total time: 0:02:38 (0.4056 s / it)
* Acc@1 0.507 Acc@5 3.936 family@1 42.762 manu@1 60.705 sploss 7.771 fmloss 2.692 mfloss 1.744
FPA: 0.401% | TICE: 98.461%   
 wAP: 6.049  |  LCA: 295.041   |   Precision and Recall: 1.617%
Accuracy of the network on the 100000 test images: 0.5%
Max accuracy: 0.73%
Epoch: [51]  [ 0/78]  eta: 0:07:29  lr: 0.000130  sp_loss: 7.7854 (7.7854)  fam_loss: 4.3595 (4.3595)  manu_loss: 2.9467 (2.9467)  ot_loss: 2.3887 (2.3887)  base_loss: 15.0916 (15.0916)  time: 5.7643  data: 5.4877  max mem: 11382
Epoch: [51]  [77/78]  eta: 0:00:00  lr: 0.000130  sp_loss: 7.1420 (6.4790)  fam_loss: 3.8495 (3.6022)  manu_loss: 2.7868 (2.6408)  ot_loss: 2.2988 (2.2319)  base_loss: 13.7682 (12.7220)  time: 0.3970  data: 0.1699  max mem: 11382
Epoch: [51] Total time: 0:00:34 (0.4436 s / it)
Averaged stats: lr: 0.000130  sp_loss: 7.1420 (6.4790)  fam_loss: 3.8495 (3.6022)  manu_loss: 2.7868 (2.6408)  ot_loss: 2.2988 (2.2319)  base_loss: 13.7682 (12.7220)
Test:  [  0/391]  eta: 0:38:05  sploss: 7.8565 (7.8565)  famloss: 2.5247 (2.5247)  manuloss: 1.6465 (1.6465)  acc1: 0.0000 (0.0000)  acc5: 2.7344 (2.7344)  family_acc1: 44.1406 (44.1406)  manu_acc1: 61.7188 (61.7188)  time: 5.8451  data: 5.6048  max mem: 11382
Test:  [250/391]  eta: 0:00:57  sploss: 7.8410 (7.9229)  famloss: 2.7309 (2.7480)  manuloss: 1.8916 (1.8155)  acc1: 0.3906 (0.3206)  acc5: 3.1250 (3.2371)  family_acc1: 41.0156 (42.1330)  manu_acc1: 55.4688 (59.1882)  time: 0.3192  data: 0.0993  max mem: 11382
Test:  [390/391]  eta: 0:00:00  sploss: 7.6901 (7.8707)  famloss: 2.4382 (2.6802)  manuloss: 1.4414 (1.7372)  acc1: 0.3906 (0.3450)  acc5: 3.9062 (3.3480)  family_acc1: 48.0469 (43.1940)  manu_acc1: 67.9688 (60.8860)  time: 0.4050  data: 0.1923  max mem: 11382
Test: Total time: 0:02:37 (0.4038 s / it)
* Acc@1 0.345 Acc@5 3.348 family@1 43.194 manu@1 60.886 sploss 7.871 fmloss 2.680 mfloss 1.737
FPA: 0.280% | TICE: 98.987%   
 wAP: 5.952  |  LCA: 296.214   |   Precision and Recall: 1.278%
Accuracy of the network on the 100000 test images: 0.3%
Max accuracy: 0.73%
Epoch: [52]  [ 0/78]  eta: 0:07:48  lr: 0.000126  sp_loss: 7.0376 (7.0376)  fam_loss: 3.9075 (3.9075)  manu_loss: 2.9152 (2.9152)  ot_loss: 2.2910 (2.2910)  base_loss: 13.8602 (13.8602)  time: 6.0106  data: 5.7478  max mem: 11382
Epoch: [52]  [77/78]  eta: 0:00:00  lr: 0.000126  sp_loss: 6.0559 (5.9430)  fam_loss: 3.5209 (3.3560)  manu_loss: 2.5463 (2.4782)  ot_loss: 2.1523 (2.1652)  base_loss: 12.1525 (11.7773)  time: 0.3918  data: 0.1645  max mem: 11382
Epoch: [52] Total time: 0:00:34 (0.4431 s / it)
Averaged stats: lr: 0.000126  sp_loss: 6.0559 (5.9430)  fam_loss: 3.5209 (3.3560)  manu_loss: 2.5463 (2.4782)  ot_loss: 2.1523 (2.1652)  base_loss: 12.1525 (11.7773)
Test:  [  0/391]  eta: 0:39:48  sploss: 7.7660 (7.7660)  famloss: 2.5069 (2.5069)  manuloss: 1.5760 (1.5760)  acc1: 0.3906 (0.3906)  acc5: 3.5156 (3.5156)  family_acc1: 45.3125 (45.3125)  manu_acc1: 64.4531 (64.4531)  time: 6.1076  data: 5.8704  max mem: 11382
Test:  [250/391]  eta: 0:00:58  sploss: 7.7335 (7.8369)  famloss: 2.7527 (2.7504)  manuloss: 1.8931 (1.8236)  acc1: 0.3906 (0.4607)  acc5: 3.5156 (4.0961)  family_acc1: 40.6250 (41.9743)  manu_acc1: 56.2500 (59.2209)  time: 0.3265  data: 0.1073  max mem: 11382
Test:  [390/391]  eta: 0:00:00  sploss: 7.5698 (7.7863)  famloss: 2.4718 (2.6845)  manuloss: 1.4766 (1.7481)  acc1: 0.3906 (0.4870)  acc5: 4.6875 (4.1920)  family_acc1: 46.2500 (43.0230)  manu_acc1: 68.3594 (60.8210)  time: 0.3989  data: 0.1876  max mem: 11382
Test: Total time: 0:02:39 (0.4073 s / it)
* Acc@1 0.487 Acc@5 4.192 family@1 43.023 manu@1 60.821 sploss 7.786 fmloss 2.684 mfloss 1.748
FPA: 0.404% | TICE: 98.449%   
 wAP: 6.059  |  LCA: 295.446   |   Precision and Recall: 1.501%
Accuracy of the network on the 100000 test images: 0.5%
Max accuracy: 0.73%
Epoch: [53]  [ 0/78]  eta: 0:07:59  lr: 0.000122  sp_loss: 6.3858 (6.3858)  fam_loss: 3.6255 (3.6255)  manu_loss: 2.5762 (2.5762)  ot_loss: 2.1992 (2.1992)  base_loss: 12.5875 (12.5875)  time: 6.1503  data: 5.8620  max mem: 11382
Epoch: [53]  [77/78]  eta: 0:00:00  lr: 0.000122  sp_loss: 6.6666 (6.3577)  fam_loss: 3.6810 (3.5766)  manu_loss: 2.7352 (2.6240)  ot_loss: 2.1875 (2.2136)  base_loss: 13.0881 (12.5582)  time: 0.3935  data: 0.1679  max mem: 11382
Epoch: [53] Total time: 0:00:34 (0.4437 s / it)
Averaged stats: lr: 0.000122  sp_loss: 6.6666 (6.3577)  fam_loss: 3.6810 (3.5766)  manu_loss: 2.7352 (2.6240)  ot_loss: 2.1875 (2.2136)  base_loss: 13.0881 (12.5582)
Test:  [  0/391]  eta: 0:37:52  sploss: 7.8887 (7.8887)  famloss: 2.5224 (2.5224)  manuloss: 1.6283 (1.6283)  acc1: 0.3906 (0.3906)  acc5: 1.5625 (1.5625)  family_acc1: 44.9219 (44.9219)  manu_acc1: 65.2344 (65.2344)  time: 5.8118  data: 5.5770  max mem: 11382
Test:  [250/391]  eta: 0:00:58  sploss: 7.7451 (7.8325)  famloss: 2.7107 (2.7260)  manuloss: 1.8659 (1.8035)  acc1: 0.3906 (0.3704)  acc5: 3.1250 (3.3429)  family_acc1: 41.4062 (42.3789)  manu_acc1: 55.4688 (59.5088)  time: 0.3177  data: 0.1000  max mem: 11382
Test:  [390/391]  eta: 0:00:00  sploss: 7.5981 (7.7808)  famloss: 2.4530 (2.6608)  manuloss: 1.4218 (1.7299)  acc1: 0.3906 (0.3960)  acc5: 3.9062 (3.4740)  family_acc1: 48.0469 (43.4480)  manu_acc1: 68.3594 (61.1520)  time: 0.3916  data: 0.1728  max mem: 11382
Test: Total time: 0:02:38 (0.4045 s / it)
* Acc@1 0.396 Acc@5 3.474 family@1 43.448 manu@1 61.152 sploss 7.781 fmloss 2.661 mfloss 1.730
FPA: 0.318% | TICE: 98.626%   
 wAP: 6.028  |  LCA: 295.908   |   Precision and Recall: 1.355%
Accuracy of the network on the 100000 test images: 0.4%
Max accuracy: 0.73%
Epoch: [54]  [ 0/78]  eta: 0:08:10  lr: 0.000119  sp_loss: 4.7248 (4.7248)  fam_loss: 2.6982 (2.6982)  manu_loss: 2.0035 (2.0035)  ot_loss: 1.9814 (1.9814)  base_loss: 9.4265 (9.4265)  time: 6.2900  data: 6.0233  max mem: 11382
Epoch: [54]  [77/78]  eta: 0:00:00  lr: 0.000119  sp_loss: 6.0785 (6.1355)  fam_loss: 3.4824 (3.4570)  manu_loss: 2.5609 (2.5635)  ot_loss: 2.2383 (2.1880)  base_loss: 12.0581 (12.1560)  time: 0.3883  data: 0.1613  max mem: 11382
Epoch: [54] Total time: 0:00:34 (0.4418 s / it)
Averaged stats: lr: 0.000119  sp_loss: 6.0785 (6.1355)  fam_loss: 3.4824 (3.4570)  manu_loss: 2.5609 (2.5635)  ot_loss: 2.2383 (2.1880)  base_loss: 12.0581 (12.1560)
Test:  [  0/391]  eta: 0:38:23  sploss: 7.7385 (7.7385)  famloss: 2.5068 (2.5068)  manuloss: 1.6288 (1.6288)  acc1: 0.0000 (0.0000)  acc5: 3.9062 (3.9062)  family_acc1: 45.3125 (45.3125)  manu_acc1: 62.5000 (62.5000)  time: 5.8905  data: 5.6525  max mem: 11382
Test:  [250/391]  eta: 0:00:58  sploss: 7.6969 (7.7621)  famloss: 2.7213 (2.7049)  manuloss: 1.8671 (1.7966)  acc1: 0.3906 (0.5042)  acc5: 4.6875 (4.5801)  family_acc1: 40.2344 (42.3431)  manu_acc1: 56.2500 (59.4015)  time: 0.3331  data: 0.1095  max mem: 11382
Test:  [390/391]  eta: 0:00:00  sploss: 7.5452 (7.7030)  famloss: 2.4088 (2.6362)  manuloss: 1.3799 (1.7186)  acc1: 0.3906 (0.5270)  acc5: 5.4688 (4.7160)  family_acc1: 48.0469 (43.4500)  manu_acc1: 69.1406 (61.1440)  time: 0.3982  data: 0.1919  max mem: 11382
Test: Total time: 0:02:39 (0.4069 s / it)
* Acc@1 0.527 Acc@5 4.716 family@1 43.450 manu@1 61.144 sploss 7.703 fmloss 2.636 mfloss 1.719
FPA: 0.436% | TICE: 98.687%   
 wAP: 6.143  |  LCA: 295.235   |   Precision and Recall: 1.578%
Accuracy of the network on the 100000 test images: 0.5%
Max accuracy: 0.73%
Epoch: [55]  [ 0/78]  eta: 0:07:17  lr: 0.000115  sp_loss: 7.0876 (7.0876)  fam_loss: 3.8703 (3.8703)  manu_loss: 2.8219 (2.8219)  ot_loss: 2.3184 (2.3184)  base_loss: 13.7799 (13.7799)  time: 5.6132  data: 5.3516  max mem: 11382
Epoch: [55]  [77/78]  eta: 0:00:00  lr: 0.000115  sp_loss: 6.5296 (6.0987)  fam_loss: 3.6088 (3.4329)  manu_loss: 2.6781 (2.5145)  ot_loss: 2.2051 (2.1747)  base_loss: 12.9522 (12.0461)  time: 0.3984  data: 0.1715  max mem: 11382
Epoch: [55] Total time: 0:00:34 (0.4380 s / it)
Averaged stats: lr: 0.000115  sp_loss: 6.5296 (6.0987)  fam_loss: 3.6088 (3.4329)  manu_loss: 2.6781 (2.5145)  ot_loss: 2.2051 (2.1747)  base_loss: 12.9522 (12.0461)
Test:  [  0/391]  eta: 0:37:28  sploss: 7.6544 (7.6544)  famloss: 2.5167 (2.5167)  manuloss: 1.5745 (1.5745)  acc1: 0.7812 (0.7812)  acc5: 4.6875 (4.6875)  family_acc1: 44.9219 (44.9219)  manu_acc1: 64.8438 (64.8438)  time: 5.7512  data: 5.5096  max mem: 11382
Test:  [250/391]  eta: 0:00:58  sploss: 7.6993 (7.7083)  famloss: 2.7016 (2.7000)  manuloss: 1.8336 (1.7824)  acc1: 0.3906 (0.4793)  acc5: 4.2969 (4.6252)  family_acc1: 41.7969 (42.6093)  manu_acc1: 57.4219 (59.8995)  time: 0.3255  data: 0.1038  max mem: 11382
Test:  [390/391]  eta: 0:00:00  sploss: 7.4744 (7.6563)  famloss: 2.4468 (2.6317)  manuloss: 1.3796 (1.7034)  acc1: 0.7812 (0.4800)  acc5: 5.0781 (4.7120)  family_acc1: 49.2188 (43.8360)  manu_acc1: 69.5312 (61.6370)  time: 0.4008  data: 0.1925  max mem: 11382
Test: Total time: 0:02:39 (0.4083 s / it)
* Acc@1 0.480 Acc@5 4.712 family@1 43.836 manu@1 61.637 sploss 7.656 fmloss 2.632 mfloss 1.703
FPA: 0.379% | TICE: 98.704%   
 wAP: 6.151  |  LCA: 295.436   |   Precision and Recall: 1.525%
Accuracy of the network on the 100000 test images: 0.5%
Max accuracy: 0.73%
Epoch: [56]  [ 0/78]  eta: 0:07:57  lr: 0.000111  sp_loss: 6.4275 (6.4275)  fam_loss: 3.6786 (3.6786)  manu_loss: 2.6787 (2.6787)  ot_loss: 2.2500 (2.2500)  base_loss: 12.7847 (12.7847)  time: 6.1156  data: 5.8504  max mem: 11382
Epoch: [56]  [77/78]  eta: 0:00:00  lr: 0.000111  sp_loss: 6.8363 (6.2011)  fam_loss: 3.7773 (3.4901)  manu_loss: 2.7237 (2.5575)  ot_loss: 2.2539 (2.1892)  base_loss: 13.3161 (12.2487)  time: 0.3924  data: 0.1664  max mem: 11382
Epoch: [56] Total time: 0:00:34 (0.4485 s / it)
Averaged stats: lr: 0.000111  sp_loss: 6.8363 (6.2011)  fam_loss: 3.7773 (3.4901)  manu_loss: 2.7237 (2.5575)  ot_loss: 2.2539 (2.1892)  base_loss: 13.3161 (12.2487)
Test:  [  0/391]  eta: 0:37:25  sploss: 7.6534 (7.6534)  famloss: 2.5366 (2.5366)  manuloss: 1.6423 (1.6423)  acc1: 0.3906 (0.3906)  acc5: 4.6875 (4.6875)  family_acc1: 44.5312 (44.5312)  manu_acc1: 64.8438 (64.8438)  time: 5.7438  data: 5.4991  max mem: 11382
Test:  [250/391]  eta: 0:00:58  sploss: 7.5757 (7.6626)  famloss: 2.7010 (2.7109)  manuloss: 1.8546 (1.8078)  acc1: 0.3906 (0.5852)  acc5: 4.6875 (4.7871)  family_acc1: 41.4062 (42.5128)  manu_acc1: 57.0312 (59.5120)  time: 0.3326  data: 0.1062  max mem: 11382
Test:  [390/391]  eta: 0:00:00  sploss: 7.4634 (7.6072)  famloss: 2.4524 (2.6448)  manuloss: 1.4339 (1.7318)  acc1: 0.7812 (0.6150)  acc5: 5.0781 (4.8900)  family_acc1: 48.4375 (43.5880)  manu_acc1: 67.9688 (61.1610)  time: 0.3979  data: 0.1884  max mem: 11382
Test: Total time: 0:02:38 (0.4060 s / it)
* Acc@1 0.615 Acc@5 4.890 family@1 43.588 manu@1 61.161 sploss 7.607 fmloss 2.645 mfloss 1.732
FPA: 0.506% | TICE: 98.480%   
 wAP: 6.235  |  LCA: 294.822   |   Precision and Recall: 1.707%
Accuracy of the network on the 100000 test images: 0.6%
Max accuracy: 0.73%
Epoch: [57]  [ 0/78]  eta: 0:07:33  lr: 0.000108  sp_loss: 4.7703 (4.7703)  fam_loss: 2.9447 (2.9447)  manu_loss: 2.1999 (2.1999)  ot_loss: 2.0957 (2.0957)  base_loss: 9.9150 (9.9150)  time: 5.8201  data: 5.5482  max mem: 11382
Epoch: [57]  [77/78]  eta: 0:00:00  lr: 0.000108  sp_loss: 6.6302 (6.0871)  fam_loss: 3.6930 (3.4744)  manu_loss: 2.6613 (2.5496)  ot_loss: 2.2148 (2.1602)  base_loss: 13.1754 (12.1112)  time: 0.4009  data: 0.1710  max mem: 11382
Epoch: [57] Total time: 0:00:34 (0.4366 s / it)
Averaged stats: lr: 0.000108  sp_loss: 6.6302 (6.0871)  fam_loss: 3.6930 (3.4744)  manu_loss: 2.6613 (2.5496)  ot_loss: 2.2148 (2.1602)  base_loss: 13.1754 (12.1112)
Test:  [  0/391]  eta: 0:37:26  sploss: 7.6783 (7.6783)  famloss: 2.4771 (2.4771)  manuloss: 1.5998 (1.5998)  acc1: 1.1719 (1.1719)  acc5: 3.5156 (3.5156)  family_acc1: 46.4844 (46.4844)  manu_acc1: 62.1094 (62.1094)  time: 5.7446  data: 5.5145  max mem: 11382
Test:  [250/391]  eta: 0:00:57  sploss: 7.6247 (7.6909)  famloss: 2.7301 (2.7031)  manuloss: 1.8561 (1.7950)  acc1: 0.3906 (0.5556)  acc5: 3.9062 (4.4183)  family_acc1: 42.5781 (42.8380)  manu_acc1: 56.6406 (59.8823)  time: 0.3230  data: 0.1039  max mem: 11382
Test:  [390/391]  eta: 0:00:00  sploss: 7.4838 (7.6359)  famloss: 2.4058 (2.6348)  manuloss: 1.3708 (1.7169)  acc1: 0.7812 (0.5650)  acc5: 4.6875 (4.5160)  family_acc1: 48.4375 (43.9730)  manu_acc1: 69.9219 (61.5850)  time: 0.3932  data: 0.1868  max mem: 11382
Test: Total time: 0:02:38 (0.4048 s / it)
* Acc@1 0.565 Acc@5 4.516 family@1 43.973 manu@1 61.585 sploss 7.636 fmloss 2.635 mfloss 1.717
FPA: 0.465% | TICE: 98.681%   
 wAP: 6.238  |  LCA: 295.148   |   Precision and Recall: 1.601%
Accuracy of the network on the 100000 test images: 0.6%
Max accuracy: 0.73%
Epoch: [58]  [ 0/78]  eta: 0:07:20  lr: 0.000104  sp_loss: 3.7713 (3.7713)  fam_loss: 2.2016 (2.2016)  manu_loss: 1.7426 (1.7426)  ot_loss: 1.9795 (1.9795)  base_loss: 7.7155 (7.7155)  time: 5.6446  data: 5.3798  max mem: 11382
Epoch: [58]  [77/78]  eta: 0:00:00  lr: 0.000104  sp_loss: 6.2789 (6.1853)  fam_loss: 3.5510 (3.4963)  manu_loss: 2.5478 (2.5609)  ot_loss: 2.1543 (2.1714)  base_loss: 12.4892 (12.2426)  time: 0.3977  data: 0.1695  max mem: 11382
Epoch: [58] Total time: 0:00:34 (0.4394 s / it)
Averaged stats: lr: 0.000104  sp_loss: 6.2789 (6.1853)  fam_loss: 3.5510 (3.4963)  manu_loss: 2.5478 (2.5609)  ot_loss: 2.1543 (2.1714)  base_loss: 12.4892 (12.2426)
Test:  [  0/391]  eta: 0:37:45  sploss: 7.6933 (7.6933)  famloss: 2.5062 (2.5062)  manuloss: 1.6108 (1.6108)  acc1: 0.3906 (0.3906)  acc5: 3.9062 (3.9062)  family_acc1: 45.3125 (45.3125)  manu_acc1: 62.5000 (62.5000)  time: 5.7953  data: 5.5611  max mem: 11382
Test:  [250/391]  eta: 0:00:58  sploss: 7.6683 (7.7452)  famloss: 2.6914 (2.7147)  manuloss: 1.8402 (1.8143)  acc1: 0.3906 (0.4762)  acc5: 4.2969 (4.2268)  family_acc1: 41.4062 (42.3058)  manu_acc1: 57.0312 (59.4061)  time: 0.3416  data: 0.1060  max mem: 11382
Test:  [390/391]  eta: 0:00:00  sploss: 7.5301 (7.6978)  famloss: 2.4335 (2.6504)  manuloss: 1.4418 (1.7372)  acc1: 0.7812 (0.5010)  acc5: 4.2969 (4.3020)  family_acc1: 48.0469 (43.4330)  manu_acc1: 67.9688 (61.1060)  time: 0.4038  data: 0.1953  max mem: 11382
Test: Total time: 0:02:38 (0.4062 s / it)
* Acc@1 0.501 Acc@5 4.302 family@1 43.433 manu@1 61.106 sploss 7.698 fmloss 2.650 mfloss 1.737
FPA: 0.400% | TICE: 98.799%   
 wAP: 6.118  |  LCA: 295.503   |   Precision and Recall: 1.508%
Accuracy of the network on the 100000 test images: 0.5%
Max accuracy: 0.73%
Epoch: [59]  [ 0/78]  eta: 0:07:32  lr: 0.000100  sp_loss: 7.1222 (7.1222)  fam_loss: 3.9574 (3.9574)  manu_loss: 2.7894 (2.7894)  ot_loss: 2.2402 (2.2402)  base_loss: 13.8690 (13.8690)  time: 5.7991  data: 5.5285  max mem: 11382
Epoch: [59]  [77/78]  eta: 0:00:00  lr: 0.000100  sp_loss: 6.3216 (6.1157)  fam_loss: 3.7217 (3.4808)  manu_loss: 2.6917 (2.5618)  ot_loss: 2.1738 (2.1652)  base_loss: 12.7168 (12.1583)  time: 0.4044  data: 0.1774  max mem: 11382
Epoch: [59] Total time: 0:00:34 (0.4473 s / it)
Averaged stats: lr: 0.000100  sp_loss: 6.3216 (6.1157)  fam_loss: 3.7217 (3.4808)  manu_loss: 2.6917 (2.5618)  ot_loss: 2.1738 (2.1652)  base_loss: 12.7168 (12.1583)
Test:  [  0/391]  eta: 0:40:08  sploss: 7.6171 (7.6171)  famloss: 2.5040 (2.5040)  manuloss: 1.6197 (1.6197)  acc1: 1.1719 (1.1719)  acc5: 4.2969 (4.2969)  family_acc1: 47.2656 (47.2656)  manu_acc1: 66.0156 (66.0156)  time: 6.1596  data: 5.9252  max mem: 11382
Test:  [250/391]  eta: 0:00:57  sploss: 7.6422 (7.6767)  famloss: 2.7073 (2.7101)  manuloss: 1.8448 (1.8072)  acc1: 0.3906 (0.5447)  acc5: 3.5156 (4.3576)  family_acc1: 40.6250 (42.5688)  manu_acc1: 57.0312 (59.6614)  time: 0.3280  data: 0.1099  max mem: 11382
Test:  [390/391]  eta: 0:00:00  sploss: 7.4615 (7.6245)  famloss: 2.4116 (2.6424)  manuloss: 1.4472 (1.7275)  acc1: 0.7812 (0.5670)  acc5: 5.0781 (4.4660)  family_acc1: 48.0469 (43.7450)  manu_acc1: 67.5781 (61.4070)  time: 0.3952  data: 0.1881  max mem: 11382
Test: Total time: 0:02:38 (0.4043 s / it)
* Acc@1 0.567 Acc@5 4.466 family@1 43.745 manu@1 61.407 sploss 7.624 fmloss 2.642 mfloss 1.728
FPA: 0.469% | TICE: 98.459%   
 wAP: 6.214  |  LCA: 294.987   |   Precision and Recall: 1.633%
Accuracy of the network on the 100000 test images: 0.6%
Max accuracy: 0.73%
Epoch: [60]  [ 0/78]  eta: 0:08:00  lr: 0.000097  sp_loss: 5.8304 (5.8304)  fam_loss: 3.3581 (3.3581)  manu_loss: 2.4086 (2.4086)  ot_loss: 2.1055 (2.1055)  base_loss: 11.5971 (11.5971)  time: 6.1551  data: 5.8800  max mem: 11382
Epoch: [60]  [77/78]  eta: 0:00:00  lr: 0.000097  sp_loss: 6.1767 (6.1318)  fam_loss: 3.6118 (3.4734)  manu_loss: 2.6669 (2.5581)  ot_loss: 2.1523 (2.1642)  base_loss: 12.4332 (12.1633)  time: 0.3900  data: 0.1624  max mem: 11382
Epoch: [60] Total time: 0:00:34 (0.4429 s / it)
Averaged stats: lr: 0.000097  sp_loss: 6.1767 (6.1318)  fam_loss: 3.6118 (3.4734)  manu_loss: 2.6669 (2.5581)  ot_loss: 2.1523 (2.1642)  base_loss: 12.4332 (12.1633)
Test:  [  0/391]  eta: 0:37:37  sploss: 7.5652 (7.5652)  famloss: 2.4072 (2.4072)  manuloss: 1.5646 (1.5646)  acc1: 0.7812 (0.7812)  acc5: 4.6875 (4.6875)  family_acc1: 48.8281 (48.8281)  manu_acc1: 65.6250 (65.6250)  time: 5.7734  data: 5.5346  max mem: 11382
Test:  [250/391]  eta: 0:00:58  sploss: 7.5738 (7.6146)  famloss: 2.6859 (2.6741)  manuloss: 1.8333 (1.7821)  acc1: 0.3906 (0.5976)  acc5: 4.6875 (5.2820)  family_acc1: 42.5781 (43.0092)  manu_acc1: 56.6406 (59.8964)  time: 0.3298  data: 0.1123  max mem: 11382
Test:  [390/391]  eta: 0:00:00  sploss: 7.3644 (7.5607)  famloss: 2.3737 (2.6056)  manuloss: 1.4047 (1.7022)  acc1: 0.7812 (0.6280)  acc5: 6.2500 (5.4190)  family_acc1: 49.3750 (44.1360)  manu_acc1: 69.5312 (61.5740)  time: 0.3967  data: 0.1888  max mem: 11382
Test: Total time: 0:02:38 (0.4064 s / it)
* Acc@1 0.628 Acc@5 5.419 family@1 44.136 manu@1 61.574 sploss 7.561 fmloss 2.606 mfloss 1.702
FPA: 0.519% | TICE: 98.424%   
 wAP: 6.309  |  LCA: 294.770   |   Precision and Recall: 1.729%
Accuracy of the network on the 100000 test images: 0.6%
Max accuracy: 0.73%
Epoch: [61]  [ 0/78]  eta: 0:07:38  lr: 0.000093  sp_loss: 4.1896 (4.1896)  fam_loss: 2.5917 (2.5917)  manu_loss: 1.9932 (1.9932)  ot_loss: 1.9590 (1.9590)  base_loss: 8.7746 (8.7746)  time: 5.8810  data: 5.5925  max mem: 11382
Epoch: [61]  [77/78]  eta: 0:00:00  lr: 0.000093  sp_loss: 6.1139 (5.9094)  fam_loss: 3.4005 (3.3823)  manu_loss: 2.4534 (2.4754)  ot_loss: 2.0801 (2.1243)  base_loss: 12.1078 (11.7671)  time: 0.3946  data: 0.1662  max mem: 11382
Epoch: [61] Total time: 0:00:34 (0.4390 s / it)
Averaged stats: lr: 0.000093  sp_loss: 6.1139 (5.9094)  fam_loss: 3.4005 (3.3823)  manu_loss: 2.4534 (2.4754)  ot_loss: 2.0801 (2.1243)  base_loss: 12.1078 (11.7671)
Test:  [  0/391]  eta: 0:37:53  sploss: 7.6415 (7.6415)  famloss: 2.4489 (2.4489)  manuloss: 1.6020 (1.6020)  acc1: 0.3906 (0.3906)  acc5: 3.9062 (3.9062)  family_acc1: 49.6094 (49.6094)  manu_acc1: 65.6250 (65.6250)  time: 5.8156  data: 5.5766  max mem: 11382
Test:  [250/391]  eta: 0:00:57  sploss: 7.6004 (7.6684)  famloss: 2.6693 (2.6728)  manuloss: 1.8840 (1.7957)  acc1: 0.3906 (0.5245)  acc5: 5.0781 (4.8011)  family_acc1: 41.7969 (43.0575)  manu_acc1: 57.4219 (60.1749)  time: 0.3231  data: 0.1026  max mem: 11382
Test:  [390/391]  eta: 0:00:00  sploss: 7.4490 (7.6128)  famloss: 2.3709 (2.6052)  manuloss: 1.4264 (1.7147)  acc1: 0.3906 (0.5400)  acc5: 5.0781 (4.9080)  family_acc1: 48.0469 (44.2360)  manu_acc1: 69.9219 (61.8810)  time: 0.4032  data: 0.1926  max mem: 11382
Test: Total time: 0:02:38 (0.4053 s / it)
* Acc@1 0.540 Acc@5 4.908 family@1 44.236 manu@1 61.881 sploss 7.613 fmloss 2.605 mfloss 1.715
FPA: 0.452% | TICE: 98.630%   
 wAP: 6.249  |  LCA: 295.232   |   Precision and Recall: 1.565%
Accuracy of the network on the 100000 test images: 0.5%
Max accuracy: 0.73%
Epoch: [62]  [ 0/78]  eta: 0:07:31  lr: 0.000089  sp_loss: 7.2408 (7.2408)  fam_loss: 4.0787 (4.0787)  manu_loss: 3.1561 (3.1561)  ot_loss: 2.2988 (2.2988)  base_loss: 14.4756 (14.4756)  time: 5.7861  data: 5.5062  max mem: 11382
Epoch: [62]  [77/78]  eta: 0:00:00  lr: 0.000089  sp_loss: 5.4451 (5.6251)  fam_loss: 3.1063 (3.2481)  manu_loss: 2.2713 (2.3957)  ot_loss: 2.0098 (2.0850)  base_loss: 10.8227 (11.2689)  time: 0.3882  data: 0.1606  max mem: 11382
Epoch: [62] Total time: 0:00:34 (0.4371 s / it)
Averaged stats: lr: 0.000089  sp_loss: 5.4451 (5.6251)  fam_loss: 3.1063 (3.2481)  manu_loss: 2.2713 (2.3957)  ot_loss: 2.0098 (2.0850)  base_loss: 10.8227 (11.2689)
Test:  [  0/391]  eta: 0:38:00  sploss: 7.5548 (7.5548)  famloss: 2.4308 (2.4308)  manuloss: 1.5919 (1.5919)  acc1: 0.7812 (0.7812)  acc5: 4.6875 (4.6875)  family_acc1: 46.8750 (46.8750)  manu_acc1: 62.8906 (62.8906)  time: 5.8333  data: 5.5707  max mem: 11382
Test:  [250/391]  eta: 0:00:58  sploss: 7.5401 (7.6037)  famloss: 2.6948 (2.6757)  manuloss: 1.8596 (1.7785)  acc1: 0.3906 (0.5929)  acc5: 4.6875 (4.8898)  family_acc1: 42.1875 (43.4668)  manu_acc1: 57.0312 (60.2870)  time: 0.3249  data: 0.0959  max mem: 11382
Test:  [390/391]  eta: 0:00:00  sploss: 7.3541 (7.5493)  famloss: 2.3954 (2.6082)  manuloss: 1.4028 (1.7027)  acc1: 0.7812 (0.6320)  acc5: 5.4688 (5.0240)  family_acc1: 48.7500 (44.5580)  manu_acc1: 68.7500 (61.9830)  time: 0.4039  data: 0.1961  max mem: 11382
Test: Total time: 0:02:39 (0.4078 s / it)
* Acc@1 0.632 Acc@5 5.024 family@1 44.558 manu@1 61.983 sploss 7.549 fmloss 2.608 mfloss 1.703
FPA: 0.539% | TICE: 98.396%   
 wAP: 6.363  |  LCA: 294.656   |   Precision and Recall: 1.732%
Accuracy of the network on the 100000 test images: 0.6%
Max accuracy: 0.73%
Epoch: [63]  [ 0/78]  eta: 0:07:41  lr: 0.000086  sp_loss: 7.4693 (7.4693)  fam_loss: 4.2181 (4.2181)  manu_loss: 3.0727 (3.0727)  ot_loss: 2.3633 (2.3633)  base_loss: 14.7601 (14.7601)  time: 5.9148  data: 5.6340  max mem: 11382
Epoch: [63]  [77/78]  eta: 0:00:00  lr: 0.000086  sp_loss: 6.6179 (6.0479)  fam_loss: 3.6763 (3.4772)  manu_loss: 2.6219 (2.5505)  ot_loss: 2.1797 (2.1329)  base_loss: 13.0906 (12.0756)  time: 0.3867  data: 0.1593  max mem: 11382
Epoch: [63] Total time: 0:00:34 (0.4368 s / it)
Averaged stats: lr: 0.000086  sp_loss: 6.6179 (6.0479)  fam_loss: 3.6763 (3.4772)  manu_loss: 2.6219 (2.5505)  ot_loss: 2.1797 (2.1329)  base_loss: 13.0906 (12.0756)
Test:  [  0/391]  eta: 0:37:17  sploss: 7.6538 (7.6538)  famloss: 2.4746 (2.4746)  manuloss: 1.6381 (1.6381)  acc1: 0.7812 (0.7812)  acc5: 4.6875 (4.6875)  family_acc1: 46.8750 (46.8750)  manu_acc1: 63.6719 (63.6719)  time: 5.7224  data: 5.4874  max mem: 11382
Test:  [250/391]  eta: 0:00:58  sploss: 7.5997 (7.6847)  famloss: 2.7106 (2.6987)  manuloss: 1.8822 (1.8039)  acc1: 0.3906 (0.5167)  acc5: 4.2969 (4.5459)  family_acc1: 41.7969 (43.0901)  manu_acc1: 56.2500 (59.9711)  time: 0.3284  data: 0.1029  max mem: 11382
Test:  [390/391]  eta: 0:00:00  sploss: 7.4367 (7.6283)  famloss: 2.3765 (2.6304)  manuloss: 1.4309 (1.7264)  acc1: 0.7812 (0.5540)  acc5: 5.4688 (4.6860)  family_acc1: 49.2188 (44.2210)  manu_acc1: 68.7500 (61.6080)  time: 0.3935  data: 0.1811  max mem: 11382
Test: Total time: 0:02:38 (0.4056 s / it)
* Acc@1 0.554 Acc@5 4.686 family@1 44.221 manu@1 61.608 sploss 7.628 fmloss 2.630 mfloss 1.726
FPA: 0.487% | TICE: 98.566%   
 wAP: 6.253  |  LCA: 295.127   |   Precision and Recall: 1.585%
Accuracy of the network on the 100000 test images: 0.6%
Max accuracy: 0.73%
Epoch: [64]  [ 0/78]  eta: 0:07:39  lr: 0.000082  sp_loss: 5.4839 (5.4839)  fam_loss: 3.4321 (3.4321)  manu_loss: 2.5174 (2.5174)  ot_loss: 2.0566 (2.0566)  base_loss: 11.4334 (11.4334)  time: 5.8883  data: 5.6074  max mem: 11382
Epoch: [64]  [77/78]  eta: 0:00:00  lr: 0.000082  sp_loss: 6.2160 (5.8053)  fam_loss: 3.4090 (3.3644)  manu_loss: 2.5884 (2.4802)  ot_loss: 2.1211 (2.1049)  base_loss: 11.9722 (11.6499)  time: 0.3887  data: 0.1619  max mem: 11382
Epoch: [64] Total time: 0:00:34 (0.4442 s / it)
Averaged stats: lr: 0.000082  sp_loss: 6.2160 (5.8053)  fam_loss: 3.4090 (3.3644)  manu_loss: 2.5884 (2.4802)  ot_loss: 2.1211 (2.1049)  base_loss: 11.9722 (11.6499)
Test:  [  0/391]  eta: 0:37:47  sploss: 7.5913 (7.5913)  famloss: 2.5331 (2.5331)  manuloss: 1.6669 (1.6669)  acc1: 0.3906 (0.3906)  acc5: 5.0781 (5.0781)  family_acc1: 44.9219 (44.9219)  manu_acc1: 62.1094 (62.1094)  time: 5.7983  data: 5.5627  max mem: 11382
Test:  [250/391]  eta: 0:00:58  sploss: 7.5446 (7.6073)  famloss: 2.6976 (2.6928)  manuloss: 1.8398 (1.8057)  acc1: 0.3906 (0.5820)  acc5: 4.6875 (4.9956)  family_acc1: 42.1875 (43.2551)  manu_acc1: 57.8125 (60.0769)  time: 0.3231  data: 0.0994  max mem: 11382
Test:  [390/391]  eta: 0:00:00  sploss: 7.3838 (7.5517)  famloss: 2.4042 (2.6234)  manuloss: 1.4625 (1.7271)  acc1: 0.7812 (0.6100)  acc5: 5.8594 (5.1160)  family_acc1: 48.8281 (44.3830)  manu_acc1: 68.7500 (61.7730)  time: 0.3960  data: 0.1861  max mem: 11382
Test: Total time: 0:02:38 (0.4059 s / it)
* Acc@1 0.610 Acc@5 5.116 family@1 44.383 manu@1 61.773 sploss 7.552 fmloss 2.623 mfloss 1.727
FPA: 0.527% | TICE: 98.340%   
 wAP: 6.322  |  LCA: 294.714   |   Precision and Recall: 1.730%
Accuracy of the network on the 100000 test images: 0.6%
Max accuracy: 0.73%
Epoch: [65]  [ 0/78]  eta: 0:07:31  lr: 0.000079  sp_loss: 3.7202 (3.7202)  fam_loss: 2.4931 (2.4931)  manu_loss: 1.7795 (1.7795)  ot_loss: 1.8799 (1.8799)  base_loss: 7.9928 (7.9928)  time: 5.7905  data: 5.5265  max mem: 11382
Epoch: [65]  [77/78]  eta: 0:00:00  lr: 0.000079  sp_loss: 6.1743 (5.7329)  fam_loss: 3.6304 (3.3181)  manu_loss: 2.6296 (2.4518)  ot_loss: 2.1797 (2.0937)  base_loss: 12.4683 (11.5028)  time: 0.3838  data: 0.1571  max mem: 11382
Epoch: [65] Total time: 0:00:34 (0.4385 s / it)
Averaged stats: lr: 0.000079  sp_loss: 6.1743 (5.7329)  fam_loss: 3.6304 (3.3181)  manu_loss: 2.6296 (2.4518)  ot_loss: 2.1797 (2.0937)  base_loss: 12.4683 (11.5028)
Test:  [  0/391]  eta: 0:37:50  sploss: 7.6448 (7.6448)  famloss: 2.4955 (2.4955)  manuloss: 1.6145 (1.6145)  acc1: 0.0000 (0.0000)  acc5: 3.9062 (3.9062)  family_acc1: 45.3125 (45.3125)  manu_acc1: 61.7188 (61.7188)  time: 5.8076  data: 5.5658  max mem: 11382
Test:  [250/391]  eta: 0:00:58  sploss: 7.5826 (7.6648)  famloss: 2.7138 (2.7049)  manuloss: 1.8559 (1.7997)  acc1: 0.3906 (0.4918)  acc5: 4.6875 (4.6704)  family_acc1: 42.1875 (43.0123)  manu_acc1: 57.8125 (60.2107)  time: 0.3267  data: 0.1114  max mem: 11382
Test:  [390/391]  eta: 0:00:00  sploss: 7.4172 (7.6089)  famloss: 2.4150 (2.6384)  manuloss: 1.4288 (1.7221)  acc1: 0.3906 (0.5080)  acc5: 5.8594 (4.7510)  family_acc1: 48.1250 (44.1370)  manu_acc1: 68.7500 (61.8820)  time: 0.4131  data: 0.2001  max mem: 11382
Test: Total time: 0:02:40 (0.4095 s / it)
* Acc@1 0.508 Acc@5 4.751 family@1 44.137 manu@1 61.882 sploss 7.609 fmloss 2.638 mfloss 1.722
FPA: 0.447% | TICE: 98.549%   
 wAP: 6.211  |  LCA: 295.397   |   Precision and Recall: 1.510%
Accuracy of the network on the 100000 test images: 0.5%
Max accuracy: 0.73%
Epoch: [66]  [ 0/78]  eta: 0:07:38  lr: 0.000076  sp_loss: 6.6746 (6.6746)  fam_loss: 3.8643 (3.8643)  manu_loss: 2.8076 (2.8076)  ot_loss: 2.2402 (2.2402)  base_loss: 13.3464 (13.3464)  time: 5.8737  data: 5.5914  max mem: 11382
Epoch: [66]  [77/78]  eta: 0:00:00  lr: 0.000076  sp_loss: 6.2052 (5.9261)  fam_loss: 3.6121 (3.4022)  manu_loss: 2.6158 (2.4923)  ot_loss: 2.1641 (2.1178)  base_loss: 12.2950 (11.8207)  time: 0.3967  data: 0.1700  max mem: 11382
Epoch: [66] Total time: 0:00:34 (0.4450 s / it)
Averaged stats: lr: 0.000076  sp_loss: 6.2052 (5.9261)  fam_loss: 3.6121 (3.4022)  manu_loss: 2.6158 (2.4923)  ot_loss: 2.1641 (2.1178)  base_loss: 12.2950 (11.8207)
Test:  [  0/391]  eta: 0:38:53  sploss: 7.6366 (7.6366)  famloss: 2.4758 (2.4758)  manuloss: 1.5873 (1.5873)  acc1: 0.7812 (0.7812)  acc5: 3.5156 (3.5156)  family_acc1: 46.0938 (46.0938)  manu_acc1: 63.6719 (63.6719)  time: 5.9683  data: 5.7292  max mem: 11382
Test:  [250/391]  eta: 0:00:58  sploss: 7.6004 (7.6462)  famloss: 2.6868 (2.6884)  manuloss: 1.8360 (1.7996)  acc1: 0.3906 (0.5198)  acc5: 4.6875 (4.8120)  family_acc1: 42.5781 (43.5601)  manu_acc1: 57.8125 (60.1298)  time: 0.3225  data: 0.1036  max mem: 11382
Test:  [390/391]  eta: 0:00:00  sploss: 7.3956 (7.5904)  famloss: 2.3904 (2.6224)  manuloss: 1.4603 (1.7209)  acc1: 0.3906 (0.5430)  acc5: 5.0781 (4.8980)  family_acc1: 48.0469 (44.7010)  manu_acc1: 68.7500 (61.8220)  time: 0.4029  data: 0.1914  max mem: 11382
Test: Total time: 0:02:39 (0.4067 s / it)
* Acc@1 0.543 Acc@5 4.898 family@1 44.701 manu@1 61.822 sploss 7.590 fmloss 2.622 mfloss 1.721
FPA: 0.471% | TICE: 98.454%   
 wAP: 6.295  |  LCA: 295.165   |   Precision and Recall: 1.567%
Accuracy of the network on the 100000 test images: 0.5%
Max accuracy: 0.73%
Epoch: [67]  [ 0/78]  eta: 0:07:38  lr: 0.000072  sp_loss: 3.8196 (3.8196)  fam_loss: 2.2723 (2.2723)  manu_loss: 1.7674 (1.7674)  ot_loss: 1.8242 (1.8242)  base_loss: 7.8593 (7.8593)  time: 5.8772  data: 5.6074  max mem: 11382
Epoch: [67]  [77/78]  eta: 0:00:00  lr: 0.000072  sp_loss: 6.2544 (5.9848)  fam_loss: 3.5961 (3.4360)  manu_loss: 2.6145 (2.5359)  ot_loss: 2.1680 (2.1179)  base_loss: 12.5447 (11.9567)  time: 0.3962  data: 0.1705  max mem: 11382
Epoch: [67] Total time: 0:00:34 (0.4404 s / it)
Averaged stats: lr: 0.000072  sp_loss: 6.2544 (5.9848)  fam_loss: 3.5961 (3.4360)  manu_loss: 2.6145 (2.5359)  ot_loss: 2.1680 (2.1179)  base_loss: 12.5447 (11.9567)
Test:  [  0/391]  eta: 0:37:29  sploss: 7.7176 (7.7176)  famloss: 2.4976 (2.4976)  manuloss: 1.6010 (1.6010)  acc1: 0.3906 (0.3906)  acc5: 3.9062 (3.9062)  family_acc1: 46.8750 (46.8750)  manu_acc1: 62.8906 (62.8906)  time: 5.7536  data: 5.5139  max mem: 11382
Test:  [250/391]  eta: 0:00:58  sploss: 7.6252 (7.6824)  famloss: 2.6838 (2.6982)  manuloss: 1.8484 (1.7995)  acc1: 0.3906 (0.4124)  acc5: 3.9062 (4.2175)  family_acc1: 41.7969 (43.2504)  manu_acc1: 57.8125 (60.2169)  time: 0.3255  data: 0.1043  max mem: 11382
Test:  [390/391]  eta: 0:00:00  sploss: 7.4780 (7.6322)  famloss: 2.4269 (2.6316)  manuloss: 1.4290 (1.7196)  acc1: 0.0000 (0.4100)  acc5: 4.2969 (4.2710)  family_acc1: 47.6562 (44.4640)  manu_acc1: 68.7500 (61.9700)  time: 0.4055  data: 0.1978  max mem: 11382
Test: Total time: 0:02:39 (0.4077 s / it)
* Acc@1 0.410 Acc@5 4.271 family@1 44.464 manu@1 61.970 sploss 7.632 fmloss 2.632 mfloss 1.720
FPA: 0.348% | TICE: 98.844%   
 wAP: 6.159  |  LCA: 295.870   |   Precision and Recall: 1.353%
Accuracy of the network on the 100000 test images: 0.4%
Max accuracy: 0.73%
Epoch: [68]  [ 0/78]  eta: 0:07:22  lr: 0.000069  sp_loss: 5.2748 (5.2748)  fam_loss: 3.1326 (3.1326)  manu_loss: 2.3650 (2.3650)  ot_loss: 1.9375 (1.9375)  base_loss: 10.7725 (10.7725)  time: 5.6674  data: 5.3745  max mem: 11382
Epoch: [68]  [77/78]  eta: 0:00:00  lr: 0.000069  sp_loss: 5.3840 (5.6025)  fam_loss: 3.1472 (3.2487)  manu_loss: 2.2796 (2.3908)  ot_loss: 1.9766 (2.0544)  base_loss: 10.8023 (11.2421)  time: 0.3813  data: 0.1551  max mem: 11382
Epoch: [68] Total time: 0:00:34 (0.4414 s / it)
Averaged stats: lr: 0.000069  sp_loss: 5.3840 (5.6025)  fam_loss: 3.1472 (3.2487)  manu_loss: 2.2796 (2.3908)  ot_loss: 1.9766 (2.0544)  base_loss: 10.8023 (11.2421)
Test:  [  0/391]  eta: 0:38:23  sploss: 7.6247 (7.6247)  famloss: 2.4845 (2.4845)  manuloss: 1.5790 (1.5790)  acc1: 0.0000 (0.0000)  acc5: 5.0781 (5.0781)  family_acc1: 43.3594 (43.3594)  manu_acc1: 63.6719 (63.6719)  time: 5.8921  data: 5.6577  max mem: 11382
Test:  [250/391]  eta: 0:00:58  sploss: 7.5644 (7.6203)  famloss: 2.7032 (2.6876)  manuloss: 1.8784 (1.8043)  acc1: 0.7812 (0.5463)  acc5: 4.2969 (4.7996)  family_acc1: 42.1875 (43.3438)  manu_acc1: 57.8125 (60.1267)  time: 0.3242  data: 0.1022  max mem: 11382
Test:  [390/391]  eta: 0:00:00  sploss: 7.3613 (7.5654)  famloss: 2.4148 (2.6194)  manuloss: 1.4121 (1.7236)  acc1: 0.3906 (0.5680)  acc5: 5.0781 (4.9220)  family_acc1: 49.2188 (44.5430)  manu_acc1: 69.5312 (61.8620)  time: 0.3918  data: 0.1851  max mem: 11382
Test: Total time: 0:02:38 (0.4058 s / it)
* Acc@1 0.568 Acc@5 4.922 family@1 44.543 manu@1 61.862 sploss 7.565 fmloss 2.619 mfloss 1.724
FPA: 0.486% | TICE: 98.485%   
 wAP: 6.303  |  LCA: 294.937   |   Precision and Recall: 1.642%
Accuracy of the network on the 100000 test images: 0.6%
Max accuracy: 0.73%
Epoch: [69]  [ 0/78]  eta: 0:07:56  lr: 0.000066  sp_loss: 4.3528 (4.3528)  fam_loss: 2.6847 (2.6847)  manu_loss: 1.9366 (1.9366)  ot_loss: 1.8223 (1.8223)  base_loss: 8.9742 (8.9742)  time: 6.1117  data: 5.8422  max mem: 11382
Epoch: [69]  [77/78]  eta: 0:00:00  lr: 0.000066  sp_loss: 6.5189 (5.7382)  fam_loss: 3.6164 (3.3248)  manu_loss: 2.5842 (2.4319)  ot_loss: 2.1934 (2.0784)  base_loss: 12.7674 (11.4949)  time: 0.3970  data: 0.1704  max mem: 11382
Epoch: [69] Total time: 0:00:34 (0.4404 s / it)
Averaged stats: lr: 0.000066  sp_loss: 6.5189 (5.7382)  fam_loss: 3.6164 (3.3248)  manu_loss: 2.5842 (2.4319)  ot_loss: 2.1934 (2.0784)  base_loss: 12.7674 (11.4949)
Test:  [  0/391]  eta: 0:38:10  sploss: 7.6072 (7.6072)  famloss: 2.4721 (2.4721)  manuloss: 1.5631 (1.5631)  acc1: 0.0000 (0.0000)  acc5: 3.9062 (3.9062)  family_acc1: 43.7500 (43.7500)  manu_acc1: 62.8906 (62.8906)  time: 5.8581  data: 5.6230  max mem: 11382
Test:  [250/391]  eta: 0:00:58  sploss: 7.5606 (7.5956)  famloss: 2.6858 (2.6810)  manuloss: 1.8778 (1.8060)  acc1: 0.3906 (0.5447)  acc5: 4.6875 (4.9225)  family_acc1: 41.4062 (43.6644)  manu_acc1: 57.4219 (60.2652)  time: 0.3257  data: 0.1050  max mem: 11382
Test:  [390/391]  eta: 0:00:00  sploss: 7.3460 (7.5398)  famloss: 2.4181 (2.6151)  manuloss: 1.4089 (1.7276)  acc1: 0.3906 (0.5730)  acc5: 5.4688 (5.0580)  family_acc1: 48.8281 (44.7780)  manu_acc1: 69.1406 (61.9400)  time: 0.4078  data: 0.1914  max mem: 11382
Test: Total time: 0:02:39 (0.4085 s / it)
* Acc@1 0.573 Acc@5 5.058 family@1 44.778 manu@1 61.940 sploss 7.540 fmloss 2.615 mfloss 1.728
FPA: 0.481% | TICE: 98.510%   
 wAP: 6.332  |  LCA: 294.977   |   Precision and Recall: 1.650%
Accuracy of the network on the 100000 test images: 0.6%
Max accuracy: 0.73%
Epoch: [70]  [ 0/78]  eta: 0:07:40  lr: 0.000063  sp_loss: 6.4994 (6.4994)  fam_loss: 3.5832 (3.5832)  manu_loss: 2.7158 (2.7158)  ot_loss: 2.1699 (2.1699)  base_loss: 12.7984 (12.7984)  time: 5.9064  data: 5.6316  max mem: 11382
Epoch: [70]  [77/78]  eta: 0:00:00  lr: 0.000063  sp_loss: 5.9334 (5.6980)  fam_loss: 3.4067 (3.2856)  manu_loss: 2.5361 (2.4019)  ot_loss: 2.0508 (2.0736)  base_loss: 11.7429 (11.3855)  time: 0.3953  data: 0.1699  max mem: 11382
Epoch: [70] Total time: 0:00:34 (0.4450 s / it)
Averaged stats: lr: 0.000063  sp_loss: 5.9334 (5.6980)  fam_loss: 3.4067 (3.2856)  manu_loss: 2.5361 (2.4019)  ot_loss: 2.0508 (2.0736)  base_loss: 11.7429 (11.3855)
Test:  [  0/391]  eta: 0:37:19  sploss: 7.5676 (7.5676)  famloss: 2.4627 (2.4627)  manuloss: 1.5566 (1.5566)  acc1: 0.3906 (0.3906)  acc5: 4.6875 (4.6875)  family_acc1: 45.3125 (45.3125)  manu_acc1: 65.6250 (65.6250)  time: 5.7279  data: 5.4822  max mem: 11382
Test:  [250/391]  eta: 0:00:58  sploss: 7.4945 (7.5566)  famloss: 2.7193 (2.7000)  manuloss: 1.8598 (1.8076)  acc1: 0.3906 (0.5571)  acc5: 4.2969 (4.9536)  family_acc1: 41.7969 (43.6582)  manu_acc1: 57.8125 (60.4519)  time: 0.3245  data: 0.1072  max mem: 11382
Test:  [390/391]  eta: 0:00:00  sploss: 7.2945 (7.4971)  famloss: 2.4189 (2.6322)  manuloss: 1.4402 (1.7280)  acc1: 0.6250 (0.6010)  acc5: 5.4688 (5.1010)  family_acc1: 48.0469 (44.7880)  manu_acc1: 68.3594 (62.0910)  time: 0.3946  data: 0.1846  max mem: 11382
Test: Total time: 0:02:38 (0.4065 s / it)
* Acc@1 0.601 Acc@5 5.101 family@1 44.788 manu@1 62.091 sploss 7.497 fmloss 2.632 mfloss 1.728
FPA: 0.519% | TICE: 98.377%   
 wAP: 6.361  |  LCA: 294.880   |   Precision and Recall: 1.671%
Accuracy of the network on the 100000 test images: 0.6%
Max accuracy: 0.73%
Epoch: [71]  [ 0/78]  eta: 0:07:32  lr: 0.000059  sp_loss: 5.0606 (5.0606)  fam_loss: 3.2140 (3.2140)  manu_loss: 2.3211 (2.3211)  ot_loss: 1.9541 (1.9541)  base_loss: 10.5958 (10.5958)  time: 5.8059  data: 5.5134  max mem: 11382
Epoch: [71]  [77/78]  eta: 0:00:00  lr: 0.000059  sp_loss: 6.1186 (5.5416)  fam_loss: 3.4403 (3.2432)  manu_loss: 2.4580 (2.3761)  ot_loss: 2.0566 (2.0481)  base_loss: 11.8166 (11.1609)  time: 0.3810  data: 0.1555  max mem: 11382
Epoch: [71] Total time: 0:00:34 (0.4485 s / it)
Averaged stats: lr: 0.000059  sp_loss: 6.1186 (5.5416)  fam_loss: 3.4403 (3.2432)  manu_loss: 2.4580 (2.3761)  ot_loss: 2.0566 (2.0481)  base_loss: 11.8166 (11.1609)
Test:  [  0/391]  eta: 0:39:22  sploss: 7.6192 (7.6192)  famloss: 2.5135 (2.5135)  manuloss: 1.6031 (1.6031)  acc1: 0.0000 (0.0000)  acc5: 3.5156 (3.5156)  family_acc1: 44.5312 (44.5312)  manu_acc1: 64.8438 (64.8438)  time: 6.0411  data: 5.8047  max mem: 11382
Test:  [250/391]  eta: 0:00:57  sploss: 7.5686 (7.6224)  famloss: 2.7062 (2.6994)  manuloss: 1.8815 (1.8152)  acc1: 0.0000 (0.4451)  acc5: 3.9062 (4.4587)  family_acc1: 41.7969 (43.7780)  manu_acc1: 56.6406 (60.2761)  time: 0.3223  data: 0.1046  max mem: 11382
Test:  [390/391]  eta: 0:00:00  sploss: 7.3788 (7.5646)  famloss: 2.4097 (2.6310)  manuloss: 1.4420 (1.7350)  acc1: 0.3906 (0.4730)  acc5: 5.0000 (4.6110)  family_acc1: 48.4375 (44.9190)  manu_acc1: 69.1406 (61.9140)  time: 0.4033  data: 0.1886  max mem: 11382
Test: Total time: 0:02:38 (0.4047 s / it)
* Acc@1 0.473 Acc@5 4.611 family@1 44.919 manu@1 61.914 sploss 7.565 fmloss 2.631 mfloss 1.735
FPA: 0.402% | TICE: 98.683%   
 wAP: 6.257  |  LCA: 295.635   |   Precision and Recall: 1.442%
Accuracy of the network on the 100000 test images: 0.5%
Max accuracy: 0.73%
Epoch: [72]  [ 0/78]  eta: 0:07:29  lr: 0.000056  sp_loss: 3.9450 (3.9450)  fam_loss: 2.4203 (2.4203)  manu_loss: 1.8828 (1.8828)  ot_loss: 1.8037 (1.8037)  base_loss: 8.2481 (8.2481)  time: 5.7618  data: 5.4924  max mem: 11382
Epoch: [72]  [77/78]  eta: 0:00:00  lr: 0.000056  sp_loss: 5.9348 (5.7304)  fam_loss: 3.4964 (3.3307)  manu_loss: 2.5389 (2.4413)  ot_loss: 2.0742 (2.0655)  base_loss: 11.9322 (11.5024)  time: 0.3962  data: 0.1697  max mem: 11382
Epoch: [72] Total time: 0:00:34 (0.4442 s / it)
Averaged stats: lr: 0.000056  sp_loss: 5.9348 (5.7304)  fam_loss: 3.4964 (3.3307)  manu_loss: 2.5389 (2.4413)  ot_loss: 2.0742 (2.0655)  base_loss: 11.9322 (11.5024)
Test:  [  0/391]  eta: 0:37:08  sploss: 7.6509 (7.6509)  famloss: 2.4784 (2.4784)  manuloss: 1.5475 (1.5475)  acc1: 0.0000 (0.0000)  acc5: 2.7344 (2.7344)  family_acc1: 47.2656 (47.2656)  manu_acc1: 66.7969 (66.7969)  time: 5.7004  data: 5.4658  max mem: 11382
Test:  [250/391]  eta: 0:00:58  sploss: 7.5793 (7.6237)  famloss: 2.7064 (2.6900)  manuloss: 1.8547 (1.8006)  acc1: 0.3906 (0.4684)  acc5: 4.2969 (4.6268)  family_acc1: 42.5781 (43.8294)  manu_acc1: 57.8125 (60.3228)  time: 0.3266  data: 0.0981  max mem: 11382
Test:  [390/391]  eta: 0:00:00  sploss: 7.4202 (7.5696)  famloss: 2.4032 (2.6221)  manuloss: 1.4082 (1.7221)  acc1: 0.3906 (0.4950)  acc5: 5.0781 (4.7810)  family_acc1: 48.7500 (44.9320)  manu_acc1: 69.9219 (61.9990)  time: 0.4003  data: 0.1907  max mem: 11382
Test: Total time: 0:02:38 (0.4053 s / it)
* Acc@1 0.495 Acc@5 4.781 family@1 44.932 manu@1 61.999 sploss 7.570 fmloss 2.622 mfloss 1.722
FPA: 0.429% | TICE: 98.600%   
 wAP: 6.280  |  LCA: 295.391   |   Precision and Recall: 1.513%
Accuracy of the network on the 100000 test images: 0.5%
Max accuracy: 0.73%
Epoch: [73]  [ 0/78]  eta: 0:07:44  lr: 0.000054  sp_loss: 3.3396 (3.3396)  fam_loss: 1.9612 (1.9612)  manu_loss: 1.4778 (1.4778)  ot_loss: 1.6846 (1.6846)  base_loss: 6.7787 (6.7787)  time: 5.9514  data: 5.6738  max mem: 11382
Epoch: [73]  [77/78]  eta: 0:00:00  lr: 0.000054  sp_loss: 5.8787 (5.5521)  fam_loss: 3.3282 (3.2357)  manu_loss: 2.4555 (2.3859)  ot_loss: 2.0391 (2.0260)  base_loss: 11.9079 (11.1737)  time: 0.3958  data: 0.1704  max mem: 11382
Epoch: [73] Total time: 0:00:34 (0.4481 s / it)
Averaged stats: lr: 0.000054  sp_loss: 5.8787 (5.5521)  fam_loss: 3.3282 (3.2357)  manu_loss: 2.4555 (2.3859)  ot_loss: 2.0391 (2.0260)  base_loss: 11.9079 (11.1737)
Test:  [  0/391]  eta: 0:38:14  sploss: 7.5891 (7.5891)  famloss: 2.4712 (2.4712)  manuloss: 1.5820 (1.5820)  acc1: 0.0000 (0.0000)  acc5: 4.2969 (4.2969)  family_acc1: 48.0469 (48.0469)  manu_acc1: 66.0156 (66.0156)  time: 5.8694  data: 5.6323  max mem: 11382
Test:  [250/391]  eta: 0:00:57  sploss: 7.5219 (7.5579)  famloss: 2.7147 (2.6951)  manuloss: 1.8504 (1.8030)  acc1: 0.3906 (0.5136)  acc5: 4.2969 (4.9132)  family_acc1: 42.1875 (43.8216)  manu_acc1: 57.0312 (60.4566)  time: 0.3189  data: 0.1024  max mem: 11382
Test:  [390/391]  eta: 0:00:00  sploss: 7.3654 (7.5023)  famloss: 2.4384 (2.6274)  manuloss: 1.4164 (1.7257)  acc1: 0.3906 (0.5500)  acc5: 5.8594 (5.0730)  family_acc1: 49.2188 (44.9590)  manu_acc1: 69.1406 (62.0990)  time: 0.4070  data: 0.1932  max mem: 11382
Test: Total time: 0:02:38 (0.4054 s / it)
* Acc@1 0.550 Acc@5 5.073 family@1 44.959 manu@1 62.099 sploss 7.502 fmloss 2.627 mfloss 1.726
FPA: 0.480% | TICE: 98.419%   
 wAP: 6.333  |  LCA: 295.093   |   Precision and Recall: 1.595%
Accuracy of the network on the 100000 test images: 0.6%
Max accuracy: 0.73%
Epoch: [74]  [ 0/78]  eta: 0:07:57  lr: 0.000051  sp_loss: 3.5358 (3.5358)  fam_loss: 2.1354 (2.1354)  manu_loss: 1.5813 (1.5813)  ot_loss: 1.6982 (1.6982)  base_loss: 7.2525 (7.2525)  time: 6.1205  data: 5.8421  max mem: 11382
Epoch: [74]  [77/78]  eta: 0:00:00  lr: 0.000051  sp_loss: 5.3665 (5.6253)  fam_loss: 3.0881 (3.2811)  manu_loss: 2.3788 (2.4123)  ot_loss: 1.9844 (2.0428)  base_loss: 10.8029 (11.3187)  time: 0.3951  data: 0.1687  max mem: 11382
Epoch: [74] Total time: 0:00:34 (0.4430 s / it)
Averaged stats: lr: 0.000051  sp_loss: 5.3665 (5.6253)  fam_loss: 3.0881 (3.2811)  manu_loss: 2.3788 (2.4123)  ot_loss: 1.9844 (2.0428)  base_loss: 10.8029 (11.3187)
Test:  [  0/391]  eta: 0:37:34  sploss: 7.6064 (7.6064)  famloss: 2.4563 (2.4563)  manuloss: 1.5763 (1.5763)  acc1: 0.0000 (0.0000)  acc5: 4.6875 (4.6875)  family_acc1: 47.6562 (47.6562)  manu_acc1: 64.8438 (64.8438)  time: 5.7669  data: 5.5317  max mem: 11382
Test:  [250/391]  eta: 0:00:58  sploss: 7.5167 (7.5642)  famloss: 2.7063 (2.6768)  manuloss: 1.8538 (1.7985)  acc1: 0.3906 (0.5027)  acc5: 4.6875 (4.8602)  family_acc1: 42.1875 (44.0052)  manu_acc1: 57.4219 (60.5905)  time: 0.3334  data: 0.1143  max mem: 11382
Test:  [390/391]  eta: 0:00:00  sploss: 7.3176 (7.5067)  famloss: 2.3858 (2.6084)  manuloss: 1.3954 (1.7196)  acc1: 0.3906 (0.5150)  acc5: 5.8594 (5.0460)  family_acc1: 49.2188 (45.0740)  manu_acc1: 70.3125 (62.2570)  time: 0.3956  data: 0.1861  max mem: 11382
Test: Total time: 0:02:39 (0.4078 s / it)
* Acc@1 0.515 Acc@5 5.046 family@1 45.074 manu@1 62.257 sploss 7.507 fmloss 2.608 mfloss 1.720
FPA: 0.443% | TICE: 98.516%   
 wAP: 6.317  |  LCA: 295.291   |   Precision and Recall: 1.543%
Accuracy of the network on the 100000 test images: 0.5%
Max accuracy: 0.73%
Epoch: [75]  [ 0/78]  eta: 0:07:29  lr: 0.000048  sp_loss: 3.9167 (3.9167)  fam_loss: 2.3981 (2.3981)  manu_loss: 1.8048 (1.8048)  ot_loss: 1.7109 (1.7109)  base_loss: 8.1195 (8.1195)  time: 5.7671  data: 5.4940  max mem: 11382
Epoch: [75]  [77/78]  eta: 0:00:00  lr: 0.000048  sp_loss: 6.0921 (5.7737)  fam_loss: 3.4903 (3.3444)  manu_loss: 2.5793 (2.4481)  ot_loss: 2.0996 (2.0649)  base_loss: 12.0523 (11.5662)  time: 0.3970  data: 0.1683  max mem: 11382
Epoch: [75] Total time: 0:00:34 (0.4392 s / it)
Averaged stats: lr: 0.000048  sp_loss: 6.0921 (5.7737)  fam_loss: 3.4903 (3.3444)  manu_loss: 2.5793 (2.4481)  ot_loss: 2.0996 (2.0649)  base_loss: 12.0523 (11.5662)
Test:  [  0/391]  eta: 0:39:46  sploss: 7.5383 (7.5383)  famloss: 2.4647 (2.4647)  manuloss: 1.5576 (1.5576)  acc1: 0.3906 (0.3906)  acc5: 5.4688 (5.4688)  family_acc1: 48.0469 (48.0469)  manu_acc1: 65.2344 (65.2344)  time: 6.1048  data: 5.8731  max mem: 11382
Test:  [250/391]  eta: 0:00:58  sploss: 7.4497 (7.5318)  famloss: 2.7104 (2.6887)  manuloss: 1.8317 (1.8046)  acc1: 0.3906 (0.5774)  acc5: 5.4688 (5.1731)  family_acc1: 42.1875 (43.8838)  manu_acc1: 57.8125 (60.5002)  time: 0.3244  data: 0.1066  max mem: 11382
Test:  [390/391]  eta: 0:00:00  sploss: 7.3178 (7.4757)  famloss: 2.4184 (2.6209)  manuloss: 1.4128 (1.7253)  acc1: 0.3906 (0.6070)  acc5: 5.6250 (5.3560)  family_acc1: 49.2188 (45.0180)  manu_acc1: 69.5312 (62.2030)  time: 0.3986  data: 0.1900  max mem: 11382
Test: Total time: 0:02:38 (0.4058 s / it)
* Acc@1 0.607 Acc@5 5.356 family@1 45.018 manu@1 62.203 sploss 7.476 fmloss 2.621 mfloss 1.725
FPA: 0.538% | TICE: 98.313%   
 wAP: 6.391  |  LCA: 294.809   |   Precision and Recall: 1.698%
Accuracy of the network on the 100000 test images: 0.6%
Max accuracy: 0.73%
Epoch: [76]  [ 0/78]  eta: 0:07:35  lr: 0.000045  sp_loss: 6.0797 (6.0797)  fam_loss: 3.4496 (3.4496)  manu_loss: 2.5001 (2.5001)  ot_loss: 2.0527 (2.0527)  base_loss: 12.0294 (12.0294)  time: 5.8375  data: 5.5586  max mem: 11382
Epoch: [76]  [77/78]  eta: 0:00:00  lr: 0.000045  sp_loss: 5.4230 (5.6947)  fam_loss: 3.2361 (3.3277)  manu_loss: 2.4705 (2.4403)  ot_loss: 2.0020 (2.0443)  base_loss: 10.8866 (11.4627)  time: 0.3950  data: 0.1681  max mem: 11382
Epoch: [76] Total time: 0:00:34 (0.4410 s / it)
Averaged stats: lr: 0.000045  sp_loss: 5.4230 (5.6947)  fam_loss: 3.2361 (3.3277)  manu_loss: 2.4705 (2.4403)  ot_loss: 2.0020 (2.0443)  base_loss: 10.8866 (11.4627)
Test:  [  0/391]  eta: 0:37:52  sploss: 7.4835 (7.4835)  famloss: 2.3807 (2.3807)  manuloss: 1.5019 (1.5019)  acc1: 0.0000 (0.0000)  acc5: 5.4688 (5.4688)  family_acc1: 46.4844 (46.4844)  manu_acc1: 64.4531 (64.4531)  time: 5.8129  data: 5.5490  max mem: 11382
Test:  [250/391]  eta: 0:00:58  sploss: 7.4436 (7.5158)  famloss: 2.6717 (2.6528)  manuloss: 1.8251 (1.7908)  acc1: 0.3906 (0.6505)  acc5: 6.2500 (5.6415)  family_acc1: 42.5781 (43.9757)  manu_acc1: 57.0312 (60.3165)  time: 0.3235  data: 0.1042  max mem: 11382
Test:  [390/391]  eta: 0:00:00  sploss: 7.2636 (7.4575)  famloss: 2.3963 (2.5862)  manuloss: 1.4043 (1.7116)  acc1: 0.7812 (0.6660)  acc5: 6.2500 (5.8060)  family_acc1: 49.6094 (45.1470)  manu_acc1: 69.5312 (61.9920)  time: 0.4038  data: 0.1952  max mem: 11382
Test: Total time: 0:02:39 (0.4067 s / it)
* Acc@1 0.666 Acc@5 5.806 family@1 45.147 manu@1 61.992 sploss 7.457 fmloss 2.586 mfloss 1.712
FPA: 0.585% | TICE: 98.269%   
 wAP: 6.451  |  LCA: 294.501   |   Precision and Recall: 1.792%
Accuracy of the network on the 100000 test images: 0.7%
Max accuracy: 0.73%
Epoch: [77]  [ 0/78]  eta: 0:07:50  lr: 0.000043  sp_loss: 6.1268 (6.1268)  fam_loss: 3.5597 (3.5597)  manu_loss: 2.6187 (2.6187)  ot_loss: 2.1270 (2.1270)  base_loss: 12.3052 (12.3052)  time: 6.0349  data: 5.7676  max mem: 11382
Epoch: [77]  [77/78]  eta: 0:00:00  lr: 0.000043  sp_loss: 6.1724 (5.5758)  fam_loss: 3.6176 (3.2831)  manu_loss: 2.6459 (2.4114)  ot_loss: 2.1270 (2.0110)  base_loss: 12.5169 (11.2703)  time: 0.3866  data: 0.1587  max mem: 11382
Epoch: [77] Total time: 0:00:34 (0.4393 s / it)
Averaged stats: lr: 0.000043  sp_loss: 6.1724 (5.5758)  fam_loss: 3.6176 (3.2831)  manu_loss: 2.6459 (2.4114)  ot_loss: 2.1270 (2.0110)  base_loss: 12.5169 (11.2703)
Test:  [  0/391]  eta: 0:38:41  sploss: 7.5568 (7.5568)  famloss: 2.4756 (2.4756)  manuloss: 1.5591 (1.5591)  acc1: 0.0000 (0.0000)  acc5: 5.0781 (5.0781)  family_acc1: 47.6562 (47.6562)  manu_acc1: 64.4531 (64.4531)  time: 5.9371  data: 5.7016  max mem: 11382
Test:  [250/391]  eta: 0:00:58  sploss: 7.4655 (7.5524)  famloss: 2.7035 (2.6676)  manuloss: 1.8438 (1.7933)  acc1: 0.3906 (0.5898)  acc5: 5.4688 (5.2229)  family_acc1: 42.1875 (44.1920)  manu_acc1: 57.4219 (60.5547)  time: 0.3315  data: 0.1123  max mem: 11382
Test:  [390/391]  eta: 0:00:00  sploss: 7.3213 (7.4937)  famloss: 2.3921 (2.6016)  manuloss: 1.4233 (1.7170)  acc1: 0.3906 (0.6080)  acc5: 5.4688 (5.3900)  family_acc1: 49.2188 (45.2050)  manu_acc1: 69.1406 (62.2080)  time: 0.3971  data: 0.1845  max mem: 11382
Test: Total time: 0:02:38 (0.4056 s / it)
* Acc@1 0.608 Acc@5 5.390 family@1 45.205 manu@1 62.208 sploss 7.494 fmloss 2.602 mfloss 1.717
FPA: 0.535% | TICE: 98.336%   
 wAP: 6.410  |  LCA: 294.818   |   Precision and Recall: 1.680%
Accuracy of the network on the 100000 test images: 0.6%
Max accuracy: 0.73%
Epoch: [78]  [ 0/78]  eta: 0:07:43  lr: 0.000040  sp_loss: 4.3621 (4.3621)  fam_loss: 2.6159 (2.6159)  manu_loss: 2.0399 (2.0399)  ot_loss: 1.7148 (1.7148)  base_loss: 9.0179 (9.0179)  time: 5.9418  data: 5.6700  max mem: 11382
Epoch: [78]  [77/78]  eta: 0:00:00  lr: 0.000040  sp_loss: 5.2574 (5.3056)  fam_loss: 3.1637 (3.1389)  manu_loss: 2.3640 (2.3202)  ot_loss: 1.9229 (1.9707)  base_loss: 10.6405 (10.7646)  time: 0.3857  data: 0.1586  max mem: 11382
Epoch: [78] Total time: 0:00:34 (0.4450 s / it)
Averaged stats: lr: 0.000040  sp_loss: 5.2574 (5.3056)  fam_loss: 3.1637 (3.1389)  manu_loss: 2.3640 (2.3202)  ot_loss: 1.9229 (1.9707)  base_loss: 10.6405 (10.7646)
Test:  [  0/391]  eta: 0:37:44  sploss: 7.4914 (7.4914)  famloss: 2.4567 (2.4567)  manuloss: 1.5468 (1.5468)  acc1: 0.0000 (0.0000)  acc5: 4.6875 (4.6875)  family_acc1: 48.4375 (48.4375)  manu_acc1: 64.4531 (64.4531)  time: 5.7926  data: 5.5597  max mem: 11382
Test:  [250/391]  eta: 0:00:58  sploss: 7.4162 (7.4797)  famloss: 2.6846 (2.6662)  manuloss: 1.8459 (1.7924)  acc1: 0.3906 (0.7003)  acc5: 5.4688 (5.6259)  family_acc1: 42.5781 (44.1842)  manu_acc1: 57.8125 (60.7196)  time: 0.3279  data: 0.1079  max mem: 11382
Test:  [390/391]  eta: 0:00:00  sploss: 7.2490 (7.4226)  famloss: 2.4304 (2.6012)  manuloss: 1.3990 (1.7149)  acc1: 0.7812 (0.7200)  acc5: 6.6406 (5.7780)  family_acc1: 49.6094 (45.2950)  manu_acc1: 69.9219 (62.3680)  time: 0.4108  data: 0.2020  max mem: 11382
Test: Total time: 0:02:39 (0.4080 s / it)
* Acc@1 0.720 Acc@5 5.778 family@1 45.295 manu@1 62.368 sploss 7.423 fmloss 2.601 mfloss 1.715
FPA: 0.643% | TICE: 98.230%   
 wAP: 6.521  |  LCA: 294.381   |   Precision and Recall: 1.823%
Accuracy of the network on the 100000 test images: 0.7%
Max accuracy: 0.73%
Epoch: [79]  [ 0/78]  eta: 0:07:23  lr: 0.000038  sp_loss: 6.1117 (6.1117)  fam_loss: 3.5302 (3.5302)  manu_loss: 2.5509 (2.5509)  ot_loss: 2.0547 (2.0547)  base_loss: 12.1928 (12.1928)  time: 5.6832  data: 5.4175  max mem: 11382
Epoch: [79]  [77/78]  eta: 0:00:00  lr: 0.000038  sp_loss: 5.5874 (5.5446)  fam_loss: 3.3554 (3.2269)  manu_loss: 2.4921 (2.3614)  ot_loss: 1.9854 (2.0050)  base_loss: 11.4272 (11.1330)  time: 0.3964  data: 0.1697  max mem: 11382
Epoch: [79] Total time: 0:00:34 (0.4380 s / it)
Averaged stats: lr: 0.000038  sp_loss: 5.5874 (5.5446)  fam_loss: 3.3554 (3.2269)  manu_loss: 2.4921 (2.3614)  ot_loss: 1.9854 (2.0050)  base_loss: 11.4272 (11.1330)
Test:  [  0/391]  eta: 0:39:25  sploss: 7.5100 (7.5100)  famloss: 2.4730 (2.4730)  manuloss: 1.5470 (1.5470)  acc1: 0.3906 (0.3906)  acc5: 5.0781 (5.0781)  family_acc1: 46.0938 (46.0938)  manu_acc1: 65.2344 (65.2344)  time: 6.0488  data: 5.8171  max mem: 11382
Test:  [250/391]  eta: 0:00:58  sploss: 7.4536 (7.5217)  famloss: 2.7138 (2.6867)  manuloss: 1.8217 (1.8001)  acc1: 0.3906 (0.6443)  acc5: 5.4688 (5.4283)  family_acc1: 42.5781 (44.1126)  manu_acc1: 57.8125 (60.5920)  time: 0.3276  data: 0.1062  max mem: 11382
Test:  [390/391]  eta: 0:00:00  sploss: 7.2573 (7.4646)  famloss: 2.3972 (2.6200)  manuloss: 1.3953 (1.7207)  acc1: 0.7812 (0.6480)  acc5: 5.8594 (5.5850)  family_acc1: 49.2188 (45.1370)  manu_acc1: 69.5312 (62.2190)  time: 0.3946  data: 0.1840  max mem: 11382
Test: Total time: 0:02:39 (0.4088 s / it)
* Acc@1 0.648 Acc@5 5.585 family@1 45.137 manu@1 62.219 sploss 7.465 fmloss 2.620 mfloss 1.721
FPA: 0.589% | TICE: 98.279%   
 wAP: 6.439  |  LCA: 294.568   |   Precision and Recall: 1.757%
Accuracy of the network on the 100000 test images: 0.6%
Max accuracy: 0.73%
Epoch: [80]  [ 0/78]  eta: 0:07:47  lr: 0.000035  sp_loss: 5.9027 (5.9027)  fam_loss: 3.4140 (3.4140)  manu_loss: 2.4536 (2.4536)  ot_loss: 2.0469 (2.0469)  base_loss: 11.7703 (11.7703)  time: 5.9896  data: 5.7216  max mem: 11382
Epoch: [80]  [77/78]  eta: 0:00:00  lr: 0.000035  sp_loss: 6.4907 (5.9274)  fam_loss: 3.6433 (3.4341)  manu_loss: 2.6062 (2.5073)  ot_loss: 2.1465 (2.0667)  base_loss: 12.7505 (11.8688)  time: 0.3913  data: 0.1652  max mem: 11382
Epoch: [80] Total time: 0:00:34 (0.4433 s / it)
Averaged stats: lr: 0.000035  sp_loss: 6.4907 (5.9274)  fam_loss: 3.6433 (3.4341)  manu_loss: 2.6062 (2.5073)  ot_loss: 2.1465 (2.0667)  base_loss: 12.7505 (11.8688)
Test:  [  0/391]  eta: 0:38:38  sploss: 7.5202 (7.5202)  famloss: 2.4641 (2.4641)  manuloss: 1.5712 (1.5712)  acc1: 0.3906 (0.3906)  acc5: 4.6875 (4.6875)  family_acc1: 47.6562 (47.6562)  manu_acc1: 64.4531 (64.4531)  time: 5.9299  data: 5.6867  max mem: 11382
Test:  [250/391]  eta: 0:00:58  sploss: 7.4366 (7.5131)  famloss: 2.7015 (2.6696)  manuloss: 1.8311 (1.7995)  acc1: 0.3906 (0.6505)  acc5: 4.6875 (5.4485)  family_acc1: 43.3594 (44.1422)  manu_acc1: 57.4219 (60.4488)  time: 0.3248  data: 0.1035  max mem: 11382
Test:  [390/391]  eta: 0:00:00  sploss: 7.2756 (7.4539)  famloss: 2.3846 (2.6012)  manuloss: 1.4056 (1.7184)  acc1: 0.7812 (0.6510)  acc5: 6.2500 (5.6050)  family_acc1: 49.6094 (45.3100)  manu_acc1: 69.1406 (62.2150)  time: 0.4052  data: 0.1971  max mem: 11382
Test: Total time: 0:02:39 (0.4091 s / it)
* Acc@1 0.651 Acc@5 5.605 family@1 45.310 manu@1 62.215 sploss 7.454 fmloss 2.601 mfloss 1.718
FPA: 0.577% | TICE: 98.261%   
 wAP: 6.458  |  LCA: 294.639   |   Precision and Recall: 1.740%
Accuracy of the network on the 100000 test images: 0.7%
Max accuracy: 0.73%
Epoch: [81]  [ 0/78]  eta: 0:08:15  lr: 0.000033  sp_loss: 6.1987 (6.1987)  fam_loss: 3.6558 (3.6558)  manu_loss: 2.5209 (2.5209)  ot_loss: 2.1133 (2.1133)  base_loss: 12.3754 (12.3754)  time: 6.3518  data: 6.0759  max mem: 11382
Epoch: [81]  [77/78]  eta: 0:00:00  lr: 0.000033  sp_loss: 5.6355 (5.5643)  fam_loss: 3.2049 (3.2569)  manu_loss: 2.3189 (2.3805)  ot_loss: 1.9629 (2.0039)  base_loss: 11.1062 (11.2016)  time: 0.3844  data: 0.1595  max mem: 11382
Epoch: [81] Total time: 0:00:34 (0.4482 s / it)
Averaged stats: lr: 0.000033  sp_loss: 5.6355 (5.5643)  fam_loss: 3.2049 (3.2569)  manu_loss: 2.3189 (2.3805)  ot_loss: 1.9629 (2.0039)  base_loss: 11.1062 (11.2016)
Test:  [  0/391]  eta: 0:37:32  sploss: 7.5015 (7.5015)  famloss: 2.5086 (2.5086)  manuloss: 1.5780 (1.5780)  acc1: 0.3906 (0.3906)  acc5: 5.0781 (5.0781)  family_acc1: 45.7031 (45.7031)  manu_acc1: 65.2344 (65.2344)  time: 5.7620  data: 5.5267  max mem: 11382
Test:  [250/391]  eta: 0:00:58  sploss: 7.4472 (7.5208)  famloss: 2.6859 (2.6860)  manuloss: 1.8766 (1.8066)  acc1: 0.3906 (0.6054)  acc5: 5.0781 (5.3598)  family_acc1: 42.1875 (44.1718)  manu_acc1: 57.8125 (60.5251)  time: 0.3199  data: 0.1004  max mem: 11382
Test:  [390/391]  eta: 0:00:00  sploss: 7.2627 (7.4639)  famloss: 2.4102 (2.6178)  manuloss: 1.3815 (1.7269)  acc1: 0.7812 (0.6050)  acc5: 5.8594 (5.5100)  family_acc1: 48.4375 (45.2850)  manu_acc1: 69.1406 (62.1890)  time: 0.4022  data: 0.1920  max mem: 11382
Test: Total time: 0:02:39 (0.4076 s / it)
* Acc@1 0.605 Acc@5 5.510 family@1 45.285 manu@1 62.189 sploss 7.464 fmloss 2.618 mfloss 1.727
FPA: 0.533% | TICE: 98.419%   
 wAP: 6.415  |  LCA: 294.977   |   Precision and Recall: 1.647%
Accuracy of the network on the 100000 test images: 0.6%
Max accuracy: 0.73%
Epoch: [82]  [ 0/78]  eta: 0:07:52  lr: 0.000031  sp_loss: 6.3883 (6.3883)  fam_loss: 3.5124 (3.5124)  manu_loss: 2.6335 (2.6335)  ot_loss: 2.1133 (2.1133)  base_loss: 12.5341 (12.5341)  time: 6.0590  data: 5.7889  max mem: 11382
Epoch: [82]  [77/78]  eta: 0:00:00  lr: 0.000031  sp_loss: 4.3555 (5.2401)  fam_loss: 2.7624 (3.1174)  manu_loss: 1.9905 (2.2888)  ot_loss: 1.8086 (1.9537)  base_loss: 9.0598 (10.6463)  time: 0.3972  data: 0.1706  max mem: 11382
Epoch: [82] Total time: 0:00:35 (0.4518 s / it)
Averaged stats: lr: 0.000031  sp_loss: 4.3555 (5.2401)  fam_loss: 2.7624 (3.1174)  manu_loss: 1.9905 (2.2888)  ot_loss: 1.8086 (1.9537)  base_loss: 9.0598 (10.6463)
Test:  [  0/391]  eta: 0:37:24  sploss: 7.3804 (7.3804)  famloss: 2.4431 (2.4431)  manuloss: 1.5610 (1.5610)  acc1: 0.3906 (0.3906)  acc5: 7.0312 (7.0312)  family_acc1: 46.4844 (46.4844)  manu_acc1: 65.6250 (65.6250)  time: 5.7407  data: 5.5086  max mem: 11382
Test:  [250/391]  eta: 0:00:58  sploss: 7.3377 (7.4045)  famloss: 2.6779 (2.6413)  manuloss: 1.8464 (1.7824)  acc1: 0.7812 (0.9369)  acc5: 6.6406 (6.9472)  family_acc1: 42.1875 (44.2044)  manu_acc1: 57.8125 (60.6262)  time: 0.3260  data: 0.1043  max mem: 11382
Test:  [390/391]  eta: 0:00:00  sploss: 7.1350 (7.3440)  famloss: 2.3587 (2.5743)  manuloss: 1.3590 (1.7047)  acc1: 0.7812 (0.9420)  acc5: 7.8125 (7.1640)  family_acc1: 49.2188 (45.3500)  manu_acc1: 69.5312 (62.3330)  time: 0.4093  data: 0.1976  max mem: 11382
Test: Total time: 0:02:39 (0.4073 s / it)
* Acc@1 0.942 Acc@5 7.164 family@1 45.350 manu@1 62.333 sploss 7.344 fmloss 2.574 mfloss 1.705
FPA: 0.840% | TICE: 97.684%   
 wAP: 6.721  |  LCA: 293.076   |   Precision and Recall: 2.222%
Accuracy of the network on the 100000 test images: 0.9%
Max accuracy: 0.94%
Epoch: [83]  [ 0/78]  eta: 0:07:58  lr: 0.000029  sp_loss: 6.4138 (6.4138)  fam_loss: 3.6111 (3.6111)  manu_loss: 2.5995 (2.5995)  ot_loss: 2.1523 (2.1523)  base_loss: 12.6244 (12.6244)  time: 6.1399  data: 5.8671  max mem: 11382
Epoch: [83]  [77/78]  eta: 0:00:00  lr: 0.000029  sp_loss: 5.9709 (5.5152)  fam_loss: 3.4964 (3.2223)  manu_loss: 2.5233 (2.3724)  ot_loss: 2.0645 (1.9829)  base_loss: 12.1451 (11.1100)  time: 0.3903  data: 0.1622  max mem: 11382
Epoch: [83] Total time: 0:00:34 (0.4406 s / it)
Averaged stats: lr: 0.000029  sp_loss: 5.9709 (5.5152)  fam_loss: 3.4964 (3.2223)  manu_loss: 2.5233 (2.3724)  ot_loss: 2.0645 (1.9829)  base_loss: 12.1451 (11.1100)
Test:  [  0/391]  eta: 0:40:38  sploss: 7.5397 (7.5397)  famloss: 2.4913 (2.4913)  manuloss: 1.5888 (1.5888)  acc1: 0.0000 (0.0000)  acc5: 5.4688 (5.4688)  family_acc1: 46.0938 (46.0938)  manu_acc1: 65.6250 (65.6250)  time: 6.2366  data: 6.0013  max mem: 11382
Test:  [250/391]  eta: 0:00:57  sploss: 7.4974 (7.5411)  famloss: 2.6991 (2.6888)  manuloss: 1.8396 (1.8105)  acc1: 0.3906 (0.5883)  acc5: 5.4688 (5.2618)  family_acc1: 42.5781 (44.0037)  manu_acc1: 57.8125 (60.3461)  time: 0.3257  data: 0.1028  max mem: 11382
Test:  [390/391]  eta: 0:00:00  sploss: 7.3102 (7.4836)  famloss: 2.4195 (2.6212)  manuloss: 1.4074 (1.7317)  acc1: 0.3906 (0.5930)  acc5: 6.2500 (5.3900)  family_acc1: 48.8281 (45.0870)  manu_acc1: 69.5312 (62.0800)  time: 0.3977  data: 0.1849  max mem: 11382
Test: Total time: 0:02:37 (0.4024 s / it)
* Acc@1 0.593 Acc@5 5.390 family@1 45.087 manu@1 62.080 sploss 7.484 fmloss 2.621 mfloss 1.732
FPA: 0.531% | TICE: 98.474%   
 wAP: 6.383  |  LCA: 295.007   |   Precision and Recall: 1.635%
Accuracy of the network on the 100000 test images: 0.6%
Max accuracy: 0.94%
Epoch: [84]  [ 0/78]  eta: 0:07:25  lr: 0.000027  sp_loss: 4.0935 (4.0935)  fam_loss: 2.5541 (2.5541)  manu_loss: 2.0077 (2.0077)  ot_loss: 1.7598 (1.7598)  base_loss: 8.6553 (8.6553)  time: 5.7114  data: 5.4412  max mem: 11382
Epoch: [84]  [77/78]  eta: 0:00:00  lr: 0.000027  sp_loss: 5.8298 (5.4492)  fam_loss: 3.3638 (3.1932)  manu_loss: 2.4865 (2.3565)  ot_loss: 2.0449 (1.9873)  base_loss: 11.5522 (10.9989)  time: 0.3958  data: 0.1681  max mem: 11382
Epoch: [84] Total time: 0:00:34 (0.4443 s / it)
Averaged stats: lr: 0.000027  sp_loss: 5.8298 (5.4492)  fam_loss: 3.3638 (3.1932)  manu_loss: 2.4865 (2.3565)  ot_loss: 2.0449 (1.9873)  base_loss: 11.5522 (10.9989)
Test:  [  0/391]  eta: 0:37:55  sploss: 7.4655 (7.4655)  famloss: 2.4487 (2.4487)  manuloss: 1.5709 (1.5709)  acc1: 0.0000 (0.0000)  acc5: 6.2500 (6.2500)  family_acc1: 47.2656 (47.2656)  manu_acc1: 65.2344 (65.2344)  time: 5.8186  data: 5.5737  max mem: 11382
Test:  [250/391]  eta: 0:00:58  sploss: 7.3935 (7.4675)  famloss: 2.6648 (2.6644)  manuloss: 1.8437 (1.7936)  acc1: 0.3906 (0.6972)  acc5: 5.4688 (5.6680)  family_acc1: 43.3594 (44.3912)  manu_acc1: 58.2031 (60.7648)  time: 0.3231  data: 0.0997  max mem: 11382
Test:  [390/391]  eta: 0:00:00  sploss: 7.2225 (7.4097)  famloss: 2.3972 (2.5969)  manuloss: 1.3720 (1.7137)  acc1: 0.7812 (0.6990)  acc5: 6.6406 (5.8030)  family_acc1: 48.4375 (45.4530)  manu_acc1: 68.7500 (62.4310)  time: 0.4032  data: 0.1941  max mem: 11382
Test: Total time: 0:02:38 (0.4059 s / it)
* Acc@1 0.699 Acc@5 5.803 family@1 45.453 manu@1 62.431 sploss 7.410 fmloss 2.597 mfloss 1.714
FPA: 0.631% | TICE: 98.263%   
 wAP: 6.520  |  LCA: 294.520   |   Precision and Recall: 1.797%
Accuracy of the network on the 100000 test images: 0.7%
Max accuracy: 0.94%
Epoch: [85]  [ 0/78]  eta: 0:07:41  lr: 0.000025  sp_loss: 3.5834 (3.5834)  fam_loss: 2.2946 (2.2946)  manu_loss: 1.7128 (1.7128)  ot_loss: 1.7275 (1.7275)  base_loss: 7.5909 (7.5909)  time: 5.9153  data: 5.6348  max mem: 11382
Epoch: [85]  [77/78]  eta: 0:00:00  lr: 0.000025  sp_loss: 5.9836 (5.3428)  fam_loss: 3.5154 (3.1492)  manu_loss: 2.6131 (2.3235)  ot_loss: 2.0703 (1.9578)  base_loss: 12.1284 (10.8156)  time: 0.3882  data: 0.1612  max mem: 11382
Epoch: [85] Total time: 0:00:34 (0.4384 s / it)
Averaged stats: lr: 0.000025  sp_loss: 5.9836 (5.3428)  fam_loss: 3.5154 (3.1492)  manu_loss: 2.6131 (2.3235)  ot_loss: 2.0703 (1.9578)  base_loss: 12.1284 (10.8156)
Test:  [  0/391]  eta: 0:40:32  sploss: 7.4159 (7.4159)  famloss: 2.4178 (2.4178)  manuloss: 1.5152 (1.5152)  acc1: 0.3906 (0.3906)  acc5: 6.2500 (6.2500)  family_acc1: 46.8750 (46.8750)  manu_acc1: 65.6250 (65.6250)  time: 6.2216  data: 5.9825  max mem: 11382
Test:  [250/391]  eta: 0:00:58  sploss: 7.3784 (7.4361)  famloss: 2.6883 (2.6579)  manuloss: 1.8446 (1.7900)  acc1: 0.3906 (0.7750)  acc5: 5.8594 (6.2702)  family_acc1: 43.3594 (44.2931)  manu_acc1: 58.2031 (60.6278)  time: 0.3211  data: 0.0998  max mem: 11382
Test:  [390/391]  eta: 0:00:00  sploss: 7.1816 (7.3763)  famloss: 2.3837 (2.5903)  manuloss: 1.3716 (1.7109)  acc1: 0.7812 (0.7860)  acc5: 7.4219 (6.4340)  family_acc1: 49.2188 (45.3940)  manu_acc1: 69.1406 (62.3760)  time: 0.4013  data: 0.1930  max mem: 11382
Test: Total time: 0:02:38 (0.4063 s / it)
* Acc@1 0.786 Acc@5 6.434 family@1 45.394 manu@1 62.376 sploss 7.376 fmloss 2.590 mfloss 1.711
FPA: 0.704% | TICE: 97.901%   
 wAP: 6.589  |  LCA: 293.923   |   Precision and Recall: 1.977%
Accuracy of the network on the 100000 test images: 0.8%
Max accuracy: 0.94%
Epoch: [86]  [ 0/78]  eta: 0:07:54  lr: 0.000023  sp_loss: 4.7664 (4.7664)  fam_loss: 3.1136 (3.1136)  manu_loss: 2.2529 (2.2529)  ot_loss: 1.8486 (1.8486)  base_loss: 10.1329 (10.1329)  time: 6.0775  data: 5.8080  max mem: 11382
Epoch: [86]  [77/78]  eta: 0:00:00  lr: 0.000023  sp_loss: 6.3267 (5.3459)  fam_loss: 3.5376 (3.1552)  manu_loss: 2.6287 (2.3080)  ot_loss: 2.1152 (1.9526)  base_loss: 12.6323 (10.8091)  time: 0.3955  data: 0.1671  max mem: 11382
Epoch: [86] Total time: 0:00:34 (0.4434 s / it)
Averaged stats: lr: 0.000023  sp_loss: 6.3267 (5.3459)  fam_loss: 3.5376 (3.1552)  manu_loss: 2.6287 (2.3080)  ot_loss: 2.1152 (1.9526)  base_loss: 12.6323 (10.8091)
Test:  [  0/391]  eta: 0:37:16  sploss: 7.5094 (7.5094)  famloss: 2.4595 (2.4595)  manuloss: 1.5494 (1.5494)  acc1: 0.3906 (0.3906)  acc5: 5.0781 (5.0781)  family_acc1: 47.6562 (47.6562)  manu_acc1: 66.4062 (66.4062)  time: 5.7188  data: 5.4625  max mem: 11382
Test:  [250/391]  eta: 0:00:57  sploss: 7.4592 (7.5180)  famloss: 2.7020 (2.6893)  manuloss: 1.8617 (1.8118)  acc1: 0.3906 (0.6459)  acc5: 5.0781 (5.4485)  family_acc1: 43.3594 (44.2340)  manu_acc1: 58.5938 (60.5157)  time: 0.3219  data: 0.1025  max mem: 11382
Test:  [390/391]  eta: 0:00:00  sploss: 7.3015 (7.4594)  famloss: 2.4138 (2.6209)  manuloss: 1.3921 (1.7314)  acc1: 0.7812 (0.6560)  acc5: 5.8594 (5.6040)  family_acc1: 49.2188 (45.3070)  manu_acc1: 69.5312 (62.2240)  time: 0.3956  data: 0.1846  max mem: 11382
Test: Total time: 0:02:38 (0.4041 s / it)
* Acc@1 0.656 Acc@5 5.604 family@1 45.307 manu@1 62.224 sploss 7.459 fmloss 2.621 mfloss 1.731
FPA: 0.581% | TICE: 98.315%   
 wAP: 6.463  |  LCA: 294.720   |   Precision and Recall: 1.721%
Accuracy of the network on the 100000 test images: 0.7%
Max accuracy: 0.94%
Epoch: [87]  [ 0/78]  eta: 0:07:34  lr: 0.000021  sp_loss: 5.5099 (5.5099)  fam_loss: 3.2287 (3.2287)  manu_loss: 2.4161 (2.4161)  ot_loss: 1.9141 (1.9141)  base_loss: 11.1547 (11.1547)  time: 5.8208  data: 5.5503  max mem: 11382
Epoch: [87]  [77/78]  eta: 0:00:00  lr: 0.000021  sp_loss: 4.6202 (5.3138)  fam_loss: 2.8343 (3.1502)  manu_loss: 2.1225 (2.3045)  ot_loss: 1.8262 (1.9587)  base_loss: 9.5771 (10.7685)  time: 0.3896  data: 0.1625  max mem: 11382
Epoch: [87] Total time: 0:00:34 (0.4396 s / it)
Averaged stats: lr: 0.000021  sp_loss: 4.6202 (5.3138)  fam_loss: 2.8343 (3.1502)  manu_loss: 2.1225 (2.3045)  ot_loss: 1.8262 (1.9587)  base_loss: 9.5771 (10.7685)
Test:  [  0/391]  eta: 0:39:38  sploss: 7.4741 (7.4741)  famloss: 2.4378 (2.4378)  manuloss: 1.5585 (1.5585)  acc1: 0.7812 (0.7812)  acc5: 5.4688 (5.4688)  family_acc1: 47.2656 (47.2656)  manu_acc1: 64.4531 (64.4531)  time: 6.0824  data: 5.8440  max mem: 11382
Test:  [250/391]  eta: 0:00:57  sploss: 7.3946 (7.4590)  famloss: 2.6475 (2.6555)  manuloss: 1.8414 (1.7963)  acc1: 0.3906 (0.7517)  acc5: 6.2500 (5.9325)  family_acc1: 42.1875 (44.4114)  manu_acc1: 57.8125 (60.6558)  time: 0.3236  data: 0.1047  max mem: 11382
Test:  [390/391]  eta: 0:00:00  sploss: 7.2504 (7.4006)  famloss: 2.3802 (2.5868)  manuloss: 1.3748 (1.7147)  acc1: 0.7812 (0.7680)  acc5: 6.2500 (6.0970)  family_acc1: 50.0000 (45.4990)  manu_acc1: 69.9219 (62.3430)  time: 0.3999  data: 0.1882  max mem: 11382
Test: Total time: 0:02:37 (0.4035 s / it)
* Acc@1 0.768 Acc@5 6.097 family@1 45.499 manu@1 62.343 sploss 7.401 fmloss 2.587 mfloss 1.715
FPA: 0.698% | TICE: 98.040%   
 wAP: 6.583  |  LCA: 294.105   |   Precision and Recall: 1.907%
Accuracy of the network on the 100000 test images: 0.8%
Max accuracy: 0.94%
Epoch: [88]  [ 0/78]  eta: 0:07:50  lr: 0.000020  sp_loss: 4.6281 (4.6281)  fam_loss: 2.9474 (2.9474)  manu_loss: 2.1636 (2.1636)  ot_loss: 1.7490 (1.7490)  base_loss: 9.7391 (9.7391)  time: 6.0351  data: 5.7529  max mem: 11382
Epoch: [88]  [77/78]  eta: 0:00:00  lr: 0.000020  sp_loss: 4.9194 (5.2352)  fam_loss: 2.9952 (3.0991)  manu_loss: 2.2526 (2.2897)  ot_loss: 1.8281 (1.9325)  base_loss: 10.1600 (10.6241)  time: 0.3928  data: 0.1661  max mem: 11382
Epoch: [88] Total time: 0:00:34 (0.4456 s / it)
Averaged stats: lr: 0.000020  sp_loss: 4.9194 (5.2352)  fam_loss: 2.9952 (3.0991)  manu_loss: 2.2526 (2.2897)  ot_loss: 1.8281 (1.9325)  base_loss: 10.1600 (10.6241)
Test:  [  0/391]  eta: 0:37:28  sploss: 7.4490 (7.4490)  famloss: 2.4312 (2.4312)  manuloss: 1.5635 (1.5635)  acc1: 0.7812 (0.7812)  acc5: 6.6406 (6.6406)  family_acc1: 48.4375 (48.4375)  manu_acc1: 65.2344 (65.2344)  time: 5.7505  data: 5.4999  max mem: 11382
Test:  [250/391]  eta: 0:00:58  sploss: 7.3931 (7.4485)  famloss: 2.6637 (2.6559)  manuloss: 1.8326 (1.7889)  acc1: 0.3906 (0.7003)  acc5: 5.0781 (5.9403)  family_acc1: 42.5781 (44.6044)  manu_acc1: 58.5938 (60.8379)  time: 0.3242  data: 0.1058  max mem: 11382
Test:  [390/391]  eta: 0:00:00  sploss: 7.2313 (7.3910)  famloss: 2.3817 (2.5886)  manuloss: 1.3696 (1.7093)  acc1: 0.7812 (0.7100)  acc5: 7.0312 (6.0840)  family_acc1: 49.6094 (45.6940)  manu_acc1: 70.7031 (62.5120)  time: 0.4019  data: 0.1902  max mem: 11382
Test: Total time: 0:02:38 (0.4056 s / it)
* Acc@1 0.710 Acc@5 6.084 family@1 45.694 manu@1 62.512 sploss 7.391 fmloss 2.589 mfloss 1.709
FPA: 0.645% | TICE: 98.134%   
 wAP: 6.555  |  LCA: 294.391   |   Precision and Recall: 1.826%
Accuracy of the network on the 100000 test images: 0.7%
Max accuracy: 0.94%
Epoch: [89]  [ 0/78]  eta: 0:07:27  lr: 0.000018  sp_loss: 5.2424 (5.2424)  fam_loss: 3.1281 (3.1281)  manu_loss: 2.2787 (2.2787)  ot_loss: 1.9453 (1.9453)  base_loss: 10.6492 (10.6492)  time: 5.7331  data: 5.4678  max mem: 11382
Epoch: [89]  [77/78]  eta: 0:00:00  lr: 0.000018  sp_loss: 5.4375 (5.1580)  fam_loss: 3.0605 (3.0735)  manu_loss: 2.3450 (2.2554)  ot_loss: 1.9180 (1.9110)  base_loss: 11.0653 (10.4869)  time: 0.3960  data: 0.1691  max mem: 11382
Epoch: [89] Total time: 0:00:34 (0.4396 s / it)
Averaged stats: lr: 0.000018  sp_loss: 5.4375 (5.1580)  fam_loss: 3.0605 (3.0735)  manu_loss: 2.3450 (2.2554)  ot_loss: 1.9180 (1.9110)  base_loss: 11.0653 (10.4869)
Test:  [  0/391]  eta: 0:39:02  sploss: 7.3454 (7.3454)  famloss: 2.3990 (2.3990)  manuloss: 1.5422 (1.5422)  acc1: 0.7812 (0.7812)  acc5: 8.2031 (8.2031)  family_acc1: 48.8281 (48.8281)  manu_acc1: 65.2344 (65.2344)  time: 5.9907  data: 5.7573  max mem: 11382
Test:  [250/391]  eta: 0:00:58  sploss: 7.3126 (7.3661)  famloss: 2.6530 (2.6329)  manuloss: 1.8198 (1.7814)  acc1: 0.7812 (0.9587)  acc5: 6.2500 (7.0359)  family_acc1: 42.9688 (44.5593)  manu_acc1: 58.2031 (60.6838)  time: 0.3257  data: 0.1046  max mem: 11382
Test:  [390/391]  eta: 0:00:00  sploss: 7.1328 (7.3068)  famloss: 2.3701 (2.5648)  manuloss: 1.3565 (1.7001)  acc1: 0.7812 (0.9710)  acc5: 7.8125 (7.2210)  family_acc1: 50.3906 (45.6830)  manu_acc1: 69.9219 (62.3920)  time: 0.4020  data: 0.1913  max mem: 11382
Test: Total time: 0:02:39 (0.4075 s / it)
* Acc@1 0.971 Acc@5 7.221 family@1 45.683 manu@1 62.392 sploss 7.307 fmloss 2.565 mfloss 1.700
FPA: 0.875% | TICE: 97.595%   
 wAP: 6.780  |  LCA: 292.835   |   Precision and Recall: 2.295%
Accuracy of the network on the 100000 test images: 1.0%
Max accuracy: 0.97%
Epoch: [90]  [ 0/78]  eta: 0:08:01  lr: 0.000017  sp_loss: 4.5383 (4.5383)  fam_loss: 2.7563 (2.7563)  manu_loss: 2.2405 (2.2405)  ot_loss: 1.7451 (1.7451)  base_loss: 9.5351 (9.5351)  time: 6.1751  data: 5.9036  max mem: 11382
Epoch: [90]  [77/78]  eta: 0:00:00  lr: 0.000017  sp_loss: 5.6536 (5.2954)  fam_loss: 3.2905 (3.1193)  manu_loss: 2.3504 (2.2861)  ot_loss: 1.9727 (1.9455)  base_loss: 11.2290 (10.7008)  time: 0.4075  data: 0.1809  max mem: 11382
Epoch: [90] Total time: 0:00:35 (0.4494 s / it)
Averaged stats: lr: 0.000017  sp_loss: 5.6536 (5.2954)  fam_loss: 3.2905 (3.1193)  manu_loss: 2.3504 (2.2861)  ot_loss: 1.9727 (1.9455)  base_loss: 11.2290 (10.7008)
Test:  [  0/391]  eta: 0:37:16  sploss: 7.4320 (7.4320)  famloss: 2.4201 (2.4201)  manuloss: 1.5508 (1.5508)  acc1: 0.3906 (0.3906)  acc5: 6.6406 (6.6406)  family_acc1: 49.6094 (49.6094)  manu_acc1: 66.4062 (66.4062)  time: 5.7190  data: 5.4756  max mem: 11382
Test:  [250/391]  eta: 0:00:58  sploss: 7.3820 (7.4417)  famloss: 2.6598 (2.6601)  manuloss: 1.8301 (1.7936)  acc1: 0.3906 (0.7268)  acc5: 5.8594 (5.9994)  family_acc1: 42.9688 (44.5219)  manu_acc1: 57.8125 (60.6776)  time: 0.3315  data: 0.1119  max mem: 11382
Test:  [390/391]  eta: 0:00:00  sploss: 7.2189 (7.3843)  famloss: 2.3817 (2.5937)  manuloss: 1.3861 (1.7144)  acc1: 0.7812 (0.7400)  acc5: 6.6406 (6.1340)  family_acc1: 50.0000 (45.6090)  manu_acc1: 69.5312 (62.3420)  time: 0.3929  data: 0.1850  max mem: 11382
Test: Total time: 0:02:39 (0.4071 s / it)
* Acc@1 0.740 Acc@5 6.134 family@1 45.609 manu@1 62.342 sploss 7.384 fmloss 2.594 mfloss 1.714
FPA: 0.678% | TICE: 98.013%   
 wAP: 6.569  |  LCA: 294.199   |   Precision and Recall: 1.883%
Accuracy of the network on the 100000 test images: 0.7%
Max accuracy: 0.97%
Epoch: [91]  [ 0/78]  eta: 0:07:59  lr: 0.000016  sp_loss: 6.2132 (6.2132)  fam_loss: 3.6574 (3.6574)  manu_loss: 2.7075 (2.7075)  ot_loss: 2.1816 (2.1816)  base_loss: 12.5780 (12.5780)  time: 6.1461  data: 5.8809  max mem: 11382
Epoch: [91]  [77/78]  eta: 0:00:00  lr: 0.000016  sp_loss: 6.4210 (5.5524)  fam_loss: 3.6426 (3.2584)  manu_loss: 2.6146 (2.3959)  ot_loss: 2.1445 (1.9873)  base_loss: 12.5882 (11.2067)  time: 0.3853  data: 0.1581  max mem: 11382
Epoch: [91] Total time: 0:00:34 (0.4414 s / it)
Averaged stats: lr: 0.000016  sp_loss: 6.4210 (5.5524)  fam_loss: 3.6426 (3.2584)  manu_loss: 2.6146 (2.3959)  ot_loss: 2.1445 (1.9873)  base_loss: 12.5882 (11.2067)
Test:  [  0/391]  eta: 0:38:25  sploss: 7.4913 (7.4913)  famloss: 2.4731 (2.4731)  manuloss: 1.5910 (1.5910)  acc1: 0.3906 (0.3906)  acc5: 5.8594 (5.8594)  family_acc1: 46.4844 (46.4844)  manu_acc1: 65.6250 (65.6250)  time: 5.8956  data: 5.6452  max mem: 11382
Test:  [250/391]  eta: 0:00:58  sploss: 7.4336 (7.4825)  famloss: 2.6816 (2.6829)  manuloss: 1.8584 (1.8092)  acc1: 0.3906 (0.5945)  acc5: 5.4688 (5.4796)  family_acc1: 43.3594 (44.4067)  manu_acc1: 57.8125 (60.4955)  time: 0.3198  data: 0.1021  max mem: 11382
Test:  [390/391]  eta: 0:00:00  sploss: 7.2806 (7.4263)  famloss: 2.3930 (2.6151)  manuloss: 1.4038 (1.7290)  acc1: 0.6250 (0.6150)  acc5: 5.8594 (5.6320)  family_acc1: 49.2188 (45.4720)  manu_acc1: 69.9219 (62.2130)  time: 0.3952  data: 0.1883  max mem: 11382
Test: Total time: 0:02:38 (0.4049 s / it)
* Acc@1 0.615 Acc@5 5.632 family@1 45.472 manu@1 62.213 sploss 7.426 fmloss 2.615 mfloss 1.729
FPA: 0.559% | TICE: 98.350%   
 wAP: 6.442  |  LCA: 294.847   |   Precision and Recall: 1.683%
Accuracy of the network on the 100000 test images: 0.6%
Max accuracy: 0.97%
Epoch: [92]  [ 0/78]  eta: 0:07:36  lr: 0.000015  sp_loss: 5.3928 (5.3928)  fam_loss: 3.1298 (3.1298)  manu_loss: 2.2133 (2.2133)  ot_loss: 1.8760 (1.8760)  base_loss: 10.7359 (10.7359)  time: 5.8564  data: 5.5814  max mem: 11382
Epoch: [92]  [77/78]  eta: 0:00:00  lr: 0.000015  sp_loss: 5.9152 (5.2955)  fam_loss: 3.3243 (3.1306)  manu_loss: 2.4634 (2.3043)  ot_loss: 2.0273 (1.9277)  base_loss: 11.6361 (10.7304)  time: 0.3929  data: 0.1658  max mem: 11382
Epoch: [92] Total time: 0:00:34 (0.4472 s / it)
Averaged stats: lr: 0.000015  sp_loss: 5.9152 (5.2955)  fam_loss: 3.3243 (3.1306)  manu_loss: 2.4634 (2.3043)  ot_loss: 2.0273 (1.9277)  base_loss: 11.6361 (10.7304)
Test:  [  0/391]  eta: 0:37:46  sploss: 7.4431 (7.4431)  famloss: 2.4410 (2.4410)  manuloss: 1.5851 (1.5851)  acc1: 0.3906 (0.3906)  acc5: 6.2500 (6.2500)  family_acc1: 47.2656 (47.2656)  manu_acc1: 64.8438 (64.8438)  time: 5.7971  data: 5.5656  max mem: 11382
Test:  [250/391]  eta: 0:00:57  sploss: 7.3829 (7.4437)  famloss: 2.6560 (2.6483)  manuloss: 1.8246 (1.7911)  acc1: 0.3906 (0.7003)  acc5: 5.4688 (5.9465)  family_acc1: 43.3594 (44.4379)  manu_acc1: 58.2031 (60.7788)  time: 0.3216  data: 0.0997  max mem: 11382
Test:  [390/391]  eta: 0:00:00  sploss: 7.2329 (7.3848)  famloss: 2.3715 (2.5799)  manuloss: 1.3822 (1.7107)  acc1: 0.3906 (0.7170)  acc5: 6.6406 (6.1190)  family_acc1: 49.6094 (45.5900)  manu_acc1: 70.3125 (62.4890)  time: 0.4098  data: 0.1958  max mem: 11382
Test: Total time: 0:02:37 (0.4034 s / it)
* Acc@1 0.717 Acc@5 6.119 family@1 45.590 manu@1 62.489 sploss 7.385 fmloss 2.580 mfloss 1.711
FPA: 0.653% | TICE: 98.133%   
 wAP: 6.550  |  LCA: 294.310   |   Precision and Recall: 1.841%
Accuracy of the network on the 100000 test images: 0.7%
Max accuracy: 0.97%
Epoch: [93]  [ 0/78]  eta: 0:07:21  lr: 0.000014  sp_loss: 4.1024 (4.1024)  fam_loss: 2.5217 (2.5217)  manu_loss: 1.9627 (1.9627)  ot_loss: 1.6797 (1.6797)  base_loss: 8.5868 (8.5868)  time: 5.6600  data: 5.3898  max mem: 11382
Epoch: [93]  [77/78]  eta: 0:00:00  lr: 0.000014  sp_loss: 4.8666 (5.3640)  fam_loss: 2.8886 (3.1745)  manu_loss: 2.1138 (2.3357)  ot_loss: 1.8164 (1.9406)  base_loss: 9.9764 (10.8741)  time: 0.3911  data: 0.1642  max mem: 11382
Epoch: [93] Total time: 0:00:34 (0.4428 s / it)
Averaged stats: lr: 0.000014  sp_loss: 4.8666 (5.3640)  fam_loss: 2.8886 (3.1745)  manu_loss: 2.1138 (2.3357)  ot_loss: 1.8164 (1.9406)  base_loss: 9.9764 (10.8741)
Test:  [  0/391]  eta: 0:38:01  sploss: 7.4030 (7.4030)  famloss: 2.4334 (2.4334)  manuloss: 1.5868 (1.5868)  acc1: 0.3906 (0.3906)  acc5: 6.2500 (6.2500)  family_acc1: 48.0469 (48.0469)  manu_acc1: 64.0625 (64.0625)  time: 5.8345  data: 5.5941  max mem: 11382
Test:  [250/391]  eta: 0:00:57  sploss: 7.3571 (7.4121)  famloss: 2.6611 (2.6466)  manuloss: 1.8408 (1.7888)  acc1: 0.3906 (0.7906)  acc5: 5.8594 (6.3309)  family_acc1: 42.9688 (44.5266)  manu_acc1: 58.2031 (60.8332)  time: 0.3245  data: 0.1057  max mem: 11382
Test:  [390/391]  eta: 0:00:00  sploss: 7.1971 (7.3540)  famloss: 2.3743 (2.5792)  manuloss: 1.3812 (1.7092)  acc1: 0.7812 (0.8270)  acc5: 7.0312 (6.5300)  family_acc1: 49.6094 (45.6670)  manu_acc1: 70.7031 (62.5510)  time: 0.3991  data: 0.1822  max mem: 11382
Test: Total time: 0:02:37 (0.4035 s / it)
* Acc@1 0.827 Acc@5 6.530 family@1 45.667 manu@1 62.551 sploss 7.354 fmloss 2.579 mfloss 1.709
FPA: 0.760% | TICE: 97.928%   
 wAP: 6.656  |  LCA: 293.733   |   Precision and Recall: 2.026%
Accuracy of the network on the 100000 test images: 0.8%
Max accuracy: 0.97%
Epoch: [94]  [ 0/78]  eta: 0:07:54  lr: 0.000013  sp_loss: 5.4649 (5.4649)  fam_loss: 3.2801 (3.2801)  manu_loss: 2.2608 (2.2608)  ot_loss: 1.9082 (1.9082)  base_loss: 11.0058 (11.0058)  time: 6.0806  data: 5.8195  max mem: 11382
Epoch: [94]  [77/78]  eta: 0:00:00  lr: 0.000013  sp_loss: 5.0864 (5.3115)  fam_loss: 3.1622 (3.1550)  manu_loss: 2.2220 (2.3001)  ot_loss: 1.8779 (1.9345)  base_loss: 10.4825 (10.7667)  time: 0.3986  data: 0.1719  max mem: 11382
Epoch: [94] Total time: 0:00:34 (0.4473 s / it)
Averaged stats: lr: 0.000013  sp_loss: 5.0864 (5.3115)  fam_loss: 3.1622 (3.1550)  manu_loss: 2.2220 (2.3001)  ot_loss: 1.8779 (1.9345)  base_loss: 10.4825 (10.7667)
Test:  [  0/391]  eta: 0:37:28  sploss: 7.3410 (7.3410)  famloss: 2.4104 (2.4104)  manuloss: 1.5653 (1.5653)  acc1: 1.1719 (1.1719)  acc5: 7.0312 (7.0312)  family_acc1: 48.4375 (48.4375)  manu_acc1: 66.0156 (66.0156)  time: 5.7517  data: 5.5189  max mem: 11382
Test:  [250/391]  eta: 0:00:57  sploss: 7.3077 (7.3607)  famloss: 2.6485 (2.6323)  manuloss: 1.8190 (1.7785)  acc1: 0.3906 (0.9291)  acc5: 6.6406 (6.9674)  family_acc1: 44.1406 (44.5795)  manu_acc1: 58.2031 (60.7461)  time: 0.3333  data: 0.1053  max mem: 11382
Test:  [390/391]  eta: 0:00:00  sploss: 7.1405 (7.3025)  famloss: 2.3672 (2.5653)  manuloss: 1.3615 (1.6988)  acc1: 0.7812 (0.9650)  acc5: 7.5000 (7.1180)  family_acc1: 50.0000 (45.7400)  manu_acc1: 70.7031 (62.4750)  time: 0.3925  data: 0.1879  max mem: 11382
Test: Total time: 0:02:38 (0.4042 s / it)
* Acc@1 0.965 Acc@5 7.118 family@1 45.740 manu@1 62.475 sploss 7.302 fmloss 2.565 mfloss 1.699
FPA: 0.880% | TICE: 97.616%   
 wAP: 6.782  |  LCA: 292.945   |   Precision and Recall: 2.261%
Accuracy of the network on the 100000 test images: 1.0%
Max accuracy: 0.97%
Epoch: [95]  [ 0/78]  eta: 0:07:34  lr: 0.000012  sp_loss: 5.2507 (5.2507)  fam_loss: 3.2012 (3.2012)  manu_loss: 2.3031 (2.3031)  ot_loss: 1.8779 (1.8779)  base_loss: 10.7550 (10.7550)  time: 5.8256  data: 5.5436  max mem: 11382
Epoch: [95]  [77/78]  eta: 0:00:00  lr: 0.000012  sp_loss: 5.0350 (5.2667)  fam_loss: 3.0455 (3.1339)  manu_loss: 2.2132 (2.3039)  ot_loss: 1.8682 (1.9311)  base_loss: 10.3465 (10.7045)  time: 0.3921  data: 0.1653  max mem: 11382
Epoch: [95] Total time: 0:00:34 (0.4451 s / it)
Averaged stats: lr: 0.000012  sp_loss: 5.0350 (5.2667)  fam_loss: 3.0455 (3.1339)  manu_loss: 2.2132 (2.3039)  ot_loss: 1.8682 (1.9311)  base_loss: 10.3465 (10.7045)
Test:  [  0/391]  eta: 0:38:41  sploss: 7.4009 (7.4009)  famloss: 2.4364 (2.4364)  manuloss: 1.5894 (1.5894)  acc1: 1.1719 (1.1719)  acc5: 6.2500 (6.2500)  family_acc1: 45.7031 (45.7031)  manu_acc1: 64.4531 (64.4531)  time: 5.9376  data: 5.7019  max mem: 11382
Test:  [250/391]  eta: 0:00:57  sploss: 7.3370 (7.3982)  famloss: 2.6488 (2.6486)  manuloss: 1.8415 (1.7917)  acc1: 0.3906 (0.7937)  acc5: 5.8594 (6.3621)  family_acc1: 43.3594 (44.4223)  manu_acc1: 58.2031 (60.6854)  time: 0.3243  data: 0.1061  max mem: 11382
Test:  [390/391]  eta: 0:00:00  sploss: 7.1800 (7.3402)  famloss: 2.3770 (2.5822)  manuloss: 1.3572 (1.7114)  acc1: 0.7812 (0.8220)  acc5: 7.0312 (6.5390)  family_acc1: 49.6094 (45.5690)  manu_acc1: 70.3125 (62.4110)  time: 0.4046  data: 0.1925  max mem: 11382
Test: Total time: 0:02:37 (0.4027 s / it)
* Acc@1 0.822 Acc@5 6.539 family@1 45.569 manu@1 62.411 sploss 7.340 fmloss 2.582 mfloss 1.711
FPA: 0.750% | TICE: 97.867%   
 wAP: 6.639  |  LCA: 293.732   |   Precision and Recall: 2.016%
Accuracy of the network on the 100000 test images: 0.8%
Max accuracy: 0.97%
Epoch: [96]  [ 0/78]  eta: 0:07:51  lr: 0.000011  sp_loss: 6.3087 (6.3087)  fam_loss: 3.7953 (3.7953)  manu_loss: 2.6901 (2.6901)  ot_loss: 2.0918 (2.0918)  base_loss: 12.7940 (12.7940)  time: 6.0420  data: 5.7600  max mem: 11382
Epoch: [96]  [77/78]  eta: 0:00:00  lr: 0.000011  sp_loss: 4.5387 (5.1124)  fam_loss: 2.8306 (3.0383)  manu_loss: 2.0962 (2.2235)  ot_loss: 1.7754 (1.8916)  base_loss: 9.4824 (10.3742)  time: 0.3855  data: 0.1589  max mem: 11382
Epoch: [96] Total time: 0:00:34 (0.4367 s / it)
Averaged stats: lr: 0.000011  sp_loss: 4.5387 (5.1124)  fam_loss: 2.8306 (3.0383)  manu_loss: 2.0962 (2.2235)  ot_loss: 1.7754 (1.8916)  base_loss: 9.4824 (10.3742)
Test:  [  0/391]  eta: 0:39:47  sploss: 7.3082 (7.3082)  famloss: 2.3739 (2.3739)  manuloss: 1.5364 (1.5364)  acc1: 0.7812 (0.7812)  acc5: 7.4219 (7.4219)  family_acc1: 47.6562 (47.6562)  manu_acc1: 66.4062 (66.4062)  time: 6.1056  data: 5.8702  max mem: 11382
Test:  [250/391]  eta: 0:00:57  sploss: 7.2460 (7.3237)  famloss: 2.6271 (2.6163)  manuloss: 1.8298 (1.7695)  acc1: 0.7812 (1.0054)  acc5: 7.4219 (7.4592)  family_acc1: 43.3594 (44.7211)  manu_acc1: 58.2031 (60.9297)  time: 0.3106  data: 0.0914  max mem: 11382
Test:  [390/391]  eta: 0:00:00  sploss: 7.0808 (7.2637)  famloss: 2.3598 (2.5498)  manuloss: 1.3628 (1.6899)  acc1: 0.7812 (1.0350)  acc5: 8.2031 (7.6680)  family_acc1: 50.3906 (45.8860)  manu_acc1: 70.7031 (62.6080)  time: 0.4009  data: 0.1887  max mem: 11382
Test: Total time: 0:02:37 (0.4037 s / it)
* Acc@1 1.035 Acc@5 7.668 family@1 45.886 manu@1 62.608 sploss 7.264 fmloss 2.550 mfloss 1.690
FPA: 0.947% | TICE: 97.362%   
 wAP: 6.861  |  LCA: 292.510   |   Precision and Recall: 2.394%
Accuracy of the network on the 100000 test images: 1.0%
Max accuracy: 1.03%
Epoch: [97]  [ 0/78]  eta: 0:07:30  lr: 0.000011  sp_loss: 5.3860 (5.3860)  fam_loss: 3.2592 (3.2592)  manu_loss: 2.4025 (2.4025)  ot_loss: 1.9893 (1.9893)  base_loss: 11.0476 (11.0476)  time: 5.7716  data: 5.4870  max mem: 11382
Epoch: [97]  [77/78]  eta: 0:00:00  lr: 0.000011  sp_loss: 5.3194 (5.3607)  fam_loss: 3.2721 (3.1716)  manu_loss: 2.3775 (2.3214)  ot_loss: 1.9072 (1.9501)  base_loss: 10.9110 (10.8537)  time: 0.3885  data: 0.1608  max mem: 11382
Epoch: [97] Total time: 0:00:34 (0.4415 s / it)
Averaged stats: lr: 0.000011  sp_loss: 5.3194 (5.3607)  fam_loss: 3.2721 (3.1716)  manu_loss: 2.3775 (2.3214)  ot_loss: 1.9072 (1.9501)  base_loss: 10.9110 (10.8537)
Test:  [  0/391]  eta: 0:38:32  sploss: 7.3680 (7.3680)  famloss: 2.4225 (2.4225)  manuloss: 1.5675 (1.5675)  acc1: 0.7812 (0.7812)  acc5: 6.6406 (6.6406)  family_acc1: 48.4375 (48.4375)  manu_acc1: 64.0625 (64.0625)  time: 5.9136  data: 5.6795  max mem: 11382
Test:  [250/391]  eta: 0:00:57  sploss: 7.3124 (7.3802)  famloss: 2.6584 (2.6422)  manuloss: 1.8320 (1.7868)  acc1: 0.3906 (0.8762)  acc5: 7.0312 (6.7433)  family_acc1: 43.3594 (44.5733)  manu_acc1: 57.8125 (60.7632)  time: 0.3237  data: 0.1044  max mem: 11382
Test:  [390/391]  eta: 0:00:00  sploss: 7.1486 (7.3214)  famloss: 2.3756 (2.5752)  manuloss: 1.3687 (1.7067)  acc1: 0.7812 (0.9080)  acc5: 7.4219 (6.9320)  family_acc1: 49.6094 (45.7010)  manu_acc1: 70.3125 (62.4650)  time: 0.3938  data: 0.1866  max mem: 11382
Test: Total time: 0:02:37 (0.4034 s / it)
* Acc@1 0.908 Acc@5 6.932 family@1 45.701 manu@1 62.465 sploss 7.321 fmloss 2.575 mfloss 1.707
FPA: 0.832% | TICE: 97.646%   
 wAP: 6.728  |  LCA: 293.227   |   Precision and Recall: 2.174%
Accuracy of the network on the 100000 test images: 0.9%
Max accuracy: 1.03%
Epoch: [98]  [ 0/78]  eta: 0:07:51  lr: 0.000011  sp_loss: 4.9712 (4.9712)  fam_loss: 2.8958 (2.8958)  manu_loss: 2.1266 (2.1266)  ot_loss: 1.8008 (1.8008)  base_loss: 9.9936 (9.9936)  time: 6.0452  data: 5.7729  max mem: 11382
Epoch: [98]  [77/78]  eta: 0:00:00  lr: 0.000011  sp_loss: 4.4271 (5.3205)  fam_loss: 2.6658 (3.1568)  manu_loss: 1.9761 (2.3105)  ot_loss: 1.7070 (1.9339)  base_loss: 9.0690 (10.7879)  time: 0.3983  data: 0.1701  max mem: 11382
Epoch: [98] Total time: 0:00:35 (0.4492 s / it)
Averaged stats: lr: 0.000011  sp_loss: 4.4271 (5.3205)  fam_loss: 2.6658 (3.1568)  manu_loss: 1.9761 (2.3105)  ot_loss: 1.7070 (1.9339)  base_loss: 9.0690 (10.7879)
Test:  [  0/391]  eta: 0:38:20  sploss: 7.3291 (7.3291)  famloss: 2.4054 (2.4054)  manuloss: 1.5498 (1.5498)  acc1: 1.1719 (1.1719)  acc5: 7.4219 (7.4219)  family_acc1: 47.2656 (47.2656)  manu_acc1: 65.6250 (65.6250)  time: 5.8828  data: 5.6451  max mem: 11382
Test:  [250/391]  eta: 0:00:58  sploss: 7.2782 (7.3428)  famloss: 2.6406 (2.6249)  manuloss: 1.8300 (1.7779)  acc1: 0.3906 (0.9556)  acc5: 6.6406 (7.0733)  family_acc1: 43.7500 (44.8114)  manu_acc1: 58.2031 (60.9142)  time: 0.3313  data: 0.1058  max mem: 11382
Test:  [390/391]  eta: 0:00:00  sploss: 7.1032 (7.2835)  famloss: 2.3614 (2.5575)  manuloss: 1.3474 (1.6972)  acc1: 0.7812 (0.9870)  acc5: 7.8125 (7.2590)  family_acc1: 50.0000 (45.9180)  manu_acc1: 70.3125 (62.5700)  time: 0.3948  data: 0.1877  max mem: 11382
Test: Total time: 0:02:38 (0.4066 s / it)
* Acc@1 0.987 Acc@5 7.259 family@1 45.918 manu@1 62.570 sploss 7.283 fmloss 2.557 mfloss 1.697
FPA: 0.898% | TICE: 97.464%   
 wAP: 6.821  |  LCA: 292.784   |   Precision and Recall: 2.306%
Accuracy of the network on the 100000 test images: 1.0%
Max accuracy: 1.03%
Epoch: [99]  [ 0/78]  eta: 0:08:02  lr: 0.000010  sp_loss: 5.0349 (5.0349)  fam_loss: 2.9700 (2.9700)  manu_loss: 2.3025 (2.3025)  ot_loss: 1.7412 (1.7412)  base_loss: 10.3074 (10.3074)  time: 6.1918  data: 5.9077  max mem: 11382
Epoch: [99]  [77/78]  eta: 0:00:00  lr: 0.000010  sp_loss: 4.9672 (5.1878)  fam_loss: 3.0113 (3.0954)  manu_loss: 2.2389 (2.2729)  ot_loss: 1.8623 (1.9076)  base_loss: 10.3061 (10.5562)  time: 0.3954  data: 0.1689  max mem: 11382
Epoch: [99] Total time: 0:00:34 (0.4471 s / it)
Averaged stats: lr: 0.000010  sp_loss: 4.9672 (5.1878)  fam_loss: 3.0113 (3.0954)  manu_loss: 2.2389 (2.2729)  ot_loss: 1.8623 (1.9076)  base_loss: 10.3061 (10.5562)
Test:  [  0/391]  eta: 0:37:54  sploss: 7.4233 (7.4233)  famloss: 2.4448 (2.4448)  manuloss: 1.5671 (1.5671)  acc1: 1.1719 (1.1719)  acc5: 5.8594 (5.8594)  family_acc1: 48.4375 (48.4375)  manu_acc1: 66.0156 (66.0156)  time: 5.8184  data: 5.5809  max mem: 11382
Test:  [250/391]  eta: 0:00:58  sploss: 7.3654 (7.4204)  famloss: 2.6719 (2.6553)  manuloss: 1.8396 (1.7949)  acc1: 0.3906 (0.7563)  acc5: 5.8594 (6.1893)  family_acc1: 43.7500 (44.6060)  manu_acc1: 57.8125 (60.7414)  time: 0.3232  data: 0.1048  max mem: 11382
Test:  [390/391]  eta: 0:00:00  sploss: 7.1970 (7.3636)  famloss: 2.3885 (2.5879)  manuloss: 1.3793 (1.7143)  acc1: 0.6250 (0.7910)  acc5: 6.6406 (6.3460)  family_acc1: 49.3750 (45.7320)  manu_acc1: 68.7500 (62.4460)  time: 0.3987  data: 0.1830  max mem: 11382
Test: Total time: 0:02:40 (0.4094 s / it)
* Acc@1 0.791 Acc@5 6.346 family@1 45.732 manu@1 62.446 sploss 7.364 fmloss 2.588 mfloss 1.714
FPA: 0.720% | TICE: 97.935%   
 wAP: 6.628  |  LCA: 293.930   |   Precision and Recall: 1.958%
Accuracy of the network on the 100000 test images: 0.8%
Max accuracy: 1.03%
Training time 3:35:41
Test:  [  0/391]  eta: 0:37:52  sploss: 7.4237 (7.4237)  famloss: 2.4459 (2.4459)  manuloss: 1.5675 (1.5675)  acc1: 1.1719 (1.1719)  acc5: 5.8594 (5.8594)  family_acc1: 48.4375 (48.4375)  manu_acc1: 66.0156 (66.0156)  time: 5.8124  data: 5.5766  max mem: 11382
Test:  [  1/391]  eta: 0:19:35  sploss: 7.3615 (7.3926)  famloss: 2.4459 (2.5379)  manuloss: 1.5675 (1.6884)  acc1: 1.1719 (1.5625)  acc5: 5.8594 (7.2266)  family_acc1: 46.0938 (47.2656)  manu_acc1: 61.7188 (63.8672)  time: 3.0134  data: 2.7887  max mem: 11382
Test:  [  2/391]  eta: 0:13:34  sploss: 7.3615 (7.3572)  famloss: 2.4459 (2.4408)  manuloss: 1.5675 (1.5687)  acc1: 1.1719 (1.1719)  acc5: 5.8594 (6.5104)  family_acc1: 48.4375 (50.2604)  manu_acc1: 66.0156 (66.1458)  time: 2.0951  data: 1.8593  max mem: 11382
Test:  [  3/391]  eta: 0:10:31  sploss: 7.3615 (7.3867)  famloss: 2.4459 (2.4535)  manuloss: 1.5675 (1.5829)  acc1: 1.1719 (1.1719)  acc5: 5.4688 (6.2500)  family_acc1: 46.0938 (49.2188)  manu_acc1: 63.6719 (65.5273)  time: 1.6264  data: 1.3946  max mem: 11382
Test:  [  4/391]  eta: 0:08:40  sploss: 7.4237 (7.4040)  famloss: 2.4915 (2.4954)  manuloss: 1.6254 (1.6164)  acc1: 1.1719 (1.0938)  acc5: 5.8594 (6.3281)  family_acc1: 47.6562 (48.9062)  manu_acc1: 63.6719 (65.1562)  time: 1.3448  data: 1.1158  max mem: 11382
Test:  [  5/391]  eta: 0:07:26  sploss: 7.4237 (7.4110)  famloss: 2.4915 (2.5297)  manuloss: 1.6254 (1.6481)  acc1: 0.7812 (0.9115)  acc5: 5.4688 (6.1198)  family_acc1: 46.0938 (47.7214)  manu_acc1: 63.6719 (64.8438)  time: 1.1579  data: 0.9299  max mem: 11382
Test:  [  6/391]  eta: 0:06:34  sploss: 7.4237 (7.3571)  famloss: 2.4915 (2.5113)  manuloss: 1.6254 (1.6329)  acc1: 1.1719 (0.9487)  acc5: 5.8594 (6.1942)  family_acc1: 47.6562 (48.0469)  manu_acc1: 63.6719 (65.1228)  time: 1.0241  data: 0.7971  max mem: 11382
Test:  [  7/391]  eta: 0:05:54  sploss: 7.4237 (7.3671)  famloss: 2.4660 (2.5056)  manuloss: 1.6254 (1.6469)  acc1: 0.7812 (0.8789)  acc5: 5.4688 (6.0059)  family_acc1: 46.0938 (47.8027)  manu_acc1: 63.6719 (64.5996)  time: 0.9229  data: 0.6975  max mem: 11382
Test:  [  8/391]  eta: 0:05:23  sploss: 7.4375 (7.4192)  famloss: 2.4915 (2.6155)  manuloss: 1.7449 (1.7461)  acc1: 1.1719 (0.9115)  acc5: 5.8594 (6.1198)  family_acc1: 46.0938 (46.1806)  manu_acc1: 63.6719 (63.0208)  time: 0.8453  data: 0.6201  max mem: 11382
Test:  [  9/391]  eta: 0:04:58  sploss: 7.4375 (7.4347)  famloss: 2.4915 (2.6458)  manuloss: 1.7449 (1.7702)  acc1: 0.7812 (0.8984)  acc5: 5.4688 (6.0547)  family_acc1: 46.0938 (45.7031)  manu_acc1: 63.2812 (62.5000)  time: 0.7827  data: 0.5581  max mem: 11382
Test:  [ 10/391]  eta: 0:04:38  sploss: 7.4462 (7.4408)  famloss: 2.5264 (2.6349)  manuloss: 1.7449 (1.7517)  acc1: 0.7812 (0.8523)  acc5: 5.8594 (6.3565)  family_acc1: 46.0938 (45.7741)  manu_acc1: 63.6719 (62.9616)  time: 0.7315  data: 0.5074  max mem: 11382
Test:  [ 11/391]  eta: 0:04:21  sploss: 7.4375 (7.4217)  famloss: 2.4915 (2.6223)  manuloss: 1.6749 (1.7453)  acc1: 0.7812 (0.8464)  acc5: 5.4688 (6.1849)  family_acc1: 46.0938 (45.9635)  manu_acc1: 63.6719 (63.0859)  time: 0.6887  data: 0.4652  max mem: 11382
Test:  [ 12/391]  eta: 0:05:22  sploss: 7.4462 (7.4281)  famloss: 2.5264 (2.6193)  manuloss: 1.7449 (1.7593)  acc1: 0.7812 (0.8413)  acc5: 5.4688 (6.1298)  family_acc1: 46.0938 (45.9435)  manu_acc1: 63.6719 (62.6202)  time: 0.8505  data: 0.6263  max mem: 11382
Test:  [ 13/391]  eta: 0:05:04  sploss: 7.4462 (7.4582)  famloss: 2.5264 (2.6309)  manuloss: 1.7449 (1.7611)  acc1: 0.7812 (0.7812)  acc5: 5.4688 (5.9710)  family_acc1: 46.0938 (45.5078)  manu_acc1: 63.2812 (62.5000)  time: 0.8050  data: 0.5816  max mem: 11382
Test:  [ 14/391]  eta: 0:04:48  sploss: 7.4462 (7.4514)  famloss: 2.5264 (2.6155)  manuloss: 1.7449 (1.7346)  acc1: 0.7812 (0.8333)  acc5: 5.4688 (6.0938)  family_acc1: 46.0938 (45.8333)  manu_acc1: 63.6719 (62.9948)  time: 0.7652  data: 0.5429  max mem: 11382
Test:  [ 15/391]  eta: 0:04:34  sploss: 7.4462 (7.4521)  famloss: 2.4915 (2.6063)  manuloss: 1.6749 (1.7288)  acc1: 0.7812 (0.8545)  acc5: 5.4688 (6.0059)  family_acc1: 46.0938 (46.0205)  manu_acc1: 63.6719 (63.1348)  time: 0.7305  data: 0.5090  max mem: 11382
Test:  [ 16/391]  eta: 0:04:22  sploss: 7.4462 (7.4479)  famloss: 2.5264 (2.6018)  manuloss: 1.6749 (1.7196)  acc1: 0.7812 (0.8961)  acc5: 5.4688 (6.0892)  family_acc1: 46.0938 (46.0248)  manu_acc1: 63.6719 (63.3732)  time: 0.7003  data: 0.4791  max mem: 11382
Test:  [ 17/391]  eta: 0:04:11  sploss: 7.4375 (7.4451)  famloss: 2.5264 (2.6012)  manuloss: 1.6416 (1.7103)  acc1: 0.7812 (0.8464)  acc5: 5.4688 (6.0981)  family_acc1: 46.0938 (46.1372)  manu_acc1: 63.6719 (63.6936)  time: 0.6737  data: 0.4525  max mem: 11382
Test:  [ 18/391]  eta: 0:04:02  sploss: 7.4462 (7.4503)  famloss: 2.5301 (2.5987)  manuloss: 1.6749 (1.7204)  acc1: 0.7812 (0.8840)  acc5: 5.8594 (6.0855)  family_acc1: 46.4844 (46.4021)  manu_acc1: 63.6719 (63.5280)  time: 0.6496  data: 0.4287  max mem: 11382
Test:  [ 19/391]  eta: 0:03:53  sploss: 7.4462 (7.4634)  famloss: 2.5301 (2.6071)  manuloss: 1.6749 (1.7330)  acc1: 0.7812 (0.8789)  acc5: 5.4688 (6.0547)  family_acc1: 46.0938 (46.0742)  manu_acc1: 63.6719 (63.1250)  time: 0.6277  data: 0.4073  max mem: 11382
Test:  [ 20/391]  eta: 0:03:45  sploss: 7.4634 (7.4805)  famloss: 2.5541 (2.6210)  manuloss: 1.7449 (1.7454)  acc1: 0.7812 (0.8929)  acc5: 5.4688 (6.0082)  family_acc1: 46.0938 (45.7403)  manu_acc1: 63.2812 (62.8348)  time: 0.3482  data: 0.1285  max mem: 11382
Test:  [ 21/391]  eta: 0:03:38  sploss: 7.4731 (7.4982)  famloss: 2.5541 (2.6367)  manuloss: 1.7449 (1.7553)  acc1: 0.7812 (0.9233)  acc5: 5.4688 (5.9304)  family_acc1: 46.0938 (45.6499)  manu_acc1: 63.2812 (62.6953)  time: 0.3479  data: 0.1285  max mem: 11382
Test:  [ 22/391]  eta: 0:03:31  sploss: 7.4731 (7.4953)  famloss: 2.5829 (2.6397)  manuloss: 1.7505 (1.7579)  acc1: 0.7812 (0.9001)  acc5: 5.4688 (5.9273)  family_acc1: 46.0938 (45.4823)  manu_acc1: 61.7188 (62.6529)  time: 0.3457  data: 0.1285  max mem: 11382
Test:  [ 23/391]  eta: 0:03:25  sploss: 7.4634 (7.4914)  famloss: 2.5904 (2.6461)  manuloss: 1.7847 (1.7731)  acc1: 0.7812 (0.9440)  acc5: 5.4688 (5.9896)  family_acc1: 45.7031 (45.2474)  manu_acc1: 60.9375 (62.1582)  time: 0.3455  data: 0.1285  max mem: 11382
Test:  [ 24/391]  eta: 0:03:51  sploss: 7.4634 (7.4960)  famloss: 2.5904 (2.6488)  manuloss: 1.8066 (1.7782)  acc1: 0.7812 (0.9219)  acc5: 5.4688 (5.9844)  family_acc1: 43.7500 (45.1250)  manu_acc1: 60.9375 (62.0156)  time: 0.4530  data: 0.2347  max mem: 11382
Test:  [ 25/391]  eta: 0:03:45  sploss: 7.4634 (7.4894)  famloss: 2.5904 (2.6498)  manuloss: 1.8151 (1.7840)  acc1: 0.7812 (0.9014)  acc5: 5.4688 (5.9645)  family_acc1: 43.7500 (45.0421)  manu_acc1: 60.5469 (61.8840)  time: 0.4533  data: 0.2346  max mem: 11382
Test:  [ 26/391]  eta: 0:03:39  sploss: 7.4634 (7.4696)  famloss: 2.5904 (2.6415)  manuloss: 1.8151 (1.7823)  acc1: 0.7812 (0.8825)  acc5: 5.4688 (5.9896)  family_acc1: 43.7500 (45.1389)  manu_acc1: 59.7656 (61.8056)  time: 0.4527  data: 0.2347  max mem: 11382
Test:  [ 27/391]  eta: 0:03:33  sploss: 7.4634 (7.4645)  famloss: 2.6736 (2.6462)  manuloss: 1.8187 (1.7836)  acc1: 0.7812 (0.8650)  acc5: 5.8594 (5.9849)  family_acc1: 42.9688 (44.9498)  manu_acc1: 59.7656 (61.7048)  time: 0.4524  data: 0.2347  max mem: 11382
Test:  [ 28/391]  eta: 0:03:28  sploss: 7.4634 (7.4663)  famloss: 2.5904 (2.6416)  manuloss: 1.8151 (1.7788)  acc1: 0.7812 (0.8890)  acc5: 5.8594 (6.0345)  family_acc1: 43.7500 (45.0566)  manu_acc1: 59.7656 (61.8534)  time: 0.4523  data: 0.2348  max mem: 11382
Test:  [ 29/391]  eta: 0:03:23  sploss: 7.4318 (7.4618)  famloss: 2.5829 (2.6397)  manuloss: 1.8151 (1.7811)  acc1: 0.7812 (0.8724)  acc5: 5.8594 (6.0417)  family_acc1: 44.9219 (45.0521)  manu_acc1: 59.7656 (61.7318)  time: 0.4539  data: 0.2348  max mem: 11382
Test:  [ 30/391]  eta: 0:03:19  sploss: 7.4021 (7.4576)  famloss: 2.5829 (2.6377)  manuloss: 1.8151 (1.7760)  acc1: 0.7812 (0.9073)  acc5: 5.8594 (6.1240)  family_acc1: 44.9219 (45.1109)  manu_acc1: 59.7656 (61.8070)  time: 0.4536  data: 0.2348  max mem: 11382
Test:  [ 31/391]  eta: 0:03:14  sploss: 7.4318 (7.4645)  famloss: 2.5904 (2.6400)  manuloss: 1.8151 (1.7736)  acc1: 0.7812 (0.8911)  acc5: 5.8594 (6.0913)  family_acc1: 44.9219 (45.1172)  manu_acc1: 59.7656 (61.8530)  time: 0.4534  data: 0.2348  max mem: 11382
Test:  [ 32/391]  eta: 0:03:10  sploss: 7.4021 (7.4607)  famloss: 2.5904 (2.6320)  manuloss: 1.7847 (1.7622)  acc1: 0.7812 (0.8996)  acc5: 5.8594 (6.0961)  family_acc1: 44.9219 (45.2533)  manu_acc1: 60.5469 (62.1330)  time: 0.3243  data: 0.1069  max mem: 11382
Test:  [ 33/391]  eta: 0:03:07  sploss: 7.3969 (7.4583)  famloss: 2.5824 (2.6242)  manuloss: 1.7374 (1.7540)  acc1: 0.7812 (0.8847)  acc5: 5.8594 (6.1121)  family_acc1: 45.3125 (45.4504)  manu_acc1: 60.5469 (62.3966)  time: 0.3247  data: 0.1069  max mem: 11382
Test:  [ 34/391]  eta: 0:03:03  sploss: 7.3969 (7.4540)  famloss: 2.5904 (2.6242)  manuloss: 1.7374 (1.7495)  acc1: 0.7812 (0.9040)  acc5: 5.8594 (6.1719)  family_acc1: 45.3125 (45.4576)  manu_acc1: 60.5469 (62.4442)  time: 0.3268  data: 0.1069  max mem: 11382
Test:  [ 35/391]  eta: 0:03:00  sploss: 7.3806 (7.4476)  famloss: 2.5904 (2.6143)  manuloss: 1.7374 (1.7388)  acc1: 0.7812 (0.9006)  acc5: 6.2500 (6.2283)  family_acc1: 45.3125 (45.6814)  manu_acc1: 60.5469 (62.6628)  time: 0.3271  data: 0.1069  max mem: 11382
Test:  [ 36/391]  eta: 0:03:18  sploss: 7.3969 (7.4468)  famloss: 2.5904 (2.6102)  manuloss: 1.7374 (1.7374)  acc1: 0.7812 (0.9079)  acc5: 5.8594 (6.2183)  family_acc1: 45.3125 (45.8509)  manu_acc1: 60.5469 (62.7111)  time: 0.4382  data: 0.2171  max mem: 11382
Test:  [ 37/391]  eta: 0:03:14  sploss: 7.4021 (7.4552)  famloss: 2.6241 (2.6144)  manuloss: 1.8151 (1.7418)  acc1: 0.7812 (0.8943)  acc5: 5.8594 (6.1780)  family_acc1: 44.9219 (45.7648)  manu_acc1: 60.1562 (62.6439)  time: 0.4377  data: 0.2172  max mem: 11382
Test:  [ 38/391]  eta: 0:03:10  sploss: 7.4021 (7.4630)  famloss: 2.6241 (2.6136)  manuloss: 1.7840 (1.7428)  acc1: 0.7812 (0.8914)  acc5: 5.8594 (6.2099)  family_acc1: 44.9219 (45.7432)  manu_acc1: 60.1562 (62.6002)  time: 0.4378  data: 0.2172  max mem: 11382
Test:  [ 39/391]  eta: 0:03:07  sploss: 7.4021 (7.4700)  famloss: 2.6241 (2.6180)  manuloss: 1.7840 (1.7448)  acc1: 0.7812 (0.9082)  acc5: 6.2500 (6.2305)  family_acc1: 44.9219 (45.6836)  manu_acc1: 60.9375 (62.6270)  time: 0.4376  data: 0.2172  max mem: 11382
Test:  [ 40/391]  eta: 0:03:04  sploss: 7.3787 (7.4675)  famloss: 2.5848 (2.6155)  manuloss: 1.7374 (1.7405)  acc1: 0.7812 (0.9051)  acc5: 6.2500 (6.2214)  family_acc1: 44.9219 (45.6364)  manu_acc1: 61.7188 (62.7477)  time: 0.4370  data: 0.2172  max mem: 11382
Test:  [ 41/391]  eta: 0:03:01  sploss: 7.3787 (7.4672)  famloss: 2.5848 (2.6156)  manuloss: 1.7374 (1.7412)  acc1: 0.7812 (0.9022)  acc5: 6.2500 (6.2221)  family_acc1: 44.9219 (45.6008)  manu_acc1: 62.8906 (62.7511)  time: 0.4370  data: 0.2172  max mem: 11382
Test:  [ 42/391]  eta: 0:02:58  sploss: 7.3787 (7.4663)  famloss: 2.5824 (2.6132)  manuloss: 1.6999 (1.7374)  acc1: 0.7812 (0.8993)  acc5: 6.2500 (6.2773)  family_acc1: 44.9219 (45.6486)  manu_acc1: 63.2812 (62.8361)  time: 0.4368  data: 0.2171  max mem: 11382
Test:  [ 43/391]  eta: 0:02:55  sploss: 7.3708 (7.4620)  famloss: 2.5824 (2.6150)  manuloss: 1.6999 (1.7381)  acc1: 0.7812 (0.8789)  acc5: 6.2500 (6.2500)  family_acc1: 44.9219 (45.6143)  manu_acc1: 63.2812 (62.7930)  time: 0.4365  data: 0.2171  max mem: 11382
Test:  [ 44/391]  eta: 0:02:52  sploss: 7.3378 (7.4580)  famloss: 2.5824 (2.6151)  manuloss: 1.6999 (1.7377)  acc1: 0.7812 (0.8681)  acc5: 6.2500 (6.3194)  family_acc1: 44.9219 (45.5035)  manu_acc1: 63.2812 (62.7170)  time: 0.3287  data: 0.1110  max mem: 11382
Test:  [ 45/391]  eta: 0:02:49  sploss: 7.3708 (7.4583)  famloss: 2.5824 (2.6202)  manuloss: 1.6999 (1.7407)  acc1: 0.7812 (0.8492)  acc5: 6.2500 (6.3179)  family_acc1: 44.9219 (45.4908)  manu_acc1: 63.2812 (62.6868)  time: 0.3280  data: 0.1110  max mem: 11382
Test:  [ 46/391]  eta: 0:02:47  sploss: 7.3709 (7.4565)  famloss: 2.5848 (2.6196)  manuloss: 1.6999 (1.7413)  acc1: 0.7812 (0.8394)  acc5: 6.2500 (6.3248)  family_acc1: 44.9219 (45.4289)  manu_acc1: 63.2812 (62.5997)  time: 0.3280  data: 0.1110  max mem: 11382
Test:  [ 47/391]  eta: 0:02:44  sploss: 7.3787 (7.4587)  famloss: 2.5848 (2.6232)  manuloss: 1.6999 (1.7416)  acc1: 0.7812 (0.8382)  acc5: 6.2500 (6.3232)  family_acc1: 44.9219 (45.3288)  manu_acc1: 63.6719 (62.6302)  time: 0.3281  data: 0.1109  max mem: 11382
Test:  [ 48/391]  eta: 0:02:56  sploss: 7.3787 (7.4572)  famloss: 2.5867 (2.6225)  manuloss: 1.6999 (1.7397)  acc1: 0.7812 (0.8371)  acc5: 6.2500 (6.2978)  family_acc1: 44.9219 (45.3524)  manu_acc1: 63.2812 (62.6435)  time: 0.4283  data: 0.2099  max mem: 11382
Test:  [ 49/391]  eta: 0:02:54  sploss: 7.3787 (7.4491)  famloss: 2.5867 (2.6184)  manuloss: 1.6861 (1.7381)  acc1: 0.7812 (0.8516)  acc5: 6.2500 (6.3359)  family_acc1: 44.9219 (45.4219)  manu_acc1: 63.2812 (62.5938)  time: 0.4273  data: 0.2099  max mem: 11382
Test:  [ 50/391]  eta: 0:02:51  sploss: 7.3843 (7.4484)  famloss: 2.5945 (2.6219)  manuloss: 1.6999 (1.7410)  acc1: 0.7812 (0.8502)  acc5: 6.2500 (6.3189)  family_acc1: 44.9219 (45.3125)  manu_acc1: 63.2812 (62.4923)  time: 0.4275  data: 0.2099  max mem: 11382
Test:  [ 51/391]  eta: 0:02:49  sploss: 7.3843 (7.4541)  famloss: 2.5945 (2.6284)  manuloss: 1.7239 (1.7497)  acc1: 0.7812 (0.8639)  acc5: 6.2500 (6.2650)  family_acc1: 44.1406 (45.1097)  manu_acc1: 62.8906 (62.2671)  time: 0.4278  data: 0.2099  max mem: 11382
Test:  [ 52/391]  eta: 0:02:46  sploss: 7.4147 (7.4558)  famloss: 2.6194 (2.6319)  manuloss: 1.7589 (1.7552)  acc1: 0.7812 (0.8623)  acc5: 6.2500 (6.2426)  family_acc1: 44.1406 (45.0251)  manu_acc1: 61.3281 (62.0725)  time: 0.4279  data: 0.2099  max mem: 11382
Test:  [ 53/391]  eta: 0:02:44  sploss: 7.4171 (7.4569)  famloss: 2.6194 (2.6316)  manuloss: 1.7664 (1.7567)  acc1: 0.7812 (0.8536)  acc5: 6.2500 (6.2211)  family_acc1: 44.1406 (45.0376)  manu_acc1: 60.9375 (61.9719)  time: 0.4275  data: 0.2099  max mem: 11382
Test:  [ 54/391]  eta: 0:02:42  sploss: 7.4171 (7.4540)  famloss: 2.6194 (2.6326)  manuloss: 1.7664 (1.7565)  acc1: 0.7812 (0.8452)  acc5: 6.2500 (6.2358)  family_acc1: 43.7500 (44.9929)  manu_acc1: 60.9375 (62.0455)  time: 0.4259  data: 0.2099  max mem: 11382
Test:  [ 55/391]  eta: 0:02:40  sploss: 7.4171 (7.4522)  famloss: 2.6194 (2.6315)  manuloss: 1.7674 (1.7587)  acc1: 0.7812 (0.8440)  acc5: 5.8594 (6.2291)  family_acc1: 43.7500 (44.9777)  manu_acc1: 60.9375 (61.9768)  time: 0.4260  data: 0.2099  max mem: 11382
Test:  [ 56/391]  eta: 0:02:38  sploss: 7.4308 (7.4532)  famloss: 2.6194 (2.6287)  manuloss: 1.7674 (1.7580)  acc1: 0.7812 (0.8429)  acc5: 6.2500 (6.2294)  family_acc1: 43.7500 (45.0384)  manu_acc1: 60.9375 (61.9997)  time: 0.3149  data: 0.0996  max mem: 11382
Test:  [ 57/391]  eta: 0:02:36  sploss: 7.4147 (7.4490)  famloss: 2.6194 (2.6290)  manuloss: 1.7664 (1.7577)  acc1: 0.7812 (0.8486)  acc5: 6.2500 (6.2500)  family_acc1: 43.7500 (45.0027)  manu_acc1: 60.9375 (61.9679)  time: 0.3156  data: 0.0996  max mem: 11382
Test:  [ 58/391]  eta: 0:02:34  sploss: 7.3843 (7.4433)  famloss: 2.6194 (2.6244)  manuloss: 1.7589 (1.7567)  acc1: 0.7812 (0.8607)  acc5: 6.2500 (6.2699)  family_acc1: 43.7500 (45.1337)  manu_acc1: 60.9375 (61.9968)  time: 0.3157  data: 0.0996  max mem: 11382
Test:  [ 59/391]  eta: 0:02:32  sploss: 7.3843 (7.4425)  famloss: 2.6127 (2.6221)  manuloss: 1.7439 (1.7564)  acc1: 0.7812 (0.8529)  acc5: 6.2500 (6.2630)  family_acc1: 44.1406 (45.1628)  manu_acc1: 60.9375 (61.9987)  time: 0.3161  data: 0.0996  max mem: 11382
Test:  [ 60/391]  eta: 0:02:42  sploss: 7.3843 (7.4404)  famloss: 2.6127 (2.6211)  manuloss: 1.7439 (1.7543)  acc1: 0.7812 (0.8453)  acc5: 6.2500 (6.2692)  family_acc1: 44.1406 (45.1844)  manu_acc1: 60.9375 (62.0197)  time: 0.4188  data: 0.2006  max mem: 11382
Test:  [ 61/391]  eta: 0:02:40  sploss: 7.3709 (7.4359)  famloss: 2.5945 (2.6168)  manuloss: 1.7439 (1.7503)  acc1: 0.7812 (0.8443)  acc5: 6.2500 (6.2752)  family_acc1: 44.1406 (45.2432)  manu_acc1: 60.9375 (62.0779)  time: 0.4191  data: 0.2006  max mem: 11382
Test:  [ 62/391]  eta: 0:02:38  sploss: 7.3709 (7.4379)  famloss: 2.5945 (2.6145)  manuloss: 1.7439 (1.7509)  acc1: 0.7812 (0.8433)  acc5: 6.2500 (6.2748)  family_acc1: 44.1406 (45.2877)  manu_acc1: 60.9375 (62.0908)  time: 0.4196  data: 0.2006  max mem: 11382
Test:  [ 63/391]  eta: 0:02:36  sploss: 7.3709 (7.4359)  famloss: 2.5945 (2.6152)  manuloss: 1.7439 (1.7523)  acc1: 0.7812 (0.8545)  acc5: 6.2500 (6.2683)  family_acc1: 44.1406 (45.2576)  manu_acc1: 61.3281 (62.0850)  time: 0.4199  data: 0.2006  max mem: 11382
Test:  [ 64/391]  eta: 0:02:34  sploss: 7.3843 (7.4404)  famloss: 2.5945 (2.6183)  manuloss: 1.7439 (1.7511)  acc1: 0.7812 (0.8534)  acc5: 6.2500 (6.2320)  family_acc1: 44.1406 (45.2043)  manu_acc1: 61.7188 (62.0793)  time: 0.4203  data: 0.2006  max mem: 11382
Test:  [ 65/391]  eta: 0:02:33  sploss: 7.3709 (7.4385)  famloss: 2.5867 (2.6172)  manuloss: 1.7439 (1.7518)  acc1: 0.7812 (0.8523)  acc5: 6.2500 (6.2322)  family_acc1: 44.1406 (45.2178)  manu_acc1: 61.7188 (62.0502)  time: 0.4203  data: 0.2006  max mem: 11382
Test:  [ 66/391]  eta: 0:02:31  sploss: 7.3534 (7.4364)  famloss: 2.5867 (2.6169)  manuloss: 1.7439 (1.7507)  acc1: 0.7812 (0.8454)  acc5: 5.8594 (6.2150)  family_acc1: 44.9219 (45.2134)  manu_acc1: 61.7188 (62.0511)  time: 0.4206  data: 0.2006  max mem: 11382
Test:  [ 67/391]  eta: 0:02:29  sploss: 7.3534 (7.4369)  famloss: 2.5751 (2.6135)  manuloss: 1.7375 (1.7466)  acc1: 0.7812 (0.8502)  acc5: 5.8594 (6.2040)  family_acc1: 45.7031 (45.2493)  manu_acc1: 61.7188 (62.1266)  time: 0.4208  data: 0.2006  max mem: 11382
Test:  [ 68/391]  eta: 0:02:28  sploss: 7.3152 (7.4349)  famloss: 2.5610 (2.6085)  manuloss: 1.7375 (1.7442)  acc1: 0.7812 (0.8435)  acc5: 5.8594 (6.2047)  family_acc1: 45.7031 (45.3295)  manu_acc1: 61.7188 (62.1716)  time: 0.3204  data: 0.1015  max mem: 11382
Test:  [ 69/391]  eta: 0:02:26  sploss: 7.3534 (7.4339)  famloss: 2.5751 (2.6096)  manuloss: 1.7375 (1.7436)  acc1: 0.7812 (0.8538)  acc5: 5.8594 (6.2388)  family_acc1: 45.7031 (45.3404)  manu_acc1: 62.1094 (62.1931)  time: 0.3196  data: 0.1015  max mem: 11382
Test:  [ 70/391]  eta: 0:02:24  sploss: 7.3534 (7.4382)  famloss: 2.5751 (2.6097)  manuloss: 1.7229 (1.7422)  acc1: 0.7812 (0.8528)  acc5: 6.2500 (6.2500)  family_acc1: 45.7031 (45.3345)  manu_acc1: 62.1094 (62.1919)  time: 0.3199  data: 0.1015  max mem: 11382
Test:  [ 71/391]  eta: 0:02:23  sploss: 7.3152 (7.4350)  famloss: 2.5610 (2.6051)  manuloss: 1.7036 (1.7405)  acc1: 0.7812 (0.8464)  acc5: 6.2500 (6.2283)  family_acc1: 46.0938 (45.4210)  manu_acc1: 62.1094 (62.2667)  time: 0.3199  data: 0.1015  max mem: 11382
Test:  [ 72/391]  eta: 0:02:31  sploss: 7.3152 (7.4345)  famloss: 2.5610 (2.6046)  manuloss: 1.6971 (1.7368)  acc1: 0.7812 (0.8401)  acc5: 6.2500 (6.2339)  family_acc1: 46.0938 (45.4088)  manu_acc1: 62.8906 (62.3127)  time: 0.4290  data: 0.2093  max mem: 11382
Test:  [ 73/391]  eta: 0:02:29  sploss: 7.3152 (7.4358)  famloss: 2.5478 (2.6026)  manuloss: 1.6801 (1.7347)  acc1: 0.7812 (0.8446)  acc5: 6.2500 (6.2130)  family_acc1: 46.0938 (45.4286)  manu_acc1: 63.2812 (62.3416)  time: 0.4291  data: 0.2093  max mem: 11382
Test:  [ 74/391]  eta: 0:02:28  sploss: 7.3152 (7.4314)  famloss: 2.4860 (2.5999)  manuloss: 1.6781 (1.7322)  acc1: 0.7812 (0.8438)  acc5: 6.2500 (6.2448)  family_acc1: 46.4844 (45.5052)  manu_acc1: 63.2812 (62.3750)  time: 0.4294  data: 0.2093  max mem: 11382
Test:  [ 75/391]  eta: 0:02:26  sploss: 7.3152 (7.4321)  famloss: 2.4860 (2.6019)  manuloss: 1.6781 (1.7335)  acc1: 0.7812 (0.8378)  acc5: 6.2500 (6.2449)  family_acc1: 46.4844 (45.4821)  manu_acc1: 63.2812 (62.3561)  time: 0.4294  data: 0.2093  max mem: 11382
Test:  [ 76/391]  eta: 0:02:25  sploss: 7.3152 (7.4321)  famloss: 2.4860 (2.5993)  manuloss: 1.6423 (1.7314)  acc1: 0.7812 (0.8371)  acc5: 6.2500 (6.2246)  family_acc1: 46.4844 (45.5509)  manu_acc1: 63.2812 (62.3782)  time: 0.4292  data: 0.2093  max mem: 11382
Test:  [ 77/391]  eta: 0:02:23  sploss: 7.3658 (7.4346)  famloss: 2.4733 (2.5971)  manuloss: 1.6251 (1.7282)  acc1: 0.7812 (0.8363)  acc5: 6.2500 (6.2099)  family_acc1: 46.8750 (45.5980)  manu_acc1: 63.6719 (62.4299)  time: 0.4284  data: 0.2093  max mem: 11382
Test:  [ 78/391]  eta: 0:02:22  sploss: 7.3915 (7.4341)  famloss: 2.4860 (2.5973)  manuloss: 1.6251 (1.7298)  acc1: 0.7812 (0.8258)  acc5: 6.2500 (6.2104)  family_acc1: 46.8750 (45.6141)  manu_acc1: 63.2812 (62.3962)  time: 0.4283  data: 0.2093  max mem: 11382
Test:  [ 79/391]  eta: 0:02:21  sploss: 7.3952 (7.4348)  famloss: 2.5478 (2.5997)  manuloss: 1.6251 (1.7299)  acc1: 0.7812 (0.8203)  acc5: 6.2500 (6.2500)  family_acc1: 46.4844 (45.5713)  manu_acc1: 63.2812 (62.4072)  time: 0.4287  data: 0.2093  max mem: 11382
Test:  [ 80/391]  eta: 0:02:19  sploss: 7.3993 (7.4357)  famloss: 2.5478 (2.6032)  manuloss: 1.6423 (1.7303)  acc1: 0.7812 (0.8102)  acc5: 6.2500 (6.2404)  family_acc1: 46.0938 (45.5392)  manu_acc1: 63.2812 (62.4035)  time: 0.3260  data: 0.1083  max mem: 11382
Test:  [ 81/391]  eta: 0:02:18  sploss: 7.3993 (7.4351)  famloss: 2.5478 (2.6025)  manuloss: 1.6533 (1.7294)  acc1: 0.7812 (0.8051)  acc5: 6.2500 (6.2595)  family_acc1: 46.0938 (45.5650)  manu_acc1: 63.2812 (62.4381)  time: 0.3261  data: 0.1083  max mem: 11382
Test:  [ 82/391]  eta: 0:02:17  sploss: 7.3993 (7.4395)  famloss: 2.5644 (2.6062)  manuloss: 1.6533 (1.7312)  acc1: 0.3906 (0.7954)  acc5: 5.8594 (6.2359)  family_acc1: 46.0938 (45.4725)  manu_acc1: 63.2812 (62.3918)  time: 0.3260  data: 0.1083  max mem: 11382
Test:  [ 83/391]  eta: 0:02:15  sploss: 7.4313 (7.4401)  famloss: 2.5644 (2.6087)  manuloss: 1.6533 (1.7340)  acc1: 0.3906 (0.7906)  acc5: 6.2500 (6.2407)  family_acc1: 46.0938 (45.4288)  manu_acc1: 63.2812 (62.3419)  time: 0.3260  data: 0.1083  max mem: 11382
Test:  [ 84/391]  eta: 0:02:22  sploss: 7.3993 (7.4394)  famloss: 2.5644 (2.6104)  manuloss: 1.6423 (1.7327)  acc1: 0.3906 (0.8042)  acc5: 6.2500 (6.2546)  family_acc1: 46.0938 (45.3906)  manu_acc1: 63.6719 (62.3759)  time: 0.4303  data: 0.2120  max mem: 11382
Test:  [ 85/391]  eta: 0:02:20  sploss: 7.3993 (7.4378)  famloss: 2.5943 (2.6127)  manuloss: 1.6423 (1.7344)  acc1: 0.3906 (0.8085)  acc5: 6.2500 (6.2409)  family_acc1: 44.9219 (45.3443)  manu_acc1: 63.6719 (62.3365)  time: 0.4308  data: 0.2120  max mem: 11382
Test:  [ 86/391]  eta: 0:02:19  sploss: 7.3993 (7.4354)  famloss: 2.5644 (2.6111)  manuloss: 1.6317 (1.7333)  acc1: 0.3906 (0.8037)  acc5: 6.2500 (6.2455)  family_acc1: 46.0938 (45.3843)  manu_acc1: 64.0625 (62.3653)  time: 0.4315  data: 0.2120  max mem: 11382
Test:  [ 87/391]  eta: 0:02:18  sploss: 7.3993 (7.4372)  famloss: 2.6112 (2.6125)  manuloss: 1.6423 (1.7337)  acc1: 0.3906 (0.8034)  acc5: 6.2500 (6.2278)  family_acc1: 44.9219 (45.3702)  manu_acc1: 63.6719 (62.3624)  time: 0.4321  data: 0.2120  max mem: 11382
Test:  [ 88/391]  eta: 0:02:17  sploss: 7.3993 (7.4346)  famloss: 2.6112 (2.6111)  manuloss: 1.6533 (1.7331)  acc1: 0.3906 (0.8032)  acc5: 6.2500 (6.2412)  family_acc1: 44.9219 (45.3871)  manu_acc1: 63.2812 (62.3683)  time: 0.4316  data: 0.2120  max mem: 11382
Test:  [ 89/391]  eta: 0:02:15  sploss: 7.4313 (7.4347)  famloss: 2.6112 (2.6112)  manuloss: 1.6423 (1.7314)  acc1: 0.3906 (0.8030)  acc5: 6.2500 (6.2326)  family_acc1: 44.9219 (45.4036)  manu_acc1: 63.2812 (62.4132)  time: 0.4318  data: 0.2120  max mem: 11382
Test:  [ 90/391]  eta: 0:02:14  sploss: 7.3993 (7.4328)  famloss: 2.6112 (2.6119)  manuloss: 1.6533 (1.7311)  acc1: 0.3906 (0.8027)  acc5: 6.2500 (6.2500)  family_acc1: 44.9219 (45.3984)  manu_acc1: 63.6719 (62.4270)  time: 0.4310  data: 0.2120  max mem: 11382
Test:  [ 91/391]  eta: 0:02:13  sploss: 7.4313 (7.4347)  famloss: 2.6277 (2.6141)  manuloss: 1.6755 (1.7323)  acc1: 0.3906 (0.7940)  acc5: 6.2500 (6.2627)  family_acc1: 44.5312 (45.3847)  manu_acc1: 63.2812 (62.4193)  time: 0.4304  data: 0.2120  max mem: 11382
Test:  [ 92/391]  eta: 0:02:12  sploss: 7.4430 (7.4378)  famloss: 2.6699 (2.6186)  manuloss: 1.7083 (1.7332)  acc1: 0.3906 (0.7855)  acc5: 6.2500 (6.2416)  family_acc1: 44.1406 (45.2957)  manu_acc1: 62.8906 (62.3866)  time: 0.3216  data: 0.1042  max mem: 11382
Test:  [ 93/391]  eta: 0:02:11  sploss: 7.4313 (7.4376)  famloss: 2.7142 (2.6196)  manuloss: 1.7083 (1.7323)  acc1: 0.3906 (0.7854)  acc5: 6.2500 (6.2417)  family_acc1: 44.1406 (45.2502)  manu_acc1: 62.8906 (62.4169)  time: 0.3216  data: 0.1042  max mem: 11382
Test:  [ 94/391]  eta: 0:02:09  sploss: 7.4430 (7.4394)  famloss: 2.7296 (2.6214)  manuloss: 1.7363 (1.7327)  acc1: 0.3906 (0.7771)  acc5: 6.2500 (6.2336)  family_acc1: 43.7500 (45.2262)  manu_acc1: 62.1094 (62.4013)  time: 0.3210  data: 0.1042  max mem: 11382
Test:  [ 95/391]  eta: 0:02:08  sploss: 7.4313 (7.4386)  famloss: 2.7142 (2.6223)  manuloss: 1.7363 (1.7336)  acc1: 0.3906 (0.7731)  acc5: 6.2500 (6.2337)  family_acc1: 42.9688 (45.1864)  manu_acc1: 62.1094 (62.3739)  time: 0.3208  data: 0.1042  max mem: 11382
Test:  [ 96/391]  eta: 0:02:14  sploss: 7.4430 (7.4397)  famloss: 2.7296 (2.6235)  manuloss: 1.7598 (1.7359)  acc1: 0.3906 (0.7651)  acc5: 6.2500 (6.2258)  family_acc1: 42.9688 (45.1635)  manu_acc1: 62.1094 (62.3148)  time: 0.4260  data: 0.2075  max mem: 11382
Test:  [ 97/391]  eta: 0:02:12  sploss: 7.4217 (7.4389)  famloss: 2.7377 (2.6247)  manuloss: 1.7714 (1.7376)  acc1: 0.3906 (0.7653)  acc5: 6.2500 (6.2062)  family_acc1: 42.9688 (45.1371)  manu_acc1: 61.7188 (62.2648)  time: 0.4265  data: 0.2075  max mem: 11382
Test:  [ 98/391]  eta: 0:02:11  sploss: 7.4430 (7.4403)  famloss: 2.7414 (2.6284)  manuloss: 1.7714 (1.7408)  acc1: 0.3906 (0.7655)  acc5: 5.4688 (6.1829)  family_acc1: 42.5781 (45.0915)  manu_acc1: 61.7188 (62.2120)  time: 0.4268  data: 0.2075  max mem: 11382
Test:  [ 99/391]  eta: 0:02:10  sploss: 7.4430 (7.4411)  famloss: 2.7398 (2.6296)  manuloss: 1.7757 (1.7442)  acc1: 0.3906 (0.7695)  acc5: 5.4688 (6.1914)  family_acc1: 42.5781 (45.0508)  manu_acc1: 60.9375 (62.1406)  time: 0.4263  data: 0.2075  max mem: 11382
Test:  [100/391]  eta: 0:02:09  sploss: 7.4217 (7.4406)  famloss: 2.7377 (2.6305)  manuloss: 1.8130 (1.7450)  acc1: 0.7812 (0.7735)  acc5: 6.2500 (6.2036)  family_acc1: 42.5781 (45.0302)  manu_acc1: 60.5469 (62.1248)  time: 0.4262  data: 0.2075  max mem: 11382
Test:  [101/391]  eta: 0:02:08  sploss: 7.4217 (7.4403)  famloss: 2.7398 (2.6316)  manuloss: 1.8178 (1.7474)  acc1: 0.7812 (0.7736)  acc5: 6.2500 (6.2040)  family_acc1: 42.5781 (45.0368)  manu_acc1: 59.7656 (62.0787)  time: 0.4263  data: 0.2075  max mem: 11382
Test:  [102/391]  eta: 0:02:07  sploss: 7.4217 (7.4415)  famloss: 2.7398 (2.6332)  manuloss: 1.8178 (1.7501)  acc1: 0.7812 (0.7775)  acc5: 6.2500 (6.1931)  family_acc1: 42.9688 (45.0167)  manu_acc1: 59.7656 (61.9918)  time: 0.4260  data: 0.2075  max mem: 11382
Test:  [103/391]  eta: 0:02:06  sploss: 7.4217 (7.4418)  famloss: 2.7377 (2.6336)  manuloss: 1.8178 (1.7530)  acc1: 0.7812 (0.7737)  acc5: 6.2500 (6.1974)  family_acc1: 42.9688 (45.0045)  manu_acc1: 59.7656 (61.9328)  time: 0.4257  data: 0.2075  max mem: 11382
Test:  [104/391]  eta: 0:02:05  sploss: 7.4430 (7.4419)  famloss: 2.7377 (2.6373)  manuloss: 1.8253 (1.7560)  acc1: 0.7812 (0.7701)  acc5: 5.4688 (6.1682)  family_acc1: 42.9688 (44.9479)  manu_acc1: 59.3750 (61.8787)  time: 0.3211  data: 0.1038  max mem: 11382
Test:  [105/391]  eta: 0:02:04  sploss: 7.4430 (7.4413)  famloss: 2.7377 (2.6390)  manuloss: 1.8253 (1.7567)  acc1: 0.7812 (0.7849)  acc5: 6.2500 (6.1800)  family_acc1: 42.9688 (44.9329)  manu_acc1: 59.7656 (61.8772)  time: 0.3202  data: 0.1038  max mem: 11382
Test:  [106/391]  eta: 0:02:03  sploss: 7.4494 (7.4445)  famloss: 2.7398 (2.6423)  manuloss: 1.8253 (1.7573)  acc1: 0.7812 (0.7776)  acc5: 5.4688 (6.1624)  family_acc1: 42.9688 (44.9000)  manu_acc1: 59.7656 (61.8940)  time: 0.3194  data: 0.1038  max mem: 11382
Test:  [107/391]  eta: 0:02:02  sploss: 7.4494 (7.4461)  famloss: 2.7398 (2.6428)  manuloss: 1.8253 (1.7576)  acc1: 0.7812 (0.7704)  acc5: 5.4688 (6.1415)  family_acc1: 42.9688 (44.9146)  manu_acc1: 59.7656 (61.8779)  time: 0.3187  data: 0.1038  max mem: 11382
Test:  [108/391]  eta: 0:02:07  sploss: 7.4755 (7.4480)  famloss: 2.7414 (2.6459)  manuloss: 1.8303 (1.7618)  acc1: 0.7812 (0.7741)  acc5: 5.4688 (6.1389)  family_acc1: 42.9688 (44.8860)  manu_acc1: 59.3750 (61.7976)  time: 0.4332  data: 0.2171  max mem: 11382
Test:  [109/391]  eta: 0:02:05  sploss: 7.5174 (7.4502)  famloss: 2.7461 (2.6469)  manuloss: 1.8448 (1.7635)  acc1: 0.7812 (0.7777)  acc5: 5.4688 (6.1257)  family_acc1: 42.5781 (44.8509)  manu_acc1: 57.4219 (61.7578)  time: 0.4330  data: 0.2171  max mem: 11382
Test:  [110/391]  eta: 0:02:04  sploss: 7.5397 (7.4510)  famloss: 2.7461 (2.6475)  manuloss: 1.9042 (1.7675)  acc1: 0.3906 (0.7707)  acc5: 5.4688 (6.1022)  family_acc1: 41.7969 (44.8198)  manu_acc1: 57.4219 (61.6554)  time: 0.4334  data: 0.2171  max mem: 11382
Test:  [111/391]  eta: 0:02:03  sploss: 7.5174 (7.4513)  famloss: 2.7461 (2.6505)  manuloss: 1.9551 (1.7713)  acc1: 0.3906 (0.7638)  acc5: 5.4688 (6.1000)  family_acc1: 41.4062 (44.7405)  manu_acc1: 57.4219 (61.5618)  time: 0.4335  data: 0.2171  max mem: 11382
Test:  [112/391]  eta: 0:02:02  sploss: 7.4845 (7.4511)  famloss: 2.7436 (2.6513)  manuloss: 1.9562 (1.7748)  acc1: 0.3906 (0.7571)  acc5: 5.4688 (6.0944)  family_acc1: 41.4062 (44.7075)  manu_acc1: 57.0312 (61.4560)  time: 0.4333  data: 0.2171  max mem: 11382
Test:  [113/391]  eta: 0:02:01  sploss: 7.5064 (7.4516)  famloss: 2.7461 (2.6525)  manuloss: 1.9596 (1.7764)  acc1: 0.3906 (0.7538)  acc5: 5.4688 (6.1027)  family_acc1: 41.7969 (44.6992)  manu_acc1: 57.0312 (61.4275)  time: 0.4333  data: 0.2171  max mem: 11382
Test:  [114/391]  eta: 0:02:00  sploss: 7.4845 (7.4516)  famloss: 2.7436 (2.6530)  manuloss: 1.9839 (1.7784)  acc1: 0.3906 (0.7541)  acc5: 5.4688 (6.0938)  family_acc1: 41.7969 (44.6841)  manu_acc1: 56.6406 (61.3825)  time: 0.4332  data: 0.2171  max mem: 11382
Test:  [115/391]  eta: 0:01:59  sploss: 7.4845 (7.4505)  famloss: 2.7436 (2.6522)  manuloss: 1.9839 (1.7782)  acc1: 0.7812 (0.7543)  acc5: 5.4688 (6.0917)  family_acc1: 42.5781 (44.7097)  manu_acc1: 56.6406 (61.3652)  time: 0.4331  data: 0.2171  max mem: 11382
Test:  [116/391]  eta: 0:01:59  sploss: 7.4845 (7.4509)  famloss: 2.7436 (2.6519)  manuloss: 1.9839 (1.7779)  acc1: 0.7812 (0.7479)  acc5: 5.0781 (6.0797)  family_acc1: 42.5781 (44.7216)  manu_acc1: 57.0312 (61.3582)  time: 0.3281  data: 0.1138  max mem: 11382
Test:  [117/391]  eta: 0:01:58  sploss: 7.5014 (7.4529)  famloss: 2.7436 (2.6524)  manuloss: 1.9839 (1.7782)  acc1: 0.7812 (0.7515)  acc5: 5.4688 (6.0845)  family_acc1: 42.9688 (44.7332)  manu_acc1: 57.0312 (61.3480)  time: 0.3275  data: 0.1138  max mem: 11382
Test:  [118/391]  eta: 0:01:57  sploss: 7.4845 (7.4527)  famloss: 2.7398 (2.6527)  manuloss: 1.9596 (1.7792)  acc1: 0.7812 (0.7517)  acc5: 5.8594 (6.0924)  family_acc1: 42.9688 (44.7282)  manu_acc1: 57.4219 (61.3478)  time: 0.3271  data: 0.1138  max mem: 11382
Test:  [119/391]  eta: 0:01:56  sploss: 7.4755 (7.4507)  famloss: 2.7226 (2.6518)  manuloss: 1.9551 (1.7780)  acc1: 0.7812 (0.7520)  acc5: 5.8594 (6.1133)  family_acc1: 42.9688 (44.7461)  manu_acc1: 57.4219 (61.3867)  time: 0.3271  data: 0.1138  max mem: 11382
Test:  [120/391]  eta: 0:02:00  sploss: 7.4755 (7.4498)  famloss: 2.7164 (2.6502)  manuloss: 1.9551 (1.7773)  acc1: 0.7812 (0.7522)  acc5: 5.4688 (6.0950)  family_acc1: 43.3594 (44.8089)  manu_acc1: 57.4219 (61.4056)  time: 0.4402  data: 0.2256  max mem: 11382
Test:  [121/391]  eta: 0:01:59  sploss: 7.4755 (7.4473)  famloss: 2.7101 (2.6499)  manuloss: 1.8963 (1.7780)  acc1: 0.3906 (0.7492)  acc5: 5.4688 (6.1251)  family_acc1: 43.3594 (44.8194)  manu_acc1: 58.2031 (61.4018)  time: 0.4402  data: 0.2256  max mem: 11382
Test:  [122/391]  eta: 0:01:58  sploss: 7.4494 (7.4450)  famloss: 2.7098 (2.6491)  manuloss: 1.8627 (1.7777)  acc1: 0.3906 (0.7495)  acc5: 5.8594 (6.1325)  family_acc1: 43.3594 (44.8075)  manu_acc1: 59.3750 (61.4012)  time: 0.4403  data: 0.2256  max mem: 11382
Test:  [123/391]  eta: 0:01:57  sploss: 7.4491 (7.4437)  famloss: 2.7098 (2.6483)  manuloss: 1.8303 (1.7772)  acc1: 0.3906 (0.7466)  acc5: 5.8594 (6.1618)  family_acc1: 43.3594 (44.7864)  manu_acc1: 60.1562 (61.4037)  time: 0.4406  data: 0.2256  max mem: 11382
Test:  [124/391]  eta: 0:01:56  sploss: 7.4358 (7.4424)  famloss: 2.7044 (2.6477)  manuloss: 1.8134 (1.7768)  acc1: 0.7812 (0.7562)  acc5: 5.8594 (6.1750)  family_acc1: 43.3594 (44.7781)  manu_acc1: 60.1562 (61.4000)  time: 0.4405  data: 0.2256  max mem: 11382
Test:  [125/391]  eta: 0:01:55  sploss: 7.4358 (7.4403)  famloss: 2.6896 (2.6476)  manuloss: 1.8134 (1.7772)  acc1: 0.3906 (0.7533)  acc5: 5.8594 (6.1632)  family_acc1: 43.7500 (44.7824)  manu_acc1: 60.1562 (61.3808)  time: 0.4407  data: 0.2256  max mem: 11382
Test:  [126/391]  eta: 0:01:54  sploss: 7.4358 (7.4403)  famloss: 2.6318 (2.6460)  manuloss: 1.8129 (1.7748)  acc1: 0.7812 (0.7536)  acc5: 5.8594 (6.1608)  family_acc1: 43.7500 (44.7650)  manu_acc1: 60.1562 (61.4050)  time: 0.4408  data: 0.2256  max mem: 11382
Test:  [127/391]  eta: 0:01:53  sploss: 7.4264 (7.4376)  famloss: 2.6256 (2.6439)  manuloss: 1.8129 (1.7732)  acc1: 0.7812 (0.7538)  acc5: 5.8594 (6.1920)  family_acc1: 43.7500 (44.7906)  manu_acc1: 60.1562 (61.4288)  time: 0.4407  data: 0.2256  max mem: 11382
Test:  [128/391]  eta: 0:01:53  sploss: 7.3398 (7.4355)  famloss: 2.6256 (2.6442)  manuloss: 1.8129 (1.7738)  acc1: 0.7812 (0.7510)  acc5: 5.8594 (6.2016)  family_acc1: 43.7500 (44.7705)  manu_acc1: 60.1562 (61.4008)  time: 0.3267  data: 0.1122  max mem: 11382
Test:  [129/391]  eta: 0:01:52  sploss: 7.3398 (7.4354)  famloss: 2.6177 (2.6432)  manuloss: 1.7537 (1.7731)  acc1: 0.3906 (0.7452)  acc5: 5.8594 (6.1989)  family_acc1: 43.7500 (44.7987)  manu_acc1: 60.5469 (61.4183)  time: 0.3268  data: 0.1122  max mem: 11382
Test:  [130/391]  eta: 0:01:51  sploss: 7.3398 (7.4364)  famloss: 2.5832 (2.6415)  manuloss: 1.7461 (1.7716)  acc1: 0.7812 (0.7484)  acc5: 5.8594 (6.1963)  family_acc1: 44.1406 (44.8086)  manu_acc1: 60.9375 (61.4474)  time: 0.3266  data: 0.1122  max mem: 11382
Test:  [131/391]  eta: 0:01:50  sploss: 7.3236 (7.4338)  famloss: 2.5570 (2.6391)  manuloss: 1.7381 (1.7699)  acc1: 0.7812 (0.7487)  acc5: 5.8594 (6.1879)  family_acc1: 45.3125 (44.8272)  manu_acc1: 60.9375 (61.4850)  time: 0.3267  data: 0.1122  max mem: 11382
Test:  [132/391]  eta: 0:01:53  sploss: 7.2822 (7.4316)  famloss: 2.5501 (2.6372)  manuloss: 1.7378 (1.7689)  acc1: 0.7812 (0.7460)  acc5: 5.8594 (6.1795)  family_acc1: 46.0938 (44.8396)  manu_acc1: 61.3281 (61.5073)  time: 0.4326  data: 0.2168  max mem: 11382
Test:  [133/391]  eta: 0:01:52  sploss: 7.2757 (7.4304)  famloss: 2.5432 (2.6344)  manuloss: 1.7139 (1.7674)  acc1: 0.7812 (0.7492)  acc5: 5.8594 (6.1917)  family_acc1: 46.0938 (44.9044)  manu_acc1: 61.3281 (61.5322)  time: 0.4335  data: 0.2168  max mem: 11382
Test:  [134/391]  eta: 0:01:52  sploss: 7.2729 (7.4292)  famloss: 2.5358 (2.6330)  manuloss: 1.7139 (1.7672)  acc1: 0.7812 (0.7465)  acc5: 5.8594 (6.1892)  family_acc1: 46.0938 (44.9103)  manu_acc1: 61.3281 (61.5249)  time: 0.4373  data: 0.2168  max mem: 11382
Test:  [135/391]  eta: 0:01:51  sploss: 7.2689 (7.4276)  famloss: 2.5113 (2.6306)  manuloss: 1.6964 (1.7649)  acc1: 0.7812 (0.7439)  acc5: 6.2500 (6.1897)  family_acc1: 46.0938 (44.9563)  manu_acc1: 61.7188 (61.5751)  time: 0.4372  data: 0.2168  max mem: 11382
Test:  [136/391]  eta: 0:01:50  sploss: 7.2184 (7.4250)  famloss: 2.4611 (2.6293)  manuloss: 1.6794 (1.7627)  acc1: 0.7812 (0.7413)  acc5: 6.6406 (6.1987)  family_acc1: 46.0938 (44.9703)  manu_acc1: 63.6719 (61.6161)  time: 0.4367  data: 0.2168  max mem: 11382
Test:  [137/391]  eta: 0:01:49  sploss: 7.2184 (7.4248)  famloss: 2.4542 (2.6275)  manuloss: 1.6375 (1.7613)  acc1: 0.3906 (0.7388)  acc5: 6.2500 (6.1906)  family_acc1: 46.0938 (45.0153)  manu_acc1: 63.6719 (61.6367)  time: 0.4367  data: 0.2168  max mem: 11382
Test:  [138/391]  eta: 0:01:48  sploss: 7.2184 (7.4258)  famloss: 2.4542 (2.6262)  manuloss: 1.6283 (1.7597)  acc1: 0.3906 (0.7391)  acc5: 5.8594 (6.1741)  family_acc1: 46.4844 (45.0343)  manu_acc1: 64.4531 (61.6710)  time: 0.4365  data: 0.2168  max mem: 11382
Test:  [139/391]  eta: 0:01:47  sploss: 7.2689 (7.4254)  famloss: 2.4542 (2.6255)  manuloss: 1.5764 (1.7578)  acc1: 0.3906 (0.7338)  acc5: 5.8594 (6.1719)  family_acc1: 46.4844 (45.0558)  manu_acc1: 64.4531 (61.6936)  time: 0.4362  data: 0.2168  max mem: 11382
Test:  [140/391]  eta: 0:01:47  sploss: 7.2184 (7.4225)  famloss: 2.4487 (2.6215)  manuloss: 1.5718 (1.7551)  acc1: 0.3906 (0.7342)  acc5: 5.8594 (6.1641)  family_acc1: 46.4844 (45.1213)  manu_acc1: 64.4531 (61.7381)  time: 0.3231  data: 0.1050  max mem: 11382
Test:  [141/391]  eta: 0:01:46  sploss: 7.2631 (7.4214)  famloss: 2.4437 (2.6200)  manuloss: 1.5715 (1.7534)  acc1: 0.3906 (0.7290)  acc5: 5.8594 (6.1455)  family_acc1: 46.8750 (45.1612)  manu_acc1: 64.4531 (61.7628)  time: 0.3227  data: 0.1050  max mem: 11382
Test:  [142/391]  eta: 0:01:45  sploss: 7.2689 (7.4212)  famloss: 2.4437 (2.6206)  manuloss: 1.5715 (1.7533)  acc1: 0.3906 (0.7239)  acc5: 5.8594 (6.1462)  family_acc1: 46.8750 (45.1459)  manu_acc1: 64.4531 (61.7788)  time: 0.3229  data: 0.1050  max mem: 11382
Test:  [143/391]  eta: 0:01:44  sploss: 7.2631 (7.4193)  famloss: 2.4190 (2.6186)  manuloss: 1.5697 (1.7513)  acc1: 0.3906 (0.7270)  acc5: 5.8594 (6.1388)  family_acc1: 47.2656 (45.1959)  manu_acc1: 64.4531 (61.8056)  time: 0.3230  data: 0.1050  max mem: 11382
Test:  [144/391]  eta: 0:01:47  sploss: 7.2631 (7.4182)  famloss: 2.4190 (2.6172)  manuloss: 1.5456 (1.7496)  acc1: 0.3906 (0.7247)  acc5: 5.8594 (6.1369)  family_acc1: 47.6562 (45.2236)  manu_acc1: 64.8438 (61.8481)  time: 0.4322  data: 0.2128  max mem: 11382
Test:  [145/391]  eta: 0:01:46  sploss: 7.2689 (7.4184)  famloss: 2.4190 (2.6178)  manuloss: 1.5456 (1.7492)  acc1: 0.3906 (0.7251)  acc5: 5.8594 (6.1296)  family_acc1: 47.6562 (45.2189)  manu_acc1: 64.8438 (61.8579)  time: 0.4330  data: 0.2128  max mem: 11382
Test:  [146/391]  eta: 0:01:46  sploss: 7.2689 (7.4188)  famloss: 2.4190 (2.6168)  manuloss: 1.5697 (1.7483)  acc1: 0.3906 (0.7254)  acc5: 5.8594 (6.1224)  family_acc1: 48.0469 (45.2434)  manu_acc1: 64.8438 (61.8729)  time: 0.4340  data: 0.2129  max mem: 11382
Test:  [147/391]  eta: 0:01:45  sploss: 7.2691 (7.4190)  famloss: 2.4190 (2.6147)  manuloss: 1.5456 (1.7469)  acc1: 0.3906 (0.7390)  acc5: 5.8594 (6.1312)  family_acc1: 48.0469 (45.2808)  manu_acc1: 64.8438 (61.9035)  time: 0.4340  data: 0.2129  max mem: 11382
Test:  [148/391]  eta: 0:01:44  sploss: 7.2691 (7.4178)  famloss: 2.4116 (2.6132)  manuloss: 1.5456 (1.7463)  acc1: 0.3906 (0.7445)  acc5: 5.8594 (6.1320)  family_acc1: 48.4375 (45.3020)  manu_acc1: 65.2344 (61.9259)  time: 0.4337  data: 0.2129  max mem: 11382
Test:  [149/391]  eta: 0:01:43  sploss: 7.2691 (7.4175)  famloss: 2.4116 (2.6128)  manuloss: 1.5456 (1.7457)  acc1: 0.3906 (0.7422)  acc5: 5.8594 (6.1302)  family_acc1: 48.0469 (45.3151)  manu_acc1: 65.2344 (61.9297)  time: 0.4339  data: 0.2129  max mem: 11382
Test:  [150/391]  eta: 0:01:43  sploss: 7.2691 (7.4182)  famloss: 2.4116 (2.6127)  manuloss: 1.5456 (1.7446)  acc1: 0.3906 (0.7424)  acc5: 5.4688 (6.1258)  family_acc1: 48.0469 (45.3125)  manu_acc1: 65.2344 (61.9542)  time: 0.4343  data: 0.2129  max mem: 11382
Test:  [151/391]  eta: 0:01:42  sploss: 7.2729 (7.4186)  famloss: 2.4197 (2.6117)  manuloss: 1.5446 (1.7431)  acc1: 0.3906 (0.7453)  acc5: 5.8594 (6.1446)  family_acc1: 48.4375 (45.3510)  manu_acc1: 65.2344 (61.9809)  time: 0.4343  data: 0.2129  max mem: 11382
Test:  [152/391]  eta: 0:01:41  sploss: 7.2729 (7.4158)  famloss: 2.4197 (2.6097)  manuloss: 1.5317 (1.7409)  acc1: 0.7812 (0.7481)  acc5: 5.8594 (6.1683)  family_acc1: 48.4375 (45.3585)  manu_acc1: 65.2344 (62.0302)  time: 0.3282  data: 0.1083  max mem: 11382
Test:  [153/391]  eta: 0:01:40  sploss: 7.3648 (7.4164)  famloss: 2.4197 (2.6083)  manuloss: 1.5317 (1.7397)  acc1: 0.3906 (0.7432)  acc5: 5.8594 (6.1561)  family_acc1: 48.4375 (45.3835)  manu_acc1: 65.6250 (62.0536)  time: 0.3273  data: 0.1083  max mem: 11382
Test:  [154/391]  eta: 0:01:40  sploss: 7.3690 (7.4180)  famloss: 2.4197 (2.6092)  manuloss: 1.5317 (1.7406)  acc1: 0.3906 (0.7384)  acc5: 5.8594 (6.1542)  family_acc1: 48.4375 (45.3931)  manu_acc1: 65.6250 (62.0312)  time: 0.3236  data: 0.1083  max mem: 11382
Test:  [155/391]  eta: 0:01:39  sploss: 7.3928 (7.4184)  famloss: 2.4437 (2.6087)  manuloss: 1.5446 (1.7394)  acc1: 0.7812 (0.7387)  acc5: 5.8594 (6.1523)  family_acc1: 48.0469 (45.3926)  manu_acc1: 65.2344 (62.0518)  time: 0.3237  data: 0.1083  max mem: 11382
Test:  [156/391]  eta: 0:01:41  sploss: 7.4031 (7.4186)  famloss: 2.4587 (2.6099)  manuloss: 1.5544 (1.7399)  acc1: 0.7812 (0.7414)  acc5: 5.4688 (6.1480)  family_acc1: 48.0469 (45.3672)  manu_acc1: 65.2344 (62.0372)  time: 0.4309  data: 0.2138  max mem: 11382
Test:  [157/391]  eta: 0:01:41  sploss: 7.4366 (7.4209)  famloss: 2.4635 (2.6103)  manuloss: 1.5544 (1.7404)  acc1: 0.7812 (0.7417)  acc5: 5.4688 (6.1437)  family_acc1: 47.6562 (45.3669)  manu_acc1: 65.2344 (62.0352)  time: 0.4312  data: 0.2138  max mem: 11382
Test:  [158/391]  eta: 0:01:40  sploss: 7.4366 (7.4213)  famloss: 2.4824 (2.6121)  manuloss: 1.5603 (1.7413)  acc1: 0.7812 (0.7395)  acc5: 5.4688 (6.1394)  family_acc1: 47.2656 (45.3543)  manu_acc1: 65.2344 (62.0209)  time: 0.4318  data: 0.2138  max mem: 11382
Test:  [159/391]  eta: 0:01:39  sploss: 7.4366 (7.4211)  famloss: 2.4824 (2.6119)  manuloss: 1.5847 (1.7413)  acc1: 0.7812 (0.7373)  acc5: 5.4688 (6.1499)  family_acc1: 47.2656 (45.3857)  manu_acc1: 65.2344 (62.0361)  time: 0.4320  data: 0.2138  max mem: 11382
Test:  [160/391]  eta: 0:01:38  sploss: 7.4366 (7.4196)  famloss: 2.5272 (2.6128)  manuloss: 1.6078 (1.7415)  acc1: 0.7812 (0.7400)  acc5: 5.8594 (6.1602)  family_acc1: 46.8750 (45.3586)  manu_acc1: 64.4531 (62.0342)  time: 0.4321  data: 0.2138  max mem: 11382
Test:  [161/391]  eta: 0:01:38  sploss: 7.4366 (7.4190)  famloss: 2.5516 (2.6138)  manuloss: 1.6539 (1.7420)  acc1: 0.7812 (0.7403)  acc5: 5.8594 (6.1680)  family_acc1: 46.4844 (45.3535)  manu_acc1: 64.0625 (62.0129)  time: 0.4319  data: 0.2139  max mem: 11382
Test:  [162/391]  eta: 0:01:37  sploss: 7.4366 (7.4184)  famloss: 2.5516 (2.6144)  manuloss: 1.6539 (1.7418)  acc1: 0.7812 (0.7405)  acc5: 5.8594 (6.1685)  family_acc1: 46.4844 (45.3437)  manu_acc1: 64.0625 (62.0039)  time: 0.4317  data: 0.2139  max mem: 11382
Test:  [163/391]  eta: 0:01:36  sploss: 7.4526 (7.4197)  famloss: 2.5739 (2.6163)  manuloss: 1.6555 (1.7436)  acc1: 0.7812 (0.7408)  acc5: 5.8594 (6.1643)  family_acc1: 45.3125 (45.2958)  manu_acc1: 63.2812 (61.9784)  time: 0.4320  data: 0.2139  max mem: 11382
Test:  [164/391]  eta: 0:01:35  sploss: 7.4564 (7.4203)  famloss: 2.5987 (2.6184)  manuloss: 1.6901 (1.7441)  acc1: 0.7812 (0.7457)  acc5: 5.8594 (6.1742)  family_acc1: 45.3125 (45.2723)  manu_acc1: 62.8906 (61.9839)  time: 0.3228  data: 0.1060  max mem: 11382
Test:  [165/391]  eta: 0:01:35  sploss: 7.4564 (7.4180)  famloss: 2.5739 (2.6178)  manuloss: 1.6994 (1.7440)  acc1: 0.7812 (0.7436)  acc5: 5.8594 (6.1841)  family_acc1: 45.3125 (45.2819)  manu_acc1: 62.5000 (61.9823)  time: 0.3217  data: 0.1060  max mem: 11382
Test:  [166/391]  eta: 0:01:34  sploss: 7.4564 (7.4192)  famloss: 2.5987 (2.6186)  manuloss: 1.7221 (1.7453)  acc1: 0.7812 (0.7462)  acc5: 6.2500 (6.1845)  family_acc1: 45.3125 (45.2798)  manu_acc1: 61.7188 (61.9620)  time: 0.3206  data: 0.1060  max mem: 11382
Test:  [167/391]  eta: 0:01:33  sploss: 7.4674 (7.4204)  famloss: 2.6829 (2.6198)  manuloss: 1.7515 (1.7454)  acc1: 0.7812 (0.7487)  acc5: 5.8594 (6.1733)  family_acc1: 44.9219 (45.2218)  manu_acc1: 61.7188 (61.9652)  time: 0.3208  data: 0.1060  max mem: 11382
Test:  [168/391]  eta: 0:01:35  sploss: 7.4674 (7.4198)  famloss: 2.6829 (2.6188)  manuloss: 1.7515 (1.7444)  acc1: 0.7812 (0.7466)  acc5: 5.8594 (6.1622)  family_acc1: 44.9219 (45.2316)  manu_acc1: 61.7188 (61.9915)  time: 0.4273  data: 0.2115  max mem: 11382
Test:  [169/391]  eta: 0:01:35  sploss: 7.4747 (7.4219)  famloss: 2.7008 (2.6208)  manuloss: 1.7582 (1.7464)  acc1: 0.7812 (0.7422)  acc5: 5.8594 (6.1627)  family_acc1: 44.9219 (45.2137)  manu_acc1: 61.7188 (61.9531)  time: 0.4284  data: 0.2115  max mem: 11382
Test:  [170/391]  eta: 0:01:34  sploss: 7.4747 (7.4234)  famloss: 2.7560 (2.6222)  manuloss: 1.7692 (1.7474)  acc1: 0.7812 (0.7401)  acc5: 5.8594 (6.1563)  family_acc1: 44.5312 (45.1732)  manu_acc1: 61.7188 (61.9426)  time: 0.4283  data: 0.2115  max mem: 11382
Test:  [171/391]  eta: 0:01:33  sploss: 7.4747 (7.4229)  famloss: 2.7560 (2.6220)  manuloss: 1.7692 (1.7467)  acc1: 0.7812 (0.7426)  acc5: 5.8594 (6.1614)  family_acc1: 44.5312 (45.1785)  manu_acc1: 61.7188 (61.9549)  time: 0.4286  data: 0.2115  max mem: 11382
Test:  [172/391]  eta: 0:01:33  sploss: 7.4903 (7.4238)  famloss: 2.7562 (2.6229)  manuloss: 1.8152 (1.7479)  acc1: 0.7812 (0.7383)  acc5: 5.8594 (6.1619)  family_acc1: 43.7500 (45.1544)  manu_acc1: 60.5469 (61.9400)  time: 0.4288  data: 0.2115  max mem: 11382
Test:  [173/391]  eta: 0:01:32  sploss: 7.4747 (7.4234)  famloss: 2.7562 (2.6229)  manuloss: 1.8152 (1.7476)  acc1: 0.7812 (0.7386)  acc5: 6.2500 (6.1624)  family_acc1: 43.7500 (45.1711)  manu_acc1: 60.5469 (61.9432)  time: 0.4286  data: 0.2115  max mem: 11382
Test:  [174/391]  eta: 0:01:31  sploss: 7.4526 (7.4224)  famloss: 2.7560 (2.6226)  manuloss: 1.7692 (1.7467)  acc1: 0.7812 (0.7433)  acc5: 6.2500 (6.1853)  family_acc1: 43.3594 (45.1562)  manu_acc1: 61.7188 (61.9643)  time: 0.4286  data: 0.2115  max mem: 11382
Test:  [175/391]  eta: 0:01:31  sploss: 7.3820 (7.4217)  famloss: 2.7589 (2.6245)  manuloss: 1.8152 (1.7472)  acc1: 0.7812 (0.7457)  acc5: 6.2500 (6.1812)  family_acc1: 42.5781 (45.1283)  manu_acc1: 61.7188 (61.9695)  time: 0.4284  data: 0.2115  max mem: 11382
Test:  [176/391]  eta: 0:01:30  sploss: 7.3820 (7.4216)  famloss: 2.7589 (2.6253)  manuloss: 1.7692 (1.7470)  acc1: 0.7812 (0.7459)  acc5: 6.2500 (6.1750)  family_acc1: 42.9688 (45.1161)  manu_acc1: 61.7188 (61.9748)  time: 0.3214  data: 0.1060  max mem: 11382
Test:  [177/391]  eta: 0:01:29  sploss: 7.3820 (7.4236)  famloss: 2.7634 (2.6275)  manuloss: 1.7692 (1.7488)  acc1: 0.7812 (0.7461)  acc5: 6.2500 (6.1798)  family_acc1: 42.5781 (45.0821)  manu_acc1: 61.7188 (61.9382)  time: 0.3210  data: 0.1060  max mem: 11382
Test:  [178/391]  eta: 0:01:29  sploss: 7.3820 (7.4244)  famloss: 2.7634 (2.6286)  manuloss: 1.7596 (1.7489)  acc1: 0.7812 (0.7529)  acc5: 6.2500 (6.1845)  family_acc1: 42.5781 (45.0746)  manu_acc1: 61.7188 (61.9326)  time: 0.3213  data: 0.1060  max mem: 11382
Test:  [179/391]  eta: 0:01:28  sploss: 7.3552 (7.4239)  famloss: 2.7835 (2.6297)  manuloss: 1.7692 (1.7493)  acc1: 0.7812 (0.7509)  acc5: 6.2500 (6.1892)  family_acc1: 42.5781 (45.0760)  manu_acc1: 61.3281 (61.9293)  time: 0.3216  data: 0.1060  max mem: 11382
Test:  [180/391]  eta: 0:01:30  sploss: 7.3552 (7.4232)  famloss: 2.7835 (2.6289)  manuloss: 1.7692 (1.7489)  acc1: 0.7812 (0.7489)  acc5: 6.2500 (6.1853)  family_acc1: 42.9688 (45.0967)  manu_acc1: 61.3281 (61.9367)  time: 0.4345  data: 0.2178  max mem: 11382
Test:  [181/391]  eta: 0:01:29  sploss: 7.3956 (7.4238)  famloss: 2.7634 (2.6290)  manuloss: 1.7596 (1.7482)  acc1: 0.7812 (0.7555)  acc5: 6.2500 (6.1899)  family_acc1: 42.9688 (45.0914)  manu_acc1: 61.7188 (61.9505)  time: 0.4347  data: 0.2178  max mem: 11382
Test:  [182/391]  eta: 0:01:29  sploss: 7.4754 (7.4241)  famloss: 2.7889 (2.6302)  manuloss: 1.7692 (1.7493)  acc1: 0.7812 (0.7578)  acc5: 6.2500 (6.1966)  family_acc1: 42.9688 (45.0820)  manu_acc1: 61.7188 (61.9365)  time: 0.4344  data: 0.2178  max mem: 11382
Test:  [183/391]  eta: 0:01:28  sploss: 7.3956 (7.4226)  famloss: 2.7634 (2.6298)  manuloss: 1.7692 (1.7497)  acc1: 0.7812 (0.7621)  acc5: 6.2500 (6.1990)  family_acc1: 43.3594 (45.1023)  manu_acc1: 61.7188 (61.9183)  time: 0.4336  data: 0.2178  max mem: 11382
Test:  [184/391]  eta: 0:01:27  sploss: 7.3956 (7.4228)  famloss: 2.7634 (2.6308)  manuloss: 1.7692 (1.7512)  acc1: 0.7812 (0.7622)  acc5: 6.2500 (6.1993)  family_acc1: 43.3594 (45.0781)  manu_acc1: 61.3281 (61.8792)  time: 0.4335  data: 0.2178  max mem: 11382
Test:  [185/391]  eta: 0:01:27  sploss: 7.4618 (7.4238)  famloss: 2.7634 (2.6310)  manuloss: 1.8176 (1.7516)  acc1: 0.7812 (0.7602)  acc5: 6.2500 (6.1870)  family_acc1: 43.3594 (45.0773)  manu_acc1: 60.9375 (61.8658)  time: 0.4337  data: 0.2178  max mem: 11382
Test:  [186/391]  eta: 0:01:26  sploss: 7.3956 (7.4236)  famloss: 2.7634 (2.6306)  manuloss: 1.8176 (1.7520)  acc1: 0.7812 (0.7645)  acc5: 6.2500 (6.1999)  family_acc1: 43.3594 (45.0848)  manu_acc1: 60.9375 (61.8608)  time: 0.4337  data: 0.2178  max mem: 11382
Test:  [187/391]  eta: 0:01:25  sploss: 7.3888 (7.4228)  famloss: 2.6782 (2.6309)  manuloss: 1.8176 (1.7518)  acc1: 0.7812 (0.7605)  acc5: 6.2500 (6.2064)  family_acc1: 43.7500 (45.0777)  manu_acc1: 60.9375 (61.8767)  time: 0.4338  data: 0.2178  max mem: 11382
Test:  [188/391]  eta: 0:01:25  sploss: 7.3888 (7.4220)  famloss: 2.7634 (2.6317)  manuloss: 1.8189 (1.7530)  acc1: 0.7812 (0.7564)  acc5: 6.2500 (6.2025)  family_acc1: 43.3594 (45.0376)  manu_acc1: 60.9375 (61.8428)  time: 0.3271  data: 0.1123  max mem: 11382
Test:  [189/391]  eta: 0:01:24  sploss: 7.3888 (7.4227)  famloss: 2.7634 (2.6327)  manuloss: 1.8189 (1.7538)  acc1: 0.7812 (0.7586)  acc5: 6.6406 (6.2089)  family_acc1: 43.3594 (45.0185)  manu_acc1: 60.9375 (61.8051)  time: 0.3257  data: 0.1123  max mem: 11382
Test:  [190/391]  eta: 0:01:23  sploss: 7.3888 (7.4235)  famloss: 2.7634 (2.6334)  manuloss: 1.8189 (1.7544)  acc1: 0.7812 (0.7588)  acc5: 6.6406 (6.2091)  family_acc1: 43.7500 (45.0180)  manu_acc1: 60.9375 (61.7944)  time: 0.3257  data: 0.1123  max mem: 11382
Test:  [191/391]  eta: 0:01:23  sploss: 7.3888 (7.4223)  famloss: 2.7634 (2.6329)  manuloss: 1.8189 (1.7536)  acc1: 0.7812 (0.7609)  acc5: 6.6406 (6.2195)  family_acc1: 43.7500 (45.0236)  manu_acc1: 60.9375 (61.8144)  time: 0.3251  data: 0.1123  max mem: 11382
Test:  [192/391]  eta: 0:01:24  sploss: 7.3552 (7.4216)  famloss: 2.6782 (2.6323)  manuloss: 1.8176 (1.7531)  acc1: 0.7812 (0.7610)  acc5: 7.0312 (6.2277)  family_acc1: 43.7500 (45.0312)  manu_acc1: 60.9375 (61.8240)  time: 0.4417  data: 0.2279  max mem: 11382
Test:  [193/391]  eta: 0:01:24  sploss: 7.3888 (7.4222)  famloss: 2.7242 (2.6328)  manuloss: 1.8189 (1.7541)  acc1: 0.7812 (0.7571)  acc5: 7.0312 (6.2198)  family_acc1: 43.7500 (45.0165)  manu_acc1: 60.9375 (61.8194)  time: 0.4417  data: 0.2279  max mem: 11382
Test:  [194/391]  eta: 0:01:23  sploss: 7.3956 (7.4222)  famloss: 2.7242 (2.6327)  manuloss: 1.8189 (1.7543)  acc1: 0.7812 (0.7572)  acc5: 7.0312 (6.2280)  family_acc1: 43.7500 (45.0240)  manu_acc1: 60.9375 (61.8109)  time: 0.4421  data: 0.2278  max mem: 11382
Test:  [195/391]  eta: 0:01:23  sploss: 7.3956 (7.4206)  famloss: 2.6782 (2.6322)  manuloss: 1.8176 (1.7534)  acc1: 0.7812 (0.7613)  acc5: 7.0312 (6.2400)  family_acc1: 44.1406 (45.0355)  manu_acc1: 60.9375 (61.8224)  time: 0.4423  data: 0.2278  max mem: 11382
Test:  [196/391]  eta: 0:01:22  sploss: 7.4214 (7.4206)  famloss: 2.6685 (2.6322)  manuloss: 1.8176 (1.7536)  acc1: 0.7812 (0.7594)  acc5: 7.0312 (6.2520)  family_acc1: 44.1406 (45.0309)  manu_acc1: 60.9375 (61.8219)  time: 0.4424  data: 0.2279  max mem: 11382
Test:  [197/391]  eta: 0:01:21  sploss: 7.4214 (7.4217)  famloss: 2.6685 (2.6332)  manuloss: 1.8176 (1.7552)  acc1: 0.7812 (0.7615)  acc5: 7.0312 (6.2500)  family_acc1: 44.1406 (45.0047)  manu_acc1: 60.9375 (61.7878)  time: 0.4423  data: 0.2279  max mem: 11382
Test:  [198/391]  eta: 0:01:21  sploss: 7.3888 (7.4197)  famloss: 2.6538 (2.6332)  manuloss: 1.8176 (1.7549)  acc1: 0.7812 (0.7616)  acc5: 7.0312 (6.2618)  family_acc1: 44.1406 (44.9867)  manu_acc1: 60.9375 (61.7933)  time: 0.4418  data: 0.2279  max mem: 11382
Test:  [199/391]  eta: 0:01:20  sploss: 7.3888 (7.4189)  famloss: 2.6538 (2.6347)  manuloss: 1.8189 (1.7560)  acc1: 0.7812 (0.7617)  acc5: 7.4219 (6.2734)  family_acc1: 44.1406 (44.9551)  manu_acc1: 60.1562 (61.7715)  time: 0.4414  data: 0.2279  max mem: 11382
Test:  [200/391]  eta: 0:01:19  sploss: 7.4214 (7.4198)  famloss: 2.6685 (2.6356)  manuloss: 1.8254 (1.7579)  acc1: 0.7812 (0.7599)  acc5: 7.4219 (6.2811)  family_acc1: 43.7500 (44.9335)  manu_acc1: 59.7656 (61.7304)  time: 0.3290  data: 0.1161  max mem: 11382
Test:  [201/391]  eta: 0:01:19  sploss: 7.3888 (7.4192)  famloss: 2.6685 (2.6349)  manuloss: 1.8254 (1.7575)  acc1: 0.7812 (0.7638)  acc5: 7.4219 (6.2925)  family_acc1: 43.7500 (44.9489)  manu_acc1: 59.7656 (61.7478)  time: 0.3296  data: 0.1161  max mem: 11382
Test:  [202/391]  eta: 0:01:18  sploss: 7.3888 (7.4195)  famloss: 2.6685 (2.6352)  manuloss: 1.8189 (1.7577)  acc1: 0.7812 (0.7697)  acc5: 7.4219 (6.2885)  family_acc1: 44.1406 (44.9469)  manu_acc1: 60.1562 (61.7399)  time: 0.3300  data: 0.1161  max mem: 11382
Test:  [203/391]  eta: 0:01:18  sploss: 7.3888 (7.4190)  famloss: 2.6685 (2.6353)  manuloss: 1.7901 (1.7573)  acc1: 0.7812 (0.7659)  acc5: 7.4219 (6.2826)  family_acc1: 44.1406 (44.9697)  manu_acc1: 60.1562 (61.7513)  time: 0.3303  data: 0.1161  max mem: 11382
Test:  [204/391]  eta: 0:01:19  sploss: 7.3187 (7.4173)  famloss: 2.6431 (2.6348)  manuloss: 1.7901 (1.7580)  acc1: 0.7812 (0.7622)  acc5: 7.4219 (6.2767)  family_acc1: 44.5312 (44.9848)  manu_acc1: 60.1562 (61.7321)  time: 0.4426  data: 0.2271  max mem: 11382
Test:  [205/391]  eta: 0:01:18  sploss: 7.3187 (7.4171)  famloss: 2.6431 (2.6355)  manuloss: 1.7901 (1.7598)  acc1: 0.7812 (0.7604)  acc5: 7.4219 (6.2671)  family_acc1: 44.5312 (44.9845)  manu_acc1: 60.1562 (61.6884)  time: 0.4424  data: 0.2271  max mem: 11382
Test:  [206/391]  eta: 0:01:18  sploss: 7.2947 (7.4165)  famloss: 2.6431 (2.6352)  manuloss: 1.7901 (1.7607)  acc1: 0.7812 (0.7624)  acc5: 7.4219 (6.2783)  family_acc1: 44.5312 (45.0087)  manu_acc1: 60.1562 (61.6565)  time: 0.4428  data: 0.2271  max mem: 11382
Test:  [207/391]  eta: 0:01:17  sploss: 7.2947 (7.4155)  famloss: 2.6431 (2.6355)  manuloss: 1.8663 (1.7612)  acc1: 0.7812 (0.7643)  acc5: 7.8125 (6.2876)  family_acc1: 44.5312 (45.0045)  manu_acc1: 59.7656 (61.6380)  time: 0.4427  data: 0.2271  max mem: 11382
Test:  [208/391]  eta: 0:01:17  sploss: 7.3187 (7.4158)  famloss: 2.6431 (2.6361)  manuloss: 1.8663 (1.7623)  acc1: 0.7812 (0.7644)  acc5: 7.8125 (6.2762)  family_acc1: 44.5312 (45.0004)  manu_acc1: 59.7656 (61.6066)  time: 0.4429  data: 0.2270  max mem: 11382
Test:  [209/391]  eta: 0:01:16  sploss: 7.2947 (7.4142)  famloss: 2.6431 (2.6362)  manuloss: 1.8558 (1.7627)  acc1: 0.7812 (0.7626)  acc5: 7.8125 (6.2779)  family_acc1: 44.9219 (45.0037)  manu_acc1: 59.7656 (61.5941)  time: 0.4430  data: 0.2270  max mem: 11382
Test:  [210/391]  eta: 0:01:15  sploss: 7.2947 (7.4148)  famloss: 2.6431 (2.6363)  manuloss: 1.8214 (1.7630)  acc1: 0.7812 (0.7609)  acc5: 7.8125 (6.2722)  family_acc1: 44.9219 (45.0033)  manu_acc1: 60.1562 (61.5892)  time: 0.4427  data: 0.2271  max mem: 11382
Test:  [211/391]  eta: 0:01:15  sploss: 7.3187 (7.4146)  famloss: 2.6565 (2.6370)  manuloss: 1.8558 (1.7635)  acc1: 0.7812 (0.7628)  acc5: 6.6406 (6.2703)  family_acc1: 44.5312 (44.9919)  manu_acc1: 59.7656 (61.5806)  time: 0.4428  data: 0.2271  max mem: 11382
Test:  [212/391]  eta: 0:01:14  sploss: 7.3780 (7.4152)  famloss: 2.6565 (2.6370)  manuloss: 1.8595 (1.7647)  acc1: 0.7812 (0.7629)  acc5: 5.8594 (6.2628)  family_acc1: 44.1406 (44.9806)  manu_acc1: 58.9844 (61.5464)  time: 0.3262  data: 0.1115  max mem: 11382
Test:  [213/391]  eta: 0:01:14  sploss: 7.3187 (7.4139)  famloss: 2.6565 (2.6371)  manuloss: 1.8595 (1.7651)  acc1: 0.7812 (0.7685)  acc5: 6.6406 (6.2664)  family_acc1: 44.5312 (44.9858)  manu_acc1: 58.9844 (61.5490)  time: 0.3263  data: 0.1115  max mem: 11382
Test:  [214/391]  eta: 0:01:13  sploss: 7.3187 (7.4141)  famloss: 2.6571 (2.6373)  manuloss: 1.8595 (1.7652)  acc1: 0.7812 (0.7703)  acc5: 6.2500 (6.2664)  family_acc1: 44.5312 (44.9927)  manu_acc1: 58.9844 (61.5516)  time: 0.3257  data: 0.1115  max mem: 11382
Test:  [215/391]  eta: 0:01:12  sploss: 7.3187 (7.4134)  famloss: 2.6571 (2.6370)  manuloss: 1.8595 (1.7654)  acc1: 0.7812 (0.7686)  acc5: 6.2500 (6.2663)  family_acc1: 44.5312 (44.9996)  manu_acc1: 58.9844 (61.5524)  time: 0.3259  data: 0.1115  max mem: 11382
Test:  [216/391]  eta: 0:01:14  sploss: 7.3187 (7.4133)  famloss: 2.6571 (2.6370)  manuloss: 1.8595 (1.7654)  acc1: 0.7812 (0.7686)  acc5: 5.8594 (6.2590)  family_acc1: 44.9219 (45.0065)  manu_acc1: 58.9844 (61.5621)  time: 0.4375  data: 0.2221  max mem: 11382
Test:  [217/391]  eta: 0:01:13  sploss: 7.3187 (7.4130)  famloss: 2.6565 (2.6369)  manuloss: 1.8558 (1.7653)  acc1: 0.7812 (0.7669)  acc5: 6.2500 (6.2590)  family_acc1: 44.9219 (45.0097)  manu_acc1: 59.7656 (61.5575)  time: 0.4378  data: 0.2221  max mem: 11382
Test:  [218/391]  eta: 0:01:13  sploss: 7.3187 (7.4120)  famloss: 2.6565 (2.6370)  manuloss: 1.8595 (1.7662)  acc1: 0.7812 (0.7688)  acc5: 6.2500 (6.2625)  family_acc1: 44.9219 (45.0057)  manu_acc1: 58.9844 (61.5315)  time: 0.4376  data: 0.2221  max mem: 11382
Test:  [219/391]  eta: 0:01:12  sploss: 7.3324 (7.4129)  famloss: 2.6561 (2.6366)  manuloss: 1.8558 (1.7662)  acc1: 0.7812 (0.7670)  acc5: 5.8594 (6.2500)  family_acc1: 44.9219 (45.0053)  manu_acc1: 59.7656 (61.5288)  time: 0.4374  data: 0.2221  max mem: 11382
Test:  [220/391]  eta: 0:01:11  sploss: 7.3324 (7.4151)  famloss: 2.6561 (2.6384)  manuloss: 1.8558 (1.7682)  acc1: 0.7812 (0.7636)  acc5: 5.4688 (6.2359)  family_acc1: 44.9219 (44.9820)  manu_acc1: 59.7656 (61.4748)  time: 0.4373  data: 0.2221  max mem: 11382
Test:  [221/391]  eta: 0:01:11  sploss: 7.3780 (7.4164)  famloss: 2.6565 (2.6408)  manuloss: 1.8595 (1.7709)  acc1: 0.3906 (0.7619)  acc5: 5.0781 (6.2218)  family_acc1: 44.9219 (44.9377)  manu_acc1: 58.9844 (61.3967)  time: 0.4369  data: 0.2221  max mem: 11382
Test:  [222/391]  eta: 0:01:10  sploss: 7.3780 (7.4175)  famloss: 2.6565 (2.6428)  manuloss: 1.8697 (1.7733)  acc1: 0.3906 (0.7707)  acc5: 5.0781 (6.2255)  family_acc1: 44.9219 (44.9149)  manu_acc1: 57.8125 (61.3544)  time: 0.4368  data: 0.2221  max mem: 11382
Test:  [223/391]  eta: 0:01:10  sploss: 7.3884 (7.4195)  famloss: 2.6571 (2.6449)  manuloss: 1.8709 (1.7757)  acc1: 0.7812 (0.7708)  acc5: 5.8594 (6.2273)  family_acc1: 44.9219 (44.8696)  manu_acc1: 57.8125 (61.2932)  time: 0.4371  data: 0.2221  max mem: 11382
Test:  [224/391]  eta: 0:01:09  sploss: 7.4072 (7.4196)  famloss: 2.6616 (2.6469)  manuloss: 1.8709 (1.7785)  acc1: 0.7812 (0.7726)  acc5: 5.8594 (6.2257)  family_acc1: 44.1406 (44.8455)  manu_acc1: 55.8594 (61.2326)  time: 0.3250  data: 0.1111  max mem: 11382
Test:  [225/391]  eta: 0:01:08  sploss: 7.4452 (7.4204)  famloss: 2.6616 (2.6493)  manuloss: 1.8709 (1.7805)  acc1: 0.7812 (0.7726)  acc5: 5.8594 (6.2223)  family_acc1: 44.1406 (44.7992)  manu_acc1: 55.8594 (61.1864)  time: 0.3250  data: 0.1111  max mem: 11382
Test:  [226/391]  eta: 0:01:08  sploss: 7.4452 (7.4185)  famloss: 2.6690 (2.6496)  manuloss: 1.8709 (1.7818)  acc1: 0.7812 (0.7726)  acc5: 5.8594 (6.2259)  family_acc1: 44.1406 (44.7773)  manu_acc1: 55.8594 (61.1406)  time: 0.3246  data: 0.1111  max mem: 11382
Test:  [227/391]  eta: 0:01:07  sploss: 7.4499 (7.4205)  famloss: 2.6690 (2.6507)  manuloss: 1.9625 (1.7840)  acc1: 0.7812 (0.7693)  acc5: 5.8594 (6.2089)  family_acc1: 42.5781 (44.7557)  manu_acc1: 55.0781 (61.0848)  time: 0.3242  data: 0.1111  max mem: 11382
Test:  [228/391]  eta: 0:01:08  sploss: 7.4499 (7.4215)  famloss: 2.6690 (2.6525)  manuloss: 1.9625 (1.7851)  acc1: 0.7812 (0.7659)  acc5: 5.8594 (6.2022)  family_acc1: 42.5781 (44.7308)  manu_acc1: 54.2969 (61.0552)  time: 0.4370  data: 0.2233  max mem: 11382
Test:  [229/391]  eta: 0:01:08  sploss: 7.5265 (7.4226)  famloss: 2.7123 (2.6540)  manuloss: 2.0174 (1.7871)  acc1: 0.7812 (0.7677)  acc5: 5.4688 (6.1990)  family_acc1: 39.8438 (44.6977)  manu_acc1: 54.2969 (60.9918)  time: 0.4391  data: 0.2233  max mem: 11382
Test:  [230/391]  eta: 0:01:07  sploss: 7.5409 (7.4238)  famloss: 2.7824 (2.6555)  manuloss: 2.0451 (1.7896)  acc1: 0.7812 (0.7660)  acc5: 5.4688 (6.1874)  family_acc1: 39.8438 (44.6631)  manu_acc1: 51.9531 (60.9290)  time: 0.4433  data: 0.2233  max mem: 11382
Test:  [231/391]  eta: 0:01:07  sploss: 7.5845 (7.4251)  famloss: 2.8716 (2.6564)  manuloss: 2.0730 (1.7909)  acc1: 0.7812 (0.7644)  acc5: 5.4688 (6.1742)  family_acc1: 39.8438 (44.6457)  manu_acc1: 51.9531 (60.9021)  time: 0.4434  data: 0.2233  max mem: 11382
Test:  [232/391]  eta: 0:01:06  sploss: 7.5845 (7.4257)  famloss: 2.8716 (2.6565)  manuloss: 2.0730 (1.7919)  acc1: 0.3906 (0.7628)  acc5: 5.4688 (6.1662)  family_acc1: 39.8438 (44.6469)  manu_acc1: 51.9531 (60.8889)  time: 0.4433  data: 0.2233  max mem: 11382
Test:  [233/391]  eta: 0:01:06  sploss: 7.5944 (7.4268)  famloss: 2.8716 (2.6573)  manuloss: 2.0880 (1.7932)  acc1: 0.3906 (0.7662)  acc5: 4.6875 (6.1599)  family_acc1: 39.8438 (44.6331)  manu_acc1: 51.5625 (60.8490)  time: 0.4435  data: 0.2233  max mem: 11382
Test:  [234/391]  eta: 0:01:05  sploss: 7.5944 (7.4263)  famloss: 2.8716 (2.6574)  manuloss: 2.0880 (1.7935)  acc1: 0.3906 (0.7630)  acc5: 4.6875 (6.1652)  family_acc1: 39.8438 (44.6376)  manu_acc1: 51.5625 (60.8361)  time: 0.4434  data: 0.2233  max mem: 11382
Test:  [235/391]  eta: 0:01:05  sploss: 7.5944 (7.4247)  famloss: 2.8716 (2.6566)  manuloss: 2.0880 (1.7934)  acc1: 0.3906 (0.7630)  acc5: 4.6875 (6.1772)  family_acc1: 39.8438 (44.6570)  manu_acc1: 51.5625 (60.8299)  time: 0.4439  data: 0.2233  max mem: 11382
Test:  [236/391]  eta: 0:01:04  sploss: 7.5944 (7.4245)  famloss: 2.8716 (2.6568)  manuloss: 2.0880 (1.7936)  acc1: 0.3906 (0.7615)  acc5: 4.6875 (6.1709)  family_acc1: 39.8438 (44.6433)  manu_acc1: 51.5625 (60.8172)  time: 0.3323  data: 0.1126  max mem: 11382
Test:  [237/391]  eta: 0:01:03  sploss: 7.5944 (7.4234)  famloss: 2.8716 (2.6570)  manuloss: 2.0880 (1.7940)  acc1: 0.3906 (0.7632)  acc5: 4.6875 (6.1729)  family_acc1: 39.8438 (44.6264)  manu_acc1: 51.5625 (60.7996)  time: 0.3322  data: 0.1126  max mem: 11382
Test:  [238/391]  eta: 0:01:03  sploss: 7.5944 (7.4219)  famloss: 2.8716 (2.6570)  manuloss: 2.0880 (1.7938)  acc1: 0.3906 (0.7649)  acc5: 4.6875 (6.1715)  family_acc1: 39.8438 (44.6032)  manu_acc1: 51.5625 (60.7920)  time: 0.3323  data: 0.1126  max mem: 11382
Test:  [239/391]  eta: 0:01:02  sploss: 7.5845 (7.4212)  famloss: 2.8716 (2.6568)  manuloss: 2.0880 (1.7938)  acc1: 0.7812 (0.7666)  acc5: 5.4688 (6.1865)  family_acc1: 39.8438 (44.6191)  manu_acc1: 51.5625 (60.7943)  time: 0.3324  data: 0.1126  max mem: 11382
Test:  [240/391]  eta: 0:01:03  sploss: 7.5845 (7.4219)  famloss: 2.8318 (2.6570)  manuloss: 2.0730 (1.7939)  acc1: 0.7812 (0.7650)  acc5: 5.4688 (6.1900)  family_acc1: 39.8438 (44.6042)  manu_acc1: 51.9531 (60.7884)  time: 0.4389  data: 0.2185  max mem: 11382
Test:  [241/391]  eta: 0:01:03  sploss: 7.5665 (7.4209)  famloss: 2.7123 (2.6564)  manuloss: 2.0451 (1.7936)  acc1: 0.7812 (0.7651)  acc5: 5.8594 (6.1919)  family_acc1: 39.8438 (44.6071)  manu_acc1: 54.2969 (60.7955)  time: 0.4386  data: 0.2185  max mem: 11382
Test:  [242/391]  eta: 0:01:02  sploss: 7.5007 (7.4212)  famloss: 2.7123 (2.6567)  manuloss: 2.0420 (1.7946)  acc1: 0.7812 (0.7636)  acc5: 5.4688 (6.1841)  family_acc1: 40.6250 (44.6020)  manu_acc1: 54.6875 (60.7719)  time: 0.4391  data: 0.2185  max mem: 11382
Test:  [243/391]  eta: 0:01:02  sploss: 7.4499 (7.4210)  famloss: 2.7006 (2.6568)  manuloss: 2.0175 (1.7948)  acc1: 0.3906 (0.7620)  acc5: 5.4688 (6.1924)  family_acc1: 40.6250 (44.6033)  manu_acc1: 55.0781 (60.7566)  time: 0.4390  data: 0.2185  max mem: 11382
Test:  [244/391]  eta: 0:01:01  sploss: 7.5007 (7.4215)  famloss: 2.7006 (2.6572)  manuloss: 1.9623 (1.7955)  acc1: 0.3906 (0.7605)  acc5: 5.4688 (6.1878)  family_acc1: 41.0156 (44.5950)  manu_acc1: 56.6406 (60.7526)  time: 0.4390  data: 0.2185  max mem: 11382
Test:  [245/391]  eta: 0:01:00  sploss: 7.3797 (7.4211)  famloss: 2.6973 (2.6563)  manuloss: 1.8873 (1.7949)  acc1: 0.3906 (0.7574)  acc5: 5.0781 (6.1817)  family_acc1: 41.4062 (44.6202)  manu_acc1: 57.0312 (60.7612)  time: 0.4403  data: 0.2185  max mem: 11382
Test:  [246/391]  eta: 0:01:00  sploss: 7.3797 (7.4201)  famloss: 2.6927 (2.6560)  manuloss: 1.8624 (1.7943)  acc1: 0.3906 (0.7623)  acc5: 5.0781 (6.1915)  family_acc1: 41.4062 (44.6166)  manu_acc1: 57.8125 (60.7714)  time: 0.4409  data: 0.2185  max mem: 11382
Test:  [247/391]  eta: 0:00:59  sploss: 7.3797 (7.4202)  famloss: 2.6923 (2.6557)  manuloss: 1.8539 (1.7940)  acc1: 0.3906 (0.7592)  acc5: 5.0781 (6.1807)  family_acc1: 42.5781 (44.6195)  manu_acc1: 57.8125 (60.7800)  time: 0.4415  data: 0.2185  max mem: 11382
Test:  [248/391]  eta: 0:00:59  sploss: 7.3783 (7.4200)  famloss: 2.6923 (2.6562)  manuloss: 1.8539 (1.7948)  acc1: 0.3906 (0.7624)  acc5: 5.4688 (6.1935)  family_acc1: 42.5781 (44.5987)  manu_acc1: 57.8125 (60.7587)  time: 0.3286  data: 0.1063  max mem: 11382
Test:  [249/391]  eta: 0:00:58  sploss: 7.3655 (7.4196)  famloss: 2.6797 (2.6557)  manuloss: 1.8395 (1.7947)  acc1: 0.3906 (0.7609)  acc5: 5.8594 (6.2031)  family_acc1: 43.3594 (44.6031)  manu_acc1: 57.8125 (60.7609)  time: 0.3264  data: 0.1063  max mem: 11382
Test:  [250/391]  eta: 0:00:58  sploss: 7.3655 (7.4204)  famloss: 2.6722 (2.6553)  manuloss: 1.8395 (1.7949)  acc1: 0.3906 (0.7579)  acc5: 5.8594 (6.1940)  family_acc1: 43.7500 (44.6153)  manu_acc1: 57.8125 (60.7492)  time: 0.3224  data: 0.1063  max mem: 11382
Test:  [251/391]  eta: 0:00:57  sploss: 7.3447 (7.4201)  famloss: 2.6641 (2.6546)  manuloss: 1.8187 (1.7942)  acc1: 0.3906 (0.7564)  acc5: 6.6406 (6.1988)  family_acc1: 43.7500 (44.6103)  manu_acc1: 58.9844 (60.7685)  time: 0.3226  data: 0.1063  max mem: 11382
Test:  [252/391]  eta: 0:00:58  sploss: 7.3223 (7.4186)  famloss: 2.6049 (2.6536)  manuloss: 1.7716 (1.7932)  acc1: 0.3906 (0.7565)  acc5: 6.6406 (6.2021)  family_acc1: 43.7500 (44.6208)  manu_acc1: 59.3750 (60.7708)  time: 0.4265  data: 0.2097  max mem: 11382
Test:  [253/391]  eta: 0:00:57  sploss: 7.3172 (7.4177)  famloss: 2.6049 (2.6541)  manuloss: 1.7716 (1.7934)  acc1: 0.3906 (0.7536)  acc5: 7.0312 (6.2069)  family_acc1: 43.7500 (44.6066)  manu_acc1: 59.3750 (60.7714)  time: 0.4274  data: 0.2097  max mem: 11382
Test:  [254/391]  eta: 0:00:57  sploss: 7.3172 (7.4173)  famloss: 2.5977 (2.6537)  manuloss: 1.7714 (1.7931)  acc1: 0.3906 (0.7521)  acc5: 6.6406 (6.2056)  family_acc1: 43.7500 (44.6078)  manu_acc1: 59.7656 (60.7705)  time: 0.4281  data: 0.2097  max mem: 11382
Test:  [255/391]  eta: 0:00:56  sploss: 7.3223 (7.4170)  famloss: 2.5977 (2.6535)  manuloss: 1.7602 (1.7928)  acc1: 0.3906 (0.7538)  acc5: 6.6406 (6.2134)  family_acc1: 43.7500 (44.6121)  manu_acc1: 60.5469 (60.7849)  time: 0.4274  data: 0.2097  max mem: 11382
Test:  [256/391]  eta: 0:00:56  sploss: 7.3172 (7.4164)  famloss: 2.5826 (2.6530)  manuloss: 1.7561 (1.7923)  acc1: 0.3906 (0.7539)  acc5: 7.0312 (6.2181)  family_acc1: 44.9219 (44.6164)  manu_acc1: 60.9375 (60.8007)  time: 0.4274  data: 0.2097  max mem: 11382
Test:  [257/391]  eta: 0:00:55  sploss: 7.3223 (7.4161)  famloss: 2.5669 (2.6525)  manuloss: 1.7338 (1.7918)  acc1: 0.3906 (0.7525)  acc5: 7.0312 (6.2152)  family_acc1: 44.9219 (44.6070)  manu_acc1: 61.3281 (60.8027)  time: 0.4273  data: 0.2097  max mem: 11382
Test:  [258/391]  eta: 0:00:55  sploss: 7.3260 (7.4160)  famloss: 2.5669 (2.6527)  manuloss: 1.7338 (1.7918)  acc1: 0.3906 (0.7586)  acc5: 7.0312 (6.2153)  family_acc1: 44.9219 (44.6052)  manu_acc1: 61.3281 (60.8123)  time: 0.4270  data: 0.2097  max mem: 11382
Test:  [259/391]  eta: 0:00:54  sploss: 7.3260 (7.4157)  famloss: 2.5631 (2.6523)  manuloss: 1.7216 (1.7912)  acc1: 0.3906 (0.7662)  acc5: 7.0312 (6.2245)  family_acc1: 44.9219 (44.6094)  manu_acc1: 61.3281 (60.8353)  time: 0.4271  data: 0.2097  max mem: 11382
Test:  [260/391]  eta: 0:00:54  sploss: 7.3223 (7.4147)  famloss: 2.5631 (2.6524)  manuloss: 1.7098 (1.7903)  acc1: 0.3906 (0.7648)  acc5: 6.6406 (6.2246)  family_acc1: 44.9219 (44.5956)  manu_acc1: 61.3281 (60.8402)  time: 0.3208  data: 0.1038  max mem: 11382
Test:  [261/391]  eta: 0:00:53  sploss: 7.3223 (7.4139)  famloss: 2.5631 (2.6516)  manuloss: 1.7098 (1.7900)  acc1: 0.3906 (0.7678)  acc5: 7.0312 (6.2381)  family_acc1: 44.5312 (44.5954)  manu_acc1: 61.3281 (60.8495)  time: 0.3210  data: 0.1038  max mem: 11382
Test:  [262/391]  eta: 0:00:53  sploss: 7.3191 (7.4125)  famloss: 2.5478 (2.6504)  manuloss: 1.7076 (1.7888)  acc1: 0.3906 (0.7694)  acc5: 7.4219 (6.2470)  family_acc1: 44.9219 (44.6308)  manu_acc1: 62.1094 (60.8766)  time: 0.3207  data: 0.1038  max mem: 11382
Test:  [263/391]  eta: 0:00:52  sploss: 7.3172 (7.4112)  famloss: 2.5464 (2.6497)  manuloss: 1.6659 (1.7877)  acc1: 0.3906 (0.7694)  acc5: 7.4219 (6.2544)  family_acc1: 44.9219 (44.6422)  manu_acc1: 62.8906 (60.8931)  time: 0.3203  data: 0.1038  max mem: 11382
Test:  [264/391]  eta: 0:00:53  sploss: 7.3172 (7.4113)  famloss: 2.5398 (2.6485)  manuloss: 1.6659 (1.7874)  acc1: 0.3906 (0.7665)  acc5: 7.4219 (6.2515)  family_acc1: 45.3125 (44.6477)  manu_acc1: 62.8906 (60.8903)  time: 0.4265  data: 0.2091  max mem: 11382
Test:  [265/391]  eta: 0:00:52  sploss: 7.3172 (7.4109)  famloss: 2.5464 (2.6482)  manuloss: 1.7045 (1.7873)  acc1: 0.3906 (0.7651)  acc5: 7.4219 (6.2529)  family_acc1: 45.3125 (44.6546)  manu_acc1: 62.1094 (60.8934)  time: 0.4256  data: 0.2091  max mem: 11382
Test:  [266/391]  eta: 0:00:52  sploss: 7.3184 (7.4107)  famloss: 2.5464 (2.6484)  manuloss: 1.7076 (1.7872)  acc1: 0.3906 (0.7666)  acc5: 7.0312 (6.2529)  family_acc1: 45.3125 (44.6337)  manu_acc1: 61.7188 (60.8907)  time: 0.4255  data: 0.2091  max mem: 11382
Test:  [267/391]  eta: 0:00:51  sploss: 7.3172 (7.4099)  famloss: 2.5464 (2.6482)  manuloss: 1.7098 (1.7869)  acc1: 0.7812 (0.7667)  acc5: 7.0312 (6.2558)  family_acc1: 44.9219 (44.6202)  manu_acc1: 61.7188 (60.8952)  time: 0.4256  data: 0.2091  max mem: 11382
Test:  [268/391]  eta: 0:00:51  sploss: 7.3172 (7.4099)  famloss: 2.5398 (2.6471)  manuloss: 1.7045 (1.7862)  acc1: 0.7812 (0.7667)  acc5: 7.0312 (6.2587)  family_acc1: 45.3125 (44.6227)  manu_acc1: 61.7188 (60.8939)  time: 0.4258  data: 0.2091  max mem: 11382
Test:  [269/391]  eta: 0:00:50  sploss: 7.3184 (7.4099)  famloss: 2.5398 (2.6465)  manuloss: 1.6710 (1.7858)  acc1: 0.7812 (0.7653)  acc5: 7.0312 (6.2529)  family_acc1: 45.3125 (44.6325)  manu_acc1: 61.7188 (60.8955)  time: 0.4264  data: 0.2091  max mem: 11382
Test:  [270/391]  eta: 0:00:50  sploss: 7.3184 (7.4098)  famloss: 2.5099 (2.6457)  manuloss: 1.6659 (1.7845)  acc1: 0.7812 (0.7625)  acc5: 7.0312 (6.2529)  family_acc1: 45.3125 (44.6437)  manu_acc1: 62.1094 (60.9274)  time: 0.4264  data: 0.2091  max mem: 11382
Test:  [271/391]  eta: 0:00:49  sploss: 7.3184 (7.4096)  famloss: 2.5398 (2.6462)  manuloss: 1.6710 (1.7849)  acc1: 0.7812 (0.7611)  acc5: 6.6406 (6.2529)  family_acc1: 45.3125 (44.6217)  manu_acc1: 61.7188 (60.9174)  time: 0.4265  data: 0.2091  max mem: 11382
Test:  [272/391]  eta: 0:00:49  sploss: 7.3184 (7.4082)  famloss: 2.5398 (2.6446)  manuloss: 1.6710 (1.7841)  acc1: 0.3906 (0.7584)  acc5: 6.2500 (6.2529)  family_acc1: 45.3125 (44.6586)  manu_acc1: 62.1094 (60.9346)  time: 0.3227  data: 0.1057  max mem: 11382
Test:  [273/391]  eta: 0:00:48  sploss: 7.3184 (7.4073)  famloss: 2.5099 (2.6433)  manuloss: 1.6659 (1.7827)  acc1: 0.7812 (0.7599)  acc5: 6.2500 (6.2486)  family_acc1: 45.7031 (44.6895)  manu_acc1: 62.1094 (60.9660)  time: 0.3219  data: 0.1057  max mem: 11382
Test:  [274/391]  eta: 0:00:48  sploss: 7.3191 (7.4076)  famloss: 2.5099 (2.6433)  manuloss: 1.6659 (1.7829)  acc1: 0.7812 (0.7571)  acc5: 6.2500 (6.2443)  family_acc1: 45.7031 (44.6747)  manu_acc1: 62.1094 (60.9517)  time: 0.3218  data: 0.1057  max mem: 11382
Test:  [275/391]  eta: 0:00:47  sploss: 7.3191 (7.4073)  famloss: 2.5099 (2.6429)  manuloss: 1.6646 (1.7821)  acc1: 0.7812 (0.7572)  acc5: 6.2500 (6.2415)  family_acc1: 45.3125 (44.6770)  manu_acc1: 62.1094 (60.9771)  time: 0.3220  data: 0.1057  max mem: 11382
Test:  [276/391]  eta: 0:00:48  sploss: 7.3191 (7.4065)  famloss: 2.4738 (2.6421)  manuloss: 1.6266 (1.7815)  acc1: 0.7812 (0.7573)  acc5: 6.2500 (6.2345)  family_acc1: 45.3125 (44.6807)  manu_acc1: 62.1094 (60.9869)  time: 0.4270  data: 0.2099  max mem: 11382
Test:  [277/391]  eta: 0:00:47  sploss: 7.3184 (7.4048)  famloss: 2.4563 (2.6407)  manuloss: 1.6227 (1.7808)  acc1: 0.7812 (0.7560)  acc5: 6.2500 (6.2542)  family_acc1: 45.7031 (44.7041)  manu_acc1: 63.2812 (61.0078)  time: 0.4279  data: 0.2099  max mem: 11382
Test:  [278/391]  eta: 0:00:47  sploss: 7.2361 (7.4042)  famloss: 2.4563 (2.6407)  manuloss: 1.6227 (1.7805)  acc1: 0.3906 (0.7546)  acc5: 6.2500 (6.2514)  family_acc1: 45.7031 (44.6993)  manu_acc1: 62.1094 (61.0005)  time: 0.4289  data: 0.2099  max mem: 11382
Test:  [279/391]  eta: 0:00:46  sploss: 7.1888 (7.4033)  famloss: 2.4563 (2.6402)  manuloss: 1.6266 (1.7807)  acc1: 0.3906 (0.7533)  acc5: 6.2500 (6.2514)  family_acc1: 45.3125 (44.6973)  manu_acc1: 62.1094 (60.9961)  time: 0.4289  data: 0.2100  max mem: 11382
Test:  [280/391]  eta: 0:00:46  sploss: 7.1888 (7.4018)  famloss: 2.4349 (2.6387)  manuloss: 1.6266 (1.7798)  acc1: 0.3906 (0.7534)  acc5: 6.2500 (6.2583)  family_acc1: 45.7031 (44.7231)  manu_acc1: 62.1094 (61.0070)  time: 0.4285  data: 0.2099  max mem: 11382
Test:  [281/391]  eta: 0:00:45  sploss: 7.2361 (7.4017)  famloss: 2.4563 (2.6385)  manuloss: 1.6266 (1.7796)  acc1: 0.3906 (0.7549)  acc5: 6.2500 (6.2625)  family_acc1: 46.0938 (44.7376)  manu_acc1: 62.1094 (61.0165)  time: 0.4282  data: 0.2100  max mem: 11382
Test:  [282/391]  eta: 0:00:45  sploss: 7.3184 (7.4020)  famloss: 2.4738 (2.6384)  manuloss: 1.6476 (1.7792)  acc1: 0.3906 (0.7550)  acc5: 6.2500 (6.2638)  family_acc1: 46.0938 (44.7493)  manu_acc1: 62.1094 (61.0314)  time: 0.4279  data: 0.2100  max mem: 11382
Test:  [283/391]  eta: 0:00:44  sploss: 7.3225 (7.4022)  famloss: 2.4819 (2.6379)  manuloss: 1.6476 (1.7785)  acc1: 0.3906 (0.7524)  acc5: 6.2500 (6.2583)  family_acc1: 46.0938 (44.7554)  manu_acc1: 62.1094 (61.0462)  time: 0.4284  data: 0.2100  max mem: 11382
Test:  [284/391]  eta: 0:00:44  sploss: 7.3225 (7.4030)  famloss: 2.5060 (2.6378)  manuloss: 1.6476 (1.7781)  acc1: 0.3906 (0.7511)  acc5: 6.2500 (6.2582)  family_acc1: 45.7031 (44.7560)  manu_acc1: 62.8906 (61.0526)  time: 0.3218  data: 0.1047  max mem: 11382
Test:  [285/391]  eta: 0:00:43  sploss: 7.3511 (7.4032)  famloss: 2.5060 (2.6376)  manuloss: 1.6476 (1.7781)  acc1: 0.3906 (0.7512)  acc5: 6.2500 (6.2582)  family_acc1: 45.3125 (44.7580)  manu_acc1: 62.8906 (61.0522)  time: 0.3216  data: 0.1047  max mem: 11382
Test:  [286/391]  eta: 0:00:43  sploss: 7.3225 (7.4026)  famloss: 2.4819 (2.6361)  manuloss: 1.6266 (1.7768)  acc1: 0.3906 (0.7540)  acc5: 6.2500 (6.2622)  family_acc1: 45.7031 (44.7912)  manu_acc1: 63.6719 (61.0668)  time: 0.3209  data: 0.1047  max mem: 11382
Test:  [287/391]  eta: 0:00:42  sploss: 7.3225 (7.4018)  famloss: 2.4738 (2.6355)  manuloss: 1.6266 (1.7766)  acc1: 0.3906 (0.7528)  acc5: 6.2500 (6.2609)  family_acc1: 46.4844 (44.8079)  manu_acc1: 63.6719 (61.0745)  time: 0.3202  data: 0.1047  max mem: 11382
Test:  [288/391]  eta: 0:00:42  sploss: 7.2376 (7.4004)  famloss: 2.4819 (2.6352)  manuloss: 1.6476 (1.7763)  acc1: 0.3906 (0.7515)  acc5: 6.2500 (6.2608)  family_acc1: 46.4844 (44.8124)  manu_acc1: 63.6719 (61.0862)  time: 0.4258  data: 0.2096  max mem: 11382
Test:  [289/391]  eta: 0:00:42  sploss: 7.2361 (7.3995)  famloss: 2.4819 (2.6337)  manuloss: 1.6266 (1.7750)  acc1: 0.3906 (0.7557)  acc5: 6.2500 (6.2648)  family_acc1: 46.4844 (44.8451)  manu_acc1: 64.0625 (61.1180)  time: 0.4255  data: 0.2096  max mem: 11382
Test:  [290/391]  eta: 0:00:41  sploss: 7.2361 (7.3990)  famloss: 2.4819 (2.6326)  manuloss: 1.6266 (1.7739)  acc1: 0.3906 (0.7571)  acc5: 6.2500 (6.2701)  family_acc1: 46.4844 (44.8507)  manu_acc1: 64.0625 (61.1415)  time: 0.4254  data: 0.2096  max mem: 11382
Test:  [291/391]  eta: 0:00:41  sploss: 7.1814 (7.3982)  famloss: 2.4587 (2.6319)  manuloss: 1.6187 (1.7733)  acc1: 0.7812 (0.7585)  acc5: 6.2500 (6.2674)  family_acc1: 46.4844 (44.8550)  manu_acc1: 64.0625 (61.1408)  time: 0.4252  data: 0.2096  max mem: 11382
Test:  [292/391]  eta: 0:00:40  sploss: 7.1814 (7.3956)  famloss: 2.4587 (2.6307)  manuloss: 1.6187 (1.7726)  acc1: 0.7812 (0.7573)  acc5: 6.2500 (6.2780)  family_acc1: 46.4844 (44.8712)  manu_acc1: 64.0625 (61.1561)  time: 0.4251  data: 0.2096  max mem: 11382
Test:  [293/391]  eta: 0:00:40  sploss: 7.2361 (7.3961)  famloss: 2.4764 (2.6302)  manuloss: 1.6266 (1.7723)  acc1: 0.3906 (0.7560)  acc5: 6.2500 (6.2766)  family_acc1: 46.4844 (44.8807)  manu_acc1: 63.6719 (61.1647)  time: 0.4251  data: 0.2096  max mem: 11382
Test:  [294/391]  eta: 0:00:40  sploss: 7.1814 (7.3951)  famloss: 2.4587 (2.6294)  manuloss: 1.6187 (1.7714)  acc1: 0.7812 (0.7574)  acc5: 6.2500 (6.2858)  family_acc1: 46.4844 (44.9060)  manu_acc1: 64.0625 (61.1931)  time: 0.4245  data: 0.2096  max mem: 11382
Test:  [295/391]  eta: 0:00:39  sploss: 7.1814 (7.3950)  famloss: 2.4356 (2.6284)  manuloss: 1.6187 (1.7705)  acc1: 0.7812 (0.7588)  acc5: 6.2500 (6.2817)  family_acc1: 47.6562 (44.9364)  manu_acc1: 64.0625 (61.2107)  time: 0.4245  data: 0.2096  max mem: 11382
Test:  [296/391]  eta: 0:00:39  sploss: 7.2103 (7.3944)  famloss: 2.4356 (2.6276)  manuloss: 1.6187 (1.7700)  acc1: 0.3906 (0.7576)  acc5: 6.2500 (6.2842)  family_acc1: 48.0469 (44.9495)  manu_acc1: 64.4531 (61.2269)  time: 0.3196  data: 0.1054  max mem: 11382
Test:  [297/391]  eta: 0:00:38  sploss: 7.2103 (7.3935)  famloss: 2.4356 (2.6263)  manuloss: 1.6187 (1.7684)  acc1: 0.3906 (0.7550)  acc5: 6.2500 (6.2906)  family_acc1: 48.0469 (44.9769)  manu_acc1: 64.4531 (61.2665)  time: 0.3189  data: 0.1054  max mem: 11382
Test:  [298/391]  eta: 0:00:38  sploss: 7.1814 (7.3928)  famloss: 2.3986 (2.6254)  manuloss: 1.5838 (1.7673)  acc1: 0.7812 (0.7577)  acc5: 6.2500 (6.2892)  family_acc1: 48.8281 (44.9976)  manu_acc1: 65.2344 (61.2850)  time: 0.3182  data: 0.1054  max mem: 11382
Test:  [299/391]  eta: 0:00:37  sploss: 7.1814 (7.3914)  famloss: 2.3746 (2.6240)  manuloss: 1.5620 (1.7664)  acc1: 0.7812 (0.7591)  acc5: 6.6406 (6.2904)  family_acc1: 48.8281 (45.0260)  manu_acc1: 65.2344 (61.2995)  time: 0.3183  data: 0.1054  max mem: 11382
Test:  [300/391]  eta: 0:00:37  sploss: 7.2103 (7.3917)  famloss: 2.3986 (2.6234)  manuloss: 1.5620 (1.7654)  acc1: 0.7812 (0.7579)  acc5: 6.2500 (6.2850)  family_acc1: 48.8281 (45.0361)  manu_acc1: 65.2344 (61.3164)  time: 0.4244  data: 0.2102  max mem: 11382
Test:  [301/391]  eta: 0:00:37  sploss: 7.1814 (7.3904)  famloss: 2.3746 (2.6218)  manuloss: 1.5242 (1.7643)  acc1: 0.3906 (0.7567)  acc5: 6.2500 (6.2914)  family_acc1: 48.8281 (45.0758)  manu_acc1: 65.6250 (61.3501)  time: 0.4251  data: 0.2102  max mem: 11382
Test:  [302/391]  eta: 0:00:36  sploss: 7.1814 (7.3898)  famloss: 2.3500 (2.6208)  manuloss: 1.5029 (1.7632)  acc1: 0.3906 (0.7555)  acc5: 6.2500 (6.2951)  family_acc1: 49.6094 (45.0908)  manu_acc1: 65.6250 (61.3732)  time: 0.4251  data: 0.2102  max mem: 11382
Test:  [303/391]  eta: 0:00:36  sploss: 7.1814 (7.3900)  famloss: 2.3500 (2.6201)  manuloss: 1.4928 (1.7622)  acc1: 0.3906 (0.7568)  acc5: 6.6406 (6.3027)  family_acc1: 49.6094 (45.1043)  manu_acc1: 66.0156 (61.3962)  time: 0.4248  data: 0.2101  max mem: 11382
Test:  [304/391]  eta: 0:00:35  sploss: 7.1814 (7.3897)  famloss: 2.3419 (2.6189)  manuloss: 1.4627 (1.7612)  acc1: 0.3906 (0.7544)  acc5: 6.6406 (6.2987)  family_acc1: 49.6094 (45.1268)  manu_acc1: 66.0156 (61.4114)  time: 0.4255  data: 0.2101  max mem: 11382
Test:  [305/391]  eta: 0:00:35  sploss: 7.1814 (7.3899)  famloss: 2.3419 (2.6181)  manuloss: 1.4627 (1.7606)  acc1: 0.3906 (0.7557)  acc5: 7.0312 (6.3011)  family_acc1: 49.6094 (45.1517)  manu_acc1: 66.0156 (61.4239)  time: 0.4255  data: 0.2101  max mem: 11382
Test:  [306/391]  eta: 0:00:34  sploss: 7.1814 (7.3895)  famloss: 2.3500 (2.6178)  manuloss: 1.4928 (1.7602)  acc1: 0.3906 (0.7571)  acc5: 7.0312 (6.3034)  family_acc1: 49.6094 (45.1585)  manu_acc1: 66.0156 (61.4337)  time: 0.4256  data: 0.2101  max mem: 11382
Test:  [307/391]  eta: 0:00:34  sploss: 7.2006 (7.3892)  famloss: 2.3419 (2.6169)  manuloss: 1.4806 (1.7593)  acc1: 0.3906 (0.7559)  acc5: 7.0312 (6.3045)  family_acc1: 49.6094 (45.1679)  manu_acc1: 66.4062 (61.4550)  time: 0.4258  data: 0.2101  max mem: 11382
Test:  [308/391]  eta: 0:00:34  sploss: 7.2103 (7.3887)  famloss: 2.3419 (2.6170)  manuloss: 1.4806 (1.7593)  acc1: 1.1719 (0.7585)  acc5: 7.0312 (6.3170)  family_acc1: 49.6094 (45.1621)  manu_acc1: 66.4062 (61.4583)  time: 0.3200  data: 0.1052  max mem: 11382
Test:  [309/391]  eta: 0:00:33  sploss: 7.2304 (7.3889)  famloss: 2.3500 (2.6166)  manuloss: 1.4928 (1.7586)  acc1: 0.7812 (0.7586)  acc5: 7.0312 (6.3130)  family_acc1: 49.2188 (45.1689)  manu_acc1: 66.0156 (61.4718)  time: 0.3198  data: 0.1052  max mem: 11382
Test:  [310/391]  eta: 0:00:33  sploss: 7.2304 (7.3885)  famloss: 2.3636 (2.6160)  manuloss: 1.5029 (1.7582)  acc1: 0.7812 (0.7599)  acc5: 6.6406 (6.3115)  family_acc1: 49.2188 (45.1768)  manu_acc1: 66.0156 (61.4751)  time: 0.3196  data: 0.1052  max mem: 11382
Test:  [311/391]  eta: 0:00:32  sploss: 7.2589 (7.3880)  famloss: 2.3636 (2.6154)  manuloss: 1.5029 (1.7575)  acc1: 0.3906 (0.7587)  acc5: 6.6406 (6.3051)  family_acc1: 49.6094 (45.1948)  manu_acc1: 66.0156 (61.4896)  time: 0.3197  data: 0.1052  max mem: 11382
Test:  [312/391]  eta: 0:00:32  sploss: 7.2593 (7.3880)  famloss: 2.3746 (2.6152)  manuloss: 1.4928 (1.7565)  acc1: 0.7812 (0.7625)  acc5: 6.6406 (6.3112)  family_acc1: 49.2188 (45.1977)  manu_acc1: 66.0156 (61.5116)  time: 0.4274  data: 0.2125  max mem: 11382
Test:  [313/391]  eta: 0:00:32  sploss: 7.2593 (7.3879)  famloss: 2.3746 (2.6147)  manuloss: 1.4928 (1.7561)  acc1: 0.7812 (0.7626)  acc5: 6.6406 (6.3110)  family_acc1: 49.2188 (45.1956)  manu_acc1: 66.0156 (61.5172)  time: 0.4278  data: 0.2125  max mem: 11382
Test:  [314/391]  eta: 0:00:31  sploss: 7.2593 (7.3874)  famloss: 2.3746 (2.6141)  manuloss: 1.4928 (1.7554)  acc1: 0.7812 (0.7626)  acc5: 6.6406 (6.3145)  family_acc1: 48.8281 (45.2034)  manu_acc1: 66.0156 (61.5327)  time: 0.4286  data: 0.2125  max mem: 11382
Test:  [315/391]  eta: 0:00:31  sploss: 7.2589 (7.3863)  famloss: 2.4064 (2.6138)  manuloss: 1.4928 (1.7551)  acc1: 0.7812 (0.7664)  acc5: 6.6406 (6.3143)  family_acc1: 48.0469 (45.1975)  manu_acc1: 66.0156 (61.5358)  time: 0.4286  data: 0.2125  max mem: 11382
Test:  [316/391]  eta: 0:00:30  sploss: 7.2589 (7.3855)  famloss: 2.4104 (2.6134)  manuloss: 1.4928 (1.7544)  acc1: 0.7812 (0.7677)  acc5: 6.6406 (6.3215)  family_acc1: 48.0469 (45.2053)  manu_acc1: 66.0156 (61.5499)  time: 0.4284  data: 0.2125  max mem: 11382
Test:  [317/391]  eta: 0:00:30  sploss: 7.2593 (7.3858)  famloss: 2.4104 (2.6127)  manuloss: 1.4928 (1.7534)  acc1: 0.7812 (0.7665)  acc5: 6.6406 (6.3139)  family_acc1: 47.6562 (45.2081)  manu_acc1: 66.0156 (61.5689)  time: 0.4281  data: 0.2125  max mem: 11382
Test:  [318/391]  eta: 0:00:30  sploss: 7.2805 (7.3857)  famloss: 2.4374 (2.6124)  manuloss: 1.5457 (1.7528)  acc1: 0.7812 (0.7641)  acc5: 6.6406 (6.3076)  family_acc1: 47.6562 (45.2084)  manu_acc1: 66.0156 (61.5730)  time: 0.4282  data: 0.2125  max mem: 11382
Test:  [319/391]  eta: 0:00:29  sploss: 7.2849 (7.3864)  famloss: 2.4413 (2.6119)  manuloss: 1.5504 (1.7527)  acc1: 0.7812 (0.7642)  acc5: 6.2500 (6.3049)  family_acc1: 47.6562 (45.2063)  manu_acc1: 66.0156 (61.5723)  time: 0.4279  data: 0.2125  max mem: 11382
Test:  [320/391]  eta: 0:00:29  sploss: 7.2849 (7.3867)  famloss: 2.4374 (2.6112)  manuloss: 1.5524 (1.7522)  acc1: 0.7812 (0.7666)  acc5: 6.2500 (6.3035)  family_acc1: 47.2656 (45.2042)  manu_acc1: 65.6250 (61.5739)  time: 0.3216  data: 0.1078  max mem: 11382
Test:  [321/391]  eta: 0:00:28  sploss: 7.2849 (7.3861)  famloss: 2.4470 (2.6108)  manuloss: 1.5610 (1.7517)  acc1: 0.7812 (0.7679)  acc5: 6.2500 (6.3070)  family_acc1: 47.2656 (45.2094)  manu_acc1: 65.2344 (61.5720)  time: 0.3211  data: 0.1077  max mem: 11382
Test:  [322/391]  eta: 0:00:28  sploss: 7.2983 (7.3860)  famloss: 2.4556 (2.6104)  manuloss: 1.5625 (1.7515)  acc1: 1.1719 (0.7704)  acc5: 6.2500 (6.3020)  family_acc1: 47.2656 (45.2158)  manu_acc1: 64.4531 (61.5809)  time: 0.3216  data: 0.1078  max mem: 11382
Test:  [323/391]  eta: 0:00:27  sploss: 7.2849 (7.3853)  famloss: 2.4585 (2.6100)  manuloss: 1.5775 (1.7510)  acc1: 1.1719 (0.7716)  acc5: 6.2500 (6.3043)  family_acc1: 47.2656 (45.2281)  manu_acc1: 64.4531 (61.5873)  time: 0.3217  data: 0.1078  max mem: 11382
Test:  [324/391]  eta: 0:00:27  sploss: 7.2805 (7.3850)  famloss: 2.4585 (2.6093)  manuloss: 1.5792 (1.7505)  acc1: 1.1719 (0.7704)  acc5: 6.2500 (6.2981)  family_acc1: 47.2656 (45.2392)  manu_acc1: 64.4531 (61.6010)  time: 0.4276  data: 0.2124  max mem: 11382
Test:  [325/391]  eta: 0:00:27  sploss: 7.2805 (7.3849)  famloss: 2.4585 (2.6088)  manuloss: 1.5936 (1.7506)  acc1: 0.7812 (0.7693)  acc5: 6.2500 (6.3003)  family_acc1: 47.2656 (45.2526)  manu_acc1: 63.6719 (61.5977)  time: 0.4280  data: 0.2124  max mem: 11382
Test:  [326/391]  eta: 0:00:26  sploss: 7.2983 (7.3859)  famloss: 2.4585 (2.6095)  manuloss: 1.5936 (1.7506)  acc1: 0.7812 (0.7693)  acc5: 5.8594 (6.2942)  family_acc1: 46.8750 (45.2396)  manu_acc1: 63.2812 (61.5945)  time: 0.4279  data: 0.2124  max mem: 11382
Test:  [327/391]  eta: 0:00:26  sploss: 7.2785 (7.3854)  famloss: 2.4585 (2.6090)  manuloss: 1.6013 (1.7506)  acc1: 0.7812 (0.7670)  acc5: 5.8594 (6.2917)  family_acc1: 46.8750 (45.2458)  manu_acc1: 62.8906 (61.5973)  time: 0.4279  data: 0.2124  max mem: 11382
Test:  [328/391]  eta: 0:00:25  sploss: 7.2785 (7.3844)  famloss: 2.4585 (2.6088)  manuloss: 1.6013 (1.7503)  acc1: 0.7812 (0.7682)  acc5: 5.8594 (6.2963)  family_acc1: 47.2656 (45.2603)  manu_acc1: 63.2812 (61.6071)  time: 0.4277  data: 0.2124  max mem: 11382
Test:  [329/391]  eta: 0:00:25  sploss: 7.2785 (7.3844)  famloss: 2.4585 (2.6086)  manuloss: 1.6100 (1.7505)  acc1: 0.7812 (0.7682)  acc5: 5.8594 (6.2938)  family_acc1: 46.8750 (45.2592)  manu_acc1: 62.8906 (61.6087)  time: 0.4278  data: 0.2124  max mem: 11382
Test:  [330/391]  eta: 0:00:25  sploss: 7.3418 (7.3844)  famloss: 2.4653 (2.6084)  manuloss: 1.6100 (1.7506)  acc1: 0.7812 (0.7694)  acc5: 5.8594 (6.2937)  family_acc1: 46.8750 (45.2653)  manu_acc1: 62.8906 (61.5996)  time: 0.4277  data: 0.2124  max mem: 11382
Test:  [331/391]  eta: 0:00:24  sploss: 7.3690 (7.3852)  famloss: 2.4732 (2.6088)  manuloss: 1.6320 (1.7507)  acc1: 0.7812 (0.7695)  acc5: 5.8594 (6.2912)  family_acc1: 46.0938 (45.2548)  manu_acc1: 62.5000 (61.6023)  time: 0.4277  data: 0.2124  max mem: 11382
Test:  [332/391]  eta: 0:00:24  sploss: 7.3690 (7.3851)  famloss: 2.4732 (2.6086)  manuloss: 1.6472 (1.7508)  acc1: 0.7812 (0.7695)  acc5: 5.4688 (6.2852)  family_acc1: 46.8750 (45.2609)  manu_acc1: 62.5000 (61.6132)  time: 0.3302  data: 0.1051  max mem: 11382
Test:  [333/391]  eta: 0:00:23  sploss: 7.3714 (7.3853)  famloss: 2.4866 (2.6093)  manuloss: 1.6742 (1.7508)  acc1: 0.7812 (0.7719)  acc5: 5.4688 (6.2898)  family_acc1: 46.8750 (45.2505)  manu_acc1: 62.5000 (61.6112)  time: 0.3298  data: 0.1051  max mem: 11382
Test:  [334/391]  eta: 0:00:23  sploss: 7.3745 (7.3862)  famloss: 2.4920 (2.6103)  manuloss: 1.6746 (1.7515)  acc1: 0.7812 (0.7708)  acc5: 5.4688 (6.2920)  family_acc1: 46.0938 (45.2449)  manu_acc1: 62.5000 (61.5928)  time: 0.3321  data: 0.1051  max mem: 11382
Test:  [335/391]  eta: 0:00:22  sploss: 7.3753 (7.3868)  famloss: 2.4920 (2.6108)  manuloss: 1.7063 (1.7521)  acc1: 0.7812 (0.7696)  acc5: 5.4688 (6.2942)  family_acc1: 46.0938 (45.2358)  manu_acc1: 62.1094 (61.5746)  time: 0.3336  data: 0.1051  max mem: 11382
Test:  [336/391]  eta: 0:00:22  sploss: 7.3753 (7.3865)  famloss: 2.5192 (2.6111)  manuloss: 1.7382 (1.7525)  acc1: 0.7812 (0.7697)  acc5: 5.4688 (6.3022)  family_acc1: 46.0938 (45.2383)  manu_acc1: 62.1094 (61.5715)  time: 0.4345  data: 0.2049  max mem: 11382
Test:  [337/391]  eta: 0:00:22  sploss: 7.3753 (7.3876)  famloss: 2.5322 (2.6117)  manuloss: 1.7589 (1.7533)  acc1: 0.7812 (0.7697)  acc5: 5.4688 (6.2928)  family_acc1: 45.3125 (45.2281)  manu_acc1: 61.3281 (61.5454)  time: 0.4356  data: 0.2049  max mem: 11382
Test:  [338/391]  eta: 0:00:21  sploss: 7.3782 (7.3879)  famloss: 2.5401 (2.6118)  manuloss: 1.7589 (1.7531)  acc1: 0.7812 (0.7732)  acc5: 5.8594 (6.2938)  family_acc1: 44.9219 (45.2226)  manu_acc1: 61.3281 (61.5459)  time: 0.4360  data: 0.2049  max mem: 11382
Test:  [339/391]  eta: 0:00:21  sploss: 7.3782 (7.3880)  famloss: 2.5403 (2.6120)  manuloss: 1.7639 (1.7532)  acc1: 0.7812 (0.7755)  acc5: 6.2500 (6.2983)  family_acc1: 44.9219 (45.2206)  manu_acc1: 60.9375 (61.5372)  time: 0.4365  data: 0.2049  max mem: 11382
Test:  [340/391]  eta: 0:00:20  sploss: 7.3782 (7.3882)  famloss: 2.5592 (2.6125)  manuloss: 1.7692 (1.7533)  acc1: 0.7812 (0.7755)  acc5: 6.6406 (6.3015)  family_acc1: 44.9219 (45.2186)  manu_acc1: 60.9375 (61.5332)  time: 0.4369  data: 0.2049  max mem: 11382
Test:  [341/391]  eta: 0:00:20  sploss: 7.3879 (7.3889)  famloss: 2.5592 (2.6122)  manuloss: 1.7692 (1.7527)  acc1: 0.7812 (0.7733)  acc5: 6.2500 (6.2991)  family_acc1: 44.9219 (45.2246)  manu_acc1: 60.9375 (61.5474)  time: 0.4367  data: 0.2049  max mem: 11382
Test:  [342/391]  eta: 0:00:20  sploss: 7.4154 (7.3897)  famloss: 2.5592 (2.6119)  manuloss: 1.7692 (1.7520)  acc1: 0.7812 (0.7756)  acc5: 6.2500 (6.2956)  family_acc1: 44.9219 (45.2259)  manu_acc1: 60.9375 (61.5548)  time: 0.4363  data: 0.2049  max mem: 11382
Test:  [343/391]  eta: 0:00:19  sploss: 7.4154 (7.3891)  famloss: 2.5647 (2.6118)  manuloss: 1.7692 (1.7520)  acc1: 0.7812 (0.7790)  acc5: 6.2500 (6.3000)  family_acc1: 44.9219 (45.2319)  manu_acc1: 60.9375 (61.5552)  time: 0.4363  data: 0.2049  max mem: 11382
Test:  [344/391]  eta: 0:00:19  sploss: 7.4154 (7.3887)  famloss: 2.5647 (2.6113)  manuloss: 1.7692 (1.7513)  acc1: 0.7812 (0.7779)  acc5: 6.2500 (6.2953)  family_acc1: 44.9219 (45.2423)  manu_acc1: 60.9375 (61.5716)  time: 0.3299  data: 0.1003  max mem: 11382
Test:  [345/391]  eta: 0:00:18  sploss: 7.4498 (7.3889)  famloss: 2.6290 (2.6118)  manuloss: 1.7692 (1.7512)  acc1: 0.7812 (0.7790)  acc5: 5.4688 (6.2884)  family_acc1: 44.5312 (45.2278)  manu_acc1: 61.3281 (61.5709)  time: 0.3294  data: 0.1003  max mem: 11382
Test:  [346/391]  eta: 0:00:18  sploss: 7.4154 (7.3878)  famloss: 2.5647 (2.6108)  manuloss: 1.7692 (1.7498)  acc1: 0.7812 (0.7801)  acc5: 6.2500 (6.2894)  family_acc1: 44.9219 (45.2483)  manu_acc1: 61.7188 (61.6084)  time: 0.3295  data: 0.1002  max mem: 11382
Test:  [347/391]  eta: 0:00:17  sploss: 7.4154 (7.3874)  famloss: 2.5647 (2.6101)  manuloss: 1.7692 (1.7485)  acc1: 0.7812 (0.7779)  acc5: 6.2500 (6.2870)  family_acc1: 44.9219 (45.2743)  manu_acc1: 61.7188 (61.6402)  time: 0.3297  data: 0.1003  max mem: 11382
Test:  [348/391]  eta: 0:00:17  sploss: 7.4154 (7.3868)  famloss: 2.6285 (2.6102)  manuloss: 1.7692 (1.7481)  acc1: 0.7812 (0.7779)  acc5: 5.8594 (6.2858)  family_acc1: 44.9219 (45.2789)  manu_acc1: 61.7188 (61.6516)  time: 0.4332  data: 0.2025  max mem: 11382
Test:  [349/391]  eta: 0:00:17  sploss: 7.4154 (7.3860)  famloss: 2.6285 (2.6093)  manuloss: 1.7416 (1.7472)  acc1: 0.7812 (0.7790)  acc5: 6.2500 (6.2913)  family_acc1: 45.7031 (45.2969)  manu_acc1: 61.7188 (61.6797)  time: 0.4337  data: 0.2025  max mem: 11382
Test:  [350/391]  eta: 0:00:16  sploss: 7.4154 (7.3848)  famloss: 2.6285 (2.6088)  manuloss: 1.6957 (1.7466)  acc1: 0.7812 (0.7812)  acc5: 6.6406 (6.2979)  family_acc1: 45.7031 (45.3103)  manu_acc1: 61.7188 (61.6943)  time: 0.4335  data: 0.2025  max mem: 11382
Test:  [351/391]  eta: 0:00:16  sploss: 7.3782 (7.3843)  famloss: 2.5647 (2.6087)  manuloss: 1.6869 (1.7460)  acc1: 0.7812 (0.7812)  acc5: 6.6406 (6.3033)  family_acc1: 45.7031 (45.3025)  manu_acc1: 61.7188 (61.7143)  time: 0.4336  data: 0.2025  max mem: 11382
Test:  [352/391]  eta: 0:00:16  sploss: 7.2902 (7.3839)  famloss: 2.5647 (2.6084)  manuloss: 1.6198 (1.7455)  acc1: 0.7812 (0.7812)  acc5: 6.6406 (6.3009)  family_acc1: 45.7031 (45.3081)  manu_acc1: 61.7188 (61.7210)  time: 0.4228  data: 0.2025  max mem: 11382
Test:  [353/391]  eta: 0:00:15  sploss: 7.2902 (7.3839)  famloss: 2.5636 (2.6076)  manuloss: 1.5615 (1.7444)  acc1: 0.7812 (0.7801)  acc5: 6.6406 (6.2997)  family_acc1: 46.0938 (45.3169)  manu_acc1: 64.0625 (61.7463)  time: 0.4227  data: 0.2025  max mem: 11382
Test:  [354/391]  eta: 0:00:15  sploss: 7.2752 (7.3834)  famloss: 2.5636 (2.6076)  manuloss: 1.5603 (1.7438)  acc1: 0.7812 (0.7812)  acc5: 5.8594 (6.2951)  family_acc1: 46.0938 (45.3114)  manu_acc1: 64.0625 (61.7683)  time: 0.4196  data: 0.2025  max mem: 11382
Test:  [355/391]  eta: 0:00:14  sploss: 7.2629 (7.3830)  famloss: 2.5238 (2.6071)  manuloss: 1.5595 (1.7428)  acc1: 0.7812 (0.7823)  acc5: 5.8594 (6.2939)  family_acc1: 46.8750 (45.3312)  manu_acc1: 65.6250 (61.7923)  time: 0.4180  data: 0.2025  max mem: 11382
Test:  [356/391]  eta: 0:00:14  sploss: 7.2420 (7.3821)  famloss: 2.5182 (2.6063)  manuloss: 1.5377 (1.7416)  acc1: 1.1719 (0.7834)  acc5: 5.8594 (6.2938)  family_acc1: 47.2656 (45.3420)  manu_acc1: 66.4062 (61.8194)  time: 0.3172  data: 0.1027  max mem: 11382
Test:  [357/391]  eta: 0:00:13  sploss: 7.2374 (7.3812)  famloss: 2.5055 (2.6056)  manuloss: 1.5340 (1.7410)  acc1: 1.1719 (0.7834)  acc5: 5.8594 (6.2893)  family_acc1: 47.2656 (45.3605)  manu_acc1: 66.4062 (61.8322)  time: 0.3161  data: 0.1027  max mem: 11382
Test:  [358/391]  eta: 0:00:13  sploss: 7.2374 (7.3813)  famloss: 2.5055 (2.6053)  manuloss: 1.5289 (1.7404)  acc1: 1.1719 (0.7878)  acc5: 5.8594 (6.2924)  family_acc1: 47.2656 (45.3680)  manu_acc1: 66.7969 (61.8471)  time: 0.3154  data: 0.1027  max mem: 11382
Test:  [359/391]  eta: 0:00:13  sploss: 7.2230 (7.3800)  famloss: 2.4483 (2.6042)  manuloss: 1.5244 (1.7392)  acc1: 1.1719 (0.7888)  acc5: 5.8594 (6.2977)  family_acc1: 48.0469 (45.3917)  manu_acc1: 67.1875 (61.8707)  time: 0.3148  data: 0.1027  max mem: 11382
Test:  [360/391]  eta: 0:00:12  sploss: 7.2230 (7.3804)  famloss: 2.4483 (2.6039)  manuloss: 1.5221 (1.7385)  acc1: 1.1719 (0.7877)  acc5: 5.8594 (6.2933)  family_acc1: 48.0469 (45.3969)  manu_acc1: 67.1875 (61.8865)  time: 0.4157  data: 0.2029  max mem: 11382
Test:  [361/391]  eta: 0:00:12  sploss: 7.2161 (7.3791)  famloss: 2.4267 (2.6028)  manuloss: 1.5025 (1.7377)  acc1: 1.1719 (0.7866)  acc5: 5.8594 (6.2986)  family_acc1: 48.4375 (45.4236)  manu_acc1: 67.5781 (61.9044)  time: 0.4159  data: 0.2029  max mem: 11382
Test:  [362/391]  eta: 0:00:11  sploss: 7.2005 (7.3775)  famloss: 2.4133 (2.6018)  manuloss: 1.4714 (1.7367)  acc1: 0.7812 (0.7866)  acc5: 5.8594 (6.2984)  family_acc1: 48.8281 (45.4427)  manu_acc1: 67.5781 (61.9200)  time: 0.4160  data: 0.2029  max mem: 11382
Test:  [363/391]  eta: 0:00:11  sploss: 7.2161 (7.3774)  famloss: 2.4133 (2.6019)  manuloss: 1.4714 (1.7362)  acc1: 0.7812 (0.7877)  acc5: 5.8594 (6.2994)  family_acc1: 48.8281 (45.4359)  manu_acc1: 68.3594 (61.9377)  time: 0.4161  data: 0.2029  max mem: 11382
Test:  [364/391]  eta: 0:00:11  sploss: 7.2161 (7.3772)  famloss: 2.4133 (2.6015)  manuloss: 1.4714 (1.7357)  acc1: 1.1719 (0.7898)  acc5: 6.2500 (6.3035)  family_acc1: 49.2188 (45.4506)  manu_acc1: 68.3594 (61.9488)  time: 0.4162  data: 0.2029  max mem: 11382
Test:  [365/391]  eta: 0:00:10  sploss: 7.1794 (7.3763)  famloss: 2.3665 (2.6004)  manuloss: 1.4533 (1.7347)  acc1: 1.1719 (0.7930)  acc5: 6.2500 (6.3076)  family_acc1: 50.0000 (45.4769)  manu_acc1: 68.3594 (61.9706)  time: 0.4163  data: 0.2029  max mem: 11382
Test:  [366/391]  eta: 0:00:10  sploss: 7.2161 (7.3763)  famloss: 2.4133 (2.6000)  manuloss: 1.4558 (1.7339)  acc1: 1.1719 (0.7940)  acc5: 6.2500 (6.3117)  family_acc1: 49.6094 (45.4881)  manu_acc1: 68.3594 (61.9870)  time: 0.4165  data: 0.2029  max mem: 11382
Test:  [367/391]  eta: 0:00:09  sploss: 7.1794 (7.3754)  famloss: 2.4133 (2.5992)  manuloss: 1.4558 (1.7328)  acc1: 1.1719 (0.7982)  acc5: 6.2500 (6.3105)  family_acc1: 49.6094 (45.5089)  manu_acc1: 68.3594 (62.0149)  time: 0.4165  data: 0.2029  max mem: 11382
Test:  [368/391]  eta: 0:00:09  sploss: 7.1070 (7.3747)  famloss: 2.4133 (2.5987)  manuloss: 1.4550 (1.7321)  acc1: 1.1719 (0.7971)  acc5: 6.6406 (6.3209)  family_acc1: 49.6094 (45.5168)  manu_acc1: 68.3594 (62.0342)  time: 0.3131  data: 0.1006  max mem: 11382
Test:  [369/391]  eta: 0:00:08  sploss: 7.1070 (7.3739)  famloss: 2.4133 (2.5977)  manuloss: 1.4550 (1.7308)  acc1: 1.1719 (0.7981)  acc5: 6.2500 (6.3155)  family_acc1: 49.6094 (45.5321)  manu_acc1: 68.3594 (62.0608)  time: 0.3127  data: 0.1006  max mem: 11382
Test:  [370/391]  eta: 0:00:08  sploss: 7.2161 (7.3738)  famloss: 2.4133 (2.5976)  manuloss: 1.4550 (1.7307)  acc1: 1.1719 (0.7981)  acc5: 6.2500 (6.3153)  family_acc1: 49.2188 (45.5389)  manu_acc1: 68.3594 (62.0683)  time: 0.3129  data: 0.1006  max mem: 11382
Test:  [371/391]  eta: 0:00:08  sploss: 7.1608 (7.3732)  famloss: 2.4133 (2.5974)  manuloss: 1.4550 (1.7302)  acc1: 1.1719 (0.7991)  acc5: 6.2500 (6.3151)  family_acc1: 49.2188 (45.5414)  manu_acc1: 68.3594 (62.0789)  time: 0.3126  data: 0.1006  max mem: 11382
Test:  [372/391]  eta: 0:00:07  sploss: 7.1608 (7.3732)  famloss: 2.4133 (2.5974)  manuloss: 1.4550 (1.7295)  acc1: 1.1719 (0.7980)  acc5: 6.2500 (6.3086)  family_acc1: 49.2188 (45.5429)  manu_acc1: 68.3594 (62.0968)  time: 0.4136  data: 0.2010  max mem: 11382
Test:  [373/391]  eta: 0:00:07  sploss: 7.1608 (7.3729)  famloss: 2.4133 (2.5967)  manuloss: 1.4550 (1.7284)  acc1: 1.1719 (0.7959)  acc5: 6.2500 (6.3095)  family_acc1: 49.6094 (45.5579)  manu_acc1: 68.3594 (62.1271)  time: 0.4132  data: 0.2010  max mem: 11382
Test:  [374/391]  eta: 0:00:06  sploss: 7.1608 (7.3727)  famloss: 2.3648 (2.5958)  manuloss: 1.4533 (1.7273)  acc1: 1.1719 (0.7969)  acc5: 6.2500 (6.3146)  family_acc1: 50.3906 (45.5708)  manu_acc1: 68.3594 (62.1531)  time: 0.4128  data: 0.2010  max mem: 11382
Test:  [375/391]  eta: 0:00:06  sploss: 7.1070 (7.3711)  famloss: 2.3648 (2.5956)  manuloss: 1.4550 (1.7266)  acc1: 1.1719 (0.7979)  acc5: 6.6406 (6.3196)  family_acc1: 49.6094 (45.5722)  manu_acc1: 68.3594 (62.1676)  time: 0.4126  data: 0.2010  max mem: 11382
Test:  [376/391]  eta: 0:00:06  sploss: 7.1261 (7.3704)  famloss: 2.3648 (2.5947)  manuloss: 1.4550 (1.7253)  acc1: 1.1719 (0.7968)  acc5: 6.6406 (6.3184)  family_acc1: 50.3906 (45.5912)  manu_acc1: 68.3594 (62.1912)  time: 0.4122  data: 0.2009  max mem: 11382
Test:  [377/391]  eta: 0:00:05  sploss: 7.1608 (7.3702)  famloss: 2.3484 (2.5941)  manuloss: 1.4533 (1.7243)  acc1: 1.1719 (0.7947)  acc5: 6.6406 (6.3141)  family_acc1: 50.3906 (45.6112)  manu_acc1: 68.3594 (62.2086)  time: 0.4119  data: 0.2009  max mem: 11382
Test:  [378/391]  eta: 0:00:05  sploss: 7.1261 (7.3693)  famloss: 2.3484 (2.5938)  manuloss: 1.4533 (1.7238)  acc1: 1.1719 (0.7957)  acc5: 6.6406 (6.3149)  family_acc1: 50.3906 (45.6186)  manu_acc1: 68.3594 (62.2217)  time: 0.4119  data: 0.2009  max mem: 11382
Test:  [379/391]  eta: 0:00:04  sploss: 7.1608 (7.3690)  famloss: 2.4407 (2.5936)  manuloss: 1.4550 (1.7233)  acc1: 0.7812 (0.7946)  acc5: 6.6406 (6.3168)  family_acc1: 49.6094 (45.6240)  manu_acc1: 68.3594 (62.2276)  time: 0.4120  data: 0.2009  max mem: 11382
Test:  [380/391]  eta: 0:00:04  sploss: 7.1608 (7.3686)  famloss: 2.4139 (2.5931)  manuloss: 1.4533 (1.7224)  acc1: 0.7812 (0.7946)  acc5: 6.6406 (6.3207)  family_acc1: 49.6094 (45.6344)  manu_acc1: 68.3594 (62.2498)  time: 0.3104  data: 0.1006  max mem: 11382
Test:  [381/391]  eta: 0:00:04  sploss: 7.1608 (7.3676)  famloss: 2.4139 (2.5925)  manuloss: 1.4550 (1.7217)  acc1: 0.7812 (0.7925)  acc5: 6.6406 (6.3277)  family_acc1: 49.6094 (45.6489)  manu_acc1: 68.7500 (62.2679)  time: 0.3100  data: 0.1006  max mem: 11382
Test:  [382/391]  eta: 0:00:03  sploss: 7.1971 (7.3678)  famloss: 2.4407 (2.5922)  manuloss: 1.4550 (1.7208)  acc1: 0.7812 (0.7904)  acc5: 6.6406 (6.3275)  family_acc1: 49.6094 (45.6674)  manu_acc1: 68.7500 (62.2950)  time: 0.3097  data: 0.1006  max mem: 11382
Test:  [383/391]  eta: 0:00:03  sploss: 7.1608 (7.3672)  famloss: 2.4139 (2.5916)  manuloss: 1.4550 (1.7203)  acc1: 0.7812 (0.7884)  acc5: 6.6406 (6.3293)  family_acc1: 49.6094 (45.6696)  manu_acc1: 68.7500 (62.3098)  time: 0.3090  data: 0.1006  max mem: 11382
Test:  [384/391]  eta: 0:00:02  sploss: 7.1608 (7.3668)  famloss: 2.3881 (2.5906)  manuloss: 1.3795 (1.7191)  acc1: 0.7812 (0.7884)  acc5: 6.6406 (6.3342)  family_acc1: 49.6094 (45.6940)  manu_acc1: 69.1406 (62.3427)  time: 0.3998  data: 0.1910  max mem: 11382
Test:  [385/391]  eta: 0:00:02  sploss: 7.1608 (7.3655)  famloss: 2.3881 (2.5898)  manuloss: 1.3795 (1.7178)  acc1: 0.3906 (0.7863)  acc5: 6.6406 (6.3472)  family_acc1: 49.6094 (45.7092)  manu_acc1: 69.1406 (62.3755)  time: 0.3999  data: 0.1910  max mem: 11382
Test:  [386/391]  eta: 0:00:02  sploss: 7.1373 (7.3648)  famloss: 2.3881 (2.5894)  manuloss: 1.3794 (1.7167)  acc1: 0.3906 (0.7863)  acc5: 6.6406 (6.3479)  family_acc1: 49.6094 (45.7122)  manu_acc1: 69.1406 (62.4051)  time: 0.3996  data: 0.1910  max mem: 11382
Test:  [387/391]  eta: 0:00:01  sploss: 7.1608 (7.3646)  famloss: 2.4139 (2.5893)  manuloss: 1.3795 (1.7165)  acc1: 0.3906 (0.7883)  acc5: 6.6406 (6.3487)  family_acc1: 48.4375 (45.7162)  manu_acc1: 69.1406 (62.4124)  time: 0.3992  data: 0.1910  max mem: 11382
Test:  [388/391]  eta: 0:00:01  sploss: 7.1971 (7.3643)  famloss: 2.3881 (2.5887)  manuloss: 1.3795 (1.7158)  acc1: 0.7812 (0.7883)  acc5: 6.6406 (6.3474)  family_acc1: 49.6094 (45.7333)  manu_acc1: 68.7500 (62.4287)  time: 0.3989  data: 0.1910  max mem: 11382
Test:  [389/391]  eta: 0:00:00  sploss: 7.1971 (7.3635)  famloss: 2.4139 (2.5886)  manuloss: 1.4545 (1.7154)  acc1: 0.7812 (0.7933)  acc5: 6.6406 (6.3522)  family_acc1: 48.4375 (45.7352)  manu_acc1: 68.7500 (62.4429)  time: 0.3983  data: 0.1910  max mem: 11382
Test:  [390/391]  eta: 0:00:00  sploss: 7.1971 (7.3636)  famloss: 2.3881 (2.5879)  manuloss: 1.3795 (1.7144)  acc1: 0.6250 (0.7930)  acc5: 6.6406 (6.3540)  family_acc1: 49.3750 (45.7410)  manu_acc1: 68.7500 (62.4600)  time: 0.3947  data: 0.1910  max mem: 11382
Test: Total time: 0:02:39 (0.4075 s / it)
* Acc@1 0.793 Acc@5 6.354 family@1 45.741 manu@1 62.460 sploss 7.364 fmloss 2.588 mfloss 1.714
FPA: 0.721% | TICE: 97.934% 
LCA: 293.923%
Precision and Recall: 18.058%
wAP: 6.631
