Namespace(batch_size=256, epochs=100, bce_loss=False, unscale_lr=False, few_shot=0, model='cast_small', input_size=224, drop=0.0, drop_path=0.1, model_ema=True, model_ema_decay=0.99996, model_ema_force_cpu=False, num_superpixels=196, opt='adamw', opt_eps=1e-08, opt_betas=None, clip_grad=None, momentum=0.9, weight_decay=0.05, sched='cosine', lr=0.0005, lr_noise=None, lr_noise_pct=0.67, lr_noise_std=1.0, warmup_lr=1e-06, min_lr=1e-05, decay_epochs=30, warmup_epochs=5, cooldown_epochs=10, patience_epochs=10, decay_rate=0.1, color_jitter=0.3, aa='rand-m9-mstd0.5-inc1', smoothing=0.1, train_interpolation='bicubic', repeated_aug=True, train_mode=True, ThreeAugment=False, src=False, reprob=0.25, remode='pixel', recount=1, resplit=False, mixup=0.8, cutmix=1.0, cutmix_minmax=None, mixup_prob=1.0, mixup_switch_prob=0.5, mixup_mode='batch', teacher_model='regnety_160', teacher_path='', distillation_type='none', distillation_alpha=0.5, distillation_tau=1.0, cosub=False, finetune='best_checkpoint.pth', attn_only=False, data_path='../dataset/', data_set='INAT21-MINI-HIER-SUPERPIXEL', path_yn=False, inat_category='name', output_dir='./output/new/full/2ot', device='cuda', seed=0, resume='', start_epoch=0, eval=False, eval_crop_ratio=0.875, dist_eval=False, num_workers=12, pin_mem=True, distributed=True, world_size=1, dist_url='env://', globalkl=False, ot_loss=True, learnable_ot=False, ot_weight=2.0, base_weight=1.0, globalbce=False, gk_weight=1, filename='results.csv', breeds_sort='entity13', random_seed=1, local_rank=-1, tree_path='./data/inat21_3tree.json', label_weight=[1, 2, 3])Namespace(batch_size=256, epochs=100, bce_loss=False, unscale_lr=False, few_shot=0, model='cast_small', input_size=224, drop=0.0, drop_path=0.1, model_ema=True, model_ema_decay=0.99996, model_ema_force_cpu=False, num_superpixels=196, opt='adamw', opt_eps=1e-08, opt_betas=None, clip_grad=None, momentum=0.9, weight_decay=0.05, sched='cosine', lr=0.0005, lr_noise=None, lr_noise_pct=0.67, lr_noise_std=1.0, warmup_lr=1e-06, min_lr=1e-05, decay_epochs=30, warmup_epochs=5, cooldown_epochs=10, patience_epochs=10, decay_rate=0.1, color_jitter=0.3, aa='rand-m9-mstd0.5-inc1', smoothing=0.1, train_interpolation='bicubic', repeated_aug=True, train_mode=True, ThreeAugment=False, src=False, reprob=0.25, remode='pixel', recount=1, resplit=False, mixup=0.8, cutmix=1.0, cutmix_minmax=None, mixup_prob=1.0, mixup_switch_prob=0.5, mixup_mode='batch', teacher_model='regnety_160', teacher_path='', distillation_type='none', distillation_alpha=0.5, distillation_tau=1.0, cosub=False, finetune='best_checkpoint.pth', attn_only=False, data_path='../dataset/', data_set='INAT21-MINI-HIER-SUPERPIXEL', path_yn=False, inat_category='name', output_dir='./output/new/full/2ot', device='cuda', seed=0, resume='', start_epoch=0, eval=False, eval_crop_ratio=0.875, dist_eval=False, num_workers=12, pin_mem=True, distributed=True, world_size=1, dist_url='env://', globalkl=False, ot_loss=True, learnable_ot=False, ot_weight=2.0, base_weight=1.0, globalbce=False, gk_weight=1, filename='results.csv', breeds_sort='entity13', random_seed=1, local_rank=-1, tree_path='./data/inat21_3tree.json', label_weight=[1, 2, 3])

| distributed init (rank 0): env://
| distributed init (rank 1): env://
seed 0
args.nb_classes [10000, 1103, 273]
Creating model: cast_small
dict_keys(['model', 'optimizer', 'lr_scheduler', 'epoch', 'model_ema', 'scaler', 'args'])
Removing key head.weight from pretrained checkpoint
Removing key head.bias from pretrained checkpoint
number of params: 30556704
Start training for 100 epochs
Epoch: [0]  [  0/976]  eta: 6:54:47  lr: 0.000001  sp_loss: 9.2672 (9.2672)  fam_loss: 7.0906 (7.0906)  manu_loss: 5.6327 (5.6327)  ot_loss: 4.9492 (4.9492)  base_loss: 21.9905 (21.9905)  time: 25.4999  data: 12.5114  max mem: 10970
Epoch: [0]  [250/976]  eta: 0:07:52  lr: 0.000001  sp_loss: 9.2597 (9.2676)  fam_loss: 7.0001 (7.0431)  manu_loss: 5.3522 (5.4986)  ot_loss: 4.9414 (4.9466)  base_loss: 21.6201 (21.8094)  time: 0.6604  data: 0.3207  max mem: 11374
Epoch: [0]  [500/976]  eta: 0:04:53  lr: 0.000001  sp_loss: 9.2440 (9.2644)  fam_loss: 6.8606 (6.9884)  manu_loss: 4.8774 (5.3132)  ot_loss: 4.9141 (4.9435)  base_loss: 20.9849 (21.5660)  time: 0.5757  data: 0.2999  max mem: 11376
Epoch: [0]  [750/976]  eta: 0:02:15  lr: 0.000001  sp_loss: 9.2462 (9.2621)  fam_loss: 6.6661 (6.9139)  manu_loss: 4.5885 (5.1160)  ot_loss: 4.8984 (4.9366)  base_loss: 20.4804 (21.2920)  time: 0.7365  data: 0.4791  max mem: 11376
Epoch: [0]  [975/976]  eta: 0:00:00  lr: 0.000001  sp_loss: 9.2540 (9.2607)  fam_loss: 6.5396 (6.8387)  manu_loss: 4.5385 (4.9882)  ot_loss: 4.8633 (4.9265)  base_loss: 20.3548 (21.0876)  time: 0.3916  data: 0.1455  max mem: 11376
Epoch: [0] Total time: 0:09:34 (0.5889 s / it)
Averaged stats: lr: 0.000001  sp_loss: 9.2540 (9.2614)  fam_loss: 6.5396 (6.8388)  manu_loss: 4.5385 (4.9872)  ot_loss: 4.8633 (4.9267)  base_loss: 20.3548 (21.0873)
Epoch: [1]  [  0/976]  eta: 2:13:09  lr: 0.000001  sp_loss: 9.2518 (9.2518)  fam_loss: 6.5948 (6.5948)  manu_loss: 4.3016 (4.3016)  ot_loss: 4.9961 (4.9961)  base_loss: 20.1482 (20.1482)  time: 8.1862  data: 7.7546  max mem: 11376
Epoch: [1]  [250/976]  eta: 0:08:47  lr: 0.000001  sp_loss: 9.2612 (9.2574)  fam_loss: 6.4108 (6.4707)  manu_loss: 4.4579 (4.4631)  ot_loss: 4.7617 (4.8313)  base_loss: 20.1118 (20.1913)  time: 0.4637  data: 0.0006  max mem: 11378
Epoch: [1]  [500/976]  eta: 0:05:44  lr: 0.000001  sp_loss: 9.2573 (9.2570)  fam_loss: 6.2887 (6.4251)  manu_loss: 4.3723 (4.4372)  ot_loss: 4.7305 (4.7904)  base_loss: 19.8357 (20.1194)  time: 0.6270  data: 0.2778  max mem: 11378
Epoch: [1]  [750/976]  eta: 0:02:34  lr: 0.000001  sp_loss: 9.2519 (9.2566)  fam_loss: 6.2819 (6.3781)  manu_loss: 4.3080 (4.4076)  ot_loss: 4.6836 (4.7637)  base_loss: 19.8252 (20.0423)  time: 0.6143  data: 0.3361  max mem: 11378
Epoch: [1]  [975/976]  eta: 0:00:00  lr: 0.000001  sp_loss: 9.2561 (9.2564)  fam_loss: 6.1336 (6.3349)  manu_loss: 4.1932 (4.3793)  ot_loss: 4.6484 (4.7433)  base_loss: 19.6181 (19.9706)  time: 0.3598  data: 0.1172  max mem: 11378
Epoch: [1] Total time: 0:10:40 (0.6558 s / it)
Averaged stats: lr: 0.000001  sp_loss: 9.2561 (9.2563)  fam_loss: 6.1336 (6.3300)  manu_loss: 4.1932 (4.3757)  ot_loss: 4.6484 (4.7438)  base_loss: 19.6181 (19.9620)
Epoch: [2]  [  0/976]  eta: 2:09:40  lr: 0.000101  sp_loss: 9.1969 (9.1969)  fam_loss: 6.1013 (6.1013)  manu_loss: 4.1789 (4.1789)  ot_loss: 4.7031 (4.7031)  base_loss: 19.4772 (19.4772)  time: 7.9721  data: 7.4221  max mem: 11378
Epoch: [2]  [250/976]  eta: 0:08:39  lr: 0.000101  sp_loss: 10.2516 (10.0458)  fam_loss: 5.1134 (5.4572)  manu_loss: 3.5568 (3.7083)  ot_loss: 2.8945 (3.3776)  base_loss: 18.8680 (19.2112)  time: 0.5380  data: 0.0006  max mem: 11378
Epoch: [2]  [500/976]  eta: 0:05:13  lr: 0.000101  sp_loss: 9.9415 (10.0427)  fam_loss: 5.0054 (5.1831)  manu_loss: 3.4100 (3.5271)  ot_loss: 2.8477 (3.1205)  base_loss: 18.3513 (18.7530)  time: 0.6784  data: 0.0009  max mem: 11378
Epoch: [2]  [750/976]  eta: 0:02:23  lr: 0.000101  sp_loss: 9.5791 (9.9227)  fam_loss: 4.8477 (5.0392)  manu_loss: 3.3349 (3.4444)  ot_loss: 2.8555 (3.0268)  base_loss: 17.7560 (18.4063)  time: 0.6731  data: 0.0007  max mem: 11378
Epoch: [2]  [975/976]  eta: 0:00:00  lr: 0.000101  sp_loss: 9.2202 (9.7729)  fam_loss: 4.7462 (4.9297)  manu_loss: 3.2678 (3.3752)  ot_loss: 2.8379 (2.9801)  base_loss: 17.3593 (18.0778)  time: 0.4153  data: 0.0001  max mem: 11378
Epoch: [2] Total time: 0:10:02 (0.6174 s / it)
Averaged stats: lr: 0.000101  sp_loss: 9.2202 (9.7749)  fam_loss: 4.7462 (4.9308)  manu_loss: 3.2678 (3.3740)  ot_loss: 2.8379 (2.9810)  base_loss: 17.3593 (18.0797)
Epoch: [3]  [  0/976]  eta: 2:23:01  lr: 0.000201  sp_loss: 9.5004 (9.5004)  fam_loss: 5.0447 (5.0447)  manu_loss: 3.4983 (3.4983)  ot_loss: 2.9238 (2.9238)  base_loss: 18.0434 (18.0434)  time: 8.7924  data: 8.2044  max mem: 11378
Epoch: [3]  [250/976]  eta: 0:08:35  lr: 0.000201  sp_loss: 8.6575 (8.9385)  fam_loss: 4.5189 (4.5830)  manu_loss: 3.1805 (3.1839)  ot_loss: 2.9199 (2.8920)  base_loss: 16.3111 (16.7054)  time: 0.7830  data: 0.0006  max mem: 11378
Epoch: [3]  [500/976]  eta: 0:05:08  lr: 0.000201  sp_loss: 8.1632 (8.7023)  fam_loss: 4.4490 (4.5652)  manu_loss: 3.1414 (3.1829)  ot_loss: 2.9746 (2.9272)  base_loss: 15.8175 (16.4505)  time: 0.5775  data: 0.0008  max mem: 11378
Epoch: [3]  [750/976]  eta: 0:02:21  lr: 0.000201  sp_loss: 7.9588 (8.4523)  fam_loss: 4.5960 (4.5227)  manu_loss: 3.2283 (3.1601)  ot_loss: 3.0449 (2.9589)  base_loss: 15.7962 (16.1350)  time: 0.6125  data: 0.0008  max mem: 11378
Epoch: [3]  [975/976]  eta: 0:00:00  lr: 0.000201  sp_loss: 7.6792 (8.2686)  fam_loss: 4.3659 (4.4907)  manu_loss: 3.0742 (3.1418)  ot_loss: 3.0371 (2.9764)  base_loss: 15.1491 (15.9011)  time: 0.4011  data: 0.0003  max mem: 11378
Epoch: [3] Total time: 0:09:49 (0.6043 s / it)
Averaged stats: lr: 0.000201  sp_loss: 7.6792 (8.2750)  fam_loss: 4.3659 (4.4954)  manu_loss: 3.0742 (3.1449)  ot_loss: 3.0371 (2.9777)  base_loss: 15.1491 (15.9153)
Epoch: [4]  [  0/976]  eta: 2:18:07  lr: 0.000300  sp_loss: 7.0401 (7.0401)  fam_loss: 4.0364 (4.0364)  manu_loss: 2.6829 (2.6829)  ot_loss: 2.9043 (2.9043)  base_loss: 13.7594 (13.7594)  time: 8.4917  data: 7.3291  max mem: 11378
Epoch: [4]  [250/976]  eta: 0:07:22  lr: 0.000300  sp_loss: 7.4118 (7.4677)  fam_loss: 4.4837 (4.4035)  manu_loss: 3.1648 (3.1076)  ot_loss: 3.0820 (3.0712)  base_loss: 15.0915 (14.9788)  time: 0.6543  data: 0.3851  max mem: 11378
Epoch: [4]  [500/976]  eta: 0:04:41  lr: 0.000300  sp_loss: 7.6006 (7.4128)  fam_loss: 4.5136 (4.3795)  manu_loss: 3.2606 (3.0915)  ot_loss: 3.0547 (3.0557)  base_loss: 15.3264 (14.8839)  time: 0.6113  data: 0.3241  max mem: 11378
Epoch: [4]  [750/976]  eta: 0:02:12  lr: 0.000300  sp_loss: 7.2386 (7.3597)  fam_loss: 4.3103 (4.3649)  manu_loss: 3.0877 (3.0850)  ot_loss: 3.0020 (3.0475)  base_loss: 14.5954 (14.8097)  time: 0.6835  data: 0.4116  max mem: 11378
Epoch: [4]  [975/976]  eta: 0:00:00  lr: 0.000300  sp_loss: 6.7804 (7.3016)  fam_loss: 4.0923 (4.3454)  manu_loss: 2.9236 (3.0752)  ot_loss: 2.9727 (3.0393)  base_loss: 13.7683 (14.7222)  time: 0.3390  data: 0.0959  max mem: 11378
Epoch: [4] Total time: 0:09:21 (0.5752 s / it)
Averaged stats: lr: 0.000300  sp_loss: 6.7804 (7.3059)  fam_loss: 4.0923 (4.3491)  manu_loss: 2.9236 (3.0788)  ot_loss: 2.9727 (3.0404)  base_loss: 13.7683 (14.7338)
Epoch: [5]  [  0/976]  eta: 2:23:08  lr: 0.000400  sp_loss: 7.5785 (7.5785)  fam_loss: 4.6406 (4.6406)  manu_loss: 3.3152 (3.3152)  ot_loss: 3.1191 (3.1191)  base_loss: 15.5343 (15.5343)  time: 8.8001  data: 8.0682  max mem: 11378
Epoch: [5]  [250/976]  eta: 0:07:23  lr: 0.000400  sp_loss: 7.2527 (7.0401)  fam_loss: 4.2943 (4.3024)  manu_loss: 3.1196 (3.0609)  ot_loss: 3.0059 (3.0233)  base_loss: 14.6499 (14.4034)  time: 0.5983  data: 0.3235  max mem: 11378
Epoch: [5]  [500/976]  eta: 0:04:43  lr: 0.000400  sp_loss: 6.9290 (7.0297)  fam_loss: 4.2902 (4.3040)  manu_loss: 2.9517 (3.0638)  ot_loss: 2.9609 (3.0232)  base_loss: 14.2021 (14.3975)  time: 0.5486  data: 0.2917  max mem: 11378
Epoch: [5]  [750/976]  eta: 0:02:12  lr: 0.000400  sp_loss: 7.1645 (6.9924)  fam_loss: 4.4328 (4.2881)  manu_loss: 3.1370 (3.0562)  ot_loss: 2.9941 (3.0166)  base_loss: 14.8194 (14.3367)  time: 0.4407  data: 0.1696  max mem: 11378
Epoch: [5]  [975/976]  eta: 0:00:00  lr: 0.000400  sp_loss: 6.8812 (6.9650)  fam_loss: 4.1795 (4.2770)  manu_loss: 3.0180 (3.0519)  ot_loss: 2.9414 (3.0113)  base_loss: 14.1448 (14.2939)  time: 0.4733  data: 0.2274  max mem: 11378
Epoch: [5] Total time: 0:09:29 (0.5832 s / it)
Averaged stats: lr: 0.000400  sp_loss: 6.8812 (6.9536)  fam_loss: 4.1795 (4.2703)  manu_loss: 3.0180 (3.0461)  ot_loss: 2.9414 (3.0101)  base_loss: 14.1448 (14.2701)
Epoch: [6]  [  0/976]  eta: 2:24:34  lr: 0.000497  sp_loss: 6.3930 (6.3930)  fam_loss: 4.0685 (4.0685)  manu_loss: 2.7858 (2.7858)  ot_loss: 2.8750 (2.8750)  base_loss: 13.2474 (13.2474)  time: 8.8882  data: 8.3068  max mem: 11378
Epoch: [6]  [250/976]  eta: 0:07:07  lr: 0.000497  sp_loss: 6.4884 (6.8733)  fam_loss: 4.0194 (4.3099)  manu_loss: 2.8910 (3.0835)  ot_loss: 2.9609 (3.0230)  base_loss: 13.3988 (14.2667)  time: 0.5853  data: 0.3043  max mem: 11378
Epoch: [6]  [500/976]  eta: 0:04:31  lr: 0.000497  sp_loss: 7.0642 (6.8758)  fam_loss: 4.4365 (4.3151)  manu_loss: 3.1168 (3.0915)  ot_loss: 2.9727 (3.0213)  base_loss: 14.6703 (14.2825)  time: 0.4463  data: 0.1814  max mem: 11378
Epoch: [6]  [750/976]  eta: 0:02:08  lr: 0.000497  sp_loss: 6.8402 (6.8406)  fam_loss: 4.2639 (4.2955)  manu_loss: 3.0735 (3.0748)  ot_loss: 3.0000 (3.0136)  base_loss: 14.3088 (14.2109)  time: 0.4355  data: 0.1662  max mem: 11378
Epoch: [6]  [975/976]  eta: 0:00:00  lr: 0.000497  sp_loss: 6.7481 (6.8133)  fam_loss: 4.2394 (4.2793)  manu_loss: 3.0830 (3.0655)  ot_loss: 2.9609 (3.0066)  base_loss: 13.9220 (14.1581)  time: 0.5686  data: 0.3087  max mem: 11378
Epoch: [6] Total time: 0:09:14 (0.5680 s / it)
Averaged stats: lr: 0.000497  sp_loss: 6.7481 (6.8121)  fam_loss: 4.2394 (4.2766)  manu_loss: 3.0830 (3.0633)  ot_loss: 2.9609 (3.0065)  base_loss: 13.9220 (14.1520)
Epoch: [7]  [  0/976]  eta: 2:27:17  lr: 0.000496  sp_loss: 5.7544 (5.7544)  fam_loss: 3.6063 (3.6063)  manu_loss: 2.6721 (2.6721)  ot_loss: 2.8750 (2.8750)  base_loss: 12.0328 (12.0328)  time: 9.0545  data: 8.2790  max mem: 11378
Epoch: [7]  [250/976]  eta: 0:07:02  lr: 0.000496  sp_loss: 6.5397 (6.5022)  fam_loss: 4.1389 (4.1265)  manu_loss: 3.0336 (2.9570)  ot_loss: 2.9570 (2.9501)  base_loss: 13.7774 (13.5858)  time: 0.4677  data: 0.1648  max mem: 11378
Epoch: [7]  [500/976]  eta: 0:04:31  lr: 0.000496  sp_loss: 6.5604 (6.5782)  fam_loss: 4.1675 (4.1746)  manu_loss: 3.0002 (2.9960)  ot_loss: 2.9082 (2.9628)  base_loss: 13.8351 (13.7487)  time: 0.4190  data: 0.1455  max mem: 11378
Epoch: [7]  [750/976]  eta: 0:02:07  lr: 0.000496  sp_loss: 6.7353 (6.5728)  fam_loss: 4.1629 (4.1681)  manu_loss: 3.0572 (2.9942)  ot_loss: 2.9277 (2.9570)  base_loss: 13.9013 (13.7352)  time: 0.5809  data: 0.2993  max mem: 11378
Epoch: [7]  [975/976]  eta: 0:00:00  lr: 0.000496  sp_loss: 6.5677 (6.5660)  fam_loss: 4.1704 (4.1624)  manu_loss: 3.0289 (2.9900)  ot_loss: 2.9531 (2.9524)  base_loss: 13.7362 (13.7184)  time: 0.4150  data: 0.1679  max mem: 11378
Epoch: [7] Total time: 0:09:41 (0.5954 s / it)
Averaged stats: lr: 0.000496  sp_loss: 6.5677 (6.5825)  fam_loss: 4.1704 (4.1725)  manu_loss: 3.0289 (2.9959)  ot_loss: 2.9531 (2.9545)  base_loss: 13.7362 (13.7509)
Epoch: [8]  [  0/976]  eta: 2:27:11  lr: 0.000494  sp_loss: 4.9458 (4.9458)  fam_loss: 3.0341 (3.0341)  manu_loss: 2.1933 (2.1933)  ot_loss: 2.5625 (2.5625)  base_loss: 10.1732 (10.1732)  time: 9.0489  data: 8.4729  max mem: 11378
Epoch: [8]  [250/976]  eta: 0:06:59  lr: 0.000494  sp_loss: 6.2861 (6.4171)  fam_loss: 4.0009 (4.1057)  manu_loss: 2.8426 (2.9502)  ot_loss: 2.8789 (2.9176)  base_loss: 13.1296 (13.4729)  time: 0.3989  data: 0.1225  max mem: 11378
Epoch: [8]  [500/976]  eta: 0:04:39  lr: 0.000494  sp_loss: 6.3557 (6.4438)  fam_loss: 4.0052 (4.1120)  manu_loss: 2.8461 (2.9579)  ot_loss: 2.8926 (2.9199)  base_loss: 13.1532 (13.5137)  time: 0.6235  data: 0.3496  max mem: 11378
Epoch: [8]  [750/976]  eta: 0:02:11  lr: 0.000494  sp_loss: 6.4108 (6.4658)  fam_loss: 4.2521 (4.1268)  manu_loss: 3.0995 (2.9692)  ot_loss: 2.9141 (2.9236)  base_loss: 13.7530 (13.5617)  time: 0.5906  data: 0.3193  max mem: 11378
Epoch: [8]  [975/976]  eta: 0:00:00  lr: 0.000494  sp_loss: 6.6289 (6.4695)  fam_loss: 4.3043 (4.1282)  manu_loss: 3.0695 (2.9696)  ot_loss: 2.9629 (2.9220)  base_loss: 14.0164 (13.5672)  time: 0.4209  data: 0.1864  max mem: 11378
Epoch: [8] Total time: 0:09:21 (0.5755 s / it)
Averaged stats: lr: 0.000494  sp_loss: 6.6289 (6.4564)  fam_loss: 4.3043 (4.1184)  manu_loss: 3.0695 (2.9631)  ot_loss: 2.9629 (2.9189)  base_loss: 14.0164 (13.5379)
Epoch: [9]  [  0/976]  eta: 2:13:06  lr: 0.000492  sp_loss: 5.4267 (5.4267)  fam_loss: 3.5136 (3.5136)  manu_loss: 2.5577 (2.5577)  ot_loss: 2.7734 (2.7734)  base_loss: 11.4980 (11.4980)  time: 8.1827  data: 7.1421  max mem: 11378
Epoch: [9]  [250/976]  eta: 0:06:53  lr: 0.000492  sp_loss: 6.6876 (6.3413)  fam_loss: 4.2965 (4.0788)  manu_loss: 3.0607 (2.9411)  ot_loss: 2.9219 (2.8896)  base_loss: 13.9670 (13.3612)  time: 0.5467  data: 0.0280  max mem: 11378
Epoch: [9]  [500/976]  eta: 0:04:39  lr: 0.000492  sp_loss: 6.5358 (6.3374)  fam_loss: 4.1445 (4.0701)  manu_loss: 2.9263 (2.9340)  ot_loss: 2.9023 (2.8926)  base_loss: 13.6633 (13.3414)  time: 0.8487  data: 0.0008  max mem: 11378
Epoch: [9]  [750/976]  eta: 0:02:22  lr: 0.000492  sp_loss: 6.4908 (6.3412)  fam_loss: 4.2415 (4.0753)  manu_loss: 3.0482 (2.9394)  ot_loss: 2.8984 (2.8917)  base_loss: 13.8657 (13.3560)  time: 0.6215  data: 0.0007  max mem: 11378
Epoch: [9]  [975/976]  eta: 0:00:00  lr: 0.000492  sp_loss: 6.1216 (6.3435)  fam_loss: 4.0611 (4.0739)  manu_loss: 2.9178 (2.9374)  ot_loss: 2.8359 (2.8883)  base_loss: 13.0758 (13.3548)  time: 0.4127  data: 0.0001  max mem: 11378
Epoch: [9] Total time: 0:10:02 (0.6171 s / it)
Averaged stats: lr: 0.000492  sp_loss: 6.1216 (6.3379)  fam_loss: 4.0611 (4.0701)  manu_loss: 2.9178 (2.9331)  ot_loss: 2.8359 (2.8889)  base_loss: 13.0758 (13.3411)
Epoch: [10]  [  0/976]  eta: 2:01:17  lr: 0.000490  sp_loss: 6.8525 (6.8525)  fam_loss: 4.2829 (4.2829)  manu_loss: 3.1377 (3.1377)  ot_loss: 2.9922 (2.9922)  base_loss: 14.2731 (14.2731)  time: 7.4565  data: 6.6909  max mem: 11378
Epoch: [10]  [250/976]  eta: 0:07:06  lr: 0.000490  sp_loss: 6.2519 (6.2279)  fam_loss: 3.9629 (4.0217)  manu_loss: 2.8717 (2.8977)  ot_loss: 2.8730 (2.8635)  base_loss: 13.1543 (13.1474)  time: 0.5898  data: 0.3181  max mem: 11378
Epoch: [10]  [500/976]  eta: 0:04:40  lr: 0.000490  sp_loss: 6.8209 (6.2903)  fam_loss: 4.3468 (4.0614)  manu_loss: 3.1185 (2.9297)  ot_loss: 2.9629 (2.8758)  base_loss: 14.3368 (13.2814)  time: 0.6028  data: 0.3234  max mem: 11378
Epoch: [10]  [750/976]  eta: 0:02:11  lr: 0.000490  sp_loss: 6.4998 (6.2777)  fam_loss: 4.2081 (4.0496)  manu_loss: 2.9920 (2.9225)  ot_loss: 2.8730 (2.8725)  base_loss: 13.7460 (13.2498)  time: 0.5800  data: 0.3103  max mem: 11378
Epoch: [10]  [975/976]  eta: 0:00:00  lr: 0.000490  sp_loss: 6.4563 (6.2598)  fam_loss: 4.0627 (4.0373)  manu_loss: 2.9536 (2.9133)  ot_loss: 2.8652 (2.8659)  base_loss: 13.4413 (13.2104)  time: 0.4143  data: 0.1797  max mem: 11378
Epoch: [10] Total time: 0:09:20 (0.5738 s / it)
Averaged stats: lr: 0.000490  sp_loss: 6.4563 (6.2745)  fam_loss: 4.0627 (4.0444)  manu_loss: 2.9536 (2.9200)  ot_loss: 2.8652 (2.8691)  base_loss: 13.4413 (13.2388)
Epoch: [11]  [  0/976]  eta: 2:21:26  lr: 0.000488  sp_loss: 4.8704 (4.8704)  fam_loss: 3.0370 (3.0370)  manu_loss: 2.2404 (2.2404)  ot_loss: 2.5664 (2.5664)  base_loss: 10.1479 (10.1479)  time: 8.6951  data: 7.9194  max mem: 11378
Epoch: [11]  [250/976]  eta: 0:07:14  lr: 0.000488  sp_loss: 6.2955 (6.1454)  fam_loss: 4.0332 (3.9735)  manu_loss: 2.9091 (2.8686)  ot_loss: 2.8281 (2.8345)  base_loss: 13.2937 (12.9875)  time: 0.6132  data: 0.3376  max mem: 11378
Epoch: [11]  [500/976]  eta: 0:04:38  lr: 0.000488  sp_loss: 5.8916 (6.1866)  fam_loss: 3.9151 (3.9997)  manu_loss: 2.8815 (2.8865)  ot_loss: 2.7910 (2.8419)  base_loss: 12.5629 (13.0727)  time: 0.6410  data: 0.3563  max mem: 11378
Epoch: [11]  [750/976]  eta: 0:02:11  lr: 0.000488  sp_loss: 6.5393 (6.2027)  fam_loss: 4.1640 (4.0074)  manu_loss: 2.9773 (2.8910)  ot_loss: 2.8906 (2.8431)  base_loss: 13.7004 (13.1011)  time: 0.4416  data: 0.1518  max mem: 11378
Epoch: [11]  [975/976]  eta: 0:00:00  lr: 0.000488  sp_loss: 6.6528 (6.2038)  fam_loss: 4.2194 (4.0048)  manu_loss: 2.9838 (2.8900)  ot_loss: 2.8848 (2.8414)  base_loss: 13.9225 (13.0987)  time: 0.4789  data: 0.0001  max mem: 11378
Epoch: [11] Total time: 0:09:26 (0.5802 s / it)
Averaged stats: lr: 0.000488  sp_loss: 6.6528 (6.1853)  fam_loss: 4.2194 (3.9942)  manu_loss: 2.9838 (2.8840)  ot_loss: 2.8848 (2.8397)  base_loss: 13.9225 (13.0635)
Epoch: [12]  [  0/976]  eta: 2:29:55  lr: 0.000486  sp_loss: 4.3069 (4.3069)  fam_loss: 2.8075 (2.8075)  manu_loss: 1.9809 (1.9809)  ot_loss: 2.4180 (2.4180)  base_loss: 9.0953 (9.0953)  time: 9.2168  data: 8.9231  max mem: 11378
Epoch: [12]  [250/976]  eta: 0:07:30  lr: 0.000486  sp_loss: 6.3963 (6.0704)  fam_loss: 4.0315 (3.9384)  manu_loss: 2.9360 (2.8378)  ot_loss: 2.8633 (2.8118)  base_loss: 13.2093 (12.8466)  time: 0.5150  data: 0.1172  max mem: 11378
Epoch: [12]  [500/976]  eta: 0:04:51  lr: 0.000486  sp_loss: 5.9638 (6.0536)  fam_loss: 3.7803 (3.9324)  manu_loss: 2.7781 (2.8327)  ot_loss: 2.7188 (2.8106)  base_loss: 12.5684 (12.8187)  time: 0.4554  data: 0.0007  max mem: 11378
Epoch: [12]  [750/976]  eta: 0:02:16  lr: 0.000486  sp_loss: 6.2644 (6.0559)  fam_loss: 3.8162 (3.9266)  manu_loss: 2.9073 (2.8332)  ot_loss: 2.7383 (2.8070)  base_loss: 12.8140 (12.8157)  time: 0.5802  data: 0.0009  max mem: 11378
Epoch: [12]  [975/976]  eta: 0:00:00  lr: 0.000486  sp_loss: 6.4979 (6.0854)  fam_loss: 4.1712 (3.9431)  manu_loss: 3.0409 (2.8466)  ot_loss: 2.9043 (2.8123)  base_loss: 13.7066 (12.8751)  time: 0.3945  data: 0.0001  max mem: 11378
Epoch: [12] Total time: 0:09:38 (0.5924 s / it)
Averaged stats: lr: 0.000486  sp_loss: 6.4979 (6.1222)  fam_loss: 4.1712 (3.9644)  manu_loss: 3.0409 (2.8652)  ot_loss: 2.9043 (2.8192)  base_loss: 13.7066 (12.9518)
Epoch: [13]  [  0/976]  eta: 2:11:08  lr: 0.000483  sp_loss: 6.3481 (6.3481)  fam_loss: 4.0424 (4.0424)  manu_loss: 2.9956 (2.9956)  ot_loss: 2.8223 (2.8223)  base_loss: 13.3860 (13.3860)  time: 8.0616  data: 7.1221  max mem: 11378
Epoch: [13]  [250/976]  eta: 0:07:00  lr: 0.000483  sp_loss: 6.1467 (6.0742)  fam_loss: 3.8993 (3.9446)  manu_loss: 2.8545 (2.8499)  ot_loss: 2.7539 (2.8061)  base_loss: 12.9469 (12.8688)  time: 0.5235  data: 0.2300  max mem: 11378
Epoch: [13]  [500/976]  eta: 0:04:34  lr: 0.000483  sp_loss: 6.1316 (6.0856)  fam_loss: 4.0576 (3.9525)  manu_loss: 2.9413 (2.8564)  ot_loss: 2.7891 (2.8103)  base_loss: 13.2125 (12.8944)  time: 0.6129  data: 0.3180  max mem: 11378
Epoch: [13]  [750/976]  eta: 0:02:09  lr: 0.000483  sp_loss: 6.5769 (6.0703)  fam_loss: 4.1396 (3.9438)  manu_loss: 2.9794 (2.8496)  ot_loss: 2.8340 (2.8061)  base_loss: 13.7261 (12.8637)  time: 0.6455  data: 0.2570  max mem: 11378
Epoch: [13]  [975/976]  eta: 0:00:00  lr: 0.000483  sp_loss: 5.9617 (6.0427)  fam_loss: 3.7637 (3.9236)  manu_loss: 2.7356 (2.8362)  ot_loss: 2.6953 (2.7986)  base_loss: 12.4610 (12.8025)  time: 0.3654  data: 0.1121  max mem: 11378
Epoch: [13] Total time: 0:09:09 (0.5635 s / it)
Averaged stats: lr: 0.000483  sp_loss: 5.9617 (6.0594)  fam_loss: 3.7637 (3.9331)  manu_loss: 2.7356 (2.8425)  ot_loss: 2.6953 (2.8002)  base_loss: 12.4610 (12.8351)
Epoch: [14]  [  0/976]  eta: 2:04:45  lr: 0.000480  sp_loss: 4.8640 (4.8640)  fam_loss: 3.2532 (3.2532)  manu_loss: 2.3901 (2.3901)  ot_loss: 2.5820 (2.5820)  base_loss: 10.5073 (10.5073)  time: 7.6699  data: 7.1670  max mem: 11378
Epoch: [14]  [250/976]  eta: 0:07:22  lr: 0.000480  sp_loss: 6.1371 (5.9980)  fam_loss: 4.0007 (3.9085)  manu_loss: 2.9422 (2.8290)  ot_loss: 2.7910 (2.7806)  base_loss: 13.1818 (12.7355)  time: 0.5454  data: 0.0013  max mem: 11378
Epoch: [14]  [500/976]  eta: 0:04:44  lr: 0.000480  sp_loss: 6.3359 (6.0262)  fam_loss: 4.1658 (3.9216)  manu_loss: 3.0260 (2.8354)  ot_loss: 2.8281 (2.7864)  base_loss: 13.4167 (12.7833)  time: 0.6359  data: 0.0010  max mem: 11378
Epoch: [14]  [750/976]  eta: 0:02:13  lr: 0.000480  sp_loss: 6.2366 (6.0213)  fam_loss: 4.0533 (3.9180)  manu_loss: 2.9081 (2.8347)  ot_loss: 2.8203 (2.7839)  base_loss: 13.1952 (12.7740)  time: 0.6455  data: 0.0010  max mem: 11378
Epoch: [14]  [975/976]  eta: 0:00:00  lr: 0.000480  sp_loss: 5.7879 (6.0526)  fam_loss: 3.7917 (3.9321)  manu_loss: 2.7767 (2.8453)  ot_loss: 2.7090 (2.7892)  base_loss: 12.2649 (12.8300)  time: 0.3943  data: 0.0001  max mem: 11378
Epoch: [14] Total time: 0:09:23 (0.5768 s / it)
Averaged stats: lr: 0.000480  sp_loss: 5.7879 (6.0314)  fam_loss: 3.7917 (3.9175)  manu_loss: 2.7767 (2.8331)  ot_loss: 2.7090 (2.7854)  base_loss: 12.2649 (12.7820)
Epoch: [15]  [  0/976]  eta: 2:11:48  lr: 0.000477  sp_loss: 4.3754 (4.3754)  fam_loss: 2.8563 (2.8563)  manu_loss: 2.1320 (2.1320)  ot_loss: 2.5352 (2.5352)  base_loss: 9.3636 (9.3636)  time: 8.1025  data: 7.3808  max mem: 11378
Epoch: [15]  [250/976]  eta: 0:08:13  lr: 0.000477  sp_loss: 6.3901 (5.8623)  fam_loss: 4.0273 (3.8277)  manu_loss: 2.8998 (2.7711)  ot_loss: 2.7910 (2.7472)  base_loss: 13.3192 (12.4611)  time: 0.8646  data: 0.6052  max mem: 11378
Epoch: [15]  [500/976]  eta: 0:05:20  lr: 0.000477  sp_loss: 6.2452 (5.8974)  fam_loss: 4.1465 (3.8452)  manu_loss: 2.8836 (2.7824)  ot_loss: 2.7969 (2.7530)  base_loss: 13.2823 (12.5250)  time: 0.6419  data: 0.2985  max mem: 11378
Epoch: [15]  [750/976]  eta: 0:02:25  lr: 0.000477  sp_loss: 6.0306 (5.9374)  fam_loss: 3.8120 (3.8643)  manu_loss: 2.8134 (2.7979)  ot_loss: 2.7188 (2.7576)  base_loss: 12.6560 (12.5995)  time: 0.7467  data: 0.4671  max mem: 11378
Epoch: [15]  [975/976]  eta: 0:00:00  lr: 0.000477  sp_loss: 6.3113 (5.9415)  fam_loss: 4.0359 (3.8630)  manu_loss: 2.9034 (2.7977)  ot_loss: 2.8652 (2.7570)  base_loss: 13.2858 (12.6022)  time: 0.3701  data: 0.1141  max mem: 11378
Epoch: [15] Total time: 0:10:11 (0.6270 s / it)
Averaged stats: lr: 0.000477  sp_loss: 6.3113 (5.9591)  fam_loss: 4.0359 (3.8740)  manu_loss: 2.9034 (2.8040)  ot_loss: 2.8652 (2.7608)  base_loss: 13.2858 (12.6371)
Epoch: [16]  [  0/976]  eta: 2:25:01  lr: 0.000473  sp_loss: 5.5490 (5.5490)  fam_loss: 3.4468 (3.4468)  manu_loss: 2.4726 (2.4726)  ot_loss: 2.6406 (2.6406)  base_loss: 11.4684 (11.4684)  time: 8.9156  data: 8.2540  max mem: 11378
Epoch: [16]  [250/976]  eta: 0:07:16  lr: 0.000473  sp_loss: 6.2630 (5.9345)  fam_loss: 3.9779 (3.8731)  manu_loss: 2.8682 (2.8098)  ot_loss: 2.7637 (2.7597)  base_loss: 13.1080 (12.6174)  time: 0.6546  data: 0.3687  max mem: 11378
Epoch: [16]  [500/976]  eta: 0:04:44  lr: 0.000473  sp_loss: 5.6603 (5.8991)  fam_loss: 3.7267 (3.8459)  manu_loss: 2.8157 (2.7899)  ot_loss: 2.7500 (2.7505)  base_loss: 12.1304 (12.5349)  time: 0.6450  data: 0.3628  max mem: 11378
Epoch: [16]  [750/976]  eta: 0:02:13  lr: 0.000473  sp_loss: 5.8876 (5.8964)  fam_loss: 3.8269 (3.8443)  manu_loss: 2.7768 (2.7861)  ot_loss: 2.7578 (2.7479)  base_loss: 12.5933 (12.5269)  time: 0.6873  data: 0.4079  max mem: 11378
Epoch: [16]  [975/976]  eta: 0:00:00  lr: 0.000473  sp_loss: 6.2887 (5.9053)  fam_loss: 3.9908 (3.8454)  manu_loss: 2.9021 (2.7863)  ot_loss: 2.8320 (2.7481)  base_loss: 13.1307 (12.5370)  time: 0.3313  data: 0.0877  max mem: 11378
Epoch: [16] Total time: 0:09:29 (0.5834 s / it)
Averaged stats: lr: 0.000473  sp_loss: 6.2887 (5.9302)  fam_loss: 3.9908 (3.8626)  manu_loss: 2.9021 (2.7977)  ot_loss: 2.8320 (2.7530)  base_loss: 13.1307 (12.5905)
Epoch: [17]  [  0/976]  eta: 2:18:59  lr: 0.000470  sp_loss: 6.7528 (6.7528)  fam_loss: 4.4136 (4.4136)  manu_loss: 3.2586 (3.2586)  ot_loss: 2.9102 (2.9102)  base_loss: 14.4251 (14.4251)  time: 8.5450  data: 7.9012  max mem: 11378
Epoch: [17]  [250/976]  eta: 0:07:01  lr: 0.000470  sp_loss: 6.3390 (5.8844)  fam_loss: 4.0397 (3.8382)  manu_loss: 2.9158 (2.7836)  ot_loss: 2.8223 (2.7387)  base_loss: 13.2845 (12.5062)  time: 0.4440  data: 0.1547  max mem: 11378
Epoch: [17]  [500/976]  eta: 0:04:33  lr: 0.000470  sp_loss: 6.0487 (5.8537)  fam_loss: 3.9278 (3.8185)  manu_loss: 2.8388 (2.7667)  ot_loss: 2.7363 (2.7302)  base_loss: 12.7767 (12.4390)  time: 0.4466  data: 0.1833  max mem: 11378
Epoch: [17]  [750/976]  eta: 0:02:07  lr: 0.000470  sp_loss: 6.2457 (5.8693)  fam_loss: 3.9077 (3.8263)  manu_loss: 2.8055 (2.7739)  ot_loss: 2.7402 (2.7319)  base_loss: 12.9302 (12.4695)  time: 0.6493  data: 0.3849  max mem: 11378
Epoch: [17]  [975/976]  eta: 0:00:00  lr: 0.000470  sp_loss: 6.0123 (5.8667)  fam_loss: 3.8038 (3.8212)  manu_loss: 2.7667 (2.7686)  ot_loss: 2.6895 (2.7298)  base_loss: 12.6808 (12.4566)  time: 0.4422  data: 0.2032  max mem: 11378
Epoch: [17] Total time: 0:09:11 (0.5648 s / it)
Averaged stats: lr: 0.000470  sp_loss: 6.0123 (5.8577)  fam_loss: 3.8038 (3.8157)  manu_loss: 2.7667 (2.7655)  ot_loss: 2.6895 (2.7280)  base_loss: 12.6808 (12.4389)
Epoch: [18]  [  0/976]  eta: 3:52:26  lr: 0.000466  sp_loss: 6.3722 (6.3722)  fam_loss: 4.3079 (4.3079)  manu_loss: 3.2050 (3.2050)  ot_loss: 2.9453 (2.9453)  base_loss: 13.8851 (13.8851)  time: 14.2890  data: 13.6685  max mem: 11378
Epoch: [18]  [250/976]  eta: 0:07:37  lr: 0.000466  sp_loss: 5.7747 (5.8128)  fam_loss: 3.7768 (3.7982)  manu_loss: 2.7278 (2.7488)  ot_loss: 2.7031 (2.7181)  base_loss: 12.2794 (12.3599)  time: 0.5853  data: 0.3182  max mem: 11378
Epoch: [18]  [500/976]  eta: 0:04:48  lr: 0.000466  sp_loss: 6.0488 (5.8099)  fam_loss: 4.0116 (3.7946)  manu_loss: 2.8326 (2.7514)  ot_loss: 2.7031 (2.7177)  base_loss: 12.9691 (12.3559)  time: 0.5960  data: 0.3221  max mem: 11378
Epoch: [18]  [750/976]  eta: 0:02:14  lr: 0.000466  sp_loss: 5.6205 (5.8671)  fam_loss: 3.7444 (3.8302)  manu_loss: 2.7081 (2.7786)  ot_loss: 2.7285 (2.7299)  base_loss: 12.1848 (12.4758)  time: 0.7062  data: 0.4296  max mem: 11378
Epoch: [18]  [975/976]  eta: 0:00:00  lr: 0.000466  sp_loss: 5.1255 (5.8594)  fam_loss: 3.3921 (3.8225)  manu_loss: 2.4315 (2.7736)  ot_loss: 2.5547 (2.7268)  base_loss: 10.9626 (12.4555)  time: 0.3854  data: 0.1446  max mem: 11378
Epoch: [18] Total time: 0:09:31 (0.5852 s / it)
Averaged stats: lr: 0.000466  sp_loss: 5.1255 (5.8415)  fam_loss: 3.3921 (3.8122)  manu_loss: 2.4315 (2.7658)  ot_loss: 2.5547 (2.7230)  base_loss: 10.9626 (12.4195)
Epoch: [19]  [  0/976]  eta: 2:05:58  lr: 0.000462  sp_loss: 6.3155 (6.3155)  fam_loss: 3.9626 (3.9626)  manu_loss: 2.8891 (2.8891)  ot_loss: 2.8008 (2.8008)  base_loss: 13.1671 (13.1671)  time: 7.7447  data: 6.8616  max mem: 11378
Epoch: [19]  [250/976]  eta: 0:07:54  lr: 0.000462  sp_loss: 5.9370 (5.7522)  fam_loss: 3.9286 (3.7598)  manu_loss: 2.8305 (2.7281)  ot_loss: 2.7363 (2.6953)  base_loss: 12.6961 (12.2402)  time: 0.6319  data: 0.3721  max mem: 11378
Epoch: [19]  [500/976]  eta: 0:04:54  lr: 0.000462  sp_loss: 5.3067 (5.7594)  fam_loss: 3.5375 (3.7640)  manu_loss: 2.5941 (2.7281)  ot_loss: 2.6426 (2.7018)  base_loss: 11.5540 (12.2515)  time: 0.5870  data: 0.3044  max mem: 11378
Epoch: [19]  [750/976]  eta: 0:02:15  lr: 0.000462  sp_loss: 5.9525 (5.7914)  fam_loss: 3.8313 (3.7809)  manu_loss: 2.8012 (2.7406)  ot_loss: 2.6758 (2.7054)  base_loss: 12.5850 (12.3128)  time: 0.5259  data: 0.2673  max mem: 11378
Epoch: [19]  [975/976]  eta: 0:00:00  lr: 0.000462  sp_loss: 5.8100 (5.7996)  fam_loss: 3.7962 (3.7830)  manu_loss: 2.6561 (2.7428)  ot_loss: 2.6562 (2.7053)  base_loss: 12.2981 (12.3254)  time: 0.3240  data: 0.0864  max mem: 11378
Epoch: [19] Total time: 0:09:38 (0.5928 s / it)
Averaged stats: lr: 0.000462  sp_loss: 5.8100 (5.8079)  fam_loss: 3.7962 (3.7880)  manu_loss: 2.6561 (2.7485)  ot_loss: 2.6562 (2.7067)  base_loss: 12.2981 (12.3444)
Epoch: [20]  [  0/976]  eta: 2:21:28  lr: 0.000458  sp_loss: 6.1643 (6.1643)  fam_loss: 4.1523 (4.1523)  manu_loss: 2.9619 (2.9619)  ot_loss: 2.7988 (2.7988)  base_loss: 13.2785 (13.2785)  time: 8.6967  data: 7.4573  max mem: 11378
Epoch: [20]  [250/976]  eta: 0:08:16  lr: 0.000458  sp_loss: 6.1163 (5.7934)  fam_loss: 3.9706 (3.7911)  manu_loss: 2.9277 (2.7507)  ot_loss: 2.7090 (2.7013)  base_loss: 13.0654 (12.3352)  time: 0.4453  data: 0.1598  max mem: 11378
Epoch: [20]  [500/976]  eta: 0:05:05  lr: 0.000458  sp_loss: 5.9874 (5.7782)  fam_loss: 4.0079 (3.7757)  manu_loss: 2.9138 (2.7417)  ot_loss: 2.7305 (2.6947)  base_loss: 13.0332 (12.2957)  time: 0.4796  data: 0.1797  max mem: 11378
Epoch: [20]  [750/976]  eta: 0:02:20  lr: 0.000458  sp_loss: 5.3079 (5.7802)  fam_loss: 3.5034 (3.7739)  manu_loss: 2.6422 (2.7365)  ot_loss: 2.5879 (2.6935)  base_loss: 11.4487 (12.2905)  time: 0.6250  data: 0.3563  max mem: 11378
Epoch: [20]  [975/976]  eta: 0:00:00  lr: 0.000458  sp_loss: 5.8710 (5.7879)  fam_loss: 3.7097 (3.7744)  manu_loss: 2.8348 (2.7376)  ot_loss: 2.7090 (2.6931)  base_loss: 12.4155 (12.2999)  time: 0.4606  data: 0.2226  max mem: 11378
Epoch: [20] Total time: 0:09:57 (0.6124 s / it)
Averaged stats: lr: 0.000458  sp_loss: 5.8710 (5.7686)  fam_loss: 3.7097 (3.7634)  manu_loss: 2.8348 (2.7297)  ot_loss: 2.7090 (2.6885)  base_loss: 12.4155 (12.2617)
Epoch: [21]  [  0/976]  eta: 2:17:20  lr: 0.000453  sp_loss: 6.3733 (6.3733)  fam_loss: 4.3679 (4.3679)  manu_loss: 3.2835 (3.2835)  ot_loss: 2.8809 (2.8809)  base_loss: 14.0248 (14.0248)  time: 8.4427  data: 8.1143  max mem: 11378
Epoch: [21]  [250/976]  eta: 0:06:56  lr: 0.000453  sp_loss: 5.6740 (5.7998)  fam_loss: 3.7456 (3.7917)  manu_loss: 2.6573 (2.7551)  ot_loss: 2.6484 (2.6892)  base_loss: 12.0769 (12.3466)  time: 0.6181  data: 0.3103  max mem: 11378
Epoch: [21]  [500/976]  eta: 0:04:53  lr: 0.000453  sp_loss: 5.6291 (5.7650)  fam_loss: 3.7291 (3.7749)  manu_loss: 2.6791 (2.7421)  ot_loss: 2.6426 (2.6844)  base_loss: 12.0270 (12.2819)  time: 0.6103  data: 0.0007  max mem: 11378
Epoch: [21]  [750/976]  eta: 0:02:18  lr: 0.000453  sp_loss: 6.1203 (5.7538)  fam_loss: 3.9685 (3.7596)  manu_loss: 2.8405 (2.7330)  ot_loss: 2.7305 (2.6803)  base_loss: 12.8476 (12.2464)  time: 0.6224  data: 0.0006  max mem: 11378
Epoch: [21]  [975/976]  eta: 0:00:00  lr: 0.000453  sp_loss: 5.9213 (5.7436)  fam_loss: 3.8558 (3.7508)  manu_loss: 2.7179 (2.7248)  ot_loss: 2.6973 (2.6772)  base_loss: 12.5884 (12.2192)  time: 0.4209  data: 0.0002  max mem: 11378
Epoch: [21] Total time: 0:09:46 (0.6005 s / it)
Averaged stats: lr: 0.000453  sp_loss: 5.9213 (5.7473)  fam_loss: 3.8558 (3.7527)  manu_loss: 2.7179 (2.7255)  ot_loss: 2.6973 (2.6782)  base_loss: 12.5884 (12.2256)
Epoch: [22]  [  0/976]  eta: 3:11:08  lr: 0.000449  sp_loss: 6.2547 (6.2547)  fam_loss: 4.0802 (4.0802)  manu_loss: 3.0461 (3.0461)  ot_loss: 2.7773 (2.7773)  base_loss: 13.3809 (13.3809)  time: 11.7504  data: 11.1529  max mem: 11378
Epoch: [22]  [250/976]  eta: 0:11:58  lr: 0.000449  sp_loss: 5.8151 (5.6247)  fam_loss: 3.8389 (3.6695)  manu_loss: 2.7634 (2.6613)  ot_loss: 2.6602 (2.6507)  base_loss: 12.3797 (11.9554)  time: 2.6585  data: 0.5974  max mem: 11378
Epoch: [22]  [500/976]  eta: 0:06:50  lr: 0.000449  sp_loss: 5.1775 (5.6756)  fam_loss: 3.4578 (3.7072)  manu_loss: 2.5733 (2.6913)  ot_loss: 2.5527 (2.6587)  base_loss: 11.1483 (12.0741)  time: 0.6273  data: 0.2281  max mem: 11378
Epoch: [22]  [750/976]  eta: 0:03:25  lr: 0.000449  sp_loss: 6.1468 (5.6946)  fam_loss: 3.9071 (3.7185)  manu_loss: 2.8044 (2.6997)  ot_loss: 2.7070 (2.6631)  base_loss: 12.9798 (12.1128)  time: 0.4192  data: 0.1569  max mem: 11378
Epoch: [22]  [975/976]  eta: 0:00:00  lr: 0.000449  sp_loss: 6.3261 (5.7339)  fam_loss: 4.0589 (3.7389)  manu_loss: 2.8771 (2.7153)  ot_loss: 2.7383 (2.6693)  base_loss: 13.2193 (12.1882)  time: 0.5089  data: 0.0394  max mem: 11378
Epoch: [22] Total time: 0:14:05 (0.8658 s / it)
Averaged stats: lr: 0.000449  sp_loss: 6.3261 (5.7447)  fam_loss: 4.0589 (3.7453)  manu_loss: 2.8771 (2.7184)  ot_loss: 2.7383 (2.6710)  base_loss: 13.2193 (12.2085)
Epoch: [23]  [  0/976]  eta: 2:47:09  lr: 0.000444  sp_loss: 4.4158 (4.4158)  fam_loss: 3.0087 (3.0087)  manu_loss: 2.2151 (2.2151)  ot_loss: 2.3828 (2.3828)  base_loss: 9.6396 (9.6396)  time: 10.2761  data: 9.0882  max mem: 11378
Epoch: [23]  [250/976]  eta: 0:08:19  lr: 0.000444  sp_loss: 5.0952 (5.6540)  fam_loss: 3.3172 (3.7003)  manu_loss: 2.4072 (2.6873)  ot_loss: 2.5039 (2.6516)  base_loss: 10.7837 (12.0416)  time: 0.5376  data: 0.0013  max mem: 11378
Epoch: [23]  [500/976]  eta: 0:05:22  lr: 0.000444  sp_loss: 5.9642 (5.6620)  fam_loss: 3.8232 (3.7027)  manu_loss: 2.7590 (2.6915)  ot_loss: 2.6680 (2.6506)  base_loss: 12.5771 (12.0563)  time: 1.1783  data: 0.0064  max mem: 11378
Epoch: [23]  [750/976]  eta: 0:02:32  lr: 0.000444  sp_loss: 6.1017 (5.6668)  fam_loss: 3.8816 (3.7026)  manu_loss: 2.8506 (2.6899)  ot_loss: 2.6797 (2.6513)  base_loss: 12.8975 (12.0593)  time: 0.5837  data: 0.0009  max mem: 11378
Epoch: [23]  [975/976]  eta: 0:00:00  lr: 0.000444  sp_loss: 5.7611 (5.6726)  fam_loss: 3.8065 (3.7041)  manu_loss: 2.6775 (2.6909)  ot_loss: 2.6504 (2.6535)  base_loss: 12.4907 (12.0676)  time: 0.4947  data: 0.0002  max mem: 11378
Epoch: [23] Total time: 0:10:37 (0.6527 s / it)
Averaged stats: lr: 0.000444  sp_loss: 5.7611 (5.6800)  fam_loss: 3.8065 (3.7097)  manu_loss: 2.6775 (2.6944)  ot_loss: 2.6504 (2.6546)  base_loss: 12.4907 (12.0842)
Epoch: [24]  [  0/976]  eta: 2:20:21  lr: 0.000439  sp_loss: 3.8723 (3.8723)  fam_loss: 2.7261 (2.7261)  manu_loss: 2.0501 (2.0501)  ot_loss: 2.3262 (2.3262)  base_loss: 8.6486 (8.6486)  time: 8.6287  data: 8.2260  max mem: 11378
Epoch: [24]  [250/976]  eta: 0:07:30  lr: 0.000439  sp_loss: 6.0824 (5.7057)  fam_loss: 3.9318 (3.7456)  manu_loss: 2.7989 (2.7293)  ot_loss: 2.7148 (2.6636)  base_loss: 12.9208 (12.1806)  time: 0.4329  data: 0.1634  max mem: 11378
Epoch: [24]  [500/976]  eta: 0:05:04  lr: 0.000439  sp_loss: 5.6583 (5.6705)  fam_loss: 3.7080 (3.7173)  manu_loss: 2.7771 (2.7030)  ot_loss: 2.6426 (2.6518)  base_loss: 12.1286 (12.0909)  time: 0.4252  data: 0.1523  max mem: 11378
Epoch: [24]  [750/976]  eta: 0:02:17  lr: 0.000439  sp_loss: 5.9194 (5.6850)  fam_loss: 3.8401 (3.7231)  manu_loss: 2.8419 (2.7056)  ot_loss: 2.6934 (2.6534)  base_loss: 12.6293 (12.1136)  time: 0.5867  data: 0.3075  max mem: 11378
Epoch: [24]  [975/976]  eta: 0:00:00  lr: 0.000439  sp_loss: 5.6230 (5.6845)  fam_loss: 3.7726 (3.7194)  manu_loss: 2.6425 (2.7021)  ot_loss: 2.6230 (2.6514)  base_loss: 12.0380 (12.1061)  time: 0.4871  data: 0.2410  max mem: 11378
Epoch: [24] Total time: 0:10:26 (0.6421 s / it)
Averaged stats: lr: 0.000439  sp_loss: 5.6230 (5.6869)  fam_loss: 3.7726 (3.7170)  manu_loss: 2.6425 (2.7010)  ot_loss: 2.6230 (2.6506)  base_loss: 12.0380 (12.1048)
Epoch: [25]  [  0/976]  eta: 3:04:33  lr: 0.000434  sp_loss: 4.9768 (4.9768)  fam_loss: 3.2910 (3.2910)  manu_loss: 2.3253 (2.3253)  ot_loss: 2.4902 (2.4902)  base_loss: 10.5931 (10.5931)  time: 11.3459  data: 10.2610  max mem: 11378
Epoch: [25]  [250/976]  eta: 0:09:31  lr: 0.000434  sp_loss: 5.6778 (5.6168)  fam_loss: 3.7384 (3.6846)  manu_loss: 2.7062 (2.6830)  ot_loss: 2.6113 (2.6310)  base_loss: 12.2458 (11.9844)  time: 0.6130  data: 0.0526  max mem: 11378
Epoch: [25]  [500/976]  eta: 0:05:59  lr: 0.000434  sp_loss: 6.1169 (5.6464)  fam_loss: 3.9000 (3.6962)  manu_loss: 2.8354 (2.6898)  ot_loss: 2.6758 (2.6358)  base_loss: 12.7771 (12.0324)  time: 0.6216  data: 0.1106  max mem: 11378
Epoch: [25]  [750/976]  eta: 0:02:40  lr: 0.000434  sp_loss: 5.4318 (5.6403)  fam_loss: 3.5692 (3.6905)  manu_loss: 2.6376 (2.6858)  ot_loss: 2.5859 (2.6348)  base_loss: 11.6504 (12.0166)  time: 0.8665  data: 0.0267  max mem: 11378
Epoch: [25]  [975/976]  eta: 0:00:00  lr: 0.000434  sp_loss: 5.7245 (5.6587)  fam_loss: 3.7604 (3.6967)  manu_loss: 2.7735 (2.6890)  ot_loss: 2.6445 (2.6363)  base_loss: 12.2129 (12.0443)  time: 0.4628  data: 0.1734  max mem: 11378
Epoch: [25] Total time: 0:11:02 (0.6790 s / it)
Averaged stats: lr: 0.000434  sp_loss: 5.7245 (5.6566)  fam_loss: 3.7604 (3.6942)  manu_loss: 2.7735 (2.6873)  ot_loss: 2.6445 (2.6351)  base_loss: 12.2129 (12.0381)
Epoch: [26]  [  0/976]  eta: 2:14:07  lr: 0.000428  sp_loss: 5.7096 (5.7096)  fam_loss: 3.8653 (3.8653)  manu_loss: 2.7688 (2.7688)  ot_loss: 2.6172 (2.6172)  base_loss: 12.3438 (12.3438)  time: 8.2452  data: 7.8162  max mem: 11378
Epoch: [26]  [250/976]  eta: 0:07:42  lr: 0.000428  sp_loss: 5.9565 (5.5315)  fam_loss: 3.9659 (3.6265)  manu_loss: 2.8166 (2.6394)  ot_loss: 2.7227 (2.6097)  base_loss: 12.6523 (11.7974)  time: 1.3005  data: 0.8274  max mem: 11378
Epoch: [26]  [500/976]  eta: 0:05:03  lr: 0.000428  sp_loss: 6.0881 (5.5728)  fam_loss: 3.8567 (3.6502)  manu_loss: 2.8036 (2.6549)  ot_loss: 2.6816 (2.6186)  base_loss: 12.8236 (11.8779)  time: 0.6210  data: 0.3478  max mem: 11378
Epoch: [26]  [750/976]  eta: 0:02:18  lr: 0.000428  sp_loss: 5.8690 (5.5503)  fam_loss: 3.8476 (3.6340)  manu_loss: 2.7884 (2.6424)  ot_loss: 2.6777 (2.6128)  base_loss: 12.5051 (11.8267)  time: 0.5772  data: 0.3048  max mem: 11378
Epoch: [26]  [975/976]  eta: 0:00:00  lr: 0.000428  sp_loss: 5.6680 (5.5763)  fam_loss: 3.7691 (3.6488)  manu_loss: 2.6484 (2.6526)  ot_loss: 2.6562 (2.6175)  base_loss: 12.0855 (11.8777)  time: 0.4367  data: 0.1943  max mem: 11378
Epoch: [26] Total time: 0:10:18 (0.6341 s / it)
Averaged stats: lr: 0.000428  sp_loss: 5.6680 (5.6049)  fam_loss: 3.7691 (3.6640)  manu_loss: 2.6484 (2.6648)  ot_loss: 2.6562 (2.6214)  base_loss: 12.0855 (11.9337)
Epoch: [27]  [  0/976]  eta: 2:25:05  lr: 0.000423  sp_loss: 5.7735 (5.7735)  fam_loss: 3.7643 (3.7643)  manu_loss: 2.8258 (2.8258)  ot_loss: 2.6621 (2.6621)  base_loss: 12.3636 (12.3636)  time: 8.9199  data: 8.3487  max mem: 11378
Epoch: [27]  [250/976]  eta: 0:08:11  lr: 0.000423  sp_loss: 5.7073 (5.6184)  fam_loss: 3.8125 (3.6855)  manu_loss: 2.6867 (2.6807)  ot_loss: 2.6172 (2.6225)  base_loss: 12.2065 (11.9845)  time: 0.4564  data: 0.1732  max mem: 11378
Epoch: [27]  [500/976]  eta: 0:04:54  lr: 0.000423  sp_loss: 5.5906 (5.6139)  fam_loss: 3.5749 (3.6747)  manu_loss: 2.6248 (2.6729)  ot_loss: 2.6016 (2.6192)  base_loss: 11.8106 (11.9614)  time: 0.4398  data: 0.1382  max mem: 11378
Epoch: [27]  [750/976]  eta: 0:02:20  lr: 0.000423  sp_loss: 5.9975 (5.6358)  fam_loss: 3.8792 (3.6836)  manu_loss: 2.7489 (2.6799)  ot_loss: 2.6641 (2.6241)  base_loss: 12.7523 (11.9993)  time: 0.4949  data: 0.1516  max mem: 11378
Epoch: [27]  [975/976]  eta: 0:00:00  lr: 0.000423  sp_loss: 6.0549 (5.6335)  fam_loss: 3.8219 (3.6797)  manu_loss: 2.7740 (2.6749)  ot_loss: 2.6758 (2.6219)  base_loss: 12.6508 (11.9881)  time: 0.4965  data: 0.2573  max mem: 11378
Epoch: [27] Total time: 0:09:56 (0.6107 s / it)
Averaged stats: lr: 0.000423  sp_loss: 6.0549 (5.6307)  fam_loss: 3.8219 (3.6787)  manu_loss: 2.7740 (2.6751)  ot_loss: 2.6758 (2.6228)  base_loss: 12.6508 (11.9845)
Epoch: [28]  [  0/976]  eta: 2:26:25  lr: 0.000417  sp_loss: 5.3256 (5.3256)  fam_loss: 3.4258 (3.4258)  manu_loss: 2.4511 (2.4511)  ot_loss: 2.4395 (2.4395)  base_loss: 11.2025 (11.2025)  time: 9.0014  data: 8.6243  max mem: 11378
Epoch: [28]  [250/976]  eta: 0:07:31  lr: 0.000417  sp_loss: 5.5799 (5.5305)  fam_loss: 3.6204 (3.6135)  manu_loss: 2.6761 (2.6358)  ot_loss: 2.5898 (2.5968)  base_loss: 11.8157 (11.7799)  time: 0.6614  data: 0.3948  max mem: 11378
Epoch: [28]  [500/976]  eta: 0:04:49  lr: 0.000417  sp_loss: 5.9961 (5.5331)  fam_loss: 3.7709 (3.6153)  manu_loss: 2.8111 (2.6335)  ot_loss: 2.6211 (2.5941)  base_loss: 12.5811 (11.7819)  time: 0.7099  data: 0.4513  max mem: 11378
Epoch: [28]  [750/976]  eta: 0:02:13  lr: 0.000417  sp_loss: 5.7994 (5.5515)  fam_loss: 3.8600 (3.6286)  manu_loss: 2.7903 (2.6418)  ot_loss: 2.6270 (2.5992)  base_loss: 12.4497 (11.8219)  time: 0.5789  data: 0.3034  max mem: 11378
Epoch: [28]  [975/976]  eta: 0:00:00  lr: 0.000417  sp_loss: 5.8588 (5.5561)  fam_loss: 3.7547 (3.6300)  manu_loss: 2.8114 (2.6432)  ot_loss: 2.6309 (2.5998)  base_loss: 12.5704 (11.8292)  time: 0.3220  data: 0.0841  max mem: 11378
Epoch: [28] Total time: 0:09:27 (0.5813 s / it)
Averaged stats: lr: 0.000417  sp_loss: 5.8588 (5.5664)  fam_loss: 3.7547 (3.6380)  manu_loss: 2.8114 (2.6492)  ot_loss: 2.6309 (2.6022)  base_loss: 12.5704 (11.8537)
Epoch: [29]  [  0/976]  eta: 2:14:08  lr: 0.000411  sp_loss: 6.3426 (6.3426)  fam_loss: 3.9750 (3.9750)  manu_loss: 2.8912 (2.8912)  ot_loss: 2.6953 (2.6953)  base_loss: 13.2088 (13.2088)  time: 8.2465  data: 7.9401  max mem: 11378
Epoch: [29]  [250/976]  eta: 0:07:35  lr: 0.000411  sp_loss: 5.7472 (5.5087)  fam_loss: 3.7210 (3.6050)  manu_loss: 2.7871 (2.6268)  ot_loss: 2.6035 (2.5839)  base_loss: 12.3371 (11.7406)  time: 0.6265  data: 0.3429  max mem: 11378
Epoch: [29]  [500/976]  eta: 0:04:51  lr: 0.000411  sp_loss: 5.6787 (5.5638)  fam_loss: 3.7739 (3.6379)  manu_loss: 2.7309 (2.6521)  ot_loss: 2.6289 (2.6011)  base_loss: 12.1421 (11.8539)  time: 0.4546  data: 0.1713  max mem: 11378
Epoch: [29]  [750/976]  eta: 0:02:20  lr: 0.000411  sp_loss: 5.7574 (5.5465)  fam_loss: 3.7788 (3.6275)  manu_loss: 2.7309 (2.6441)  ot_loss: 2.6426 (2.5958)  base_loss: 12.3289 (11.8182)  time: 0.5018  data: 0.1436  max mem: 11378
Epoch: [29]  [975/976]  eta: 0:00:00  lr: 0.000411  sp_loss: 5.6802 (5.5497)  fam_loss: 3.8794 (3.6259)  manu_loss: 2.7591 (2.6419)  ot_loss: 2.6660 (2.5954)  base_loss: 12.3913 (11.8176)  time: 0.6772  data: 0.2963  max mem: 11378
Epoch: [29] Total time: 0:10:03 (0.6179 s / it)
Averaged stats: lr: 0.000411  sp_loss: 5.6802 (5.5560)  fam_loss: 3.8794 (3.6307)  manu_loss: 2.7591 (2.6444)  ot_loss: 2.6660 (2.5963)  base_loss: 12.3913 (11.8311)
Epoch: [30]  [  0/976]  eta: 3:20:12  lr: 0.000405  sp_loss: 5.4512 (5.4512)  fam_loss: 3.6408 (3.6408)  manu_loss: 2.6782 (2.6782)  ot_loss: 2.5801 (2.5801)  base_loss: 11.7702 (11.7702)  time: 12.3074  data: 11.6152  max mem: 11378
Epoch: [30]  [250/976]  eta: 0:07:32  lr: 0.000405  sp_loss: 5.1363 (5.5621)  fam_loss: 3.4609 (3.6371)  manu_loss: 2.5591 (2.6519)  ot_loss: 2.5254 (2.5978)  base_loss: 11.2565 (11.8511)  time: 0.4537  data: 0.1801  max mem: 11378
Epoch: [30]  [500/976]  eta: 0:06:06  lr: 0.000405  sp_loss: 5.5178 (5.5339)  fam_loss: 3.6458 (3.6225)  manu_loss: 2.5920 (2.6398)  ot_loss: 2.5488 (2.5884)  base_loss: 11.8234 (11.7962)  time: 0.5331  data: 0.1677  max mem: 11378
Epoch: [30]  [750/976]  eta: 0:02:44  lr: 0.000405  sp_loss: 5.4424 (5.5501)  fam_loss: 3.6305 (3.6279)  manu_loss: 2.6595 (2.6433)  ot_loss: 2.5566 (2.5912)  base_loss: 11.6774 (11.8213)  time: 0.8212  data: 0.0006  max mem: 11378
Epoch: [30]  [975/976]  eta: 0:00:00  lr: 0.000405  sp_loss: 6.0339 (5.5623)  fam_loss: 3.8614 (3.6345)  manu_loss: 2.8603 (2.6474)  ot_loss: 2.7129 (2.5931)  base_loss: 12.8125 (11.8441)  time: 0.5004  data: 0.0008  max mem: 11378
Epoch: [30] Total time: 0:11:31 (0.7089 s / it)
Averaged stats: lr: 0.000405  sp_loss: 6.0339 (5.5564)  fam_loss: 3.8614 (3.6292)  manu_loss: 2.8603 (2.6422)  ot_loss: 2.7129 (2.5916)  base_loss: 12.8125 (11.8278)
Epoch: [31]  [  0/976]  eta: 2:32:55  lr: 0.000399  sp_loss: 6.4540 (6.4540)  fam_loss: 4.2591 (4.2591)  manu_loss: 3.1471 (3.1471)  ot_loss: 2.8691 (2.8691)  base_loss: 13.8603 (13.8603)  time: 9.4012  data: 8.6584  max mem: 11378
Epoch: [31]  [250/976]  eta: 0:07:15  lr: 0.000399  sp_loss: 5.1238 (5.4663)  fam_loss: 3.3671 (3.5871)  manu_loss: 2.5856 (2.6135)  ot_loss: 2.4961 (2.5633)  base_loss: 10.9982 (11.6668)  time: 0.4722  data: 0.1529  max mem: 11378
Epoch: [31]  [500/976]  eta: 0:04:43  lr: 0.000399  sp_loss: 5.7729 (5.4664)  fam_loss: 3.7866 (3.5833)  manu_loss: 2.7454 (2.6122)  ot_loss: 2.5918 (2.5683)  base_loss: 12.3546 (11.6619)  time: 0.6309  data: 0.2824  max mem: 11378
Epoch: [31]  [750/976]  eta: 0:02:15  lr: 0.000399  sp_loss: 5.2694 (5.5142)  fam_loss: 3.4831 (3.6074)  manu_loss: 2.5056 (2.6286)  ot_loss: 2.5137 (2.5775)  base_loss: 11.3137 (11.7502)  time: 0.5027  data: 0.1891  max mem: 11378
Epoch: [31]  [975/976]  eta: 0:00:00  lr: 0.000399  sp_loss: 5.8813 (5.5453)  fam_loss: 3.7623 (3.6255)  manu_loss: 2.7725 (2.6420)  ot_loss: 2.6445 (2.5849)  base_loss: 12.3455 (11.8128)  time: 0.4835  data: 0.2283  max mem: 11378
Epoch: [31] Total time: 0:09:39 (0.5941 s / it)
Averaged stats: lr: 0.000399  sp_loss: 5.8813 (5.5437)  fam_loss: 3.7623 (3.6240)  manu_loss: 2.7725 (2.6418)  ot_loss: 2.6445 (2.5856)  base_loss: 12.3455 (11.8095)
Epoch: [32]  [  0/976]  eta: 2:34:39  lr: 0.000393  sp_loss: 5.4034 (5.4034)  fam_loss: 3.4270 (3.4270)  manu_loss: 2.3668 (2.3668)  ot_loss: 2.5156 (2.5156)  base_loss: 11.1971 (11.1971)  time: 9.5077  data: 9.1091  max mem: 11378
Epoch: [32]  [250/976]  eta: 0:07:02  lr: 0.000393  sp_loss: 5.7016 (5.5031)  fam_loss: 3.7147 (3.6072)  manu_loss: 2.6894 (2.6283)  ot_loss: 2.6035 (2.5727)  base_loss: 12.1762 (11.7386)  time: 0.6112  data: 0.3310  max mem: 11378
Epoch: [32]  [500/976]  eta: 0:04:31  lr: 0.000393  sp_loss: 5.8308 (5.5094)  fam_loss: 3.6258 (3.6030)  manu_loss: 2.5949 (2.6234)  ot_loss: 2.5938 (2.5718)  base_loss: 12.0515 (11.7358)  time: 0.4389  data: 0.1600  max mem: 11378
Epoch: [32]  [750/976]  eta: 0:02:09  lr: 0.000393  sp_loss: 5.5507 (5.5143)  fam_loss: 3.6512 (3.6056)  manu_loss: 2.5884 (2.6272)  ot_loss: 2.5742 (2.5743)  base_loss: 11.9223 (11.7471)  time: 0.4394  data: 0.1590  max mem: 11378
Epoch: [32]  [975/976]  eta: 0:00:00  lr: 0.000393  sp_loss: 5.7250 (5.5295)  fam_loss: 3.7139 (3.6119)  manu_loss: 2.7666 (2.6321)  ot_loss: 2.6484 (2.5759)  base_loss: 12.2216 (11.7734)  time: 0.4680  data: 0.2264  max mem: 11378
Epoch: [32] Total time: 0:09:16 (0.5706 s / it)
Averaged stats: lr: 0.000393  sp_loss: 5.7250 (5.5281)  fam_loss: 3.7139 (3.6118)  manu_loss: 2.7666 (2.6316)  ot_loss: 2.6484 (2.5762)  base_loss: 12.2216 (11.7715)
Epoch: [33]  [  0/976]  eta: 2:33:44  lr: 0.000386  sp_loss: 6.2255 (6.2255)  fam_loss: 4.2300 (4.2300)  manu_loss: 2.9368 (2.9368)  ot_loss: 2.7773 (2.7773)  base_loss: 13.3923 (13.3923)  time: 9.4510  data: 8.8800  max mem: 11378
Epoch: [33]  [250/976]  eta: 0:07:00  lr: 0.000386  sp_loss: 5.5452 (5.4877)  fam_loss: 3.6244 (3.5920)  manu_loss: 2.6544 (2.6163)  ot_loss: 2.5723 (2.5606)  base_loss: 11.8240 (11.6960)  time: 0.4613  data: 0.1815  max mem: 11378
Epoch: [33]  [500/976]  eta: 0:04:34  lr: 0.000386  sp_loss: 5.2624 (5.4503)  fam_loss: 3.5962 (3.5619)  manu_loss: 2.6105 (2.5970)  ot_loss: 2.5371 (2.5502)  base_loss: 11.4777 (11.6091)  time: 0.4290  data: 0.1754  max mem: 11378
Epoch: [33]  [750/976]  eta: 0:02:09  lr: 0.000386  sp_loss: 5.2372 (5.4810)  fam_loss: 3.4983 (3.5823)  manu_loss: 2.5055 (2.6118)  ot_loss: 2.5078 (2.5589)  base_loss: 11.2410 (11.6752)  time: 0.6811  data: 0.4210  max mem: 11378
Epoch: [33]  [975/976]  eta: 0:00:00  lr: 0.000386  sp_loss: 5.4533 (5.4888)  fam_loss: 3.6264 (3.5867)  manu_loss: 2.6514 (2.6136)  ot_loss: 2.5645 (2.5615)  base_loss: 11.8370 (11.6891)  time: 0.6494  data: 0.3159  max mem: 11378
Epoch: [33] Total time: 0:09:21 (0.5755 s / it)
Averaged stats: lr: 0.000386  sp_loss: 5.4533 (5.4868)  fam_loss: 3.6264 (3.5841)  manu_loss: 2.6514 (2.6107)  ot_loss: 2.5645 (2.5618)  base_loss: 11.8370 (11.6817)
Epoch: [34]  [  0/976]  eta: 2:37:44  lr: 0.000380  sp_loss: 6.4588 (6.4588)  fam_loss: 4.1549 (4.1549)  manu_loss: 2.8558 (2.8558)  ot_loss: 2.8379 (2.8379)  base_loss: 13.4695 (13.4695)  time: 9.6976  data: 8.9459  max mem: 11378
Epoch: [34]  [250/976]  eta: 0:07:23  lr: 0.000380  sp_loss: 5.5300 (5.4451)  fam_loss: 3.6273 (3.5750)  manu_loss: 2.6396 (2.6068)  ot_loss: 2.5645 (2.5554)  base_loss: 11.8859 (11.6268)  time: 0.4319  data: 0.0043  max mem: 11378
Epoch: [34]  [500/976]  eta: 0:04:53  lr: 0.000380  sp_loss: 5.3604 (5.4899)  fam_loss: 3.5472 (3.5978)  manu_loss: 2.5368 (2.6238)  ot_loss: 2.5234 (2.5614)  base_loss: 11.5243 (11.7115)  time: 0.6749  data: 0.0009  max mem: 11378
Epoch: [34]  [750/976]  eta: 0:02:17  lr: 0.000380  sp_loss: 5.7006 (5.4804)  fam_loss: 3.6578 (3.5851)  manu_loss: 2.6441 (2.6158)  ot_loss: 2.5723 (2.5570)  base_loss: 11.9525 (11.6813)  time: 0.6024  data: 0.0008  max mem: 11378
Epoch: [34]  [975/976]  eta: 0:00:00  lr: 0.000380  sp_loss: 5.3019 (5.4615)  fam_loss: 3.5226 (3.5700)  manu_loss: 2.6342 (2.6042)  ot_loss: 2.4863 (2.5502)  base_loss: 11.4566 (11.6356)  time: 0.4231  data: 0.0002  max mem: 11378
Epoch: [34] Total time: 0:09:48 (0.6025 s / it)
Averaged stats: lr: 0.000380  sp_loss: 5.3019 (5.4537)  fam_loss: 3.5226 (3.5643)  manu_loss: 2.6342 (2.5986)  ot_loss: 2.4863 (2.5465)  base_loss: 11.4566 (11.6166)
Epoch: [35]  [  0/976]  eta: 2:13:09  lr: 0.000373  sp_loss: 5.7260 (5.7260)  fam_loss: 3.7125 (3.7125)  manu_loss: 2.7643 (2.7643)  ot_loss: 2.6074 (2.6074)  base_loss: 12.2028 (12.2028)  time: 8.1863  data: 6.7850  max mem: 11378
Epoch: [35]  [250/976]  eta: 0:07:20  lr: 0.000373  sp_loss: 5.8294 (5.4217)  fam_loss: 3.7448 (3.5431)  manu_loss: 2.7477 (2.5826)  ot_loss: 2.5996 (2.5388)  base_loss: 12.2400 (11.5474)  time: 0.7314  data: 0.4576  max mem: 11378
Epoch: [35]  [500/976]  eta: 0:04:52  lr: 0.000373  sp_loss: 5.3214 (5.3843)  fam_loss: 3.4273 (3.5142)  manu_loss: 2.5353 (2.5634)  ot_loss: 2.4531 (2.5270)  base_loss: 10.9800 (11.4619)  time: 0.6748  data: 0.0008  max mem: 11378
Epoch: [35]  [750/976]  eta: 0:02:19  lr: 0.000373  sp_loss: 5.3815 (5.4306)  fam_loss: 3.5449 (3.5447)  manu_loss: 2.5497 (2.5843)  ot_loss: 2.4922 (2.5373)  base_loss: 11.4707 (11.5596)  time: 0.7251  data: 0.0017  max mem: 11378
Epoch: [35]  [975/976]  eta: 0:00:00  lr: 0.000373  sp_loss: 5.9937 (5.4464)  fam_loss: 3.9403 (3.5572)  manu_loss: 2.8543 (2.5945)  ot_loss: 2.6660 (2.5421)  base_loss: 12.7556 (11.5980)  time: 0.3466  data: 0.0004  max mem: 11378
Epoch: [35] Total time: 0:09:51 (0.6063 s / it)
Averaged stats: lr: 0.000373  sp_loss: 5.9937 (5.4140)  fam_loss: 3.9403 (3.5387)  manu_loss: 2.8543 (2.5816)  ot_loss: 2.6660 (2.5342)  base_loss: 12.7556 (11.5343)
Epoch: [36]  [  0/976]  eta: 2:25:17  lr: 0.000366  sp_loss: 6.2029 (6.2029)  fam_loss: 4.0475 (4.0475)  manu_loss: 2.9498 (2.9498)  ot_loss: 2.6777 (2.6777)  base_loss: 13.2002 (13.2002)  time: 8.9322  data: 8.1781  max mem: 11378
Epoch: [36]  [250/976]  eta: 0:07:20  lr: 0.000366  sp_loss: 5.3713 (5.4119)  fam_loss: 3.5139 (3.5419)  manu_loss: 2.5615 (2.5897)  ot_loss: 2.4766 (2.5298)  base_loss: 11.3921 (11.5435)  time: 0.4385  data: 0.1733  max mem: 11378
Epoch: [36]  [500/976]  eta: 0:04:40  lr: 0.000366  sp_loss: 5.9823 (5.4220)  fam_loss: 3.8447 (3.5480)  manu_loss: 2.8445 (2.5891)  ot_loss: 2.6699 (2.5292)  base_loss: 12.7755 (11.5592)  time: 0.4924  data: 0.2165  max mem: 11378
Epoch: [36]  [750/976]  eta: 0:02:17  lr: 0.000366  sp_loss: 5.0639 (5.3827)  fam_loss: 3.3122 (3.5241)  manu_loss: 2.4417 (2.5703)  ot_loss: 2.3867 (2.5212)  base_loss: 10.7331 (11.4771)  time: 0.9387  data: 0.2691  max mem: 11378
Epoch: [36]  [975/976]  eta: 0:00:00  lr: 0.000366  sp_loss: 5.3137 (5.3791)  fam_loss: 3.4311 (3.5175)  manu_loss: 2.4661 (2.5660)  ot_loss: 2.4355 (2.5195)  base_loss: 11.2110 (11.4626)  time: 0.5409  data: 0.3047  max mem: 11378
Epoch: [36] Total time: 0:09:38 (0.5927 s / it)
Averaged stats: lr: 0.000366  sp_loss: 5.3137 (5.3901)  fam_loss: 3.4311 (3.5228)  manu_loss: 2.4661 (2.5695)  ot_loss: 2.4355 (2.5200)  base_loss: 11.2110 (11.4825)
Epoch: [37]  [  0/976]  eta: 2:20:39  lr: 0.000359  sp_loss: 6.0863 (6.0863)  fam_loss: 4.0077 (4.0077)  manu_loss: 2.9769 (2.9769)  ot_loss: 2.7793 (2.7793)  base_loss: 13.0710 (13.0710)  time: 8.6472  data: 8.0817  max mem: 11378
Epoch: [37]  [250/976]  eta: 0:07:17  lr: 0.000359  sp_loss: 5.4477 (5.3210)  fam_loss: 3.5209 (3.4972)  manu_loss: 2.6328 (2.5530)  ot_loss: 2.5215 (2.5044)  base_loss: 11.5198 (11.3712)  time: 0.7051  data: 0.0007  max mem: 11378
Epoch: [37]  [500/976]  eta: 0:04:36  lr: 0.000359  sp_loss: 5.8046 (5.3643)  fam_loss: 3.7456 (3.5182)  manu_loss: 2.8199 (2.5630)  ot_loss: 2.6309 (2.5140)  base_loss: 12.4066 (11.4455)  time: 0.5951  data: 0.0009  max mem: 11378
Epoch: [37]  [750/976]  eta: 0:02:09  lr: 0.000359  sp_loss: 5.7735 (5.3610)  fam_loss: 3.6621 (3.5140)  manu_loss: 2.7413 (2.5611)  ot_loss: 2.5840 (2.5136)  base_loss: 12.1969 (11.4361)  time: 0.5931  data: 0.0007  max mem: 11378
Epoch: [37]  [975/976]  eta: 0:00:00  lr: 0.000359  sp_loss: 5.4484 (5.3767)  fam_loss: 3.4494 (3.5200)  manu_loss: 2.5023 (2.5673)  ot_loss: 2.5098 (2.5158)  base_loss: 11.3940 (11.4640)  time: 0.3474  data: 0.0003  max mem: 11378
Epoch: [37] Total time: 0:09:14 (0.5679 s / it)
Averaged stats: lr: 0.000359  sp_loss: 5.4484 (5.3811)  fam_loss: 3.4494 (3.5214)  manu_loss: 2.5023 (2.5695)  ot_loss: 2.5098 (2.5166)  base_loss: 11.3940 (11.4721)
Epoch: [38]  [  0/976]  eta: 2:07:55  lr: 0.000352  sp_loss: 4.4143 (4.4143)  fam_loss: 2.8854 (2.8854)  manu_loss: 2.1249 (2.1249)  ot_loss: 2.2539 (2.2539)  base_loss: 9.4246 (9.4246)  time: 7.8638  data: 7.5608  max mem: 11378
Epoch: [38]  [250/976]  eta: 0:07:00  lr: 0.000352  sp_loss: 5.2762 (5.3645)  fam_loss: 3.4607 (3.5058)  manu_loss: 2.5151 (2.5564)  ot_loss: 2.4355 (2.5063)  base_loss: 11.2191 (11.4266)  time: 0.5801  data: 0.0099  max mem: 11378
Epoch: [38]  [500/976]  eta: 0:04:29  lr: 0.000352  sp_loss: 5.5032 (5.3543)  fam_loss: 3.6178 (3.5044)  manu_loss: 2.6304 (2.5542)  ot_loss: 2.4727 (2.5026)  base_loss: 11.8567 (11.4129)  time: 0.4562  data: 0.0521  max mem: 11378
Epoch: [38]  [750/976]  eta: 0:02:07  lr: 0.000352  sp_loss: 5.2913 (5.3581)  fam_loss: 3.4438 (3.5046)  manu_loss: 2.5898 (2.5571)  ot_loss: 2.5020 (2.5060)  base_loss: 11.2727 (11.4198)  time: 0.5484  data: 0.1157  max mem: 11378
Epoch: [38]  [975/976]  eta: 0:00:00  lr: 0.000352  sp_loss: 5.2102 (5.3528)  fam_loss: 3.5001 (3.4986)  manu_loss: 2.4762 (2.5520)  ot_loss: 2.4297 (2.5048)  base_loss: 11.1865 (11.4034)  time: 0.5396  data: 0.1060  max mem: 11378
Epoch: [38] Total time: 0:09:18 (0.5721 s / it)
Averaged stats: lr: 0.000352  sp_loss: 5.2102 (5.3483)  fam_loss: 3.5001 (3.4975)  manu_loss: 2.4762 (2.5505)  ot_loss: 2.4297 (2.5046)  base_loss: 11.1865 (11.3963)
Epoch: [39]  [  0/976]  eta: 2:16:06  lr: 0.000345  sp_loss: 6.0559 (6.0559)  fam_loss: 3.9613 (3.9613)  manu_loss: 2.9078 (2.9078)  ot_loss: 2.7109 (2.7109)  base_loss: 12.9250 (12.9250)  time: 8.3678  data: 7.6253  max mem: 11378
Epoch: [39]  [250/976]  eta: 0:08:06  lr: 0.000345  sp_loss: 5.0664 (5.3789)  fam_loss: 3.3147 (3.5310)  manu_loss: 2.4453 (2.5828)  ot_loss: 2.4023 (2.5149)  base_loss: 10.9446 (11.4927)  time: 0.7484  data: 0.4613  max mem: 11378
Epoch: [39]  [500/976]  eta: 0:05:10  lr: 0.000345  sp_loss: 5.1964 (5.3337)  fam_loss: 3.3621 (3.4907)  manu_loss: 2.5111 (2.5528)  ot_loss: 2.4238 (2.4987)  base_loss: 11.0435 (11.3771)  time: 0.6629  data: 0.0498  max mem: 11378
Epoch: [39]  [750/976]  eta: 0:02:22  lr: 0.000345  sp_loss: 5.0715 (5.3242)  fam_loss: 3.2285 (3.4830)  manu_loss: 2.3824 (2.5467)  ot_loss: 2.4023 (2.4959)  base_loss: 10.5961 (11.3539)  time: 0.4375  data: 0.0009  max mem: 11378
Epoch: [39]  [975/976]  eta: 0:00:00  lr: 0.000345  sp_loss: 5.5514 (5.3257)  fam_loss: 3.5009 (3.4827)  manu_loss: 2.5653 (2.5463)  ot_loss: 2.5312 (2.4952)  base_loss: 11.5770 (11.3547)  time: 0.5875  data: 0.0001  max mem: 11378
Epoch: [39] Total time: 0:10:03 (0.6182 s / it)
Averaged stats: lr: 0.000345  sp_loss: 5.5514 (5.3579)  fam_loss: 3.5009 (3.5032)  manu_loss: 2.5653 (2.5601)  ot_loss: 2.5312 (2.5012)  base_loss: 11.5770 (11.4213)
Epoch: [40]  [  0/976]  eta: 2:12:29  lr: 0.000338  sp_loss: 3.5680 (3.5680)  fam_loss: 2.3999 (2.3999)  manu_loss: 1.7406 (1.7406)  ot_loss: 2.1270 (2.1270)  base_loss: 7.7085 (7.7085)  time: 8.1446  data: 7.7570  max mem: 11378
Epoch: [40]  [250/976]  eta: 0:06:58  lr: 0.000338  sp_loss: 4.9829 (5.3305)  fam_loss: 3.2800 (3.4938)  manu_loss: 2.4093 (2.5552)  ot_loss: 2.4297 (2.4936)  base_loss: 10.6723 (11.3795)  time: 0.5940  data: 0.3123  max mem: 11378
Epoch: [40]  [500/976]  eta: 0:04:34  lr: 0.000338  sp_loss: 5.6913 (5.3457)  fam_loss: 3.6112 (3.5008)  manu_loss: 2.6026 (2.5589)  ot_loss: 2.5762 (2.4974)  base_loss: 11.9159 (11.4054)  time: 0.6229  data: 0.3317  max mem: 11378
Epoch: [40]  [750/976]  eta: 0:02:09  lr: 0.000338  sp_loss: 5.2382 (5.3556)  fam_loss: 3.4647 (3.5029)  manu_loss: 2.5097 (2.5590)  ot_loss: 2.4805 (2.4976)  base_loss: 11.1783 (11.4175)  time: 0.5712  data: 0.3073  max mem: 11378
Epoch: [40]  [975/976]  eta: 0:00:00  lr: 0.000338  sp_loss: 5.6677 (5.3576)  fam_loss: 3.5789 (3.5018)  manu_loss: 2.6249 (2.5574)  ot_loss: 2.4922 (2.4979)  base_loss: 12.0296 (11.4168)  time: 0.3741  data: 0.1324  max mem: 11378
Epoch: [40] Total time: 0:09:20 (0.5746 s / it)
Averaged stats: lr: 0.000338  sp_loss: 5.6677 (5.3460)  fam_loss: 3.5789 (3.4963)  manu_loss: 2.6249 (2.5531)  ot_loss: 2.4922 (2.4938)  base_loss: 12.0296 (11.3954)
Epoch: [41]  [  0/976]  eta: 2:23:09  lr: 0.000331  sp_loss: 4.8678 (4.8678)  fam_loss: 3.0843 (3.0843)  manu_loss: 2.2613 (2.2613)  ot_loss: 2.3125 (2.3125)  base_loss: 10.2135 (10.2135)  time: 8.8007  data: 7.9938  max mem: 11378
Epoch: [41]  [250/976]  eta: 0:07:32  lr: 0.000331  sp_loss: 5.6951 (5.2664)  fam_loss: 3.6792 (3.4554)  manu_loss: 2.6826 (2.5348)  ot_loss: 2.5508 (2.4719)  base_loss: 12.1065 (11.2565)  time: 0.4604  data: 0.1873  max mem: 11378
Epoch: [41]  [500/976]  eta: 0:04:49  lr: 0.000331  sp_loss: 5.7741 (5.3244)  fam_loss: 3.7472 (3.4854)  manu_loss: 2.6753 (2.5525)  ot_loss: 2.5605 (2.4833)  base_loss: 12.2215 (11.3623)  time: 0.5649  data: 0.1596  max mem: 11378
Epoch: [41]  [750/976]  eta: 0:02:18  lr: 0.000331  sp_loss: 5.3050 (5.3040)  fam_loss: 3.5761 (3.4706)  manu_loss: 2.5272 (2.5392)  ot_loss: 2.4727 (2.4773)  base_loss: 11.3723 (11.3138)  time: 0.5874  data: 0.3071  max mem: 11378
Epoch: [41]  [975/976]  eta: 0:00:00  lr: 0.000331  sp_loss: 5.4825 (5.2858)  fam_loss: 3.5621 (3.4582)  manu_loss: 2.6117 (2.5285)  ot_loss: 2.4941 (2.4721)  base_loss: 11.7610 (11.2724)  time: 0.3939  data: 0.1593  max mem: 11378
Epoch: [41] Total time: 0:09:41 (0.5957 s / it)
Averaged stats: lr: 0.000331  sp_loss: 5.4825 (5.3315)  fam_loss: 3.5621 (3.4870)  manu_loss: 2.6117 (2.5495)  ot_loss: 2.4941 (2.4852)  base_loss: 11.7610 (11.3680)
Epoch: [42]  [  0/976]  eta: 2:22:49  lr: 0.000323  sp_loss: 6.1289 (6.1289)  fam_loss: 3.9614 (3.9614)  manu_loss: 2.8607 (2.8607)  ot_loss: 2.6465 (2.6465)  base_loss: 12.9510 (12.9510)  time: 8.7801  data: 7.1920  max mem: 11378
Epoch: [42]  [250/976]  eta: 0:07:09  lr: 0.000323  sp_loss: 4.9609 (5.3309)  fam_loss: 3.2695 (3.4873)  manu_loss: 2.3632 (2.5500)  ot_loss: 2.3398 (2.4787)  base_loss: 10.6112 (11.3682)  time: 0.5988  data: 0.0007  max mem: 11378
Epoch: [42]  [500/976]  eta: 0:04:42  lr: 0.000323  sp_loss: 5.2647 (5.2982)  fam_loss: 3.3748 (3.4666)  manu_loss: 2.4920 (2.5334)  ot_loss: 2.4141 (2.4722)  base_loss: 11.2014 (11.2982)  time: 0.6109  data: 0.0007  max mem: 11378
Epoch: [42]  [750/976]  eta: 0:02:12  lr: 0.000323  sp_loss: 5.4806 (5.2805)  fam_loss: 3.6284 (3.4547)  manu_loss: 2.6531 (2.5241)  ot_loss: 2.5117 (2.4672)  base_loss: 11.7683 (11.2593)  time: 0.5945  data: 0.0010  max mem: 11378
Epoch: [42]  [975/976]  eta: 0:00:00  lr: 0.000323  sp_loss: 5.6655 (5.2772)  fam_loss: 3.7000 (3.4512)  manu_loss: 2.6337 (2.5219)  ot_loss: 2.5137 (2.4661)  base_loss: 11.9991 (11.2503)  time: 0.4518  data: 0.0002  max mem: 11378
Epoch: [42] Total time: 0:09:29 (0.5839 s / it)
Averaged stats: lr: 0.000323  sp_loss: 5.6655 (5.2880)  fam_loss: 3.7000 (3.4577)  manu_loss: 2.6337 (2.5268)  ot_loss: 2.5137 (2.4690)  base_loss: 11.9991 (11.2724)
Epoch: [43]  [  0/976]  eta: 2:32:07  lr: 0.000316  sp_loss: 6.1288 (6.1288)  fam_loss: 4.1367 (4.1367)  manu_loss: 2.9646 (2.9646)  ot_loss: 2.7109 (2.7109)  base_loss: 13.2301 (13.2301)  time: 9.3524  data: 8.4669  max mem: 11378
Epoch: [43]  [250/976]  eta: 0:07:01  lr: 0.000316  sp_loss: 5.6123 (5.3098)  fam_loss: 3.6710 (3.4704)  manu_loss: 2.6625 (2.5380)  ot_loss: 2.5371 (2.4777)  base_loss: 12.0863 (11.3181)  time: 0.5847  data: 0.0009  max mem: 11378
Epoch: [43]  [500/976]  eta: 0:04:29  lr: 0.000316  sp_loss: 5.3510 (5.2999)  fam_loss: 3.4690 (3.4705)  manu_loss: 2.4881 (2.5376)  ot_loss: 2.4219 (2.4757)  base_loss: 11.3957 (11.3079)  time: 0.5895  data: 0.0007  max mem: 11378
Epoch: [43]  [750/976]  eta: 0:02:10  lr: 0.000316  sp_loss: 5.0980 (5.2854)  fam_loss: 3.3687 (3.4564)  manu_loss: 2.4770 (2.5267)  ot_loss: 2.3984 (2.4705)  base_loss: 10.9859 (11.2685)  time: 0.6843  data: 0.0005  max mem: 11378
Epoch: [43]  [975/976]  eta: 0:00:00  lr: 0.000316  sp_loss: 4.7974 (5.2750)  fam_loss: 3.1713 (3.4492)  manu_loss: 2.3452 (2.5205)  ot_loss: 2.3848 (2.4661)  base_loss: 10.2603 (11.2447)  time: 0.3289  data: 0.0002  max mem: 11378
Epoch: [43] Total time: 0:09:20 (0.5748 s / it)
Averaged stats: lr: 0.000316  sp_loss: 4.7974 (5.2753)  fam_loss: 3.1713 (3.4499)  manu_loss: 2.3452 (2.5204)  ot_loss: 2.3848 (2.4648)  base_loss: 10.2603 (11.2457)
Epoch: [44]  [  0/976]  eta: 2:30:27  lr: 0.000308  sp_loss: 3.3955 (3.3955)  fam_loss: 2.3175 (2.3175)  manu_loss: 1.6813 (1.6813)  ot_loss: 1.9775 (1.9775)  base_loss: 7.3943 (7.3943)  time: 9.2496  data: 8.4142  max mem: 11378
Epoch: [44]  [250/976]  eta: 0:06:56  lr: 0.000308  sp_loss: 5.7567 (5.2681)  fam_loss: 3.6720 (3.4523)  manu_loss: 2.7222 (2.5236)  ot_loss: 2.5547 (2.4586)  base_loss: 12.0905 (11.2439)  time: 0.5730  data: 0.2687  max mem: 11378
Epoch: [44]  [500/976]  eta: 0:04:25  lr: 0.000308  sp_loss: 5.2756 (5.3148)  fam_loss: 3.5897 (3.4797)  manu_loss: 2.5897 (2.5463)  ot_loss: 2.5156 (2.4694)  base_loss: 11.4979 (11.3408)  time: 0.4320  data: 0.1428  max mem: 11378
Epoch: [44]  [750/976]  eta: 0:02:18  lr: 0.000308  sp_loss: 5.7076 (5.2925)  fam_loss: 3.6690 (3.4611)  manu_loss: 2.7333 (2.5324)  ot_loss: 2.5820 (2.4629)  base_loss: 12.1099 (11.2859)  time: 0.5348  data: 0.0301  max mem: 11378
Epoch: [44]  [975/976]  eta: 0:00:00  lr: 0.000308  sp_loss: 5.7029 (5.2819)  fam_loss: 3.6492 (3.4533)  manu_loss: 2.6105 (2.5271)  ot_loss: 2.5762 (2.4608)  base_loss: 12.0338 (11.2622)  time: 0.5142  data: 0.0001  max mem: 11378
Epoch: [44] Total time: 0:10:11 (0.6264 s / it)
Averaged stats: lr: 0.000308  sp_loss: 5.7029 (5.2845)  fam_loss: 3.6492 (3.4548)  manu_loss: 2.6105 (2.5272)  ot_loss: 2.5762 (2.4613)  base_loss: 12.0338 (11.2664)
Epoch: [45]  [  0/976]  eta: 2:22:53  lr: 0.000301  sp_loss: 5.8799 (5.8799)  fam_loss: 3.8647 (3.8647)  manu_loss: 2.8005 (2.8005)  ot_loss: 2.6094 (2.6094)  base_loss: 12.5452 (12.5452)  time: 8.7846  data: 8.4964  max mem: 11378
Epoch: [45]  [250/976]  eta: 0:07:01  lr: 0.000301  sp_loss: 5.4901 (5.2949)  fam_loss: 3.6578 (3.4635)  manu_loss: 2.6599 (2.5325)  ot_loss: 2.5312 (2.4550)  base_loss: 12.0449 (11.2910)  time: 0.6768  data: 0.2109  max mem: 11378
Epoch: [45]  [500/976]  eta: 0:04:38  lr: 0.000301  sp_loss: 4.9991 (5.2929)  fam_loss: 3.1096 (3.4581)  manu_loss: 2.2988 (2.5290)  ot_loss: 2.2793 (2.4549)  base_loss: 10.4075 (11.2799)  time: 0.6970  data: 0.4182  max mem: 11378
Epoch: [45]  [750/976]  eta: 0:02:12  lr: 0.000301  sp_loss: 5.3767 (5.2781)  fam_loss: 3.5059 (3.4486)  manu_loss: 2.5798 (2.5225)  ot_loss: 2.4922 (2.4532)  base_loss: 11.3789 (11.2492)  time: 0.6462  data: 0.3346  max mem: 11378
Epoch: [45]  [975/976]  eta: 0:00:00  lr: 0.000301  sp_loss: 5.4523 (5.2703)  fam_loss: 3.4871 (3.4423)  manu_loss: 2.6295 (2.5172)  ot_loss: 2.4492 (2.4513)  base_loss: 11.6014 (11.2298)  time: 0.5468  data: 0.0988  max mem: 11378
Epoch: [45] Total time: 0:09:33 (0.5878 s / it)
Averaged stats: lr: 0.000301  sp_loss: 5.4523 (5.2726)  fam_loss: 3.4871 (3.4442)  manu_loss: 2.6295 (2.5183)  ot_loss: 2.4492 (2.4519)  base_loss: 11.6014 (11.2352)
Epoch: [46]  [  0/976]  eta: 2:12:08  lr: 0.000293  sp_loss: 3.7783 (3.7783)  fam_loss: 2.4125 (2.4125)  manu_loss: 1.7194 (1.7194)  ot_loss: 2.1270 (2.1270)  base_loss: 7.9103 (7.9103)  time: 8.1232  data: 7.5127  max mem: 11378
Epoch: [46]  [250/976]  eta: 0:08:11  lr: 0.000293  sp_loss: 5.6197 (5.2621)  fam_loss: 3.6717 (3.4449)  manu_loss: 2.6572 (2.5279)  ot_loss: 2.5293 (2.4488)  base_loss: 11.9825 (11.2349)  time: 0.4439  data: 0.1352  max mem: 11378
Epoch: [46]  [500/976]  eta: 0:04:56  lr: 0.000293  sp_loss: 5.6530 (5.2402)  fam_loss: 3.6051 (3.4250)  manu_loss: 2.6041 (2.5082)  ot_loss: 2.5078 (2.4397)  base_loss: 11.8622 (11.1734)  time: 0.4151  data: 0.1279  max mem: 11378
Epoch: [46]  [750/976]  eta: 0:02:18  lr: 0.000293  sp_loss: 5.2497 (5.2148)  fam_loss: 3.4317 (3.4045)  manu_loss: 2.5171 (2.4927)  ot_loss: 2.4707 (2.4301)  base_loss: 11.1986 (11.1120)  time: 0.6564  data: 0.2713  max mem: 11378
Epoch: [46]  [975/976]  eta: 0:00:00  lr: 0.000293  sp_loss: 4.7947 (5.2108)  fam_loss: 3.1220 (3.4005)  manu_loss: 2.2425 (2.4892)  ot_loss: 2.3281 (2.4290)  base_loss: 10.1675 (11.1005)  time: 0.4983  data: 0.2421  max mem: 11378
Epoch: [46] Total time: 0:09:49 (0.6040 s / it)
Averaged stats: lr: 0.000293  sp_loss: 4.7947 (5.2212)  fam_loss: 3.1220 (3.4097)  manu_loss: 2.2425 (2.4952)  ot_loss: 2.3281 (2.4332)  base_loss: 10.1675 (11.1261)
Epoch: [47]  [  0/976]  eta: 2:18:40  lr: 0.000286  sp_loss: 4.4615 (4.4615)  fam_loss: 2.9430 (2.9430)  manu_loss: 2.1261 (2.1261)  ot_loss: 2.2207 (2.2207)  base_loss: 9.5307 (9.5307)  time: 8.5254  data: 7.7036  max mem: 11378
Epoch: [47]  [250/976]  eta: 0:06:38  lr: 0.000286  sp_loss: 5.7565 (5.2371)  fam_loss: 3.6981 (3.4228)  manu_loss: 2.6795 (2.5015)  ot_loss: 2.5586 (2.4324)  base_loss: 12.2513 (11.1614)  time: 0.4045  data: 0.1142  max mem: 11378
Epoch: [47]  [500/976]  eta: 0:04:15  lr: 0.000286  sp_loss: 5.7119 (5.2595)  fam_loss: 3.6609 (3.4390)  manu_loss: 2.6289 (2.5166)  ot_loss: 2.5254 (2.4405)  base_loss: 12.0902 (11.2151)  time: 0.5595  data: 0.2804  max mem: 11378
Epoch: [47]  [750/976]  eta: 0:02:02  lr: 0.000286  sp_loss: 4.6078 (5.2265)  fam_loss: 3.1622 (3.4128)  manu_loss: 2.3397 (2.4981)  ot_loss: 2.3184 (2.4312)  base_loss: 10.0920 (11.1374)  time: 0.4460  data: 0.0006  max mem: 11378
Epoch: [47]  [975/976]  eta: 0:00:00  lr: 0.000286  sp_loss: 5.4552 (5.2385)  fam_loss: 3.4813 (3.4204)  manu_loss: 2.5600 (2.5042)  ot_loss: 2.4609 (2.4356)  base_loss: 11.4448 (11.1631)  time: 0.5130  data: 0.0001  max mem: 11378
Epoch: [47] Total time: 0:08:52 (0.5459 s / it)
Averaged stats: lr: 0.000286  sp_loss: 5.4552 (5.2412)  fam_loss: 3.4813 (3.4217)  manu_loss: 2.5600 (2.5061)  ot_loss: 2.4609 (2.4350)  base_loss: 11.4448 (11.1690)
Epoch: [48]  [  0/976]  eta: 2:25:15  lr: 0.000278  sp_loss: 3.5061 (3.5061)  fam_loss: 2.2732 (2.2732)  manu_loss: 1.7368 (1.7368)  ot_loss: 1.9961 (1.9961)  base_loss: 7.5161 (7.5161)  time: 8.9297  data: 8.1853  max mem: 11378
Epoch: [48]  [250/976]  eta: 0:07:02  lr: 0.000278  sp_loss: 5.2857 (5.2065)  fam_loss: 3.3957 (3.4057)  manu_loss: 2.4542 (2.4960)  ot_loss: 2.4258 (2.4242)  base_loss: 11.1157 (11.1083)  time: 0.3983  data: 0.1381  max mem: 11378
Epoch: [48]  [500/976]  eta: 0:04:34  lr: 0.000278  sp_loss: 5.4550 (5.2028)  fam_loss: 3.6109 (3.4062)  manu_loss: 2.6085 (2.4934)  ot_loss: 2.4863 (2.4223)  base_loss: 11.8559 (11.1025)  time: 0.4939  data: 0.2334  max mem: 11378
Epoch: [48]  [750/976]  eta: 0:02:07  lr: 0.000278  sp_loss: 5.3742 (5.2215)  fam_loss: 3.3956 (3.4159)  manu_loss: 2.5303 (2.5003)  ot_loss: 2.4219 (2.4274)  base_loss: 11.3001 (11.1377)  time: 0.5961  data: 0.3183  max mem: 11378
Epoch: [48]  [975/976]  eta: 0:00:00  lr: 0.000278  sp_loss: 5.2409 (5.2440)  fam_loss: 3.4476 (3.4281)  manu_loss: 2.4915 (2.5070)  ot_loss: 2.4238 (2.4315)  base_loss: 11.1338 (11.1791)  time: 0.4213  data: 0.1831  max mem: 11378
Epoch: [48] Total time: 0:09:04 (0.5579 s / it)
Averaged stats: lr: 0.000278  sp_loss: 5.2409 (5.2230)  fam_loss: 3.4476 (3.4158)  manu_loss: 2.4915 (2.4997)  ot_loss: 2.4238 (2.4268)  base_loss: 11.1338 (11.1385)
Epoch: [49]  [  0/976]  eta: 2:15:48  lr: 0.000270  sp_loss: 4.3896 (4.3896)  fam_loss: 3.0342 (3.0342)  manu_loss: 2.1934 (2.1934)  ot_loss: 2.2461 (2.2461)  base_loss: 9.6173 (9.6173)  time: 8.3485  data: 7.7923  max mem: 11378
Epoch: [49]  [250/976]  eta: 0:06:56  lr: 0.000270  sp_loss: 5.3081 (5.1994)  fam_loss: 3.4985 (3.4068)  manu_loss: 2.4177 (2.4929)  ot_loss: 2.4277 (2.4217)  base_loss: 11.2345 (11.0991)  time: 0.6183  data: 0.3272  max mem: 11378
Epoch: [49]  [500/976]  eta: 0:04:33  lr: 0.000270  sp_loss: 4.8195 (5.1716)  fam_loss: 3.1155 (3.3792)  manu_loss: 2.3044 (2.4762)  ot_loss: 2.2656 (2.4087)  base_loss: 10.0372 (11.0269)  time: 0.5980  data: 0.3162  max mem: 11378
Epoch: [49]  [750/976]  eta: 0:02:07  lr: 0.000270  sp_loss: 5.5488 (5.2032)  fam_loss: 3.6260 (3.3978)  manu_loss: 2.5705 (2.4887)  ot_loss: 2.4746 (2.4164)  base_loss: 11.7935 (11.0897)  time: 0.4303  data: 0.1433  max mem: 11378
Epoch: [49]  [975/976]  eta: 0:00:00  lr: 0.000270  sp_loss: 5.2885 (5.1944)  fam_loss: 3.4311 (3.3931)  manu_loss: 2.4849 (2.4851)  ot_loss: 2.3770 (2.4144)  base_loss: 11.2181 (11.0725)  time: 0.3205  data: 0.0889  max mem: 11378
Epoch: [49] Total time: 0:09:07 (0.5611 s / it)
Averaged stats: lr: 0.000270  sp_loss: 5.2885 (5.1741)  fam_loss: 3.4311 (3.3818)  manu_loss: 2.4849 (2.4765)  ot_loss: 2.3770 (2.4085)  base_loss: 11.2181 (11.0324)
Epoch: [50]  [  0/976]  eta: 2:15:07  lr: 0.000263  sp_loss: 5.1689 (5.1689)  fam_loss: 3.4909 (3.4909)  manu_loss: 2.4936 (2.4936)  ot_loss: 2.3906 (2.3906)  base_loss: 11.1534 (11.1534)  time: 8.3069  data: 7.9249  max mem: 11378
Epoch: [50]  [250/976]  eta: 0:06:43  lr: 0.000263  sp_loss: 5.0482 (5.1784)  fam_loss: 3.3073 (3.3976)  manu_loss: 2.3160 (2.4904)  ot_loss: 2.3105 (2.4090)  base_loss: 10.7154 (11.0664)  time: 0.6053  data: 0.2969  max mem: 11378
Epoch: [50]  [500/976]  eta: 0:04:21  lr: 0.000263  sp_loss: 5.1778 (5.2047)  fam_loss: 3.3948 (3.4101)  manu_loss: 2.5214 (2.4977)  ot_loss: 2.3867 (2.4153)  base_loss: 11.0940 (11.1125)  time: 0.5729  data: 0.3040  max mem: 11378
Epoch: [50]  [750/976]  eta: 0:02:02  lr: 0.000263  sp_loss: 5.4780 (5.1975)  fam_loss: 3.5077 (3.4032)  manu_loss: 2.5980 (2.4928)  ot_loss: 2.4512 (2.4132)  base_loss: 11.6106 (11.0934)  time: 0.5628  data: 0.2696  max mem: 11378
Epoch: [50]  [975/976]  eta: 0:00:00  lr: 0.000263  sp_loss: 5.1337 (5.1787)  fam_loss: 3.3095 (3.3879)  manu_loss: 2.4776 (2.4823)  ot_loss: 2.3184 (2.4065)  base_loss: 10.9208 (11.0489)  time: 0.3573  data: 0.1162  max mem: 11378
Epoch: [50] Total time: 0:08:44 (0.5375 s / it)
Averaged stats: lr: 0.000263  sp_loss: 5.1337 (5.1530)  fam_loss: 3.3095 (3.3701)  manu_loss: 2.4776 (2.4696)  ot_loss: 2.3184 (2.3994)  base_loss: 10.9208 (10.9926)
Epoch: [51]  [  0/976]  eta: 2:07:19  lr: 0.000255  sp_loss: 5.2373 (5.2373)  fam_loss: 3.6350 (3.6350)  manu_loss: 2.7405 (2.7405)  ot_loss: 2.4492 (2.4492)  base_loss: 11.6127 (11.6127)  time: 7.8270  data: 7.3364  max mem: 11378
Epoch: [51]  [250/976]  eta: 0:07:12  lr: 0.000255  sp_loss: 4.8968 (5.2154)  fam_loss: 3.2314 (3.4152)  manu_loss: 2.3265 (2.5093)  ot_loss: 2.3125 (2.4113)  base_loss: 10.3895 (11.1398)  time: 0.4780  data: 0.1967  max mem: 11378
Epoch: [51]  [500/976]  eta: 0:04:30  lr: 0.000255  sp_loss: 5.3974 (5.1612)  fam_loss: 3.4879 (3.3728)  manu_loss: 2.5557 (2.4761)  ot_loss: 2.4277 (2.3936)  base_loss: 11.4449 (11.0101)  time: 0.5766  data: 0.2889  max mem: 11378
Epoch: [51]  [750/976]  eta: 0:02:05  lr: 0.000255  sp_loss: 4.8792 (5.1881)  fam_loss: 3.2270 (3.3936)  manu_loss: 2.2479 (2.4909)  ot_loss: 2.2988 (2.4034)  base_loss: 10.3296 (11.0726)  time: 0.5595  data: 0.2876  max mem: 11378
Epoch: [51]  [975/976]  eta: 0:00:00  lr: 0.000255  sp_loss: 5.4142 (5.1974)  fam_loss: 3.4906 (3.3959)  manu_loss: 2.5589 (2.4921)  ot_loss: 2.4629 (2.4057)  base_loss: 11.3870 (11.0853)  time: 0.4084  data: 0.1684  max mem: 11378
Epoch: [51] Total time: 0:08:56 (0.5498 s / it)
Averaged stats: lr: 0.000255  sp_loss: 5.4142 (5.1811)  fam_loss: 3.4906 (3.3842)  manu_loss: 2.5589 (2.4824)  ot_loss: 2.4629 (2.4001)  base_loss: 11.3870 (11.0477)
Test:  [  0/391]  eta: 0:53:24  sploss: 2.0933 (2.0933)  famloss: 0.9512 (0.9512)  manuloss: 0.6144 (0.6144)  acc1: 59.3750 (59.3750)  acc5: 83.5938 (83.5938)  family_acc1: 80.0781 (80.0781)  manu_acc1: 86.3281 (86.3281)  time: 8.1950  data: 7.7785  max mem: 11378
Test:  [250/391]  eta: 0:01:17  sploss: 2.0351 (2.1222)  famloss: 1.0482 (1.0967)  manuloss: 0.7066 (0.7384)  acc1: 60.9375 (60.0613)  acc5: 83.2031 (81.7776)  family_acc1: 76.5625 (76.3431)  manu_acc1: 85.1562 (84.5804)  time: 0.4280  data: 0.1936  max mem: 11378
Test:  [390/391]  eta: 0:00:00  sploss: 1.9502 (2.0653)  famloss: 0.9962 (1.0512)  manuloss: 0.5840 (0.6985)  acc1: 62.5000 (61.0210)  acc5: 84.3750 (82.6960)  family_acc1: 78.9062 (77.3300)  manu_acc1: 88.2812 (85.6090)  time: 0.5162  data: 0.3190  max mem: 11378
Test: Total time: 0:03:34 (0.5480 s / it)
* Acc@1 61.026 Acc@5 82.700 family@1 77.326 manu@1 85.607 sploss 2.065 fmloss 1.051 mfloss 0.699
FPA: 53.736% | TICE: 22.794%   
 wAP: 63.196  |  LCA: 73.905   |   Precision and Recall: 74.262%
Accuracy of the network on the 100000 test images: 61.0%
Max accuracy: 61.03%
Epoch: [52]  [  0/976]  eta: 2:22:14  lr: 0.000247  sp_loss: 4.6652 (4.6652)  fam_loss: 3.0911 (3.0911)  manu_loss: 2.2422 (2.2422)  ot_loss: 2.2988 (2.2988)  base_loss: 9.9984 (9.9984)  time: 8.7440  data: 7.8277  max mem: 11378
Epoch: [52]  [250/976]  eta: 0:06:50  lr: 0.000247  sp_loss: 4.8055 (5.1545)  fam_loss: 3.1673 (3.3689)  manu_loss: 2.2637 (2.4732)  ot_loss: 2.2773 (2.3894)  base_loss: 10.2364 (10.9965)  time: 0.5456  data: 0.0008  max mem: 11378
Epoch: [52]  [500/976]  eta: 0:04:23  lr: 0.000247  sp_loss: 4.7627 (5.1107)  fam_loss: 3.2148 (3.3384)  manu_loss: 2.3384 (2.4479)  ot_loss: 2.3125 (2.3801)  base_loss: 10.3906 (10.8970)  time: 0.5994  data: 0.0007  max mem: 11378
Epoch: [52]  [750/976]  eta: 0:02:03  lr: 0.000247  sp_loss: 5.0780 (5.1227)  fam_loss: 3.4203 (3.3471)  manu_loss: 2.5624 (2.4522)  ot_loss: 2.4102 (2.3836)  base_loss: 11.0629 (10.9220)  time: 0.5914  data: 0.0007  max mem: 11378
Epoch: [52]  [975/976]  eta: 0:00:00  lr: 0.000247  sp_loss: 4.7779 (5.1319)  fam_loss: 3.0829 (3.3508)  manu_loss: 2.3181 (2.4561)  ot_loss: 2.2695 (2.3844)  base_loss: 10.0724 (10.9389)  time: 0.3632  data: 0.0001  max mem: 11378
Epoch: [52] Total time: 0:08:45 (0.5386 s / it)
Averaged stats: lr: 0.000247  sp_loss: 4.7779 (5.1518)  fam_loss: 3.0829 (3.3638)  manu_loss: 2.3181 (2.4672)  ot_loss: 2.2695 (2.3890)  base_loss: 10.0724 (10.9828)
Test:  [  0/391]  eta: 0:54:54  sploss: 2.1044 (2.1044)  famloss: 1.0055 (1.0055)  manuloss: 0.6956 (0.6956)  acc1: 59.7656 (59.7656)  acc5: 83.2031 (83.2031)  family_acc1: 80.0781 (80.0781)  manu_acc1: 87.5000 (87.5000)  time: 8.4252  data: 8.0837  max mem: 11378
Test:  [250/391]  eta: 0:01:16  sploss: 2.0732 (2.1800)  famloss: 1.1304 (1.1627)  manuloss: 0.8113 (0.8071)  acc1: 60.5469 (59.6442)  acc5: 82.0312 (81.5208)  family_acc1: 75.7812 (75.5245)  manu_acc1: 84.3750 (83.9922)  time: 0.4017  data: 0.1812  max mem: 11378
Test:  [390/391]  eta: 0:00:00  sploss: 1.9953 (2.1219)  famloss: 1.0670 (1.1168)  manuloss: 0.6506 (0.7655)  acc1: 62.5000 (60.6110)  acc5: 83.2031 (82.3790)  family_acc1: 78.1250 (76.5730)  manu_acc1: 87.5000 (85.0820)  time: 0.4877  data: 0.2957  max mem: 11378
Test: Total time: 0:03:29 (0.5361 s / it)
* Acc@1 60.617 Acc@5 82.382 family@1 76.575 manu@1 85.081 sploss 2.122 fmloss 1.117 mfloss 0.765
FPA: 52.935% | TICE: 23.405%   
 wAP: 62.751  |  LCA: 75.049   |   Precision and Recall: 73.820%
Accuracy of the network on the 100000 test images: 60.6%
Max accuracy: 61.03%
Epoch: [53]  [  0/976]  eta: 2:12:59  lr: 0.000240  sp_loss: 3.5324 (3.5324)  fam_loss: 2.3249 (2.3249)  manu_loss: 1.6887 (1.6887)  ot_loss: 1.9971 (1.9971)  base_loss: 7.5459 (7.5459)  time: 8.1755  data: 7.6260  max mem: 11378
Epoch: [53]  [250/976]  eta: 0:06:38  lr: 0.000240  sp_loss: 5.3903 (5.1320)  fam_loss: 3.4814 (3.3544)  manu_loss: 2.5383 (2.4619)  ot_loss: 2.4297 (2.3792)  base_loss: 11.3688 (10.9483)  time: 0.4272  data: 0.0894  max mem: 11378
Epoch: [53]  [500/976]  eta: 0:04:19  lr: 0.000240  sp_loss: 5.5870 (5.1530)  fam_loss: 3.6423 (3.3640)  manu_loss: 2.6944 (2.4685)  ot_loss: 2.4629 (2.3815)  base_loss: 11.8971 (10.9855)  time: 0.5892  data: 0.0008  max mem: 11378
Epoch: [53]  [750/976]  eta: 0:02:03  lr: 0.000240  sp_loss: 5.4018 (5.1612)  fam_loss: 3.5363 (3.3706)  manu_loss: 2.5337 (2.4726)  ot_loss: 2.4141 (2.3848)  base_loss: 11.4331 (11.0044)  time: 0.6127  data: 0.0018  max mem: 11378
Epoch: [53]  [975/976]  eta: 0:00:00  lr: 0.000240  sp_loss: 5.5347 (5.1535)  fam_loss: 3.5826 (3.3623)  manu_loss: 2.6614 (2.4674)  ot_loss: 2.4512 (2.3814)  base_loss: 11.7966 (10.9832)  time: 0.5596  data: 0.0004  max mem: 11378
Epoch: [53] Total time: 0:09:02 (0.5563 s / it)
Averaged stats: lr: 0.000240  sp_loss: 5.5347 (5.1363)  fam_loss: 3.5826 (3.3533)  manu_loss: 2.6614 (2.4605)  ot_loss: 2.4512 (2.3770)  base_loss: 11.7966 (10.9502)
Test:  [  0/391]  eta: 1:00:09  sploss: 2.1498 (2.1498)  famloss: 0.9591 (0.9591)  manuloss: 0.6825 (0.6825)  acc1: 55.8594 (55.8594)  acc5: 82.8125 (82.8125)  family_acc1: 82.4219 (82.4219)  manu_acc1: 89.4531 (89.4531)  time: 9.2318  data: 8.8037  max mem: 11378
Test:  [250/391]  eta: 0:01:23  sploss: 2.1066 (2.1960)  famloss: 1.1548 (1.1576)  manuloss: 0.7914 (0.8061)  acc1: 62.1094 (59.6598)  acc5: 82.0312 (81.6360)  family_acc1: 76.1719 (75.9089)  manu_acc1: 84.3750 (84.0995)  time: 0.4950  data: 0.1884  max mem: 11378
Test:  [390/391]  eta: 0:00:00  sploss: 2.0136 (2.1415)  famloss: 1.0723 (1.1131)  manuloss: 0.6482 (0.7645)  acc1: 61.3281 (60.5790)  acc5: 83.9844 (82.4430)  family_acc1: 76.5625 (76.9510)  manu_acc1: 87.8906 (85.2540)  time: 0.4848  data: 0.2807  max mem: 11378
Test: Total time: 0:03:50 (0.5885 s / it)
* Acc@1 60.575 Acc@5 82.441 family@1 76.947 manu@1 85.255 sploss 2.142 fmloss 1.113 mfloss 0.765
FPA: 53.296% | TICE: 22.971%   
 wAP: 62.755  |  LCA: 74.968   |   Precision and Recall: 73.875%
Accuracy of the network on the 100000 test images: 60.6%
Max accuracy: 61.03%
Epoch: [54]  [  0/976]  eta: 2:29:42  lr: 0.000232  sp_loss: 5.1911 (5.1911)  fam_loss: 3.4203 (3.4203)  manu_loss: 2.5068 (2.5068)  ot_loss: 2.3652 (2.3652)  base_loss: 11.1182 (11.1182)  time: 9.2036  data: 7.9415  max mem: 11378
Epoch: [54]  [250/976]  eta: 0:07:45  lr: 0.000232  sp_loss: 5.2198 (5.0235)  fam_loss: 3.5334 (3.2879)  manu_loss: 2.6041 (2.4062)  ot_loss: 2.4297 (2.3373)  base_loss: 11.3681 (10.7177)  time: 0.6913  data: 0.0011  max mem: 11378
Epoch: [54]  [500/976]  eta: 0:04:57  lr: 0.000232  sp_loss: 5.0685 (5.0591)  fam_loss: 3.3401 (3.3081)  manu_loss: 2.4659 (2.4245)  ot_loss: 2.2871 (2.3527)  base_loss: 10.9260 (10.7918)  time: 0.5364  data: 0.0010  max mem: 11378
Epoch: [54]  [750/976]  eta: 0:02:14  lr: 0.000232  sp_loss: 5.4006 (5.0475)  fam_loss: 3.4421 (3.2987)  manu_loss: 2.5821 (2.4163)  ot_loss: 2.4023 (2.3486)  base_loss: 11.4050 (10.7625)  time: 0.5613  data: 0.0007  max mem: 11378
Epoch: [54]  [975/976]  eta: 0:00:00  lr: 0.000232  sp_loss: 5.0793 (5.0542)  fam_loss: 3.3094 (3.3012)  manu_loss: 2.4441 (2.4201)  ot_loss: 2.3086 (2.3497)  base_loss: 10.7690 (10.7755)  time: 0.4143  data: 0.0001  max mem: 11378
Epoch: [54] Total time: 0:09:23 (0.5773 s / it)
Averaged stats: lr: 0.000232  sp_loss: 5.0793 (5.0674)  fam_loss: 3.3094 (3.3099)  manu_loss: 2.4441 (2.4278)  ot_loss: 2.3086 (2.3536)  base_loss: 10.7690 (10.8051)
Test:  [  0/391]  eta: 0:50:28  sploss: 1.9880 (1.9880)  famloss: 0.9246 (0.9246)  manuloss: 0.6716 (0.6716)  acc1: 60.1562 (60.1562)  acc5: 85.9375 (85.9375)  family_acc1: 80.4688 (80.4688)  manu_acc1: 87.8906 (87.8906)  time: 7.7455  data: 7.0255  max mem: 11378
Test:  [250/391]  eta: 0:01:19  sploss: 2.0193 (2.1060)  famloss: 1.1248 (1.1128)  manuloss: 0.7448 (0.7636)  acc1: 63.2812 (60.5936)  acc5: 82.8125 (82.4359)  family_acc1: 76.9531 (76.5454)  manu_acc1: 84.3750 (84.7656)  time: 0.4852  data: 0.2573  max mem: 11378
Test:  [390/391]  eta: 0:00:00  sploss: 1.9517 (2.0518)  famloss: 1.0116 (1.0684)  manuloss: 0.6085 (0.7228)  acc1: 62.8906 (61.5680)  acc5: 85.5469 (83.2770)  family_acc1: 77.7344 (77.5150)  manu_acc1: 88.6719 (85.8460)  time: 0.3733  data: 0.1985  max mem: 11378
Test: Total time: 0:03:36 (0.5528 s / it)
* Acc@1 61.572 Acc@5 83.275 family@1 77.515 manu@1 85.846 sploss 2.052 fmloss 1.068 mfloss 0.723
FPA: 54.327% | TICE: 22.283%   
 wAP: 63.700  |  LCA: 72.748   |   Precision and Recall: 74.615%
Accuracy of the network on the 100000 test images: 61.6%
Max accuracy: 61.57%
Epoch: [55]  [  0/976]  eta: 2:11:00  lr: 0.000224  sp_loss: 3.9695 (3.9695)  fam_loss: 2.7361 (2.7361)  manu_loss: 2.0094 (2.0094)  ot_loss: 2.0586 (2.0586)  base_loss: 8.7150 (8.7150)  time: 8.0536  data: 7.7304  max mem: 11378
Epoch: [55]  [250/976]  eta: 0:06:42  lr: 0.000224  sp_loss: 5.1314 (5.1127)  fam_loss: 3.3369 (3.3425)  manu_loss: 2.4393 (2.4523)  ot_loss: 2.3105 (2.3622)  base_loss: 10.7461 (10.9074)  time: 0.4530  data: 0.1313  max mem: 11378
Epoch: [55]  [500/976]  eta: 0:04:20  lr: 0.000224  sp_loss: 5.2014 (5.0736)  fam_loss: 3.4052 (3.3203)  manu_loss: 2.4991 (2.4355)  ot_loss: 2.3438 (2.3531)  base_loss: 11.1423 (10.8294)  time: 0.6042  data: 0.3007  max mem: 11378
Epoch: [55]  [750/976]  eta: 0:02:06  lr: 0.000224  sp_loss: 5.1343 (5.0728)  fam_loss: 3.3325 (3.3166)  manu_loss: 2.5021 (2.4308)  ot_loss: 2.3750 (2.3523)  base_loss: 10.9610 (10.8202)  time: 0.6213  data: 0.0007  max mem: 11378
Epoch: [55]  [975/976]  eta: 0:00:00  lr: 0.000224  sp_loss: 5.0031 (5.0793)  fam_loss: 3.1669 (3.3197)  manu_loss: 2.2171 (2.4325)  ot_loss: 2.2871 (2.3544)  base_loss: 10.4240 (10.8316)  time: 0.5581  data: 0.0002  max mem: 11378
Epoch: [55] Total time: 0:09:10 (0.5637 s / it)
Averaged stats: lr: 0.000224  sp_loss: 5.0031 (5.0775)  fam_loss: 3.1669 (3.3187)  manu_loss: 2.2171 (2.4328)  ot_loss: 2.2871 (2.3528)  base_loss: 10.4240 (10.8290)
Test:  [  0/391]  eta: 0:59:41  sploss: 2.0950 (2.0950)  famloss: 0.9594 (0.9594)  manuloss: 0.6890 (0.6890)  acc1: 59.7656 (59.7656)  acc5: 81.2500 (81.2500)  family_acc1: 82.4219 (82.4219)  manu_acc1: 87.8906 (87.8906)  time: 9.1590  data: 8.5340  max mem: 11378
Test:  [250/391]  eta: 0:01:25  sploss: 2.0771 (2.1773)  famloss: 1.1226 (1.1351)  manuloss: 0.7500 (0.7802)  acc1: 62.5000 (60.3523)  acc5: 82.8125 (81.9270)  family_acc1: 75.7812 (75.9882)  manu_acc1: 84.3750 (84.2380)  time: 0.4761  data: 0.1525  max mem: 11378
Test:  [390/391]  eta: 0:00:00  sploss: 2.0194 (2.1227)  famloss: 1.0321 (1.0887)  manuloss: 0.6307 (0.7386)  acc1: 62.5000 (61.1130)  acc5: 84.3750 (82.7540)  family_acc1: 77.7344 (77.0610)  manu_acc1: 88.2812 (85.3190)  time: 0.5227  data: 0.3310  max mem: 11378
Test: Total time: 0:03:51 (0.5926 s / it)
* Acc@1 61.110 Acc@5 82.751 family@1 77.061 manu@1 85.317 sploss 2.123 fmloss 1.089 mfloss 0.739
FPA: 53.753% | TICE: 22.807%   
 wAP: 63.237  |  LCA: 74.081   |   Precision and Recall: 74.185%
Accuracy of the network on the 100000 test images: 61.1%
Max accuracy: 61.57%
Epoch: [56]  [  0/976]  eta: 2:55:25  lr: 0.000217  sp_loss: 5.4706 (5.4706)  fam_loss: 3.6020 (3.6020)  manu_loss: 2.6869 (2.6869)  ot_loss: 2.4902 (2.4902)  base_loss: 11.7595 (11.7595)  time: 10.7840  data: 10.3291  max mem: 11378
Epoch: [56]  [250/976]  eta: 0:07:06  lr: 0.000217  sp_loss: 5.4418 (4.9843)  fam_loss: 3.6391 (3.2574)  manu_loss: 2.6674 (2.3947)  ot_loss: 2.4863 (2.3240)  base_loss: 11.8227 (10.6364)  time: 0.5308  data: 0.0018  max mem: 11378
Epoch: [56]  [500/976]  eta: 0:04:48  lr: 0.000217  sp_loss: 5.2320 (5.0054)  fam_loss: 3.3803 (3.2705)  manu_loss: 2.4653 (2.3989)  ot_loss: 2.3125 (2.3324)  base_loss: 11.0775 (10.6748)  time: 0.5779  data: 0.0035  max mem: 11378
Epoch: [56]  [750/976]  eta: 0:02:13  lr: 0.000217  sp_loss: 5.0322 (5.0302)  fam_loss: 3.2298 (3.2863)  manu_loss: 2.3907 (2.4129)  ot_loss: 2.2773 (2.3369)  base_loss: 10.6528 (10.7294)  time: 0.6270  data: 0.0011  max mem: 11378
Epoch: [56]  [975/976]  eta: 0:00:00  lr: 0.000217  sp_loss: 5.2204 (5.0605)  fam_loss: 3.3658 (3.3031)  manu_loss: 2.4617 (2.4249)  ot_loss: 2.3457 (2.3455)  base_loss: 11.0467 (10.7886)  time: 0.3972  data: 0.0002  max mem: 11378
Epoch: [56] Total time: 0:09:22 (0.5767 s / it)
Averaged stats: lr: 0.000217  sp_loss: 5.2204 (5.0531)  fam_loss: 3.3658 (3.2989)  manu_loss: 2.4617 (2.4227)  ot_loss: 2.3457 (2.3424)  base_loss: 11.0467 (10.7747)
Test:  [  0/391]  eta: 0:51:16  sploss: 2.0958 (2.0958)  famloss: 0.9551 (0.9551)  manuloss: 0.6952 (0.6952)  acc1: 58.9844 (58.9844)  acc5: 80.8594 (80.8594)  family_acc1: 83.9844 (83.9844)  manu_acc1: 87.1094 (87.1094)  time: 7.8689  data: 7.2163  max mem: 11378
Test:  [250/391]  eta: 0:01:19  sploss: 2.0328 (2.0849)  famloss: 1.0824 (1.1048)  manuloss: 0.7405 (0.7537)  acc1: 62.1094 (60.7430)  acc5: 82.8125 (82.5510)  family_acc1: 77.3438 (76.8099)  manu_acc1: 85.1562 (84.9337)  time: 0.4491  data: 0.2009  max mem: 11378
Test:  [390/391]  eta: 0:00:00  sploss: 1.9031 (2.0266)  famloss: 0.9949 (1.0616)  manuloss: 0.6078 (0.7152)  acc1: 63.1250 (61.8330)  acc5: 84.7656 (83.3870)  family_acc1: 79.2969 (77.7810)  manu_acc1: 88.2812 (85.9070)  time: 0.6742  data: 0.4274  max mem: 11378
Test: Total time: 0:03:44 (0.5746 s / it)
* Acc@1 61.830 Acc@5 83.385 family@1 77.782 manu@1 85.909 sploss 2.027 fmloss 1.062 mfloss 0.715
FPA: 54.631% | TICE: 22.128%   
 wAP: 63.955  |  LCA: 71.947   |   Precision and Recall: 74.922%
Accuracy of the network on the 100000 test images: 61.8%
Max accuracy: 61.83%
Epoch: [57]  [  0/976]  eta: 2:20:07  lr: 0.000209  sp_loss: 5.6762 (5.6762)  fam_loss: 3.9351 (3.9351)  manu_loss: 3.0054 (3.0054)  ot_loss: 2.6699 (2.6699)  base_loss: 12.6167 (12.6167)  time: 8.6143  data: 7.8353  max mem: 11378
Epoch: [57]  [250/976]  eta: 0:06:47  lr: 0.000209  sp_loss: 5.1377 (4.9416)  fam_loss: 3.4621 (3.2317)  manu_loss: 2.4166 (2.3665)  ot_loss: 2.3535 (2.3096)  base_loss: 11.0102 (10.5398)  time: 0.4108  data: 0.1357  max mem: 11378
Epoch: [57]  [500/976]  eta: 0:04:24  lr: 0.000209  sp_loss: 4.7099 (4.9866)  fam_loss: 3.0290 (3.2568)  manu_loss: 2.2434 (2.3895)  ot_loss: 2.2266 (2.3207)  base_loss: 9.8787 (10.6330)  time: 0.5136  data: 0.2094  max mem: 11378
Epoch: [57]  [750/976]  eta: 0:02:04  lr: 0.000209  sp_loss: 5.5561 (5.0347)  fam_loss: 3.6345 (3.2850)  manu_loss: 2.6118 (2.4122)  ot_loss: 2.4473 (2.3331)  base_loss: 11.8234 (10.7319)  time: 0.6149  data: 0.2487  max mem: 11378
Epoch: [57]  [975/976]  eta: 0:00:00  lr: 0.000209  sp_loss: 5.5697 (5.0386)  fam_loss: 3.5763 (3.2874)  manu_loss: 2.6569 (2.4147)  ot_loss: 2.5176 (2.3337)  base_loss: 11.8201 (10.7407)  time: 0.2941  data: 0.0652  max mem: 11378
Epoch: [57] Total time: 0:08:57 (0.5511 s / it)
Averaged stats: lr: 0.000209  sp_loss: 5.5697 (5.0443)  fam_loss: 3.5763 (3.2908)  manu_loss: 2.6569 (2.4177)  ot_loss: 2.5176 (2.3330)  base_loss: 11.8201 (10.7529)
Test:  [  0/391]  eta: 0:58:23  sploss: 2.0926 (2.0926)  famloss: 0.9708 (0.9708)  manuloss: 0.7008 (0.7008)  acc1: 60.9375 (60.9375)  acc5: 83.2031 (83.2031)  family_acc1: 78.9062 (78.9062)  manu_acc1: 87.5000 (87.5000)  time: 8.9603  data: 8.3737  max mem: 11378
Test:  [250/391]  eta: 0:01:18  sploss: 2.0258 (2.0934)  famloss: 1.1037 (1.1272)  manuloss: 0.7885 (0.7903)  acc1: 63.2812 (61.1351)  acc5: 83.2031 (82.6195)  family_acc1: 76.9531 (76.7072)  manu_acc1: 84.7656 (84.8248)  time: 0.4066  data: 0.2007  max mem: 11378
Test:  [390/391]  eta: 0:00:00  sploss: 1.9263 (2.0357)  famloss: 1.0224 (1.0815)  manuloss: 0.6223 (0.7487)  acc1: 62.8906 (62.2170)  acc5: 83.9844 (83.4780)  family_acc1: 78.9062 (77.7630)  manu_acc1: 89.4531 (85.8810)  time: 0.4816  data: 0.3031  max mem: 11378
Test: Total time: 0:03:34 (0.5475 s / it)
* Acc@1 62.215 Acc@5 83.484 family@1 77.761 manu@1 85.880 sploss 2.036 fmloss 1.082 mfloss 0.749
FPA: 54.983% | TICE: 22.016%   
 wAP: 64.291  |  LCA: 71.449   |   Precision and Recall: 75.093%
Accuracy of the network on the 100000 test images: 62.2%
Max accuracy: 62.22%
Epoch: [58]  [  0/976]  eta: 2:15:58  lr: 0.000202  sp_loss: 4.8219 (4.8219)  fam_loss: 3.1973 (3.1973)  manu_loss: 2.3064 (2.3064)  ot_loss: 2.1973 (2.1973)  base_loss: 10.3257 (10.3257)  time: 8.3592  data: 7.7563  max mem: 11378
Epoch: [58]  [250/976]  eta: 0:06:48  lr: 0.000202  sp_loss: 4.8292 (5.0211)  fam_loss: 3.1601 (3.2861)  manu_loss: 2.4150 (2.4152)  ot_loss: 2.2520 (2.3228)  base_loss: 10.3920 (10.7225)  time: 0.5816  data: 0.2919  max mem: 11378
Epoch: [58]  [500/976]  eta: 0:04:20  lr: 0.000202  sp_loss: 5.3763 (5.0029)  fam_loss: 3.5592 (3.2728)  manu_loss: 2.5801 (2.4043)  ot_loss: 2.4199 (2.3168)  base_loss: 11.5241 (10.6800)  time: 0.5859  data: 0.2994  max mem: 11378
Epoch: [58]  [750/976]  eta: 0:02:02  lr: 0.000202  sp_loss: 4.9985 (4.9988)  fam_loss: 3.2479 (3.2643)  manu_loss: 2.3511 (2.3963)  ot_loss: 2.3184 (2.3162)  base_loss: 10.6010 (10.6594)  time: 0.5614  data: 0.2662  max mem: 11378
Epoch: [58]  [975/976]  eta: 0:00:00  lr: 0.000202  sp_loss: 5.3829 (4.9947)  fam_loss: 3.4686 (3.2616)  manu_loss: 2.5771 (2.3952)  ot_loss: 2.4395 (2.3134)  base_loss: 11.4621 (10.6515)  time: 0.3991  data: 0.1637  max mem: 11378
Epoch: [58] Total time: 0:08:42 (0.5354 s / it)
Averaged stats: lr: 0.000202  sp_loss: 5.3829 (5.0087)  fam_loss: 3.4686 (3.2702)  manu_loss: 2.5771 (2.4015)  ot_loss: 2.4395 (2.3184)  base_loss: 11.4621 (10.6803)
Test:  [  0/391]  eta: 0:55:32  sploss: 2.1104 (2.1104)  famloss: 0.9759 (0.9759)  manuloss: 0.7133 (0.7133)  acc1: 62.1094 (62.1094)  acc5: 81.6406 (81.6406)  family_acc1: 82.0312 (82.0312)  manu_acc1: 86.7188 (86.7188)  time: 8.5219  data: 8.2462  max mem: 11378
Test:  [250/391]  eta: 0:01:17  sploss: 2.0787 (2.1380)  famloss: 1.0733 (1.1300)  manuloss: 0.7794 (0.7961)  acc1: 61.7188 (60.9780)  acc5: 82.4219 (82.2600)  family_acc1: 77.7344 (76.8006)  manu_acc1: 84.7656 (84.8325)  time: 0.4130  data: 0.1814  max mem: 11378
Test:  [390/391]  eta: 0:00:00  sploss: 1.9768 (2.0836)  famloss: 1.0334 (1.0868)  manuloss: 0.6411 (0.7565)  acc1: 64.0625 (61.9640)  acc5: 84.3750 (83.1890)  family_acc1: 78.5156 (77.7670)  manu_acc1: 88.6719 (85.8990)  time: 0.4714  data: 0.2910  max mem: 11378
Test: Total time: 0:03:32 (0.5424 s / it)
* Acc@1 61.962 Acc@5 83.191 family@1 77.760 manu@1 85.899 sploss 2.084 fmloss 1.087 mfloss 0.757
FPA: 54.810% | TICE: 21.731%   
 wAP: 64.068  |  LCA: 71.891   |   Precision and Recall: 74.913%
Accuracy of the network on the 100000 test images: 62.0%
Max accuracy: 62.22%
Epoch: [59]  [  0/976]  eta: 2:22:54  lr: 0.000194  sp_loss: 4.4446 (4.4446)  fam_loss: 2.8686 (2.8686)  manu_loss: 2.1370 (2.1370)  ot_loss: 2.1211 (2.1211)  base_loss: 9.4503 (9.4503)  time: 8.7849  data: 8.2736  max mem: 11378
Epoch: [59]  [250/976]  eta: 0:06:34  lr: 0.000194  sp_loss: 5.3882 (5.0331)  fam_loss: 3.4132 (3.2886)  manu_loss: 2.4733 (2.4158)  ot_loss: 2.3926 (2.3192)  base_loss: 11.2305 (10.7376)  time: 0.4084  data: 0.1511  max mem: 11379
Epoch: [59]  [500/976]  eta: 0:04:13  lr: 0.000194  sp_loss: 5.0054 (5.0095)  fam_loss: 3.3470 (3.2732)  manu_loss: 2.3692 (2.4030)  ot_loss: 2.3418 (2.3125)  base_loss: 10.7001 (10.6856)  time: 0.5436  data: 0.2737  max mem: 11379
Epoch: [59]  [750/976]  eta: 0:02:00  lr: 0.000194  sp_loss: 5.1298 (4.9998)  fam_loss: 3.2820 (3.2674)  manu_loss: 2.4397 (2.3970)  ot_loss: 2.2812 (2.3104)  base_loss: 10.7447 (10.6643)  time: 0.5809  data: 0.2856  max mem: 11379
Epoch: [59]  [975/976]  eta: 0:00:00  lr: 0.000194  sp_loss: 4.9736 (4.9904)  fam_loss: 3.2319 (3.2591)  manu_loss: 2.4319 (2.3923)  ot_loss: 2.3359 (2.3075)  base_loss: 10.6374 (10.6419)  time: 0.4552  data: 0.2085  max mem: 11379
Epoch: [59] Total time: 0:08:42 (0.5350 s / it)
Averaged stats: lr: 0.000194  sp_loss: 4.9736 (4.9909)  fam_loss: 3.2319 (3.2582)  manu_loss: 2.4319 (2.3931)  ot_loss: 2.3359 (2.3080)  base_loss: 10.6374 (10.6422)
Test:  [  0/391]  eta: 0:53:45  sploss: 2.0116 (2.0116)  famloss: 0.9196 (0.9196)  manuloss: 0.6553 (0.6553)  acc1: 61.3281 (61.3281)  acc5: 84.3750 (84.3750)  family_acc1: 80.0781 (80.0781)  manu_acc1: 87.1094 (87.1094)  time: 8.2483  data: 7.7395  max mem: 11379
Test:  [250/391]  eta: 0:01:18  sploss: 1.9504 (2.0441)  famloss: 1.0272 (1.0443)  manuloss: 0.7182 (0.7110)  acc1: 64.0625 (61.9273)  acc5: 83.2031 (82.9432)  family_acc1: 77.7344 (77.2815)  manu_acc1: 85.1562 (85.3212)  time: 0.4086  data: 0.1793  max mem: 11379
Test:  [390/391]  eta: 0:00:00  sploss: 1.8826 (1.9872)  famloss: 0.9451 (0.9999)  manuloss: 0.5720 (0.6710)  acc1: 63.6719 (62.8680)  acc5: 85.1562 (83.8370)  family_acc1: 79.6875 (78.2500)  manu_acc1: 89.4531 (86.3620)  time: 0.5583  data: 0.3960  max mem: 11379
Test: Total time: 0:03:35 (0.5515 s / it)
* Acc@1 62.865 Acc@5 83.838 family@1 78.254 manu@1 86.362 sploss 1.987 fmloss 1.000 mfloss 0.671
FPA: 55.838% | TICE: 21.276%   
 wAP: 64.921  |  LCA: 69.935   |   Precision and Recall: 75.612%
Accuracy of the network on the 100000 test images: 62.9%
Max accuracy: 62.87%
Epoch: [60]  [  0/976]  eta: 2:06:41  lr: 0.000187  sp_loss: 4.7431 (4.7431)  fam_loss: 3.1715 (3.1715)  manu_loss: 2.2486 (2.2486)  ot_loss: 2.2012 (2.2012)  base_loss: 10.1632 (10.1632)  time: 7.7883  data: 7.2551  max mem: 11379
Epoch: [60]  [250/976]  eta: 0:06:39  lr: 0.000187  sp_loss: 5.3179 (4.9698)  fam_loss: 3.4713 (3.2480)  manu_loss: 2.4840 (2.3828)  ot_loss: 2.3652 (2.3043)  base_loss: 11.2239 (10.6006)  time: 0.4223  data: 0.1618  max mem: 11382
Epoch: [60]  [500/976]  eta: 0:04:16  lr: 0.000187  sp_loss: 5.1972 (4.9524)  fam_loss: 3.3566 (3.2384)  manu_loss: 2.4054 (2.3786)  ot_loss: 2.3555 (2.2959)  base_loss: 10.9892 (10.5693)  time: 0.5274  data: 0.2428  max mem: 11382
Epoch: [60]  [750/976]  eta: 0:02:01  lr: 0.000187  sp_loss: 5.0531 (4.9657)  fam_loss: 3.3053 (3.2462)  manu_loss: 2.5154 (2.3841)  ot_loss: 2.3906 (2.2996)  base_loss: 11.0836 (10.5960)  time: 0.5845  data: 0.3077  max mem: 11382
Epoch: [60]  [975/976]  eta: 0:00:00  lr: 0.000187  sp_loss: 5.3637 (4.9944)  fam_loss: 3.4772 (3.2607)  manu_loss: 2.5539 (2.3951)  ot_loss: 2.4277 (2.3064)  base_loss: 11.4260 (10.6502)  time: 0.4060  data: 0.1686  max mem: 11382
Epoch: [60] Total time: 0:08:41 (0.5340 s / it)
Averaged stats: lr: 0.000187  sp_loss: 5.3637 (4.9871)  fam_loss: 3.4772 (3.2538)  manu_loss: 2.5539 (2.3893)  ot_loss: 2.4277 (2.3033)  base_loss: 11.4260 (10.6302)
Test:  [  0/391]  eta: 0:54:39  sploss: 1.8966 (1.8966)  famloss: 0.9079 (0.9079)  manuloss: 0.6189 (0.6189)  acc1: 62.8906 (62.8906)  acc5: 84.7656 (84.7656)  family_acc1: 81.6406 (81.6406)  manu_acc1: 88.2812 (88.2812)  time: 8.3875  data: 8.0027  max mem: 11382
Test:  [250/391]  eta: 0:01:20  sploss: 1.9251 (1.9743)  famloss: 1.0209 (1.0336)  manuloss: 0.6794 (0.7071)  acc1: 63.6719 (62.2105)  acc5: 83.5938 (83.2109)  family_acc1: 78.5156 (77.9196)  manu_acc1: 85.1562 (85.5298)  time: 0.4917  data: 0.2555  max mem: 11382
Test:  [390/391]  eta: 0:00:00  sploss: 1.7933 (1.9177)  famloss: 0.9258 (0.9893)  manuloss: 0.5765 (0.6656)  acc1: 63.7500 (63.1080)  acc5: 85.5469 (84.0660)  family_acc1: 80.0781 (78.8450)  manu_acc1: 89.4531 (86.6080)  time: 0.3559  data: 0.1953  max mem: 11382
Test: Total time: 0:03:34 (0.5493 s / it)
* Acc@1 63.110 Acc@5 84.066 family@1 78.841 manu@1 86.604 sploss 1.918 fmloss 0.989 mfloss 0.666
FPA: 56.446% | TICE: 20.680%   
 wAP: 65.199  |  LCA: 69.528   |   Precision and Recall: 75.744%
Accuracy of the network on the 100000 test images: 63.1%
Max accuracy: 63.11%
Epoch: [61]  [  0/976]  eta: 2:14:55  lr: 0.000179  sp_loss: 4.5961 (4.5961)  fam_loss: 3.0442 (3.0442)  manu_loss: 2.2077 (2.2077)  ot_loss: 2.1504 (2.1504)  base_loss: 9.8480 (9.8480)  time: 8.2943  data: 7.9861  max mem: 11382
Epoch: [61]  [250/976]  eta: 0:06:35  lr: 0.000179  sp_loss: 4.6326 (4.8826)  fam_loss: 3.0423 (3.1867)  manu_loss: 2.4029 (2.3439)  ot_loss: 2.2246 (2.2773)  base_loss: 10.0779 (10.4132)  time: 0.5086  data: 0.2382  max mem: 11382
Epoch: [61]  [500/976]  eta: 0:04:14  lr: 0.000179  sp_loss: 5.1133 (4.9322)  fam_loss: 3.3605 (3.2160)  manu_loss: 2.4805 (2.3632)  ot_loss: 2.3242 (2.2857)  base_loss: 11.0053 (10.5114)  time: 0.5746  data: 0.2986  max mem: 11382
Epoch: [61]  [750/976]  eta: 0:02:00  lr: 0.000179  sp_loss: 4.6937 (4.9554)  fam_loss: 3.1110 (3.2313)  manu_loss: 2.3253 (2.3747)  ot_loss: 2.2285 (2.2905)  base_loss: 10.1037 (10.5614)  time: 0.5825  data: 0.2870  max mem: 11382
Epoch: [61]  [975/976]  eta: 0:00:00  lr: 0.000179  sp_loss: 4.5700 (4.9592)  fam_loss: 3.1302 (3.2335)  manu_loss: 2.3318 (2.3785)  ot_loss: 2.2031 (2.2922)  base_loss: 10.0319 (10.5712)  time: 0.3927  data: 0.1542  max mem: 11382
Epoch: [61] Total time: 0:08:39 (0.5318 s / it)
Averaged stats: lr: 0.000179  sp_loss: 4.5700 (4.9427)  fam_loss: 3.1302 (3.2251)  manu_loss: 2.3318 (2.3728)  ot_loss: 2.2031 (2.2872)  base_loss: 10.0319 (10.5406)
Test:  [  0/391]  eta: 0:53:39  sploss: 1.9752 (1.9752)  famloss: 0.8504 (0.8504)  manuloss: 0.5688 (0.5688)  acc1: 62.5000 (62.5000)  acc5: 85.9375 (85.9375)  family_acc1: 82.4219 (82.4219)  manu_acc1: 91.0156 (91.0156)  time: 8.2344  data: 7.8979  max mem: 11382
Test:  [250/391]  eta: 0:01:18  sploss: 1.9402 (2.0334)  famloss: 1.0012 (1.0400)  manuloss: 0.7071 (0.7099)  acc1: 64.0625 (62.4518)  acc5: 83.9844 (83.2420)  family_acc1: 78.5156 (77.5959)  manu_acc1: 85.5469 (85.4955)  time: 0.5349  data: 0.3040  max mem: 11382
Test:  [390/391]  eta: 0:00:00  sploss: 1.8568 (1.9787)  famloss: 0.9357 (0.9955)  manuloss: 0.5548 (0.6717)  acc1: 64.8438 (63.3400)  acc5: 85.5469 (84.1110)  family_acc1: 79.2969 (78.6090)  manu_acc1: 89.0625 (86.4990)  time: 0.4469  data: 0.2791  max mem: 11382
Test: Total time: 0:03:33 (0.5460 s / it)
* Acc@1 63.340 Acc@5 84.109 family@1 78.608 manu@1 86.499 sploss 1.979 fmloss 0.995 mfloss 0.672
FPA: 56.486% | TICE: 20.814%   
 wAP: 65.376  |  LCA: 69.037   |   Precision and Recall: 75.942%
Accuracy of the network on the 100000 test images: 63.3%
Max accuracy: 63.34%
Epoch: [62]  [  0/976]  eta: 2:10:21  lr: 0.000172  sp_loss: 4.6981 (4.6981)  fam_loss: 3.0879 (3.0879)  manu_loss: 2.2728 (2.2728)  ot_loss: 2.2188 (2.2188)  base_loss: 10.0589 (10.0589)  time: 8.0138  data: 7.6896  max mem: 11382
Epoch: [62]  [250/976]  eta: 0:06:49  lr: 0.000172  sp_loss: 5.2098 (5.0746)  fam_loss: 3.3843 (3.3179)  manu_loss: 2.5005 (2.4354)  ot_loss: 2.3496 (2.3240)  base_loss: 10.9625 (10.8279)  time: 0.5834  data: 0.3057  max mem: 11382
Epoch: [62]  [500/976]  eta: 0:04:21  lr: 0.000172  sp_loss: 4.6222 (5.0038)  fam_loss: 3.0331 (3.2697)  manu_loss: 2.2416 (2.4027)  ot_loss: 2.1602 (2.3004)  base_loss: 9.8342 (10.6761)  time: 0.6026  data: 0.3115  max mem: 11382
Epoch: [62]  [750/976]  eta: 0:02:03  lr: 0.000172  sp_loss: 4.9044 (4.9802)  fam_loss: 3.1718 (3.2517)  manu_loss: 2.4764 (2.3889)  ot_loss: 2.2227 (2.2907)  base_loss: 10.5526 (10.6208)  time: 0.5927  data: 0.3087  max mem: 11382
Epoch: [62]  [975/976]  eta: 0:00:00  lr: 0.000172  sp_loss: 5.2550 (4.9634)  fam_loss: 3.3760 (3.2401)  manu_loss: 2.4915 (2.3797)  ot_loss: 2.3359 (2.2854)  base_loss: 11.1317 (10.5832)  time: 0.3016  data: 0.0621  max mem: 11382
Epoch: [62] Total time: 0:08:48 (0.5410 s / it)
Averaged stats: lr: 0.000172  sp_loss: 5.2550 (4.9635)  fam_loss: 3.3760 (3.2389)  manu_loss: 2.4915 (2.3797)  ot_loss: 2.3359 (2.2857)  base_loss: 11.1317 (10.5821)
Test:  [  0/391]  eta: 0:58:54  sploss: 1.9453 (1.9453)  famloss: 0.9127 (0.9127)  manuloss: 0.6394 (0.6394)  acc1: 62.1094 (62.1094)  acc5: 83.9844 (83.9844)  family_acc1: 80.8594 (80.8594)  manu_acc1: 87.5000 (87.5000)  time: 9.0407  data: 8.6489  max mem: 11382
Test:  [250/391]  eta: 0:01:18  sploss: 1.8982 (1.9974)  famloss: 0.9993 (1.0383)  manuloss: 0.7068 (0.7115)  acc1: 65.2344 (62.4844)  acc5: 84.3750 (83.4786)  family_acc1: 78.9062 (78.0674)  manu_acc1: 85.9375 (85.7585)  time: 0.3857  data: 0.1627  max mem: 11382
Test:  [390/391]  eta: 0:00:00  sploss: 1.8222 (1.9398)  famloss: 0.9473 (0.9933)  manuloss: 0.5628 (0.6716)  acc1: 65.6250 (63.6530)  acc5: 85.5469 (84.3980)  family_acc1: 80.4688 (79.1890)  manu_acc1: 89.4531 (86.8030)  time: 0.4633  data: 0.2982  max mem: 11382
Test: Total time: 0:03:33 (0.5449 s / it)
* Acc@1 63.653 Acc@5 84.406 family@1 79.192 manu@1 86.808 sploss 1.940 fmloss 0.993 mfloss 0.672
FPA: 57.126% | TICE: 20.412%   
 wAP: 65.715  |  LCA: 68.350   |   Precision and Recall: 76.179%
Accuracy of the network on the 100000 test images: 63.7%
Max accuracy: 63.65%
Epoch: [63]  [  0/976]  eta: 2:20:49  lr: 0.000165  sp_loss: 4.3034 (4.3034)  fam_loss: 2.7307 (2.7307)  manu_loss: 2.0211 (2.0211)  ot_loss: 2.0254 (2.0254)  base_loss: 9.0552 (9.0552)  time: 8.6568  data: 8.3381  max mem: 11382
Epoch: [63]  [250/976]  eta: 0:06:33  lr: 0.000165  sp_loss: 5.1783 (4.9022)  fam_loss: 3.3749 (3.1963)  manu_loss: 2.5306 (2.3543)  ot_loss: 2.3438 (2.2639)  base_loss: 11.1520 (10.4528)  time: 0.4452  data: 0.1793  max mem: 11382
Epoch: [63]  [500/976]  eta: 0:04:14  lr: 0.000165  sp_loss: 5.0803 (4.9213)  fam_loss: 3.2876 (3.2101)  manu_loss: 2.3964 (2.3644)  ot_loss: 2.2773 (2.2719)  base_loss: 10.7796 (10.4957)  time: 0.5683  data: 0.2349  max mem: 11382
Epoch: [63]  [750/976]  eta: 0:01:59  lr: 0.000165  sp_loss: 4.9660 (4.9188)  fam_loss: 3.1755 (3.2095)  manu_loss: 2.3501 (2.3613)  ot_loss: 2.2578 (2.2708)  base_loss: 10.5209 (10.4895)  time: 0.4354  data: 0.1575  max mem: 11382
Epoch: [63]  [975/976]  eta: 0:00:00  lr: 0.000165  sp_loss: 5.2580 (4.9192)  fam_loss: 3.4678 (3.2090)  manu_loss: 2.5244 (2.3612)  ot_loss: 2.3848 (2.2706)  base_loss: 11.3183 (10.4894)  time: 0.5066  data: 0.2679  max mem: 11382
Epoch: [63] Total time: 0:08:33 (0.5266 s / it)
Averaged stats: lr: 0.000165  sp_loss: 5.2580 (4.9288)  fam_loss: 3.4678 (3.2118)  manu_loss: 2.5244 (2.3622)  ot_loss: 2.3848 (2.2712)  base_loss: 11.3183 (10.5028)
Test:  [  0/391]  eta: 0:55:44  sploss: 1.9638 (1.9638)  famloss: 0.8819 (0.8819)  manuloss: 0.6416 (0.6416)  acc1: 63.6719 (63.6719)  acc5: 83.9844 (83.9844)  family_acc1: 82.8125 (82.8125)  manu_acc1: 88.2812 (88.2812)  time: 8.5529  data: 8.2070  max mem: 11382
Test:  [250/391]  eta: 0:01:19  sploss: 1.9346 (2.0123)  famloss: 1.0327 (1.0350)  manuloss: 0.7340 (0.7116)  acc1: 64.0625 (63.0276)  acc5: 83.5938 (83.4039)  family_acc1: 78.1250 (78.0363)  manu_acc1: 85.5469 (85.7196)  time: 0.4066  data: 0.1940  max mem: 11382
Test:  [390/391]  eta: 0:00:00  sploss: 1.8489 (1.9599)  famloss: 0.9416 (0.9915)  manuloss: 0.5428 (0.6719)  acc1: 66.0156 (63.9180)  acc5: 85.9375 (84.3280)  family_acc1: 80.0781 (79.1000)  manu_acc1: 90.2344 (86.8200)  time: 0.5568  data: 0.3918  max mem: 11382
Test: Total time: 0:03:38 (0.5576 s / it)
* Acc@1 63.916 Acc@5 84.329 family@1 79.102 manu@1 86.820 sploss 1.960 fmloss 0.991 mfloss 0.672
FPA: 57.297% | TICE: 20.444%   
 wAP: 65.938  |  LCA: 67.931   |   Precision and Recall: 76.306%
Accuracy of the network on the 100000 test images: 63.9%
Max accuracy: 63.92%
Epoch: [64]  [  0/976]  eta: 2:23:34  lr: 0.000158  sp_loss: 5.5169 (5.5169)  fam_loss: 3.5220 (3.5220)  manu_loss: 2.5916 (2.5916)  ot_loss: 2.4082 (2.4082)  base_loss: 11.6305 (11.6305)  time: 8.8262  data: 8.3909  max mem: 11382
Epoch: [64]  [250/976]  eta: 0:06:39  lr: 0.000158  sp_loss: 4.9878 (4.9059)  fam_loss: 3.2605 (3.1993)  manu_loss: 2.3695 (2.3524)  ot_loss: 2.2949 (2.2671)  base_loss: 10.6866 (10.4577)  time: 0.4023  data: 0.1343  max mem: 11382
Epoch: [64]  [500/976]  eta: 0:04:16  lr: 0.000158  sp_loss: 4.9826 (4.9342)  fam_loss: 3.2320 (3.2195)  manu_loss: 2.3921 (2.3706)  ot_loss: 2.2324 (2.2735)  base_loss: 10.7263 (10.5243)  time: 0.5712  data: 0.2744  max mem: 11382
Epoch: [64]  [750/976]  eta: 0:02:01  lr: 0.000158  sp_loss: 4.9175 (4.9318)  fam_loss: 3.2537 (3.2181)  manu_loss: 2.4201 (2.3703)  ot_loss: 2.2148 (2.2679)  base_loss: 10.6607 (10.5202)  time: 0.6024  data: 0.3173  max mem: 11382
Epoch: [64]  [975/976]  eta: 0:00:00  lr: 0.000158  sp_loss: 5.3402 (4.9497)  fam_loss: 3.4546 (3.2290)  manu_loss: 2.5104 (2.3771)  ot_loss: 2.3672 (2.2735)  base_loss: 11.3722 (10.5558)  time: 0.5182  data: 0.2713  max mem: 11382
Epoch: [64] Total time: 0:08:44 (0.5379 s / it)
Averaged stats: lr: 0.000158  sp_loss: 5.3402 (4.9417)  fam_loss: 3.4546 (3.2218)  manu_loss: 2.5104 (2.3714)  ot_loss: 2.3672 (2.2726)  base_loss: 11.3722 (10.5349)
Test:  [  0/391]  eta: 0:52:33  sploss: 1.8920 (1.8920)  famloss: 0.8196 (0.8196)  manuloss: 0.5232 (0.5232)  acc1: 65.2344 (65.2344)  acc5: 85.5469 (85.5469)  family_acc1: 81.6406 (81.6406)  manu_acc1: 88.6719 (88.6719)  time: 8.0655  data: 7.6131  max mem: 11382
Test:  [250/391]  eta: 0:01:19  sploss: 1.7930 (1.8954)  famloss: 0.9269 (0.9479)  manuloss: 0.6093 (0.6218)  acc1: 66.4062 (63.8866)  acc5: 84.7656 (84.2365)  family_acc1: 79.6875 (79.0043)  manu_acc1: 85.1562 (86.4059)  time: 0.4683  data: 0.2416  max mem: 11382
Test:  [390/391]  eta: 0:00:00  sploss: 1.7548 (1.8388)  famloss: 0.8521 (0.9043)  manuloss: 0.4746 (0.5830)  acc1: 65.6250 (64.8800)  acc5: 86.3281 (85.1570)  family_acc1: 80.8594 (80.0490)  manu_acc1: 89.8438 (87.4160)  time: 0.5537  data: 0.3838  max mem: 11382
Test: Total time: 0:03:39 (0.5612 s / it)
* Acc@1 64.883 Acc@5 85.157 family@1 80.049 manu@1 87.413 sploss 1.839 fmloss 0.904 mfloss 0.583
FPA: 58.426% | TICE: 19.638%   
 wAP: 66.894  |  LCA: 65.601   |   Precision and Recall: 77.132%
Accuracy of the network on the 100000 test images: 64.9%
Max accuracy: 64.88%
Epoch: [65]  [  0/976]  eta: 2:10:14  lr: 0.000151  sp_loss: 5.7509 (5.7509)  fam_loss: 3.7660 (3.7660)  manu_loss: 2.7535 (2.7535)  ot_loss: 2.5312 (2.5312)  base_loss: 12.2704 (12.2704)  time: 8.0063  data: 7.3079  max mem: 11382
Epoch: [65]  [250/976]  eta: 0:07:13  lr: 0.000151  sp_loss: 5.1719 (4.9078)  fam_loss: 3.3694 (3.1970)  manu_loss: 2.4776 (2.3599)  ot_loss: 2.2871 (2.2548)  base_loss: 11.0198 (10.4648)  time: 0.5840  data: 0.3186  max mem: 11382
Epoch: [65]  [500/976]  eta: 0:04:25  lr: 0.000151  sp_loss: 4.8573 (4.9399)  fam_loss: 3.1953 (3.2159)  manu_loss: 2.3351 (2.3678)  ot_loss: 2.2168 (2.2634)  base_loss: 10.3652 (10.5236)  time: 0.5303  data: 0.2586  max mem: 11382
Epoch: [65]  [750/976]  eta: 0:02:03  lr: 0.000151  sp_loss: 5.3149 (4.9202)  fam_loss: 3.4613 (3.2043)  manu_loss: 2.5709 (2.3601)  ot_loss: 2.3984 (2.2581)  base_loss: 11.3470 (10.4846)  time: 0.4873  data: 0.2194  max mem: 11382
Epoch: [65]  [975/976]  eta: 0:00:00  lr: 0.000151  sp_loss: 5.1369 (4.9242)  fam_loss: 3.3532 (3.2076)  manu_loss: 2.4697 (2.3621)  ot_loss: 2.3066 (2.2588)  base_loss: 10.9396 (10.4939)  time: 0.4895  data: 0.2474  max mem: 11382
Epoch: [65] Total time: 0:08:47 (0.5400 s / it)
Averaged stats: lr: 0.000151  sp_loss: 5.1369 (4.9221)  fam_loss: 3.3532 (3.2050)  manu_loss: 2.4697 (2.3585)  ot_loss: 2.3066 (2.2585)  base_loss: 10.9396 (10.4856)
Test:  [  0/391]  eta: 0:52:24  sploss: 1.8902 (1.8902)  famloss: 0.9156 (0.9156)  manuloss: 0.6541 (0.6541)  acc1: 65.6250 (65.6250)  acc5: 84.7656 (84.7656)  family_acc1: 81.6406 (81.6406)  manu_acc1: 88.2812 (88.2812)  time: 8.0428  data: 7.7224  max mem: 11382
Test:  [250/391]  eta: 0:01:18  sploss: 1.8861 (1.9499)  famloss: 1.0094 (1.0189)  manuloss: 0.6892 (0.6997)  acc1: 64.4531 (63.7497)  acc5: 85.1562 (84.1774)  family_acc1: 79.2969 (78.7646)  manu_acc1: 85.9375 (86.3172)  time: 0.3984  data: 0.1742  max mem: 11382
Test:  [390/391]  eta: 0:00:00  sploss: 1.7977 (1.8941)  famloss: 0.9350 (0.9735)  manuloss: 0.5637 (0.6595)  acc1: 65.6250 (64.7600)  acc5: 86.3281 (85.0230)  family_acc1: 81.2500 (79.8400)  manu_acc1: 89.4531 (87.3430)  time: 0.4513  data: 0.2615  max mem: 11382
Test: Total time: 0:03:34 (0.5481 s / it)
* Acc@1 64.764 Acc@5 85.020 family@1 79.842 manu@1 87.346 sploss 1.894 fmloss 0.974 mfloss 0.659
FPA: 58.228% | TICE: 19.577%   
 wAP: 66.768  |  LCA: 65.837   |   Precision and Recall: 77.038%
Accuracy of the network on the 100000 test images: 64.8%
Max accuracy: 64.88%
Epoch: [66]  [  0/976]  eta: 2:17:03  lr: 0.000144  sp_loss: 5.4826 (5.4826)  fam_loss: 3.6234 (3.6234)  manu_loss: 2.6285 (2.6285)  ot_loss: 2.4238 (2.4238)  base_loss: 11.7345 (11.7345)  time: 8.4256  data: 7.6787  max mem: 11382
Epoch: [66]  [250/976]  eta: 0:06:36  lr: 0.000144  sp_loss: 4.3692 (4.8209)  fam_loss: 2.7823 (3.1398)  manu_loss: 1.9890 (2.3111)  ot_loss: 2.0488 (2.2246)  base_loss: 9.0196 (10.2718)  time: 0.4241  data: 0.1419  max mem: 11382
Epoch: [66]  [500/976]  eta: 0:04:14  lr: 0.000144  sp_loss: 5.3332 (4.8551)  fam_loss: 3.4314 (3.1639)  manu_loss: 2.5242 (2.3292)  ot_loss: 2.3457 (2.2348)  base_loss: 11.4402 (10.3482)  time: 0.4788  data: 0.1947  max mem: 11382
Epoch: [66]  [750/976]  eta: 0:01:59  lr: 0.000144  sp_loss: 5.0592 (4.8677)  fam_loss: 3.3053 (3.1726)  manu_loss: 2.4431 (2.3329)  ot_loss: 2.2773 (2.2391)  base_loss: 10.8974 (10.3732)  time: 0.5877  data: 0.3055  max mem: 11382
Epoch: [66]  [975/976]  eta: 0:00:00  lr: 0.000144  sp_loss: 5.0825 (4.8849)  fam_loss: 3.3850 (3.1813)  manu_loss: 2.4500 (2.3391)  ot_loss: 2.3086 (2.2442)  base_loss: 10.9610 (10.4053)  time: 0.4614  data: 0.1895  max mem: 11382
Epoch: [66] Total time: 0:08:33 (0.5262 s / it)
Averaged stats: lr: 0.000144  sp_loss: 5.0825 (4.8748)  fam_loss: 3.3850 (3.1762)  manu_loss: 2.4500 (2.3355)  ot_loss: 2.3086 (2.2411)  base_loss: 10.9610 (10.3865)
Test:  [  0/391]  eta: 0:56:03  sploss: 2.0369 (2.0369)  famloss: 0.9165 (0.9165)  manuloss: 0.6295 (0.6295)  acc1: 61.7188 (61.7188)  acc5: 83.9844 (83.9844)  family_acc1: 83.5938 (83.5938)  manu_acc1: 88.2812 (88.2812)  time: 8.6036  data: 8.1596  max mem: 11382
Test:  [250/391]  eta: 0:01:18  sploss: 1.9552 (2.0351)  famloss: 1.0511 (1.0586)  manuloss: 0.7388 (0.7384)  acc1: 64.4531 (63.3544)  acc5: 84.3750 (84.0108)  family_acc1: 78.9062 (78.4580)  manu_acc1: 85.9375 (86.1663)  time: 0.3927  data: 0.1745  max mem: 11382
Test:  [390/391]  eta: 0:00:00  sploss: 1.8748 (1.9833)  famloss: 0.9623 (1.0139)  manuloss: 0.5670 (0.6986)  acc1: 65.6250 (64.3450)  acc5: 86.3281 (84.8740)  family_acc1: 81.6406 (79.5210)  manu_acc1: 90.2344 (87.1850)  time: 0.4706  data: 0.3073  max mem: 11382
Test: Total time: 0:03:33 (0.5459 s / it)
* Acc@1 64.344 Acc@5 84.875 family@1 79.522 manu@1 87.188 sploss 1.983 fmloss 1.014 mfloss 0.699
FPA: 57.753% | TICE: 20.091%   
 wAP: 66.363  |  LCA: 66.799   |   Precision and Recall: 76.703%
Accuracy of the network on the 100000 test images: 64.3%
Max accuracy: 64.88%
Epoch: [67]  [  0/976]  eta: 2:20:10  lr: 0.000137  sp_loss: 5.3628 (5.3628)  fam_loss: 3.4134 (3.4134)  manu_loss: 2.5834 (2.5834)  ot_loss: 2.4062 (2.4062)  base_loss: 11.3597 (11.3597)  time: 8.6172  data: 7.5616  max mem: 11382
Epoch: [67]  [250/976]  eta: 0:06:50  lr: 0.000137  sp_loss: 4.9569 (5.0008)  fam_loss: 3.1374 (3.2382)  manu_loss: 2.2977 (2.3856)  ot_loss: 2.1836 (2.2719)  base_loss: 10.4039 (10.6246)  time: 0.4082  data: 0.1379  max mem: 11382
Epoch: [67]  [500/976]  eta: 0:04:23  lr: 0.000137  sp_loss: 4.7638 (4.9111)  fam_loss: 3.0360 (3.1890)  manu_loss: 2.2015 (2.3489)  ot_loss: 2.1562 (2.2468)  base_loss: 9.9664 (10.4490)  time: 0.6111  data: 0.3045  max mem: 11382
Epoch: [67]  [750/976]  eta: 0:02:03  lr: 0.000137  sp_loss: 5.0157 (4.9241)  fam_loss: 3.2092 (3.1992)  manu_loss: 2.4282 (2.3566)  ot_loss: 2.2734 (2.2486)  base_loss: 10.5713 (10.4798)  time: 0.5647  data: 0.3001  max mem: 11382
Epoch: [67]  [975/976]  eta: 0:00:00  lr: 0.000137  sp_loss: 5.3021 (4.9146)  fam_loss: 3.3677 (3.1967)  manu_loss: 2.4502 (2.3537)  ot_loss: 2.3008 (2.2466)  base_loss: 11.0118 (10.4651)  time: 0.4512  data: 0.2198  max mem: 11382
Epoch: [67] Total time: 0:08:47 (0.5406 s / it)
Averaged stats: lr: 0.000137  sp_loss: 5.3021 (4.8947)  fam_loss: 3.3677 (3.1840)  manu_loss: 2.4502 (2.3445)  ot_loss: 2.3008 (2.2406)  base_loss: 11.0118 (10.4232)
Test:  [  0/391]  eta: 0:48:21  sploss: 1.9823 (1.9823)  famloss: 0.9216 (0.9216)  manuloss: 0.7145 (0.7145)  acc1: 65.6250 (65.6250)  acc5: 83.2031 (83.2031)  family_acc1: 83.2031 (83.2031)  manu_acc1: 87.5000 (87.5000)  time: 7.4200  data: 6.8593  max mem: 11382
Test:  [250/391]  eta: 0:01:19  sploss: 2.0125 (2.0760)  famloss: 1.0626 (1.0856)  manuloss: 0.7774 (0.7849)  acc1: 64.8438 (63.2626)  acc5: 83.9844 (83.7572)  family_acc1: 78.5156 (78.3522)  manu_acc1: 86.3281 (86.0106)  time: 0.4115  data: 0.2102  max mem: 11382
Test:  [390/391]  eta: 0:00:00  sploss: 1.9089 (2.0245)  famloss: 1.0051 (1.0429)  manuloss: 0.6527 (0.7454)  acc1: 66.0156 (64.2450)  acc5: 86.3281 (84.6070)  family_acc1: 80.6250 (79.3110)  manu_acc1: 89.8438 (87.0300)  time: 0.4768  data: 0.3092  max mem: 11382
Test: Total time: 0:03:34 (0.5495 s / it)
* Acc@1 64.246 Acc@5 84.609 family@1 79.314 manu@1 87.031 sploss 2.024 fmloss 1.043 mfloss 0.745
FPA: 57.588% | TICE: 20.198%   
 wAP: 66.253  |  LCA: 67.193   |   Precision and Recall: 76.574%
Accuracy of the network on the 100000 test images: 64.2%
Max accuracy: 64.88%
Epoch: [68]  [  0/976]  eta: 2:25:04  lr: 0.000130  sp_loss: 5.4095 (5.4095)  fam_loss: 3.3739 (3.3739)  manu_loss: 2.4584 (2.4584)  ot_loss: 2.3984 (2.3984)  base_loss: 11.2418 (11.2418)  time: 8.9185  data: 8.2562  max mem: 11382
Epoch: [68]  [250/976]  eta: 0:06:43  lr: 0.000130  sp_loss: 4.6929 (4.8172)  fam_loss: 3.0703 (3.1411)  manu_loss: 2.2698 (2.3088)  ot_loss: 2.2031 (2.2129)  base_loss: 10.0786 (10.2671)  time: 0.4192  data: 0.1423  max mem: 11382
Epoch: [68]  [500/976]  eta: 0:04:15  lr: 0.000130  sp_loss: 5.1745 (4.8859)  fam_loss: 3.2971 (3.1834)  manu_loss: 2.4644 (2.3412)  ot_loss: 2.2930 (2.2334)  base_loss: 11.0249 (10.4105)  time: 0.4067  data: 0.0798  max mem: 11382
Epoch: [68]  [750/976]  eta: 0:02:00  lr: 0.000130  sp_loss: 4.2881 (4.8549)  fam_loss: 2.8216 (3.1635)  manu_loss: 2.0443 (2.3286)  ot_loss: 2.0488 (2.2258)  base_loss: 9.1078 (10.3470)  time: 0.4358  data: 0.1761  max mem: 11382
Epoch: [68]  [975/976]  eta: 0:00:00  lr: 0.000130  sp_loss: 4.8771 (4.8471)  fam_loss: 3.2270 (3.1600)  manu_loss: 2.3560 (2.3271)  ot_loss: 2.1973 (2.2243)  base_loss: 10.4938 (10.3341)  time: 0.4696  data: 0.2314  max mem: 11382
Epoch: [68] Total time: 0:08:41 (0.5342 s / it)
Averaged stats: lr: 0.000130  sp_loss: 4.8771 (4.8564)  fam_loss: 3.2270 (3.1632)  manu_loss: 2.3560 (2.3300)  ot_loss: 2.1973 (2.2244)  base_loss: 10.4938 (10.3497)
Test:  [  0/391]  eta: 0:54:47  sploss: 1.9935 (1.9935)  famloss: 0.9480 (0.9480)  manuloss: 0.7108 (0.7108)  acc1: 65.2344 (65.2344)  acc5: 85.1562 (85.1562)  family_acc1: 80.4688 (80.4688)  manu_acc1: 87.1094 (87.1094)  time: 8.4067  data: 7.8476  max mem: 11382
Test:  [250/391]  eta: 0:01:18  sploss: 1.9384 (2.0112)  famloss: 1.0082 (1.0324)  manuloss: 0.7060 (0.7186)  acc1: 65.2344 (63.9567)  acc5: 84.3750 (84.2583)  family_acc1: 78.9062 (78.9062)  manu_acc1: 85.9375 (86.4729)  time: 0.4145  data: 0.1833  max mem: 11382
Test:  [390/391]  eta: 0:00:00  sploss: 1.8605 (1.9583)  famloss: 0.9610 (0.9889)  manuloss: 0.5685 (0.6801)  acc1: 67.1875 (64.9600)  acc5: 86.3281 (85.1270)  family_acc1: 80.8594 (80.0150)  manu_acc1: 89.8438 (87.5280)  time: 0.4134  data: 0.2396  max mem: 11382
Test: Total time: 0:03:33 (0.5473 s / it)
* Acc@1 64.969 Acc@5 85.137 family@1 80.018 manu@1 87.534 sploss 1.958 fmloss 0.989 mfloss 0.680
FPA: 58.533% | TICE: 19.620%   
 wAP: 66.969  |  LCA: 65.449   |   Precision and Recall: 77.181%
Accuracy of the network on the 100000 test images: 65.0%
Max accuracy: 64.97%
Epoch: [69]  [  0/976]  eta: 2:10:47  lr: 0.000124  sp_loss: 5.6796 (5.6796)  fam_loss: 3.7368 (3.7368)  manu_loss: 2.7305 (2.7305)  ot_loss: 2.4863 (2.4863)  base_loss: 12.1469 (12.1469)  time: 8.0409  data: 7.3059  max mem: 11382
Epoch: [69]  [250/976]  eta: 0:06:41  lr: 0.000124  sp_loss: 5.0809 (4.7540)  fam_loss: 3.2889 (3.1111)  manu_loss: 2.3938 (2.2975)  ot_loss: 2.2852 (2.1949)  base_loss: 10.7636 (10.1626)  time: 0.4182  data: 0.1400  max mem: 11382
Epoch: [69]  [500/976]  eta: 0:04:25  lr: 0.000124  sp_loss: 4.6313 (4.8229)  fam_loss: 3.0325 (3.1503)  manu_loss: 2.2354 (2.3235)  ot_loss: 2.1172 (2.2153)  base_loss: 9.8992 (10.2968)  time: 0.4783  data: 0.1560  max mem: 11382
Epoch: [69]  [750/976]  eta: 0:02:08  lr: 0.000124  sp_loss: 4.5354 (4.8039)  fam_loss: 3.1102 (3.1356)  manu_loss: 2.2423 (2.3140)  ot_loss: 2.1152 (2.2078)  base_loss: 9.8821 (10.2535)  time: 0.6250  data: 0.3191  max mem: 11382
Epoch: [69]  [975/976]  eta: 0:00:00  lr: 0.000124  sp_loss: 5.2436 (4.8385)  fam_loss: 3.4483 (3.1564)  manu_loss: 2.5431 (2.3282)  ot_loss: 2.2832 (2.2170)  base_loss: 11.2307 (10.3230)  time: 0.4182  data: 0.1880  max mem: 11382
Epoch: [69] Total time: 0:09:10 (0.5642 s / it)
Averaged stats: lr: 0.000124  sp_loss: 5.2436 (4.8280)  fam_loss: 3.4483 (3.1473)  manu_loss: 2.5431 (2.3190)  ot_loss: 2.2832 (2.2133)  base_loss: 11.2307 (10.2943)
Test:  [  0/391]  eta: 0:49:08  sploss: 1.9086 (1.9086)  famloss: 0.8666 (0.8666)  manuloss: 0.6405 (0.6405)  acc1: 64.4531 (64.4531)  acc5: 83.5938 (83.5938)  family_acc1: 81.6406 (81.6406)  manu_acc1: 88.2812 (88.2812)  time: 7.5417  data: 7.0059  max mem: 11382
Test:  [250/391]  eta: 0:01:18  sploss: 1.8597 (1.9450)  famloss: 0.9930 (1.0127)  manuloss: 0.7068 (0.7134)  acc1: 66.0156 (64.4469)  acc5: 84.7656 (84.4995)  family_acc1: 79.6875 (79.3420)  manu_acc1: 85.9375 (86.6814)  time: 0.4363  data: 0.2083  max mem: 11382
Test:  [390/391]  eta: 0:00:00  sploss: 1.7743 (1.8916)  famloss: 0.9313 (0.9709)  manuloss: 0.5665 (0.6758)  acc1: 66.0156 (65.3720)  acc5: 86.7188 (85.3530)  family_acc1: 81.2500 (80.3000)  manu_acc1: 90.6250 (87.6760)  time: 0.4660  data: 0.3026  max mem: 11382
Test: Total time: 0:03:34 (0.5481 s / it)
* Acc@1 65.371 Acc@5 85.354 family@1 80.302 manu@1 87.673 sploss 1.892 fmloss 0.971 mfloss 0.676
FPA: 58.973% | TICE: 19.373%   
 wAP: 67.354  |  LCA: 64.628   |   Precision and Recall: 77.471%
Accuracy of the network on the 100000 test images: 65.4%
Max accuracy: 65.37%
Epoch: [70]  [  0/976]  eta: 2:13:45  lr: 0.000117  sp_loss: 5.5984 (5.5984)  fam_loss: 3.5133 (3.5133)  manu_loss: 2.5963 (2.5963)  ot_loss: 2.4375 (2.4375)  base_loss: 11.7080 (11.7080)  time: 8.2232  data: 7.8137  max mem: 11382
Epoch: [70]  [250/976]  eta: 0:06:47  lr: 0.000117  sp_loss: 5.4178 (4.9500)  fam_loss: 3.3900 (3.2219)  manu_loss: 2.5475 (2.3751)  ot_loss: 2.3496 (2.2426)  base_loss: 11.3661 (10.5470)  time: 0.5947  data: 0.3173  max mem: 11382
Epoch: [70]  [500/976]  eta: 0:04:21  lr: 0.000117  sp_loss: 4.9194 (4.8695)  fam_loss: 3.2009 (3.1736)  manu_loss: 2.3520 (2.3354)  ot_loss: 2.1621 (2.2175)  base_loss: 10.4062 (10.3785)  time: 0.5943  data: 0.3150  max mem: 11382
Epoch: [70]  [750/976]  eta: 0:02:02  lr: 0.000117  sp_loss: 5.3470 (4.8747)  fam_loss: 3.4681 (3.1746)  manu_loss: 2.5615 (2.3404)  ot_loss: 2.3457 (2.2200)  base_loss: 11.3618 (10.3896)  time: 0.5782  data: 0.3042  max mem: 11382
Epoch: [70]  [975/976]  eta: 0:00:00  lr: 0.000117  sp_loss: 5.0573 (4.8441)  fam_loss: 3.2281 (3.1532)  manu_loss: 2.3949 (2.3245)  ot_loss: 2.2793 (2.2116)  base_loss: 10.6430 (10.3218)  time: 0.5010  data: 0.2616  max mem: 11382
Epoch: [70] Total time: 0:08:47 (0.5408 s / it)
Averaged stats: lr: 0.000117  sp_loss: 5.0573 (4.8439)  fam_loss: 3.2281 (3.1529)  manu_loss: 2.3949 (2.3239)  ot_loss: 2.2793 (2.2111)  base_loss: 10.6430 (10.3207)
Test:  [  0/391]  eta: 0:56:13  sploss: 1.9018 (1.9018)  famloss: 0.8551 (0.8551)  manuloss: 0.6243 (0.6243)  acc1: 66.0156 (66.0156)  acc5: 83.5938 (83.5938)  family_acc1: 83.5938 (83.5938)  manu_acc1: 87.8906 (87.8906)  time: 8.6269  data: 8.2226  max mem: 11382
Test:  [250/391]  eta: 0:01:18  sploss: 1.8306 (1.9310)  famloss: 0.9716 (1.0102)  manuloss: 0.7116 (0.7112)  acc1: 67.1875 (64.9434)  acc5: 85.1562 (84.9057)  family_acc1: 80.0781 (79.6144)  manu_acc1: 86.7188 (86.9226)  time: 0.4392  data: 0.2048  max mem: 11382
Test:  [390/391]  eta: 0:00:00  sploss: 1.7535 (1.8785)  famloss: 0.9225 (0.9687)  manuloss: 0.5885 (0.6736)  acc1: 67.1875 (65.8750)  acc5: 86.7188 (85.6890)  family_acc1: 81.6406 (80.5320)  manu_acc1: 90.6250 (87.8870)  time: 0.5053  data: 0.3282  max mem: 11382
Test: Total time: 0:03:34 (0.5495 s / it)
* Acc@1 65.879 Acc@5 85.689 family@1 80.531 manu@1 87.890 sploss 1.878 fmloss 0.969 mfloss 0.674
FPA: 59.552% | TICE: 19.048%   
 wAP: 67.827  |  LCA: 63.635   |   Precision and Recall: 77.827%
Accuracy of the network on the 100000 test images: 65.9%
Max accuracy: 65.88%
Epoch: [71]  [  0/976]  eta: 2:21:31  lr: 0.000111  sp_loss: 5.8191 (5.8191)  fam_loss: 3.8366 (3.8366)  manu_loss: 2.7992 (2.7992)  ot_loss: 2.5410 (2.5410)  base_loss: 12.4549 (12.4549)  time: 8.7003  data: 8.3851  max mem: 11382
Epoch: [71]  [250/976]  eta: 0:06:38  lr: 0.000111  sp_loss: 5.1101 (4.8298)  fam_loss: 3.4416 (3.1505)  manu_loss: 2.5132 (2.3236)  ot_loss: 2.3223 (2.2102)  base_loss: 11.0649 (10.3039)  time: 0.4325  data: 0.1443  max mem: 11382
Epoch: [71]  [500/976]  eta: 0:04:20  lr: 0.000111  sp_loss: 4.9144 (4.7990)  fam_loss: 3.1654 (3.1310)  manu_loss: 2.2617 (2.3078)  ot_loss: 2.1582 (2.1980)  base_loss: 10.3415 (10.2378)  time: 0.6115  data: 0.3215  max mem: 11382
Epoch: [71]  [750/976]  eta: 0:02:03  lr: 0.000111  sp_loss: 4.9266 (4.7775)  fam_loss: 3.1952 (3.1156)  manu_loss: 2.3472 (2.2960)  ot_loss: 2.2070 (2.1913)  base_loss: 10.4938 (10.1890)  time: 0.5705  data: 0.2909  max mem: 11382
Epoch: [71]  [975/976]  eta: 0:00:00  lr: 0.000111  sp_loss: 5.1196 (4.7814)  fam_loss: 3.2976 (3.1180)  manu_loss: 2.4147 (2.2964)  ot_loss: 2.2383 (2.1918)  base_loss: 10.7975 (10.1958)  time: 0.3217  data: 0.0859  max mem: 11382
Epoch: [71] Total time: 0:08:47 (0.5404 s / it)
Averaged stats: lr: 0.000111  sp_loss: 5.1196 (4.8087)  fam_loss: 3.2976 (3.1349)  manu_loss: 2.4147 (2.3096)  ot_loss: 2.2383 (2.1997)  base_loss: 10.7975 (10.2532)
Test:  [  0/391]  eta: 0:54:33  sploss: 1.8583 (1.8583)  famloss: 0.8412 (0.8412)  manuloss: 0.5798 (0.5798)  acc1: 65.2344 (65.2344)  acc5: 85.1562 (85.1562)  family_acc1: 83.5938 (83.5938)  manu_acc1: 90.2344 (90.2344)  time: 8.3718  data: 7.9919  max mem: 11382
Test:  [250/391]  eta: 0:01:19  sploss: 1.7854 (1.8622)  famloss: 0.9119 (0.9457)  manuloss: 0.6477 (0.6368)  acc1: 67.9688 (65.1581)  acc5: 85.5469 (85.0862)  family_acc1: 79.6875 (79.9272)  manu_acc1: 87.1094 (87.1374)  time: 0.4241  data: 0.1968  max mem: 11382
Test:  [390/391]  eta: 0:00:00  sploss: 1.6934 (1.8085)  famloss: 0.8544 (0.9030)  manuloss: 0.4934 (0.5987)  acc1: 67.1875 (66.1010)  acc5: 87.1094 (85.8860)  family_acc1: 81.2500 (80.9170)  manu_acc1: 90.6250 (88.1000)  time: 0.4815  data: 0.3233  max mem: 11382
Test: Total time: 0:03:35 (0.5517 s / it)
* Acc@1 66.100 Acc@5 85.884 family@1 80.916 manu@1 88.103 sploss 1.809 fmloss 0.903 mfloss 0.599
FPA: 60.054% | TICE: 18.521%   
 wAP: 68.064  |  LCA: 63.121   |   Precision and Recall: 78.003%
Accuracy of the network on the 100000 test images: 66.1%
Max accuracy: 66.10%
Epoch: [72]  [  0/976]  eta: 2:18:04  lr: 0.000105  sp_loss: 3.1049 (3.1049)  fam_loss: 2.1021 (2.1021)  manu_loss: 1.4516 (1.4516)  ot_loss: 1.7188 (1.7188)  base_loss: 6.6586 (6.6586)  time: 8.4880  data: 6.2505  max mem: 11382
Epoch: [72]  [250/976]  eta: 0:06:34  lr: 0.000105  sp_loss: 4.9759 (4.8449)  fam_loss: 3.2497 (3.1427)  manu_loss: 2.3814 (2.3151)  ot_loss: 2.2480 (2.2011)  base_loss: 10.6044 (10.3028)  time: 0.4009  data: 0.1402  max mem: 11382
Epoch: [72]  [500/976]  eta: 0:04:14  lr: 0.000105  sp_loss: 4.9438 (4.8569)  fam_loss: 3.2342 (3.1564)  manu_loss: 2.3553 (2.3254)  ot_loss: 2.2090 (2.2052)  base_loss: 10.5295 (10.3387)  time: 0.4937  data: 0.1962  max mem: 11382
Epoch: [72]  [750/976]  eta: 0:02:00  lr: 0.000105  sp_loss: 5.0630 (4.8388)  fam_loss: 3.2617 (3.1475)  manu_loss: 2.4198 (2.3191)  ot_loss: 2.2480 (2.2015)  base_loss: 10.7651 (10.3054)  time: 0.5313  data: 0.2478  max mem: 11382
Epoch: [72]  [975/976]  eta: 0:00:00  lr: 0.000105  sp_loss: 5.2148 (4.8308)  fam_loss: 3.3647 (3.1420)  manu_loss: 2.4804 (2.3169)  ot_loss: 2.2793 (2.1981)  base_loss: 11.1452 (10.2897)  time: 0.3835  data: 0.1450  max mem: 11382
Epoch: [72] Total time: 0:08:35 (0.5284 s / it)
Averaged stats: lr: 0.000105  sp_loss: 5.2148 (4.8324)  fam_loss: 3.3647 (3.1437)  manu_loss: 2.4804 (2.3170)  ot_loss: 2.2793 (2.1992)  base_loss: 11.1452 (10.2932)
Test:  [  0/391]  eta: 0:52:33  sploss: 1.9672 (1.9672)  famloss: 0.9333 (0.9333)  manuloss: 0.6947 (0.6947)  acc1: 67.5781 (67.5781)  acc5: 83.9844 (83.9844)  family_acc1: 82.0312 (82.0312)  manu_acc1: 88.6719 (88.6719)  time: 8.0661  data: 7.5995  max mem: 11382
Test:  [250/391]  eta: 0:01:19  sploss: 1.9271 (1.9857)  famloss: 1.0303 (1.0533)  manuloss: 0.7417 (0.7552)  acc1: 67.1875 (64.5169)  acc5: 84.7656 (84.5337)  family_acc1: 79.2969 (79.2159)  manu_acc1: 86.7188 (86.6627)  time: 0.4424  data: 0.1880  max mem: 11382
Test:  [390/391]  eta: 0:00:00  sploss: 1.8207 (1.9325)  famloss: 0.9817 (1.0117)  manuloss: 0.6021 (0.7172)  acc1: 66.4062 (65.4530)  acc5: 86.7188 (85.3500)  family_acc1: 80.8594 (80.2620)  manu_acc1: 90.2344 (87.6360)  time: 0.3906  data: 0.2313  max mem: 11382
Test: Total time: 0:03:35 (0.5524 s / it)
* Acc@1 65.455 Acc@5 85.350 family@1 80.261 manu@1 87.639 sploss 1.933 fmloss 1.012 mfloss 0.717
FPA: 59.126% | TICE: 19.298%   
 wAP: 67.423  |  LCA: 64.611   |   Precision and Recall: 77.468%
Accuracy of the network on the 100000 test images: 65.5%
Max accuracy: 66.10%
Epoch: [73]  [  0/976]  eta: 2:23:46  lr: 0.000099  sp_loss: 3.0209 (3.0209)  fam_loss: 2.0565 (2.0565)  manu_loss: 1.5940 (1.5940)  ot_loss: 1.7754 (1.7754)  base_loss: 6.6714 (6.6714)  time: 8.8386  data: 7.2404  max mem: 11382
Epoch: [73]  [250/976]  eta: 0:06:46  lr: 0.000099  sp_loss: 5.3295 (4.7581)  fam_loss: 3.3526 (3.0972)  manu_loss: 2.4933 (2.2921)  ot_loss: 2.2969 (2.1825)  base_loss: 11.1952 (10.1475)  time: 0.6040  data: 0.3327  max mem: 11382
Epoch: [73]  [500/976]  eta: 0:04:24  lr: 0.000099  sp_loss: 5.2259 (4.7641)  fam_loss: 3.3115 (3.1080)  manu_loss: 2.4277 (2.2938)  ot_loss: 2.2676 (2.1831)  base_loss: 10.9683 (10.1659)  time: 0.5853  data: 0.2488  max mem: 11382
Epoch: [73]  [750/976]  eta: 0:02:04  lr: 0.000099  sp_loss: 5.1146 (4.7656)  fam_loss: 3.2319 (3.1027)  manu_loss: 2.4949 (2.2895)  ot_loss: 2.2578 (2.1814)  base_loss: 10.8968 (10.1578)  time: 0.4461  data: 0.1647  max mem: 11382
Epoch: [73]  [975/976]  eta: 0:00:00  lr: 0.000099  sp_loss: 5.1900 (4.7704)  fam_loss: 3.3578 (3.1044)  manu_loss: 2.4484 (2.2897)  ot_loss: 2.2852 (2.1806)  base_loss: 11.0424 (10.1645)  time: 0.4839  data: 0.2412  max mem: 11382
Epoch: [73] Total time: 0:08:54 (0.5478 s / it)
Averaged stats: lr: 0.000099  sp_loss: 5.1900 (4.7745)  fam_loss: 3.3578 (3.1065)  manu_loss: 2.4484 (2.2912)  ot_loss: 2.2852 (2.1797)  base_loss: 11.0424 (10.1722)
Test:  [  0/391]  eta: 0:55:18  sploss: 1.8832 (1.8832)  famloss: 0.8461 (0.8461)  manuloss: 0.5970 (0.5970)  acc1: 63.6719 (63.6719)  acc5: 84.7656 (84.7656)  family_acc1: 83.2031 (83.2031)  manu_acc1: 89.8438 (89.8438)  time: 8.4871  data: 7.7875  max mem: 11382
Test:  [250/391]  eta: 0:01:18  sploss: 1.8323 (1.9070)  famloss: 0.9495 (0.9711)  manuloss: 0.6570 (0.6762)  acc1: 68.7500 (65.6608)  acc5: 85.9375 (85.1594)  family_acc1: 80.4688 (80.2275)  manu_acc1: 87.1094 (87.2479)  time: 0.3815  data: 0.1697  max mem: 11382
Test:  [390/391]  eta: 0:00:00  sploss: 1.7392 (1.8536)  famloss: 0.8880 (0.9294)  manuloss: 0.5448 (0.6387)  acc1: 67.5781 (66.5580)  acc5: 87.8906 (86.0240)  family_acc1: 82.0312 (81.1250)  manu_acc1: 90.6250 (88.2020)  time: 0.4571  data: 0.2962  max mem: 11382
Test: Total time: 0:03:33 (0.5473 s / it)
* Acc@1 66.556 Acc@5 86.023 family@1 81.121 manu@1 88.198 sploss 1.854 fmloss 0.929 mfloss 0.639
FPA: 60.548% | TICE: 18.356%   
 wAP: 68.488  |  LCA: 62.189   |   Precision and Recall: 78.323%
Accuracy of the network on the 100000 test images: 66.6%
Max accuracy: 66.56%
Epoch: [74]  [  0/976]  eta: 2:19:02  lr: 0.000093  sp_loss: 3.3050 (3.3050)  fam_loss: 2.1281 (2.1281)  manu_loss: 1.6043 (1.6043)  ot_loss: 1.6777 (1.6777)  base_loss: 7.0374 (7.0374)  time: 8.5478  data: 8.2301  max mem: 11382
Epoch: [74]  [250/976]  eta: 0:06:34  lr: 0.000093  sp_loss: 4.8068 (4.7512)  fam_loss: 3.1382 (3.1082)  manu_loss: 2.2629 (2.2866)  ot_loss: 2.1523 (2.1735)  base_loss: 10.3426 (10.1460)  time: 0.4541  data: 0.1895  max mem: 11382
Epoch: [74]  [500/976]  eta: 0:04:14  lr: 0.000093  sp_loss: 5.0990 (4.7229)  fam_loss: 3.3127 (3.0895)  manu_loss: 2.4162 (2.2747)  ot_loss: 2.2539 (2.1655)  base_loss: 10.8280 (10.0871)  time: 0.5335  data: 0.2243  max mem: 11382
Epoch: [74]  [750/976]  eta: 0:01:59  lr: 0.000093  sp_loss: 4.6962 (4.7422)  fam_loss: 3.0727 (3.0963)  manu_loss: 2.2468 (2.2822)  ot_loss: 2.1250 (2.1698)  base_loss: 10.0156 (10.1207)  time: 0.4456  data: 0.1438  max mem: 11382
Epoch: [74]  [975/976]  eta: 0:00:00  lr: 0.000093  sp_loss: 5.2339 (4.7785)  fam_loss: 3.3640 (3.1175)  manu_loss: 2.4926 (2.2988)  ot_loss: 2.3145 (2.1804)  base_loss: 11.2314 (10.1948)  time: 0.4564  data: 0.2073  max mem: 11382
Epoch: [74] Total time: 0:08:36 (0.5292 s / it)
Averaged stats: lr: 0.000093  sp_loss: 5.2339 (4.7635)  fam_loss: 3.3640 (3.1052)  manu_loss: 2.4926 (2.2894)  ot_loss: 2.3145 (2.1751)  base_loss: 11.2314 (10.1581)
Test:  [  0/391]  eta: 0:55:26  sploss: 1.9003 (1.9003)  famloss: 0.8362 (0.8362)  manuloss: 0.6001 (0.6001)  acc1: 64.0625 (64.0625)  acc5: 84.3750 (84.3750)  family_acc1: 82.4219 (82.4219)  manu_acc1: 89.0625 (89.0625)  time: 8.5080  data: 8.1920  max mem: 11382
Test:  [250/391]  eta: 0:01:21  sploss: 1.7853 (1.8968)  famloss: 0.9271 (0.9600)  manuloss: 0.6509 (0.6640)  acc1: 67.9688 (65.5627)  acc5: 85.5469 (85.3477)  family_acc1: 79.6875 (80.1310)  manu_acc1: 86.7188 (87.3413)  time: 0.5317  data: 0.2908  max mem: 11382
Test:  [390/391]  eta: 0:00:00  sploss: 1.7440 (1.8452)  famloss: 0.8812 (0.9178)  manuloss: 0.5367 (0.6265)  acc1: 68.3594 (66.5830)  acc5: 87.1094 (86.1430)  family_acc1: 81.2500 (81.0770)  manu_acc1: 90.0000 (88.2730)  time: 0.2806  data: 0.1225  max mem: 11382
Test: Total time: 0:03:41 (0.5671 s / it)
* Acc@1 66.581 Acc@5 86.141 family@1 81.071 manu@1 88.266 sploss 1.845 fmloss 0.918 mfloss 0.627
FPA: 60.435% | TICE: 18.383%   
 wAP: 68.506  |  LCA: 61.935   |   Precision and Recall: 78.385%
Accuracy of the network on the 100000 test images: 66.6%
Max accuracy: 66.58%
Epoch: [75]  [  0/976]  eta: 2:08:05  lr: 0.000087  sp_loss: 5.2444 (5.2444)  fam_loss: 3.3690 (3.3690)  manu_loss: 2.4695 (2.4695)  ot_loss: 2.3125 (2.3125)  base_loss: 11.0829 (11.0829)  time: 7.8740  data: 7.5409  max mem: 11382
Epoch: [75]  [250/976]  eta: 0:06:40  lr: 0.000087  sp_loss: 4.8666 (4.7759)  fam_loss: 3.1095 (3.1097)  manu_loss: 2.2576 (2.2921)  ot_loss: 2.1074 (2.1657)  base_loss: 10.2337 (10.1777)  time: 0.4376  data: 0.1650  max mem: 11382
Epoch: [75]  [500/976]  eta: 0:04:17  lr: 0.000087  sp_loss: 4.7290 (4.7494)  fam_loss: 3.0893 (3.0893)  manu_loss: 2.2787 (2.2826)  ot_loss: 2.1387 (2.1588)  base_loss: 10.1091 (10.1213)  time: 0.6003  data: 0.3158  max mem: 11382
Epoch: [75]  [750/976]  eta: 0:02:02  lr: 0.000087  sp_loss: 4.2321 (4.7364)  fam_loss: 2.8474 (3.0810)  manu_loss: 2.0729 (2.2763)  ot_loss: 1.9561 (2.1552)  base_loss: 9.1523 (10.0937)  time: 0.6687  data: 0.3828  max mem: 11382
Epoch: [75]  [975/976]  eta: 0:00:00  lr: 0.000087  sp_loss: 4.9395 (4.7566)  fam_loss: 3.1347 (3.0948)  manu_loss: 2.3816 (2.2837)  ot_loss: 2.1973 (2.1614)  base_loss: 10.4344 (10.1352)  time: 0.4226  data: 0.1683  max mem: 11382
Epoch: [75] Total time: 0:08:46 (0.5390 s / it)
Averaged stats: lr: 0.000087  sp_loss: 4.9395 (4.7719)  fam_loss: 3.1347 (3.1043)  manu_loss: 2.3816 (2.2910)  ot_loss: 2.1973 (2.1672)  base_loss: 10.4344 (10.1672)
Test:  [  0/391]  eta: 0:56:15  sploss: 1.7906 (1.7906)  famloss: 0.7775 (0.7775)  manuloss: 0.5370 (0.5370)  acc1: 65.6250 (65.6250)  acc5: 85.5469 (85.5469)  family_acc1: 83.9844 (83.9844)  manu_acc1: 88.2812 (88.2812)  time: 8.6328  data: 7.9771  max mem: 11382
Test:  [250/391]  eta: 0:01:23  sploss: 1.7143 (1.8190)  famloss: 0.8706 (0.9052)  manuloss: 0.5788 (0.6088)  acc1: 68.3594 (66.1510)  acc5: 86.3281 (85.4971)  family_acc1: 80.8594 (80.5310)  manu_acc1: 87.5000 (87.4720)  time: 0.6740  data: 0.4429  max mem: 11382
Test:  [390/391]  eta: 0:00:00  sploss: 1.6883 (1.7656)  famloss: 0.8183 (0.8616)  manuloss: 0.4811 (0.5701)  acc1: 68.7500 (67.1410)  acc5: 87.5000 (86.2750)  family_acc1: 82.0312 (81.5410)  manu_acc1: 91.0156 (88.4120)  time: 0.6119  data: 0.4482  max mem: 11382
Test: Total time: 0:03:52 (0.5939 s / it)
* Acc@1 67.145 Acc@5 86.273 family@1 81.543 manu@1 88.417 sploss 1.766 fmloss 0.862 mfloss 0.570
FPA: 61.196% | TICE: 17.863%   
 wAP: 69.052  |  LCA: 60.849   |   Precision and Recall: 78.772%
Accuracy of the network on the 100000 test images: 67.1%
Max accuracy: 67.15%
Epoch: [76]  [  0/976]  eta: 2:09:27  lr: 0.000082  sp_loss: 5.7723 (5.7723)  fam_loss: 3.5883 (3.5883)  manu_loss: 2.6097 (2.6097)  ot_loss: 2.3945 (2.3945)  base_loss: 11.9703 (11.9703)  time: 7.9590  data: 7.2215  max mem: 11382
Epoch: [76]  [250/976]  eta: 0:06:41  lr: 0.000082  sp_loss: 4.8814 (4.7762)  fam_loss: 3.1476 (3.1032)  manu_loss: 2.3335 (2.2891)  ot_loss: 2.2012 (2.1683)  base_loss: 10.4113 (10.1685)  time: 0.4113  data: 0.1446  max mem: 11382
Epoch: [76]  [500/976]  eta: 0:04:19  lr: 0.000082  sp_loss: 5.0852 (4.7705)  fam_loss: 3.2308 (3.1009)  manu_loss: 2.3607 (2.2883)  ot_loss: 2.2363 (2.1674)  base_loss: 10.6256 (10.1597)  time: 0.5798  data: 0.3159  max mem: 11382
Epoch: [76]  [750/976]  eta: 0:02:02  lr: 0.000082  sp_loss: 4.8924 (4.7891)  fam_loss: 3.2754 (3.1139)  manu_loss: 2.3809 (2.2980)  ot_loss: 2.2168 (2.1704)  base_loss: 10.5748 (10.2010)  time: 0.6633  data: 0.3915  max mem: 11382
Epoch: [76]  [975/976]  eta: 0:00:00  lr: 0.000082  sp_loss: 4.8356 (4.7753)  fam_loss: 3.1714 (3.1053)  manu_loss: 2.3544 (2.2918)  ot_loss: 2.1328 (2.1655)  base_loss: 10.3943 (10.1724)  time: 0.3806  data: 0.1433  max mem: 11382
Epoch: [76] Total time: 0:08:43 (0.5368 s / it)
Averaged stats: lr: 0.000082  sp_loss: 4.8356 (4.7644)  fam_loss: 3.1714 (3.0981)  manu_loss: 2.3544 (2.2855)  ot_loss: 2.1328 (2.1609)  base_loss: 10.3943 (10.1479)
Test:  [  0/391]  eta: 0:52:56  sploss: 1.8754 (1.8754)  famloss: 0.8338 (0.8338)  manuloss: 0.5705 (0.5705)  acc1: 66.4062 (66.4062)  acc5: 84.3750 (84.3750)  family_acc1: 83.5938 (83.5938)  manu_acc1: 89.4531 (89.4531)  time: 8.1244  data: 7.7488  max mem: 11382
Test:  [250/391]  eta: 0:01:18  sploss: 1.7813 (1.8787)  famloss: 0.9379 (0.9580)  manuloss: 0.6261 (0.6648)  acc1: 67.9688 (65.8133)  acc5: 85.9375 (85.4379)  family_acc1: 80.0781 (80.4828)  manu_acc1: 87.1094 (87.4035)  time: 0.4271  data: 0.2055  max mem: 11382
Test:  [390/391]  eta: 0:00:00  sploss: 1.7197 (1.8258)  famloss: 0.8626 (0.9164)  manuloss: 0.5222 (0.6275)  acc1: 67.1875 (66.8420)  acc5: 87.5000 (86.2450)  family_acc1: 82.4219 (81.3980)  manu_acc1: 90.6250 (88.3700)  time: 0.5668  data: 0.3868  max mem: 11382
Test: Total time: 0:03:37 (0.5574 s / it)
* Acc@1 66.839 Acc@5 86.245 family@1 81.402 manu@1 88.376 sploss 1.826 fmloss 0.916 mfloss 0.627
FPA: 60.806% | TICE: 18.163%   
 wAP: 68.768  |  LCA: 61.464   |   Precision and Recall: 78.564%
Accuracy of the network on the 100000 test images: 66.8%
Max accuracy: 67.15%
Epoch: [77]  [  0/976]  eta: 2:30:48  lr: 0.000076  sp_loss: 5.2241 (5.2241)  fam_loss: 3.3631 (3.3631)  manu_loss: 2.5272 (2.5272)  ot_loss: 2.3203 (2.3203)  base_loss: 11.1144 (11.1144)  time: 9.2715  data: 8.4324  max mem: 11382
Epoch: [77]  [250/976]  eta: 0:06:43  lr: 0.000076  sp_loss: 4.9047 (4.7627)  fam_loss: 3.1818 (3.0863)  manu_loss: 2.3237 (2.2822)  ot_loss: 2.2051 (2.1606)  base_loss: 10.3915 (10.1311)  time: 0.4228  data: 0.1417  max mem: 11382
Epoch: [77]  [500/976]  eta: 0:04:18  lr: 0.000076  sp_loss: 4.8761 (4.7981)  fam_loss: 3.1384 (3.1158)  manu_loss: 2.3139 (2.3024)  ot_loss: 2.1621 (2.1683)  base_loss: 10.3404 (10.2164)  time: 0.5001  data: 0.2298  max mem: 11382
Epoch: [77]  [750/976]  eta: 0:02:01  lr: 0.000076  sp_loss: 4.6232 (4.7886)  fam_loss: 3.0802 (3.1115)  manu_loss: 2.3234 (2.2968)  ot_loss: 2.1211 (2.1665)  base_loss: 9.9905 (10.1969)  time: 0.4304  data: 0.0526  max mem: 11382
Epoch: [77]  [975/976]  eta: 0:00:00  lr: 0.000076  sp_loss: 5.1378 (4.7755)  fam_loss: 3.3216 (3.1041)  manu_loss: 2.4464 (2.2904)  ot_loss: 2.2617 (2.1628)  base_loss: 10.9058 (10.1701)  time: 0.5454  data: 0.0001  max mem: 11382
Epoch: [77] Total time: 0:08:45 (0.5382 s / it)
Averaged stats: lr: 0.000076  sp_loss: 5.1378 (4.7340)  fam_loss: 3.3216 (3.0794)  manu_loss: 2.4464 (2.2725)  ot_loss: 2.2617 (2.1496)  base_loss: 10.9058 (10.0859)
Test:  [  0/391]  eta: 0:57:23  sploss: 1.8520 (1.8520)  famloss: 0.8808 (0.8808)  manuloss: 0.6392 (0.6392)  acc1: 67.5781 (67.5781)  acc5: 86.7188 (86.7188)  family_acc1: 83.2031 (83.2031)  manu_acc1: 88.6719 (88.6719)  time: 8.8060  data: 8.4369  max mem: 11382
Test:  [250/391]  eta: 0:01:20  sploss: 1.8554 (1.9429)  famloss: 0.9858 (1.0102)  manuloss: 0.7113 (0.7224)  acc1: 67.1875 (65.3371)  acc5: 85.5469 (85.0084)  family_acc1: 79.6875 (80.0019)  manu_acc1: 86.3281 (87.1156)  time: 0.4926  data: 0.2632  max mem: 11382
Test:  [390/391]  eta: 0:00:00  sploss: 1.7885 (1.8923)  famloss: 0.9368 (0.9690)  manuloss: 0.5827 (0.6857)  acc1: 67.5781 (66.3000)  acc5: 87.1094 (85.7620)  family_acc1: 82.0312 (80.9720)  manu_acc1: 90.6250 (88.0560)  time: 0.5721  data: 0.4050  max mem: 11382
Test: Total time: 0:03:40 (0.5631 s / it)
* Acc@1 66.295 Acc@5 85.761 family@1 80.975 manu@1 88.067 sploss 1.892 fmloss 0.969 mfloss 0.686
FPA: 60.189% | TICE: 18.686%   
 wAP: 68.241  |  LCA: 62.897   |   Precision and Recall: 78.087%
Accuracy of the network on the 100000 test images: 66.3%
Max accuracy: 67.15%
Epoch: [78]  [  0/976]  eta: 2:15:54  lr: 0.000071  sp_loss: 5.8381 (5.8381)  fam_loss: 3.7256 (3.7256)  manu_loss: 2.7753 (2.7753)  ot_loss: 2.5332 (2.5332)  base_loss: 12.3389 (12.3389)  time: 8.3550  data: 7.9508  max mem: 11382
Epoch: [78]  [250/976]  eta: 0:06:42  lr: 0.000071  sp_loss: 4.4507 (4.6753)  fam_loss: 2.9522 (3.0460)  manu_loss: 2.2327 (2.2456)  ot_loss: 2.0293 (2.1268)  base_loss: 9.6778 (9.9669)  time: 0.4217  data: 0.1333  max mem: 11382
Epoch: [78]  [500/976]  eta: 0:04:17  lr: 0.000071  sp_loss: 4.8384 (4.6991)  fam_loss: 3.0773 (3.0609)  manu_loss: 2.3109 (2.2620)  ot_loss: 2.1953 (2.1343)  base_loss: 10.1871 (10.0220)  time: 0.4182  data: 0.1438  max mem: 11382
Epoch: [78]  [750/976]  eta: 0:02:00  lr: 0.000071  sp_loss: 5.3529 (4.7304)  fam_loss: 3.5102 (3.0821)  manu_loss: 2.5830 (2.2774)  ot_loss: 2.3633 (2.1451)  base_loss: 11.5973 (10.0899)  time: 0.5448  data: 0.2822  max mem: 11382
Epoch: [78]  [975/976]  eta: 0:00:00  lr: 0.000071  sp_loss: 5.0754 (4.7377)  fam_loss: 3.2549 (3.0831)  manu_loss: 2.4172 (2.2781)  ot_loss: 2.2344 (2.1454)  base_loss: 10.7795 (10.0989)  time: 0.4982  data: 0.0001  max mem: 11382
Epoch: [78] Total time: 0:08:40 (0.5336 s / it)
Averaged stats: lr: 0.000071  sp_loss: 5.0754 (4.7312)  fam_loss: 3.2549 (3.0790)  manu_loss: 2.4172 (2.2752)  ot_loss: 2.2344 (2.1447)  base_loss: 10.7795 (10.0854)
Test:  [  0/391]  eta: 0:50:40  sploss: 1.7807 (1.7807)  famloss: 0.7694 (0.7694)  manuloss: 0.5634 (0.5634)  acc1: 67.1875 (67.1875)  acc5: 86.7188 (86.7188)  family_acc1: 85.1562 (85.1562)  manu_acc1: 90.2344 (90.2344)  time: 7.7775  data: 7.4138  max mem: 11382
Test:  [250/391]  eta: 0:01:19  sploss: 1.7236 (1.8033)  famloss: 0.8621 (0.8990)  manuloss: 0.5936 (0.6128)  acc1: 67.9688 (66.7689)  acc5: 86.3281 (85.9328)  family_acc1: 80.4688 (80.9745)  manu_acc1: 87.1094 (87.9155)  time: 0.4147  data: 0.1900  max mem: 11382
Test:  [390/391]  eta: 0:00:00  sploss: 1.6651 (1.7516)  famloss: 0.8029 (0.8595)  manuloss: 0.4904 (0.5773)  acc1: 69.1406 (67.7470)  acc5: 87.5000 (86.7100)  family_acc1: 83.5938 (81.9140)  manu_acc1: 91.0156 (88.8040)  time: 0.4521  data: 0.2707  max mem: 11382
Test: Total time: 0:03:35 (0.5519 s / it)
* Acc@1 67.742 Acc@5 86.710 family@1 81.909 manu@1 88.805 sploss 1.752 fmloss 0.860 mfloss 0.577
FPA: 61.748% | TICE: 17.537%   
 wAP: 69.621  |  LCA: 59.465   |   Precision and Recall: 79.245%
Accuracy of the network on the 100000 test images: 67.7%
Max accuracy: 67.74%
Epoch: [79]  [  0/976]  eta: 2:19:35  lr: 0.000066  sp_loss: 4.1271 (4.1271)  fam_loss: 2.7792 (2.7792)  manu_loss: 2.0725 (2.0725)  ot_loss: 1.9043 (1.9043)  base_loss: 8.9788 (8.9788)  time: 8.5818  data: 7.8457  max mem: 11382
Epoch: [79]  [250/976]  eta: 0:06:40  lr: 0.000066  sp_loss: 4.9745 (4.8083)  fam_loss: 3.3553 (3.1240)  manu_loss: 2.4683 (2.3082)  ot_loss: 2.2363 (2.1644)  base_loss: 10.7619 (10.2405)  time: 0.4179  data: 0.0998  max mem: 11382
Epoch: [79]  [500/976]  eta: 0:04:18  lr: 0.000066  sp_loss: 5.0741 (4.7418)  fam_loss: 3.2431 (3.0861)  manu_loss: 2.3696 (2.2785)  ot_loss: 2.2773 (2.1437)  base_loss: 10.9140 (10.1064)  time: 0.5868  data: 0.3148  max mem: 11382
Epoch: [79]  [750/976]  eta: 0:02:03  lr: 0.000066  sp_loss: 4.9200 (4.7098)  fam_loss: 3.1807 (3.0670)  manu_loss: 2.3071 (2.2616)  ot_loss: 2.1582 (2.1349)  base_loss: 10.4079 (10.0384)  time: 0.6428  data: 0.2816  max mem: 11382
Epoch: [79]  [975/976]  eta: 0:00:00  lr: 0.000066  sp_loss: 4.7893 (4.7129)  fam_loss: 3.1054 (3.0670)  manu_loss: 2.2864 (2.2614)  ot_loss: 2.1035 (2.1360)  base_loss: 10.2268 (10.0412)  time: 0.4491  data: 0.2090  max mem: 11382
Epoch: [79] Total time: 0:08:48 (0.5411 s / it)
Averaged stats: lr: 0.000066  sp_loss: 4.7893 (4.7200)  fam_loss: 3.1054 (3.0684)  manu_loss: 2.2864 (2.2627)  ot_loss: 2.1035 (2.1371)  base_loss: 10.2268 (10.0511)
Test:  [  0/391]  eta: 0:48:14  sploss: 1.7955 (1.7955)  famloss: 0.7819 (0.7819)  manuloss: 0.5521 (0.5521)  acc1: 64.0625 (64.0625)  acc5: 84.7656 (84.7656)  family_acc1: 85.1562 (85.1562)  manu_acc1: 90.6250 (90.6250)  time: 7.4017  data: 7.0807  max mem: 11382
Test:  [250/391]  eta: 0:01:18  sploss: 1.7356 (1.8088)  famloss: 0.8787 (0.9051)  manuloss: 0.5980 (0.6203)  acc1: 69.1406 (66.5946)  acc5: 85.9375 (85.8223)  family_acc1: 82.0312 (80.9170)  manu_acc1: 87.8906 (87.8330)  time: 0.4930  data: 0.2612  max mem: 11382
Test:  [390/391]  eta: 0:00:00  sploss: 1.6658 (1.7572)  famloss: 0.8238 (0.8652)  manuloss: 0.4826 (0.5842)  acc1: 69.5312 (67.5810)  acc5: 87.8906 (86.6060)  family_acc1: 82.0312 (81.8380)  manu_acc1: 90.6250 (88.7380)  time: 0.4648  data: 0.3094  max mem: 11382
Test: Total time: 0:03:33 (0.5472 s / it)
* Acc@1 67.579 Acc@5 86.609 family@1 81.838 manu@1 88.737 sploss 1.757 fmloss 0.865 mfloss 0.584
FPA: 61.717% | TICE: 17.580%   
 wAP: 69.469  |  LCA: 60.012   |   Precision and Recall: 79.067%
Accuracy of the network on the 100000 test images: 67.6%
Max accuracy: 67.74%
Epoch: [80]  [  0/976]  eta: 2:05:36  lr: 0.000061  sp_loss: 3.1788 (3.1788)  fam_loss: 2.0632 (2.0632)  manu_loss: 1.4860 (1.4860)  ot_loss: 1.7188 (1.7188)  base_loss: 6.7280 (6.7280)  time: 7.7219  data: 7.2165  max mem: 11382
Epoch: [80]  [250/976]  eta: 0:06:35  lr: 0.000061  sp_loss: 5.0905 (4.7300)  fam_loss: 3.3240 (3.0754)  manu_loss: 2.4122 (2.2667)  ot_loss: 2.2676 (2.1324)  base_loss: 10.9246 (10.0721)  time: 0.5480  data: 0.2258  max mem: 11382
Epoch: [80]  [500/976]  eta: 0:04:19  lr: 0.000061  sp_loss: 5.0925 (4.6893)  fam_loss: 3.1937 (3.0517)  manu_loss: 2.3995 (2.2537)  ot_loss: 2.2090 (2.1239)  base_loss: 10.7330 (9.9948)  time: 0.5827  data: 0.0010  max mem: 11382
Epoch: [80]  [750/976]  eta: 0:02:04  lr: 0.000061  sp_loss: 4.4152 (4.6931)  fam_loss: 2.8997 (3.0525)  manu_loss: 2.2169 (2.2544)  ot_loss: 2.0566 (2.1257)  base_loss: 9.5318 (10.0000)  time: 0.5848  data: 0.0007  max mem: 11382
Epoch: [80]  [975/976]  eta: 0:00:00  lr: 0.000061  sp_loss: 4.9490 (4.6918)  fam_loss: 3.1029 (3.0515)  manu_loss: 2.2551 (2.2530)  ot_loss: 2.1660 (2.1238)  base_loss: 10.3538 (9.9963)  time: 0.3759  data: 0.0001  max mem: 11382
Epoch: [80] Total time: 0:08:51 (0.5442 s / it)
Averaged stats: lr: 0.000061  sp_loss: 4.9490 (4.6904)  fam_loss: 3.1029 (3.0507)  manu_loss: 2.2551 (2.2514)  ot_loss: 2.1660 (2.1242)  base_loss: 10.3538 (9.9925)
Test:  [  0/391]  eta: 0:52:23  sploss: 1.7647 (1.7647)  famloss: 0.7987 (0.7987)  manuloss: 0.5667 (0.5667)  acc1: 66.4062 (66.4062)  acc5: 85.1562 (85.1562)  family_acc1: 82.8125 (82.8125)  manu_acc1: 89.8438 (89.8438)  time: 8.0399  data: 7.5694  max mem: 11382
Test:  [250/391]  eta: 0:01:18  sploss: 1.7180 (1.8056)  famloss: 0.8681 (0.9008)  manuloss: 0.5935 (0.6221)  acc1: 68.7500 (67.0132)  acc5: 86.3281 (86.0449)  family_acc1: 82.0312 (81.2998)  manu_acc1: 88.2812 (87.9389)  time: 0.3966  data: 0.1869  max mem: 11382
Test:  [390/391]  eta: 0:00:00  sploss: 1.6537 (1.7539)  famloss: 0.8162 (0.8607)  manuloss: 0.4945 (0.5855)  acc1: 69.9219 (67.9430)  acc5: 88.2812 (86.8380)  family_acc1: 83.9844 (82.2310)  manu_acc1: 90.6250 (88.8570)  time: 0.4761  data: 0.3076  max mem: 11382
Test: Total time: 0:03:34 (0.5496 s / it)
* Acc@1 67.940 Acc@5 86.840 family@1 82.231 manu@1 88.857 sploss 1.754 fmloss 0.861 mfloss 0.585
FPA: 62.254% | TICE: 17.153%   
 wAP: 69.828  |  LCA: 59.213   |   Precision and Recall: 79.326%
Accuracy of the network on the 100000 test images: 67.9%
Max accuracy: 67.94%
Epoch: [81]  [  0/976]  eta: 1:58:26  lr: 0.000057  sp_loss: 4.2765 (4.2765)  fam_loss: 2.7397 (2.7397)  manu_loss: 1.9932 (1.9932)  ot_loss: 1.9277 (1.9277)  base_loss: 9.0094 (9.0094)  time: 7.2813  data: 6.9277  max mem: 11382
Epoch: [81]  [250/976]  eta: 0:06:46  lr: 0.000057  sp_loss: 4.8282 (4.7199)  fam_loss: 3.1842 (3.0665)  manu_loss: 2.3504 (2.2688)  ot_loss: 2.1406 (2.1271)  base_loss: 10.3628 (10.0552)  time: 0.4524  data: 0.1793  max mem: 11382
Epoch: [81]  [500/976]  eta: 0:04:24  lr: 0.000057  sp_loss: 4.3260 (4.7152)  fam_loss: 2.8244 (3.0666)  manu_loss: 2.1025 (2.2655)  ot_loss: 1.9922 (2.1294)  base_loss: 9.2206 (10.0474)  time: 0.4944  data: 0.1280  max mem: 11382
Epoch: [81]  [750/976]  eta: 0:02:08  lr: 0.000057  sp_loss: 5.2655 (4.6897)  fam_loss: 3.4315 (3.0495)  manu_loss: 2.4930 (2.2522)  ot_loss: 2.3047 (2.1199)  base_loss: 11.2636 (9.9913)  time: 0.6617  data: 0.2275  max mem: 11382
Epoch: [81]  [975/976]  eta: 0:00:00  lr: 0.000057  sp_loss: 4.7259 (4.6989)  fam_loss: 3.1371 (3.0549)  manu_loss: 2.3030 (2.2564)  ot_loss: 2.1328 (2.1228)  base_loss: 10.1167 (10.0102)  time: 0.4865  data: 0.2511  max mem: 11382
Epoch: [81] Total time: 0:09:12 (0.5657 s / it)
Averaged stats: lr: 0.000057  sp_loss: 4.7259 (4.6896)  fam_loss: 3.1371 (3.0514)  manu_loss: 2.3030 (2.2515)  ot_loss: 2.1328 (2.1203)  base_loss: 10.1167 (9.9925)
Test:  [  0/391]  eta: 0:52:24  sploss: 1.7924 (1.7924)  famloss: 0.7983 (0.7983)  manuloss: 0.5597 (0.5597)  acc1: 65.6250 (65.6250)  acc5: 85.9375 (85.9375)  family_acc1: 83.5938 (83.5938)  manu_acc1: 90.6250 (90.6250)  time: 8.0420  data: 7.4653  max mem: 11382
Test:  [250/391]  eta: 0:01:19  sploss: 1.7498 (1.8147)  famloss: 0.8834 (0.9104)  manuloss: 0.6212 (0.6320)  acc1: 69.1406 (67.1564)  acc5: 86.3281 (86.1211)  family_acc1: 81.6406 (81.2687)  manu_acc1: 87.1094 (87.9482)  time: 0.4199  data: 0.2000  max mem: 11382
Test:  [390/391]  eta: 0:00:00  sploss: 1.6672 (1.7630)  famloss: 0.8322 (0.8701)  manuloss: 0.5091 (0.5959)  acc1: 69.9219 (68.0660)  acc5: 87.8906 (86.9110)  family_acc1: 83.5938 (82.2310)  manu_acc1: 91.4062 (88.8670)  time: 0.4698  data: 0.2935  max mem: 11382
Test: Total time: 0:03:35 (0.5516 s / it)
* Acc@1 68.070 Acc@5 86.908 family@1 82.236 manu@1 88.864 sploss 1.763 fmloss 0.870 mfloss 0.596
FPA: 62.292% | TICE: 17.153%   
 wAP: 69.942  |  LCA: 58.888   |   Precision and Recall: 79.445%
Accuracy of the network on the 100000 test images: 68.1%
Max accuracy: 68.07%
Epoch: [82]  [  0/976]  eta: 2:04:44  lr: 0.000052  sp_loss: 3.7121 (3.7121)  fam_loss: 2.5431 (2.5431)  manu_loss: 1.8904 (1.8904)  ot_loss: 1.9150 (1.9150)  base_loss: 8.1455 (8.1455)  time: 7.6683  data: 6.8796  max mem: 11382
Epoch: [82]  [250/976]  eta: 0:06:37  lr: 0.000052  sp_loss: 4.6962 (4.6273)  fam_loss: 3.0549 (3.0123)  manu_loss: 2.2810 (2.2301)  ot_loss: 2.0645 (2.1042)  base_loss: 10.0300 (9.8698)  time: 0.4273  data: 0.1070  max mem: 11382
Epoch: [82]  [500/976]  eta: 0:04:15  lr: 0.000052  sp_loss: 4.8189 (4.6520)  fam_loss: 3.1232 (3.0221)  manu_loss: 2.3218 (2.2356)  ot_loss: 2.1309 (2.1089)  base_loss: 10.2358 (9.9097)  time: 0.5776  data: 0.1880  max mem: 11382
Epoch: [82]  [750/976]  eta: 0:02:00  lr: 0.000052  sp_loss: 4.5593 (4.6575)  fam_loss: 2.8826 (3.0240)  manu_loss: 2.1971 (2.2363)  ot_loss: 2.0078 (2.1099)  base_loss: 9.6191 (9.9177)  time: 0.5085  data: 0.1492  max mem: 11382
Epoch: [82]  [975/976]  eta: 0:00:00  lr: 0.000052  sp_loss: 4.9357 (4.6955)  fam_loss: 3.2451 (3.0484)  manu_loss: 2.3438 (2.2544)  ot_loss: 2.1973 (2.1212)  base_loss: 10.5416 (9.9983)  time: 0.5475  data: 0.0164  max mem: 11382
Epoch: [82] Total time: 0:08:43 (0.5368 s / it)
Averaged stats: lr: 0.000052  sp_loss: 4.9357 (4.6870)  fam_loss: 3.2451 (3.0444)  manu_loss: 2.3438 (2.2506)  ot_loss: 2.1973 (2.1171)  base_loss: 10.5416 (9.9819)
Test:  [  0/391]  eta: 0:51:44  sploss: 1.8172 (1.8172)  famloss: 0.8343 (0.8343)  manuloss: 0.6154 (0.6154)  acc1: 69.1406 (69.1406)  acc5: 85.1562 (85.1562)  family_acc1: 82.8125 (82.8125)  manu_acc1: 88.2812 (88.2812)  time: 7.9387  data: 7.5584  max mem: 11382
Test:  [250/391]  eta: 0:01:19  sploss: 1.7822 (1.8482)  famloss: 0.9127 (0.9315)  manuloss: 0.6350 (0.6580)  acc1: 68.3594 (67.0614)  acc5: 85.9375 (85.9889)  family_acc1: 80.4688 (81.2049)  manu_acc1: 87.5000 (87.9575)  time: 0.4475  data: 0.2048  max mem: 11382
Test:  [390/391]  eta: 0:00:00  sploss: 1.7036 (1.7970)  famloss: 0.8522 (0.8916)  manuloss: 0.5279 (0.6219)  acc1: 69.9219 (67.9970)  acc5: 88.2812 (86.7940)  family_acc1: 83.2031 (82.0960)  manu_acc1: 91.7969 (88.8720)  time: 0.4720  data: 0.3070  max mem: 11382
Test: Total time: 0:03:36 (0.5546 s / it)
* Acc@1 67.998 Acc@5 86.791 family@1 82.093 manu@1 88.873 sploss 1.797 fmloss 0.892 mfloss 0.622
FPA: 62.217% | TICE: 17.216%   
 wAP: 69.865  |  LCA: 59.304   |   Precision and Recall: 79.316%
Accuracy of the network on the 100000 test images: 68.0%
Max accuracy: 68.07%
Epoch: [83]  [  0/976]  eta: 2:31:05  lr: 0.000048  sp_loss: 5.5251 (5.5251)  fam_loss: 3.5199 (3.5199)  manu_loss: 2.5625 (2.5625)  ot_loss: 2.3672 (2.3672)  base_loss: 11.6075 (11.6075)  time: 9.2881  data: 8.0200  max mem: 11382
Epoch: [83]  [250/976]  eta: 0:06:40  lr: 0.000048  sp_loss: 4.7571 (4.6300)  fam_loss: 3.1056 (3.0127)  manu_loss: 2.2778 (2.2326)  ot_loss: 2.1016 (2.0935)  base_loss: 10.1289 (9.8753)  time: 0.4171  data: 0.1444  max mem: 11382
Epoch: [83]  [500/976]  eta: 0:04:22  lr: 0.000048  sp_loss: 4.4152 (4.6114)  fam_loss: 2.9079 (3.0007)  manu_loss: 2.1678 (2.2207)  ot_loss: 1.9971 (2.0909)  base_loss: 9.4988 (9.8328)  time: 0.5823  data: 0.1918  max mem: 11382
Epoch: [83]  [750/976]  eta: 0:02:07  lr: 0.000048  sp_loss: 4.6529 (4.6320)  fam_loss: 2.9099 (3.0120)  manu_loss: 2.1551 (2.2277)  ot_loss: 2.0312 (2.0960)  base_loss: 9.7179 (9.8716)  time: 0.6324  data: 0.3159  max mem: 11382
Epoch: [83]  [975/976]  eta: 0:00:00  lr: 0.000048  sp_loss: 4.9100 (4.6585)  fam_loss: 3.1476 (3.0265)  manu_loss: 2.3353 (2.2375)  ot_loss: 2.1504 (2.1039)  base_loss: 10.4303 (9.9225)  time: 0.3444  data: 0.1030  max mem: 11382
Epoch: [83] Total time: 0:09:06 (0.5598 s / it)
Averaged stats: lr: 0.000048  sp_loss: 4.9100 (4.6715)  fam_loss: 3.1476 (3.0349)  manu_loss: 2.3353 (2.2432)  ot_loss: 2.1504 (2.1072)  base_loss: 10.4303 (9.9497)
Test:  [  0/391]  eta: 0:55:58  sploss: 1.8321 (1.8321)  famloss: 0.8625 (0.8625)  manuloss: 0.6452 (0.6452)  acc1: 66.7969 (66.7969)  acc5: 85.5469 (85.5469)  family_acc1: 83.5938 (83.5938)  manu_acc1: 88.6719 (88.6719)  time: 8.5891  data: 7.9607  max mem: 11382
Test:  [250/391]  eta: 0:01:19  sploss: 1.7731 (1.8458)  famloss: 0.9113 (0.9454)  manuloss: 0.6510 (0.6714)  acc1: 68.7500 (67.1019)  acc5: 86.7188 (86.0698)  family_acc1: 82.0312 (81.1068)  manu_acc1: 87.5000 (87.8688)  time: 0.4125  data: 0.1995  max mem: 11382
Test:  [390/391]  eta: 0:00:00  sploss: 1.6963 (1.7933)  famloss: 0.8530 (0.9061)  manuloss: 0.5312 (0.6352)  acc1: 68.7500 (67.9750)  acc5: 88.2812 (86.8490)  family_acc1: 83.5938 (82.0620)  manu_acc1: 91.7969 (88.8010)  time: 0.4455  data: 0.2826  max mem: 11382
Test: Total time: 0:03:36 (0.5549 s / it)
* Acc@1 67.976 Acc@5 86.849 family@1 82.058 manu@1 88.798 sploss 1.793 fmloss 0.906 mfloss 0.635
FPA: 62.160% | TICE: 17.289%   
 wAP: 69.841  |  LCA: 59.198   |   Precision and Recall: 79.346%
Accuracy of the network on the 100000 test images: 68.0%
Max accuracy: 68.07%
Epoch: [84]  [  0/976]  eta: 2:24:11  lr: 0.000044  sp_loss: 3.6751 (3.6751)  fam_loss: 2.5302 (2.5302)  manu_loss: 1.9086 (1.9086)  ot_loss: 1.7705 (1.7705)  base_loss: 8.1138 (8.1138)  time: 8.8640  data: 8.4322  max mem: 11382
Epoch: [84]  [250/976]  eta: 0:06:42  lr: 0.000044  sp_loss: 4.9941 (4.7492)  fam_loss: 3.2086 (3.0860)  manu_loss: 2.3526 (2.2828)  ot_loss: 2.1855 (2.1274)  base_loss: 10.5303 (10.1181)  time: 0.4161  data: 0.0992  max mem: 11382
Epoch: [84]  [500/976]  eta: 0:04:17  lr: 0.000044  sp_loss: 4.2140 (4.6950)  fam_loss: 2.7834 (3.0486)  manu_loss: 1.9999 (2.2549)  ot_loss: 1.8584 (2.1104)  base_loss: 8.9973 (9.9986)  time: 0.5676  data: 0.2357  max mem: 11382
Epoch: [84]  [750/976]  eta: 0:02:02  lr: 0.000044  sp_loss: 4.8361 (4.7103)  fam_loss: 3.1051 (3.0584)  manu_loss: 2.3208 (2.2601)  ot_loss: 2.1855 (2.1159)  base_loss: 10.2611 (10.0288)  time: 0.5701  data: 0.1175  max mem: 11382
Epoch: [84]  [975/976]  eta: 0:00:00  lr: 0.000044  sp_loss: 4.7965 (4.7052)  fam_loss: 3.0774 (3.0556)  manu_loss: 2.2549 (2.2562)  ot_loss: 2.0820 (2.1141)  base_loss: 10.0912 (10.0170)  time: 0.4434  data: 0.0779  max mem: 11382
Epoch: [84] Total time: 0:08:44 (0.5378 s / it)
Averaged stats: lr: 0.000044  sp_loss: 4.7965 (4.7168)  fam_loss: 3.0774 (3.0628)  manu_loss: 2.2549 (2.2605)  ot_loss: 2.0820 (2.1177)  base_loss: 10.0912 (10.0400)
Test:  [  0/391]  eta: 0:50:02  sploss: 1.7819 (1.7819)  famloss: 0.8083 (0.8083)  manuloss: 0.5923 (0.5923)  acc1: 64.8438 (64.8438)  acc5: 86.7188 (86.7188)  family_acc1: 85.5469 (85.5469)  manu_acc1: 90.2344 (90.2344)  time: 7.6796  data: 7.0305  max mem: 11382
Test:  [250/391]  eta: 0:01:19  sploss: 1.7278 (1.8039)  famloss: 0.8760 (0.9114)  manuloss: 0.6296 (0.6366)  acc1: 69.5312 (67.3556)  acc5: 86.7188 (86.1289)  family_acc1: 81.2500 (81.4274)  manu_acc1: 87.8906 (88.0416)  time: 0.4147  data: 0.1827  max mem: 11382
Test:  [390/391]  eta: 0:00:00  sploss: 1.6612 (1.7523)  famloss: 0.8334 (0.8722)  manuloss: 0.5091 (0.6009)  acc1: 69.5312 (68.2990)  acc5: 88.2812 (86.9150)  family_acc1: 82.4219 (82.3470)  manu_acc1: 91.4062 (88.9500)  time: 0.6038  data: 0.3909  max mem: 11382
Test: Total time: 0:03:44 (0.5737 s / it)
* Acc@1 68.297 Acc@5 86.916 family@1 82.342 manu@1 88.950 sploss 1.752 fmloss 0.872 mfloss 0.601
FPA: 62.638% | TICE: 17.012%   
 wAP: 70.155  |  LCA: 58.618   |   Precision and Recall: 79.568%
Accuracy of the network on the 100000 test images: 68.3%
Max accuracy: 68.30%
Epoch: [85]  [  0/976]  eta: 2:32:40  lr: 0.000040  sp_loss: 4.9254 (4.9254)  fam_loss: 3.2236 (3.2236)  manu_loss: 2.4379 (2.4379)  ot_loss: 2.2168 (2.2168)  base_loss: 10.5869 (10.5869)  time: 9.3859  data: 8.8883  max mem: 11382
Epoch: [85]  [250/976]  eta: 0:07:00  lr: 0.000040  sp_loss: 5.1667 (4.6662)  fam_loss: 3.3123 (3.0345)  manu_loss: 2.4121 (2.2371)  ot_loss: 2.2539 (2.0969)  base_loss: 10.9322 (9.9378)  time: 0.4386  data: 0.1577  max mem: 11382
Epoch: [85]  [500/976]  eta: 0:04:27  lr: 0.000040  sp_loss: 4.9778 (4.6490)  fam_loss: 3.1788 (3.0208)  manu_loss: 2.3707 (2.2288)  ot_loss: 2.1934 (2.0891)  base_loss: 10.5199 (9.8986)  time: 0.4272  data: 0.1454  max mem: 11382
Epoch: [85]  [750/976]  eta: 0:02:04  lr: 0.000040  sp_loss: 4.9636 (4.6765)  fam_loss: 3.0800 (3.0328)  manu_loss: 2.3061 (2.2389)  ot_loss: 2.1445 (2.0974)  base_loss: 10.4719 (9.9482)  time: 0.5900  data: 0.3223  max mem: 11382
Epoch: [85]  [975/976]  eta: 0:00:00  lr: 0.000040  sp_loss: 4.8215 (4.6762)  fam_loss: 3.0980 (3.0325)  manu_loss: 2.2145 (2.2402)  ot_loss: 2.1348 (2.0992)  base_loss: 10.1341 (9.9489)  time: 0.4611  data: 0.0001  max mem: 11382
Epoch: [85] Total time: 0:08:53 (0.5469 s / it)
Averaged stats: lr: 0.000040  sp_loss: 4.8215 (4.6780)  fam_loss: 3.0980 (3.0357)  manu_loss: 2.2145 (2.2422)  ot_loss: 2.1348 (2.1009)  base_loss: 10.1341 (9.9560)
Test:  [  0/391]  eta: 0:54:47  sploss: 1.7697 (1.7697)  famloss: 0.7993 (0.7993)  manuloss: 0.5788 (0.5788)  acc1: 67.9688 (67.9688)  acc5: 85.9375 (85.9375)  family_acc1: 83.9844 (83.9844)  manu_acc1: 89.4531 (89.4531)  time: 8.4077  data: 8.0211  max mem: 11382
Test:  [250/391]  eta: 0:01:18  sploss: 1.7227 (1.7929)  famloss: 0.8529 (0.9008)  manuloss: 0.6043 (0.6321)  acc1: 69.5312 (67.4692)  acc5: 86.7188 (86.4277)  family_acc1: 81.6406 (81.6157)  manu_acc1: 87.8906 (88.2797)  time: 0.3875  data: 0.1802  max mem: 11382
Test:  [390/391]  eta: 0:00:00  sploss: 1.6428 (1.7407)  famloss: 0.8283 (0.8612)  manuloss: 0.5003 (0.5964)  acc1: 69.9219 (68.5430)  acc5: 88.2812 (87.2060)  family_acc1: 83.2031 (82.5230)  manu_acc1: 91.7969 (89.1950)  time: 0.4508  data: 0.2876  max mem: 11382
Test: Total time: 0:03:34 (0.5489 s / it)
* Acc@1 68.540 Acc@5 87.203 family@1 82.525 manu@1 89.200 sploss 1.741 fmloss 0.861 mfloss 0.596
FPA: 62.896% | TICE: 16.830%   
 wAP: 70.392  |  LCA: 58.047   |   Precision and Recall: 79.759%
Accuracy of the network on the 100000 test images: 68.5%
Max accuracy: 68.54%
Epoch: [86]  [  0/976]  eta: 2:09:31  lr: 0.000037  sp_loss: 5.0362 (5.0362)  fam_loss: 3.1990 (3.1990)  manu_loss: 2.4143 (2.4143)  ot_loss: 2.1836 (2.1836)  base_loss: 10.6496 (10.6496)  time: 7.9629  data: 7.0672  max mem: 11382
Epoch: [86]  [250/976]  eta: 0:06:33  lr: 0.000037  sp_loss: 4.8896 (4.6729)  fam_loss: 3.1594 (3.0368)  manu_loss: 2.3268 (2.2429)  ot_loss: 2.1309 (2.0964)  base_loss: 10.4201 (9.9526)  time: 0.4629  data: 0.1951  max mem: 11382
Epoch: [86]  [500/976]  eta: 0:04:12  lr: 0.000037  sp_loss: 4.3811 (4.6665)  fam_loss: 2.8528 (3.0293)  manu_loss: 2.0957 (2.2396)  ot_loss: 1.9717 (2.0940)  base_loss: 9.4161 (9.9354)  time: 0.4283  data: 0.0055  max mem: 11382
Epoch: [86]  [750/976]  eta: 0:02:00  lr: 0.000037  sp_loss: 5.1900 (4.6839)  fam_loss: 3.3579 (3.0405)  manu_loss: 2.4783 (2.2475)  ot_loss: 2.2637 (2.1018)  base_loss: 10.9870 (9.9719)  time: 0.5539  data: 0.0008  max mem: 11382
Epoch: [86]  [975/976]  eta: 0:00:00  lr: 0.000037  sp_loss: 5.0173 (4.6811)  fam_loss: 3.2649 (3.0410)  manu_loss: 2.4391 (2.2476)  ot_loss: 2.2109 (2.1016)  base_loss: 10.7058 (9.9697)  time: 0.4522  data: 0.0001  max mem: 11382
Epoch: [86] Total time: 0:08:39 (0.5327 s / it)
Averaged stats: lr: 0.000037  sp_loss: 5.0173 (4.6713)  fam_loss: 3.2649 (3.0333)  manu_loss: 2.4391 (2.2414)  ot_loss: 2.2109 (2.0972)  base_loss: 10.7058 (9.9460)
Test:  [  0/391]  eta: 0:51:54  sploss: 1.7886 (1.7886)  famloss: 0.8041 (0.8041)  manuloss: 0.5963 (0.5963)  acc1: 66.0156 (66.0156)  acc5: 86.3281 (86.3281)  family_acc1: 83.9844 (83.9844)  manu_acc1: 89.8438 (89.8438)  time: 7.9650  data: 7.4031  max mem: 11382
Test:  [250/391]  eta: 0:01:20  sploss: 1.7431 (1.8118)  famloss: 0.8684 (0.9110)  manuloss: 0.6187 (0.6424)  acc1: 69.5312 (67.4349)  acc5: 87.1094 (86.3593)  family_acc1: 81.2500 (81.6437)  manu_acc1: 88.6719 (88.2750)  time: 0.4263  data: 0.1637  max mem: 11382
Test:  [390/391]  eta: 0:00:00  sploss: 1.6608 (1.7605)  famloss: 0.8277 (0.8722)  manuloss: 0.5192 (0.6071)  acc1: 70.7031 (68.4450)  acc5: 88.2812 (87.1280)  family_acc1: 83.5938 (82.5170)  manu_acc1: 91.7969 (89.1500)  time: 0.5024  data: 0.3142  max mem: 11382
Test: Total time: 0:03:38 (0.5592 s / it)
* Acc@1 68.451 Acc@5 87.129 family@1 82.517 manu@1 89.148 sploss 1.761 fmloss 0.872 mfloss 0.607
FPA: 62.835% | TICE: 16.894%   
 wAP: 70.311  |  LCA: 58.238   |   Precision and Recall: 79.680%
Accuracy of the network on the 100000 test images: 68.5%
Max accuracy: 68.54%
Epoch: [87]  [  0/976]  eta: 2:18:02  lr: 0.000033  sp_loss: 3.9977 (3.9977)  fam_loss: 2.6133 (2.6133)  manu_loss: 1.8520 (1.8520)  ot_loss: 1.7891 (1.7891)  base_loss: 8.4630 (8.4630)  time: 8.4857  data: 7.6570  max mem: 11382
Epoch: [87]  [250/976]  eta: 0:06:59  lr: 0.000033  sp_loss: 4.6319 (4.6723)  fam_loss: 3.0842 (3.0343)  manu_loss: 2.2581 (2.2388)  ot_loss: 2.0957 (2.0936)  base_loss: 9.9742 (9.9454)  time: 0.4813  data: 0.1821  max mem: 11382
Epoch: [87]  [500/976]  eta: 0:04:26  lr: 0.000033  sp_loss: 4.7988 (4.6432)  fam_loss: 3.0665 (3.0149)  manu_loss: 2.3150 (2.2285)  ot_loss: 2.1211 (2.0859)  base_loss: 10.0973 (9.8865)  time: 0.5823  data: 0.3092  max mem: 11382
Epoch: [87]  [750/976]  eta: 0:02:05  lr: 0.000033  sp_loss: 5.0903 (4.6638)  fam_loss: 3.2485 (3.0275)  manu_loss: 2.4000 (2.2362)  ot_loss: 2.2129 (2.0929)  base_loss: 10.6847 (9.9276)  time: 0.5833  data: 0.2666  max mem: 11382
Epoch: [87]  [975/976]  eta: 0:00:00  lr: 0.000033  sp_loss: 4.3491 (4.6655)  fam_loss: 2.8939 (3.0285)  manu_loss: 2.0625 (2.2363)  ot_loss: 1.9531 (2.0933)  base_loss: 9.3666 (9.9303)  time: 0.4762  data: 0.0284  max mem: 11382
Epoch: [87] Total time: 0:08:59 (0.5523 s / it)
Averaged stats: lr: 0.000033  sp_loss: 4.3491 (4.6515)  fam_loss: 2.8939 (3.0198)  manu_loss: 2.0625 (2.2290)  ot_loss: 1.9531 (2.0885)  base_loss: 9.3666 (9.9003)
Test:  [  0/391]  eta: 0:53:57  sploss: 1.7369 (1.7369)  famloss: 0.7597 (0.7597)  manuloss: 0.5405 (0.5405)  acc1: 67.5781 (67.5781)  acc5: 85.9375 (85.9375)  family_acc1: 86.3281 (86.3281)  manu_acc1: 90.6250 (90.6250)  time: 8.2806  data: 7.8499  max mem: 11382
Test:  [250/391]  eta: 0:01:22  sploss: 1.6890 (1.7739)  famloss: 0.8356 (0.8836)  manuloss: 0.5741 (0.6144)  acc1: 71.0938 (67.8162)  acc5: 87.1094 (86.4542)  family_acc1: 82.0312 (81.7916)  manu_acc1: 87.8906 (88.2937)  time: 0.6743  data: 0.4582  max mem: 11382
Test:  [390/391]  eta: 0:00:00  sploss: 1.6344 (1.7212)  famloss: 0.8008 (0.8436)  manuloss: 0.4917 (0.5785)  acc1: 71.0938 (68.8080)  acc5: 87.8906 (87.2680)  family_acc1: 83.9844 (82.7150)  manu_acc1: 91.7969 (89.2210)  time: 0.3951  data: 0.2424  max mem: 11382
Test: Total time: 0:03:45 (0.5776 s / it)
* Acc@1 68.808 Acc@5 87.269 family@1 82.715 manu@1 89.224 sploss 1.721 fmloss 0.844 mfloss 0.579
FPA: 63.190% | TICE: 16.583%   
 wAP: 70.646  |  LCA: 57.454   |   Precision and Recall: 79.959%
Accuracy of the network on the 100000 test images: 68.8%
Max accuracy: 68.81%
Epoch: [88]  [  0/976]  eta: 2:04:10  lr: 0.000030  sp_loss: 4.8945 (4.8945)  fam_loss: 3.2756 (3.2756)  manu_loss: 2.3691 (2.3691)  ot_loss: 2.1797 (2.1797)  base_loss: 10.5392 (10.5392)  time: 7.6335  data: 7.1633  max mem: 11382
Epoch: [88]  [250/976]  eta: 0:06:40  lr: 0.000030  sp_loss: 4.3645 (4.5817)  fam_loss: 2.8979 (2.9785)  manu_loss: 2.1254 (2.2034)  ot_loss: 2.0215 (2.0635)  base_loss: 9.3878 (9.7635)  time: 0.5423  data: 0.2664  max mem: 11382
Epoch: [88]  [500/976]  eta: 0:04:15  lr: 0.000030  sp_loss: 4.9971 (4.5974)  fam_loss: 3.1619 (2.9892)  manu_loss: 2.3465 (2.2069)  ot_loss: 2.1582 (2.0710)  base_loss: 10.5055 (9.7934)  time: 0.5691  data: 0.2825  max mem: 11382
Epoch: [88]  [750/976]  eta: 0:02:00  lr: 0.000030  sp_loss: 4.9901 (4.5945)  fam_loss: 3.2227 (2.9850)  manu_loss: 2.3502 (2.2030)  ot_loss: 2.1211 (2.0685)  base_loss: 10.5630 (9.7824)  time: 0.5162  data: 0.2273  max mem: 11382
Epoch: [88]  [975/976]  eta: 0:00:00  lr: 0.000030  sp_loss: 4.4229 (4.5919)  fam_loss: 2.9378 (2.9837)  manu_loss: 2.1362 (2.2024)  ot_loss: 1.9473 (2.0674)  base_loss: 9.5220 (9.7780)  time: 0.3362  data: 0.0982  max mem: 11382
Epoch: [88] Total time: 0:08:40 (0.5330 s / it)
Averaged stats: lr: 0.000030  sp_loss: 4.4229 (4.6170)  fam_loss: 2.9378 (2.9991)  manu_loss: 2.1362 (2.2141)  ot_loss: 1.9473 (2.0757)  base_loss: 9.5220 (9.8303)
Test:  [  0/391]  eta: 0:50:45  sploss: 1.7580 (1.7580)  famloss: 0.7760 (0.7760)  manuloss: 0.5717 (0.5717)  acc1: 67.5781 (67.5781)  acc5: 85.5469 (85.5469)  family_acc1: 85.9375 (85.9375)  manu_acc1: 89.8438 (89.8438)  time: 7.7894  data: 7.4410  max mem: 11382
Test:  [250/391]  eta: 0:01:17  sploss: 1.7221 (1.7990)  famloss: 0.8623 (0.8941)  manuloss: 0.6083 (0.6241)  acc1: 70.3125 (67.7151)  acc5: 87.1094 (86.5024)  family_acc1: 82.0312 (81.6702)  manu_acc1: 88.2812 (88.3342)  time: 0.4077  data: 0.1807  max mem: 11382
Test:  [390/391]  eta: 0:00:00  sploss: 1.6473 (1.7470)  famloss: 0.8136 (0.8546)  manuloss: 0.4995 (0.5889)  acc1: 70.7031 (68.7180)  acc5: 88.2812 (87.2760)  family_acc1: 84.3750 (82.6110)  manu_acc1: 91.7969 (89.2320)  time: 0.5038  data: 0.3238  max mem: 11382
Test: Total time: 0:03:31 (0.5409 s / it)
* Acc@1 68.724 Acc@5 87.278 family@1 82.612 manu@1 89.236 sploss 1.747 fmloss 0.855 mfloss 0.589
FPA: 63.131% | TICE: 16.602%   
 wAP: 70.562  |  LCA: 57.516   |   Precision and Recall: 79.916%
Accuracy of the network on the 100000 test images: 68.7%
Max accuracy: 68.81%
Epoch: [89]  [  0/976]  eta: 2:21:03  lr: 0.000027  sp_loss: 4.3362 (4.3362)  fam_loss: 2.7706 (2.7706)  manu_loss: 2.0799 (2.0799)  ot_loss: 1.9658 (1.9658)  base_loss: 9.1866 (9.1866)  time: 8.6721  data: 7.8670  max mem: 11382
Epoch: [89]  [250/976]  eta: 0:06:47  lr: 0.000027  sp_loss: 4.9336 (4.6433)  fam_loss: 3.2147 (3.0054)  manu_loss: 2.3975 (2.2278)  ot_loss: 2.2285 (2.0798)  base_loss: 10.5724 (9.8765)  time: 0.4614  data: 0.1765  max mem: 11382
Epoch: [89]  [500/976]  eta: 0:04:21  lr: 0.000027  sp_loss: 5.0003 (4.6670)  fam_loss: 3.1367 (3.0229)  manu_loss: 2.2620 (2.2365)  ot_loss: 2.1621 (2.0871)  base_loss: 10.4096 (9.9264)  time: 0.4672  data: 0.1806  max mem: 11382
Epoch: [89]  [750/976]  eta: 0:02:02  lr: 0.000027  sp_loss: 5.1205 (4.6550)  fam_loss: 3.3056 (3.0158)  manu_loss: 2.3870 (2.2300)  ot_loss: 2.2012 (2.0832)  base_loss: 10.9005 (9.9008)  time: 0.5273  data: 0.2487  max mem: 11382
Epoch: [89]  [975/976]  eta: 0:00:00  lr: 0.000027  sp_loss: 4.8863 (4.6479)  fam_loss: 3.1843 (3.0106)  manu_loss: 2.3059 (2.2263)  ot_loss: 2.1543 (2.0811)  base_loss: 10.3797 (9.8848)  time: 0.4813  data: 0.2452  max mem: 11382
Epoch: [89] Total time: 0:08:48 (0.5417 s / it)
Averaged stats: lr: 0.000027  sp_loss: 4.8863 (4.6454)  fam_loss: 3.1843 (3.0119)  manu_loss: 2.3059 (2.2277)  ot_loss: 2.1543 (2.0823)  base_loss: 10.3797 (9.8850)
Test:  [  0/391]  eta: 0:53:03  sploss: 1.7707 (1.7707)  famloss: 0.7858 (0.7858)  manuloss: 0.5941 (0.5941)  acc1: 66.0156 (66.0156)  acc5: 86.7188 (86.7188)  family_acc1: 84.3750 (84.3750)  manu_acc1: 89.0625 (89.0625)  time: 8.1429  data: 7.8415  max mem: 11382
Test:  [250/391]  eta: 0:01:17  sploss: 1.7113 (1.7898)  famloss: 0.8636 (0.8947)  manuloss: 0.6085 (0.6277)  acc1: 70.3125 (67.9796)  acc5: 86.7188 (86.5444)  family_acc1: 82.0312 (81.8227)  manu_acc1: 88.2812 (88.3949)  time: 0.3968  data: 0.1727  max mem: 11382
Test:  [390/391]  eta: 0:00:00  sploss: 1.6391 (1.7380)  famloss: 0.7908 (0.8546)  manuloss: 0.4919 (0.5917)  acc1: 71.0938 (68.9320)  acc5: 89.0625 (87.3300)  family_acc1: 83.9844 (82.7710)  manu_acc1: 91.7969 (89.3130)  time: 0.3469  data: 0.1883  max mem: 11382
Test: Total time: 0:03:31 (0.5417 s / it)
* Acc@1 68.928 Acc@5 87.328 family@1 82.767 manu@1 89.308 sploss 1.738 fmloss 0.855 mfloss 0.592
FPA: 63.319% | TICE: 16.566%   
 wAP: 70.759  |  LCA: 57.063   |   Precision and Recall: 80.081%
Accuracy of the network on the 100000 test images: 68.9%
Max accuracy: 68.93%
Epoch: [90]  [  0/976]  eta: 2:10:27  lr: 0.000024  sp_loss: 3.0004 (3.0004)  fam_loss: 1.9519 (1.9519)  manu_loss: 1.3917 (1.3917)  ot_loss: 1.6143 (1.6143)  base_loss: 6.3441 (6.3441)  time: 8.0198  data: 7.3376  max mem: 11382
Epoch: [90]  [250/976]  eta: 0:06:39  lr: 0.000024  sp_loss: 4.3472 (4.5703)  fam_loss: 2.7752 (2.9733)  manu_loss: 2.0506 (2.2000)  ot_loss: 1.9092 (2.0624)  base_loss: 9.1094 (9.7435)  time: 0.4200  data: 0.1484  max mem: 11382
Epoch: [90]  [500/976]  eta: 0:04:17  lr: 0.000024  sp_loss: 4.1626 (4.5760)  fam_loss: 2.7533 (2.9740)  manu_loss: 2.0287 (2.1987)  ot_loss: 1.9141 (2.0616)  base_loss: 8.9627 (9.7487)  time: 0.5686  data: 0.2968  max mem: 11382
Epoch: [90]  [750/976]  eta: 0:02:01  lr: 0.000024  sp_loss: 4.9815 (4.6254)  fam_loss: 3.1511 (3.0019)  manu_loss: 2.3021 (2.2208)  ot_loss: 2.1289 (2.0756)  base_loss: 10.4346 (9.8481)  time: 0.5969  data: 0.3180  max mem: 11382
Epoch: [90]  [975/976]  eta: 0:00:00  lr: 0.000024  sp_loss: 4.6806 (4.6370)  fam_loss: 2.9921 (3.0087)  manu_loss: 2.2279 (2.2232)  ot_loss: 2.0156 (2.0786)  base_loss: 9.9006 (9.8688)  time: 0.4355  data: 0.1911  max mem: 11382
Epoch: [90] Total time: 0:08:39 (0.5325 s / it)
Averaged stats: lr: 0.000024  sp_loss: 4.6806 (4.6384)  fam_loss: 2.9921 (3.0106)  manu_loss: 2.2279 (2.2251)  ot_loss: 2.0156 (2.0777)  base_loss: 9.9006 (9.8741)
Test:  [  0/391]  eta: 0:55:00  sploss: 1.6723 (1.6723)  famloss: 0.7153 (0.7153)  manuloss: 0.5125 (0.5125)  acc1: 69.1406 (69.1406)  acc5: 86.7188 (86.7188)  family_acc1: 85.5469 (85.5469)  manu_acc1: 89.8438 (89.8438)  time: 8.4407  data: 8.1048  max mem: 11382
Test:  [250/391]  eta: 0:01:18  sploss: 1.6165 (1.7106)  famloss: 0.7814 (0.8308)  manuloss: 0.5152 (0.5594)  acc1: 71.0938 (68.2146)  acc5: 87.5000 (86.6409)  family_acc1: 81.6406 (82.1760)  manu_acc1: 88.6719 (88.6345)  time: 0.4367  data: 0.2304  max mem: 11382
Test:  [390/391]  eta: 0:00:00  sploss: 1.5681 (1.6590)  famloss: 0.7445 (0.7905)  manuloss: 0.4282 (0.5240)  acc1: 70.7031 (69.1900)  acc5: 88.6719 (87.4530)  family_acc1: 84.3750 (83.0660)  manu_acc1: 91.7969 (89.4460)  time: 0.5017  data: 0.3402  max mem: 11382
Test: Total time: 0:03:36 (0.5526 s / it)
* Acc@1 69.193 Acc@5 87.455 family@1 83.064 manu@1 89.446 sploss 1.659 fmloss 0.790 mfloss 0.524
FPA: 63.794% | TICE: 16.200%   
 wAP: 71.024  |  LCA: 56.685   |   Precision and Recall: 80.214%
Accuracy of the network on the 100000 test images: 69.2%
Max accuracy: 69.19%
Epoch: [91]  [  0/976]  eta: 2:05:15  lr: 0.000022  sp_loss: 4.4754 (4.4754)  fam_loss: 2.9112 (2.9112)  manu_loss: 2.1077 (2.1077)  ot_loss: 2.0410 (2.0410)  base_loss: 9.4942 (9.4942)  time: 7.7005  data: 7.0249  max mem: 11382
Epoch: [91]  [250/976]  eta: 0:06:37  lr: 0.000022  sp_loss: 4.7067 (4.5892)  fam_loss: 3.1251 (2.9778)  manu_loss: 2.3462 (2.2031)  ot_loss: 2.1328 (2.0599)  base_loss: 10.2440 (9.7701)  time: 0.4132  data: 0.1415  max mem: 11382
Epoch: [91]  [500/976]  eta: 0:04:17  lr: 0.000022  sp_loss: 4.4853 (4.5599)  fam_loss: 2.8840 (2.9611)  manu_loss: 2.1675 (2.1890)  ot_loss: 1.9189 (2.0519)  base_loss: 9.4487 (9.7100)  time: 0.5799  data: 0.2958  max mem: 11382
Epoch: [91]  [750/976]  eta: 0:02:01  lr: 0.000022  sp_loss: 4.9178 (4.5816)  fam_loss: 3.0590 (2.9752)  manu_loss: 2.2344 (2.1987)  ot_loss: 2.1074 (2.0578)  base_loss: 10.1587 (9.7555)  time: 0.5970  data: 0.3068  max mem: 11382
Epoch: [91]  [975/976]  eta: 0:00:00  lr: 0.000022  sp_loss: 4.9603 (4.5991)  fam_loss: 3.2169 (2.9857)  manu_loss: 2.3560 (2.2073)  ot_loss: 2.1523 (2.0644)  base_loss: 10.5270 (9.7921)  time: 0.4925  data: 0.2485  max mem: 11382
Epoch: [91] Total time: 0:08:46 (0.5390 s / it)
Averaged stats: lr: 0.000022  sp_loss: 4.9603 (4.6122)  fam_loss: 3.2169 (2.9919)  manu_loss: 2.3560 (2.2113)  ot_loss: 2.1523 (2.0676)  base_loss: 10.5270 (9.8155)
Test:  [  0/391]  eta: 0:56:21  sploss: 1.7566 (1.7566)  famloss: 0.8031 (0.8031)  manuloss: 0.6004 (0.6004)  acc1: 67.9688 (67.9688)  acc5: 86.3281 (86.3281)  family_acc1: 85.5469 (85.5469)  manu_acc1: 89.0625 (89.0625)  time: 8.6494  data: 8.2097  max mem: 11382
Test:  [250/391]  eta: 0:01:17  sploss: 1.6920 (1.7851)  famloss: 0.8769 (0.9082)  manuloss: 0.6265 (0.6418)  acc1: 69.5312 (67.8536)  acc5: 87.5000 (86.5662)  family_acc1: 81.6406 (81.9394)  manu_acc1: 88.6719 (88.4618)  time: 0.4234  data: 0.2014  max mem: 11382
Test:  [390/391]  eta: 0:00:00  sploss: 1.6388 (1.7349)  famloss: 0.8434 (0.8704)  manuloss: 0.5192 (0.6077)  acc1: 71.0938 (68.7950)  acc5: 88.2812 (87.3160)  family_acc1: 83.5938 (82.8440)  manu_acc1: 92.1875 (89.3460)  time: 0.4856  data: 0.3124  max mem: 11382
Test: Total time: 0:03:32 (0.5444 s / it)
* Acc@1 68.802 Acc@5 87.317 family@1 82.850 manu@1 89.342 sploss 1.735 fmloss 0.870 mfloss 0.608
FPA: 63.230% | TICE: 16.552%   
 wAP: 70.657  |  LCA: 57.370   |   Precision and Recall: 79.997%
Accuracy of the network on the 100000 test images: 68.8%
Max accuracy: 69.19%
Epoch: [92]  [  0/976]  eta: 2:04:20  lr: 0.000020  sp_loss: 3.4606 (3.4606)  fam_loss: 2.1972 (2.1972)  manu_loss: 1.6564 (1.6564)  ot_loss: 1.7656 (1.7656)  base_loss: 7.3142 (7.3142)  time: 7.6436  data: 7.0477  max mem: 11382
Epoch: [92]  [250/976]  eta: 0:06:49  lr: 0.000020  sp_loss: 4.8336 (4.5774)  fam_loss: 3.1678 (2.9684)  manu_loss: 2.2709 (2.2031)  ot_loss: 2.0938 (2.0596)  base_loss: 10.3997 (9.7489)  time: 0.4498  data: 0.1804  max mem: 11382
Epoch: [92]  [500/976]  eta: 0:04:18  lr: 0.000020  sp_loss: 4.7353 (4.5793)  fam_loss: 3.1127 (2.9722)  manu_loss: 2.2491 (2.1986)  ot_loss: 2.0703 (2.0560)  base_loss: 10.1214 (9.7501)  time: 0.4285  data: 0.1434  max mem: 11382
Epoch: [92]  [750/976]  eta: 0:02:01  lr: 0.000020  sp_loss: 4.9927 (4.5898)  fam_loss: 3.1681 (2.9752)  manu_loss: 2.3370 (2.2002)  ot_loss: 2.1445 (2.0579)  base_loss: 10.3589 (9.7651)  time: 0.5773  data: 0.1625  max mem: 11382
Epoch: [92]  [975/976]  eta: 0:00:00  lr: 0.000020  sp_loss: 4.7329 (4.5797)  fam_loss: 3.0541 (2.9683)  manu_loss: 2.2495 (2.1944)  ot_loss: 2.0879 (2.0536)  base_loss: 9.9601 (9.7425)  time: 0.4171  data: 0.0001  max mem: 11382
Epoch: [92] Total time: 0:08:44 (0.5371 s / it)
Averaged stats: lr: 0.000020  sp_loss: 4.7329 (4.5937)  fam_loss: 3.0541 (2.9781)  manu_loss: 2.2495 (2.2019)  ot_loss: 2.0879 (2.0584)  base_loss: 9.9601 (9.7736)
Test:  [  0/391]  eta: 0:57:28  sploss: 1.7978 (1.7978)  famloss: 0.8192 (0.8192)  manuloss: 0.6259 (0.6259)  acc1: 66.0156 (66.0156)  acc5: 85.5469 (85.5469)  family_acc1: 85.1562 (85.1562)  manu_acc1: 89.4531 (89.4531)  time: 8.8208  data: 8.4477  max mem: 11382
Test:  [250/391]  eta: 0:01:19  sploss: 1.7415 (1.8208)  famloss: 0.8908 (0.9223)  manuloss: 0.6343 (0.6566)  acc1: 69.5312 (67.7976)  acc5: 86.7188 (86.4511)  family_acc1: 81.2500 (81.7091)  manu_acc1: 88.6719 (88.4011)  time: 0.5280  data: 0.2996  max mem: 11382
Test:  [390/391]  eta: 0:00:00  sploss: 1.6840 (1.7696)  famloss: 0.8525 (0.8839)  manuloss: 0.5465 (0.6220)  acc1: 70.7031 (68.8000)  acc5: 87.8906 (87.2490)  family_acc1: 83.5938 (82.6720)  manu_acc1: 91.7969 (89.2810)  time: 0.3625  data: 0.1873  max mem: 11382
Test: Total time: 0:03:33 (0.5457 s / it)
* Acc@1 68.803 Acc@5 87.249 family@1 82.675 manu@1 89.285 sploss 1.770 fmloss 0.884 mfloss 0.622
FPA: 63.132% | TICE: 16.733%   
 wAP: 70.640  |  LCA: 57.469   |   Precision and Recall: 79.957%
Accuracy of the network on the 100000 test images: 68.8%
Max accuracy: 69.19%
Epoch: [93]  [  0/976]  eta: 2:19:29  lr: 0.000018  sp_loss: 3.7986 (3.7986)  fam_loss: 2.4431 (2.4431)  manu_loss: 1.8481 (1.8481)  ot_loss: 1.7559 (1.7559)  base_loss: 8.0898 (8.0898)  time: 8.5754  data: 8.1815  max mem: 11382
Epoch: [93]  [250/976]  eta: 0:06:41  lr: 0.000018  sp_loss: 4.2306 (4.6231)  fam_loss: 2.8665 (2.9993)  manu_loss: 2.0867 (2.2172)  ot_loss: 1.9326 (2.0707)  base_loss: 9.1837 (9.8396)  time: 0.4150  data: 0.1180  max mem: 11382
Epoch: [93]  [500/976]  eta: 0:04:17  lr: 0.000018  sp_loss: 5.1646 (4.6324)  fam_loss: 3.2839 (3.0037)  manu_loss: 2.4797 (2.2205)  ot_loss: 2.2656 (2.0725)  base_loss: 10.9285 (9.8567)  time: 0.5719  data: 0.2998  max mem: 11382
Epoch: [93]  [750/976]  eta: 0:02:02  lr: 0.000018  sp_loss: 4.8041 (4.6020)  fam_loss: 3.0794 (2.9867)  manu_loss: 2.2616 (2.2072)  ot_loss: 2.1113 (2.0640)  base_loss: 10.1451 (9.7959)  time: 0.5883  data: 0.2615  max mem: 11382
Epoch: [93]  [975/976]  eta: 0:00:00  lr: 0.000018  sp_loss: 4.1036 (4.5991)  fam_loss: 2.7496 (2.9848)  manu_loss: 1.9872 (2.2062)  ot_loss: 1.9092 (2.0622)  base_loss: 8.8984 (9.7901)  time: 0.5206  data: 0.1217  max mem: 11382
Epoch: [93] Total time: 0:08:45 (0.5381 s / it)
Averaged stats: lr: 0.000018  sp_loss: 4.1036 (4.6086)  fam_loss: 2.7496 (2.9914)  manu_loss: 1.9872 (2.2120)  ot_loss: 1.9092 (2.0651)  base_loss: 8.8984 (9.8119)
Test:  [  0/391]  eta: 0:54:51  sploss: 1.6790 (1.6790)  famloss: 0.7257 (0.7257)  manuloss: 0.5329 (0.5329)  acc1: 68.7500 (68.7500)  acc5: 86.3281 (86.3281)  family_acc1: 85.1562 (85.1562)  manu_acc1: 89.8438 (89.8438)  time: 8.4180  data: 7.9950  max mem: 11382
Test:  [250/391]  eta: 0:01:19  sploss: 1.6300 (1.7180)  famloss: 0.8077 (0.8388)  manuloss: 0.5382 (0.5707)  acc1: 69.9219 (68.3967)  acc5: 87.5000 (86.8386)  family_acc1: 82.8125 (82.3799)  manu_acc1: 89.0625 (88.7450)  time: 0.4246  data: 0.1863  max mem: 11382
Test:  [390/391]  eta: 0:00:00  sploss: 1.5611 (1.6656)  famloss: 0.7394 (0.7994)  manuloss: 0.4600 (0.5356)  acc1: 70.7031 (69.3910)  acc5: 88.2812 (87.6290)  family_acc1: 84.7656 (83.2760)  manu_acc1: 92.1875 (89.6210)  time: 0.4966  data: 0.3267  max mem: 11382
Test: Total time: 0:03:34 (0.5475 s / it)
* Acc@1 69.392 Acc@5 87.627 family@1 83.274 manu@1 89.624 sploss 1.666 fmloss 0.799 mfloss 0.536
FPA: 64.051% | TICE: 16.023%   
 wAP: 71.224  |  LCA: 56.126   |   Precision and Recall: 80.424%
Accuracy of the network on the 100000 test images: 69.4%
Max accuracy: 69.39%
Epoch: [94]  [  0/976]  eta: 2:09:32  lr: 0.000016  sp_loss: 3.2780 (3.2780)  fam_loss: 2.1648 (2.1648)  manu_loss: 1.5392 (1.5392)  ot_loss: 1.5537 (1.5537)  base_loss: 6.9820 (6.9820)  time: 7.9632  data: 7.3431  max mem: 11382
Epoch: [94]  [250/976]  eta: 0:06:42  lr: 0.000016  sp_loss: 5.0265 (4.5086)  fam_loss: 3.2117 (2.9261)  manu_loss: 2.3897 (2.1590)  ot_loss: 2.2188 (2.0322)  base_loss: 10.6915 (9.5937)  time: 0.5038  data: 0.2263  max mem: 11382
Epoch: [94]  [500/976]  eta: 0:04:18  lr: 0.000016  sp_loss: 4.9161 (4.5559)  fam_loss: 3.1404 (2.9571)  manu_loss: 2.3146 (2.1856)  ot_loss: 2.1328 (2.0460)  base_loss: 10.3551 (9.6986)  time: 0.5756  data: 0.3100  max mem: 11382
Epoch: [94]  [750/976]  eta: 0:02:01  lr: 0.000016  sp_loss: 4.6446 (4.5446)  fam_loss: 2.9533 (2.9448)  manu_loss: 2.1650 (2.1770)  ot_loss: 2.0195 (2.0410)  base_loss: 9.7745 (9.6664)  time: 0.4300  data: 0.1582  max mem: 11382
Epoch: [94]  [975/976]  eta: 0:00:00  lr: 0.000016  sp_loss: 4.9513 (4.5532)  fam_loss: 3.0817 (2.9503)  manu_loss: 2.3038 (2.1809)  ot_loss: 2.1270 (2.0432)  base_loss: 10.3367 (9.6844)  time: 0.4710  data: 0.2310  max mem: 11382
Epoch: [94] Total time: 0:08:44 (0.5378 s / it)
Averaged stats: lr: 0.000016  sp_loss: 4.9513 (4.5899)  fam_loss: 3.0817 (2.9747)  manu_loss: 2.3038 (2.1989)  ot_loss: 2.1270 (2.0547)  base_loss: 10.3367 (9.7635)
Test:  [  0/391]  eta: 0:51:06  sploss: 1.7524 (1.7524)  famloss: 0.7916 (0.7916)  manuloss: 0.6023 (0.6023)  acc1: 69.1406 (69.1406)  acc5: 86.3281 (86.3281)  family_acc1: 85.1562 (85.1562)  manu_acc1: 89.0625 (89.0625)  time: 7.8418  data: 7.2803  max mem: 11382
Test:  [250/391]  eta: 0:01:18  sploss: 1.6923 (1.7747)  famloss: 0.8519 (0.8858)  manuloss: 0.5971 (0.6233)  acc1: 69.9219 (68.1757)  acc5: 87.1094 (86.7732)  family_acc1: 82.0312 (82.1900)  manu_acc1: 88.2812 (88.6765)  time: 0.4115  data: 0.1926  max mem: 11382
Test:  [390/391]  eta: 0:00:00  sploss: 1.6311 (1.7240)  famloss: 0.8084 (0.8474)  manuloss: 0.5116 (0.5887)  acc1: 71.4844 (69.2360)  acc5: 88.2812 (87.5460)  family_acc1: 83.9844 (83.0850)  manu_acc1: 91.4062 (89.5410)  time: 0.4400  data: 0.2676  max mem: 11382
Test: Total time: 0:03:34 (0.5497 s / it)
* Acc@1 69.232 Acc@5 87.545 family@1 83.088 manu@1 89.540 sploss 1.724 fmloss 0.847 mfloss 0.589
FPA: 63.706% | TICE: 16.365%   
 wAP: 71.063  |  LCA: 56.482   |   Precision and Recall: 80.303%
Accuracy of the network on the 100000 test images: 69.2%
Max accuracy: 69.39%
Epoch: [95]  [  0/976]  eta: 2:28:49  lr: 0.000014  sp_loss: 5.3328 (5.3328)  fam_loss: 3.4472 (3.4472)  manu_loss: 2.5632 (2.5632)  ot_loss: 2.2852 (2.2852)  base_loss: 11.3431 (11.3431)  time: 9.1486  data: 8.6692  max mem: 11382
Epoch: [95]  [250/976]  eta: 0:06:37  lr: 0.000014  sp_loss: 5.0636 (4.5985)  fam_loss: 3.2951 (2.9791)  manu_loss: 2.4457 (2.1999)  ot_loss: 2.2305 (2.0553)  base_loss: 10.8045 (9.7776)  time: 0.4090  data: 0.1369  max mem: 11382
Epoch: [95]  [500/976]  eta: 0:04:17  lr: 0.000014  sp_loss: 4.9856 (4.5929)  fam_loss: 3.1697 (2.9769)  manu_loss: 2.3103 (2.2003)  ot_loss: 2.1523 (2.0574)  base_loss: 10.5848 (9.7701)  time: 0.5663  data: 0.2773  max mem: 11382
Epoch: [95]  [750/976]  eta: 0:02:00  lr: 0.000014  sp_loss: 4.8738 (4.5798)  fam_loss: 3.0982 (2.9663)  manu_loss: 2.2630 (2.1917)  ot_loss: 2.1289 (2.0500)  base_loss: 10.1958 (9.7378)  time: 0.5547  data: 0.2775  max mem: 11382
Epoch: [95]  [975/976]  eta: 0:00:00  lr: 0.000014  sp_loss: 4.8339 (4.5892)  fam_loss: 3.1194 (2.9748)  manu_loss: 2.3140 (2.1984)  ot_loss: 2.0742 (2.0526)  base_loss: 10.2920 (9.7624)  time: 0.4210  data: 0.0577  max mem: 11382
Epoch: [95] Total time: 0:08:38 (0.5313 s / it)
Averaged stats: lr: 0.000014  sp_loss: 4.8339 (4.6040)  fam_loss: 3.1194 (2.9843)  manu_loss: 2.3140 (2.2051)  ot_loss: 2.0742 (2.0573)  base_loss: 10.2920 (9.7934)
Test:  [  0/391]  eta: 0:56:12  sploss: 1.7577 (1.7577)  famloss: 0.7939 (0.7939)  manuloss: 0.5941 (0.5941)  acc1: 67.5781 (67.5781)  acc5: 85.9375 (85.9375)  family_acc1: 85.9375 (85.9375)  manu_acc1: 89.4531 (89.4531)  time: 8.6263  data: 8.2799  max mem: 11382
Test:  [250/391]  eta: 0:01:20  sploss: 1.6896 (1.7734)  famloss: 0.8623 (0.8899)  manuloss: 0.5949 (0.6255)  acc1: 70.3125 (68.1820)  acc5: 87.1094 (86.6285)  family_acc1: 82.4219 (82.0437)  manu_acc1: 88.2812 (88.6143)  time: 0.4235  data: 0.1995  max mem: 11382
Test:  [390/391]  eta: 0:00:00  sploss: 1.6356 (1.7224)  famloss: 0.8127 (0.8508)  manuloss: 0.5040 (0.5909)  acc1: 70.7031 (69.1650)  acc5: 88.6719 (87.4490)  family_acc1: 83.9844 (83.0030)  manu_acc1: 91.7969 (89.4870)  time: 0.4536  data: 0.2836  max mem: 11382
Test: Total time: 0:03:36 (0.5549 s / it)
* Acc@1 69.166 Acc@5 87.448 family@1 83.001 manu@1 89.487 sploss 1.722 fmloss 0.851 mfloss 0.591
FPA: 63.698% | TICE: 16.254%   
 wAP: 70.995  |  LCA: 56.650   |   Precision and Recall: 80.234%
Accuracy of the network on the 100000 test images: 69.2%
Max accuracy: 69.39%
Epoch: [96]  [  0/976]  eta: 2:25:12  lr: 0.000013  sp_loss: 3.6228 (3.6228)  fam_loss: 2.3146 (2.3146)  manu_loss: 1.7149 (1.7149)  ot_loss: 1.6318 (1.6318)  base_loss: 7.6522 (7.6522)  time: 8.9272  data: 8.4584  max mem: 11382
Epoch: [96]  [250/976]  eta: 0:06:39  lr: 0.000013  sp_loss: 4.9126 (4.6006)  fam_loss: 3.2206 (2.9782)  manu_loss: 2.3973 (2.1988)  ot_loss: 2.1348 (2.0566)  base_loss: 10.6626 (9.7776)  time: 0.4278  data: 0.0637  max mem: 11382
Epoch: [96]  [500/976]  eta: 0:04:15  lr: 0.000013  sp_loss: 4.7633 (4.6191)  fam_loss: 3.0775 (2.9964)  manu_loss: 2.2628 (2.2178)  ot_loss: 2.0879 (2.0608)  base_loss: 10.0085 (9.8332)  time: 0.5786  data: 0.1914  max mem: 11382
Epoch: [96]  [750/976]  eta: 0:02:00  lr: 0.000013  sp_loss: 4.9833 (4.6406)  fam_loss: 3.2484 (3.0124)  manu_loss: 2.4015 (2.2270)  ot_loss: 2.2188 (2.0716)  base_loss: 10.6420 (9.8801)  time: 0.5519  data: 0.2310  max mem: 11382
Epoch: [96]  [975/976]  eta: 0:00:00  lr: 0.000013  sp_loss: 4.8101 (4.6426)  fam_loss: 3.1400 (3.0139)  manu_loss: 2.3238 (2.2273)  ot_loss: 2.1230 (2.0717)  base_loss: 10.2411 (9.8837)  time: 0.4678  data: 0.1031  max mem: 11382
Epoch: [96] Total time: 0:08:34 (0.5273 s / it)
Averaged stats: lr: 0.000013  sp_loss: 4.8101 (4.6174)  fam_loss: 3.1400 (2.9978)  manu_loss: 2.3238 (2.2158)  ot_loss: 2.1230 (2.0635)  base_loss: 10.2411 (9.8310)
Test:  [  0/391]  eta: 0:53:33  sploss: 1.7483 (1.7483)  famloss: 0.7941 (0.7941)  manuloss: 0.5990 (0.5990)  acc1: 68.3594 (68.3594)  acc5: 86.7188 (86.7188)  family_acc1: 84.3750 (84.3750)  manu_acc1: 89.0625 (89.0625)  time: 8.2197  data: 7.9555  max mem: 11382
Test:  [250/391]  eta: 0:01:18  sploss: 1.6815 (1.7657)  famloss: 0.8484 (0.8816)  manuloss: 0.5913 (0.6175)  acc1: 70.3125 (68.2442)  acc5: 87.1094 (86.7328)  family_acc1: 82.4219 (82.2273)  manu_acc1: 88.6719 (88.6843)  time: 0.4012  data: 0.1848  max mem: 11382
Test:  [390/391]  eta: 0:00:00  sploss: 1.6264 (1.7151)  famloss: 0.7942 (0.8430)  manuloss: 0.5045 (0.5834)  acc1: 71.0938 (69.2230)  acc5: 88.2812 (87.5030)  family_acc1: 84.3750 (83.1610)  manu_acc1: 91.7969 (89.5620)  time: 0.4554  data: 0.2912  max mem: 11382
Test: Total time: 0:03:33 (0.5466 s / it)
* Acc@1 69.220 Acc@5 87.502 family@1 83.154 manu@1 89.559 sploss 1.715 fmloss 0.843 mfloss 0.583
FPA: 63.771% | TICE: 16.226%   
 wAP: 71.059  |  LCA: 56.514   |   Precision and Recall: 80.296%
Accuracy of the network on the 100000 test images: 69.2%
Max accuracy: 69.39%
Epoch: [97]  [  0/976]  eta: 2:32:48  lr: 0.000012  sp_loss: 3.9782 (3.9782)  fam_loss: 2.6779 (2.6779)  manu_loss: 2.0554 (2.0554)  ot_loss: 1.9004 (1.9004)  base_loss: 8.7115 (8.7115)  time: 9.3942  data: 9.0683  max mem: 11382
Epoch: [97]  [250/976]  eta: 0:06:46  lr: 0.000012  sp_loss: 4.7188 (4.6272)  fam_loss: 3.0223 (2.9980)  manu_loss: 2.1290 (2.2203)  ot_loss: 2.0137 (2.0636)  base_loss: 9.8700 (9.8455)  time: 0.4916  data: 0.1632  max mem: 11382
Epoch: [97]  [500/976]  eta: 0:04:19  lr: 0.000012  sp_loss: 5.0588 (4.6010)  fam_loss: 3.2476 (2.9851)  manu_loss: 2.3387 (2.2091)  ot_loss: 2.1465 (2.0578)  base_loss: 10.6450 (9.7952)  time: 0.4300  data: 0.1475  max mem: 11382
Epoch: [97]  [750/976]  eta: 0:02:02  lr: 0.000012  sp_loss: 4.4916 (4.5896)  fam_loss: 2.9771 (2.9784)  manu_loss: 2.2640 (2.2023)  ot_loss: 2.0605 (2.0523)  base_loss: 9.7739 (9.7702)  time: 0.5334  data: 0.1208  max mem: 11382
Epoch: [97]  [975/976]  eta: 0:00:00  lr: 0.000012  sp_loss: 4.2344 (4.5789)  fam_loss: 2.7219 (2.9710)  manu_loss: 2.0085 (2.1975)  ot_loss: 1.8721 (2.0485)  base_loss: 8.9509 (9.7474)  time: 0.4154  data: 0.1195  max mem: 11382
Epoch: [97] Total time: 0:08:47 (0.5400 s / it)
Averaged stats: lr: 0.000012  sp_loss: 4.2344 (4.5929)  fam_loss: 2.7219 (2.9794)  manu_loss: 2.0085 (2.2034)  ot_loss: 1.8721 (2.0516)  base_loss: 8.9509 (9.7757)
Test:  [  0/391]  eta: 0:55:18  sploss: 1.7435 (1.7435)  famloss: 0.7840 (0.7840)  manuloss: 0.5859 (0.5859)  acc1: 67.5781 (67.5781)  acc5: 86.7188 (86.7188)  family_acc1: 84.3750 (84.3750)  manu_acc1: 89.0625 (89.0625)  time: 8.4862  data: 8.1325  max mem: 11382
Test:  [250/391]  eta: 0:01:18  sploss: 1.6734 (1.7612)  famloss: 0.8460 (0.8809)  manuloss: 0.5945 (0.6159)  acc1: 69.9219 (68.2753)  acc5: 87.5000 (86.7545)  family_acc1: 82.4219 (82.2009)  manu_acc1: 88.2812 (88.7077)  time: 0.4272  data: 0.2090  max mem: 11382
Test:  [390/391]  eta: 0:00:00  sploss: 1.6220 (1.7105)  famloss: 0.7947 (0.8420)  manuloss: 0.5043 (0.5817)  acc1: 71.4844 (69.2740)  acc5: 88.2812 (87.5380)  family_acc1: 84.3750 (83.1310)  manu_acc1: 92.1875 (89.5660)  time: 0.4700  data: 0.2948  max mem: 11382
Test: Total time: 0:03:36 (0.5526 s / it)
* Acc@1 69.275 Acc@5 87.537 family@1 83.126 manu@1 89.567 sploss 1.711 fmloss 0.842 mfloss 0.582
FPA: 63.833% | TICE: 16.202%   
 wAP: 71.105  |  LCA: 56.517   |   Precision and Recall: 80.296%
Accuracy of the network on the 100000 test images: 69.3%
Max accuracy: 69.39%
Epoch: [98]  [  0/976]  eta: 2:26:20  lr: 0.000011  sp_loss: 5.5168 (5.5168)  fam_loss: 3.6923 (3.6923)  manu_loss: 2.6852 (2.6852)  ot_loss: 2.4062 (2.4062)  base_loss: 11.8944 (11.8944)  time: 8.9961  data: 8.4349  max mem: 11382
Epoch: [98]  [250/976]  eta: 0:06:46  lr: 0.000011  sp_loss: 4.4348 (4.6388)  fam_loss: 3.0051 (2.9952)  manu_loss: 2.1841 (2.2169)  ot_loss: 1.9824 (2.0570)  base_loss: 9.5904 (9.8509)  time: 0.4413  data: 0.1640  max mem: 11382
Epoch: [98]  [500/976]  eta: 0:04:19  lr: 0.000011  sp_loss: 5.0704 (4.5969)  fam_loss: 3.2272 (2.9728)  manu_loss: 2.4107 (2.1984)  ot_loss: 2.1738 (2.0478)  base_loss: 10.7719 (9.7682)  time: 0.5084  data: 0.2329  max mem: 11382
Epoch: [98]  [750/976]  eta: 0:02:01  lr: 0.000011  sp_loss: 4.9658 (4.5721)  fam_loss: 3.2011 (2.9623)  manu_loss: 2.4088 (2.1915)  ot_loss: 2.1816 (2.0426)  base_loss: 10.5338 (9.7259)  time: 0.5851  data: 0.2847  max mem: 11382
Epoch: [98]  [975/976]  eta: 0:00:00  lr: 0.000011  sp_loss: 4.8861 (4.6042)  fam_loss: 3.1545 (2.9838)  manu_loss: 2.3168 (2.2074)  ot_loss: 2.1387 (2.0551)  base_loss: 10.3502 (9.7954)  time: 0.4145  data: 0.0121  max mem: 11382
Epoch: [98] Total time: 0:08:40 (0.5338 s / it)
Averaged stats: lr: 0.000011  sp_loss: 4.8861 (4.5824)  fam_loss: 3.1545 (2.9714)  manu_loss: 2.3168 (2.1977)  ot_loss: 2.1387 (2.0477)  base_loss: 10.3502 (9.7515)
Test:  [  0/391]  eta: 0:52:33  sploss: 1.7799 (1.7799)  famloss: 0.8159 (0.8159)  manuloss: 0.6253 (0.6253)  acc1: 67.5781 (67.5781)  acc5: 85.5469 (85.5469)  family_acc1: 85.1562 (85.1562)  manu_acc1: 89.0625 (89.0625)  time: 8.0657  data: 7.7752  max mem: 11382
Test:  [250/391]  eta: 0:01:17  sploss: 1.7103 (1.7893)  famloss: 0.8708 (0.9045)  manuloss: 0.6170 (0.6434)  acc1: 70.3125 (68.2022)  acc5: 87.1094 (86.7857)  family_acc1: 82.0312 (82.0530)  manu_acc1: 88.6719 (88.6407)  time: 0.4477  data: 0.2193  max mem: 11382
Test:  [390/391]  eta: 0:00:00  sploss: 1.6505 (1.7385)  famloss: 0.8241 (0.8656)  manuloss: 0.5243 (0.6089)  acc1: 71.0938 (69.1650)  acc5: 88.2812 (87.5420)  family_acc1: 83.5938 (83.0130)  manu_acc1: 92.1875 (89.5310)  time: 0.4692  data: 0.3031  max mem: 11382
Test: Total time: 0:03:32 (0.5444 s / it)
* Acc@1 69.168 Acc@5 87.542 family@1 83.011 manu@1 89.530 sploss 1.738 fmloss 0.866 mfloss 0.609
FPA: 63.688% | TICE: 16.299%   
 wAP: 70.999  |  LCA: 56.762   |   Precision and Recall: 80.207%
Accuracy of the network on the 100000 test images: 69.2%
Max accuracy: 69.39%
Epoch: [99]  [  0/976]  eta: 2:23:01  lr: 0.000010  sp_loss: 5.4839 (5.4839)  fam_loss: 3.5096 (3.5096)  manu_loss: 2.6165 (2.6165)  ot_loss: 2.3398 (2.3398)  base_loss: 11.6099 (11.6099)  time: 8.7927  data: 7.9392  max mem: 11382
Epoch: [99]  [250/976]  eta: 0:06:36  lr: 0.000010  sp_loss: 4.8134 (4.6384)  fam_loss: 3.1392 (3.0084)  manu_loss: 2.2863 (2.2201)  ot_loss: 2.0020 (2.0615)  base_loss: 10.2389 (9.8670)  time: 0.4233  data: 0.1582  max mem: 11382
Epoch: [99]  [500/976]  eta: 0:04:17  lr: 0.000010  sp_loss: 4.9560 (4.6280)  fam_loss: 3.2058 (3.0018)  manu_loss: 2.3709 (2.2181)  ot_loss: 2.1367 (2.0609)  base_loss: 10.5583 (9.8479)  time: 0.4228  data: 0.1068  max mem: 11382
Epoch: [99]  [750/976]  eta: 0:02:01  lr: 0.000010  sp_loss: 4.8461 (4.6296)  fam_loss: 3.1099 (3.0001)  manu_loss: 2.3092 (2.2172)  ot_loss: 2.0879 (2.0614)  base_loss: 10.3001 (9.8469)  time: 0.6041  data: 0.2561  max mem: 11382
Epoch: [99]  [975/976]  eta: 0:00:00  lr: 0.000010  sp_loss: 5.2578 (4.6149)  fam_loss: 3.3743 (2.9910)  manu_loss: 2.4864 (2.2110)  ot_loss: 2.2910 (2.0567)  base_loss: 11.1950 (9.8169)  time: 0.5578  data: 0.0001  max mem: 11382
Epoch: [99] Total time: 0:08:42 (0.5349 s / it)
Averaged stats: lr: 0.000010  sp_loss: 5.2578 (4.6040)  fam_loss: 3.3743 (2.9842)  manu_loss: 2.4864 (2.2061)  ot_loss: 2.2910 (2.0533)  base_loss: 11.1950 (9.7942)
Test:  [  0/391]  eta: 0:49:13  sploss: 1.7822 (1.7822)  famloss: 0.8178 (0.8178)  manuloss: 0.6265 (0.6265)  acc1: 67.1875 (67.1875)  acc5: 86.3281 (86.3281)  family_acc1: 85.9375 (85.9375)  manu_acc1: 89.0625 (89.0625)  time: 7.5540  data: 7.2034  max mem: 11382
Test:  [250/391]  eta: 0:01:18  sploss: 1.7237 (1.8022)  famloss: 0.8764 (0.9144)  manuloss: 0.6218 (0.6542)  acc1: 70.7031 (68.1695)  acc5: 87.5000 (86.7188)  family_acc1: 82.0312 (82.0670)  manu_acc1: 88.6719 (88.5972)  time: 0.4228  data: 0.2074  max mem: 11382
Test:  [390/391]  eta: 0:00:00  sploss: 1.6635 (1.7514)  famloss: 0.8345 (0.8757)  manuloss: 0.5351 (0.6194)  acc1: 71.0938 (69.1440)  acc5: 88.2812 (87.4880)  family_acc1: 83.9844 (82.9780)  manu_acc1: 91.7969 (89.4910)  time: 0.4547  data: 0.2894  max mem: 11382
Test: Total time: 0:03:34 (0.5498 s / it)
* Acc@1 69.144 Acc@5 87.484 family@1 82.983 manu@1 89.492 sploss 1.751 fmloss 0.876 mfloss 0.619
FPA: 63.652% | TICE: 16.351%   
 wAP: 70.975  |  LCA: 56.764   |   Precision and Recall: 80.195%
Accuracy of the network on the 100000 test images: 69.1%
Max accuracy: 69.39%
Training time 18:30:44
Test:  [  0/391]  eta: 0:56:27  sploss: 1.7820 (1.7820)  famloss: 0.8174 (0.8174)  manuloss: 0.6259 (0.6259)  acc1: 67.1875 (67.1875)  acc5: 86.3281 (86.3281)  family_acc1: 85.9375 (85.9375)  manu_acc1: 89.0625 (89.0625)  time: 8.6648  data: 8.4027  max mem: 11382
Test:  [  1/391]  eta: 0:28:51  sploss: 1.7820 (1.8016)  famloss: 0.8174 (0.8664)  manuloss: 0.6259 (0.6601)  acc1: 67.1875 (68.9453)  acc5: 86.3281 (87.1094)  family_acc1: 80.0781 (83.0078)  manu_acc1: 87.1094 (88.0859)  time: 4.4388  data: 4.2016  max mem: 11382
Test:  [  2/391]  eta: 0:19:36  sploss: 1.7820 (1.7442)  famloss: 0.8174 (0.8261)  manuloss: 0.6259 (0.5967)  acc1: 70.7031 (70.7031)  acc5: 87.8906 (87.6302)  family_acc1: 85.9375 (83.9844)  manu_acc1: 89.0625 (89.8438)  time: 3.0245  data: 2.8012  max mem: 11382
Test:  [  3/391]  eta: 0:14:59  sploss: 1.7820 (1.7811)  famloss: 0.8174 (0.8459)  manuloss: 0.6259 (0.6069)  acc1: 67.1875 (69.7266)  acc5: 86.3281 (86.7188)  family_acc1: 83.5938 (83.8867)  manu_acc1: 89.0625 (89.9414)  time: 2.3184  data: 2.1011  max mem: 11382
Test:  [  4/391]  eta: 0:12:13  sploss: 1.8211 (1.8279)  famloss: 0.9056 (0.8926)  manuloss: 0.6374 (0.6404)  acc1: 67.1875 (68.2812)  acc5: 86.3281 (85.7031)  family_acc1: 83.5938 (82.3438)  manu_acc1: 89.0625 (89.0625)  time: 1.8951  data: 1.6810  max mem: 11382
Test:  [  5/391]  eta: 0:10:23  sploss: 1.8211 (1.8363)  famloss: 0.9056 (0.9025)  manuloss: 0.6374 (0.6609)  acc1: 66.7969 (67.8385)  acc5: 83.9844 (85.4167)  family_acc1: 80.8594 (82.0964)  manu_acc1: 87.1094 (88.6068)  time: 1.6154  data: 1.4009  max mem: 11382
Test:  [  6/391]  eta: 0:09:05  sploss: 1.8231 (1.8345)  famloss: 0.9056 (0.8900)  manuloss: 0.6374 (0.6501)  acc1: 67.1875 (67.8013)  acc5: 85.1562 (85.3795)  family_acc1: 83.5938 (82.5335)  manu_acc1: 89.0625 (88.9509)  time: 1.4174  data: 1.2008  max mem: 11382
Test:  [  7/391]  eta: 0:08:05  sploss: 1.8231 (1.8691)  famloss: 0.9056 (0.9064)  manuloss: 0.6374 (0.6687)  acc1: 66.7969 (66.6016)  acc5: 83.9844 (84.8633)  family_acc1: 80.8594 (81.9824)  manu_acc1: 87.1094 (88.2324)  time: 1.2636  data: 1.0508  max mem: 11382
Test:  [  8/391]  eta: 0:07:19  sploss: 1.8783 (1.8999)  famloss: 0.9153 (0.9623)  manuloss: 0.6942 (0.7129)  acc1: 66.7969 (66.3628)  acc5: 83.9844 (84.6788)  family_acc1: 80.8594 (80.8594)  manu_acc1: 87.1094 (87.1528)  time: 1.1463  data: 0.9341  max mem: 11382
Test:  [  9/391]  eta: 0:06:40  sploss: 1.8783 (1.9100)  famloss: 0.9153 (0.9774)  manuloss: 0.6942 (0.7207)  acc1: 65.6250 (65.9375)  acc5: 83.9844 (84.5312)  family_acc1: 80.0781 (80.2344)  manu_acc1: 86.3281 (86.7969)  time: 1.0489  data: 0.8408  max mem: 11382
Test:  [ 10/391]  eta: 0:06:09  sploss: 1.8920 (1.9175)  famloss: 0.9519 (0.9836)  manuloss: 0.7443 (0.7229)  acc1: 66.4062 (65.9801)  acc5: 83.9844 (84.3395)  family_acc1: 80.0781 (80.0426)  manu_acc1: 86.7188 (86.7898)  time: 0.9701  data: 0.7644  max mem: 11382
Test:  [ 11/391]  eta: 0:05:44  sploss: 1.8783 (1.9042)  famloss: 0.9153 (0.9706)  manuloss: 0.6942 (0.7133)  acc1: 66.4062 (66.3411)  acc5: 83.9844 (84.5052)  family_acc1: 80.0781 (80.4036)  manu_acc1: 86.7188 (87.1094)  time: 0.9069  data: 0.7007  max mem: 11382
Test:  [ 12/391]  eta: 0:07:18  sploss: 1.8783 (1.8899)  famloss: 0.9225 (0.9669)  manuloss: 0.6942 (0.7110)  acc1: 66.7969 (66.4062)  acc5: 83.9844 (84.6154)  family_acc1: 80.8594 (80.6490)  manu_acc1: 87.1094 (87.3197)  time: 1.1581  data: 0.9393  max mem: 11382
Test:  [ 13/391]  eta: 0:06:53  sploss: 1.8231 (1.8828)  famloss: 0.9225 (0.9685)  manuloss: 0.6832 (0.7088)  acc1: 66.7969 (66.7969)  acc5: 83.9844 (84.7377)  family_acc1: 80.8594 (80.6920)  manu_acc1: 87.1094 (87.3884)  time: 1.0931  data: 0.8723  max mem: 11382
Test:  [ 14/391]  eta: 0:06:35  sploss: 1.8460 (1.8804)  famloss: 0.9225 (0.9611)  manuloss: 0.6832 (0.7017)  acc1: 67.1875 (66.8229)  acc5: 84.7656 (84.7396)  family_acc1: 81.2500 (80.9115)  manu_acc1: 88.2812 (87.6042)  time: 1.0504  data: 0.8312  max mem: 11382
Test:  [ 15/391]  eta: 0:06:15  sploss: 1.8460 (1.8819)  famloss: 0.9225 (0.9594)  manuloss: 0.6799 (0.6990)  acc1: 66.7969 (66.7480)  acc5: 83.9844 (84.6680)  family_acc1: 81.2500 (81.1035)  manu_acc1: 88.2812 (87.6709)  time: 0.9981  data: 0.7793  max mem: 11382
Test:  [ 16/391]  eta: 0:05:56  sploss: 1.8460 (1.8683)  famloss: 0.9225 (0.9503)  manuloss: 0.6799 (0.6924)  acc1: 67.1875 (66.9577)  acc5: 84.7656 (84.9494)  family_acc1: 83.5938 (81.2500)  manu_acc1: 88.6719 (87.7757)  time: 0.9503  data: 0.7335  max mem: 11382
Test:  [ 17/391]  eta: 0:05:39  sploss: 1.8231 (1.8630)  famloss: 0.9153 (0.9429)  manuloss: 0.6581 (0.6859)  acc1: 66.7969 (66.7969)  acc5: 84.7656 (85.0260)  family_acc1: 83.2031 (81.3585)  manu_acc1: 88.6719 (87.8689)  time: 0.9080  data: 0.6927  max mem: 11382
Test:  [ 18/391]  eta: 0:05:24  sploss: 1.8231 (1.8607)  famloss: 0.9153 (0.9394)  manuloss: 0.6799 (0.6881)  acc1: 66.7969 (66.7969)  acc5: 85.1562 (85.0740)  family_acc1: 83.2031 (81.4145)  manu_acc1: 88.6719 (87.7673)  time: 0.8691  data: 0.6563  max mem: 11382
Test:  [ 19/391]  eta: 0:05:10  sploss: 1.8211 (1.8566)  famloss: 0.9056 (0.9352)  manuloss: 0.6581 (0.6864)  acc1: 66.7969 (66.8359)  acc5: 85.1562 (85.2344)  family_acc1: 83.2031 (81.5039)  manu_acc1: 88.6719 (87.8125)  time: 0.8342  data: 0.6235  max mem: 11382
Test:  [ 20/391]  eta: 0:04:57  sploss: 1.8231 (1.8657)  famloss: 0.9153 (0.9419)  manuloss: 0.6799 (0.6940)  acc1: 66.7969 (66.5179)  acc5: 84.7656 (85.0446)  family_acc1: 82.4219 (81.3802)  manu_acc1: 88.2812 (87.6674)  time: 0.4094  data: 0.2034  max mem: 11382
Test:  [ 21/391]  eta: 0:04:46  sploss: 1.8460 (1.8788)  famloss: 0.9225 (0.9512)  manuloss: 0.6799 (0.6973)  acc1: 66.4062 (66.4240)  acc5: 83.9844 (84.9432)  family_acc1: 82.4219 (81.1080)  manu_acc1: 88.2812 (87.5355)  time: 0.4074  data: 0.2034  max mem: 11382
Test:  [ 22/391]  eta: 0:04:35  sploss: 1.8530 (1.8777)  famloss: 0.9225 (0.9481)  manuloss: 0.6799 (0.6934)  acc1: 65.6250 (66.3723)  acc5: 83.9844 (84.9015)  family_acc1: 82.4219 (81.2330)  manu_acc1: 88.2812 (87.6359)  time: 0.4062  data: 0.2034  max mem: 11382
Test:  [ 23/391]  eta: 0:04:26  sploss: 1.8460 (1.8697)  famloss: 0.9351 (0.9475)  manuloss: 0.6832 (0.6970)  acc1: 65.6250 (66.5527)  acc5: 83.9844 (85.0911)  family_acc1: 82.0312 (81.2663)  manu_acc1: 86.7188 (87.5326)  time: 0.4051  data: 0.2034  max mem: 11382
Test:  [ 24/391]  eta: 0:05:22  sploss: 1.8407 (1.8685)  famloss: 0.9225 (0.9448)  manuloss: 0.6832 (0.7003)  acc1: 65.6250 (66.4062)  acc5: 84.3750 (85.0625)  family_acc1: 82.4219 (81.3281)  manu_acc1: 86.7188 (87.4844)  time: 0.6259  data: 0.4225  max mem: 11382
Test:  [ 25/391]  eta: 0:05:12  sploss: 1.8407 (1.8675)  famloss: 0.9225 (0.9490)  manuloss: 0.6832 (0.7061)  acc1: 65.6250 (66.3762)  acc5: 84.7656 (85.0962)  family_acc1: 82.4219 (81.2200)  manu_acc1: 86.7188 (87.3347)  time: 0.6269  data: 0.4225  max mem: 11382
Test:  [ 26/391]  eta: 0:05:03  sploss: 1.8407 (1.8550)  famloss: 0.9225 (0.9473)  manuloss: 0.7199 (0.7067)  acc1: 65.6250 (66.6088)  acc5: 84.7656 (85.3009)  family_acc1: 82.4219 (81.3079)  manu_acc1: 86.7188 (87.4421)  time: 0.6266  data: 0.4227  max mem: 11382
Test:  [ 27/391]  eta: 0:04:54  sploss: 1.8407 (1.8595)  famloss: 0.9225 (0.9524)  manuloss: 0.6832 (0.7057)  acc1: 65.6250 (66.4621)  acc5: 85.1562 (85.2958)  family_acc1: 82.4219 (81.1663)  manu_acc1: 87.5000 (87.4442)  time: 0.6267  data: 0.4227  max mem: 11382
Test:  [ 28/391]  eta: 0:04:46  sploss: 1.8194 (1.8561)  famloss: 0.9017 (0.9475)  manuloss: 0.6799 (0.7035)  acc1: 66.4062 (66.6352)  acc5: 85.9375 (85.4122)  family_acc1: 82.8125 (81.3039)  manu_acc1: 88.2812 (87.5269)  time: 0.6277  data: 0.4227  max mem: 11382
Test:  [ 29/391]  eta: 0:04:38  sploss: 1.8194 (1.8570)  famloss: 0.9017 (0.9468)  manuloss: 0.6785 (0.7023)  acc1: 66.7969 (66.6406)  acc5: 85.9375 (85.4427)  family_acc1: 83.2031 (81.3672)  manu_acc1: 88.6719 (87.6172)  time: 0.6302  data: 0.4228  max mem: 11382
Test:  [ 30/391]  eta: 0:04:31  sploss: 1.7914 (1.8514)  famloss: 0.8794 (0.9444)  manuloss: 0.6678 (0.7006)  acc1: 66.7969 (66.7465)  acc5: 85.9375 (85.5091)  family_acc1: 83.2031 (81.4138)  manu_acc1: 88.6719 (87.6512)  time: 0.6317  data: 0.4229  max mem: 11382
Test:  [ 31/391]  eta: 0:04:24  sploss: 1.7914 (1.8486)  famloss: 0.8794 (0.9416)  manuloss: 0.6678 (0.6957)  acc1: 66.7969 (66.8335)  acc5: 85.9375 (85.4980)  family_acc1: 83.2031 (81.5063)  manu_acc1: 88.6719 (87.7075)  time: 0.6310  data: 0.4229  max mem: 11382
Test:  [ 32/391]  eta: 0:04:17  sploss: 1.8073 (1.8473)  famloss: 0.8794 (0.9377)  manuloss: 0.6581 (0.6912)  acc1: 66.7969 (66.9389)  acc5: 85.9375 (85.4995)  family_acc1: 83.2031 (81.6288)  manu_acc1: 88.6719 (87.8670)  time: 0.4320  data: 0.2328  max mem: 11382
Test:  [ 33/391]  eta: 0:04:11  sploss: 1.8073 (1.8426)  famloss: 0.8765 (0.9320)  manuloss: 0.6558 (0.6867)  acc1: 66.7969 (67.1301)  acc5: 85.9375 (85.5699)  family_acc1: 83.2031 (81.7325)  manu_acc1: 88.6719 (87.9481)  time: 0.4294  data: 0.2328  max mem: 11382
Test:  [ 34/391]  eta: 0:04:05  sploss: 1.7790 (1.8369)  famloss: 0.8765 (0.9257)  manuloss: 0.6558 (0.6802)  acc1: 66.7969 (67.2210)  acc5: 85.9375 (85.6808)  family_acc1: 83.2031 (81.7969)  manu_acc1: 88.6719 (88.1027)  time: 0.4163  data: 0.2201  max mem: 11382
Test:  [ 35/391]  eta: 0:03:59  sploss: 1.7729 (1.8283)  famloss: 0.8732 (0.9200)  manuloss: 0.6480 (0.6765)  acc1: 67.5781 (67.4045)  acc5: 86.3281 (85.8615)  family_acc1: 83.2031 (81.8793)  manu_acc1: 89.4531 (88.1619)  time: 0.4138  data: 0.2201  max mem: 11382
Test:  [ 36/391]  eta: 0:04:34  sploss: 1.7790 (1.8275)  famloss: 0.8732 (0.9176)  manuloss: 0.6558 (0.6762)  acc1: 67.5781 (67.4198)  acc5: 86.3281 (85.8953)  family_acc1: 83.2031 (82.0207)  manu_acc1: 89.4531 (88.2073)  time: 0.6243  data: 0.4295  max mem: 11382
Test:  [ 37/391]  eta: 0:04:28  sploss: 1.8004 (1.8313)  famloss: 0.8765 (0.9205)  manuloss: 0.6640 (0.6780)  acc1: 67.5781 (67.3623)  acc5: 85.9375 (85.8553)  family_acc1: 83.2031 (81.9182)  manu_acc1: 88.6719 (88.1271)  time: 0.6245  data: 0.4295  max mem: 11382
Test:  [ 38/391]  eta: 0:04:22  sploss: 1.8004 (1.8378)  famloss: 0.8794 (0.9212)  manuloss: 0.6640 (0.6790)  acc1: 67.5781 (67.2075)  acc5: 85.9375 (85.7572)  family_acc1: 83.2031 (81.8810)  manu_acc1: 88.6719 (88.1010)  time: 0.6245  data: 0.4295  max mem: 11382
Test:  [ 39/391]  eta: 0:04:16  sploss: 1.8073 (1.8430)  famloss: 0.8794 (0.9240)  manuloss: 0.6678 (0.6798)  acc1: 66.7969 (67.1582)  acc5: 85.5469 (85.6934)  family_acc1: 82.8125 (81.8359)  manu_acc1: 88.6719 (88.0664)  time: 0.6240  data: 0.4295  max mem: 11382
Test:  [ 40/391]  eta: 0:04:11  sploss: 1.8073 (1.8430)  famloss: 0.8794 (0.9257)  manuloss: 0.6678 (0.6805)  acc1: 66.7969 (67.0732)  acc5: 85.9375 (85.7279)  family_acc1: 82.8125 (81.8121)  manu_acc1: 88.6719 (88.0621)  time: 0.6238  data: 0.4295  max mem: 11382
Test:  [ 41/391]  eta: 0:04:05  sploss: 1.8073 (1.8476)  famloss: 0.8794 (0.9255)  manuloss: 0.6640 (0.6796)  acc1: 66.7969 (66.9736)  acc5: 85.9375 (85.6492)  family_acc1: 82.8125 (81.8359)  manu_acc1: 88.6719 (88.0673)  time: 0.6235  data: 0.4295  max mem: 11382
Test:  [ 42/391]  eta: 0:04:00  sploss: 1.8073 (1.8499)  famloss: 0.9017 (0.9281)  manuloss: 0.6678 (0.6796)  acc1: 66.7969 (66.8877)  acc5: 86.3281 (85.6650)  family_acc1: 82.8125 (81.7769)  manu_acc1: 88.2812 (88.0632)  time: 0.6231  data: 0.4295  max mem: 11382
Test:  [ 43/391]  eta: 0:03:55  sploss: 1.8403 (1.8497)  famloss: 0.9017 (0.9287)  manuloss: 0.6640 (0.6791)  acc1: 65.6250 (66.8235)  acc5: 85.9375 (85.6623)  family_acc1: 82.8125 (81.7915)  manu_acc1: 88.6719 (88.0948)  time: 0.6226  data: 0.4295  max mem: 11382
Test:  [ 44/391]  eta: 0:03:51  sploss: 1.8328 (1.8493)  famloss: 0.9187 (0.9286)  manuloss: 0.6582 (0.6772)  acc1: 65.6250 (66.7795)  acc5: 85.9375 (85.6597)  family_acc1: 82.8125 (81.8142)  manu_acc1: 89.4531 (88.1510)  time: 0.4013  data: 0.2104  max mem: 11382
Test:  [ 45/391]  eta: 0:03:47  sploss: 1.8073 (1.8480)  famloss: 0.9187 (0.9292)  manuloss: 0.6582 (0.6770)  acc1: 66.4062 (66.7714)  acc5: 86.3281 (85.7082)  family_acc1: 82.8125 (81.8444)  manu_acc1: 89.4531 (88.1539)  time: 0.3996  data: 0.2104  max mem: 11382
Test:  [ 46/391]  eta: 0:03:43  sploss: 1.8328 (1.8498)  famloss: 0.9225 (0.9302)  manuloss: 0.6556 (0.6766)  acc1: 65.2344 (66.7304)  acc5: 85.9375 (85.7131)  family_acc1: 82.8125 (81.8068)  manu_acc1: 89.0625 (88.1732)  time: 0.3982  data: 0.2102  max mem: 11382
Test:  [ 47/391]  eta: 0:03:39  sploss: 1.8166 (1.8491)  famloss: 0.9225 (0.9302)  manuloss: 0.6480 (0.6747)  acc1: 66.4062 (66.7806)  acc5: 86.3281 (85.7340)  family_acc1: 82.8125 (81.7383)  manu_acc1: 89.4531 (88.2161)  time: 0.3986  data: 0.2102  max mem: 11382
Test:  [ 48/391]  eta: 0:04:08  sploss: 1.8166 (1.8474)  famloss: 0.9225 (0.9292)  manuloss: 0.6538 (0.6742)  acc1: 66.4062 (66.8208)  acc5: 86.3281 (85.7541)  family_acc1: 82.8125 (81.8001)  manu_acc1: 89.0625 (88.2175)  time: 0.6280  data: 0.4401  max mem: 11382
Test:  [ 49/391]  eta: 0:04:03  sploss: 1.8073 (1.8458)  famloss: 0.9187 (0.9283)  manuloss: 0.6489 (0.6737)  acc1: 66.4062 (66.8750)  acc5: 86.3281 (85.7812)  family_acc1: 82.8125 (81.8281)  manu_acc1: 89.0625 (88.2344)  time: 0.6273  data: 0.4400  max mem: 11382
Test:  [ 50/391]  eta: 0:03:59  sploss: 1.8166 (1.8452)  famloss: 0.9225 (0.9296)  manuloss: 0.6538 (0.6746)  acc1: 66.4062 (66.8811)  acc5: 85.9375 (85.7843)  family_acc1: 82.8125 (81.7862)  manu_acc1: 89.0625 (88.1893)  time: 0.6268  data: 0.4398  max mem: 11382
Test:  [ 51/391]  eta: 0:03:55  sploss: 1.8170 (1.8454)  famloss: 0.9278 (0.9309)  manuloss: 0.6556 (0.6768)  acc1: 65.6250 (66.8570)  acc5: 85.9375 (85.7797)  family_acc1: 82.4219 (81.7458)  manu_acc1: 88.2812 (88.1010)  time: 0.6271  data: 0.4398  max mem: 11382
Test:  [ 52/391]  eta: 0:03:51  sploss: 1.8170 (1.8430)  famloss: 0.9278 (0.9300)  manuloss: 0.6556 (0.6756)  acc1: 65.6250 (66.8927)  acc5: 86.3281 (85.8638)  family_acc1: 81.6406 (81.7438)  manu_acc1: 88.2812 (88.1412)  time: 0.6279  data: 0.4398  max mem: 11382
Test:  [ 53/391]  eta: 0:03:48  sploss: 1.8328 (1.8445)  famloss: 0.9510 (0.9319)  manuloss: 0.6582 (0.6763)  acc1: 65.2344 (66.8330)  acc5: 85.9375 (85.8507)  family_acc1: 80.8594 (81.7057)  manu_acc1: 88.2812 (88.1293)  time: 0.6278  data: 0.4398  max mem: 11382
Test:  [ 54/391]  eta: 0:03:44  sploss: 1.8403 (1.8456)  famloss: 0.9566 (0.9332)  manuloss: 0.6640 (0.6761)  acc1: 65.2344 (66.8111)  acc5: 85.9375 (85.8097)  family_acc1: 80.8594 (81.6974)  manu_acc1: 88.2812 (88.1392)  time: 0.6283  data: 0.4398  max mem: 11382
Test:  [ 55/391]  eta: 0:03:41  sploss: 1.8403 (1.8442)  famloss: 0.9566 (0.9320)  manuloss: 0.6659 (0.6767)  acc1: 65.2344 (66.8876)  acc5: 85.9375 (85.8259)  family_acc1: 80.8594 (81.6964)  manu_acc1: 88.2812 (88.1348)  time: 0.6297  data: 0.4398  max mem: 11382
Test:  [ 56/391]  eta: 0:03:37  sploss: 1.8403 (1.8435)  famloss: 0.9566 (0.9306)  manuloss: 0.6659 (0.6758)  acc1: 65.2344 (66.9408)  acc5: 85.9375 (85.8347)  family_acc1: 80.8594 (81.7571)  manu_acc1: 88.2812 (88.1647)  time: 0.4188  data: 0.2303  max mem: 11382
Test:  [ 57/391]  eta: 0:03:34  sploss: 1.8328 (1.8421)  famloss: 0.9510 (0.9296)  manuloss: 0.6582 (0.6742)  acc1: 65.6250 (66.9922)  acc5: 85.9375 (85.8432)  family_acc1: 81.2500 (81.8090)  manu_acc1: 88.2812 (88.1870)  time: 0.4180  data: 0.2303  max mem: 11382
Test:  [ 58/391]  eta: 0:03:31  sploss: 1.8170 (1.8402)  famloss: 0.9278 (0.9281)  manuloss: 0.6556 (0.6729)  acc1: 65.6250 (67.0154)  acc5: 86.3281 (85.8713)  family_acc1: 81.6406 (81.8459)  manu_acc1: 88.2812 (88.2217)  time: 0.4195  data: 0.2303  max mem: 11382
Test:  [ 59/391]  eta: 0:03:28  sploss: 1.8166 (1.8358)  famloss: 0.9225 (0.9264)  manuloss: 0.6538 (0.6713)  acc1: 66.4062 (67.0964)  acc5: 86.3281 (85.9440)  family_acc1: 81.6406 (81.8685)  manu_acc1: 88.6719 (88.2357)  time: 0.4216  data: 0.2303  max mem: 11382
Test:  [ 60/391]  eta: 0:03:44  sploss: 1.7998 (1.8335)  famloss: 0.9187 (0.9245)  manuloss: 0.6489 (0.6693)  acc1: 67.1875 (67.1299)  acc5: 86.3281 (85.9695)  family_acc1: 82.4219 (81.8968)  manu_acc1: 89.0625 (88.2941)  time: 0.5987  data: 0.3976  max mem: 11382
Test:  [ 61/391]  eta: 0:03:41  sploss: 1.7998 (1.8330)  famloss: 0.8842 (0.9236)  manuloss: 0.6489 (0.6676)  acc1: 67.1875 (67.1308)  acc5: 86.3281 (85.9942)  family_acc1: 82.4219 (81.9115)  manu_acc1: 89.0625 (88.3128)  time: 0.6075  data: 0.4041  max mem: 11382
Test:  [ 62/391]  eta: 0:03:39  sploss: 1.7882 (1.8323)  famloss: 0.8825 (0.9227)  manuloss: 0.6401 (0.6672)  acc1: 68.3594 (67.2123)  acc5: 86.7188 (86.0057)  family_acc1: 82.8125 (81.9382)  manu_acc1: 89.0625 (88.3061)  time: 0.6149  data: 0.4101  max mem: 11382
Test:  [ 63/391]  eta: 0:03:35  sploss: 1.7854 (1.8282)  famloss: 0.8822 (0.9217)  manuloss: 0.6401 (0.6681)  acc1: 68.7500 (67.2974)  acc5: 86.7188 (86.0535)  family_acc1: 82.8125 (81.9641)  manu_acc1: 89.0625 (88.2935)  time: 0.6157  data: 0.4101  max mem: 11382
Test:  [ 64/391]  eta: 0:03:33  sploss: 1.7723 (1.8272)  famloss: 0.8822 (0.9211)  manuloss: 0.6401 (0.6671)  acc1: 68.7500 (67.3257)  acc5: 86.7188 (86.1058)  family_acc1: 82.8125 (81.9772)  manu_acc1: 89.0625 (88.3233)  time: 0.6160  data: 0.4101  max mem: 11382
Test:  [ 65/391]  eta: 0:03:30  sploss: 1.7663 (1.8242)  famloss: 0.8711 (0.9200)  manuloss: 0.6224 (0.6662)  acc1: 68.7500 (67.3414)  acc5: 86.7188 (86.1920)  family_acc1: 82.8125 (82.0253)  manu_acc1: 89.0625 (88.3404)  time: 0.6151  data: 0.4101  max mem: 11382
Test:  [ 66/391]  eta: 0:03:27  sploss: 1.7663 (1.8266)  famloss: 0.8711 (0.9202)  manuloss: 0.6224 (0.6658)  acc1: 68.7500 (67.3099)  acc5: 86.7188 (86.1590)  family_acc1: 82.8125 (81.9963)  manu_acc1: 89.0625 (88.3454)  time: 0.6143  data: 0.4101  max mem: 11382
Test:  [ 67/391]  eta: 0:03:24  sploss: 1.7654 (1.8245)  famloss: 0.8701 (0.9167)  manuloss: 0.6224 (0.6632)  acc1: 68.7500 (67.3656)  acc5: 86.7188 (86.2132)  family_acc1: 83.2031 (82.1174)  manu_acc1: 89.0625 (88.4306)  time: 0.6145  data: 0.4101  max mem: 11382
Test:  [ 68/391]  eta: 0:03:21  sploss: 1.7654 (1.8231)  famloss: 0.8701 (0.9161)  manuloss: 0.6224 (0.6637)  acc1: 69.1406 (67.4026)  acc5: 87.1094 (86.2432)  family_acc1: 83.2031 (82.1501)  manu_acc1: 89.0625 (88.4341)  time: 0.3837  data: 0.1802  max mem: 11382
Test:  [ 69/391]  eta: 0:03:19  sploss: 1.7663 (1.8237)  famloss: 0.8701 (0.9180)  manuloss: 0.6224 (0.6651)  acc1: 69.1406 (67.4498)  acc5: 86.7188 (86.2388)  family_acc1: 82.8125 (82.1373)  manu_acc1: 88.6719 (88.4096)  time: 0.3832  data: 0.1802  max mem: 11382
Test:  [ 70/391]  eta: 0:03:16  sploss: 1.7663 (1.8239)  famloss: 0.8674 (0.9169)  manuloss: 0.6151 (0.6637)  acc1: 69.1406 (67.4626)  acc5: 86.7188 (86.2291)  family_acc1: 83.2031 (82.1908)  manu_acc1: 89.0625 (88.4628)  time: 0.3827  data: 0.1802  max mem: 11382
Test:  [ 71/391]  eta: 0:03:14  sploss: 1.7611 (1.8199)  famloss: 0.8658 (0.9141)  manuloss: 0.6066 (0.6622)  acc1: 69.1406 (67.5293)  acc5: 87.5000 (86.3227)  family_acc1: 83.5938 (82.2591)  manu_acc1: 89.4531 (88.5200)  time: 0.3807  data: 0.1802  max mem: 11382
Test:  [ 72/391]  eta: 0:03:28  sploss: 1.7611 (1.8186)  famloss: 0.8553 (0.9132)  manuloss: 0.6062 (0.6603)  acc1: 69.1406 (67.5460)  acc5: 87.5000 (86.3442)  family_acc1: 83.5938 (82.2720)  manu_acc1: 89.4531 (88.5970)  time: 0.5679  data: 0.3655  max mem: 11382
Test:  [ 73/391]  eta: 0:03:26  sploss: 1.7611 (1.8192)  famloss: 0.8542 (0.9106)  manuloss: 0.5970 (0.6587)  acc1: 69.1406 (67.5465)  acc5: 87.5000 (86.3334)  family_acc1: 83.5938 (82.3427)  manu_acc1: 89.4531 (88.6244)  time: 0.5830  data: 0.3799  max mem: 11382
Test:  [ 74/391]  eta: 0:03:24  sploss: 1.7304 (1.8167)  famloss: 0.8427 (0.9075)  manuloss: 0.5824 (0.6558)  acc1: 69.5312 (67.5729)  acc5: 87.5000 (86.3698)  family_acc1: 83.5938 (82.4010)  manu_acc1: 89.4531 (88.6979)  time: 0.5844  data: 0.3820  max mem: 11382
Test:  [ 75/391]  eta: 0:03:21  sploss: 1.7304 (1.8166)  famloss: 0.8427 (0.9077)  manuloss: 0.5824 (0.6555)  acc1: 69.1406 (67.5370)  acc5: 87.5000 (86.3744)  family_acc1: 83.5938 (82.4013)  manu_acc1: 89.8438 (88.7181)  time: 0.5840  data: 0.3819  max mem: 11382
Test:  [ 76/391]  eta: 0:03:19  sploss: 1.7304 (1.8167)  famloss: 0.8427 (0.9070)  manuloss: 0.5824 (0.6549)  acc1: 69.1406 (67.5325)  acc5: 87.5000 (86.3839)  family_acc1: 83.5938 (82.4168)  manu_acc1: 90.2344 (88.7429)  time: 0.5834  data: 0.3819  max mem: 11382
Test:  [ 77/391]  eta: 0:03:16  sploss: 1.7304 (1.8202)  famloss: 0.8427 (0.9076)  manuloss: 0.5970 (0.6546)  acc1: 68.7500 (67.4880)  acc5: 87.5000 (86.3532)  family_acc1: 83.5938 (82.4169)  manu_acc1: 90.2344 (88.7420)  time: 0.5829  data: 0.3819  max mem: 11382
Test:  [ 78/391]  eta: 0:03:14  sploss: 1.7278 (1.8189)  famloss: 0.8553 (0.9076)  manuloss: 0.6062 (0.6548)  acc1: 68.7500 (67.4990)  acc5: 87.5000 (86.3776)  family_acc1: 83.5938 (82.4169)  manu_acc1: 89.4531 (88.7213)  time: 0.5827  data: 0.3819  max mem: 11382
Test:  [ 79/391]  eta: 0:03:12  sploss: 1.7611 (1.8219)  famloss: 0.8574 (0.9100)  manuloss: 0.6066 (0.6560)  acc1: 68.3594 (67.4658)  acc5: 87.5000 (86.3330)  family_acc1: 83.5938 (82.3535)  manu_acc1: 89.4531 (88.6768)  time: 0.5826  data: 0.3819  max mem: 11382
Test:  [ 80/391]  eta: 0:03:09  sploss: 1.7854 (1.8243)  famloss: 0.8658 (0.9118)  manuloss: 0.6139 (0.6559)  acc1: 68.3594 (67.3804)  acc5: 87.1094 (86.2847)  family_acc1: 83.2031 (82.3254)  manu_acc1: 89.4531 (88.6912)  time: 0.4069  data: 0.2147  max mem: 11382
Test:  [ 81/391]  eta: 0:03:07  sploss: 1.7611 (1.8236)  famloss: 0.8658 (0.9117)  manuloss: 0.6280 (0.6560)  acc1: 68.3594 (67.3685)  acc5: 87.1094 (86.3091)  family_acc1: 83.2031 (82.2933)  manu_acc1: 89.4531 (88.6528)  time: 0.3996  data: 0.2082  max mem: 11382
Test:  [ 82/391]  eta: 0:03:05  sploss: 1.7611 (1.8256)  famloss: 0.8750 (0.9133)  manuloss: 0.6280 (0.6569)  acc1: 68.3594 (67.3146)  acc5: 87.1094 (86.2622)  family_acc1: 82.8125 (82.2619)  manu_acc1: 89.4531 (88.6342)  time: 0.3940  data: 0.2022  max mem: 11382
Test:  [ 83/391]  eta: 0:03:03  sploss: 1.8100 (1.8265)  famloss: 0.8875 (0.9149)  manuloss: 0.6280 (0.6578)  acc1: 67.5781 (67.2526)  acc5: 87.1094 (86.2863)  family_acc1: 82.4219 (82.2266)  manu_acc1: 89.4531 (88.6068)  time: 0.3946  data: 0.2022  max mem: 11382
Test:  [ 84/391]  eta: 0:03:15  sploss: 1.8264 (1.8292)  famloss: 0.9063 (0.9172)  manuloss: 0.6319 (0.6585)  acc1: 67.1875 (67.2059)  acc5: 86.7188 (86.2362)  family_acc1: 82.4219 (82.1645)  manu_acc1: 88.6719 (88.5800)  time: 0.5883  data: 0.3918  max mem: 11382
Test:  [ 85/391]  eta: 0:03:13  sploss: 1.8264 (1.8282)  famloss: 0.9076 (0.9177)  manuloss: 0.6399 (0.6587)  acc1: 67.1875 (67.2329)  acc5: 85.9375 (86.2282)  family_acc1: 82.4219 (82.1221)  manu_acc1: 88.6719 (88.5856)  time: 0.5902  data: 0.3918  max mem: 11382
Test:  [ 86/391]  eta: 0:03:11  sploss: 1.8100 (1.8267)  famloss: 0.9063 (0.9160)  manuloss: 0.6319 (0.6572)  acc1: 67.5781 (67.2504)  acc5: 86.7188 (86.2338)  family_acc1: 82.4219 (82.1435)  manu_acc1: 89.0625 (88.6180)  time: 0.5965  data: 0.3972  max mem: 11382
Test:  [ 87/391]  eta: 0:03:09  sploss: 1.8264 (1.8284)  famloss: 0.9076 (0.9161)  manuloss: 0.6319 (0.6566)  acc1: 67.1875 (67.2408)  acc5: 85.9375 (86.1950)  family_acc1: 82.4219 (82.1422)  manu_acc1: 89.0625 (88.6230)  time: 0.5963  data: 0.3972  max mem: 11382
Test:  [ 88/391]  eta: 0:03:07  sploss: 1.8264 (1.8281)  famloss: 0.9076 (0.9154)  manuloss: 0.6280 (0.6558)  acc1: 67.1875 (67.2446)  acc5: 85.9375 (86.1965)  family_acc1: 82.4219 (82.1541)  manu_acc1: 89.0625 (88.6324)  time: 0.5964  data: 0.3972  max mem: 11382
Test:  [ 89/391]  eta: 0:03:05  sploss: 1.8100 (1.8275)  famloss: 0.9076 (0.9155)  manuloss: 0.6280 (0.6555)  acc1: 67.1875 (67.2830)  acc5: 86.3281 (86.2240)  family_acc1: 82.4219 (82.1354)  manu_acc1: 89.4531 (88.6415)  time: 0.5958  data: 0.3972  max mem: 11382
Test:  [ 90/391]  eta: 0:03:03  sploss: 1.8049 (1.8272)  famloss: 0.9200 (0.9158)  manuloss: 0.6280 (0.6543)  acc1: 67.1875 (67.2862)  acc5: 86.3281 (86.2165)  family_acc1: 82.4219 (82.1429)  manu_acc1: 89.4531 (88.6848)  time: 0.5960  data: 0.3972  max mem: 11382
Test:  [ 91/391]  eta: 0:03:01  sploss: 1.8100 (1.8289)  famloss: 0.9231 (0.9178)  manuloss: 0.6287 (0.6560)  acc1: 66.4062 (67.2724)  acc5: 86.3281 (86.2177)  family_acc1: 82.0312 (82.0907)  manu_acc1: 89.0625 (88.6549)  time: 0.5967  data: 0.3971  max mem: 11382
Test:  [ 92/391]  eta: 0:02:59  sploss: 1.8100 (1.8280)  famloss: 0.9236 (0.9186)  manuloss: 0.6319 (0.6561)  acc1: 66.4062 (67.3471)  acc5: 86.3281 (86.2483)  family_acc1: 80.4688 (82.0607)  manu_acc1: 89.0625 (88.6383)  time: 0.4091  data: 0.2118  max mem: 11382
Test:  [ 93/391]  eta: 0:02:57  sploss: 1.8100 (1.8280)  famloss: 0.9279 (0.9187)  manuloss: 0.6319 (0.6556)  acc1: 66.4062 (67.3828)  acc5: 86.3281 (86.2450)  family_acc1: 80.4688 (82.0562)  manu_acc1: 89.0625 (88.6553)  time: 0.3941  data: 0.1975  max mem: 11382
Test:  [ 94/391]  eta: 0:02:55  sploss: 1.8264 (1.8298)  famloss: 0.9398 (0.9197)  manuloss: 0.6437 (0.6562)  acc1: 66.4062 (67.3561)  acc5: 85.9375 (86.2253)  family_acc1: 80.0781 (82.0066)  manu_acc1: 88.6719 (88.6266)  time: 0.3915  data: 0.1954  max mem: 11382
Test:  [ 95/391]  eta: 0:02:53  sploss: 1.8264 (1.8287)  famloss: 0.9398 (0.9194)  manuloss: 0.6614 (0.6566)  acc1: 66.4062 (67.3543)  acc5: 85.9375 (86.2549)  family_acc1: 80.0781 (82.0231)  manu_acc1: 88.6719 (88.6353)  time: 0.3912  data: 0.1954  max mem: 11382
Test:  [ 96/391]  eta: 0:03:04  sploss: 1.8314 (1.8307)  famloss: 0.9563 (0.9205)  manuloss: 0.6706 (0.6575)  acc1: 66.4062 (67.3204)  acc5: 85.5469 (86.2073)  family_acc1: 79.6875 (81.9829)  manu_acc1: 87.1094 (88.5833)  time: 0.5980  data: 0.3949  max mem: 11382
Test:  [ 97/391]  eta: 0:03:02  sploss: 1.8049 (1.8295)  famloss: 0.9398 (0.9207)  manuloss: 0.6706 (0.6576)  acc1: 66.4062 (67.3589)  acc5: 85.9375 (86.2364)  family_acc1: 79.6875 (81.9834)  manu_acc1: 87.1094 (88.5802)  time: 0.6013  data: 0.3949  max mem: 11382
Test:  [ 98/391]  eta: 0:03:00  sploss: 1.8314 (1.8304)  famloss: 0.9671 (0.9222)  manuloss: 0.6724 (0.6587)  acc1: 66.4062 (67.3414)  acc5: 85.5469 (86.2176)  family_acc1: 79.6875 (81.9444)  manu_acc1: 87.1094 (88.5496)  time: 0.6015  data: 0.3949  max mem: 11382
Test:  [ 99/391]  eta: 0:02:58  sploss: 1.8049 (1.8299)  famloss: 0.9398 (0.9221)  manuloss: 0.6724 (0.6589)  acc1: 66.4062 (67.3594)  acc5: 85.5469 (86.2031)  family_acc1: 79.6875 (81.9492)  manu_acc1: 88.2812 (88.5547)  time: 0.6015  data: 0.3949  max mem: 11382
Test:  [100/391]  eta: 0:02:57  sploss: 1.8038 (1.8296)  famloss: 0.9393 (0.9222)  manuloss: 0.6725 (0.6591)  acc1: 67.1875 (67.3963)  acc5: 85.9375 (86.2314)  family_acc1: 79.6875 (81.9655)  manu_acc1: 88.2812 (88.5597)  time: 0.6018  data: 0.3949  max mem: 11382
Test:  [101/391]  eta: 0:02:55  sploss: 1.8038 (1.8287)  famloss: 0.9393 (0.9206)  manuloss: 0.6725 (0.6587)  acc1: 67.5781 (67.4020)  acc5: 85.9375 (86.2707)  family_acc1: 80.4688 (81.9968)  manu_acc1: 89.0625 (88.5646)  time: 0.6006  data: 0.3949  max mem: 11382
Test:  [102/391]  eta: 0:02:53  sploss: 1.8038 (1.8286)  famloss: 0.9327 (0.9207)  manuloss: 0.6725 (0.6590)  acc1: 67.5781 (67.3733)  acc5: 85.9375 (86.2674)  family_acc1: 80.8594 (81.9857)  manu_acc1: 89.0625 (88.5657)  time: 0.5992  data: 0.3949  max mem: 11382
Test:  [103/391]  eta: 0:02:51  sploss: 1.7943 (1.8282)  famloss: 0.9291 (0.9204)  manuloss: 0.6725 (0.6595)  acc1: 67.5781 (67.3715)  acc5: 85.9375 (86.2643)  family_acc1: 81.6406 (82.0162)  manu_acc1: 89.0625 (88.5630)  time: 0.5994  data: 0.3949  max mem: 11382
Test:  [104/391]  eta: 0:02:50  sploss: 1.7943 (1.8280)  famloss: 0.9291 (0.9211)  manuloss: 0.6725 (0.6600)  acc1: 67.5781 (67.3772)  acc5: 85.9375 (86.2612)  family_acc1: 81.6406 (82.0089)  manu_acc1: 89.0625 (88.5528)  time: 0.4058  data: 0.2053  max mem: 11382
Test:  [105/391]  eta: 0:02:48  sploss: 1.7972 (1.8286)  famloss: 0.9291 (0.9224)  manuloss: 0.6784 (0.6605)  acc1: 67.5781 (67.3570)  acc5: 85.9375 (86.2471)  family_acc1: 81.6406 (81.9723)  manu_acc1: 88.6719 (88.5318)  time: 0.4047  data: 0.2053  max mem: 11382
Test:  [106/391]  eta: 0:02:46  sploss: 1.8038 (1.8316)  famloss: 0.9327 (0.9252)  manuloss: 0.6822 (0.6615)  acc1: 67.1875 (67.3262)  acc5: 85.9375 (86.2040)  family_acc1: 81.2500 (81.9035)  manu_acc1: 88.2812 (88.5295)  time: 0.3993  data: 0.2000  max mem: 11382
Test:  [107/391]  eta: 0:02:45  sploss: 1.8038 (1.8327)  famloss: 0.9393 (0.9265)  manuloss: 0.6832 (0.6622)  acc1: 67.1875 (67.3177)  acc5: 85.9375 (86.1834)  family_acc1: 80.8594 (81.8757)  manu_acc1: 88.2812 (88.5019)  time: 0.3998  data: 0.2000  max mem: 11382
Test:  [108/391]  eta: 0:02:54  sploss: 1.8049 (1.8345)  famloss: 0.9398 (0.9287)  manuloss: 0.6971 (0.6640)  acc1: 67.1875 (67.3201)  acc5: 85.9375 (86.1633)  family_acc1: 80.4688 (81.8377)  manu_acc1: 88.2812 (88.4497)  time: 0.6037  data: 0.4015  max mem: 11382
Test:  [109/391]  eta: 0:02:52  sploss: 1.8212 (1.8349)  famloss: 0.9862 (0.9295)  manuloss: 0.7070 (0.6646)  acc1: 67.1875 (67.3047)  acc5: 85.5469 (86.1293)  family_acc1: 80.8594 (81.8359)  manu_acc1: 88.2812 (88.4517)  time: 0.6050  data: 0.4015  max mem: 11382
Test:  [110/391]  eta: 0:02:50  sploss: 1.8314 (1.8367)  famloss: 0.9862 (0.9294)  manuloss: 0.7119 (0.6654)  acc1: 66.4062 (67.2157)  acc5: 84.7656 (86.1099)  family_acc1: 80.8594 (81.8518)  manu_acc1: 87.5000 (88.4255)  time: 0.6065  data: 0.4015  max mem: 11382
Test:  [111/391]  eta: 0:02:49  sploss: 1.8289 (1.8367)  famloss: 0.9738 (0.9297)  manuloss: 0.7070 (0.6656)  acc1: 67.1875 (67.2189)  acc5: 84.7656 (86.1293)  family_acc1: 80.8594 (81.8324)  manu_acc1: 87.5000 (88.4068)  time: 0.6076  data: 0.4015  max mem: 11382
Test:  [112/391]  eta: 0:02:47  sploss: 1.8289 (1.8344)  famloss: 0.9393 (0.9286)  manuloss: 0.7070 (0.6653)  acc1: 67.1875 (67.2636)  acc5: 84.7656 (86.1587)  family_acc1: 81.2500 (81.8619)  manu_acc1: 88.2812 (88.4230)  time: 0.6083  data: 0.4015  max mem: 11382
Test:  [113/391]  eta: 0:02:46  sploss: 1.8289 (1.8351)  famloss: 0.9393 (0.9282)  manuloss: 0.7070 (0.6656)  acc1: 66.4062 (67.2252)  acc5: 84.7656 (86.1671)  family_acc1: 81.2500 (81.8805)  manu_acc1: 88.2812 (88.4217)  time: 0.6110  data: 0.4015  max mem: 11382
Test:  [114/391]  eta: 0:02:44  sploss: 1.8212 (1.8348)  famloss: 0.9327 (0.9276)  manuloss: 0.6971 (0.6656)  acc1: 66.7969 (67.2215)  acc5: 85.1562 (86.1583)  family_acc1: 81.6406 (81.8852)  manu_acc1: 88.2812 (88.4205)  time: 0.6108  data: 0.4015  max mem: 11382
Test:  [115/391]  eta: 0:02:43  sploss: 1.8212 (1.8331)  famloss: 0.9327 (0.9268)  manuloss: 0.6951 (0.6657)  acc1: 66.7969 (67.2582)  acc5: 85.1562 (86.1867)  family_acc1: 81.6406 (81.9033)  manu_acc1: 88.2812 (88.4159)  time: 0.6129  data: 0.4015  max mem: 11382
Test:  [116/391]  eta: 0:02:41  sploss: 1.7972 (1.8327)  famloss: 0.9291 (0.9259)  manuloss: 0.6932 (0.6650)  acc1: 67.1875 (67.2743)  acc5: 85.9375 (86.2046)  family_acc1: 82.0312 (81.9344)  manu_acc1: 88.2812 (88.4282)  time: 0.4084  data: 0.2020  max mem: 11382
Test:  [117/391]  eta: 0:02:40  sploss: 1.8212 (1.8335)  famloss: 0.9291 (0.9270)  manuloss: 0.6932 (0.6651)  acc1: 67.1875 (67.2736)  acc5: 85.1562 (86.1891)  family_acc1: 81.6406 (81.9088)  manu_acc1: 88.2812 (88.4269)  time: 0.4083  data: 0.2020  max mem: 11382
Test:  [118/391]  eta: 0:02:38  sploss: 1.7972 (1.8322)  famloss: 0.9175 (0.9268)  manuloss: 0.6832 (0.6644)  acc1: 67.1875 (67.2893)  acc5: 85.9375 (86.2231)  family_acc1: 81.6406 (81.8967)  manu_acc1: 88.2812 (88.4454)  time: 0.4086  data: 0.2020  max mem: 11382
Test:  [119/391]  eta: 0:02:37  sploss: 1.7972 (1.8299)  famloss: 0.9175 (0.9258)  manuloss: 0.6832 (0.6634)  acc1: 67.1875 (67.3535)  acc5: 85.9375 (86.2533)  family_acc1: 81.6406 (81.9336)  manu_acc1: 88.2812 (88.4831)  time: 0.4089  data: 0.2020  max mem: 11382
Test:  [120/391]  eta: 0:02:44  sploss: 1.7972 (1.8291)  famloss: 0.9077 (0.9250)  manuloss: 0.6822 (0.6628)  acc1: 67.1875 (67.3909)  acc5: 85.9375 (86.2571)  family_acc1: 81.6406 (81.9505)  manu_acc1: 88.2812 (88.5008)  time: 0.6060  data: 0.3921  max mem: 11382
Test:  [121/391]  eta: 0:02:43  sploss: 1.7972 (1.8269)  famloss: 0.9077 (0.9229)  manuloss: 0.6822 (0.6612)  acc1: 67.1875 (67.4308)  acc5: 85.9375 (86.2897)  family_acc1: 81.6406 (82.0056)  manu_acc1: 88.2812 (88.5374)  time: 0.6065  data: 0.3921  max mem: 11382
Test:  [122/391]  eta: 0:02:42  sploss: 1.7967 (1.8257)  famloss: 0.8908 (0.9222)  manuloss: 0.6789 (0.6605)  acc1: 67.5781 (67.4606)  acc5: 85.9375 (86.3027)  family_acc1: 82.4219 (82.0249)  manu_acc1: 88.2812 (88.5575)  time: 0.6321  data: 0.4155  max mem: 11382
Test:  [123/391]  eta: 0:02:41  sploss: 1.7967 (1.8248)  famloss: 0.8827 (0.9214)  manuloss: 0.6755 (0.6600)  acc1: 67.5781 (67.4773)  acc5: 86.7188 (86.3281)  family_acc1: 82.4219 (82.0281)  manu_acc1: 88.2812 (88.5616)  time: 0.6335  data: 0.4157  max mem: 11382
Test:  [124/391]  eta: 0:02:39  sploss: 1.7967 (1.8257)  famloss: 0.8827 (0.9214)  manuloss: 0.6746 (0.6597)  acc1: 67.5781 (67.4375)  acc5: 86.7188 (86.3187)  family_acc1: 82.4219 (82.0281)  manu_acc1: 88.2812 (88.5687)  time: 0.6336  data: 0.4157  max mem: 11382
Test:  [125/391]  eta: 0:02:38  sploss: 1.7909 (1.8236)  famloss: 0.8572 (0.9198)  manuloss: 0.6271 (0.6588)  acc1: 67.5781 (67.4727)  acc5: 87.1094 (86.3405)  family_acc1: 82.4219 (82.0778)  manu_acc1: 88.6719 (88.6068)  time: 0.6334  data: 0.4157  max mem: 11382
Test:  [126/391]  eta: 0:02:37  sploss: 1.7374 (1.8225)  famloss: 0.8412 (0.9192)  manuloss: 0.6257 (0.6580)  acc1: 69.1406 (67.5012)  acc5: 87.8906 (86.3589)  family_acc1: 83.5938 (82.0958)  manu_acc1: 89.0625 (88.6319)  time: 0.6320  data: 0.4157  max mem: 11382
Test:  [127/391]  eta: 0:02:35  sploss: 1.7161 (1.8208)  famloss: 0.8395 (0.9181)  manuloss: 0.6019 (0.6572)  acc1: 69.1406 (67.5293)  acc5: 88.2812 (86.3983)  family_acc1: 83.9844 (82.1289)  manu_acc1: 89.4531 (88.6536)  time: 0.6298  data: 0.4157  max mem: 11382
Test:  [128/391]  eta: 0:02:34  sploss: 1.7161 (1.8201)  famloss: 0.8395 (0.9176)  manuloss: 0.6019 (0.6571)  acc1: 69.5312 (67.5630)  acc5: 88.2812 (86.4099)  family_acc1: 83.9844 (82.1463)  manu_acc1: 89.8438 (88.6628)  time: 0.4245  data: 0.2141  max mem: 11382
Test:  [129/391]  eta: 0:02:32  sploss: 1.7161 (1.8212)  famloss: 0.8395 (0.9175)  manuloss: 0.6019 (0.6567)  acc1: 69.5312 (67.5000)  acc5: 88.2812 (86.3972)  family_acc1: 83.9844 (82.1484)  manu_acc1: 89.8438 (88.6779)  time: 0.4223  data: 0.2141  max mem: 11382
Test:  [130/391]  eta: 0:02:31  sploss: 1.6900 (1.8202)  famloss: 0.8395 (0.9172)  manuloss: 0.6019 (0.6571)  acc1: 71.0938 (67.5394)  acc5: 88.2812 (86.4116)  family_acc1: 83.9844 (82.1535)  manu_acc1: 89.8438 (88.6659)  time: 0.4189  data: 0.2141  max mem: 11382
Test:  [131/391]  eta: 0:02:29  sploss: 1.6809 (1.8183)  famloss: 0.8377 (0.9160)  manuloss: 0.5958 (0.6560)  acc1: 71.0938 (67.5692)  acc5: 88.2812 (86.4495)  family_acc1: 83.9844 (82.1792)  manu_acc1: 90.2344 (88.6837)  time: 0.4171  data: 0.2141  max mem: 11382
Test:  [132/391]  eta: 0:02:36  sploss: 1.6809 (1.8160)  famloss: 0.8377 (0.9142)  manuloss: 0.5872 (0.6552)  acc1: 71.0938 (67.6369)  acc5: 88.2812 (86.4720)  family_acc1: 83.9844 (82.2280)  manu_acc1: 90.6250 (88.7012)  time: 0.6126  data: 0.4118  max mem: 11382
Test:  [133/391]  eta: 0:02:34  sploss: 1.6797 (1.8142)  famloss: 0.8334 (0.9133)  manuloss: 0.5783 (0.6546)  acc1: 71.0938 (67.6743)  acc5: 88.6719 (86.4972)  family_acc1: 84.3750 (82.2499)  manu_acc1: 90.6250 (88.7069)  time: 0.6087  data: 0.4118  max mem: 11382
Test:  [134/391]  eta: 0:02:34  sploss: 1.6770 (1.8120)  famloss: 0.8228 (0.9115)  manuloss: 0.5760 (0.6531)  acc1: 71.4844 (67.7315)  acc5: 89.0625 (86.5336)  family_acc1: 84.3750 (82.2946)  manu_acc1: 90.6250 (88.7384)  time: 0.6471  data: 0.4491  max mem: 11382
Test:  [135/391]  eta: 0:02:33  sploss: 1.6770 (1.8101)  famloss: 0.8155 (0.9100)  manuloss: 0.5684 (0.6521)  acc1: 71.4844 (67.7821)  acc5: 88.6719 (86.5435)  family_acc1: 84.3750 (82.3357)  manu_acc1: 90.6250 (88.7638)  time: 0.6456  data: 0.4492  max mem: 11382
Test:  [136/391]  eta: 0:02:32  sploss: 1.6116 (1.8086)  famloss: 0.8006 (0.9091)  manuloss: 0.5617 (0.6513)  acc1: 71.4844 (67.7777)  acc5: 89.0625 (86.5762)  family_acc1: 84.3750 (82.3734)  manu_acc1: 90.6250 (88.7774)  time: 0.6443  data: 0.4492  max mem: 11382
Test:  [137/391]  eta: 0:02:30  sploss: 1.6116 (1.8078)  famloss: 0.8006 (0.9084)  manuloss: 0.5535 (0.6506)  acc1: 71.4844 (67.7933)  acc5: 89.0625 (86.5829)  family_acc1: 84.3750 (82.3709)  manu_acc1: 91.0156 (88.7936)  time: 0.6426  data: 0.4492  max mem: 11382
Test:  [138/391]  eta: 0:02:29  sploss: 1.6116 (1.8074)  famloss: 0.7880 (0.9074)  manuloss: 0.5510 (0.6496)  acc1: 71.4844 (67.8198)  acc5: 88.6719 (86.5642)  family_acc1: 85.1562 (82.4022)  manu_acc1: 91.0156 (88.8180)  time: 0.6416  data: 0.4492  max mem: 11382
Test:  [139/391]  eta: 0:02:28  sploss: 1.6506 (1.8062)  famloss: 0.7880 (0.9067)  manuloss: 0.5510 (0.6487)  acc1: 71.4844 (67.8655)  acc5: 88.6719 (86.5820)  family_acc1: 85.1562 (82.4275)  manu_acc1: 91.0156 (88.8449)  time: 0.6405  data: 0.4492  max mem: 11382
Test:  [140/391]  eta: 0:02:26  sploss: 1.6116 (1.8040)  famloss: 0.7797 (0.9048)  manuloss: 0.5473 (0.6476)  acc1: 71.4844 (67.9078)  acc5: 89.0625 (86.6107)  family_acc1: 85.5469 (82.4773)  manu_acc1: 91.0156 (88.8713)  time: 0.4428  data: 0.2591  max mem: 11382
Test:  [141/391]  eta: 0:02:25  sploss: 1.6506 (1.8039)  famloss: 0.7880 (0.9043)  manuloss: 0.5510 (0.6471)  acc1: 71.4844 (67.9137)  acc5: 88.6719 (86.6252)  family_acc1: 85.1562 (82.4851)  manu_acc1: 91.0156 (88.8727)  time: 0.4456  data: 0.2591  max mem: 11382
Test:  [142/391]  eta: 0:02:24  sploss: 1.6506 (1.8034)  famloss: 0.7880 (0.9038)  manuloss: 0.5510 (0.6467)  acc1: 71.4844 (67.9141)  acc5: 88.6719 (86.6259)  family_acc1: 85.1562 (82.4874)  manu_acc1: 91.0156 (88.8877)  time: 0.4222  data: 0.2358  max mem: 11382
Test:  [143/391]  eta: 0:02:23  sploss: 1.6116 (1.8009)  famloss: 0.7797 (0.9025)  manuloss: 0.5473 (0.6455)  acc1: 71.4844 (67.9796)  acc5: 88.6719 (86.6536)  family_acc1: 85.5469 (82.5114)  manu_acc1: 91.0156 (88.9187)  time: 0.4202  data: 0.2356  max mem: 11382
Test:  [144/391]  eta: 0:02:27  sploss: 1.6116 (1.8006)  famloss: 0.7797 (0.9021)  manuloss: 0.5473 (0.6449)  acc1: 71.8750 (68.0092)  acc5: 88.6719 (86.6595)  family_acc1: 85.5469 (82.5216)  manu_acc1: 91.0156 (88.9359)  time: 0.5711  data: 0.3863  max mem: 11382
Test:  [145/391]  eta: 0:02:25  sploss: 1.6116 (1.7990)  famloss: 0.7880 (0.9014)  manuloss: 0.5510 (0.6443)  acc1: 71.8750 (68.0437)  acc5: 88.6719 (86.6866)  family_acc1: 85.5469 (82.5476)  manu_acc1: 91.0156 (88.9448)  time: 0.5767  data: 0.3919  max mem: 11382
Test:  [146/391]  eta: 0:02:27  sploss: 1.6116 (1.7987)  famloss: 0.7880 (0.9010)  manuloss: 0.5510 (0.6441)  acc1: 71.8750 (68.0511)  acc5: 89.0625 (86.7055)  family_acc1: 85.5469 (82.5601)  manu_acc1: 91.0156 (88.9562)  time: 0.6509  data: 0.4655  max mem: 11382
Test:  [147/391]  eta: 0:02:25  sploss: 1.6506 (1.7985)  famloss: 0.7986 (0.9004)  manuloss: 0.5535 (0.6439)  acc1: 71.8750 (68.0427)  acc5: 88.6719 (86.7082)  family_acc1: 85.5469 (82.5802)  manu_acc1: 91.0156 (88.9675)  time: 0.6527  data: 0.4655  max mem: 11382
Test:  [148/391]  eta: 0:02:24  sploss: 1.6506 (1.7981)  famloss: 0.7890 (0.8996)  manuloss: 0.5473 (0.6432)  acc1: 71.4844 (68.0500)  acc5: 89.0625 (86.7266)  family_acc1: 85.5469 (82.5949)  manu_acc1: 91.0156 (88.9865)  time: 0.6541  data: 0.4655  max mem: 11382
Test:  [149/391]  eta: 0:02:23  sploss: 1.6095 (1.7966)  famloss: 0.7880 (0.8986)  manuloss: 0.5443 (0.6425)  acc1: 72.2656 (68.0859)  acc5: 89.4531 (86.7474)  family_acc1: 85.5469 (82.6354)  manu_acc1: 91.0156 (88.9974)  time: 0.6556  data: 0.4655  max mem: 11382
Test:  [150/391]  eta: 0:02:22  sploss: 1.6095 (1.7962)  famloss: 0.7797 (0.8977)  manuloss: 0.5396 (0.6418)  acc1: 71.4844 (68.0774)  acc5: 89.4531 (86.7524)  family_acc1: 85.9375 (82.6599)  manu_acc1: 91.0156 (89.0237)  time: 0.6572  data: 0.4655  max mem: 11382
Test:  [151/391]  eta: 0:02:20  sploss: 1.6506 (1.7968)  famloss: 0.7880 (0.8981)  manuloss: 0.5443 (0.6422)  acc1: 71.4844 (68.0407)  acc5: 89.0625 (86.7470)  family_acc1: 85.9375 (82.6506)  manu_acc1: 91.0156 (89.0111)  time: 0.6586  data: 0.4655  max mem: 11382
Test:  [152/391]  eta: 0:02:19  sploss: 1.6506 (1.7947)  famloss: 0.7880 (0.8970)  manuloss: 0.5396 (0.6415)  acc1: 71.4844 (68.0683)  acc5: 89.0625 (86.7800)  family_acc1: 85.9375 (82.6721)  manu_acc1: 91.0156 (89.0370)  time: 0.4618  data: 0.2678  max mem: 11382
Test:  [153/391]  eta: 0:02:18  sploss: 1.6943 (1.7944)  famloss: 0.7797 (0.8962)  manuloss: 0.5383 (0.6405)  acc1: 69.9219 (68.0601)  acc5: 88.6719 (86.7847)  family_acc1: 85.9375 (82.6781)  manu_acc1: 91.4062 (89.0650)  time: 0.4615  data: 0.2678  max mem: 11382
Test:  [154/391]  eta: 0:02:17  sploss: 1.7273 (1.7945)  famloss: 0.7890 (0.8972)  manuloss: 0.5396 (0.6412)  acc1: 69.1406 (68.0393)  acc5: 87.8906 (86.7868)  family_acc1: 85.5469 (82.6537)  manu_acc1: 91.0156 (89.0474)  time: 0.4228  data: 0.2305  max mem: 11382
Test:  [155/391]  eta: 0:02:16  sploss: 1.7358 (1.7947)  famloss: 0.7986 (0.8973)  manuloss: 0.5443 (0.6408)  acc1: 69.1406 (68.0339)  acc5: 88.6719 (86.7989)  family_acc1: 84.7656 (82.6472)  manu_acc1: 91.0156 (89.0575)  time: 0.4225  data: 0.2304  max mem: 11382
Test:  [156/391]  eta: 0:02:18  sploss: 1.7366 (1.7946)  famloss: 0.7986 (0.8966)  manuloss: 0.5443 (0.6399)  acc1: 69.1406 (68.0409)  acc5: 88.6719 (86.8183)  family_acc1: 84.7656 (82.6682)  manu_acc1: 91.0156 (89.0774)  time: 0.5477  data: 0.3473  max mem: 11382
Test:  [157/391]  eta: 0:02:17  sploss: 1.7418 (1.7963)  famloss: 0.7986 (0.8973)  manuloss: 0.5443 (0.6408)  acc1: 69.1406 (68.0058)  acc5: 88.6719 (86.8078)  family_acc1: 84.7656 (82.6543)  manu_acc1: 91.0156 (89.0477)  time: 0.5474  data: 0.3473  max mem: 11382
Test:  [158/391]  eta: 0:02:19  sploss: 1.7418 (1.7970)  famloss: 0.8022 (0.8979)  manuloss: 0.5544 (0.6411)  acc1: 68.7500 (67.9933)  acc5: 88.6719 (86.8146)  family_acc1: 84.3750 (82.6332)  manu_acc1: 90.6250 (89.0404)  time: 0.6637  data: 0.4614  max mem: 11382
Test:  [159/391]  eta: 0:02:18  sploss: 1.7524 (1.7979)  famloss: 0.8022 (0.8987)  manuloss: 0.5624 (0.6419)  acc1: 67.9688 (67.9907)  acc5: 87.8906 (86.7969)  family_acc1: 83.9844 (82.6001)  manu_acc1: 90.6250 (89.0186)  time: 0.6639  data: 0.4614  max mem: 11382
Test:  [160/391]  eta: 0:02:17  sploss: 1.7599 (1.7980)  famloss: 0.8344 (0.8988)  manuloss: 0.5667 (0.6415)  acc1: 67.9688 (67.9979)  acc5: 87.5000 (86.7964)  family_acc1: 83.5938 (82.6038)  manu_acc1: 90.6250 (89.0285)  time: 0.6642  data: 0.4614  max mem: 11382
Test:  [161/391]  eta: 0:02:16  sploss: 1.7599 (1.7986)  famloss: 0.8370 (0.8995)  manuloss: 0.5667 (0.6420)  acc1: 67.5781 (67.9784)  acc5: 87.5000 (86.7959)  family_acc1: 83.5938 (82.5786)  manu_acc1: 90.6250 (89.0143)  time: 0.6623  data: 0.4614  max mem: 11382
Test:  [162/391]  eta: 0:02:15  sploss: 1.7599 (1.7979)  famloss: 0.8443 (0.8995)  manuloss: 0.5667 (0.6421)  acc1: 67.5781 (67.9855)  acc5: 87.5000 (86.8026)  family_acc1: 83.5938 (82.5776)  manu_acc1: 90.6250 (89.0122)  time: 0.6613  data: 0.4613  max mem: 11382
Test:  [163/391]  eta: 0:02:13  sploss: 1.7637 (1.7983)  famloss: 0.8489 (0.9000)  manuloss: 0.5767 (0.6424)  acc1: 67.1875 (67.9783)  acc5: 87.5000 (86.7950)  family_acc1: 83.2031 (82.5553)  manu_acc1: 90.6250 (88.9863)  time: 0.6633  data: 0.4613  max mem: 11382
Test:  [164/391]  eta: 0:02:12  sploss: 1.7867 (1.7992)  famloss: 0.9022 (0.9004)  manuloss: 0.6056 (0.6426)  acc1: 66.7969 (67.9593)  acc5: 87.5000 (86.7992)  family_acc1: 82.4219 (82.5497)  manu_acc1: 90.2344 (88.9915)  time: 0.5132  data: 0.3106  max mem: 11382
Test:  [165/391]  eta: 0:02:11  sploss: 1.8111 (1.7994)  famloss: 0.9110 (0.9008)  manuloss: 0.6193 (0.6428)  acc1: 66.7969 (67.9688)  acc5: 87.5000 (86.8011)  family_acc1: 81.6406 (82.5372)  manu_acc1: 89.8438 (88.9848)  time: 0.5070  data: 0.3050  max mem: 11382
Test:  [166/391]  eta: 0:02:10  sploss: 1.8112 (1.8007)  famloss: 0.9228 (0.9018)  manuloss: 0.6592 (0.6436)  acc1: 66.7969 (67.9711)  acc5: 87.1094 (86.7819)  family_acc1: 81.6406 (82.5201)  manu_acc1: 88.6719 (88.9713)  time: 0.4337  data: 0.2315  max mem: 11382
Test:  [167/391]  eta: 0:02:09  sploss: 1.8226 (1.8023)  famloss: 0.9618 (0.9027)  manuloss: 0.6643 (0.6440)  acc1: 67.1875 (67.9664)  acc5: 87.1094 (86.7560)  family_acc1: 81.2500 (82.5079)  manu_acc1: 87.8906 (88.9648)  time: 0.4327  data: 0.2315  max mem: 11382
Test:  [168/391]  eta: 0:02:10  sploss: 1.8226 (1.8020)  famloss: 0.9618 (0.9023)  manuloss: 0.6643 (0.6436)  acc1: 67.1875 (67.9664)  acc5: 87.1094 (86.7742)  family_acc1: 81.2500 (82.5028)  manu_acc1: 87.8906 (88.9677)  time: 0.5115  data: 0.3104  max mem: 11382
Test:  [169/391]  eta: 0:02:09  sploss: 1.8422 (1.8034)  famloss: 0.9690 (0.9032)  manuloss: 0.6850 (0.6445)  acc1: 66.7969 (67.9596)  acc5: 87.1094 (86.7509)  family_acc1: 80.4688 (82.4816)  manu_acc1: 87.8906 (88.9453)  time: 0.5115  data: 0.3104  max mem: 11382
Test:  [170/391]  eta: 0:02:12  sploss: 1.8422 (1.8033)  famloss: 0.9690 (0.9028)  manuloss: 0.6850 (0.6437)  acc1: 66.7969 (67.9528)  acc5: 86.7188 (86.7439)  family_acc1: 80.4688 (82.4881)  manu_acc1: 87.8906 (88.9688)  time: 0.6663  data: 0.4607  max mem: 11382
Test:  [171/391]  eta: 0:02:11  sploss: 1.8293 (1.8034)  famloss: 0.9690 (0.9028)  manuloss: 0.6643 (0.6435)  acc1: 66.7969 (67.9301)  acc5: 87.1094 (86.7574)  family_acc1: 80.4688 (82.4877)  manu_acc1: 87.8906 (88.9853)  time: 0.6663  data: 0.4607  max mem: 11382
Test:  [172/391]  eta: 0:02:10  sploss: 1.8422 (1.8041)  famloss: 0.9701 (0.9033)  manuloss: 0.6850 (0.6441)  acc1: 66.7969 (67.9100)  acc5: 87.1094 (86.7617)  family_acc1: 80.4688 (82.4670)  manu_acc1: 87.8906 (88.9654)  time: 0.6688  data: 0.4607  max mem: 11382
Test:  [173/391]  eta: 0:02:09  sploss: 1.8539 (1.8048)  famloss: 0.9701 (0.9036)  manuloss: 0.6850 (0.6441)  acc1: 66.7969 (67.8879)  acc5: 86.7188 (86.7479)  family_acc1: 80.4688 (82.4398)  manu_acc1: 87.8906 (88.9615)  time: 0.6710  data: 0.4607  max mem: 11382
Test:  [174/391]  eta: 0:02:08  sploss: 1.8641 (1.8051)  famloss: 0.9690 (0.9036)  manuloss: 0.6643 (0.6439)  acc1: 66.7969 (67.8884)  acc5: 86.7188 (86.7522)  family_acc1: 80.4688 (82.4174)  manu_acc1: 87.8906 (88.9554)  time: 0.6726  data: 0.4607  max mem: 11382
Test:  [175/391]  eta: 0:02:06  sploss: 1.8641 (1.8053)  famloss: 0.9701 (0.9052)  manuloss: 0.6850 (0.6445)  acc1: 66.7969 (67.8866)  acc5: 86.7188 (86.7432)  family_acc1: 79.6875 (82.3797)  manu_acc1: 87.8906 (88.9360)  time: 0.6722  data: 0.4607  max mem: 11382
Test:  [176/391]  eta: 0:02:05  sploss: 1.8641 (1.8054)  famloss: 0.9701 (0.9050)  manuloss: 0.6850 (0.6443)  acc1: 66.7969 (67.8761)  acc5: 86.3281 (86.7408)  family_acc1: 79.6875 (82.3777)  manu_acc1: 87.8906 (88.9367)  time: 0.5469  data: 0.3438  max mem: 11382
Test:  [177/391]  eta: 0:02:04  sploss: 1.8641 (1.8074)  famloss: 0.9701 (0.9060)  manuloss: 0.6850 (0.6450)  acc1: 66.7969 (67.8502)  acc5: 86.3281 (86.7122)  family_acc1: 79.2969 (82.3538)  manu_acc1: 87.8906 (88.9177)  time: 0.5467  data: 0.3438  max mem: 11382
Test:  [178/391]  eta: 0:02:03  sploss: 1.8641 (1.8077)  famloss: 0.9701 (0.9069)  manuloss: 0.6850 (0.6452)  acc1: 66.7969 (67.8684)  acc5: 86.3281 (86.7100)  family_acc1: 79.2969 (82.3368)  manu_acc1: 87.8906 (88.9119)  time: 0.4301  data: 0.2297  max mem: 11382
Test:  [179/391]  eta: 0:02:02  sploss: 1.8641 (1.8082)  famloss: 0.9701 (0.9077)  manuloss: 0.6850 (0.6457)  acc1: 66.7969 (67.8559)  acc5: 86.3281 (86.7036)  family_acc1: 79.2969 (82.3134)  manu_acc1: 87.8906 (88.8997)  time: 0.4327  data: 0.2297  max mem: 11382
Test:  [180/391]  eta: 0:02:02  sploss: 1.8673 (1.8087)  famloss: 0.9823 (0.9082)  manuloss: 0.6850 (0.6459)  acc1: 66.7969 (67.8587)  acc5: 85.5469 (86.6950)  family_acc1: 79.2969 (82.3161)  manu_acc1: 87.8906 (88.9006)  time: 0.4773  data: 0.2736  max mem: 11382
Test:  [181/391]  eta: 0:02:01  sploss: 1.8641 (1.8089)  famloss: 0.9823 (0.9087)  manuloss: 0.6736 (0.6460)  acc1: 66.7969 (67.8700)  acc5: 85.5469 (86.6930)  family_acc1: 79.6875 (82.3038)  manu_acc1: 87.8906 (88.9015)  time: 0.4771  data: 0.2739  max mem: 11382
Test:  [182/391]  eta: 0:02:05  sploss: 1.8673 (1.8100)  famloss: 0.9843 (0.9093)  manuloss: 0.6850 (0.6464)  acc1: 66.7969 (67.8663)  acc5: 85.5469 (86.6803)  family_acc1: 79.2969 (82.2874)  manu_acc1: 87.8906 (88.8853)  time: 0.6733  data: 0.4675  max mem: 11382
Test:  [183/391]  eta: 0:02:04  sploss: 1.8767 (1.8104)  famloss: 0.9843 (0.9095)  manuloss: 0.6850 (0.6466)  acc1: 66.7969 (67.8477)  acc5: 85.5469 (86.6742)  family_acc1: 79.6875 (82.2839)  manu_acc1: 87.8906 (88.8799)  time: 0.6724  data: 0.4675  max mem: 11382
Test:  [184/391]  eta: 0:02:03  sploss: 1.8673 (1.8099)  famloss: 0.9843 (0.9097)  manuloss: 0.6850 (0.6468)  acc1: 67.1875 (67.8568)  acc5: 85.5469 (86.6786)  family_acc1: 79.6875 (82.2741)  manu_acc1: 87.8906 (88.8788)  time: 0.6719  data: 0.4675  max mem: 11382
Test:  [185/391]  eta: 0:02:02  sploss: 1.8673 (1.8101)  famloss: 0.9843 (0.9094)  manuloss: 0.6736 (0.6464)  acc1: 66.7969 (67.8406)  acc5: 85.5469 (86.6725)  family_acc1: 79.6875 (82.2728)  manu_acc1: 87.8906 (88.8840)  time: 0.6730  data: 0.4675  max mem: 11382
Test:  [186/391]  eta: 0:02:01  sploss: 1.8673 (1.8106)  famloss: 0.9605 (0.9097)  manuloss: 0.6736 (0.6466)  acc1: 66.7969 (67.8351)  acc5: 85.5469 (86.6686)  family_acc1: 79.2969 (82.2548)  manu_acc1: 87.8906 (88.8661)  time: 0.6721  data: 0.4675  max mem: 11382
Test:  [187/391]  eta: 0:02:00  sploss: 1.8673 (1.8113)  famloss: 0.9605 (0.9106)  manuloss: 0.6736 (0.6470)  acc1: 66.7969 (67.8108)  acc5: 85.5469 (86.6606)  family_acc1: 79.2969 (82.2203)  manu_acc1: 87.8906 (88.8547)  time: 0.6740  data: 0.4675  max mem: 11382
Test:  [188/391]  eta: 0:01:58  sploss: 1.8673 (1.8107)  famloss: 0.9843 (0.9110)  manuloss: 0.6788 (0.6476)  acc1: 66.7969 (67.8179)  acc5: 85.5469 (86.6712)  family_acc1: 79.2969 (82.2049)  manu_acc1: 87.8906 (88.8331)  time: 0.5941  data: 0.3886  max mem: 11382
Test:  [189/391]  eta: 0:01:57  sploss: 1.8673 (1.8111)  famloss: 0.9843 (0.9116)  manuloss: 0.6788 (0.6479)  acc1: 66.7969 (67.8125)  acc5: 85.5469 (86.6653)  family_acc1: 79.2969 (82.1916)  manu_acc1: 87.8906 (88.8178)  time: 0.5929  data: 0.3886  max mem: 11382
Test:  [190/391]  eta: 0:01:57  sploss: 1.8767 (1.8127)  famloss: 0.9917 (0.9124)  manuloss: 0.6889 (0.6487)  acc1: 66.0156 (67.7929)  acc5: 85.5469 (86.6431)  family_acc1: 79.2969 (82.1805)  manu_acc1: 86.7188 (88.8007)  time: 0.4398  data: 0.2383  max mem: 11382
Test:  [191/391]  eta: 0:01:56  sploss: 1.8767 (1.8127)  famloss: 0.9917 (0.9120)  manuloss: 0.6889 (0.6482)  acc1: 66.0156 (67.7836)  acc5: 85.5469 (86.6414)  family_acc1: 79.2969 (82.1859)  manu_acc1: 86.7188 (88.8123)  time: 0.4404  data: 0.2383  max mem: 11382
Test:  [192/391]  eta: 0:01:55  sploss: 1.8673 (1.8128)  famloss: 0.9917 (0.9120)  manuloss: 0.6788 (0.6482)  acc1: 66.7969 (67.7906)  acc5: 85.5469 (86.6277)  family_acc1: 79.2969 (82.1830)  manu_acc1: 87.8906 (88.8115)  time: 0.4443  data: 0.2440  max mem: 11382
Test:  [193/391]  eta: 0:01:54  sploss: 1.8673 (1.8134)  famloss: 0.9917 (0.9124)  manuloss: 0.6889 (0.6485)  acc1: 66.7969 (67.7533)  acc5: 85.5469 (86.6261)  family_acc1: 79.6875 (82.1722)  manu_acc1: 87.8906 (88.8108)  time: 0.4444  data: 0.2440  max mem: 11382
Test:  [194/391]  eta: 0:01:56  sploss: 1.8673 (1.8136)  famloss: 0.9917 (0.9126)  manuloss: 0.6909 (0.6487)  acc1: 66.7969 (67.7504)  acc5: 85.5469 (86.6226)  family_acc1: 79.6875 (82.1575)  manu_acc1: 86.7188 (88.7961)  time: 0.6194  data: 0.4169  max mem: 11382
Test:  [195/391]  eta: 0:01:55  sploss: 1.8673 (1.8131)  famloss: 0.9807 (0.9124)  manuloss: 0.6889 (0.6484)  acc1: 66.7969 (67.7475)  acc5: 85.5469 (86.6311)  family_acc1: 80.0781 (82.1628)  manu_acc1: 87.8906 (88.8014)  time: 0.6209  data: 0.4169  max mem: 11382
Test:  [196/391]  eta: 0:01:54  sploss: 1.8673 (1.8122)  famloss: 0.9807 (0.9123)  manuloss: 0.6889 (0.6483)  acc1: 66.7969 (67.7685)  acc5: 85.5469 (86.6474)  family_acc1: 79.6875 (82.1443)  manu_acc1: 87.8906 (88.8008)  time: 0.6229  data: 0.4169  max mem: 11382
Test:  [197/391]  eta: 0:01:53  sploss: 1.8508 (1.8123)  famloss: 0.9807 (0.9127)  manuloss: 0.6889 (0.6489)  acc1: 66.7969 (67.7616)  acc5: 85.9375 (86.6438)  family_acc1: 79.6875 (82.1279)  manu_acc1: 87.8906 (88.7764)  time: 0.6255  data: 0.4169  max mem: 11382
Test:  [198/391]  eta: 0:01:52  sploss: 1.8499 (1.8106)  famloss: 0.9650 (0.9124)  manuloss: 0.6788 (0.6486)  acc1: 66.7969 (67.8058)  acc5: 85.9375 (86.6658)  family_acc1: 80.0781 (82.1392)  manu_acc1: 87.8906 (88.7897)  time: 0.6267  data: 0.4169  max mem: 11382
Test:  [199/391]  eta: 0:01:52  sploss: 1.8402 (1.8096)  famloss: 0.9588 (0.9126)  manuloss: 0.6736 (0.6487)  acc1: 67.1875 (67.8340)  acc5: 85.9375 (86.6777)  family_acc1: 80.0781 (82.1406)  manu_acc1: 88.6719 (88.7930)  time: 0.6252  data: 0.4169  max mem: 11382
Test:  [200/391]  eta: 0:01:51  sploss: 1.8331 (1.8095)  famloss: 0.9512 (0.9122)  manuloss: 0.6702 (0.6484)  acc1: 67.1875 (67.8347)  acc5: 85.9375 (86.6760)  family_acc1: 80.0781 (82.1381)  manu_acc1: 88.6719 (88.7982)  time: 0.5830  data: 0.3730  max mem: 11382
Test:  [201/391]  eta: 0:01:50  sploss: 1.8195 (1.8082)  famloss: 0.9496 (0.9118)  manuloss: 0.6702 (0.6482)  acc1: 67.1875 (67.8527)  acc5: 85.9375 (86.6994)  family_acc1: 80.0781 (82.1453)  manu_acc1: 88.6719 (88.8130)  time: 0.5852  data: 0.3728  max mem: 11382
Test:  [202/391]  eta: 0:01:49  sploss: 1.8133 (1.8080)  famloss: 0.9410 (0.9114)  manuloss: 0.6655 (0.6483)  acc1: 67.1875 (67.8629)  acc5: 86.3281 (86.7014)  family_acc1: 80.4688 (82.1563)  manu_acc1: 88.6719 (88.8008)  time: 0.3921  data: 0.1792  max mem: 11382
Test:  [203/391]  eta: 0:01:48  sploss: 1.7957 (1.8071)  famloss: 0.9410 (0.9119)  manuloss: 0.6655 (0.6484)  acc1: 67.1875 (67.8998)  acc5: 86.3281 (86.7149)  family_acc1: 80.4688 (82.1481)  manu_acc1: 88.6719 (88.7983)  time: 0.3938  data: 0.1792  max mem: 11382
Test:  [204/391]  eta: 0:01:48  sploss: 1.7957 (1.8068)  famloss: 0.9099 (0.9116)  manuloss: 0.6617 (0.6482)  acc1: 67.1875 (67.9021)  acc5: 86.3281 (86.7226)  family_acc1: 80.4688 (82.1570)  manu_acc1: 88.6719 (88.8072)  time: 0.4327  data: 0.2158  max mem: 11382
Test:  [205/391]  eta: 0:01:47  sploss: 1.7637 (1.8066)  famloss: 0.9423 (0.9117)  manuloss: 0.6655 (0.6486)  acc1: 67.9688 (67.9062)  acc5: 86.3281 (86.7244)  family_acc1: 80.4688 (82.1507)  manu_acc1: 88.2812 (88.7989)  time: 0.4350  data: 0.2159  max mem: 11382
Test:  [206/391]  eta: 0:01:49  sploss: 1.7630 (1.8055)  famloss: 0.9099 (0.9115)  manuloss: 0.6655 (0.6489)  acc1: 68.3594 (67.9367)  acc5: 87.1094 (86.7320)  family_acc1: 80.8594 (82.1539)  manu_acc1: 88.2812 (88.7926)  time: 0.6208  data: 0.3936  max mem: 11382
Test:  [207/391]  eta: 0:01:48  sploss: 1.7561 (1.8048)  famloss: 0.8910 (0.9112)  manuloss: 0.6617 (0.6488)  acc1: 68.7500 (67.9594)  acc5: 87.1094 (86.7469)  family_acc1: 81.6406 (82.1646)  manu_acc1: 88.6719 (88.8015)  time: 0.6215  data: 0.3936  max mem: 11382
Test:  [208/391]  eta: 0:01:48  sploss: 1.7561 (1.8041)  famloss: 0.8731 (0.9107)  manuloss: 0.6617 (0.6489)  acc1: 68.7500 (67.9912)  acc5: 87.1094 (86.7711)  family_acc1: 81.6406 (82.1714)  manu_acc1: 88.6719 (88.7971)  time: 0.6543  data: 0.3936  max mem: 11382
Test:  [209/391]  eta: 0:01:47  sploss: 1.7315 (1.8037)  famloss: 0.8731 (0.9106)  manuloss: 0.6617 (0.6493)  acc1: 69.1406 (68.0022)  acc5: 88.2812 (86.7820)  family_acc1: 82.4219 (82.1782)  manu_acc1: 88.6719 (88.7946)  time: 0.6541  data: 0.3936  max mem: 11382
Test:  [210/391]  eta: 0:01:46  sploss: 1.7315 (1.8040)  famloss: 0.8680 (0.9102)  manuloss: 0.6528 (0.6491)  acc1: 69.1406 (67.9965)  acc5: 88.2812 (86.7835)  family_acc1: 82.4219 (82.1757)  manu_acc1: 88.6719 (88.7922)  time: 0.6531  data: 0.3936  max mem: 11382
Test:  [211/391]  eta: 0:01:45  sploss: 1.7237 (1.8026)  famloss: 0.8680 (0.9094)  manuloss: 0.6528 (0.6487)  acc1: 69.9219 (68.0203)  acc5: 88.2812 (86.8017)  family_acc1: 82.4219 (82.1879)  manu_acc1: 88.6719 (88.7916)  time: 0.6519  data: 0.3936  max mem: 11382
Test:  [212/391]  eta: 0:01:44  sploss: 1.6658 (1.8019)  famloss: 0.8662 (0.9086)  manuloss: 0.6460 (0.6484)  acc1: 70.3125 (68.0366)  acc5: 88.2812 (86.8141)  family_acc1: 82.8125 (82.2110)  manu_acc1: 88.6719 (88.8002)  time: 0.6463  data: 0.3880  max mem: 11382
Test:  [213/391]  eta: 0:01:43  sploss: 1.6658 (1.8019)  famloss: 0.8548 (0.9083)  manuloss: 0.6195 (0.6480)  acc1: 70.3125 (68.0454)  acc5: 88.2812 (86.8027)  family_acc1: 83.2031 (82.2247)  manu_acc1: 88.6719 (88.8161)  time: 0.6461  data: 0.3880  max mem: 11382
Test:  [214/391]  eta: 0:01:42  sploss: 1.6658 (1.8017)  famloss: 0.8548 (0.9087)  manuloss: 0.6195 (0.6482)  acc1: 71.4844 (68.0669)  acc5: 88.2812 (86.8023)  family_acc1: 83.2031 (82.2111)  manu_acc1: 88.6719 (88.8190)  time: 0.4718  data: 0.2150  max mem: 11382
Test:  [215/391]  eta: 0:01:42  sploss: 1.6658 (1.8015)  famloss: 0.8548 (0.9088)  manuloss: 0.6460 (0.6484)  acc1: 71.4844 (68.0754)  acc5: 88.2812 (86.8037)  family_acc1: 83.5938 (82.2193)  manu_acc1: 88.6719 (88.8093)  time: 0.4723  data: 0.2150  max mem: 11382
Test:  [216/391]  eta: 0:01:41  sploss: 1.7315 (1.8014)  famloss: 0.8548 (0.9087)  manuloss: 0.6195 (0.6482)  acc1: 70.3125 (68.0858)  acc5: 88.2812 (86.7926)  family_acc1: 83.5938 (82.2167)  manu_acc1: 88.6719 (88.8123)  time: 0.4761  data: 0.2199  max mem: 11382
Test:  [217/391]  eta: 0:01:40  sploss: 1.7315 (1.8013)  famloss: 0.8519 (0.9084)  manuloss: 0.6146 (0.6477)  acc1: 70.3125 (68.0942)  acc5: 88.2812 (86.7922)  family_acc1: 83.5938 (82.2140)  manu_acc1: 89.4531 (88.8224)  time: 0.4749  data: 0.2199  max mem: 11382
Test:  [218/391]  eta: 0:01:42  sploss: 1.7561 (1.8014)  famloss: 0.8519 (0.9082)  manuloss: 0.6195 (0.6478)  acc1: 70.3125 (68.0918)  acc5: 87.1094 (86.7883)  family_acc1: 83.5938 (82.2257)  manu_acc1: 89.4531 (88.8253)  time: 0.6624  data: 0.4041  max mem: 11382
Test:  [219/391]  eta: 0:01:41  sploss: 1.7630 (1.8018)  famloss: 0.8519 (0.9086)  manuloss: 0.6195 (0.6478)  acc1: 69.9219 (68.0948)  acc5: 87.1094 (86.7809)  family_acc1: 83.5938 (82.2159)  manu_acc1: 88.6719 (88.8228)  time: 0.6620  data: 0.4041  max mem: 11382
Test:  [220/391]  eta: 0:01:40  sploss: 1.7630 (1.8023)  famloss: 0.8548 (0.9092)  manuloss: 0.6311 (0.6481)  acc1: 69.9219 (68.0730)  acc5: 87.1094 (86.7771)  family_acc1: 83.5938 (82.1992)  manu_acc1: 88.2812 (88.8115)  time: 0.6608  data: 0.4041  max mem: 11382
Test:  [221/391]  eta: 0:01:39  sploss: 1.7637 (1.8032)  famloss: 0.8562 (0.9099)  manuloss: 0.6655 (0.6490)  acc1: 69.9219 (68.0726)  acc5: 87.1094 (86.7592)  family_acc1: 82.8125 (82.1861)  manu_acc1: 88.2812 (88.7915)  time: 0.6587  data: 0.4041  max mem: 11382
Test:  [222/391]  eta: 0:01:38  sploss: 1.7657 (1.8034)  famloss: 0.8731 (0.9104)  manuloss: 0.6722 (0.6495)  acc1: 69.9219 (68.0633)  acc5: 87.1094 (86.7520)  family_acc1: 81.6406 (82.1766)  manu_acc1: 88.2812 (88.7717)  time: 0.6555  data: 0.4041  max mem: 11382
Test:  [223/391]  eta: 0:01:38  sploss: 1.7683 (1.8044)  famloss: 0.8731 (0.9114)  manuloss: 0.6722 (0.6505)  acc1: 69.9219 (68.0629)  acc5: 86.7188 (86.7327)  family_acc1: 81.6406 (82.1586)  manu_acc1: 88.2812 (88.7486)  time: 0.6550  data: 0.4041  max mem: 11382
Test:  [224/391]  eta: 0:01:37  sploss: 1.7713 (1.8049)  famloss: 0.8824 (0.9126)  manuloss: 0.6854 (0.6515)  acc1: 69.9219 (68.0590)  acc5: 86.7188 (86.7188)  family_acc1: 81.6406 (82.1337)  manu_acc1: 88.2812 (88.7257)  time: 0.6164  data: 0.3675  max mem: 11382
Test:  [225/391]  eta: 0:01:36  sploss: 1.7764 (1.8055)  famloss: 0.8824 (0.9138)  manuloss: 0.6854 (0.6521)  acc1: 69.9219 (68.0500)  acc5: 85.9375 (86.7067)  family_acc1: 81.6406 (82.1125)  manu_acc1: 88.2812 (88.7116)  time: 0.6145  data: 0.3674  max mem: 11382
Test:  [226/391]  eta: 0:01:35  sploss: 1.7764 (1.8042)  famloss: 0.8824 (0.9131)  manuloss: 0.6722 (0.6517)  acc1: 69.9219 (68.0720)  acc5: 85.9375 (86.7153)  family_acc1: 81.6406 (82.1311)  manu_acc1: 88.2812 (88.7252)  time: 0.4310  data: 0.1897  max mem: 11382
Test:  [227/391]  eta: 0:01:34  sploss: 1.7909 (1.8050)  famloss: 0.8879 (0.9137)  manuloss: 0.6854 (0.6523)  acc1: 68.7500 (68.0578)  acc5: 85.9375 (86.7102)  family_acc1: 81.6406 (82.1203)  manu_acc1: 88.2812 (88.7130)  time: 0.4300  data: 0.1897  max mem: 11382
Test:  [228/391]  eta: 0:01:33  sploss: 1.8240 (1.8060)  famloss: 0.9301 (0.9146)  manuloss: 0.6854 (0.6526)  acc1: 67.9688 (68.0387)  acc5: 85.5469 (86.6983)  family_acc1: 80.0781 (82.0961)  manu_acc1: 88.2812 (88.6889)  time: 0.3972  data: 0.1897  max mem: 11382
Test:  [229/391]  eta: 0:01:32  sploss: 1.8371 (1.8068)  famloss: 0.9878 (0.9152)  manuloss: 0.6854 (0.6535)  acc1: 67.9688 (68.0265)  acc5: 85.1562 (86.6780)  family_acc1: 80.0781 (82.0805)  manu_acc1: 86.7188 (88.6532)  time: 0.3976  data: 0.1897  max mem: 11382
Test:  [230/391]  eta: 0:01:34  sploss: 1.8371 (1.8079)  famloss: 0.9997 (0.9162)  manuloss: 0.6986 (0.6548)  acc1: 67.9688 (68.0212)  acc5: 85.1562 (86.6562)  family_acc1: 79.6875 (82.0499)  manu_acc1: 86.3281 (88.6144)  time: 0.5780  data: 0.3669  max mem: 11382
Test:  [231/391]  eta: 0:01:33  sploss: 1.9032 (1.8091)  famloss: 1.0113 (0.9167)  manuloss: 0.7161 (0.6552)  acc1: 67.5781 (67.9873)  acc5: 85.1562 (86.6497)  family_acc1: 79.2969 (82.0312)  manu_acc1: 85.9375 (88.5978)  time: 0.5816  data: 0.3669  max mem: 11382
Test:  [232/391]  eta: 0:01:32  sploss: 1.9032 (1.8092)  famloss: 1.0113 (0.9170)  manuloss: 0.7393 (0.6556)  acc1: 67.5781 (67.9872)  acc5: 85.1562 (86.6450)  family_acc1: 79.2969 (82.0245)  manu_acc1: 85.5469 (88.5847)  time: 0.5800  data: 0.3669  max mem: 11382
Test:  [233/391]  eta: 0:01:32  sploss: 1.9032 (1.8092)  famloss: 1.0113 (0.9171)  manuloss: 0.7393 (0.6558)  acc1: 67.5781 (67.9971)  acc5: 85.1562 (86.6453)  family_acc1: 79.2969 (82.0179)  manu_acc1: 85.5469 (88.5767)  time: 0.5794  data: 0.3669  max mem: 11382
Test:  [234/391]  eta: 0:01:31  sploss: 1.9032 (1.8089)  famloss: 1.0113 (0.9169)  manuloss: 0.7393 (0.6556)  acc1: 67.5781 (67.9970)  acc5: 85.1562 (86.6489)  family_acc1: 79.6875 (82.0196)  manu_acc1: 85.5469 (88.5755)  time: 0.5785  data: 0.3669  max mem: 11382
Test:  [235/391]  eta: 0:01:30  sploss: 1.9032 (1.8082)  famloss: 1.0113 (0.9167)  manuloss: 0.7393 (0.6559)  acc1: 67.5781 (68.0201)  acc5: 85.1562 (86.6542)  family_acc1: 79.6875 (82.0263)  manu_acc1: 85.5469 (88.5759)  time: 0.5787  data: 0.3669  max mem: 11382
Test:  [236/391]  eta: 0:01:29  sploss: 1.9032 (1.8084)  famloss: 1.0113 (0.9168)  manuloss: 0.7393 (0.6562)  acc1: 67.5781 (68.0281)  acc5: 85.1562 (86.6528)  family_acc1: 79.6875 (82.0247)  manu_acc1: 85.5469 (88.5680)  time: 0.5801  data: 0.3623  max mem: 11382
Test:  [237/391]  eta: 0:01:28  sploss: 1.9032 (1.8075)  famloss: 1.0113 (0.9167)  manuloss: 0.7393 (0.6560)  acc1: 67.5781 (68.0508)  acc5: 85.1562 (86.6728)  family_acc1: 79.6875 (82.0280)  manu_acc1: 85.5469 (88.5734)  time: 0.5799  data: 0.3623  max mem: 11382
Test:  [238/391]  eta: 0:01:28  sploss: 1.9032 (1.8067)  famloss: 1.0113 (0.9162)  manuloss: 0.7393 (0.6556)  acc1: 67.9688 (68.0766)  acc5: 85.1562 (86.6795)  family_acc1: 79.6875 (82.0312)  manu_acc1: 85.5469 (88.5803)  time: 0.3909  data: 0.1780  max mem: 11382
Test:  [239/391]  eta: 0:01:27  sploss: 1.8700 (1.8055)  famloss: 1.0113 (0.9157)  manuloss: 0.7393 (0.6551)  acc1: 67.9688 (68.0957)  acc5: 85.5469 (86.7008)  family_acc1: 79.6875 (82.0378)  manu_acc1: 85.5469 (88.5889)  time: 0.3913  data: 0.1780  max mem: 11382
Test:  [240/391]  eta: 0:01:26  sploss: 1.8585 (1.8057)  famloss: 0.9907 (0.9156)  manuloss: 0.7393 (0.6550)  acc1: 67.9688 (68.0855)  acc5: 85.5469 (86.7009)  family_acc1: 80.0781 (82.0345)  manu_acc1: 85.5469 (88.5860)  time: 0.3909  data: 0.1780  max mem: 11382
Test:  [241/391]  eta: 0:01:25  sploss: 1.8371 (1.8050)  famloss: 0.9493 (0.9152)  manuloss: 0.7278 (0.6548)  acc1: 67.9688 (68.0914)  acc5: 85.5469 (86.7155)  family_acc1: 80.4688 (82.0522)  manu_acc1: 85.9375 (88.5896)  time: 0.3913  data: 0.1780  max mem: 11382
Test:  [242/391]  eta: 0:01:28  sploss: 1.8218 (1.8047)  famloss: 0.9486 (0.9152)  manuloss: 0.7119 (0.6550)  acc1: 67.9688 (68.1022)  acc5: 86.3281 (86.7236)  family_acc1: 80.4688 (82.0473)  manu_acc1: 86.7188 (88.5899)  time: 0.6613  data: 0.4434  max mem: 11382
Test:  [243/391]  eta: 0:01:27  sploss: 1.8172 (1.8043)  famloss: 0.9159 (0.9149)  manuloss: 0.7073 (0.6548)  acc1: 67.9688 (68.1128)  acc5: 86.7188 (86.7300)  family_acc1: 80.8594 (82.0617)  manu_acc1: 86.7188 (88.5934)  time: 0.6596  data: 0.4434  max mem: 11382
Test:  [244/391]  eta: 0:01:26  sploss: 1.7415 (1.8041)  famloss: 0.9159 (0.9150)  manuloss: 0.7073 (0.6552)  acc1: 69.5312 (68.1234)  acc5: 86.7188 (86.7347)  family_acc1: 80.8594 (82.0504)  manu_acc1: 86.7188 (88.5794)  time: 0.6572  data: 0.4434  max mem: 11382
Test:  [245/391]  eta: 0:01:25  sploss: 1.7415 (1.8040)  famloss: 0.8994 (0.9149)  manuloss: 0.7022 (0.6552)  acc1: 69.9219 (68.1371)  acc5: 86.7188 (86.7283)  family_acc1: 81.2500 (82.0551)  manu_acc1: 87.8906 (88.5798)  time: 0.6545  data: 0.4434  max mem: 11382
Test:  [246/391]  eta: 0:01:24  sploss: 1.7851 (1.8042)  famloss: 0.9159 (0.9152)  manuloss: 0.7022 (0.6553)  acc1: 69.5312 (68.1285)  acc5: 86.7188 (86.7203)  family_acc1: 80.8594 (82.0471)  manu_acc1: 87.8906 (88.5833)  time: 0.6518  data: 0.4434  max mem: 11382
Test:  [247/391]  eta: 0:01:23  sploss: 1.7415 (1.8037)  famloss: 0.9148 (0.9152)  manuloss: 0.6741 (0.6550)  acc1: 69.9219 (68.1420)  acc5: 86.7188 (86.7219)  family_acc1: 81.2500 (82.0470)  manu_acc1: 88.2812 (88.5915)  time: 0.6508  data: 0.4434  max mem: 11382
Test:  [248/391]  eta: 0:01:23  sploss: 1.7324 (1.8029)  famloss: 0.8994 (0.9149)  manuloss: 0.6632 (0.6547)  acc1: 70.3125 (68.1570)  acc5: 87.1094 (86.7250)  family_acc1: 81.6406 (82.0548)  manu_acc1: 88.6719 (88.5997)  time: 0.6524  data: 0.4434  max mem: 11382
Test:  [249/391]  eta: 0:01:22  sploss: 1.7324 (1.8030)  famloss: 0.8994 (0.9148)  manuloss: 0.6365 (0.6543)  acc1: 70.3125 (68.1453)  acc5: 87.1094 (86.7234)  family_acc1: 82.0312 (82.0547)  manu_acc1: 88.6719 (88.6063)  time: 0.6531  data: 0.4434  max mem: 11382
Test:  [250/391]  eta: 0:01:21  sploss: 1.7238 (1.8022)  famloss: 0.8757 (0.9143)  manuloss: 0.6210 (0.6541)  acc1: 70.7031 (68.1757)  acc5: 87.5000 (86.7281)  family_acc1: 82.0312 (82.0702)  manu_acc1: 88.6719 (88.6081)  time: 0.4731  data: 0.2661  max mem: 11382
Test:  [251/391]  eta: 0:01:20  sploss: 1.7238 (1.8026)  famloss: 0.8757 (0.9143)  manuloss: 0.6130 (0.6539)  acc1: 70.7031 (68.1687)  acc5: 87.5000 (86.7250)  family_acc1: 82.4219 (82.0762)  manu_acc1: 89.0625 (88.6099)  time: 0.4709  data: 0.2661  max mem: 11382
Test:  [252/391]  eta: 0:01:20  sploss: 1.7188 (1.8014)  famloss: 0.8714 (0.9135)  manuloss: 0.6079 (0.6534)  acc1: 70.7031 (68.1988)  acc5: 87.5000 (86.7465)  family_acc1: 82.8125 (82.0884)  manu_acc1: 89.0625 (88.6225)  time: 0.4723  data: 0.2661  max mem: 11382
Test:  [253/391]  eta: 0:01:19  sploss: 1.7188 (1.8013)  famloss: 0.8714 (0.9136)  manuloss: 0.6079 (0.6535)  acc1: 70.7031 (68.2040)  acc5: 87.5000 (86.7434)  family_acc1: 82.8125 (82.0943)  manu_acc1: 89.4531 (88.6288)  time: 0.4728  data: 0.2661  max mem: 11382
Test:  [254/391]  eta: 0:01:20  sploss: 1.6981 (1.8009)  famloss: 0.8757 (0.9135)  manuloss: 0.6079 (0.6535)  acc1: 70.7031 (68.2154)  acc5: 87.8906 (86.7555)  family_acc1: 82.8125 (82.0971)  manu_acc1: 89.4531 (88.6290)  time: 0.6977  data: 0.4906  max mem: 11382
Test:  [255/391]  eta: 0:01:20  sploss: 1.6981 (1.8002)  famloss: 0.8757 (0.9131)  manuloss: 0.6042 (0.6531)  acc1: 70.7031 (68.2251)  acc5: 87.8906 (86.7645)  family_acc1: 82.8125 (82.1106)  manu_acc1: 89.4531 (88.6398)  time: 0.6950  data: 0.4906  max mem: 11382
Test:  [256/391]  eta: 0:01:19  sploss: 1.6954 (1.7998)  famloss: 0.8714 (0.9124)  manuloss: 0.6004 (0.6529)  acc1: 70.7031 (68.2256)  acc5: 87.8906 (86.7765)  family_acc1: 83.2031 (82.1285)  manu_acc1: 89.4531 (88.6491)  time: 0.6871  data: 0.4904  max mem: 11382
Test:  [257/391]  eta: 0:01:18  sploss: 1.6954 (1.7987)  famloss: 0.8343 (0.9116)  manuloss: 0.5984 (0.6524)  acc1: 70.7031 (68.2504)  acc5: 87.8906 (86.7899)  family_acc1: 83.5938 (82.1493)  manu_acc1: 89.4531 (88.6582)  time: 0.6866  data: 0.4904  max mem: 11382
Test:  [258/391]  eta: 0:01:17  sploss: 1.6981 (1.7984)  famloss: 0.8343 (0.9112)  manuloss: 0.6004 (0.6523)  acc1: 70.7031 (68.2538)  acc5: 87.8906 (86.7987)  family_acc1: 83.5938 (82.1625)  manu_acc1: 89.4531 (88.6628)  time: 0.6862  data: 0.4904  max mem: 11382
Test:  [259/391]  eta: 0:01:16  sploss: 1.7165 (1.7985)  famloss: 0.8757 (0.9112)  manuloss: 0.6042 (0.6522)  acc1: 70.7031 (68.2587)  acc5: 87.8906 (86.7984)  family_acc1: 83.5938 (82.1650)  manu_acc1: 89.4531 (88.6659)  time: 0.6844  data: 0.4904  max mem: 11382
Test:  [260/391]  eta: 0:01:16  sploss: 1.6981 (1.7979)  famloss: 0.8361 (0.9109)  manuloss: 0.6004 (0.6520)  acc1: 70.7031 (68.2711)  acc5: 87.8906 (86.8041)  family_acc1: 83.5938 (82.1704)  manu_acc1: 89.4531 (88.6734)  time: 0.6824  data: 0.4904  max mem: 11382
Test:  [261/391]  eta: 0:01:15  sploss: 1.6981 (1.7967)  famloss: 0.8361 (0.9101)  manuloss: 0.5984 (0.6513)  acc1: 70.7031 (68.2953)  acc5: 87.8906 (86.8231)  family_acc1: 83.5938 (82.1878)  manu_acc1: 89.8438 (88.6927)  time: 0.6803  data: 0.4904  max mem: 11382
Test:  [262/391]  eta: 0:01:14  sploss: 1.6954 (1.7954)  famloss: 0.8343 (0.9091)  manuloss: 0.5889 (0.6505)  acc1: 70.7031 (68.3222)  acc5: 87.8906 (86.8405)  family_acc1: 83.5938 (82.2125)  manu_acc1: 90.2344 (88.7164)  time: 0.4085  data: 0.2250  max mem: 11382
Test:  [263/391]  eta: 0:01:13  sploss: 1.6942 (1.7946)  famloss: 0.8232 (0.9085)  manuloss: 0.5888 (0.6499)  acc1: 71.0938 (68.3342)  acc5: 87.8906 (86.8534)  family_acc1: 83.5938 (82.2251)  manu_acc1: 90.2344 (88.7311)  time: 0.4065  data: 0.2250  max mem: 11382
Test:  [264/391]  eta: 0:01:12  sploss: 1.6421 (1.7940)  famloss: 0.8097 (0.9080)  manuloss: 0.5809 (0.6497)  acc1: 71.4844 (68.3461)  acc5: 87.8906 (86.8558)  family_acc1: 83.9844 (82.2347)  manu_acc1: 90.2344 (88.7367)  time: 0.4067  data: 0.2250  max mem: 11382
Test:  [265/391]  eta: 0:01:12  sploss: 1.6359 (1.7925)  famloss: 0.8085 (0.9075)  manuloss: 0.5809 (0.6494)  acc1: 71.4844 (68.3799)  acc5: 88.2812 (86.8847)  family_acc1: 84.7656 (82.2457)  manu_acc1: 90.2344 (88.7424)  time: 0.4072  data: 0.2250  max mem: 11382
Test:  [266/391]  eta: 0:01:13  sploss: 1.6359 (1.7919)  famloss: 0.7918 (0.9070)  manuloss: 0.5792 (0.6490)  acc1: 71.4844 (68.3960)  acc5: 88.2812 (86.8826)  family_acc1: 85.1562 (82.2653)  manu_acc1: 90.6250 (88.7538)  time: 0.6631  data: 0.4741  max mem: 11382
Test:  [267/391]  eta: 0:01:13  sploss: 1.6332 (1.7913)  famloss: 0.7855 (0.9065)  manuloss: 0.5788 (0.6486)  acc1: 71.4844 (68.4148)  acc5: 89.0625 (86.8966)  family_acc1: 85.1562 (82.2834)  manu_acc1: 90.6250 (88.7666)  time: 0.6648  data: 0.4741  max mem: 11382
Test:  [268/391]  eta: 0:01:12  sploss: 1.6359 (1.7911)  famloss: 0.7855 (0.9061)  manuloss: 0.5766 (0.6484)  acc1: 71.4844 (68.4175)  acc5: 89.0625 (86.8988)  family_acc1: 85.1562 (82.2926)  manu_acc1: 90.6250 (88.7735)  time: 0.6631  data: 0.4743  max mem: 11382
Test:  [269/391]  eta: 0:01:11  sploss: 1.6359 (1.7909)  famloss: 0.7855 (0.9060)  manuloss: 0.5788 (0.6482)  acc1: 71.4844 (68.4187)  acc5: 89.0625 (86.9025)  family_acc1: 85.1562 (82.3003)  manu_acc1: 90.6250 (88.7760)  time: 0.6625  data: 0.4743  max mem: 11382
Test:  [270/391]  eta: 0:01:10  sploss: 1.6359 (1.7902)  famloss: 0.7703 (0.9054)  manuloss: 0.5766 (0.6477)  acc1: 71.4844 (68.4430)  acc5: 89.0625 (86.9148)  family_acc1: 85.1562 (82.3123)  manu_acc1: 90.6250 (88.7886)  time: 0.6599  data: 0.4743  max mem: 11382
Test:  [271/391]  eta: 0:01:09  sploss: 1.6359 (1.7905)  famloss: 0.7703 (0.9053)  manuloss: 0.5766 (0.6476)  acc1: 71.4844 (68.4427)  acc5: 89.0625 (86.9040)  family_acc1: 85.1562 (82.3041)  manu_acc1: 90.6250 (88.7853)  time: 0.6584  data: 0.4743  max mem: 11382
Test:  [272/391]  eta: 0:01:09  sploss: 1.6359 (1.7895)  famloss: 0.7703 (0.9043)  manuloss: 0.5766 (0.6468)  acc1: 71.4844 (68.4552)  acc5: 89.0625 (86.9148)  family_acc1: 85.5469 (82.3246)  manu_acc1: 90.6250 (88.8035)  time: 0.6563  data: 0.4743  max mem: 11382
Test:  [273/391]  eta: 0:01:08  sploss: 1.6332 (1.7879)  famloss: 0.7681 (0.9030)  manuloss: 0.5658 (0.6459)  acc1: 71.4844 (68.4934)  acc5: 89.8438 (86.9383)  family_acc1: 85.5469 (82.3563)  manu_acc1: 91.0156 (88.8230)  time: 0.6542  data: 0.4743  max mem: 11382
Test:  [274/391]  eta: 0:01:07  sploss: 1.6332 (1.7877)  famloss: 0.7681 (0.9027)  manuloss: 0.5651 (0.6456)  acc1: 71.4844 (68.5028)  acc5: 89.0625 (86.9446)  family_acc1: 85.5469 (82.3622)  manu_acc1: 91.0156 (88.8295)  time: 0.4294  data: 0.2497  max mem: 11382
Test:  [275/391]  eta: 0:01:06  sploss: 1.6176 (1.7868)  famloss: 0.7564 (0.9019)  manuloss: 0.5464 (0.6452)  acc1: 71.4844 (68.5278)  acc5: 89.8438 (86.9565)  family_acc1: 85.5469 (82.3865)  manu_acc1: 91.0156 (88.8403)  time: 0.4292  data: 0.2497  max mem: 11382
Test:  [276/391]  eta: 0:01:06  sploss: 1.6176 (1.7865)  famloss: 0.7681 (0.9015)  manuloss: 0.5464 (0.6449)  acc1: 71.8750 (68.5455)  acc5: 89.0625 (86.9599)  family_acc1: 85.5469 (82.3909)  manu_acc1: 90.6250 (88.8453)  time: 0.4300  data: 0.2497  max mem: 11382
Test:  [277/391]  eta: 0:01:05  sploss: 1.6176 (1.7855)  famloss: 0.7681 (0.9007)  manuloss: 0.5509 (0.6446)  acc1: 71.8750 (68.5603)  acc5: 89.0625 (86.9689)  family_acc1: 85.5469 (82.4106)  manu_acc1: 90.6250 (88.8574)  time: 0.4290  data: 0.2497  max mem: 11382
Test:  [278/391]  eta: 0:01:06  sploss: 1.5967 (1.7845)  famloss: 0.7564 (0.9000)  manuloss: 0.5464 (0.6439)  acc1: 72.6562 (68.5960)  acc5: 89.4531 (86.9834)  family_acc1: 85.5469 (82.4331)  manu_acc1: 91.7969 (88.8763)  time: 0.6729  data: 0.4919  max mem: 11382
Test:  [279/391]  eta: 0:01:05  sploss: 1.5967 (1.7841)  famloss: 0.7555 (0.8994)  manuloss: 0.5464 (0.6438)  acc1: 72.6562 (68.6091)  acc5: 89.8438 (86.9964)  family_acc1: 85.5469 (82.4442)  manu_acc1: 91.7969 (88.8783)  time: 0.6734  data: 0.4919  max mem: 11382
Test:  [280/391]  eta: 0:01:05  sploss: 1.5952 (1.7830)  famloss: 0.7527 (0.8986)  manuloss: 0.5448 (0.6431)  acc1: 72.6562 (68.6152)  acc5: 90.2344 (87.0093)  family_acc1: 85.5469 (82.4622)  manu_acc1: 91.7969 (88.8943)  time: 0.6729  data: 0.4919  max mem: 11382
Test:  [281/391]  eta: 0:01:04  sploss: 1.5952 (1.7824)  famloss: 0.7555 (0.8983)  manuloss: 0.5464 (0.6431)  acc1: 72.6562 (68.6364)  acc5: 90.2344 (87.0249)  family_acc1: 85.5469 (82.4634)  manu_acc1: 91.7969 (88.8963)  time: 0.6736  data: 0.4919  max mem: 11382
Test:  [282/391]  eta: 0:01:03  sploss: 1.5967 (1.7823)  famloss: 0.7564 (0.8982)  manuloss: 0.5509 (0.6428)  acc1: 72.2656 (68.6410)  acc5: 89.8438 (87.0279)  family_acc1: 85.5469 (82.4591)  manu_acc1: 91.0156 (88.9038)  time: 0.6739  data: 0.4919  max mem: 11382
Test:  [283/391]  eta: 0:01:02  sploss: 1.6176 (1.7817)  famloss: 0.7681 (0.8980)  manuloss: 0.5537 (0.6425)  acc1: 72.2656 (68.6400)  acc5: 89.8438 (87.0406)  family_acc1: 85.1562 (82.4604)  manu_acc1: 91.0156 (88.9140)  time: 0.6736  data: 0.4919  max mem: 11382
Test:  [284/391]  eta: 0:01:02  sploss: 1.6176 (1.7813)  famloss: 0.7579 (0.8975)  manuloss: 0.5509 (0.6421)  acc1: 72.2656 (68.6458)  acc5: 89.8438 (87.0477)  family_acc1: 85.1562 (82.4685)  manu_acc1: 91.7969 (88.9254)  time: 0.6733  data: 0.4919  max mem: 11382
Test:  [285/391]  eta: 0:01:01  sploss: 1.6212 (1.7808)  famloss: 0.7579 (0.8972)  manuloss: 0.5509 (0.6419)  acc1: 72.2656 (68.6762)  acc5: 89.8438 (87.0575)  family_acc1: 85.5469 (82.4792)  manu_acc1: 91.7969 (88.9368)  time: 0.6729  data: 0.4919  max mem: 11382
Test:  [286/391]  eta: 0:01:00  sploss: 1.6176 (1.7800)  famloss: 0.7564 (0.8966)  manuloss: 0.5509 (0.6414)  acc1: 72.2656 (68.6901)  acc5: 89.8438 (87.0685)  family_acc1: 85.5469 (82.4913)  manu_acc1: 91.7969 (88.9454)  time: 0.4178  data: 0.2428  max mem: 11382
Test:  [287/391]  eta: 0:01:00  sploss: 1.5952 (1.7794)  famloss: 0.7579 (0.8961)  manuloss: 0.5509 (0.6409)  acc1: 71.8750 (68.7012)  acc5: 89.8438 (87.0755)  family_acc1: 85.5469 (82.5046)  manu_acc1: 91.7969 (88.9581)  time: 0.4165  data: 0.2428  max mem: 11382
Test:  [288/391]  eta: 0:00:59  sploss: 1.5952 (1.7790)  famloss: 0.7579 (0.8958)  manuloss: 0.5509 (0.6408)  acc1: 71.8750 (68.7013)  acc5: 89.8438 (87.0864)  family_acc1: 85.5469 (82.5124)  manu_acc1: 91.7969 (88.9638)  time: 0.4162  data: 0.2426  max mem: 11382
Test:  [289/391]  eta: 0:00:58  sploss: 1.5952 (1.7785)  famloss: 0.7573 (0.8953)  manuloss: 0.5319 (0.6404)  acc1: 71.8750 (68.7096)  acc5: 89.8438 (87.0919)  family_acc1: 85.5469 (82.5310)  manu_acc1: 91.7969 (88.9723)  time: 0.4153  data: 0.2426  max mem: 11382
Test:  [290/391]  eta: 0:00:59  sploss: 1.5931 (1.7779)  famloss: 0.7573 (0.8947)  manuloss: 0.5319 (0.6398)  acc1: 71.8750 (68.7218)  acc5: 89.8438 (87.1027)  family_acc1: 85.5469 (82.5467)  manu_acc1: 91.7969 (88.9846)  time: 0.6654  data: 0.4855  max mem: 11382
Test:  [291/391]  eta: 0:00:58  sploss: 1.5848 (1.7771)  famloss: 0.7573 (0.8945)  manuloss: 0.5319 (0.6395)  acc1: 72.2656 (68.7353)  acc5: 89.8438 (87.1067)  family_acc1: 85.5469 (82.5530)  manu_acc1: 91.7969 (88.9929)  time: 0.6654  data: 0.4855  max mem: 11382
Test:  [292/391]  eta: 0:00:58  sploss: 1.5848 (1.7759)  famloss: 0.7573 (0.8939)  manuloss: 0.5509 (0.6393)  acc1: 72.2656 (68.7593)  acc5: 90.2344 (87.1267)  family_acc1: 85.5469 (82.5619)  manu_acc1: 91.4062 (88.9918)  time: 0.6655  data: 0.4855  max mem: 11382
Test:  [293/391]  eta: 0:00:57  sploss: 1.5931 (1.7753)  famloss: 0.7579 (0.8937)  manuloss: 0.5520 (0.6393)  acc1: 72.2656 (68.7739)  acc5: 89.8438 (87.1346)  family_acc1: 85.1562 (82.5680)  manu_acc1: 91.4062 (88.9947)  time: 0.6652  data: 0.4855  max mem: 11382
Test:  [294/391]  eta: 0:00:56  sploss: 1.5931 (1.7752)  famloss: 0.7579 (0.8933)  manuloss: 0.5509 (0.6388)  acc1: 72.2656 (68.7738)  acc5: 89.8438 (87.1385)  family_acc1: 85.5469 (82.5808)  manu_acc1: 91.4062 (89.0082)  time: 0.6631  data: 0.4855  max mem: 11382
Test:  [295/391]  eta: 0:00:55  sploss: 1.6210 (1.7750)  famloss: 0.7666 (0.8930)  manuloss: 0.5509 (0.6384)  acc1: 72.2656 (68.7817)  acc5: 89.4531 (87.1437)  family_acc1: 85.5469 (82.5908)  manu_acc1: 91.4062 (89.0163)  time: 0.6634  data: 0.4855  max mem: 11382
Test:  [296/391]  eta: 0:00:55  sploss: 1.5931 (1.7739)  famloss: 0.7579 (0.8923)  manuloss: 0.5319 (0.6379)  acc1: 72.2656 (68.8066)  acc5: 89.8438 (87.1528)  family_acc1: 85.5469 (82.6073)  manu_acc1: 91.4062 (89.0309)  time: 0.6616  data: 0.4855  max mem: 11382
Test:  [297/391]  eta: 0:00:54  sploss: 1.5931 (1.7728)  famloss: 0.7579 (0.8915)  manuloss: 0.5282 (0.6373)  acc1: 72.2656 (68.8326)  acc5: 89.8438 (87.1671)  family_acc1: 85.5469 (82.6329)  manu_acc1: 91.4062 (89.0468)  time: 0.6607  data: 0.4855  max mem: 11382
Test:  [298/391]  eta: 0:00:53  sploss: 1.5931 (1.7720)  famloss: 0.7579 (0.8908)  manuloss: 0.5282 (0.6369)  acc1: 72.2656 (68.8506)  acc5: 89.8438 (87.1838)  family_acc1: 85.5469 (82.6479)  manu_acc1: 91.4062 (89.0586)  time: 0.4162  data: 0.2433  max mem: 11382
Test:  [299/391]  eta: 0:00:53  sploss: 1.5848 (1.7711)  famloss: 0.7579 (0.8900)  manuloss: 0.5270 (0.6363)  acc1: 72.2656 (68.8633)  acc5: 89.8438 (87.1914)  family_acc1: 85.5469 (82.6719)  manu_acc1: 91.7969 (89.0729)  time: 0.4165  data: 0.2433  max mem: 11382
Test:  [300/391]  eta: 0:00:52  sploss: 1.5931 (1.7708)  famloss: 0.7666 (0.8897)  manuloss: 0.5270 (0.6359)  acc1: 72.2656 (68.8668)  acc5: 89.8438 (87.2015)  family_acc1: 85.5469 (82.6736)  manu_acc1: 91.7969 (89.0833)  time: 0.4178  data: 0.2433  max mem: 11382
Test:  [301/391]  eta: 0:00:51  sploss: 1.6210 (1.7706)  famloss: 0.7666 (0.8893)  manuloss: 0.5270 (0.6356)  acc1: 71.8750 (68.8703)  acc5: 89.4531 (87.2038)  family_acc1: 85.5469 (82.6844)  manu_acc1: 91.7969 (89.0910)  time: 0.4185  data: 0.2433  max mem: 11382
Test:  [302/391]  eta: 0:00:52  sploss: 1.5848 (1.7696)  famloss: 0.7626 (0.8889)  manuloss: 0.5270 (0.6354)  acc1: 72.2656 (68.8879)  acc5: 89.8438 (87.2228)  family_acc1: 85.5469 (82.6913)  manu_acc1: 92.1875 (89.1012)  time: 0.6739  data: 0.4965  max mem: 11382
Test:  [303/391]  eta: 0:00:51  sploss: 1.5848 (1.7693)  famloss: 0.7626 (0.8885)  manuloss: 0.5270 (0.6351)  acc1: 72.6562 (68.9042)  acc5: 89.8438 (87.2327)  family_acc1: 85.9375 (82.7046)  manu_acc1: 92.1875 (89.1126)  time: 0.6754  data: 0.4970  max mem: 11382
Test:  [304/391]  eta: 0:00:51  sploss: 1.5848 (1.7687)  famloss: 0.7626 (0.8879)  manuloss: 0.5212 (0.6345)  acc1: 72.6562 (68.9114)  acc5: 89.8438 (87.2439)  family_acc1: 85.9375 (82.7216)  manu_acc1: 92.1875 (89.1278)  time: 0.6751  data: 0.4970  max mem: 11382
Test:  [305/391]  eta: 0:00:50  sploss: 1.5848 (1.7686)  famloss: 0.7573 (0.8873)  manuloss: 0.5207 (0.6341)  acc1: 72.2656 (68.9032)  acc5: 89.8438 (87.2472)  family_acc1: 86.3281 (82.7346)  manu_acc1: 92.1875 (89.1340)  time: 0.6758  data: 0.4970  max mem: 11382
Test:  [306/391]  eta: 0:00:49  sploss: 1.5946 (1.7683)  famloss: 0.7626 (0.8871)  manuloss: 0.5212 (0.6340)  acc1: 71.8750 (68.9014)  acc5: 89.8438 (87.2557)  family_acc1: 86.3281 (82.7463)  manu_acc1: 92.1875 (89.1388)  time: 0.6748  data: 0.4970  max mem: 11382
Test:  [307/391]  eta: 0:00:49  sploss: 1.6210 (1.7681)  famloss: 0.7626 (0.8867)  manuloss: 0.5270 (0.6340)  acc1: 71.4844 (68.9098)  acc5: 89.8438 (87.2565)  family_acc1: 86.3281 (82.7554)  manu_acc1: 91.4062 (89.1386)  time: 0.6730  data: 0.4970  max mem: 11382
Test:  [308/391]  eta: 0:00:48  sploss: 1.6210 (1.7676)  famloss: 0.7626 (0.8864)  manuloss: 0.5270 (0.6338)  acc1: 72.2656 (68.9257)  acc5: 89.8438 (87.2687)  family_acc1: 86.3281 (82.7607)  manu_acc1: 91.4062 (89.1396)  time: 0.6725  data: 0.4970  max mem: 11382
Test:  [309/391]  eta: 0:00:47  sploss: 1.5946 (1.7668)  famloss: 0.7626 (0.8859)  manuloss: 0.5212 (0.6332)  acc1: 72.6562 (68.9491)  acc5: 89.8438 (87.2795)  family_acc1: 86.3281 (82.7722)  manu_acc1: 91.4062 (89.1469)  time: 0.6721  data: 0.4970  max mem: 11382
Test:  [310/391]  eta: 0:00:46  sploss: 1.5946 (1.7663)  famloss: 0.7636 (0.8855)  manuloss: 0.5212 (0.6328)  acc1: 72.6562 (68.9547)  acc5: 89.8438 (87.2890)  family_acc1: 85.9375 (82.7811)  manu_acc1: 91.4062 (89.1580)  time: 0.4219  data: 0.2541  max mem: 11382
Test:  [311/391]  eta: 0:00:46  sploss: 1.6210 (1.7660)  famloss: 0.7636 (0.8852)  manuloss: 0.5212 (0.6325)  acc1: 71.4844 (68.9566)  acc5: 89.8438 (87.2959)  family_acc1: 85.9375 (82.7887)  manu_acc1: 91.4062 (89.1639)  time: 0.4208  data: 0.2541  max mem: 11382
Test:  [312/391]  eta: 0:00:45  sploss: 1.6221 (1.7659)  famloss: 0.7650 (0.8852)  manuloss: 0.5212 (0.6324)  acc1: 71.0938 (68.9547)  acc5: 89.8438 (87.3003)  family_acc1: 85.9375 (82.7875)  manu_acc1: 91.4062 (89.1686)  time: 0.4204  data: 0.2541  max mem: 11382
Test:  [313/391]  eta: 0:00:44  sploss: 1.6221 (1.7654)  famloss: 0.7636 (0.8847)  manuloss: 0.5207 (0.6321)  acc1: 71.0938 (68.9528)  acc5: 89.8438 (87.3097)  family_acc1: 85.9375 (82.7926)  manu_acc1: 91.4062 (89.1757)  time: 0.4215  data: 0.2541  max mem: 11382
Test:  [314/391]  eta: 0:00:45  sploss: 1.6193 (1.7648)  famloss: 0.7626 (0.8843)  manuloss: 0.5212 (0.6319)  acc1: 71.0938 (68.9645)  acc5: 89.8438 (87.3127)  family_acc1: 85.5469 (82.7989)  manu_acc1: 91.4062 (89.1803)  time: 0.6722  data: 0.4996  max mem: 11382
Test:  [315/391]  eta: 0:00:44  sploss: 1.5946 (1.7642)  famloss: 0.7514 (0.8838)  manuloss: 0.5212 (0.6318)  acc1: 71.0938 (68.9713)  acc5: 89.8438 (87.3170)  family_acc1: 85.5469 (82.8051)  manu_acc1: 91.4062 (89.1787)  time: 0.6727  data: 0.4996  max mem: 11382
Test:  [316/391]  eta: 0:00:44  sploss: 1.6193 (1.7641)  famloss: 0.7626 (0.8836)  manuloss: 0.5212 (0.6314)  acc1: 71.0938 (68.9743)  acc5: 89.8438 (87.3189)  family_acc1: 85.5469 (82.8076)  manu_acc1: 91.4062 (89.1857)  time: 0.6743  data: 0.4996  max mem: 11382
Test:  [317/391]  eta: 0:00:43  sploss: 1.6221 (1.7638)  famloss: 0.7626 (0.8832)  manuloss: 0.5283 (0.6310)  acc1: 70.7031 (68.9760)  acc5: 89.4531 (87.3182)  family_acc1: 85.1562 (82.8137)  manu_acc1: 91.4062 (89.1915)  time: 0.6743  data: 0.4996  max mem: 11382
Test:  [318/391]  eta: 0:00:42  sploss: 1.6221 (1.7633)  famloss: 0.7636 (0.8830)  manuloss: 0.5395 (0.6308)  acc1: 70.7031 (68.9839)  acc5: 89.4531 (87.3237)  family_acc1: 84.7656 (82.8186)  manu_acc1: 91.0156 (89.1960)  time: 0.6748  data: 0.4996  max mem: 11382
Test:  [319/391]  eta: 0:00:42  sploss: 1.6221 (1.7627)  famloss: 0.7650 (0.8829)  manuloss: 0.5572 (0.6309)  acc1: 70.7031 (68.9966)  acc5: 89.4531 (87.3328)  family_acc1: 84.7656 (82.8186)  manu_acc1: 91.0156 (89.1907)  time: 0.6742  data: 0.4996  max mem: 11382
Test:  [320/391]  eta: 0:00:41  sploss: 1.6221 (1.7627)  famloss: 0.7650 (0.8827)  manuloss: 0.5572 (0.6306)  acc1: 70.7031 (68.9946)  acc5: 89.0625 (87.3357)  family_acc1: 84.7656 (82.8222)  manu_acc1: 91.0156 (89.1976)  time: 0.6733  data: 0.4996  max mem: 11382
Test:  [321/391]  eta: 0:00:40  sploss: 1.6193 (1.7618)  famloss: 0.7650 (0.8823)  manuloss: 0.5572 (0.6304)  acc1: 71.0938 (69.0120)  acc5: 89.4531 (87.3459)  family_acc1: 84.7656 (82.8283)  manu_acc1: 91.0156 (89.2020)  time: 0.6728  data: 0.4996  max mem: 11382
Test:  [322/391]  eta: 0:00:40  sploss: 1.6221 (1.7619)  famloss: 0.7692 (0.8822)  manuloss: 0.5572 (0.6304)  acc1: 70.7031 (69.0136)  acc5: 89.0625 (87.3416)  family_acc1: 84.7656 (82.8234)  manu_acc1: 90.6250 (89.1992)  time: 0.4173  data: 0.2464  max mem: 11382
Test:  [323/391]  eta: 0:00:39  sploss: 1.6221 (1.7618)  famloss: 0.7752 (0.8820)  manuloss: 0.5596 (0.6302)  acc1: 69.9219 (69.0164)  acc5: 88.6719 (87.3445)  family_acc1: 84.7656 (82.8354)  manu_acc1: 90.6250 (89.2108)  time: 0.4159  data: 0.2459  max mem: 11382
Test:  [324/391]  eta: 0:00:38  sploss: 1.6295 (1.7614)  famloss: 0.7752 (0.8816)  manuloss: 0.5596 (0.6298)  acc1: 69.9219 (69.0252)  acc5: 88.6719 (87.3462)  family_acc1: 84.7656 (82.8438)  manu_acc1: 90.6250 (89.2188)  time: 0.4161  data: 0.2459  max mem: 11382
Test:  [325/391]  eta: 0:00:38  sploss: 1.6295 (1.7610)  famloss: 0.7856 (0.8814)  manuloss: 0.5601 (0.6299)  acc1: 70.7031 (69.0412)  acc5: 88.6719 (87.3538)  family_acc1: 84.7656 (82.8496)  manu_acc1: 90.6250 (89.2195)  time: 0.4162  data: 0.2459  max mem: 11382
Test:  [326/391]  eta: 0:00:38  sploss: 1.6295 (1.7614)  famloss: 0.7856 (0.8816)  manuloss: 0.5601 (0.6299)  acc1: 70.7031 (69.0343)  acc5: 88.6719 (87.3483)  family_acc1: 84.7656 (82.8519)  manu_acc1: 90.6250 (89.2202)  time: 0.6689  data: 0.4923  max mem: 11382
Test:  [327/391]  eta: 0:00:37  sploss: 1.6221 (1.7609)  famloss: 0.7856 (0.8810)  manuloss: 0.5596 (0.6296)  acc1: 70.7031 (69.0442)  acc5: 88.6719 (87.3559)  family_acc1: 84.7656 (82.8685)  manu_acc1: 90.6250 (89.2257)  time: 0.6700  data: 0.4923  max mem: 11382
Test:  [328/391]  eta: 0:00:37  sploss: 1.6295 (1.7606)  famloss: 0.7856 (0.8810)  manuloss: 0.5596 (0.6295)  acc1: 69.9219 (69.0468)  acc5: 88.6719 (87.3611)  family_acc1: 84.7656 (82.8719)  manu_acc1: 90.6250 (89.2299)  time: 0.6703  data: 0.4923  max mem: 11382
Test:  [329/391]  eta: 0:00:36  sploss: 1.6465 (1.7606)  famloss: 0.7938 (0.8807)  manuloss: 0.5601 (0.6293)  acc1: 69.9219 (69.0436)  acc5: 88.6719 (87.3568)  family_acc1: 84.7656 (82.8835)  manu_acc1: 90.6250 (89.2341)  time: 0.6704  data: 0.4923  max mem: 11382
Test:  [330/391]  eta: 0:00:35  sploss: 1.6465 (1.7601)  famloss: 0.7938 (0.8804)  manuloss: 0.5623 (0.6292)  acc1: 69.9219 (69.0533)  acc5: 88.2812 (87.3596)  family_acc1: 84.3750 (82.8833)  manu_acc1: 90.6250 (89.2324)  time: 0.6703  data: 0.4923  max mem: 11382
Test:  [331/391]  eta: 0:00:35  sploss: 1.6465 (1.7603)  famloss: 0.7975 (0.8804)  manuloss: 0.5643 (0.6292)  acc1: 69.9219 (69.0477)  acc5: 88.2812 (87.3659)  family_acc1: 84.3750 (82.8831)  manu_acc1: 90.6250 (89.2284)  time: 0.6706  data: 0.4923  max mem: 11382
Test:  [332/391]  eta: 0:00:34  sploss: 1.6465 (1.7605)  famloss: 0.7975 (0.8808)  manuloss: 0.5643 (0.6295)  acc1: 69.9219 (69.0444)  acc5: 88.2812 (87.3628)  family_acc1: 84.3750 (82.8758)  manu_acc1: 90.6250 (89.2185)  time: 0.6726  data: 0.4923  max mem: 11382
Test:  [333/391]  eta: 0:00:33  sploss: 1.6573 (1.7604)  famloss: 0.8068 (0.8810)  manuloss: 0.5658 (0.6296)  acc1: 69.9219 (69.0400)  acc5: 88.2812 (87.3632)  family_acc1: 83.9844 (82.8698)  manu_acc1: 90.6250 (89.2110)  time: 0.6731  data: 0.4923  max mem: 11382
Test:  [334/391]  eta: 0:00:33  sploss: 1.6884 (1.7607)  famloss: 0.8151 (0.8812)  manuloss: 0.5819 (0.6295)  acc1: 69.9219 (69.0485)  acc5: 88.2812 (87.3589)  family_acc1: 83.9844 (82.8603)  manu_acc1: 89.4531 (89.2118)  time: 0.4244  data: 0.2468  max mem: 11382
Test:  [335/391]  eta: 0:00:32  sploss: 1.7185 (1.7607)  famloss: 0.8184 (0.8812)  manuloss: 0.5819 (0.6296)  acc1: 69.9219 (69.0476)  acc5: 87.8906 (87.3593)  family_acc1: 83.5938 (82.8625)  manu_acc1: 89.4531 (89.2090)  time: 0.4254  data: 0.2468  max mem: 11382
Test:  [336/391]  eta: 0:00:31  sploss: 1.7158 (1.7605)  famloss: 0.8322 (0.8812)  manuloss: 0.5967 (0.6297)  acc1: 69.5312 (69.0409)  acc5: 87.8906 (87.3609)  family_acc1: 83.5938 (82.8612)  manu_acc1: 89.4531 (89.2097)  time: 0.4260  data: 0.2468  max mem: 11382
Test:  [337/391]  eta: 0:00:31  sploss: 1.7185 (1.7609)  famloss: 0.8468 (0.8815)  manuloss: 0.6029 (0.6300)  acc1: 69.5312 (69.0320)  acc5: 87.8906 (87.3555)  family_acc1: 83.5938 (82.8634)  manu_acc1: 89.4531 (89.2023)  time: 0.4284  data: 0.2468  max mem: 11382
Test:  [338/391]  eta: 0:00:31  sploss: 1.7378 (1.7611)  famloss: 0.8579 (0.8814)  manuloss: 0.6029 (0.6299)  acc1: 68.7500 (69.0312)  acc5: 87.8906 (87.3514)  family_acc1: 83.5938 (82.8690)  manu_acc1: 89.4531 (89.2065)  time: 0.6729  data: 0.4854  max mem: 11382
Test:  [339/391]  eta: 0:00:30  sploss: 1.7595 (1.7615)  famloss: 0.8579 (0.8816)  manuloss: 0.6029 (0.6299)  acc1: 68.7500 (69.0177)  acc5: 87.5000 (87.3449)  family_acc1: 83.5938 (82.8665)  manu_acc1: 89.4531 (89.2073)  time: 0.6727  data: 0.4854  max mem: 11382
Test:  [340/391]  eta: 0:00:29  sploss: 1.7378 (1.7614)  famloss: 0.8579 (0.8813)  manuloss: 0.6029 (0.6296)  acc1: 68.7500 (69.0215)  acc5: 87.5000 (87.3419)  family_acc1: 83.5938 (82.8709)  manu_acc1: 89.4531 (89.2114)  time: 0.6726  data: 0.4854  max mem: 11382
Test:  [341/391]  eta: 0:00:29  sploss: 1.7378 (1.7613)  famloss: 0.8579 (0.8812)  manuloss: 0.6029 (0.6295)  acc1: 68.7500 (69.0298)  acc5: 87.5000 (87.3424)  family_acc1: 83.5938 (82.8730)  manu_acc1: 89.4531 (89.2144)  time: 0.6721  data: 0.4854  max mem: 11382
Test:  [342/391]  eta: 0:00:28  sploss: 1.7185 (1.7609)  famloss: 0.8579 (0.8808)  manuloss: 0.5982 (0.6293)  acc1: 68.7500 (69.0313)  acc5: 87.5000 (87.3463)  family_acc1: 83.5938 (82.8808)  manu_acc1: 89.4531 (89.2197)  time: 0.6718  data: 0.4854  max mem: 11382
Test:  [343/391]  eta: 0:00:28  sploss: 1.7169 (1.7605)  famloss: 0.8579 (0.8805)  manuloss: 0.5982 (0.6290)  acc1: 68.7500 (69.0418)  acc5: 87.5000 (87.3558)  family_acc1: 83.5938 (82.8886)  manu_acc1: 89.4531 (89.2294)  time: 0.6724  data: 0.4853  max mem: 11382
Test:  [344/391]  eta: 0:00:27  sploss: 1.7169 (1.7602)  famloss: 0.8716 (0.8805)  manuloss: 0.6029 (0.6290)  acc1: 68.7500 (69.0500)  acc5: 87.5000 (87.3585)  family_acc1: 83.5938 (82.8895)  manu_acc1: 89.4531 (89.2312)  time: 0.6725  data: 0.4853  max mem: 11382
Test:  [345/391]  eta: 0:00:26  sploss: 1.7169 (1.7601)  famloss: 0.8772 (0.8807)  manuloss: 0.5982 (0.6288)  acc1: 68.7500 (69.0526)  acc5: 87.5000 (87.3600)  family_acc1: 83.5938 (82.8802)  manu_acc1: 89.4531 (89.2352)  time: 0.6713  data: 0.4853  max mem: 11382
Test:  [346/391]  eta: 0:00:26  sploss: 1.7158 (1.7596)  famloss: 0.8716 (0.8803)  manuloss: 0.5967 (0.6285)  acc1: 69.5312 (69.0539)  acc5: 87.5000 (87.3660)  family_acc1: 83.5938 (82.8845)  manu_acc1: 89.8438 (89.2392)  time: 0.4183  data: 0.2390  max mem: 11382
Test:  [347/391]  eta: 0:00:25  sploss: 1.7158 (1.7595)  famloss: 0.8716 (0.8801)  manuloss: 0.5967 (0.6282)  acc1: 68.7500 (69.0475)  acc5: 87.5000 (87.3732)  family_acc1: 83.2031 (82.8843)  manu_acc1: 89.8438 (89.2488)  time: 0.4185  data: 0.2390  max mem: 11382
Test:  [348/391]  eta: 0:00:24  sploss: 1.7169 (1.7598)  famloss: 0.8772 (0.8804)  manuloss: 0.5982 (0.6281)  acc1: 68.7500 (69.0332)  acc5: 87.5000 (87.3791)  family_acc1: 82.8125 (82.8741)  manu_acc1: 89.4531 (89.2494)  time: 0.4191  data: 0.2390  max mem: 11382
Test:  [349/391]  eta: 0:00:24  sploss: 1.7158 (1.7595)  famloss: 0.8772 (0.8801)  manuloss: 0.5982 (0.6280)  acc1: 68.7500 (69.0357)  acc5: 87.5000 (87.3761)  family_acc1: 82.8125 (82.8828)  manu_acc1: 89.4531 (89.2567)  time: 0.4199  data: 0.2390  max mem: 11382
Test:  [350/391]  eta: 0:00:24  sploss: 1.7158 (1.7592)  famloss: 0.8772 (0.8800)  manuloss: 0.5982 (0.6277)  acc1: 68.7500 (69.0382)  acc5: 87.5000 (87.3776)  family_acc1: 82.8125 (82.8826)  manu_acc1: 89.8438 (89.2639)  time: 0.6609  data: 0.4782  max mem: 11382
Test:  [351/391]  eta: 0:00:23  sploss: 1.7158 (1.7593)  famloss: 0.8716 (0.8800)  manuloss: 0.5915 (0.6275)  acc1: 68.7500 (69.0352)  acc5: 87.5000 (87.3746)  family_acc1: 83.2031 (82.8902)  manu_acc1: 90.2344 (89.2700)  time: 0.6615  data: 0.4782  max mem: 11382
Test:  [352/391]  eta: 0:00:22  sploss: 1.7158 (1.7592)  famloss: 0.8548 (0.8797)  manuloss: 0.5716 (0.6272)  acc1: 68.7500 (69.0311)  acc5: 87.5000 (87.3816)  family_acc1: 83.5938 (82.8933)  manu_acc1: 90.6250 (89.2816)  time: 0.6615  data: 0.4782  max mem: 11382
Test:  [353/391]  eta: 0:00:22  sploss: 1.7150 (1.7588)  famloss: 0.8440 (0.8795)  manuloss: 0.5586 (0.6268)  acc1: 69.5312 (69.0402)  acc5: 87.8906 (87.3908)  family_acc1: 83.5938 (82.8897)  manu_acc1: 90.6250 (89.2909)  time: 0.6611  data: 0.4782  max mem: 11382
Test:  [354/391]  eta: 0:00:21  sploss: 1.7150 (1.7590)  famloss: 0.8440 (0.8799)  manuloss: 0.5586 (0.6270)  acc1: 68.7500 (69.0306)  acc5: 87.8906 (87.3933)  family_acc1: 83.5938 (82.8719)  manu_acc1: 90.6250 (89.2848)  time: 0.6594  data: 0.4782  max mem: 11382
Test:  [355/391]  eta: 0:00:21  sploss: 1.7149 (1.7587)  famloss: 0.8440 (0.8800)  manuloss: 0.5586 (0.6269)  acc1: 69.1406 (69.0309)  acc5: 87.8906 (87.3991)  family_acc1: 83.5938 (82.8739)  manu_acc1: 90.6250 (89.2918)  time: 0.6574  data: 0.4782  max mem: 11382
Test:  [356/391]  eta: 0:00:20  sploss: 1.7149 (1.7588)  famloss: 0.8440 (0.8799)  manuloss: 0.5586 (0.6267)  acc1: 69.1406 (69.0301)  acc5: 87.8906 (87.3961)  family_acc1: 83.5938 (82.8727)  manu_acc1: 90.6250 (89.2912)  time: 0.6570  data: 0.4782  max mem: 11382
Test:  [357/391]  eta: 0:00:19  sploss: 1.7017 (1.7582)  famloss: 0.8291 (0.8793)  manuloss: 0.5553 (0.6262)  acc1: 69.5312 (69.0315)  acc5: 88.2812 (87.4018)  family_acc1: 83.5938 (82.8911)  manu_acc1: 90.6250 (89.3036)  time: 0.6555  data: 0.4782  max mem: 11382
Test:  [358/391]  eta: 0:00:19  sploss: 1.6879 (1.7580)  famloss: 0.8250 (0.8791)  manuloss: 0.5553 (0.6260)  acc1: 69.5312 (69.0329)  acc5: 88.2812 (87.4021)  family_acc1: 83.5938 (82.8963)  manu_acc1: 90.6250 (89.3073)  time: 0.4118  data: 0.2396  max mem: 11382
Test:  [359/391]  eta: 0:00:18  sploss: 1.6809 (1.7575)  famloss: 0.8243 (0.8786)  manuloss: 0.5503 (0.6256)  acc1: 69.5312 (69.0397)  acc5: 88.2812 (87.4056)  family_acc1: 83.5938 (82.9123)  manu_acc1: 91.0156 (89.3197)  time: 0.4128  data: 0.2396  max mem: 11382
Test:  [360/391]  eta: 0:00:17  sploss: 1.6809 (1.7576)  famloss: 0.8250 (0.8785)  manuloss: 0.5503 (0.6255)  acc1: 69.5312 (69.0324)  acc5: 88.2812 (87.4037)  family_acc1: 83.5938 (82.9207)  manu_acc1: 91.0156 (89.3211)  time: 0.4136  data: 0.2396  max mem: 11382
Test:  [361/391]  eta: 0:00:17  sploss: 1.6671 (1.7573)  famloss: 0.8243 (0.8781)  manuloss: 0.5459 (0.6253)  acc1: 69.5312 (69.0349)  acc5: 88.2812 (87.4018)  family_acc1: 83.9844 (82.9301)  manu_acc1: 91.4062 (89.3312)  time: 0.4147  data: 0.2396  max mem: 11382
Test:  [362/391]  eta: 0:00:17  sploss: 1.6671 (1.7568)  famloss: 0.8243 (0.8777)  manuloss: 0.5459 (0.6250)  acc1: 69.5312 (69.0427)  acc5: 88.2812 (87.4064)  family_acc1: 83.9844 (82.9384)  manu_acc1: 91.7969 (89.3401)  time: 0.6933  data: 0.5046  max mem: 11382
Test:  [363/391]  eta: 0:00:16  sploss: 1.6809 (1.7569)  famloss: 0.8250 (0.8779)  manuloss: 0.5503 (0.6248)  acc1: 69.5312 (69.0365)  acc5: 88.2812 (87.4099)  family_acc1: 83.5938 (82.9381)  manu_acc1: 91.4062 (89.3426)  time: 0.6941  data: 0.5046  max mem: 11382
Test:  [364/391]  eta: 0:00:15  sploss: 1.6809 (1.7566)  famloss: 0.8250 (0.8779)  manuloss: 0.5503 (0.6248)  acc1: 69.5312 (69.0507)  acc5: 88.2812 (87.4112)  family_acc1: 83.5938 (82.9377)  manu_acc1: 91.4062 (89.3418)  time: 0.6940  data: 0.5046  max mem: 11382
Test:  [365/391]  eta: 0:00:15  sploss: 1.6748 (1.7561)  famloss: 0.8243 (0.8776)  manuloss: 0.5459 (0.6244)  acc1: 69.5312 (69.0638)  acc5: 88.6719 (87.4168)  family_acc1: 83.9844 (82.9448)  manu_acc1: 91.7969 (89.3539)  time: 0.6941  data: 0.5046  max mem: 11382
Test:  [366/391]  eta: 0:00:14  sploss: 1.6809 (1.7565)  famloss: 0.8250 (0.8776)  manuloss: 0.5464 (0.6242)  acc1: 69.1406 (69.0544)  acc5: 88.2812 (87.4127)  family_acc1: 83.5938 (82.9466)  manu_acc1: 91.7969 (89.3637)  time: 0.6942  data: 0.5046  max mem: 11382
Test:  [367/391]  eta: 0:00:14  sploss: 1.6809 (1.7566)  famloss: 0.8290 (0.8776)  manuloss: 0.5464 (0.6239)  acc1: 69.1406 (69.0419)  acc5: 87.8906 (87.4119)  family_acc1: 83.5938 (82.9441)  manu_acc1: 91.7969 (89.3661)  time: 0.6931  data: 0.5046  max mem: 11382
Test:  [368/391]  eta: 0:00:13  sploss: 1.6809 (1.7566)  famloss: 0.8290 (0.8775)  manuloss: 0.5464 (0.6238)  acc1: 69.1406 (69.0422)  acc5: 87.8906 (87.4121)  family_acc1: 83.9844 (82.9469)  manu_acc1: 91.7969 (89.3706)  time: 0.6921  data: 0.5046  max mem: 11382
Test:  [369/391]  eta: 0:00:12  sploss: 1.6748 (1.7562)  famloss: 0.8290 (0.8771)  manuloss: 0.5459 (0.6233)  acc1: 69.1406 (69.0519)  acc5: 87.8906 (87.4177)  family_acc1: 83.9844 (82.9571)  manu_acc1: 91.7969 (89.3856)  time: 0.6913  data: 0.5046  max mem: 11382
Test:  [370/391]  eta: 0:00:12  sploss: 1.6879 (1.7565)  famloss: 0.8290 (0.8776)  manuloss: 0.5464 (0.6236)  acc1: 69.1406 (69.0501)  acc5: 87.8906 (87.4137)  family_acc1: 83.9844 (82.9431)  manu_acc1: 91.4062 (89.3805)  time: 0.4504  data: 0.2653  max mem: 11382
Test:  [371/391]  eta: 0:00:11  sploss: 1.6748 (1.7559)  famloss: 0.8250 (0.8773)  manuloss: 0.5406 (0.6233)  acc1: 69.1406 (69.0703)  acc5: 88.2812 (87.4275)  family_acc1: 83.9844 (82.9480)  manu_acc1: 91.0156 (89.3817)  time: 0.4498  data: 0.2653  max mem: 11382
Test:  [372/391]  eta: 0:00:11  sploss: 1.6671 (1.7557)  famloss: 0.8250 (0.8772)  manuloss: 0.5464 (0.6231)  acc1: 69.1406 (69.0642)  acc5: 88.2812 (87.4309)  family_acc1: 83.9844 (82.9507)  manu_acc1: 90.6250 (89.3830)  time: 0.4479  data: 0.2653  max mem: 11382
Test:  [373/391]  eta: 0:00:10  sploss: 1.6748 (1.7555)  famloss: 0.8243 (0.8769)  manuloss: 0.5464 (0.6227)  acc1: 69.1406 (69.0654)  acc5: 88.2812 (87.4332)  family_acc1: 83.9844 (82.9598)  manu_acc1: 90.6250 (89.3936)  time: 0.4463  data: 0.2653  max mem: 11382
Test:  [374/391]  eta: 0:00:10  sploss: 1.6748 (1.7555)  famloss: 0.8243 (0.8769)  manuloss: 0.5464 (0.6227)  acc1: 69.1406 (69.0552)  acc5: 87.8906 (87.4344)  family_acc1: 83.9844 (82.9573)  manu_acc1: 91.0156 (89.4000)  time: 0.6654  data: 0.4830  max mem: 11382
Test:  [375/391]  eta: 0:00:09  sploss: 1.6748 (1.7551)  famloss: 0.8243 (0.8771)  manuloss: 0.5406 (0.6225)  acc1: 69.5312 (69.0606)  acc5: 87.8906 (87.4345)  family_acc1: 83.9844 (82.9538)  manu_acc1: 91.0156 (89.4074)  time: 0.6661  data: 0.4830  max mem: 11382
Test:  [376/391]  eta: 0:00:08  sploss: 1.6641 (1.7549)  famloss: 0.8227 (0.8767)  manuloss: 0.5334 (0.6221)  acc1: 69.5312 (69.0691)  acc5: 87.8906 (87.4399)  family_acc1: 84.7656 (82.9596)  manu_acc1: 91.7969 (89.4169)  time: 0.6644  data: 0.4830  max mem: 11382
Test:  [377/391]  eta: 0:00:08  sploss: 1.6641 (1.7545)  famloss: 0.8243 (0.8768)  manuloss: 0.5352 (0.6219)  acc1: 69.5312 (69.0735)  acc5: 87.8906 (87.4504)  family_acc1: 83.9844 (82.9541)  manu_acc1: 91.7969 (89.4242)  time: 0.6639  data: 0.4830  max mem: 11382
Test:  [378/391]  eta: 0:00:07  sploss: 1.6550 (1.7538)  famloss: 0.8227 (0.8764)  manuloss: 0.5334 (0.6216)  acc1: 69.9219 (69.0881)  acc5: 88.2812 (87.4660)  family_acc1: 83.9844 (82.9589)  manu_acc1: 92.1875 (89.4346)  time: 0.6630  data: 0.4830  max mem: 11382
Test:  [379/391]  eta: 0:00:06  sploss: 1.6550 (1.7533)  famloss: 0.8290 (0.8764)  manuloss: 0.5352 (0.6214)  acc1: 69.9219 (69.0944)  acc5: 88.2812 (87.4702)  family_acc1: 83.9844 (82.9636)  manu_acc1: 92.1875 (89.4428)  time: 0.6611  data: 0.4830  max mem: 11382
Test:  [380/391]  eta: 0:00:06  sploss: 1.6316 (1.7529)  famloss: 0.8516 (0.8764)  manuloss: 0.5334 (0.6211)  acc1: 70.7031 (69.1078)  acc5: 88.6719 (87.4774)  family_acc1: 83.9844 (82.9612)  manu_acc1: 92.1875 (89.4531)  time: 0.6596  data: 0.4830  max mem: 11382
Test:  [381/391]  eta: 0:00:05  sploss: 1.6550 (1.7528)  famloss: 0.8637 (0.8764)  manuloss: 0.5334 (0.6210)  acc1: 71.0938 (69.1151)  acc5: 88.6719 (87.4755)  family_acc1: 83.9844 (82.9649)  manu_acc1: 92.1875 (89.4541)  time: 0.6576  data: 0.4830  max mem: 11382
Test:  [382/391]  eta: 0:00:05  sploss: 1.6550 (1.7524)  famloss: 0.8637 (0.8762)  manuloss: 0.5334 (0.6207)  acc1: 71.0938 (69.1233)  acc5: 88.6719 (87.4796)  family_acc1: 83.9844 (82.9675)  manu_acc1: 92.1875 (89.4633)  time: 0.3788  data: 0.2180  max mem: 11382
Test:  [383/391]  eta: 0:00:04  sploss: 1.6550 (1.7524)  famloss: 0.8637 (0.8762)  manuloss: 0.5334 (0.6206)  acc1: 71.0938 (69.1203)  acc5: 88.2812 (87.4817)  family_acc1: 83.9844 (82.9641)  manu_acc1: 92.1875 (89.4633)  time: 0.3772  data: 0.2180  max mem: 11382
Test:  [384/391]  eta: 0:00:04  sploss: 1.6550 (1.7522)  famloss: 0.8516 (0.8760)  manuloss: 0.5334 (0.6204)  acc1: 70.7031 (69.1234)  acc5: 88.2812 (87.4807)  family_acc1: 83.9844 (82.9718)  manu_acc1: 92.1875 (89.4683)  time: 0.3767  data: 0.2179  max mem: 11382
Test:  [385/391]  eta: 0:00:03  sploss: 1.6641 (1.7523)  famloss: 0.8637 (0.8761)  manuloss: 0.5352 (0.6203)  acc1: 70.3125 (69.1265)  acc5: 88.2812 (87.4848)  family_acc1: 83.9844 (82.9704)  manu_acc1: 91.7969 (89.4724)  time: 0.3763  data: 0.2179  max mem: 11382
Test:  [386/391]  eta: 0:00:02  sploss: 1.6550 (1.7520)  famloss: 0.8516 (0.8759)  manuloss: 0.5334 (0.6198)  acc1: 70.7031 (69.1315)  acc5: 88.6719 (87.4929)  family_acc1: 83.9844 (82.9730)  manu_acc1: 91.7969 (89.4854)  time: 0.6451  data: 0.4759  max mem: 11382
Test:  [387/391]  eta: 0:00:02  sploss: 1.6550 (1.7518)  famloss: 0.8356 (0.8758)  manuloss: 0.5352 (0.6197)  acc1: 71.0938 (69.1406)  acc5: 88.6719 (87.4950)  family_acc1: 83.9844 (82.9776)  manu_acc1: 91.7969 (89.4863)  time: 0.6454  data: 0.4759  max mem: 11382
Test:  [388/391]  eta: 0:00:01  sploss: 1.6550 (1.7516)  famloss: 0.8356 (0.8757)  manuloss: 0.5352 (0.6197)  acc1: 71.0938 (69.1517)  acc5: 88.6719 (87.4940)  family_acc1: 83.9844 (82.9822)  manu_acc1: 91.7969 (89.4863)  time: 0.6451  data: 0.4758  max mem: 11382
Test:  [389/391]  eta: 0:00:01  sploss: 1.6641 (1.7514)  famloss: 0.8356 (0.8756)  manuloss: 0.5385 (0.6196)  acc1: 71.0938 (69.1526)  acc5: 88.2812 (87.4940)  family_acc1: 83.9844 (82.9858)  manu_acc1: 91.4062 (89.4912)  time: 0.6450  data: 0.4758  max mem: 11382
Test:  [390/391]  eta: 0:00:00  sploss: 1.6641 (1.7514)  famloss: 0.8356 (0.8757)  manuloss: 0.5352 (0.6193)  acc1: 71.0938 (69.1530)  acc5: 88.2812 (87.4950)  family_acc1: 83.9844 (82.9820)  manu_acc1: 91.7969 (89.4960)  time: 0.6428  data: 0.4758  max mem: 11382
Test: Total time: 0:03:49 (0.5876 s / it)
* Acc@1 69.150 Acc@5 87.492 family@1 82.983 manu@1 89.493 sploss 1.751 fmloss 0.876 mfloss 0.619
FPA: 63.657% | TICE: 16.351% 
LCA: 56.756%
Precision and Recall: 738.635%
wAP: 70.979
