Namespace(batch_size=256, epochs=100, bce_loss=False, unscale_lr=False, few_shot=8, model='cast_small', input_size=224, drop=0.0, drop_path=0.1, model_ema=True, model_ema_decay=0.99996, model_ema_force_cpu=False, num_superpixels=196, opt='adamw', opt_eps=1e-08, opt_betas=None, clip_grad=None, momentum=0.9, weight_decay=0.05, sched='cosine', lr=0.0005, lr_noise=None, lr_noise_pct=0.67, lr_noise_std=1.0, warmup_lr=1e-06, min_lr=1e-05, decay_epochs=30, warmup_epochs=5, cooldown_epochs=10, patience_epochs=10, decay_rate=0.1, color_jitter=0.3, aa='rand-m9-mstd0.5-inc1', smoothing=0.1, train_interpolation='bicubic', repeated_aug=True, train_mode=True, ThreeAugment=False, src=False, reprob=0.25, remode='pixel', recount=1, resplit=False, mixup=0.8, cutmix=1.0, cutmix_minmax=None, mixup_prob=1.0, mixup_switch_prob=0.5, mixup_mode='batch', teacher_model='regnety_160', teacher_path='', distillation_type='none', distillation_alpha=0.5, distillation_tau=1.0, cosub=False, finetune='best_checkpoint.pth', attn_only=False, data_path='../dataset/', data_set='INAT21-MINI-HIER-SUPERPIXEL', path_yn=False, inat_category='name', output_dir='./output/few_shot/eight/', device='cuda', seed=0, resume='', start_epoch=0, eval=False, eval_crop_ratio=0.875, dist_eval=False, num_workers=12, pin_mem=True, distributed=True, world_size=1, dist_url='env://', globalkl=True, ot_loss=False, learnable_ot=False, ot_weight=1, base_weight=1, globalbce=False, gk_weight=0.5, filename='results.csv', breeds_sort='entity13', random_seed=1, local_rank=-1, tree_path='./tree.json', label_weight=[1, 2, 3])
| distributed init (rank 0): env://
seed 0
args.nb_classes [10000, 1103, 273]
Creating model: cast_small
dict_keys(['model', 'optimizer', 'lr_scheduler', 'epoch', 'model_ema', 'scaler', 'args'])
Removing key head.weight from pretrained checkpoint
Removing key head.bias from pretrained checkpoint
number of params: 30556704
Start training for 100 epochs
Epoch: [0]  [  0/312]  eta: 1:00:28  lr: 0.000001  sp_loss: 9.2592 (9.2592)  fam_loss: 7.0878 (7.0878)  manu_loss: 5.6119 (5.6119)  gk_loss: 6.6064 (6.6064)  time: 11.6305  data: 7.0349  max mem: 10476
Epoch: [0]  [250/312]  eta: 0:00:30  lr: 0.000001  sp_loss: 9.2579 (9.2675)  fam_loss: 7.0222 (7.0554)  manu_loss: 5.4169 (5.5251)  gk_loss: 6.6766 (6.7335)  time: 0.3724  data: 0.1463  max mem: 10886
Epoch: [0]  [311/312]  eta: 0:00:00  lr: 0.000001  sp_loss: 9.2682 (9.2684)  fam_loss: 6.9842 (7.0452)  manu_loss: 5.3716 (5.4963)  gk_loss: 6.6834 (6.7287)  time: 0.3389  data: 0.1167  max mem: 10887
Epoch: [0] Total time: 0:02:32 (0.4872 s / it)
Averaged stats: lr: 0.000001  sp_loss: 9.2682 (9.2684)  fam_loss: 6.9842 (7.0452)  manu_loss: 5.3716 (5.4963)  gk_loss: 6.6834 (6.7287)
Epoch: [1]  [  0/312]  eta: 0:29:16  lr: 0.000001  sp_loss: 9.3688 (9.3688)  fam_loss: 7.0885 (7.0885)  manu_loss: 5.3361 (5.3361)  gk_loss: 6.5598 (6.5598)  time: 5.6287  data: 5.3559  max mem: 10887
Epoch: [1]  [250/312]  eta: 0:00:26  lr: 0.000001  sp_loss: 9.2713 (9.2623)  fam_loss: 6.8875 (6.9507)  manu_loss: 4.9658 (5.1689)  gk_loss: 6.3826 (6.5724)  time: 0.3555  data: 0.1259  max mem: 10889
Epoch: [1]  [311/312]  eta: 0:00:00  lr: 0.000001  sp_loss: 9.2504 (9.2618)  fam_loss: 6.8868 (6.9382)  manu_loss: 4.9514 (5.1246)  gk_loss: 6.3629 (6.5463)  time: 0.3526  data: 0.1306  max mem: 10889
Epoch: [1] Total time: 0:02:11 (0.4216 s / it)
Averaged stats: lr: 0.000001  sp_loss: 9.2504 (9.2618)  fam_loss: 6.8868 (6.9382)  manu_loss: 4.9514 (5.1246)  gk_loss: 6.3629 (6.5463)
Epoch: [2]  [  0/312]  eta: 0:29:17  lr: 0.000051  sp_loss: 9.2332 (9.2332)  fam_loss: 6.8942 (6.8942)  manu_loss: 4.8749 (4.8749)  gk_loss: 6.3132 (6.3132)  time: 5.6331  data: 5.3707  max mem: 10889
Epoch: [2]  [250/312]  eta: 0:00:26  lr: 0.000051  sp_loss: 9.2386 (9.2437)  fam_loss: 5.4297 (5.8058)  manu_loss: 3.5390 (3.9540)  gk_loss: 5.0987 (5.5106)  time: 0.3281  data: 0.0926  max mem: 10889
Epoch: [2]  [311/312]  eta: 0:00:00  lr: 0.000051  sp_loss: 9.2439 (9.2428)  fam_loss: 5.3839 (5.7264)  manu_loss: 3.5708 (3.8794)  gk_loss: 4.9928 (5.4238)  time: 0.3076  data: 0.0856  max mem: 10889
Epoch: [2] Total time: 0:02:09 (0.4155 s / it)
Averaged stats: lr: 0.000051  sp_loss: 9.2439 (9.2428)  fam_loss: 5.3839 (5.7264)  manu_loss: 3.5708 (3.8794)  gk_loss: 4.9928 (5.4238)
Epoch: [3]  [  0/312]  eta: 0:27:59  lr: 0.000101  sp_loss: 9.2187 (9.2187)  fam_loss: 5.5288 (5.5288)  manu_loss: 3.6685 (3.6685)  gk_loss: 4.9311 (4.9311)  time: 5.3832  data: 5.1015  max mem: 10889
Epoch: [3]  [250/312]  eta: 0:00:28  lr: 0.000101  sp_loss: 9.1953 (9.2132)  fam_loss: 5.2650 (5.1872)  manu_loss: 3.5842 (3.4845)  gk_loss: 4.6200 (4.7970)  time: 0.3655  data: 0.1401  max mem: 10889
Epoch: [3]  [311/312]  eta: 0:00:00  lr: 0.000101  sp_loss: 9.1745 (9.2059)  fam_loss: 4.9581 (5.1427)  manu_loss: 3.3439 (3.4552)  gk_loss: 4.5330 (4.7487)  time: 0.3187  data: 0.0963  max mem: 10889
Epoch: [3] Total time: 0:02:21 (0.4526 s / it)
Averaged stats: lr: 0.000101  sp_loss: 9.1745 (9.2059)  fam_loss: 4.9581 (5.1427)  manu_loss: 3.3439 (3.4552)  gk_loss: 4.5330 (4.7487)
Epoch: [4]  [  0/312]  eta: 0:31:03  lr: 0.000150  sp_loss: 9.0267 (9.0267)  fam_loss: 4.3203 (4.3203)  manu_loss: 2.7623 (2.7623)  gk_loss: 4.4929 (4.4929)  time: 5.9739  data: 5.7059  max mem: 10889
Epoch: [4]  [250/312]  eta: 0:00:26  lr: 0.000150  sp_loss: 8.8931 (9.0409)  fam_loss: 4.5869 (4.9021)  manu_loss: 3.2042 (3.3503)  gk_loss: 4.3168 (4.4141)  time: 0.4632  data: 0.2357  max mem: 10889
Epoch: [4]  [311/312]  eta: 0:00:00  lr: 0.000150  sp_loss: 8.8893 (9.0182)  fam_loss: 4.6449 (4.8886)  manu_loss: 3.3047 (3.3425)  gk_loss: 4.2436 (4.3908)  time: 0.4658  data: 0.2373  max mem: 10889
Epoch: [4] Total time: 0:02:12 (0.4259 s / it)
Averaged stats: lr: 0.000150  sp_loss: 8.8893 (9.0182)  fam_loss: 4.6449 (4.8886)  manu_loss: 3.3047 (3.3425)  gk_loss: 4.2436 (4.3908)
Epoch: [5]  [  0/312]  eta: 0:30:24  lr: 0.000200  sp_loss: 8.6044 (8.6044)  fam_loss: 4.1966 (4.1966)  manu_loss: 2.6548 (2.6548)  gk_loss: 4.2007 (4.2007)  time: 5.8480  data: 5.5765  max mem: 10889
Epoch: [5]  [250/312]  eta: 0:00:27  lr: 0.000200  sp_loss: 8.6035 (8.6627)  fam_loss: 4.8354 (4.7599)  manu_loss: 3.3391 (3.2687)  gk_loss: 4.1257 (4.1711)  time: 0.4848  data: 0.2579  max mem: 10889
Epoch: [5]  [311/312]  eta: 0:00:00  lr: 0.000200  sp_loss: 8.5032 (8.6297)  fam_loss: 4.6802 (4.7452)  manu_loss: 3.2359 (3.2639)  gk_loss: 4.0726 (4.1529)  time: 0.4450  data: 0.2198  max mem: 10889
Epoch: [5] Total time: 0:02:17 (0.4392 s / it)
Averaged stats: lr: 0.000200  sp_loss: 8.5032 (8.6297)  fam_loss: 4.6802 (4.7452)  manu_loss: 3.2359 (3.2639)  gk_loss: 4.0726 (4.1529)
Epoch: [6]  [  0/312]  eta: 0:29:27  lr: 0.000249  sp_loss: 8.6192 (8.6192)  fam_loss: 5.1641 (5.1641)  manu_loss: 3.7781 (3.7781)  gk_loss: 4.2859 (4.2859)  time: 5.6666  data: 5.4093  max mem: 10889
Epoch: [6]  [250/312]  eta: 0:00:29  lr: 0.000249  sp_loss: 8.2803 (8.2300)  fam_loss: 4.7804 (4.6578)  manu_loss: 3.2846 (3.2404)  gk_loss: 3.9602 (3.9786)  time: 0.5060  data: 0.2782  max mem: 10889
Epoch: [6]  [311/312]  eta: 0:00:00  lr: 0.000249  sp_loss: 8.1341 (8.2246)  fam_loss: 4.6232 (4.6682)  manu_loss: 3.2483 (3.2503)  gk_loss: 3.8990 (3.9751)  time: 0.3325  data: 0.1091  max mem: 10889
Epoch: [6] Total time: 0:02:25 (0.4671 s / it)
Averaged stats: lr: 0.000249  sp_loss: 8.1341 (8.2246)  fam_loss: 4.6232 (4.6682)  manu_loss: 3.2483 (3.2503)  gk_loss: 3.8990 (3.9751)
Epoch: [7]  [  0/312]  eta: 0:30:16  lr: 0.000248  sp_loss: 8.1471 (8.1471)  fam_loss: 4.7840 (4.7840)  manu_loss: 3.4254 (3.4254)  gk_loss: 3.8774 (3.8774)  time: 5.8228  data: 5.5521  max mem: 10889
Epoch: [7]  [250/312]  eta: 0:00:25  lr: 0.000248  sp_loss: 7.9108 (7.8395)  fam_loss: 4.5039 (4.5250)  manu_loss: 3.0940 (3.1670)  gk_loss: 3.7011 (3.7698)  time: 0.4379  data: 0.2097  max mem: 10889
Epoch: [7]  [311/312]  eta: 0:00:00  lr: 0.000248  sp_loss: 7.7248 (7.8240)  fam_loss: 4.5982 (4.5253)  manu_loss: 3.2047 (3.1669)  gk_loss: 3.7020 (3.7608)  time: 0.3626  data: 0.1381  max mem: 10889
Epoch: [7] Total time: 0:02:08 (0.4118 s / it)
Averaged stats: lr: 0.000248  sp_loss: 7.7248 (7.8240)  fam_loss: 4.5982 (4.5253)  manu_loss: 3.2047 (3.1669)  gk_loss: 3.7020 (3.7608)
Epoch: [8]  [  0/312]  eta: 0:31:41  lr: 0.000247  sp_loss: 7.2028 (7.2028)  fam_loss: 3.9956 (3.9956)  manu_loss: 2.7098 (2.7098)  gk_loss: 3.3431 (3.3431)  time: 6.0933  data: 5.8092  max mem: 10889
Epoch: [8]  [250/312]  eta: 0:00:25  lr: 0.000247  sp_loss: 7.3426 (7.6321)  fam_loss: 4.3370 (4.5121)  manu_loss: 3.0868 (3.1783)  gk_loss: 3.5306 (3.6544)  time: 0.4039  data: 0.1695  max mem: 10889
Epoch: [8]  [311/312]  eta: 0:00:00  lr: 0.000247  sp_loss: 7.6057 (7.5979)  fam_loss: 4.4801 (4.4968)  manu_loss: 3.0737 (3.1676)  gk_loss: 3.5650 (3.6420)  time: 0.3396  data: 0.1162  max mem: 10889
Epoch: [8] Total time: 0:02:08 (0.4127 s / it)
Averaged stats: lr: 0.000247  sp_loss: 7.6057 (7.5979)  fam_loss: 4.4801 (4.4968)  manu_loss: 3.0737 (3.1676)  gk_loss: 3.5650 (3.6420)
Epoch: [9]  [  0/312]  eta: 0:29:24  lr: 0.000246  sp_loss: 7.5209 (7.5209)  fam_loss: 4.4034 (4.4034)  manu_loss: 3.1437 (3.1437)  gk_loss: 3.4860 (3.4860)  time: 5.6543  data: 5.3678  max mem: 10889
Epoch: [9]  [250/312]  eta: 0:00:27  lr: 0.000246  sp_loss: 7.4547 (7.2585)  fam_loss: 4.4149 (4.3552)  manu_loss: 2.9525 (3.0782)  gk_loss: 3.4348 (3.4799)  time: 0.4586  data: 0.2262  max mem: 10889
Epoch: [9]  [311/312]  eta: 0:00:00  lr: 0.000246  sp_loss: 7.2772 (7.2555)  fam_loss: 4.4048 (4.3499)  manu_loss: 3.0404 (3.0773)  gk_loss: 3.4740 (3.4751)  time: 0.4006  data: 0.1785  max mem: 10889
Epoch: [9] Total time: 0:02:17 (0.4393 s / it)
Averaged stats: lr: 0.000246  sp_loss: 7.2772 (7.2555)  fam_loss: 4.4048 (4.3499)  manu_loss: 3.0404 (3.0773)  gk_loss: 3.4740 (3.4751)
Epoch: [10]  [  0/312]  eta: 0:29:33  lr: 0.000245  sp_loss: 6.8712 (6.8712)  fam_loss: 4.2083 (4.2083)  manu_loss: 3.0181 (3.0181)  gk_loss: 3.2717 (3.2717)  time: 5.6844  data: 5.4166  max mem: 10889
Epoch: [10]  [250/312]  eta: 0:00:28  lr: 0.000245  sp_loss: 7.2762 (7.0806)  fam_loss: 4.3723 (4.2981)  manu_loss: 3.0065 (3.0499)  gk_loss: 3.3827 (3.3807)  time: 0.3835  data: 0.1574  max mem: 10889
Epoch: [10]  [311/312]  eta: 0:00:00  lr: 0.000245  sp_loss: 7.1038 (7.0798)  fam_loss: 4.4063 (4.3018)  manu_loss: 3.0082 (3.0554)  gk_loss: 3.4225 (3.3818)  time: 0.3282  data: 0.1052  max mem: 10889
Epoch: [10] Total time: 0:02:21 (0.4521 s / it)
Averaged stats: lr: 0.000245  sp_loss: 7.1038 (7.0798)  fam_loss: 4.4063 (4.3018)  manu_loss: 3.0082 (3.0554)  gk_loss: 3.4225 (3.3818)
Epoch: [11]  [  0/312]  eta: 0:30:50  lr: 0.000244  sp_loss: 7.3037 (7.3037)  fam_loss: 4.6438 (4.6438)  manu_loss: 3.2446 (3.2446)  gk_loss: 3.4378 (3.4378)  time: 5.9298  data: 5.5881  max mem: 10889
Epoch: [11]  [250/312]  eta: 0:00:29  lr: 0.000244  sp_loss: 7.2294 (6.9139)  fam_loss: 4.4249 (4.2741)  manu_loss: 3.1396 (3.0457)  gk_loss: 3.3911 (3.3044)  time: 0.5323  data: 0.3052  max mem: 10889
Epoch: [11]  [311/312]  eta: 0:00:00  lr: 0.000244  sp_loss: 7.3553 (6.9295)  fam_loss: 4.4469 (4.2773)  manu_loss: 3.1561 (3.0491)  gk_loss: 3.4041 (3.3078)  time: 0.4640  data: 0.2407  max mem: 10889
Epoch: [11] Total time: 0:02:26 (0.4693 s / it)
Averaged stats: lr: 0.000244  sp_loss: 7.3553 (6.9295)  fam_loss: 4.4469 (4.2773)  manu_loss: 3.1561 (3.0491)  gk_loss: 3.4041 (3.3078)
Epoch: [12]  [  0/312]  eta: 0:29:14  lr: 0.000243  sp_loss: 6.9111 (6.9111)  fam_loss: 4.0503 (4.0503)  manu_loss: 2.9753 (2.9753)  gk_loss: 3.1247 (3.1247)  time: 5.6237  data: 5.3529  max mem: 10889
Epoch: [12]  [250/312]  eta: 0:00:26  lr: 0.000243  sp_loss: 7.0461 (6.7290)  fam_loss: 4.3291 (4.1900)  manu_loss: 3.1192 (2.9936)  gk_loss: 3.3100 (3.2131)  time: 0.3593  data: 0.1314  max mem: 10889
Epoch: [12]  [311/312]  eta: 0:00:00  lr: 0.000243  sp_loss: 7.2950 (6.7681)  fam_loss: 4.5215 (4.2116)  manu_loss: 3.1994 (3.0050)  gk_loss: 3.4381 (3.2287)  time: 0.3081  data: 0.0872  max mem: 10889
Epoch: [12] Total time: 0:02:13 (0.4295 s / it)
Averaged stats: lr: 0.000243  sp_loss: 7.2950 (6.7681)  fam_loss: 4.5215 (4.2116)  manu_loss: 3.1994 (3.0050)  gk_loss: 3.4381 (3.2287)
Epoch: [13]  [  0/312]  eta: 0:31:15  lr: 0.000242  sp_loss: 7.1234 (7.1234)  fam_loss: 4.2217 (4.2217)  manu_loss: 3.2007 (3.2007)  gk_loss: 3.2620 (3.2620)  time: 6.0123  data: 5.7279  max mem: 10889
Epoch: [13]  [250/312]  eta: 0:00:29  lr: 0.000242  sp_loss: 6.3562 (6.5141)  fam_loss: 4.0146 (4.0868)  manu_loss: 2.8539 (2.9351)  gk_loss: 3.0070 (3.0980)  time: 0.5752  data: 0.3458  max mem: 10889
Epoch: [13]  [311/312]  eta: 0:00:00  lr: 0.000242  sp_loss: 6.9735 (6.5439)  fam_loss: 4.3003 (4.0975)  manu_loss: 2.9746 (2.9376)  gk_loss: 3.2165 (3.1072)  time: 0.4422  data: 0.2196  max mem: 10889
Epoch: [13] Total time: 0:02:24 (0.4627 s / it)
Averaged stats: lr: 0.000242  sp_loss: 6.9735 (6.5439)  fam_loss: 4.3003 (4.0975)  manu_loss: 2.9746 (2.9376)  gk_loss: 3.2165 (3.1072)
Epoch: [14]  [  0/312]  eta: 0:28:51  lr: 0.000240  sp_loss: 6.4265 (6.4265)  fam_loss: 4.3364 (4.3364)  manu_loss: 3.0734 (3.0734)  gk_loss: 3.0689 (3.0689)  time: 5.5486  data: 5.2775  max mem: 10889
Epoch: [14]  [250/312]  eta: 0:00:26  lr: 0.000240  sp_loss: 6.4863 (6.5296)  fam_loss: 4.0620 (4.1373)  manu_loss: 3.0313 (2.9694)  gk_loss: 3.0885 (3.0995)  time: 0.4541  data: 0.2253  max mem: 10889
Epoch: [14]  [311/312]  eta: 0:00:00  lr: 0.000240  sp_loss: 6.6266 (6.5587)  fam_loss: 4.2289 (4.1490)  manu_loss: 3.0644 (2.9765)  gk_loss: 3.1313 (3.1109)  time: 0.3333  data: 0.1107  max mem: 10889
Epoch: [14] Total time: 0:02:14 (0.4304 s / it)
Averaged stats: lr: 0.000240  sp_loss: 6.6266 (6.5587)  fam_loss: 4.2289 (4.1490)  manu_loss: 3.0644 (2.9765)  gk_loss: 3.1313 (3.1109)
Epoch: [15]  [  0/312]  eta: 0:28:28  lr: 0.000239  sp_loss: 6.3862 (6.3862)  fam_loss: 4.0920 (4.0920)  manu_loss: 2.9942 (2.9942)  gk_loss: 3.0538 (3.0538)  time: 5.4763  data: 5.1863  max mem: 10889
Epoch: [15]  [250/312]  eta: 0:00:25  lr: 0.000239  sp_loss: 6.6131 (6.3602)  fam_loss: 4.1817 (4.0495)  manu_loss: 2.9602 (2.9148)  gk_loss: 3.0787 (3.0104)  time: 0.3397  data: 0.0945  max mem: 10889
Epoch: [15]  [311/312]  eta: 0:00:00  lr: 0.000239  sp_loss: 6.8966 (6.3981)  fam_loss: 4.3738 (4.0689)  manu_loss: 3.0597 (2.9249)  gk_loss: 3.2195 (3.0261)  time: 0.2984  data: 0.0717  max mem: 10889
Epoch: [15] Total time: 0:02:05 (0.4012 s / it)
Averaged stats: lr: 0.000239  sp_loss: 6.8966 (6.3981)  fam_loss: 4.3738 (4.0689)  manu_loss: 3.0597 (2.9249)  gk_loss: 3.2195 (3.0261)
Epoch: [16]  [  0/312]  eta: 0:31:03  lr: 0.000237  sp_loss: 6.2701 (6.2701)  fam_loss: 4.1219 (4.1219)  manu_loss: 2.8484 (2.8484)  gk_loss: 2.9470 (2.9470)  time: 5.9713  data: 5.6975  max mem: 10889
Epoch: [16]  [250/312]  eta: 0:00:26  lr: 0.000237  sp_loss: 6.7378 (6.3123)  fam_loss: 4.1784 (4.0379)  manu_loss: 2.9815 (2.9089)  gk_loss: 3.0893 (2.9749)  time: 0.3227  data: 0.0894  max mem: 10889
Epoch: [16]  [311/312]  eta: 0:00:00  lr: 0.000237  sp_loss: 6.6445 (6.3433)  fam_loss: 4.2255 (4.0628)  manu_loss: 3.0635 (2.9284)  gk_loss: 3.1218 (2.9955)  time: 0.3020  data: 0.0804  max mem: 10889
Epoch: [16] Total time: 0:02:12 (0.4235 s / it)
Averaged stats: lr: 0.000237  sp_loss: 6.6445 (6.3433)  fam_loss: 4.2255 (4.0628)  manu_loss: 3.0635 (2.9284)  gk_loss: 3.1218 (2.9955)
Epoch: [17]  [  0/312]  eta: 0:28:43  lr: 0.000235  sp_loss: 5.7016 (5.7016)  fam_loss: 3.8688 (3.8688)  manu_loss: 2.8128 (2.8128)  gk_loss: 2.8112 (2.8112)  time: 5.5235  data: 5.2487  max mem: 10889
Epoch: [17]  [250/312]  eta: 0:00:28  lr: 0.000235  sp_loss: 6.4265 (6.1713)  fam_loss: 4.1532 (3.9913)  manu_loss: 3.0224 (2.8776)  gk_loss: 3.0134 (2.9221)  time: 0.4905  data: 0.2440  max mem: 10889
Epoch: [17]  [311/312]  eta: 0:00:00  lr: 0.000235  sp_loss: 6.3927 (6.1834)  fam_loss: 4.2529 (3.9937)  manu_loss: 3.0317 (2.8808)  gk_loss: 3.0440 (2.9291)  time: 0.4022  data: 0.1715  max mem: 10889
Epoch: [17] Total time: 0:02:19 (0.4473 s / it)
Averaged stats: lr: 0.000235  sp_loss: 6.3927 (6.1834)  fam_loss: 4.2529 (3.9937)  manu_loss: 3.0317 (2.8808)  gk_loss: 3.0440 (2.9291)
Epoch: [18]  [  0/312]  eta: 0:28:52  lr: 0.000233  sp_loss: 4.9621 (4.9621)  fam_loss: 3.1623 (3.1623)  manu_loss: 2.4369 (2.4369)  gk_loss: 2.3446 (2.3446)  time: 5.5531  data: 5.2817  max mem: 10889
Epoch: [18]  [250/312]  eta: 0:00:27  lr: 0.000233  sp_loss: 6.4834 (6.1533)  fam_loss: 4.1992 (3.9942)  manu_loss: 2.9778 (2.8803)  gk_loss: 3.0497 (2.8965)  time: 0.4682  data: 0.2240  max mem: 10889
Epoch: [18]  [311/312]  eta: 0:00:00  lr: 0.000233  sp_loss: 6.5088 (6.1789)  fam_loss: 4.2967 (4.0054)  manu_loss: 3.0598 (2.8911)  gk_loss: 3.1543 (2.9117)  time: 0.3871  data: 0.1543  max mem: 10889
Epoch: [18] Total time: 0:02:14 (0.4319 s / it)
Averaged stats: lr: 0.000233  sp_loss: 6.5088 (6.1789)  fam_loss: 4.2967 (4.0054)  manu_loss: 3.0598 (2.8911)  gk_loss: 3.1543 (2.9117)
Epoch: [19]  [  0/312]  eta: 0:36:17  lr: 0.000231  sp_loss: 6.3858 (6.3858)  fam_loss: 4.1914 (4.1914)  manu_loss: 3.0249 (3.0249)  gk_loss: 3.0047 (3.0047)  time: 6.9801  data: 6.6933  max mem: 10889
Epoch: [19]  [250/312]  eta: 0:00:29  lr: 0.000231  sp_loss: 6.4772 (6.0428)  fam_loss: 4.1873 (3.9519)  manu_loss: 3.0221 (2.8478)  gk_loss: 3.0047 (2.8410)  time: 0.3527  data: 0.1130  max mem: 10889
Epoch: [19]  [311/312]  eta: 0:00:00  lr: 0.000231  sp_loss: 6.2349 (6.0501)  fam_loss: 4.0863 (3.9464)  manu_loss: 2.9142 (2.8467)  gk_loss: 2.9410 (2.8430)  time: 0.3409  data: 0.1094  max mem: 10889
Epoch: [19] Total time: 0:02:24 (0.4640 s / it)
Averaged stats: lr: 0.000231  sp_loss: 6.2349 (6.0501)  fam_loss: 4.0863 (3.9464)  manu_loss: 2.9142 (2.8467)  gk_loss: 2.9410 (2.8430)
Epoch: [20]  [  0/312]  eta: 0:30:11  lr: 0.000229  sp_loss: 6.1124 (6.1124)  fam_loss: 4.0497 (4.0497)  manu_loss: 2.7418 (2.7418)  gk_loss: 2.7786 (2.7786)  time: 5.8069  data: 5.5449  max mem: 10889
Epoch: [20]  [250/312]  eta: 0:00:28  lr: 0.000229  sp_loss: 5.7374 (6.0380)  fam_loss: 3.9157 (3.9365)  manu_loss: 2.7746 (2.8582)  gk_loss: 2.7430 (2.8264)  time: 0.4091  data: 0.1729  max mem: 10889
Epoch: [20]  [311/312]  eta: 0:00:00  lr: 0.000229  sp_loss: 6.4402 (6.0456)  fam_loss: 4.2324 (3.9366)  manu_loss: 2.9824 (2.8566)  gk_loss: 2.9948 (2.8271)  time: 0.3446  data: 0.1078  max mem: 10889
Epoch: [20] Total time: 0:02:21 (0.4544 s / it)
Averaged stats: lr: 0.000229  sp_loss: 6.4402 (6.0456)  fam_loss: 4.2324 (3.9366)  manu_loss: 2.9824 (2.8566)  gk_loss: 2.9948 (2.8271)
Epoch: [21]  [  0/312]  eta: 0:38:54  lr: 0.000227  sp_loss: 5.0974 (5.0974)  fam_loss: 3.3692 (3.3692)  manu_loss: 2.4527 (2.4527)  gk_loss: 2.3910 (2.3910)  time: 7.4826  data: 7.2116  max mem: 10889
Epoch: [21]  [250/312]  eta: 0:00:29  lr: 0.000227  sp_loss: 6.5460 (5.8952)  fam_loss: 4.0931 (3.8770)  manu_loss: 2.8992 (2.8030)  gk_loss: 2.9257 (2.7571)  time: 0.4072  data: 0.1646  max mem: 10889
Epoch: [21]  [311/312]  eta: 0:00:00  lr: 0.000227  sp_loss: 5.3745 (5.8714)  fam_loss: 3.5044 (3.8608)  manu_loss: 2.5963 (2.7887)  gk_loss: 2.4728 (2.7470)  time: 0.3061  data: 0.0777  max mem: 10889
Epoch: [21] Total time: 0:02:26 (0.4710 s / it)
Averaged stats: lr: 0.000227  sp_loss: 5.3745 (5.8714)  fam_loss: 3.5044 (3.8608)  manu_loss: 2.5963 (2.7887)  gk_loss: 2.4728 (2.7470)
Epoch: [22]  [  0/312]  eta: 0:35:30  lr: 0.000225  sp_loss: 5.4066 (5.4066)  fam_loss: 3.8102 (3.8102)  manu_loss: 2.7004 (2.7004)  gk_loss: 2.6186 (2.6186)  time: 6.8294  data: 6.5544  max mem: 10889
Epoch: [22]  [250/312]  eta: 0:00:29  lr: 0.000225  sp_loss: 5.6365 (5.7261)  fam_loss: 3.8108 (3.7751)  manu_loss: 2.7529 (2.7316)  gk_loss: 2.7409 (2.6659)  time: 0.3302  data: 0.0753  max mem: 10889
Epoch: [22]  [311/312]  eta: 0:00:00  lr: 0.000225  sp_loss: 6.4588 (5.8083)  fam_loss: 4.2385 (3.8233)  manu_loss: 3.0224 (2.7664)  gk_loss: 2.9813 (2.7071)  time: 0.3221  data: 0.0923  max mem: 10889
Epoch: [22] Total time: 0:02:25 (0.4675 s / it)
Averaged stats: lr: 0.000225  sp_loss: 6.4588 (5.8083)  fam_loss: 4.2385 (3.8233)  manu_loss: 3.0224 (2.7664)  gk_loss: 2.9813 (2.7071)
Epoch: [23]  [  0/312]  eta: 0:38:14  lr: 0.000222  sp_loss: 5.8957 (5.8957)  fam_loss: 3.8991 (3.8991)  manu_loss: 2.7349 (2.7349)  gk_loss: 2.6875 (2.6875)  time: 7.3534  data: 7.0857  max mem: 10889
Epoch: [23]  [250/312]  eta: 0:00:29  lr: 0.000222  sp_loss: 6.1781 (5.7736)  fam_loss: 3.9793 (3.8129)  manu_loss: 2.8716 (2.7652)  gk_loss: 2.7914 (2.6858)  time: 0.3920  data: 0.1533  max mem: 10889
Epoch: [23]  [311/312]  eta: 0:00:00  lr: 0.000222  sp_loss: 5.6508 (5.7732)  fam_loss: 3.7371 (3.8105)  manu_loss: 2.7080 (2.7635)  gk_loss: 2.6590 (2.6877)  time: 0.3152  data: 0.0891  max mem: 10889
Epoch: [23] Total time: 0:02:24 (0.4633 s / it)
Averaged stats: lr: 0.000222  sp_loss: 5.6508 (5.7732)  fam_loss: 3.7371 (3.8105)  manu_loss: 2.7080 (2.7635)  gk_loss: 2.6590 (2.6877)
Epoch: [24]  [  0/312]  eta: 0:28:11  lr: 0.000220  sp_loss: 6.3271 (6.3271)  fam_loss: 4.2957 (4.2957)  manu_loss: 3.0110 (3.0110)  gk_loss: 2.9538 (2.9538)  time: 5.4220  data: 5.1565  max mem: 10889
Epoch: [24]  [250/312]  eta: 0:00:28  lr: 0.000220  sp_loss: 5.6419 (5.6793)  fam_loss: 3.7198 (3.7668)  manu_loss: 2.6546 (2.7216)  gk_loss: 2.5813 (2.6323)  time: 0.5054  data: 0.2614  max mem: 10889
Epoch: [24]  [311/312]  eta: 0:00:00  lr: 0.000220  sp_loss: 5.6469 (5.6803)  fam_loss: 3.7541 (3.7678)  manu_loss: 2.6632 (2.7212)  gk_loss: 2.5419 (2.6368)  time: 0.3694  data: 0.1363  max mem: 10889
Epoch: [24] Total time: 0:02:21 (0.4540 s / it)
Averaged stats: lr: 0.000220  sp_loss: 5.6469 (5.6803)  fam_loss: 3.7541 (3.7678)  manu_loss: 2.6632 (2.7212)  gk_loss: 2.5419 (2.6368)
Epoch: [25]  [  0/312]  eta: 0:37:13  lr: 0.000217  sp_loss: 6.5013 (6.5013)  fam_loss: 4.3405 (4.3405)  manu_loss: 3.0408 (3.0408)  gk_loss: 3.0074 (3.0074)  time: 7.1578  data: 6.8841  max mem: 10889
Epoch: [25]  [250/312]  eta: 0:00:28  lr: 0.000217  sp_loss: 5.7355 (5.6295)  fam_loss: 3.8938 (3.7442)  manu_loss: 2.7904 (2.7236)  gk_loss: 2.7300 (2.6068)  time: 0.4594  data: 0.2115  max mem: 10889
Epoch: [25]  [311/312]  eta: 0:00:00  lr: 0.000217  sp_loss: 5.7889 (5.6582)  fam_loss: 3.8181 (3.7591)  manu_loss: 2.8107 (2.7311)  gk_loss: 2.6892 (2.6207)  time: 0.4414  data: 0.2108  max mem: 10889
Epoch: [25] Total time: 0:02:20 (0.4515 s / it)
Averaged stats: lr: 0.000217  sp_loss: 5.7889 (5.6582)  fam_loss: 3.8181 (3.7591)  manu_loss: 2.8107 (2.7311)  gk_loss: 2.6892 (2.6207)
Epoch: [26]  [  0/312]  eta: 0:28:29  lr: 0.000215  sp_loss: 6.1959 (6.1959)  fam_loss: 4.0954 (4.0954)  manu_loss: 2.9237 (2.9237)  gk_loss: 2.7838 (2.7838)  time: 5.4782  data: 5.2046  max mem: 10889
Epoch: [26]  [250/312]  eta: 0:00:28  lr: 0.000215  sp_loss: 6.0392 (5.6241)  fam_loss: 3.8172 (3.7583)  manu_loss: 2.7735 (2.7244)  gk_loss: 2.6716 (2.6035)  time: 0.4170  data: 0.1733  max mem: 10889
Epoch: [26]  [311/312]  eta: 0:00:00  lr: 0.000215  sp_loss: 5.4897 (5.6314)  fam_loss: 3.8255 (3.7556)  manu_loss: 2.6978 (2.7229)  gk_loss: 2.6334 (2.6044)  time: 0.3506  data: 0.1144  max mem: 10889
Epoch: [26] Total time: 0:02:22 (0.4568 s / it)
Averaged stats: lr: 0.000215  sp_loss: 5.4897 (5.6314)  fam_loss: 3.8255 (3.7556)  manu_loss: 2.6978 (2.7229)  gk_loss: 2.6334 (2.6044)
Epoch: [27]  [  0/312]  eta: 0:34:09  lr: 0.000212  sp_loss: 5.3899 (5.3899)  fam_loss: 3.5692 (3.5692)  manu_loss: 2.5188 (2.5188)  gk_loss: 2.3695 (2.3695)  time: 6.5697  data: 6.2907  max mem: 10889
Epoch: [27]  [250/312]  eta: 0:00:30  lr: 0.000212  sp_loss: 5.5421 (5.6476)  fam_loss: 3.7487 (3.7642)  manu_loss: 2.7284 (2.7365)  gk_loss: 2.5662 (2.6028)  time: 0.4159  data: 0.1736  max mem: 10889
Epoch: [27]  [311/312]  eta: 0:00:00  lr: 0.000212  sp_loss: 6.0960 (5.6368)  fam_loss: 3.8856 (3.7554)  manu_loss: 2.7934 (2.7308)  gk_loss: 2.7111 (2.5984)  time: 0.3354  data: 0.1041  max mem: 10889
Epoch: [27] Total time: 0:02:30 (0.4829 s / it)
Averaged stats: lr: 0.000212  sp_loss: 6.0960 (5.6368)  fam_loss: 3.8856 (3.7554)  manu_loss: 2.7934 (2.7308)  gk_loss: 2.7111 (2.5984)
Epoch: [28]  [  0/312]  eta: 0:37:38  lr: 0.000209  sp_loss: 6.5112 (6.5112)  fam_loss: 4.5952 (4.5952)  manu_loss: 3.4066 (3.4066)  gk_loss: 3.2237 (3.2237)  time: 7.2389  data: 6.9683  max mem: 10889
Epoch: [28]  [250/312]  eta: 0:00:29  lr: 0.000209  sp_loss: 5.5451 (5.6043)  fam_loss: 3.7410 (3.7349)  manu_loss: 2.7005 (2.7163)  gk_loss: 2.5666 (2.5643)  time: 0.3431  data: 0.1002  max mem: 10889
Epoch: [28]  [311/312]  eta: 0:00:00  lr: 0.000209  sp_loss: 5.2495 (5.5688)  fam_loss: 3.4706 (3.7123)  manu_loss: 2.5734 (2.7025)  gk_loss: 2.4226 (2.5528)  time: 0.3054  data: 0.0782  max mem: 10889
Epoch: [28] Total time: 0:02:24 (0.4628 s / it)
Averaged stats: lr: 0.000209  sp_loss: 5.2495 (5.5688)  fam_loss: 3.4706 (3.7123)  manu_loss: 2.5734 (2.7025)  gk_loss: 2.4226 (2.5528)
Epoch: [29]  [  0/312]  eta: 0:28:44  lr: 0.000206  sp_loss: 4.1206 (4.1206)  fam_loss: 3.0678 (3.0678)  manu_loss: 2.2430 (2.2430)  gk_loss: 1.9967 (1.9967)  time: 5.5276  data: 5.2496  max mem: 10889
Epoch: [29]  [250/312]  eta: 0:00:28  lr: 0.000206  sp_loss: 5.3392 (5.4678)  fam_loss: 3.6555 (3.6748)  manu_loss: 2.6330 (2.6793)  gk_loss: 2.4625 (2.5178)  time: 0.3331  data: 0.0909  max mem: 10889
Epoch: [29]  [311/312]  eta: 0:00:00  lr: 0.000206  sp_loss: 5.5375 (5.4653)  fam_loss: 3.8576 (3.6694)  manu_loss: 2.7470 (2.6713)  gk_loss: 2.5672 (2.5143)  time: 0.3178  data: 0.0912  max mem: 10889
Epoch: [29] Total time: 0:02:21 (0.4548 s / it)
Averaged stats: lr: 0.000206  sp_loss: 5.5375 (5.4653)  fam_loss: 3.8576 (3.6694)  manu_loss: 2.7470 (2.6713)  gk_loss: 2.5672 (2.5143)
Epoch: [30]  [  0/312]  eta: 0:38:50  lr: 0.000204  sp_loss: 6.8847 (6.8847)  fam_loss: 4.4308 (4.4308)  manu_loss: 3.3200 (3.3200)  gk_loss: 3.2517 (3.2517)  time: 7.4696  data: 7.1979  max mem: 10889
Epoch: [30]  [250/312]  eta: 0:00:30  lr: 0.000204  sp_loss: 5.3906 (5.4932)  fam_loss: 3.6655 (3.6872)  manu_loss: 2.7088 (2.6809)  gk_loss: 2.4555 (2.5160)  time: 0.3467  data: 0.1035  max mem: 10889
Epoch: [30]  [311/312]  eta: 0:00:00  lr: 0.000204  sp_loss: 5.9935 (5.4975)  fam_loss: 3.9752 (3.6884)  manu_loss: 2.8930 (2.6821)  gk_loss: 2.7345 (2.5180)  time: 0.4429  data: 0.2129  max mem: 10889
Epoch: [30] Total time: 0:02:32 (0.4890 s / it)
Averaged stats: lr: 0.000204  sp_loss: 5.9935 (5.4975)  fam_loss: 3.9752 (3.6884)  manu_loss: 2.8930 (2.6821)  gk_loss: 2.7345 (2.5180)
Epoch: [31]  [  0/312]  eta: 0:27:42  lr: 0.000201  sp_loss: 4.7426 (4.7426)  fam_loss: 3.3457 (3.3457)  manu_loss: 2.4944 (2.4944)  gk_loss: 2.2305 (2.2305)  time: 5.3293  data: 5.0614  max mem: 10889
Epoch: [31]  [250/312]  eta: 0:00:28  lr: 0.000201  sp_loss: 6.0217 (5.4102)  fam_loss: 3.9994 (3.6487)  manu_loss: 2.9311 (2.6520)  gk_loss: 2.7660 (2.4665)  time: 0.4798  data: 0.2392  max mem: 10889
Epoch: [31]  [311/312]  eta: 0:00:00  lr: 0.000201  sp_loss: 5.8498 (5.4177)  fam_loss: 3.9166 (3.6488)  manu_loss: 2.8755 (2.6550)  gk_loss: 2.6239 (2.4708)  time: 0.3491  data: 0.1162  max mem: 10889
Epoch: [31] Total time: 0:02:21 (0.4548 s / it)
Averaged stats: lr: 0.000201  sp_loss: 5.8498 (5.4177)  fam_loss: 3.9166 (3.6488)  manu_loss: 2.8755 (2.6550)  gk_loss: 2.6239 (2.4708)
Epoch: [32]  [  0/312]  eta: 0:38:26  lr: 0.000197  sp_loss: 4.6166 (4.6166)  fam_loss: 3.1158 (3.1158)  manu_loss: 2.3454 (2.3454)  gk_loss: 2.0575 (2.0575)  time: 7.3940  data: 7.1225  max mem: 10889
Epoch: [32]  [250/312]  eta: 0:00:28  lr: 0.000197  sp_loss: 5.3552 (5.4441)  fam_loss: 3.4919 (3.6741)  manu_loss: 2.4792 (2.6740)  gk_loss: 2.3405 (2.4867)  time: 0.5036  data: 0.2625  max mem: 10889
Epoch: [32]  [311/312]  eta: 0:00:00  lr: 0.000197  sp_loss: 5.7441 (5.4727)  fam_loss: 3.9173 (3.6880)  manu_loss: 2.7461 (2.6836)  gk_loss: 2.6453 (2.4992)  time: 0.3336  data: 0.1051  max mem: 10889
Epoch: [32] Total time: 0:02:21 (0.4533 s / it)
Averaged stats: lr: 0.000197  sp_loss: 5.7441 (5.4727)  fam_loss: 3.9173 (3.6880)  manu_loss: 2.7461 (2.6836)  gk_loss: 2.6453 (2.4992)
Epoch: [33]  [  0/312]  eta: 0:35:34  lr: 0.000194  sp_loss: 5.0422 (5.0422)  fam_loss: 3.4902 (3.4902)  manu_loss: 2.5882 (2.5882)  gk_loss: 2.3322 (2.3322)  time: 6.8400  data: 6.5586  max mem: 10889
Epoch: [33]  [250/312]  eta: 0:00:30  lr: 0.000194  sp_loss: 4.7927 (5.2848)  fam_loss: 3.3355 (3.5779)  manu_loss: 2.4371 (2.6031)  gk_loss: 2.1920 (2.4008)  time: 0.5049  data: 0.2591  max mem: 10890
Epoch: [33]  [311/312]  eta: 0:00:00  lr: 0.000194  sp_loss: 5.1447 (5.2701)  fam_loss: 3.4284 (3.5695)  manu_loss: 2.4361 (2.5964)  gk_loss: 2.2835 (2.3974)  time: 0.3058  data: 0.0802  max mem: 10890
Epoch: [33] Total time: 0:02:29 (0.4800 s / it)
Averaged stats: lr: 0.000194  sp_loss: 5.1447 (5.2701)  fam_loss: 3.4284 (3.5695)  manu_loss: 2.4361 (2.5964)  gk_loss: 2.2835 (2.3974)
Epoch: [34]  [  0/312]  eta: 0:40:01  lr: 0.000191  sp_loss: 5.9452 (5.9452)  fam_loss: 3.9142 (3.9142)  manu_loss: 2.8838 (2.8838)  gk_loss: 2.6337 (2.6337)  time: 7.6982  data: 7.4256  max mem: 10890
Epoch: [34]  [250/312]  eta: 0:00:28  lr: 0.000191  sp_loss: 5.9467 (5.3274)  fam_loss: 3.8297 (3.5949)  manu_loss: 2.8196 (2.6162)  gk_loss: 2.6661 (2.4148)  time: 0.3872  data: 0.1338  max mem: 10892
Epoch: [34]  [311/312]  eta: 0:00:00  lr: 0.000191  sp_loss: 5.6949 (5.3269)  fam_loss: 3.6637 (3.5904)  manu_loss: 2.6501 (2.6105)  gk_loss: 2.4881 (2.4129)  time: 0.3252  data: 0.0960  max mem: 10892
Epoch: [34] Total time: 0:02:22 (0.4564 s / it)
Averaged stats: lr: 0.000191  sp_loss: 5.6949 (5.3269)  fam_loss: 3.6637 (3.5904)  manu_loss: 2.6501 (2.6105)  gk_loss: 2.4881 (2.4129)
Epoch: [35]  [  0/312]  eta: 0:38:03  lr: 0.000188  sp_loss: 4.4638 (4.4638)  fam_loss: 3.0183 (3.0183)  manu_loss: 2.3060 (2.3060)  gk_loss: 2.0143 (2.0143)  time: 7.3191  data: 7.0566  max mem: 10892
Epoch: [35]  [250/312]  eta: 0:00:27  lr: 0.000188  sp_loss: 5.2104 (5.3263)  fam_loss: 3.6049 (3.6129)  manu_loss: 2.6329 (2.6334)  gk_loss: 2.3855 (2.4158)  time: 0.4019  data: 0.1589  max mem: 10892
Epoch: [35]  [311/312]  eta: 0:00:00  lr: 0.000188  sp_loss: 5.8540 (5.3223)  fam_loss: 3.7521 (3.6086)  manu_loss: 2.7698 (2.6307)  gk_loss: 2.6246 (2.4173)  time: 0.3524  data: 0.1234  max mem: 10892
Epoch: [35] Total time: 0:02:18 (0.4432 s / it)
Averaged stats: lr: 0.000188  sp_loss: 5.8540 (5.3223)  fam_loss: 3.7521 (3.6086)  manu_loss: 2.7698 (2.6307)  gk_loss: 2.6246 (2.4173)
Epoch: [36]  [  0/312]  eta: 0:38:24  lr: 0.000184  sp_loss: 6.0014 (6.0014)  fam_loss: 3.8530 (3.8530)  manu_loss: 2.8281 (2.8281)  gk_loss: 2.6451 (2.6451)  time: 7.3877  data: 7.1184  max mem: 10892
Epoch: [36]  [250/312]  eta: 0:00:28  lr: 0.000184  sp_loss: 5.7465 (5.2799)  fam_loss: 3.7420 (3.5874)  manu_loss: 2.7356 (2.6108)  gk_loss: 2.4710 (2.3835)  time: 0.3652  data: 0.1241  max mem: 10892
Epoch: [36]  [311/312]  eta: 0:00:00  lr: 0.000184  sp_loss: 5.2033 (5.3237)  fam_loss: 3.5811 (3.6095)  manu_loss: 2.6125 (2.6273)  gk_loss: 2.3682 (2.4040)  time: 0.3213  data: 0.0918  max mem: 10892
Epoch: [36] Total time: 0:02:21 (0.4536 s / it)
Averaged stats: lr: 0.000184  sp_loss: 5.2033 (5.3237)  fam_loss: 3.5811 (3.6095)  manu_loss: 2.6125 (2.6273)  gk_loss: 2.3682 (2.4040)
Epoch: [37]  [  0/312]  eta: 0:39:56  lr: 0.000181  sp_loss: 6.5498 (6.5498)  fam_loss: 4.5200 (4.5200)  manu_loss: 3.2473 (3.2473)  gk_loss: 3.1424 (3.1424)  time: 7.6809  data: 7.4016  max mem: 10892
Epoch: [37]  [250/312]  eta: 0:00:31  lr: 0.000181  sp_loss: 5.2134 (5.1207)  fam_loss: 3.5750 (3.4796)  manu_loss: 2.6207 (2.5368)  gk_loss: 2.3693 (2.2988)  time: 0.5181  data: 0.2781  max mem: 10892
Epoch: [37]  [311/312]  eta: 0:00:00  lr: 0.000181  sp_loss: 5.5159 (5.1671)  fam_loss: 3.6816 (3.5075)  manu_loss: 2.6681 (2.5615)  gk_loss: 2.4382 (2.3255)  time: 0.4051  data: 0.1771  max mem: 10892
Epoch: [37] Total time: 0:02:33 (0.4914 s / it)
Averaged stats: lr: 0.000181  sp_loss: 5.5159 (5.1671)  fam_loss: 3.6816 (3.5075)  manu_loss: 2.6681 (2.5615)  gk_loss: 2.4382 (2.3255)
Epoch: [38]  [  0/312]  eta: 0:28:00  lr: 0.000178  sp_loss: 3.5729 (3.5729)  fam_loss: 2.5377 (2.5377)  manu_loss: 1.8778 (1.8778)  gk_loss: 1.5846 (1.5846)  time: 5.3865  data: 5.1282  max mem: 10892
Epoch: [38]  [250/312]  eta: 0:00:27  lr: 0.000178  sp_loss: 4.8355 (5.1494)  fam_loss: 3.2581 (3.5078)  manu_loss: 2.3512 (2.5575)  gk_loss: 2.0803 (2.3139)  time: 0.4231  data: 0.1874  max mem: 10892
Epoch: [38]  [311/312]  eta: 0:00:00  lr: 0.000178  sp_loss: 5.2608 (5.1360)  fam_loss: 3.6302 (3.5034)  manu_loss: 2.6915 (2.5531)  gk_loss: 2.4363 (2.3114)  time: 0.4214  data: 0.1887  max mem: 10892
Epoch: [38] Total time: 0:02:13 (0.4287 s / it)
Averaged stats: lr: 0.000178  sp_loss: 5.2608 (5.1360)  fam_loss: 3.6302 (3.5034)  manu_loss: 2.6915 (2.5531)  gk_loss: 2.4363 (2.3114)
Epoch: [39]  [  0/312]  eta: 0:39:08  lr: 0.000174  sp_loss: 5.6503 (5.6503)  fam_loss: 3.7571 (3.7571)  manu_loss: 2.6907 (2.6907)  gk_loss: 2.4667 (2.4667)  time: 7.5281  data: 7.2491  max mem: 10892
Epoch: [39]  [250/312]  eta: 0:00:30  lr: 0.000174  sp_loss: 4.9346 (5.0293)  fam_loss: 3.4273 (3.4368)  manu_loss: 2.5087 (2.5060)  gk_loss: 2.2296 (2.2501)  time: 0.3383  data: 0.1020  max mem: 10892
Epoch: [39]  [311/312]  eta: 0:00:00  lr: 0.000174  sp_loss: 5.3049 (5.0379)  fam_loss: 3.5183 (3.4382)  manu_loss: 2.6353 (2.5082)  gk_loss: 2.3316 (2.2527)  time: 0.3345  data: 0.1044  max mem: 10892
Epoch: [39] Total time: 0:02:31 (0.4845 s / it)
Averaged stats: lr: 0.000174  sp_loss: 5.3049 (5.0379)  fam_loss: 3.5183 (3.4382)  manu_loss: 2.6353 (2.5082)  gk_loss: 2.3316 (2.2527)
Epoch: [40]  [  0/312]  eta: 0:29:04  lr: 0.000171  sp_loss: 4.7028 (4.7028)  fam_loss: 3.2170 (3.2170)  manu_loss: 2.3236 (2.3236)  gk_loss: 2.0949 (2.0949)  time: 5.5925  data: 5.3118  max mem: 10892
Epoch: [40]  [250/312]  eta: 0:00:26  lr: 0.000171  sp_loss: 5.8463 (5.2056)  fam_loss: 3.6967 (3.5368)  manu_loss: 2.6546 (2.5792)  gk_loss: 2.5101 (2.3267)  time: 0.4535  data: 0.2084  max mem: 10892
Epoch: [40]  [311/312]  eta: 0:00:00  lr: 0.000171  sp_loss: 4.7406 (5.1778)  fam_loss: 3.2416 (3.5211)  manu_loss: 2.3880 (2.5680)  gk_loss: 2.0732 (2.3154)  time: 0.3989  data: 0.1696  max mem: 10892
Epoch: [40] Total time: 0:02:13 (0.4294 s / it)
Averaged stats: lr: 0.000171  sp_loss: 4.7406 (5.1778)  fam_loss: 3.2416 (3.5211)  manu_loss: 2.3880 (2.5680)  gk_loss: 2.0732 (2.3154)
Epoch: [41]  [  0/312]  eta: 0:36:51  lr: 0.000167  sp_loss: 3.7649 (3.7649)  fam_loss: 2.7158 (2.7158)  manu_loss: 1.9207 (1.9207)  gk_loss: 1.6268 (1.6268)  time: 7.0896  data: 6.8052  max mem: 10892
Epoch: [41]  [250/312]  eta: 0:00:28  lr: 0.000167  sp_loss: 5.3290 (5.1406)  fam_loss: 3.6820 (3.5022)  manu_loss: 2.6900 (2.5536)  gk_loss: 2.3856 (2.2943)  time: 0.4196  data: 0.1766  max mem: 10892
Epoch: [41]  [311/312]  eta: 0:00:00  lr: 0.000167  sp_loss: 5.7657 (5.1457)  fam_loss: 3.8119 (3.5040)  manu_loss: 2.7179 (2.5514)  gk_loss: 2.5016 (2.2970)  time: 0.4213  data: 0.1917  max mem: 10892
Epoch: [41] Total time: 0:02:22 (0.4582 s / it)
Averaged stats: lr: 0.000167  sp_loss: 5.7657 (5.1457)  fam_loss: 3.8119 (3.5040)  manu_loss: 2.7179 (2.5514)  gk_loss: 2.5016 (2.2970)
Test:  [  0/391]  eta: 0:43:03  sploss: 3.9101 (3.9101)  famloss: 1.8262 (1.8262)  manuloss: 1.1978 (1.1978)  acc1: 28.1250 (28.1250)  acc5: 53.1250 (53.1250)  family_acc1: 59.7656 (59.7656)  manu_acc1: 75.7812 (75.7812)  time: 6.6085  data: 6.2343  max mem: 10892
Test:  [250/391]  eta: 0:01:02  sploss: 3.9690 (4.0464)  famloss: 1.9995 (2.0043)  manuloss: 1.3722 (1.3708)  acc1: 31.2500 (30.8189)  acc5: 54.6875 (53.5499)  family_acc1: 56.6406 (57.4732)  manu_acc1: 68.3594 (70.2222)  time: 0.5141  data: 0.2999  max mem: 10892
Test:  [390/391]  eta: 0:00:00  sploss: 3.7883 (3.9914)  famloss: 1.8238 (1.9442)  manuloss: 1.1004 (1.3105)  acc1: 33.5938 (31.2980)  acc5: 56.6406 (54.4050)  family_acc1: 60.9375 (58.6690)  manu_acc1: 76.9531 (71.7290)  time: 0.3215  data: 0.1334  max mem: 10892
Test: Total time: 0:02:50 (0.4367 s / it)
* Acc@1 31.298 Acc@5 54.405 family@1 58.669 manu@1 71.729 sploss 3.991 fmloss 1.944 mfloss 1.311
FPA: 23.127% | TICE: 48.049%   
 wAP: 34.922  |  LCA: 147.228   |   Precision and Recall: 48.918%
Accuracy of the network on the 100000 test images: 31.3%
Max accuracy: 31.30%
Epoch: [42]  [  0/312]  eta: 0:29:16  lr: 0.000163  sp_loss: 6.3503 (6.3503)  fam_loss: 4.2134 (4.2134)  manu_loss: 3.1635 (3.1635)  gk_loss: 2.9418 (2.9418)  time: 5.6293  data: 5.3164  max mem: 10892
Epoch: [42]  [250/312]  eta: 0:00:29  lr: 0.000163  sp_loss: 5.4939 (5.0218)  fam_loss: 3.7765 (3.4288)  manu_loss: 2.6993 (2.4989)  gk_loss: 2.5090 (2.2304)  time: 0.3528  data: 0.1096  max mem: 10892
Epoch: [42]  [311/312]  eta: 0:00:00  lr: 0.000163  sp_loss: 4.4789 (5.0168)  fam_loss: 3.1010 (3.4274)  manu_loss: 2.2545 (2.4978)  gk_loss: 1.9632 (2.2301)  time: 0.3268  data: 0.0985  max mem: 10892
Epoch: [42] Total time: 0:02:23 (0.4599 s / it)
Averaged stats: lr: 0.000163  sp_loss: 4.4789 (5.0168)  fam_loss: 3.1010 (3.4274)  manu_loss: 2.2545 (2.4978)  gk_loss: 1.9632 (2.2301)
Test:  [  0/391]  eta: 0:46:52  sploss: 3.7888 (3.7888)  famloss: 1.7352 (1.7352)  manuloss: 1.1025 (1.1025)  acc1: 31.6406 (31.6406)  acc5: 53.5156 (53.5156)  family_acc1: 62.8906 (62.8906)  manu_acc1: 76.5625 (76.5625)  time: 7.1929  data: 6.9460  max mem: 10892
Test:  [250/391]  eta: 0:01:15  sploss: 3.8606 (3.9788)  famloss: 1.9287 (1.9541)  manuloss: 1.3172 (1.2928)  acc1: 32.4219 (31.4725)  acc5: 55.8594 (54.4914)  family_acc1: 57.8125 (57.9899)  manu_acc1: 69.9219 (70.5740)  time: 0.3777  data: 0.1890  max mem: 10892
Test:  [390/391]  eta: 0:00:00  sploss: 3.7370 (3.9184)  famloss: 1.7437 (1.8890)  manuloss: 1.0284 (1.2312)  acc1: 33.2031 (32.0590)  acc5: 56.6406 (55.2040)  family_acc1: 63.6719 (59.2210)  manu_acc1: 77.7344 (72.1370)  time: 0.4475  data: 0.2741  max mem: 10892
Test: Total time: 0:03:22 (0.5183 s / it)
* Acc@1 32.059 Acc@5 55.204 family@1 59.221 manu@1 72.137 sploss 3.918 fmloss 1.889 mfloss 1.231
FPA: 24.010% | TICE: 47.116%   
 wAP: 35.654  |  LCA: 144.845   |   Precision and Recall: 49.725%
Accuracy of the network on the 100000 test images: 32.1%
Max accuracy: 32.06%
Epoch: [43]  [  0/312]  eta: 0:30:35  lr: 0.000160  sp_loss: 5.5272 (5.5272)  fam_loss: 3.6139 (3.6139)  manu_loss: 2.7488 (2.7488)  gk_loss: 2.3956 (2.3956)  time: 5.8833  data: 5.5626  max mem: 10892
Epoch: [43]  [250/312]  eta: 0:00:25  lr: 0.000160  sp_loss: 4.8302 (4.9227)  fam_loss: 3.2531 (3.3722)  manu_loss: 2.4759 (2.4686)  gk_loss: 2.0910 (2.1788)  time: 0.3374  data: 0.0887  max mem: 10892
Epoch: [43]  [311/312]  eta: 0:00:00  lr: 0.000160  sp_loss: 5.2533 (4.9566)  fam_loss: 3.5986 (3.3880)  manu_loss: 2.6417 (2.4772)  gk_loss: 2.3608 (2.1932)  time: 0.3016  data: 0.0710  max mem: 10892
Epoch: [43] Total time: 0:02:06 (0.4053 s / it)
Averaged stats: lr: 0.000160  sp_loss: 5.2533 (4.9566)  fam_loss: 3.5986 (3.3880)  manu_loss: 2.6417 (2.4772)  gk_loss: 2.3608 (2.1932)
Test:  [  0/391]  eta: 0:34:47  sploss: 3.7797 (3.7797)  famloss: 1.6563 (1.6563)  manuloss: 1.0263 (1.0263)  acc1: 33.5938 (33.5938)  acc5: 55.0781 (55.0781)  family_acc1: 64.4531 (64.4531)  manu_acc1: 76.9531 (76.9531)  time: 5.3386  data: 5.0727  max mem: 10892
Test:  [250/391]  eta: 0:01:01  sploss: 3.9221 (3.9862)  famloss: 1.8865 (1.9002)  manuloss: 1.2505 (1.2439)  acc1: 33.2031 (31.7278)  acc5: 54.6875 (54.6688)  family_acc1: 58.2031 (58.6949)  manu_acc1: 69.9219 (71.2525)  time: 0.4994  data: 0.2634  max mem: 10892
Test:  [390/391]  eta: 0:00:00  sploss: 3.7518 (3.9265)  famloss: 1.6938 (1.8379)  manuloss: 0.9594 (1.1833)  acc1: 33.9844 (32.2500)  acc5: 57.8125 (55.5470)  family_acc1: 62.8906 (59.9830)  manu_acc1: 78.1250 (72.7520)  time: 0.3544  data: 0.1765  max mem: 10892
Test: Total time: 0:02:57 (0.4534 s / it)
* Acc@1 32.250 Acc@5 55.547 family@1 59.983 manu@1 72.752 sploss 3.927 fmloss 1.838 mfloss 1.183
FPA: 24.318% | TICE: 46.655%   
 wAP: 35.911  |  LCA: 144.145   |   Precision and Recall: 49.958%
Accuracy of the network on the 100000 test images: 32.2%
Max accuracy: 32.25%
Epoch: [44]  [  0/312]  eta: 0:42:44  lr: 0.000156  sp_loss: 5.5022 (5.5022)  fam_loss: 3.8725 (3.8725)  manu_loss: 2.8205 (2.8205)  gk_loss: 2.4990 (2.4990)  time: 8.2195  data: 7.9055  max mem: 10892
Epoch: [44]  [250/312]  eta: 0:00:34  lr: 0.000156  sp_loss: 5.1187 (4.9656)  fam_loss: 3.4842 (3.3969)  manu_loss: 2.5755 (2.4717)  gk_loss: 2.2863 (2.1947)  time: 0.4102  data: 0.1839  max mem: 10892
Epoch: [44]  [311/312]  eta: 0:00:00  lr: 0.000156  sp_loss: 5.1326 (5.0252)  fam_loss: 3.5201 (3.4279)  manu_loss: 2.5581 (2.4940)  gk_loss: 2.2938 (2.2190)  time: 0.4026  data: 0.1767  max mem: 10892
Epoch: [44] Total time: 0:02:51 (0.5489 s / it)
Averaged stats: lr: 0.000156  sp_loss: 5.1326 (5.0252)  fam_loss: 3.5201 (3.4279)  manu_loss: 2.5581 (2.4940)  gk_loss: 2.2938 (2.2190)
Test:  [  0/391]  eta: 0:49:02  sploss: 3.9314 (3.9314)  famloss: 1.7271 (1.7271)  manuloss: 1.0901 (1.0901)  acc1: 32.4219 (32.4219)  acc5: 55.4688 (55.4688)  family_acc1: 64.4531 (64.4531)  manu_acc1: 75.3906 (75.3906)  time: 7.5262  data: 7.3184  max mem: 10892
Test:  [250/391]  eta: 0:01:19  sploss: 3.8929 (3.9904)  famloss: 1.9129 (1.9101)  manuloss: 1.2731 (1.2724)  acc1: 34.3750 (32.0235)  acc5: 54.2969 (54.9007)  family_acc1: 58.2031 (58.9968)  manu_acc1: 69.5312 (70.9506)  time: 0.4349  data: 0.2434  max mem: 10892
Test:  [390/391]  eta: 0:00:00  sploss: 3.7703 (3.9292)  famloss: 1.7241 (1.8497)  manuloss: 1.0408 (1.2144)  acc1: 33.2031 (32.5080)  acc5: 57.8125 (55.7950)  family_acc1: 62.8906 (60.1310)  manu_acc1: 77.3438 (72.4260)  time: 0.5085  data: 0.3327  max mem: 10892
Test: Total time: 0:03:37 (0.5550 s / it)
* Acc@1 32.508 Acc@5 55.795 family@1 60.131 manu@1 72.426 sploss 3.929 fmloss 1.850 mfloss 1.214
FPA: 24.493% | TICE: 46.571%   
 wAP: 36.144  |  LCA: 143.583   |   Precision and Recall: 50.115%
Accuracy of the network on the 100000 test images: 32.5%
Max accuracy: 32.51%
Epoch: [45]  [  0/312]  eta: 0:29:53  lr: 0.000152  sp_loss: 3.2315 (3.2315)  fam_loss: 2.3330 (2.3330)  manu_loss: 1.7523 (1.7523)  gk_loss: 1.3915 (1.3915)  time: 5.7500  data: 5.4467  max mem: 10892
Epoch: [45]  [250/312]  eta: 0:00:29  lr: 0.000152  sp_loss: 4.8856 (4.9891)  fam_loss: 3.4162 (3.4242)  manu_loss: 2.4641 (2.4918)  gk_loss: 2.1706 (2.2014)  time: 0.4033  data: 0.1732  max mem: 10892
Epoch: [45]  [311/312]  eta: 0:00:00  lr: 0.000152  sp_loss: 5.0290 (5.0024)  fam_loss: 3.3482 (3.4259)  manu_loss: 2.4847 (2.4959)  gk_loss: 2.1103 (2.2056)  time: 0.3296  data: 0.1049  max mem: 10892
Epoch: [45] Total time: 0:02:30 (0.4809 s / it)
Averaged stats: lr: 0.000152  sp_loss: 5.0290 (5.0024)  fam_loss: 3.3482 (3.4259)  manu_loss: 2.4847 (2.4959)  gk_loss: 2.1103 (2.2056)
Test:  [  0/391]  eta: 0:37:27  sploss: 3.7224 (3.7224)  famloss: 1.6622 (1.6622)  manuloss: 1.0436 (1.0436)  acc1: 33.9844 (33.9844)  acc5: 57.0312 (57.0312)  family_acc1: 64.0625 (64.0625)  manu_acc1: 78.5156 (78.5156)  time: 5.7488  data: 5.5298  max mem: 10892
Test:  [250/391]  eta: 0:01:17  sploss: 3.7785 (3.8931)  famloss: 1.8756 (1.8675)  manuloss: 1.2337 (1.2322)  acc1: 33.5938 (32.1309)  acc5: 57.4219 (55.3987)  family_acc1: 59.3750 (59.2349)  manu_acc1: 69.9219 (71.3723)  time: 0.5575  data: 0.3701  max mem: 10892
Test:  [390/391]  eta: 0:00:00  sploss: 3.6747 (3.8277)  famloss: 1.6890 (1.8042)  manuloss: 0.9551 (1.1698)  acc1: 34.7656 (32.7400)  acc5: 58.5938 (56.3600)  family_acc1: 62.1094 (60.4330)  manu_acc1: 78.5156 (72.8650)  time: 0.4675  data: 0.2943  max mem: 10892
Test: Total time: 0:03:33 (0.5458 s / it)
* Acc@1 32.740 Acc@5 56.360 family@1 60.433 manu@1 72.865 sploss 3.828 fmloss 1.804 mfloss 1.170
FPA: 24.838% | TICE: 45.851%   
 wAP: 36.388  |  LCA: 142.393   |   Precision and Recall: 50.557%
Accuracy of the network on the 100000 test images: 32.7%
Max accuracy: 32.74%
Epoch: [46]  [  0/312]  eta: 0:33:30  lr: 0.000149  sp_loss: 4.7162 (4.7162)  fam_loss: 3.4808 (3.4808)  manu_loss: 2.3881 (2.3881)  gk_loss: 2.1398 (2.1398)  time: 6.4436  data: 6.1515  max mem: 10892
Epoch: [46]  [250/312]  eta: 0:00:29  lr: 0.000149  sp_loss: 5.6280 (5.0986)  fam_loss: 3.7753 (3.4833)  manu_loss: 2.6633 (2.5472)  gk_loss: 2.4753 (2.2537)  time: 0.4114  data: 0.1715  max mem: 10892
Epoch: [46]  [311/312]  eta: 0:00:00  lr: 0.000149  sp_loss: 5.3858 (5.0843)  fam_loss: 3.5574 (3.4726)  manu_loss: 2.6322 (2.5383)  gk_loss: 2.3311 (2.2467)  time: 0.3394  data: 0.1142  max mem: 10892
Epoch: [46] Total time: 0:02:29 (0.4789 s / it)
Averaged stats: lr: 0.000149  sp_loss: 5.3858 (5.0843)  fam_loss: 3.5574 (3.4726)  manu_loss: 2.6322 (2.5383)  gk_loss: 2.3311 (2.2467)
Test:  [  0/391]  eta: 0:41:48  sploss: 3.7994 (3.7994)  famloss: 1.6691 (1.6691)  manuloss: 1.0724 (1.0724)  acc1: 33.5938 (33.5938)  acc5: 57.0312 (57.0312)  family_acc1: 65.2344 (65.2344)  manu_acc1: 76.9531 (76.9531)  time: 6.4148  data: 6.1000  max mem: 10892
Test:  [250/391]  eta: 0:01:13  sploss: 3.8572 (3.9734)  famloss: 1.8517 (1.9027)  manuloss: 1.2202 (1.2577)  acc1: 32.8125 (32.0281)  acc5: 55.0781 (54.7793)  family_acc1: 58.5938 (58.8210)  manu_acc1: 69.1406 (71.0082)  time: 0.5033  data: 0.3136  max mem: 10892
Test:  [390/391]  eta: 0:00:00  sploss: 3.7550 (3.9155)  famloss: 1.7007 (1.8458)  manuloss: 1.0098 (1.1996)  acc1: 34.3750 (32.4310)  acc5: 57.4219 (55.6320)  family_acc1: 62.8906 (59.8220)  manu_acc1: 78.1250 (72.4490)  time: 0.4898  data: 0.3161  max mem: 10892
Test: Total time: 0:03:26 (0.5270 s / it)
* Acc@1 32.431 Acc@5 55.632 family@1 59.822 manu@1 72.449 sploss 3.916 fmloss 1.846 mfloss 1.200
FPA: 24.465% | TICE: 46.711%   
 wAP: 36.047  |  LCA: 143.896   |   Precision and Recall: 50.036%
Accuracy of the network on the 100000 test images: 32.4%
Max accuracy: 32.74%
Epoch: [47]  [  0/312]  eta: 0:29:50  lr: 0.000145  sp_loss: 5.5366 (5.5366)  fam_loss: 3.7298 (3.7298)  manu_loss: 2.5585 (2.5585)  gk_loss: 2.3495 (2.3495)  time: 5.7388  data: 5.4528  max mem: 10892
Epoch: [47]  [250/312]  eta: 0:00:33  lr: 0.000145  sp_loss: 5.6882 (4.8436)  fam_loss: 3.7506 (3.3254)  manu_loss: 2.7049 (2.4334)  gk_loss: 2.4933 (2.1230)  time: 0.4098  data: 0.1799  max mem: 10892
Epoch: [47]  [311/312]  eta: 0:00:00  lr: 0.000145  sp_loss: 4.7862 (4.8562)  fam_loss: 3.2175 (3.3339)  manu_loss: 2.3869 (2.4377)  gk_loss: 2.0893 (2.1319)  time: 0.3605  data: 0.1361  max mem: 10892
Epoch: [47] Total time: 0:02:48 (0.5390 s / it)
Averaged stats: lr: 0.000145  sp_loss: 4.7862 (4.8562)  fam_loss: 3.2175 (3.3339)  manu_loss: 2.3869 (2.4377)  gk_loss: 2.0893 (2.1319)
Test:  [  0/391]  eta: 0:37:24  sploss: 3.7480 (3.7480)  famloss: 1.7500 (1.7500)  manuloss: 1.1636 (1.1636)  acc1: 32.4219 (32.4219)  acc5: 57.0312 (57.0312)  family_acc1: 61.7188 (61.7188)  manu_acc1: 74.2188 (74.2188)  time: 5.7412  data: 5.4816  max mem: 10892
Test:  [250/391]  eta: 0:01:07  sploss: 3.8160 (3.9411)  famloss: 1.9190 (1.9167)  manuloss: 1.3130 (1.2848)  acc1: 33.9844 (32.5402)  acc5: 55.4688 (55.2773)  family_acc1: 58.5938 (59.2443)  manu_acc1: 68.3594 (71.1685)  time: 0.4119  data: 0.1637  max mem: 10892
Test:  [390/391]  eta: 0:00:00  sploss: 3.7026 (3.8818)  famloss: 1.7330 (1.8584)  manuloss: 1.0419 (1.2279)  acc1: 35.1562 (32.9860)  acc5: 58.5938 (56.1440)  family_acc1: 61.7188 (60.2320)  manu_acc1: 77.5000 (72.5020)  time: 0.4410  data: 0.2601  max mem: 10892
Test: Total time: 0:03:14 (0.4964 s / it)
* Acc@1 32.986 Acc@5 56.144 family@1 60.232 manu@1 72.502 sploss 3.882 fmloss 1.858 mfloss 1.228
FPA: 24.963% | TICE: 46.113%   
 wAP: 36.576  |  LCA: 142.195   |   Precision and Recall: 50.599%
Accuracy of the network on the 100000 test images: 33.0%
Max accuracy: 32.99%
Epoch: [48]  [  0/312]  eta: 0:40:53  lr: 0.000141  sp_loss: 4.6094 (4.6094)  fam_loss: 2.9709 (2.9709)  manu_loss: 2.3376 (2.3376)  gk_loss: 1.9260 (1.9260)  time: 7.8622  data: 7.5701  max mem: 10892
Epoch: [48]  [250/312]  eta: 0:00:33  lr: 0.000141  sp_loss: 5.2420 (4.9328)  fam_loss: 3.5471 (3.3754)  manu_loss: 2.4661 (2.4682)  gk_loss: 2.2266 (2.1593)  time: 0.5727  data: 0.3286  max mem: 10892
Epoch: [48]  [311/312]  eta: 0:00:00  lr: 0.000141  sp_loss: 5.5835 (4.9572)  fam_loss: 3.6881 (3.3879)  manu_loss: 2.6959 (2.4778)  gk_loss: 2.4074 (2.1719)  time: 0.4135  data: 0.1757  max mem: 10892
Epoch: [48] Total time: 0:02:45 (0.5319 s / it)
Averaged stats: lr: 0.000141  sp_loss: 5.5835 (4.9572)  fam_loss: 3.6881 (3.3879)  manu_loss: 2.6959 (2.4778)  gk_loss: 2.4074 (2.1719)
Test:  [  0/391]  eta: 0:50:56  sploss: 3.7111 (3.7111)  famloss: 1.6404 (1.6404)  manuloss: 1.0326 (1.0326)  acc1: 31.6406 (31.6406)  acc5: 55.8594 (55.8594)  family_acc1: 64.0625 (64.0625)  manu_acc1: 78.9062 (78.9062)  time: 7.8181  data: 7.4372  max mem: 10892
Test:  [250/391]  eta: 0:01:19  sploss: 3.7823 (3.8853)  famloss: 1.8195 (1.8459)  manuloss: 1.2171 (1.2224)  acc1: 33.9844 (32.6413)  acc5: 56.6406 (55.4049)  family_acc1: 59.3750 (59.6676)  manu_acc1: 71.8750 (71.8625)  time: 0.4041  data: 0.2103  max mem: 10892
Test:  [390/391]  eta: 0:00:00  sploss: 3.6153 (3.8190)  famloss: 1.6484 (1.7850)  manuloss: 0.9730 (1.1641)  acc1: 34.3750 (33.1730)  acc5: 58.7500 (56.2630)  family_acc1: 63.2812 (60.7760)  manu_acc1: 78.1250 (73.1780)  time: 0.5124  data: 0.3423  max mem: 10892
Test: Total time: 0:03:37 (0.5572 s / it)
* Acc@1 33.173 Acc@5 56.263 family@1 60.776 manu@1 73.178 sploss 3.819 fmloss 1.785 mfloss 1.164
FPA: 25.415% | TICE: 45.471%   
 wAP: 36.809  |  LCA: 141.607   |   Precision and Recall: 50.758%
Accuracy of the network on the 100000 test images: 33.2%
Max accuracy: 33.17%
Epoch: [49]  [  0/312]  eta: 0:41:39  lr: 0.000138  sp_loss: 5.6352 (5.6352)  fam_loss: 3.5824 (3.5824)  manu_loss: 2.6868 (2.6868)  gk_loss: 2.3545 (2.3545)  time: 8.0106  data: 7.7421  max mem: 10892
Epoch: [49]  [250/312]  eta: 0:00:34  lr: 0.000138  sp_loss: 5.2911 (4.8428)  fam_loss: 3.6536 (3.3316)  manu_loss: 2.5531 (2.4365)  gk_loss: 2.3227 (2.1171)  time: 0.4556  data: 0.2252  max mem: 10892
Epoch: [49]  [311/312]  eta: 0:00:00  lr: 0.000138  sp_loss: 4.7548 (4.8627)  fam_loss: 3.3392 (3.3425)  manu_loss: 2.3675 (2.4431)  gk_loss: 2.0723 (2.1264)  time: 0.3444  data: 0.1197  max mem: 10892
Epoch: [49] Total time: 0:02:50 (0.5456 s / it)
Averaged stats: lr: 0.000138  sp_loss: 4.7548 (4.8627)  fam_loss: 3.3392 (3.3425)  manu_loss: 2.3675 (2.4431)  gk_loss: 2.0723 (2.1264)
Test:  [  0/391]  eta: 0:45:50  sploss: 3.8327 (3.8327)  famloss: 1.7300 (1.7300)  manuloss: 1.0876 (1.0876)  acc1: 30.4688 (30.4688)  acc5: 54.2969 (54.2969)  family_acc1: 63.2812 (63.2812)  manu_acc1: 76.1719 (76.1719)  time: 7.0356  data: 6.8287  max mem: 10892
Test:  [250/391]  eta: 0:01:01  sploss: 3.8716 (3.9766)  famloss: 1.9069 (1.9158)  manuloss: 1.2493 (1.2622)  acc1: 33.9844 (32.6008)  acc5: 57.8125 (55.6306)  family_acc1: 59.7656 (59.6909)  manu_acc1: 70.3125 (71.8875)  time: 0.3157  data: 0.1157  max mem: 10892
Test:  [390/391]  eta: 0:00:00  sploss: 3.7418 (3.9126)  famloss: 1.7319 (1.8533)  manuloss: 1.0382 (1.2020)  acc1: 34.7656 (33.1730)  acc5: 59.3750 (56.5400)  family_acc1: 62.8906 (60.8740)  manu_acc1: 77.5000 (73.2440)  time: 0.4083  data: 0.2311  max mem: 10892
Test: Total time: 0:02:44 (0.4211 s / it)
* Acc@1 33.173 Acc@5 56.540 family@1 60.874 manu@1 73.244 sploss 3.913 fmloss 1.853 mfloss 1.202
FPA: 25.406% | TICE: 45.557%   
 wAP: 36.820  |  LCA: 141.423   |   Precision and Recall: 50.842%
Accuracy of the network on the 100000 test images: 33.2%
Max accuracy: 33.17%
Epoch: [50]  [  0/312]  eta: 0:32:14  lr: 0.000134  sp_loss: 4.5812 (4.5812)  fam_loss: 3.1675 (3.1675)  manu_loss: 2.3481 (2.3481)  gk_loss: 1.9653 (1.9653)  time: 6.2011  data: 5.8948  max mem: 10892
Epoch: [50]  [250/312]  eta: 0:00:25  lr: 0.000134  sp_loss: 5.2427 (4.8871)  fam_loss: 3.4722 (3.3514)  manu_loss: 2.5377 (2.4469)  gk_loss: 2.2122 (2.1319)  time: 0.3251  data: 0.0906  max mem: 10892
Epoch: [50]  [311/312]  eta: 0:00:00  lr: 0.000134  sp_loss: 4.6254 (4.9198)  fam_loss: 3.3082 (3.3728)  manu_loss: 2.4128 (2.4626)  gk_loss: 2.0550 (2.1497)  time: 0.3135  data: 0.0868  max mem: 10892
Epoch: [50] Total time: 0:02:08 (0.4106 s / it)
Averaged stats: lr: 0.000134  sp_loss: 4.6254 (4.9198)  fam_loss: 3.3082 (3.3728)  manu_loss: 2.4128 (2.4626)  gk_loss: 2.0550 (2.1497)
Test:  [  0/391]  eta: 0:42:01  sploss: 3.8144 (3.8144)  famloss: 1.7009 (1.7009)  manuloss: 1.0751 (1.0751)  acc1: 32.4219 (32.4219)  acc5: 58.9844 (58.9844)  family_acc1: 64.4531 (64.4531)  manu_acc1: 79.6875 (79.6875)  time: 6.4500  data: 6.2286  max mem: 10892
Test:  [250/391]  eta: 0:01:02  sploss: 3.9011 (4.0186)  famloss: 1.9427 (1.9355)  manuloss: 1.2789 (1.2808)  acc1: 33.2031 (32.3316)  acc5: 56.2500 (55.1357)  family_acc1: 58.9844 (59.5275)  manu_acc1: 70.7031 (71.8096)  time: 0.3552  data: 0.1344  max mem: 10892
Test:  [390/391]  eta: 0:00:00  sploss: 3.7769 (3.9562)  famloss: 1.7506 (1.8773)  manuloss: 1.0175 (1.2234)  acc1: 34.3750 (32.8180)  acc5: 58.5938 (56.0700)  family_acc1: 62.5000 (60.6550)  manu_acc1: 78.5156 (73.2270)  time: 0.3633  data: 0.1928  max mem: 10892
Test: Total time: 0:02:48 (0.4305 s / it)
* Acc@1 32.818 Acc@5 56.070 family@1 60.655 manu@1 73.227 sploss 3.956 fmloss 1.877 mfloss 1.223
FPA: 25.050% | TICE: 45.758%   
 wAP: 36.487  |  LCA: 142.756   |   Precision and Recall: 50.403%
Accuracy of the network on the 100000 test images: 32.8%
Max accuracy: 33.17%
Epoch: [51]  [  0/312]  eta: 0:33:01  lr: 0.000130  sp_loss: 5.4941 (5.4941)  fam_loss: 3.6970 (3.6970)  manu_loss: 2.5918 (2.5918)  gk_loss: 2.3360 (2.3360)  time: 6.3512  data: 6.0778  max mem: 10892
Epoch: [51]  [250/312]  eta: 0:00:33  lr: 0.000130  sp_loss: 5.2232 (4.7744)  fam_loss: 3.4868 (3.2930)  manu_loss: 2.5457 (2.4031)  gk_loss: 2.1840 (2.0786)  time: 0.3400  data: 0.1123  max mem: 10892
Epoch: [51]  [311/312]  eta: 0:00:00  lr: 0.000130  sp_loss: 5.3312 (4.7923)  fam_loss: 3.5899 (3.2978)  manu_loss: 2.5740 (2.4047)  gk_loss: 2.2671 (2.0854)  time: 0.3892  data: 0.1629  max mem: 10892
Epoch: [51] Total time: 0:02:44 (0.5269 s / it)
Averaged stats: lr: 0.000130  sp_loss: 5.3312 (4.7923)  fam_loss: 3.5899 (3.2978)  manu_loss: 2.5740 (2.4047)  gk_loss: 2.2671 (2.0854)
Test:  [  0/391]  eta: 0:38:32  sploss: 3.7245 (3.7245)  famloss: 1.6593 (1.6593)  manuloss: 1.0949 (1.0949)  acc1: 32.8125 (32.8125)  acc5: 58.9844 (58.9844)  family_acc1: 66.0156 (66.0156)  manu_acc1: 74.6094 (74.6094)  time: 5.9136  data: 5.6086  max mem: 10892
Test:  [250/391]  eta: 0:01:01  sploss: 3.7621 (3.8983)  famloss: 1.8524 (1.8740)  manuloss: 1.2280 (1.2508)  acc1: 34.3750 (32.9635)  acc5: 57.4219 (56.0850)  family_acc1: 59.7656 (59.8652)  manu_acc1: 70.7031 (72.0680)  time: 0.3111  data: 0.1172  max mem: 10892
Test:  [390/391]  eta: 0:00:00  sploss: 3.6671 (3.8382)  famloss: 1.6872 (1.8141)  manuloss: 0.9702 (1.1923)  acc1: 35.1562 (33.4980)  acc5: 59.3750 (56.9480)  family_acc1: 62.5000 (60.9230)  manu_acc1: 78.1250 (73.4340)  time: 0.4064  data: 0.2343  max mem: 10892
Test: Total time: 0:02:55 (0.4494 s / it)
* Acc@1 33.498 Acc@5 56.948 family@1 60.923 manu@1 73.434 sploss 3.838 fmloss 1.814 mfloss 1.192
FPA: 25.571% | TICE: 45.159%   
 wAP: 37.115  |  LCA: 140.248   |   Precision and Recall: 51.248%
Accuracy of the network on the 100000 test images: 33.5%
Max accuracy: 33.50%
Epoch: [52]  [  0/312]  eta: 0:34:00  lr: 0.000126  sp_loss: 4.9365 (4.9365)  fam_loss: 3.3828 (3.3828)  manu_loss: 2.3293 (2.3293)  gk_loss: 2.0587 (2.0587)  time: 6.5412  data: 6.2556  max mem: 10892
Epoch: [52]  [250/312]  eta: 0:00:25  lr: 0.000126  sp_loss: 5.2529 (4.7459)  fam_loss: 3.5093 (3.2702)  manu_loss: 2.4664 (2.3855)  gk_loss: 2.2365 (2.0554)  time: 0.3447  data: 0.1107  max mem: 10892
Epoch: [52]  [311/312]  eta: 0:00:00  lr: 0.000126  sp_loss: 4.3926 (4.7636)  fam_loss: 3.0851 (3.2841)  manu_loss: 2.1764 (2.3937)  gk_loss: 1.8651 (2.0654)  time: 0.4097  data: 0.1828  max mem: 10892
Epoch: [52] Total time: 0:02:09 (0.4161 s / it)
Averaged stats: lr: 0.000126  sp_loss: 4.3926 (4.7636)  fam_loss: 3.0851 (3.2841)  manu_loss: 2.1764 (2.3937)  gk_loss: 1.8651 (2.0654)
Test:  [  0/391]  eta: 0:37:56  sploss: 3.6984 (3.6984)  famloss: 1.5771 (1.5771)  manuloss: 0.9904 (0.9904)  acc1: 30.8594 (30.8594)  acc5: 57.0312 (57.0312)  family_acc1: 67.1875 (67.1875)  manu_acc1: 76.9531 (76.9531)  time: 5.8216  data: 5.5701  max mem: 10892
Test:  [250/391]  eta: 0:01:02  sploss: 3.7592 (3.8561)  famloss: 1.8169 (1.8252)  manuloss: 1.1922 (1.2066)  acc1: 34.7656 (33.1378)  acc5: 57.0312 (56.0586)  family_acc1: 59.7656 (60.2761)  manu_acc1: 69.5312 (71.8641)  time: 0.4452  data: 0.2568  max mem: 10892
Test:  [390/391]  eta: 0:00:00  sploss: 3.6050 (3.7973)  famloss: 1.6482 (1.7631)  manuloss: 0.9124 (1.1435)  acc1: 34.7656 (33.6230)  acc5: 59.3750 (56.9750)  family_acc1: 63.6719 (61.4040)  manu_acc1: 78.7500 (73.3990)  time: 0.4483  data: 0.2763  max mem: 10892
Test: Total time: 0:03:01 (0.4639 s / it)
* Acc@1 33.623 Acc@5 56.975 family@1 61.404 manu@1 73.399 sploss 3.797 fmloss 1.763 mfloss 1.143
FPA: 25.860% | TICE: 45.279%   
 wAP: 37.271  |  LCA: 140.043   |   Precision and Recall: 51.383%
Accuracy of the network on the 100000 test images: 33.6%
Max accuracy: 33.62%
Epoch: [53]  [  0/312]  eta: 0:31:21  lr: 0.000122  sp_loss: 5.2227 (5.2227)  fam_loss: 3.6494 (3.6494)  manu_loss: 2.6150 (2.6150)  gk_loss: 2.2655 (2.2655)  time: 6.0320  data: 5.7386  max mem: 10892
Epoch: [53]  [250/312]  eta: 0:00:28  lr: 0.000122  sp_loss: 5.1433 (4.8063)  fam_loss: 3.4911 (3.3043)  manu_loss: 2.5137 (2.4102)  gk_loss: 2.2075 (2.0785)  time: 0.4067  data: 0.1788  max mem: 10892
Epoch: [53]  [311/312]  eta: 0:00:00  lr: 0.000122  sp_loss: 5.3474 (4.7992)  fam_loss: 3.4947 (3.2932)  manu_loss: 2.5190 (2.4029)  gk_loss: 2.1943 (2.0715)  time: 0.3434  data: 0.1183  max mem: 10892
Epoch: [53] Total time: 0:02:24 (0.4633 s / it)
Averaged stats: lr: 0.000122  sp_loss: 5.3474 (4.7992)  fam_loss: 3.4947 (3.2932)  manu_loss: 2.5190 (2.4029)  gk_loss: 2.1943 (2.0715)
Test:  [  0/391]  eta: 0:40:04  sploss: 3.7405 (3.7405)  famloss: 1.6446 (1.6446)  manuloss: 1.0793 (1.0793)  acc1: 31.6406 (31.6406)  acc5: 57.8125 (57.8125)  family_acc1: 68.3594 (68.3594)  manu_acc1: 76.9531 (76.9531)  time: 6.1487  data: 5.7841  max mem: 10892
Test:  [250/391]  eta: 0:01:09  sploss: 3.8238 (3.9141)  famloss: 1.8499 (1.8998)  manuloss: 1.2470 (1.2601)  acc1: 35.1562 (33.5066)  acc5: 57.0312 (56.4819)  family_acc1: 59.7656 (60.2932)  manu_acc1: 71.4844 (72.2672)  time: 0.4090  data: 0.2154  max mem: 10892
Test:  [390/391]  eta: 0:00:00  sploss: 3.6798 (3.8541)  famloss: 1.7363 (1.8390)  manuloss: 1.0017 (1.1996)  acc1: 34.3750 (33.9270)  acc5: 59.7656 (57.4470)  family_acc1: 64.0625 (61.4810)  manu_acc1: 79.2969 (73.7160)  time: 0.4807  data: 0.3097  max mem: 10892
Test: Total time: 0:03:18 (0.5076 s / it)
* Acc@1 33.927 Acc@5 57.447 family@1 61.481 manu@1 73.716 sploss 3.854 fmloss 1.839 mfloss 1.200
FPA: 26.051% | TICE: 45.159%   
 wAP: 37.553  |  LCA: 139.294   |   Precision and Recall: 51.583%
Accuracy of the network on the 100000 test images: 33.9%
Max accuracy: 33.93%
Epoch: [54]  [  0/312]  eta: 0:34:54  lr: 0.000119  sp_loss: 5.6062 (5.6062)  fam_loss: 3.8945 (3.8945)  manu_loss: 2.9176 (2.9176)  gk_loss: 2.5338 (2.5338)  time: 6.7125  data: 6.4333  max mem: 10892
Epoch: [54]  [250/312]  eta: 0:00:25  lr: 0.000119  sp_loss: 5.1173 (4.6880)  fam_loss: 3.4822 (3.2388)  manu_loss: 2.5608 (2.3629)  gk_loss: 2.1852 (2.0228)  time: 0.3219  data: 0.0885  max mem: 10892
Epoch: [54]  [311/312]  eta: 0:00:00  lr: 0.000119  sp_loss: 5.2877 (4.7329)  fam_loss: 3.5870 (3.2655)  manu_loss: 2.5907 (2.3818)  gk_loss: 2.2944 (2.0449)  time: 0.3070  data: 0.0800  max mem: 10892
Epoch: [54] Total time: 0:02:04 (0.4003 s / it)
Averaged stats: lr: 0.000119  sp_loss: 5.2877 (4.7329)  fam_loss: 3.5870 (3.2655)  manu_loss: 2.5907 (2.3818)  gk_loss: 2.2944 (2.0449)
Test:  [  0/391]  eta: 0:43:15  sploss: 3.9454 (3.9454)  famloss: 1.7953 (1.7953)  manuloss: 1.1447 (1.1447)  acc1: 32.8125 (32.8125)  acc5: 53.9062 (53.9062)  family_acc1: 66.7969 (66.7969)  manu_acc1: 77.7344 (77.7344)  time: 6.6381  data: 6.4031  max mem: 10892
Test:  [250/391]  eta: 0:00:59  sploss: 4.0375 (4.1263)  famloss: 2.0207 (2.0534)  manuloss: 1.3807 (1.3843)  acc1: 33.9844 (32.1293)  acc5: 55.0781 (54.7560)  family_acc1: 58.5938 (58.7883)  manu_acc1: 69.9219 (71.1233)  time: 0.3286  data: 0.1278  max mem: 10892
Test:  [390/391]  eta: 0:00:00  sploss: 3.8825 (4.0674)  famloss: 1.8747 (1.9919)  manuloss: 1.1307 (1.3249)  acc1: 33.9844 (32.6450)  acc5: 58.2031 (55.7370)  family_acc1: 62.5000 (60.0310)  manu_acc1: 77.7344 (72.6510)  time: 0.4097  data: 0.2339  max mem: 10892
Test: Total time: 0:02:41 (0.4123 s / it)
* Acc@1 32.645 Acc@5 55.737 family@1 60.031 manu@1 72.651 sploss 4.067 fmloss 1.992 mfloss 1.325
FPA: 24.710% | TICE: 46.429%   
 wAP: 36.260  |  LCA: 143.560   |   Precision and Recall: 50.158%
Accuracy of the network on the 100000 test images: 32.6%
Max accuracy: 33.93%
Epoch: [55]  [  0/312]  eta: 0:31:49  lr: 0.000115  sp_loss: 5.6051 (5.6051)  fam_loss: 3.6768 (3.6768)  manu_loss: 2.6523 (2.6523)  gk_loss: 2.3780 (2.3780)  time: 6.1200  data: 5.8234  max mem: 10892
Epoch: [55]  [250/312]  eta: 0:00:25  lr: 0.000115  sp_loss: 5.1292 (4.7079)  fam_loss: 3.3657 (3.2465)  manu_loss: 2.5116 (2.3760)  gk_loss: 2.0671 (2.0225)  time: 0.3804  data: 0.1496  max mem: 10892
Epoch: [55]  [311/312]  eta: 0:00:00  lr: 0.000115  sp_loss: 5.1509 (4.7096)  fam_loss: 3.3461 (3.2471)  manu_loss: 2.4433 (2.3739)  gk_loss: 2.1124 (2.0223)  time: 0.3264  data: 0.0916  max mem: 10892
Epoch: [55] Total time: 0:02:13 (0.4264 s / it)
Averaged stats: lr: 0.000115  sp_loss: 5.1509 (4.7096)  fam_loss: 3.3461 (3.2471)  manu_loss: 2.4433 (2.3739)  gk_loss: 2.1124 (2.0223)
Test:  [  0/391]  eta: 0:46:34  sploss: 3.7695 (3.7695)  famloss: 1.6104 (1.6104)  manuloss: 0.9688 (0.9688)  acc1: 33.2031 (33.2031)  acc5: 59.3750 (59.3750)  family_acc1: 68.3594 (68.3594)  manu_acc1: 79.2969 (79.2969)  time: 7.1474  data: 6.8832  max mem: 10892
Test:  [250/391]  eta: 0:01:14  sploss: 3.8238 (3.9240)  famloss: 1.8357 (1.8789)  manuloss: 1.2267 (1.2275)  acc1: 34.7656 (33.4272)  acc5: 56.2500 (56.2484)  family_acc1: 60.5469 (60.8332)  manu_acc1: 71.4844 (72.7605)  time: 0.4572  data: 0.2042  max mem: 10892
Test:  [390/391]  eta: 0:00:00  sploss: 3.7210 (3.8642)  famloss: 1.6994 (1.8194)  manuloss: 0.9880 (1.1679)  acc1: 34.7656 (33.9420)  acc5: 58.5938 (57.2180)  family_acc1: 64.8438 (61.8420)  manu_acc1: 78.9062 (74.1350)  time: 0.4758  data: 0.2798  max mem: 10892
Test: Total time: 0:03:27 (0.5300 s / it)
* Acc@1 33.942 Acc@5 57.218 family@1 61.842 manu@1 74.135 sploss 3.864 fmloss 1.819 mfloss 1.168
FPA: 26.276% | TICE: 44.771%   
 wAP: 37.612  |  LCA: 139.421   |   Precision and Recall: 51.542%
Accuracy of the network on the 100000 test images: 33.9%
Max accuracy: 33.94%
Epoch: [56]  [  0/312]  eta: 0:43:08  lr: 0.000111  sp_loss: 4.5303 (4.5303)  fam_loss: 3.1902 (3.1902)  manu_loss: 2.2114 (2.2114)  gk_loss: 1.9354 (1.9354)  time: 8.2956  data: 8.0088  max mem: 10892
Epoch: [56]  [250/312]  eta: 0:00:32  lr: 0.000111  sp_loss: 4.7109 (4.7121)  fam_loss: 3.3718 (3.2371)  manu_loss: 2.3663 (2.3646)  gk_loss: 2.0413 (2.0145)  time: 0.3753  data: 0.1328  max mem: 10892
Epoch: [56]  [311/312]  eta: 0:00:00  lr: 0.000111  sp_loss: 5.1988 (4.7227)  fam_loss: 3.3984 (3.2472)  manu_loss: 2.3417 (2.3687)  gk_loss: 2.1173 (2.0208)  time: 0.3753  data: 0.1419  max mem: 10892
Epoch: [56] Total time: 0:02:42 (0.5203 s / it)
Averaged stats: lr: 0.000111  sp_loss: 5.1988 (4.7227)  fam_loss: 3.3984 (3.2472)  manu_loss: 2.3417 (2.3687)  gk_loss: 2.1173 (2.0208)
Test:  [  0/391]  eta: 0:50:33  sploss: 3.7164 (3.7164)  famloss: 1.6099 (1.6099)  manuloss: 1.0150 (1.0150)  acc1: 33.5938 (33.5938)  acc5: 56.6406 (56.6406)  family_acc1: 66.4062 (66.4062)  manu_acc1: 78.1250 (78.1250)  time: 7.7595  data: 7.5228  max mem: 10892
Test:  [250/391]  eta: 0:01:17  sploss: 3.8138 (3.9105)  famloss: 1.8170 (1.8521)  manuloss: 1.2370 (1.2218)  acc1: 34.3750 (33.1051)  acc5: 56.2500 (56.0212)  family_acc1: 58.5938 (60.5329)  manu_acc1: 71.0938 (72.4493)  time: 0.4244  data: 0.1716  max mem: 10892
Test:  [390/391]  eta: 0:00:00  sploss: 3.7061 (3.8505)  famloss: 1.6865 (1.7922)  manuloss: 0.9753 (1.1625)  acc1: 33.9844 (33.5970)  acc5: 57.8125 (56.9040)  family_acc1: 63.6719 (61.5720)  manu_acc1: 79.2969 (73.8430)  time: 0.4482  data: 0.2627  max mem: 10892
Test: Total time: 0:03:31 (0.5420 s / it)
* Acc@1 33.597 Acc@5 56.904 family@1 61.572 manu@1 73.843 sploss 3.851 fmloss 1.792 mfloss 1.162
FPA: 26.062% | TICE: 45.021%   
 wAP: 37.275  |  LCA: 140.560   |   Precision and Recall: 51.186%
Accuracy of the network on the 100000 test images: 33.6%
Max accuracy: 33.94%
Epoch: [57]  [  0/312]  eta: 0:29:22  lr: 0.000108  sp_loss: 2.9889 (2.9889)  fam_loss: 2.2977 (2.2977)  manu_loss: 1.6022 (1.6022)  gk_loss: 1.2371 (1.2371)  time: 5.6481  data: 5.3632  max mem: 10892
Epoch: [57]  [250/312]  eta: 0:00:33  lr: 0.000108  sp_loss: 4.7309 (4.6507)  fam_loss: 3.2129 (3.2026)  manu_loss: 2.3722 (2.3430)  gk_loss: 2.0110 (1.9833)  time: 0.4171  data: 0.1777  max mem: 10892
Epoch: [57]  [311/312]  eta: 0:00:00  lr: 0.000108  sp_loss: 5.4377 (4.6895)  fam_loss: 3.5548 (3.2236)  manu_loss: 2.6213 (2.3561)  gk_loss: 2.2685 (2.0015)  time: 0.3411  data: 0.1060  max mem: 10892
Epoch: [57] Total time: 0:02:43 (0.5240 s / it)
Averaged stats: lr: 0.000108  sp_loss: 5.4377 (4.6895)  fam_loss: 3.5548 (3.2236)  manu_loss: 2.6213 (2.3561)  gk_loss: 2.2685 (2.0015)
Test:  [  0/391]  eta: 0:44:36  sploss: 3.8786 (3.8786)  famloss: 1.7943 (1.7943)  manuloss: 1.1459 (1.1459)  acc1: 32.0312 (32.0312)  acc5: 55.4688 (55.4688)  family_acc1: 66.4062 (66.4062)  manu_acc1: 76.5625 (76.5625)  time: 6.8454  data: 6.5446  max mem: 10892
Test:  [250/391]  eta: 0:01:17  sploss: 3.9651 (4.0593)  famloss: 1.9914 (2.0006)  manuloss: 1.3052 (1.3247)  acc1: 34.3750 (32.6040)  acc5: 55.4688 (55.2306)  family_acc1: 57.8125 (59.6131)  manu_acc1: 69.1406 (71.7458)  time: 0.4164  data: 0.1792  max mem: 10892
Test:  [390/391]  eta: 0:00:00  sploss: 3.8497 (4.0050)  famloss: 1.8232 (1.9422)  manuloss: 1.0722 (1.2652)  acc1: 32.8125 (32.9730)  acc5: 57.4219 (56.0470)  family_acc1: 62.5000 (60.6560)  manu_acc1: 77.7344 (73.2500)  time: 0.4499  data: 0.2464  max mem: 10892
Test: Total time: 0:03:31 (0.5408 s / it)
* Acc@1 32.973 Acc@5 56.047 family@1 60.656 manu@1 73.250 sploss 4.005 fmloss 1.942 mfloss 1.265
FPA: 25.185% | TICE: 46.335%   
 wAP: 36.624  |  LCA: 142.619   |   Precision and Recall: 50.493%
Accuracy of the network on the 100000 test images: 33.0%
Max accuracy: 33.94%
Epoch: [58]  [  0/312]  eta: 0:30:01  lr: 0.000104  sp_loss: 5.6146 (5.6146)  fam_loss: 3.8233 (3.8233)  manu_loss: 2.7223 (2.7223)  gk_loss: 2.4352 (2.4352)  time: 5.7750  data: 5.4963  max mem: 10892
Epoch: [58]  [250/312]  eta: 0:00:32  lr: 0.000104  sp_loss: 4.6475 (4.7999)  fam_loss: 3.2163 (3.2965)  manu_loss: 2.3494 (2.4067)  gk_loss: 1.9911 (2.0524)  time: 0.3819  data: 0.1412  max mem: 10892
Epoch: [58]  [311/312]  eta: 0:00:00  lr: 0.000104  sp_loss: 5.0934 (4.7911)  fam_loss: 3.4519 (3.2889)  manu_loss: 2.4838 (2.4000)  gk_loss: 2.1791 (2.0466)  time: 0.3317  data: 0.1004  max mem: 10892
Epoch: [58] Total time: 0:02:39 (0.5123 s / it)
Averaged stats: lr: 0.000104  sp_loss: 5.0934 (4.7911)  fam_loss: 3.4519 (3.2889)  manu_loss: 2.4838 (2.4000)  gk_loss: 2.1791 (2.0466)
Test:  [  0/391]  eta: 0:36:25  sploss: 3.7214 (3.7214)  famloss: 1.5954 (1.5954)  manuloss: 1.0237 (1.0237)  acc1: 33.5938 (33.5938)  acc5: 55.8594 (55.8594)  family_acc1: 68.3594 (68.3594)  manu_acc1: 77.3438 (77.3438)  time: 5.5891  data: 5.3167  max mem: 10892
Test:  [250/391]  eta: 0:01:15  sploss: 3.7553 (3.8840)  famloss: 1.8251 (1.8291)  manuloss: 1.1946 (1.2055)  acc1: 35.5469 (33.9003)  acc5: 58.2031 (56.8601)  family_acc1: 59.7656 (61.0698)  manu_acc1: 71.8750 (73.1403)  time: 0.5821  data: 0.3297  max mem: 10892
Test:  [390/391]  eta: 0:00:00  sploss: 3.6607 (3.8250)  famloss: 1.6468 (1.7695)  manuloss: 0.9449 (1.1470)  acc1: 34.7656 (34.3890)  acc5: 59.3750 (57.7430)  family_acc1: 64.4531 (62.1030)  manu_acc1: 79.2969 (74.3820)  time: 0.4265  data: 0.2449  max mem: 10892
Test: Total time: 0:03:22 (0.5178 s / it)
* Acc@1 34.389 Acc@5 57.743 family@1 62.103 manu@1 74.382 sploss 3.825 fmloss 1.769 mfloss 1.147
FPA: 26.920% | TICE: 44.058%   
 wAP: 38.036  |  LCA: 138.317   |   Precision and Recall: 51.949%
Accuracy of the network on the 100000 test images: 34.4%
Max accuracy: 34.39%
Epoch: [59]  [  0/312]  eta: 0:39:48  lr: 0.000100  sp_loss: 4.5961 (4.5961)  fam_loss: 3.1734 (3.1734)  manu_loss: 2.3030 (2.3030)  gk_loss: 1.9575 (1.9575)  time: 7.6545  data: 7.3584  max mem: 10892
Epoch: [59]  [250/312]  eta: 0:00:33  lr: 0.000100  sp_loss: 5.0619 (4.6021)  fam_loss: 3.3959 (3.1838)  manu_loss: 2.4657 (2.3250)  gk_loss: 2.1184 (1.9589)  time: 0.4072  data: 0.1627  max mem: 10892
Epoch: [59]  [311/312]  eta: 0:00:00  lr: 0.000100  sp_loss: 4.0358 (4.5923)  fam_loss: 2.8623 (3.1772)  manu_loss: 2.0920 (2.3208)  gk_loss: 1.7039 (1.9547)  time: 0.3649  data: 0.1354  max mem: 10892
Epoch: [59] Total time: 0:02:43 (0.5236 s / it)
Averaged stats: lr: 0.000100  sp_loss: 4.0358 (4.5923)  fam_loss: 2.8623 (3.1772)  manu_loss: 2.0920 (2.3208)  gk_loss: 1.7039 (1.9547)
Test:  [  0/391]  eta: 0:51:17  sploss: 3.7758 (3.7758)  famloss: 1.6901 (1.6901)  manuloss: 1.0847 (1.0847)  acc1: 32.4219 (32.4219)  acc5: 57.4219 (57.4219)  family_acc1: 62.5000 (62.5000)  manu_acc1: 77.7344 (77.7344)  time: 7.8705  data: 7.5797  max mem: 10892
Test:  [250/391]  eta: 0:01:17  sploss: 3.8731 (3.9991)  famloss: 1.8719 (1.9156)  manuloss: 1.2608 (1.2719)  acc1: 34.3750 (33.3977)  acc5: 56.2500 (56.1628)  family_acc1: 59.7656 (60.4815)  manu_acc1: 70.7031 (72.4337)  time: 0.4385  data: 0.1768  max mem: 10892
Test:  [390/391]  eta: 0:00:00  sploss: 3.7905 (3.9432)  famloss: 1.7573 (1.8560)  manuloss: 1.0278 (1.2128)  acc1: 34.3750 (33.7990)  acc5: 59.7656 (57.0710)  family_acc1: 64.0625 (61.6150)  manu_acc1: 78.1250 (73.8920)  time: 0.4267  data: 0.2475  max mem: 10892
Test: Total time: 0:03:29 (0.5347 s / it)
* Acc@1 33.799 Acc@5 57.071 family@1 61.615 manu@1 73.892 sploss 3.943 fmloss 1.856 mfloss 1.213
FPA: 26.317% | TICE: 45.008%   
 wAP: 37.458  |  LCA: 140.282   |   Precision and Recall: 51.313%
Accuracy of the network on the 100000 test images: 33.8%
Max accuracy: 34.39%
Epoch: [60]  [  0/312]  eta: 0:39:29  lr: 0.000097  sp_loss: 4.5663 (4.5663)  fam_loss: 3.0268 (3.0268)  manu_loss: 2.2971 (2.2971)  gk_loss: 1.8501 (1.8501)  time: 7.5940  data: 7.3138  max mem: 10892
Epoch: [60]  [250/312]  eta: 0:00:33  lr: 0.000097  sp_loss: 4.5892 (4.6217)  fam_loss: 3.1570 (3.1919)  manu_loss: 2.3374 (2.3280)  gk_loss: 1.9496 (1.9542)  time: 0.4158  data: 0.1874  max mem: 10892
Epoch: [60]  [311/312]  eta: 0:00:00  lr: 0.000097  sp_loss: 5.0259 (4.6306)  fam_loss: 3.4744 (3.1929)  manu_loss: 2.5221 (2.3272)  gk_loss: 2.1495 (1.9591)  time: 0.3675  data: 0.1433  max mem: 10892
Epoch: [60] Total time: 0:02:48 (0.5388 s / it)
Averaged stats: lr: 0.000097  sp_loss: 5.0259 (4.6306)  fam_loss: 3.4744 (3.1929)  manu_loss: 2.5221 (2.3272)  gk_loss: 2.1495 (1.9591)
Test:  [  0/391]  eta: 0:44:36  sploss: 3.6182 (3.6182)  famloss: 1.5452 (1.5452)  manuloss: 0.9988 (0.9988)  acc1: 34.3750 (34.3750)  acc5: 57.8125 (57.8125)  family_acc1: 66.4062 (66.4062)  manu_acc1: 76.1719 (76.1719)  time: 6.8454  data: 6.5686  max mem: 10892
Test:  [250/391]  eta: 0:01:18  sploss: 3.6674 (3.8156)  famloss: 1.7607 (1.7881)  manuloss: 1.1917 (1.1911)  acc1: 35.9375 (34.2443)  acc5: 58.2031 (57.1433)  family_acc1: 60.1562 (61.1974)  manu_acc1: 72.2656 (72.9457)  time: 0.4343  data: 0.1855  max mem: 10892
Test:  [390/391]  eta: 0:00:00  sploss: 3.5769 (3.7543)  famloss: 1.6097 (1.7259)  manuloss: 0.9380 (1.1285)  acc1: 35.5469 (34.6520)  acc5: 59.7656 (58.0830)  family_acc1: 64.4531 (62.3550)  manu_acc1: 79.3750 (74.3400)  time: 0.4402  data: 0.2489  max mem: 10892
Test: Total time: 0:03:32 (0.5430 s / it)
* Acc@1 34.652 Acc@5 58.083 family@1 62.355 manu@1 74.340 sploss 3.754 fmloss 1.726 mfloss 1.128
FPA: 27.047% | TICE: 44.261%   
 wAP: 38.290  |  LCA: 137.587   |   Precision and Recall: 52.196%
Accuracy of the network on the 100000 test images: 34.7%
Max accuracy: 34.65%
Epoch: [61]  [  0/312]  eta: 0:40:12  lr: 0.000093  sp_loss: 5.4363 (5.4363)  fam_loss: 3.7800 (3.7800)  manu_loss: 2.6144 (2.6144)  gk_loss: 2.3222 (2.3222)  time: 7.7319  data: 7.4279  max mem: 10892
Epoch: [61]  [250/312]  eta: 0:00:33  lr: 0.000093  sp_loss: 3.9496 (4.6411)  fam_loss: 2.7342 (3.2000)  manu_loss: 2.0551 (2.3355)  gk_loss: 1.6101 (1.9653)  time: 0.4202  data: 0.1689  max mem: 10892
Epoch: [61]  [311/312]  eta: 0:00:00  lr: 0.000093  sp_loss: 4.9388 (4.6392)  fam_loss: 3.3879 (3.1948)  manu_loss: 2.4800 (2.3339)  gk_loss: 2.1333 (1.9612)  time: 0.3593  data: 0.1299  max mem: 10892
Epoch: [61] Total time: 0:02:46 (0.5323 s / it)
Averaged stats: lr: 0.000093  sp_loss: 4.9388 (4.6392)  fam_loss: 3.3879 (3.1948)  manu_loss: 2.4800 (2.3339)  gk_loss: 2.1333 (1.9612)
Test:  [  0/391]  eta: 0:53:05  sploss: 3.8382 (3.8382)  famloss: 1.6916 (1.6916)  manuloss: 1.0964 (1.0964)  acc1: 33.5938 (33.5938)  acc5: 57.8125 (57.8125)  family_acc1: 64.4531 (64.4531)  manu_acc1: 77.3438 (77.3438)  time: 8.1475  data: 7.6633  max mem: 10892
Test:  [250/391]  eta: 0:01:20  sploss: 3.8516 (3.9794)  famloss: 1.8867 (1.9081)  manuloss: 1.2325 (1.2571)  acc1: 35.1562 (33.4428)  acc5: 58.5938 (56.2998)  family_acc1: 60.9375 (60.5095)  manu_acc1: 71.8750 (72.6345)  time: 0.4232  data: 0.1646  max mem: 10892
Test:  [390/391]  eta: 0:00:00  sploss: 3.7630 (3.9204)  famloss: 1.7171 (1.8479)  manuloss: 1.0129 (1.1985)  acc1: 34.3750 (33.9460)  acc5: 58.5938 (57.2530)  family_acc1: 65.2344 (61.6780)  manu_acc1: 78.5156 (73.9160)  time: 0.4463  data: 0.2569  max mem: 10892
Test: Total time: 0:03:37 (0.5571 s / it)
* Acc@1 33.946 Acc@5 57.253 family@1 61.678 manu@1 73.916 sploss 3.920 fmloss 1.848 mfloss 1.199
FPA: 26.466% | TICE: 44.833%   
 wAP: 37.594  |  LCA: 139.883   |   Precision and Recall: 51.413%
Accuracy of the network on the 100000 test images: 33.9%
Max accuracy: 34.65%
Epoch: [62]  [  0/312]  eta: 0:40:24  lr: 0.000089  sp_loss: 5.3343 (5.3343)  fam_loss: 3.4828 (3.4828)  manu_loss: 2.6061 (2.6061)  gk_loss: 2.1915 (2.1915)  time: 7.7697  data: 7.4958  max mem: 10892
Epoch: [62]  [250/312]  eta: 0:00:33  lr: 0.000089  sp_loss: 4.6943 (4.6740)  fam_loss: 3.2669 (3.2131)  manu_loss: 2.3593 (2.3532)  gk_loss: 1.9610 (1.9752)  time: 0.4342  data: 0.1711  max mem: 10892
Epoch: [62]  [311/312]  eta: 0:00:00  lr: 0.000089  sp_loss: 4.1910 (4.6584)  fam_loss: 2.9849 (3.2015)  manu_loss: 2.1789 (2.3447)  gk_loss: 1.7642 (1.9692)  time: 0.3763  data: 0.1444  max mem: 10892
Epoch: [62] Total time: 0:02:45 (0.5301 s / it)
Averaged stats: lr: 0.000089  sp_loss: 4.1910 (4.6584)  fam_loss: 2.9849 (3.2015)  manu_loss: 2.1789 (2.3447)  gk_loss: 1.7642 (1.9692)
Test:  [  0/391]  eta: 0:37:37  sploss: 3.7582 (3.7582)  famloss: 1.6197 (1.6197)  manuloss: 1.0629 (1.0629)  acc1: 33.2031 (33.2031)  acc5: 57.8125 (57.8125)  family_acc1: 67.1875 (67.1875)  manu_acc1: 76.5625 (76.5625)  time: 5.7743  data: 5.4325  max mem: 10892
Test:  [250/391]  eta: 0:01:17  sploss: 3.7754 (3.9152)  famloss: 1.8535 (1.8617)  manuloss: 1.2281 (1.2367)  acc1: 35.1562 (34.1322)  acc5: 59.3750 (56.8601)  family_acc1: 60.9375 (61.1912)  manu_acc1: 72.6562 (72.8446)  time: 0.4410  data: 0.1784  max mem: 10892
Test:  [390/391]  eta: 0:00:00  sploss: 3.7241 (3.8558)  famloss: 1.7149 (1.7997)  manuloss: 1.0165 (1.1758)  acc1: 34.7656 (34.5870)  acc5: 59.3750 (57.6990)  family_acc1: 64.0625 (62.2940)  manu_acc1: 79.2969 (74.2500)  time: 0.4737  data: 0.2895  max mem: 10892
Test: Total time: 0:03:31 (0.5404 s / it)
* Acc@1 34.587 Acc@5 57.699 family@1 62.294 manu@1 74.250 sploss 3.856 fmloss 1.800 mfloss 1.176
FPA: 27.058% | TICE: 44.184%   
 wAP: 38.225  |  LCA: 138.004   |   Precision and Recall: 52.059%
Accuracy of the network on the 100000 test images: 34.6%
Max accuracy: 34.65%
Epoch: [63]  [  0/312]  eta: 0:35:52  lr: 0.000086  sp_loss: 3.5668 (3.5668)  fam_loss: 2.6251 (2.6251)  manu_loss: 1.9201 (1.9201)  gk_loss: 1.5038 (1.5038)  time: 6.8977  data: 6.6211  max mem: 10892
Epoch: [63]  [250/312]  eta: 0:00:31  lr: 0.000086  sp_loss: 4.5797 (4.5589)  fam_loss: 3.1117 (3.1488)  manu_loss: 2.3564 (2.2958)  gk_loss: 1.9342 (1.9139)  time: 0.5072  data: 0.2571  max mem: 10892
Epoch: [63]  [311/312]  eta: 0:00:00  lr: 0.000086  sp_loss: 4.8997 (4.5862)  fam_loss: 3.3852 (3.1642)  manu_loss: 2.4290 (2.3069)  gk_loss: 2.0890 (1.9281)  time: 0.4060  data: 0.1681  max mem: 10892
Epoch: [63] Total time: 0:02:34 (0.4957 s / it)
Averaged stats: lr: 0.000086  sp_loss: 4.8997 (4.5862)  fam_loss: 3.3852 (3.1642)  manu_loss: 2.4290 (2.3069)  gk_loss: 2.0890 (1.9281)
Test:  [  0/391]  eta: 0:49:17  sploss: 3.8709 (3.8709)  famloss: 1.6927 (1.6927)  manuloss: 1.0894 (1.0894)  acc1: 32.8125 (32.8125)  acc5: 55.4688 (55.4688)  family_acc1: 66.4062 (66.4062)  manu_acc1: 77.7344 (77.7344)  time: 7.5629  data: 7.2093  max mem: 10892
Test:  [250/391]  eta: 0:01:17  sploss: 3.8292 (3.9872)  famloss: 1.8984 (1.9072)  manuloss: 1.2681 (1.2601)  acc1: 35.5469 (33.8957)  acc5: 58.5938 (56.5644)  family_acc1: 60.9375 (61.1492)  manu_acc1: 71.8750 (72.8492)  time: 0.4243  data: 0.1737  max mem: 10892
Test:  [390/391]  eta: 0:00:00  sploss: 3.8093 (3.9311)  famloss: 1.7383 (1.8472)  manuloss: 1.0158 (1.2004)  acc1: 34.3750 (34.3680)  acc5: 58.9844 (57.4010)  family_acc1: 64.8438 (62.1800)  manu_acc1: 80.0781 (74.2700)  time: 0.5031  data: 0.2957  max mem: 10892
Test: Total time: 0:03:32 (0.5422 s / it)
* Acc@1 34.368 Acc@5 57.401 family@1 62.180 manu@1 74.270 sploss 3.931 fmloss 1.847 mfloss 1.200
FPA: 27.064% | TICE: 44.350%   
 wAP: 38.022  |  LCA: 138.928   |   Precision and Recall: 51.755%
Accuracy of the network on the 100000 test images: 34.4%
Max accuracy: 34.65%
Epoch: [64]  [  0/312]  eta: 0:38:18  lr: 0.000082  sp_loss: 4.3510 (4.3510)  fam_loss: 3.0882 (3.0882)  manu_loss: 2.2754 (2.2754)  gk_loss: 1.8087 (1.8087)  time: 7.3667  data: 7.0583  max mem: 10892
Epoch: [64]  [250/312]  eta: 0:00:33  lr: 0.000082  sp_loss: 4.6137 (4.5554)  fam_loss: 3.2699 (3.1498)  manu_loss: 2.2883 (2.2969)  gk_loss: 1.9232 (1.9104)  time: 0.4089  data: 0.1628  max mem: 10892
Epoch: [64]  [311/312]  eta: 0:00:00  lr: 0.000082  sp_loss: 4.7536 (4.5511)  fam_loss: 3.3010 (3.1467)  manu_loss: 2.3348 (2.2964)  gk_loss: 1.9184 (1.9095)  time: 0.3643  data: 0.1359  max mem: 10892
Epoch: [64] Total time: 0:02:44 (0.5268 s / it)
Averaged stats: lr: 0.000082  sp_loss: 4.7536 (4.5511)  fam_loss: 3.3010 (3.1467)  manu_loss: 2.3348 (2.2964)  gk_loss: 1.9184 (1.9095)
Test:  [  0/391]  eta: 0:51:25  sploss: 3.8543 (3.8543)  famloss: 1.6806 (1.6806)  manuloss: 1.1054 (1.1054)  acc1: 33.9844 (33.9844)  acc5: 57.4219 (57.4219)  family_acc1: 68.7500 (68.7500)  manu_acc1: 77.7344 (77.7344)  time: 7.8901  data: 7.5528  max mem: 10892
Test:  [250/391]  eta: 0:01:18  sploss: 3.8515 (3.9590)  famloss: 1.8517 (1.8972)  manuloss: 1.2492 (1.2553)  acc1: 35.9375 (34.3517)  acc5: 58.5938 (57.1262)  family_acc1: 60.5469 (61.2192)  manu_acc1: 71.4844 (72.6998)  time: 0.4206  data: 0.1865  max mem: 10892
Test:  [390/391]  eta: 0:00:00  sploss: 3.7597 (3.9031)  famloss: 1.7141 (1.8363)  manuloss: 1.0057 (1.1957)  acc1: 34.7656 (34.7840)  acc5: 60.1562 (57.9320)  family_acc1: 66.0156 (62.3130)  manu_acc1: 78.5156 (74.1180)  time: 0.4537  data: 0.2722  max mem: 10892
Test: Total time: 0:03:32 (0.5434 s / it)
* Acc@1 34.784 Acc@5 57.932 family@1 62.313 manu@1 74.118 sploss 3.903 fmloss 1.836 mfloss 1.196
FPA: 27.106% | TICE: 44.297%   
 wAP: 38.397  |  LCA: 137.366   |   Precision and Recall: 52.230%
Accuracy of the network on the 100000 test images: 34.8%
Max accuracy: 34.78%
Epoch: [65]  [  0/312]  eta: 0:41:16  lr: 0.000079  sp_loss: 5.3915 (5.3915)  fam_loss: 3.6893 (3.6893)  manu_loss: 2.6798 (2.6798)  gk_loss: 2.3522 (2.3522)  time: 7.9366  data: 7.6101  max mem: 10892
Epoch: [65]  [250/312]  eta: 0:00:33  lr: 0.000079  sp_loss: 5.0770 (4.5774)  fam_loss: 3.4876 (3.1560)  manu_loss: 2.5212 (2.2969)  gk_loss: 2.1504 (1.9120)  time: 0.4147  data: 0.1687  max mem: 10892
Epoch: [65]  [311/312]  eta: 0:00:00  lr: 0.000079  sp_loss: 4.9566 (4.6159)  fam_loss: 3.4251 (3.1768)  manu_loss: 2.4745 (2.3123)  gk_loss: 2.0979 (1.9299)  time: 0.3394  data: 0.1115  max mem: 10892
Epoch: [65] Total time: 0:02:42 (0.5195 s / it)
Averaged stats: lr: 0.000079  sp_loss: 4.9566 (4.6159)  fam_loss: 3.4251 (3.1768)  manu_loss: 2.4745 (2.3123)  gk_loss: 2.0979 (1.9299)
Test:  [  0/391]  eta: 0:49:55  sploss: 3.9122 (3.9122)  famloss: 1.7156 (1.7156)  manuloss: 1.0972 (1.0972)  acc1: 30.4688 (30.4688)  acc5: 55.0781 (55.0781)  family_acc1: 67.5781 (67.5781)  manu_acc1: 79.2969 (79.2969)  time: 7.6614  data: 7.4159  max mem: 10892
Test:  [250/391]  eta: 0:01:16  sploss: 3.9024 (4.0220)  famloss: 1.8955 (1.9226)  manuloss: 1.2770 (1.2823)  acc1: 34.7656 (33.7836)  acc5: 56.6406 (56.5115)  family_acc1: 60.5469 (60.9608)  manu_acc1: 71.4844 (72.9426)  time: 0.3979  data: 0.1386  max mem: 10892
Test:  [390/391]  eta: 0:00:00  sploss: 3.7956 (3.9638)  famloss: 1.7310 (1.8606)  manuloss: 0.9977 (1.2223)  acc1: 34.3750 (34.1500)  acc5: 58.5938 (57.3710)  family_acc1: 64.4531 (62.0270)  manu_acc1: 79.6875 (74.3750)  time: 0.4275  data: 0.2228  max mem: 10892
Test: Total time: 0:03:28 (0.5339 s / it)
* Acc@1 34.150 Acc@5 57.371 family@1 62.027 manu@1 74.375 sploss 3.964 fmloss 1.861 mfloss 1.222
FPA: 26.789% | TICE: 44.312%   
 wAP: 37.818  |  LCA: 139.057   |   Precision and Recall: 51.668%
Accuracy of the network on the 100000 test images: 34.1%
Max accuracy: 34.78%
Epoch: [66]  [  0/312]  eta: 0:36:09  lr: 0.000076  sp_loss: 5.1316 (5.1316)  fam_loss: 3.4300 (3.4300)  manu_loss: 2.4544 (2.4544)  gk_loss: 2.0554 (2.0554)  time: 6.9550  data: 6.6380  max mem: 10892
Epoch: [66]  [250/312]  eta: 0:00:33  lr: 0.000076  sp_loss: 5.1370 (4.6342)  fam_loss: 3.5285 (3.1865)  manu_loss: 2.5439 (2.3217)  gk_loss: 2.1802 (1.9337)  time: 0.3973  data: 0.1532  max mem: 10892
Epoch: [66]  [311/312]  eta: 0:00:00  lr: 0.000076  sp_loss: 4.6505 (4.6053)  fam_loss: 3.3295 (3.1695)  manu_loss: 2.4043 (2.3100)  gk_loss: 1.9509 (1.9221)  time: 0.3575  data: 0.1255  max mem: 10892
Epoch: [66] Total time: 0:02:46 (0.5321 s / it)
Averaged stats: lr: 0.000076  sp_loss: 4.6505 (4.6053)  fam_loss: 3.3295 (3.1695)  manu_loss: 2.4043 (2.3100)  gk_loss: 1.9509 (1.9221)
Test:  [  0/391]  eta: 0:50:06  sploss: 3.8274 (3.8274)  famloss: 1.6468 (1.6468)  manuloss: 1.0475 (1.0475)  acc1: 32.0312 (32.0312)  acc5: 55.4688 (55.4688)  family_acc1: 68.3594 (68.3594)  manu_acc1: 78.5156 (78.5156)  time: 7.6885  data: 7.4342  max mem: 10892
Test:  [250/391]  eta: 0:01:16  sploss: 3.8777 (3.9755)  famloss: 1.8844 (1.8906)  manuloss: 1.2570 (1.2504)  acc1: 35.9375 (34.1089)  acc5: 56.6406 (56.6204)  family_acc1: 60.1562 (61.3701)  manu_acc1: 72.2656 (73.1091)  time: 0.4745  data: 0.2237  max mem: 10892
Test:  [390/391]  eta: 0:00:00  sploss: 3.7405 (3.9163)  famloss: 1.6912 (1.8281)  manuloss: 1.0122 (1.1901)  acc1: 34.7656 (34.4740)  acc5: 59.7656 (57.5940)  family_acc1: 65.6250 (62.4570)  manu_acc1: 79.6875 (74.5550)  time: 0.4541  data: 0.2721  max mem: 10892
Test: Total time: 0:03:30 (0.5382 s / it)
* Acc@1 34.474 Acc@5 57.594 family@1 62.457 manu@1 74.555 sploss 3.916 fmloss 1.828 mfloss 1.190
FPA: 27.171% | TICE: 44.083%   
 wAP: 38.149  |  LCA: 138.327   |   Precision and Recall: 51.939%
Accuracy of the network on the 100000 test images: 34.5%
Max accuracy: 34.78%
Epoch: [67]  [  0/312]  eta: 0:40:40  lr: 0.000072  sp_loss: 3.9491 (3.9491)  fam_loss: 2.7998 (2.7998)  manu_loss: 2.0755 (2.0755)  gk_loss: 1.6289 (1.6289)  time: 7.8237  data: 7.5366  max mem: 10892
Epoch: [67]  [250/312]  eta: 0:00:32  lr: 0.000072  sp_loss: 5.0483 (4.4399)  fam_loss: 3.3941 (3.0664)  manu_loss: 2.5631 (2.2408)  gk_loss: 2.0992 (1.8448)  time: 0.4091  data: 0.1515  max mem: 10892
Epoch: [67]  [311/312]  eta: 0:00:00  lr: 0.000072  sp_loss: 5.1794 (4.4781)  fam_loss: 3.4348 (3.0917)  manu_loss: 2.4614 (2.2555)  gk_loss: 2.1093 (1.8617)  time: 0.3377  data: 0.1072  max mem: 10892
Epoch: [67] Total time: 0:02:37 (0.5050 s / it)
Averaged stats: lr: 0.000072  sp_loss: 5.1794 (4.4781)  fam_loss: 3.4348 (3.0917)  manu_loss: 2.4614 (2.2555)  gk_loss: 2.1093 (1.8617)
Test:  [  0/391]  eta: 0:51:07  sploss: 3.9272 (3.9272)  famloss: 1.7911 (1.7911)  manuloss: 1.1808 (1.1808)  acc1: 33.5938 (33.5938)  acc5: 56.6406 (56.6406)  family_acc1: 67.1875 (67.1875)  manu_acc1: 77.7344 (77.7344)  time: 7.8464  data: 7.5296  max mem: 10892
Test:  [250/391]  eta: 0:01:17  sploss: 3.9375 (4.0281)  famloss: 1.9160 (1.9555)  manuloss: 1.3031 (1.3086)  acc1: 35.1562 (33.9735)  acc5: 57.0312 (56.6795)  family_acc1: 59.7656 (61.0496)  manu_acc1: 71.8750 (73.0749)  time: 0.4949  data: 0.2364  max mem: 10892
Test:  [390/391]  eta: 0:00:00  sploss: 3.8249 (3.9719)  famloss: 1.7588 (1.8965)  manuloss: 1.0367 (1.2491)  acc1: 35.1562 (34.2900)  acc5: 58.9844 (57.4730)  family_acc1: 64.0625 (62.1030)  manu_acc1: 78.9062 (74.4570)  time: 0.4648  data: 0.2935  max mem: 10892
Test: Total time: 0:03:30 (0.5396 s / it)
* Acc@1 34.290 Acc@5 57.473 family@1 62.103 manu@1 74.457 sploss 3.972 fmloss 1.896 mfloss 1.249
FPA: 26.796% | TICE: 44.560%   
 wAP: 37.951  |  LCA: 138.635   |   Precision and Recall: 51.789%
Accuracy of the network on the 100000 test images: 34.3%
Max accuracy: 34.78%
Epoch: [68]  [  0/312]  eta: 0:28:28  lr: 0.000069  sp_loss: 4.8775 (4.8775)  fam_loss: 3.2201 (3.2201)  manu_loss: 2.4230 (2.4230)  gk_loss: 1.9988 (1.9988)  time: 5.4749  data: 5.1596  max mem: 10892
Epoch: [68]  [250/312]  eta: 0:00:32  lr: 0.000069  sp_loss: 4.5757 (4.4411)  fam_loss: 3.2511 (3.0742)  manu_loss: 2.3127 (2.2418)  gk_loss: 1.9597 (1.8384)  time: 0.5775  data: 0.3292  max mem: 10892
Epoch: [68]  [311/312]  eta: 0:00:00  lr: 0.000069  sp_loss: 4.9087 (4.4450)  fam_loss: 3.3726 (3.0795)  manu_loss: 2.4172 (2.2439)  gk_loss: 2.0210 (1.8432)  time: 0.3750  data: 0.1360  max mem: 10892
Epoch: [68] Total time: 0:02:43 (0.5225 s / it)
Averaged stats: lr: 0.000069  sp_loss: 4.9087 (4.4450)  fam_loss: 3.3726 (3.0795)  manu_loss: 2.4172 (2.2439)  gk_loss: 2.0210 (1.8432)
Test:  [  0/391]  eta: 0:38:31  sploss: 3.9423 (3.9423)  famloss: 1.7584 (1.7584)  manuloss: 1.1396 (1.1396)  acc1: 32.8125 (32.8125)  acc5: 57.4219 (57.4219)  family_acc1: 67.5781 (67.5781)  manu_acc1: 76.9531 (76.9531)  time: 5.9112  data: 5.6290  max mem: 10892
Test:  [250/391]  eta: 0:01:19  sploss: 3.9176 (4.0386)  famloss: 1.9014 (1.9443)  manuloss: 1.2850 (1.2822)  acc1: 35.1562 (34.1213)  acc5: 57.8125 (56.7293)  family_acc1: 60.1562 (61.3281)  manu_acc1: 71.8750 (72.9130)  time: 0.4036  data: 0.2180  max mem: 10892
Test:  [390/391]  eta: 0:00:00  sploss: 3.8525 (3.9825)  famloss: 1.7703 (1.8816)  manuloss: 1.0171 (1.2205)  acc1: 34.7656 (34.4820)  acc5: 58.9844 (57.5920)  family_acc1: 65.6250 (62.4450)  manu_acc1: 78.9062 (74.3660)  time: 0.5255  data: 0.3540  max mem: 10892
Test: Total time: 0:03:36 (0.5532 s / it)
* Acc@1 34.482 Acc@5 57.592 family@1 62.445 manu@1 74.366 sploss 3.982 fmloss 1.882 mfloss 1.220
FPA: 27.034% | TICE: 44.583%   
 wAP: 38.150  |  LCA: 138.387   |   Precision and Recall: 51.904%
Accuracy of the network on the 100000 test images: 34.5%
Max accuracy: 34.78%
Epoch: [69]  [  0/312]  eta: 0:31:10  lr: 0.000066  sp_loss: 3.1651 (3.1651)  fam_loss: 2.2759 (2.2759)  manu_loss: 1.7384 (1.7384)  gk_loss: 1.2182 (1.2182)  time: 5.9946  data: 5.6918  max mem: 10892
Epoch: [69]  [250/312]  eta: 0:00:26  lr: 0.000066  sp_loss: 5.0866 (4.4560)  fam_loss: 3.4799 (3.0781)  manu_loss: 2.5051 (2.2470)  gk_loss: 2.1794 (1.8446)  time: 0.3990  data: 0.1720  max mem: 10892
Epoch: [69]  [311/312]  eta: 0:00:00  lr: 0.000066  sp_loss: 4.4943 (4.4830)  fam_loss: 3.0202 (3.0919)  manu_loss: 2.2655 (2.2565)  gk_loss: 1.7757 (1.8563)  time: 0.3479  data: 0.1246  max mem: 10892
Epoch: [69] Total time: 0:02:16 (0.4371 s / it)
Averaged stats: lr: 0.000066  sp_loss: 4.4943 (4.4830)  fam_loss: 3.0202 (3.0919)  manu_loss: 2.2655 (2.2565)  gk_loss: 1.7757 (1.8563)
Test:  [  0/391]  eta: 0:37:24  sploss: 3.8352 (3.8352)  famloss: 1.6730 (1.6730)  manuloss: 1.0611 (1.0611)  acc1: 32.8125 (32.8125)  acc5: 57.4219 (57.4219)  family_acc1: 67.9688 (67.9688)  manu_acc1: 76.1719 (76.1719)  time: 5.7392  data: 5.4742  max mem: 10892
Test:  [250/391]  eta: 0:01:16  sploss: 3.8572 (3.9798)  famloss: 1.8580 (1.9007)  manuloss: 1.2383 (1.2546)  acc1: 35.9375 (34.3423)  acc5: 58.5938 (56.9176)  family_acc1: 60.9375 (61.5367)  manu_acc1: 72.6562 (73.1278)  time: 0.4247  data: 0.2409  max mem: 10892
Test:  [390/391]  eta: 0:00:00  sploss: 3.7666 (3.9210)  famloss: 1.7374 (1.8421)  manuloss: 0.9893 (1.1960)  acc1: 35.1562 (34.7640)  acc5: 60.1562 (57.8260)  family_acc1: 64.4531 (62.5170)  manu_acc1: 80.6250 (74.4730)  time: 0.4680  data: 0.2998  max mem: 10892
Test: Total time: 0:03:31 (0.5403 s / it)
* Acc@1 34.764 Acc@5 57.826 family@1 62.517 manu@1 74.473 sploss 3.921 fmloss 1.842 mfloss 1.196
FPA: 27.411% | TICE: 43.924%   
 wAP: 38.408  |  LCA: 137.547   |   Precision and Recall: 52.142%
Accuracy of the network on the 100000 test images: 34.8%
Max accuracy: 34.78%
Epoch: [70]  [  0/312]  eta: 0:37:43  lr: 0.000063  sp_loss: 5.1633 (5.1633)  fam_loss: 3.4748 (3.4748)  manu_loss: 2.6711 (2.6711)  gk_loss: 2.2060 (2.2060)  time: 7.2542  data: 6.9862  max mem: 10892
Epoch: [70]  [250/312]  eta: 0:00:33  lr: 0.000063  sp_loss: 4.0607 (4.5082)  fam_loss: 2.9419 (3.1096)  manu_loss: 2.1626 (2.2723)  gk_loss: 1.6933 (1.8676)  time: 0.3992  data: 0.1743  max mem: 10892
Epoch: [70]  [311/312]  eta: 0:00:00  lr: 0.000063  sp_loss: 4.6073 (4.4903)  fam_loss: 3.1192 (3.1002)  manu_loss: 2.2857 (2.2667)  gk_loss: 1.8948 (1.8616)  time: 0.3944  data: 0.1707  max mem: 10892
Epoch: [70] Total time: 0:02:47 (0.5375 s / it)
Averaged stats: lr: 0.000063  sp_loss: 4.6073 (4.4903)  fam_loss: 3.1192 (3.1002)  manu_loss: 2.2857 (2.2667)  gk_loss: 1.8948 (1.8616)
Test:  [  0/391]  eta: 0:42:14  sploss: 3.8857 (3.8857)  famloss: 1.7688 (1.7688)  manuloss: 1.1654 (1.1654)  acc1: 33.5938 (33.5938)  acc5: 56.6406 (56.6406)  family_acc1: 67.5781 (67.5781)  manu_acc1: 77.3438 (77.3438)  time: 6.4816  data: 6.1858  max mem: 10892
Test:  [250/391]  eta: 0:01:15  sploss: 3.9396 (4.0562)  famloss: 1.9534 (1.9861)  manuloss: 1.3196 (1.3223)  acc1: 34.7656 (33.8536)  acc5: 58.2031 (56.4850)  family_acc1: 60.5469 (60.9266)  manu_acc1: 71.8750 (72.6609)  time: 0.3992  data: 0.2142  max mem: 10892
Test:  [390/391]  eta: 0:00:00  sploss: 3.8360 (3.9991)  famloss: 1.8132 (1.9257)  manuloss: 1.0622 (1.2619)  acc1: 35.5469 (34.3370)  acc5: 59.7656 (57.3340)  family_acc1: 65.2344 (62.0160)  manu_acc1: 79.2969 (74.0990)  time: 0.4938  data: 0.3223  max mem: 10892
Test: Total time: 0:03:30 (0.5387 s / it)
* Acc@1 34.337 Acc@5 57.334 family@1 62.016 manu@1 74.099 sploss 3.999 fmloss 1.926 mfloss 1.262
FPA: 26.794% | TICE: 44.576%   
 wAP: 37.975  |  LCA: 138.919   |   Precision and Recall: 51.727%
Accuracy of the network on the 100000 test images: 34.3%
Max accuracy: 34.78%
Epoch: [71]  [  0/312]  eta: 0:31:54  lr: 0.000059  sp_loss: 3.1101 (3.1101)  fam_loss: 2.2838 (2.2838)  manu_loss: 1.5670 (1.5670)  gk_loss: 1.1927 (1.1927)  time: 6.1363  data: 5.8491  max mem: 10892
Epoch: [71]  [250/312]  eta: 0:00:25  lr: 0.000059  sp_loss: 5.0348 (4.5762)  fam_loss: 3.4276 (3.1532)  manu_loss: 2.3557 (2.3091)  gk_loss: 2.0811 (1.9024)  time: 0.3143  data: 0.0797  max mem: 10892
Epoch: [71]  [311/312]  eta: 0:00:00  lr: 0.000059  sp_loss: 5.0219 (4.6052)  fam_loss: 3.4227 (3.1706)  manu_loss: 2.4647 (2.3173)  gk_loss: 2.0496 (1.9133)  time: 0.3555  data: 0.1294  max mem: 10892
Epoch: [71] Total time: 0:02:06 (0.4056 s / it)
Averaged stats: lr: 0.000059  sp_loss: 5.0219 (4.6052)  fam_loss: 3.4227 (3.1706)  manu_loss: 2.4647 (2.3173)  gk_loss: 2.0496 (1.9133)
Test:  [  0/391]  eta: 0:40:00  sploss: 3.8569 (3.8569)  famloss: 1.6671 (1.6671)  manuloss: 1.0972 (1.0972)  acc1: 33.5938 (33.5938)  acc5: 58.5938 (58.5938)  family_acc1: 69.1406 (69.1406)  manu_acc1: 76.1719 (76.1719)  time: 6.1387  data: 5.9111  max mem: 10892
Test:  [250/391]  eta: 0:01:10  sploss: 3.8869 (3.9931)  famloss: 1.8386 (1.9076)  manuloss: 1.2549 (1.2647)  acc1: 35.9375 (34.3734)  acc5: 58.5938 (57.0530)  family_acc1: 61.3281 (61.6845)  manu_acc1: 72.6562 (73.2679)  time: 0.4119  data: 0.1655  max mem: 10892
Test:  [390/391]  eta: 0:00:00  sploss: 3.7917 (3.9356)  famloss: 1.7384 (1.8475)  manuloss: 1.0244 (1.2060)  acc1: 35.9375 (34.8200)  acc5: 59.7656 (57.9000)  family_acc1: 65.2344 (62.7020)  manu_acc1: 78.9062 (74.6320)  time: 0.4740  data: 0.3031  max mem: 10892
Test: Total time: 0:03:19 (0.5094 s / it)
* Acc@1 34.820 Acc@5 57.900 family@1 62.702 manu@1 74.632 sploss 3.936 fmloss 1.847 mfloss 1.206
FPA: 27.462% | TICE: 44.061%   
 wAP: 38.479  |  LCA: 137.668   |   Precision and Recall: 52.175%
Accuracy of the network on the 100000 test images: 34.8%
Max accuracy: 34.82%
Epoch: [72]  [  0/312]  eta: 0:28:34  lr: 0.000056  sp_loss: 3.3595 (3.3595)  fam_loss: 2.3867 (2.3867)  manu_loss: 1.8087 (1.8087)  gk_loss: 1.3264 (1.3264)  time: 5.4952  data: 5.1735  max mem: 10892
Epoch: [72]  [250/312]  eta: 0:00:33  lr: 0.000056  sp_loss: 4.5045 (4.4186)  fam_loss: 3.0330 (3.0617)  manu_loss: 2.1370 (2.2363)  gk_loss: 1.7585 (1.8217)  time: 0.4056  data: 0.1584  max mem: 10892
Epoch: [72]  [311/312]  eta: 0:00:00  lr: 0.000056  sp_loss: 4.5616 (4.4296)  fam_loss: 3.2722 (3.0707)  manu_loss: 2.2482 (2.2431)  gk_loss: 1.8810 (1.8295)  time: 0.3605  data: 0.1292  max mem: 10892
Epoch: [72] Total time: 0:02:45 (0.5314 s / it)
Averaged stats: lr: 0.000056  sp_loss: 4.5616 (4.4296)  fam_loss: 3.2722 (3.0707)  manu_loss: 2.2482 (2.2431)  gk_loss: 1.8810 (1.8295)
Test:  [  0/391]  eta: 0:53:58  sploss: 3.7774 (3.7774)  famloss: 1.6620 (1.6620)  manuloss: 1.0704 (1.0704)  acc1: 32.4219 (32.4219)  acc5: 58.5938 (58.5938)  family_acc1: 69.1406 (69.1406)  manu_acc1: 80.0781 (80.0781)  time: 8.2830  data: 7.9754  max mem: 10892
Test:  [250/391]  eta: 0:01:19  sploss: 3.8386 (3.9330)  famloss: 1.8269 (1.8688)  manuloss: 1.2519 (1.2402)  acc1: 36.7188 (34.8357)  acc5: 58.2031 (57.4763)  family_acc1: 61.7188 (61.9366)  manu_acc1: 72.2656 (73.3597)  time: 0.4218  data: 0.1750  max mem: 10892
Test:  [390/391]  eta: 0:00:00  sploss: 3.7315 (3.8772)  famloss: 1.7039 (1.8096)  manuloss: 0.9926 (1.1818)  acc1: 35.1562 (35.1860)  acc5: 60.5469 (58.3140)  family_acc1: 64.8438 (63.0160)  manu_acc1: 80.4688 (74.7910)  time: 0.4872  data: 0.2880  max mem: 10892
Test: Total time: 0:03:36 (0.5534 s / it)
* Acc@1 35.186 Acc@5 58.314 family@1 63.016 manu@1 74.791 sploss 3.877 fmloss 1.810 mfloss 1.182
FPA: 27.801% | TICE: 43.517%   
 wAP: 38.835  |  LCA: 136.388   |   Precision and Recall: 52.601%
Accuracy of the network on the 100000 test images: 35.2%
Max accuracy: 35.19%
Epoch: [73]  [  0/312]  eta: 0:38:03  lr: 0.000054  sp_loss: 5.5295 (5.5295)  fam_loss: 3.9043 (3.9043)  manu_loss: 2.6975 (2.6975)  gk_loss: 2.4284 (2.4284)  time: 7.3202  data: 7.0268  max mem: 10892
Epoch: [73]  [250/312]  eta: 0:00:33  lr: 0.000054  sp_loss: 4.7716 (4.4514)  fam_loss: 3.3681 (3.0756)  manu_loss: 2.4785 (2.2487)  gk_loss: 2.0734 (1.8315)  time: 0.4141  data: 0.1554  max mem: 10892
Epoch: [73]  [311/312]  eta: 0:00:00  lr: 0.000054  sp_loss: 4.9372 (4.4328)  fam_loss: 3.3996 (3.0606)  manu_loss: 2.4009 (2.2381)  gk_loss: 2.0054 (1.8236)  time: 0.3619  data: 0.1300  max mem: 10892
Epoch: [73] Total time: 0:02:44 (0.5287 s / it)
Averaged stats: lr: 0.000054  sp_loss: 4.9372 (4.4328)  fam_loss: 3.3996 (3.0606)  manu_loss: 2.4009 (2.2381)  gk_loss: 2.0054 (1.8236)
Test:  [  0/391]  eta: 0:36:21  sploss: 3.8168 (3.8168)  famloss: 1.6796 (1.6796)  manuloss: 1.0845 (1.0845)  acc1: 32.8125 (32.8125)  acc5: 60.1562 (60.1562)  family_acc1: 68.3594 (68.3594)  manu_acc1: 79.6875 (79.6875)  time: 5.5788  data: 5.2990  max mem: 10892
Test:  [250/391]  eta: 0:01:19  sploss: 3.9184 (4.0167)  famloss: 1.8726 (1.9311)  manuloss: 1.2704 (1.2773)  acc1: 36.3281 (34.5431)  acc5: 58.5938 (57.2102)  family_acc1: 62.8906 (61.8573)  manu_acc1: 71.4844 (73.2570)  time: 0.5282  data: 0.2808  max mem: 10892
Test:  [390/391]  eta: 0:00:00  sploss: 3.8246 (3.9605)  famloss: 1.7749 (1.8726)  manuloss: 1.0493 (1.2188)  acc1: 34.7656 (34.9460)  acc5: 59.3750 (57.9930)  family_acc1: 65.6250 (62.8550)  manu_acc1: 79.2969 (74.5760)  time: 0.4802  data: 0.2932  max mem: 10892
Test: Total time: 0:03:34 (0.5474 s / it)
* Acc@1 34.946 Acc@5 57.993 family@1 62.855 manu@1 74.576 sploss 3.961 fmloss 1.873 mfloss 1.219
FPA: 27.593% | TICE: 43.988%   
 wAP: 38.603  |  LCA: 137.303   |   Precision and Recall: 52.280%
Accuracy of the network on the 100000 test images: 34.9%
Max accuracy: 35.19%
Epoch: [74]  [  0/312]  eta: 0:40:56  lr: 0.000051  sp_loss: 4.1189 (4.1189)  fam_loss: 2.8920 (2.8920)  manu_loss: 2.0934 (2.0934)  gk_loss: 1.6341 (1.6341)  time: 7.8747  data: 7.5646  max mem: 10892
Epoch: [74]  [250/312]  eta: 0:00:34  lr: 0.000051  sp_loss: 4.5868 (4.4468)  fam_loss: 3.2191 (3.0772)  manu_loss: 2.3218 (2.2473)  gk_loss: 1.9170 (1.8314)  time: 0.4110  data: 0.1677  max mem: 10892
Epoch: [74]  [311/312]  eta: 0:00:00  lr: 0.000051  sp_loss: 3.6162 (4.4265)  fam_loss: 2.4813 (3.0611)  manu_loss: 1.8003 (2.2341)  gk_loss: 1.3600 (1.8215)  time: 0.3575  data: 0.1253  max mem: 10892
Epoch: [74] Total time: 0:02:48 (0.5395 s / it)
Averaged stats: lr: 0.000051  sp_loss: 3.6162 (4.4265)  fam_loss: 2.4813 (3.0611)  manu_loss: 1.8003 (2.2341)  gk_loss: 1.3600 (1.8215)
Test:  [  0/391]  eta: 0:49:15  sploss: 3.8000 (3.8000)  famloss: 1.6053 (1.6053)  manuloss: 1.0452 (1.0452)  acc1: 33.9844 (33.9844)  acc5: 60.1562 (60.1562)  family_acc1: 68.7500 (68.7500)  manu_acc1: 79.2969 (79.2969)  time: 7.5595  data: 7.2940  max mem: 10892
Test:  [250/391]  eta: 0:01:17  sploss: 3.8226 (3.9514)  famloss: 1.8214 (1.8690)  manuloss: 1.2270 (1.2373)  acc1: 35.9375 (34.9742)  acc5: 60.1562 (57.5962)  family_acc1: 62.1094 (62.1281)  manu_acc1: 72.6562 (73.5231)  time: 0.4239  data: 0.1825  max mem: 10892
Test:  [390/391]  eta: 0:00:00  sploss: 3.7470 (3.8913)  famloss: 1.6913 (1.8066)  manuloss: 0.9904 (1.1761)  acc1: 35.9375 (35.3690)  acc5: 59.7656 (58.5360)  family_acc1: 66.0156 (63.2370)  manu_acc1: 80.0781 (74.9530)  time: 0.4757  data: 0.2828  max mem: 10892
Test: Total time: 0:03:31 (0.5409 s / it)
* Acc@1 35.369 Acc@5 58.536 family@1 63.237 manu@1 74.953 sploss 3.891 fmloss 1.807 mfloss 1.176
FPA: 28.072% | TICE: 43.404%   
 wAP: 39.021  |  LCA: 136.112   |   Precision and Recall: 52.708%
Accuracy of the network on the 100000 test images: 35.4%
Max accuracy: 35.37%
Epoch: [75]  [  0/312]  eta: 0:44:44  lr: 0.000048  sp_loss: 5.0352 (5.0352)  fam_loss: 3.3790 (3.3790)  manu_loss: 2.3269 (2.3269)  gk_loss: 2.0093 (2.0093)  time: 8.6042  data: 8.2420  max mem: 10892
Epoch: [75]  [250/312]  eta: 0:00:33  lr: 0.000048  sp_loss: 4.4349 (4.4529)  fam_loss: 3.0106 (3.0776)  manu_loss: 2.2171 (2.2429)  gk_loss: 1.7861 (1.8248)  time: 0.4467  data: 0.2009  max mem: 10892
Epoch: [75]  [311/312]  eta: 0:00:00  lr: 0.000048  sp_loss: 4.4205 (4.4633)  fam_loss: 3.0825 (3.0795)  manu_loss: 2.2718 (2.2448)  gk_loss: 1.8332 (1.8292)  time: 0.3617  data: 0.1281  max mem: 10892
Epoch: [75] Total time: 0:02:46 (0.5321 s / it)
Averaged stats: lr: 0.000048  sp_loss: 4.4205 (4.4633)  fam_loss: 3.0825 (3.0795)  manu_loss: 2.2718 (2.2448)  gk_loss: 1.8332 (1.8292)
Test:  [  0/391]  eta: 0:53:08  sploss: 3.8578 (3.8578)  famloss: 1.6621 (1.6621)  manuloss: 1.1065 (1.1065)  acc1: 33.9844 (33.9844)  acc5: 58.9844 (58.9844)  family_acc1: 69.1406 (69.1406)  manu_acc1: 78.5156 (78.5156)  time: 8.1537  data: 7.8831  max mem: 10892
Test:  [250/391]  eta: 0:01:19  sploss: 3.9127 (4.0239)  famloss: 1.8620 (1.9166)  manuloss: 1.2644 (1.2631)  acc1: 35.9375 (34.6769)  acc5: 58.5938 (57.3145)  family_acc1: 62.1094 (61.9382)  manu_acc1: 71.8750 (73.4422)  time: 0.4510  data: 0.2634  max mem: 10892
Test:  [390/391]  eta: 0:00:00  sploss: 3.7929 (3.9686)  famloss: 1.7485 (1.8564)  manuloss: 1.0185 (1.2036)  acc1: 35.1562 (35.0800)  acc5: 59.7656 (58.1580)  family_acc1: 65.6250 (63.0860)  manu_acc1: 80.0781 (74.8210)  time: 0.5081  data: 0.3280  max mem: 10892
Test: Total time: 0:03:35 (0.5506 s / it)
* Acc@1 35.080 Acc@5 58.158 family@1 63.086 manu@1 74.821 sploss 3.969 fmloss 1.856 mfloss 1.204
FPA: 27.751% | TICE: 43.826%   
 wAP: 38.749  |  LCA: 136.875   |   Precision and Recall: 52.442%
Accuracy of the network on the 100000 test images: 35.1%
Max accuracy: 35.37%
Epoch: [76]  [  0/312]  eta: 0:32:26  lr: 0.000045  sp_loss: 4.8153 (4.8153)  fam_loss: 3.3529 (3.3529)  manu_loss: 2.2811 (2.2811)  gk_loss: 1.9481 (1.9481)  time: 6.2382  data: 5.9602  max mem: 10892
Epoch: [76]  [250/312]  eta: 0:00:26  lr: 0.000045  sp_loss: 4.9827 (4.4071)  fam_loss: 3.1874 (3.0519)  manu_loss: 2.3671 (2.2248)  gk_loss: 1.9349 (1.8030)  time: 0.4936  data: 0.2467  max mem: 10892
Epoch: [76]  [311/312]  eta: 0:00:00  lr: 0.000045  sp_loss: 4.8562 (4.4259)  fam_loss: 3.3066 (3.0626)  manu_loss: 2.3910 (2.2317)  gk_loss: 2.0031 (1.8120)  time: 0.4420  data: 0.2129  max mem: 10892
Epoch: [76] Total time: 0:02:15 (0.4338 s / it)
Averaged stats: lr: 0.000045  sp_loss: 4.8562 (4.4259)  fam_loss: 3.3066 (3.0626)  manu_loss: 2.3910 (2.2317)  gk_loss: 2.0031 (1.8120)
Test:  [  0/391]  eta: 0:49:46  sploss: 3.8929 (3.8929)  famloss: 1.7023 (1.7023)  manuloss: 1.1167 (1.1167)  acc1: 34.7656 (34.7656)  acc5: 58.9844 (58.9844)  family_acc1: 68.7500 (68.7500)  manu_acc1: 76.9531 (76.9531)  time: 7.6388  data: 7.3550  max mem: 10892
Test:  [250/391]  eta: 0:01:17  sploss: 3.9183 (4.0543)  famloss: 1.9019 (1.9417)  manuloss: 1.2562 (1.2732)  acc1: 36.3281 (34.5353)  acc5: 58.9844 (57.0826)  family_acc1: 61.3281 (61.7701)  manu_acc1: 72.6562 (73.4655)  time: 0.4228  data: 0.1755  max mem: 10892
Test:  [390/391]  eta: 0:00:00  sploss: 3.8457 (3.9985)  famloss: 1.7618 (1.8828)  manuloss: 1.0462 (1.2160)  acc1: 35.1562 (34.9150)  acc5: 60.1562 (57.9050)  family_acc1: 65.6250 (62.8130)  manu_acc1: 80.0000 (74.7190)  time: 0.3858  data: 0.2105  max mem: 10892
Test: Total time: 0:03:27 (0.5313 s / it)
* Acc@1 34.915 Acc@5 57.905 family@1 62.813 manu@1 74.719 sploss 3.999 fmloss 1.883 mfloss 1.216
FPA: 27.542% | TICE: 44.055%   
 wAP: 38.575  |  LCA: 137.509   |   Precision and Recall: 52.224%
Accuracy of the network on the 100000 test images: 34.9%
Max accuracy: 35.37%
Epoch: [77]  [  0/312]  eta: 0:40:36  lr: 0.000043  sp_loss: 5.0908 (5.0908)  fam_loss: 3.5473 (3.5473)  manu_loss: 2.6127 (2.6127)  gk_loss: 2.1584 (2.1584)  time: 7.8091  data: 7.5221  max mem: 10892
Epoch: [77]  [250/312]  eta: 0:00:32  lr: 0.000043  sp_loss: 4.6129 (4.4385)  fam_loss: 3.1366 (3.0659)  manu_loss: 2.3336 (2.2347)  gk_loss: 1.8821 (1.8139)  time: 0.4104  data: 0.1671  max mem: 10892
Epoch: [77]  [311/312]  eta: 0:00:00  lr: 0.000043  sp_loss: 4.4698 (4.4448)  fam_loss: 3.0884 (3.0679)  manu_loss: 2.2157 (2.2362)  gk_loss: 1.7629 (1.8148)  time: 0.3291  data: 0.0996  max mem: 10892
Epoch: [77] Total time: 0:02:43 (0.5227 s / it)
Averaged stats: lr: 0.000043  sp_loss: 4.4698 (4.4448)  fam_loss: 3.0884 (3.0679)  manu_loss: 2.2157 (2.2362)  gk_loss: 1.7629 (1.8148)
Test:  [  0/391]  eta: 0:37:18  sploss: 3.8349 (3.8349)  famloss: 1.6747 (1.6747)  manuloss: 1.0621 (1.0621)  acc1: 32.8125 (32.8125)  acc5: 60.9375 (60.9375)  family_acc1: 69.5312 (69.5312)  manu_acc1: 80.4688 (80.4688)  time: 5.7241  data: 5.4503  max mem: 10892
Test:  [250/391]  eta: 0:01:15  sploss: 3.8884 (3.9780)  famloss: 1.8739 (1.9035)  manuloss: 1.2422 (1.2508)  acc1: 35.9375 (35.0753)  acc5: 58.2031 (57.7689)  family_acc1: 61.7188 (62.0160)  manu_acc1: 73.0469 (73.6320)  time: 0.4791  data: 0.2241  max mem: 10892
Test:  [390/391]  eta: 0:00:00  sploss: 3.7624 (3.9205)  famloss: 1.7405 (1.8427)  manuloss: 1.0322 (1.1915)  acc1: 35.9375 (35.4770)  acc5: 61.3281 (58.5860)  family_acc1: 64.8438 (63.0410)  manu_acc1: 79.6875 (75.0600)  time: 0.4187  data: 0.2319  max mem: 10892
Test: Total time: 0:03:26 (0.5274 s / it)
* Acc@1 35.477 Acc@5 58.586 family@1 63.041 manu@1 75.060 sploss 3.921 fmloss 1.843 mfloss 1.191
FPA: 28.040% | TICE: 43.423%   
 wAP: 39.099  |  LCA: 135.645   |   Precision and Recall: 52.847%
Accuracy of the network on the 100000 test images: 35.5%
Max accuracy: 35.48%
Epoch: [78]  [  0/312]  eta: 0:37:44  lr: 0.000040  sp_loss: 2.2608 (2.2608)  fam_loss: 1.7666 (1.7666)  manu_loss: 1.3896 (1.3896)  gk_loss: 0.8417 (0.8417)  time: 7.2579  data: 6.9383  max mem: 10892
Epoch: [78]  [250/312]  eta: 0:00:33  lr: 0.000040  sp_loss: 4.9276 (4.3727)  fam_loss: 3.2739 (3.0242)  manu_loss: 2.4081 (2.2102)  gk_loss: 2.0255 (1.7822)  time: 0.4058  data: 0.1590  max mem: 10892
Epoch: [78]  [311/312]  eta: 0:00:00  lr: 0.000040  sp_loss: 4.7284 (4.3960)  fam_loss: 3.1883 (3.0372)  manu_loss: 2.2413 (2.2184)  gk_loss: 1.9335 (1.7920)  time: 0.3234  data: 0.0929  max mem: 10892
Epoch: [78] Total time: 0:02:44 (0.5259 s / it)
Averaged stats: lr: 0.000040  sp_loss: 4.7284 (4.3960)  fam_loss: 3.1883 (3.0372)  manu_loss: 2.2413 (2.2184)  gk_loss: 1.9335 (1.7920)
Test:  [  0/391]  eta: 0:50:32  sploss: 3.8245 (3.8245)  famloss: 1.6211 (1.6211)  manuloss: 1.0661 (1.0661)  acc1: 34.7656 (34.7656)  acc5: 59.3750 (59.3750)  family_acc1: 69.9219 (69.9219)  manu_acc1: 80.0781 (80.0781)  time: 7.7570  data: 7.4746  max mem: 10892
Test:  [250/391]  eta: 0:01:18  sploss: 3.8757 (3.9725)  famloss: 1.8401 (1.8747)  manuloss: 1.2521 (1.2438)  acc1: 36.3281 (35.1376)  acc5: 58.5938 (57.7425)  family_acc1: 61.7188 (62.2588)  manu_acc1: 72.2656 (73.7036)  time: 0.4706  data: 0.2400  max mem: 10892
Test:  [390/391]  eta: 0:00:00  sploss: 3.7813 (3.9162)  famloss: 1.7072 (1.8138)  manuloss: 1.0055 (1.1844)  acc1: 35.1562 (35.5020)  acc5: 60.9375 (58.6030)  family_acc1: 65.6250 (63.3320)  manu_acc1: 79.6875 (74.9740)  time: 0.4527  data: 0.2684  max mem: 10892
Test: Total time: 0:03:32 (0.5432 s / it)
* Acc@1 35.502 Acc@5 58.603 family@1 63.332 manu@1 74.974 sploss 3.916 fmloss 1.814 mfloss 1.184
FPA: 28.174% | TICE: 43.122%   
 wAP: 39.148  |  LCA: 135.518   |   Precision and Recall: 52.879%
Accuracy of the network on the 100000 test images: 35.5%
Max accuracy: 35.50%
Epoch: [79]  [  0/312]  eta: 0:32:58  lr: 0.000038  sp_loss: 3.4241 (3.4241)  fam_loss: 2.3545 (2.3545)  manu_loss: 1.8203 (1.8203)  gk_loss: 1.2575 (1.2575)  time: 6.3402  data: 6.0640  max mem: 10892
Epoch: [79]  [250/312]  eta: 0:00:34  lr: 0.000038  sp_loss: 4.9962 (4.4483)  fam_loss: 3.2913 (3.0640)  manu_loss: 2.4218 (2.2435)  gk_loss: 2.0099 (1.8110)  time: 0.3981  data: 0.1553  max mem: 10892
Epoch: [79]  [311/312]  eta: 0:00:00  lr: 0.000038  sp_loss: 5.0329 (4.4548)  fam_loss: 3.3829 (3.0694)  manu_loss: 2.4442 (2.2454)  gk_loss: 2.0390 (1.8149)  time: 0.4262  data: 0.1954  max mem: 10892
Epoch: [79] Total time: 0:02:46 (0.5349 s / it)
Averaged stats: lr: 0.000038  sp_loss: 5.0329 (4.4548)  fam_loss: 3.3829 (3.0694)  manu_loss: 2.4442 (2.2454)  gk_loss: 2.0390 (1.8149)
Test:  [  0/391]  eta: 0:50:05  sploss: 3.7892 (3.7892)  famloss: 1.6049 (1.6049)  manuloss: 1.0310 (1.0310)  acc1: 34.7656 (34.7656)  acc5: 59.3750 (59.3750)  family_acc1: 70.7031 (70.7031)  manu_acc1: 77.7344 (77.7344)  time: 7.6873  data: 7.3769  max mem: 10892
Test:  [250/391]  eta: 0:01:18  sploss: 3.8444 (3.9592)  famloss: 1.8286 (1.8675)  manuloss: 1.2205 (1.2186)  acc1: 35.9375 (35.1874)  acc5: 58.9844 (57.7907)  family_acc1: 62.8906 (62.3771)  manu_acc1: 72.2656 (74.0336)  time: 0.5424  data: 0.2913  max mem: 10892
Test:  [390/391]  eta: 0:00:00  sploss: 3.7764 (3.9031)  famloss: 1.6870 (1.8080)  manuloss: 0.9880 (1.1613)  acc1: 35.5469 (35.5780)  acc5: 60.5469 (58.6740)  family_acc1: 65.6250 (63.4300)  manu_acc1: 79.6875 (75.3400)  time: 0.4306  data: 0.2496  max mem: 10892
Test: Total time: 0:03:34 (0.5475 s / it)
* Acc@1 35.578 Acc@5 58.674 family@1 63.430 manu@1 75.340 sploss 3.903 fmloss 1.808 mfloss 1.161
FPA: 28.321% | TICE: 42.985%   
 wAP: 39.233  |  LCA: 135.259   |   Precision and Recall: 52.984%
Accuracy of the network on the 100000 test images: 35.6%
Max accuracy: 35.58%
Epoch: [80]  [  0/312]  eta: 0:28:41  lr: 0.000035  sp_loss: 4.7890 (4.7890)  fam_loss: 3.2895 (3.2895)  manu_loss: 2.4472 (2.4472)  gk_loss: 1.9984 (1.9984)  time: 5.5185  data: 5.2012  max mem: 10892
Epoch: [80]  [250/312]  eta: 0:00:34  lr: 0.000035  sp_loss: 4.8977 (4.3531)  fam_loss: 3.3523 (3.0124)  manu_loss: 2.3617 (2.2028)  gk_loss: 1.9675 (1.7673)  time: 0.4264  data: 0.1792  max mem: 10892
Epoch: [80]  [311/312]  eta: 0:00:00  lr: 0.000035  sp_loss: 4.3295 (4.3808)  fam_loss: 3.0374 (3.0292)  manu_loss: 2.2312 (2.2161)  gk_loss: 1.7195 (1.7811)  time: 0.3598  data: 0.1308  max mem: 10892
Epoch: [80] Total time: 0:02:47 (0.5365 s / it)
Averaged stats: lr: 0.000035  sp_loss: 4.3295 (4.3808)  fam_loss: 3.0374 (3.0292)  manu_loss: 2.2312 (2.2161)  gk_loss: 1.7195 (1.7811)
Test:  [  0/391]  eta: 0:50:56  sploss: 3.8383 (3.8383)  famloss: 1.6236 (1.6236)  manuloss: 1.0299 (1.0299)  acc1: 33.5938 (33.5938)  acc5: 58.2031 (58.2031)  family_acc1: 70.7031 (70.7031)  manu_acc1: 78.9062 (78.9062)  time: 7.8181  data: 7.4559  max mem: 10892
Test:  [250/391]  eta: 0:01:18  sploss: 3.8817 (3.9885)  famloss: 1.8474 (1.8857)  manuloss: 1.2326 (1.2393)  acc1: 36.3281 (35.0769)  acc5: 58.2031 (57.7331)  family_acc1: 61.7188 (62.3802)  manu_acc1: 73.4375 (73.9168)  time: 0.4277  data: 0.1768  max mem: 10892
Test:  [390/391]  eta: 0:00:00  sploss: 3.7883 (3.9308)  famloss: 1.7088 (1.8257)  manuloss: 1.0030 (1.1816)  acc1: 35.5469 (35.5610)  acc5: 60.9375 (58.6490)  family_acc1: 65.6250 (63.4550)  manu_acc1: 79.6875 (75.2550)  time: 0.4547  data: 0.2593  max mem: 10892
Test: Total time: 0:03:33 (0.5465 s / it)
* Acc@1 35.561 Acc@5 58.649 family@1 63.455 manu@1 75.255 sploss 3.931 fmloss 1.826 mfloss 1.182
FPA: 28.321% | TICE: 43.199%   
 wAP: 39.218  |  LCA: 135.634   |   Precision and Recall: 52.874%
Accuracy of the network on the 100000 test images: 35.6%
Max accuracy: 35.58%
Epoch: [81]  [  0/312]  eta: 0:38:55  lr: 0.000033  sp_loss: 5.3255 (5.3255)  fam_loss: 3.5347 (3.5347)  manu_loss: 2.7728 (2.7728)  gk_loss: 2.2646 (2.2646)  time: 7.4841  data: 7.1981  max mem: 10892
Epoch: [81]  [250/312]  eta: 0:00:32  lr: 0.000033  sp_loss: 4.3386 (4.3256)  fam_loss: 3.0760 (2.9878)  manu_loss: 2.2190 (2.1885)  gk_loss: 1.7899 (1.7454)  time: 0.4438  data: 0.1966  max mem: 10892
Epoch: [81]  [311/312]  eta: 0:00:00  lr: 0.000033  sp_loss: 4.6390 (4.3026)  fam_loss: 3.1711 (2.9690)  manu_loss: 2.2873 (2.1741)  gk_loss: 1.8555 (1.7325)  time: 0.3805  data: 0.1457  max mem: 10892
Epoch: [81] Total time: 0:02:41 (0.5183 s / it)
Averaged stats: lr: 0.000033  sp_loss: 4.6390 (4.3026)  fam_loss: 3.1711 (2.9690)  manu_loss: 2.2873 (2.1741)  gk_loss: 1.8555 (1.7325)
Test:  [  0/391]  eta: 0:52:10  sploss: 3.8015 (3.8015)  famloss: 1.6082 (1.6082)  manuloss: 1.0189 (1.0189)  acc1: 34.7656 (34.7656)  acc5: 58.9844 (58.9844)  family_acc1: 71.0938 (71.0938)  manu_acc1: 78.1250 (78.1250)  time: 8.0060  data: 7.7102  max mem: 10892
Test:  [250/391]  eta: 0:01:19  sploss: 3.8651 (3.9650)  famloss: 1.8530 (1.8851)  manuloss: 1.2452 (1.2475)  acc1: 37.1094 (35.1983)  acc5: 58.9844 (57.8779)  family_acc1: 60.9375 (62.1810)  manu_acc1: 72.2656 (73.6974)  time: 0.4116  data: 0.2180  max mem: 10892
Test:  [390/391]  eta: 0:00:00  sploss: 3.7653 (3.9054)  famloss: 1.7074 (1.8235)  manuloss: 1.0107 (1.1867)  acc1: 36.3281 (35.6860)  acc5: 60.5469 (58.7420)  family_acc1: 64.4531 (63.2760)  manu_acc1: 80.0000 (75.1590)  time: 0.5231  data: 0.3521  max mem: 10892
Test: Total time: 0:03:36 (0.5533 s / it)
* Acc@1 35.686 Acc@5 58.742 family@1 63.276 manu@1 75.159 sploss 3.905 fmloss 1.823 mfloss 1.187
FPA: 28.307% | TICE: 43.116%   
 wAP: 39.308  |  LCA: 135.120   |   Precision and Recall: 53.036%
Accuracy of the network on the 100000 test images: 35.7%
Max accuracy: 35.69%
Epoch: [82]  [  0/312]  eta: 0:40:44  lr: 0.000031  sp_loss: 3.4669 (3.4669)  fam_loss: 2.4726 (2.4726)  manu_loss: 1.7883 (1.7883)  gk_loss: 1.3049 (1.3049)  time: 7.8334  data: 7.5490  max mem: 10892
Epoch: [82]  [250/312]  eta: 0:00:33  lr: 0.000031  sp_loss: 4.5317 (4.3226)  fam_loss: 3.0575 (2.9929)  manu_loss: 2.3172 (2.1922)  gk_loss: 1.8430 (1.7517)  time: 0.4202  data: 0.1873  max mem: 10892
Epoch: [82]  [311/312]  eta: 0:00:00  lr: 0.000031  sp_loss: 3.6841 (4.3245)  fam_loss: 2.6569 (2.9981)  manu_loss: 1.9427 (2.1954)  gk_loss: 1.4484 (1.7544)  time: 0.4061  data: 0.1816  max mem: 10892
Epoch: [82] Total time: 0:02:47 (0.5366 s / it)
Averaged stats: lr: 0.000031  sp_loss: 3.6841 (4.3245)  fam_loss: 2.6569 (2.9981)  manu_loss: 1.9427 (2.1954)  gk_loss: 1.4484 (1.7544)
Test:  [  0/391]  eta: 0:43:24  sploss: 3.7115 (3.7115)  famloss: 1.5179 (1.5179)  manuloss: 0.9573 (0.9573)  acc1: 33.9844 (33.9844)  acc5: 60.1562 (60.1562)  family_acc1: 70.7031 (70.7031)  manu_acc1: 80.8594 (80.8594)  time: 6.6609  data: 6.3847  max mem: 10892
Test:  [250/391]  eta: 0:01:08  sploss: 3.7502 (3.8695)  famloss: 1.7358 (1.7976)  manuloss: 1.1897 (1.1964)  acc1: 36.7188 (35.5593)  acc5: 59.7656 (58.2856)  family_acc1: 62.1094 (62.5498)  manu_acc1: 73.0469 (73.9744)  time: 0.5829  data: 0.3952  max mem: 10892
Test:  [390/391]  eta: 0:00:00  sploss: 3.6641 (3.8099)  famloss: 1.6195 (1.7366)  manuloss: 0.9601 (1.1361)  acc1: 36.7188 (36.0110)  acc5: 60.9375 (59.1320)  family_acc1: 65.6250 (63.7150)  manu_acc1: 79.6875 (75.3340)  time: 0.2801  data: 0.1109  max mem: 10892
Test: Total time: 0:03:11 (0.4902 s / it)
* Acc@1 36.011 Acc@5 59.132 family@1 63.715 manu@1 75.334 sploss 3.810 fmloss 1.737 mfloss 1.136
FPA: 28.710% | TICE: 42.710%   
 wAP: 39.641  |  LCA: 134.114   |   Precision and Recall: 53.393%
Accuracy of the network on the 100000 test images: 36.0%
Max accuracy: 36.01%
Epoch: [83]  [  0/312]  eta: 0:31:03  lr: 0.000029  sp_loss: 4.7047 (4.7047)  fam_loss: 3.1759 (3.1759)  manu_loss: 2.3142 (2.3142)  gk_loss: 1.8568 (1.8568)  time: 5.9728  data: 5.6776  max mem: 10892
Epoch: [83]  [250/312]  eta: 0:00:30  lr: 0.000029  sp_loss: 3.8744 (4.2116)  fam_loss: 2.7254 (2.9184)  manu_loss: 1.9889 (2.1333)  gk_loss: 1.4963 (1.6882)  time: 0.4948  data: 0.2657  max mem: 10892
Epoch: [83]  [311/312]  eta: 0:00:00  lr: 0.000029  sp_loss: 4.2456 (4.2415)  fam_loss: 2.9286 (2.9355)  manu_loss: 2.1096 (2.1465)  gk_loss: 1.6854 (1.7013)  time: 0.3899  data: 0.1662  max mem: 10892
Epoch: [83] Total time: 0:02:34 (0.4954 s / it)
Averaged stats: lr: 0.000029  sp_loss: 4.2456 (4.2415)  fam_loss: 2.9286 (2.9355)  manu_loss: 2.1096 (2.1465)  gk_loss: 1.6854 (1.7013)
Test:  [  0/391]  eta: 0:38:03  sploss: 3.7585 (3.7585)  famloss: 1.5609 (1.5609)  manuloss: 0.9841 (0.9841)  acc1: 33.9844 (33.9844)  acc5: 60.1562 (60.1562)  family_acc1: 71.0938 (71.0938)  manu_acc1: 79.6875 (79.6875)  time: 5.8413  data: 5.6298  max mem: 10892
Test:  [250/391]  eta: 0:01:12  sploss: 3.7987 (3.9046)  famloss: 1.8004 (1.8301)  manuloss: 1.2147 (1.2070)  acc1: 36.7188 (35.5111)  acc5: 58.5938 (58.0755)  family_acc1: 63.2812 (62.7054)  manu_acc1: 72.2656 (73.9729)  time: 0.3086  data: 0.1134  max mem: 10892
Test:  [390/391]  eta: 0:00:00  sploss: 3.7179 (3.8468)  famloss: 1.6783 (1.7703)  manuloss: 0.9519 (1.1463)  acc1: 36.3281 (35.9270)  acc5: 60.9375 (58.9530)  family_acc1: 65.2344 (63.7190)  manu_acc1: 80.0781 (75.3410)  time: 0.2858  data: 0.1182  max mem: 10892
Test: Total time: 0:03:09 (0.4845 s / it)
* Acc@1 35.927 Acc@5 58.953 family@1 63.719 manu@1 75.341 sploss 3.847 fmloss 1.770 mfloss 1.146
FPA: 28.664% | TICE: 42.853%   
 wAP: 39.568  |  LCA: 134.588   |   Precision and Recall: 53.249%
Accuracy of the network on the 100000 test images: 35.9%
Max accuracy: 36.01%
Epoch: [84]  [  0/312]  eta: 0:31:50  lr: 0.000027  sp_loss: 3.6857 (3.6857)  fam_loss: 2.5549 (2.5549)  manu_loss: 1.9484 (1.9484)  gk_loss: 1.3990 (1.3990)  time: 6.1236  data: 5.8344  max mem: 10892
Epoch: [84]  [250/312]  eta: 0:00:25  lr: 0.000027  sp_loss: 4.4937 (4.4236)  fam_loss: 3.1382 (3.0519)  manu_loss: 2.3255 (2.2310)  gk_loss: 1.8384 (1.7931)  time: 0.3310  data: 0.0950  max mem: 10892
Epoch: [84]  [311/312]  eta: 0:00:00  lr: 0.000027  sp_loss: 4.9872 (4.3899)  fam_loss: 3.3771 (3.0293)  manu_loss: 2.4303 (2.2134)  gk_loss: 2.0529 (1.7746)  time: 0.3151  data: 0.0888  max mem: 10892
Epoch: [84] Total time: 0:02:06 (0.4040 s / it)
Averaged stats: lr: 0.000027  sp_loss: 4.9872 (4.3899)  fam_loss: 3.3771 (3.0293)  manu_loss: 2.4303 (2.2134)  gk_loss: 2.0529 (1.7746)
Test:  [  0/391]  eta: 0:44:00  sploss: 3.8241 (3.8241)  famloss: 1.6305 (1.6305)  manuloss: 1.0242 (1.0242)  acc1: 32.8125 (32.8125)  acc5: 60.1562 (60.1562)  family_acc1: 72.6562 (72.6562)  manu_acc1: 80.0781 (80.0781)  time: 6.7527  data: 6.5429  max mem: 10892
Test:  [250/391]  eta: 0:00:59  sploss: 3.8584 (3.9682)  famloss: 1.8365 (1.8884)  manuloss: 1.2269 (1.2427)  acc1: 36.3281 (35.4535)  acc5: 58.2031 (58.0755)  family_acc1: 62.1094 (62.4891)  manu_acc1: 71.8750 (73.9402)  time: 0.3282  data: 0.1371  max mem: 10892
Test:  [390/391]  eta: 0:00:00  sploss: 3.7992 (3.9124)  famloss: 1.7266 (1.8281)  manuloss: 1.0168 (1.1834)  acc1: 35.9375 (35.8950)  acc5: 60.5469 (58.9080)  family_acc1: 66.4062 (63.5310)  manu_acc1: 80.6250 (75.3590)  time: 0.4138  data: 0.2376  max mem: 10892
Test: Total time: 0:02:41 (0.4138 s / it)
* Acc@1 35.895 Acc@5 58.908 family@1 63.531 manu@1 75.359 sploss 3.912 fmloss 1.828 mfloss 1.183
FPA: 28.624% | TICE: 43.024%   
 wAP: 39.522  |  LCA: 134.794   |   Precision and Recall: 53.163%
Accuracy of the network on the 100000 test images: 35.9%
Max accuracy: 36.01%
Epoch: [85]  [  0/312]  eta: 0:29:24  lr: 0.000025  sp_loss: 3.7879 (3.7879)  fam_loss: 2.7282 (2.7282)  manu_loss: 2.0534 (2.0534)  gk_loss: 1.4975 (1.4975)  time: 5.6561  data: 5.3923  max mem: 10892
Epoch: [85]  [250/312]  eta: 0:00:25  lr: 0.000025  sp_loss: 4.2647 (4.4041)  fam_loss: 2.8677 (3.0405)  manu_loss: 2.0381 (2.2211)  gk_loss: 1.6540 (1.7827)  time: 0.3311  data: 0.0957  max mem: 10892
Epoch: [85]  [311/312]  eta: 0:00:00  lr: 0.000025  sp_loss: 4.6209 (4.4179)  fam_loss: 3.2666 (3.0460)  manu_loss: 2.3425 (2.2227)  gk_loss: 1.9071 (1.7866)  time: 0.3168  data: 0.0902  max mem: 10892
Epoch: [85] Total time: 0:02:05 (0.4022 s / it)
Averaged stats: lr: 0.000025  sp_loss: 4.6209 (4.4179)  fam_loss: 3.2666 (3.0460)  manu_loss: 2.3425 (2.2227)  gk_loss: 1.9071 (1.7866)
Test:  [  0/391]  eta: 0:38:50  sploss: 3.7353 (3.7353)  famloss: 1.5588 (1.5588)  manuloss: 1.0038 (1.0038)  acc1: 33.2031 (33.2031)  acc5: 61.3281 (61.3281)  family_acc1: 71.8750 (71.8750)  manu_acc1: 79.6875 (79.6875)  time: 5.9615  data: 5.7095  max mem: 10892
Test:  [250/391]  eta: 0:00:58  sploss: 3.7897 (3.8878)  famloss: 1.7830 (1.8139)  manuloss: 1.1922 (1.1969)  acc1: 36.7188 (35.8021)  acc5: 59.7656 (58.4054)  family_acc1: 63.2812 (62.9109)  manu_acc1: 73.0469 (74.2483)  time: 0.3184  data: 0.1231  max mem: 10892
Test:  [390/391]  eta: 0:00:00  sploss: 3.7117 (3.8315)  famloss: 1.6453 (1.7534)  manuloss: 0.9600 (1.1371)  acc1: 35.9375 (36.2620)  acc5: 60.5469 (59.2300)  family_acc1: 66.2500 (63.9920)  manu_acc1: 80.8594 (75.6200)  time: 0.4283  data: 0.2555  max mem: 10892
Test: Total time: 0:02:41 (0.4132 s / it)
* Acc@1 36.262 Acc@5 59.230 family@1 63.992 manu@1 75.620 sploss 3.831 fmloss 1.753 mfloss 1.137
FPA: 29.042% | TICE: 42.483%   
 wAP: 39.895  |  LCA: 133.662   |   Precision and Recall: 53.567%
Accuracy of the network on the 100000 test images: 36.3%
Max accuracy: 36.26%
Epoch: [86]  [  0/312]  eta: 0:32:14  lr: 0.000023  sp_loss: 2.3683 (2.3683)  fam_loss: 1.8413 (1.8413)  manu_loss: 1.3725 (1.3725)  gk_loss: 0.9276 (0.9276)  time: 6.2014  data: 5.9164  max mem: 10892
Epoch: [86]  [250/312]  eta: 0:00:25  lr: 0.000023  sp_loss: 4.5516 (4.3531)  fam_loss: 3.1351 (3.0128)  manu_loss: 2.2688 (2.1963)  gk_loss: 1.8170 (1.7512)  time: 0.3276  data: 0.0921  max mem: 10892
Epoch: [86]  [311/312]  eta: 0:00:00  lr: 0.000023  sp_loss: 4.6906 (4.3891)  fam_loss: 3.1223 (3.0331)  manu_loss: 2.2395 (2.2101)  gk_loss: 1.8557 (1.7682)  time: 0.3093  data: 0.0832  max mem: 10892
Epoch: [86] Total time: 0:02:06 (0.4061 s / it)
Averaged stats: lr: 0.000023  sp_loss: 4.6906 (4.3891)  fam_loss: 3.1223 (3.0331)  manu_loss: 2.2395 (2.2101)  gk_loss: 1.8557 (1.7682)
Test:  [  0/391]  eta: 0:38:16  sploss: 3.7780 (3.7780)  famloss: 1.5933 (1.5933)  manuloss: 0.9869 (0.9869)  acc1: 33.5938 (33.5938)  acc5: 58.5938 (58.5938)  family_acc1: 71.0938 (71.0938)  manu_acc1: 80.4688 (80.4688)  time: 5.8723  data: 5.6483  max mem: 10892
Test:  [250/391]  eta: 0:00:59  sploss: 3.8300 (3.9353)  famloss: 1.8169 (1.8487)  manuloss: 1.2269 (1.2227)  acc1: 37.1094 (35.5811)  acc5: 58.5938 (58.2327)  family_acc1: 62.1094 (62.7163)  manu_acc1: 72.2656 (73.9915)  time: 0.3217  data: 0.1182  max mem: 10892
Test:  [390/391]  eta: 0:00:00  sploss: 3.7475 (3.8796)  famloss: 1.6830 (1.7892)  manuloss: 0.9988 (1.1625)  acc1: 36.3281 (35.9940)  acc5: 60.5469 (59.0720)  family_acc1: 65.6250 (63.7670)  manu_acc1: 80.4688 (75.4170)  time: 0.4113  data: 0.2399  max mem: 10892
Test: Total time: 0:02:42 (0.4147 s / it)
* Acc@1 35.994 Acc@5 59.072 family@1 63.767 manu@1 75.417 sploss 3.880 fmloss 1.789 mfloss 1.162
FPA: 28.736% | TICE: 42.814%   
 wAP: 39.633  |  LCA: 134.291   |   Precision and Recall: 53.363%
Accuracy of the network on the 100000 test images: 36.0%
Max accuracy: 36.26%
Epoch: [87]  [  0/312]  eta: 0:32:42  lr: 0.000021  sp_loss: 4.0355 (4.0355)  fam_loss: 2.7521 (2.7521)  manu_loss: 2.0118 (2.0118)  gk_loss: 1.5218 (1.5218)  time: 6.2894  data: 6.0106  max mem: 10892
Epoch: [87]  [250/312]  eta: 0:00:25  lr: 0.000021  sp_loss: 4.7624 (4.3325)  fam_loss: 3.1128 (2.9873)  manu_loss: 2.2674 (2.1865)  gk_loss: 1.9031 (1.7411)  time: 0.3320  data: 0.1010  max mem: 10892
Epoch: [87]  [311/312]  eta: 0:00:00  lr: 0.000021  sp_loss: 4.7337 (4.3258)  fam_loss: 3.2401 (2.9840)  manu_loss: 2.3616 (2.1830)  gk_loss: 1.9281 (1.7385)  time: 0.3163  data: 0.0890  max mem: 10892
Epoch: [87] Total time: 0:02:07 (0.4082 s / it)
Averaged stats: lr: 0.000021  sp_loss: 4.7337 (4.3258)  fam_loss: 3.2401 (2.9840)  manu_loss: 2.3616 (2.1830)  gk_loss: 1.9281 (1.7385)
Test:  [  0/391]  eta: 0:42:38  sploss: 3.7759 (3.7759)  famloss: 1.5791 (1.5791)  manuloss: 0.9868 (0.9868)  acc1: 35.1562 (35.1562)  acc5: 58.5938 (58.5938)  family_acc1: 71.8750 (71.8750)  manu_acc1: 80.0781 (80.0781)  time: 6.5439  data: 6.3090  max mem: 10892
Test:  [250/391]  eta: 0:01:05  sploss: 3.8195 (3.9126)  famloss: 1.8000 (1.8326)  manuloss: 1.2061 (1.2091)  acc1: 37.1094 (35.7601)  acc5: 59.3750 (58.4117)  family_acc1: 62.1094 (62.8159)  manu_acc1: 73.0469 (74.0880)  time: 0.3617  data: 0.1292  max mem: 10892
Test:  [390/391]  eta: 0:00:00  sploss: 3.7284 (3.8550)  famloss: 1.6576 (1.7714)  manuloss: 0.9692 (1.1478)  acc1: 36.3281 (36.1720)  acc5: 60.9375 (59.2860)  family_acc1: 66.4062 (63.8900)  manu_acc1: 80.4688 (75.4800)  time: 0.4323  data: 0.2535  max mem: 10892
Test: Total time: 0:03:04 (0.4725 s / it)
* Acc@1 36.172 Acc@5 59.286 family@1 63.890 manu@1 75.480 sploss 3.855 fmloss 1.771 mfloss 1.148
FPA: 28.872% | TICE: 42.739%   
 wAP: 39.803  |  LCA: 133.779   |   Precision and Recall: 53.519%
Accuracy of the network on the 100000 test images: 36.2%
Max accuracy: 36.26%
Epoch: [88]  [  0/312]  eta: 0:31:20  lr: 0.000020  sp_loss: 2.9010 (2.9010)  fam_loss: 2.1134 (2.1134)  manu_loss: 1.5253 (1.5253)  gk_loss: 1.1375 (1.1375)  time: 6.0273  data: 5.7538  max mem: 10892
Epoch: [88]  [250/312]  eta: 0:00:30  lr: 0.000020  sp_loss: 4.7220 (4.2930)  fam_loss: 3.1739 (2.9662)  manu_loss: 2.2948 (2.1692)  gk_loss: 1.8846 (1.7211)  time: 0.3803  data: 0.1387  max mem: 10892
Epoch: [88]  [311/312]  eta: 0:00:00  lr: 0.000020  sp_loss: 4.0678 (4.2673)  fam_loss: 2.9141 (2.9552)  manu_loss: 2.1254 (2.1606)  gk_loss: 1.6421 (1.7103)  time: 0.3917  data: 0.1622  max mem: 10892
Epoch: [88] Total time: 0:02:31 (0.4864 s / it)
Averaged stats: lr: 0.000020  sp_loss: 4.0678 (4.2673)  fam_loss: 2.9141 (2.9552)  manu_loss: 2.1254 (2.1606)  gk_loss: 1.6421 (1.7103)
Test:  [  0/391]  eta: 0:39:34  sploss: 3.7624 (3.7624)  famloss: 1.5644 (1.5644)  manuloss: 0.9432 (0.9432)  acc1: 33.9844 (33.9844)  acc5: 59.3750 (59.3750)  family_acc1: 71.0938 (71.0938)  manu_acc1: 81.6406 (81.6406)  time: 6.0730  data: 5.8610  max mem: 10892
Test:  [250/391]  eta: 0:01:12  sploss: 3.8021 (3.9074)  famloss: 1.8028 (1.8283)  manuloss: 1.1832 (1.2038)  acc1: 37.5000 (35.6185)  acc5: 59.3750 (58.3805)  family_acc1: 63.6719 (62.9467)  manu_acc1: 72.6562 (74.1269)  time: 0.4223  data: 0.1856  max mem: 10892
Test:  [390/391]  eta: 0:00:00  sploss: 3.7151 (3.8495)  famloss: 1.6579 (1.7667)  manuloss: 0.9567 (1.1424)  acc1: 36.3281 (36.0720)  acc5: 60.1562 (59.1970)  family_acc1: 66.0156 (63.9880)  manu_acc1: 80.4688 (75.5200)  time: 0.4263  data: 0.2544  max mem: 10892
Test: Total time: 0:03:13 (0.4946 s / it)
* Acc@1 36.072 Acc@5 59.197 family@1 63.988 manu@1 75.520 sploss 3.849 fmloss 1.767 mfloss 1.142
FPA: 28.907% | TICE: 42.663%   
 wAP: 39.725  |  LCA: 134.042   |   Precision and Recall: 53.446%
Accuracy of the network on the 100000 test images: 36.1%
Max accuracy: 36.26%
Epoch: [89]  [  0/312]  eta: 0:29:24  lr: 0.000018  sp_loss: 5.3668 (5.3668)  fam_loss: 3.5983 (3.5983)  manu_loss: 2.6792 (2.6792)  gk_loss: 2.2790 (2.2790)  time: 5.6570  data: 5.3868  max mem: 10892
Epoch: [89]  [250/312]  eta: 0:00:25  lr: 0.000018  sp_loss: 4.5933 (4.3660)  fam_loss: 3.1560 (3.0098)  manu_loss: 2.2695 (2.1932)  gk_loss: 1.8338 (1.7515)  time: 0.3486  data: 0.1156  max mem: 10892
Epoch: [89]  [311/312]  eta: 0:00:00  lr: 0.000018  sp_loss: 4.4398 (4.3455)  fam_loss: 3.0334 (3.0001)  manu_loss: 2.2374 (2.1857)  gk_loss: 1.7767 (1.7446)  time: 0.3509  data: 0.1244  max mem: 10892
Epoch: [89] Total time: 0:02:05 (0.4015 s / it)
Averaged stats: lr: 0.000018  sp_loss: 4.4398 (4.3455)  fam_loss: 3.0334 (3.0001)  manu_loss: 2.2374 (2.1857)  gk_loss: 1.7767 (1.7446)
Test:  [  0/391]  eta: 0:43:03  sploss: 3.9407 (3.9407)  famloss: 1.7130 (1.7130)  manuloss: 1.0696 (1.0696)  acc1: 33.2031 (33.2031)  acc5: 58.2031 (58.2031)  family_acc1: 70.3125 (70.3125)  manu_acc1: 80.4688 (80.4688)  time: 6.6069  data: 6.3771  max mem: 10892
Test:  [250/391]  eta: 0:00:58  sploss: 3.9433 (4.0424)  famloss: 1.8950 (1.9543)  manuloss: 1.2729 (1.2890)  acc1: 36.3281 (35.0224)  acc5: 58.5938 (57.5931)  family_acc1: 62.1094 (62.1856)  manu_acc1: 72.2656 (73.7021)  time: 0.3175  data: 0.1230  max mem: 10892
Test:  [390/391]  eta: 0:00:00  sploss: 3.8604 (3.9886)  famloss: 1.7931 (1.8943)  manuloss: 1.0668 (1.2291)  acc1: 35.9375 (35.3580)  acc5: 59.7656 (58.4100)  family_acc1: 65.2344 (63.2340)  manu_acc1: 79.2969 (75.0970)  time: 0.4132  data: 0.2406  max mem: 10892
Test: Total time: 0:02:41 (0.4120 s / it)
* Acc@1 35.358 Acc@5 58.410 family@1 63.234 manu@1 75.097 sploss 3.989 fmloss 1.894 mfloss 1.229
FPA: 28.057% | TICE: 43.496%   
 wAP: 39.014  |  LCA: 136.145   |   Precision and Recall: 52.710%
Accuracy of the network on the 100000 test images: 35.4%
Max accuracy: 36.26%
Epoch: [90]  [  0/312]  eta: 0:29:49  lr: 0.000017  sp_loss: 3.1065 (3.1065)  fam_loss: 2.3401 (2.3401)  manu_loss: 1.7486 (1.7486)  gk_loss: 1.2104 (1.2104)  time: 5.7362  data: 5.4660  max mem: 10892
Epoch: [90]  [250/312]  eta: 0:00:27  lr: 0.000017  sp_loss: 4.1801 (4.2767)  fam_loss: 2.9185 (2.9600)  manu_loss: 2.0994 (2.1672)  gk_loss: 1.6024 (1.7104)  time: 0.3403  data: 0.0982  max mem: 10892
Epoch: [90]  [311/312]  eta: 0:00:00  lr: 0.000017  sp_loss: 4.2072 (4.2560)  fam_loss: 2.9050 (2.9479)  manu_loss: 2.1263 (2.1579)  gk_loss: 1.6391 (1.6996)  time: 0.3115  data: 0.0797  max mem: 10892
Epoch: [90] Total time: 0:02:13 (0.4290 s / it)
Averaged stats: lr: 0.000017  sp_loss: 4.2072 (4.2560)  fam_loss: 2.9050 (2.9479)  manu_loss: 2.1263 (2.1579)  gk_loss: 1.6391 (1.6996)
Test:  [  0/391]  eta: 0:51:23  sploss: 3.7996 (3.7996)  famloss: 1.5964 (1.5964)  manuloss: 1.0034 (1.0034)  acc1: 34.7656 (34.7656)  acc5: 58.9844 (58.9844)  family_acc1: 71.4844 (71.4844)  manu_acc1: 80.4688 (80.4688)  time: 7.8867  data: 7.6226  max mem: 10892
Test:  [250/391]  eta: 0:01:12  sploss: 3.8445 (3.9409)  famloss: 1.8100 (1.8558)  manuloss: 1.2172 (1.2233)  acc1: 37.1094 (35.6309)  acc5: 59.3750 (58.3323)  family_acc1: 63.6719 (62.7490)  manu_acc1: 73.0469 (74.0273)  time: 0.3939  data: 0.1578  max mem: 10892
Test:  [390/391]  eta: 0:00:00  sploss: 3.7491 (3.8853)  famloss: 1.6920 (1.7955)  manuloss: 0.9968 (1.1625)  acc1: 36.3281 (36.0620)  acc5: 59.7656 (59.0970)  family_acc1: 65.6250 (63.8110)  manu_acc1: 79.6875 (75.4220)  time: 0.4836  data: 0.3000  max mem: 10892
Test: Total time: 0:03:15 (0.5008 s / it)
* Acc@1 36.062 Acc@5 59.097 family@1 63.811 manu@1 75.422 sploss 3.885 fmloss 1.796 mfloss 1.162
FPA: 28.859% | TICE: 42.699%   
 wAP: 39.697  |  LCA: 134.252   |   Precision and Recall: 53.368%
Accuracy of the network on the 100000 test images: 36.1%
Max accuracy: 36.26%
Epoch: [91]  [  0/312]  eta: 0:31:27  lr: 0.000016  sp_loss: 3.9343 (3.9343)  fam_loss: 2.7210 (2.7210)  manu_loss: 1.8903 (1.8903)  gk_loss: 1.5153 (1.5153)  time: 6.0508  data: 5.7728  max mem: 10892
Epoch: [91]  [250/312]  eta: 0:00:29  lr: 0.000016  sp_loss: 4.5686 (4.3315)  fam_loss: 3.1554 (2.9837)  manu_loss: 2.2393 (2.1795)  gk_loss: 1.7949 (1.7299)  time: 0.4808  data: 0.2310  max mem: 10892
Epoch: [91]  [311/312]  eta: 0:00:00  lr: 0.000016  sp_loss: 4.7897 (4.3554)  fam_loss: 3.1704 (2.9978)  manu_loss: 2.3701 (2.1892)  gk_loss: 1.8815 (1.7423)  time: 0.4211  data: 0.1926  max mem: 10892
Epoch: [91] Total time: 0:02:25 (0.4671 s / it)
Averaged stats: lr: 0.000016  sp_loss: 4.7897 (4.3554)  fam_loss: 3.1704 (2.9978)  manu_loss: 2.3701 (2.1892)  gk_loss: 1.8815 (1.7423)
Test:  [  0/391]  eta: 0:35:55  sploss: 3.8939 (3.8939)  famloss: 1.6661 (1.6661)  manuloss: 1.0463 (1.0463)  acc1: 34.7656 (34.7656)  acc5: 57.4219 (57.4219)  family_acc1: 72.2656 (72.2656)  manu_acc1: 81.2500 (81.2500)  time: 5.5116  data: 5.2287  max mem: 10892
Test:  [250/391]  eta: 0:01:16  sploss: 3.9140 (4.0198)  famloss: 1.8790 (1.9141)  manuloss: 1.2477 (1.2586)  acc1: 37.5000 (35.5017)  acc5: 60.1562 (57.9977)  family_acc1: 61.7188 (62.5872)  manu_acc1: 73.0469 (73.9962)  time: 0.4720  data: 0.2253  max mem: 10892
Test:  [390/391]  eta: 0:00:00  sploss: 3.8248 (3.9633)  famloss: 1.7390 (1.8541)  manuloss: 1.0269 (1.1990)  acc1: 36.2500 (35.8920)  acc5: 60.1562 (58.8960)  family_acc1: 66.7969 (63.6490)  manu_acc1: 80.4688 (75.3690)  time: 0.4107  data: 0.2193  max mem: 10892
Test: Total time: 0:03:27 (0.5299 s / it)
* Acc@1 35.892 Acc@5 58.896 family@1 63.649 manu@1 75.369 sploss 3.963 fmloss 1.854 mfloss 1.199
FPA: 28.603% | TICE: 42.929%   
 wAP: 39.531  |  LCA: 134.694   |   Precision and Recall: 53.188%
Accuracy of the network on the 100000 test images: 35.9%
Max accuracy: 36.26%
Epoch: [92]  [  0/312]  eta: 0:35:26  lr: 0.000015  sp_loss: 5.2730 (5.2730)  fam_loss: 3.8607 (3.8607)  manu_loss: 2.7052 (2.7052)  gk_loss: 2.3462 (2.3462)  time: 6.8144  data: 6.5297  max mem: 10892
Epoch: [92]  [250/312]  eta: 0:00:32  lr: 0.000015  sp_loss: 3.8812 (4.2180)  fam_loss: 2.6511 (2.9236)  manu_loss: 2.0272 (2.1363)  gk_loss: 1.4579 (1.6835)  time: 0.4696  data: 0.2249  max mem: 10892
Epoch: [92]  [311/312]  eta: 0:00:00  lr: 0.000015  sp_loss: 4.2756 (4.2459)  fam_loss: 2.9398 (2.9365)  manu_loss: 2.1763 (2.1449)  gk_loss: 1.6811 (1.6939)  time: 0.3191  data: 0.0897  max mem: 10892
Epoch: [92] Total time: 0:02:41 (0.5186 s / it)
Averaged stats: lr: 0.000015  sp_loss: 4.2756 (4.2459)  fam_loss: 2.9398 (2.9365)  manu_loss: 2.1763 (2.1449)  gk_loss: 1.6811 (1.6939)
Test:  [  0/391]  eta: 0:49:32  sploss: 3.8094 (3.8094)  famloss: 1.6155 (1.6155)  manuloss: 1.0348 (1.0348)  acc1: 35.9375 (35.9375)  acc5: 59.7656 (59.7656)  family_acc1: 69.1406 (69.1406)  manu_acc1: 79.6875 (79.6875)  time: 7.6030  data: 7.2608  max mem: 10892
Test:  [250/391]  eta: 0:01:11  sploss: 3.8389 (3.9440)  famloss: 1.8139 (1.8642)  manuloss: 1.2112 (1.2323)  acc1: 37.1094 (35.7290)  acc5: 60.5469 (58.3525)  family_acc1: 62.8906 (62.8315)  manu_acc1: 72.2656 (74.0911)  time: 0.4310  data: 0.2074  max mem: 10892
Test:  [390/391]  eta: 0:00:00  sploss: 3.7466 (3.8872)  famloss: 1.7023 (1.8031)  manuloss: 0.9812 (1.1708)  acc1: 36.7188 (36.1690)  acc5: 60.5469 (59.2030)  family_acc1: 66.4062 (63.8850)  manu_acc1: 80.0781 (75.4780)  time: 0.4554  data: 0.2690  max mem: 10892
Test: Total time: 0:03:19 (0.5102 s / it)
* Acc@1 36.169 Acc@5 59.203 family@1 63.885 manu@1 75.478 sploss 3.887 fmloss 1.803 mfloss 1.171
FPA: 28.914% | TICE: 42.635%   
 wAP: 39.800  |  LCA: 133.944   |   Precision and Recall: 53.479%
Accuracy of the network on the 100000 test images: 36.2%
Max accuracy: 36.26%
Epoch: [93]  [  0/312]  eta: 0:33:46  lr: 0.000014  sp_loss: 4.8457 (4.8457)  fam_loss: 3.1542 (3.1542)  manu_loss: 2.3224 (2.3224)  gk_loss: 1.8253 (1.8253)  time: 6.4964  data: 6.2174  max mem: 10892
Epoch: [93]  [250/312]  eta: 0:00:33  lr: 0.000014  sp_loss: 4.1991 (4.2641)  fam_loss: 2.9410 (2.9473)  manu_loss: 2.1269 (2.1548)  gk_loss: 1.6552 (1.6981)  time: 0.3664  data: 0.1174  max mem: 10892
Epoch: [93]  [311/312]  eta: 0:00:00  lr: 0.000014  sp_loss: 4.3209 (4.3223)  fam_loss: 3.0233 (2.9873)  manu_loss: 2.1989 (2.1862)  gk_loss: 1.6783 (1.7295)  time: 0.3892  data: 0.1547  max mem: 10892
Epoch: [93] Total time: 0:02:47 (0.5358 s / it)
Averaged stats: lr: 0.000014  sp_loss: 4.3209 (4.3223)  fam_loss: 3.0233 (2.9873)  manu_loss: 2.1989 (2.1862)  gk_loss: 1.6783 (1.7295)
Test:  [  0/391]  eta: 0:49:29  sploss: 3.8379 (3.8379)  famloss: 1.6403 (1.6403)  manuloss: 1.0355 (1.0355)  acc1: 34.3750 (34.3750)  acc5: 58.5938 (58.5938)  family_acc1: 71.4844 (71.4844)  manu_acc1: 80.4688 (80.4688)  time: 7.5937  data: 7.2079  max mem: 10892
Test:  [250/391]  eta: 0:01:20  sploss: 3.8795 (3.9796)  famloss: 1.8514 (1.8884)  manuloss: 1.2153 (1.2406)  acc1: 37.5000 (35.9110)  acc5: 59.7656 (58.3245)  family_acc1: 62.8906 (62.9544)  manu_acc1: 73.0469 (74.1472)  time: 0.5620  data: 0.3285  max mem: 10892
Test:  [390/391]  eta: 0:00:00  sploss: 3.7843 (3.9230)  famloss: 1.7243 (1.8272)  manuloss: 1.0182 (1.1794)  acc1: 36.3281 (36.2630)  acc5: 60.5469 (59.2130)  family_acc1: 66.4062 (64.0420)  manu_acc1: 80.0781 (75.5520)  time: 0.4673  data: 0.2827  max mem: 10892
Test: Total time: 0:03:34 (0.5495 s / it)
* Acc@1 36.263 Acc@5 59.213 family@1 64.042 manu@1 75.552 sploss 3.923 fmloss 1.827 mfloss 1.179
FPA: 29.000% | TICE: 42.618%   
 wAP: 39.899  |  LCA: 133.769   |   Precision and Recall: 53.531%
Accuracy of the network on the 100000 test images: 36.3%
Max accuracy: 36.26%
Epoch: [94]  [  0/312]  eta: 0:31:37  lr: 0.000013  sp_loss: 5.0533 (5.0533)  fam_loss: 3.3986 (3.3986)  manu_loss: 2.4867 (2.4867)  gk_loss: 2.1035 (2.1035)  time: 6.0807  data: 5.8056  max mem: 10892
Epoch: [94]  [250/312]  eta: 0:00:32  lr: 0.000013  sp_loss: 4.3540 (4.3196)  fam_loss: 3.1168 (2.9828)  manu_loss: 2.3200 (2.1744)  gk_loss: 1.8093 (1.7237)  time: 0.4232  data: 0.1766  max mem: 10892
Epoch: [94]  [311/312]  eta: 0:00:00  lr: 0.000013  sp_loss: 4.7399 (4.2843)  fam_loss: 3.2272 (2.9614)  manu_loss: 2.3842 (2.1611)  gk_loss: 1.9372 (1.7070)  time: 0.3150  data: 0.0841  max mem: 10892
Epoch: [94] Total time: 0:02:41 (0.5175 s / it)
Averaged stats: lr: 0.000013  sp_loss: 4.7399 (4.2843)  fam_loss: 3.2272 (2.9614)  manu_loss: 2.3842 (2.1611)  gk_loss: 1.9372 (1.7070)
Test:  [  0/391]  eta: 0:50:03  sploss: 3.8830 (3.8830)  famloss: 1.6693 (1.6693)  manuloss: 1.0467 (1.0467)  acc1: 34.3750 (34.3750)  acc5: 57.8125 (57.8125)  family_acc1: 72.6562 (72.6562)  manu_acc1: 80.4688 (80.4688)  time: 7.6805  data: 7.4026  max mem: 10892
Test:  [250/391]  eta: 0:01:17  sploss: 3.9205 (4.0203)  famloss: 1.8765 (1.9201)  manuloss: 1.2407 (1.2601)  acc1: 37.5000 (35.6574)  acc5: 60.1562 (58.1487)  family_acc1: 62.5000 (62.6914)  manu_acc1: 72.6562 (74.0662)  time: 0.4235  data: 0.1822  max mem: 10892
Test:  [390/391]  eta: 0:00:00  sploss: 3.8290 (3.9645)  famloss: 1.7496 (1.8596)  manuloss: 1.0243 (1.2003)  acc1: 36.3281 (36.0150)  acc5: 60.1562 (58.9720)  family_acc1: 66.7969 (63.7230)  manu_acc1: 80.4688 (75.4410)  time: 0.4505  data: 0.2682  max mem: 10892
Test: Total time: 0:03:27 (0.5319 s / it)
* Acc@1 36.015 Acc@5 58.972 family@1 63.723 manu@1 75.441 sploss 3.964 fmloss 1.860 mfloss 1.200
FPA: 28.771% | TICE: 42.924%   
 wAP: 39.648  |  LCA: 134.537   |   Precision and Recall: 53.266%
Accuracy of the network on the 100000 test images: 36.0%
Max accuracy: 36.26%
Epoch: [95]  [  0/312]  eta: 0:41:03  lr: 0.000012  sp_loss: 4.1809 (4.1809)  fam_loss: 2.9983 (2.9983)  manu_loss: 2.1680 (2.1680)  gk_loss: 1.6733 (1.6733)  time: 7.8964  data: 7.6053  max mem: 10892
Epoch: [95]  [250/312]  eta: 0:00:31  lr: 0.000012  sp_loss: 4.3536 (4.3045)  fam_loss: 2.8893 (2.9711)  manu_loss: 2.1291 (2.1772)  gk_loss: 1.6463 (1.7182)  time: 0.3709  data: 0.1265  max mem: 10892
Epoch: [95]  [311/312]  eta: 0:00:00  lr: 0.000012  sp_loss: 4.9266 (4.3042)  fam_loss: 3.2640 (2.9721)  manu_loss: 2.2844 (2.1755)  gk_loss: 1.9457 (1.7183)  time: 0.3194  data: 0.0930  max mem: 10892
Epoch: [95] Total time: 0:02:33 (0.4904 s / it)
Averaged stats: lr: 0.000012  sp_loss: 4.9266 (4.3042)  fam_loss: 3.2640 (2.9721)  manu_loss: 2.2844 (2.1755)  gk_loss: 1.9457 (1.7183)
Test:  [  0/391]  eta: 0:52:57  sploss: 3.9008 (3.9008)  famloss: 1.6820 (1.6820)  manuloss: 1.0684 (1.0684)  acc1: 35.5469 (35.5469)  acc5: 57.4219 (57.4219)  family_acc1: 69.9219 (69.9219)  manu_acc1: 80.4688 (80.4688)  time: 8.1275  data: 7.8763  max mem: 10892
Test:  [250/391]  eta: 0:01:17  sploss: 3.9236 (4.0357)  famloss: 1.8796 (1.9325)  manuloss: 1.2446 (1.2661)  acc1: 37.5000 (35.4582)  acc5: 58.9844 (57.8779)  family_acc1: 62.1094 (62.4315)  manu_acc1: 71.8750 (73.8733)  time: 0.5610  data: 0.3272  max mem: 10892
Test:  [390/391]  eta: 0:00:00  sploss: 3.8335 (3.9802)  famloss: 1.7611 (1.8719)  manuloss: 1.0408 (1.2061)  acc1: 35.5469 (35.7830)  acc5: 60.1562 (58.7060)  family_acc1: 65.2344 (63.5340)  manu_acc1: 80.0781 (75.2800)  time: 0.4559  data: 0.2856  max mem: 10892
Test: Total time: 0:03:29 (0.5350 s / it)
* Acc@1 35.783 Acc@5 58.706 family@1 63.534 manu@1 75.280 sploss 3.980 fmloss 1.872 mfloss 1.206
FPA: 28.502% | TICE: 43.210%   
 wAP: 39.422  |  LCA: 135.221   |   Precision and Recall: 53.037%
Accuracy of the network on the 100000 test images: 35.8%
Max accuracy: 36.26%
Epoch: [96]  [  0/312]  eta: 0:29:52  lr: 0.000011  sp_loss: 5.2750 (5.2750)  fam_loss: 3.6627 (3.6627)  manu_loss: 2.5677 (2.5677)  gk_loss: 2.2288 (2.2288)  time: 5.7438  data: 5.4629  max mem: 10892
Epoch: [96]  [250/312]  eta: 0:00:33  lr: 0.000011  sp_loss: 4.4543 (4.3493)  fam_loss: 2.9825 (2.9934)  manu_loss: 2.1908 (2.1862)  gk_loss: 1.7789 (1.7338)  time: 0.4237  data: 0.1742  max mem: 10892
Epoch: [96]  [311/312]  eta: 0:00:00  lr: 0.000011  sp_loss: 4.7209 (4.3360)  fam_loss: 3.2256 (2.9888)  manu_loss: 2.3685 (2.1840)  gk_loss: 1.9383 (1.7299)  time: 0.3155  data: 0.0884  max mem: 10892
Epoch: [96] Total time: 0:02:46 (0.5321 s / it)
Averaged stats: lr: 0.000011  sp_loss: 4.7209 (4.3360)  fam_loss: 3.2256 (2.9888)  manu_loss: 2.3685 (2.1840)  gk_loss: 1.9383 (1.7299)
Test:  [  0/391]  eta: 0:41:29  sploss: 3.9333 (3.9333)  famloss: 1.7156 (1.7156)  manuloss: 1.0781 (1.0781)  acc1: 34.7656 (34.7656)  acc5: 58.2031 (58.2031)  family_acc1: 69.5312 (69.5312)  manu_acc1: 80.8594 (80.8594)  time: 6.3673  data: 6.1256  max mem: 10892
Test:  [250/391]  eta: 0:01:11  sploss: 3.9530 (4.0663)  famloss: 1.9058 (1.9593)  manuloss: 1.2626 (1.2812)  acc1: 37.1094 (35.4457)  acc5: 59.7656 (57.7860)  family_acc1: 62.5000 (62.3413)  manu_acc1: 71.4844 (73.8717)  time: 0.5722  data: 0.3130  max mem: 10892
Test:  [390/391]  eta: 0:00:00  sploss: 3.8660 (4.0117)  famloss: 1.7825 (1.8986)  manuloss: 1.0520 (1.2210)  acc1: 35.5469 (35.7850)  acc5: 60.5469 (58.6670)  family_acc1: 64.8438 (63.4150)  manu_acc1: 79.6875 (75.2830)  time: 0.3453  data: 0.1761  max mem: 10892
Test: Total time: 0:03:19 (0.5092 s / it)
* Acc@1 35.785 Acc@5 58.667 family@1 63.415 manu@1 75.283 sploss 4.012 fmloss 1.899 mfloss 1.221
FPA: 28.446% | TICE: 43.230%   
 wAP: 39.412  |  LCA: 135.187   |   Precision and Recall: 53.031%
Accuracy of the network on the 100000 test images: 35.8%
Max accuracy: 36.26%
Epoch: [97]  [  0/312]  eta: 0:34:12  lr: 0.000011  sp_loss: 4.4542 (4.4542)  fam_loss: 3.1042 (3.1042)  manu_loss: 2.2793 (2.2793)  gk_loss: 1.7935 (1.7935)  time: 6.5780  data: 6.2808  max mem: 10892
Epoch: [97]  [250/312]  eta: 0:00:32  lr: 0.000011  sp_loss: 3.8033 (4.2626)  fam_loss: 2.6634 (2.9486)  manu_loss: 1.9372 (2.1504)  gk_loss: 1.4735 (1.6958)  time: 0.4164  data: 0.1650  max mem: 10892
Epoch: [97]  [311/312]  eta: 0:00:00  lr: 0.000011  sp_loss: 3.8470 (4.2138)  fam_loss: 2.6877 (2.9199)  manu_loss: 1.9265 (2.1314)  gk_loss: 1.4716 (1.6741)  time: 0.3267  data: 0.0926  max mem: 10892
Epoch: [97] Total time: 0:02:40 (0.5139 s / it)
Averaged stats: lr: 0.000011  sp_loss: 3.8470 (4.2138)  fam_loss: 2.6877 (2.9199)  manu_loss: 1.9265 (2.1314)  gk_loss: 1.4716 (1.6741)
Test:  [  0/391]  eta: 0:42:38  sploss: 3.7587 (3.7587)  famloss: 1.5658 (1.5658)  manuloss: 0.9854 (0.9854)  acc1: 35.9375 (35.9375)  acc5: 60.5469 (60.5469)  family_acc1: 71.8750 (71.8750)  manu_acc1: 80.0781 (80.0781)  time: 6.5441  data: 6.2646  max mem: 10892
Test:  [250/391]  eta: 0:01:18  sploss: 3.7805 (3.8956)  famloss: 1.7796 (1.8218)  manuloss: 1.1927 (1.2058)  acc1: 37.8906 (35.9515)  acc5: 59.3750 (58.6840)  family_acc1: 63.2812 (63.0338)  manu_acc1: 72.6562 (74.1565)  time: 0.6067  data: 0.4191  max mem: 10892
Test:  [390/391]  eta: 0:00:00  sploss: 3.6922 (3.8378)  famloss: 1.6466 (1.7599)  manuloss: 0.9800 (1.1436)  acc1: 36.3281 (36.3810)  acc5: 61.3281 (59.4780)  family_acc1: 66.4062 (64.1030)  manu_acc1: 80.0000 (75.5560)  time: 0.4514  data: 0.2824  max mem: 10892
Test: Total time: 0:03:32 (0.5430 s / it)
* Acc@1 36.381 Acc@5 59.478 family@1 64.103 manu@1 75.556 sploss 3.838 fmloss 1.760 mfloss 1.144
FPA: 29.204% | TICE: 42.347%   
 wAP: 40.009  |  LCA: 133.402   |   Precision and Recall: 53.642%
Accuracy of the network on the 100000 test images: 36.4%
Max accuracy: 36.38%
Epoch: [98]  [  0/312]  eta: 0:32:56  lr: 0.000011  sp_loss: 4.6217 (4.6217)  fam_loss: 3.0173 (3.0173)  manu_loss: 2.2000 (2.2000)  gk_loss: 1.7471 (1.7471)  time: 6.3357  data: 6.0426  max mem: 10892
Epoch: [98]  [250/312]  eta: 0:00:26  lr: 0.000011  sp_loss: 5.0004 (4.3937)  fam_loss: 3.3576 (3.0262)  manu_loss: 2.3919 (2.2090)  gk_loss: 1.9901 (1.7516)  time: 0.4512  data: 0.2141  max mem: 10892
Epoch: [98]  [311/312]  eta: 0:00:00  lr: 0.000011  sp_loss: 4.7313 (4.4065)  fam_loss: 3.2283 (3.0318)  manu_loss: 2.3074 (2.2131)  gk_loss: 1.8816 (1.7581)  time: 0.3717  data: 0.1441  max mem: 10892
Epoch: [98] Total time: 0:02:14 (0.4314 s / it)
Averaged stats: lr: 0.000011  sp_loss: 4.7313 (4.4065)  fam_loss: 3.2283 (3.0318)  manu_loss: 2.3074 (2.2131)  gk_loss: 1.8816 (1.7581)
Test:  [  0/391]  eta: 0:43:04  sploss: 3.7889 (3.7889)  famloss: 1.6093 (1.6093)  manuloss: 1.0294 (1.0294)  acc1: 34.3750 (34.3750)  acc5: 60.1562 (60.1562)  family_acc1: 71.0938 (71.0938)  manu_acc1: 80.8594 (80.8594)  time: 6.6099  data: 6.4022  max mem: 10892
Test:  [250/391]  eta: 0:01:11  sploss: 3.8369 (3.9360)  famloss: 1.8091 (1.8485)  manuloss: 1.2011 (1.2144)  acc1: 37.8906 (36.0433)  acc5: 59.7656 (58.5657)  family_acc1: 62.8906 (63.0743)  manu_acc1: 73.0469 (74.3230)  time: 0.4609  data: 0.2730  max mem: 10892
Test:  [390/391]  eta: 0:00:00  sploss: 3.7340 (3.8790)  famloss: 1.6704 (1.7871)  manuloss: 0.9719 (1.1535)  acc1: 36.7188 (36.4530)  acc5: 60.9375 (59.4740)  family_acc1: 65.6250 (64.1790)  manu_acc1: 80.4688 (75.6690)  time: 0.4577  data: 0.2888  max mem: 10892
Test: Total time: 0:03:14 (0.4967 s / it)
* Acc@1 36.453 Acc@5 59.474 family@1 64.179 manu@1 75.669 sploss 3.879 fmloss 1.787 mfloss 1.154
FPA: 29.252% | TICE: 42.384%   
 wAP: 40.082  |  LCA: 133.252   |   Precision and Recall: 53.694%
Accuracy of the network on the 100000 test images: 36.5%
Max accuracy: 36.45%
Epoch: [99]  [  0/312]  eta: 0:30:44  lr: 0.000010  sp_loss: 4.4366 (4.4366)  fam_loss: 3.0454 (3.0454)  manu_loss: 2.2429 (2.2429)  gk_loss: 1.7948 (1.7948)  time: 5.9111  data: 5.6426  max mem: 10892
Epoch: [99]  [250/312]  eta: 0:00:31  lr: 0.000010  sp_loss: 4.8865 (4.3688)  fam_loss: 3.2301 (3.0135)  manu_loss: 2.3535 (2.2047)  gk_loss: 1.8996 (1.7484)  time: 0.4163  data: 0.1876  max mem: 10892
Epoch: [99]  [311/312]  eta: 0:00:00  lr: 0.000010  sp_loss: 3.9274 (4.3329)  fam_loss: 2.7119 (2.9933)  manu_loss: 1.9707 (2.1866)  gk_loss: 1.4790 (1.7309)  time: 0.3377  data: 0.1134  max mem: 10892
Epoch: [99] Total time: 0:02:38 (0.5074 s / it)
Averaged stats: lr: 0.000010  sp_loss: 3.9274 (4.3329)  fam_loss: 2.7119 (2.9933)  manu_loss: 1.9707 (2.1866)  gk_loss: 1.4790 (1.7309)
Test:  [  0/391]  eta: 0:38:17  sploss: 3.7597 (3.7597)  famloss: 1.5731 (1.5731)  manuloss: 1.0009 (1.0009)  acc1: 35.1562 (35.1562)  acc5: 59.7656 (59.7656)  family_acc1: 71.4844 (71.4844)  manu_acc1: 80.0781 (80.0781)  time: 5.8772  data: 5.6206  max mem: 10892
Test:  [250/391]  eta: 0:01:18  sploss: 3.8157 (3.9169)  famloss: 1.7887 (1.8283)  manuloss: 1.1894 (1.2071)  acc1: 37.5000 (35.9780)  acc5: 59.3750 (58.5657)  family_acc1: 63.2812 (63.0914)  manu_acc1: 73.0469 (74.2234)  time: 0.4083  data: 0.2225  max mem: 10892
Test:  [390/391]  eta: 0:00:00  sploss: 3.7078 (3.8596)  famloss: 1.6534 (1.7666)  manuloss: 0.9832 (1.1453)  acc1: 36.7188 (36.3710)  acc5: 61.3281 (59.3980)  family_acc1: 66.0156 (64.1670)  manu_acc1: 80.4688 (75.6060)  time: 0.5120  data: 0.3361  max mem: 10892
Test: Total time: 0:03:34 (0.5491 s / it)
* Acc@1 36.371 Acc@5 59.398 family@1 64.167 manu@1 75.606 sploss 3.860 fmloss 1.767 mfloss 1.145
FPA: 29.228% | TICE: 42.328%   
 wAP: 40.008  |  LCA: 133.325   |   Precision and Recall: 53.683%
Accuracy of the network on the 100000 test images: 36.4%
Max accuracy: 36.45%
Training time 7:25:00
Test:  [  0/391]  eta: 0:38:09  sploss: 3.7596 (3.7596)  famloss: 1.5726 (1.5726)  manuloss: 1.0008 (1.0008)  acc1: 35.1562 (35.1562)  acc5: 59.7656 (59.7656)  family_acc1: 71.4844 (71.4844)  manu_acc1: 80.0781 (80.0781)  time: 5.8546  data: 5.6465  max mem: 10892
Test:  [  1/391]  eta: 0:20:58  sploss: 3.7596 (3.8052)  famloss: 1.5726 (1.6507)  manuloss: 1.0008 (1.0836)  acc1: 35.1562 (36.9141)  acc5: 59.7656 (59.7656)  family_acc1: 65.6250 (68.5547)  manu_acc1: 76.5625 (78.3203)  time: 3.2262  data: 3.0222  max mem: 10892
Test:  [  2/391]  eta: 0:14:19  sploss: 3.8441 (3.8182)  famloss: 1.5726 (1.5883)  manuloss: 1.0008 (0.9901)  acc1: 35.9375 (36.5885)  acc5: 59.7656 (58.9844)  family_acc1: 71.4844 (70.4427)  manu_acc1: 80.0781 (79.4271)  time: 2.2093  data: 2.0149  max mem: 10892
Test:  [  3/391]  eta: 0:11:00  sploss: 3.8441 (3.9290)  famloss: 1.5726 (1.6279)  manuloss: 0.9979 (0.9921)  acc1: 35.1562 (35.6445)  acc5: 57.4219 (57.1289)  family_acc1: 65.6250 (68.6523)  manu_acc1: 77.3438 (78.9062)  time: 1.7017  data: 1.5113  max mem: 10892
Test:  [  4/391]  eta: 0:09:00  sploss: 3.8508 (3.9743)  famloss: 1.7287 (1.6838)  manuloss: 1.0008 (1.0492)  acc1: 35.1562 (35.1562)  acc5: 57.4219 (56.0938)  family_acc1: 65.6250 (67.7344)  manu_acc1: 77.3438 (77.8906)  time: 1.3962  data: 1.2091  max mem: 10892
Test:  [  5/391]  eta: 0:07:40  sploss: 3.8508 (3.9782)  famloss: 1.7287 (1.7209)  manuloss: 1.0008 (1.0767)  acc1: 33.2031 (34.5703)  acc5: 57.4219 (56.7708)  family_acc1: 64.0625 (66.6667)  manu_acc1: 76.5625 (77.3438)  time: 1.1941  data: 1.0076  max mem: 10892
Test:  [  6/391]  eta: 0:06:43  sploss: 3.8508 (3.9440)  famloss: 1.7287 (1.7083)  manuloss: 1.0055 (1.0665)  acc1: 35.1562 (34.6540)  acc5: 59.7656 (57.5335)  family_acc1: 65.6250 (66.6853)  manu_acc1: 77.3438 (77.5112)  time: 1.0489  data: 0.8637  max mem: 10892
Test:  [  7/391]  eta: 0:06:01  sploss: 3.8508 (3.9869)  famloss: 1.7287 (1.7158)  manuloss: 1.0055 (1.0899)  acc1: 33.2031 (33.9844)  acc5: 57.4219 (56.8848)  family_acc1: 65.6250 (66.5527)  manu_acc1: 76.5625 (76.9043)  time: 0.9404  data: 0.7558  max mem: 10892
Test:  [  8/391]  eta: 0:05:28  sploss: 3.9977 (4.0553)  famloss: 1.7467 (1.8121)  manuloss: 1.1665 (1.1919)  acc1: 33.2031 (33.2465)  acc5: 57.4219 (55.8594)  family_acc1: 65.6250 (64.4531)  manu_acc1: 76.5625 (74.8698)  time: 0.8570  data: 0.6719  max mem: 10892
Test:  [  9/391]  eta: 0:05:01  sploss: 3.9977 (4.0704)  famloss: 1.7467 (1.8468)  manuloss: 1.1665 (1.2207)  acc1: 33.2031 (33.3594)  acc5: 57.4219 (56.0156)  family_acc1: 64.0625 (63.6719)  manu_acc1: 74.6094 (74.4141)  time: 0.7898  data: 0.6047  max mem: 10892
Test:  [ 10/391]  eta: 0:04:39  sploss: 4.1556 (4.0936)  famloss: 1.7687 (1.8614)  manuloss: 1.2143 (1.2267)  acc1: 33.2031 (33.0966)  acc5: 57.4219 (55.7173)  family_acc1: 64.0625 (63.3168)  manu_acc1: 74.6094 (74.3253)  time: 0.7345  data: 0.5498  max mem: 10892
Test:  [ 11/391]  eta: 0:04:21  sploss: 3.9977 (4.0765)  famloss: 1.7467 (1.8471)  manuloss: 1.2143 (1.2281)  acc1: 33.2031 (33.3333)  acc5: 57.4219 (55.9570)  family_acc1: 64.0625 (63.5742)  manu_acc1: 73.8281 (74.2839)  time: 0.6886  data: 0.5040  max mem: 10892
Test:  [ 12/391]  eta: 0:05:07  sploss: 3.9977 (4.0604)  famloss: 1.7687 (1.8501)  manuloss: 1.2356 (1.2287)  acc1: 34.3750 (33.5337)  acc5: 57.4219 (56.1599)  family_acc1: 64.8438 (63.6719)  manu_acc1: 74.6094 (74.3389)  time: 0.8107  data: 0.6242  max mem: 10892
Test:  [ 13/391]  eta: 0:05:12  sploss: 3.9977 (4.0665)  famloss: 1.7687 (1.8668)  manuloss: 1.2356 (1.2362)  acc1: 33.2031 (33.1194)  acc5: 57.4219 (55.8873)  family_acc1: 64.0625 (63.5045)  manu_acc1: 73.8281 (74.2188)  time: 0.8265  data: 0.6376  max mem: 10892
Test:  [ 14/391]  eta: 0:04:56  sploss: 3.9977 (4.0529)  famloss: 1.7687 (1.8564)  manuloss: 1.2356 (1.2296)  acc1: 33.9844 (33.1771)  acc5: 57.4219 (55.8333)  family_acc1: 64.0625 (63.5417)  manu_acc1: 74.6094 (74.4531)  time: 0.7851  data: 0.5951  max mem: 10892
Test:  [ 15/391]  eta: 0:04:40  sploss: 3.8885 (4.0376)  famloss: 1.7467 (1.8445)  manuloss: 1.2143 (1.2235)  acc1: 33.9844 (33.4717)  acc5: 57.4219 (56.1035)  family_acc1: 64.0625 (63.7207)  manu_acc1: 74.6094 (74.5361)  time: 0.7473  data: 0.5580  max mem: 10892
Test:  [ 16/391]  eta: 0:04:27  sploss: 3.8885 (4.0257)  famloss: 1.7467 (1.8330)  manuloss: 1.2143 (1.2159)  acc1: 34.3750 (33.7316)  acc5: 57.4219 (56.2500)  family_acc1: 64.8438 (63.9246)  manu_acc1: 75.0000 (74.6094)  time: 0.7140  data: 0.5251  max mem: 10892
Test:  [ 17/391]  eta: 0:04:15  sploss: 3.8680 (4.0089)  famloss: 1.7287 (1.8169)  manuloss: 1.1665 (1.2016)  acc1: 34.3750 (34.0278)  acc5: 57.4219 (56.6406)  family_acc1: 64.8438 (64.2795)  manu_acc1: 75.0000 (74.9349)  time: 0.6842  data: 0.4960  max mem: 10892
Test:  [ 18/391]  eta: 0:04:05  sploss: 3.8885 (4.0043)  famloss: 1.7467 (1.8135)  manuloss: 1.2143 (1.2056)  acc1: 35.1562 (34.2928)  acc5: 57.4219 (56.5789)  family_acc1: 65.6250 (64.4531)  manu_acc1: 75.0000 (74.8355)  time: 0.6577  data: 0.4699  max mem: 10892
Test:  [ 19/391]  eta: 0:03:55  sploss: 3.8885 (4.0035)  famloss: 1.7467 (1.8139)  manuloss: 1.2143 (1.2085)  acc1: 34.3750 (34.1992)  acc5: 57.4219 (56.6992)  family_acc1: 64.8438 (64.3750)  manu_acc1: 74.6094 (74.8047)  time: 0.6337  data: 0.4464  max mem: 10892
Test:  [ 20/391]  eta: 0:03:47  sploss: 3.9206 (4.0251)  famloss: 1.7514 (1.8302)  manuloss: 1.2356 (1.2191)  acc1: 33.9844 (34.0588)  acc5: 57.4219 (56.3802)  family_acc1: 64.0625 (64.0811)  manu_acc1: 74.2188 (74.6280)  time: 0.3501  data: 0.1641  max mem: 10892
Test:  [ 21/391]  eta: 0:03:39  sploss: 3.9887 (4.0361)  famloss: 1.7687 (1.8441)  manuloss: 1.2437 (1.2317)  acc1: 33.9844 (34.1087)  acc5: 55.4688 (56.2678)  family_acc1: 64.0625 (63.7429)  manu_acc1: 73.8281 (74.2720)  time: 0.3295  data: 0.1442  max mem: 10892
Test:  [ 22/391]  eta: 0:03:32  sploss: 3.9887 (4.0257)  famloss: 1.8220 (1.8435)  manuloss: 1.2535 (1.2335)  acc1: 33.9844 (34.2391)  acc5: 55.4688 (56.4198)  family_acc1: 63.2812 (63.7058)  manu_acc1: 73.8281 (74.2188)  time: 0.3296  data: 0.1442  max mem: 10892
Test:  [ 23/391]  eta: 0:03:25  sploss: 3.9206 (4.0098)  famloss: 1.8286 (1.8468)  manuloss: 1.2618 (1.2401)  acc1: 34.3750 (34.5215)  acc5: 57.4219 (56.7546)  family_acc1: 62.8906 (63.6068)  manu_acc1: 73.4375 (73.9746)  time: 0.3300  data: 0.1442  max mem: 10892
Test:  [ 24/391]  eta: 0:03:47  sploss: 3.9206 (4.0077)  famloss: 1.8220 (1.8406)  manuloss: 1.2535 (1.2399)  acc1: 34.3750 (34.5156)  acc5: 57.4219 (56.7812)  family_acc1: 62.8906 (63.7656)  manu_acc1: 73.4375 (74.0625)  time: 0.4266  data: 0.2393  max mem: 10892
Test:  [ 25/391]  eta: 0:03:50  sploss: 3.8885 (4.0022)  famloss: 1.8155 (1.8396)  manuloss: 1.2535 (1.2402)  acc1: 35.1562 (34.6154)  acc5: 57.4219 (56.9411)  family_acc1: 64.0625 (63.8371)  manu_acc1: 73.4375 (74.0385)  time: 0.4610  data: 0.2730  max mem: 10892
Test:  [ 26/391]  eta: 0:03:43  sploss: 3.8885 (3.9868)  famloss: 1.8155 (1.8363)  manuloss: 1.2535 (1.2392)  acc1: 35.1562 (34.9248)  acc5: 57.4219 (57.2338)  family_acc1: 64.0625 (63.8744)  manu_acc1: 73.0469 (73.9439)  time: 0.4612  data: 0.2730  max mem: 10892
Test:  [ 27/391]  eta: 0:03:37  sploss: 3.8885 (3.9906)  famloss: 1.8220 (1.8417)  manuloss: 1.2618 (1.2425)  acc1: 35.1562 (34.9191)  acc5: 57.4219 (57.2126)  family_acc1: 62.8906 (63.7277)  manu_acc1: 73.0469 (73.8421)  time: 0.4616  data: 0.2730  max mem: 10892
Test:  [ 28/391]  eta: 0:03:32  sploss: 3.8680 (3.9841)  famloss: 1.8155 (1.8349)  manuloss: 1.2473 (1.2358)  acc1: 35.5469 (34.9407)  acc5: 58.2031 (57.2468)  family_acc1: 64.0625 (63.7662)  manu_acc1: 73.4375 (73.9763)  time: 0.4612  data: 0.2730  max mem: 10892
Test:  [ 29/391]  eta: 0:03:26  sploss: 3.8680 (3.9822)  famloss: 1.8155 (1.8358)  manuloss: 1.2473 (1.2377)  acc1: 35.9375 (35.1172)  acc5: 58.2031 (57.2656)  family_acc1: 64.0625 (63.7500)  manu_acc1: 73.4375 (73.9323)  time: 0.4614  data: 0.2730  max mem: 10892
Test:  [ 30/391]  eta: 0:03:21  sploss: 3.8652 (3.9741)  famloss: 1.8074 (1.8348)  manuloss: 1.2437 (1.2357)  acc1: 35.9375 (35.2949)  acc5: 58.5938 (57.4471)  family_acc1: 64.0625 (63.7349)  manu_acc1: 73.4375 (73.9541)  time: 0.4613  data: 0.2730  max mem: 10892
Test:  [ 31/391]  eta: 0:03:16  sploss: 3.8652 (3.9708)  famloss: 1.8101 (1.8341)  manuloss: 1.2356 (1.2325)  acc1: 35.9375 (35.2905)  acc5: 58.5938 (57.5073)  family_acc1: 64.0625 (63.7573)  manu_acc1: 73.4375 (74.0601)  time: 0.4608  data: 0.2730  max mem: 10892
Test:  [ 32/391]  eta: 0:03:12  sploss: 3.8623 (3.9650)  famloss: 1.8074 (1.8247)  manuloss: 1.2345 (1.2240)  acc1: 36.3281 (35.3220)  acc5: 58.5938 (57.5876)  family_acc1: 64.0625 (63.8613)  manu_acc1: 73.4375 (74.3490)  time: 0.3556  data: 0.1696  max mem: 10892
Test:  [ 33/391]  eta: 0:03:07  sploss: 3.8359 (3.9579)  famloss: 1.7514 (1.8162)  manuloss: 1.2121 (1.2163)  acc1: 37.1094 (35.4320)  acc5: 58.9844 (57.7665)  family_acc1: 64.4531 (63.9936)  manu_acc1: 74.2188 (74.5290)  time: 0.3129  data: 0.1291  max mem: 10892
Test:  [ 34/391]  eta: 0:03:03  sploss: 3.8080 (3.9536)  famloss: 1.7954 (1.8156)  manuloss: 1.2121 (1.2122)  acc1: 37.1094 (35.4799)  acc5: 58.9844 (57.7902)  family_acc1: 64.8438 (64.0402)  manu_acc1: 74.2188 (74.6540)  time: 0.3112  data: 0.1291  max mem: 10892
Test:  [ 35/391]  eta: 0:02:59  sploss: 3.8075 (3.9452)  famloss: 1.7954 (1.8063)  manuloss: 1.2121 (1.2078)  acc1: 37.1094 (35.6228)  acc5: 58.9844 (57.9427)  family_acc1: 64.8438 (64.2036)  manu_acc1: 74.2188 (74.7830)  time: 0.3111  data: 0.1291  max mem: 10892
Test:  [ 36/391]  eta: 0:03:15  sploss: 3.8075 (3.9474)  famloss: 1.7954 (1.8045)  manuloss: 1.2121 (1.2075)  acc1: 37.1094 (35.5258)  acc5: 58.9844 (57.9286)  family_acc1: 64.4531 (64.1997)  manu_acc1: 74.2188 (74.7783)  time: 0.4103  data: 0.2273  max mem: 10892
Test:  [ 37/391]  eta: 0:03:18  sploss: 3.8652 (3.9569)  famloss: 1.8074 (1.8126)  manuloss: 1.2345 (1.2136)  acc1: 36.3281 (35.3002)  acc5: 58.5938 (57.6994)  family_acc1: 64.0625 (63.9597)  manu_acc1: 73.4375 (74.5169)  time: 0.4484  data: 0.2651  max mem: 10892
Test:  [ 38/391]  eta: 0:03:14  sploss: 3.8652 (3.9631)  famloss: 1.8101 (1.8141)  manuloss: 1.2345 (1.2180)  acc1: 35.5469 (35.1963)  acc5: 58.5938 (57.5721)  family_acc1: 63.2812 (63.9123)  manu_acc1: 73.4375 (74.4291)  time: 0.4485  data: 0.2651  max mem: 10892
Test:  [ 39/391]  eta: 0:03:10  sploss: 3.8652 (3.9712)  famloss: 1.8101 (1.8195)  manuloss: 1.2345 (1.2225)  acc1: 35.5469 (35.1270)  acc5: 58.2031 (57.4902)  family_acc1: 63.2812 (63.8281)  manu_acc1: 73.0469 (74.3359)  time: 0.4484  data: 0.2651  max mem: 10892
Test:  [ 40/391]  eta: 0:03:06  sploss: 3.8652 (3.9772)  famloss: 1.8101 (1.8232)  manuloss: 1.2345 (1.2242)  acc1: 35.5469 (34.9943)  acc5: 58.2031 (57.3933)  family_acc1: 63.2812 (63.7100)  manu_acc1: 73.4375 (74.3712)  time: 0.4482  data: 0.2651  max mem: 10892
Test:  [ 41/391]  eta: 0:03:03  sploss: 3.8652 (3.9807)  famloss: 1.8074 (1.8226)  manuloss: 1.2121 (1.2229)  acc1: 35.5469 (34.9330)  acc5: 58.2031 (57.3103)  family_acc1: 64.0625 (63.7556)  manu_acc1: 74.6094 (74.3955)  time: 0.4476  data: 0.2651  max mem: 10892
Test:  [ 42/391]  eta: 0:02:59  sploss: 3.8685 (3.9824)  famloss: 1.7985 (1.8213)  manuloss: 1.2121 (1.2234)  acc1: 35.5469 (34.9746)  acc5: 57.8125 (57.2402)  family_acc1: 64.4531 (63.7718)  manu_acc1: 74.6094 (74.4004)  time: 0.4476  data: 0.2651  max mem: 10892
Test:  [ 43/391]  eta: 0:02:56  sploss: 3.8875 (3.9803)  famloss: 1.7985 (1.8244)  manuloss: 1.2121 (1.2233)  acc1: 35.5469 (34.9876)  acc5: 57.8125 (57.3153)  family_acc1: 64.4531 (63.6808)  manu_acc1: 74.6094 (74.3874)  time: 0.4474  data: 0.2651  max mem: 10892
Test:  [ 44/391]  eta: 0:02:53  sploss: 3.8875 (3.9785)  famloss: 1.7985 (1.8229)  manuloss: 1.1993 (1.2190)  acc1: 35.5469 (35.0174)  acc5: 57.8125 (57.2656)  family_acc1: 64.4531 (63.7153)  manu_acc1: 74.6094 (74.4705)  time: 0.3512  data: 0.1700  max mem: 10892
Test:  [ 45/391]  eta: 0:02:50  sploss: 3.9021 (3.9837)  famloss: 1.7985 (1.8253)  manuloss: 1.1993 (1.2200)  acc1: 35.5469 (35.0119)  acc5: 57.4219 (57.2266)  family_acc1: 64.0625 (63.6379)  manu_acc1: 74.6094 (74.4990)  time: 0.3167  data: 0.1364  max mem: 10892
Test:  [ 46/391]  eta: 0:02:48  sploss: 3.9021 (3.9805)  famloss: 1.7985 (1.8245)  manuloss: 1.1781 (1.2178)  acc1: 35.1562 (35.0150)  acc5: 57.4219 (57.3138)  family_acc1: 63.2812 (63.5888)  manu_acc1: 75.3906 (74.5761)  time: 0.3166  data: 0.1364  max mem: 10892
Test:  [ 47/391]  eta: 0:02:45  sploss: 3.9021 (3.9789)  famloss: 1.7985 (1.8260)  manuloss: 1.1781 (1.2187)  acc1: 35.1562 (34.9935)  acc5: 57.8125 (57.3975)  family_acc1: 63.2812 (63.5173)  manu_acc1: 75.3906 (74.5361)  time: 0.3162  data: 0.1364  max mem: 10892
Test:  [ 48/391]  eta: 0:02:56  sploss: 3.9021 (3.9772)  famloss: 1.7985 (1.8239)  manuloss: 1.1781 (1.2165)  acc1: 35.1562 (34.9570)  acc5: 57.4219 (57.3820)  family_acc1: 63.2812 (63.5284)  manu_acc1: 75.3906 (74.6014)  time: 0.4145  data: 0.2335  max mem: 10892
Test:  [ 49/391]  eta: 0:02:57  sploss: 3.9021 (3.9778)  famloss: 1.7954 (1.8221)  manuloss: 1.1733 (1.2148)  acc1: 35.1562 (35.0391)  acc5: 57.4219 (57.4453)  family_acc1: 64.0625 (63.5703)  manu_acc1: 75.7812 (74.6328)  time: 0.4425  data: 0.2619  max mem: 10892
Test:  [ 50/391]  eta: 0:02:54  sploss: 3.9021 (3.9740)  famloss: 1.7954 (1.8235)  manuloss: 1.1733 (1.2162)  acc1: 35.1562 (35.0567)  acc5: 57.4219 (57.4908)  family_acc1: 64.0625 (63.5493)  manu_acc1: 75.7812 (74.5941)  time: 0.4424  data: 0.2619  max mem: 10892
Test:  [ 51/391]  eta: 0:02:52  sploss: 3.9067 (3.9767)  famloss: 1.7954 (1.8278)  manuloss: 1.1993 (1.2217)  acc1: 35.1562 (35.0586)  acc5: 56.6406 (57.4144)  family_acc1: 62.5000 (63.4240)  manu_acc1: 75.3906 (74.4366)  time: 0.4429  data: 0.2619  max mem: 10892
Test:  [ 52/391]  eta: 0:02:49  sploss: 3.9067 (3.9740)  famloss: 1.7954 (1.8269)  manuloss: 1.2195 (1.2219)  acc1: 35.1562 (35.1415)  acc5: 56.6406 (57.5103)  family_acc1: 62.5000 (63.4802)  manu_acc1: 74.6094 (74.3809)  time: 0.4434  data: 0.2619  max mem: 10892
Test:  [ 53/391]  eta: 0:02:47  sploss: 3.9067 (3.9722)  famloss: 1.7985 (1.8277)  manuloss: 1.2332 (1.2229)  acc1: 34.7656 (35.1345)  acc5: 56.6406 (57.6027)  family_acc1: 62.5000 (63.4621)  manu_acc1: 74.6094 (74.3490)  time: 0.4438  data: 0.2619  max mem: 10892
Test:  [ 54/391]  eta: 0:02:44  sploss: 3.9981 (3.9727)  famloss: 1.8665 (1.8299)  manuloss: 1.2332 (1.2224)  acc1: 34.7656 (35.1065)  acc5: 55.4688 (57.5639)  family_acc1: 62.1094 (63.4091)  manu_acc1: 74.2188 (74.3466)  time: 0.4443  data: 0.2619  max mem: 10892
Test:  [ 55/391]  eta: 0:02:42  sploss: 3.9981 (3.9698)  famloss: 1.8665 (1.8271)  manuloss: 1.2332 (1.2203)  acc1: 34.7656 (35.1702)  acc5: 55.4688 (57.5405)  family_acc1: 62.1094 (63.4277)  manu_acc1: 74.2188 (74.3931)  time: 0.4442  data: 0.2619  max mem: 10892
Test:  [ 56/391]  eta: 0:02:40  sploss: 3.9067 (3.9672)  famloss: 1.8665 (1.8263)  manuloss: 1.2418 (1.2208)  acc1: 34.7656 (35.1631)  acc5: 55.4688 (57.6138)  family_acc1: 62.1094 (63.4389)  manu_acc1: 73.8281 (74.3490)  time: 0.3452  data: 0.1636  max mem: 10892
Test:  [ 57/391]  eta: 0:02:37  sploss: 3.9021 (3.9654)  famloss: 1.8463 (1.8266)  manuloss: 1.2332 (1.2193)  acc1: 34.7656 (35.2303)  acc5: 56.2500 (57.6643)  family_acc1: 62.1094 (63.3688)  manu_acc1: 74.2188 (74.3737)  time: 0.3072  data: 0.1258  max mem: 10892
Test:  [ 58/391]  eta: 0:02:35  sploss: 3.9021 (3.9656)  famloss: 1.7985 (1.8249)  manuloss: 1.2195 (1.2180)  acc1: 35.1562 (35.2754)  acc5: 56.6406 (57.6801)  family_acc1: 62.5000 (63.3938)  manu_acc1: 74.6094 (74.4174)  time: 0.3072  data: 0.1258  max mem: 10892
Test:  [ 59/391]  eta: 0:02:33  sploss: 3.8916 (3.9590)  famloss: 1.7863 (1.8220)  manuloss: 1.1952 (1.2160)  acc1: 35.1562 (35.3451)  acc5: 58.5938 (57.7669)  family_acc1: 62.5000 (63.4310)  manu_acc1: 75.3906 (74.4466)  time: 0.3071  data: 0.1258  max mem: 10892
Test:  [ 60/391]  eta: 0:02:53  sploss: 3.8875 (3.9549)  famloss: 1.7863 (1.8216)  manuloss: 1.1952 (1.2159)  acc1: 35.5469 (35.4124)  acc5: 59.7656 (57.8893)  family_acc1: 64.0625 (63.4413)  manu_acc1: 75.3906 (74.4941)  time: 0.5103  data: 0.3282  max mem: 10892
Test:  [ 61/391]  eta: 0:02:51  sploss: 3.8768 (3.9536)  famloss: 1.7822 (1.8196)  manuloss: 1.1952 (1.2130)  acc1: 35.9375 (35.4587)  acc5: 60.5469 (57.9448)  family_acc1: 64.0625 (63.4703)  manu_acc1: 75.7812 (74.5275)  time: 0.5103  data: 0.3282  max mem: 10892
Test:  [ 62/391]  eta: 0:02:50  sploss: 3.8768 (3.9561)  famloss: 1.7863 (1.8198)  manuloss: 1.1952 (1.2148)  acc1: 35.5469 (35.4477)  acc5: 60.5469 (57.9241)  family_acc1: 64.0625 (63.4859)  manu_acc1: 75.7812 (74.4420)  time: 0.5278  data: 0.3456  max mem: 10892
Test:  [ 63/391]  eta: 0:02:48  sploss: 3.8763 (3.9482)  famloss: 1.7822 (1.8176)  manuloss: 1.1509 (1.2138)  acc1: 35.9375 (35.5713)  acc5: 60.5469 (58.0078)  family_acc1: 64.0625 (63.5376)  manu_acc1: 75.7812 (74.4385)  time: 0.5276  data: 0.3456  max mem: 10892
Test:  [ 64/391]  eta: 0:02:46  sploss: 3.8763 (3.9472)  famloss: 1.7863 (1.8183)  manuloss: 1.1509 (1.2119)  acc1: 35.1562 (35.5168)  acc5: 60.5469 (58.0228)  family_acc1: 64.0625 (63.4315)  manu_acc1: 75.3906 (74.4531)  time: 0.5274  data: 0.3456  max mem: 10892
Test:  [ 65/391]  eta: 0:02:44  sploss: 3.8648 (3.9419)  famloss: 1.7822 (1.8172)  manuloss: 1.1509 (1.2115)  acc1: 35.9375 (35.6061)  acc5: 60.5469 (58.1084)  family_acc1: 64.0625 (63.4529)  manu_acc1: 74.6094 (74.4555)  time: 0.5271  data: 0.3456  max mem: 10892
Test:  [ 66/391]  eta: 0:02:42  sploss: 3.8763 (3.9415)  famloss: 1.7822 (1.8181)  manuloss: 1.1804 (1.2111)  acc1: 35.9375 (35.5819)  acc5: 60.5469 (58.1040)  family_acc1: 64.0625 (63.4270)  manu_acc1: 74.2188 (74.4345)  time: 0.5269  data: 0.3456  max mem: 10892
Test:  [ 67/391]  eta: 0:02:40  sploss: 3.8648 (3.9376)  famloss: 1.7798 (1.8137)  manuloss: 1.1509 (1.2081)  acc1: 37.8906 (35.6330)  acc5: 60.5469 (58.1399)  family_acc1: 64.0625 (63.4938)  manu_acc1: 74.6094 (74.5002)  time: 0.5265  data: 0.3456  max mem: 10892
Test:  [ 68/391]  eta: 0:02:38  sploss: 3.8353 (3.9350)  famloss: 1.7798 (1.8112)  manuloss: 1.1509 (1.2071)  acc1: 37.8906 (35.6488)  acc5: 60.5469 (58.2314)  family_acc1: 64.4531 (63.5587)  manu_acc1: 74.6094 (74.5131)  time: 0.4278  data: 0.2484  max mem: 10892
Test:  [ 69/391]  eta: 0:02:36  sploss: 3.8353 (3.9344)  famloss: 1.7822 (1.8114)  manuloss: 1.1509 (1.2058)  acc1: 37.5000 (35.6752)  acc5: 60.5469 (58.2589)  family_acc1: 64.0625 (63.5603)  manu_acc1: 74.6094 (74.5201)  time: 0.3992  data: 0.2200  max mem: 10892
Test:  [ 70/391]  eta: 0:02:34  sploss: 3.8648 (3.9357)  famloss: 1.7798 (1.8088)  manuloss: 1.1423 (1.2037)  acc1: 37.5000 (35.6789)  acc5: 60.5469 (58.2306)  family_acc1: 64.4531 (63.6059)  manu_acc1: 75.0000 (74.5764)  time: 0.4011  data: 0.2200  max mem: 10892
Test:  [ 71/391]  eta: 0:02:32  sploss: 3.8353 (3.9307)  famloss: 1.7453 (1.8038)  manuloss: 1.1395 (1.2020)  acc1: 37.8906 (35.7151)  acc5: 60.5469 (58.3171)  family_acc1: 64.4531 (63.6990)  manu_acc1: 75.3906 (74.6094)  time: 0.4036  data: 0.2200  max mem: 10892
Test:  [ 72/391]  eta: 0:02:47  sploss: 3.8229 (3.9277)  famloss: 1.7264 (1.8024)  manuloss: 1.1351 (1.1986)  acc1: 37.5000 (35.6967)  acc5: 60.5469 (58.3637)  family_acc1: 64.4531 (63.7040)  manu_acc1: 75.3906 (74.6950)  time: 0.5916  data: 0.4080  max mem: 10892
Test:  [ 73/391]  eta: 0:02:45  sploss: 3.8229 (3.9277)  famloss: 1.6988 (1.7989)  manuloss: 1.1159 (1.1955)  acc1: 37.5000 (35.6947)  acc5: 60.5469 (58.3720)  family_acc1: 64.4531 (63.7880)  manu_acc1: 75.7812 (74.7836)  time: 0.5914  data: 0.4080  max mem: 10892
Test:  [ 74/391]  eta: 0:02:47  sploss: 3.8229 (3.9266)  famloss: 1.6952 (1.7962)  manuloss: 1.1067 (1.1937)  acc1: 37.5000 (35.7188)  acc5: 60.5469 (58.3854)  family_acc1: 64.8438 (63.8646)  manu_acc1: 76.1719 (74.8438)  time: 0.6344  data: 0.4513  max mem: 10892
Test:  [ 75/391]  eta: 0:02:45  sploss: 3.8447 (3.9288)  famloss: 1.6988 (1.7973)  manuloss: 1.1159 (1.1937)  acc1: 37.5000 (35.6548)  acc5: 60.5469 (58.3111)  family_acc1: 64.8438 (63.8466)  manu_acc1: 75.7812 (74.8407)  time: 0.6346  data: 0.4513  max mem: 10892
Test:  [ 76/391]  eta: 0:02:43  sploss: 3.8648 (3.9291)  famloss: 1.6988 (1.7980)  manuloss: 1.1159 (1.1935)  acc1: 37.5000 (35.6433)  acc5: 60.1562 (58.3198)  family_acc1: 64.8438 (63.8241)  manu_acc1: 76.1719 (74.8580)  time: 0.6339  data: 0.4513  max mem: 10892
Test:  [ 77/391]  eta: 0:02:41  sploss: 3.8763 (3.9310)  famloss: 1.6988 (1.7970)  manuloss: 1.1011 (1.1916)  acc1: 36.7188 (35.5919)  acc5: 59.3750 (58.2282)  family_acc1: 64.8438 (63.8221)  manu_acc1: 76.1719 (74.8748)  time: 0.6339  data: 0.4513  max mem: 10892
Test:  [ 78/391]  eta: 0:02:39  sploss: 3.8763 (3.9312)  famloss: 1.6988 (1.7968)  manuloss: 1.1011 (1.1917)  acc1: 35.9375 (35.5568)  acc5: 59.3750 (58.2427)  family_acc1: 64.4531 (63.8153)  manu_acc1: 76.1719 (74.8863)  time: 0.6338  data: 0.4513  max mem: 10892
Test:  [ 79/391]  eta: 0:02:37  sploss: 3.8814 (3.9347)  famloss: 1.7198 (1.7989)  manuloss: 1.1159 (1.1912)  acc1: 35.5469 (35.5371)  acc5: 59.3750 (58.1982)  family_acc1: 64.0625 (63.7891)  manu_acc1: 76.1719 (74.9268)  time: 0.6341  data: 0.4513  max mem: 10892
Test:  [ 80/391]  eta: 0:02:36  sploss: 3.8919 (3.9374)  famloss: 1.7198 (1.8019)  manuloss: 1.1159 (1.1906)  acc1: 34.7656 (35.4649)  acc5: 58.9844 (58.1501)  family_acc1: 64.0625 (63.7008)  manu_acc1: 75.7812 (74.9325)  time: 0.4307  data: 0.2489  max mem: 10892
Test:  [ 81/391]  eta: 0:02:34  sploss: 3.9136 (3.9379)  famloss: 1.7453 (1.8023)  manuloss: 1.1397 (1.1905)  acc1: 34.7656 (35.4707)  acc5: 58.9844 (58.1555)  family_acc1: 63.6719 (63.6290)  manu_acc1: 75.3906 (74.9238)  time: 0.4307  data: 0.2489  max mem: 10892
Test:  [ 82/391]  eta: 0:02:32  sploss: 3.9019 (3.9374)  famloss: 1.7453 (1.8041)  manuloss: 1.1397 (1.1920)  acc1: 35.1562 (35.4669)  acc5: 58.9844 (58.1372)  family_acc1: 63.6719 (63.5919)  manu_acc1: 75.3906 (74.8447)  time: 0.4135  data: 0.2315  max mem: 10892
Test:  [ 83/391]  eta: 0:02:30  sploss: 3.9136 (3.9418)  famloss: 1.7828 (1.8069)  manuloss: 1.1397 (1.1941)  acc1: 34.7656 (35.3981)  acc5: 58.9844 (58.0729)  family_acc1: 63.2812 (63.5510)  manu_acc1: 75.3906 (74.8233)  time: 0.4137  data: 0.2315  max mem: 10892
Test:  [ 84/391]  eta: 0:02:41  sploss: 3.9275 (3.9433)  famloss: 1.7828 (1.8100)  manuloss: 1.1423 (1.1952)  acc1: 34.7656 (35.3585)  acc5: 58.5938 (58.0607)  family_acc1: 63.2812 (63.4835)  manu_acc1: 75.3906 (74.8162)  time: 0.5861  data: 0.4009  max mem: 10892
Test:  [ 85/391]  eta: 0:02:40  sploss: 3.9480 (3.9437)  famloss: 1.8312 (1.8126)  manuloss: 1.1423 (1.1965)  acc1: 34.3750 (35.3425)  acc5: 57.8125 (58.0578)  family_acc1: 62.5000 (63.4357)  manu_acc1: 75.3906 (74.7593)  time: 0.5876  data: 0.4009  max mem: 10892
Test:  [ 86/391]  eta: 0:02:42  sploss: 3.9480 (3.9425)  famloss: 1.7828 (1.8112)  manuloss: 1.1397 (1.1946)  acc1: 34.7656 (35.3448)  acc5: 58.5938 (58.0954)  family_acc1: 63.2812 (63.4743)  manu_acc1: 75.7812 (74.8114)  time: 0.6400  data: 0.4526  max mem: 10892
Test:  [ 87/391]  eta: 0:02:40  sploss: 3.9481 (3.9450)  famloss: 1.8312 (1.8120)  manuloss: 1.1423 (1.1947)  acc1: 34.7656 (35.3516)  acc5: 57.8125 (58.0833)  family_acc1: 62.5000 (63.4588)  manu_acc1: 75.7812 (74.8313)  time: 0.6400  data: 0.4527  max mem: 10892
Test:  [ 88/391]  eta: 0:02:38  sploss: 3.9481 (3.9445)  famloss: 1.8312 (1.8103)  manuloss: 1.1397 (1.1937)  acc1: 34.7656 (35.3713)  acc5: 57.8125 (58.0846)  family_acc1: 62.5000 (63.4919)  manu_acc1: 75.7812 (74.8420)  time: 0.6398  data: 0.4526  max mem: 10892
Test:  [ 89/391]  eta: 0:02:36  sploss: 3.9481 (3.9427)  famloss: 1.8283 (1.8105)  manuloss: 1.1397 (1.1929)  acc1: 34.7656 (35.3906)  acc5: 57.8125 (58.1076)  family_acc1: 62.1094 (63.4635)  manu_acc1: 76.1719 (74.8611)  time: 0.6396  data: 0.4526  max mem: 10892
Test:  [ 90/391]  eta: 0:02:35  sploss: 3.9480 (3.9422)  famloss: 1.8389 (1.8117)  manuloss: 1.1495 (1.1926)  acc1: 34.3750 (35.3709)  acc5: 58.2031 (58.1387)  family_acc1: 62.1094 (63.4572)  manu_acc1: 76.1719 (74.8798)  time: 0.6376  data: 0.4526  max mem: 10892
Test:  [ 91/391]  eta: 0:02:33  sploss: 3.9481 (3.9447)  famloss: 1.8511 (1.8136)  manuloss: 1.1632 (1.1940)  acc1: 33.9844 (35.3049)  acc5: 57.8125 (58.1097)  family_acc1: 62.1094 (63.4299)  manu_acc1: 75.7812 (74.8599)  time: 0.6346  data: 0.4526  max mem: 10892
Test:  [ 92/391]  eta: 0:02:31  sploss: 3.9794 (3.9458)  famloss: 1.8772 (1.8177)  manuloss: 1.1791 (1.1956)  acc1: 33.9844 (35.2571)  acc5: 57.0312 (58.0813)  family_acc1: 61.7188 (63.3401)  manu_acc1: 75.7812 (74.8026)  time: 0.4461  data: 0.2647  max mem: 10892
Test:  [ 93/391]  eta: 0:02:30  sploss: 3.9823 (3.9465)  famloss: 1.8772 (1.8180)  manuloss: 1.1791 (1.1949)  acc1: 33.5938 (35.2227)  acc5: 57.0312 (58.0369)  family_acc1: 61.7188 (63.3311)  manu_acc1: 75.7812 (74.8213)  time: 0.4458  data: 0.2647  max mem: 10892
Test:  [ 94/391]  eta: 0:02:28  sploss: 4.0094 (3.9482)  famloss: 1.8793 (1.8200)  manuloss: 1.1834 (1.1955)  acc1: 32.8125 (35.1933)  acc5: 56.6406 (58.0016)  family_acc1: 60.9375 (63.2977)  manu_acc1: 75.3906 (74.8232)  time: 0.4024  data: 0.2214  max mem: 10892
Test:  [ 95/391]  eta: 0:02:27  sploss: 3.9823 (3.9459)  famloss: 1.8772 (1.8196)  manuloss: 1.1834 (1.1955)  acc1: 33.5938 (35.2214)  acc5: 57.0312 (58.0322)  family_acc1: 60.9375 (63.2935)  manu_acc1: 75.3906 (74.8210)  time: 0.4023  data: 0.2214  max mem: 10892
Test:  [ 96/391]  eta: 0:02:32  sploss: 4.0094 (3.9485)  famloss: 1.9216 (1.8211)  manuloss: 1.1990 (1.1970)  acc1: 33.5938 (35.2569)  acc5: 56.6406 (57.9816)  family_acc1: 60.9375 (63.2692)  manu_acc1: 75.0000 (74.7664)  time: 0.5097  data: 0.3277  max mem: 10892
Test:  [ 97/391]  eta: 0:02:30  sploss: 3.9823 (3.9478)  famloss: 1.9230 (1.8222)  manuloss: 1.2033 (1.1988)  acc1: 33.5938 (35.2400)  acc5: 57.0312 (57.9799)  family_acc1: 60.9375 (63.2653)  manu_acc1: 74.6094 (74.7250)  time: 0.5095  data: 0.3277  max mem: 10892
Test:  [ 98/391]  eta: 0:02:36  sploss: 4.0094 (3.9507)  famloss: 1.9470 (1.8248)  manuloss: 1.2045 (1.2013)  acc1: 33.5938 (35.2075)  acc5: 56.6406 (57.9388)  family_acc1: 60.9375 (63.2063)  manu_acc1: 74.2188 (74.6488)  time: 0.6284  data: 0.4458  max mem: 10892
Test:  [ 99/391]  eta: 0:02:34  sploss: 3.9823 (3.9502)  famloss: 1.9230 (1.8240)  manuloss: 1.2486 (1.2024)  acc1: 33.5938 (35.2422)  acc5: 57.0312 (57.9609)  family_acc1: 60.9375 (63.2461)  manu_acc1: 74.2188 (74.6133)  time: 0.6284  data: 0.4458  max mem: 10892
Test:  [100/391]  eta: 0:02:33  sploss: 3.9794 (3.9500)  famloss: 1.9230 (1.8253)  manuloss: 1.2853 (1.2036)  acc1: 33.9844 (35.2568)  acc5: 57.0312 (57.9711)  family_acc1: 60.9375 (63.2426)  manu_acc1: 73.0469 (74.5978)  time: 0.6286  data: 0.4458  max mem: 10892
Test:  [101/391]  eta: 0:02:31  sploss: 3.9663 (3.9502)  famloss: 1.9230 (1.8253)  manuloss: 1.2853 (1.2039)  acc1: 33.9844 (35.2635)  acc5: 57.0312 (57.9657)  family_acc1: 60.9375 (63.2544)  manu_acc1: 73.0469 (74.6017)  time: 0.6285  data: 0.4458  max mem: 10892
Test:  [102/391]  eta: 0:02:30  sploss: 3.9663 (3.9487)  famloss: 1.9216 (1.8256)  manuloss: 1.2486 (1.2041)  acc1: 33.9844 (35.3004)  acc5: 57.4219 (57.9945)  family_acc1: 61.7188 (63.2395)  manu_acc1: 74.2188 (74.6056)  time: 0.6287  data: 0.4458  max mem: 10892
Test:  [103/391]  eta: 0:02:28  sploss: 3.9285 (3.9474)  famloss: 1.8772 (1.8244)  manuloss: 1.2486 (1.2047)  acc1: 35.5469 (35.3178)  acc5: 57.8125 (58.0041)  family_acc1: 62.1094 (63.2512)  manu_acc1: 74.2188 (74.5944)  time: 0.6285  data: 0.4458  max mem: 10892
Test:  [104/391]  eta: 0:02:27  sploss: 3.9285 (3.9493)  famloss: 1.8772 (1.8274)  manuloss: 1.2486 (1.2069)  acc1: 35.9375 (35.3274)  acc5: 57.8125 (57.9874)  family_acc1: 62.1094 (63.2068)  manu_acc1: 73.4375 (74.5536)  time: 0.4565  data: 0.2764  max mem: 10892
Test:  [105/391]  eta: 0:02:26  sploss: 3.9063 (3.9484)  famloss: 1.8772 (1.8287)  manuloss: 1.2486 (1.2081)  acc1: 35.9375 (35.3552)  acc5: 57.8125 (58.0078)  family_acc1: 62.1094 (63.1818)  manu_acc1: 73.8281 (74.5467)  time: 0.4549  data: 0.2764  max mem: 10892
Test:  [106/391]  eta: 0:02:24  sploss: 3.9285 (3.9518)  famloss: 1.9216 (1.8312)  manuloss: 1.2604 (1.2086)  acc1: 35.9375 (35.3205)  acc5: 57.4219 (57.9439)  family_acc1: 61.7188 (63.1462)  manu_acc1: 73.8281 (74.5400)  time: 0.4030  data: 0.2247  max mem: 10892
Test:  [107/391]  eta: 0:02:23  sploss: 3.9285 (3.9534)  famloss: 1.9230 (1.8328)  manuloss: 1.2627 (1.2102)  acc1: 35.9375 (35.3154)  acc5: 57.8125 (57.9427)  family_acc1: 60.9375 (63.1113)  manu_acc1: 73.4375 (74.5190)  time: 0.4032  data: 0.2247  max mem: 10892
Test:  [108/391]  eta: 0:02:27  sploss: 3.9663 (3.9540)  famloss: 1.9481 (1.8357)  manuloss: 1.3133 (1.2139)  acc1: 35.9375 (35.3534)  acc5: 57.8125 (57.9523)  family_acc1: 60.9375 (63.0949)  manu_acc1: 73.0469 (74.4374)  time: 0.5080  data: 0.3281  max mem: 10892
Test:  [109/391]  eta: 0:02:25  sploss: 3.9803 (3.9543)  famloss: 1.9650 (1.8369)  manuloss: 1.3196 (1.2154)  acc1: 34.7656 (35.3480)  acc5: 57.4219 (57.9439)  family_acc1: 61.3281 (63.0895)  manu_acc1: 73.0469 (74.3963)  time: 0.5087  data: 0.3281  max mem: 10892
Test:  [110/391]  eta: 0:02:31  sploss: 4.0094 (3.9572)  famloss: 1.9650 (1.8376)  manuloss: 1.3199 (1.2174)  acc1: 34.7656 (35.3005)  acc5: 57.0312 (57.9040)  family_acc1: 61.3281 (63.0983)  manu_acc1: 72.2656 (74.3278)  time: 0.6416  data: 0.4597  max mem: 10892
Test:  [111/391]  eta: 0:02:29  sploss: 3.9923 (3.9575)  famloss: 1.9611 (1.8387)  manuloss: 1.3265 (1.2185)  acc1: 34.7656 (35.2888)  acc5: 57.4219 (57.9136)  family_acc1: 61.3281 (63.0824)  manu_acc1: 71.0938 (74.2955)  time: 0.6422  data: 0.4597  max mem: 10892
Test:  [112/391]  eta: 0:02:28  sploss: 3.9803 (3.9554)  famloss: 1.9481 (1.8389)  manuloss: 1.3265 (1.2195)  acc1: 35.9375 (35.3187)  acc5: 57.8125 (57.9300)  family_acc1: 61.3281 (63.0669)  manu_acc1: 71.0938 (74.2429)  time: 0.6425  data: 0.4597  max mem: 10892
Test:  [113/391]  eta: 0:02:27  sploss: 3.9803 (3.9559)  famloss: 1.9611 (1.8405)  manuloss: 1.3283 (1.2225)  acc1: 35.9375 (35.3070)  acc5: 57.8125 (57.9427)  family_acc1: 61.3281 (63.0311)  manu_acc1: 70.7031 (74.1605)  time: 0.6427  data: 0.4597  max mem: 10892
Test:  [114/391]  eta: 0:02:25  sploss: 3.9706 (3.9561)  famloss: 1.9481 (1.8397)  manuloss: 1.3283 (1.2229)  acc1: 35.9375 (35.3091)  acc5: 57.8125 (57.9348)  family_acc1: 61.3281 (63.0367)  manu_acc1: 70.7031 (74.1542)  time: 0.6427  data: 0.4597  max mem: 10892
Test:  [115/391]  eta: 0:02:24  sploss: 3.9706 (3.9522)  famloss: 1.9481 (1.8376)  manuloss: 1.3283 (1.2224)  acc1: 35.9375 (35.3751)  acc5: 57.8125 (57.9876)  family_acc1: 61.3281 (63.0826)  manu_acc1: 70.7031 (74.1716)  time: 0.6428  data: 0.4597  max mem: 10892
Test:  [116/391]  eta: 0:02:22  sploss: 3.9663 (3.9508)  famloss: 1.9230 (1.8366)  manuloss: 1.3265 (1.2216)  acc1: 35.9375 (35.4000)  acc5: 58.9844 (58.0228)  family_acc1: 61.7188 (63.1143)  manu_acc1: 71.0938 (74.1854)  time: 0.5357  data: 0.3535  max mem: 10892
Test:  [117/391]  eta: 0:02:21  sploss: 3.9706 (3.9525)  famloss: 1.9481 (1.8380)  manuloss: 1.3199 (1.2220)  acc1: 35.9375 (35.4045)  acc5: 58.9844 (58.0045)  family_acc1: 61.3281 (63.0892)  manu_acc1: 71.4844 (74.1625)  time: 0.5360  data: 0.3535  max mem: 10892
Test:  [118/391]  eta: 0:02:20  sploss: 3.9663 (3.9516)  famloss: 1.9220 (1.8374)  manuloss: 1.3133 (1.2208)  acc1: 35.9375 (35.3992)  acc5: 58.9844 (58.0357)  family_acc1: 61.7188 (63.0941)  manu_acc1: 72.2656 (74.1925)  time: 0.4171  data: 0.2353  max mem: 10892
Test:  [119/391]  eta: 0:02:19  sploss: 3.9663 (3.9504)  famloss: 1.9220 (1.8360)  manuloss: 1.2706 (1.2187)  acc1: 35.9375 (35.4069)  acc5: 58.9844 (58.0599)  family_acc1: 61.7188 (63.1120)  manu_acc1: 73.0469 (74.2318)  time: 0.4168  data: 0.2353  max mem: 10892
Test:  [120/391]  eta: 0:02:22  sploss: 3.9663 (3.9484)  famloss: 1.8589 (1.8334)  manuloss: 1.2659 (1.2170)  acc1: 35.9375 (35.4694)  acc5: 58.9844 (58.1160)  family_acc1: 61.7188 (63.1586)  manu_acc1: 73.4375 (74.2575)  time: 0.5177  data: 0.3351  max mem: 10892
Test:  [121/391]  eta: 0:02:21  sploss: 3.8525 (3.9450)  famloss: 1.8589 (1.8311)  manuloss: 1.2659 (1.2156)  acc1: 36.3281 (35.5277)  acc5: 58.9844 (58.1519)  family_acc1: 61.7188 (63.1884)  manu_acc1: 73.4375 (74.2860)  time: 0.5177  data: 0.3351  max mem: 10892
Test:  [122/391]  eta: 0:02:25  sploss: 3.8525 (3.9429)  famloss: 1.8589 (1.8293)  manuloss: 1.2659 (1.2141)  acc1: 36.3281 (35.5532)  acc5: 58.9844 (58.1587)  family_acc1: 62.5000 (63.2495)  manu_acc1: 73.4375 (74.3204)  time: 0.6478  data: 0.4648  max mem: 10892
Test:  [123/391]  eta: 0:02:24  sploss: 3.8525 (3.9414)  famloss: 1.8589 (1.8271)  manuloss: 1.2659 (1.2124)  acc1: 36.3281 (35.5910)  acc5: 58.9844 (58.1496)  family_acc1: 62.5000 (63.2749)  manu_acc1: 73.4375 (74.3574)  time: 0.6476  data: 0.4648  max mem: 10892
Test:  [124/391]  eta: 0:02:22  sploss: 3.8437 (3.9401)  famloss: 1.7872 (1.8268)  manuloss: 1.2627 (1.2118)  acc1: 36.3281 (35.6063)  acc5: 58.9844 (58.1469)  family_acc1: 63.6719 (63.2812)  manu_acc1: 73.8281 (74.3750)  time: 0.6475  data: 0.4648  max mem: 10892
Test:  [125/391]  eta: 0:02:21  sploss: 3.8092 (3.9384)  famloss: 1.7621 (1.8247)  manuloss: 1.1685 (1.2102)  acc1: 36.3281 (35.6306)  acc5: 58.9844 (58.1845)  family_acc1: 63.6719 (63.3123)  manu_acc1: 73.8281 (74.4017)  time: 0.6476  data: 0.4648  max mem: 10892
Test:  [126/391]  eta: 0:02:20  sploss: 3.7844 (3.9355)  famloss: 1.7492 (1.8234)  manuloss: 1.1284 (1.2076)  acc1: 37.5000 (35.6515)  acc5: 58.9844 (58.2277)  family_acc1: 64.0625 (63.3366)  manu_acc1: 75.7812 (74.4617)  time: 0.6471  data: 0.4648  max mem: 10892
Test:  [127/391]  eta: 0:02:19  sploss: 3.7833 (3.9333)  famloss: 1.7282 (1.8219)  manuloss: 1.1241 (1.2064)  acc1: 37.5000 (35.6506)  acc5: 59.3750 (58.2764)  family_acc1: 64.0625 (63.3484)  manu_acc1: 76.1719 (74.4995)  time: 0.6470  data: 0.4648  max mem: 10892
Test:  [128/391]  eta: 0:02:17  sploss: 3.7566 (3.9316)  famloss: 1.7282 (1.8222)  manuloss: 1.1241 (1.2066)  acc1: 37.5000 (35.6831)  acc5: 59.7656 (58.3212)  family_acc1: 64.0625 (63.3479)  manu_acc1: 76.1719 (74.4973)  time: 0.5426  data: 0.3614  max mem: 10892
Test:  [129/391]  eta: 0:02:16  sploss: 3.7566 (3.9323)  famloss: 1.7282 (1.8218)  manuloss: 1.0810 (1.2056)  acc1: 37.5000 (35.6671)  acc5: 59.7656 (58.3293)  family_acc1: 64.0625 (63.3203)  manu_acc1: 76.1719 (74.4982)  time: 0.5422  data: 0.3614  max mem: 10892
Test:  [130/391]  eta: 0:02:15  sploss: 3.7566 (3.9317)  famloss: 1.7282 (1.8218)  manuloss: 1.0810 (1.2063)  acc1: 38.2812 (35.6960)  acc5: 59.7656 (58.3254)  family_acc1: 64.8438 (63.3349)  manu_acc1: 76.1719 (74.4931)  time: 0.4091  data: 0.2298  max mem: 10892
Test:  [131/391]  eta: 0:02:14  sploss: 3.7229 (3.9292)  famloss: 1.6740 (1.8200)  manuloss: 1.0778 (1.2051)  acc1: 38.2812 (35.6978)  acc5: 60.9375 (58.3452)  family_acc1: 65.2344 (63.3523)  manu_acc1: 76.5625 (74.5117)  time: 0.4081  data: 0.2298  max mem: 10892
Test:  [132/391]  eta: 0:02:15  sploss: 3.7179 (3.9260)  famloss: 1.6549 (1.8178)  manuloss: 1.0567 (1.2037)  acc1: 38.2812 (35.7642)  acc5: 60.9375 (58.4087)  family_acc1: 65.2344 (63.3870)  manu_acc1: 76.5625 (74.5242)  time: 0.4721  data: 0.2944  max mem: 10892
Test:  [133/391]  eta: 0:02:14  sploss: 3.7124 (3.9233)  famloss: 1.6325 (1.8164)  manuloss: 1.0567 (1.2030)  acc1: 38.2812 (35.8034)  acc5: 61.7188 (58.4363)  family_acc1: 65.6250 (63.4183)  manu_acc1: 76.5625 (74.5365)  time: 0.4718  data: 0.2944  max mem: 10892
Test:  [134/391]  eta: 0:02:18  sploss: 3.7012 (3.9213)  famloss: 1.6273 (1.8146)  manuloss: 1.0471 (1.2015)  acc1: 38.6719 (35.8275)  acc5: 61.7188 (58.4462)  family_acc1: 66.4062 (63.4520)  manu_acc1: 76.9531 (74.5573)  time: 0.6076  data: 0.4300  max mem: 10892
Test:  [135/391]  eta: 0:02:17  sploss: 3.7012 (3.9189)  famloss: 1.6273 (1.8126)  manuloss: 1.0394 (1.1997)  acc1: 38.6719 (35.8772)  acc5: 61.7188 (58.4990)  family_acc1: 66.4062 (63.5024)  manu_acc1: 77.3438 (74.6065)  time: 0.6076  data: 0.4300  max mem: 10892
Test:  [136/391]  eta: 0:02:15  sploss: 3.6814 (3.9152)  famloss: 1.6024 (1.8110)  manuloss: 1.0394 (1.1986)  acc1: 38.6719 (35.9318)  acc5: 61.7188 (58.5681)  family_acc1: 66.4062 (63.5293)  manu_acc1: 77.3438 (74.6094)  time: 0.6071  data: 0.4300  max mem: 10892
Test:  [137/391]  eta: 0:02:14  sploss: 3.6578 (3.9131)  famloss: 1.5989 (1.8094)  manuloss: 1.0385 (1.1968)  acc1: 39.0625 (35.9601)  acc5: 61.7188 (58.5909)  family_acc1: 66.4062 (63.5502)  manu_acc1: 77.3438 (74.6490)  time: 0.6065  data: 0.4300  max mem: 10892
Test:  [138/391]  eta: 0:02:13  sploss: 3.6578 (3.9131)  famloss: 1.5989 (1.8086)  manuloss: 1.0340 (1.1956)  acc1: 39.0625 (35.9768)  acc5: 61.7188 (58.5938)  family_acc1: 66.4062 (63.5567)  manu_acc1: 77.3438 (74.6628)  time: 0.6061  data: 0.4300  max mem: 10892
Test:  [139/391]  eta: 0:02:12  sploss: 3.6578 (3.9125)  famloss: 1.5989 (1.8085)  manuloss: 1.0385 (1.1948)  acc1: 39.0625 (35.9961)  acc5: 61.7188 (58.6021)  family_acc1: 66.4062 (63.5435)  manu_acc1: 77.3438 (74.6819)  time: 0.6060  data: 0.4300  max mem: 10892
Test:  [140/391]  eta: 0:02:11  sploss: 3.6513 (3.9093)  famloss: 1.5989 (1.8052)  manuloss: 1.0385 (1.1925)  acc1: 39.0625 (36.0234)  acc5: 61.7188 (58.6547)  family_acc1: 66.4062 (63.5971)  manu_acc1: 77.3438 (74.7257)  time: 0.5047  data: 0.3301  max mem: 10892
Test:  [141/391]  eta: 0:02:09  sploss: 3.6578 (3.9090)  famloss: 1.6024 (1.8039)  manuloss: 1.0340 (1.1912)  acc1: 38.6719 (36.0063)  acc5: 60.9375 (58.6488)  family_acc1: 66.4062 (63.6224)  manu_acc1: 77.3438 (74.7552)  time: 0.5042  data: 0.3301  max mem: 10892
Test:  [142/391]  eta: 0:02:08  sploss: 3.6578 (3.9086)  famloss: 1.6196 (1.8046)  manuloss: 1.0340 (1.1908)  acc1: 38.6719 (35.9894)  acc5: 60.9375 (58.6620)  family_acc1: 66.4062 (63.5981)  manu_acc1: 76.9531 (74.7651)  time: 0.3735  data: 0.2004  max mem: 10892
Test:  [143/391]  eta: 0:02:07  sploss: 3.6513 (3.9055)  famloss: 1.6196 (1.8024)  manuloss: 1.0340 (1.1893)  acc1: 38.6719 (36.0324)  acc5: 61.7188 (58.7212)  family_acc1: 66.4062 (63.6556)  manu_acc1: 76.9531 (74.8020)  time: 0.3735  data: 0.2004  max mem: 10892
Test:  [144/391]  eta: 0:02:09  sploss: 3.6513 (3.9047)  famloss: 1.6196 (1.8011)  manuloss: 1.0340 (1.1884)  acc1: 38.6719 (36.0426)  acc5: 62.1094 (58.7473)  family_acc1: 66.4062 (63.6746)  manu_acc1: 76.9531 (74.8168)  time: 0.4681  data: 0.2946  max mem: 10892
Test:  [145/391]  eta: 0:02:08  sploss: 3.6252 (3.9026)  famloss: 1.6207 (1.8004)  manuloss: 1.0340 (1.1873)  acc1: 38.6719 (36.0579)  acc5: 62.1094 (58.7917)  family_acc1: 66.4062 (63.6612)  manu_acc1: 76.9531 (74.8314)  time: 0.4681  data: 0.2946  max mem: 10892
Test:  [146/391]  eta: 0:02:10  sploss: 3.6513 (3.9025)  famloss: 1.6207 (1.7996)  manuloss: 1.0471 (1.1865)  acc1: 38.6719 (36.0464)  acc5: 61.7188 (58.8063)  family_acc1: 65.6250 (63.6745)  manu_acc1: 76.9531 (74.8512)  time: 0.5610  data: 0.3867  max mem: 10892
Test:  [147/391]  eta: 0:02:09  sploss: 3.6578 (3.9028)  famloss: 1.6207 (1.7991)  manuloss: 1.0471 (1.1861)  acc1: 38.6719 (36.0299)  acc5: 60.9375 (58.7891)  family_acc1: 65.6250 (63.6772)  manu_acc1: 76.9531 (74.8680)  time: 0.5612  data: 0.3867  max mem: 10892
Test:  [148/391]  eta: 0:02:08  sploss: 3.6578 (3.9017)  famloss: 1.6207 (1.7986)  manuloss: 1.0471 (1.1855)  acc1: 38.2812 (36.0240)  acc5: 60.9375 (58.7956)  family_acc1: 65.6250 (63.6824)  manu_acc1: 76.9531 (74.8951)  time: 0.5630  data: 0.3867  max mem: 10892
Test:  [149/391]  eta: 0:02:07  sploss: 3.6578 (3.9009)  famloss: 1.6196 (1.7974)  manuloss: 1.0340 (1.1842)  acc1: 38.2812 (36.0208)  acc5: 60.9375 (58.8047)  family_acc1: 66.4062 (63.7083)  manu_acc1: 77.3438 (74.9245)  time: 0.5642  data: 0.3867  max mem: 10892
Test:  [150/391]  eta: 0:02:06  sploss: 3.6578 (3.9020)  famloss: 1.6196 (1.7973)  manuloss: 1.0340 (1.1833)  acc1: 38.2812 (36.0177)  acc5: 60.9375 (58.7904)  family_acc1: 66.4062 (63.7262)  manu_acc1: 77.3438 (74.9508)  time: 0.5655  data: 0.3867  max mem: 10892
Test:  [151/391]  eta: 0:02:05  sploss: 3.7493 (3.9024)  famloss: 1.6207 (1.7979)  manuloss: 1.0340 (1.1835)  acc1: 38.2812 (36.0172)  acc5: 60.5469 (58.7839)  family_acc1: 66.4062 (63.7284)  manu_acc1: 77.3438 (74.9512)  time: 0.5664  data: 0.3867  max mem: 10892
Test:  [152/391]  eta: 0:02:04  sploss: 3.7493 (3.9004)  famloss: 1.6273 (1.7968)  manuloss: 1.0340 (1.1819)  acc1: 38.2812 (36.0345)  acc5: 60.1562 (58.7929)  family_acc1: 66.4062 (63.7459)  manu_acc1: 77.3438 (74.9719)  time: 0.5020  data: 0.3221  max mem: 10892
Test:  [153/391]  eta: 0:02:03  sploss: 3.7797 (3.9011)  famloss: 1.6273 (1.7961)  manuloss: 1.0314 (1.1805)  acc1: 37.5000 (36.0263)  acc5: 60.1562 (58.7967)  family_acc1: 66.4062 (63.7607)  manu_acc1: 77.7344 (75.0000)  time: 0.5024  data: 0.3221  max mem: 10892
Test:  [154/391]  eta: 0:02:02  sploss: 3.8007 (3.9019)  famloss: 1.6881 (1.7968)  manuloss: 1.0340 (1.1819)  acc1: 36.7188 (36.0307)  acc5: 60.1562 (58.7802)  family_acc1: 66.0156 (63.7576)  manu_acc1: 77.7344 (74.9446)  time: 0.3664  data: 0.1864  max mem: 10892
Test:  [155/391]  eta: 0:02:01  sploss: 3.8169 (3.9024)  famloss: 1.6943 (1.7964)  manuloss: 1.0340 (1.1808)  acc1: 35.9375 (36.0301)  acc5: 59.7656 (58.7816)  family_acc1: 65.6250 (63.7495)  manu_acc1: 77.7344 (74.9700)  time: 0.3665  data: 0.1864  max mem: 10892
Test:  [156/391]  eta: 0:02:04  sploss: 3.8494 (3.9023)  famloss: 1.6958 (1.7958)  manuloss: 1.0314 (1.1793)  acc1: 35.9375 (36.0320)  acc5: 59.7656 (58.7679)  family_acc1: 64.4531 (63.7440)  manu_acc1: 78.1250 (75.0025)  time: 0.5050  data: 0.3239  max mem: 10892
Test:  [157/391]  eta: 0:02:03  sploss: 3.8568 (3.9043)  famloss: 1.6959 (1.7970)  manuloss: 1.0340 (1.1805)  acc1: 35.9375 (36.0141)  acc5: 59.3750 (58.7297)  family_acc1: 64.4531 (63.7287)  manu_acc1: 77.7344 (74.9580)  time: 0.5055  data: 0.3239  max mem: 10892
Test:  [158/391]  eta: 0:02:03  sploss: 3.8568 (3.9056)  famloss: 1.7012 (1.7979)  manuloss: 1.0386 (1.1805)  acc1: 35.5469 (35.9719)  acc5: 59.3750 (58.6994)  family_acc1: 64.0625 (63.7235)  manu_acc1: 77.7344 (74.9730)  time: 0.5507  data: 0.3686  max mem: 10892
Test:  [159/391]  eta: 0:02:02  sploss: 3.8816 (3.9071)  famloss: 1.7012 (1.7984)  manuloss: 1.0386 (1.1810)  acc1: 35.5469 (35.9595)  acc5: 58.9844 (58.6621)  family_acc1: 64.0625 (63.7183)  manu_acc1: 77.7344 (74.9658)  time: 0.5508  data: 0.3686  max mem: 10892
Test:  [160/391]  eta: 0:02:01  sploss: 3.8923 (3.9072)  famloss: 1.7200 (1.7992)  manuloss: 1.0562 (1.1813)  acc1: 35.5469 (35.9618)  acc5: 57.8125 (58.6544)  family_acc1: 64.0625 (63.7107)  manu_acc1: 77.3438 (74.9539)  time: 0.5510  data: 0.3686  max mem: 10892
Test:  [161/391]  eta: 0:02:00  sploss: 3.9356 (3.9094)  famloss: 1.7253 (1.8003)  manuloss: 1.0717 (1.1817)  acc1: 35.5469 (35.9206)  acc5: 57.8125 (58.6130)  family_acc1: 63.2812 (63.6912)  manu_acc1: 77.3438 (74.9325)  time: 0.5517  data: 0.3686  max mem: 10892
Test:  [162/391]  eta: 0:01:59  sploss: 3.9356 (3.9083)  famloss: 1.7253 (1.8003)  manuloss: 1.0717 (1.1816)  acc1: 35.5469 (35.9279)  acc5: 57.8125 (58.6537)  family_acc1: 63.2812 (63.6791)  manu_acc1: 77.3438 (74.9233)  time: 0.5519  data: 0.3686  max mem: 10892
Test:  [163/391]  eta: 0:01:58  sploss: 3.9382 (3.9090)  famloss: 1.7381 (1.8016)  manuloss: 1.1049 (1.1828)  acc1: 35.5469 (35.9208)  acc5: 57.4219 (58.6390)  family_acc1: 62.8906 (63.6409)  manu_acc1: 76.9531 (74.8952)  time: 0.5519  data: 0.3686  max mem: 10892
Test:  [164/391]  eta: 0:01:57  sploss: 3.9614 (3.9110)  famloss: 1.7887 (1.8022)  manuloss: 1.1049 (1.1822)  acc1: 35.1562 (35.8783)  acc5: 56.6406 (58.6080)  family_acc1: 62.8906 (63.6222)  manu_acc1: 77.3438 (74.9195)  time: 0.4568  data: 0.2744  max mem: 10892
Test:  [165/391]  eta: 0:01:56  sploss: 3.9614 (3.9101)  famloss: 1.7887 (1.8018)  manuloss: 1.1198 (1.1821)  acc1: 35.1562 (35.8904)  acc5: 56.6406 (58.6385)  family_acc1: 62.8906 (63.6295)  manu_acc1: 77.3438 (74.9271)  time: 0.4564  data: 0.2744  max mem: 10892
Test:  [166/391]  eta: 0:01:55  sploss: 3.9745 (3.9118)  famloss: 1.8056 (1.8023)  manuloss: 1.1615 (1.1823)  acc1: 35.1562 (35.8790)  acc5: 56.6406 (58.6335)  family_acc1: 62.8906 (63.6228)  manu_acc1: 76.1719 (74.9298)  time: 0.3635  data: 0.1824  max mem: 10892
Test:  [167/391]  eta: 0:01:54  sploss: 4.0153 (3.9126)  famloss: 1.8527 (1.8026)  manuloss: 1.1615 (1.1817)  acc1: 35.5469 (35.8933)  acc5: 56.6406 (58.6170)  family_acc1: 62.8906 (63.6393)  manu_acc1: 76.1719 (74.9419)  time: 0.3634  data: 0.1824  max mem: 10892
Test:  [168/391]  eta: 0:01:58  sploss: 4.0153 (3.9127)  famloss: 1.8527 (1.8018)  manuloss: 1.1615 (1.1810)  acc1: 35.5469 (35.8774)  acc5: 56.6406 (58.6053)  family_acc1: 62.8906 (63.6349)  manu_acc1: 76.1719 (74.9491)  time: 0.5422  data: 0.3624  max mem: 10892
Test:  [169/391]  eta: 0:01:57  sploss: 4.0156 (3.9150)  famloss: 1.8803 (1.8034)  manuloss: 1.1660 (1.1824)  acc1: 34.7656 (35.8341)  acc5: 56.6406 (58.5754)  family_acc1: 62.8906 (63.6190)  manu_acc1: 75.3906 (74.9219)  time: 0.5413  data: 0.3624  max mem: 10892
Test:  [170/391]  eta: 0:01:57  sploss: 4.0156 (3.9162)  famloss: 1.8850 (1.8044)  manuloss: 1.1803 (1.1829)  acc1: 34.7656 (35.8027)  acc5: 56.2500 (58.5572)  family_acc1: 62.5000 (63.5782)  manu_acc1: 75.0000 (74.9200)  time: 0.5775  data: 0.3997  max mem: 10892
Test:  [171/391]  eta: 0:01:56  sploss: 4.0183 (3.9168)  famloss: 1.8850 (1.8043)  manuloss: 1.1660 (1.1825)  acc1: 33.9844 (35.7876)  acc5: 56.2500 (58.5438)  family_acc1: 62.5000 (63.5856)  manu_acc1: 75.3906 (74.9432)  time: 0.5768  data: 0.3997  max mem: 10892
Test:  [172/391]  eta: 0:01:55  sploss: 4.0183 (3.9170)  famloss: 1.8902 (1.8056)  manuloss: 1.1803 (1.1833)  acc1: 33.9844 (35.7659)  acc5: 56.2500 (58.5554)  family_acc1: 62.5000 (63.5432)  manu_acc1: 74.6094 (74.9187)  time: 0.5770  data: 0.3997  max mem: 10892
Test:  [173/391]  eta: 0:01:54  sploss: 4.0212 (3.9186)  famloss: 1.8902 (1.8060)  manuloss: 1.1803 (1.1831)  acc1: 33.2031 (35.7399)  acc5: 56.2500 (58.5219)  family_acc1: 62.5000 (63.5462)  manu_acc1: 74.6094 (74.9237)  time: 0.5767  data: 0.3997  max mem: 10892
Test:  [174/391]  eta: 0:01:53  sploss: 4.0183 (3.9186)  famloss: 1.8850 (1.8061)  manuloss: 1.1803 (1.1832)  acc1: 33.2031 (35.7210)  acc5: 56.2500 (58.5201)  family_acc1: 62.5000 (63.5357)  manu_acc1: 74.6094 (74.9174)  time: 0.5766  data: 0.3997  max mem: 10892
Test:  [175/391]  eta: 0:01:52  sploss: 4.0183 (3.9188)  famloss: 1.8902 (1.8079)  manuloss: 1.2019 (1.1837)  acc1: 33.2031 (35.7222)  acc5: 56.2500 (58.5161)  family_acc1: 61.7188 (63.5076)  manu_acc1: 73.8281 (74.9090)  time: 0.5764  data: 0.3997  max mem: 10892
Test:  [176/391]  eta: 0:01:51  sploss: 4.0557 (3.9196)  famloss: 1.8902 (1.8078)  manuloss: 1.2019 (1.1836)  acc1: 33.2031 (35.7080)  acc5: 55.8594 (58.4989)  family_acc1: 61.7188 (63.5041)  manu_acc1: 73.8281 (74.9139)  time: 0.4378  data: 0.2622  max mem: 10892
Test:  [177/391]  eta: 0:01:50  sploss: 4.0557 (3.9226)  famloss: 1.8902 (1.8103)  manuloss: 1.2019 (1.1854)  acc1: 33.2031 (35.6720)  acc5: 55.8594 (58.4665)  family_acc1: 61.7188 (63.4634)  manu_acc1: 73.8281 (74.8749)  time: 0.4377  data: 0.2622  max mem: 10892
Test:  [178/391]  eta: 0:01:49  sploss: 4.0557 (3.9240)  famloss: 1.8902 (1.8115)  manuloss: 1.2028 (1.1855)  acc1: 33.2031 (35.6625)  acc5: 55.8594 (58.4497)  family_acc1: 61.7188 (63.4449)  manu_acc1: 73.8281 (74.8712)  time: 0.3928  data: 0.2176  max mem: 10892
Test:  [179/391]  eta: 0:01:48  sploss: 4.0183 (3.9244)  famloss: 1.8921 (1.8129)  manuloss: 1.2028 (1.1871)  acc1: 33.2031 (35.6619)  acc5: 56.2500 (58.4462)  family_acc1: 60.9375 (63.4136)  manu_acc1: 73.8281 (74.8481)  time: 0.3927  data: 0.2176  max mem: 10892
Test:  [180/391]  eta: 0:01:52  sploss: 4.0557 (3.9255)  famloss: 1.8902 (1.8130)  manuloss: 1.2019 (1.1869)  acc1: 33.2031 (35.6613)  acc5: 56.2500 (58.4362)  family_acc1: 60.9375 (63.4280)  manu_acc1: 73.8281 (74.8425)  time: 0.5826  data: 0.4071  max mem: 10892
Test:  [181/391]  eta: 0:01:51  sploss: 4.0557 (3.9267)  famloss: 1.8818 (1.8134)  manuloss: 1.1660 (1.1868)  acc1: 33.2031 (35.6520)  acc5: 56.2500 (58.4156)  family_acc1: 61.7188 (63.4186)  manu_acc1: 74.2188 (74.8562)  time: 0.5826  data: 0.4071  max mem: 10892
Test:  [182/391]  eta: 0:01:50  sploss: 4.0622 (3.9286)  famloss: 1.8902 (1.8150)  manuloss: 1.2019 (1.1879)  acc1: 33.2031 (35.6408)  acc5: 56.2500 (58.4038)  family_acc1: 60.9375 (63.3858)  manu_acc1: 74.2188 (74.8292)  time: 0.6045  data: 0.4288  max mem: 10892
Test:  [183/391]  eta: 0:01:49  sploss: 4.1217 (3.9297)  famloss: 1.8818 (1.8151)  manuloss: 1.2019 (1.1882)  acc1: 33.2031 (35.6169)  acc5: 56.2500 (58.3963)  family_acc1: 61.7188 (63.3895)  manu_acc1: 74.2188 (74.8047)  time: 0.6044  data: 0.4288  max mem: 10892
Test:  [184/391]  eta: 0:01:49  sploss: 4.0622 (3.9297)  famloss: 1.8818 (1.8157)  manuloss: 1.2028 (1.1886)  acc1: 33.2031 (35.6081)  acc5: 56.2500 (58.3974)  family_acc1: 61.7188 (63.3742)  manu_acc1: 73.8281 (74.7867)  time: 0.6047  data: 0.4288  max mem: 10892
Test:  [185/391]  eta: 0:01:48  sploss: 4.1046 (3.9307)  famloss: 1.8818 (1.8157)  manuloss: 1.2108 (1.1887)  acc1: 33.2031 (35.5805)  acc5: 56.2500 (58.3879)  family_acc1: 61.7188 (63.3716)  manu_acc1: 73.8281 (74.7858)  time: 0.6046  data: 0.4288  max mem: 10892
Test:  [186/391]  eta: 0:01:47  sploss: 4.0622 (3.9309)  famloss: 1.8797 (1.8158)  manuloss: 1.2108 (1.1888)  acc1: 33.2031 (35.5699)  acc5: 56.2500 (58.3723)  family_acc1: 60.9375 (63.3544)  manu_acc1: 73.8281 (74.7723)  time: 0.6048  data: 0.4288  max mem: 10892
Test:  [187/391]  eta: 0:01:46  sploss: 4.0622 (3.9316)  famloss: 1.8818 (1.8165)  manuloss: 1.2130 (1.1889)  acc1: 33.2031 (35.5760)  acc5: 56.2500 (58.3444)  family_acc1: 60.9375 (63.3498)  manu_acc1: 73.8281 (74.7777)  time: 0.6047  data: 0.4288  max mem: 10892
Test:  [188/391]  eta: 0:01:45  sploss: 4.0622 (3.9307)  famloss: 1.8912 (1.8169)  manuloss: 1.2164 (1.1895)  acc1: 33.2031 (35.5882)  acc5: 56.2500 (58.3478)  family_acc1: 60.5469 (63.3329)  manu_acc1: 73.4375 (74.7623)  time: 0.4240  data: 0.2488  max mem: 10892
Test:  [189/391]  eta: 0:01:44  sploss: 4.0476 (3.9306)  famloss: 1.8912 (1.8174)  manuloss: 1.2130 (1.1893)  acc1: 33.5938 (35.6024)  acc5: 56.2500 (58.3409)  family_acc1: 60.5469 (63.3285)  manu_acc1: 73.8281 (74.7615)  time: 0.4238  data: 0.2487  max mem: 10892
Test:  [190/391]  eta: 0:01:43  sploss: 4.0476 (3.9317)  famloss: 1.8912 (1.8180)  manuloss: 1.2130 (1.1899)  acc1: 33.5938 (35.5796)  acc5: 56.2500 (58.3238)  family_acc1: 61.7188 (63.3222)  manu_acc1: 73.4375 (74.7423)  time: 0.3863  data: 0.2114  max mem: 10892
Test:  [191/391]  eta: 0:01:42  sploss: 4.0476 (3.9312)  famloss: 1.8912 (1.8175)  manuloss: 1.2130 (1.1895)  acc1: 33.5938 (35.5855)  acc5: 56.6406 (58.3374)  family_acc1: 61.7188 (63.3260)  manu_acc1: 73.4375 (74.7599)  time: 0.3863  data: 0.2114  max mem: 10892
Test:  [192/391]  eta: 0:01:46  sploss: 4.0476 (3.9308)  famloss: 1.8818 (1.8171)  manuloss: 1.2108 (1.1891)  acc1: 33.9844 (35.6015)  acc5: 56.6406 (58.3408)  family_acc1: 61.7188 (63.3258)  manu_acc1: 73.8281 (74.7672)  time: 0.5918  data: 0.4163  max mem: 10892
Test:  [193/391]  eta: 0:01:45  sploss: 3.9979 (3.9307)  famloss: 1.8912 (1.8177)  manuloss: 1.2130 (1.1899)  acc1: 33.9844 (35.6012)  acc5: 56.6406 (58.3441)  family_acc1: 61.7188 (63.3155)  manu_acc1: 73.4375 (74.7604)  time: 0.5927  data: 0.4163  max mem: 10892
Test:  [194/391]  eta: 0:01:44  sploss: 4.0476 (3.9316)  famloss: 1.9118 (1.8185)  manuloss: 1.2164 (1.1908)  acc1: 33.9844 (35.6010)  acc5: 56.6406 (58.3413)  family_acc1: 61.7188 (63.3193)  manu_acc1: 73.4375 (74.7496)  time: 0.6031  data: 0.4266  max mem: 10892
Test:  [195/391]  eta: 0:01:43  sploss: 4.0476 (3.9318)  famloss: 1.8912 (1.8186)  manuloss: 1.2130 (1.1901)  acc1: 33.9844 (35.6107)  acc5: 56.6406 (58.3386)  family_acc1: 62.1094 (63.3151)  manu_acc1: 73.4375 (74.7569)  time: 0.6034  data: 0.4266  max mem: 10892
Test:  [196/391]  eta: 0:01:42  sploss: 3.9979 (3.9320)  famloss: 1.8912 (1.8187)  manuloss: 1.2164 (1.1907)  acc1: 34.3750 (35.6044)  acc5: 56.6406 (58.3221)  family_acc1: 61.7188 (63.3011)  manu_acc1: 72.6562 (74.7402)  time: 0.6038  data: 0.4266  max mem: 10892
Test:  [197/391]  eta: 0:01:41  sploss: 3.9979 (3.9323)  famloss: 1.8912 (1.8195)  manuloss: 1.2164 (1.1916)  acc1: 35.1562 (35.6021)  acc5: 56.6406 (58.3097)  family_acc1: 61.7188 (63.2872)  manu_acc1: 72.6562 (74.7218)  time: 0.6036  data: 0.4266  max mem: 10892
Test:  [198/391]  eta: 0:01:41  sploss: 3.9825 (3.9300)  famloss: 1.8818 (1.8189)  manuloss: 1.2130 (1.1911)  acc1: 35.5469 (35.6372)  acc5: 57.0312 (58.3445)  family_acc1: 62.1094 (63.3009)  manu_acc1: 72.6562 (74.7291)  time: 0.6036  data: 0.4266  max mem: 10892
Test:  [199/391]  eta: 0:01:40  sploss: 3.9677 (3.9290)  famloss: 1.8818 (1.8198)  manuloss: 1.2130 (1.1918)  acc1: 35.5469 (35.6465)  acc5: 57.0312 (58.3535)  family_acc1: 62.1094 (63.2695)  manu_acc1: 72.6562 (74.7070)  time: 0.6036  data: 0.4266  max mem: 10892
Test:  [200/391]  eta: 0:01:39  sploss: 3.9640 (3.9287)  famloss: 1.8912 (1.8202)  manuloss: 1.2494 (1.1926)  acc1: 35.5469 (35.6557)  acc5: 57.0312 (58.3703)  family_acc1: 61.7188 (63.2521)  manu_acc1: 72.2656 (74.6871)  time: 0.4140  data: 0.2371  max mem: 10892
Test:  [201/391]  eta: 0:01:38  sploss: 3.9334 (3.9270)  famloss: 1.8912 (1.8195)  manuloss: 1.2494 (1.1922)  acc1: 35.5469 (35.6784)  acc5: 57.8125 (58.3888)  family_acc1: 62.1094 (63.2619)  manu_acc1: 72.2656 (74.6867)  time: 0.4136  data: 0.2371  max mem: 10892
Test:  [202/391]  eta: 0:01:37  sploss: 3.9173 (3.9261)  famloss: 1.8435 (1.8191)  manuloss: 1.2130 (1.1922)  acc1: 36.7188 (35.7066)  acc5: 57.8125 (58.4109)  family_acc1: 62.5000 (63.2620)  manu_acc1: 72.6562 (74.6979)  time: 0.3920  data: 0.2154  max mem: 10892
Test:  [203/391]  eta: 0:01:36  sploss: 3.9082 (3.9253)  famloss: 1.8752 (1.8194)  manuloss: 1.2108 (1.1918)  acc1: 36.7188 (35.7116)  acc5: 58.5938 (58.4272)  family_acc1: 62.5000 (63.2621)  manu_acc1: 73.4375 (74.7147)  time: 0.3922  data: 0.2154  max mem: 10892
Test:  [204/391]  eta: 0:01:39  sploss: 3.8661 (3.9248)  famloss: 1.8422 (1.8192)  manuloss: 1.2108 (1.1920)  acc1: 36.7188 (35.7203)  acc5: 58.9844 (58.4356)  family_acc1: 62.5000 (63.2641)  manu_acc1: 73.4375 (74.7085)  time: 0.5964  data: 0.4187  max mem: 10892
Test:  [205/391]  eta: 0:01:38  sploss: 3.8573 (3.9241)  famloss: 1.8752 (1.8198)  manuloss: 1.2130 (1.1931)  acc1: 37.5000 (35.7327)  acc5: 58.9844 (58.4534)  family_acc1: 62.5000 (63.2623)  manu_acc1: 73.4375 (74.6833)  time: 0.5976  data: 0.4187  max mem: 10892
Test:  [206/391]  eta: 0:01:38  sploss: 3.8379 (3.9224)  famloss: 1.8752 (1.8194)  manuloss: 1.2130 (1.1929)  acc1: 37.5000 (35.7563)  acc5: 58.9844 (58.4692)  family_acc1: 62.5000 (63.2812)  manu_acc1: 73.4375 (74.6792)  time: 0.6194  data: 0.4404  max mem: 10892
Test:  [207/391]  eta: 0:01:37  sploss: 3.8379 (3.9225)  famloss: 1.8422 (1.8193)  manuloss: 1.1928 (1.1929)  acc1: 37.5000 (35.7441)  acc5: 58.9844 (58.4679)  family_acc1: 62.8906 (63.2869)  manu_acc1: 73.4375 (74.6845)  time: 0.6194  data: 0.4404  max mem: 10892
Test:  [208/391]  eta: 0:01:36  sploss: 3.8379 (3.9220)  famloss: 1.8413 (1.8188)  manuloss: 1.1765 (1.1929)  acc1: 37.5000 (35.7599)  acc5: 60.1562 (58.4853)  family_acc1: 63.2812 (63.2906)  manu_acc1: 73.4375 (74.6748)  time: 0.6197  data: 0.4404  max mem: 10892
Test:  [209/391]  eta: 0:01:35  sploss: 3.8237 (3.9205)  famloss: 1.7871 (1.8184)  manuloss: 1.1928 (1.1931)  acc1: 37.5000 (35.7831)  acc5: 60.1562 (58.5045)  family_acc1: 63.2812 (63.3110)  manu_acc1: 73.4375 (74.6763)  time: 0.6196  data: 0.4404  max mem: 10892
Test:  [210/391]  eta: 0:01:35  sploss: 3.8237 (3.9215)  famloss: 1.7871 (1.8184)  manuloss: 1.1928 (1.1932)  acc1: 37.5000 (35.7690)  acc5: 60.1562 (58.4975)  family_acc1: 63.2812 (63.3238)  manu_acc1: 73.8281 (74.6760)  time: 0.6199  data: 0.4404  max mem: 10892
Test:  [211/391]  eta: 0:01:34  sploss: 3.8237 (3.9211)  famloss: 1.7871 (1.8182)  manuloss: 1.1928 (1.1930)  acc1: 37.5000 (35.7754)  acc5: 60.1562 (58.5090)  family_acc1: 63.2812 (63.3328)  manu_acc1: 73.8281 (74.6776)  time: 0.6204  data: 0.4404  max mem: 10892
Test:  [212/391]  eta: 0:01:33  sploss: 3.8027 (3.9204)  famloss: 1.7871 (1.8177)  manuloss: 1.2028 (1.1933)  acc1: 37.5000 (35.7926)  acc5: 60.9375 (58.5204)  family_acc1: 63.6719 (63.3473)  manu_acc1: 73.4375 (74.6662)  time: 0.4149  data: 0.2356  max mem: 10892
Test:  [213/391]  eta: 0:01:32  sploss: 3.8027 (3.9207)  famloss: 1.7871 (1.8179)  manuloss: 1.2028 (1.1937)  acc1: 37.5000 (35.8061)  acc5: 60.9375 (58.5244)  family_acc1: 63.6719 (63.3470)  manu_acc1: 73.4375 (74.6550)  time: 0.4144  data: 0.2356  max mem: 10892
Test:  [214/391]  eta: 0:01:31  sploss: 3.8027 (3.9204)  famloss: 1.7758 (1.8177)  manuloss: 1.2028 (1.1937)  acc1: 37.5000 (35.8158)  acc5: 60.9375 (58.5247)  family_acc1: 63.6719 (63.3503)  manu_acc1: 73.8281 (74.6584)  time: 0.4045  data: 0.2253  max mem: 10892
Test:  [215/391]  eta: 0:01:31  sploss: 3.7892 (3.9195)  famloss: 1.7758 (1.8175)  manuloss: 1.2028 (1.1937)  acc1: 37.8906 (35.8453)  acc5: 60.9375 (58.5449)  family_acc1: 64.0625 (63.3572)  manu_acc1: 73.8281 (74.6672)  time: 0.4045  data: 0.2253  max mem: 10892
Test:  [216/391]  eta: 0:01:33  sploss: 3.7892 (3.9191)  famloss: 1.7758 (1.8179)  manuloss: 1.2028 (1.1938)  acc1: 38.2812 (35.8655)  acc5: 60.9375 (58.5559)  family_acc1: 64.0625 (63.3515)  manu_acc1: 73.8281 (74.6634)  time: 0.6210  data: 0.4410  max mem: 10892
Test:  [217/391]  eta: 0:01:32  sploss: 3.7892 (3.9186)  famloss: 1.7758 (1.8179)  manuloss: 1.1928 (1.1934)  acc1: 38.6719 (35.8909)  acc5: 60.9375 (58.5579)  family_acc1: 64.0625 (63.3583)  manu_acc1: 74.6094 (74.6828)  time: 0.6217  data: 0.4410  max mem: 10892
Test:  [218/391]  eta: 0:01:32  sploss: 3.8027 (3.9187)  famloss: 1.7871 (1.8179)  manuloss: 1.2028 (1.1939)  acc1: 38.2812 (35.8893)  acc5: 60.9375 (58.5527)  family_acc1: 64.0625 (63.3633)  manu_acc1: 73.8281 (74.6718)  time: 0.6360  data: 0.4552  max mem: 10892
Test:  [219/391]  eta: 0:01:31  sploss: 3.8083 (3.9188)  famloss: 1.7871 (1.8180)  manuloss: 1.1928 (1.1937)  acc1: 38.2812 (35.8860)  acc5: 60.9375 (58.5423)  family_acc1: 64.4531 (63.3683)  manu_acc1: 74.6094 (74.6733)  time: 0.6362  data: 0.4552  max mem: 10892
Test:  [220/391]  eta: 0:01:30  sploss: 3.8083 (3.9199)  famloss: 1.7871 (1.8194)  manuloss: 1.1928 (1.1948)  acc1: 38.2812 (35.8774)  acc5: 60.9375 (58.5319)  family_acc1: 64.4531 (63.3413)  manu_acc1: 74.6094 (74.6430)  time: 0.6366  data: 0.4552  max mem: 10892
Test:  [221/391]  eta: 0:01:30  sploss: 3.8237 (3.9201)  famloss: 1.7880 (1.8209)  manuloss: 1.2028 (1.1965)  acc1: 37.8906 (35.8706)  acc5: 60.1562 (58.5304)  family_acc1: 64.0625 (63.3164)  manu_acc1: 73.8281 (74.6023)  time: 0.6375  data: 0.4552  max mem: 10892
Test:  [222/391]  eta: 0:01:29  sploss: 3.8289 (3.9200)  famloss: 1.8121 (1.8214)  manuloss: 1.2069 (1.1973)  acc1: 37.8906 (35.8797)  acc5: 59.3750 (58.5324)  family_acc1: 64.0625 (63.3023)  manu_acc1: 73.8281 (74.5743)  time: 0.6378  data: 0.4552  max mem: 10892
Test:  [223/391]  eta: 0:01:28  sploss: 3.8315 (3.9206)  famloss: 1.8121 (1.8232)  manuloss: 1.2242 (1.1991)  acc1: 37.8906 (35.8782)  acc5: 58.9844 (58.5118)  family_acc1: 64.0625 (63.2621)  manu_acc1: 73.4375 (74.5274)  time: 0.6386  data: 0.4552  max mem: 10892
Test:  [224/391]  eta: 0:01:27  sploss: 3.8512 (3.9210)  famloss: 1.8215 (1.8247)  manuloss: 1.2339 (1.2009)  acc1: 37.8906 (35.8854)  acc5: 58.9844 (58.5052)  family_acc1: 64.0625 (63.2465)  manu_acc1: 72.6562 (74.4931)  time: 0.4352  data: 0.2519  max mem: 10892
Test:  [225/391]  eta: 0:01:26  sploss: 3.9154 (3.9217)  famloss: 1.8215 (1.8264)  manuloss: 1.2339 (1.2020)  acc1: 37.5000 (35.8856)  acc5: 58.9844 (58.5125)  family_acc1: 64.0625 (63.2069)  manu_acc1: 72.6562 (74.4642)  time: 0.4348  data: 0.2519  max mem: 10892
Test:  [226/391]  eta: 0:01:26  sploss: 3.9154 (3.9201)  famloss: 1.8215 (1.8260)  manuloss: 1.2459 (1.2025)  acc1: 37.5000 (35.9186)  acc5: 58.9844 (58.5335)  family_acc1: 64.0625 (63.2055)  manu_acc1: 72.2656 (74.4390)  time: 0.4139  data: 0.2302  max mem: 10892
Test:  [227/391]  eta: 0:01:25  sploss: 3.9154 (3.9213)  famloss: 1.8268 (1.8268)  manuloss: 1.2623 (1.2033)  acc1: 37.5000 (35.8981)  acc5: 58.9844 (58.5132)  family_acc1: 63.2812 (63.1887)  manu_acc1: 72.2656 (74.4192)  time: 0.4148  data: 0.2302  max mem: 10892
Test:  [228/391]  eta: 0:01:27  sploss: 3.9369 (3.9224)  famloss: 1.8289 (1.8283)  manuloss: 1.2727 (1.2043)  acc1: 37.1094 (35.8863)  acc5: 58.5938 (58.4829)  family_acc1: 62.8906 (63.1601)  manu_acc1: 72.2656 (74.3774)  time: 0.5915  data: 0.4058  max mem: 10892
Test:  [229/391]  eta: 0:01:26  sploss: 3.9430 (3.9226)  famloss: 1.8634 (1.8294)  manuloss: 1.2979 (1.2062)  acc1: 36.7188 (35.8899)  acc5: 58.2031 (58.4766)  family_acc1: 62.1094 (63.1250)  manu_acc1: 69.9219 (74.3257)  time: 0.5918  data: 0.4058  max mem: 10892
Test:  [230/391]  eta: 0:01:25  sploss: 3.9430 (3.9243)  famloss: 1.8949 (1.8305)  manuloss: 1.3123 (1.2078)  acc1: 36.7188 (35.8665)  acc5: 58.2031 (58.4432)  family_acc1: 60.1562 (63.0969)  manu_acc1: 68.7500 (74.2830)  time: 0.5923  data: 0.4058  max mem: 10892
Test:  [231/391]  eta: 0:01:24  sploss: 3.9505 (3.9252)  famloss: 1.8949 (1.8307)  manuloss: 1.3123 (1.2080)  acc1: 35.9375 (35.8600)  acc5: 57.4219 (58.4254)  family_acc1: 59.7656 (63.0758)  manu_acc1: 68.7500 (74.2676)  time: 0.5929  data: 0.4058  max mem: 10892
Test:  [232/391]  eta: 0:01:24  sploss: 3.9719 (3.9257)  famloss: 1.9184 (1.8311)  manuloss: 1.3479 (1.2086)  acc1: 35.5469 (35.8537)  acc5: 57.0312 (58.4194)  family_acc1: 59.7656 (63.0784)  manu_acc1: 68.3594 (74.2389)  time: 0.5929  data: 0.4058  max mem: 10892
Test:  [233/391]  eta: 0:01:23  sploss: 3.9719 (3.9266)  famloss: 1.9373 (1.8318)  manuloss: 1.3825 (1.2095)  acc1: 35.5469 (35.8390)  acc5: 57.0312 (58.4051)  family_acc1: 59.3750 (63.0626)  manu_acc1: 68.3594 (74.2154)  time: 0.5929  data: 0.4058  max mem: 10892
Test:  [234/391]  eta: 0:01:22  sploss: 3.9719 (3.9263)  famloss: 1.9373 (1.8316)  manuloss: 1.3825 (1.2094)  acc1: 35.5469 (35.8527)  acc5: 57.0312 (58.4059)  family_acc1: 59.3750 (63.0785)  manu_acc1: 68.3594 (74.2188)  time: 0.5927  data: 0.4058  max mem: 10892
Test:  [235/391]  eta: 0:01:21  sploss: 3.9719 (3.9250)  famloss: 1.9373 (1.8310)  manuloss: 1.3825 (1.2093)  acc1: 35.5469 (35.8729)  acc5: 57.0312 (58.4299)  family_acc1: 59.3750 (63.0859)  manu_acc1: 68.3594 (74.2204)  time: 0.5926  data: 0.4058  max mem: 10892
Test:  [236/391]  eta: 0:01:21  sploss: 3.9719 (3.9244)  famloss: 1.9373 (1.8307)  manuloss: 1.3825 (1.2091)  acc1: 35.5469 (35.8798)  acc5: 57.0312 (58.4520)  family_acc1: 59.3750 (63.0868)  manu_acc1: 68.3594 (74.2188)  time: 0.3766  data: 0.1901  max mem: 10892
Test:  [237/391]  eta: 0:01:20  sploss: 3.9719 (3.9228)  famloss: 1.9373 (1.8303)  manuloss: 1.3825 (1.2093)  acc1: 35.5469 (35.8883)  acc5: 57.0312 (58.4789)  family_acc1: 59.3750 (63.1040)  manu_acc1: 68.3594 (74.2089)  time: 0.3763  data: 0.1901  max mem: 10892
Test:  [238/391]  eta: 0:01:19  sploss: 3.9719 (3.9220)  famloss: 1.9373 (1.8305)  manuloss: 1.3825 (1.2092)  acc1: 35.5469 (35.9048)  acc5: 57.0312 (58.4973)  family_acc1: 59.3750 (63.0982)  manu_acc1: 68.3594 (74.2057)  time: 0.3622  data: 0.1759  max mem: 10892
Test:  [239/391]  eta: 0:01:18  sploss: 3.9719 (3.9206)  famloss: 1.9373 (1.8300)  manuloss: 1.3825 (1.2086)  acc1: 35.9375 (35.9147)  acc5: 57.0312 (58.5124)  family_acc1: 59.3750 (63.1071)  manu_acc1: 68.3594 (74.2122)  time: 0.3625  data: 0.1759  max mem: 10892
Test:  [240/391]  eta: 0:01:19  sploss: 3.9719 (3.9218)  famloss: 1.9373 (1.8307)  manuloss: 1.3479 (1.2088)  acc1: 35.9375 (35.8970)  acc5: 57.0312 (58.4965)  family_acc1: 59.3750 (63.0884)  manu_acc1: 68.7500 (74.1993)  time: 0.5045  data: 0.3171  max mem: 10892
Test:  [241/391]  eta: 0:01:19  sploss: 3.9719 (3.9203)  famloss: 1.9184 (1.8297)  manuloss: 1.2979 (1.2083)  acc1: 36.7188 (35.9117)  acc5: 57.0312 (58.5130)  family_acc1: 59.7656 (63.0989)  manu_acc1: 68.7500 (74.2107)  time: 0.5045  data: 0.3171  max mem: 10892
Test:  [242/391]  eta: 0:01:19  sploss: 3.9719 (3.9203)  famloss: 1.8867 (1.8298)  manuloss: 1.2836 (1.2086)  acc1: 36.7188 (35.9182)  acc5: 57.0312 (58.5021)  family_acc1: 59.7656 (63.0867)  manu_acc1: 69.9219 (74.2043)  time: 0.5630  data: 0.3759  max mem: 10892
Test:  [243/391]  eta: 0:01:18  sploss: 3.9130 (3.9199)  famloss: 1.8710 (1.8298)  manuloss: 1.2586 (1.2086)  acc1: 37.5000 (35.9263)  acc5: 57.0312 (58.5105)  family_acc1: 59.7656 (63.0715)  manu_acc1: 70.7031 (74.2043)  time: 0.5619  data: 0.3759  max mem: 10892
Test:  [244/391]  eta: 0:01:17  sploss: 3.8417 (3.9191)  famloss: 1.8710 (1.8300)  manuloss: 1.2586 (1.2088)  acc1: 37.5000 (35.9359)  acc5: 58.5938 (58.5140)  family_acc1: 60.1562 (63.0612)  manu_acc1: 70.7031 (74.1901)  time: 0.5611  data: 0.3759  max mem: 10892
Test:  [245/391]  eta: 0:01:16  sploss: 3.8417 (3.9190)  famloss: 1.8612 (1.8296)  manuloss: 1.2545 (1.2087)  acc1: 37.5000 (35.9454)  acc5: 58.5938 (58.5159)  family_acc1: 60.5469 (63.0859)  manu_acc1: 71.0938 (74.1949)  time: 0.5603  data: 0.3759  max mem: 10892
Test:  [246/391]  eta: 0:01:16  sploss: 3.8942 (3.9189)  famloss: 1.8710 (1.8300)  manuloss: 1.2499 (1.2087)  acc1: 37.5000 (35.9470)  acc5: 58.5938 (58.5194)  family_acc1: 60.1562 (63.0709)  manu_acc1: 71.8750 (74.1903)  time: 0.5594  data: 0.3759  max mem: 10892
Test:  [247/391]  eta: 0:01:15  sploss: 3.8417 (3.9181)  famloss: 1.8612 (1.8295)  manuloss: 1.2128 (1.2079)  acc1: 37.5000 (35.9564)  acc5: 58.9844 (58.5323)  family_acc1: 60.5469 (63.0859)  manu_acc1: 72.6562 (74.2030)  time: 0.5583  data: 0.3759  max mem: 10892
Test:  [248/391]  eta: 0:01:14  sploss: 3.8267 (3.9177)  famloss: 1.8612 (1.8297)  manuloss: 1.2128 (1.2082)  acc1: 37.5000 (35.9610)  acc5: 59.3750 (58.5498)  family_acc1: 61.7188 (63.0867)  manu_acc1: 72.6562 (74.1921)  time: 0.3815  data: 0.2002  max mem: 10892
Test:  [249/391]  eta: 0:01:13  sploss: 3.8267 (3.9179)  famloss: 1.8273 (1.8291)  manuloss: 1.1917 (1.2072)  acc1: 37.5000 (35.9609)  acc5: 59.3750 (58.5438)  family_acc1: 63.2812 (63.0922)  manu_acc1: 73.0469 (74.2203)  time: 0.3812  data: 0.2002  max mem: 10892
Test:  [250/391]  eta: 0:01:13  sploss: 3.8157 (3.9169)  famloss: 1.7877 (1.8284)  manuloss: 1.1885 (1.2071)  acc1: 37.8906 (35.9811)  acc5: 59.3750 (58.5642)  family_acc1: 63.2812 (63.0976)  manu_acc1: 73.0469 (74.2156)  time: 0.3813  data: 0.2002  max mem: 10892
Test:  [251/391]  eta: 0:01:12  sploss: 3.8157 (3.9170)  famloss: 1.7877 (1.8283)  manuloss: 1.1884 (1.2068)  acc1: 37.8906 (35.9794)  acc5: 60.5469 (58.5736)  family_acc1: 63.6719 (63.1014)  manu_acc1: 73.4375 (74.2219)  time: 0.3808  data: 0.2002  max mem: 10892
Test:  [252/391]  eta: 0:01:12  sploss: 3.7776 (3.9159)  famloss: 1.7758 (1.8274)  manuloss: 1.1881 (1.2059)  acc1: 37.8906 (35.9792)  acc5: 60.9375 (58.6015)  family_acc1: 64.0625 (63.1269)  manu_acc1: 73.8281 (74.2404)  time: 0.4745  data: 0.2933  max mem: 10892
Test:  [253/391]  eta: 0:01:12  sploss: 3.7776 (3.9154)  famloss: 1.7758 (1.8276)  manuloss: 1.1881 (1.2058)  acc1: 37.8906 (35.9975)  acc5: 60.9375 (58.6107)  family_acc1: 64.4531 (63.1352)  manu_acc1: 74.2188 (74.2449)  time: 0.4747  data: 0.2933  max mem: 10892
Test:  [254/391]  eta: 0:01:12  sploss: 3.7622 (3.9148)  famloss: 1.7336 (1.8269)  manuloss: 1.1860 (1.2054)  acc1: 37.8906 (35.9988)  acc5: 61.7188 (58.6229)  family_acc1: 64.0625 (63.1357)  manu_acc1: 73.8281 (74.2417)  time: 0.5262  data: 0.3445  max mem: 10892
Test:  [255/391]  eta: 0:01:11  sploss: 3.7776 (3.9146)  famloss: 1.7758 (1.8268)  manuloss: 1.1860 (1.2052)  acc1: 37.8906 (36.0123)  acc5: 60.9375 (58.6212)  family_acc1: 64.0625 (63.1393)  manu_acc1: 73.8281 (74.2477)  time: 0.5265  data: 0.3445  max mem: 10892
Test:  [256/391]  eta: 0:01:10  sploss: 3.7891 (3.9142)  famloss: 1.7336 (1.8263)  manuloss: 1.1860 (1.2047)  acc1: 37.8906 (36.0211)  acc5: 60.9375 (58.6333)  family_acc1: 64.0625 (63.1399)  manu_acc1: 74.2188 (74.2537)  time: 0.5265  data: 0.3445  max mem: 10892
Test:  [257/391]  eta: 0:01:09  sploss: 3.7891 (3.9132)  famloss: 1.7336 (1.8251)  manuloss: 1.1408 (1.2039)  acc1: 37.8906 (36.0268)  acc5: 60.9375 (58.6377)  family_acc1: 64.0625 (63.1556)  manu_acc1: 75.3906 (74.2581)  time: 0.5264  data: 0.3445  max mem: 10892
Test:  [258/391]  eta: 0:01:09  sploss: 3.8009 (3.9128)  famloss: 1.7229 (1.8246)  manuloss: 1.1408 (1.2040)  acc1: 37.8906 (36.0340)  acc5: 60.9375 (58.6511)  family_acc1: 64.0625 (63.1666)  manu_acc1: 75.3906 (74.2549)  time: 0.5263  data: 0.3445  max mem: 10892
Test:  [259/391]  eta: 0:01:08  sploss: 3.8157 (3.9124)  famloss: 1.7336 (1.8247)  manuloss: 1.1860 (1.2040)  acc1: 37.5000 (36.0246)  acc5: 60.5469 (58.6584)  family_acc1: 64.0625 (63.1641)  manu_acc1: 75.3906 (74.2593)  time: 0.5261  data: 0.3445  max mem: 10892
Test:  [260/391]  eta: 0:01:07  sploss: 3.8009 (3.9117)  famloss: 1.7336 (1.8247)  manuloss: 1.1860 (1.2040)  acc1: 37.5000 (36.0303)  acc5: 60.5469 (58.6641)  family_acc1: 64.0625 (63.1600)  manu_acc1: 75.3906 (74.2592)  time: 0.3836  data: 0.2033  max mem: 10892
Test:  [261/391]  eta: 0:01:07  sploss: 3.8009 (3.9112)  famloss: 1.7336 (1.8238)  manuloss: 1.1860 (1.2035)  acc1: 37.5000 (36.0329)  acc5: 60.5469 (58.6713)  family_acc1: 64.0625 (63.1709)  manu_acc1: 75.3906 (74.2739)  time: 0.3833  data: 0.2033  max mem: 10892
Test:  [262/391]  eta: 0:01:06  sploss: 3.7891 (3.9093)  famloss: 1.7104 (1.8225)  manuloss: 1.1408 (1.2025)  acc1: 37.5000 (36.0593)  acc5: 60.5469 (58.7007)  family_acc1: 64.0625 (63.1921)  manu_acc1: 75.3906 (74.2945)  time: 0.3242  data: 0.1446  max mem: 10892
Test:  [263/391]  eta: 0:01:05  sploss: 3.7821 (3.9080)  famloss: 1.7095 (1.8216)  manuloss: 1.1221 (1.2014)  acc1: 37.5000 (36.0647)  acc5: 60.9375 (58.7225)  family_acc1: 64.4531 (63.2058)  manu_acc1: 75.3906 (74.3238)  time: 0.3245  data: 0.1446  max mem: 10892
Test:  [264/391]  eta: 0:01:06  sploss: 3.7821 (3.9075)  famloss: 1.7029 (1.8211)  manuloss: 1.1221 (1.2013)  acc1: 37.5000 (36.0569)  acc5: 60.9375 (58.7382)  family_acc1: 64.4531 (63.2075)  manu_acc1: 75.3906 (74.3116)  time: 0.4221  data: 0.2412  max mem: 10892
Test:  [265/391]  eta: 0:01:05  sploss: 3.7672 (3.9064)  famloss: 1.7029 (1.8210)  manuloss: 1.1221 (1.2012)  acc1: 37.1094 (36.0594)  acc5: 61.7188 (58.7568)  family_acc1: 64.0625 (63.2020)  manu_acc1: 75.3906 (74.3083)  time: 0.4226  data: 0.2412  max mem: 10892
Test:  [266/391]  eta: 0:01:05  sploss: 3.7672 (3.9059)  famloss: 1.7029 (1.8208)  manuloss: 1.1221 (1.2011)  acc1: 37.5000 (36.0721)  acc5: 61.7188 (58.7605)  family_acc1: 64.0625 (63.1993)  manu_acc1: 75.3906 (74.3095)  time: 0.5184  data: 0.3362  max mem: 10892
Test:  [267/391]  eta: 0:01:04  sploss: 3.7696 (3.9057)  famloss: 1.6999 (1.8202)  manuloss: 1.1221 (1.2005)  acc1: 37.5000 (36.0774)  acc5: 60.9375 (58.7614)  family_acc1: 64.0625 (63.2215)  manu_acc1: 75.3906 (74.3237)  time: 0.5190  data: 0.3361  max mem: 10892
Test:  [268/391]  eta: 0:01:04  sploss: 3.7696 (3.9056)  famloss: 1.6879 (1.8192)  manuloss: 1.1003 (1.1996)  acc1: 37.5000 (36.0813)  acc5: 60.9375 (58.7506)  family_acc1: 64.4531 (63.2464)  manu_acc1: 75.3906 (74.3465)  time: 0.5188  data: 0.3361  max mem: 10892
Test:  [269/391]  eta: 0:01:03  sploss: 3.7696 (3.9054)  famloss: 1.6702 (1.8183)  manuloss: 1.1003 (1.1992)  acc1: 37.5000 (36.0851)  acc5: 60.9375 (58.7659)  family_acc1: 64.4531 (63.2711)  manu_acc1: 75.3906 (74.3605)  time: 0.5187  data: 0.3361  max mem: 10892
Test:  [270/391]  eta: 0:01:02  sploss: 3.7696 (3.9043)  famloss: 1.6702 (1.8174)  manuloss: 1.0965 (1.1983)  acc1: 37.1094 (36.0831)  acc5: 60.9375 (58.7739)  family_acc1: 65.2344 (63.2928)  manu_acc1: 75.7812 (74.3874)  time: 0.5179  data: 0.3361  max mem: 10892
Test:  [271/391]  eta: 0:01:02  sploss: 3.7672 (3.9037)  famloss: 1.6702 (1.8173)  manuloss: 1.0965 (1.1985)  acc1: 37.5000 (36.0983)  acc5: 60.9375 (58.7905)  family_acc1: 65.2344 (63.2884)  manu_acc1: 75.3906 (74.3825)  time: 0.5180  data: 0.3361  max mem: 10892
Test:  [272/391]  eta: 0:01:01  sploss: 3.7672 (3.9022)  famloss: 1.6702 (1.8161)  manuloss: 1.0965 (1.1977)  acc1: 37.5000 (36.1121)  acc5: 60.9375 (58.8127)  family_acc1: 65.2344 (63.3127)  manu_acc1: 75.3906 (74.4062)  time: 0.4245  data: 0.2431  max mem: 10892
Test:  [273/391]  eta: 0:01:00  sploss: 3.7622 (3.8995)  famloss: 1.6382 (1.8143)  manuloss: 1.0899 (1.1964)  acc1: 37.5000 (36.1499)  acc5: 61.7188 (58.8589)  family_acc1: 66.0156 (63.3525)  manu_acc1: 75.7812 (74.4411)  time: 0.4239  data: 0.2431  max mem: 10892
Test:  [274/391]  eta: 0:01:00  sploss: 3.7672 (3.8997)  famloss: 1.6382 (1.8139)  manuloss: 1.0858 (1.1959)  acc1: 37.5000 (36.1648)  acc5: 60.9375 (58.8594)  family_acc1: 66.0156 (63.3580)  manu_acc1: 75.7812 (74.4489)  time: 0.3732  data: 0.1919  max mem: 10892
Test:  [275/391]  eta: 0:00:59  sploss: 3.7523 (3.8985)  famloss: 1.5902 (1.8129)  manuloss: 1.0520 (1.1949)  acc1: 37.5000 (36.1668)  acc5: 61.7188 (58.8895)  family_acc1: 66.0156 (63.3803)  manu_acc1: 76.5625 (74.4721)  time: 0.3726  data: 0.1919  max mem: 10892
Test:  [276/391]  eta: 0:00:59  sploss: 3.7194 (3.8979)  famloss: 1.5902 (1.8122)  manuloss: 1.0520 (1.1946)  acc1: 37.5000 (36.1786)  acc5: 62.1094 (58.9125)  family_acc1: 66.0156 (63.3898)  manu_acc1: 76.5625 (74.4698)  time: 0.4229  data: 0.2425  max mem: 10892
Test:  [277/391]  eta: 0:00:58  sploss: 3.7194 (3.8961)  famloss: 1.5902 (1.8109)  manuloss: 1.0525 (1.1941)  acc1: 37.5000 (36.2045)  acc5: 62.8906 (58.9366)  family_acc1: 66.0156 (63.4218)  manu_acc1: 78.1250 (74.4857)  time: 0.4227  data: 0.2425  max mem: 10892
Test:  [278/391]  eta: 0:00:59  sploss: 3.7146 (3.8948)  famloss: 1.5902 (1.8104)  manuloss: 1.0525 (1.1937)  acc1: 37.5000 (36.2217)  acc5: 62.8906 (58.9676)  family_acc1: 66.0156 (63.4283)  manu_acc1: 78.1250 (74.4834)  time: 0.5577  data: 0.3759  max mem: 10892
Test:  [279/391]  eta: 0:00:58  sploss: 3.6969 (3.8941)  famloss: 1.5834 (1.8094)  manuloss: 1.0525 (1.1933)  acc1: 37.5000 (36.2402)  acc5: 62.8906 (58.9718)  family_acc1: 66.7969 (63.4431)  manu_acc1: 78.1250 (74.4936)  time: 0.5591  data: 0.3763  max mem: 10892
Test:  [280/391]  eta: 0:00:57  sploss: 3.6263 (3.8924)  famloss: 1.5801 (1.8081)  manuloss: 1.0520 (1.1924)  acc1: 39.4531 (36.2586)  acc5: 63.2812 (59.0080)  family_acc1: 67.5781 (63.4689)  manu_acc1: 78.1250 (74.5121)  time: 0.5599  data: 0.3763  max mem: 10892
Test:  [281/391]  eta: 0:00:57  sploss: 3.6196 (3.8915)  famloss: 1.5801 (1.8076)  manuloss: 1.0520 (1.1920)  acc1: 39.4531 (36.2824)  acc5: 63.2812 (59.0162)  family_acc1: 68.7500 (63.4876)  manu_acc1: 78.1250 (74.5180)  time: 0.5598  data: 0.3763  max mem: 10892
Test:  [282/391]  eta: 0:00:56  sploss: 3.6263 (3.8913)  famloss: 1.5902 (1.8074)  manuloss: 1.0525 (1.1916)  acc1: 39.4531 (36.2840)  acc5: 62.8906 (59.0258)  family_acc1: 67.5781 (63.4828)  manu_acc1: 77.3438 (74.5279)  time: 0.5617  data: 0.3763  max mem: 10892
Test:  [283/391]  eta: 0:00:55  sploss: 3.6816 (3.8906)  famloss: 1.6243 (1.8072)  manuloss: 1.0525 (1.1912)  acc1: 39.4531 (36.2937)  acc5: 62.8906 (59.0325)  family_acc1: 67.5781 (63.4834)  manu_acc1: 77.3438 (74.5337)  time: 0.5615  data: 0.3763  max mem: 10892
Test:  [284/391]  eta: 0:00:55  sploss: 3.6816 (3.8901)  famloss: 1.6243 (1.8068)  manuloss: 1.0525 (1.1910)  acc1: 39.4531 (36.2966)  acc5: 61.7188 (59.0351)  family_acc1: 67.5781 (63.4855)  manu_acc1: 77.3438 (74.5326)  time: 0.4646  data: 0.2797  max mem: 10892
Test:  [285/391]  eta: 0:00:54  sploss: 3.6969 (3.8895)  famloss: 1.6243 (1.8065)  manuloss: 1.0525 (1.1911)  acc1: 39.4531 (36.3158)  acc5: 61.7188 (59.0595)  family_acc1: 67.5781 (63.4970)  manu_acc1: 77.3438 (74.5329)  time: 0.4647  data: 0.2797  max mem: 10892
Test:  [286/391]  eta: 0:00:53  sploss: 3.6816 (3.8886)  famloss: 1.5801 (1.8055)  manuloss: 1.0520 (1.1901)  acc1: 39.8438 (36.3281)  acc5: 61.7188 (59.0674)  family_acc1: 68.7500 (63.5222)  manu_acc1: 77.3438 (74.5577)  time: 0.3691  data: 0.1847  max mem: 10892
Test:  [287/391]  eta: 0:00:53  sploss: 3.6816 (3.8882)  famloss: 1.5801 (1.8052)  manuloss: 1.0525 (1.1899)  acc1: 39.8438 (36.3336)  acc5: 62.8906 (59.0807)  family_acc1: 67.5781 (63.5322)  manu_acc1: 77.3438 (74.5511)  time: 0.3691  data: 0.1848  max mem: 10892
Test:  [288/391]  eta: 0:00:52  sploss: 3.6434 (3.8868)  famloss: 1.6243 (1.8047)  manuloss: 1.0543 (1.1894)  acc1: 39.8438 (36.3443)  acc5: 62.8906 (59.0979)  family_acc1: 66.7969 (63.5354)  manu_acc1: 76.5625 (74.5580)  time: 0.4069  data: 0.2221  max mem: 10892
Test:  [289/391]  eta: 0:00:52  sploss: 3.6196 (3.8855)  famloss: 1.6243 (1.8035)  manuloss: 1.0525 (1.1884)  acc1: 39.8438 (36.3551)  acc5: 63.2812 (59.1218)  family_acc1: 66.7969 (63.5668)  manu_acc1: 76.5625 (74.5878)  time: 0.4065  data: 0.2221  max mem: 10892
Test:  [290/391]  eta: 0:00:52  sploss: 3.6434 (3.8847)  famloss: 1.6243 (1.8024)  manuloss: 1.0525 (1.1875)  acc1: 39.8438 (36.3603)  acc5: 63.2812 (59.1347)  family_acc1: 66.7969 (63.5846)  manu_acc1: 76.5625 (74.6000)  time: 0.5334  data: 0.3477  max mem: 10892
Test:  [291/391]  eta: 0:00:51  sploss: 3.6196 (3.8835)  famloss: 1.6243 (1.8018)  manuloss: 1.0525 (1.1872)  acc1: 39.8438 (36.3736)  acc5: 64.0625 (59.1516)  family_acc1: 67.5781 (63.5983)  manu_acc1: 76.5625 (74.6054)  time: 0.5327  data: 0.3477  max mem: 10892
Test:  [292/391]  eta: 0:00:51  sploss: 3.6196 (3.8816)  famloss: 1.6243 (1.8010)  manuloss: 1.0525 (1.1865)  acc1: 39.8438 (36.4041)  acc5: 64.0625 (59.1790)  family_acc1: 67.5781 (63.6132)  manu_acc1: 76.5625 (74.6174)  time: 0.5319  data: 0.3477  max mem: 10892
Test:  [293/391]  eta: 0:00:50  sploss: 3.6434 (3.8816)  famloss: 1.6243 (1.8003)  manuloss: 1.0543 (1.1862)  acc1: 39.4531 (36.4025)  acc5: 62.8906 (59.1757)  family_acc1: 66.7969 (63.6187)  manu_acc1: 76.5625 (74.6320)  time: 0.5322  data: 0.3477  max mem: 10892
Test:  [294/391]  eta: 0:00:50  sploss: 3.6222 (3.8807)  famloss: 1.6161 (1.7994)  manuloss: 1.0543 (1.1851)  acc1: 39.4531 (36.4235)  acc5: 64.0625 (59.1962)  family_acc1: 67.5781 (63.6401)  manu_acc1: 77.3438 (74.6557)  time: 0.5311  data: 0.3477  max mem: 10892
Test:  [295/391]  eta: 0:00:49  sploss: 3.6434 (3.8806)  famloss: 1.6176 (1.7988)  manuloss: 1.0543 (1.1844)  acc1: 39.4531 (36.4218)  acc5: 62.8906 (59.1916)  family_acc1: 67.5781 (63.6574)  manu_acc1: 77.3438 (74.6714)  time: 0.5312  data: 0.3477  max mem: 10892
Test:  [296/391]  eta: 0:00:48  sploss: 3.6434 (3.8802)  famloss: 1.6161 (1.7980)  manuloss: 1.0525 (1.1839)  acc1: 39.4531 (36.4149)  acc5: 62.8906 (59.2132)  family_acc1: 67.5781 (63.6745)  manu_acc1: 77.3438 (74.6804)  time: 0.4802  data: 0.2971  max mem: 10892
Test:  [297/391]  eta: 0:00:48  sploss: 3.6434 (3.8784)  famloss: 1.6161 (1.7966)  manuloss: 1.0512 (1.1827)  acc1: 39.4531 (36.4395)  acc5: 62.8906 (59.2400)  family_acc1: 67.5781 (63.7125)  manu_acc1: 77.3438 (74.7090)  time: 0.4795  data: 0.2971  max mem: 10892
Test:  [298/391]  eta: 0:00:47  sploss: 3.6434 (3.8774)  famloss: 1.5780 (1.7957)  manuloss: 1.0104 (1.1821)  acc1: 39.4531 (36.4457)  acc5: 62.8906 (59.2574)  family_acc1: 67.9688 (63.7294)  manu_acc1: 77.3438 (74.7230)  time: 0.3440  data: 0.1637  max mem: 10892
Test:  [299/391]  eta: 0:00:46  sploss: 3.6222 (3.8761)  famloss: 1.5780 (1.7948)  manuloss: 1.0066 (1.1814)  acc1: 39.4531 (36.4661)  acc5: 64.0625 (59.2734)  family_acc1: 68.7500 (63.7526)  manu_acc1: 78.1250 (74.7357)  time: 0.3425  data: 0.1633  max mem: 10892
Test:  [300/391]  eta: 0:00:46  sploss: 3.6434 (3.8760)  famloss: 1.6161 (1.7944)  manuloss: 1.0104 (1.1811)  acc1: 39.0625 (36.4579)  acc5: 62.8906 (59.2738)  family_acc1: 67.9688 (63.7445)  manu_acc1: 77.3438 (74.7340)  time: 0.3821  data: 0.2040  max mem: 10892
Test:  [301/391]  eta: 0:00:45  sploss: 3.6617 (3.8758)  famloss: 1.5780 (1.7934)  manuloss: 1.0066 (1.1803)  acc1: 38.2812 (36.4626)  acc5: 62.8906 (59.2715)  family_acc1: 67.9688 (63.7598)  manu_acc1: 78.1250 (74.7504)  time: 0.3818  data: 0.2040  max mem: 10892
Test:  [302/391]  eta: 0:00:46  sploss: 3.6434 (3.8749)  famloss: 1.5645 (1.7927)  manuloss: 1.0066 (1.1798)  acc1: 38.2812 (36.4570)  acc5: 62.8906 (59.2822)  family_acc1: 67.9688 (63.7724)  manu_acc1: 78.1250 (74.7602)  time: 0.5191  data: 0.3427  max mem: 10892
Test:  [303/391]  eta: 0:00:45  sploss: 3.6434 (3.8746)  famloss: 1.5571 (1.7919)  manuloss: 1.0036 (1.1789)  acc1: 37.8906 (36.4618)  acc5: 62.8906 (59.2889)  family_acc1: 67.9688 (63.7862)  manu_acc1: 78.1250 (74.7828)  time: 0.5194  data: 0.3427  max mem: 10892
Test:  [304/391]  eta: 0:00:44  sploss: 3.6434 (3.8740)  famloss: 1.5571 (1.7912)  manuloss: 0.9817 (1.1780)  acc1: 37.8906 (36.4575)  acc5: 63.6719 (59.3033)  family_acc1: 67.9688 (63.7871)  manu_acc1: 78.1250 (74.7938)  time: 0.5188  data: 0.3427  max mem: 10892
Test:  [305/391]  eta: 0:00:44  sploss: 3.6434 (3.8738)  famloss: 1.5571 (1.7907)  manuloss: 0.9817 (1.1776)  acc1: 37.8906 (36.4571)  acc5: 62.8906 (59.2959)  family_acc1: 67.9688 (63.7944)  manu_acc1: 78.1250 (74.8047)  time: 0.5182  data: 0.3427  max mem: 10892
Test:  [306/391]  eta: 0:00:43  sploss: 3.6617 (3.8733)  famloss: 1.5645 (1.7902)  manuloss: 1.0036 (1.1776)  acc1: 37.8906 (36.4706)  acc5: 63.2812 (59.3088)  family_acc1: 67.9688 (63.8080)  manu_acc1: 78.1250 (74.8130)  time: 0.5177  data: 0.3427  max mem: 10892
Test:  [307/391]  eta: 0:00:43  sploss: 3.6617 (3.8732)  famloss: 1.5645 (1.7896)  manuloss: 1.0036 (1.1773)  acc1: 37.8906 (36.4727)  acc5: 63.2812 (59.3040)  family_acc1: 67.9688 (63.8190)  manu_acc1: 78.1250 (74.8212)  time: 0.5175  data: 0.3427  max mem: 10892
Test:  [308/391]  eta: 0:00:42  sploss: 3.6907 (3.8732)  famloss: 1.5645 (1.7892)  manuloss: 1.0036 (1.1772)  acc1: 37.8906 (36.4684)  acc5: 62.8906 (59.3105)  family_acc1: 67.9688 (63.8324)  manu_acc1: 78.1250 (74.8255)  time: 0.4798  data: 0.3053  max mem: 10892
Test:  [309/391]  eta: 0:00:41  sploss: 3.6956 (3.8729)  famloss: 1.5780 (1.7887)  manuloss: 1.0036 (1.1764)  acc1: 37.1094 (36.4642)  acc5: 62.5000 (59.3183)  family_acc1: 67.9688 (63.8357)  manu_acc1: 78.1250 (74.8425)  time: 0.4802  data: 0.3053  max mem: 10892
Test:  [310/391]  eta: 0:00:41  sploss: 3.7676 (3.8728)  famloss: 1.5866 (1.7884)  manuloss: 1.0066 (1.1763)  acc1: 36.3281 (36.4600)  acc5: 62.1094 (59.3273)  family_acc1: 67.9688 (63.8452)  manu_acc1: 78.1250 (74.8468)  time: 0.3540  data: 0.1797  max mem: 10892
Test:  [311/391]  eta: 0:00:40  sploss: 3.7744 (3.8727)  famloss: 1.5866 (1.7878)  manuloss: 1.0066 (1.1758)  acc1: 35.9375 (36.4458)  acc5: 61.7188 (59.3149)  family_acc1: 67.9688 (63.8547)  manu_acc1: 78.1250 (74.8548)  time: 0.3540  data: 0.1797  max mem: 10892
Test:  [312/391]  eta: 0:00:40  sploss: 3.7973 (3.8731)  famloss: 1.5989 (1.7878)  manuloss: 1.0104 (1.1754)  acc1: 35.9375 (36.4367)  acc5: 61.3281 (59.3051)  family_acc1: 67.5781 (63.8553)  manu_acc1: 78.1250 (74.8615)  time: 0.3666  data: 0.1919  max mem: 10892
Test:  [313/391]  eta: 0:00:39  sploss: 3.7973 (3.8731)  famloss: 1.5989 (1.7873)  manuloss: 1.0066 (1.1748)  acc1: 35.1562 (36.4276)  acc5: 61.3281 (59.3091)  family_acc1: 67.5781 (63.8585)  manu_acc1: 78.1250 (74.8806)  time: 0.3665  data: 0.1919  max mem: 10892
Test:  [314/391]  eta: 0:00:39  sploss: 3.7973 (3.8722)  famloss: 1.5989 (1.7866)  manuloss: 1.0104 (1.1744)  acc1: 35.1562 (36.4373)  acc5: 61.3281 (59.3254)  family_acc1: 67.5781 (63.8728)  manu_acc1: 78.1250 (74.8909)  time: 0.5390  data: 0.3638  max mem: 10892
Test:  [315/391]  eta: 0:00:39  sploss: 3.7744 (3.8716)  famloss: 1.5989 (1.7862)  manuloss: 1.0126 (1.1743)  acc1: 35.1562 (36.4344)  acc5: 61.3281 (59.3305)  family_acc1: 67.1875 (63.8721)  manu_acc1: 77.7344 (74.8925)  time: 0.5392  data: 0.3638  max mem: 10892
Test:  [316/391]  eta: 0:00:38  sploss: 3.7973 (3.8717)  famloss: 1.6022 (1.7858)  manuloss: 1.0126 (1.1736)  acc1: 35.1562 (36.4279)  acc5: 61.3281 (59.3294)  family_acc1: 66.7969 (63.8727)  manu_acc1: 78.1250 (74.9063)  time: 0.5397  data: 0.3638  max mem: 10892
Test:  [317/391]  eta: 0:00:38  sploss: 3.8202 (3.8716)  famloss: 1.6022 (1.7851)  manuloss: 1.0126 (1.1728)  acc1: 35.1562 (36.4178)  acc5: 60.9375 (59.3234)  family_acc1: 66.7969 (63.8942)  manu_acc1: 78.1250 (74.9202)  time: 0.5401  data: 0.3638  max mem: 10892
Test:  [318/391]  eta: 0:00:37  sploss: 3.8202 (3.8712)  famloss: 1.6097 (1.7847)  manuloss: 1.0377 (1.1724)  acc1: 35.1562 (36.4089)  acc5: 60.9375 (59.3346)  family_acc1: 66.7969 (63.9045)  manu_acc1: 78.1250 (74.9302)  time: 0.5505  data: 0.3638  max mem: 10892
Test:  [319/391]  eta: 0:00:36  sploss: 3.8202 (3.8709)  famloss: 1.6279 (1.7844)  manuloss: 1.0410 (1.1721)  acc1: 35.1562 (36.4014)  acc5: 60.9375 (59.3408)  family_acc1: 66.7969 (63.9087)  manu_acc1: 77.7344 (74.9390)  time: 0.5505  data: 0.3638  max mem: 10892
Test:  [320/391]  eta: 0:00:36  sploss: 3.8202 (3.8715)  famloss: 1.6279 (1.7842)  manuloss: 1.0410 (1.1720)  acc1: 35.1562 (36.3951)  acc5: 60.9375 (59.3336)  family_acc1: 66.7969 (63.9080)  manu_acc1: 77.7344 (74.9416)  time: 0.5097  data: 0.3231  max mem: 10892
Test:  [321/391]  eta: 0:00:35  sploss: 3.7973 (3.8711)  famloss: 1.6313 (1.7837)  manuloss: 1.0410 (1.1714)  acc1: 35.1562 (36.3997)  acc5: 61.3281 (59.3422)  family_acc1: 66.0156 (63.9121)  manu_acc1: 77.7344 (74.9563)  time: 0.5097  data: 0.3231  max mem: 10892
Test:  [322/391]  eta: 0:00:35  sploss: 3.8218 (3.8717)  famloss: 1.6479 (1.7834)  manuloss: 1.0469 (1.1710)  acc1: 35.1562 (36.3898)  acc5: 60.9375 (59.3339)  family_acc1: 65.6250 (63.9174)  manu_acc1: 78.1250 (74.9673)  time: 0.3701  data: 0.1844  max mem: 10892
Test:  [323/391]  eta: 0:00:34  sploss: 3.8299 (3.8722)  famloss: 1.6479 (1.7829)  manuloss: 1.0469 (1.1706)  acc1: 35.1562 (36.3908)  acc5: 60.5469 (59.3244)  family_acc1: 65.6250 (63.9299)  manu_acc1: 78.1250 (74.9819)  time: 0.3698  data: 0.1844  max mem: 10892
Test:  [324/391]  eta: 0:00:34  sploss: 3.8475 (3.8722)  famloss: 1.6479 (1.7824)  manuloss: 1.0469 (1.1700)  acc1: 34.3750 (36.3846)  acc5: 58.9844 (59.3197)  family_acc1: 66.0156 (63.9399)  manu_acc1: 78.1250 (74.9952)  time: 0.3756  data: 0.1903  max mem: 10892
Test:  [325/391]  eta: 0:00:33  sploss: 3.8475 (3.8717)  famloss: 1.6537 (1.7822)  manuloss: 1.0469 (1.1701)  acc1: 34.3750 (36.3868)  acc5: 60.5469 (59.3295)  family_acc1: 66.0156 (63.9463)  manu_acc1: 77.7344 (74.9904)  time: 0.3758  data: 0.1903  max mem: 10892
Test:  [326/391]  eta: 0:00:33  sploss: 3.8580 (3.8725)  famloss: 1.6597 (1.7825)  manuloss: 1.0469 (1.1703)  acc1: 34.3750 (36.3735)  acc5: 58.9844 (59.3033)  family_acc1: 65.6250 (63.9299)  manu_acc1: 77.7344 (74.9869)  time: 0.5127  data: 0.3260  max mem: 10892
Test:  [327/391]  eta: 0:00:32  sploss: 3.8475 (3.8722)  famloss: 1.6671 (1.7823)  manuloss: 1.0469 (1.1702)  acc1: 34.3750 (36.3674)  acc5: 60.1562 (59.3059)  family_acc1: 65.6250 (63.9363)  manu_acc1: 77.7344 (74.9893)  time: 0.5132  data: 0.3260  max mem: 10892
Test:  [328/391]  eta: 0:00:32  sploss: 3.8218 (3.8716)  famloss: 1.6671 (1.7820)  manuloss: 1.0424 (1.1698)  acc1: 34.3750 (36.3732)  acc5: 59.7656 (59.3073)  family_acc1: 65.2344 (63.9402)  manu_acc1: 77.7344 (74.9976)  time: 0.5136  data: 0.3260  max mem: 10892
Test:  [329/391]  eta: 0:00:31  sploss: 3.8475 (3.8719)  famloss: 1.6704 (1.7817)  manuloss: 1.0469 (1.1695)  acc1: 34.3750 (36.3719)  acc5: 58.9844 (59.3004)  family_acc1: 65.6250 (63.9512)  manu_acc1: 77.7344 (75.0024)  time: 0.5133  data: 0.3260  max mem: 10892
Test:  [330/391]  eta: 0:00:31  sploss: 3.8475 (3.8717)  famloss: 1.6704 (1.7814)  manuloss: 1.0469 (1.1693)  acc1: 34.3750 (36.3694)  acc5: 57.8125 (59.2877)  family_acc1: 65.2344 (63.9480)  manu_acc1: 77.7344 (74.9929)  time: 0.5131  data: 0.3260  max mem: 10892
Test:  [331/391]  eta: 0:00:30  sploss: 3.8475 (3.8723)  famloss: 1.6725 (1.7818)  manuloss: 1.0486 (1.1695)  acc1: 34.3750 (36.3517)  acc5: 57.8125 (59.2703)  family_acc1: 65.2344 (63.9413)  manu_acc1: 77.7344 (74.9882)  time: 0.5132  data: 0.3260  max mem: 10892
Test:  [332/391]  eta: 0:00:29  sploss: 3.8475 (3.8723)  famloss: 1.6725 (1.7818)  manuloss: 1.0486 (1.1696)  acc1: 34.3750 (36.3575)  acc5: 58.9844 (59.2694)  family_acc1: 65.2344 (63.9311)  manu_acc1: 77.7344 (74.9836)  time: 0.5015  data: 0.3138  max mem: 10892
Test:  [333/391]  eta: 0:00:29  sploss: 3.8475 (3.8729)  famloss: 1.6782 (1.7825)  manuloss: 1.0716 (1.1700)  acc1: 34.3750 (36.3527)  acc5: 57.8125 (59.2639)  family_acc1: 65.2344 (63.9151)  manu_acc1: 76.5625 (74.9673)  time: 0.5020  data: 0.3138  max mem: 10892
Test:  [334/391]  eta: 0:00:28  sploss: 3.8793 (3.8737)  famloss: 1.6792 (1.7830)  manuloss: 1.0850 (1.1700)  acc1: 34.3750 (36.3479)  acc5: 57.4219 (59.2514)  family_acc1: 65.2344 (63.9051)  manu_acc1: 75.7812 (74.9615)  time: 0.3300  data: 0.1419  max mem: 10892
Test:  [335/391]  eta: 0:00:28  sploss: 3.8982 (3.8742)  famloss: 1.6992 (1.7836)  manuloss: 1.0850 (1.1703)  acc1: 34.3750 (36.3409)  acc5: 57.4219 (59.2448)  family_acc1: 65.2344 (63.8963)  manu_acc1: 75.7812 (74.9558)  time: 0.3301  data: 0.1419  max mem: 10892
Test:  [336/391]  eta: 0:00:27  sploss: 3.8793 (3.8739)  famloss: 1.7010 (1.7836)  manuloss: 1.1186 (1.1705)  acc1: 34.3750 (36.3432)  acc5: 57.4219 (59.2440)  family_acc1: 65.2344 (63.9025)  manu_acc1: 75.7812 (74.9490)  time: 0.3582  data: 0.1700  max mem: 10892
Test:  [337/391]  eta: 0:00:27  sploss: 3.9016 (3.8746)  famloss: 1.7011 (1.7843)  manuloss: 1.1341 (1.1711)  acc1: 34.7656 (36.3408)  acc5: 57.0312 (59.2271)  family_acc1: 65.2344 (63.8834)  manu_acc1: 73.8281 (74.9330)  time: 0.3591  data: 0.1700  max mem: 10892
Test:  [338/391]  eta: 0:00:27  sploss: 3.9421 (3.8748)  famloss: 1.7099 (1.7842)  manuloss: 1.1366 (1.1712)  acc1: 34.7656 (36.3339)  acc5: 57.0312 (59.2252)  family_acc1: 63.6719 (63.8793)  manu_acc1: 73.8281 (74.9332)  time: 0.5235  data: 0.3433  max mem: 10892
Test:  [339/391]  eta: 0:00:26  sploss: 3.9629 (3.8751)  famloss: 1.7154 (1.7845)  manuloss: 1.1594 (1.1712)  acc1: 34.7656 (36.3224)  acc5: 57.0312 (59.2188)  family_acc1: 62.8906 (63.8718)  manu_acc1: 73.8281 (74.9299)  time: 0.5239  data: 0.3433  max mem: 10892
Test:  [340/391]  eta: 0:00:26  sploss: 3.9421 (3.8745)  famloss: 1.7664 (1.7844)  manuloss: 1.1831 (1.1713)  acc1: 34.7656 (36.3258)  acc5: 57.0312 (59.2341)  family_acc1: 62.5000 (63.8666)  manu_acc1: 73.8281 (74.9290)  time: 0.5241  data: 0.3433  max mem: 10892
Test:  [341/391]  eta: 0:00:25  sploss: 3.9629 (3.8749)  famloss: 1.7664 (1.7840)  manuloss: 1.1831 (1.1707)  acc1: 34.7656 (36.3247)  acc5: 57.0312 (59.2322)  family_acc1: 62.5000 (63.8786)  manu_acc1: 73.8281 (74.9520)  time: 0.5241  data: 0.3433  max mem: 10892
Test:  [342/391]  eta: 0:00:24  sploss: 3.9427 (3.8751)  famloss: 1.7664 (1.7838)  manuloss: 1.1831 (1.1705)  acc1: 35.5469 (36.3224)  acc5: 57.0312 (59.2247)  family_acc1: 62.5000 (63.8860)  manu_acc1: 73.8281 (74.9613)  time: 0.5245  data: 0.3433  max mem: 10892
Test:  [343/391]  eta: 0:00:24  sploss: 3.9421 (3.8751)  famloss: 1.7664 (1.7834)  manuloss: 1.1831 (1.1700)  acc1: 34.7656 (36.3179)  acc5: 57.4219 (59.2228)  family_acc1: 62.5000 (63.8876)  manu_acc1: 73.8281 (74.9750)  time: 0.5247  data: 0.3433  max mem: 10892
Test:  [344/391]  eta: 0:00:23  sploss: 3.9421 (3.8744)  famloss: 1.7664 (1.7833)  manuloss: 1.1831 (1.1698)  acc1: 35.5469 (36.3270)  acc5: 57.4219 (59.2357)  family_acc1: 62.5000 (63.8949)  manu_acc1: 73.8281 (74.9808)  time: 0.5187  data: 0.3374  max mem: 10892
Test:  [345/391]  eta: 0:00:23  sploss: 3.9421 (3.8743)  famloss: 1.7701 (1.7836)  manuloss: 1.1594 (1.1695)  acc1: 35.5469 (36.3293)  acc5: 57.4219 (59.2407)  family_acc1: 62.1094 (63.8886)  manu_acc1: 73.8281 (74.9853)  time: 0.5184  data: 0.3374  max mem: 10892
Test:  [346/391]  eta: 0:00:22  sploss: 3.8932 (3.8736)  famloss: 1.7664 (1.7830)  manuloss: 1.1341 (1.1689)  acc1: 35.5469 (36.3315)  acc5: 58.5938 (59.2410)  family_acc1: 62.5000 (63.8981)  manu_acc1: 74.6094 (74.9944)  time: 0.3818  data: 0.2017  max mem: 10892
Test:  [347/391]  eta: 0:00:22  sploss: 3.8932 (3.8729)  famloss: 1.7664 (1.7824)  manuloss: 1.1341 (1.1680)  acc1: 35.5469 (36.3405)  acc5: 58.5938 (59.2392)  family_acc1: 62.5000 (63.9098)  manu_acc1: 74.6094 (75.0168)  time: 0.3807  data: 0.2017  max mem: 10892
Test:  [348/391]  eta: 0:00:21  sploss: 3.9421 (3.8735)  famloss: 1.7664 (1.7820)  manuloss: 1.1341 (1.1674)  acc1: 35.5469 (36.3214)  acc5: 57.4219 (59.2250)  family_acc1: 62.5000 (63.9103)  manu_acc1: 74.6094 (75.0246)  time: 0.3962  data: 0.2179  max mem: 10892
Test:  [349/391]  eta: 0:00:21  sploss: 3.8932 (3.8728)  famloss: 1.7664 (1.7815)  manuloss: 1.1341 (1.1665)  acc1: 35.5469 (36.3304)  acc5: 58.5938 (59.2333)  family_acc1: 62.5000 (63.9163)  manu_acc1: 74.6094 (75.0491)  time: 0.3963  data: 0.2179  max mem: 10892
Test:  [350/391]  eta: 0:00:20  sploss: 3.8932 (3.8719)  famloss: 1.7664 (1.7813)  manuloss: 1.0951 (1.1662)  acc1: 35.5469 (36.3381)  acc5: 58.5938 (59.2470)  family_acc1: 62.5000 (63.9156)  manu_acc1: 75.0000 (75.0568)  time: 0.5124  data: 0.3332  max mem: 10892
Test:  [351/391]  eta: 0:00:20  sploss: 3.8932 (3.8723)  famloss: 1.7504 (1.7811)  manuloss: 1.0928 (1.1656)  acc1: 35.5469 (36.3248)  acc5: 58.5938 (59.2452)  family_acc1: 63.6719 (63.9227)  manu_acc1: 76.5625 (75.0721)  time: 0.5124  data: 0.3332  max mem: 10892
Test:  [352/391]  eta: 0:00:19  sploss: 3.8932 (3.8717)  famloss: 1.7445 (1.7810)  manuloss: 1.0752 (1.1653)  acc1: 35.5469 (36.3314)  acc5: 58.5938 (59.2632)  family_acc1: 63.6719 (63.9186)  manu_acc1: 76.9531 (75.0863)  time: 0.5121  data: 0.3332  max mem: 10892
Test:  [353/391]  eta: 0:00:19  sploss: 3.8330 (3.8716)  famloss: 1.7376 (1.7806)  manuloss: 1.0576 (1.1647)  acc1: 35.9375 (36.3325)  acc5: 58.5938 (59.2569)  family_acc1: 64.0625 (63.9224)  manu_acc1: 77.7344 (75.1026)  time: 0.5116  data: 0.3332  max mem: 10892
Test:  [354/391]  eta: 0:00:18  sploss: 3.8330 (3.8721)  famloss: 1.7376 (1.7810)  manuloss: 1.0576 (1.1645)  acc1: 35.9375 (36.3171)  acc5: 58.5938 (59.2518)  family_acc1: 64.0625 (63.9062)  manu_acc1: 77.7344 (75.1133)  time: 0.5115  data: 0.3332  max mem: 10892
Test:  [355/391]  eta: 0:00:18  sploss: 3.8299 (3.8719)  famloss: 1.7376 (1.7808)  manuloss: 1.0420 (1.1639)  acc1: 36.7188 (36.3182)  acc5: 58.5938 (59.2554)  family_acc1: 64.0625 (63.9023)  manu_acc1: 78.1250 (75.1295)  time: 0.5112  data: 0.3331  max mem: 10892
Test:  [356/391]  eta: 0:00:17  sploss: 3.8299 (3.8718)  famloss: 1.7070 (1.7804)  manuloss: 1.0239 (1.1633)  acc1: 36.3281 (36.3183)  acc5: 58.5938 (59.2557)  family_acc1: 64.0625 (63.9104)  manu_acc1: 78.1250 (75.1466)  time: 0.4828  data: 0.3051  max mem: 10892
Test:  [357/391]  eta: 0:00:17  sploss: 3.8263 (3.8710)  famloss: 1.6899 (1.7798)  manuloss: 0.9874 (1.1628)  acc1: 36.7188 (36.3249)  acc5: 58.5938 (59.2582)  family_acc1: 64.4531 (63.9174)  manu_acc1: 78.9062 (75.1582)  time: 0.4822  data: 0.3051  max mem: 10892
Test:  [358/391]  eta: 0:00:16  sploss: 3.8263 (3.8711)  famloss: 1.6899 (1.7796)  manuloss: 0.9874 (1.1625)  acc1: 36.7188 (36.3140)  acc5: 58.5938 (59.2510)  family_acc1: 65.2344 (63.9210)  manu_acc1: 78.9062 (75.1687)  time: 0.3080  data: 0.1318  max mem: 10892
Test:  [359/391]  eta: 0:00:16  sploss: 3.7947 (3.8706)  famloss: 1.6646 (1.7790)  manuloss: 0.9697 (1.1619)  acc1: 36.7188 (36.3260)  acc5: 59.3750 (59.2589)  family_acc1: 65.2344 (63.9377)  manu_acc1: 79.2969 (75.1823)  time: 0.3079  data: 0.1318  max mem: 10892
Test:  [360/391]  eta: 0:00:15  sploss: 3.8184 (3.8704)  famloss: 1.6646 (1.7787)  manuloss: 0.9697 (1.1615)  acc1: 36.7188 (36.3303)  acc5: 58.5938 (59.2571)  family_acc1: 66.0156 (63.9565)  manu_acc1: 79.6875 (75.1980)  time: 0.3663  data: 0.1900  max mem: 10892
Test:  [361/391]  eta: 0:00:15  sploss: 3.7947 (3.8697)  famloss: 1.6646 (1.7776)  manuloss: 0.9697 (1.1607)  acc1: 36.7188 (36.3303)  acc5: 59.3750 (59.2682)  family_acc1: 66.0156 (63.9729)  manu_acc1: 79.6875 (75.2147)  time: 0.3665  data: 0.1900  max mem: 10892
Test:  [362/391]  eta: 0:00:14  sploss: 3.6926 (3.8690)  famloss: 1.6630 (1.7769)  manuloss: 0.9587 (1.1601)  acc1: 37.1094 (36.3432)  acc5: 59.3750 (59.2782)  family_acc1: 66.0156 (63.9829)  manu_acc1: 80.0781 (75.2389)  time: 0.4814  data: 0.3043  max mem: 10892
Test:  [363/391]  eta: 0:00:14  sploss: 3.6926 (3.8692)  famloss: 1.6646 (1.7771)  manuloss: 0.9587 (1.1597)  acc1: 37.1094 (36.3431)  acc5: 59.3750 (59.2784)  family_acc1: 66.0156 (63.9745)  manu_acc1: 80.0781 (75.2479)  time: 0.4811  data: 0.3043  max mem: 10892
Test:  [364/391]  eta: 0:00:13  sploss: 3.6926 (3.8685)  famloss: 1.6629 (1.7768)  manuloss: 0.9587 (1.1597)  acc1: 36.7188 (36.3442)  acc5: 59.3750 (59.2862)  family_acc1: 66.0156 (63.9812)  manu_acc1: 80.0781 (75.2483)  time: 0.4812  data: 0.3043  max mem: 10892
Test:  [365/391]  eta: 0:00:13  sploss: 3.6857 (3.8680)  famloss: 1.6541 (1.7760)  manuloss: 0.9572 (1.1589)  acc1: 36.7188 (36.3516)  acc5: 59.3750 (59.2928)  family_acc1: 66.4062 (64.0027)  manu_acc1: 80.0781 (75.2658)  time: 0.4812  data: 0.3043  max mem: 10892
Test:  [366/391]  eta: 0:00:12  sploss: 3.6926 (3.8684)  famloss: 1.6541 (1.7757)  manuloss: 0.9587 (1.1585)  acc1: 36.7188 (36.3494)  acc5: 59.3750 (59.2856)  family_acc1: 66.4062 (64.0135)  manu_acc1: 80.0781 (75.2789)  time: 0.4810  data: 0.3043  max mem: 10892
Test:  [367/391]  eta: 0:00:12  sploss: 3.7947 (3.8683)  famloss: 1.6584 (1.7754)  manuloss: 0.9587 (1.1578)  acc1: 36.7188 (36.3440)  acc5: 59.3750 (59.2795)  family_acc1: 66.4062 (64.0232)  manu_acc1: 80.0781 (75.2962)  time: 0.4812  data: 0.3043  max mem: 10892
Test:  [368/391]  eta: 0:00:11  sploss: 3.7947 (3.8682)  famloss: 1.6541 (1.7749)  manuloss: 0.9587 (1.1572)  acc1: 36.7188 (36.3419)  acc5: 59.3750 (59.2797)  family_acc1: 66.4062 (64.0382)  manu_acc1: 80.4688 (75.3112)  time: 0.4647  data: 0.2881  max mem: 10892
Test:  [369/391]  eta: 0:00:11  sploss: 3.7947 (3.8674)  famloss: 1.6541 (1.7739)  manuloss: 0.9587 (1.1561)  acc1: 36.7188 (36.3492)  acc5: 59.3750 (59.2863)  family_acc1: 66.4062 (64.0541)  manu_acc1: 80.4688 (75.3368)  time: 0.4647  data: 0.2881  max mem: 10892
Test:  [370/391]  eta: 0:00:10  sploss: 3.8078 (3.8675)  famloss: 1.6541 (1.7740)  manuloss: 0.9587 (1.1563)  acc1: 36.3281 (36.3471)  acc5: 59.3750 (59.2750)  family_acc1: 66.4062 (64.0541)  manu_acc1: 80.4688 (75.3338)  time: 0.3484  data: 0.1728  max mem: 10892
Test:  [371/391]  eta: 0:00:10  sploss: 3.7947 (3.8670)  famloss: 1.6541 (1.7738)  manuloss: 0.9697 (1.1561)  acc1: 36.3281 (36.3449)  acc5: 59.3750 (59.2857)  family_acc1: 66.4062 (64.0551)  manu_acc1: 80.0781 (75.3413)  time: 0.3504  data: 0.1728  max mem: 10892
Test:  [372/391]  eta: 0:00:09  sploss: 3.7947 (3.8668)  famloss: 1.6541 (1.7736)  manuloss: 0.9697 (1.1556)  acc1: 36.3281 (36.3417)  acc5: 59.3750 (59.2881)  family_acc1: 66.7969 (64.0709)  manu_acc1: 80.4688 (75.3550)  time: 0.3763  data: 0.1978  max mem: 10892
Test:  [373/391]  eta: 0:00:09  sploss: 3.7947 (3.8668)  famloss: 1.6435 (1.7728)  manuloss: 0.9697 (1.1545)  acc1: 36.3281 (36.3354)  acc5: 60.1562 (59.2904)  family_acc1: 67.5781 (64.0844)  manu_acc1: 80.4688 (75.3770)  time: 0.3761  data: 0.1978  max mem: 10892
Test:  [374/391]  eta: 0:00:08  sploss: 3.7888 (3.8666)  famloss: 1.6435 (1.7726)  manuloss: 0.9697 (1.1545)  acc1: 36.3281 (36.3385)  acc5: 60.1562 (59.2969)  family_acc1: 67.5781 (64.0917)  manu_acc1: 80.4688 (75.3812)  time: 0.5040  data: 0.3253  max mem: 10892
Test:  [375/391]  eta: 0:00:08  sploss: 3.7859 (3.8658)  famloss: 1.6435 (1.7726)  manuloss: 0.9837 (1.1541)  acc1: 36.3281 (36.3468)  acc5: 60.1562 (59.3085)  family_acc1: 67.5781 (64.0812)  manu_acc1: 80.0781 (75.3875)  time: 0.5037  data: 0.3253  max mem: 10892
Test:  [376/391]  eta: 0:00:07  sploss: 3.6908 (3.8650)  famloss: 1.6435 (1.7718)  manuloss: 0.9837 (1.1532)  acc1: 36.3281 (36.3520)  acc5: 60.1562 (59.3263)  family_acc1: 67.5781 (64.0936)  manu_acc1: 80.0781 (75.4093)  time: 0.5037  data: 0.3253  max mem: 10892
Test:  [377/391]  eta: 0:00:07  sploss: 3.6908 (3.8644)  famloss: 1.6435 (1.7713)  manuloss: 0.9697 (1.1524)  acc1: 36.3281 (36.3571)  acc5: 60.1562 (59.3254)  family_acc1: 67.5781 (64.0997)  manu_acc1: 80.4688 (75.4289)  time: 0.5033  data: 0.3253  max mem: 10892
Test:  [378/391]  eta: 0:00:06  sploss: 3.6857 (3.8638)  famloss: 1.5898 (1.7707)  manuloss: 0.9398 (1.1515)  acc1: 36.3281 (36.3467)  acc5: 61.7188 (59.3379)  family_acc1: 67.5781 (64.1027)  manu_acc1: 80.8594 (75.4494)  time: 0.5028  data: 0.3252  max mem: 10892
Test:  [379/391]  eta: 0:00:06  sploss: 3.6908 (3.8636)  famloss: 1.6435 (1.7707)  manuloss: 0.9398 (1.1512)  acc1: 36.3281 (36.3446)  acc5: 60.1562 (59.3390)  family_acc1: 67.5781 (64.1036)  manu_acc1: 80.8594 (75.4564)  time: 0.5022  data: 0.3252  max mem: 10892
Test:  [380/391]  eta: 0:00:05  sploss: 3.6857 (3.8625)  famloss: 1.6023 (1.7702)  manuloss: 0.9278 (1.1505)  acc1: 36.3281 (36.3486)  acc5: 61.7188 (59.3555)  family_acc1: 66.7969 (64.1076)  manu_acc1: 80.8594 (75.4757)  time: 0.4435  data: 0.2670  max mem: 10892
Test:  [381/391]  eta: 0:00:04  sploss: 3.6908 (3.8622)  famloss: 1.6435 (1.7700)  manuloss: 0.9398 (1.1502)  acc1: 36.3281 (36.3486)  acc5: 60.5469 (59.3586)  family_acc1: 66.7969 (64.1177)  manu_acc1: 80.4688 (75.4837)  time: 0.4431  data: 0.2670  max mem: 10892
Test:  [382/391]  eta: 0:00:04  sploss: 3.7348 (3.8619)  famloss: 1.6435 (1.7695)  manuloss: 0.9398 (1.1495)  acc1: 36.3281 (36.3516)  acc5: 60.5469 (59.3648)  family_acc1: 66.7969 (64.1278)  manu_acc1: 80.4688 (75.5038)  time: 0.3276  data: 0.1527  max mem: 10892
Test:  [383/391]  eta: 0:00:03  sploss: 3.7348 (3.8617)  famloss: 1.6435 (1.7691)  manuloss: 0.9398 (1.1492)  acc1: 36.3281 (36.3515)  acc5: 60.5469 (59.3618)  family_acc1: 67.5781 (64.1378)  manu_acc1: 80.4688 (75.5127)  time: 0.3272  data: 0.1527  max mem: 10892
Test:  [384/391]  eta: 0:00:03  sploss: 3.7348 (3.8612)  famloss: 1.6023 (1.7684)  manuloss: 0.8943 (1.1483)  acc1: 36.3281 (36.3525)  acc5: 60.5469 (59.3689)  family_acc1: 67.9688 (64.1528)  manu_acc1: 80.8594 (75.5357)  time: 0.3268  data: 0.1527  max mem: 10892
Test:  [385/391]  eta: 0:00:02  sploss: 3.7461 (3.8611)  famloss: 1.6435 (1.7682)  manuloss: 0.9398 (1.1479)  acc1: 35.9375 (36.3514)  acc5: 60.5469 (59.3720)  family_acc1: 67.5781 (64.1597)  manu_acc1: 80.8594 (75.5505)  time: 0.3264  data: 0.1527  max mem: 10892
Test:  [386/391]  eta: 0:00:02  sploss: 3.7348 (3.8607)  famloss: 1.6530 (1.7680)  manuloss: 0.8943 (1.1471)  acc1: 36.3281 (36.3564)  acc5: 60.5469 (59.3790)  family_acc1: 66.7969 (64.1594)  manu_acc1: 81.2500 (75.5713)  time: 0.4409  data: 0.2664  max mem: 10892
Test:  [387/391]  eta: 0:00:02  sploss: 3.7078 (3.8603)  famloss: 1.6530 (1.7678)  manuloss: 0.9398 (1.1468)  acc1: 36.3281 (36.3674)  acc5: 61.7188 (59.3911)  family_acc1: 66.7969 (64.1632)  manu_acc1: 80.8594 (75.5769)  time: 0.4413  data: 0.2664  max mem: 10892
Test:  [388/391]  eta: 0:00:01  sploss: 3.7050 (3.8597)  famloss: 1.6530 (1.7672)  manuloss: 0.8959 (1.1461)  acc1: 36.7188 (36.3743)  acc5: 61.7188 (59.4011)  family_acc1: 66.7969 (64.1790)  manu_acc1: 80.4688 (75.5884)  time: 0.4414  data: 0.2664  max mem: 10892
Test:  [389/391]  eta: 0:00:00  sploss: 3.7078 (3.8595)  famloss: 1.6530 (1.7668)  manuloss: 0.9837 (1.1457)  acc1: 36.3281 (36.3732)  acc5: 61.7188 (59.4040)  family_acc1: 66.4062 (64.1817)  manu_acc1: 80.0781 (75.5929)  time: 0.4417  data: 0.2663  max mem: 10892
Test:  [390/391]  eta: 0:00:00  sploss: 3.7078 (3.8596)  famloss: 1.6530 (1.7667)  manuloss: 0.9836 (1.1453)  acc1: 36.7188 (36.3760)  acc5: 61.7188 (59.4040)  family_acc1: 66.4062 (64.1800)  manu_acc1: 80.4688 (75.6010)  time: 0.4383  data: 0.2663  max mem: 10892
Test: Total time: 0:03:15 (0.4993 s / it)
* Acc@1 36.376 Acc@5 59.404 family@1 64.180 manu@1 75.601 sploss 3.860 fmloss 1.767 mfloss 1.145
FPA: 29.228% | TICE: 42.330% 
LCA: 133.319%
Precision and Recall: 494.456%
wAP: 40.013
