Namespace(batch_size=256, epochs=100, bce_loss=False, unscale_lr=False, few_shot=8, model='cast_small', input_size=224, drop=0.0, drop_path=0.1, model_ema=True, model_ema_decay=0.99996, model_ema_force_cpu=False, num_superpixels=196, opt='adamw', opt_eps=1e-08, opt_betas=None, clip_grad=None, momentum=0.9, weight_decay=0.05, sched='cosine', lr=0.0005, lr_noise=None, lr_noise_pct=0.67, lr_noise_std=1.0, warmup_lr=1e-06, min_lr=1e-05, decay_epochs=30, warmup_epochs=5, cooldown_epochs=10, patience_epochs=10, decay_rate=0.1, color_jitter=0.3, aa='rand-m9-mstd0.5-inc1', smoothing=0.1, train_interpolation='bicubic', repeated_aug=True, train_mode=True, ThreeAugment=False, src=False, reprob=0.25, remode='pixel', recount=1, resplit=False, mixup=0.8, cutmix=1.0, cutmix_minmax=None, mixup_prob=1.0, mixup_switch_prob=0.5, mixup_mode='batch', teacher_model='regnety_160', teacher_path='', distillation_type='none', distillation_alpha=0.5, distillation_tau=1.0, cosub=False, finetune='best_checkpoint.pth', attn_only=False, data_path='../dataset/', data_set='INAT21-MINI-HIER-SUPERPIXEL', path_yn=False, inat_category='name', output_dir='./output/few_shot/eight/0.5base0.5ot', device='cuda', seed=0, resume='', start_epoch=0, eval=False, eval_crop_ratio=0.875, dist_eval=False, num_workers=12, pin_mem=True, distributed=True, world_size=1, dist_url='env://', globalkl=False, ot_loss=True, learnable_ot=False, ot_weight=0.5, base_weight=0.5, globalbce=False, gk_weight=1, filename='results.csv', breeds_sort='entity13', random_seed=1, local_rank=-1, tree_path='./data/inat21_3tree.json', label_weight=[1, 2, 3])
| distributed init (rank 0): env://
seed 0
args.nb_classes [10000, 1103, 273]
Creating model: cast_small
dict_keys(['model', 'optimizer', 'lr_scheduler', 'epoch', 'model_ema', 'scaler', 'args'])
Removing key head.weight from pretrained checkpoint
Removing key head.bias from pretrained checkpoint
number of params: 30556704
Start training for 100 epochs
Epoch: [0]  [  0/312]  eta: 1:08:41  lr: 0.000001  sp_loss: 9.2592 (9.2592)  fam_loss: 7.0871 (7.0871)  manu_loss: 5.6142 (5.6142)  ot_loss: 0.5586 (0.5586)  base_loss: 9.3796 (9.3796)  time: 13.2105  data: 7.4564  max mem: 10976
Epoch: [0]  [ 50/312]  eta: 0:02:37  lr: 0.000001  sp_loss: 9.2658 (9.2687)  fam_loss: 7.0809 (7.0902)  manu_loss: 5.6137 (5.6269)  ot_loss: 0.5584 (0.5585)  base_loss: 9.3854 (9.3897)  time: 0.3569  data: 0.0559  max mem: 11358
Epoch: [0]  [100/312]  eta: 0:01:54  lr: 0.000001  sp_loss: 9.2789 (9.2677)  fam_loss: 7.0695 (7.0820)  manu_loss: 5.5561 (5.5996)  ot_loss: 0.5582 (0.5584)  base_loss: 9.3764 (9.3831)  time: 0.4639  data: 0.1565  max mem: 11358
Epoch: [0]  [150/312]  eta: 0:01:21  lr: 0.000001  sp_loss: 9.2554 (9.2680)  fam_loss: 7.0270 (7.0692)  manu_loss: 5.5285 (5.5752)  ot_loss: 0.5580 (0.5583)  base_loss: 9.3564 (9.3764)  time: 0.4721  data: 0.1712  max mem: 11358
Epoch: [0]  [200/312]  eta: 0:00:53  lr: 0.000001  sp_loss: 9.2685 (9.2687)  fam_loss: 7.0252 (7.0623)  manu_loss: 5.4561 (5.5511)  ot_loss: 0.5579 (0.5582)  base_loss: 9.3470 (9.3716)  time: 0.4052  data: 0.1219  max mem: 11358
Epoch: [0]  [250/312]  eta: 0:00:29  lr: 0.000001  sp_loss: 9.2579 (9.2673)  fam_loss: 7.0212 (7.0551)  manu_loss: 5.4235 (5.5274)  ot_loss: 0.5577 (0.5581)  base_loss: 9.3351 (9.3655)  time: 0.4660  data: 0.1792  max mem: 11358
Epoch: [0]  [300/312]  eta: 0:00:05  lr: 0.000001  sp_loss: 9.2531 (9.2680)  fam_loss: 7.0060 (7.0467)  manu_loss: 5.3565 (5.5030)  ot_loss: 0.5575 (0.5580)  base_loss: 9.3261 (9.3602)  time: 0.3404  data: 0.0641  max mem: 11358
Epoch: [0]  [311/312]  eta: 0:00:00  lr: 0.000001  sp_loss: 9.2680 (9.2682)  fam_loss: 6.9823 (7.0448)  manu_loss: 5.3786 (5.4991)  ot_loss: 0.5575 (0.5580)  base_loss: 9.3295 (9.3593)  time: 0.3789  data: 0.1143  max mem: 11358
Epoch: [0] Total time: 0:02:22 (0.4556 s / it)
Averaged stats: lr: 0.000001  sp_loss: 9.2680 (9.2682)  fam_loss: 6.9823 (7.0448)  manu_loss: 5.3786 (5.4991)  ot_loss: 0.5575 (0.5580)  base_loss: 9.3295 (9.3593)
Epoch: [1]  [  0/312]  eta: 0:34:18  lr: 0.000001  sp_loss: 9.3688 (9.3688)  fam_loss: 7.0861 (7.0861)  manu_loss: 5.3431 (5.3431)  ot_loss: 0.5574 (0.5574)  base_loss: 9.4060 (9.4060)  time: 6.5992  data: 6.2438  max mem: 11358
Epoch: [1]  [ 50/312]  eta: 0:02:28  lr: 0.000001  sp_loss: 9.2736 (9.2662)  fam_loss: 6.9910 (6.9906)  manu_loss: 5.2901 (5.3171)  ot_loss: 0.5573 (0.5573)  base_loss: 9.3141 (9.3172)  time: 0.4644  data: 0.1586  max mem: 11358
Epoch: [1]  [100/312]  eta: 0:01:46  lr: 0.000001  sp_loss: 9.2543 (9.2638)  fam_loss: 6.9556 (6.9779)  manu_loss: 5.2348 (5.2851)  ot_loss: 0.5571 (0.5573)  base_loss: 9.2936 (9.3076)  time: 0.4659  data: 0.1606  max mem: 11358
Epoch: [1]  [150/312]  eta: 0:01:17  lr: 0.000001  sp_loss: 9.2524 (9.2611)  fam_loss: 6.9411 (6.9685)  manu_loss: 5.1324 (5.2518)  ot_loss: 0.5570 (0.5572)  base_loss: 9.2673 (9.2985)  time: 0.4481  data: 0.1578  max mem: 11358
Epoch: [1]  [200/312]  eta: 0:00:51  lr: 0.000001  sp_loss: 9.2573 (9.2607)  fam_loss: 6.9422 (6.9594)  manu_loss: 5.1018 (5.2174)  ot_loss: 0.5569 (0.5571)  base_loss: 9.2664 (9.2905)  time: 0.3699  data: 0.0713  max mem: 11358
Epoch: [1]  [250/312]  eta: 0:00:28  lr: 0.000001  sp_loss: 9.2709 (9.2617)  fam_loss: 6.8873 (6.9495)  manu_loss: 4.9819 (5.1788)  ot_loss: 0.5567 (0.5571)  base_loss: 9.2413 (9.2824)  time: 0.3730  data: 0.0806  max mem: 11358
Epoch: [1]  [300/312]  eta: 0:00:05  lr: 0.000001  sp_loss: 9.2611 (9.2615)  fam_loss: 6.8716 (6.9391)  manu_loss: 4.9631 (5.1420)  ot_loss: 0.5567 (0.5570)  base_loss: 9.2319 (9.2736)  time: 0.4221  data: 0.1282  max mem: 11358
Epoch: [1]  [311/312]  eta: 0:00:00  lr: 0.000001  sp_loss: 9.2497 (9.2612)  fam_loss: 6.8844 (6.9370)  manu_loss: 4.9631 (5.1351)  ot_loss: 0.5566 (0.5570)  base_loss: 9.2239 (9.2717)  time: 0.3313  data: 0.0582  max mem: 11358
Epoch: [1] Total time: 0:02:18 (0.4433 s / it)
Averaged stats: lr: 0.000001  sp_loss: 9.2497 (9.2612)  fam_loss: 6.8844 (6.9370)  manu_loss: 4.9631 (5.1351)  ot_loss: 0.5566 (0.5570)  base_loss: 9.2239 (9.2717)
Epoch: [2]  [  0/312]  eta: 0:36:03  lr: 0.000051  sp_loss: 9.2318 (9.2318)  fam_loss: 6.8927 (6.8927)  manu_loss: 4.8894 (4.8894)  ot_loss: 0.5567 (0.5567)  base_loss: 9.2004 (9.2004)  time: 6.9358  data: 6.5662  max mem: 11358
Epoch: [2]  [ 50/312]  eta: 0:02:30  lr: 0.000051  sp_loss: 9.2545 (9.2505)  fam_loss: 6.0862 (6.3324)  manu_loss: 4.2932 (4.4272)  ot_loss: 0.5637 (0.5608)  base_loss: 8.8664 (8.9667)  time: 0.4601  data: 0.1564  max mem: 11358
Epoch: [2]  [100/312]  eta: 0:01:48  lr: 0.000051  sp_loss: 9.2476 (9.2484)  fam_loss: 5.7981 (6.0974)  manu_loss: 3.9361 (4.2220)  ot_loss: 0.5662 (0.5629)  base_loss: 8.7308 (8.8572)  time: 0.4672  data: 0.1663  max mem: 11358
Epoch: [2]  [150/312]  eta: 0:01:19  lr: 0.000051  sp_loss: 9.2340 (9.2442)  fam_loss: 5.6524 (5.9836)  manu_loss: 3.8828 (4.1236)  ot_loss: 0.5672 (0.5640)  base_loss: 8.6441 (8.7994)  time: 0.4779  data: 0.1719  max mem: 11358
Epoch: [2]  [200/312]  eta: 0:00:53  lr: 0.000051  sp_loss: 9.2342 (9.2424)  fam_loss: 5.6013 (5.8795)  manu_loss: 3.7388 (4.0287)  ot_loss: 0.5680 (0.5651)  base_loss: 8.5779 (8.7475)  time: 0.3945  data: 0.0965  max mem: 11358
Epoch: [2]  [250/312]  eta: 0:00:28  lr: 0.000051  sp_loss: 9.2325 (9.2403)  fam_loss: 5.4330 (5.8016)  manu_loss: 3.5258 (3.9489)  ot_loss: 0.5708 (0.5660)  base_loss: 8.4828 (8.7059)  time: 0.3822  data: 0.0911  max mem: 11358
Epoch: [2]  [300/312]  eta: 0:00:05  lr: 0.000051  sp_loss: 9.2316 (9.2391)  fam_loss: 5.4014 (5.7357)  manu_loss: 3.5965 (3.8858)  ot_loss: 0.5702 (0.5667)  base_loss: 8.5137 (8.6718)  time: 0.3840  data: 0.0863  max mem: 11358
Epoch: [2]  [311/312]  eta: 0:00:00  lr: 0.000051  sp_loss: 9.2367 (9.2389)  fam_loss: 5.3802 (5.7221)  manu_loss: 3.5620 (3.8734)  ot_loss: 0.5700 (0.5669)  base_loss: 8.5057 (8.6648)  time: 0.3474  data: 0.0681  max mem: 11358
Epoch: [2] Total time: 0:02:20 (0.4511 s / it)
Averaged stats: lr: 0.000051  sp_loss: 9.2367 (9.2389)  fam_loss: 5.3802 (5.7221)  manu_loss: 3.5620 (3.8734)  ot_loss: 0.5700 (0.5669)  base_loss: 8.5057 (8.6648)
Epoch: [3]  [  0/312]  eta: 0:31:36  lr: 0.000101  sp_loss: 9.2153 (9.2153)  fam_loss: 5.5201 (5.5201)  manu_loss: 3.6723 (3.6723)  ot_loss: 0.5692 (0.5692)  base_loss: 8.5295 (8.5295)  time: 6.0791  data: 5.7430  max mem: 11358
Epoch: [3]  [ 50/312]  eta: 0:02:37  lr: 0.000101  sp_loss: 9.2147 (9.2157)  fam_loss: 5.2832 (5.2762)  manu_loss: 3.5167 (3.5397)  ot_loss: 0.5719 (0.5725)  base_loss: 8.4365 (8.4396)  time: 0.5267  data: 0.2251  max mem: 11358
Epoch: [3]  [100/312]  eta: 0:01:50  lr: 0.000101  sp_loss: 9.2181 (9.2176)  fam_loss: 5.0599 (5.2585)  manu_loss: 3.4397 (3.5191)  ot_loss: 0.5748 (0.5729)  base_loss: 8.3655 (8.4279)  time: 0.4473  data: 0.1473  max mem: 11358
Epoch: [3]  [150/312]  eta: 0:01:17  lr: 0.000101  sp_loss: 9.2148 (9.2157)  fam_loss: 5.0664 (5.2269)  manu_loss: 3.3862 (3.5074)  ot_loss: 0.5753 (0.5736)  base_loss: 8.3413 (8.4114)  time: 0.4020  data: 0.1033  max mem: 11358
Epoch: [3]  [200/312]  eta: 0:00:50  lr: 0.000101  sp_loss: 9.2038 (9.2136)  fam_loss: 5.0384 (5.2058)  manu_loss: 3.3874 (3.4889)  ot_loss: 0.5744 (0.5741)  base_loss: 8.3113 (8.3981)  time: 0.3959  data: 0.1068  max mem: 11358
Epoch: [3]  [250/312]  eta: 0:00:27  lr: 0.000101  sp_loss: 9.1885 (9.2095)  fam_loss: 5.2616 (5.1826)  manu_loss: 3.5618 (3.4748)  ot_loss: 0.5732 (0.5745)  base_loss: 8.3941 (8.3840)  time: 0.3965  data: 0.1125  max mem: 11358
Epoch: [3]  [300/312]  eta: 0:00:05  lr: 0.000101  sp_loss: 9.1685 (9.2032)  fam_loss: 4.8012 (5.1439)  manu_loss: 3.3285 (3.4480)  ot_loss: 0.5794 (0.5753)  base_loss: 8.2028 (8.3627)  time: 0.3498  data: 0.0687  max mem: 11358
Epoch: [3]  [311/312]  eta: 0:00:00  lr: 0.000101  sp_loss: 9.1683 (9.2017)  fam_loss: 4.9789 (5.1378)  manu_loss: 3.3360 (3.4448)  ot_loss: 0.5793 (0.5754)  base_loss: 8.2506 (8.3591)  time: 0.3944  data: 0.1260  max mem: 11358
Epoch: [3] Total time: 0:02:13 (0.4265 s / it)
Averaged stats: lr: 0.000101  sp_loss: 9.1683 (9.2017)  fam_loss: 4.9789 (5.1378)  manu_loss: 3.3360 (3.4448)  ot_loss: 0.5793 (0.5754)  base_loss: 8.2506 (8.3591)
Epoch: [4]  [  0/312]  eta: 0:36:57  lr: 0.000150  sp_loss: 9.0401 (9.0401)  fam_loss: 4.3145 (4.3145)  manu_loss: 2.7402 (2.7402)  ot_loss: 0.5842 (0.5842)  base_loss: 7.9253 (7.9253)  time: 7.1071  data: 6.7814  max mem: 11358
Epoch: [4]  [ 50/312]  eta: 0:02:31  lr: 0.000150  sp_loss: 9.1111 (9.1127)  fam_loss: 5.0699 (4.9929)  manu_loss: 3.4893 (3.4210)  ot_loss: 0.5795 (0.5805)  base_loss: 8.2961 (8.2454)  time: 0.4987  data: 0.1942  max mem: 11358
Epoch: [4]  [100/312]  eta: 0:01:47  lr: 0.000150  sp_loss: 9.0666 (9.0912)  fam_loss: 5.0124 (4.9418)  manu_loss: 3.3480 (3.3675)  ot_loss: 0.5837 (0.5827)  base_loss: 8.2062 (8.2079)  time: 0.4347  data: 0.1314  max mem: 11358
Epoch: [4]  [150/312]  eta: 0:01:17  lr: 0.000150  sp_loss: 9.0478 (9.0813)  fam_loss: 4.9316 (4.9453)  manu_loss: 3.3860 (3.3753)  ot_loss: 0.5849 (0.5834)  base_loss: 8.2092 (8.2034)  time: 0.4392  data: 0.1362  max mem: 11358
Epoch: [4]  [200/312]  eta: 0:00:51  lr: 0.000150  sp_loss: 8.9991 (9.0647)  fam_loss: 4.9556 (4.9304)  manu_loss: 3.3609 (3.3668)  ot_loss: 0.5888 (0.5850)  base_loss: 8.1474 (8.1869)  time: 0.4425  data: 0.1398  max mem: 11358
Epoch: [4]  [250/312]  eta: 0:00:28  lr: 0.000150  sp_loss: 8.8890 (9.0385)  fam_loss: 4.6034 (4.8978)  manu_loss: 3.1679 (3.3400)  ot_loss: 0.5983 (0.5868)  base_loss: 7.9183 (8.1576)  time: 0.3488  data: 0.0470  max mem: 11358
Epoch: [4]  [300/312]  eta: 0:00:05  lr: 0.000150  sp_loss: 8.8696 (9.0189)  fam_loss: 4.8400 (4.8872)  manu_loss: 3.2708 (3.3329)  ot_loss: 0.5963 (0.5882)  base_loss: 8.0175 (8.1414)  time: 0.3430  data: 0.0465  max mem: 11359
Epoch: [4]  [311/312]  eta: 0:00:00  lr: 0.000150  sp_loss: 8.8696 (9.0144)  fam_loss: 4.6575 (4.8850)  manu_loss: 3.2708 (3.3328)  ot_loss: 0.5947 (0.5885)  base_loss: 7.9781 (8.1381)  time: 0.3364  data: 0.0637  max mem: 11359
Epoch: [4] Total time: 0:02:18 (0.4454 s / it)
Averaged stats: lr: 0.000150  sp_loss: 8.8696 (9.0144)  fam_loss: 4.6575 (4.8850)  manu_loss: 3.2708 (3.3328)  ot_loss: 0.5947 (0.5885)  base_loss: 7.9781 (8.1381)
Epoch: [5]  [  0/312]  eta: 0:37:49  lr: 0.000200  sp_loss: 8.6015 (8.6015)  fam_loss: 4.1584 (4.1584)  manu_loss: 2.5921 (2.5921)  ot_loss: 0.6119 (0.6119)  base_loss: 7.5943 (7.5943)  time: 7.2727  data: 6.9191  max mem: 11359
Epoch: [5]  [ 50/312]  eta: 0:02:36  lr: 0.000200  sp_loss: 8.8396 (8.7485)  fam_loss: 4.8330 (4.7454)  manu_loss: 3.3209 (3.2313)  ot_loss: 0.5986 (0.6044)  base_loss: 8.0416 (7.9229)  time: 0.4915  data: 0.1793  max mem: 11359
Epoch: [5]  [100/312]  eta: 0:01:51  lr: 0.000200  sp_loss: 8.5311 (8.7014)  fam_loss: 4.6506 (4.7307)  manu_loss: 3.1685 (3.2213)  ot_loss: 0.6171 (0.6076)  base_loss: 7.7599 (7.8898)  time: 0.4783  data: 0.1692  max mem: 11359
Epoch: [5]  [150/312]  eta: 0:01:22  lr: 0.000200  sp_loss: 8.7513 (8.7006)  fam_loss: 4.9941 (4.7708)  manu_loss: 3.4650 (3.2481)  ot_loss: 0.6025 (0.6080)  base_loss: 7.9658 (7.9041)  time: 0.4694  data: 0.1629  max mem: 11359
Epoch: [5]  [200/312]  eta: 0:00:54  lr: 0.000200  sp_loss: 8.5505 (8.6785)  fam_loss: 4.6183 (4.7543)  manu_loss: 3.2706 (3.2477)  ot_loss: 0.6181 (0.6103)  base_loss: 7.7648 (7.8860)  time: 0.4454  data: 0.1391  max mem: 11359
Epoch: [5]  [250/312]  eta: 0:00:29  lr: 0.000200  sp_loss: 8.6065 (8.6593)  fam_loss: 4.8271 (4.7555)  manu_loss: 3.3354 (3.2599)  ot_loss: 0.6139 (0.6119)  base_loss: 7.8662 (7.8771)  time: 0.3515  data: 0.0486  max mem: 11359
Epoch: [5]  [300/312]  eta: 0:00:05  lr: 0.000200  sp_loss: 8.4773 (8.6362)  fam_loss: 4.6451 (4.7466)  manu_loss: 3.1874 (3.2584)  ot_loss: 0.6224 (0.6134)  base_loss: 7.6777 (7.8606)  time: 0.3376  data: 0.0506  max mem: 11359
Epoch: [5]  [311/312]  eta: 0:00:00  lr: 0.000200  sp_loss: 8.5092 (8.6275)  fam_loss: 4.6578 (4.7415)  manu_loss: 3.2267 (3.2560)  ot_loss: 0.6225 (0.6140)  base_loss: 7.7759 (7.8537)  time: 0.3178  data: 0.0468  max mem: 11359
Epoch: [5] Total time: 0:02:22 (0.4558 s / it)
Averaged stats: lr: 0.000200  sp_loss: 8.5092 (8.6275)  fam_loss: 4.6578 (4.7415)  manu_loss: 3.2267 (3.2560)  ot_loss: 0.6225 (0.6140)  base_loss: 7.7759 (7.8537)
Epoch: [6]  [  0/312]  eta: 0:37:43  lr: 0.000249  sp_loss: 8.6026 (8.6026)  fam_loss: 5.1492 (5.1492)  manu_loss: 3.7399 (3.7399)  ot_loss: 0.6140 (0.6140)  base_loss: 8.0163 (8.0163)  time: 7.2553  data: 6.8890  max mem: 11359
Epoch: [6]  [ 50/312]  eta: 0:02:38  lr: 0.000249  sp_loss: 8.1347 (8.2541)  fam_loss: 4.5096 (4.6154)  manu_loss: 3.1440 (3.1854)  ot_loss: 0.6409 (0.6354)  base_loss: 7.5059 (7.5908)  time: 0.5299  data: 0.2206  max mem: 11359
Epoch: [6]  [100/312]  eta: 0:01:53  lr: 0.000249  sp_loss: 8.2735 (8.2324)  fam_loss: 4.7451 (4.5986)  manu_loss: 3.3391 (3.1928)  ot_loss: 0.6367 (0.6389)  base_loss: 7.6830 (7.5764)  time: 0.5006  data: 0.1900  max mem: 11359
Epoch: [6]  [150/312]  eta: 0:01:21  lr: 0.000249  sp_loss: 8.4647 (8.2434)  fam_loss: 4.8352 (4.6293)  manu_loss: 3.3159 (3.2081)  ot_loss: 0.6297 (0.6398)  base_loss: 7.7955 (7.5920)  time: 0.4201  data: 0.1143  max mem: 11359
Epoch: [6]  [200/312]  eta: 0:00:54  lr: 0.000249  sp_loss: 8.2224 (8.2406)  fam_loss: 4.5778 (4.6435)  manu_loss: 3.2396 (3.2224)  ot_loss: 0.6428 (0.6405)  base_loss: 7.5913 (7.5951)  time: 0.4030  data: 0.0977  max mem: 11359
Epoch: [6]  [250/312]  eta: 0:00:28  lr: 0.000249  sp_loss: 8.2659 (8.2291)  fam_loss: 4.7568 (4.6497)  manu_loss: 3.3058 (3.2305)  ot_loss: 0.6434 (0.6415)  base_loss: 7.6323 (7.5904)  time: 0.3930  data: 0.0982  max mem: 11359
Epoch: [6]  [300/312]  eta: 0:00:05  lr: 0.000249  sp_loss: 8.1584 (8.2254)  fam_loss: 4.6417 (4.6616)  manu_loss: 3.1995 (3.2418)  ot_loss: 0.6452 (0.6420)  base_loss: 7.5185 (7.5921)  time: 0.4016  data: 0.1168  max mem: 11359
Epoch: [6]  [311/312]  eta: 0:00:00  lr: 0.000249  sp_loss: 8.0966 (8.2239)  fam_loss: 4.6003 (4.6606)  manu_loss: 3.2078 (3.2414)  ot_loss: 0.6465 (0.6425)  base_loss: 7.4734 (7.5910)  time: 0.3752  data: 0.1066  max mem: 11359
Epoch: [6] Total time: 0:02:19 (0.4484 s / it)
Averaged stats: lr: 0.000249  sp_loss: 8.0966 (8.2239)  fam_loss: 4.6003 (4.6606)  manu_loss: 3.2078 (3.2414)  ot_loss: 0.6465 (0.6425)  base_loss: 7.4734 (7.5910)
Epoch: [7]  [  0/312]  eta: 0:38:57  lr: 0.000248  sp_loss: 8.1560 (8.1560)  fam_loss: 4.7868 (4.7868)  manu_loss: 3.4250 (3.4250)  ot_loss: 0.6390 (0.6390)  base_loss: 7.5964 (7.5964)  time: 7.4919  data: 7.1694  max mem: 11359
Epoch: [7]  [ 50/312]  eta: 0:02:35  lr: 0.000248  sp_loss: 7.8307 (7.8114)  fam_loss: 4.3943 (4.4882)  manu_loss: 3.1042 (3.1343)  ot_loss: 0.6774 (0.6678)  base_loss: 7.2764 (7.2857)  time: 0.4777  data: 0.1715  max mem: 11359
Epoch: [7]  [100/312]  eta: 0:01:48  lr: 0.000248  sp_loss: 7.9733 (7.8310)  fam_loss: 4.5797 (4.4999)  manu_loss: 3.1500 (3.1430)  ot_loss: 0.6614 (0.6678)  base_loss: 7.4323 (7.3011)  time: 0.4164  data: 0.1053  max mem: 11359
Epoch: [7]  [150/312]  eta: 0:01:16  lr: 0.000248  sp_loss: 8.0884 (7.8506)  fam_loss: 4.7543 (4.5368)  manu_loss: 3.3357 (3.1751)  ot_loss: 0.6573 (0.6671)  base_loss: 7.5692 (7.3264)  time: 0.4153  data: 0.1035  max mem: 11359
Epoch: [7]  [200/312]  eta: 0:00:50  lr: 0.000248  sp_loss: 7.8432 (7.8476)  fam_loss: 4.4178 (4.5287)  manu_loss: 3.1815 (3.1673)  ot_loss: 0.6688 (0.6681)  base_loss: 7.2275 (7.3201)  time: 0.4180  data: 0.1265  max mem: 11359
Epoch: [7]  [250/312]  eta: 0:00:27  lr: 0.000248  sp_loss: 7.8967 (7.8386)  fam_loss: 4.4608 (4.5175)  manu_loss: 3.0863 (3.1611)  ot_loss: 0.6688 (0.6697)  base_loss: 7.3138 (7.3102)  time: 0.4285  data: 0.1265  max mem: 11359
Epoch: [7]  [300/312]  eta: 0:00:05  lr: 0.000248  sp_loss: 7.7946 (7.8252)  fam_loss: 4.6288 (4.5144)  manu_loss: 3.1883 (3.1593)  ot_loss: 0.6738 (0.6709)  base_loss: 7.3462 (7.3011)  time: 0.3408  data: 0.0493  max mem: 11359
Epoch: [7]  [311/312]  eta: 0:00:00  lr: 0.000248  sp_loss: 7.7282 (7.8227)  fam_loss: 4.5773 (4.5182)  manu_loss: 3.1883 (3.1609)  ot_loss: 0.6753 (0.6711)  base_loss: 7.2853 (7.3007)  time: 0.3697  data: 0.0993  max mem: 11359
Epoch: [7] Total time: 0:02:13 (0.4287 s / it)
Averaged stats: lr: 0.000248  sp_loss: 7.7282 (7.8227)  fam_loss: 4.5773 (4.5182)  manu_loss: 3.1883 (3.1609)  ot_loss: 0.6753 (0.6711)  base_loss: 7.2853 (7.3007)
Epoch: [8]  [  0/312]  eta: 0:34:25  lr: 0.000247  sp_loss: 7.1794 (7.1794)  fam_loss: 3.9223 (3.9223)  manu_loss: 2.6910 (2.6910)  ot_loss: 0.6999 (0.6999)  base_loss: 6.6980 (6.6980)  time: 6.6217  data: 6.2726  max mem: 11359
Epoch: [8]  [ 50/312]  eta: 0:02:33  lr: 0.000247  sp_loss: 7.6797 (7.5838)  fam_loss: 4.3755 (4.4495)  manu_loss: 3.0117 (3.1438)  ot_loss: 0.6854 (0.6851)  base_loss: 7.1997 (7.1355)  time: 0.4792  data: 0.1708  max mem: 11359
Epoch: [8]  [100/312]  eta: 0:01:42  lr: 0.000247  sp_loss: 7.6288 (7.6178)  fam_loss: 4.3799 (4.4989)  manu_loss: 3.1475 (3.1733)  ot_loss: 0.6856 (0.6843)  base_loss: 7.1646 (7.1716)  time: 0.3949  data: 0.0920  max mem: 11359
Epoch: [8]  [150/312]  eta: 0:01:12  lr: 0.000247  sp_loss: 7.8188 (7.6231)  fam_loss: 4.7670 (4.5102)  manu_loss: 3.2013 (3.1770)  ot_loss: 0.6675 (0.6847)  base_loss: 7.3596 (7.1775)  time: 0.3806  data: 0.0985  max mem: 11359
Epoch: [8]  [200/312]  eta: 0:00:47  lr: 0.000247  sp_loss: 7.9172 (7.6327)  fam_loss: 4.7092 (4.5105)  manu_loss: 3.3812 (3.1793)  ot_loss: 0.6697 (0.6854)  base_loss: 7.4067 (7.1831)  time: 0.3874  data: 0.0989  max mem: 11359
Epoch: [8]  [250/312]  eta: 0:00:25  lr: 0.000247  sp_loss: 7.3332 (7.6280)  fam_loss: 4.3568 (4.5111)  manu_loss: 3.0744 (3.1760)  ot_loss: 0.6917 (0.6863)  base_loss: 6.9551 (7.1795)  time: 0.3620  data: 0.0784  max mem: 11359
Epoch: [8]  [300/312]  eta: 0:00:04  lr: 0.000247  sp_loss: 7.2097 (7.5947)  fam_loss: 4.2213 (4.4938)  manu_loss: 2.9883 (3.1634)  ot_loss: 0.7085 (0.6884)  base_loss: 6.8483 (7.1541)  time: 0.3793  data: 0.0946  max mem: 11359
Epoch: [8]  [311/312]  eta: 0:00:00  lr: 0.000247  sp_loss: 7.5960 (7.5945)  fam_loss: 4.4782 (4.4959)  manu_loss: 3.0539 (3.1635)  ot_loss: 0.6882 (0.6886)  base_loss: 7.1437 (7.1544)  time: 0.3804  data: 0.1044  max mem: 11359
Epoch: [8] Total time: 0:02:07 (0.4078 s / it)
Averaged stats: lr: 0.000247  sp_loss: 7.5960 (7.5945)  fam_loss: 4.4782 (4.4959)  manu_loss: 3.0539 (3.1635)  ot_loss: 0.6882 (0.6886)  base_loss: 7.1437 (7.1544)
Epoch: [9]  [  0/312]  eta: 0:38:43  lr: 0.000246  sp_loss: 7.5003 (7.5003)  fam_loss: 4.3991 (4.3991)  manu_loss: 3.1260 (3.1260)  ot_loss: 0.6829 (0.6829)  base_loss: 7.0527 (7.0527)  time: 7.4481  data: 7.0950  max mem: 11359
Epoch: [9]  [ 50/312]  eta: 0:02:37  lr: 0.000246  sp_loss: 6.6876 (7.1406)  fam_loss: 4.0344 (4.2617)  manu_loss: 2.8451 (3.0082)  ot_loss: 0.7325 (0.7154)  base_loss: 6.4784 (6.8048)  time: 0.4834  data: 0.1724  max mem: 11359
Epoch: [9]  [100/312]  eta: 0:01:50  lr: 0.000246  sp_loss: 7.3381 (7.1607)  fam_loss: 4.3594 (4.2678)  manu_loss: 3.1127 (3.0086)  ot_loss: 0.7021 (0.7152)  base_loss: 6.9273 (6.8186)  time: 0.4290  data: 0.1203  max mem: 11359
Epoch: [9]  [150/312]  eta: 0:01:22  lr: 0.000246  sp_loss: 7.1425 (7.2173)  fam_loss: 4.2292 (4.3140)  manu_loss: 2.9672 (3.0508)  ot_loss: 0.7046 (0.7127)  base_loss: 6.7897 (6.8683)  time: 0.4811  data: 0.1810  max mem: 11359
Epoch: [9]  [200/312]  eta: 0:00:54  lr: 0.000246  sp_loss: 7.3804 (7.2407)  fam_loss: 4.4980 (4.3382)  manu_loss: 3.2054 (3.0687)  ot_loss: 0.7038 (0.7121)  base_loss: 7.0220 (6.8905)  time: 0.4627  data: 0.1573  max mem: 11359
Epoch: [9]  [250/312]  eta: 0:00:29  lr: 0.000246  sp_loss: 7.4566 (7.2543)  fam_loss: 4.4552 (4.3473)  manu_loss: 2.9526 (3.0705)  ot_loss: 0.7101 (0.7122)  base_loss: 7.0425 (6.9008)  time: 0.4185  data: 0.1231  max mem: 11359
Epoch: [9]  [300/312]  eta: 0:00:05  lr: 0.000246  sp_loss: 7.4783 (7.2459)  fam_loss: 4.5692 (4.3373)  manu_loss: 3.2231 (3.0671)  ot_loss: 0.6956 (0.7132)  base_loss: 7.1284 (6.8920)  time: 0.3308  data: 0.0509  max mem: 11359
Epoch: [9]  [311/312]  eta: 0:00:00  lr: 0.000246  sp_loss: 7.3221 (7.2513)  fam_loss: 4.3291 (4.3428)  manu_loss: 3.0440 (3.0695)  ot_loss: 0.7196 (0.7131)  base_loss: 6.9412 (6.8969)  time: 0.3739  data: 0.1071  max mem: 11359
Epoch: [9] Total time: 0:02:21 (0.4545 s / it)
Averaged stats: lr: 0.000246  sp_loss: 7.3221 (7.2513)  fam_loss: 4.3291 (4.3428)  manu_loss: 3.0440 (3.0695)  ot_loss: 0.7196 (0.7131)  base_loss: 6.9412 (6.8969)
Epoch: [10]  [  0/312]  eta: 0:40:02  lr: 0.000245  sp_loss: 6.8703 (6.8703)  fam_loss: 4.1826 (4.1826)  manu_loss: 2.9992 (2.9992)  ot_loss: 0.7145 (0.7145)  base_loss: 6.6263 (6.6263)  time: 7.7018  data: 7.3734  max mem: 11359
Epoch: [10]  [ 50/312]  eta: 0:02:40  lr: 0.000245  sp_loss: 7.2168 (6.9921)  fam_loss: 4.2567 (4.2279)  manu_loss: 3.0499 (3.0026)  ot_loss: 0.7106 (0.7297)  base_loss: 6.7848 (6.7054)  time: 0.5093  data: 0.2017  max mem: 11359
Epoch: [10]  [100/312]  eta: 0:01:50  lr: 0.000245  sp_loss: 7.2684 (7.0452)  fam_loss: 4.3402 (4.2831)  manu_loss: 3.0940 (3.0395)  ot_loss: 0.7057 (0.7261)  base_loss: 6.8749 (6.7541)  time: 0.4113  data: 0.1180  max mem: 11359
Epoch: [10]  [150/312]  eta: 0:01:16  lr: 0.000245  sp_loss: 6.9714 (7.0818)  fam_loss: 4.1624 (4.3069)  manu_loss: 3.0207 (3.0518)  ot_loss: 0.7274 (0.7243)  base_loss: 6.6394 (6.7824)  time: 0.4077  data: 0.1004  max mem: 11359
Epoch: [10]  [200/312]  eta: 0:00:50  lr: 0.000245  sp_loss: 7.4708 (7.0978)  fam_loss: 4.5646 (4.3113)  manu_loss: 3.1728 (3.0549)  ot_loss: 0.7025 (0.7239)  base_loss: 7.1031 (6.7926)  time: 0.3958  data: 0.0891  max mem: 11359
Epoch: [10]  [250/312]  eta: 0:00:27  lr: 0.000245  sp_loss: 7.2842 (7.0741)  fam_loss: 4.3562 (4.2921)  manu_loss: 2.9868 (3.0436)  ot_loss: 0.7138 (0.7260)  base_loss: 6.8900 (6.7723)  time: 0.3654  data: 0.0700  max mem: 11359
Epoch: [10]  [300/312]  eta: 0:00:05  lr: 0.000245  sp_loss: 7.4971 (7.0803)  fam_loss: 4.4807 (4.2962)  manu_loss: 3.2848 (3.0493)  ot_loss: 0.7034 (0.7260)  base_loss: 7.1422 (6.7770)  time: 0.3374  data: 0.0581  max mem: 11359
Epoch: [10]  [311/312]  eta: 0:00:00  lr: 0.000245  sp_loss: 7.0632 (7.0751)  fam_loss: 4.4047 (4.2962)  manu_loss: 2.9920 (3.0484)  ot_loss: 0.7272 (0.7264)  base_loss: 6.7943 (6.7740)  time: 0.3156  data: 0.0505  max mem: 11359
Epoch: [10] Total time: 0:02:14 (0.4310 s / it)
Averaged stats: lr: 0.000245  sp_loss: 7.0632 (7.0751)  fam_loss: 4.4047 (4.2962)  manu_loss: 2.9920 (3.0484)  ot_loss: 0.7272 (0.7264)  base_loss: 6.7943 (6.7740)
Epoch: [11]  [  0/312]  eta: 0:37:15  lr: 0.000244  sp_loss: 7.3584 (7.3584)  fam_loss: 4.6730 (4.6730)  manu_loss: 3.2735 (3.2735)  ot_loss: 0.6914 (0.6914)  base_loss: 7.0474 (7.0474)  time: 7.1639  data: 6.7724  max mem: 11359
Epoch: [11]  [ 50/312]  eta: 0:02:36  lr: 0.000244  sp_loss: 6.5027 (6.7214)  fam_loss: 4.0335 (4.1502)  manu_loss: 2.8936 (2.9588)  ot_loss: 0.7636 (0.7432)  base_loss: 6.3702 (6.5177)  time: 0.4625  data: 0.1555  max mem: 11359
Epoch: [11]  [100/312]  eta: 0:01:47  lr: 0.000244  sp_loss: 6.8122 (6.7753)  fam_loss: 4.4080 (4.2050)  manu_loss: 3.0924 (3.0085)  ot_loss: 0.7331 (0.7420)  base_loss: 6.6795 (6.5689)  time: 0.4317  data: 0.1245  max mem: 11359
Epoch: [11]  [150/312]  eta: 0:01:18  lr: 0.000244  sp_loss: 7.1469 (6.8167)  fam_loss: 4.2557 (4.2147)  manu_loss: 3.1007 (3.0110)  ot_loss: 0.7200 (0.7409)  base_loss: 6.7860 (6.5948)  time: 0.4519  data: 0.1528  max mem: 11359
Epoch: [11]  [200/312]  eta: 0:00:51  lr: 0.000244  sp_loss: 7.2619 (6.8725)  fam_loss: 4.4262 (4.2478)  manu_loss: 3.0852 (3.0283)  ot_loss: 0.7202 (0.7382)  base_loss: 6.8907 (6.6372)  time: 0.3891  data: 0.0772  max mem: 11359
Epoch: [11]  [250/312]  eta: 0:00:27  lr: 0.000244  sp_loss: 7.1993 (6.9047)  fam_loss: 4.3855 (4.2657)  manu_loss: 3.1258 (3.0389)  ot_loss: 0.7180 (0.7366)  base_loss: 6.9022 (6.6613)  time: 0.3716  data: 0.0695  max mem: 11359
Epoch: [11]  [300/312]  eta: 0:00:05  lr: 0.000244  sp_loss: 7.1908 (6.9118)  fam_loss: 4.3532 (4.2617)  manu_loss: 3.0795 (3.0388)  ot_loss: 0.7170 (0.7366)  base_loss: 6.8120 (6.6640)  time: 0.4051  data: 0.1052  max mem: 11359
Epoch: [11]  [311/312]  eta: 0:00:00  lr: 0.000244  sp_loss: 7.3377 (6.9210)  fam_loss: 4.4360 (4.2683)  manu_loss: 3.1569 (3.0419)  ot_loss: 0.7170 (0.7361)  base_loss: 6.9733 (6.6713)  time: 0.3205  data: 0.0435  max mem: 11359
Epoch: [11] Total time: 0:02:14 (0.4327 s / it)
Averaged stats: lr: 0.000244  sp_loss: 7.3377 (6.9210)  fam_loss: 4.4360 (4.2683)  manu_loss: 3.1569 (3.0419)  ot_loss: 0.7170 (0.7361)  base_loss: 6.9733 (6.6713)
Epoch: [12]  [  0/312]  eta: 0:30:02  lr: 0.000243  sp_loss: 6.9235 (6.9235)  fam_loss: 4.0685 (4.0685)  manu_loss: 2.9432 (2.9432)  ot_loss: 0.7256 (0.7256)  base_loss: 6.5994 (6.5994)  time: 5.7780  data: 5.4423  max mem: 11359
Epoch: [12]  [ 50/312]  eta: 0:02:46  lr: 0.000243  sp_loss: 6.7824 (6.7015)  fam_loss: 4.2043 (4.1801)  manu_loss: 2.8950 (2.9817)  ot_loss: 0.7441 (0.7485)  base_loss: 6.6471 (6.5149)  time: 0.5440  data: 0.2321  max mem: 11359
Epoch: [12]  [100/312]  eta: 0:01:58  lr: 0.000243  sp_loss: 6.7123 (6.7173)  fam_loss: 4.2593 (4.1721)  manu_loss: 3.0213 (2.9690)  ot_loss: 0.7339 (0.7482)  base_loss: 6.5510 (6.5168)  time: 0.5089  data: 0.2091  max mem: 11359
Epoch: [12]  [150/312]  eta: 0:01:24  lr: 0.000243  sp_loss: 6.7336 (6.7113)  fam_loss: 4.1834 (4.1702)  manu_loss: 2.9994 (2.9751)  ot_loss: 0.7505 (0.7493)  base_loss: 6.5956 (6.5126)  time: 0.4210  data: 0.1253  max mem: 11359
Epoch: [12]  [200/312]  eta: 0:00:57  lr: 0.000243  sp_loss: 6.9631 (6.6980)  fam_loss: 4.2931 (4.1683)  manu_loss: 3.0225 (2.9714)  ot_loss: 0.7289 (0.7502)  base_loss: 6.7216 (6.5040)  time: 0.5336  data: 0.2333  max mem: 11359
Epoch: [12]  [250/312]  eta: 0:00:31  lr: 0.000243  sp_loss: 7.0546 (6.7175)  fam_loss: 4.3185 (4.1787)  manu_loss: 3.1225 (2.9840)  ot_loss: 0.7290 (0.7496)  base_loss: 6.7617 (6.5199)  time: 0.4314  data: 0.1419  max mem: 11359
Epoch: [12]  [300/312]  eta: 0:00:05  lr: 0.000243  sp_loss: 6.7981 (6.7377)  fam_loss: 4.2720 (4.1891)  manu_loss: 3.0631 (2.9881)  ot_loss: 0.7388 (0.7492)  base_loss: 6.5905 (6.5342)  time: 0.3745  data: 0.0972  max mem: 11359
Epoch: [12]  [311/312]  eta: 0:00:00  lr: 0.000243  sp_loss: 7.2898 (6.7566)  fam_loss: 4.4975 (4.1991)  manu_loss: 3.1963 (2.9955)  ot_loss: 0.7151 (0.7483)  base_loss: 6.9479 (6.5485)  time: 0.3598  data: 0.0898  max mem: 11359
Epoch: [12] Total time: 0:02:31 (0.4855 s / it)
Averaged stats: lr: 0.000243  sp_loss: 7.2898 (6.7566)  fam_loss: 4.4975 (4.1991)  manu_loss: 3.1963 (2.9955)  ot_loss: 0.7151 (0.7483)  base_loss: 6.9479 (6.5485)
Epoch: [13]  [  0/312]  eta: 0:30:53  lr: 0.000242  sp_loss: 7.1166 (7.1166)  fam_loss: 4.2190 (4.2190)  manu_loss: 3.1794 (3.1794)  ot_loss: 0.7248 (0.7248)  base_loss: 6.7730 (6.7730)  time: 5.9404  data: 5.6195  max mem: 11359
Epoch: [13]  [ 50/312]  eta: 0:02:23  lr: 0.000242  sp_loss: 6.5777 (6.2586)  fam_loss: 3.9967 (3.9135)  manu_loss: 2.8928 (2.8104)  ot_loss: 0.7637 (0.7758)  base_loss: 6.3792 (6.1604)  time: 0.4246  data: 0.1425  max mem: 11359
Epoch: [13]  [100/312]  eta: 0:01:40  lr: 0.000242  sp_loss: 6.5371 (6.4070)  fam_loss: 4.1651 (4.0295)  manu_loss: 3.0544 (2.8925)  ot_loss: 0.7541 (0.7671)  base_loss: 6.4340 (6.2860)  time: 0.4325  data: 0.1482  max mem: 11359
Epoch: [13]  [150/312]  eta: 0:01:14  lr: 0.000242  sp_loss: 6.5736 (6.4763)  fam_loss: 4.0663 (4.0676)  manu_loss: 3.0051 (2.9325)  ot_loss: 0.7578 (0.7640)  base_loss: 6.4011 (6.3408)  time: 0.4389  data: 0.1600  max mem: 11359
Epoch: [13]  [200/312]  eta: 0:00:49  lr: 0.000242  sp_loss: 7.0977 (6.5102)  fam_loss: 4.3977 (4.0845)  manu_loss: 3.1022 (2.9418)  ot_loss: 0.7213 (0.7625)  base_loss: 6.8139 (6.3655)  time: 0.3553  data: 0.0725  max mem: 11359
Epoch: [13]  [250/312]  eta: 0:00:26  lr: 0.000242  sp_loss: 6.3706 (6.5037)  fam_loss: 4.0204 (4.0783)  manu_loss: 2.8670 (2.9287)  ot_loss: 0.7613 (0.7637)  base_loss: 6.2845 (6.3580)  time: 0.3545  data: 0.0729  max mem: 11359
Epoch: [13]  [300/312]  eta: 0:00:05  lr: 0.000242  sp_loss: 6.8710 (6.5318)  fam_loss: 4.2826 (4.0909)  manu_loss: 2.9858 (2.9321)  ot_loss: 0.7440 (0.7625)  base_loss: 6.6535 (6.3775)  time: 0.3764  data: 0.1005  max mem: 11359
Epoch: [13]  [311/312]  eta: 0:00:00  lr: 0.000242  sp_loss: 6.9590 (6.5338)  fam_loss: 4.3082 (4.0898)  manu_loss: 2.9858 (2.9313)  ot_loss: 0.7388 (0.7624)  base_loss: 6.7263 (6.3781)  time: 0.3276  data: 0.0598  max mem: 11359
Epoch: [13] Total time: 0:02:10 (0.4188 s / it)
Averaged stats: lr: 0.000242  sp_loss: 6.9590 (6.5338)  fam_loss: 4.3082 (4.0898)  manu_loss: 2.9858 (2.9313)  ot_loss: 0.7388 (0.7624)  base_loss: 6.7263 (6.3781)
Epoch: [14]  [  0/312]  eta: 0:31:16  lr: 0.000240  sp_loss: 6.4407 (6.4407)  fam_loss: 4.3612 (4.3612)  manu_loss: 3.0895 (3.0895)  ot_loss: 0.7522 (0.7522)  base_loss: 6.4135 (6.4135)  time: 6.0153  data: 5.6732  max mem: 11359
Epoch: [14]  [ 50/312]  eta: 0:02:33  lr: 0.000240  sp_loss: 6.5708 (6.4745)  fam_loss: 4.1600 (4.1244)  manu_loss: 2.9573 (2.9496)  ot_loss: 0.7613 (0.7682)  base_loss: 6.4724 (6.3530)  time: 0.4604  data: 0.1677  max mem: 11359
Epoch: [14]  [100/312]  eta: 0:01:44  lr: 0.000240  sp_loss: 6.6864 (6.4833)  fam_loss: 4.2727 (4.1318)  manu_loss: 2.8850 (2.9536)  ot_loss: 0.7415 (0.7655)  base_loss: 6.4555 (6.3616)  time: 0.4301  data: 0.1314  max mem: 11359
Epoch: [14]  [150/312]  eta: 0:01:13  lr: 0.000240  sp_loss: 6.8074 (6.4771)  fam_loss: 4.2562 (4.1216)  manu_loss: 3.0552 (2.9512)  ot_loss: 0.7365 (0.7657)  base_loss: 6.6095 (6.3543)  time: 0.3965  data: 0.1079  max mem: 11359
Epoch: [14]  [200/312]  eta: 0:00:48  lr: 0.000240  sp_loss: 6.8398 (6.5016)  fam_loss: 4.2532 (4.1235)  manu_loss: 3.0973 (2.9571)  ot_loss: 0.7403 (0.7645)  base_loss: 6.6470 (6.3694)  time: 0.3939  data: 0.1114  max mem: 11359
Epoch: [14]  [250/312]  eta: 0:00:26  lr: 0.000240  sp_loss: 6.4758 (6.5157)  fam_loss: 4.0807 (4.1301)  manu_loss: 3.0226 (2.9630)  ot_loss: 0.7623 (0.7640)  base_loss: 6.3266 (6.3803)  time: 0.3402  data: 0.0577  max mem: 11359
Epoch: [14]  [300/312]  eta: 0:00:04  lr: 0.000240  sp_loss: 6.9855 (6.5441)  fam_loss: 4.3340 (4.1435)  manu_loss: 3.0784 (2.9726)  ot_loss: 0.7467 (0.7626)  base_loss: 6.6939 (6.4013)  time: 0.3265  data: 0.0491  max mem: 11359
Epoch: [14]  [311/312]  eta: 0:00:00  lr: 0.000240  sp_loss: 6.6542 (6.5478)  fam_loss: 4.2706 (4.1445)  manu_loss: 3.0693 (2.9718)  ot_loss: 0.7375 (0.7623)  base_loss: 6.4965 (6.4034)  time: 0.3197  data: 0.0507  max mem: 11359
Epoch: [14] Total time: 0:02:08 (0.4118 s / it)
Averaged stats: lr: 0.000240  sp_loss: 6.6542 (6.5478)  fam_loss: 4.2706 (4.1445)  manu_loss: 3.0693 (2.9718)  ot_loss: 0.7375 (0.7623)  base_loss: 6.4965 (6.4034)
Epoch: [15]  [  0/312]  eta: 0:29:18  lr: 0.000239  sp_loss: 6.3438 (6.3438)  fam_loss: 4.1283 (4.1283)  manu_loss: 2.9929 (2.9929)  ot_loss: 0.7733 (0.7733)  base_loss: 6.2827 (6.2827)  time: 5.6378  data: 5.2931  max mem: 11359
Epoch: [15]  [ 50/312]  eta: 0:02:23  lr: 0.000239  sp_loss: 6.6350 (6.4370)  fam_loss: 4.2132 (4.1243)  manu_loss: 3.0423 (2.9687)  ot_loss: 0.7511 (0.7683)  base_loss: 6.4838 (6.3321)  time: 0.4101  data: 0.1131  max mem: 11359
Epoch: [15]  [100/312]  eta: 0:01:42  lr: 0.000239  sp_loss: 6.3317 (6.3991)  fam_loss: 4.1018 (4.1065)  manu_loss: 2.9614 (2.9538)  ot_loss: 0.7784 (0.7713)  base_loss: 6.2884 (6.3043)  time: 0.4382  data: 0.1461  max mem: 11359
Epoch: [15]  [150/312]  eta: 0:01:13  lr: 0.000239  sp_loss: 6.4835 (6.3813)  fam_loss: 4.1986 (4.0804)  manu_loss: 2.8665 (2.9319)  ot_loss: 0.7477 (0.7720)  base_loss: 6.3628 (6.2833)  time: 0.4261  data: 0.1288  max mem: 11359
Epoch: [15]  [200/312]  eta: 0:00:49  lr: 0.000239  sp_loss: 5.9048 (6.3376)  fam_loss: 3.8028 (4.0429)  manu_loss: 2.8743 (2.9129)  ot_loss: 0.7975 (0.7751)  base_loss: 5.8962 (6.2462)  time: 0.4494  data: 0.1396  max mem: 11359
Epoch: [15]  [250/312]  eta: 0:00:26  lr: 0.000239  sp_loss: 6.5763 (6.3453)  fam_loss: 4.1435 (4.0435)  manu_loss: 2.9561 (2.9121)  ot_loss: 0.7516 (0.7749)  base_loss: 6.4309 (6.2500)  time: 0.4116  data: 0.1223  max mem: 11359
Epoch: [15]  [300/312]  eta: 0:00:05  lr: 0.000239  sp_loss: 6.8792 (6.3771)  fam_loss: 4.3688 (4.0586)  manu_loss: 3.0446 (2.9202)  ot_loss: 0.7484 (0.7735)  base_loss: 6.7034 (6.2728)  time: 0.3362  data: 0.0545  max mem: 11359
Epoch: [15]  [311/312]  eta: 0:00:00  lr: 0.000239  sp_loss: 6.8792 (6.3825)  fam_loss: 4.3717 (4.0614)  manu_loss: 3.0737 (2.9207)  ot_loss: 0.7443 (0.7730)  base_loss: 6.7034 (6.2764)  time: 0.3252  data: 0.0547  max mem: 11359
Epoch: [15] Total time: 0:02:12 (0.4241 s / it)
Averaged stats: lr: 0.000239  sp_loss: 6.8792 (6.3825)  fam_loss: 4.3717 (4.0614)  manu_loss: 3.0737 (2.9207)  ot_loss: 0.7443 (0.7730)  base_loss: 6.7034 (6.2764)
Epoch: [16]  [  0/312]  eta: 0:31:04  lr: 0.000237  sp_loss: 6.2281 (6.2281)  fam_loss: 4.0957 (4.0957)  manu_loss: 2.8583 (2.8583)  ot_loss: 0.7836 (0.7836)  base_loss: 6.1797 (6.1797)  time: 5.9764  data: 5.6452  max mem: 11359
Epoch: [16]  [ 50/312]  eta: 0:02:19  lr: 0.000237  sp_loss: 6.2893 (6.2122)  fam_loss: 4.1689 (4.0233)  manu_loss: 3.0149 (2.9207)  ot_loss: 0.7681 (0.7790)  base_loss: 6.2388 (6.1691)  time: 0.4009  data: 0.1066  max mem: 11359
Epoch: [16]  [100/312]  eta: 0:01:43  lr: 0.000237  sp_loss: 6.4352 (6.1999)  fam_loss: 4.0802 (4.0031)  manu_loss: 3.0190 (2.9013)  ot_loss: 0.7655 (0.7815)  base_loss: 6.3529 (6.1520)  time: 0.4164  data: 0.1235  max mem: 11359
Epoch: [16]  [150/312]  eta: 0:01:14  lr: 0.000237  sp_loss: 6.5908 (6.2413)  fam_loss: 4.1716 (4.0195)  manu_loss: 2.9636 (2.9036)  ot_loss: 0.7495 (0.7810)  base_loss: 6.4287 (6.1804)  time: 0.4330  data: 0.1442  max mem: 11359
Epoch: [16]  [200/312]  eta: 0:00:49  lr: 0.000237  sp_loss: 6.1584 (6.2476)  fam_loss: 3.9374 (4.0159)  manu_loss: 2.7792 (2.8988)  ot_loss: 0.7617 (0.7804)  base_loss: 6.0571 (6.1818)  time: 0.4108  data: 0.1310  max mem: 11359
Epoch: [16]  [250/312]  eta: 0:00:26  lr: 0.000237  sp_loss: 6.7140 (6.2945)  fam_loss: 4.1822 (4.0308)  manu_loss: 2.9616 (2.9031)  ot_loss: 0.7533 (0.7783)  base_loss: 6.5085 (6.2128)  time: 0.3776  data: 0.0999  max mem: 11359
Epoch: [16]  [300/312]  eta: 0:00:04  lr: 0.000237  sp_loss: 6.5979 (6.3126)  fam_loss: 4.2540 (4.0484)  manu_loss: 2.9966 (2.9165)  ot_loss: 0.7495 (0.7770)  base_loss: 6.4733 (6.2295)  time: 0.3759  data: 0.0944  max mem: 11359
Epoch: [16]  [311/312]  eta: 0:00:00  lr: 0.000237  sp_loss: 6.5979 (6.3264)  fam_loss: 4.2540 (4.0556)  manu_loss: 3.0489 (2.9217)  ot_loss: 0.7512 (0.7765)  base_loss: 6.4733 (6.2398)  time: 0.3718  data: 0.0975  max mem: 11359
Epoch: [16] Total time: 0:02:08 (0.4120 s / it)
Averaged stats: lr: 0.000237  sp_loss: 6.5979 (6.3264)  fam_loss: 4.2540 (4.0556)  manu_loss: 3.0489 (2.9217)  ot_loss: 0.7512 (0.7765)  base_loss: 6.4733 (6.2398)
Epoch: [17]  [  0/312]  eta: 0:28:31  lr: 0.000235  sp_loss: 5.7007 (5.7007)  fam_loss: 3.8659 (3.8659)  manu_loss: 2.8286 (2.8286)  ot_loss: 0.8387 (0.8387)  base_loss: 5.8620 (5.8620)  time: 5.4864  data: 5.1584  max mem: 11359
Epoch: [17]  [ 50/312]  eta: 0:02:28  lr: 0.000235  sp_loss: 6.6338 (6.0972)  fam_loss: 4.2358 (3.9578)  manu_loss: 2.9998 (2.8684)  ot_loss: 0.7588 (0.7909)  base_loss: 6.5100 (6.0777)  time: 0.4783  data: 0.1857  max mem: 11359
Epoch: [17]  [100/312]  eta: 0:01:39  lr: 0.000235  sp_loss: 6.5094 (6.1130)  fam_loss: 4.2002 (3.9700)  manu_loss: 2.8855 (2.8631)  ot_loss: 0.7609 (0.7881)  base_loss: 6.4497 (6.0864)  time: 0.3915  data: 0.1155  max mem: 11359
Epoch: [17]  [150/312]  eta: 0:01:11  lr: 0.000235  sp_loss: 6.4019 (6.1353)  fam_loss: 3.9974 (3.9708)  manu_loss: 2.8338 (2.8631)  ot_loss: 0.7677 (0.7864)  base_loss: 6.2173 (6.0988)  time: 0.4220  data: 0.1395  max mem: 11359
Epoch: [17]  [200/312]  eta: 0:00:47  lr: 0.000235  sp_loss: 6.5980 (6.1707)  fam_loss: 4.3117 (3.9978)  manu_loss: 3.0686 (2.8784)  ot_loss: 0.7606 (0.7847)  base_loss: 6.5166 (6.1279)  time: 0.3873  data: 0.1104  max mem: 11359
Epoch: [17]  [250/312]  eta: 0:00:25  lr: 0.000235  sp_loss: 6.4052 (6.1540)  fam_loss: 4.1636 (3.9848)  manu_loss: 3.0025 (2.8716)  ot_loss: 0.7715 (0.7861)  base_loss: 6.3086 (6.1141)  time: 0.3381  data: 0.0612  max mem: 11359
Epoch: [17]  [300/312]  eta: 0:00:04  lr: 0.000235  sp_loss: 6.5413 (6.1603)  fam_loss: 4.0901 (3.9858)  manu_loss: 2.9960 (2.8718)  ot_loss: 0.7552 (0.7863)  base_loss: 6.3545 (6.1181)  time: 0.3216  data: 0.0464  max mem: 11359
Epoch: [17]  [311/312]  eta: 0:00:00  lr: 0.000235  sp_loss: 6.3994 (6.1647)  fam_loss: 4.2460 (3.9882)  manu_loss: 3.0050 (2.8747)  ot_loss: 0.7680 (0.7861)  base_loss: 6.3550 (6.1216)  time: 0.3150  data: 0.0491  max mem: 11359
Epoch: [17] Total time: 0:02:07 (0.4082 s / it)
Averaged stats: lr: 0.000235  sp_loss: 6.3994 (6.1647)  fam_loss: 4.2460 (3.9882)  manu_loss: 3.0050 (2.8747)  ot_loss: 0.7680 (0.7861)  base_loss: 6.3550 (6.1216)
Epoch: [18]  [  0/312]  eta: 0:37:59  lr: 0.000233  sp_loss: 4.9083 (4.9083)  fam_loss: 3.2137 (3.2137)  manu_loss: 2.4669 (2.4669)  ot_loss: 0.8570 (0.8570)  base_loss: 5.1480 (5.1480)  time: 7.3065  data: 6.9877  max mem: 11359
Epoch: [18]  [ 50/312]  eta: 0:02:23  lr: 0.000233  sp_loss: 6.0377 (6.1269)  fam_loss: 4.0594 (4.0057)  manu_loss: 2.8615 (2.8982)  ot_loss: 0.7901 (0.7851)  base_loss: 6.0806 (6.1055)  time: 0.3914  data: 0.0965  max mem: 11359
Epoch: [18]  [100/312]  eta: 0:01:41  lr: 0.000233  sp_loss: 6.2549 (6.0978)  fam_loss: 4.0944 (3.9935)  manu_loss: 2.8073 (2.8772)  ot_loss: 0.7804 (0.7881)  base_loss: 6.2382 (6.0819)  time: 0.4150  data: 0.1188  max mem: 11359
Epoch: [18]  [150/312]  eta: 0:01:11  lr: 0.000233  sp_loss: 6.5296 (6.1124)  fam_loss: 4.1524 (3.9841)  manu_loss: 2.9732 (2.8691)  ot_loss: 0.7705 (0.7882)  base_loss: 6.3937 (6.0866)  time: 0.3930  data: 0.0959  max mem: 11359
Epoch: [18]  [200/312]  eta: 0:00:47  lr: 0.000233  sp_loss: 6.2497 (6.0827)  fam_loss: 3.9147 (3.9637)  manu_loss: 2.8787 (2.8564)  ot_loss: 0.7843 (0.7902)  base_loss: 6.1278 (6.0625)  time: 0.3345  data: 0.0407  max mem: 11359
Epoch: [18]  [250/312]  eta: 0:00:25  lr: 0.000233  sp_loss: 6.4776 (6.1385)  fam_loss: 4.2075 (3.9907)  manu_loss: 2.9760 (2.8762)  ot_loss: 0.7562 (0.7868)  base_loss: 6.4142 (6.1039)  time: 0.3560  data: 0.0539  max mem: 11359
Epoch: [18]  [300/312]  eta: 0:00:04  lr: 0.000233  sp_loss: 6.3884 (6.1548)  fam_loss: 4.1445 (3.9998)  manu_loss: 3.0584 (2.8875)  ot_loss: 0.7640 (0.7859)  base_loss: 6.3160 (6.1176)  time: 0.3752  data: 0.0864  max mem: 11359
Epoch: [18]  [311/312]  eta: 0:00:00  lr: 0.000233  sp_loss: 6.4606 (6.1628)  fam_loss: 4.2539 (4.0019)  manu_loss: 3.0400 (2.8876)  ot_loss: 0.7536 (0.7855)  base_loss: 6.4359 (6.1228)  time: 0.3180  data: 0.0466  max mem: 11359
Epoch: [18] Total time: 0:02:06 (0.4070 s / it)
Averaged stats: lr: 0.000233  sp_loss: 6.4606 (6.1628)  fam_loss: 4.2539 (4.0019)  manu_loss: 3.0400 (2.8876)  ot_loss: 0.7536 (0.7855)  base_loss: 6.4359 (6.1228)
Epoch: [19]  [  0/312]  eta: 0:36:01  lr: 0.000231  sp_loss: 6.3978 (6.3978)  fam_loss: 4.2087 (4.2087)  manu_loss: 3.0186 (3.0186)  ot_loss: 0.7719 (0.7719)  base_loss: 6.3309 (6.3309)  time: 6.9269  data: 6.5570  max mem: 11359
Epoch: [19]  [ 50/312]  eta: 0:02:23  lr: 0.000231  sp_loss: 6.5261 (6.0518)  fam_loss: 4.1903 (3.9564)  manu_loss: 3.0039 (2.8643)  ot_loss: 0.7610 (0.7920)  base_loss: 6.4312 (6.0420)  time: 0.3939  data: 0.1069  max mem: 11359
Epoch: [19]  [100/312]  eta: 0:01:40  lr: 0.000231  sp_loss: 6.2000 (6.0633)  fam_loss: 4.0664 (3.9687)  manu_loss: 2.8679 (2.8686)  ot_loss: 0.7760 (0.7900)  base_loss: 6.1710 (6.0522)  time: 0.3943  data: 0.1114  max mem: 11359
Epoch: [19]  [150/312]  eta: 0:01:14  lr: 0.000231  sp_loss: 6.4531 (6.0610)  fam_loss: 4.1908 (3.9722)  manu_loss: 2.9660 (2.8704)  ot_loss: 0.7614 (0.7904)  base_loss: 6.3711 (6.0521)  time: 0.4896  data: 0.2069  max mem: 11359
Epoch: [19]  [200/312]  eta: 0:00:49  lr: 0.000231  sp_loss: 6.0849 (6.0228)  fam_loss: 3.8738 (3.9397)  manu_loss: 2.7796 (2.8422)  ot_loss: 0.7902 (0.7933)  base_loss: 5.9938 (6.0179)  time: 0.3912  data: 0.1070  max mem: 11359
Epoch: [19]  [250/312]  eta: 0:00:26  lr: 0.000231  sp_loss: 6.4674 (6.0233)  fam_loss: 4.1684 (3.9408)  manu_loss: 3.0257 (2.8404)  ot_loss: 0.7693 (0.7936)  base_loss: 6.3775 (6.0184)  time: 0.3908  data: 0.1054  max mem: 11359
Epoch: [19]  [300/312]  eta: 0:00:05  lr: 0.000231  sp_loss: 6.0059 (6.0216)  fam_loss: 3.9114 (3.9326)  manu_loss: 2.7748 (2.8367)  ot_loss: 0.7971 (0.7940)  base_loss: 6.0195 (6.0146)  time: 0.3295  data: 0.0493  max mem: 11359
Epoch: [19]  [311/312]  eta: 0:00:00  lr: 0.000231  sp_loss: 6.1957 (6.0302)  fam_loss: 3.9954 (3.9367)  manu_loss: 2.8973 (2.8402)  ot_loss: 0.7846 (0.7936)  base_loss: 6.1608 (6.0211)  time: 0.3148  data: 0.0457  max mem: 11359
Epoch: [19] Total time: 0:02:09 (0.4158 s / it)
Averaged stats: lr: 0.000231  sp_loss: 6.1957 (6.0302)  fam_loss: 3.9954 (3.9367)  manu_loss: 2.8973 (2.8402)  ot_loss: 0.7846 (0.7936)  base_loss: 6.1608 (6.0211)
Epoch: [20]  [  0/312]  eta: 0:38:06  lr: 0.000229  sp_loss: 6.1510 (6.1510)  fam_loss: 4.0542 (4.0542)  manu_loss: 2.7347 (2.7347)  ot_loss: 0.7859 (0.7859)  base_loss: 6.0955 (6.0955)  time: 7.3272  data: 7.0088  max mem: 11359
Epoch: [20]  [ 50/312]  eta: 0:02:40  lr: 0.000229  sp_loss: 6.1912 (6.1542)  fam_loss: 4.0567 (4.0255)  manu_loss: 2.9709 (2.9258)  ot_loss: 0.7826 (0.7830)  base_loss: 6.1629 (6.1236)  time: 0.4852  data: 0.1930  max mem: 11359
Epoch: [20]  [100/312]  eta: 0:01:45  lr: 0.000229  sp_loss: 5.8888 (6.1449)  fam_loss: 3.9858 (4.0222)  manu_loss: 2.9286 (2.9148)  ot_loss: 0.7872 (0.7845)  base_loss: 5.9589 (6.1156)  time: 0.3996  data: 0.1042  max mem: 11359
Epoch: [20]  [150/312]  eta: 0:01:15  lr: 0.000229  sp_loss: 5.9099 (6.1180)  fam_loss: 4.0466 (4.0017)  manu_loss: 2.8264 (2.8990)  ot_loss: 0.7717 (0.7872)  base_loss: 6.0060 (6.0929)  time: 0.3495  data: 0.0503  max mem: 11359
Epoch: [20]  [200/312]  eta: 0:00:49  lr: 0.000229  sp_loss: 5.9133 (6.1004)  fam_loss: 3.9283 (3.9878)  manu_loss: 2.7936 (2.8914)  ot_loss: 0.7965 (0.7890)  base_loss: 5.9939 (6.0791)  time: 0.3798  data: 0.0839  max mem: 11359
Epoch: [20]  [250/312]  eta: 0:00:26  lr: 0.000229  sp_loss: 5.7526 (6.0264)  fam_loss: 3.9250 (3.9343)  manu_loss: 2.7652 (2.8561)  ot_loss: 0.7867 (0.7936)  base_loss: 5.8410 (6.0182)  time: 0.3902  data: 0.0946  max mem: 11359
Epoch: [20]  [300/312]  eta: 0:00:05  lr: 0.000229  sp_loss: 6.4066 (6.0272)  fam_loss: 4.1765 (3.9321)  manu_loss: 2.9453 (2.8522)  ot_loss: 0.7695 (0.7937)  base_loss: 6.3336 (6.0173)  time: 0.3793  data: 0.0946  max mem: 11359
Epoch: [20]  [311/312]  eta: 0:00:00  lr: 0.000229  sp_loss: 6.3769 (6.0313)  fam_loss: 4.2374 (3.9333)  manu_loss: 2.9946 (2.8546)  ot_loss: 0.7728 (0.7935)  base_loss: 6.3336 (6.0202)  time: 0.3397  data: 0.0733  max mem: 11359
Epoch: [20] Total time: 0:02:12 (0.4234 s / it)
Averaged stats: lr: 0.000229  sp_loss: 6.3769 (6.0313)  fam_loss: 4.2374 (3.9333)  manu_loss: 2.9946 (2.8546)  ot_loss: 0.7728 (0.7935)  base_loss: 6.3336 (6.0202)
Epoch: [21]  [  0/312]  eta: 0:37:37  lr: 0.000227  sp_loss: 5.0832 (5.0832)  fam_loss: 3.3520 (3.3520)  manu_loss: 2.4752 (2.4752)  ot_loss: 0.8579 (0.8579)  base_loss: 5.2819 (5.2819)  time: 7.2364  data: 6.9422  max mem: 11359
Epoch: [21]  [ 50/312]  eta: 0:02:42  lr: 0.000227  sp_loss: 6.1560 (5.8538)  fam_loss: 3.9308 (3.8734)  manu_loss: 2.9027 (2.8132)  ot_loss: 0.7881 (0.7996)  base_loss: 6.0937 (5.8949)  time: 0.5234  data: 0.2371  max mem: 11359
Epoch: [21]  [100/312]  eta: 0:01:55  lr: 0.000227  sp_loss: 5.8569 (5.8509)  fam_loss: 3.8949 (3.8758)  manu_loss: 2.8146 (2.8090)  ot_loss: 0.7852 (0.7998)  base_loss: 5.9066 (5.8943)  time: 0.5573  data: 0.2813  max mem: 11359
Epoch: [21]  [150/312]  eta: 0:01:23  lr: 0.000227  sp_loss: 6.3593 (5.8195)  fam_loss: 4.0260 (3.8490)  manu_loss: 2.8682 (2.7891)  ot_loss: 0.7800 (0.8035)  base_loss: 6.2456 (5.8659)  time: 0.4824  data: 0.2070  max mem: 11359
Epoch: [21]  [200/312]  eta: 0:00:55  lr: 0.000227  sp_loss: 5.5088 (5.8477)  fam_loss: 3.6093 (3.8594)  manu_loss: 2.6237 (2.7925)  ot_loss: 0.8244 (0.8022)  base_loss: 5.5764 (5.8848)  time: 0.4255  data: 0.1515  max mem: 11359
Epoch: [21]  [250/312]  eta: 0:00:30  lr: 0.000227  sp_loss: 6.5285 (5.8738)  fam_loss: 4.0883 (3.8706)  manu_loss: 2.8992 (2.8001)  ot_loss: 0.7695 (0.8015)  base_loss: 6.3477 (5.9041)  time: 0.4715  data: 0.1882  max mem: 11359
Epoch: [21]  [300/312]  eta: 0:00:05  lr: 0.000227  sp_loss: 5.4936 (5.8576)  fam_loss: 3.7995 (3.8590)  manu_loss: 2.7563 (2.7886)  ot_loss: 0.7836 (0.8031)  base_loss: 5.6795 (5.8905)  time: 0.3430  data: 0.0723  max mem: 11359
Epoch: [21]  [311/312]  eta: 0:00:00  lr: 0.000227  sp_loss: 5.3502 (5.8503)  fam_loss: 3.4628 (3.8547)  manu_loss: 2.5776 (2.7863)  ot_loss: 0.8437 (0.8038)  base_loss: 5.4752 (5.8851)  time: 0.3894  data: 0.1266  max mem: 11359
Epoch: [21] Total time: 0:02:28 (0.4746 s / it)
Averaged stats: lr: 0.000227  sp_loss: 5.3502 (5.8503)  fam_loss: 3.4628 (3.8547)  manu_loss: 2.5776 (2.7863)  ot_loss: 0.8437 (0.8038)  base_loss: 5.4752 (5.8851)
Epoch: [22]  [  0/312]  eta: 0:39:27  lr: 0.000225  sp_loss: 5.3550 (5.3550)  fam_loss: 3.7714 (3.7714)  manu_loss: 2.7081 (2.7081)  ot_loss: 0.8289 (0.8289)  base_loss: 5.5741 (5.5741)  time: 7.5893  data: 7.2526  max mem: 11359
Epoch: [22]  [ 50/312]  eta: 0:02:40  lr: 0.000225  sp_loss: 5.6802 (5.6525)  fam_loss: 3.8980 (3.7652)  manu_loss: 2.6912 (2.7354)  ot_loss: 0.8069 (0.8144)  base_loss: 5.8170 (5.7408)  time: 0.5059  data: 0.1984  max mem: 11359
Epoch: [22]  [100/312]  eta: 0:01:55  lr: 0.000225  sp_loss: 5.8555 (5.6734)  fam_loss: 3.8667 (3.7720)  manu_loss: 2.8768 (2.7266)  ot_loss: 0.7941 (0.8146)  base_loss: 5.8536 (5.7526)  time: 0.5199  data: 0.2158  max mem: 11359
Epoch: [22]  [150/312]  eta: 0:01:24  lr: 0.000225  sp_loss: 5.3066 (5.6638)  fam_loss: 3.5192 (3.7606)  manu_loss: 2.4903 (2.7171)  ot_loss: 0.8011 (0.8141)  base_loss: 5.4383 (5.7421)  time: 0.5312  data: 0.2231  max mem: 11359
Epoch: [22]  [200/312]  eta: 0:00:56  lr: 0.000225  sp_loss: 6.0527 (5.7039)  fam_loss: 4.0994 (3.7707)  manu_loss: 2.9530 (2.7264)  ot_loss: 0.7792 (0.8121)  base_loss: 6.0629 (5.7687)  time: 0.5513  data: 0.2433  max mem: 11359
Epoch: [22]  [250/312]  eta: 0:00:30  lr: 0.000225  sp_loss: 5.6281 (5.7060)  fam_loss: 3.7714 (3.7692)  manu_loss: 2.7488 (2.7257)  ot_loss: 0.7892 (0.8119)  base_loss: 5.7527 (5.7691)  time: 0.4234  data: 0.1188  max mem: 11359
Epoch: [22]  [300/312]  eta: 0:00:05  lr: 0.000225  sp_loss: 6.6750 (5.7740)  fam_loss: 4.2266 (3.8082)  manu_loss: 3.0421 (2.7523)  ot_loss: 0.7538 (0.8076)  base_loss: 6.4828 (5.8221)  time: 0.3433  data: 0.0568  max mem: 11359
Epoch: [22]  [311/312]  eta: 0:00:00  lr: 0.000225  sp_loss: 6.4111 (5.7880)  fam_loss: 4.2089 (3.8167)  manu_loss: 3.0201 (2.7598)  ot_loss: 0.7661 (0.8069)  base_loss: 6.3290 (5.8334)  time: 0.3321  data: 0.0575  max mem: 11359
Epoch: [22] Total time: 0:02:26 (0.4683 s / it)
Averaged stats: lr: 0.000225  sp_loss: 6.4111 (5.7880)  fam_loss: 4.2089 (3.8167)  manu_loss: 3.0201 (2.7598)  ot_loss: 0.7661 (0.8069)  base_loss: 6.3290 (5.8334)
Epoch: [23]  [  0/312]  eta: 0:34:59  lr: 0.000222  sp_loss: 5.8303 (5.8303)  fam_loss: 3.8588 (3.8588)  manu_loss: 2.6983 (2.6983)  ot_loss: 0.8110 (0.8110)  base_loss: 5.8584 (5.8584)  time: 6.7305  data: 6.3948  max mem: 11359
Epoch: [23]  [ 50/312]  eta: 0:02:26  lr: 0.000222  sp_loss: 5.9660 (5.6057)  fam_loss: 4.0091 (3.7535)  manu_loss: 2.8081 (2.7195)  ot_loss: 0.7963 (0.8161)  base_loss: 6.0292 (5.7081)  time: 0.4303  data: 0.1310  max mem: 11359
Epoch: [23]  [100/312]  eta: 0:01:42  lr: 0.000222  sp_loss: 6.3406 (5.7429)  fam_loss: 4.1643 (3.8158)  manu_loss: 2.9967 (2.7635)  ot_loss: 0.7695 (0.8081)  base_loss: 6.2361 (5.8085)  time: 0.4378  data: 0.1456  max mem: 11359
Epoch: [23]  [150/312]  eta: 0:01:14  lr: 0.000222  sp_loss: 5.5546 (5.7165)  fam_loss: 3.6331 (3.7940)  manu_loss: 2.7304 (2.7482)  ot_loss: 0.8049 (0.8090)  base_loss: 5.6524 (5.7858)  time: 0.4807  data: 0.2034  max mem: 11359
Epoch: [23]  [200/312]  eta: 0:00:48  lr: 0.000222  sp_loss: 5.9514 (5.7415)  fam_loss: 4.0131 (3.8087)  manu_loss: 2.7942 (2.7599)  ot_loss: 0.7868 (0.8076)  base_loss: 6.0124 (5.8055)  time: 0.3325  data: 0.0547  max mem: 11359
Epoch: [23]  [250/312]  eta: 0:00:26  lr: 0.000222  sp_loss: 6.1597 (5.7474)  fam_loss: 3.9859 (3.8040)  manu_loss: 2.8054 (2.7582)  ot_loss: 0.7866 (0.8080)  base_loss: 6.0900 (5.8068)  time: 0.3311  data: 0.0549  max mem: 11359
Epoch: [23]  [300/312]  eta: 0:00:04  lr: 0.000222  sp_loss: 6.1152 (5.7542)  fam_loss: 3.9701 (3.8060)  manu_loss: 3.0340 (2.7588)  ot_loss: 0.7712 (0.8081)  base_loss: 6.0979 (5.8110)  time: 0.3752  data: 0.0992  max mem: 11359
Epoch: [23]  [311/312]  eta: 0:00:00  lr: 0.000222  sp_loss: 5.5951 (5.7465)  fam_loss: 3.7161 (3.8010)  manu_loss: 2.6814 (2.7557)  ot_loss: 0.8065 (0.8085)  base_loss: 5.6945 (5.8050)  time: 0.3190  data: 0.0488  max mem: 11359
Epoch: [23] Total time: 0:02:08 (0.4117 s / it)
Averaged stats: lr: 0.000222  sp_loss: 5.5951 (5.7465)  fam_loss: 3.7161 (3.8010)  manu_loss: 2.6814 (2.7557)  ot_loss: 0.8065 (0.8085)  base_loss: 5.6945 (5.8050)
Epoch: [24]  [  0/312]  eta: 0:35:34  lr: 0.000220  sp_loss: 6.2943 (6.2943)  fam_loss: 4.2735 (4.2735)  manu_loss: 2.9748 (2.9748)  ot_loss: 0.7792 (0.7792)  base_loss: 6.2739 (6.2739)  time: 6.8428  data: 6.5341  max mem: 11359
Epoch: [24]  [ 50/312]  eta: 0:02:10  lr: 0.000220  sp_loss: 5.4323 (5.5631)  fam_loss: 3.7828 (3.7245)  manu_loss: 2.7288 (2.6921)  ot_loss: 0.8215 (0.8182)  base_loss: 5.6146 (5.6691)  time: 0.3828  data: 0.0884  max mem: 11359
Epoch: [24]  [100/312]  eta: 0:01:33  lr: 0.000220  sp_loss: 5.9073 (5.5856)  fam_loss: 3.8449 (3.7332)  manu_loss: 2.7835 (2.7005)  ot_loss: 0.7924 (0.8160)  base_loss: 5.9579 (5.6852)  time: 0.4117  data: 0.1204  max mem: 11359
Epoch: [24]  [150/312]  eta: 0:01:08  lr: 0.000220  sp_loss: 6.2187 (5.6195)  fam_loss: 3.9981 (3.7408)  manu_loss: 2.8771 (2.7036)  ot_loss: 0.7892 (0.8148)  base_loss: 6.1314 (5.7068)  time: 0.4114  data: 0.1215  max mem: 11359
Epoch: [24]  [200/312]  eta: 0:00:46  lr: 0.000220  sp_loss: 5.3899 (5.6558)  fam_loss: 3.6436 (3.7597)  manu_loss: 2.6347 (2.7191)  ot_loss: 0.8197 (0.8133)  base_loss: 5.5129 (5.7352)  time: 0.3995  data: 0.1128  max mem: 11359
Epoch: [24]  [250/312]  eta: 0:00:25  lr: 0.000220  sp_loss: 5.5775 (5.6561)  fam_loss: 3.6891 (3.7594)  manu_loss: 2.6469 (2.7198)  ot_loss: 0.8177 (0.8135)  base_loss: 5.6810 (5.7354)  time: 0.3509  data: 0.0469  max mem: 11359
Epoch: [24]  [300/312]  eta: 0:00:04  lr: 0.000220  sp_loss: 5.6892 (5.6595)  fam_loss: 3.6805 (3.7617)  manu_loss: 2.6817 (2.7194)  ot_loss: 0.7974 (0.8136)  base_loss: 5.7023 (5.7380)  time: 0.3903  data: 0.1053  max mem: 11359
Epoch: [24]  [311/312]  eta: 0:00:00  lr: 0.000220  sp_loss: 5.6892 (5.6551)  fam_loss: 3.7287 (3.7604)  manu_loss: 2.6100 (2.7182)  ot_loss: 0.8156 (0.8137)  base_loss: 5.7023 (5.7350)  time: 0.3765  data: 0.1053  max mem: 11359
Epoch: [24] Total time: 0:02:05 (0.4020 s / it)
Averaged stats: lr: 0.000220  sp_loss: 5.6892 (5.6551)  fam_loss: 3.7287 (3.7604)  manu_loss: 2.6100 (2.7182)  ot_loss: 0.8156 (0.8137)  base_loss: 5.7023 (5.7350)
Epoch: [25]  [  0/312]  eta: 0:35:15  lr: 0.000217  sp_loss: 6.4844 (6.4844)  fam_loss: 4.3247 (4.3247)  manu_loss: 3.0494 (3.0494)  ot_loss: 0.7607 (0.7607)  base_loss: 6.4001 (6.4001)  time: 6.7801  data: 6.4237  max mem: 11359
Epoch: [25]  [ 50/312]  eta: 0:02:32  lr: 0.000217  sp_loss: 6.1838 (5.6764)  fam_loss: 4.0172 (3.8404)  manu_loss: 2.9077 (2.8071)  ot_loss: 0.7800 (0.8120)  base_loss: 6.1598 (5.7817)  time: 0.4825  data: 0.1914  max mem: 11359
Epoch: [25]  [100/312]  eta: 0:01:49  lr: 0.000217  sp_loss: 6.0797 (5.6824)  fam_loss: 3.8406 (3.7983)  manu_loss: 2.7894 (2.7665)  ot_loss: 0.7869 (0.8121)  base_loss: 5.9932 (5.7664)  time: 0.4879  data: 0.1916  max mem: 11359
Epoch: [25]  [150/312]  eta: 0:01:20  lr: 0.000217  sp_loss: 6.0259 (5.6894)  fam_loss: 3.7883 (3.7892)  manu_loss: 2.7525 (2.7647)  ot_loss: 0.7983 (0.8115)  base_loss: 6.0021 (5.7674)  time: 0.5161  data: 0.2218  max mem: 11359
Epoch: [25]  [200/312]  eta: 0:00:53  lr: 0.000217  sp_loss: 5.4842 (5.6368)  fam_loss: 3.6894 (3.7532)  manu_loss: 2.7642 (2.7352)  ot_loss: 0.8031 (0.8139)  base_loss: 5.6203 (5.7233)  time: 0.4651  data: 0.1710  max mem: 11359
Epoch: [25]  [250/312]  eta: 0:00:28  lr: 0.000217  sp_loss: 5.7222 (5.6089)  fam_loss: 3.9319 (3.7392)  manu_loss: 2.7981 (2.7231)  ot_loss: 0.7997 (0.8152)  base_loss: 5.8093 (5.7024)  time: 0.3638  data: 0.0743  max mem: 11359
Epoch: [25]  [300/312]  eta: 0:00:05  lr: 0.000217  sp_loss: 6.1904 (5.6408)  fam_loss: 4.0648 (3.7548)  manu_loss: 2.8535 (2.7307)  ot_loss: 0.7794 (0.8138)  base_loss: 6.1457 (5.7258)  time: 0.3393  data: 0.0539  max mem: 11359
Epoch: [25]  [311/312]  eta: 0:00:00  lr: 0.000217  sp_loss: 5.8011 (5.6382)  fam_loss: 3.7881 (3.7550)  manu_loss: 2.8201 (2.7312)  ot_loss: 0.7973 (0.8142)  base_loss: 5.8002 (5.7245)  time: 0.3286  data: 0.0608  max mem: 11359
Epoch: [25] Total time: 0:02:19 (0.4471 s / it)
Averaged stats: lr: 0.000217  sp_loss: 5.8011 (5.6382)  fam_loss: 3.7881 (3.7550)  manu_loss: 2.8201 (2.7312)  ot_loss: 0.7973 (0.8142)  base_loss: 5.8002 (5.7245)
Epoch: [26]  [  0/312]  eta: 0:36:12  lr: 0.000215  sp_loss: 6.1733 (6.1733)  fam_loss: 4.1064 (4.1064)  manu_loss: 2.9517 (2.9517)  ot_loss: 0.7774 (0.7774)  base_loss: 6.1451 (6.1451)  time: 6.9619  data: 6.6225  max mem: 11359
Epoch: [26]  [ 50/312]  eta: 0:02:32  lr: 0.000215  sp_loss: 5.4410 (5.4949)  fam_loss: 3.6069 (3.6854)  manu_loss: 2.5770 (2.6708)  ot_loss: 0.8002 (0.8174)  base_loss: 5.5022 (5.6137)  time: 0.5202  data: 0.2343  max mem: 11359
Epoch: [26]  [100/312]  eta: 0:01:46  lr: 0.000215  sp_loss: 5.5382 (5.5363)  fam_loss: 3.8521 (3.7346)  manu_loss: 2.8467 (2.7106)  ot_loss: 0.8090 (0.8159)  base_loss: 5.6893 (5.6559)  time: 0.4425  data: 0.1468  max mem: 11359
Epoch: [26]  [150/312]  eta: 0:01:18  lr: 0.000215  sp_loss: 6.1661 (5.5464)  fam_loss: 3.9876 (3.7298)  manu_loss: 2.8045 (2.6989)  ot_loss: 0.7833 (0.8170)  base_loss: 6.1271 (5.6584)  time: 0.5008  data: 0.2018  max mem: 11359
Epoch: [26]  [200/312]  eta: 0:00:52  lr: 0.000215  sp_loss: 5.2575 (5.5822)  fam_loss: 3.6497 (3.7495)  manu_loss: 2.5275 (2.7163)  ot_loss: 0.8261 (0.8156)  base_loss: 5.4431 (5.6869)  time: 0.4179  data: 0.1227  max mem: 11359
Epoch: [26]  [250/312]  eta: 0:00:28  lr: 0.000215  sp_loss: 5.9746 (5.5987)  fam_loss: 3.8568 (3.7497)  manu_loss: 2.7855 (2.7184)  ot_loss: 0.7991 (0.8152)  base_loss: 5.9653 (5.6969)  time: 0.4316  data: 0.1335  max mem: 11359
Epoch: [26]  [300/312]  eta: 0:00:05  lr: 0.000215  sp_loss: 5.5905 (5.6150)  fam_loss: 3.9554 (3.7542)  manu_loss: 2.8436 (2.7234)  ot_loss: 0.7955 (0.8144)  base_loss: 5.6974 (5.7085)  time: 0.3653  data: 0.0748  max mem: 11359
Epoch: [26]  [311/312]  eta: 0:00:00  lr: 0.000215  sp_loss: 5.4907 (5.6077)  fam_loss: 3.8005 (3.7481)  manu_loss: 2.6849 (2.7185)  ot_loss: 0.8109 (0.8149)  base_loss: 5.6866 (5.7021)  time: 0.3990  data: 0.1220  max mem: 11359
Epoch: [26] Total time: 0:02:18 (0.4424 s / it)
Averaged stats: lr: 0.000215  sp_loss: 5.4907 (5.6077)  fam_loss: 3.8005 (3.7481)  manu_loss: 2.6849 (2.7185)  ot_loss: 0.8109 (0.8149)  base_loss: 5.6866 (5.7021)
Epoch: [27]  [  0/312]  eta: 0:29:32  lr: 0.000212  sp_loss: 5.4078 (5.4078)  fam_loss: 3.5854 (3.5854)  manu_loss: 2.5547 (2.5547)  ot_loss: 0.8103 (0.8103)  base_loss: 5.5122 (5.5122)  time: 5.6799  data: 5.3561  max mem: 11359
Epoch: [27]  [ 50/312]  eta: 0:02:02  lr: 0.000212  sp_loss: 5.6567 (5.5333)  fam_loss: 3.8446 (3.7346)  manu_loss: 2.7552 (2.7068)  ot_loss: 0.8033 (0.8187)  base_loss: 5.7698 (5.6540)  time: 0.3768  data: 0.0978  max mem: 11359
Epoch: [27]  [100/312]  eta: 0:01:28  lr: 0.000212  sp_loss: 5.6316 (5.5819)  fam_loss: 3.8159 (3.7505)  manu_loss: 2.7484 (2.7252)  ot_loss: 0.8049 (0.8162)  base_loss: 5.7225 (5.6865)  time: 0.3842  data: 0.1030  max mem: 11359
Epoch: [27]  [150/312]  eta: 0:01:04  lr: 0.000212  sp_loss: 5.7702 (5.6394)  fam_loss: 3.9062 (3.7711)  manu_loss: 2.8773 (2.7456)  ot_loss: 0.7899 (0.8117)  base_loss: 5.8508 (5.7275)  time: 0.3879  data: 0.1098  max mem: 11359
Epoch: [27]  [200/312]  eta: 0:00:43  lr: 0.000212  sp_loss: 5.7114 (5.6482)  fam_loss: 3.8908 (3.7784)  manu_loss: 2.8009 (2.7505)  ot_loss: 0.7940 (0.8117)  base_loss: 5.8285 (5.7358)  time: 0.3481  data: 0.0721  max mem: 11359
Epoch: [27]  [250/312]  eta: 0:00:23  lr: 0.000212  sp_loss: 5.5264 (5.6218)  fam_loss: 3.7414 (3.7615)  manu_loss: 2.7339 (2.7348)  ot_loss: 0.8073 (0.8132)  base_loss: 5.6315 (5.7145)  time: 0.3481  data: 0.0679  max mem: 11359
Epoch: [27]  [300/312]  eta: 0:00:04  lr: 0.000212  sp_loss: 5.3527 (5.6089)  fam_loss: 3.6518 (3.7504)  manu_loss: 2.7039 (2.7285)  ot_loss: 0.8133 (0.8142)  base_loss: 5.5052 (5.7034)  time: 0.3457  data: 0.0637  max mem: 11359
Epoch: [27]  [311/312]  eta: 0:00:00  lr: 0.000212  sp_loss: 6.0225 (5.6114)  fam_loss: 3.8869 (3.7524)  manu_loss: 2.8141 (2.7294)  ot_loss: 0.7836 (0.8139)  base_loss: 5.9730 (5.7056)  time: 0.3238  data: 0.0521  max mem: 11359
Epoch: [27] Total time: 0:01:59 (0.3818 s / it)
Averaged stats: lr: 0.000212  sp_loss: 6.0225 (5.6114)  fam_loss: 3.8869 (3.7524)  manu_loss: 2.8141 (2.7294)  ot_loss: 0.7836 (0.8139)  base_loss: 5.9730 (5.7056)
Epoch: [28]  [  0/312]  eta: 0:31:27  lr: 0.000209  sp_loss: 6.5036 (6.5036)  fam_loss: 4.6149 (4.6149)  manu_loss: 3.3738 (3.3738)  ot_loss: 0.7547 (0.7547)  base_loss: 6.5333 (6.5333)  time: 6.0503  data: 5.7096  max mem: 11359
Epoch: [28]  [ 50/312]  eta: 0:02:09  lr: 0.000209  sp_loss: 5.8422 (5.6545)  fam_loss: 3.8598 (3.8092)  manu_loss: 2.7610 (2.7828)  ot_loss: 0.8014 (0.8091)  base_loss: 5.8664 (5.7505)  time: 0.3711  data: 0.0710  max mem: 11359
Epoch: [28]  [100/312]  eta: 0:01:35  lr: 0.000209  sp_loss: 5.6199 (5.5860)  fam_loss: 3.6973 (3.7463)  manu_loss: 2.6791 (2.7195)  ot_loss: 0.8095 (0.8156)  base_loss: 5.6689 (5.6860)  time: 0.4168  data: 0.1191  max mem: 11359
Epoch: [28]  [150/312]  eta: 0:01:11  lr: 0.000209  sp_loss: 5.8283 (5.5642)  fam_loss: 3.7915 (3.7261)  manu_loss: 2.7328 (2.7059)  ot_loss: 0.7991 (0.8167)  base_loss: 5.9101 (5.6665)  time: 0.4305  data: 0.1328  max mem: 11359
Epoch: [28]  [200/312]  eta: 0:00:48  lr: 0.000209  sp_loss: 5.8824 (5.5693)  fam_loss: 3.8597 (3.7297)  manu_loss: 2.7866 (2.7099)  ot_loss: 0.7917 (0.8163)  base_loss: 5.9115 (5.6714)  time: 0.4612  data: 0.1660  max mem: 11359
Epoch: [28]  [250/312]  eta: 0:00:27  lr: 0.000209  sp_loss: 5.5216 (5.5776)  fam_loss: 3.6742 (3.7293)  manu_loss: 2.6836 (2.7132)  ot_loss: 0.8066 (0.8161)  base_loss: 5.6366 (5.6766)  time: 0.4573  data: 0.1588  max mem: 11359
Epoch: [28]  [300/312]  eta: 0:00:05  lr: 0.000209  sp_loss: 5.9531 (5.5577)  fam_loss: 3.9240 (3.7169)  manu_loss: 2.8171 (2.7070)  ot_loss: 0.7909 (0.8177)  base_loss: 5.9651 (5.6613)  time: 0.3539  data: 0.0744  max mem: 11359
Epoch: [28]  [311/312]  eta: 0:00:00  lr: 0.000209  sp_loss: 5.2163 (5.5432)  fam_loss: 3.4281 (3.7073)  manu_loss: 2.5766 (2.6996)  ot_loss: 0.8298 (0.8184)  base_loss: 5.3680 (5.6495)  time: 0.3393  data: 0.0729  max mem: 11359
Epoch: [28] Total time: 0:02:14 (0.4314 s / it)
Averaged stats: lr: 0.000209  sp_loss: 5.2163 (5.5432)  fam_loss: 3.4281 (3.7073)  manu_loss: 2.5766 (2.6996)  ot_loss: 0.8298 (0.8184)  base_loss: 5.3680 (5.6495)
Epoch: [29]  [  0/312]  eta: 0:35:19  lr: 0.000206  sp_loss: 4.1374 (4.1374)  fam_loss: 3.0371 (3.0371)  manu_loss: 2.2414 (2.2414)  ot_loss: 0.8852 (0.8852)  base_loss: 4.6085 (4.6085)  time: 6.7935  data: 6.4504  max mem: 11359
Epoch: [29]  [ 50/312]  eta: 0:02:33  lr: 0.000206  sp_loss: 5.5974 (5.3928)  fam_loss: 3.6285 (3.6540)  manu_loss: 2.7021 (2.6641)  ot_loss: 0.8054 (0.8240)  base_loss: 5.6324 (5.5454)  time: 0.4858  data: 0.1904  max mem: 11359
Epoch: [29]  [100/312]  eta: 0:01:48  lr: 0.000206  sp_loss: 5.4505 (5.3983)  fam_loss: 3.7319 (3.6488)  manu_loss: 2.7142 (2.6569)  ot_loss: 0.8039 (0.8255)  base_loss: 5.5852 (5.5467)  time: 0.4890  data: 0.1897  max mem: 11359
Epoch: [29]  [150/312]  eta: 0:01:18  lr: 0.000206  sp_loss: 5.5478 (5.3804)  fam_loss: 3.4991 (3.6323)  manu_loss: 2.5925 (2.6478)  ot_loss: 0.8164 (0.8260)  base_loss: 5.5571 (5.5308)  time: 0.4590  data: 0.1662  max mem: 11359
Epoch: [29]  [200/312]  eta: 0:00:52  lr: 0.000206  sp_loss: 5.1513 (5.4137)  fam_loss: 3.5240 (3.6483)  manu_loss: 2.5667 (2.6597)  ot_loss: 0.8314 (0.8241)  base_loss: 5.3951 (5.5556)  time: 0.3738  data: 0.0784  max mem: 11359
Epoch: [29]  [250/312]  eta: 0:00:28  lr: 0.000206  sp_loss: 5.2968 (5.4389)  fam_loss: 3.6312 (3.6655)  manu_loss: 2.6525 (2.6731)  ot_loss: 0.8228 (0.8229)  base_loss: 5.4728 (5.5762)  time: 0.3699  data: 0.0674  max mem: 11359
Epoch: [29]  [300/312]  eta: 0:00:05  lr: 0.000206  sp_loss: 5.3214 (5.4242)  fam_loss: 3.6864 (3.6550)  manu_loss: 2.7030 (2.6603)  ot_loss: 0.8142 (0.8241)  base_loss: 5.5077 (5.5629)  time: 0.4154  data: 0.1269  max mem: 11359
Epoch: [29]  [311/312]  eta: 0:00:00  lr: 0.000206  sp_loss: 5.5276 (5.4365)  fam_loss: 3.8300 (3.6613)  manu_loss: 2.7834 (2.6652)  ot_loss: 0.8046 (0.8233)  base_loss: 5.6851 (5.5722)  time: 0.3529  data: 0.0826  max mem: 11359
Epoch: [29] Total time: 0:02:22 (0.4562 s / it)
Averaged stats: lr: 0.000206  sp_loss: 5.5276 (5.4365)  fam_loss: 3.8300 (3.6613)  manu_loss: 2.7834 (2.6652)  ot_loss: 0.8046 (0.8233)  base_loss: 5.6851 (5.5722)
Epoch: [30]  [  0/312]  eta: 0:39:30  lr: 0.000204  sp_loss: 6.8517 (6.8517)  fam_loss: 4.3676 (4.3676)  manu_loss: 3.3236 (3.3236)  ot_loss: 0.7527 (0.7527)  base_loss: 6.6632 (6.6632)  time: 7.5968  data: 7.2582  max mem: 11359
Epoch: [30]  [ 50/312]  eta: 0:02:40  lr: 0.000204  sp_loss: 5.9475 (5.5195)  fam_loss: 3.9882 (3.7346)  manu_loss: 2.8507 (2.7227)  ot_loss: 0.7920 (0.8152)  base_loss: 5.9053 (5.6438)  time: 0.5015  data: 0.2199  max mem: 11359
Epoch: [30]  [100/312]  eta: 0:01:50  lr: 0.000204  sp_loss: 5.2252 (5.5198)  fam_loss: 3.5539 (3.7194)  manu_loss: 2.6156 (2.7068)  ot_loss: 0.8189 (0.8174)  base_loss: 5.4240 (5.6387)  time: 0.4177  data: 0.1393  max mem: 11359
Epoch: [30]  [150/312]  eta: 0:01:18  lr: 0.000204  sp_loss: 4.7702 (5.4849)  fam_loss: 3.3382 (3.6903)  manu_loss: 2.3516 (2.6783)  ot_loss: 0.8477 (0.8194)  base_loss: 5.0681 (5.6064)  time: 0.4340  data: 0.1563  max mem: 11359
Epoch: [30]  [200/312]  eta: 0:00:51  lr: 0.000204  sp_loss: 5.3207 (5.4860)  fam_loss: 3.7157 (3.6892)  manu_loss: 2.6790 (2.6842)  ot_loss: 0.8189 (0.8194)  base_loss: 5.4964 (5.6081)  time: 0.3699  data: 0.0925  max mem: 11359
Epoch: [30]  [250/312]  eta: 0:00:28  lr: 0.000204  sp_loss: 5.3719 (5.4702)  fam_loss: 3.6751 (3.6806)  manu_loss: 2.7075 (2.6775)  ot_loss: 0.7918 (0.8210)  base_loss: 5.5504 (5.5961)  time: 0.3811  data: 0.0968  max mem: 11359
Epoch: [30]  [300/312]  eta: 0:00:05  lr: 0.000204  sp_loss: 5.5914 (5.4554)  fam_loss: 3.8284 (3.6728)  manu_loss: 2.6539 (2.6705)  ot_loss: 0.8070 (0.8217)  base_loss: 5.6712 (5.5845)  time: 0.3968  data: 0.1212  max mem: 11359
Epoch: [30]  [311/312]  eta: 0:00:00  lr: 0.000204  sp_loss: 5.9277 (5.4753)  fam_loss: 3.9413 (3.6828)  manu_loss: 2.9382 (2.6784)  ot_loss: 0.7935 (0.8209)  base_loss: 5.9584 (5.5997)  time: 0.3258  data: 0.0607  max mem: 11359
Epoch: [30] Total time: 0:02:17 (0.4413 s / it)
Averaged stats: lr: 0.000204  sp_loss: 5.9277 (5.4753)  fam_loss: 3.9413 (3.6828)  manu_loss: 2.9382 (2.6784)  ot_loss: 0.7935 (0.8209)  base_loss: 5.9584 (5.5997)
Epoch: [31]  [  0/312]  eta: 0:34:10  lr: 0.000201  sp_loss: 4.7583 (4.7583)  fam_loss: 3.3226 (3.3226)  manu_loss: 2.4918 (2.4918)  ot_loss: 0.8433 (0.8433)  base_loss: 5.0693 (5.0693)  time: 6.5708  data: 6.1860  max mem: 11359
Epoch: [31]  [ 50/312]  eta: 0:02:28  lr: 0.000201  sp_loss: 5.5645 (5.4852)  fam_loss: 3.7246 (3.7333)  manu_loss: 2.7705 (2.7469)  ot_loss: 0.8076 (0.8152)  base_loss: 5.6255 (5.6261)  time: 0.4542  data: 0.1522  max mem: 11359
Epoch: [31]  [100/312]  eta: 0:01:42  lr: 0.000201  sp_loss: 5.0784 (5.3864)  fam_loss: 3.4035 (3.6593)  manu_loss: 2.5494 (2.6751)  ot_loss: 0.8398 (0.8213)  base_loss: 5.2650 (5.5404)  time: 0.4032  data: 0.1033  max mem: 11359
Epoch: [31]  [150/312]  eta: 0:01:12  lr: 0.000201  sp_loss: 5.6808 (5.3831)  fam_loss: 3.8573 (3.6460)  manu_loss: 2.6215 (2.6609)  ot_loss: 0.8084 (0.8227)  base_loss: 5.8099 (5.5345)  time: 0.3830  data: 0.0964  max mem: 11359
Epoch: [31]  [200/312]  eta: 0:00:48  lr: 0.000201  sp_loss: 5.4810 (5.3562)  fam_loss: 3.7513 (3.6321)  manu_loss: 2.6967 (2.6478)  ot_loss: 0.8138 (0.8244)  base_loss: 5.6143 (5.5132)  time: 0.3376  data: 0.0558  max mem: 11359
Epoch: [31]  [250/312]  eta: 0:00:26  lr: 0.000201  sp_loss: 5.9578 (5.3836)  fam_loss: 4.0047 (3.6428)  manu_loss: 2.9269 (2.6499)  ot_loss: 0.7945 (0.8234)  base_loss: 6.0558 (5.5315)  time: 0.3432  data: 0.0537  max mem: 11359
Epoch: [31]  [300/312]  eta: 0:00:04  lr: 0.000201  sp_loss: 5.1616 (5.3827)  fam_loss: 3.4951 (3.6381)  manu_loss: 2.5307 (2.6497)  ot_loss: 0.8349 (0.8238)  base_loss: 5.3719 (5.5298)  time: 0.3963  data: 0.1118  max mem: 11359
Epoch: [31]  [311/312]  eta: 0:00:00  lr: 0.000201  sp_loss: 5.8363 (5.3913)  fam_loss: 3.8994 (3.6416)  manu_loss: 2.8599 (2.6530)  ot_loss: 0.7984 (0.8235)  base_loss: 5.8549 (5.5363)  time: 0.3212  data: 0.0505  max mem: 11359
Epoch: [31] Total time: 0:02:08 (0.4111 s / it)
Averaged stats: lr: 0.000201  sp_loss: 5.8363 (5.3913)  fam_loss: 3.8994 (3.6416)  manu_loss: 2.8599 (2.6530)  ot_loss: 0.7984 (0.8235)  base_loss: 5.8549 (5.5363)
Epoch: [32]  [  0/312]  eta: 0:35:25  lr: 0.000197  sp_loss: 4.5754 (4.5754)  fam_loss: 3.1291 (3.1291)  manu_loss: 2.3889 (2.3889)  ot_loss: 0.8677 (0.8677)  base_loss: 4.9164 (4.9164)  time: 6.8113  data: 6.4758  max mem: 11359
Epoch: [32]  [ 50/312]  eta: 0:02:37  lr: 0.000197  sp_loss: 5.7950 (5.4303)  fam_loss: 4.0197 (3.7006)  manu_loss: 2.8681 (2.6975)  ot_loss: 0.7902 (0.8183)  base_loss: 5.8967 (5.5792)  time: 0.5168  data: 0.2048  max mem: 11359
Epoch: [32]  [100/312]  eta: 0:01:49  lr: 0.000197  sp_loss: 5.4028 (5.4580)  fam_loss: 3.7071 (3.7098)  manu_loss: 2.6812 (2.6995)  ot_loss: 0.8175 (0.8185)  base_loss: 5.5221 (5.5988)  time: 0.4553  data: 0.1553  max mem: 11359
Epoch: [32]  [150/312]  eta: 0:01:15  lr: 0.000197  sp_loss: 5.4717 (5.4394)  fam_loss: 3.6120 (3.6922)  manu_loss: 2.5828 (2.6899)  ot_loss: 0.8070 (0.8192)  base_loss: 5.5588 (5.5818)  time: 0.3879  data: 0.1014  max mem: 11359
Epoch: [32]  [200/312]  eta: 0:00:49  lr: 0.000197  sp_loss: 5.9179 (5.4217)  fam_loss: 3.8643 (3.6759)  manu_loss: 2.7471 (2.6776)  ot_loss: 0.8005 (0.8209)  base_loss: 5.9119 (5.5656)  time: 0.3432  data: 0.0522  max mem: 11359
Epoch: [32]  [250/312]  eta: 0:00:26  lr: 0.000197  sp_loss: 5.3154 (5.4196)  fam_loss: 3.4901 (3.6685)  manu_loss: 2.4581 (2.6688)  ot_loss: 0.8302 (0.8219)  base_loss: 5.4227 (5.5614)  time: 0.3527  data: 0.0631  max mem: 11359
Epoch: [32]  [300/312]  eta: 0:00:05  lr: 0.000197  sp_loss: 5.3191 (5.4500)  fam_loss: 3.7312 (3.6861)  manu_loss: 2.6830 (2.6803)  ot_loss: 0.8098 (0.8203)  base_loss: 5.4729 (5.5847)  time: 0.3737  data: 0.0874  max mem: 11359
Epoch: [32]  [311/312]  eta: 0:00:00  lr: 0.000197  sp_loss: 5.7499 (5.4476)  fam_loss: 3.9097 (3.6835)  manu_loss: 2.7612 (2.6795)  ot_loss: 0.7972 (0.8205)  base_loss: 5.8375 (5.5826)  time: 0.3138  data: 0.0449  max mem: 11359
Epoch: [32] Total time: 0:02:10 (0.4188 s / it)
Averaged stats: lr: 0.000197  sp_loss: 5.7499 (5.4476)  fam_loss: 3.9097 (3.6835)  manu_loss: 2.7612 (2.6795)  ot_loss: 0.7972 (0.8205)  base_loss: 5.8375 (5.5826)
Epoch: [33]  [  0/312]  eta: 0:32:59  lr: 0.000194  sp_loss: 4.9718 (4.9718)  fam_loss: 3.4381 (3.4381)  manu_loss: 2.5822 (2.5822)  ot_loss: 0.8527 (0.8527)  base_loss: 5.2351 (5.2351)  time: 6.3452  data: 5.9855  max mem: 11359
Epoch: [33]  [ 50/312]  eta: 0:02:33  lr: 0.000194  sp_loss: 5.5303 (5.3159)  fam_loss: 3.8012 (3.6240)  manu_loss: 2.7247 (2.6260)  ot_loss: 0.8042 (0.8258)  base_loss: 5.7108 (5.4833)  time: 0.4968  data: 0.1871  max mem: 11359
Epoch: [33]  [100/312]  eta: 0:01:50  lr: 0.000194  sp_loss: 5.3160 (5.2526)  fam_loss: 3.7702 (3.5881)  manu_loss: 2.6763 (2.6056)  ot_loss: 0.8239 (0.8298)  base_loss: 5.5842 (5.4357)  time: 0.4824  data: 0.1625  max mem: 11359
Epoch: [33]  [150/312]  eta: 0:01:19  lr: 0.000194  sp_loss: 5.0799 (5.2116)  fam_loss: 3.5285 (3.5522)  manu_loss: 2.6408 (2.5911)  ot_loss: 0.8288 (0.8327)  base_loss: 5.2824 (5.4010)  time: 0.4690  data: 0.1646  max mem: 11359
Epoch: [33]  [200/312]  eta: 0:00:52  lr: 0.000194  sp_loss: 5.3114 (5.2321)  fam_loss: 3.5101 (3.5580)  manu_loss: 2.5283 (2.5938)  ot_loss: 0.8181 (0.8318)  base_loss: 5.4384 (5.4142)  time: 0.4021  data: 0.1019  max mem: 11359
Epoch: [33]  [250/312]  eta: 0:00:28  lr: 0.000194  sp_loss: 4.8209 (5.2609)  fam_loss: 3.3681 (3.5734)  manu_loss: 2.4549 (2.6016)  ot_loss: 0.8443 (0.8302)  base_loss: 5.1150 (5.4357)  time: 0.4019  data: 0.0986  max mem: 11359
Epoch: [33]  [300/312]  eta: 0:00:05  lr: 0.000194  sp_loss: 5.1800 (5.2431)  fam_loss: 3.4667 (3.5641)  manu_loss: 2.4652 (2.5939)  ot_loss: 0.8324 (0.8313)  base_loss: 5.3782 (5.4225)  time: 0.3859  data: 0.0913  max mem: 11359
Epoch: [33]  [311/312]  eta: 0:00:00  lr: 0.000194  sp_loss: 5.1683 (5.2463)  fam_loss: 3.4667 (3.5651)  manu_loss: 2.4252 (2.5942)  ot_loss: 0.8347 (0.8312)  base_loss: 5.3387 (5.4246)  time: 0.3581  data: 0.0839  max mem: 11359
Epoch: [33] Total time: 0:02:16 (0.4387 s / it)
Averaged stats: lr: 0.000194  sp_loss: 5.1683 (5.2463)  fam_loss: 3.4667 (3.5651)  manu_loss: 2.4252 (2.5942)  ot_loss: 0.8347 (0.8312)  base_loss: 5.3387 (5.4246)
Epoch: [34]  [  0/312]  eta: 0:33:57  lr: 0.000191  sp_loss: 5.8224 (5.8224)  fam_loss: 3.8593 (3.8593)  manu_loss: 2.8417 (2.8417)  ot_loss: 0.8034 (0.8034)  base_loss: 5.8568 (5.8568)  time: 6.5308  data: 6.1700  max mem: 11359
Epoch: [34]  [ 50/312]  eta: 0:02:37  lr: 0.000191  sp_loss: 4.8182 (5.1775)  fam_loss: 3.3282 (3.5412)  manu_loss: 2.4550 (2.5872)  ot_loss: 0.8398 (0.8318)  base_loss: 5.1005 (5.3781)  time: 0.4862  data: 0.1813  max mem: 11359
Epoch: [34]  [100/312]  eta: 0:01:55  lr: 0.000191  sp_loss: 5.4605 (5.2850)  fam_loss: 3.7190 (3.5903)  manu_loss: 2.7122 (2.6292)  ot_loss: 0.8240 (0.8265)  base_loss: 5.5882 (5.4573)  time: 0.5061  data: 0.1972  max mem: 11359
Epoch: [34]  [150/312]  eta: 0:01:23  lr: 0.000191  sp_loss: 5.6034 (5.2975)  fam_loss: 3.6833 (3.5946)  manu_loss: 2.6583 (2.6145)  ot_loss: 0.8064 (0.8275)  base_loss: 5.6769 (5.4629)  time: 0.4637  data: 0.1598  max mem: 11359
Epoch: [34]  [200/312]  eta: 0:00:55  lr: 0.000191  sp_loss: 5.2177 (5.2778)  fam_loss: 3.6322 (3.5806)  manu_loss: 2.5672 (2.6062)  ot_loss: 0.8157 (0.8285)  base_loss: 5.4359 (5.4473)  time: 0.4833  data: 0.1868  max mem: 11359
Epoch: [34]  [250/312]  eta: 0:00:30  lr: 0.000191  sp_loss: 5.8847 (5.2991)  fam_loss: 3.7921 (3.5902)  manu_loss: 2.8078 (2.6126)  ot_loss: 0.7997 (0.8281)  base_loss: 5.9244 (5.4628)  time: 0.4627  data: 0.1616  max mem: 11359
Epoch: [34]  [300/312]  eta: 0:00:05  lr: 0.000191  sp_loss: 5.4594 (5.3126)  fam_loss: 3.5749 (3.5957)  manu_loss: 2.6278 (2.6139)  ot_loss: 0.8020 (0.8275)  base_loss: 5.4848 (5.4717)  time: 0.3551  data: 0.0681  max mem: 11359
Epoch: [34]  [311/312]  eta: 0:00:00  lr: 0.000191  sp_loss: 5.6345 (5.2996)  fam_loss: 3.6945 (3.5861)  manu_loss: 2.6630 (2.6069)  ot_loss: 0.7997 (0.8281)  base_loss: 5.6752 (5.4608)  time: 0.3191  data: 0.0513  max mem: 11359
Epoch: [34] Total time: 0:02:24 (0.4638 s / it)
Averaged stats: lr: 0.000191  sp_loss: 5.6345 (5.2996)  fam_loss: 3.6945 (3.5861)  manu_loss: 2.6630 (2.6069)  ot_loss: 0.7997 (0.8281)  base_loss: 5.6752 (5.4608)
Epoch: [35]  [  0/312]  eta: 0:30:46  lr: 0.000188  sp_loss: 4.4796 (4.4796)  fam_loss: 2.9616 (2.9616)  manu_loss: 2.2888 (2.2888)  ot_loss: 0.8735 (0.8735)  base_loss: 4.7891 (4.7891)  time: 5.9174  data: 5.5903  max mem: 11359
Epoch: [35]  [ 50/312]  eta: 0:02:20  lr: 0.000188  sp_loss: 5.6431 (5.1819)  fam_loss: 3.6945 (3.5250)  manu_loss: 2.6846 (2.5852)  ot_loss: 0.8062 (0.8311)  base_loss: 5.7162 (5.3743)  time: 0.4507  data: 0.1695  max mem: 11359
Epoch: [35]  [100/312]  eta: 0:01:39  lr: 0.000188  sp_loss: 5.7518 (5.3039)  fam_loss: 3.8115 (3.6055)  manu_loss: 2.7515 (2.6299)  ot_loss: 0.8062 (0.8256)  base_loss: 5.8117 (5.4706)  time: 0.3906  data: 0.1097  max mem: 11359
Epoch: [35]  [150/312]  eta: 0:01:10  lr: 0.000188  sp_loss: 5.6179 (5.3100)  fam_loss: 3.7671 (3.6118)  manu_loss: 2.7158 (2.6330)  ot_loss: 0.8048 (0.8255)  base_loss: 5.6192 (5.4759)  time: 0.3879  data: 0.1088  max mem: 11359
Epoch: [35]  [200/312]  eta: 0:00:46  lr: 0.000188  sp_loss: 5.3470 (5.2765)  fam_loss: 3.5726 (3.5906)  manu_loss: 2.6171 (2.6196)  ot_loss: 0.8234 (0.8283)  base_loss: 5.5103 (5.4499)  time: 0.3560  data: 0.0774  max mem: 11359
Epoch: [35]  [250/312]  eta: 0:00:25  lr: 0.000188  sp_loss: 5.1560 (5.2995)  fam_loss: 3.6033 (3.6095)  manu_loss: 2.6247 (2.6312)  ot_loss: 0.8214 (0.8274)  base_loss: 5.3857 (5.4696)  time: 0.3362  data: 0.0530  max mem: 11359
Epoch: [35]  [300/312]  eta: 0:00:04  lr: 0.000188  sp_loss: 5.2306 (5.2855)  fam_loss: 3.5773 (3.5972)  manu_loss: 2.5180 (2.6229)  ot_loss: 0.8053 (0.8285)  base_loss: 5.4191 (5.4575)  time: 0.3412  data: 0.0643  max mem: 11359
Epoch: [35]  [311/312]  eta: 0:00:00  lr: 0.000188  sp_loss: 5.7524 (5.2952)  fam_loss: 3.7220 (3.6046)  manu_loss: 2.7501 (2.6281)  ot_loss: 0.7883 (0.8278)  base_loss: 5.8660 (5.4656)  time: 0.3115  data: 0.0437  max mem: 11359
Epoch: [35] Total time: 0:02:03 (0.3973 s / it)
Averaged stats: lr: 0.000188  sp_loss: 5.7524 (5.2952)  fam_loss: 3.7220 (3.6046)  manu_loss: 2.7501 (2.6281)  ot_loss: 0.7883 (0.8278)  base_loss: 5.8660 (5.4656)
Epoch: [36]  [  0/312]  eta: 0:32:36  lr: 0.000184  sp_loss: 5.9901 (5.9901)  fam_loss: 3.8769 (3.8769)  manu_loss: 2.8128 (2.8128)  ot_loss: 0.8179 (0.8179)  base_loss: 5.9675 (5.9675)  time: 6.2717  data: 5.9414  max mem: 11359
Epoch: [36]  [ 50/312]  eta: 0:02:18  lr: 0.000184  sp_loss: 5.1134 (4.9738)  fam_loss: 3.4780 (3.4139)  manu_loss: 2.5857 (2.4916)  ot_loss: 0.8291 (0.8486)  base_loss: 5.3164 (5.2114)  time: 0.3967  data: 0.0984  max mem: 11359
Epoch: [36]  [100/312]  eta: 0:01:43  lr: 0.000184  sp_loss: 5.1881 (5.1610)  fam_loss: 3.6604 (3.5201)  manu_loss: 2.6648 (2.5714)  ot_loss: 0.8207 (0.8363)  base_loss: 5.4676 (5.3578)  time: 0.3894  data: 0.1086  max mem: 11359
Epoch: [36]  [150/312]  eta: 0:01:14  lr: 0.000184  sp_loss: 5.6080 (5.2200)  fam_loss: 3.7133 (3.5575)  manu_loss: 2.7354 (2.5920)  ot_loss: 0.8118 (0.8321)  base_loss: 5.7052 (5.4042)  time: 0.4526  data: 0.1760  max mem: 11359
Epoch: [36]  [200/312]  eta: 0:00:50  lr: 0.000184  sp_loss: 5.6950 (5.2326)  fam_loss: 3.8905 (3.5709)  manu_loss: 2.8239 (2.6022)  ot_loss: 0.8011 (0.8311)  base_loss: 5.8141 (5.4164)  time: 0.4573  data: 0.1844  max mem: 11359
Epoch: [36]  [250/312]  eta: 0:00:27  lr: 0.000184  sp_loss: 5.6800 (5.2571)  fam_loss: 3.7109 (3.5814)  manu_loss: 2.7031 (2.6085)  ot_loss: 0.8084 (0.8296)  base_loss: 5.7014 (5.4338)  time: 0.4397  data: 0.1646  max mem: 11359
Epoch: [36]  [300/312]  eta: 0:00:05  lr: 0.000184  sp_loss: 5.0966 (5.2975)  fam_loss: 3.5302 (3.6030)  manu_loss: 2.4681 (2.6228)  ot_loss: 0.8333 (0.8275)  base_loss: 5.3107 (5.4647)  time: 0.4362  data: 0.1665  max mem: 11359
Epoch: [36]  [311/312]  eta: 0:00:00  lr: 0.000184  sp_loss: 5.1920 (5.2984)  fam_loss: 3.6089 (3.6047)  manu_loss: 2.6258 (2.6251)  ot_loss: 0.8354 (0.8277)  base_loss: 5.4024 (5.4660)  time: 0.3666  data: 0.1025  max mem: 11359
Epoch: [36] Total time: 0:02:16 (0.4365 s / it)
Averaged stats: lr: 0.000184  sp_loss: 5.1920 (5.2984)  fam_loss: 3.6089 (3.6047)  manu_loss: 2.6258 (2.6251)  ot_loss: 0.8354 (0.8277)  base_loss: 5.4024 (5.4660)
Epoch: [37]  [  0/312]  eta: 0:33:44  lr: 0.000181  sp_loss: 6.4775 (6.4775)  fam_loss: 4.4541 (4.4541)  manu_loss: 3.2280 (3.2280)  ot_loss: 0.7566 (0.7566)  base_loss: 6.4453 (6.4453)  time: 6.4894  data: 6.1376  max mem: 11359
Epoch: [37]  [ 50/312]  eta: 0:02:24  lr: 0.000181  sp_loss: 4.7434 (4.9999)  fam_loss: 3.3302 (3.4240)  manu_loss: 2.3627 (2.4986)  ot_loss: 0.8498 (0.8427)  base_loss: 5.0003 (5.2301)  time: 0.4823  data: 0.1736  max mem: 11359
Epoch: [37]  [100/312]  eta: 0:01:42  lr: 0.000181  sp_loss: 5.0057 (5.0409)  fam_loss: 3.5315 (3.4414)  manu_loss: 2.6010 (2.5180)  ot_loss: 0.8340 (0.8408)  base_loss: 5.2797 (5.2618)  time: 0.3954  data: 0.0877  max mem: 11359
Epoch: [37]  [150/312]  eta: 0:01:12  lr: 0.000181  sp_loss: 5.3708 (5.0810)  fam_loss: 3.6060 (3.4671)  manu_loss: 2.6543 (2.5317)  ot_loss: 0.8074 (0.8393)  base_loss: 5.4833 (5.2937)  time: 0.3949  data: 0.1089  max mem: 11359
Epoch: [37]  [200/312]  eta: 0:00:47  lr: 0.000181  sp_loss: 5.3105 (5.0819)  fam_loss: 3.6898 (3.4693)  manu_loss: 2.6151 (2.5298)  ot_loss: 0.8137 (0.8388)  base_loss: 5.4948 (5.2943)  time: 0.3394  data: 0.0541  max mem: 11359
Epoch: [37]  [250/312]  eta: 0:00:25  lr: 0.000181  sp_loss: 5.2372 (5.0904)  fam_loss: 3.5706 (3.4730)  manu_loss: 2.6064 (2.5336)  ot_loss: 0.8364 (0.8389)  base_loss: 5.4643 (5.3006)  time: 0.3355  data: 0.0499  max mem: 11359
Epoch: [37]  [300/312]  eta: 0:00:04  lr: 0.000181  sp_loss: 5.3055 (5.1287)  fam_loss: 3.5963 (3.4957)  manu_loss: 2.6213 (2.5537)  ot_loss: 0.8187 (0.8366)  base_loss: 5.4594 (5.3312)  time: 0.3824  data: 0.0999  max mem: 11359
Epoch: [37]  [311/312]  eta: 0:00:00  lr: 0.000181  sp_loss: 5.5262 (5.1382)  fam_loss: 3.6526 (3.5020)  manu_loss: 2.7087 (2.5591)  ot_loss: 0.8110 (0.8361)  base_loss: 5.6542 (5.3392)  time: 0.3233  data: 0.0531  max mem: 11359
Epoch: [37] Total time: 0:02:07 (0.4071 s / it)
Averaged stats: lr: 0.000181  sp_loss: 5.5262 (5.1382)  fam_loss: 3.6526 (3.5020)  manu_loss: 2.7087 (2.5591)  ot_loss: 0.8110 (0.8361)  base_loss: 5.6542 (5.3392)
Epoch: [38]  [  0/312]  eta: 0:33:01  lr: 0.000178  sp_loss: 3.5401 (3.5401)  fam_loss: 2.5179 (2.5179)  manu_loss: 1.8705 (1.8705)  ot_loss: 0.9561 (0.9561)  base_loss: 4.1021 (4.1021)  time: 6.3522  data: 6.0035  max mem: 11359
Epoch: [38]  [ 50/312]  eta: 0:02:14  lr: 0.000178  sp_loss: 5.3186 (5.0255)  fam_loss: 3.6617 (3.4630)  manu_loss: 2.6431 (2.5311)  ot_loss: 0.8078 (0.8404)  base_loss: 5.4933 (5.2585)  time: 0.4619  data: 0.1724  max mem: 11359
Epoch: [38]  [100/312]  eta: 0:01:38  lr: 0.000178  sp_loss: 5.5222 (5.0643)  fam_loss: 3.7194 (3.4856)  manu_loss: 2.6827 (2.5383)  ot_loss: 0.8126 (0.8386)  base_loss: 5.6084 (5.2872)  time: 0.4747  data: 0.1857  max mem: 11359
Epoch: [38]  [150/312]  eta: 0:01:12  lr: 0.000178  sp_loss: 5.7272 (5.1002)  fam_loss: 3.8127 (3.4964)  manu_loss: 2.7378 (2.5457)  ot_loss: 0.8008 (0.8370)  base_loss: 5.8148 (5.3117)  time: 0.4566  data: 0.1723  max mem: 11359
Epoch: [38]  [200/312]  eta: 0:00:49  lr: 0.000178  sp_loss: 5.4022 (5.1353)  fam_loss: 3.6721 (3.5158)  manu_loss: 2.7499 (2.5647)  ot_loss: 0.8099 (0.8347)  base_loss: 5.5421 (5.3393)  time: 0.4408  data: 0.1561  max mem: 11359
Epoch: [38]  [250/312]  eta: 0:00:26  lr: 0.000178  sp_loss: 4.7306 (5.1205)  fam_loss: 3.2781 (3.5011)  manu_loss: 2.3462 (2.5536)  ot_loss: 0.8458 (0.8353)  base_loss: 5.0039 (5.3252)  time: 0.3317  data: 0.0452  max mem: 11359
Epoch: [38]  [300/312]  eta: 0:00:04  lr: 0.000178  sp_loss: 4.8373 (5.1041)  fam_loss: 3.3808 (3.4951)  manu_loss: 2.4542 (2.5486)  ot_loss: 0.8412 (0.8365)  base_loss: 5.1173 (5.3139)  time: 0.3330  data: 0.0483  max mem: 11359
Epoch: [38]  [311/312]  eta: 0:00:00  lr: 0.000178  sp_loss: 5.2314 (5.1064)  fam_loss: 3.5906 (3.4966)  manu_loss: 2.6909 (2.5502)  ot_loss: 0.8183 (0.8364)  base_loss: 5.3983 (5.3160)  time: 0.3124  data: 0.0429  max mem: 11359
Epoch: [38] Total time: 0:02:09 (0.4142 s / it)
Averaged stats: lr: 0.000178  sp_loss: 5.2314 (5.1064)  fam_loss: 3.5906 (3.4966)  manu_loss: 2.6909 (2.5502)  ot_loss: 0.8183 (0.8364)  base_loss: 5.3983 (5.3160)
Epoch: [39]  [  0/312]  eta: 0:32:13  lr: 0.000174  sp_loss: 5.6283 (5.6283)  fam_loss: 3.7546 (3.7546)  manu_loss: 2.6536 (2.6536)  ot_loss: 0.8103 (0.8103)  base_loss: 5.6971 (5.6971)  time: 6.1968  data: 5.8371  max mem: 11359
Epoch: [39]  [ 50/312]  eta: 0:02:24  lr: 0.000174  sp_loss: 4.8971 (4.7753)  fam_loss: 3.3993 (3.3126)  manu_loss: 2.5318 (2.4220)  ot_loss: 0.8331 (0.8545)  base_loss: 5.1683 (5.0617)  time: 0.4587  data: 0.1628  max mem: 11359
Epoch: [39]  [100/312]  eta: 0:01:42  lr: 0.000174  sp_loss: 5.5959 (4.9657)  fam_loss: 3.8014 (3.4226)  manu_loss: 2.6440 (2.4905)  ot_loss: 0.8029 (0.8431)  base_loss: 5.7302 (5.2076)  time: 0.3943  data: 0.1029  max mem: 11359
Epoch: [39]  [150/312]  eta: 0:01:14  lr: 0.000174  sp_loss: 5.1646 (5.0075)  fam_loss: 3.4932 (3.4482)  manu_loss: 2.6129 (2.5130)  ot_loss: 0.8173 (0.8400)  base_loss: 5.3660 (5.2410)  time: 0.4155  data: 0.1237  max mem: 11359
Epoch: [39]  [200/312]  eta: 0:00:49  lr: 0.000174  sp_loss: 4.6224 (5.0083)  fam_loss: 3.2145 (3.4402)  manu_loss: 2.3495 (2.5080)  ot_loss: 0.8543 (0.8413)  base_loss: 4.9372 (5.2387)  time: 0.3415  data: 0.0352  max mem: 11359
Epoch: [39]  [250/312]  eta: 0:00:26  lr: 0.000174  sp_loss: 4.9574 (5.0035)  fam_loss: 3.4038 (3.4330)  manu_loss: 2.4474 (2.5008)  ot_loss: 0.8254 (0.8417)  base_loss: 5.1989 (5.2329)  time: 0.3445  data: 0.0413  max mem: 11359
Epoch: [39]  [300/312]  eta: 0:00:04  lr: 0.000174  sp_loss: 5.2504 (5.0085)  fam_loss: 3.5149 (3.4325)  manu_loss: 2.6070 (2.5024)  ot_loss: 0.8189 (0.8417)  base_loss: 5.3863 (5.2359)  time: 0.3824  data: 0.0814  max mem: 11359
Epoch: [39]  [311/312]  eta: 0:00:00  lr: 0.000174  sp_loss: 5.2504 (5.0105)  fam_loss: 3.5628 (3.4339)  manu_loss: 2.6070 (2.5035)  ot_loss: 0.8189 (0.8413)  base_loss: 5.3863 (5.2375)  time: 0.3481  data: 0.0671  max mem: 11359
Epoch: [39] Total time: 0:02:09 (0.4135 s / it)
Averaged stats: lr: 0.000174  sp_loss: 5.2504 (5.0105)  fam_loss: 3.5628 (3.4339)  manu_loss: 2.6070 (2.5035)  ot_loss: 0.8189 (0.8413)  base_loss: 5.3863 (5.2375)
Epoch: [40]  [  0/312]  eta: 0:31:38  lr: 0.000171  sp_loss: 4.6511 (4.6511)  fam_loss: 3.1994 (3.1994)  manu_loss: 2.3428 (2.3428)  ot_loss: 0.8672 (0.8672)  base_loss: 4.9648 (4.9648)  time: 6.0864  data: 5.7560  max mem: 11359
Epoch: [40]  [ 50/312]  eta: 0:02:10  lr: 0.000171  sp_loss: 5.4743 (5.1439)  fam_loss: 3.8074 (3.5217)  manu_loss: 2.7500 (2.5731)  ot_loss: 0.8006 (0.8319)  base_loss: 5.6310 (5.3464)  time: 0.4143  data: 0.1332  max mem: 11359
Epoch: [40]  [100/312]  eta: 0:01:37  lr: 0.000171  sp_loss: 5.4798 (5.0766)  fam_loss: 3.5847 (3.4919)  manu_loss: 2.5948 (2.5458)  ot_loss: 0.8072 (0.8353)  base_loss: 5.5498 (5.2968)  time: 0.4323  data: 0.1495  max mem: 11359
Epoch: [40]  [150/312]  eta: 0:01:09  lr: 0.000171  sp_loss: 5.4480 (5.1028)  fam_loss: 3.6983 (3.4916)  manu_loss: 2.7578 (2.5472)  ot_loss: 0.8103 (0.8342)  base_loss: 5.5696 (5.3111)  time: 0.3987  data: 0.1194  max mem: 11359
Epoch: [40]  [200/312]  eta: 0:00:46  lr: 0.000171  sp_loss: 5.5736 (5.1477)  fam_loss: 3.8147 (3.5203)  manu_loss: 2.7259 (2.5659)  ot_loss: 0.8141 (0.8325)  base_loss: 5.6526 (5.3470)  time: 0.3858  data: 0.1063  max mem: 11359
Epoch: [40]  [250/312]  eta: 0:00:25  lr: 0.000171  sp_loss: 5.8020 (5.1763)  fam_loss: 3.7124 (3.5329)  manu_loss: 2.6832 (2.5763)  ot_loss: 0.8056 (0.8319)  base_loss: 5.7873 (5.3684)  time: 0.3962  data: 0.1151  max mem: 11359
Epoch: [40]  [300/312]  eta: 0:00:04  lr: 0.000171  sp_loss: 5.1323 (5.1580)  fam_loss: 3.6021 (3.5218)  manu_loss: 2.5994 (2.5678)  ot_loss: 0.8170 (0.8332)  base_loss: 5.3704 (5.3537)  time: 0.3338  data: 0.0558  max mem: 11359
Epoch: [40]  [311/312]  eta: 0:00:00  lr: 0.000171  sp_loss: 4.7063 (5.1484)  fam_loss: 3.2847 (3.5180)  manu_loss: 2.3773 (2.5654)  ot_loss: 0.8497 (0.8336)  base_loss: 4.9784 (5.3469)  time: 0.3753  data: 0.1060  max mem: 11359
Epoch: [40] Total time: 0:02:03 (0.3974 s / it)
Averaged stats: lr: 0.000171  sp_loss: 4.7063 (5.1484)  fam_loss: 3.2847 (3.5180)  manu_loss: 2.3773 (2.5654)  ot_loss: 0.8497 (0.8336)  base_loss: 4.9784 (5.3469)
Epoch: [41]  [  0/312]  eta: 0:36:11  lr: 0.000167  sp_loss: 3.7393 (3.7393)  fam_loss: 2.7457 (2.7457)  manu_loss: 1.9337 (1.9337)  ot_loss: 0.9056 (0.9056)  base_loss: 4.2445 (4.2445)  time: 6.9585  data: 6.6261  max mem: 11359
Epoch: [41]  [ 50/312]  eta: 0:02:35  lr: 0.000167  sp_loss: 5.1473 (5.0551)  fam_loss: 3.5710 (3.4717)  manu_loss: 2.5892 (2.5339)  ot_loss: 0.8223 (0.8380)  base_loss: 5.3505 (5.2780)  time: 0.5075  data: 0.2019  max mem: 11359
Epoch: [41]  [100/312]  eta: 0:01:47  lr: 0.000167  sp_loss: 5.5923 (5.0721)  fam_loss: 3.6964 (3.4797)  manu_loss: 2.7271 (2.5364)  ot_loss: 0.8074 (0.8374)  base_loss: 5.6664 (5.2893)  time: 0.4431  data: 0.1434  max mem: 11359
Epoch: [41]  [150/312]  eta: 0:01:17  lr: 0.000167  sp_loss: 4.9233 (5.1077)  fam_loss: 3.3164 (3.4981)  manu_loss: 2.4904 (2.5543)  ot_loss: 0.8255 (0.8362)  base_loss: 5.1510 (5.3168)  time: 0.4647  data: 0.1613  max mem: 11359
Epoch: [41]  [200/312]  eta: 0:00:52  lr: 0.000167  sp_loss: 4.6710 (5.0827)  fam_loss: 3.3504 (3.4828)  manu_loss: 2.4531 (2.5442)  ot_loss: 0.8427 (0.8375)  base_loss: 5.0018 (5.2970)  time: 0.4806  data: 0.1903  max mem: 11359
Epoch: [41]  [250/312]  eta: 0:00:28  lr: 0.000167  sp_loss: 5.2854 (5.1131)  fam_loss: 3.6959 (3.4984)  manu_loss: 2.6605 (2.5517)  ot_loss: 0.8090 (0.8357)  base_loss: 5.5028 (5.3195)  time: 0.4264  data: 0.1252  max mem: 11359
Epoch: [41]  [300/312]  eta: 0:00:05  lr: 0.000167  sp_loss: 5.7027 (5.1094)  fam_loss: 3.7795 (3.4930)  manu_loss: 2.7226 (2.5445)  ot_loss: 0.8076 (0.8364)  base_loss: 5.7018 (5.3147)  time: 0.4326  data: 0.1385  max mem: 11359
Epoch: [41]  [311/312]  eta: 0:00:00  lr: 0.000167  sp_loss: 5.7896 (5.1192)  fam_loss: 3.7795 (3.4998)  manu_loss: 2.7226 (2.5493)  ot_loss: 0.8068 (0.8359)  base_loss: 5.8154 (5.3226)  time: 0.3713  data: 0.0957  max mem: 11359
Epoch: [41] Total time: 0:02:19 (0.4462 s / it)
Averaged stats: lr: 0.000167  sp_loss: 5.7896 (5.1192)  fam_loss: 3.7795 (3.4998)  manu_loss: 2.7226 (2.5493)  ot_loss: 0.8068 (0.8359)  base_loss: 5.8154 (5.3226)
Epoch: [42]  [  0/312]  eta: 0:39:13  lr: 0.000163  sp_loss: 6.3884 (6.3884)  fam_loss: 4.3078 (4.3078)  manu_loss: 3.1855 (3.1855)  ot_loss: 0.7624 (0.7624)  base_loss: 6.3487 (6.3487)  time: 7.5430  data: 7.2309  max mem: 11359
Epoch: [42]  [ 50/312]  eta: 0:02:32  lr: 0.000163  sp_loss: 5.7260 (5.1117)  fam_loss: 3.8483 (3.4972)  manu_loss: 2.7804 (2.5447)  ot_loss: 0.7949 (0.8308)  base_loss: 5.7966 (5.3156)  time: 0.4668  data: 0.1850  max mem: 11359
Epoch: [42]  [100/312]  eta: 0:01:48  lr: 0.000163  sp_loss: 4.7573 (4.9934)  fam_loss: 3.3590 (3.4307)  manu_loss: 2.4543 (2.4993)  ot_loss: 0.8509 (0.8393)  base_loss: 5.0931 (5.2243)  time: 0.4792  data: 0.1956  max mem: 11359
Epoch: [42]  [150/312]  eta: 0:01:16  lr: 0.000163  sp_loss: 4.7509 (5.0244)  fam_loss: 3.2097 (3.4439)  manu_loss: 2.3766 (2.5093)  ot_loss: 0.8536 (0.8382)  base_loss: 5.0142 (5.2473)  time: 0.4261  data: 0.1234  max mem: 11359
Epoch: [42]  [200/312]  eta: 0:00:51  lr: 0.000163  sp_loss: 5.2681 (4.9926)  fam_loss: 3.5659 (3.4235)  manu_loss: 2.6944 (2.4932)  ot_loss: 0.8157 (0.8397)  base_loss: 5.4446 (5.2209)  time: 0.4319  data: 0.1297  max mem: 11359
Epoch: [42]  [250/312]  eta: 0:00:28  lr: 0.000163  sp_loss: 5.5614 (4.9966)  fam_loss: 3.6722 (3.4250)  manu_loss: 2.7029 (2.4953)  ot_loss: 0.8186 (0.8397)  base_loss: 5.6659 (5.2238)  time: 0.4780  data: 0.1751  max mem: 11359
Epoch: [42]  [300/312]  eta: 0:00:05  lr: 0.000163  sp_loss: 4.1826 (4.9909)  fam_loss: 2.9571 (3.4247)  manu_loss: 2.1546 (2.4963)  ot_loss: 0.8587 (0.8401)  base_loss: 4.5798 (5.2206)  time: 0.4439  data: 0.1564  max mem: 11359
Epoch: [42]  [311/312]  eta: 0:00:00  lr: 0.000163  sp_loss: 4.4854 (4.9900)  fam_loss: 3.2313 (3.4242)  manu_loss: 2.3175 (2.4961)  ot_loss: 0.8509 (0.8401)  base_loss: 4.7968 (5.2198)  time: 0.3875  data: 0.1184  max mem: 11359
Epoch: [42] Total time: 0:02:19 (0.4486 s / it)
Averaged stats: lr: 0.000163  sp_loss: 4.4854 (4.9900)  fam_loss: 3.2313 (3.4242)  manu_loss: 2.3175 (2.4961)  ot_loss: 0.8509 (0.8401)  base_loss: 4.7968 (5.2198)
Test:  [  0/391]  eta: 0:52:37  sploss: 3.8240 (3.8240)  famloss: 1.7493 (1.7493)  manuloss: 1.0805 (1.0805)  acc1: 30.0781 (30.0781)  acc5: 58.2031 (58.2031)  family_acc1: 62.5000 (62.5000)  manu_acc1: 76.9531 (76.9531)  time: 8.0755  data: 6.9854  max mem: 11359
Test:  [ 50/391]  eta: 0:03:24  sploss: 3.9732 (4.0690)  famloss: 1.9139 (1.9504)  manuloss: 1.2007 (1.2807)  acc1: 31.6406 (31.3802)  acc5: 55.8594 (54.1284)  family_acc1: 58.5938 (58.8465)  manu_acc1: 73.4375 (71.7525)  time: 0.5467  data: 0.4506  max mem: 11359
Test:  [100/391]  eta: 0:02:28  sploss: 4.0696 (4.0501)  famloss: 2.0751 (1.9486)  manuloss: 1.3404 (1.2779)  acc1: 30.8594 (31.3776)  acc5: 53.5156 (54.3046)  family_acc1: 56.6406 (58.6904)  manu_acc1: 68.7500 (71.5733)  time: 0.5076  data: 0.4104  max mem: 11359
Test:  [150/391]  eta: 0:01:58  sploss: 3.7551 (4.0096)  famloss: 1.7505 (1.9238)  manuloss: 1.1524 (1.2642)  acc1: 33.5938 (32.0312)  acc5: 56.6406 (55.0419)  family_acc1: 61.3281 (59.0697)  manu_acc1: 74.6094 (71.8465)  time: 0.5406  data: 0.4433  max mem: 11359
Test:  [200/391]  eta: 0:01:30  sploss: 4.0392 (4.0346)  famloss: 2.0205 (1.9471)  manuloss: 1.3458 (1.2772)  acc1: 30.4688 (31.6698)  acc5: 53.5156 (54.6836)  family_acc1: 57.4219 (58.6929)  manu_acc1: 69.5312 (71.5174)  time: 0.2965  data: 0.1987  max mem: 11359
Test:  [250/391]  eta: 0:01:05  sploss: 3.9123 (4.0274)  famloss: 1.9249 (1.9575)  manuloss: 1.3027 (1.2953)  acc1: 33.2031 (31.8959)  acc5: 55.0781 (54.8820)  family_acc1: 57.8125 (58.4210)  manu_acc1: 69.9219 (70.9054)  time: 0.2887  data: 0.1929  max mem: 11359
Test:  [300/391]  eta: 0:00:42  sploss: 3.8092 (3.9904)  famloss: 1.7376 (1.9257)  manuloss: 1.1194 (1.2720)  acc1: 34.3750 (32.2921)  acc5: 58.5938 (55.4804)  family_acc1: 63.6719 (59.0233)  manu_acc1: 75.0000 (71.4467)  time: 0.4820  data: 0.3852  max mem: 11359
Test:  [350/391]  eta: 0:00:18  sploss: 3.9840 (3.9861)  famloss: 1.8873 (1.9099)  manuloss: 1.1887 (1.2562)  acc1: 32.0312 (32.2527)  acc5: 54.6875 (55.4521)  family_acc1: 58.2031 (59.2815)  manu_acc1: 72.6562 (71.8027)  time: 0.4802  data: 0.3840  max mem: 11359
Test:  [390/391]  eta: 0:00:00  sploss: 3.8156 (3.9723)  famloss: 1.7468 (1.8951)  manuloss: 1.0234 (1.2354)  acc1: 33.9844 (32.3210)  acc5: 57.0312 (55.6020)  family_acc1: 62.8906 (59.5640)  manu_acc1: 78.1250 (72.3900)  time: 0.4757  data: 0.3632  max mem: 11359
Test: Total time: 0:02:55 (0.4499 s / it)
* Acc@1 32.321 Acc@5 55.602 family@1 59.564 manu@1 72.390 sploss 3.972 fmloss 1.895 mfloss 1.235
Accuracy of the network on the 100000 test images: 32.3%
Max accuracy: 32.32%
Epoch: [43]  [  0/312]  eta: 0:32:23  lr: 0.000160  sp_loss: 5.5955 (5.5955)  fam_loss: 3.4941 (3.4941)  manu_loss: 2.6640 (2.6640)  ot_loss: 0.8150 (0.8150)  base_loss: 5.6123 (5.6123)  time: 6.2302  data: 5.5793  max mem: 11359
Epoch: [43]  [ 50/312]  eta: 0:02:23  lr: 0.000160  sp_loss: 5.4177 (5.1536)  fam_loss: 3.5983 (3.5375)  manu_loss: 2.6678 (2.5768)  ot_loss: 0.8101 (0.8317)  base_loss: 5.5440 (5.3561)  time: 0.4709  data: 0.1877  max mem: 11361
Epoch: [43]  [100/312]  eta: 0:01:43  lr: 0.000160  sp_loss: 5.2331 (5.0404)  fam_loss: 3.5857 (3.4666)  manu_loss: 2.5804 (2.5347)  ot_loss: 0.8236 (0.8363)  base_loss: 5.4234 (5.2654)  time: 0.4325  data: 0.1473  max mem: 11361
Epoch: [43]  [150/312]  eta: 0:01:14  lr: 0.000160  sp_loss: 5.1099 (4.9372)  fam_loss: 3.5174 (3.4055)  manu_loss: 2.6258 (2.4926)  ot_loss: 0.8271 (0.8425)  base_loss: 5.3951 (5.1851)  time: 0.4051  data: 0.1213  max mem: 11361
Epoch: [43]  [200/312]  eta: 0:00:48  lr: 0.000160  sp_loss: 5.3251 (4.9268)  fam_loss: 3.6166 (3.3950)  manu_loss: 2.5783 (2.4832)  ot_loss: 0.8069 (0.8426)  base_loss: 5.4519 (5.1750)  time: 0.3443  data: 0.0396  max mem: 11361
Epoch: [43]  [250/312]  eta: 0:00:26  lr: 0.000160  sp_loss: 4.7914 (4.8994)  fam_loss: 3.2039 (3.3757)  manu_loss: 2.4098 (2.4689)  ot_loss: 0.8435 (0.8443)  base_loss: 5.0436 (5.1520)  time: 0.3650  data: 0.0606  max mem: 11361
Epoch: [43]  [300/312]  eta: 0:00:05  lr: 0.000160  sp_loss: 4.9110 (4.9317)  fam_loss: 3.3876 (3.3906)  manu_loss: 2.4796 (2.4779)  ot_loss: 0.8285 (0.8426)  base_loss: 5.1540 (5.1754)  time: 0.4071  data: 0.1124  max mem: 11361
Epoch: [43]  [311/312]  eta: 0:00:00  lr: 0.000160  sp_loss: 5.1885 (4.9323)  fam_loss: 3.4910 (3.3906)  manu_loss: 2.5889 (2.4784)  ot_loss: 0.8270 (0.8424)  base_loss: 5.3611 (5.1757)  time: 0.3780  data: 0.1048  max mem: 11361
Epoch: [43] Total time: 0:02:09 (0.4155 s / it)
Averaged stats: lr: 0.000160  sp_loss: 5.1885 (4.9323)  fam_loss: 3.4910 (3.3906)  manu_loss: 2.5889 (2.4784)  ot_loss: 0.8270 (0.8424)  base_loss: 5.3611 (5.1757)
Epoch: [44]  [  0/312]  eta: 0:31:07  lr: 0.000156  sp_loss: 5.5642 (5.5642)  fam_loss: 3.8644 (3.8644)  manu_loss: 2.8675 (2.8675)  ot_loss: 0.8019 (0.8019)  base_loss: 5.7055 (5.7055)  time: 5.9851  data: 5.6479  max mem: 11361
Epoch: [44]  [ 50/312]  eta: 0:02:19  lr: 0.000156  sp_loss: 5.6777 (5.1131)  fam_loss: 3.8373 (3.5276)  manu_loss: 2.7459 (2.5524)  ot_loss: 0.7972 (0.8322)  base_loss: 5.7777 (5.3240)  time: 0.4665  data: 0.1824  max mem: 11361
Epoch: [44]  [100/312]  eta: 0:01:37  lr: 0.000156  sp_loss: 4.7953 (4.9504)  fam_loss: 3.3651 (3.4221)  manu_loss: 2.3837 (2.4831)  ot_loss: 0.8411 (0.8418)  base_loss: 5.0958 (5.1948)  time: 0.4122  data: 0.1337  max mem: 11361
Epoch: [44]  [150/312]  eta: 0:01:11  lr: 0.000156  sp_loss: 4.8094 (4.9767)  fam_loss: 3.3924 (3.4324)  manu_loss: 2.4566 (2.4929)  ot_loss: 0.8382 (0.8402)  base_loss: 5.0936 (5.2135)  time: 0.4579  data: 0.1815  max mem: 11361
Epoch: [44]  [200/312]  eta: 0:00:47  lr: 0.000156  sp_loss: 5.0041 (4.9701)  fam_loss: 3.3939 (3.4224)  manu_loss: 2.5281 (2.4898)  ot_loss: 0.8297 (0.8407)  base_loss: 5.2148 (5.2064)  time: 0.3841  data: 0.1057  max mem: 11361
Epoch: [44]  [250/312]  eta: 0:00:25  lr: 0.000156  sp_loss: 4.9863 (4.9355)  fam_loss: 3.5127 (3.3932)  manu_loss: 2.5694 (2.4726)  ot_loss: 0.8258 (0.8428)  base_loss: 5.2633 (5.1767)  time: 0.3784  data: 0.0989  max mem: 11361
Epoch: [44]  [300/312]  eta: 0:00:04  lr: 0.000156  sp_loss: 4.9450 (4.9953)  fam_loss: 3.5048 (3.4259)  manu_loss: 2.5846 (2.4951)  ot_loss: 0.8237 (0.8397)  base_loss: 5.2384 (5.2227)  time: 0.3334  data: 0.0548  max mem: 11361
Epoch: [44]  [311/312]  eta: 0:00:00  lr: 0.000156  sp_loss: 4.9538 (4.9983)  fam_loss: 3.4099 (3.4261)  manu_loss: 2.4592 (2.4947)  ot_loss: 0.8274 (0.8396)  base_loss: 5.2394 (5.2244)  time: 0.3672  data: 0.0973  max mem: 11361
Epoch: [44] Total time: 0:02:05 (0.4038 s / it)
Averaged stats: lr: 0.000156  sp_loss: 4.9538 (4.9983)  fam_loss: 3.4099 (3.4261)  manu_loss: 2.4592 (2.4947)  ot_loss: 0.8274 (0.8396)  base_loss: 5.2394 (5.2244)
Test:  [  0/391]  eta: 0:40:49  sploss: 3.9987 (3.9987)  famloss: 1.7536 (1.7536)  manuloss: 1.0721 (1.0721)  acc1: 31.2500 (31.2500)  acc5: 55.0781 (55.0781)  family_acc1: 60.5469 (60.5469)  manu_acc1: 77.3438 (77.3438)  time: 6.2658  data: 6.1511  max mem: 11361
Test:  [ 50/391]  eta: 0:02:58  sploss: 4.1431 (4.2219)  famloss: 1.9852 (1.9841)  manuloss: 1.2390 (1.3083)  acc1: 32.0312 (30.7521)  acc5: 53.5156 (53.2475)  family_acc1: 58.2031 (59.0380)  manu_acc1: 71.8750 (71.2469)  time: 0.4437  data: 0.3463  max mem: 11361
Test:  [100/391]  eta: 0:02:12  sploss: 4.1883 (4.1960)  famloss: 2.0579 (1.9854)  manuloss: 1.3753 (1.2996)  acc1: 31.2500 (31.0179)  acc5: 52.7344 (53.5040)  family_acc1: 56.2500 (58.7252)  manu_acc1: 68.7500 (71.2175)  time: 0.4625  data: 0.3632  max mem: 11361
Test:  [150/391]  eta: 0:01:42  sploss: 3.9334 (4.1546)  famloss: 1.7890 (1.9587)  manuloss: 1.1476 (1.2836)  acc1: 32.8125 (31.4337)  acc5: 55.8594 (54.1106)  family_acc1: 62.1094 (58.9921)  manu_acc1: 75.0000 (71.4352)  time: 0.4400  data: 0.3416  max mem: 11361
Test:  [200/391]  eta: 0:01:18  sploss: 4.1732 (4.1748)  famloss: 2.0402 (1.9820)  manuloss: 1.3445 (1.2932)  acc1: 31.6406 (31.2714)  acc5: 53.1250 (53.8518)  family_acc1: 56.2500 (58.4247)  manu_acc1: 68.3594 (71.1384)  time: 0.2560  data: 0.1589  max mem: 11361
Test:  [250/391]  eta: 0:00:57  sploss: 4.0592 (4.1641)  famloss: 1.9548 (1.9916)  manuloss: 1.2903 (1.3104)  acc1: 32.4219 (31.6002)  acc5: 54.2969 (54.0790)  family_acc1: 58.2031 (58.2094)  manu_acc1: 69.9219 (70.4946)  time: 0.2803  data: 0.1817  max mem: 11361
Test:  [300/391]  eta: 0:00:37  sploss: 3.9078 (4.1276)  famloss: 1.7398 (1.9582)  manuloss: 1.1207 (1.2860)  acc1: 33.9844 (31.9923)  acc5: 58.5938 (54.7641)  family_acc1: 62.8906 (58.8390)  manu_acc1: 73.8281 (71.0925)  time: 0.4502  data: 0.3533  max mem: 11361
Test:  [350/391]  eta: 0:00:16  sploss: 4.1293 (4.1231)  famloss: 1.9315 (1.9434)  manuloss: 1.2093 (1.2699)  acc1: 31.2500 (31.9422)  acc5: 54.6875 (54.7999)  family_acc1: 57.8125 (59.0556)  manu_acc1: 71.4844 (71.3787)  time: 0.4457  data: 0.3484  max mem: 11361
Test:  [390/391]  eta: 0:00:00  sploss: 3.9804 (4.1096)  famloss: 1.7984 (1.9279)  manuloss: 1.0692 (1.2493)  acc1: 32.8125 (32.0120)  acc5: 56.6406 (54.9540)  family_acc1: 61.7188 (59.3480)  manu_acc1: 77.3438 (71.9690)  time: 0.4225  data: 0.3313  max mem: 11361
Test: Total time: 0:02:38 (0.4045 s / it)
* Acc@1 32.012 Acc@5 54.954 family@1 59.348 manu@1 71.969 sploss 4.110 fmloss 1.928 mfloss 1.249
Accuracy of the network on the 100000 test images: 32.0%
Max accuracy: 32.32%
Epoch: [45]  [  0/312]  eta: 0:39:05  lr: 0.000152  sp_loss: 3.1916 (3.1916)  fam_loss: 2.3203 (2.3203)  manu_loss: 1.7494 (1.7494)  ot_loss: 0.9254 (0.9254)  base_loss: 3.7981 (3.7981)  time: 7.5164  data: 7.1895  max mem: 11361
Epoch: [45]  [ 50/312]  eta: 0:02:31  lr: 0.000152  sp_loss: 5.3432 (5.0974)  fam_loss: 3.5464 (3.5161)  manu_loss: 2.5469 (2.5493)  ot_loss: 0.8240 (0.8304)  base_loss: 5.4814 (5.3101)  time: 0.4613  data: 0.1635  max mem: 11361
Epoch: [45]  [100/312]  eta: 0:01:42  lr: 0.000152  sp_loss: 5.3280 (4.9804)  fam_loss: 3.6578 (3.4385)  manu_loss: 2.7099 (2.5043)  ot_loss: 0.8265 (0.8378)  base_loss: 5.5075 (5.2174)  time: 0.4104  data: 0.1124  max mem: 11361
Epoch: [45]  [150/312]  eta: 0:01:13  lr: 0.000152  sp_loss: 5.2772 (5.0047)  fam_loss: 3.6279 (3.4495)  manu_loss: 2.5983 (2.5103)  ot_loss: 0.8154 (0.8366)  base_loss: 5.4705 (5.2343)  time: 0.4228  data: 0.1256  max mem: 11361
Epoch: [45]  [200/312]  eta: 0:00:48  lr: 0.000152  sp_loss: 5.3344 (4.9581)  fam_loss: 3.6028 (3.4207)  manu_loss: 2.6428 (2.4931)  ot_loss: 0.8204 (0.8392)  base_loss: 5.4812 (5.1979)  time: 0.3424  data: 0.0563  max mem: 11361
Epoch: [45]  [250/312]  eta: 0:00:26  lr: 0.000152  sp_loss: 4.8606 (4.9584)  fam_loss: 3.4214 (3.4219)  manu_loss: 2.4770 (2.4928)  ot_loss: 0.8332 (0.8398)  base_loss: 5.1572 (5.1989)  time: 0.3635  data: 0.0688  max mem: 11361
Epoch: [45]  [300/312]  eta: 0:00:05  lr: 0.000152  sp_loss: 5.1975 (4.9645)  fam_loss: 3.5233 (3.4208)  manu_loss: 2.6011 (2.4928)  ot_loss: 0.8243 (0.8393)  base_loss: 5.4293 (5.2019)  time: 0.3982  data: 0.1068  max mem: 11361
Epoch: [45]  [311/312]  eta: 0:00:00  lr: 0.000152  sp_loss: 5.1339 (4.9716)  fam_loss: 3.4167 (3.4234)  manu_loss: 2.5400 (2.4946)  ot_loss: 0.8260 (0.8389)  base_loss: 5.2815 (5.2069)  time: 0.3272  data: 0.0553  max mem: 11361
Epoch: [45] Total time: 0:02:10 (0.4190 s / it)
Averaged stats: lr: 0.000152  sp_loss: 5.1339 (4.9716)  fam_loss: 3.4167 (3.4234)  manu_loss: 2.5400 (2.4946)  ot_loss: 0.8260 (0.8389)  base_loss: 5.2815 (5.2069)
Epoch: [46]  [  0/312]  eta: 0:31:20  lr: 0.000149  sp_loss: 4.7384 (4.7384)  fam_loss: 3.5524 (3.5524)  manu_loss: 2.5205 (2.5205)  ot_loss: 0.8675 (0.8675)  base_loss: 5.1230 (5.1230)  time: 6.0257  data: 5.6964  max mem: 11361
Epoch: [46]  [ 50/312]  eta: 0:02:24  lr: 0.000149  sp_loss: 5.3257 (5.0202)  fam_loss: 3.6628 (3.4885)  manu_loss: 2.6468 (2.5613)  ot_loss: 0.8167 (0.8332)  base_loss: 5.4843 (5.2615)  time: 0.4239  data: 0.1515  max mem: 11361
Epoch: [46]  [100/312]  eta: 0:01:43  lr: 0.000149  sp_loss: 5.1648 (5.0469)  fam_loss: 3.5073 (3.4754)  manu_loss: 2.5916 (2.5474)  ot_loss: 0.8215 (0.8341)  base_loss: 5.3791 (5.2704)  time: 0.4151  data: 0.1387  max mem: 11361
Epoch: [46]  [150/312]  eta: 0:01:14  lr: 0.000149  sp_loss: 5.2911 (5.0875)  fam_loss: 3.5780 (3.4961)  manu_loss: 2.5762 (2.5625)  ot_loss: 0.8181 (0.8323)  base_loss: 5.4853 (5.3017)  time: 0.4094  data: 0.1355  max mem: 11361
Epoch: [46]  [200/312]  eta: 0:00:50  lr: 0.000149  sp_loss: 4.9847 (5.0785)  fam_loss: 3.4872 (3.4862)  manu_loss: 2.4852 (2.5505)  ot_loss: 0.8298 (0.8329)  base_loss: 5.2021 (5.2921)  time: 0.5210  data: 0.2485  max mem: 11361
Epoch: [46]  [250/312]  eta: 0:00:27  lr: 0.000149  sp_loss: 5.5877 (5.0618)  fam_loss: 3.7745 (3.4770)  manu_loss: 2.6519 (2.5399)  ot_loss: 0.8128 (0.8340)  base_loss: 5.6845 (5.2783)  time: 0.4913  data: 0.2130  max mem: 11361
Epoch: [46]  [300/312]  eta: 0:00:05  lr: 0.000149  sp_loss: 4.7814 (5.0476)  fam_loss: 3.4490 (3.4674)  manu_loss: 2.4787 (2.5334)  ot_loss: 0.8410 (0.8349)  base_loss: 5.1397 (5.2668)  time: 0.4348  data: 0.1662  max mem: 11361
Epoch: [46]  [311/312]  eta: 0:00:00  lr: 0.000149  sp_loss: 5.2813 (5.0481)  fam_loss: 3.5782 (3.4661)  manu_loss: 2.6019 (2.5321)  ot_loss: 0.8113 (0.8347)  base_loss: 5.4916 (5.2664)  time: 0.3918  data: 0.1299  max mem: 11361
Epoch: [46] Total time: 0:02:15 (0.4354 s / it)
Averaged stats: lr: 0.000149  sp_loss: 5.2813 (5.0481)  fam_loss: 3.5782 (3.4661)  manu_loss: 2.6019 (2.5321)  ot_loss: 0.8113 (0.8347)  base_loss: 5.4916 (5.2664)
Test:  [  0/391]  eta: 0:45:45  sploss: 3.8340 (3.8340)  famloss: 1.5910 (1.5910)  manuloss: 1.0334 (1.0334)  acc1: 30.0781 (30.0781)  acc5: 58.5938 (58.5938)  family_acc1: 65.6250 (65.6250)  manu_acc1: 77.3438 (77.3438)  time: 7.0225  data: 6.9055  max mem: 11361
Test:  [ 50/391]  eta: 0:03:21  sploss: 4.0243 (4.0781)  famloss: 1.8534 (1.8794)  manuloss: 1.1595 (1.2237)  acc1: 31.6406 (31.5870)  acc5: 55.4688 (54.3275)  family_acc1: 60.1562 (60.1409)  manu_acc1: 73.8281 (72.4494)  time: 0.5363  data: 0.4372  max mem: 11361
Test:  [100/391]  eta: 0:02:35  sploss: 4.0449 (4.0484)  famloss: 1.9962 (1.8818)  manuloss: 1.2801 (1.2199)  acc1: 31.6406 (31.9114)  acc5: 54.2969 (54.8654)  family_acc1: 57.0312 (59.8546)  manu_acc1: 70.7031 (72.3236)  time: 0.5209  data: 0.4232  max mem: 11361
Test:  [150/391]  eta: 0:02:01  sploss: 3.7440 (4.0077)  famloss: 1.6702 (1.8526)  manuloss: 1.0444 (1.2014)  acc1: 34.7656 (32.5254)  acc5: 58.9844 (55.6214)  family_acc1: 62.8906 (60.2908)  manu_acc1: 75.7812 (72.6485)  time: 0.5174  data: 0.4175  max mem: 11361
Test:  [200/391]  eta: 0:01:34  sploss: 4.0567 (4.0313)  famloss: 1.9704 (1.8771)  manuloss: 1.2792 (1.2163)  acc1: 31.6406 (32.2625)  acc5: 53.5156 (55.2647)  family_acc1: 57.8125 (59.7656)  manu_acc1: 70.3125 (72.3162)  time: 0.4389  data: 0.3424  max mem: 11361
Test:  [250/391]  eta: 0:01:07  sploss: 3.8903 (4.0231)  famloss: 1.8662 (1.8880)  manuloss: 1.2290 (1.2335)  acc1: 33.5938 (32.4483)  acc5: 55.4688 (55.4579)  family_acc1: 58.2031 (59.4886)  manu_acc1: 70.7031 (71.7147)  time: 0.5048  data: 0.4073  max mem: 11361
Test:  [300/391]  eta: 0:00:43  sploss: 3.7877 (3.9848)  famloss: 1.6822 (1.8576)  manuloss: 1.0765 (1.2112)  acc1: 34.7656 (32.9475)  acc5: 58.9844 (56.1072)  family_acc1: 64.4531 (60.0550)  manu_acc1: 75.3906 (72.2488)  time: 0.3183  data: 0.2221  max mem: 11361
Test:  [350/391]  eta: 0:00:19  sploss: 3.9883 (3.9804)  famloss: 1.8340 (1.8429)  manuloss: 1.0934 (1.1963)  acc1: 32.4219 (32.9583)  acc5: 55.0781 (56.1532)  family_acc1: 60.5469 (60.2965)  manu_acc1: 74.2188 (72.5327)  time: 0.2851  data: 0.1884  max mem: 11361
Test:  [390/391]  eta: 0:00:00  sploss: 3.8510 (3.9675)  famloss: 1.7117 (1.8290)  manuloss: 0.9739 (1.1764)  acc1: 33.5938 (33.0020)  acc5: 58.5938 (56.3510)  family_acc1: 63.2812 (60.5830)  manu_acc1: 78.9062 (73.1100)  time: 0.4123  data: 0.3214  max mem: 11361
Test: Total time: 0:03:02 (0.4662 s / it)
* Acc@1 33.002 Acc@5 56.351 family@1 60.583 manu@1 73.110 sploss 3.968 fmloss 1.829 mfloss 1.176
Accuracy of the network on the 100000 test images: 33.0%
Max accuracy: 33.00%
Epoch: [47]  [  0/312]  eta: 0:39:31  lr: 0.000145  sp_loss: 5.4967 (5.4967)  fam_loss: 3.8112 (3.8112)  manu_loss: 2.6150 (2.6150)  ot_loss: 0.8210 (0.8210)  base_loss: 5.6196 (5.6196)  time: 7.6024  data: 7.2559  max mem: 11361
Epoch: [47]  [ 50/312]  eta: 0:02:31  lr: 0.000145  sp_loss: 4.8552 (4.5515)  fam_loss: 3.2382 (3.1530)  manu_loss: 2.3085 (2.2964)  ot_loss: 0.8314 (0.8630)  base_loss: 5.0491 (4.8677)  time: 0.4621  data: 0.1759  max mem: 11361
Epoch: [47]  [100/312]  eta: 0:01:42  lr: 0.000145  sp_loss: 5.0773 (4.6618)  fam_loss: 3.4502 (3.2232)  manu_loss: 2.5961 (2.3618)  ot_loss: 0.8255 (0.8563)  base_loss: 5.2808 (4.9580)  time: 0.3990  data: 0.1185  max mem: 11361
Epoch: [47]  [150/312]  eta: 0:01:12  lr: 0.000145  sp_loss: 5.0996 (4.7381)  fam_loss: 3.4503 (3.2758)  manu_loss: 2.6071 (2.3974)  ot_loss: 0.8205 (0.8511)  base_loss: 5.3060 (5.0207)  time: 0.4037  data: 0.1191  max mem: 11361
Epoch: [47]  [200/312]  eta: 0:00:47  lr: 0.000145  sp_loss: 4.9732 (4.7823)  fam_loss: 3.3609 (3.3038)  manu_loss: 2.4942 (2.4185)  ot_loss: 0.8294 (0.8484)  base_loss: 5.2667 (5.0563)  time: 0.3368  data: 0.0566  max mem: 11361
Epoch: [47]  [250/312]  eta: 0:00:25  lr: 0.000145  sp_loss: 5.6178 (4.8272)  fam_loss: 3.7366 (3.3274)  manu_loss: 2.6862 (2.4333)  ot_loss: 0.8056 (0.8465)  base_loss: 5.7040 (5.0902)  time: 0.3402  data: 0.0612  max mem: 11361
Epoch: [47]  [300/312]  eta: 0:00:04  lr: 0.000145  sp_loss: 5.2428 (4.8394)  fam_loss: 3.5856 (3.3368)  manu_loss: 2.5444 (2.4386)  ot_loss: 0.8289 (0.8461)  base_loss: 5.4181 (5.1005)  time: 0.3922  data: 0.1158  max mem: 11361
Epoch: [47]  [311/312]  eta: 0:00:00  lr: 0.000145  sp_loss: 4.7583 (4.8309)  fam_loss: 3.3151 (3.3327)  manu_loss: 2.4382 (2.4358)  ot_loss: 0.8477 (0.8462)  base_loss: 5.0713 (5.0940)  time: 0.3202  data: 0.0526  max mem: 11361
Epoch: [47] Total time: 0:02:07 (0.4090 s / it)
Averaged stats: lr: 0.000145  sp_loss: 4.7583 (4.8309)  fam_loss: 3.3151 (3.3327)  manu_loss: 2.4382 (2.4358)  ot_loss: 0.8477 (0.8462)  base_loss: 5.0713 (5.0940)
Epoch: [48]  [  0/312]  eta: 0:33:21  lr: 0.000141  sp_loss: 4.4930 (4.4930)  fam_loss: 2.9723 (2.9723)  manu_loss: 2.2977 (2.2977)  ot_loss: 0.8614 (0.8614)  base_loss: 4.8066 (4.8066)  time: 6.4140  data: 6.0909  max mem: 11361
Epoch: [48]  [ 50/312]  eta: 0:02:06  lr: 0.000141  sp_loss: 4.7289 (4.9322)  fam_loss: 3.3199 (3.4137)  manu_loss: 2.5537 (2.5060)  ot_loss: 0.8301 (0.8418)  base_loss: 5.0546 (5.1854)  time: 0.3935  data: 0.1152  max mem: 11361
Epoch: [48]  [100/312]  eta: 0:01:30  lr: 0.000141  sp_loss: 4.9944 (4.8233)  fam_loss: 3.4069 (3.3366)  manu_loss: 2.4525 (2.4389)  ot_loss: 0.8266 (0.8467)  base_loss: 5.2227 (5.0921)  time: 0.3912  data: 0.1113  max mem: 11361
Epoch: [48]  [150/312]  eta: 0:01:05  lr: 0.000141  sp_loss: 5.3843 (4.8539)  fam_loss: 3.5123 (3.3535)  manu_loss: 2.5397 (2.4509)  ot_loss: 0.8246 (0.8448)  base_loss: 5.4736 (5.1149)  time: 0.3876  data: 0.1093  max mem: 11361
Epoch: [48]  [200/312]  eta: 0:00:44  lr: 0.000141  sp_loss: 5.0843 (4.8819)  fam_loss: 3.4499 (3.3666)  manu_loss: 2.5377 (2.4590)  ot_loss: 0.8355 (0.8438)  base_loss: 5.3236 (5.1353)  time: 0.3973  data: 0.1201  max mem: 11361
Epoch: [48]  [250/312]  eta: 0:00:24  lr: 0.000141  sp_loss: 5.3350 (4.9005)  fam_loss: 3.5956 (3.3740)  manu_loss: 2.5393 (2.4620)  ot_loss: 0.8204 (0.8428)  base_loss: 5.4688 (5.1477)  time: 0.3333  data: 0.0551  max mem: 11361
Epoch: [48]  [300/312]  eta: 0:00:04  lr: 0.000141  sp_loss: 5.4245 (4.9246)  fam_loss: 3.6162 (3.3847)  manu_loss: 2.6513 (2.4735)  ot_loss: 0.8181 (0.8417)  base_loss: 5.5799 (5.1660)  time: 0.3272  data: 0.0514  max mem: 11361
Epoch: [48]  [311/312]  eta: 0:00:00  lr: 0.000141  sp_loss: 5.5409 (4.9207)  fam_loss: 3.6237 (3.3818)  manu_loss: 2.6660 (2.4708)  ot_loss: 0.8173 (0.8420)  base_loss: 5.6312 (5.1626)  time: 0.3177  data: 0.0496  max mem: 11361
Epoch: [48] Total time: 0:02:00 (0.3852 s / it)
Averaged stats: lr: 0.000141  sp_loss: 5.5409 (4.9207)  fam_loss: 3.6237 (3.3818)  manu_loss: 2.6660 (2.4708)  ot_loss: 0.8173 (0.8420)  base_loss: 5.6312 (5.1626)
Test:  [  0/391]  eta: 0:44:57  sploss: 3.8106 (3.8106)  famloss: 1.6341 (1.6341)  manuloss: 1.0184 (1.0184)  acc1: 31.6406 (31.6406)  acc5: 57.4219 (57.4219)  family_acc1: 65.6250 (65.6250)  manu_acc1: 76.5625 (76.5625)  time: 6.8995  data: 6.7869  max mem: 11361
Test:  [ 50/391]  eta: 0:03:23  sploss: 3.9617 (4.0089)  famloss: 1.8236 (1.8480)  manuloss: 1.1440 (1.2096)  acc1: 33.2031 (32.4908)  acc5: 56.2500 (55.2696)  family_acc1: 60.1562 (60.2865)  manu_acc1: 73.4375 (72.3269)  time: 0.5655  data: 0.4651  max mem: 11361
Test:  [100/391]  eta: 0:02:23  sploss: 3.9822 (3.9797)  famloss: 1.9525 (1.8472)  manuloss: 1.2341 (1.2021)  acc1: 32.0312 (32.5998)  acc5: 54.2969 (55.4417)  family_acc1: 58.9844 (60.1911)  manu_acc1: 70.7031 (72.3043)  time: 0.3450  data: 0.2496  max mem: 11361
Test:  [150/391]  eta: 0:01:51  sploss: 3.6799 (3.9361)  famloss: 1.6443 (1.8211)  manuloss: 1.0521 (1.1884)  acc1: 35.9375 (33.3092)  acc5: 59.3750 (56.1879)  family_acc1: 63.2812 (60.5572)  manu_acc1: 76.5625 (72.5864)  time: 0.3481  data: 0.2523  max mem: 11361
Test:  [200/391]  eta: 0:01:24  sploss: 3.9538 (3.9588)  famloss: 1.9225 (1.8426)  manuloss: 1.2600 (1.1988)  acc1: 33.2031 (33.0185)  acc5: 54.6875 (55.8944)  family_acc1: 57.8125 (60.1116)  manu_acc1: 71.0938 (72.4153)  time: 0.4248  data: 0.3292  max mem: 11361
Test:  [250/391]  eta: 0:01:00  sploss: 3.8626 (3.9516)  famloss: 1.8287 (1.8530)  manuloss: 1.2427 (1.2182)  acc1: 34.7656 (33.1844)  acc5: 56.2500 (55.9777)  family_acc1: 58.5938 (59.8325)  manu_acc1: 69.9219 (71.7629)  time: 0.4184  data: 0.3229  max mem: 11361
Test:  [300/391]  eta: 0:00:37  sploss: 3.6716 (3.9103)  famloss: 1.6211 (1.8215)  manuloss: 1.0493 (1.1947)  acc1: 37.1094 (33.6288)  acc5: 59.3750 (56.6419)  family_acc1: 64.4531 (60.4288)  manu_acc1: 75.3906 (72.3188)  time: 0.3230  data: 0.2220  max mem: 11361
Test:  [350/391]  eta: 0:00:16  sploss: 3.8907 (3.9042)  famloss: 1.7693 (1.8064)  manuloss: 1.1443 (1.1805)  acc1: 32.8125 (33.6505)  acc5: 56.2500 (56.6640)  family_acc1: 60.9375 (60.6404)  manu_acc1: 73.4375 (72.5861)  time: 0.2639  data: 0.1670  max mem: 11361
Test:  [390/391]  eta: 0:00:00  sploss: 3.7267 (3.8905)  famloss: 1.6590 (1.7913)  manuloss: 0.9383 (1.1587)  acc1: 34.3750 (33.6820)  acc5: 59.7656 (56.8850)  family_acc1: 64.4531 (60.9470)  manu_acc1: 79.2969 (73.2210)  time: 0.4327  data: 0.3405  max mem: 11361
Test: Total time: 0:02:40 (0.4108 s / it)
* Acc@1 33.682 Acc@5 56.885 family@1 60.947 manu@1 73.221 sploss 3.890 fmloss 1.791 mfloss 1.159
Accuracy of the network on the 100000 test images: 33.7%
Max accuracy: 33.68%
Epoch: [49]  [  0/312]  eta: 0:29:30  lr: 0.000138  sp_loss: 5.5412 (5.5412)  fam_loss: 3.5801 (3.5801)  manu_loss: 2.7185 (2.7185)  ot_loss: 0.8169 (0.8169)  base_loss: 5.6065 (5.6065)  time: 5.6747  data: 5.3379  max mem: 11361
Epoch: [49]  [ 50/312]  eta: 0:02:30  lr: 0.000138  sp_loss: 4.5844 (4.6994)  fam_loss: 3.2278 (3.2907)  manu_loss: 2.3777 (2.4191)  ot_loss: 0.8573 (0.8525)  base_loss: 4.9263 (5.0060)  time: 0.4399  data: 0.1448  max mem: 11361
Epoch: [49]  [100/312]  eta: 0:01:42  lr: 0.000138  sp_loss: 4.9737 (4.8356)  fam_loss: 3.5752 (3.3570)  manu_loss: 2.5754 (2.4668)  ot_loss: 0.8217 (0.8447)  base_loss: 5.2227 (5.1073)  time: 0.4024  data: 0.1103  max mem: 11361
Epoch: [49]  [150/312]  eta: 0:01:13  lr: 0.000138  sp_loss: 4.2945 (4.7729)  fam_loss: 2.9588 (3.3203)  manu_loss: 2.1731 (2.4336)  ot_loss: 0.8435 (0.8471)  base_loss: 4.6419 (5.0573)  time: 0.4227  data: 0.1258  max mem: 11361
Epoch: [49]  [200/312]  eta: 0:00:49  lr: 0.000138  sp_loss: 4.8118 (4.7752)  fam_loss: 3.3068 (3.3161)  manu_loss: 2.4089 (2.4266)  ot_loss: 0.8401 (0.8478)  base_loss: 5.0614 (5.0562)  time: 0.4287  data: 0.1355  max mem: 11361
Epoch: [49]  [250/312]  eta: 0:00:26  lr: 0.000138  sp_loss: 5.0823 (4.8229)  fam_loss: 3.5946 (3.3384)  manu_loss: 2.5246 (2.4440)  ot_loss: 0.8244 (0.8460)  base_loss: 5.3190 (5.0918)  time: 0.3562  data: 0.0593  max mem: 11361
Epoch: [49]  [300/312]  eta: 0:00:05  lr: 0.000138  sp_loss: 5.3117 (4.8539)  fam_loss: 3.6724 (3.3550)  manu_loss: 2.6581 (2.4533)  ot_loss: 0.8244 (0.8443)  base_loss: 5.5026 (5.1149)  time: 0.3408  data: 0.0573  max mem: 11361
Epoch: [49]  [311/312]  eta: 0:00:00  lr: 0.000138  sp_loss: 4.6049 (4.8454)  fam_loss: 3.2607 (3.3489)  manu_loss: 2.3804 (2.4489)  ot_loss: 0.8345 (0.8449)  base_loss: 4.9252 (5.1079)  time: 0.3408  data: 0.0666  max mem: 11361
Epoch: [49] Total time: 0:02:11 (0.4201 s / it)
Averaged stats: lr: 0.000138  sp_loss: 4.6049 (4.8454)  fam_loss: 3.2607 (3.3489)  manu_loss: 2.3804 (2.4489)  ot_loss: 0.8345 (0.8449)  base_loss: 4.9252 (5.1079)
Epoch: [50]  [  0/312]  eta: 0:40:03  lr: 0.000134  sp_loss: 4.6114 (4.6114)  fam_loss: 3.2604 (3.2604)  manu_loss: 2.4370 (2.4370)  ot_loss: 0.8502 (0.8502)  base_loss: 4.9508 (4.9508)  time: 7.7044  data: 7.3733  max mem: 11361
Epoch: [50]  [ 50/312]  eta: 0:02:22  lr: 0.000134  sp_loss: 4.1538 (4.7741)  fam_loss: 3.0661 (3.3158)  manu_loss: 2.2291 (2.4229)  ot_loss: 0.8476 (0.8426)  base_loss: 4.5965 (5.0529)  time: 0.4252  data: 0.1245  max mem: 11361
Epoch: [50]  [100/312]  eta: 0:01:39  lr: 0.000134  sp_loss: 4.9417 (4.8113)  fam_loss: 3.4256 (3.3137)  manu_loss: 2.5260 (2.4233)  ot_loss: 0.8312 (0.8452)  base_loss: 5.2264 (5.0742)  time: 0.4157  data: 0.1320  max mem: 11361
Epoch: [50]  [150/312]  eta: 0:01:11  lr: 0.000134  sp_loss: 5.1045 (4.8480)  fam_loss: 3.5554 (3.3306)  manu_loss: 2.6258 (2.4333)  ot_loss: 0.8244 (0.8431)  base_loss: 5.2883 (5.1008)  time: 0.4338  data: 0.1424  max mem: 11364
Epoch: [50]  [200/312]  eta: 0:00:48  lr: 0.000134  sp_loss: 5.3224 (4.8367)  fam_loss: 3.4926 (3.3322)  manu_loss: 2.5363 (2.4327)  ot_loss: 0.8259 (0.8443)  base_loss: 5.4670 (5.0951)  time: 0.3415  data: 0.0540  max mem: 11364
Epoch: [50]  [250/312]  eta: 0:00:26  lr: 0.000134  sp_loss: 5.2857 (4.8521)  fam_loss: 3.4575 (3.3449)  manu_loss: 2.4270 (2.4397)  ot_loss: 0.8195 (0.8435)  base_loss: 5.3500 (5.1081)  time: 0.3526  data: 0.0586  max mem: 11364
Epoch: [50]  [300/312]  eta: 0:00:05  lr: 0.000134  sp_loss: 5.0853 (4.8892)  fam_loss: 3.3758 (3.3714)  manu_loss: 2.4886 (2.4579)  ot_loss: 0.8183 (0.8415)  base_loss: 5.2472 (5.1388)  time: 0.3745  data: 0.0959  max mem: 11364
Epoch: [50]  [311/312]  eta: 0:00:00  lr: 0.000134  sp_loss: 4.5154 (4.8790)  fam_loss: 3.1742 (3.3637)  manu_loss: 2.4532 (2.4537)  ot_loss: 0.8267 (0.8420)  base_loss: 4.8524 (5.1304)  time: 0.3187  data: 0.0526  max mem: 11364
Epoch: [50] Total time: 0:02:09 (0.4148 s / it)
Averaged stats: lr: 0.000134  sp_loss: 4.5154 (4.8790)  fam_loss: 3.1742 (3.3637)  manu_loss: 2.4532 (2.4537)  ot_loss: 0.8267 (0.8420)  base_loss: 4.8524 (5.1304)
Test:  [  0/391]  eta: 0:45:33  sploss: 3.9189 (3.9189)  famloss: 1.6854 (1.6854)  manuloss: 1.0804 (1.0804)  acc1: 32.8125 (32.8125)  acc5: 58.5938 (58.5938)  family_acc1: 63.2812 (63.2812)  manu_acc1: 78.1250 (78.1250)  time: 6.9908  data: 6.8606  max mem: 11364
Test:  [ 50/391]  eta: 0:03:20  sploss: 4.0489 (4.0989)  famloss: 1.8814 (1.9100)  manuloss: 1.1927 (1.2473)  acc1: 31.6406 (31.7479)  acc5: 53.9062 (54.4654)  family_acc1: 60.1562 (60.5545)  manu_acc1: 73.4375 (72.7635)  time: 0.5342  data: 0.4386  max mem: 11364
Test:  [100/391]  eta: 0:02:21  sploss: 4.0986 (4.0756)  famloss: 1.9907 (1.9073)  manuloss: 1.2662 (1.2423)  acc1: 31.6406 (32.1163)  acc5: 53.9062 (54.6759)  family_acc1: 58.2031 (60.2220)  manu_acc1: 70.7031 (72.4861)  time: 0.3195  data: 0.2272  max mem: 11364
Test:  [150/391]  eta: 0:01:55  sploss: 3.8365 (4.0345)  famloss: 1.7232 (1.8825)  manuloss: 1.0868 (1.2289)  acc1: 35.1562 (32.8151)  acc5: 58.5938 (55.5464)  family_acc1: 63.6719 (60.6374)  manu_acc1: 75.7812 (72.7804)  time: 0.5232  data: 0.4300  max mem: 11364
Test:  [200/391]  eta: 0:01:27  sploss: 4.1076 (4.0571)  famloss: 1.9739 (1.9040)  manuloss: 1.2876 (1.2406)  acc1: 31.2500 (32.4510)  acc5: 54.6875 (55.3755)  family_acc1: 58.2031 (60.1349)  manu_acc1: 71.0938 (72.4833)  time: 0.4496  data: 0.3563  max mem: 11364
Test:  [250/391]  eta: 0:01:02  sploss: 3.9466 (4.0497)  famloss: 1.8964 (1.9143)  manuloss: 1.2578 (1.2584)  acc1: 33.9844 (32.6631)  acc5: 55.8594 (55.5450)  family_acc1: 59.3750 (59.8450)  manu_acc1: 70.7031 (71.8330)  time: 0.4500  data: 0.3507  max mem: 11364
Test:  [300/391]  eta: 0:00:39  sploss: 3.8115 (4.0134)  famloss: 1.6989 (1.8840)  manuloss: 1.0915 (1.2350)  acc1: 35.5469 (33.1162)  acc5: 59.3750 (56.1734)  family_acc1: 62.8906 (60.3743)  manu_acc1: 75.3906 (72.3448)  time: 0.4412  data: 0.3437  max mem: 11364
Test:  [350/391]  eta: 0:00:17  sploss: 4.0547 (4.0090)  famloss: 1.8414 (1.8701)  manuloss: 1.1861 (1.2204)  acc1: 32.8125 (33.0796)  acc5: 55.8594 (56.1454)  family_acc1: 59.7656 (60.5591)  manu_acc1: 73.0469 (72.6351)  time: 0.3678  data: 0.2703  max mem: 11364
Test:  [390/391]  eta: 0:00:00  sploss: 3.8545 (3.9962)  famloss: 1.7546 (1.8555)  manuloss: 0.9740 (1.1998)  acc1: 34.7656 (33.1130)  acc5: 58.5938 (56.3430)  family_acc1: 63.6719 (60.8530)  manu_acc1: 80.0781 (73.2560)  time: 0.2729  data: 0.1838  max mem: 11364
Test: Total time: 0:02:43 (0.4171 s / it)
* Acc@1 33.113 Acc@5 56.343 family@1 60.853 manu@1 73.256 sploss 3.996 fmloss 1.856 mfloss 1.200
Accuracy of the network on the 100000 test images: 33.1%
Max accuracy: 33.68%
Epoch: [51]  [  0/312]  eta: 0:34:17  lr: 0.000130  sp_loss: 5.4151 (5.4151)  fam_loss: 3.6379 (3.6379)  manu_loss: 2.6190 (2.6190)  ot_loss: 0.8139 (0.8139)  base_loss: 5.5277 (5.5277)  time: 6.5947  data: 6.2897  max mem: 11364
Epoch: [51]  [ 50/312]  eta: 0:02:18  lr: 0.000130  sp_loss: 4.6609 (4.5123)  fam_loss: 3.2787 (3.1669)  manu_loss: 2.4344 (2.3050)  ot_loss: 0.8412 (0.8580)  base_loss: 5.0223 (4.8467)  time: 0.4310  data: 0.1557  max mem: 11364
Epoch: [51]  [100/312]  eta: 0:01:39  lr: 0.000130  sp_loss: 5.2154 (4.5813)  fam_loss: 3.4389 (3.1981)  manu_loss: 2.4591 (2.3312)  ot_loss: 0.8270 (0.8559)  base_loss: 5.3735 (4.8987)  time: 0.4479  data: 0.1674  max mem: 11364
Epoch: [51]  [150/312]  eta: 0:01:12  lr: 0.000130  sp_loss: 4.6396 (4.6221)  fam_loss: 3.2232 (3.2154)  manu_loss: 2.4578 (2.3474)  ot_loss: 0.8436 (0.8547)  base_loss: 4.9445 (4.9292)  time: 0.4405  data: 0.1609  max mem: 11364
Epoch: [51]  [200/312]  eta: 0:00:48  lr: 0.000130  sp_loss: 4.9130 (4.6794)  fam_loss: 3.4925 (3.2488)  manu_loss: 2.4084 (2.3694)  ot_loss: 0.8335 (0.8527)  base_loss: 5.1712 (4.9741)  time: 0.4489  data: 0.1753  max mem: 11364
Epoch: [51]  [250/312]  eta: 0:00:26  lr: 0.000130  sp_loss: 5.0591 (4.7410)  fam_loss: 3.5122 (3.2879)  manu_loss: 2.5024 (2.3998)  ot_loss: 0.8314 (0.8494)  base_loss: 5.2038 (5.0240)  time: 0.3479  data: 0.0736  max mem: 11364
Epoch: [51]  [300/312]  eta: 0:00:05  lr: 0.000130  sp_loss: 5.3463 (4.7544)  fam_loss: 3.5806 (3.2927)  manu_loss: 2.5764 (2.4009)  ot_loss: 0.8156 (0.8487)  base_loss: 5.4865 (5.0329)  time: 0.4006  data: 0.1321  max mem: 11364
Epoch: [51]  [311/312]  eta: 0:00:00  lr: 0.000130  sp_loss: 5.4513 (4.7553)  fam_loss: 3.6283 (3.2918)  manu_loss: 2.5929 (2.3999)  ot_loss: 0.8159 (0.8490)  base_loss: 5.5604 (5.0330)  time: 0.3216  data: 0.0598  max mem: 11364
Epoch: [51] Total time: 0:02:13 (0.4265 s / it)
Averaged stats: lr: 0.000130  sp_loss: 5.4513 (4.7553)  fam_loss: 3.6283 (3.2918)  manu_loss: 2.5929 (2.3999)  ot_loss: 0.8159 (0.8490)  base_loss: 5.5604 (5.0330)
Epoch: [52]  [  0/312]  eta: 0:32:18  lr: 0.000126  sp_loss: 4.8650 (4.8650)  fam_loss: 3.4184 (3.4184)  manu_loss: 2.3630 (2.3630)  ot_loss: 0.8531 (0.8531)  base_loss: 5.1218 (5.1218)  time: 6.2120  data: 5.8967  max mem: 11364
Epoch: [52]  [ 50/312]  eta: 0:02:37  lr: 0.000126  sp_loss: 4.8735 (4.6206)  fam_loss: 3.2625 (3.2011)  manu_loss: 2.4742 (2.3415)  ot_loss: 0.8394 (0.8528)  base_loss: 5.1453 (4.9258)  time: 0.4907  data: 0.1939  max mem: 11364
Epoch: [52]  [100/312]  eta: 0:01:50  lr: 0.000126  sp_loss: 4.9663 (4.6830)  fam_loss: 3.3616 (3.2451)  manu_loss: 2.4112 (2.3681)  ot_loss: 0.8338 (0.8507)  base_loss: 5.1553 (4.9754)  time: 0.4382  data: 0.1363  max mem: 11364
Epoch: [52]  [150/312]  eta: 0:01:19  lr: 0.000126  sp_loss: 5.1073 (4.6722)  fam_loss: 3.5006 (3.2348)  manu_loss: 2.5126 (2.3580)  ot_loss: 0.8221 (0.8517)  base_loss: 5.3138 (4.9645)  time: 0.4762  data: 0.1838  max mem: 11364
Epoch: [52]  [200/312]  eta: 0:00:54  lr: 0.000126  sp_loss: 4.6307 (4.6795)  fam_loss: 3.1974 (3.2415)  manu_loss: 2.3694 (2.3638)  ot_loss: 0.8453 (0.8514)  base_loss: 4.9532 (4.9709)  time: 0.5062  data: 0.2108  max mem: 11364
Epoch: [52]  [250/312]  eta: 0:00:29  lr: 0.000126  sp_loss: 5.1760 (4.7123)  fam_loss: 3.5389 (3.2571)  manu_loss: 2.5007 (2.3761)  ot_loss: 0.8366 (0.8501)  base_loss: 5.3760 (4.9953)  time: 0.4066  data: 0.1034  max mem: 11364
Epoch: [52]  [300/312]  eta: 0:00:05  lr: 0.000126  sp_loss: 5.2844 (4.7423)  fam_loss: 3.6465 (3.2777)  manu_loss: 2.6109 (2.3907)  ot_loss: 0.8146 (0.8485)  base_loss: 5.4896 (5.0199)  time: 0.5028  data: 0.2186  max mem: 11364
Epoch: [52]  [311/312]  eta: 0:00:00  lr: 0.000126  sp_loss: 4.3125 (4.7289)  fam_loss: 2.9957 (3.2715)  manu_loss: 2.1390 (2.3858)  ot_loss: 0.8619 (0.8494)  base_loss: 4.6427 (5.0102)  time: 0.4594  data: 0.1860  max mem: 11364
Epoch: [52] Total time: 0:02:27 (0.4714 s / it)
Averaged stats: lr: 0.000126  sp_loss: 4.3125 (4.7289)  fam_loss: 2.9957 (3.2715)  manu_loss: 2.1390 (2.3858)  ot_loss: 0.8619 (0.8494)  base_loss: 4.6427 (5.0102)
Test:  [  0/391]  eta: 0:35:10  sploss: 3.8173 (3.8173)  famloss: 1.6280 (1.6280)  manuloss: 1.0222 (1.0222)  acc1: 28.9062 (28.9062)  acc5: 58.5938 (58.5938)  family_acc1: 66.0156 (66.0156)  manu_acc1: 76.1719 (76.1719)  time: 5.3985  data: 5.2793  max mem: 11364
Test:  [ 50/391]  eta: 0:02:44  sploss: 3.9562 (4.0198)  famloss: 1.8476 (1.8635)  manuloss: 1.1433 (1.2212)  acc1: 32.0312 (32.1691)  acc5: 55.0781 (55.4228)  family_acc1: 59.7656 (60.5086)  manu_acc1: 72.2656 (72.5031)  time: 0.4269  data: 0.3290  max mem: 11364
Test:  [100/391]  eta: 0:02:04  sploss: 4.0128 (3.9928)  famloss: 1.9388 (1.8592)  manuloss: 1.2509 (1.2135)  acc1: 32.0312 (32.5882)  acc5: 54.2969 (55.4881)  family_acc1: 57.8125 (60.1408)  manu_acc1: 70.7031 (72.3507)  time: 0.4349  data: 0.3368  max mem: 11364
Test:  [150/391]  eta: 0:01:38  sploss: 3.7292 (3.9476)  famloss: 1.6430 (1.8327)  manuloss: 1.0300 (1.1985)  acc1: 34.7656 (33.3066)  acc5: 60.5469 (56.1931)  family_acc1: 63.2812 (60.6297)  manu_acc1: 75.7812 (72.6769)  time: 0.4438  data: 0.3463  max mem: 11364
Test:  [200/391]  eta: 0:01:16  sploss: 3.9693 (3.9701)  famloss: 1.9095 (1.8540)  manuloss: 1.2437 (1.2095)  acc1: 32.0312 (32.9194)  acc5: 54.2969 (55.9002)  family_acc1: 58.2031 (60.1601)  manu_acc1: 70.7031 (72.3570)  time: 0.4153  data: 0.3182  max mem: 11364
Test:  [250/391]  eta: 0:00:56  sploss: 3.8562 (3.9606)  famloss: 1.8483 (1.8627)  manuloss: 1.2288 (1.2259)  acc1: 34.3750 (33.2358)  acc5: 56.6406 (56.0773)  family_acc1: 59.3750 (59.9711)  manu_acc1: 70.3125 (71.7334)  time: 0.2912  data: 0.1947  max mem: 11364
Test:  [300/391]  eta: 0:00:36  sploss: 3.6921 (3.9218)  famloss: 1.6376 (1.8301)  manuloss: 1.0184 (1.2011)  acc1: 34.7656 (33.6236)  acc5: 60.1562 (56.7341)  family_acc1: 64.0625 (60.6001)  manu_acc1: 76.5625 (72.3059)  time: 0.2940  data: 0.1997  max mem: 11364
Test:  [350/391]  eta: 0:00:16  sploss: 3.9708 (3.9181)  famloss: 1.7573 (1.8148)  manuloss: 1.0939 (1.1844)  acc1: 33.9844 (33.6449)  acc5: 55.4688 (56.7130)  family_acc1: 60.9375 (60.8440)  manu_acc1: 72.6562 (72.6329)  time: 0.4503  data: 0.3536  max mem: 11364
Test:  [390/391]  eta: 0:00:00  sploss: 3.7260 (3.9063)  famloss: 1.6875 (1.7994)  manuloss: 0.9588 (1.1630)  acc1: 34.3750 (33.6860)  acc5: 58.9844 (56.8160)  family_acc1: 63.2812 (61.1130)  manu_acc1: 79.6875 (73.2430)  time: 0.4069  data: 0.3149  max mem: 11364
Test: Total time: 0:02:36 (0.4014 s / it)
* Acc@1 33.686 Acc@5 56.816 family@1 61.113 manu@1 73.243 sploss 3.906 fmloss 1.799 mfloss 1.163
Accuracy of the network on the 100000 test images: 33.7%
Max accuracy: 33.69%
Epoch: [53]  [  0/312]  eta: 0:37:41  lr: 0.000122  sp_loss: 5.2337 (5.2337)  fam_loss: 3.6747 (3.6747)  manu_loss: 2.6211 (2.6211)  ot_loss: 0.8136 (0.8136)  base_loss: 5.4217 (5.4217)  time: 7.2496  data: 6.9208  max mem: 11364
Epoch: [53]  [ 50/312]  eta: 0:02:41  lr: 0.000122  sp_loss: 5.2116 (4.7281)  fam_loss: 3.6328 (3.2842)  manu_loss: 2.6208 (2.3930)  ot_loss: 0.8230 (0.8501)  base_loss: 5.4161 (5.0132)  time: 0.5432  data: 0.2444  max mem: 11364
Epoch: [53]  [100/312]  eta: 0:01:49  lr: 0.000122  sp_loss: 5.1271 (4.6860)  fam_loss: 3.4240 (3.2481)  manu_loss: 2.4782 (2.3708)  ot_loss: 0.8249 (0.8510)  base_loss: 5.3328 (4.9764)  time: 0.4132  data: 0.1197  max mem: 11364
Epoch: [53]  [150/312]  eta: 0:01:16  lr: 0.000122  sp_loss: 4.4512 (4.6892)  fam_loss: 3.1146 (3.2469)  manu_loss: 2.3120 (2.3727)  ot_loss: 0.8484 (0.8515)  base_loss: 4.7897 (4.9783)  time: 0.4194  data: 0.1277  max mem: 11364
Epoch: [53]  [200/312]  eta: 0:00:51  lr: 0.000122  sp_loss: 4.5235 (4.7143)  fam_loss: 3.1120 (3.2631)  manu_loss: 2.3748 (2.3830)  ot_loss: 0.8429 (0.8497)  base_loss: 4.8344 (4.9984)  time: 0.4695  data: 0.1760  max mem: 11364
Epoch: [53]  [250/312]  eta: 0:00:28  lr: 0.000122  sp_loss: 5.0836 (4.7760)  fam_loss: 3.5048 (3.2992)  manu_loss: 2.5059 (2.4085)  ot_loss: 0.8249 (0.8467)  base_loss: 5.2847 (5.0462)  time: 0.3555  data: 0.0658  max mem: 11364
Epoch: [53]  [300/312]  eta: 0:00:05  lr: 0.000122  sp_loss: 5.2351 (4.7506)  fam_loss: 3.5309 (3.2809)  manu_loss: 2.5737 (2.3970)  ot_loss: 0.8253 (0.8484)  base_loss: 5.4054 (5.0252)  time: 0.3534  data: 0.0705  max mem: 11364
Epoch: [53]  [311/312]  eta: 0:00:00  lr: 0.000122  sp_loss: 5.2351 (4.7689)  fam_loss: 3.4785 (3.2911)  manu_loss: 2.4687 (2.4029)  ot_loss: 0.8275 (0.8478)  base_loss: 5.3891 (5.0392)  time: 0.3257  data: 0.0565  max mem: 11364
Epoch: [53] Total time: 0:02:17 (0.4396 s / it)
Averaged stats: lr: 0.000122  sp_loss: 5.2351 (4.7689)  fam_loss: 3.4785 (3.2911)  manu_loss: 2.4687 (2.4029)  ot_loss: 0.8275 (0.8478)  base_loss: 5.3891 (5.0392)
Epoch: [54]  [  0/312]  eta: 0:31:56  lr: 0.000119  sp_loss: 5.7939 (5.7939)  fam_loss: 4.0351 (4.0351)  manu_loss: 3.0339 (3.0339)  ot_loss: 0.7920 (0.7920)  base_loss: 5.9109 (5.9109)  time: 6.1422  data: 5.8012  max mem: 11364
Epoch: [54]  [ 50/312]  eta: 0:02:28  lr: 0.000119  sp_loss: 4.7263 (4.6612)  fam_loss: 3.2650 (3.2527)  manu_loss: 2.3999 (2.3778)  ot_loss: 0.8389 (0.8497)  base_loss: 5.0099 (4.9649)  time: 0.4293  data: 0.1357  max mem: 11364
Epoch: [54]  [100/312]  eta: 0:01:49  lr: 0.000119  sp_loss: 4.8501 (4.6379)  fam_loss: 3.3395 (3.2251)  manu_loss: 2.4717 (2.3641)  ot_loss: 0.8356 (0.8511)  base_loss: 5.1029 (4.9416)  time: 0.4865  data: 0.1941  max mem: 11364
Epoch: [54]  [150/312]  eta: 0:01:20  lr: 0.000119  sp_loss: 4.7739 (4.6671)  fam_loss: 3.3970 (3.2442)  manu_loss: 2.3956 (2.3685)  ot_loss: 0.8272 (0.8511)  base_loss: 5.0812 (4.9641)  time: 0.4919  data: 0.1949  max mem: 11364
Epoch: [54]  [200/312]  eta: 0:00:53  lr: 0.000119  sp_loss: 4.8254 (4.6277)  fam_loss: 3.3543 (3.2189)  manu_loss: 2.4219 (2.3506)  ot_loss: 0.8342 (0.8538)  base_loss: 5.1048 (4.9329)  time: 0.4676  data: 0.1880  max mem: 11364
Epoch: [54]  [250/312]  eta: 0:00:28  lr: 0.000119  sp_loss: 5.1090 (4.6531)  fam_loss: 3.4688 (3.2305)  manu_loss: 2.5375 (2.3600)  ot_loss: 0.8243 (0.8521)  base_loss: 5.2695 (4.9515)  time: 0.4659  data: 0.1885  max mem: 11364
Epoch: [54]  [300/312]  eta: 0:00:05  lr: 0.000119  sp_loss: 5.4460 (4.6867)  fam_loss: 3.6146 (3.2510)  manu_loss: 2.5901 (2.3712)  ot_loss: 0.8200 (0.8510)  base_loss: 5.5594 (4.9777)  time: 0.3684  data: 0.0986  max mem: 11364
Epoch: [54]  [311/312]  eta: 0:00:00  lr: 0.000119  sp_loss: 5.2762 (4.6996)  fam_loss: 3.5761 (3.2594)  manu_loss: 2.5736 (2.3771)  ot_loss: 0.8256 (0.8503)  base_loss: 5.4210 (4.9881)  time: 0.4002  data: 0.1330  max mem: 11364
Epoch: [54] Total time: 0:02:20 (0.4513 s / it)
Averaged stats: lr: 0.000119  sp_loss: 5.2762 (4.6996)  fam_loss: 3.5761 (3.2594)  manu_loss: 2.5736 (2.3771)  ot_loss: 0.8256 (0.8503)  base_loss: 5.4210 (4.9881)
Test:  [  0/391]  eta: 0:43:13  sploss: 4.1539 (4.1539)  famloss: 1.9127 (1.9127)  manuloss: 1.2078 (1.2078)  acc1: 32.0312 (32.0312)  acc5: 56.2500 (56.2500)  family_acc1: 62.5000 (62.5000)  manu_acc1: 76.5625 (76.5625)  time: 6.6332  data: 6.4941  max mem: 11364
Test:  [ 50/391]  eta: 0:02:59  sploss: 4.2650 (4.3341)  famloss: 2.0820 (2.1029)  manuloss: 1.3649 (1.4052)  acc1: 32.0312 (31.2730)  acc5: 53.5156 (53.8373)  family_acc1: 59.3750 (59.4363)  manu_acc1: 71.8750 (71.8827)  time: 0.4773  data: 0.3810  max mem: 11364
Test:  [100/391]  eta: 0:02:14  sploss: 4.3188 (4.3115)  famloss: 2.1953 (2.1045)  manuloss: 1.4359 (1.3963)  acc1: 30.8594 (31.3660)  acc5: 54.6875 (54.1654)  family_acc1: 57.0312 (59.1932)  manu_acc1: 68.7500 (71.7126)  time: 0.4775  data: 0.3791  max mem: 11364
Test:  [150/391]  eta: 0:01:47  sploss: 4.0529 (4.2735)  famloss: 1.9191 (2.0778)  manuloss: 1.2337 (1.3822)  acc1: 33.9844 (32.0002)  acc5: 57.4219 (54.8168)  family_acc1: 63.6719 (59.5354)  manu_acc1: 75.0000 (71.9293)  time: 0.4782  data: 0.3782  max mem: 11364
Test:  [200/391]  eta: 0:01:22  sploss: 4.2890 (4.2985)  famloss: 2.1748 (2.1017)  manuloss: 1.4408 (1.3937)  acc1: 31.2500 (31.6426)  acc5: 53.1250 (54.4504)  family_acc1: 56.6406 (58.9183)  manu_acc1: 68.7500 (71.5602)  time: 0.3980  data: 0.2995  max mem: 11364
Test:  [250/391]  eta: 0:00:59  sploss: 4.2320 (4.2934)  famloss: 2.1015 (2.1109)  manuloss: 1.4136 (1.4101)  acc1: 32.4219 (31.8927)  acc5: 55.0781 (54.5754)  family_acc1: 57.8125 (58.6373)  manu_acc1: 69.1406 (70.9755)  time: 0.3239  data: 0.2291  max mem: 11364
Test:  [300/391]  eta: 0:00:38  sploss: 4.0238 (4.2565)  famloss: 1.8887 (2.0774)  manuloss: 1.2022 (1.3856)  acc1: 34.3750 (32.3752)  acc5: 57.8125 (55.2390)  family_acc1: 64.0625 (59.2738)  manu_acc1: 75.3906 (71.5583)  time: 0.3292  data: 0.2371  max mem: 11364
Test:  [350/391]  eta: 0:00:17  sploss: 4.2905 (4.2529)  famloss: 2.0430 (2.0633)  manuloss: 1.2911 (1.3699)  acc1: 32.0312 (32.3874)  acc5: 55.0781 (55.2784)  family_acc1: 59.7656 (59.5252)  manu_acc1: 73.0469 (71.9095)  time: 0.4557  data: 0.3616  max mem: 11364
Test:  [390/391]  eta: 0:00:00  sploss: 4.0587 (4.2406)  famloss: 1.9542 (2.0480)  manuloss: 1.1354 (1.3500)  acc1: 32.8125 (32.3760)  acc5: 57.8125 (55.4550)  family_acc1: 62.8906 (59.8490)  manu_acc1: 78.9062 (72.5640)  time: 0.4035  data: 0.3128  max mem: 11364
Test: Total time: 0:02:42 (0.4155 s / it)
* Acc@1 32.376 Acc@5 55.455 family@1 59.849 manu@1 72.564 sploss 4.241 fmloss 2.048 mfloss 1.350
Accuracy of the network on the 100000 test images: 32.4%
Max accuracy: 33.69%
Epoch: [55]  [  0/312]  eta: 0:39:23  lr: 0.000115  sp_loss: 5.4585 (5.4585)  fam_loss: 3.5524 (3.5524)  manu_loss: 2.6050 (2.6050)  ot_loss: 0.8003 (0.8003)  base_loss: 5.5235 (5.5235)  time: 7.5756  data: 7.1165  max mem: 11364
Epoch: [55]  [ 50/312]  eta: 0:02:36  lr: 0.000115  sp_loss: 4.8070 (4.5935)  fam_loss: 3.2071 (3.1694)  manu_loss: 2.3489 (2.3279)  ot_loss: 0.8331 (0.8521)  base_loss: 5.1212 (4.8951)  time: 0.4787  data: 0.2031  max mem: 11364
Epoch: [55]  [100/312]  eta: 0:01:48  lr: 0.000115  sp_loss: 5.0174 (4.6553)  fam_loss: 3.5240 (3.2292)  manu_loss: 2.5986 (2.3639)  ot_loss: 0.8197 (0.8486)  base_loss: 5.2826 (4.9513)  time: 0.4205  data: 0.1460  max mem: 11364
Epoch: [55]  [150/312]  eta: 0:01:17  lr: 0.000115  sp_loss: 5.0768 (4.6887)  fam_loss: 3.4914 (3.2487)  manu_loss: 2.4896 (2.3784)  ot_loss: 0.8342 (0.8481)  base_loss: 5.2815 (4.9771)  time: 0.4611  data: 0.1754  max mem: 11364
Epoch: [55]  [200/312]  eta: 0:00:51  lr: 0.000115  sp_loss: 4.7152 (4.6868)  fam_loss: 3.2900 (3.2486)  manu_loss: 2.4663 (2.3801)  ot_loss: 0.8314 (0.8481)  base_loss: 5.0115 (4.9767)  time: 0.4057  data: 0.1207  max mem: 11364
Epoch: [55]  [250/312]  eta: 0:00:27  lr: 0.000115  sp_loss: 5.0808 (4.6800)  fam_loss: 3.4104 (3.2456)  manu_loss: 2.5440 (2.3759)  ot_loss: 0.8240 (0.8486)  base_loss: 5.2696 (4.9712)  time: 0.3521  data: 0.0628  max mem: 11364
Epoch: [55]  [300/312]  eta: 0:00:05  lr: 0.000115  sp_loss: 4.2777 (4.6742)  fam_loss: 3.1050 (3.2399)  manu_loss: 2.2066 (2.3700)  ot_loss: 0.8719 (0.8490)  base_loss: 4.6869 (4.9658)  time: 0.3561  data: 0.0752  max mem: 11364
Epoch: [55]  [311/312]  eta: 0:00:00  lr: 0.000115  sp_loss: 5.0549 (4.6830)  fam_loss: 3.2256 (3.2455)  manu_loss: 2.4009 (2.3729)  ot_loss: 0.8233 (0.8487)  base_loss: 5.1786 (4.9727)  time: 0.3272  data: 0.0601  max mem: 11364
Epoch: [55] Total time: 0:02:15 (0.4356 s / it)
Averaged stats: lr: 0.000115  sp_loss: 5.0549 (4.6830)  fam_loss: 3.2256 (3.2455)  manu_loss: 2.4009 (2.3729)  ot_loss: 0.8233 (0.8487)  base_loss: 5.1786 (4.9727)
Epoch: [56]  [  0/312]  eta: 0:29:46  lr: 0.000111  sp_loss: 4.4089 (4.4089)  fam_loss: 3.0834 (3.0834)  manu_loss: 2.1964 (2.1964)  ot_loss: 0.8659 (0.8659)  base_loss: 4.7521 (4.7521)  time: 5.7258  data: 5.3852  max mem: 11364
Epoch: [56]  [ 50/312]  eta: 0:02:04  lr: 0.000111  sp_loss: 5.4198 (4.7454)  fam_loss: 3.5929 (3.2571)  manu_loss: 2.5937 (2.3861)  ot_loss: 0.8172 (0.8501)  base_loss: 5.5206 (5.0134)  time: 0.3716  data: 0.0751  max mem: 11364
Epoch: [56]  [100/312]  eta: 0:01:31  lr: 0.000111  sp_loss: 5.1544 (4.6957)  fam_loss: 3.5697 (3.2431)  manu_loss: 2.6006 (2.3658)  ot_loss: 0.8260 (0.8516)  base_loss: 5.3869 (4.9785)  time: 0.4018  data: 0.1016  max mem: 11364
Epoch: [56]  [150/312]  eta: 0:01:08  lr: 0.000111  sp_loss: 4.9464 (4.7373)  fam_loss: 3.4459 (3.2681)  manu_loss: 2.4273 (2.3875)  ot_loss: 0.8242 (0.8485)  base_loss: 5.2234 (5.0118)  time: 0.3629  data: 0.0661  max mem: 11364
Epoch: [56]  [200/312]  eta: 0:00:47  lr: 0.000111  sp_loss: 5.1251 (4.7343)  fam_loss: 3.4114 (3.2691)  manu_loss: 2.4954 (2.3857)  ot_loss: 0.8222 (0.8480)  base_loss: 5.2826 (5.0099)  time: 0.4518  data: 0.1575  max mem: 11364
Epoch: [56]  [250/312]  eta: 0:00:25  lr: 0.000111  sp_loss: 4.6891 (4.6891)  fam_loss: 3.3735 (3.2417)  manu_loss: 2.3541 (2.3666)  ot_loss: 0.8435 (0.8502)  base_loss: 5.0113 (4.9744)  time: 0.4262  data: 0.1361  max mem: 11364
Epoch: [56]  [300/312]  eta: 0:00:04  lr: 0.000111  sp_loss: 5.1718 (4.7049)  fam_loss: 3.4650 (3.2527)  manu_loss: 2.5457 (2.3742)  ot_loss: 0.8340 (0.8494)  base_loss: 5.3201 (4.9875)  time: 0.3921  data: 0.1115  max mem: 11364
Epoch: [56]  [311/312]  eta: 0:00:00  lr: 0.000111  sp_loss: 5.2083 (4.6975)  fam_loss: 3.4469 (3.2477)  manu_loss: 2.4740 (2.3696)  ot_loss: 0.8220 (0.8497)  base_loss: 5.3358 (4.9813)  time: 0.3575  data: 0.0916  max mem: 11364
Epoch: [56] Total time: 0:02:07 (0.4087 s / it)
Averaged stats: lr: 0.000111  sp_loss: 5.2083 (4.6975)  fam_loss: 3.4469 (3.2477)  manu_loss: 2.4740 (2.3696)  ot_loss: 0.8220 (0.8497)  base_loss: 5.3358 (4.9813)
Test:  [  0/391]  eta: 0:37:36  sploss: 3.8759 (3.8759)  famloss: 1.6884 (1.6884)  manuloss: 1.0492 (1.0492)  acc1: 34.3750 (34.3750)  acc5: 57.0312 (57.0312)  family_acc1: 66.0156 (66.0156)  manu_acc1: 78.1250 (78.1250)  time: 5.7709  data: 5.6476  max mem: 11364
Test:  [ 50/391]  eta: 0:03:14  sploss: 4.0446 (4.0942)  famloss: 1.8686 (1.9111)  manuloss: 1.1791 (1.2406)  acc1: 33.5938 (32.7819)  acc5: 54.2969 (55.0169)  family_acc1: 60.5469 (60.7613)  manu_acc1: 74.2188 (72.9090)  time: 0.4943  data: 0.3965  max mem: 11364
Test:  [100/391]  eta: 0:02:21  sploss: 4.0557 (4.0705)  famloss: 1.9849 (1.9089)  manuloss: 1.2743 (1.2320)  acc1: 32.4219 (33.0678)  acc5: 55.4688 (55.4185)  family_acc1: 58.5938 (60.6745)  manu_acc1: 71.0938 (72.8535)  time: 0.4891  data: 0.3913  max mem: 11364
Test:  [150/391]  eta: 0:01:48  sploss: 3.8264 (4.0340)  famloss: 1.7113 (1.8849)  manuloss: 1.0603 (1.2163)  acc1: 35.1562 (33.6041)  acc5: 58.9844 (56.2086)  family_acc1: 64.0625 (61.0280)  manu_acc1: 76.1719 (73.1426)  time: 0.4301  data: 0.3339  max mem: 11364
Test:  [200/391]  eta: 0:01:22  sploss: 4.0847 (4.0580)  famloss: 1.9934 (1.9067)  manuloss: 1.2687 (1.2271)  acc1: 33.2031 (33.3120)  acc5: 55.8594 (55.9255)  family_acc1: 59.3750 (60.4905)  manu_acc1: 71.4844 (72.8545)  time: 0.4421  data: 0.3429  max mem: 11364
Test:  [250/391]  eta: 0:00:59  sploss: 3.9654 (4.0501)  famloss: 1.9193 (1.9132)  manuloss: 1.2231 (1.2421)  acc1: 34.3750 (33.5548)  acc5: 57.0312 (56.0586)  family_acc1: 60.5469 (60.4146)  manu_acc1: 70.3125 (72.2874)  time: 0.2839  data: 0.1897  max mem: 11364
Test:  [300/391]  eta: 0:00:37  sploss: 3.8048 (4.0117)  famloss: 1.6862 (1.8800)  manuloss: 1.0372 (1.2166)  acc1: 35.9375 (34.0194)  acc5: 60.5469 (56.7691)  family_acc1: 65.2344 (61.0725)  manu_acc1: 76.5625 (72.8444)  time: 0.2982  data: 0.2051  max mem: 11364
Test:  [350/391]  eta: 0:00:16  sploss: 4.0597 (4.0081)  famloss: 1.8131 (1.8663)  manuloss: 1.1307 (1.2004)  acc1: 34.3750 (33.9777)  acc5: 55.4688 (56.7964)  family_acc1: 60.9375 (61.2925)  manu_acc1: 73.4375 (73.1426)  time: 0.4322  data: 0.3357  max mem: 11364
Test:  [390/391]  eta: 0:00:00  sploss: 3.8485 (3.9953)  famloss: 1.7047 (1.8515)  manuloss: 1.0028 (1.1808)  acc1: 34.3750 (33.9810)  acc5: 58.9844 (56.9610)  family_acc1: 64.0625 (61.5940)  manu_acc1: 78.5156 (73.7190)  time: 0.3672  data: 0.2751  max mem: 11364
Test: Total time: 0:02:38 (0.4049 s / it)
* Acc@1 33.981 Acc@5 56.961 family@1 61.594 manu@1 73.719 sploss 3.995 fmloss 1.852 mfloss 1.181
Accuracy of the network on the 100000 test images: 34.0%
Max accuracy: 33.98%
Epoch: [57]  [  0/312]  eta: 0:36:40  lr: 0.000108  sp_loss: 3.2253 (3.2253)  fam_loss: 2.4320 (2.4320)  manu_loss: 1.6790 (1.6790)  ot_loss: 0.9206 (0.9206)  base_loss: 3.8247 (3.8247)  time: 7.0525  data: 6.7204  max mem: 11364
Epoch: [57]  [ 50/312]  eta: 0:02:31  lr: 0.000108  sp_loss: 4.2263 (4.5277)  fam_loss: 2.9962 (3.1261)  manu_loss: 2.1218 (2.2963)  ot_loss: 0.8476 (0.8570)  base_loss: 4.6102 (4.8424)  time: 0.4574  data: 0.1771  max mem: 11364
Epoch: [57]  [100/312]  eta: 0:01:43  lr: 0.000108  sp_loss: 4.7092 (4.5618)  fam_loss: 3.2493 (3.1491)  manu_loss: 2.3757 (2.3166)  ot_loss: 0.8306 (0.8560)  base_loss: 4.9713 (4.8704)  time: 0.4150  data: 0.1378  max mem: 11364
Epoch: [57]  [150/312]  eta: 0:01:12  lr: 0.000108  sp_loss: 4.4001 (4.6158)  fam_loss: 3.0928 (3.1952)  manu_loss: 2.1908 (2.3430)  ot_loss: 0.8484 (0.8535)  base_loss: 4.7157 (4.9169)  time: 0.3836  data: 0.1059  max mem: 11364
Epoch: [57]  [200/312]  eta: 0:00:48  lr: 0.000108  sp_loss: 4.9626 (4.6073)  fam_loss: 3.3801 (3.1961)  manu_loss: 2.4140 (2.3398)  ot_loss: 0.8322 (0.8540)  base_loss: 5.1317 (4.9118)  time: 0.3386  data: 0.0566  max mem: 11364
Epoch: [57]  [250/312]  eta: 0:00:26  lr: 0.000108  sp_loss: 4.7172 (4.6282)  fam_loss: 3.2826 (3.2064)  manu_loss: 2.4173 (2.3472)  ot_loss: 0.8416 (0.8532)  base_loss: 4.9999 (4.9278)  time: 0.4075  data: 0.1283  max mem: 11364
Epoch: [57]  [300/312]  eta: 0:00:05  lr: 0.000108  sp_loss: 5.3709 (4.6441)  fam_loss: 3.5816 (3.2137)  manu_loss: 2.6216 (2.3498)  ot_loss: 0.8229 (0.8529)  base_loss: 5.4831 (4.9391)  time: 0.4163  data: 0.1396  max mem: 11364
Epoch: [57]  [311/312]  eta: 0:00:00  lr: 0.000108  sp_loss: 5.4118 (4.6664)  fam_loss: 3.5816 (3.2267)  manu_loss: 2.6064 (2.3589)  ot_loss: 0.8146 (0.8516)  base_loss: 5.4973 (4.9566)  time: 0.3426  data: 0.0742  max mem: 11364
Epoch: [57] Total time: 0:02:12 (0.4261 s / it)
Averaged stats: lr: 0.000108  sp_loss: 5.4118 (4.6664)  fam_loss: 3.5816 (3.2267)  manu_loss: 2.6064 (2.3589)  ot_loss: 0.8146 (0.8516)  base_loss: 5.4973 (4.9566)
Epoch: [58]  [  0/312]  eta: 0:34:00  lr: 0.000104  sp_loss: 5.7044 (5.7044)  fam_loss: 3.9408 (3.9408)  manu_loss: 2.7722 (2.7722)  ot_loss: 0.8099 (0.8099)  base_loss: 5.7965 (5.7965)  time: 6.5388  data: 6.2315  max mem: 11364
Epoch: [58]  [ 50/312]  eta: 0:02:11  lr: 0.000104  sp_loss: 4.7254 (4.7310)  fam_loss: 3.2252 (3.2670)  manu_loss: 2.3691 (2.3887)  ot_loss: 0.8431 (0.8475)  base_loss: 5.0028 (5.0075)  time: 0.4272  data: 0.1459  max mem: 11364
Epoch: [58]  [100/312]  eta: 0:01:38  lr: 0.000104  sp_loss: 4.9623 (4.7345)  fam_loss: 3.4381 (3.2706)  manu_loss: 2.4577 (2.3890)  ot_loss: 0.8259 (0.8460)  base_loss: 5.2227 (5.0098)  time: 0.4542  data: 0.1705  max mem: 11364
Epoch: [58]  [150/312]  eta: 0:01:12  lr: 0.000104  sp_loss: 5.2046 (4.7758)  fam_loss: 3.6328 (3.2979)  manu_loss: 2.6789 (2.4115)  ot_loss: 0.8193 (0.8443)  base_loss: 5.4230 (5.0439)  time: 0.4370  data: 0.1456  max mem: 11364
Epoch: [58]  [200/312]  eta: 0:00:49  lr: 0.000104  sp_loss: 4.8360 (4.8059)  fam_loss: 3.2612 (3.3169)  manu_loss: 2.3331 (2.4255)  ot_loss: 0.8320 (0.8428)  base_loss: 5.0630 (5.0678)  time: 0.3643  data: 0.0904  max mem: 11364
Epoch: [58]  [250/312]  eta: 0:00:26  lr: 0.000104  sp_loss: 4.6975 (4.7792)  fam_loss: 3.2336 (3.2991)  manu_loss: 2.2818 (2.4106)  ot_loss: 0.8385 (0.8440)  base_loss: 5.0132 (5.0453)  time: 0.3755  data: 0.0978  max mem: 11364
Epoch: [58]  [300/312]  eta: 0:00:05  lr: 0.000104  sp_loss: 5.2415 (4.7691)  fam_loss: 3.6078 (3.2920)  manu_loss: 2.6877 (2.4041)  ot_loss: 0.8191 (0.8450)  base_loss: 5.4295 (5.0368)  time: 0.4265  data: 0.1515  max mem: 11364
Epoch: [58]  [311/312]  eta: 0:00:00  lr: 0.000104  sp_loss: 5.1323 (4.7737)  fam_loss: 3.5005 (3.2935)  manu_loss: 2.5082 (2.4045)  ot_loss: 0.8251 (0.8448)  base_loss: 5.3284 (5.0400)  time: 0.3584  data: 0.0921  max mem: 11364
Epoch: [58] Total time: 0:02:13 (0.4269 s / it)
Averaged stats: lr: 0.000104  sp_loss: 5.1323 (4.7737)  fam_loss: 3.5005 (3.2935)  manu_loss: 2.5082 (2.4045)  ot_loss: 0.8251 (0.8448)  base_loss: 5.3284 (5.0400)
Test:  [  0/391]  eta: 0:44:38  sploss: 3.8602 (3.8602)  famloss: 1.6672 (1.6672)  manuloss: 1.0484 (1.0484)  acc1: 33.5938 (33.5938)  acc5: 58.5938 (58.5938)  family_acc1: 65.2344 (65.2344)  manu_acc1: 78.9062 (78.9062)  time: 6.8516  data: 6.7360  max mem: 11364
Test:  [ 50/391]  eta: 0:02:46  sploss: 3.9890 (4.0358)  famloss: 1.8317 (1.8647)  manuloss: 1.1835 (1.2289)  acc1: 33.9844 (33.3410)  acc5: 56.2500 (56.1657)  family_acc1: 61.7188 (61.1903)  manu_acc1: 74.2188 (73.2384)  time: 0.4263  data: 0.3298  max mem: 11364
Test:  [100/391]  eta: 0:02:04  sploss: 4.0065 (4.0132)  famloss: 1.9282 (1.8606)  manuloss: 1.2503 (1.2150)  acc1: 33.5938 (33.5744)  acc5: 55.8594 (56.3080)  family_acc1: 58.5938 (60.9066)  manu_acc1: 71.4844 (73.1977)  time: 0.4283  data: 0.3327  max mem: 11364
Test:  [150/391]  eta: 0:01:41  sploss: 3.7672 (3.9743)  famloss: 1.6619 (1.8354)  manuloss: 1.0666 (1.1983)  acc1: 35.9375 (34.1085)  acc5: 58.5938 (56.8916)  family_acc1: 64.0625 (61.3359)  manu_acc1: 75.7812 (73.3702)  time: 0.4908  data: 0.3978  max mem: 11364
Test:  [200/391]  eta: 0:01:21  sploss: 3.9922 (3.9989)  famloss: 1.9211 (1.8547)  manuloss: 1.2331 (1.2066)  acc1: 33.5938 (33.7453)  acc5: 56.6406 (56.6173)  family_acc1: 58.9844 (60.9375)  manu_acc1: 71.8750 (73.1518)  time: 0.5035  data: 0.4096  max mem: 11364
Test:  [250/391]  eta: 0:00:58  sploss: 3.8858 (3.9897)  famloss: 1.8741 (1.8617)  manuloss: 1.2388 (1.2216)  acc1: 34.3750 (34.0886)  acc5: 57.4219 (56.7620)  family_acc1: 59.7656 (60.8395)  manu_acc1: 72.2656 (72.6703)  time: 0.2598  data: 0.1664  max mem: 11364
Test:  [300/391]  eta: 0:00:37  sploss: 3.7072 (3.9512)  famloss: 1.6286 (1.8300)  manuloss: 1.0939 (1.1984)  acc1: 37.1094 (34.5723)  acc5: 61.3281 (57.4958)  family_acc1: 66.0156 (61.4696)  manu_acc1: 76.1719 (73.2325)  time: 0.2614  data: 0.1663  max mem: 11364
Test:  [350/391]  eta: 0:00:17  sploss: 3.9780 (3.9477)  famloss: 1.7546 (1.8162)  manuloss: 1.1050 (1.1833)  acc1: 34.3750 (34.5208)  acc5: 57.0312 (57.5076)  family_acc1: 62.5000 (61.7499)  manu_acc1: 74.2188 (73.5621)  time: 0.4277  data: 0.3319  max mem: 11364
Test:  [390/391]  eta: 0:00:00  sploss: 3.8073 (3.9364)  famloss: 1.6876 (1.8016)  manuloss: 0.9671 (1.1632)  acc1: 35.9375 (34.5640)  acc5: 59.3750 (57.7180)  family_acc1: 64.4531 (62.0220)  manu_acc1: 79.2969 (74.1500)  time: 0.4025  data: 0.3122  max mem: 11364
Test: Total time: 0:02:40 (0.4100 s / it)
* Acc@1 34.564 Acc@5 57.718 family@1 62.022 manu@1 74.150 sploss 3.936 fmloss 1.802 mfloss 1.163
Accuracy of the network on the 100000 test images: 34.6%
Max accuracy: 34.56%
Epoch: [59]  [  0/312]  eta: 0:40:14  lr: 0.000100  sp_loss: 4.5450 (4.5450)  fam_loss: 3.0712 (3.0712)  manu_loss: 2.2825 (2.2825)  ot_loss: 0.8670 (0.8670)  base_loss: 4.8447 (4.8447)  time: 7.7377  data: 7.3896  max mem: 11364
Epoch: [59]  [ 50/312]  eta: 0:02:25  lr: 0.000100  sp_loss: 4.2831 (4.4939)  fam_loss: 3.0702 (3.1298)  manu_loss: 2.2522 (2.2898)  ot_loss: 0.8410 (0.8581)  base_loss: 4.6890 (4.8223)  time: 0.3877  data: 0.0851  max mem: 11364
Epoch: [59]  [100/312]  eta: 0:01:44  lr: 0.000100  sp_loss: 4.9426 (4.5834)  fam_loss: 3.3809 (3.1865)  manu_loss: 2.4531 (2.3320)  ot_loss: 0.8284 (0.8532)  base_loss: 5.1878 (4.8943)  time: 0.4414  data: 0.1442  max mem: 11364
Epoch: [59]  [150/312]  eta: 0:01:14  lr: 0.000100  sp_loss: 4.9696 (4.5893)  fam_loss: 3.4240 (3.1925)  manu_loss: 2.4425 (2.3368)  ot_loss: 0.8314 (0.8532)  base_loss: 5.1956 (4.8998)  time: 0.4294  data: 0.1288  max mem: 11364
Epoch: [59]  [200/312]  eta: 0:00:50  lr: 0.000100  sp_loss: 5.1898 (4.5859)  fam_loss: 3.4353 (3.1907)  manu_loss: 2.5058 (2.3362)  ot_loss: 0.8229 (0.8530)  base_loss: 5.3156 (4.8967)  time: 0.4172  data: 0.1123  max mem: 11364
Epoch: [59]  [250/312]  eta: 0:00:26  lr: 0.000100  sp_loss: 5.0985 (4.5810)  fam_loss: 3.3455 (3.1872)  manu_loss: 2.4291 (2.3331)  ot_loss: 0.8192 (0.8531)  base_loss: 5.2264 (4.8921)  time: 0.3453  data: 0.0445  max mem: 11364
Epoch: [59]  [300/312]  eta: 0:00:05  lr: 0.000100  sp_loss: 4.8344 (4.5852)  fam_loss: 3.3511 (3.1899)  manu_loss: 2.5034 (2.3342)  ot_loss: 0.8221 (0.8525)  base_loss: 5.1068 (4.8950)  time: 0.3447  data: 0.0473  max mem: 11364
Epoch: [59]  [311/312]  eta: 0:00:00  lr: 0.000100  sp_loss: 3.9726 (4.5676)  fam_loss: 2.7959 (3.1798)  manu_loss: 2.0879 (2.3280)  ot_loss: 0.8714 (0.8531)  base_loss: 4.3932 (4.8812)  time: 0.3394  data: 0.0617  max mem: 11364
Epoch: [59] Total time: 0:02:12 (0.4240 s / it)
Averaged stats: lr: 0.000100  sp_loss: 3.9726 (4.5676)  fam_loss: 2.7959 (3.1798)  manu_loss: 2.0879 (2.3280)  ot_loss: 0.8714 (0.8531)  base_loss: 4.3932 (4.8812)
Epoch: [60]  [  0/312]  eta: 0:39:53  lr: 0.000097  sp_loss: 4.5193 (4.5193)  fam_loss: 3.0481 (3.0481)  manu_loss: 2.2779 (2.2779)  ot_loss: 0.8604 (0.8604)  base_loss: 4.8126 (4.8126)  time: 7.6718  data: 7.3362  max mem: 11364
Epoch: [60]  [ 50/312]  eta: 0:02:40  lr: 0.000097  sp_loss: 4.7496 (4.5013)  fam_loss: 3.2738 (3.1363)  manu_loss: 2.3535 (2.2945)  ot_loss: 0.8437 (0.8589)  base_loss: 5.0586 (4.8271)  time: 0.5086  data: 0.2026  max mem: 11364
Epoch: [60]  [100/312]  eta: 0:01:50  lr: 0.000097  sp_loss: 4.4857 (4.5988)  fam_loss: 3.1708 (3.1949)  manu_loss: 2.2763 (2.3416)  ot_loss: 0.8466 (0.8526)  base_loss: 4.8200 (4.9041)  time: 0.4736  data: 0.1695  max mem: 11364
Epoch: [60]  [150/312]  eta: 0:01:20  lr: 0.000097  sp_loss: 5.0233 (4.5625)  fam_loss: 3.4693 (3.1734)  manu_loss: 2.4763 (2.3197)  ot_loss: 0.8256 (0.8544)  base_loss: 5.2590 (4.8749)  time: 0.4982  data: 0.1859  max mem: 11364
Epoch: [60]  [200/312]  eta: 0:00:53  lr: 0.000097  sp_loss: 4.7005 (4.5998)  fam_loss: 3.1264 (3.1940)  manu_loss: 2.2849 (2.3333)  ot_loss: 0.8439 (0.8529)  base_loss: 4.9546 (4.9038)  time: 0.3547  data: 0.0574  max mem: 11364
Epoch: [60]  [250/312]  eta: 0:00:28  lr: 0.000097  sp_loss: 4.5772 (4.5901)  fam_loss: 2.9601 (3.1828)  manu_loss: 2.2431 (2.3247)  ot_loss: 0.8473 (0.8538)  base_loss: 4.8192 (4.8939)  time: 0.3382  data: 0.0479  max mem: 11364
Epoch: [60]  [300/312]  eta: 0:00:05  lr: 0.000097  sp_loss: 4.9026 (4.5991)  fam_loss: 3.3272 (3.1826)  manu_loss: 2.4155 (2.3239)  ot_loss: 0.8281 (0.8534)  base_loss: 5.1561 (4.8989)  time: 0.3901  data: 0.1036  max mem: 11364
Epoch: [60]  [311/312]  eta: 0:00:00  lr: 0.000097  sp_loss: 4.9026 (4.5981)  fam_loss: 3.4529 (3.1809)  manu_loss: 2.4942 (2.3219)  ot_loss: 0.8330 (0.8539)  base_loss: 5.1627 (4.8976)  time: 0.3238  data: 0.0517  max mem: 11364
Epoch: [60] Total time: 0:02:16 (0.4384 s / it)
Averaged stats: lr: 0.000097  sp_loss: 4.9026 (4.5981)  fam_loss: 3.4529 (3.1809)  manu_loss: 2.4942 (2.3219)  ot_loss: 0.8330 (0.8539)  base_loss: 5.1627 (4.8976)
Test:  [  0/391]  eta: 0:46:29  sploss: 3.7589 (3.7589)  famloss: 1.5875 (1.5875)  manuloss: 0.9895 (0.9895)  acc1: 33.9844 (33.9844)  acc5: 57.8125 (57.8125)  family_acc1: 65.2344 (65.2344)  manu_acc1: 78.5156 (78.5156)  time: 7.1351  data: 7.0156  max mem: 11364
Test:  [ 50/391]  eta: 0:02:56  sploss: 3.8781 (3.9484)  famloss: 1.7881 (1.8134)  manuloss: 1.1145 (1.1980)  acc1: 33.5938 (33.8618)  acc5: 57.4219 (56.7249)  family_acc1: 61.3281 (61.6192)  manu_acc1: 74.6094 (72.8631)  time: 0.4562  data: 0.3583  max mem: 11364
Test:  [100/391]  eta: 0:02:15  sploss: 3.9298 (3.9224)  famloss: 1.8891 (1.8080)  manuloss: 1.2468 (1.1822)  acc1: 34.3750 (34.0656)  acc5: 56.6406 (57.1473)  family_acc1: 58.5938 (61.5060)  manu_acc1: 71.8750 (73.3485)  time: 0.4432  data: 0.3480  max mem: 11364
Test:  [150/391]  eta: 0:01:48  sploss: 3.6518 (3.8763)  famloss: 1.5785 (1.7815)  manuloss: 1.0160 (1.1653)  acc1: 37.8906 (34.8329)  acc5: 60.1562 (57.7996)  family_acc1: 64.8438 (62.0007)  manu_acc1: 76.1719 (73.5462)  time: 0.4484  data: 0.3534  max mem: 11364
Test:  [200/391]  eta: 0:01:21  sploss: 3.9319 (3.9042)  famloss: 1.8892 (1.8062)  manuloss: 1.1764 (1.1770)  acc1: 33.9844 (34.4877)  acc5: 57.4219 (57.4646)  family_acc1: 60.1562 (61.3884)  manu_acc1: 72.2656 (73.2451)  time: 0.3929  data: 0.3002  max mem: 11364
Test:  [250/391]  eta: 0:00:58  sploss: 3.7735 (3.8925)  famloss: 1.7669 (1.8125)  manuloss: 1.1612 (1.1899)  acc1: 36.3281 (34.7843)  acc5: 58.2031 (57.6024)  family_acc1: 61.7188 (61.1865)  manu_acc1: 72.6562 (72.8321)  time: 0.3515  data: 0.2576  max mem: 11364
Test:  [300/391]  eta: 0:00:37  sploss: 3.6335 (3.8499)  famloss: 1.5613 (1.7769)  manuloss: 0.9601 (1.1615)  acc1: 39.0625 (35.2886)  acc5: 62.1094 (58.3173)  family_acc1: 66.4062 (61.8563)  manu_acc1: 77.3438 (73.4985)  time: 0.3751  data: 0.2823  max mem: 11364
Test:  [350/391]  eta: 0:00:16  sploss: 3.9342 (3.8477)  famloss: 1.7191 (1.7625)  manuloss: 1.0882 (1.1450)  acc1: 33.9844 (35.2052)  acc5: 57.0312 (58.3088)  family_acc1: 62.1094 (62.1005)  manu_acc1: 74.2188 (73.8504)  time: 0.3646  data: 0.2717  max mem: 11364
Test:  [390/391]  eta: 0:00:00  sploss: 3.7195 (3.8376)  famloss: 1.6391 (1.7490)  manuloss: 0.9199 (1.1247)  acc1: 35.9375 (35.2040)  acc5: 60.1562 (58.5080)  family_acc1: 64.8438 (62.3790)  manu_acc1: 79.3750 (74.4150)  time: 0.3358  data: 0.2466  max mem: 11364
Test: Total time: 0:02:36 (0.4003 s / it)
* Acc@1 35.204 Acc@5 58.508 family@1 62.379 manu@1 74.415 sploss 3.838 fmloss 1.749 mfloss 1.125
Accuracy of the network on the 100000 test images: 35.2%
Max accuracy: 35.20%
Epoch: [61]  [  0/312]  eta: 0:33:24  lr: 0.000093  sp_loss: 5.4024 (5.4024)  fam_loss: 3.7396 (3.7396)  manu_loss: 2.6210 (2.6210)  ot_loss: 0.8261 (0.8261)  base_loss: 5.5457 (5.5457)  time: 6.4246  data: 6.0615  max mem: 11364
Epoch: [61]  [ 50/312]  eta: 0:02:21  lr: 0.000093  sp_loss: 5.0725 (4.6312)  fam_loss: 3.3644 (3.2141)  manu_loss: 2.4939 (2.3499)  ot_loss: 0.8237 (0.8491)  base_loss: 5.2057 (4.9287)  time: 0.4256  data: 0.1211  max mem: 11364
Epoch: [61]  [100/312]  eta: 0:01:44  lr: 0.000093  sp_loss: 4.2439 (4.6042)  fam_loss: 3.1111 (3.1941)  manu_loss: 2.2898 (2.3289)  ot_loss: 0.8625 (0.8518)  base_loss: 4.6666 (4.9047)  time: 0.4149  data: 0.1097  max mem: 11364
Epoch: [61]  [150/312]  eta: 0:01:17  lr: 0.000093  sp_loss: 5.2585 (4.6125)  fam_loss: 3.5602 (3.2042)  manu_loss: 2.6216 (2.3409)  ot_loss: 0.8279 (0.8517)  base_loss: 5.3961 (4.9138)  time: 0.4323  data: 0.1362  max mem: 11364
Epoch: [61]  [200/312]  eta: 0:00:50  lr: 0.000093  sp_loss: 5.0272 (4.6894)  fam_loss: 3.4599 (3.2473)  manu_loss: 2.5261 (2.3699)  ot_loss: 0.8278 (0.8479)  base_loss: 5.2374 (4.9729)  time: 0.3746  data: 0.0691  max mem: 11364
Epoch: [61]  [250/312]  eta: 0:00:26  lr: 0.000093  sp_loss: 3.8739 (4.6228)  fam_loss: 2.7169 (3.2091)  manu_loss: 2.0853 (2.3431)  ot_loss: 0.8548 (0.8515)  base_loss: 4.3158 (4.9219)  time: 0.3426  data: 0.0503  max mem: 11364
Epoch: [61]  [300/312]  eta: 0:00:05  lr: 0.000093  sp_loss: 4.3582 (4.6108)  fam_loss: 2.9950 (3.1986)  manu_loss: 2.2302 (2.3379)  ot_loss: 0.8585 (0.8513)  base_loss: 4.7304 (4.9110)  time: 0.3853  data: 0.0872  max mem: 11364
Epoch: [61]  [311/312]  eta: 0:00:00  lr: 0.000093  sp_loss: 4.8306 (4.6195)  fam_loss: 3.2832 (3.2037)  manu_loss: 2.4323 (2.3429)  ot_loss: 0.8376 (0.8512)  base_loss: 5.0714 (4.9182)  time: 0.3318  data: 0.0518  max mem: 11364
Epoch: [61] Total time: 0:02:12 (0.4237 s / it)
Averaged stats: lr: 0.000093  sp_loss: 4.8306 (4.6195)  fam_loss: 3.2832 (3.2037)  manu_loss: 2.4323 (2.3429)  ot_loss: 0.8376 (0.8512)  base_loss: 5.0714 (4.9182)
Epoch: [62]  [  0/312]  eta: 0:37:46  lr: 0.000089  sp_loss: 5.3631 (5.3631)  fam_loss: 3.4675 (3.4675)  manu_loss: 2.5829 (2.5829)  ot_loss: 0.8246 (0.8246)  base_loss: 5.4420 (5.4420)  time: 7.2660  data: 6.8817  max mem: 11364
Epoch: [62]  [ 50/312]  eta: 0:02:39  lr: 0.000089  sp_loss: 4.0936 (4.3566)  fam_loss: 3.0521 (3.0415)  manu_loss: 2.0539 (2.2325)  ot_loss: 0.8704 (0.8643)  base_loss: 4.5646 (4.7087)  time: 0.5190  data: 0.2022  max mem: 11364
Epoch: [62]  [100/312]  eta: 0:01:47  lr: 0.000089  sp_loss: 4.8172 (4.5924)  fam_loss: 3.3922 (3.1768)  manu_loss: 2.4092 (2.3294)  ot_loss: 0.8383 (0.8512)  base_loss: 5.0453 (4.8923)  time: 0.4062  data: 0.1017  max mem: 11364
Epoch: [62]  [150/312]  eta: 0:01:15  lr: 0.000089  sp_loss: 5.0600 (4.6441)  fam_loss: 3.5532 (3.2173)  manu_loss: 2.5482 (2.3557)  ot_loss: 0.8270 (0.8482)  base_loss: 5.2676 (4.9364)  time: 0.3980  data: 0.1034  max mem: 11364
Epoch: [62]  [200/312]  eta: 0:00:50  lr: 0.000089  sp_loss: 5.1645 (4.6332)  fam_loss: 3.5019 (3.2081)  manu_loss: 2.5105 (2.3434)  ot_loss: 0.8318 (0.8491)  base_loss: 5.3413 (4.9266)  time: 0.4286  data: 0.1291  max mem: 11364
Epoch: [62]  [250/312]  eta: 0:00:27  lr: 0.000089  sp_loss: 4.5800 (4.6415)  fam_loss: 3.1958 (3.2094)  manu_loss: 2.3355 (2.3469)  ot_loss: 0.8422 (0.8488)  base_loss: 4.9240 (4.9328)  time: 0.3599  data: 0.0566  max mem: 11364
Epoch: [62]  [300/312]  eta: 0:00:05  lr: 0.000089  sp_loss: 4.8655 (4.6420)  fam_loss: 3.3491 (3.2101)  manu_loss: 2.4356 (2.3471)  ot_loss: 0.8265 (0.8486)  base_loss: 5.1085 (4.9332)  time: 0.3423  data: 0.0448  max mem: 11364
Epoch: [62]  [311/312]  eta: 0:00:00  lr: 0.000089  sp_loss: 4.0454 (4.6219)  fam_loss: 2.7765 (3.1970)  manu_loss: 2.1018 (2.3375)  ot_loss: 0.8582 (0.8497)  base_loss: 4.4198 (4.9169)  time: 0.3322  data: 0.0575  max mem: 11364
Epoch: [62] Total time: 0:02:13 (0.4279 s / it)
Averaged stats: lr: 0.000089  sp_loss: 4.0454 (4.6219)  fam_loss: 2.7765 (3.1970)  manu_loss: 2.1018 (2.3375)  ot_loss: 0.8582 (0.8497)  base_loss: 4.4198 (4.9169)
Test:  [  0/391]  eta: 0:45:28  sploss: 3.8537 (3.8537)  famloss: 1.6724 (1.6724)  manuloss: 1.0529 (1.0529)  acc1: 35.1562 (35.1562)  acc5: 61.7188 (61.7188)  family_acc1: 66.0156 (66.0156)  manu_acc1: 78.9062 (78.9062)  time: 6.9771  data: 6.8463  max mem: 11364
Test:  [ 50/391]  eta: 0:03:28  sploss: 3.9985 (4.0705)  famloss: 1.8727 (1.8905)  manuloss: 1.2047 (1.2427)  acc1: 33.9844 (33.7929)  acc5: 55.8594 (56.1351)  family_acc1: 60.9375 (61.2669)  manu_acc1: 73.0469 (73.2460)  time: 0.5809  data: 0.4840  max mem: 11364
Test:  [100/391]  eta: 0:02:38  sploss: 4.0289 (4.0444)  famloss: 1.9738 (1.8844)  manuloss: 1.2840 (1.2281)  acc1: 33.2031 (33.7291)  acc5: 55.4688 (56.3467)  family_acc1: 58.5938 (61.1850)  manu_acc1: 71.8750 (73.1590)  time: 0.5744  data: 0.4760  max mem: 11364
Test:  [150/391]  eta: 0:02:04  sploss: 3.7753 (4.0002)  famloss: 1.6736 (1.8555)  manuloss: 1.0422 (1.2096)  acc1: 36.3281 (34.3517)  acc5: 59.3750 (57.0933)  family_acc1: 66.0156 (61.7343)  manu_acc1: 76.5625 (73.4789)  time: 0.5157  data: 0.4194  max mem: 11364
Test:  [200/391]  eta: 0:01:34  sploss: 4.0606 (4.0275)  famloss: 1.9765 (1.8811)  manuloss: 1.2603 (1.2219)  acc1: 33.2031 (33.9533)  acc5: 56.2500 (56.7980)  family_acc1: 59.7656 (61.1571)  manu_acc1: 71.4844 (73.2257)  time: 0.5024  data: 0.4049  max mem: 11364
Test:  [250/391]  eta: 0:01:07  sploss: 3.9178 (4.0159)  famloss: 1.8711 (1.8896)  manuloss: 1.2181 (1.2355)  acc1: 36.3281 (34.3470)  acc5: 58.5938 (57.0250)  family_acc1: 60.1562 (60.9608)  manu_acc1: 71.8750 (72.6640)  time: 0.2775  data: 0.1784  max mem: 11364
Test:  [300/391]  eta: 0:00:42  sploss: 3.7280 (3.9744)  famloss: 1.6536 (1.8558)  manuloss: 1.0321 (1.2087)  acc1: 38.2812 (34.9045)  acc5: 61.7188 (57.7684)  family_acc1: 66.0156 (61.6020)  manu_acc1: 77.3438 (73.3233)  time: 0.2812  data: 0.1860  max mem: 11364
Test:  [350/391]  eta: 0:00:19  sploss: 4.0239 (3.9722)  famloss: 1.8119 (1.8422)  manuloss: 1.1074 (1.1929)  acc1: 33.9844 (34.7901)  acc5: 56.2500 (57.7257)  family_acc1: 61.7188 (61.8100)  manu_acc1: 75.0000 (73.6634)  time: 0.4857  data: 0.3892  max mem: 11364
Test:  [390/391]  eta: 0:00:00  sploss: 3.8337 (3.9612)  famloss: 1.7286 (1.8279)  manuloss: 0.9637 (1.1723)  acc1: 35.5469 (34.7990)  acc5: 59.7656 (57.9110)  family_acc1: 64.4531 (62.0800)  manu_acc1: 79.6875 (74.2420)  time: 0.4265  data: 0.3349  max mem: 11364
Test: Total time: 0:03:00 (0.4621 s / it)
* Acc@1 34.799 Acc@5 57.911 family@1 62.080 manu@1 74.242 sploss 3.961 fmloss 1.828 mfloss 1.172
Accuracy of the network on the 100000 test images: 34.8%
Max accuracy: 35.20%
Epoch: [63]  [  0/312]  eta: 0:31:22  lr: 0.000086  sp_loss: 3.4105 (3.4105)  fam_loss: 2.5649 (2.5649)  manu_loss: 1.8981 (1.8981)  ot_loss: 0.8959 (0.8959)  base_loss: 3.9834 (3.9834)  time: 6.0349  data: 5.6706  max mem: 11364
Epoch: [63]  [ 50/312]  eta: 0:02:28  lr: 0.000086  sp_loss: 4.9282 (4.5264)  fam_loss: 3.3925 (3.1494)  manu_loss: 2.4917 (2.3113)  ot_loss: 0.8240 (0.8538)  base_loss: 5.1630 (4.8458)  time: 0.4708  data: 0.1700  max mem: 11364
Epoch: [63]  [100/312]  eta: 0:01:44  lr: 0.000086  sp_loss: 4.7975 (4.5296)  fam_loss: 3.3412 (3.1568)  manu_loss: 2.3902 (2.3042)  ot_loss: 0.8434 (0.8540)  base_loss: 5.0575 (4.8470)  time: 0.4280  data: 0.1166  max mem: 11364
Epoch: [63]  [150/312]  eta: 0:01:15  lr: 0.000086  sp_loss: 4.7121 (4.5160)  fam_loss: 3.2115 (3.1463)  manu_loss: 2.3745 (2.2951)  ot_loss: 0.8399 (0.8561)  base_loss: 4.9447 (4.8364)  time: 0.4291  data: 0.1273  max mem: 11364
Epoch: [63]  [200/312]  eta: 0:00:49  lr: 0.000086  sp_loss: 4.4639 (4.4913)  fam_loss: 3.2395 (3.1328)  manu_loss: 2.3660 (2.2846)  ot_loss: 0.8491 (0.8568)  base_loss: 4.8192 (4.8172)  time: 0.3658  data: 0.0639  max mem: 11364
Epoch: [63]  [250/312]  eta: 0:00:26  lr: 0.000086  sp_loss: 4.4701 (4.5265)  fam_loss: 3.1802 (3.1530)  manu_loss: 2.4769 (2.3000)  ot_loss: 0.8318 (0.8550)  base_loss: 4.7828 (4.8449)  time: 0.3391  data: 0.0363  max mem: 11364
Epoch: [63]  [300/312]  eta: 0:00:05  lr: 0.000086  sp_loss: 4.6317 (4.5529)  fam_loss: 3.2038 (3.1692)  manu_loss: 2.3144 (2.3122)  ot_loss: 0.8364 (0.8536)  base_loss: 4.9195 (4.8659)  time: 0.3657  data: 0.0672  max mem: 11364
Epoch: [63]  [311/312]  eta: 0:00:00  lr: 0.000086  sp_loss: 4.8528 (4.5506)  fam_loss: 3.3112 (3.1666)  manu_loss: 2.4398 (2.3106)  ot_loss: 0.8408 (0.8538)  base_loss: 5.1133 (4.8637)  time: 0.3251  data: 0.0443  max mem: 11364
Epoch: [63] Total time: 0:02:11 (0.4201 s / it)
Averaged stats: lr: 0.000086  sp_loss: 4.8528 (4.5506)  fam_loss: 3.3112 (3.1666)  manu_loss: 2.4398 (2.3106)  ot_loss: 0.8408 (0.8538)  base_loss: 5.1133 (4.8637)
Epoch: [64]  [  0/312]  eta: 0:38:41  lr: 0.000082  sp_loss: 4.3978 (4.3978)  fam_loss: 3.0594 (3.0594)  manu_loss: 2.2337 (2.2337)  ot_loss: 0.8640 (0.8640)  base_loss: 4.7455 (4.7455)  time: 7.4412  data: 7.1159  max mem: 11364
Epoch: [64]  [ 50/312]  eta: 0:02:39  lr: 0.000082  sp_loss: 4.8806 (4.4577)  fam_loss: 3.5065 (3.1102)  manu_loss: 2.4954 (2.2740)  ot_loss: 0.8289 (0.8540)  base_loss: 5.1563 (4.7896)  time: 0.5010  data: 0.1922  max mem: 11364
Epoch: [64]  [100/312]  eta: 0:01:47  lr: 0.000082  sp_loss: 4.8247 (4.5823)  fam_loss: 3.2777 (3.1790)  manu_loss: 2.4390 (2.3164)  ot_loss: 0.8362 (0.8504)  base_loss: 5.0537 (4.8849)  time: 0.4247  data: 0.1181  max mem: 11364
Epoch: [64]  [150/312]  eta: 0:01:16  lr: 0.000082  sp_loss: 3.9949 (4.5747)  fam_loss: 2.9422 (3.1774)  manu_loss: 2.0812 (2.3191)  ot_loss: 0.8595 (0.8505)  base_loss: 4.4452 (4.8805)  time: 0.4283  data: 0.1396  max mem: 11364
Epoch: [64]  [200/312]  eta: 0:00:50  lr: 0.000082  sp_loss: 4.7079 (4.5624)  fam_loss: 3.2610 (3.1676)  manu_loss: 2.3685 (2.3127)  ot_loss: 0.8405 (0.8513)  base_loss: 4.9489 (4.8701)  time: 0.3902  data: 0.1057  max mem: 11364
Epoch: [64]  [250/312]  eta: 0:00:27  lr: 0.000082  sp_loss: 4.5652 (4.5312)  fam_loss: 3.2376 (3.1498)  manu_loss: 2.3121 (2.2987)  ot_loss: 0.8452 (0.8527)  base_loss: 4.9005 (4.8456)  time: 0.3461  data: 0.0611  max mem: 11364
Epoch: [64]  [300/312]  eta: 0:00:05  lr: 0.000082  sp_loss: 4.0249 (4.5263)  fam_loss: 2.9165 (3.1447)  manu_loss: 2.1944 (2.2966)  ot_loss: 0.8518 (0.8532)  base_loss: 4.4706 (4.8415)  time: 0.3341  data: 0.0497  max mem: 11364
Epoch: [64]  [311/312]  eta: 0:00:00  lr: 0.000082  sp_loss: 4.6824 (4.5274)  fam_loss: 3.2200 (3.1453)  manu_loss: 2.3098 (2.2962)  ot_loss: 0.8527 (0.8534)  base_loss: 4.9775 (4.8424)  time: 0.3209  data: 0.0488  max mem: 11364
Epoch: [64] Total time: 0:02:13 (0.4284 s / it)
Averaged stats: lr: 0.000082  sp_loss: 4.6824 (4.5274)  fam_loss: 3.2200 (3.1453)  manu_loss: 2.3098 (2.2962)  ot_loss: 0.8527 (0.8534)  base_loss: 4.9775 (4.8424)
Test:  [  0/391]  eta: 0:35:21  sploss: 3.9681 (3.9681)  famloss: 1.6904 (1.6904)  manuloss: 1.0558 (1.0558)  acc1: 35.1562 (35.1562)  acc5: 57.8125 (57.8125)  family_acc1: 65.6250 (65.6250)  manu_acc1: 77.3438 (77.3438)  time: 5.4247  data: 5.3020  max mem: 11364
Test:  [ 50/391]  eta: 0:02:41  sploss: 4.0880 (4.1330)  famloss: 1.8898 (1.9311)  manuloss: 1.2206 (1.2677)  acc1: 33.5938 (33.5478)  acc5: 56.6406 (56.1811)  family_acc1: 61.7188 (61.3434)  manu_acc1: 73.8281 (72.9013)  time: 0.4107  data: 0.3134  max mem: 11364
Test:  [100/391]  eta: 0:02:04  sploss: 4.0985 (4.1097)  famloss: 2.0097 (1.9252)  manuloss: 1.2972 (1.2524)  acc1: 32.8125 (33.8065)  acc5: 55.8594 (56.5246)  family_acc1: 59.7656 (61.1850)  manu_acc1: 71.0938 (73.0391)  time: 0.4245  data: 0.3269  max mem: 11364
Test:  [150/391]  eta: 0:01:40  sploss: 3.8247 (4.0659)  famloss: 1.7142 (1.8987)  manuloss: 1.0833 (1.2369)  acc1: 35.9375 (34.4604)  acc5: 59.3750 (57.3469)  family_acc1: 64.4531 (61.5661)  manu_acc1: 76.5625 (73.3082)  time: 0.4498  data: 0.3541  max mem: 11364
Test:  [200/391]  eta: 0:01:17  sploss: 4.1142 (4.0932)  famloss: 1.9928 (1.9230)  manuloss: 1.2881 (1.2480)  acc1: 33.5938 (34.1204)  acc5: 56.2500 (57.0176)  family_acc1: 60.1562 (61.0988)  manu_acc1: 71.4844 (73.0916)  time: 0.3942  data: 0.2988  max mem: 11364
Test:  [250/391]  eta: 0:00:55  sploss: 3.9586 (4.0810)  famloss: 1.8998 (1.9319)  manuloss: 1.2553 (1.2632)  acc1: 36.3281 (34.4170)  acc5: 58.5938 (57.1900)  family_acc1: 61.3281 (60.9344)  manu_acc1: 71.4844 (72.5675)  time: 0.3701  data: 0.2749  max mem: 11364
Test:  [300/391]  eta: 0:00:35  sploss: 3.8218 (4.0423)  famloss: 1.6947 (1.8975)  manuloss: 1.0533 (1.2368)  acc1: 37.5000 (34.8759)  acc5: 60.9375 (57.8268)  family_acc1: 66.0156 (61.5981)  manu_acc1: 75.7812 (73.1715)  time: 0.2786  data: 0.1826  max mem: 11364
Test:  [350/391]  eta: 0:00:16  sploss: 4.0553 (4.0391)  famloss: 1.8427 (1.8833)  manuloss: 1.1362 (1.2210)  acc1: 34.7656 (34.8068)  acc5: 56.6406 (57.7802)  family_acc1: 61.3281 (61.8378)  manu_acc1: 76.1719 (73.5243)  time: 0.2767  data: 0.1798  max mem: 11364
Test:  [390/391]  eta: 0:00:00  sploss: 3.8989 (4.0287)  famloss: 1.7261 (1.8684)  manuloss: 0.9787 (1.2000)  acc1: 35.1562 (34.8260)  acc5: 59.7656 (57.9220)  family_acc1: 63.6719 (62.1090)  manu_acc1: 78.5156 (74.0860)  time: 0.4054  data: 0.3130  max mem: 11364
Test: Total time: 0:02:34 (0.3946 s / it)
* Acc@1 34.826 Acc@5 57.922 family@1 62.109 manu@1 74.086 sploss 4.029 fmloss 1.868 mfloss 1.200
Accuracy of the network on the 100000 test images: 34.8%
Max accuracy: 35.20%
Epoch: [65]  [  0/312]  eta: 0:30:41  lr: 0.000079  sp_loss: 5.3762 (5.3762)  fam_loss: 3.6725 (3.6725)  manu_loss: 2.7095 (2.7095)  ot_loss: 0.8096 (0.8096)  base_loss: 5.5195 (5.5195)  time: 5.9011  data: 5.5769  max mem: 11364
Epoch: [65]  [ 50/312]  eta: 0:02:21  lr: 0.000079  sp_loss: 4.6554 (4.5793)  fam_loss: 3.2066 (3.1725)  manu_loss: 2.3551 (2.3075)  ot_loss: 0.8327 (0.8506)  base_loss: 4.9198 (4.8792)  time: 0.4643  data: 0.1681  max mem: 11364
Epoch: [65]  [100/312]  eta: 0:01:42  lr: 0.000079  sp_loss: 4.9484 (4.5392)  fam_loss: 3.3260 (3.1404)  manu_loss: 2.4273 (2.2898)  ot_loss: 0.8308 (0.8507)  base_loss: 5.1320 (4.8462)  time: 0.4127  data: 0.1224  max mem: 11364
Epoch: [65]  [150/312]  eta: 0:01:16  lr: 0.000079  sp_loss: 4.9656 (4.5515)  fam_loss: 3.3558 (3.1551)  manu_loss: 2.4347 (2.2972)  ot_loss: 0.8353 (0.8506)  base_loss: 5.1764 (4.8583)  time: 0.4735  data: 0.1952  max mem: 11364
Epoch: [65]  [200/312]  eta: 0:00:49  lr: 0.000079  sp_loss: 4.9686 (4.5546)  fam_loss: 3.3956 (3.1524)  manu_loss: 2.4273 (2.2977)  ot_loss: 0.8369 (0.8507)  base_loss: 5.1929 (4.8594)  time: 0.3754  data: 0.1016  max mem: 11364
Epoch: [65]  [250/312]  eta: 0:00:26  lr: 0.000079  sp_loss: 5.0979 (4.5531)  fam_loss: 3.4499 (3.1527)  manu_loss: 2.5032 (2.2983)  ot_loss: 0.8267 (0.8508)  base_loss: 5.2761 (4.8586)  time: 0.3264  data: 0.0505  max mem: 11364
Epoch: [65]  [300/312]  eta: 0:00:04  lr: 0.000079  sp_loss: 4.9377 (4.5791)  fam_loss: 3.4835 (3.1679)  manu_loss: 2.5277 (2.3085)  ot_loss: 0.8310 (0.8498)  base_loss: 5.1404 (4.8787)  time: 0.3247  data: 0.0492  max mem: 11364
Epoch: [65]  [311/312]  eta: 0:00:00  lr: 0.000079  sp_loss: 4.8546 (4.5893)  fam_loss: 3.3519 (3.1732)  manu_loss: 2.4209 (2.3126)  ot_loss: 0.8341 (0.8492)  base_loss: 5.1404 (4.8866)  time: 0.3147  data: 0.0501  max mem: 11364
Epoch: [65] Total time: 0:02:08 (0.4131 s / it)
Averaged stats: lr: 0.000079  sp_loss: 4.8546 (4.5893)  fam_loss: 3.3519 (3.1732)  manu_loss: 2.4209 (2.3126)  ot_loss: 0.8341 (0.8492)  base_loss: 5.1404 (4.8866)
Epoch: [66]  [  0/312]  eta: 0:36:02  lr: 0.000076  sp_loss: 5.1482 (5.1482)  fam_loss: 3.3465 (3.3465)  manu_loss: 2.4487 (2.4487)  ot_loss: 0.8226 (0.8226)  base_loss: 5.2624 (5.2624)  time: 6.9303  data: 6.5585  max mem: 11364
Epoch: [66]  [ 50/312]  eta: 0:02:31  lr: 0.000076  sp_loss: 4.5786 (4.5910)  fam_loss: 3.1455 (3.1719)  manu_loss: 2.3081 (2.3039)  ot_loss: 0.8456 (0.8493)  base_loss: 4.8778 (4.8867)  time: 0.4717  data: 0.1698  max mem: 11364
Epoch: [66]  [100/312]  eta: 0:01:44  lr: 0.000076  sp_loss: 4.6529 (4.6125)  fam_loss: 3.2736 (3.1861)  manu_loss: 2.3491 (2.3258)  ot_loss: 0.8338 (0.8491)  base_loss: 4.9399 (4.9061)  time: 0.4398  data: 0.1571  max mem: 11364
Epoch: [66]  [150/312]  eta: 0:01:14  lr: 0.000076  sp_loss: 4.4679 (4.5832)  fam_loss: 3.1235 (3.1687)  manu_loss: 2.2217 (2.3064)  ot_loss: 0.8537 (0.8502)  base_loss: 4.7918 (4.8814)  time: 0.4361  data: 0.1574  max mem: 11364
Epoch: [66]  [200/312]  eta: 0:00:49  lr: 0.000076  sp_loss: 5.2150 (4.6032)  fam_loss: 3.5306 (3.1825)  manu_loss: 2.5897 (2.3205)  ot_loss: 0.8251 (0.8495)  base_loss: 5.3824 (4.8985)  time: 0.4376  data: 0.1599  max mem: 11364
Epoch: [66]  [250/312]  eta: 0:00:26  lr: 0.000076  sp_loss: 5.0706 (4.6082)  fam_loss: 3.5240 (3.1858)  manu_loss: 2.5249 (2.3212)  ot_loss: 0.8306 (0.8503)  base_loss: 5.3206 (4.9024)  time: 0.3864  data: 0.0964  max mem: 11364
Epoch: [66]  [300/312]  eta: 0:00:04  lr: 0.000076  sp_loss: 4.7766 (4.5813)  fam_loss: 3.2504 (3.1689)  manu_loss: 2.3457 (2.3106)  ot_loss: 0.8332 (0.8516)  base_loss: 5.0091 (4.8810)  time: 0.3588  data: 0.0809  max mem: 11364
Epoch: [66]  [311/312]  eta: 0:00:00  lr: 0.000076  sp_loss: 4.7489 (4.5791)  fam_loss: 3.2504 (3.1673)  manu_loss: 2.3457 (2.3106)  ot_loss: 0.8332 (0.8516)  base_loss: 5.0091 (4.8791)  time: 0.3466  data: 0.0733  max mem: 11364
Epoch: [66] Total time: 0:02:09 (0.4147 s / it)
Averaged stats: lr: 0.000076  sp_loss: 4.7489 (4.5791)  fam_loss: 3.2504 (3.1673)  manu_loss: 2.3457 (2.3106)  ot_loss: 0.8332 (0.8516)  base_loss: 5.0091 (4.8791)
Test:  [  0/391]  eta: 0:37:05  sploss: 3.8598 (3.8598)  famloss: 1.6136 (1.6136)  manuloss: 1.0319 (1.0319)  acc1: 36.7188 (36.7188)  acc5: 58.9844 (58.9844)  family_acc1: 66.4062 (66.4062)  manu_acc1: 80.8594 (80.8594)  time: 5.6930  data: 5.5747  max mem: 11364
Test:  [ 50/391]  eta: 0:03:00  sploss: 4.0286 (4.0802)  famloss: 1.8667 (1.8899)  manuloss: 1.2012 (1.2414)  acc1: 33.9844 (33.7623)  acc5: 55.4688 (56.3189)  family_acc1: 61.3281 (61.8719)  manu_acc1: 74.6094 (73.7362)  time: 0.4579  data: 0.3614  max mem: 11364
Test:  [100/391]  eta: 0:02:10  sploss: 4.0640 (4.0550)  famloss: 1.9760 (1.8855)  manuloss: 1.2861 (1.2292)  acc1: 33.5938 (33.8877)  acc5: 55.0781 (56.6445)  family_acc1: 59.3750 (61.5408)  manu_acc1: 71.4844 (73.5187)  time: 0.4352  data: 0.3389  max mem: 11364
Test:  [150/391]  eta: 0:01:41  sploss: 3.8068 (4.0133)  famloss: 1.6697 (1.8565)  manuloss: 1.0614 (1.2116)  acc1: 36.3281 (34.5431)  acc5: 60.5469 (57.4374)  family_acc1: 64.4531 (61.9749)  manu_acc1: 76.9531 (73.9135)  time: 0.4294  data: 0.3309  max mem: 11364
Test:  [200/391]  eta: 0:01:18  sploss: 4.0596 (4.0371)  famloss: 1.9485 (1.8812)  manuloss: 1.2587 (1.2238)  acc1: 33.5938 (34.2020)  acc5: 55.8594 (57.0740)  family_acc1: 59.7656 (61.4836)  manu_acc1: 72.2656 (73.6513)  time: 0.4235  data: 0.3261  max mem: 11364
Test:  [250/391]  eta: 0:00:56  sploss: 3.9451 (4.0260)  famloss: 1.8742 (1.8892)  manuloss: 1.2510 (1.2393)  acc1: 35.1562 (34.5742)  acc5: 57.8125 (57.2849)  family_acc1: 60.9375 (61.3842)  manu_acc1: 72.6562 (73.1076)  time: 0.3283  data: 0.2322  max mem: 11364
Test:  [300/391]  eta: 0:00:36  sploss: 3.7617 (3.9868)  famloss: 1.6298 (1.8552)  manuloss: 1.0301 (1.2125)  acc1: 37.8906 (35.0252)  acc5: 60.9375 (57.9358)  family_acc1: 66.4062 (62.0328)  manu_acc1: 77.3438 (73.7191)  time: 0.3512  data: 0.2555  max mem: 11364
Test:  [350/391]  eta: 0:00:16  sploss: 4.0134 (3.9823)  famloss: 1.8113 (1.8416)  manuloss: 1.1149 (1.1965)  acc1: 34.7656 (34.9715)  acc5: 57.0312 (57.9850)  family_acc1: 61.7188 (62.2062)  manu_acc1: 75.3906 (74.0741)  time: 0.3135  data: 0.2182  max mem: 11364
Test:  [390/391]  eta: 0:00:00  sploss: 3.8373 (3.9705)  famloss: 1.6911 (1.8258)  manuloss: 0.9459 (1.1759)  acc1: 35.5469 (34.9920)  acc5: 59.7656 (58.1680)  family_acc1: 65.6250 (62.5140)  manu_acc1: 79.6875 (74.6360)  time: 0.4026  data: 0.3116  max mem: 11364
Test: Total time: 0:02:35 (0.3969 s / it)
* Acc@1 34.992 Acc@5 58.168 family@1 62.514 manu@1 74.636 sploss 3.971 fmloss 1.826 mfloss 1.176
Accuracy of the network on the 100000 test images: 35.0%
Max accuracy: 35.20%
Epoch: [67]  [  0/312]  eta: 0:28:30  lr: 0.000072  sp_loss: 3.9295 (3.9295)  fam_loss: 2.8125 (2.8125)  manu_loss: 2.0721 (2.0721)  ot_loss: 0.8691 (0.8691)  base_loss: 4.3768 (4.3768)  time: 5.4824  data: 5.1669  max mem: 11364
Epoch: [67]  [ 50/312]  eta: 0:02:09  lr: 0.000072  sp_loss: 4.5431 (4.4251)  fam_loss: 3.2145 (3.0701)  manu_loss: 2.3460 (2.2429)  ot_loss: 0.8388 (0.8590)  base_loss: 4.8685 (4.7563)  time: 0.3784  data: 0.1058  max mem: 11364
Epoch: [67]  [100/312]  eta: 0:01:38  lr: 0.000072  sp_loss: 4.6493 (4.4288)  fam_loss: 3.2232 (3.0759)  manu_loss: 2.3992 (2.2524)  ot_loss: 0.8375 (0.8587)  base_loss: 4.9959 (4.7607)  time: 0.4675  data: 0.1959  max mem: 11364
Epoch: [67]  [150/312]  eta: 0:01:10  lr: 0.000072  sp_loss: 4.6030 (4.4131)  fam_loss: 3.1562 (3.0736)  manu_loss: 2.3206 (2.2442)  ot_loss: 0.8328 (0.8586)  base_loss: 4.8783 (4.7494)  time: 0.3921  data: 0.1227  max mem: 11364
Epoch: [67]  [200/312]  eta: 0:00:48  lr: 0.000072  sp_loss: 4.7548 (4.4116)  fam_loss: 3.2718 (3.0732)  manu_loss: 2.3660 (2.2465)  ot_loss: 0.8321 (0.8585)  base_loss: 5.0658 (4.7493)  time: 0.4417  data: 0.1611  max mem: 11364
Epoch: [67]  [250/312]  eta: 0:00:25  lr: 0.000072  sp_loss: 5.0612 (4.4149)  fam_loss: 3.3466 (3.0719)  manu_loss: 2.4440 (2.2476)  ot_loss: 0.8286 (0.8579)  base_loss: 5.2274 (4.7506)  time: 0.3814  data: 0.1079  max mem: 11364
Epoch: [67]  [300/312]  eta: 0:00:04  lr: 0.000072  sp_loss: 5.1312 (4.4450)  fam_loss: 3.4115 (3.0891)  manu_loss: 2.5583 (2.2580)  ot_loss: 0.8270 (0.8567)  base_loss: 5.2878 (4.7737)  time: 0.3222  data: 0.0503  max mem: 11364
Epoch: [67]  [311/312]  eta: 0:00:00  lr: 0.000072  sp_loss: 5.1312 (4.4566)  fam_loss: 3.4115 (3.0967)  manu_loss: 2.4862 (2.2639)  ot_loss: 0.8276 (0.8562)  base_loss: 5.2878 (4.7831)  time: 0.3635  data: 0.0990  max mem: 11364
Epoch: [67] Total time: 0:02:06 (0.4055 s / it)
Averaged stats: lr: 0.000072  sp_loss: 5.1312 (4.4566)  fam_loss: 3.4115 (3.0967)  manu_loss: 2.4862 (2.2639)  ot_loss: 0.8276 (0.8562)  base_loss: 5.2878 (4.7831)
Epoch: [68]  [  0/312]  eta: 0:31:24  lr: 0.000069  sp_loss: 4.8360 (4.8360)  fam_loss: 3.1283 (3.1283)  manu_loss: 2.3244 (2.3244)  ot_loss: 0.8538 (0.8538)  base_loss: 5.0300 (5.0300)  time: 6.0395  data: 5.6742  max mem: 11364
Epoch: [68]  [ 50/312]  eta: 0:02:09  lr: 0.000069  sp_loss: 4.6448 (4.5140)  fam_loss: 3.2098 (3.1442)  manu_loss: 2.3345 (2.2920)  ot_loss: 0.8404 (0.8543)  base_loss: 4.9484 (4.8329)  time: 0.3927  data: 0.0968  max mem: 11364
Epoch: [68]  [100/312]  eta: 0:01:31  lr: 0.000069  sp_loss: 3.4407 (4.3380)  fam_loss: 2.5275 (3.0308)  manu_loss: 1.8797 (2.2114)  ot_loss: 0.9029 (0.8622)  base_loss: 3.9434 (4.6899)  time: 0.3868  data: 0.1030  max mem: 11364
Epoch: [68]  [150/312]  eta: 0:01:06  lr: 0.000069  sp_loss: 4.9483 (4.4679)  fam_loss: 3.3809 (3.1088)  manu_loss: 2.3832 (2.2695)  ot_loss: 0.8355 (0.8566)  base_loss: 5.1710 (4.7928)  time: 0.3894  data: 0.1087  max mem: 11364
Epoch: [68]  [200/312]  eta: 0:00:44  lr: 0.000069  sp_loss: 4.2741 (4.4489)  fam_loss: 2.9053 (3.0918)  manu_loss: 2.0890 (2.2609)  ot_loss: 0.8456 (0.8576)  base_loss: 4.6375 (4.7764)  time: 0.3798  data: 0.0979  max mem: 11364
Epoch: [68]  [250/312]  eta: 0:00:24  lr: 0.000069  sp_loss: 4.5482 (4.4196)  fam_loss: 3.2793 (3.0774)  manu_loss: 2.3498 (2.2466)  ot_loss: 0.8385 (0.8582)  base_loss: 4.9132 (4.7536)  time: 0.3336  data: 0.0528  max mem: 11364
Epoch: [68]  [300/312]  eta: 0:00:04  lr: 0.000069  sp_loss: 4.0937 (4.4090)  fam_loss: 2.8859 (3.0709)  manu_loss: 2.0506 (2.2416)  ot_loss: 0.8472 (0.8583)  base_loss: 4.4918 (4.7452)  time: 0.3305  data: 0.0498  max mem: 11364
Epoch: [68]  [311/312]  eta: 0:00:00  lr: 0.000069  sp_loss: 4.9017 (4.4240)  fam_loss: 3.3002 (3.0809)  manu_loss: 2.4059 (2.2478)  ot_loss: 0.8276 (0.8575)  base_loss: 5.1818 (4.7573)  time: 0.3170  data: 0.0448  max mem: 11364
Epoch: [68] Total time: 0:02:00 (0.3855 s / it)
Averaged stats: lr: 0.000069  sp_loss: 4.9017 (4.4240)  fam_loss: 3.3002 (3.0809)  manu_loss: 2.4059 (2.2478)  ot_loss: 0.8276 (0.8575)  base_loss: 5.1818 (4.7573)
Test:  [  0/391]  eta: 0:47:38  sploss: 3.9433 (3.9433)  famloss: 1.6857 (1.6857)  manuloss: 1.0382 (1.0382)  acc1: 36.3281 (36.3281)  acc5: 61.7188 (61.7188)  family_acc1: 65.6250 (65.6250)  manu_acc1: 78.9062 (78.9062)  time: 7.3113  data: 7.1952  max mem: 11364
Test:  [ 50/391]  eta: 0:03:19  sploss: 4.0467 (4.1036)  famloss: 1.8963 (1.9128)  manuloss: 1.2308 (1.2580)  acc1: 35.1562 (34.3214)  acc5: 56.2500 (56.4645)  family_acc1: 61.3281 (62.0941)  manu_acc1: 74.2188 (73.5141)  time: 0.4665  data: 0.3672  max mem: 11364
Test:  [100/391]  eta: 0:02:27  sploss: 4.0757 (4.0794)  famloss: 1.9942 (1.9097)  manuloss: 1.2814 (1.2480)  acc1: 34.3750 (34.3711)  acc5: 55.8594 (56.9191)  family_acc1: 58.9844 (61.7922)  manu_acc1: 72.6562 (73.5226)  time: 0.4532  data: 0.3565  max mem: 11364
Test:  [150/391]  eta: 0:01:58  sploss: 3.7968 (4.0386)  famloss: 1.6959 (1.8826)  manuloss: 1.0793 (1.2306)  acc1: 35.9375 (34.8691)  acc5: 60.5469 (57.5512)  family_acc1: 64.8438 (62.1145)  manu_acc1: 76.5625 (73.7867)  time: 0.5034  data: 0.4063  max mem: 11364
Test:  [200/391]  eta: 0:01:29  sploss: 4.0909 (4.0646)  famloss: 1.9810 (1.9083)  manuloss: 1.2831 (1.2430)  acc1: 34.3750 (34.5149)  acc5: 56.6406 (57.1420)  family_acc1: 59.3750 (61.5652)  manu_acc1: 72.6562 (73.5638)  time: 0.4441  data: 0.3458  max mem: 11364
Test:  [250/391]  eta: 0:01:03  sploss: 3.9762 (4.0550)  famloss: 1.8938 (1.9170)  manuloss: 1.2681 (1.2583)  acc1: 35.5469 (34.7563)  acc5: 58.9844 (57.3658)  family_acc1: 60.1562 (61.3888)  manu_acc1: 71.8750 (73.0484)  time: 0.4239  data: 0.3263  max mem: 11364
Test:  [300/391]  eta: 0:00:39  sploss: 3.8051 (4.0169)  famloss: 1.6857 (1.8838)  manuloss: 1.0459 (1.2317)  acc1: 37.8906 (35.2328)  acc5: 61.7188 (58.0227)  family_acc1: 64.8438 (62.0289)  manu_acc1: 77.3438 (73.6477)  time: 0.3878  data: 0.2920  max mem: 11364
Test:  [350/391]  eta: 0:00:17  sploss: 4.0560 (4.0138)  famloss: 1.8307 (1.8689)  manuloss: 1.1267 (1.2148)  acc1: 34.7656 (35.1396)  acc5: 57.4219 (58.0039)  family_acc1: 62.8906 (62.2407)  manu_acc1: 74.2188 (73.9661)  time: 0.3409  data: 0.2456  max mem: 11364
Test:  [390/391]  eta: 0:00:00  sploss: 3.8875 (4.0024)  famloss: 1.7278 (1.8537)  manuloss: 0.9623 (1.1936)  acc1: 35.9375 (35.1830)  acc5: 60.5469 (58.1970)  family_acc1: 65.6250 (62.5640)  manu_acc1: 80.4688 (74.5480)  time: 0.3981  data: 0.3056  max mem: 11364
Test: Total time: 0:02:45 (0.4221 s / it)
* Acc@1 35.183 Acc@5 58.197 family@1 62.564 manu@1 74.548 sploss 4.002 fmloss 1.854 mfloss 1.194
Accuracy of the network on the 100000 test images: 35.2%
Max accuracy: 35.20%
Epoch: [69]  [  0/312]  eta: 0:28:54  lr: 0.000066  sp_loss: 3.2724 (3.2724)  fam_loss: 2.3826 (2.3826)  manu_loss: 1.7940 (1.7940)  ot_loss: 0.9232 (0.9232)  base_loss: 3.8644 (3.8644)  time: 5.5583  data: 5.2091  max mem: 11364
Epoch: [69]  [ 50/312]  eta: 0:02:31  lr: 0.000066  sp_loss: 4.8666 (4.2941)  fam_loss: 3.4350 (3.0086)  manu_loss: 2.5110 (2.2080)  ot_loss: 0.8356 (0.8618)  base_loss: 5.1688 (4.6576)  time: 0.4734  data: 0.1659  max mem: 11364
Epoch: [69]  [100/312]  eta: 0:01:44  lr: 0.000066  sp_loss: 4.7897 (4.2511)  fam_loss: 3.2464 (2.9810)  manu_loss: 2.3160 (2.1800)  ot_loss: 0.8342 (0.8658)  base_loss: 5.0300 (4.6224)  time: 0.4381  data: 0.1320  max mem: 11364
Epoch: [69]  [150/312]  eta: 0:01:15  lr: 0.000066  sp_loss: 4.4705 (4.3360)  fam_loss: 3.1245 (3.0347)  manu_loss: 2.2731 (2.2169)  ot_loss: 0.8463 (0.8613)  base_loss: 4.8299 (4.6902)  time: 0.4059  data: 0.1077  max mem: 11364
Epoch: [69]  [200/312]  eta: 0:00:49  lr: 0.000066  sp_loss: 4.6661 (4.4118)  fam_loss: 3.1800 (3.0734)  manu_loss: 2.3038 (2.2435)  ot_loss: 0.8414 (0.8574)  base_loss: 4.9168 (4.7475)  time: 0.3908  data: 0.1056  max mem: 11364
Epoch: [69]  [250/312]  eta: 0:00:26  lr: 0.000066  sp_loss: 4.9414 (4.4334)  fam_loss: 3.4887 (3.0833)  manu_loss: 2.4301 (2.2529)  ot_loss: 0.8362 (0.8568)  base_loss: 5.2387 (4.7640)  time: 0.3888  data: 0.0927  max mem: 11364
Epoch: [69]  [300/312]  eta: 0:00:05  lr: 0.000066  sp_loss: 5.2650 (4.4726)  fam_loss: 3.4324 (3.1053)  manu_loss: 2.5516 (2.2687)  ot_loss: 0.8279 (0.8556)  base_loss: 5.3887 (4.7946)  time: 0.3421  data: 0.0570  max mem: 11364
Epoch: [69]  [311/312]  eta: 0:00:00  lr: 0.000066  sp_loss: 4.4154 (4.4584)  fam_loss: 3.0744 (3.0967)  manu_loss: 2.2776 (2.2623)  ot_loss: 0.8361 (0.8562)  base_loss: 4.7381 (4.7833)  time: 0.3359  data: 0.0622  max mem: 11364
Epoch: [69] Total time: 0:02:10 (0.4174 s / it)
Averaged stats: lr: 0.000066  sp_loss: 4.4154 (4.4584)  fam_loss: 3.0744 (3.0967)  manu_loss: 2.2776 (2.2623)  ot_loss: 0.8361 (0.8562)  base_loss: 4.7381 (4.7833)
Epoch: [70]  [  0/312]  eta: 0:37:59  lr: 0.000063  sp_loss: 5.2289 (5.2289)  fam_loss: 3.5936 (3.5936)  manu_loss: 2.7785 (2.7785)  ot_loss: 0.8050 (0.8050)  base_loss: 5.4271 (5.4271)  time: 7.3053  data: 6.9459  max mem: 11364
Epoch: [70]  [ 50/312]  eta: 0:02:18  lr: 0.000063  sp_loss: 4.7133 (4.4354)  fam_loss: 3.2534 (3.1012)  manu_loss: 2.3578 (2.2559)  ot_loss: 0.8425 (0.8538)  base_loss: 4.9844 (4.7701)  time: 0.4146  data: 0.1102  max mem: 11364
Epoch: [70]  [100/312]  eta: 0:01:39  lr: 0.000063  sp_loss: 4.6350 (4.5055)  fam_loss: 3.1395 (3.1309)  manu_loss: 2.3944 (2.2830)  ot_loss: 0.8320 (0.8516)  base_loss: 4.9028 (4.8217)  time: 0.4072  data: 0.0994  max mem: 11364
Epoch: [70]  [150/312]  eta: 0:01:12  lr: 0.000063  sp_loss: 5.0045 (4.4951)  fam_loss: 3.3668 (3.1225)  manu_loss: 2.4379 (2.2793)  ot_loss: 0.8319 (0.8524)  base_loss: 5.2074 (4.8132)  time: 0.3955  data: 0.0954  max mem: 11364
Epoch: [70]  [200/312]  eta: 0:00:48  lr: 0.000063  sp_loss: 3.9163 (4.4687)  fam_loss: 2.8720 (3.1041)  manu_loss: 2.0316 (2.2671)  ot_loss: 0.8590 (0.8533)  base_loss: 4.3640 (4.7912)  time: 0.3954  data: 0.0906  max mem: 11364
Epoch: [70]  [250/312]  eta: 0:00:26  lr: 0.000063  sp_loss: 4.0177 (4.4741)  fam_loss: 2.9859 (3.1031)  manu_loss: 2.1872 (2.2685)  ot_loss: 0.8535 (0.8540)  base_loss: 4.4871 (4.7942)  time: 0.3889  data: 0.1035  max mem: 11364
Epoch: [70]  [300/312]  eta: 0:00:04  lr: 0.000063  sp_loss: 3.9198 (4.4452)  fam_loss: 2.8347 (3.0868)  manu_loss: 2.1531 (2.2597)  ot_loss: 0.8503 (0.8552)  base_loss: 4.3954 (4.7723)  time: 0.3331  data: 0.0513  max mem: 11364
Epoch: [70]  [311/312]  eta: 0:00:00  lr: 0.000063  sp_loss: 4.5414 (4.4551)  fam_loss: 3.1172 (3.0911)  manu_loss: 2.2700 (2.2621)  ot_loss: 0.8394 (0.8549)  base_loss: 4.8277 (4.7795)  time: 0.3145  data: 0.0431  max mem: 11364
Epoch: [70] Total time: 0:02:07 (0.4093 s / it)
Averaged stats: lr: 0.000063  sp_loss: 4.5414 (4.4551)  fam_loss: 3.1172 (3.0911)  manu_loss: 2.2700 (2.2621)  ot_loss: 0.8394 (0.8549)  base_loss: 4.8277 (4.7795)
Test:  [  0/391]  eta: 0:39:12  sploss: 4.0188 (4.0188)  famloss: 1.7399 (1.7399)  manuloss: 1.1088 (1.1088)  acc1: 34.7656 (34.7656)  acc5: 58.5938 (58.5938)  family_acc1: 66.0156 (66.0156)  manu_acc1: 78.9062 (78.9062)  time: 6.0162  data: 5.9073  max mem: 11364
Test:  [ 50/391]  eta: 0:03:24  sploss: 4.1439 (4.1936)  famloss: 1.9570 (1.9827)  manuloss: 1.2553 (1.3182)  acc1: 33.9844 (33.5172)  acc5: 55.4688 (55.9743)  family_acc1: 61.3281 (61.9485)  manu_acc1: 73.8281 (73.3609)  time: 0.5543  data: 0.4545  max mem: 11364
Test:  [100/391]  eta: 0:02:35  sploss: 4.2159 (4.1712)  famloss: 2.0704 (1.9788)  manuloss: 1.3319 (1.3052)  acc1: 32.4219 (33.5628)  acc5: 56.6406 (56.4008)  family_acc1: 58.9844 (61.6221)  manu_acc1: 73.8281 (73.5651)  time: 0.5367  data: 0.4385  max mem: 11364
Test:  [150/391]  eta: 0:02:00  sploss: 3.9146 (4.1326)  famloss: 1.7782 (1.9535)  manuloss: 1.1383 (1.2884)  acc1: 37.1094 (34.2819)  acc5: 60.5469 (57.1502)  family_acc1: 64.0625 (61.8662)  manu_acc1: 76.5625 (73.7816)  time: 0.4924  data: 0.3940  max mem: 11364
Test:  [200/391]  eta: 0:01:33  sploss: 4.1751 (4.1576)  famloss: 2.0624 (1.9787)  manuloss: 1.3623 (1.3004)  acc1: 33.2031 (33.9883)  acc5: 55.4688 (56.7164)  family_acc1: 58.9844 (61.3184)  manu_acc1: 70.7031 (73.5619)  time: 0.4989  data: 0.4005  max mem: 11364
Test:  [250/391]  eta: 0:01:08  sploss: 4.0675 (4.1501)  famloss: 1.9919 (1.9886)  manuloss: 1.3255 (1.3155)  acc1: 34.7656 (34.2878)  acc5: 57.4219 (56.8616)  family_acc1: 60.1562 (61.0558)  manu_acc1: 71.4844 (72.9644)  time: 0.4531  data: 0.3512  max mem: 11364
Test:  [300/391]  eta: 0:00:42  sploss: 3.9139 (4.1131)  famloss: 1.7625 (1.9560)  manuloss: 1.1220 (1.2913)  acc1: 36.3281 (34.7059)  acc5: 60.9375 (57.4803)  family_acc1: 64.0625 (61.6422)  manu_acc1: 76.5625 (73.4920)  time: 0.3092  data: 0.2131  max mem: 11364
Test:  [350/391]  eta: 0:00:18  sploss: 4.1445 (4.1095)  famloss: 1.9286 (1.9427)  manuloss: 1.1800 (1.2756)  acc1: 34.3750 (34.6699)  acc5: 57.0312 (57.4441)  family_acc1: 60.9375 (61.8300)  manu_acc1: 73.4375 (73.7925)  time: 0.4419  data: 0.3441  max mem: 11364
Test:  [390/391]  eta: 0:00:00  sploss: 3.9662 (4.0978)  famloss: 1.8097 (1.9282)  manuloss: 1.0571 (1.2554)  acc1: 35.9375 (34.7010)  acc5: 59.7656 (57.6280)  family_acc1: 64.0625 (62.1160)  manu_acc1: 79.2969 (74.3430)  time: 0.2542  data: 0.1623  max mem: 11364
Test: Total time: 0:02:55 (0.4499 s / it)
* Acc@1 34.701 Acc@5 57.628 family@1 62.116 manu@1 74.343 sploss 4.098 fmloss 1.928 mfloss 1.255
Accuracy of the network on the 100000 test images: 34.7%
Max accuracy: 35.20%
Epoch: [71]  [  0/312]  eta: 0:34:35  lr: 0.000059  sp_loss: 3.2179 (3.2179)  fam_loss: 2.3175 (2.3175)  manu_loss: 1.5894 (1.5894)  ot_loss: 0.8981 (0.8981)  base_loss: 3.7707 (3.7707)  time: 6.6536  data: 6.2980  max mem: 11364
Epoch: [71]  [ 50/312]  eta: 0:02:29  lr: 0.000059  sp_loss: 4.6754 (4.4348)  fam_loss: 3.1770 (3.0978)  manu_loss: 2.3688 (2.2668)  ot_loss: 0.8373 (0.8568)  base_loss: 4.9476 (4.7715)  time: 0.4725  data: 0.1639  max mem: 11364
Epoch: [71]  [100/312]  eta: 0:01:48  lr: 0.000059  sp_loss: 4.5099 (4.4421)  fam_loss: 3.2326 (3.1019)  manu_loss: 2.3609 (2.2719)  ot_loss: 0.8389 (0.8561)  base_loss: 4.8527 (4.7770)  time: 0.4134  data: 0.1080  max mem: 11364
Epoch: [71]  [150/312]  eta: 0:01:17  lr: 0.000059  sp_loss: 3.8740 (4.5011)  fam_loss: 2.7835 (3.1315)  manu_loss: 2.0393 (2.2935)  ot_loss: 0.8663 (0.8533)  base_loss: 4.3187 (4.8212)  time: 0.3793  data: 0.0876  max mem: 11364
Epoch: [71]  [200/312]  eta: 0:00:50  lr: 0.000059  sp_loss: 4.4587 (4.5447)  fam_loss: 2.9891 (3.1522)  manu_loss: 2.2676 (2.3080)  ot_loss: 0.8421 (0.8507)  base_loss: 4.8326 (4.8532)  time: 0.3576  data: 0.0756  max mem: 11364
Epoch: [71]  [250/312]  eta: 0:00:26  lr: 0.000059  sp_loss: 4.8567 (4.5637)  fam_loss: 3.3180 (3.1638)  manu_loss: 2.3341 (2.3158)  ot_loss: 0.8298 (0.8494)  base_loss: 5.0736 (4.8679)  time: 0.3687  data: 0.0893  max mem: 11364
Epoch: [71]  [300/312]  eta: 0:00:05  lr: 0.000059  sp_loss: 5.1090 (4.5789)  fam_loss: 3.4043 (3.1712)  manu_loss: 2.4333 (2.3165)  ot_loss: 0.8343 (0.8491)  base_loss: 5.3021 (4.8786)  time: 0.3305  data: 0.0535  max mem: 11364
Epoch: [71]  [311/312]  eta: 0:00:00  lr: 0.000059  sp_loss: 5.0566 (4.5896)  fam_loss: 3.3381 (3.1774)  manu_loss: 2.4542 (2.3217)  ot_loss: 0.8369 (0.8487)  base_loss: 5.2075 (4.8871)  time: 0.3663  data: 0.0995  max mem: 11364
Epoch: [71] Total time: 0:02:10 (0.4197 s / it)
Averaged stats: lr: 0.000059  sp_loss: 5.0566 (4.5896)  fam_loss: 3.3381 (3.1774)  manu_loss: 2.4542 (2.3217)  ot_loss: 0.8369 (0.8487)  base_loss: 5.2075 (4.8871)
Epoch: [72]  [  0/312]  eta: 0:31:58  lr: 0.000056  sp_loss: 3.1750 (3.1750)  fam_loss: 2.2846 (2.2846)  manu_loss: 1.7401 (1.7401)  ot_loss: 0.9252 (0.9252)  base_loss: 3.7629 (3.7629)  time: 6.1480  data: 5.8164  max mem: 11364
Epoch: [72]  [ 50/312]  eta: 0:02:44  lr: 0.000056  sp_loss: 4.8566 (4.5045)  fam_loss: 3.3696 (3.1162)  manu_loss: 2.3825 (2.2678)  ot_loss: 0.8347 (0.8533)  base_loss: 5.1120 (4.8156)  time: 0.5459  data: 0.2370  max mem: 11364
Epoch: [72]  [100/312]  eta: 0:01:53  lr: 0.000056  sp_loss: 4.4144 (4.4236)  fam_loss: 3.0069 (3.0724)  manu_loss: 2.1363 (2.2346)  ot_loss: 0.8446 (0.8569)  base_loss: 4.7249 (4.7520)  time: 0.4773  data: 0.1792  max mem: 11364
Epoch: [72]  [150/312]  eta: 0:01:23  lr: 0.000056  sp_loss: 4.9502 (4.4143)  fam_loss: 3.4069 (3.0686)  manu_loss: 2.3907 (2.2386)  ot_loss: 0.8307 (0.8571)  base_loss: 5.1873 (4.7457)  time: 0.4706  data: 0.1600  max mem: 11364
Epoch: [72]  [200/312]  eta: 0:00:54  lr: 0.000056  sp_loss: 5.0054 (4.4715)  fam_loss: 3.3208 (3.1050)  manu_loss: 2.4355 (2.2661)  ot_loss: 0.8275 (0.8547)  base_loss: 5.1742 (4.7925)  time: 0.3711  data: 0.0670  max mem: 11364
Epoch: [72]  [250/312]  eta: 0:00:29  lr: 0.000056  sp_loss: 4.5771 (4.4001)  fam_loss: 3.1447 (3.0603)  manu_loss: 2.2382 (2.2353)  ot_loss: 0.8516 (0.8581)  base_loss: 4.8579 (4.7353)  time: 0.3738  data: 0.0810  max mem: 11364
Epoch: [72]  [300/312]  eta: 0:00:05  lr: 0.000056  sp_loss: 4.9444 (4.4292)  fam_loss: 3.3568 (3.0797)  manu_loss: 2.5018 (2.2487)  ot_loss: 0.8337 (0.8566)  base_loss: 5.1935 (4.7590)  time: 0.3740  data: 0.0961  max mem: 11364
Epoch: [72]  [311/312]  eta: 0:00:00  lr: 0.000056  sp_loss: 4.5740 (4.4107)  fam_loss: 3.2236 (3.0673)  manu_loss: 2.2803 (2.2409)  ot_loss: 0.8438 (0.8574)  base_loss: 4.9303 (4.7441)  time: 0.3352  data: 0.0662  max mem: 11364
Epoch: [72] Total time: 0:02:20 (0.4490 s / it)
Averaged stats: lr: 0.000056  sp_loss: 4.5740 (4.4107)  fam_loss: 3.2236 (3.0673)  manu_loss: 2.2803 (2.2409)  ot_loss: 0.8438 (0.8574)  base_loss: 4.9303 (4.7441)
Test:  [  0/391]  eta: 0:48:37  sploss: 3.8937 (3.8937)  famloss: 1.6551 (1.6551)  manuloss: 1.0503 (1.0503)  acc1: 35.5469 (35.5469)  acc5: 60.5469 (60.5469)  family_acc1: 67.9688 (67.9688)  manu_acc1: 78.9062 (78.9062)  time: 7.4606  data: 7.3447  max mem: 11364
Test:  [ 50/391]  eta: 0:03:17  sploss: 4.0610 (4.0896)  famloss: 1.8800 (1.9061)  manuloss: 1.2141 (1.2631)  acc1: 34.3750 (33.7623)  acc5: 57.0312 (56.6559)  family_acc1: 61.7188 (62.2472)  manu_acc1: 73.8281 (73.0162)  time: 0.4984  data: 0.3979  max mem: 11364
Test:  [100/391]  eta: 0:02:29  sploss: 4.0644 (4.0668)  famloss: 2.0128 (1.9053)  manuloss: 1.3042 (1.2480)  acc1: 34.3750 (34.1352)  acc5: 55.8594 (56.8920)  family_acc1: 59.7656 (61.8735)  manu_acc1: 72.2656 (73.2905)  time: 0.5151  data: 0.4175  max mem: 11364
Test:  [150/391]  eta: 0:01:56  sploss: 3.8073 (4.0279)  famloss: 1.6996 (1.8792)  manuloss: 1.0789 (1.2310)  acc1: 37.5000 (34.8122)  acc5: 59.7656 (57.5616)  family_acc1: 64.8438 (62.1378)  manu_acc1: 76.5625 (73.6781)  time: 0.4813  data: 0.3828  max mem: 11364
Test:  [200/391]  eta: 0:01:27  sploss: 4.0807 (4.0546)  famloss: 2.0051 (1.9037)  manuloss: 1.2946 (1.2435)  acc1: 34.7656 (34.5110)  acc5: 56.6406 (57.2100)  family_acc1: 58.9844 (61.5944)  manu_acc1: 71.8750 (73.4589)  time: 0.4510  data: 0.3550  max mem: 11364
Test:  [250/391]  eta: 0:01:02  sploss: 3.9374 (4.0462)  famloss: 1.9289 (1.9133)  manuloss: 1.2799 (1.2593)  acc1: 36.3281 (34.7656)  acc5: 57.8125 (57.4265)  family_acc1: 61.3281 (61.4137)  manu_acc1: 71.4844 (72.9302)  time: 0.2780  data: 0.1812  max mem: 11364
Test:  [300/391]  eta: 0:00:39  sploss: 3.7753 (4.0092)  famloss: 1.6890 (1.8806)  manuloss: 1.0822 (1.2339)  acc1: 36.7188 (35.2380)  acc5: 60.9375 (58.0539)  family_acc1: 65.2344 (62.0627)  manu_acc1: 76.5625 (73.4725)  time: 0.2617  data: 0.1663  max mem: 11364
Test:  [350/391]  eta: 0:00:17  sploss: 4.0608 (4.0054)  famloss: 1.8450 (1.8665)  manuloss: 1.1045 (1.2175)  acc1: 34.3750 (35.1885)  acc5: 57.0312 (57.9972)  family_acc1: 62.5000 (62.2975)  manu_acc1: 75.7812 (73.7558)  time: 0.4286  data: 0.3320  max mem: 11364
Test:  [390/391]  eta: 0:00:00  sploss: 3.8533 (3.9936)  famloss: 1.7210 (1.8507)  manuloss: 0.9644 (1.1963)  acc1: 34.7656 (35.1920)  acc5: 60.5469 (58.2120)  family_acc1: 65.2344 (62.5950)  manu_acc1: 79.3750 (74.3650)  time: 0.3989  data: 0.3073  max mem: 11364
Test: Total time: 0:02:45 (0.4227 s / it)
* Acc@1 35.192 Acc@5 58.212 family@1 62.595 manu@1 74.365 sploss 3.994 fmloss 1.851 mfloss 1.196
Accuracy of the network on the 100000 test images: 35.2%
Max accuracy: 35.20%
Epoch: [73]  [  0/312]  eta: 0:41:37  lr: 0.000054  sp_loss: 5.4243 (5.4243)  fam_loss: 3.7875 (3.7875)  manu_loss: 2.6750 (2.6750)  ot_loss: 0.8136 (0.8136)  base_loss: 5.5738 (5.5738)  time: 8.0060  data: 7.6705  max mem: 11364
Epoch: [73]  [ 50/312]  eta: 0:02:45  lr: 0.000054  sp_loss: 4.3577 (4.5366)  fam_loss: 2.9374 (3.1622)  manu_loss: 2.2120 (2.2900)  ot_loss: 0.8595 (0.8530)  base_loss: 4.6766 (4.8471)  time: 0.5343  data: 0.2279  max mem: 11364
Epoch: [73]  [100/312]  eta: 0:01:51  lr: 0.000054  sp_loss: 3.7666 (4.4100)  fam_loss: 2.7673 (3.0714)  manu_loss: 2.0636 (2.2397)  ot_loss: 0.8787 (0.8583)  base_loss: 4.2747 (4.7445)  time: 0.4574  data: 0.1512  max mem: 11364
Epoch: [73]  [150/312]  eta: 0:01:19  lr: 0.000054  sp_loss: 4.1919 (4.4091)  fam_loss: 3.0999 (3.0719)  manu_loss: 2.2556 (2.2446)  ot_loss: 0.8447 (0.8584)  base_loss: 4.6118 (4.7449)  time: 0.4354  data: 0.1240  max mem: 11364
Epoch: [73]  [200/312]  eta: 0:00:52  lr: 0.000054  sp_loss: 4.3387 (4.4130)  fam_loss: 3.0661 (3.0741)  manu_loss: 2.2511 (2.2422)  ot_loss: 0.8306 (0.8573)  base_loss: 4.7126 (4.7470)  time: 0.4697  data: 0.1679  max mem: 11364
Epoch: [73]  [250/312]  eta: 0:00:28  lr: 0.000054  sp_loss: 4.8978 (4.4355)  fam_loss: 3.2972 (3.0873)  manu_loss: 2.3774 (2.2536)  ot_loss: 0.8404 (0.8564)  base_loss: 5.1121 (4.7649)  time: 0.3901  data: 0.0863  max mem: 11364
Epoch: [73]  [300/312]  eta: 0:00:05  lr: 0.000054  sp_loss: 4.5350 (4.3995)  fam_loss: 3.0634 (3.0642)  manu_loss: 2.2295 (2.2397)  ot_loss: 0.8409 (0.8584)  base_loss: 4.8130 (4.7360)  time: 0.3817  data: 0.0878  max mem: 11364
Epoch: [73]  [311/312]  eta: 0:00:00  lr: 0.000054  sp_loss: 4.9031 (4.4103)  fam_loss: 3.4259 (3.0705)  manu_loss: 2.4718 (2.2440)  ot_loss: 0.8317 (0.8581)  base_loss: 5.1633 (4.7444)  time: 0.3731  data: 0.1004  max mem: 11364
Epoch: [73] Total time: 0:02:16 (0.4390 s / it)
Averaged stats: lr: 0.000054  sp_loss: 4.9031 (4.4103)  fam_loss: 3.4259 (3.0705)  manu_loss: 2.4718 (2.2440)  ot_loss: 0.8317 (0.8581)  base_loss: 5.1633 (4.7444)
Epoch: [74]  [  0/312]  eta: 0:40:53  lr: 0.000051  sp_loss: 3.9972 (3.9972)  fam_loss: 2.8470 (2.8470)  manu_loss: 2.0882 (2.0882)  ot_loss: 0.8774 (0.8774)  base_loss: 4.4439 (4.4439)  time: 7.8633  data: 7.5346  max mem: 11364
Epoch: [74]  [ 50/312]  eta: 0:02:39  lr: 0.000051  sp_loss: 4.1729 (4.2813)  fam_loss: 2.8861 (3.0149)  manu_loss: 2.1369 (2.2164)  ot_loss: 0.8633 (0.8620)  base_loss: 4.5213 (4.6520)  time: 0.4509  data: 0.1409  max mem: 11364
Epoch: [74]  [100/312]  eta: 0:01:52  lr: 0.000051  sp_loss: 4.3995 (4.3156)  fam_loss: 3.0735 (3.0238)  manu_loss: 2.1982 (2.2199)  ot_loss: 0.8491 (0.8600)  base_loss: 4.6897 (4.6742)  time: 0.4953  data: 0.1862  max mem: 11364
Epoch: [74]  [150/312]  eta: 0:01:19  lr: 0.000051  sp_loss: 4.5184 (4.4013)  fam_loss: 3.1708 (3.0741)  manu_loss: 2.3505 (2.2524)  ot_loss: 0.8471 (0.8571)  base_loss: 4.8742 (4.7414)  time: 0.4680  data: 0.1576  max mem: 11364
Epoch: [74]  [200/312]  eta: 0:00:52  lr: 0.000051  sp_loss: 4.1557 (4.3975)  fam_loss: 2.9578 (3.0651)  manu_loss: 2.1632 (2.2434)  ot_loss: 0.8573 (0.8570)  base_loss: 4.5583 (4.7352)  time: 0.3894  data: 0.0830  max mem: 11364
Epoch: [74]  [250/312]  eta: 0:00:28  lr: 0.000051  sp_loss: 4.7317 (4.4203)  fam_loss: 3.2574 (3.0780)  manu_loss: 2.3146 (2.2519)  ot_loss: 0.8355 (0.8564)  base_loss: 4.9985 (4.7533)  time: 0.4045  data: 0.1004  max mem: 11364
Epoch: [74]  [300/312]  eta: 0:00:05  lr: 0.000051  sp_loss: 4.5587 (4.4085)  fam_loss: 3.1819 (3.0695)  manu_loss: 2.2907 (2.2449)  ot_loss: 0.8503 (0.8568)  base_loss: 4.8720 (4.7431)  time: 0.4189  data: 0.1342  max mem: 11364
Epoch: [74]  [311/312]  eta: 0:00:00  lr: 0.000051  sp_loss: 3.5249 (4.3957)  fam_loss: 2.5109 (3.0632)  manu_loss: 1.8572 (2.2401)  ot_loss: 0.8555 (0.8577)  base_loss: 4.0059 (4.7335)  time: 0.4167  data: 0.1449  max mem: 11364
Epoch: [74] Total time: 0:02:18 (0.4443 s / it)
Averaged stats: lr: 0.000051  sp_loss: 3.5249 (4.3957)  fam_loss: 2.5109 (3.0632)  manu_loss: 1.8572 (2.2401)  ot_loss: 0.8555 (0.8577)  base_loss: 4.0059 (4.7335)
Test:  [  0/391]  eta: 0:45:26  sploss: 3.9353 (3.9353)  famloss: 1.6191 (1.6191)  manuloss: 1.0063 (1.0063)  acc1: 35.5469 (35.5469)  acc5: 59.3750 (59.3750)  family_acc1: 66.4062 (66.4062)  manu_acc1: 78.9062 (78.9062)  time: 6.9733  data: 6.8540  max mem: 11364
Test:  [ 50/391]  eta: 0:03:14  sploss: 4.0631 (4.1101)  famloss: 1.8866 (1.8917)  manuloss: 1.2138 (1.2350)  acc1: 33.5938 (34.2678)  acc5: 56.6406 (56.8091)  family_acc1: 62.1094 (62.5460)  manu_acc1: 73.4375 (73.7975)  time: 0.4875  data: 0.3898  max mem: 11364
Test:  [100/391]  eta: 0:02:34  sploss: 4.0807 (4.0824)  famloss: 1.9919 (1.8894)  manuloss: 1.2927 (1.2266)  acc1: 34.3750 (34.3905)  acc5: 56.2500 (57.0777)  family_acc1: 60.5469 (62.3182)  manu_acc1: 72.6562 (73.7314)  time: 0.4885  data: 0.3886  max mem: 11364
Test:  [150/391]  eta: 0:02:01  sploss: 3.7993 (4.0386)  famloss: 1.6735 (1.8627)  manuloss: 1.0454 (1.2096)  acc1: 37.1094 (35.0993)  acc5: 60.5469 (57.9108)  family_acc1: 65.6250 (62.7820)  manu_acc1: 76.9531 (74.1101)  time: 0.5631  data: 0.4651  max mem: 11364
Test:  [200/391]  eta: 0:01:33  sploss: 4.1025 (4.0650)  famloss: 1.9592 (1.8878)  manuloss: 1.2968 (1.2227)  acc1: 33.5938 (34.6879)  acc5: 56.6406 (57.5696)  family_acc1: 60.1562 (62.2551)  manu_acc1: 73.0469 (73.9583)  time: 0.5359  data: 0.4392  max mem: 11364
Test:  [250/391]  eta: 0:01:06  sploss: 3.9664 (4.0537)  famloss: 1.8845 (1.8952)  manuloss: 1.2444 (1.2367)  acc1: 36.7188 (35.0177)  acc5: 58.5938 (57.7876)  family_acc1: 60.9375 (62.0782)  manu_acc1: 72.2656 (73.5044)  time: 0.4744  data: 0.3768  max mem: 11364
Test:  [300/391]  eta: 0:00:41  sploss: 3.8095 (4.0139)  famloss: 1.6944 (1.8620)  manuloss: 1.0587 (1.2101)  acc1: 38.2812 (35.4859)  acc5: 62.8906 (58.5081)  family_acc1: 65.2344 (62.6298)  manu_acc1: 76.5625 (74.0345)  time: 0.3695  data: 0.2706  max mem: 11364
Test:  [350/391]  eta: 0:00:18  sploss: 4.0488 (4.0112)  famloss: 1.8155 (1.8482)  manuloss: 1.1198 (1.1943)  acc1: 33.9844 (35.4167)  acc5: 57.4219 (58.4724)  family_acc1: 63.2812 (62.8294)  manu_acc1: 73.8281 (74.3590)  time: 0.2901  data: 0.1934  max mem: 11364
Test:  [390/391]  eta: 0:00:00  sploss: 3.9043 (4.0018)  famloss: 1.7132 (1.8343)  manuloss: 0.9507 (1.1731)  acc1: 36.3281 (35.4380)  acc5: 59.3750 (58.6160)  family_acc1: 65.2344 (63.0760)  manu_acc1: 79.2969 (74.9530)  time: 0.3197  data: 0.2297  max mem: 11364
Test: Total time: 0:02:52 (0.4416 s / it)
* Acc@1 35.438 Acc@5 58.616 family@1 63.076 manu@1 74.953 sploss 4.002 fmloss 1.834 mfloss 1.173
Accuracy of the network on the 100000 test images: 35.4%
Max accuracy: 35.44%
Epoch: [75]  [  0/312]  eta: 0:33:41  lr: 0.000048  sp_loss: 5.0407 (5.0407)  fam_loss: 3.2732 (3.2732)  manu_loss: 2.2920 (2.2920)  ot_loss: 0.8401 (0.8401)  base_loss: 5.1642 (5.1642)  time: 6.4781  data: 6.1229  max mem: 11364
Epoch: [75]  [ 50/312]  eta: 0:02:32  lr: 0.000048  sp_loss: 4.5580 (4.2377)  fam_loss: 3.1599 (2.9599)  manu_loss: 2.2794 (2.1673)  ot_loss: 0.8386 (0.8678)  base_loss: 4.8400 (4.6050)  time: 0.4331  data: 0.1258  max mem: 11364
Epoch: [75]  [100/312]  eta: 0:01:49  lr: 0.000048  sp_loss: 4.1619 (4.3349)  fam_loss: 2.8442 (3.0156)  manu_loss: 2.1107 (2.2001)  ot_loss: 0.8607 (0.8629)  base_loss: 4.5215 (4.6804)  time: 0.4731  data: 0.1657  max mem: 11364
Epoch: [75]  [150/312]  eta: 0:01:19  lr: 0.000048  sp_loss: 4.3715 (4.3711)  fam_loss: 3.0397 (3.0405)  manu_loss: 2.2493 (2.2211)  ot_loss: 0.8426 (0.8600)  base_loss: 4.7228 (4.7108)  time: 0.4624  data: 0.1546  max mem: 11364
Epoch: [75]  [200/312]  eta: 0:00:52  lr: 0.000048  sp_loss: 4.6362 (4.4313)  fam_loss: 3.3148 (3.0819)  manu_loss: 2.3781 (2.2507)  ot_loss: 0.8419 (0.8560)  base_loss: 4.9649 (4.7600)  time: 0.4213  data: 0.1133  max mem: 11364
Epoch: [75]  [250/312]  eta: 0:00:28  lr: 0.000048  sp_loss: 4.4135 (4.4436)  fam_loss: 2.9690 (3.0869)  manu_loss: 2.2000 (2.2546)  ot_loss: 0.8510 (0.8553)  base_loss: 4.7047 (4.7687)  time: 0.3905  data: 0.1014  max mem: 11364
Epoch: [75]  [300/312]  eta: 0:00:05  lr: 0.000048  sp_loss: 4.4491 (4.4568)  fam_loss: 3.0599 (3.0923)  manu_loss: 2.3068 (2.2567)  ot_loss: 0.8506 (0.8546)  base_loss: 4.7673 (4.7779)  time: 0.3840  data: 0.1021  max mem: 11364
Epoch: [75]  [311/312]  eta: 0:00:00  lr: 0.000048  sp_loss: 4.3328 (4.4481)  fam_loss: 3.0280 (3.0865)  manu_loss: 2.2681 (2.2528)  ot_loss: 0.8509 (0.8551)  base_loss: 4.6693 (4.7708)  time: 0.3700  data: 0.1011  max mem: 11364
Epoch: [75] Total time: 0:02:17 (0.4396 s / it)
Averaged stats: lr: 0.000048  sp_loss: 4.3328 (4.4481)  fam_loss: 3.0280 (3.0865)  manu_loss: 2.2681 (2.2528)  ot_loss: 0.8509 (0.8551)  base_loss: 4.6693 (4.7708)
Epoch: [76]  [  0/312]  eta: 0:38:08  lr: 0.000045  sp_loss: 4.8707 (4.8707)  fam_loss: 3.3864 (3.3864)  manu_loss: 2.3337 (2.3337)  ot_loss: 0.8473 (0.8473)  base_loss: 5.0988 (5.0988)  time: 7.3343  data: 6.9901  max mem: 11364
Epoch: [76]  [ 50/312]  eta: 0:02:37  lr: 0.000045  sp_loss: 4.6543 (4.3634)  fam_loss: 3.1451 (3.0350)  manu_loss: 2.3260 (2.2104)  ot_loss: 0.8388 (0.8589)  base_loss: 4.9433 (4.7023)  time: 0.5074  data: 0.1998  max mem: 11364
Epoch: [76]  [100/312]  eta: 0:01:45  lr: 0.000045  sp_loss: 4.5195 (4.2989)  fam_loss: 3.0411 (2.9950)  manu_loss: 2.1941 (2.1860)  ot_loss: 0.8482 (0.8606)  base_loss: 4.8464 (4.6513)  time: 0.4108  data: 0.1199  max mem: 11364
Epoch: [76]  [150/312]  eta: 0:01:15  lr: 0.000045  sp_loss: 4.4827 (4.3201)  fam_loss: 3.1020 (3.0133)  manu_loss: 2.2667 (2.2012)  ot_loss: 0.8382 (0.8596)  base_loss: 4.7917 (4.6700)  time: 0.4033  data: 0.1204  max mem: 11364
Epoch: [76]  [200/312]  eta: 0:00:50  lr: 0.000045  sp_loss: 4.4374 (4.3547)  fam_loss: 3.0974 (3.0378)  manu_loss: 2.2434 (2.2180)  ot_loss: 0.8505 (0.8586)  base_loss: 4.7672 (4.6987)  time: 0.4145  data: 0.1245  max mem: 11364
Epoch: [76]  [250/312]  eta: 0:00:27  lr: 0.000045  sp_loss: 4.9093 (4.3891)  fam_loss: 3.2346 (3.0579)  manu_loss: 2.3633 (2.2311)  ot_loss: 0.8380 (0.8563)  base_loss: 5.0801 (4.7254)  time: 0.3271  data: 0.0442  max mem: 11364
Epoch: [76]  [300/312]  eta: 0:00:05  lr: 0.000045  sp_loss: 4.9923 (4.4157)  fam_loss: 3.3409 (3.0716)  manu_loss: 2.4630 (2.2412)  ot_loss: 0.8409 (0.8556)  base_loss: 5.1688 (4.7457)  time: 0.3395  data: 0.0535  max mem: 11364
Epoch: [76]  [311/312]  eta: 0:00:00  lr: 0.000045  sp_loss: 4.8520 (4.4085)  fam_loss: 3.3438 (3.0669)  manu_loss: 2.4425 (2.2377)  ot_loss: 0.8391 (0.8560)  base_loss: 5.1192 (4.7399)  time: 0.3160  data: 0.0466  max mem: 11364
Epoch: [76] Total time: 0:02:12 (0.4255 s / it)
Averaged stats: lr: 0.000045  sp_loss: 4.8520 (4.4085)  fam_loss: 3.3438 (3.0669)  manu_loss: 2.4425 (2.2377)  ot_loss: 0.8391 (0.8560)  base_loss: 5.1192 (4.7399)
Test:  [  0/391]  eta: 0:40:09  sploss: 3.9908 (3.9908)  famloss: 1.7002 (1.7002)  manuloss: 1.0493 (1.0493)  acc1: 36.3281 (36.3281)  acc5: 59.3750 (59.3750)  family_acc1: 66.0156 (66.0156)  manu_acc1: 78.9062 (78.9062)  time: 6.1636  data: 6.0499  max mem: 11364
Test:  [ 50/391]  eta: 0:02:53  sploss: 4.1277 (4.1589)  famloss: 1.9253 (1.9459)  manuloss: 1.2323 (1.2759)  acc1: 33.2031 (33.9154)  acc5: 57.4219 (56.7785)  family_acc1: 62.1094 (62.5613)  manu_acc1: 74.6094 (73.5294)  time: 0.4161  data: 0.3162  max mem: 11364
Test:  [100/391]  eta: 0:02:09  sploss: 4.1559 (4.1381)  famloss: 2.0563 (1.9471)  manuloss: 1.3152 (1.2642)  acc1: 33.5938 (34.0617)  acc5: 55.8594 (56.9268)  family_acc1: 59.7656 (62.1519)  manu_acc1: 72.6562 (73.7740)  time: 0.4428  data: 0.3457  max mem: 11364
Test:  [150/391]  eta: 0:01:42  sploss: 3.8745 (4.0998)  famloss: 1.7362 (1.9208)  manuloss: 1.0951 (1.2468)  acc1: 37.5000 (34.7708)  acc5: 59.7656 (57.6366)  family_acc1: 63.6719 (62.3836)  manu_acc1: 76.1719 (74.0713)  time: 0.4374  data: 0.3417  max mem: 11364
Test:  [200/391]  eta: 0:01:18  sploss: 4.1623 (4.1242)  famloss: 2.0449 (1.9458)  manuloss: 1.2898 (1.2593)  acc1: 33.5938 (34.4430)  acc5: 57.0312 (57.3033)  family_acc1: 59.3750 (61.8237)  manu_acc1: 71.8750 (73.8067)  time: 0.2869  data: 0.1910  max mem: 11364
Test:  [250/391]  eta: 0:00:57  sploss: 4.0289 (4.1154)  famloss: 1.9520 (1.9538)  manuloss: 1.2963 (1.2739)  acc1: 37.1094 (34.8279)  acc5: 57.0312 (57.4639)  family_acc1: 60.5469 (61.6176)  manu_acc1: 72.2656 (73.3130)  time: 0.3406  data: 0.2444  max mem: 11364
Test:  [300/391]  eta: 0:00:36  sploss: 3.8708 (4.0791)  famloss: 1.7337 (1.9212)  manuloss: 1.0616 (1.2483)  acc1: 38.2812 (35.3353)  acc5: 61.7188 (58.1188)  family_acc1: 66.0156 (62.2651)  manu_acc1: 77.3438 (73.8748)  time: 0.3632  data: 0.2625  max mem: 11364
Test:  [350/391]  eta: 0:00:16  sploss: 4.1187 (4.0759)  famloss: 1.8974 (1.9082)  manuloss: 1.1706 (1.2329)  acc1: 34.7656 (35.2798)  acc5: 58.2031 (58.0985)  family_acc1: 61.7188 (62.4444)  manu_acc1: 75.0000 (74.2032)  time: 0.3594  data: 0.2632  max mem: 11364
Test:  [390/391]  eta: 0:00:00  sploss: 3.9418 (4.0652)  famloss: 1.7640 (1.8951)  manuloss: 0.9768 (1.2127)  acc1: 35.1562 (35.3100)  acc5: 60.1562 (58.2470)  family_acc1: 64.8438 (62.7330)  manu_acc1: 80.4688 (74.7760)  time: 0.4143  data: 0.3206  max mem: 11364
Test: Total time: 0:02:35 (0.3983 s / it)
* Acc@1 35.310 Acc@5 58.247 family@1 62.733 manu@1 74.776 sploss 4.065 fmloss 1.895 mfloss 1.213
Accuracy of the network on the 100000 test images: 35.3%
Max accuracy: 35.44%
Epoch: [77]  [  0/312]  eta: 0:37:05  lr: 0.000043  sp_loss: 5.1502 (5.1502)  fam_loss: 3.6532 (3.6532)  manu_loss: 2.6159 (2.6159)  ot_loss: 0.8194 (0.8194)  base_loss: 5.3731 (5.3731)  time: 7.1323  data: 6.8293  max mem: 11364
Epoch: [77]  [ 50/312]  eta: 0:02:25  lr: 0.000043  sp_loss: 4.2395 (4.2761)  fam_loss: 3.1058 (2.9888)  manu_loss: 2.1664 (2.1876)  ot_loss: 0.8495 (0.8610)  base_loss: 4.6398 (4.6360)  time: 0.4547  data: 0.1736  max mem: 11364
Epoch: [77]  [100/312]  eta: 0:01:43  lr: 0.000043  sp_loss: 4.7074 (4.3509)  fam_loss: 3.1114 (3.0397)  manu_loss: 2.3150 (2.2207)  ot_loss: 0.8439 (0.8578)  base_loss: 4.9604 (4.6976)  time: 0.5035  data: 0.2211  max mem: 11364
Epoch: [77]  [150/312]  eta: 0:01:15  lr: 0.000043  sp_loss: 4.6909 (4.3957)  fam_loss: 3.2583 (3.0679)  manu_loss: 2.3980 (2.2420)  ot_loss: 0.8410 (0.8568)  base_loss: 4.9712 (4.7338)  time: 0.4257  data: 0.1386  max mem: 11364
Epoch: [77]  [200/312]  eta: 0:00:50  lr: 0.000043  sp_loss: 4.5486 (4.4255)  fam_loss: 3.1923 (3.0796)  manu_loss: 2.3835 (2.2482)  ot_loss: 0.8404 (0.8558)  base_loss: 4.8580 (4.7549)  time: 0.3850  data: 0.1048  max mem: 11364
Epoch: [77]  [250/312]  eta: 0:00:26  lr: 0.000043  sp_loss: 4.6466 (4.4237)  fam_loss: 3.1889 (3.0752)  manu_loss: 2.3951 (2.2455)  ot_loss: 0.8321 (0.8561)  base_loss: 4.9288 (4.7527)  time: 0.3832  data: 0.1033  max mem: 11364
Epoch: [77]  [300/312]  eta: 0:00:05  lr: 0.000043  sp_loss: 4.5508 (4.4378)  fam_loss: 3.2853 (3.0836)  manu_loss: 2.3797 (2.2504)  ot_loss: 0.8353 (0.8552)  base_loss: 4.9004 (4.7635)  time: 0.3790  data: 0.1010  max mem: 11364
Epoch: [77]  [311/312]  eta: 0:00:00  lr: 0.000043  sp_loss: 4.3612 (4.4280)  fam_loss: 3.1111 (3.0768)  manu_loss: 2.2509 (2.2465)  ot_loss: 0.8415 (0.8554)  base_loss: 4.7257 (4.7554)  time: 0.3707  data: 0.0954  max mem: 11364
Epoch: [77] Total time: 0:02:11 (0.4207 s / it)
Averaged stats: lr: 0.000043  sp_loss: 4.3612 (4.4280)  fam_loss: 3.1111 (3.0768)  manu_loss: 2.2509 (2.2465)  ot_loss: 0.8415 (0.8554)  base_loss: 4.7257 (4.7554)
Epoch: [78]  [  0/312]  eta: 0:34:54  lr: 0.000040  sp_loss: 2.3712 (2.3712)  fam_loss: 1.8476 (1.8476)  manu_loss: 1.4314 (1.4314)  ot_loss: 0.9520 (0.9520)  base_loss: 3.1402 (3.1402)  time: 6.7129  data: 6.2225  max mem: 11364
Epoch: [78]  [ 50/312]  eta: 0:02:20  lr: 0.000040  sp_loss: 3.6651 (4.1700)  fam_loss: 2.6993 (2.9103)  manu_loss: 1.9792 (2.1255)  ot_loss: 0.8829 (0.8667)  base_loss: 4.1886 (4.5454)  time: 0.4335  data: 0.1302  max mem: 11364
Epoch: [78]  [100/312]  eta: 0:01:39  lr: 0.000040  sp_loss: 4.2190 (4.2447)  fam_loss: 2.9446 (2.9568)  manu_loss: 2.1499 (2.1657)  ot_loss: 0.8589 (0.8618)  base_loss: 4.6030 (4.6063)  time: 0.4264  data: 0.1270  max mem: 11364
Epoch: [78]  [150/312]  eta: 0:01:12  lr: 0.000040  sp_loss: 4.7644 (4.2408)  fam_loss: 3.1950 (2.9567)  manu_loss: 2.3374 (2.1681)  ot_loss: 0.8383 (0.8624)  base_loss: 4.9870 (4.6042)  time: 0.4399  data: 0.1436  max mem: 11364
Epoch: [78]  [200/312]  eta: 0:00:48  lr: 0.000040  sp_loss: 4.7986 (4.2975)  fam_loss: 3.2374 (2.9932)  manu_loss: 2.3704 (2.1933)  ot_loss: 0.8376 (0.8596)  base_loss: 5.0325 (4.6498)  time: 0.3392  data: 0.0435  max mem: 11364
Epoch: [78]  [250/312]  eta: 0:00:26  lr: 0.000040  sp_loss: 4.9797 (4.3316)  fam_loss: 3.3408 (3.0186)  manu_loss: 2.4663 (2.2127)  ot_loss: 0.8387 (0.8587)  base_loss: 5.1552 (4.6790)  time: 0.3696  data: 0.0761  max mem: 11364
Epoch: [78]  [300/312]  eta: 0:00:05  lr: 0.000040  sp_loss: 4.7850 (4.3487)  fam_loss: 3.2801 (3.0280)  manu_loss: 2.3735 (2.2206)  ot_loss: 0.8409 (0.8576)  base_loss: 5.0331 (4.6924)  time: 0.4128  data: 0.1345  max mem: 11364
Epoch: [78]  [311/312]  eta: 0:00:00  lr: 0.000040  sp_loss: 4.7149 (4.3547)  fam_loss: 3.2109 (3.0320)  manu_loss: 2.2568 (2.2216)  ot_loss: 0.8357 (0.8573)  base_loss: 4.9775 (4.6971)  time: 0.3147  data: 0.0496  max mem: 11364
Epoch: [78] Total time: 0:02:09 (0.4157 s / it)
Averaged stats: lr: 0.000040  sp_loss: 4.7149 (4.3547)  fam_loss: 3.2109 (3.0320)  manu_loss: 2.2568 (2.2216)  ot_loss: 0.8357 (0.8573)  base_loss: 4.9775 (4.6971)
Test:  [  0/391]  eta: 0:36:59  sploss: 3.9245 (3.9245)  famloss: 1.6317 (1.6317)  manuloss: 1.0356 (1.0356)  acc1: 36.3281 (36.3281)  acc5: 59.7656 (59.7656)  family_acc1: 69.1406 (69.1406)  manu_acc1: 78.9062 (78.9062)  time: 5.6755  data: 5.5315  max mem: 11364
Test:  [ 50/391]  eta: 0:03:06  sploss: 4.0606 (4.1072)  famloss: 1.8662 (1.8890)  manuloss: 1.2019 (1.2468)  acc1: 34.7656 (34.9341)  acc5: 57.4219 (57.3146)  family_acc1: 62.8906 (63.2200)  manu_acc1: 75.0000 (74.1345)  time: 0.4995  data: 0.4019  max mem: 11364
Test:  [100/391]  eta: 0:02:15  sploss: 4.0833 (4.0859)  famloss: 1.9804 (1.8892)  manuloss: 1.2739 (1.2337)  acc1: 33.5938 (34.9745)  acc5: 57.0312 (57.5727)  family_acc1: 60.5469 (62.7205)  manu_acc1: 73.0469 (74.1646)  time: 0.3890  data: 0.2929  max mem: 11364
Test:  [150/391]  eta: 0:01:45  sploss: 3.8202 (4.0459)  famloss: 1.6788 (1.8647)  manuloss: 1.0513 (1.2178)  acc1: 38.6719 (35.6167)  acc5: 61.3281 (58.2652)  family_acc1: 66.0156 (63.0122)  manu_acc1: 77.3438 (74.4361)  time: 0.4172  data: 0.3216  max mem: 11364
Test:  [200/391]  eta: 0:01:19  sploss: 4.0998 (4.0711)  famloss: 1.9619 (1.8892)  manuloss: 1.2876 (1.2289)  acc1: 33.5938 (35.2282)  acc5: 57.4219 (57.9116)  family_acc1: 60.9375 (62.4553)  manu_acc1: 72.6562 (74.1993)  time: 0.4385  data: 0.3413  max mem: 11364
Test:  [250/391]  eta: 0:00:57  sploss: 3.9681 (4.0620)  famloss: 1.9098 (1.8989)  manuloss: 1.2771 (1.2442)  acc1: 37.5000 (35.5547)  acc5: 58.5938 (58.0880)  family_acc1: 61.7188 (62.2712)  manu_acc1: 71.4844 (73.6990)  time: 0.2751  data: 0.1792  max mem: 11364
Test:  [300/391]  eta: 0:00:36  sploss: 3.8154 (4.0242)  famloss: 1.6725 (1.8656)  manuloss: 1.0363 (1.2185)  acc1: 37.8906 (36.0283)  acc5: 61.7188 (58.8001)  family_acc1: 66.7969 (62.9023)  manu_acc1: 78.1250 (74.2668)  time: 0.2570  data: 0.1630  max mem: 11364
Test:  [350/391]  eta: 0:00:16  sploss: 4.0482 (4.0204)  famloss: 1.8291 (1.8525)  manuloss: 1.1077 (1.2026)  acc1: 35.5469 (35.9453)  acc5: 58.2031 (58.8241)  family_acc1: 62.1094 (63.1343)  manu_acc1: 76.5625 (74.5771)  time: 0.4423  data: 0.3468  max mem: 11364
Test:  [390/391]  eta: 0:00:00  sploss: 3.8885 (4.0106)  famloss: 1.7175 (1.8380)  manuloss: 0.9649 (1.1817)  acc1: 35.9375 (35.9810)  acc5: 60.5469 (58.9860)  family_acc1: 66.4062 (63.3870)  manu_acc1: 80.0781 (75.1560)  time: 0.4091  data: 0.3176  max mem: 11364
Test: Total time: 0:02:36 (0.4009 s / it)
* Acc@1 35.981 Acc@5 58.986 family@1 63.387 manu@1 75.156 sploss 4.011 fmloss 1.838 mfloss 1.182
Accuracy of the network on the 100000 test images: 36.0%
Max accuracy: 35.98%
Epoch: [79]  [  0/312]  eta: 0:35:26  lr: 0.000038  sp_loss: 3.5517 (3.5517)  fam_loss: 2.4217 (2.4217)  manu_loss: 1.8914 (1.8914)  ot_loss: 0.8752 (0.8752)  base_loss: 4.0208 (4.0208)  time: 6.8160  data: 6.4624  max mem: 11364
Epoch: [79]  [ 50/312]  eta: 0:02:29  lr: 0.000038  sp_loss: 4.6180 (4.4339)  fam_loss: 3.1556 (3.0559)  manu_loss: 2.3719 (2.2452)  ot_loss: 0.8421 (0.8558)  base_loss: 4.8928 (4.7527)  time: 0.5061  data: 0.2238  max mem: 11364
Epoch: [79]  [100/312]  eta: 0:01:40  lr: 0.000038  sp_loss: 5.1483 (4.5451)  fam_loss: 3.4259 (3.1384)  manu_loss: 2.5548 (2.3011)  ot_loss: 0.8304 (0.8515)  base_loss: 5.3209 (4.8462)  time: 0.3850  data: 0.1030  max mem: 11365
Epoch: [79]  [150/312]  eta: 0:01:10  lr: 0.000038  sp_loss: 3.5683 (4.4449)  fam_loss: 2.4750 (3.0749)  manu_loss: 1.8778 (2.2576)  ot_loss: 0.8688 (0.8544)  base_loss: 4.0459 (4.7658)  time: 0.3792  data: 0.0999  max mem: 11365
Epoch: [79]  [200/312]  eta: 0:00:46  lr: 0.000038  sp_loss: 4.5005 (4.4171)  fam_loss: 3.0981 (3.0584)  manu_loss: 2.3266 (2.2432)  ot_loss: 0.8416 (0.8555)  base_loss: 4.7766 (4.7432)  time: 0.3838  data: 0.1052  max mem: 11365
Epoch: [79]  [250/312]  eta: 0:00:25  lr: 0.000038  sp_loss: 5.0024 (4.4277)  fam_loss: 3.3317 (3.0648)  manu_loss: 2.4169 (2.2439)  ot_loss: 0.8354 (0.8552)  base_loss: 5.1778 (4.7509)  time: 0.3330  data: 0.0524  max mem: 11365
Epoch: [79]  [300/312]  eta: 0:00:04  lr: 0.000038  sp_loss: 4.8502 (4.4135)  fam_loss: 3.3681 (3.0579)  manu_loss: 2.3987 (2.2364)  ot_loss: 0.8370 (0.8560)  base_loss: 5.1212 (4.7398)  time: 0.3311  data: 0.0521  max mem: 11365
Epoch: [79]  [311/312]  eta: 0:00:00  lr: 0.000038  sp_loss: 4.9671 (4.4337)  fam_loss: 3.3660 (3.0709)  manu_loss: 2.4650 (2.2457)  ot_loss: 0.8349 (0.8552)  base_loss: 5.1698 (4.7562)  time: 0.3255  data: 0.0569  max mem: 11365
Epoch: [79] Total time: 0:02:04 (0.3993 s / it)
Averaged stats: lr: 0.000038  sp_loss: 4.9671 (4.4337)  fam_loss: 3.3660 (3.0709)  manu_loss: 2.4650 (2.2457)  ot_loss: 0.8349 (0.8552)  base_loss: 5.1698 (4.7562)
Epoch: [80]  [  0/312]  eta: 0:29:42  lr: 0.000035  sp_loss: 4.8675 (4.8675)  fam_loss: 3.3495 (3.3495)  manu_loss: 2.4930 (2.4930)  ot_loss: 0.8307 (0.8307)  base_loss: 5.1179 (5.1179)  time: 5.7116  data: 5.3779  max mem: 11365
Epoch: [80]  [ 50/312]  eta: 0:02:20  lr: 0.000035  sp_loss: 4.8024 (4.4620)  fam_loss: 3.3172 (3.0937)  manu_loss: 2.4030 (2.2686)  ot_loss: 0.8300 (0.8529)  base_loss: 5.0512 (4.7822)  time: 0.4144  data: 0.1141  max mem: 11365
Epoch: [80]  [100/312]  eta: 0:01:44  lr: 0.000035  sp_loss: 3.9404 (4.3571)  fam_loss: 2.7828 (3.0298)  manu_loss: 2.0486 (2.2175)  ot_loss: 0.8584 (0.8579)  base_loss: 4.3748 (4.6977)  time: 0.4399  data: 0.1387  max mem: 11365
Epoch: [80]  [150/312]  eta: 0:01:14  lr: 0.000035  sp_loss: 4.3361 (4.3448)  fam_loss: 3.0334 (3.0214)  manu_loss: 2.2278 (2.2112)  ot_loss: 0.8476 (0.8587)  base_loss: 4.6865 (4.6877)  time: 0.4167  data: 0.1154  max mem: 11365
Epoch: [80]  [200/312]  eta: 0:00:49  lr: 0.000035  sp_loss: 4.0629 (4.2823)  fam_loss: 2.8583 (2.9811)  manu_loss: 2.1503 (2.1845)  ot_loss: 0.8556 (0.8613)  base_loss: 4.4521 (4.6373)  time: 0.4117  data: 0.1135  max mem: 11365
Epoch: [80]  [250/312]  eta: 0:00:26  lr: 0.000035  sp_loss: 4.8274 (4.3236)  fam_loss: 3.3412 (3.0095)  manu_loss: 2.3939 (2.2037)  ot_loss: 0.8398 (0.8593)  base_loss: 5.0809 (4.6709)  time: 0.4339  data: 0.1360  max mem: 11365
Epoch: [80]  [300/312]  eta: 0:00:05  lr: 0.000035  sp_loss: 4.5352 (4.3600)  fam_loss: 3.1113 (3.0314)  manu_loss: 2.3678 (2.2200)  ot_loss: 0.8367 (0.8575)  base_loss: 4.8457 (4.7000)  time: 0.3385  data: 0.0422  max mem: 11365
Epoch: [80]  [311/312]  eta: 0:00:00  lr: 0.000035  sp_loss: 4.3772 (4.3518)  fam_loss: 3.0412 (3.0265)  manu_loss: 2.2114 (2.2166)  ot_loss: 0.8544 (0.8578)  base_loss: 4.7055 (4.6935)  time: 0.3624  data: 0.0825  max mem: 11365
Epoch: [80] Total time: 0:02:10 (0.4197 s / it)
Averaged stats: lr: 0.000035  sp_loss: 4.3772 (4.3518)  fam_loss: 3.0412 (3.0265)  manu_loss: 2.2114 (2.2166)  ot_loss: 0.8544 (0.8578)  base_loss: 4.7055 (4.6935)
Test:  [  0/391]  eta: 0:34:42  sploss: 3.9107 (3.9107)  famloss: 1.6218 (1.6218)  manuloss: 0.9941 (0.9941)  acc1: 39.0625 (39.0625)  acc5: 61.7188 (61.7188)  family_acc1: 68.7500 (68.7500)  manu_acc1: 81.2500 (81.2500)  time: 5.3250  data: 5.2116  max mem: 11365
Test:  [ 50/391]  eta: 0:02:48  sploss: 4.0869 (4.1181)  famloss: 1.8728 (1.8964)  manuloss: 1.1872 (1.2414)  acc1: 33.9844 (34.7350)  acc5: 57.4219 (57.3223)  family_acc1: 62.5000 (63.0362)  manu_acc1: 75.0000 (74.2953)  time: 0.4239  data: 0.3276  max mem: 11365
Test:  [100/391]  eta: 0:02:06  sploss: 4.0809 (4.0953)  famloss: 1.9792 (1.8959)  manuloss: 1.2713 (1.2303)  acc1: 34.3750 (34.8198)  acc5: 56.6406 (57.4373)  family_acc1: 59.3750 (62.6972)  manu_acc1: 73.8281 (74.2690)  time: 0.4375  data: 0.3420  max mem: 11365
Test:  [150/391]  eta: 0:01:39  sploss: 3.8180 (4.0553)  famloss: 1.6890 (1.8709)  manuloss: 1.0649 (1.2147)  acc1: 37.8906 (35.3942)  acc5: 60.1562 (58.1333)  family_acc1: 66.4062 (62.9941)  manu_acc1: 77.7344 (74.5292)  time: 0.4284  data: 0.3282  max mem: 11365
Test:  [200/391]  eta: 0:01:16  sploss: 4.1191 (4.0794)  famloss: 1.9827 (1.8953)  manuloss: 1.2569 (1.2262)  acc1: 34.7656 (35.0863)  acc5: 57.0312 (57.8222)  family_acc1: 60.1562 (62.4864)  manu_acc1: 73.4375 (74.3179)  time: 0.4232  data: 0.3266  max mem: 11365
Test:  [250/391]  eta: 0:00:55  sploss: 3.9973 (4.0708)  famloss: 1.8990 (1.9047)  manuloss: 1.2315 (1.2405)  acc1: 38.2812 (35.4364)  acc5: 58.5938 (57.9821)  family_acc1: 61.7188 (62.3490)  manu_acc1: 72.2656 (73.7768)  time: 0.2879  data: 0.1909  max mem: 11365
Test:  [300/391]  eta: 0:00:35  sploss: 3.8196 (4.0324)  famloss: 1.6843 (1.8718)  manuloss: 1.0428 (1.2142)  acc1: 38.2812 (35.9479)  acc5: 62.8906 (58.6833)  family_acc1: 66.0156 (62.9737)  manu_acc1: 77.7344 (74.3368)  time: 0.2642  data: 0.1708  max mem: 11365
Test:  [350/391]  eta: 0:00:16  sploss: 4.0584 (4.0285)  famloss: 1.8372 (1.8586)  manuloss: 1.1474 (1.1983)  acc1: 35.1562 (35.8885)  acc5: 57.4219 (58.6494)  family_acc1: 62.8906 (63.1778)  manu_acc1: 76.1719 (74.6583)  time: 0.4152  data: 0.3189  max mem: 11365
Test:  [390/391]  eta: 0:00:00  sploss: 3.8935 (4.0176)  famloss: 1.7299 (1.8440)  manuloss: 0.9272 (1.1773)  acc1: 36.3281 (35.9130)  acc5: 60.5469 (58.8210)  family_acc1: 65.6250 (63.4570)  manu_acc1: 79.6875 (75.2180)  time: 0.4137  data: 0.3233  max mem: 11365
Test: Total time: 0:02:32 (0.3912 s / it)
* Acc@1 35.913 Acc@5 58.821 family@1 63.457 manu@1 75.218 sploss 4.018 fmloss 1.844 mfloss 1.177
Accuracy of the network on the 100000 test images: 35.9%
Max accuracy: 35.98%
Epoch: [81]  [  0/312]  eta: 0:34:53  lr: 0.000033  sp_loss: 5.3973 (5.3973)  fam_loss: 3.6159 (3.6159)  manu_loss: 2.8057 (2.8057)  ot_loss: 0.8123 (0.8123)  base_loss: 5.5390 (5.5390)  time: 6.7085  data: 6.3846  max mem: 11365
Epoch: [81]  [ 50/312]  eta: 0:02:18  lr: 0.000033  sp_loss: 4.1281 (4.3797)  fam_loss: 2.9422 (3.0525)  manu_loss: 2.1200 (2.2419)  ot_loss: 0.8580 (0.8552)  base_loss: 4.5398 (4.7191)  time: 0.4049  data: 0.1054  max mem: 11365
Epoch: [81]  [100/312]  eta: 0:01:34  lr: 0.000033  sp_loss: 4.6353 (4.4014)  fam_loss: 3.1269 (3.0623)  manu_loss: 2.2770 (2.2460)  ot_loss: 0.8490 (0.8558)  base_loss: 4.8978 (4.7350)  time: 0.3799  data: 0.0693  max mem: 11365
Epoch: [81]  [150/312]  eta: 0:01:09  lr: 0.000033  sp_loss: 4.1791 (4.3216)  fam_loss: 2.8836 (3.0105)  manu_loss: 2.1871 (2.2108)  ot_loss: 0.8585 (0.8589)  base_loss: 4.5731 (4.6702)  time: 0.4285  data: 0.1352  max mem: 11365
Epoch: [81]  [200/312]  eta: 0:00:46  lr: 0.000033  sp_loss: 3.7864 (4.3399)  fam_loss: 2.7152 (3.0166)  manu_loss: 1.9905 (2.2136)  ot_loss: 0.8638 (0.8585)  base_loss: 4.2334 (4.6827)  time: 0.4038  data: 0.1086  max mem: 11365
Epoch: [81]  [250/312]  eta: 0:00:25  lr: 0.000033  sp_loss: 4.3479 (4.3056)  fam_loss: 2.9847 (2.9947)  manu_loss: 2.2168 (2.1979)  ot_loss: 0.8497 (0.8599)  base_loss: 4.7049 (4.6546)  time: 0.4134  data: 0.1267  max mem: 11365
Epoch: [81]  [300/312]  eta: 0:00:04  lr: 0.000033  sp_loss: 4.4814 (4.2683)  fam_loss: 3.1202 (2.9670)  manu_loss: 2.2961 (2.1767)  ot_loss: 0.8415 (0.8619)  base_loss: 4.7962 (4.6232)  time: 0.3303  data: 0.0379  max mem: 11365
Epoch: [81]  [311/312]  eta: 0:00:00  lr: 0.000033  sp_loss: 4.5467 (4.2773)  fam_loss: 3.1349 (2.9731)  manu_loss: 2.3430 (2.1800)  ot_loss: 0.8428 (0.8614)  base_loss: 4.8806 (4.6304)  time: 0.3546  data: 0.0811  max mem: 11365
Epoch: [81] Total time: 0:02:05 (0.4037 s / it)
Averaged stats: lr: 0.000033  sp_loss: 4.5467 (4.2773)  fam_loss: 3.1349 (2.9731)  manu_loss: 2.3430 (2.1800)  ot_loss: 0.8428 (0.8614)  base_loss: 4.8806 (4.6304)
Epoch: [82]  [  0/312]  eta: 0:28:47  lr: 0.000031  sp_loss: 3.4882 (3.4882)  fam_loss: 2.5709 (2.5709)  manu_loss: 1.8423 (1.8423)  ot_loss: 0.8990 (0.8990)  base_loss: 4.0271 (4.0271)  time: 5.5372  data: 5.2047  max mem: 11365
Epoch: [82]  [ 50/312]  eta: 0:02:31  lr: 0.000031  sp_loss: 4.5611 (4.3988)  fam_loss: 3.2221 (3.0664)  manu_loss: 2.2679 (2.2412)  ot_loss: 0.8360 (0.8524)  base_loss: 4.8790 (4.7346)  time: 0.4326  data: 0.1438  max mem: 11365
Epoch: [82]  [100/312]  eta: 0:01:41  lr: 0.000031  sp_loss: 3.7276 (4.2726)  fam_loss: 2.6842 (2.9722)  manu_loss: 1.9762 (2.1729)  ot_loss: 0.8591 (0.8620)  base_loss: 4.2208 (4.6274)  time: 0.4130  data: 0.1203  max mem: 11365
Epoch: [82]  [150/312]  eta: 0:01:12  lr: 0.000031  sp_loss: 5.0963 (4.3184)  fam_loss: 3.4341 (3.0115)  manu_loss: 2.5104 (2.2011)  ot_loss: 0.8216 (0.8585)  base_loss: 5.2844 (4.6673)  time: 0.4155  data: 0.1233  max mem: 11365
Epoch: [82]  [200/312]  eta: 0:00:48  lr: 0.000031  sp_loss: 4.2939 (4.2871)  fam_loss: 3.0453 (2.9926)  manu_loss: 2.2090 (2.1899)  ot_loss: 0.8447 (0.8600)  base_loss: 4.6681 (4.6431)  time: 0.4163  data: 0.1328  max mem: 11365
Epoch: [82]  [250/312]  eta: 0:00:26  lr: 0.000031  sp_loss: 4.3730 (4.2948)  fam_loss: 2.9565 (2.9968)  manu_loss: 2.2220 (2.1944)  ot_loss: 0.8523 (0.8595)  base_loss: 4.6794 (4.6491)  time: 0.3490  data: 0.0677  max mem: 11365
Epoch: [82]  [300/312]  eta: 0:00:04  lr: 0.000031  sp_loss: 3.8475 (4.2989)  fam_loss: 2.6228 (3.0003)  manu_loss: 1.9529 (2.1973)  ot_loss: 0.8605 (0.8590)  base_loss: 4.2632 (4.6526)  time: 0.3424  data: 0.0505  max mem: 11365
Epoch: [82]  [311/312]  eta: 0:00:00  lr: 0.000031  sp_loss: 3.6862 (4.2946)  fam_loss: 2.5838 (2.9971)  manu_loss: 1.9134 (2.1955)  ot_loss: 0.8722 (0.8594)  base_loss: 4.1417 (4.6489)  time: 0.3140  data: 0.0362  max mem: 11365
Epoch: [82] Total time: 0:02:08 (0.4134 s / it)
Averaged stats: lr: 0.000031  sp_loss: 3.6862 (4.2946)  fam_loss: 2.5838 (2.9971)  manu_loss: 1.9134 (2.1955)  ot_loss: 0.8722 (0.8594)  base_loss: 4.1417 (4.6489)
Test:  [  0/391]  eta: 0:39:59  sploss: 3.7999 (3.7999)  famloss: 1.5075 (1.5075)  manuloss: 0.9121 (0.9121)  acc1: 34.3750 (34.3750)  acc5: 61.3281 (61.3281)  family_acc1: 69.5312 (69.5312)  manu_acc1: 82.8125 (82.8125)  time: 6.1358  data: 5.9990  max mem: 11365
Test:  [ 50/391]  eta: 0:03:27  sploss: 3.9153 (3.9767)  famloss: 1.7613 (1.7856)  manuloss: 1.1600 (1.1819)  acc1: 35.9375 (35.3860)  acc5: 57.4219 (57.5138)  family_acc1: 62.5000 (63.7561)  manu_acc1: 75.7812 (74.5711)  time: 0.5965  data: 0.4984  max mem: 11365
Test:  [100/391]  eta: 0:02:36  sploss: 3.9570 (3.9504)  famloss: 1.8714 (1.7857)  manuloss: 1.2040 (1.1709)  acc1: 33.9844 (35.3612)  acc5: 58.2031 (58.0716)  family_acc1: 60.9375 (63.2967)  manu_acc1: 73.0469 (74.5862)  time: 0.5267  data: 0.4288  max mem: 11365
Test:  [150/391]  eta: 0:02:04  sploss: 3.6793 (3.9059)  famloss: 1.5826 (1.7588)  manuloss: 1.0148 (1.1540)  acc1: 38.6719 (35.9918)  acc5: 61.3281 (58.8369)  family_acc1: 66.7969 (63.6279)  manu_acc1: 76.9531 (74.8344)  time: 0.5496  data: 0.4503  max mem: 11365
Test:  [200/391]  eta: 0:01:34  sploss: 3.9789 (3.9319)  famloss: 1.8828 (1.7831)  manuloss: 1.1866 (1.1647)  acc1: 34.7656 (35.6732)  acc5: 58.2031 (58.5160)  family_acc1: 61.3281 (63.1724)  manu_acc1: 73.8281 (74.7201)  time: 0.5305  data: 0.4315  max mem: 11365
Test:  [250/391]  eta: 0:01:08  sploss: 3.8276 (3.9226)  famloss: 1.7799 (1.7925)  manuloss: 1.2002 (1.1800)  acc1: 37.1094 (35.9500)  acc5: 59.7656 (58.6918)  family_acc1: 62.1094 (62.9996)  manu_acc1: 72.6562 (74.1830)  time: 0.4436  data: 0.3458  max mem: 11365
Test:  [300/391]  eta: 0:00:43  sploss: 3.6641 (3.8825)  famloss: 1.5556 (1.7586)  manuloss: 0.9595 (1.1525)  acc1: 38.6719 (36.4748)  acc5: 63.6719 (59.3997)  family_acc1: 67.9688 (63.6524)  manu_acc1: 78.5156 (74.7366)  time: 0.4974  data: 0.3995  max mem: 11365
Test:  [350/391]  eta: 0:00:19  sploss: 3.9217 (3.8785)  famloss: 1.7233 (1.7453)  manuloss: 1.0759 (1.1366)  acc1: 35.9375 (36.4372)  acc5: 58.2031 (59.3995)  family_acc1: 63.2812 (63.7954)  manu_acc1: 75.7812 (75.0278)  time: 0.3436  data: 0.2456  max mem: 11365
Test:  [390/391]  eta: 0:00:00  sploss: 3.7682 (3.8686)  famloss: 1.6033 (1.7312)  manuloss: 0.8778 (1.1153)  acc1: 36.3281 (36.4580)  acc5: 61.3281 (59.5260)  family_acc1: 66.0156 (64.0470)  manu_acc1: 81.2500 (75.5860)  time: 0.3282  data: 0.2364  max mem: 11365
Test: Total time: 0:02:58 (0.4568 s / it)
* Acc@1 36.458 Acc@5 59.526 family@1 64.047 manu@1 75.586 sploss 3.869 fmloss 1.731 mfloss 1.115
Accuracy of the network on the 100000 test images: 36.5%
Max accuracy: 36.46%
Epoch: [83]  [  0/312]  eta: 0:29:15  lr: 0.000029  sp_loss: 4.7334 (4.7334)  fam_loss: 3.1537 (3.1537)  manu_loss: 2.2084 (2.2084)  ot_loss: 0.8587 (0.8587)  base_loss: 4.9550 (4.9550)  time: 5.6260  data: 5.2977  max mem: 11365
Epoch: [83]  [ 50/312]  eta: 0:02:29  lr: 0.000029  sp_loss: 4.4898 (4.1743)  fam_loss: 3.0046 (2.9039)  manu_loss: 2.2288 (2.1210)  ot_loss: 0.8419 (0.8656)  base_loss: 4.7675 (4.5445)  time: 0.4826  data: 0.1751  max mem: 11365
Epoch: [83]  [100/312]  eta: 0:01:45  lr: 0.000029  sp_loss: 4.1346 (4.1291)  fam_loss: 2.9074 (2.8818)  manu_loss: 2.1007 (2.1035)  ot_loss: 0.8583 (0.8676)  base_loss: 4.5218 (4.5102)  time: 0.4129  data: 0.1027  max mem: 11365
Epoch: [83]  [150/312]  eta: 0:01:14  lr: 0.000029  sp_loss: 4.2428 (4.1726)  fam_loss: 3.0206 (2.9074)  manu_loss: 2.1962 (2.1220)  ot_loss: 0.8397 (0.8644)  base_loss: 4.6199 (4.5447)  time: 0.3790  data: 0.0752  max mem: 11365
Epoch: [83]  [200/312]  eta: 0:00:51  lr: 0.000029  sp_loss: 4.6134 (4.1913)  fam_loss: 3.1231 (2.9197)  manu_loss: 2.2845 (2.1334)  ot_loss: 0.8383 (0.8629)  base_loss: 4.8743 (4.5599)  time: 0.4468  data: 0.1514  max mem: 11365
Epoch: [83]  [250/312]  eta: 0:00:27  lr: 0.000029  sp_loss: 3.7795 (4.1846)  fam_loss: 2.7091 (2.9148)  manu_loss: 1.9563 (2.1301)  ot_loss: 0.8603 (0.8634)  base_loss: 4.2221 (4.5542)  time: 0.4073  data: 0.1152  max mem: 11365
Epoch: [83]  [300/312]  eta: 0:00:05  lr: 0.000029  sp_loss: 4.7972 (4.2219)  fam_loss: 3.2231 (2.9371)  manu_loss: 2.3285 (2.1482)  ot_loss: 0.8434 (0.8625)  base_loss: 5.0180 (4.5841)  time: 0.3348  data: 0.0404  max mem: 11365
Epoch: [83]  [311/312]  eta: 0:00:00  lr: 0.000029  sp_loss: 4.2246 (4.2174)  fam_loss: 2.9522 (2.9364)  manu_loss: 2.1798 (2.1478)  ot_loss: 0.8530 (0.8628)  base_loss: 4.5966 (4.5814)  time: 0.3183  data: 0.0469  max mem: 11365
Epoch: [83] Total time: 0:02:16 (0.4369 s / it)
Averaged stats: lr: 0.000029  sp_loss: 4.2246 (4.2174)  fam_loss: 2.9522 (2.9364)  manu_loss: 2.1798 (2.1478)  ot_loss: 0.8530 (0.8628)  base_loss: 4.5966 (4.5814)
Epoch: [84]  [  0/312]  eta: 0:29:58  lr: 0.000027  sp_loss: 3.7399 (3.7399)  fam_loss: 2.5315 (2.5315)  manu_loss: 1.8942 (1.8942)  ot_loss: 0.8549 (0.8549)  base_loss: 4.1566 (4.1566)  time: 5.7641  data: 5.4243  max mem: 11365
Epoch: [84]  [ 50/312]  eta: 0:02:42  lr: 0.000027  sp_loss: 4.9992 (4.3953)  fam_loss: 3.3670 (3.0314)  manu_loss: 2.3788 (2.2125)  ot_loss: 0.8387 (0.8546)  base_loss: 5.1711 (4.7167)  time: 0.5456  data: 0.2393  max mem: 11365
Epoch: [84]  [100/312]  eta: 0:01:50  lr: 0.000027  sp_loss: 4.3453 (4.4382)  fam_loss: 3.0495 (3.0740)  manu_loss: 2.1489 (2.2414)  ot_loss: 0.8509 (0.8518)  base_loss: 4.6798 (4.7568)  time: 0.4280  data: 0.1451  max mem: 11365
Epoch: [84]  [150/312]  eta: 0:01:20  lr: 0.000027  sp_loss: 4.2781 (4.3914)  fam_loss: 3.1018 (3.0487)  manu_loss: 2.3081 (2.2258)  ot_loss: 0.8530 (0.8536)  base_loss: 4.6672 (4.7215)  time: 0.4489  data: 0.1715  max mem: 11365
Epoch: [84]  [200/312]  eta: 0:00:53  lr: 0.000027  sp_loss: 4.0652 (4.3871)  fam_loss: 2.9217 (3.0445)  manu_loss: 2.1786 (2.2251)  ot_loss: 0.8510 (0.8539)  base_loss: 4.5023 (4.7179)  time: 0.4656  data: 0.1798  max mem: 11365
Epoch: [84]  [250/312]  eta: 0:00:28  lr: 0.000027  sp_loss: 4.6384 (4.4001)  fam_loss: 3.1110 (3.0539)  manu_loss: 2.3075 (2.2326)  ot_loss: 0.8441 (0.8535)  base_loss: 4.9217 (4.7292)  time: 0.4054  data: 0.1211  max mem: 11365
Epoch: [84]  [300/312]  eta: 0:00:05  lr: 0.000027  sp_loss: 4.6680 (4.3681)  fam_loss: 3.1749 (3.0344)  manu_loss: 2.3367 (2.2185)  ot_loss: 0.8432 (0.8548)  base_loss: 4.9576 (4.7037)  time: 0.3510  data: 0.0761  max mem: 11365
Epoch: [84]  [311/312]  eta: 0:00:00  lr: 0.000027  sp_loss: 4.9106 (4.3644)  fam_loss: 3.3708 (3.0321)  manu_loss: 2.4502 (2.2174)  ot_loss: 0.8341 (0.8549)  base_loss: 5.1704 (4.7008)  time: 0.3146  data: 0.0492  max mem: 11365
Epoch: [84] Total time: 0:02:21 (0.4529 s / it)
Averaged stats: lr: 0.000027  sp_loss: 4.9106 (4.3644)  fam_loss: 3.3708 (3.0321)  manu_loss: 2.4502 (2.2174)  ot_loss: 0.8341 (0.8549)  base_loss: 5.1704 (4.7008)
Test:  [  0/391]  eta: 0:40:38  sploss: 3.9049 (3.9049)  famloss: 1.6315 (1.6315)  manuloss: 1.0075 (1.0075)  acc1: 36.3281 (36.3281)  acc5: 61.3281 (61.3281)  family_acc1: 70.3125 (70.3125)  manu_acc1: 79.2969 (79.2969)  time: 6.2362  data: 6.1245  max mem: 11365
Test:  [ 50/391]  eta: 0:02:53  sploss: 4.0486 (4.0911)  famloss: 1.8548 (1.8844)  manuloss: 1.2150 (1.2392)  acc1: 34.3750 (35.1562)  acc5: 57.8125 (57.6134)  family_acc1: 63.6719 (63.2047)  manu_acc1: 75.0000 (74.3336)  time: 0.3503  data: 0.2539  max mem: 11365
Test:  [100/391]  eta: 0:02:19  sploss: 4.1010 (4.0721)  famloss: 1.9758 (1.8849)  manuloss: 1.2500 (1.2263)  acc1: 34.7656 (35.2877)  acc5: 57.0312 (57.8589)  family_acc1: 60.5469 (62.9177)  manu_acc1: 71.8750 (74.3580)  time: 0.4541  data: 0.3574  max mem: 11365
Test:  [150/391]  eta: 0:01:47  sploss: 3.7970 (4.0307)  famloss: 1.6687 (1.8567)  manuloss: 1.0480 (1.2085)  acc1: 37.5000 (35.8159)  acc5: 60.9375 (58.5394)  family_acc1: 66.4062 (63.1881)  manu_acc1: 78.5156 (74.6689)  time: 0.4084  data: 0.3120  max mem: 11365
Test:  [200/391]  eta: 0:01:22  sploss: 4.1160 (4.0574)  famloss: 1.9676 (1.8817)  manuloss: 1.2619 (1.2196)  acc1: 34.3750 (35.4322)  acc5: 57.0312 (58.0982)  family_acc1: 60.5469 (62.7060)  manu_acc1: 73.8281 (74.5530)  time: 0.2877  data: 0.1916  max mem: 11365
Test:  [250/391]  eta: 0:00:59  sploss: 3.9856 (4.0474)  famloss: 1.8674 (1.8897)  manuloss: 1.2308 (1.2338)  acc1: 36.7188 (35.7103)  acc5: 58.5938 (58.2778)  family_acc1: 62.1094 (62.5062)  manu_acc1: 73.0469 (73.9946)  time: 0.2908  data: 0.1952  max mem: 11365
Test:  [300/391]  eta: 0:00:38  sploss: 3.8018 (4.0075)  famloss: 1.6456 (1.8556)  manuloss: 1.0159 (1.2063)  acc1: 39.0625 (36.2593)  acc5: 62.8906 (59.0285)  family_acc1: 66.0156 (63.1567)  manu_acc1: 77.7344 (74.5562)  time: 0.4351  data: 0.3398  max mem: 11365
Test:  [350/391]  eta: 0:00:17  sploss: 4.0385 (4.0044)  famloss: 1.8011 (1.8427)  manuloss: 1.1092 (1.1907)  acc1: 35.9375 (36.2024)  acc5: 58.5938 (59.0178)  family_acc1: 63.6719 (63.3692)  manu_acc1: 76.1719 (74.8553)  time: 0.4436  data: 0.3475  max mem: 11365
Test:  [390/391]  eta: 0:00:00  sploss: 3.8951 (3.9950)  famloss: 1.7061 (1.8291)  manuloss: 0.9646 (1.1705)  acc1: 36.7188 (36.2310)  acc5: 60.9375 (59.1650)  family_acc1: 66.0156 (63.6430)  manu_acc1: 80.4688 (75.3990)  time: 0.4051  data: 0.3136  max mem: 11365
Test: Total time: 0:02:39 (0.4091 s / it)
* Acc@1 36.231 Acc@5 59.165 family@1 63.643 manu@1 75.399 sploss 3.995 fmloss 1.829 mfloss 1.170
Accuracy of the network on the 100000 test images: 36.2%
Max accuracy: 36.46%
Epoch: [85]  [  0/312]  eta: 0:35:50  lr: 0.000025  sp_loss: 3.7921 (3.7921)  fam_loss: 2.7029 (2.7029)  manu_loss: 2.0409 (2.0409)  ot_loss: 0.8823 (0.8823)  base_loss: 4.2669 (4.2669)  time: 6.8911  data: 6.5543  max mem: 11365
Epoch: [85]  [ 50/312]  eta: 0:02:37  lr: 0.000025  sp_loss: 4.8124 (4.5199)  fam_loss: 3.2547 (3.1379)  manu_loss: 2.3634 (2.3044)  ot_loss: 0.8399 (0.8477)  base_loss: 5.0015 (4.8294)  time: 0.4830  data: 0.1918  max mem: 11365
Epoch: [85]  [100/312]  eta: 0:01:47  lr: 0.000025  sp_loss: 3.9050 (4.3777)  fam_loss: 2.8357 (3.0503)  manu_loss: 2.0837 (2.2306)  ot_loss: 0.8569 (0.8578)  base_loss: 4.3789 (4.7153)  time: 0.4387  data: 0.1438  max mem: 11365
Epoch: [85]  [150/312]  eta: 0:01:15  lr: 0.000025  sp_loss: 5.0279 (4.3689)  fam_loss: 3.4315 (3.0414)  manu_loss: 2.4657 (2.2254)  ot_loss: 0.8317 (0.8578)  base_loss: 5.2309 (4.7071)  time: 0.4015  data: 0.1098  max mem: 11365
Epoch: [85]  [200/312]  eta: 0:00:49  lr: 0.000025  sp_loss: 4.5880 (4.3891)  fam_loss: 3.1645 (3.0540)  manu_loss: 2.3662 (2.2330)  ot_loss: 0.8486 (0.8564)  base_loss: 4.9200 (4.7230)  time: 0.3636  data: 0.0652  max mem: 11365
Epoch: [85]  [250/312]  eta: 0:00:26  lr: 0.000025  sp_loss: 4.1620 (4.3616)  fam_loss: 2.9048 (3.0343)  manu_loss: 2.0603 (2.2187)  ot_loss: 0.8522 (0.8565)  base_loss: 4.5211 (4.6995)  time: 0.3561  data: 0.0603  max mem: 11365
Epoch: [85]  [300/312]  eta: 0:00:05  lr: 0.000025  sp_loss: 4.4879 (4.3741)  fam_loss: 3.1899 (3.0381)  manu_loss: 2.3185 (2.2212)  ot_loss: 0.8295 (0.8560)  base_loss: 4.8472 (4.7083)  time: 0.4025  data: 0.1155  max mem: 11365
Epoch: [85]  [311/312]  eta: 0:00:00  lr: 0.000025  sp_loss: 4.7343 (4.3782)  fam_loss: 3.1899 (3.0406)  manu_loss: 2.3342 (2.2216)  ot_loss: 0.8413 (0.8561)  base_loss: 4.9581 (4.7115)  time: 0.3125  data: 0.0455  max mem: 11365
Epoch: [85] Total time: 0:02:12 (0.4232 s / it)
Averaged stats: lr: 0.000025  sp_loss: 4.7343 (4.3782)  fam_loss: 3.1899 (3.0406)  manu_loss: 2.3342 (2.2216)  ot_loss: 0.8413 (0.8561)  base_loss: 4.9581 (4.7115)
Epoch: [86]  [  0/312]  eta: 0:32:54  lr: 0.000023  sp_loss: 2.3408 (2.3408)  fam_loss: 1.7914 (1.7914)  manu_loss: 1.3540 (1.3540)  ot_loss: 0.9413 (0.9413)  base_loss: 3.0960 (3.0960)  time: 6.3290  data: 6.0092  max mem: 11365
Epoch: [86]  [ 50/312]  eta: 0:02:04  lr: 0.000023  sp_loss: 4.6941 (4.4400)  fam_loss: 3.1974 (3.0754)  manu_loss: 2.2805 (2.2517)  ot_loss: 0.8413 (0.8529)  base_loss: 4.9435 (4.7603)  time: 0.3806  data: 0.1067  max mem: 11365
Epoch: [86]  [100/312]  eta: 0:01:28  lr: 0.000023  sp_loss: 4.5192 (4.3432)  fam_loss: 3.1317 (3.0300)  manu_loss: 2.3023 (2.2073)  ot_loss: 0.8434 (0.8565)  base_loss: 4.8595 (4.6857)  time: 0.3849  data: 0.1113  max mem: 11365
Epoch: [86]  [150/312]  eta: 0:01:05  lr: 0.000023  sp_loss: 4.3037 (4.3417)  fam_loss: 3.0679 (3.0275)  manu_loss: 2.2278 (2.2090)  ot_loss: 0.8541 (0.8568)  base_loss: 4.6769 (4.6846)  time: 0.3800  data: 0.1071  max mem: 11365
Epoch: [86]  [200/312]  eta: 0:00:43  lr: 0.000023  sp_loss: 4.6243 (4.3275)  fam_loss: 3.0660 (3.0226)  manu_loss: 2.2981 (2.2069)  ot_loss: 0.8448 (0.8573)  base_loss: 4.8690 (4.6747)  time: 0.3325  data: 0.0597  max mem: 11365
Epoch: [86]  [250/312]  eta: 0:00:23  lr: 0.000023  sp_loss: 4.4387 (4.3235)  fam_loss: 3.1209 (3.0199)  manu_loss: 2.3517 (2.2052)  ot_loss: 0.8438 (0.8574)  base_loss: 4.7879 (4.6714)  time: 0.3320  data: 0.0575  max mem: 11365
Epoch: [86]  [300/312]  eta: 0:00:04  lr: 0.000023  sp_loss: 4.6596 (4.3669)  fam_loss: 3.3122 (3.0446)  manu_loss: 2.3351 (2.2222)  ot_loss: 0.8397 (0.8556)  base_loss: 4.9510 (4.7055)  time: 0.3794  data: 0.1077  max mem: 11365
Epoch: [86]  [311/312]  eta: 0:00:00  lr: 0.000023  sp_loss: 4.6596 (4.3629)  fam_loss: 3.1581 (3.0414)  manu_loss: 2.2583 (2.2192)  ot_loss: 0.8381 (0.8559)  base_loss: 4.9275 (4.7018)  time: 0.3187  data: 0.0497  max mem: 11365
Epoch: [86] Total time: 0:01:59 (0.3824 s / it)
Averaged stats: lr: 0.000023  sp_loss: 4.6596 (4.3629)  fam_loss: 3.1581 (3.0414)  manu_loss: 2.2583 (2.2192)  ot_loss: 0.8381 (0.8559)  base_loss: 4.9275 (4.7018)
Test:  [  0/391]  eta: 0:42:27  sploss: 3.8752 (3.8752)  famloss: 1.6212 (1.6212)  manuloss: 1.0077 (1.0077)  acc1: 37.8906 (37.8906)  acc5: 61.3281 (61.3281)  family_acc1: 69.5312 (69.5312)  manu_acc1: 80.4688 (80.4688)  time: 6.5150  data: 6.4027  max mem: 11365
Test:  [ 50/391]  eta: 0:03:02  sploss: 4.0303 (4.0745)  famloss: 1.8241 (1.8613)  manuloss: 1.1975 (1.2309)  acc1: 35.1562 (35.0797)  acc5: 58.5938 (57.4372)  family_acc1: 62.8906 (63.1587)  manu_acc1: 73.8281 (74.2111)  time: 0.4833  data: 0.3897  max mem: 11365
Test:  [100/391]  eta: 0:02:10  sploss: 4.0768 (4.0529)  famloss: 1.9568 (1.8583)  manuloss: 1.2512 (1.2147)  acc1: 33.2031 (35.1408)  acc5: 57.0312 (57.7506)  family_acc1: 61.3281 (62.9834)  manu_acc1: 73.0469 (74.3773)  time: 0.4198  data: 0.3265  max mem: 11365
Test:  [150/391]  eta: 0:01:42  sploss: 3.7642 (4.0107)  famloss: 1.6460 (1.8319)  manuloss: 1.0387 (1.1966)  acc1: 38.2812 (35.7952)  acc5: 61.3281 (58.5343)  family_acc1: 66.7969 (63.3123)  manu_acc1: 77.3438 (74.7284)  time: 0.4809  data: 0.3822  max mem: 11365
Test:  [200/391]  eta: 0:01:17  sploss: 4.0854 (4.0372)  famloss: 1.9488 (1.8569)  manuloss: 1.2501 (1.2080)  acc1: 34.7656 (35.4497)  acc5: 57.0312 (58.1565)  family_acc1: 60.5469 (62.7643)  manu_acc1: 72.6562 (74.5025)  time: 0.2577  data: 0.1641  max mem: 11365
Test:  [250/391]  eta: 0:00:55  sploss: 3.9545 (4.0268)  famloss: 1.8537 (1.8657)  manuloss: 1.2116 (1.2220)  acc1: 37.5000 (35.7772)  acc5: 58.5938 (58.3712)  family_acc1: 62.8906 (62.5794)  manu_acc1: 73.0469 (74.0351)  time: 0.2690  data: 0.1762  max mem: 11365
Test:  [300/391]  eta: 0:00:36  sploss: 3.7958 (3.9875)  famloss: 1.6381 (1.8324)  manuloss: 1.0176 (1.1949)  acc1: 38.2812 (36.3100)  acc5: 62.1094 (59.0791)  family_acc1: 66.0156 (63.2229)  manu_acc1: 78.5156 (74.6146)  time: 0.4067  data: 0.3134  max mem: 11365
Test:  [350/391]  eta: 0:00:16  sploss: 4.0139 (3.9842)  famloss: 1.7818 (1.8191)  manuloss: 1.1196 (1.1795)  acc1: 36.3281 (36.2513)  acc5: 59.3750 (59.0667)  family_acc1: 62.8906 (63.4237)  manu_acc1: 75.7812 (74.8798)  time: 0.4261  data: 0.3310  max mem: 11365
Test:  [390/391]  eta: 0:00:00  sploss: 3.8754 (3.9747)  famloss: 1.6808 (1.8055)  manuloss: 0.9465 (1.1592)  acc1: 36.3281 (36.2380)  acc5: 60.5469 (59.2260)  family_acc1: 66.0156 (63.6770)  manu_acc1: 80.8594 (75.4250)  time: 0.4089  data: 0.3179  max mem: 11365
Test: Total time: 0:02:34 (0.3945 s / it)
* Acc@1 36.238 Acc@5 59.226 family@1 63.677 manu@1 75.425 sploss 3.975 fmloss 1.805 mfloss 1.159
Accuracy of the network on the 100000 test images: 36.2%
Max accuracy: 36.46%
Epoch: [87]  [  0/312]  eta: 0:30:51  lr: 0.000021  sp_loss: 3.7395 (3.7395)  fam_loss: 2.5326 (2.5326)  manu_loss: 1.8790 (1.8790)  ot_loss: 0.8743 (0.8743)  base_loss: 4.1535 (4.1535)  time: 5.9353  data: 5.5962  max mem: 11365
Epoch: [87]  [ 50/312]  eta: 0:02:40  lr: 0.000021  sp_loss: 4.4664 (4.4384)  fam_loss: 3.0084 (3.0695)  manu_loss: 2.1609 (2.2398)  ot_loss: 0.8382 (0.8520)  base_loss: 4.7271 (4.7560)  time: 0.5177  data: 0.2099  max mem: 11365
Epoch: [87]  [100/312]  eta: 0:01:53  lr: 0.000021  sp_loss: 3.7697 (4.1983)  fam_loss: 2.6420 (2.9258)  manu_loss: 1.9613 (2.1419)  ot_loss: 0.8576 (0.8618)  base_loss: 4.2120 (4.5656)  time: 0.4892  data: 0.2071  max mem: 11365
Epoch: [87]  [150/312]  eta: 0:01:20  lr: 0.000021  sp_loss: 4.6931 (4.2990)  fam_loss: 3.2164 (2.9912)  manu_loss: 2.3515 (2.1850)  ot_loss: 0.8415 (0.8587)  base_loss: 4.9497 (4.6476)  time: 0.4281  data: 0.1438  max mem: 11365
Epoch: [87]  [200/312]  eta: 0:00:53  lr: 0.000021  sp_loss: 4.3402 (4.2829)  fam_loss: 2.9389 (2.9784)  manu_loss: 2.1350 (2.1798)  ot_loss: 0.8465 (0.8590)  base_loss: 4.6502 (4.6341)  time: 0.4710  data: 0.1941  max mem: 11365
Epoch: [87]  [250/312]  eta: 0:00:28  lr: 0.000021  sp_loss: 4.6196 (4.3087)  fam_loss: 3.1399 (2.9944)  manu_loss: 2.3001 (2.1917)  ot_loss: 0.8388 (0.8585)  base_loss: 4.8924 (4.6549)  time: 0.3323  data: 0.0563  max mem: 11365
Epoch: [87]  [300/312]  eta: 0:00:05  lr: 0.000021  sp_loss: 4.3688 (4.2951)  fam_loss: 3.1182 (2.9860)  manu_loss: 2.2736 (2.1850)  ot_loss: 0.8418 (0.8588)  base_loss: 4.7477 (4.6439)  time: 0.4202  data: 0.1452  max mem: 11365
Epoch: [87]  [311/312]  eta: 0:00:00  lr: 0.000021  sp_loss: 4.7725 (4.3007)  fam_loss: 3.2538 (2.9891)  manu_loss: 2.3883 (2.1874)  ot_loss: 0.8413 (0.8587)  base_loss: 5.0263 (4.6483)  time: 0.3256  data: 0.0551  max mem: 11365
Epoch: [87] Total time: 0:02:22 (0.4568 s / it)
Averaged stats: lr: 0.000021  sp_loss: 4.7725 (4.3007)  fam_loss: 3.2538 (2.9891)  manu_loss: 2.3883 (2.1874)  ot_loss: 0.8413 (0.8587)  base_loss: 5.0263 (4.6483)
Epoch: [88]  [  0/312]  eta: 0:29:46  lr: 0.000020  sp_loss: 2.8065 (2.8065)  fam_loss: 2.0803 (2.0803)  manu_loss: 1.5413 (1.5413)  ot_loss: 0.9200 (0.9200)  base_loss: 3.4509 (3.4509)  time: 5.7260  data: 5.3918  max mem: 11365
Epoch: [88]  [ 50/312]  eta: 0:01:58  lr: 0.000020  sp_loss: 4.5031 (4.2387)  fam_loss: 3.0680 (2.9462)  manu_loss: 2.1804 (2.1552)  ot_loss: 0.8542 (0.8624)  base_loss: 4.7876 (4.5978)  time: 0.3642  data: 0.0709  max mem: 11365
Epoch: [88]  [100/312]  eta: 0:01:27  lr: 0.000020  sp_loss: 4.9702 (4.2926)  fam_loss: 3.2152 (2.9672)  manu_loss: 2.3369 (2.1662)  ot_loss: 0.8391 (0.8603)  base_loss: 5.1214 (4.6354)  time: 0.3810  data: 0.0889  max mem: 11365
Epoch: [88]  [150/312]  eta: 0:01:06  lr: 0.000020  sp_loss: 4.1977 (4.2498)  fam_loss: 3.0021 (2.9513)  manu_loss: 2.2188 (2.1562)  ot_loss: 0.8494 (0.8619)  base_loss: 4.5546 (4.6050)  time: 0.3885  data: 0.1010  max mem: 11365
Epoch: [88]  [200/312]  eta: 0:00:45  lr: 0.000020  sp_loss: 4.0310 (4.2476)  fam_loss: 2.8561 (2.9517)  manu_loss: 2.1150 (2.1587)  ot_loss: 0.8464 (0.8605)  base_loss: 4.4418 (4.6036)  time: 0.3871  data: 0.0981  max mem: 11365
Epoch: [88]  [250/312]  eta: 0:00:24  lr: 0.000020  sp_loss: 4.5510 (4.2590)  fam_loss: 3.0528 (2.9595)  manu_loss: 2.2867 (2.1666)  ot_loss: 0.8469 (0.8609)  base_loss: 4.8217 (4.6135)  time: 0.4134  data: 0.1178  max mem: 11365
Epoch: [88]  [300/312]  eta: 0:00:04  lr: 0.000020  sp_loss: 4.4983 (4.2446)  fam_loss: 3.1192 (2.9520)  manu_loss: 2.2692 (2.1603)  ot_loss: 0.8543 (0.8614)  base_loss: 4.8474 (4.6022)  time: 0.3961  data: 0.1122  max mem: 11365
Epoch: [88]  [311/312]  eta: 0:00:00  lr: 0.000020  sp_loss: 4.1343 (4.2372)  fam_loss: 2.9079 (2.9490)  manu_loss: 2.0760 (2.1584)  ot_loss: 0.8636 (0.8617)  base_loss: 4.5301 (4.5968)  time: 0.3745  data: 0.1082  max mem: 11365
Epoch: [88] Total time: 0:02:03 (0.3969 s / it)
Averaged stats: lr: 0.000020  sp_loss: 4.1343 (4.2372)  fam_loss: 2.9079 (2.9490)  manu_loss: 2.0760 (2.1584)  ot_loss: 0.8636 (0.8617)  base_loss: 4.5301 (4.5968)
Test:  [  0/391]  eta: 0:45:03  sploss: 3.8521 (3.8521)  famloss: 1.5943 (1.5943)  manuloss: 0.9962 (0.9962)  acc1: 37.8906 (37.8906)  acc5: 62.8906 (62.8906)  family_acc1: 69.1406 (69.1406)  manu_acc1: 79.6875 (79.6875)  time: 6.9138  data: 6.8000  max mem: 11365
Test:  [ 50/391]  eta: 0:03:13  sploss: 3.9986 (4.0383)  famloss: 1.8024 (1.8296)  manuloss: 1.1667 (1.2004)  acc1: 35.5469 (35.5316)  acc5: 57.8125 (57.7589)  family_acc1: 63.6719 (63.6412)  manu_acc1: 75.3906 (74.5634)  time: 0.4620  data: 0.3680  max mem: 11365
Test:  [100/391]  eta: 0:02:18  sploss: 4.0349 (4.0141)  famloss: 1.9317 (1.8284)  manuloss: 1.2628 (1.1897)  acc1: 34.3750 (35.3806)  acc5: 57.0312 (58.1103)  family_acc1: 60.1562 (63.2851)  manu_acc1: 72.6562 (74.7409)  time: 0.4575  data: 0.3618  max mem: 11365
Test:  [150/391]  eta: 0:01:46  sploss: 3.7253 (3.9709)  famloss: 1.6161 (1.7998)  manuloss: 1.0092 (1.1710)  acc1: 38.6719 (36.1315)  acc5: 60.9375 (58.8266)  family_acc1: 67.9688 (63.6952)  manu_acc1: 77.7344 (75.0750)  time: 0.4458  data: 0.3514  max mem: 11365
Test:  [200/391]  eta: 0:01:21  sploss: 4.0362 (3.9970)  famloss: 1.9136 (1.8241)  manuloss: 1.2134 (1.1838)  acc1: 35.5469 (35.7470)  acc5: 57.4219 (58.4907)  family_acc1: 61.7188 (63.2152)  manu_acc1: 72.6562 (74.7629)  time: 0.3593  data: 0.2639  max mem: 11365
Test:  [250/391]  eta: 0:00:58  sploss: 3.8743 (3.9858)  famloss: 1.8101 (1.8326)  manuloss: 1.1907 (1.1985)  acc1: 37.5000 (36.0527)  acc5: 59.3750 (58.6778)  family_acc1: 62.1094 (63.0867)  manu_acc1: 73.0469 (74.2545)  time: 0.2654  data: 0.1715  max mem: 11365
Test:  [300/391]  eta: 0:00:37  sploss: 3.7209 (3.9454)  famloss: 1.5844 (1.7977)  manuloss: 0.9739 (1.1697)  acc1: 39.0625 (36.5851)  acc5: 63.2812 (59.4295)  family_acc1: 67.5781 (63.7549)  manu_acc1: 78.5156 (74.8650)  time: 0.3340  data: 0.2388  max mem: 11365
Test:  [350/391]  eta: 0:00:16  sploss: 3.9444 (3.9419)  famloss: 1.7529 (1.7841)  manuloss: 1.1047 (1.1532)  acc1: 35.9375 (36.5118)  acc5: 59.3750 (59.4006)  family_acc1: 64.4531 (63.9401)  manu_acc1: 76.1719 (75.1525)  time: 0.4414  data: 0.3453  max mem: 11365
Test:  [390/391]  eta: 0:00:00  sploss: 3.8441 (3.9325)  famloss: 1.6516 (1.7705)  manuloss: 0.9122 (1.1325)  acc1: 35.9375 (36.4930)  acc5: 60.5469 (59.5700)  family_acc1: 66.0156 (64.1980)  manu_acc1: 81.2500 (75.6860)  time: 0.4102  data: 0.3187  max mem: 11365
Test: Total time: 0:02:37 (0.4034 s / it)
* Acc@1 36.493 Acc@5 59.570 family@1 64.198 manu@1 75.686 sploss 3.933 fmloss 1.771 mfloss 1.133
Accuracy of the network on the 100000 test images: 36.5%
Max accuracy: 36.49%
Epoch: [89]  [  0/312]  eta: 0:35:18  lr: 0.000018  sp_loss: 5.3924 (5.3924)  fam_loss: 3.6180 (3.6180)  manu_loss: 2.5830 (2.5830)  ot_loss: 0.8132 (0.8132)  base_loss: 5.5025 (5.5025)  time: 6.7914  data: 6.4549  max mem: 11365
Epoch: [89]  [ 50/312]  eta: 0:02:32  lr: 0.000018  sp_loss: 4.7444 (4.3814)  fam_loss: 3.3121 (3.0306)  manu_loss: 2.3273 (2.2212)  ot_loss: 0.8399 (0.8556)  base_loss: 4.9908 (4.7107)  time: 0.5001  data: 0.2184  max mem: 11365
Epoch: [89]  [100/312]  eta: 0:01:49  lr: 0.000018  sp_loss: 4.9517 (4.4583)  fam_loss: 3.4224 (3.0782)  manu_loss: 2.4666 (2.2544)  ot_loss: 0.8402 (0.8524)  base_loss: 5.1559 (4.7711)  time: 0.4467  data: 0.1729  max mem: 11365
Epoch: [89]  [150/312]  eta: 0:01:17  lr: 0.000018  sp_loss: 4.2739 (4.3698)  fam_loss: 2.8217 (3.0254)  manu_loss: 2.0277 (2.2164)  ot_loss: 0.8547 (0.8554)  base_loss: 4.6005 (4.7012)  time: 0.3742  data: 0.0963  max mem: 11365
Epoch: [89]  [200/312]  eta: 0:00:51  lr: 0.000018  sp_loss: 4.5711 (4.3512)  fam_loss: 3.0360 (3.0146)  manu_loss: 2.2688 (2.2083)  ot_loss: 0.8484 (0.8563)  base_loss: 4.8218 (4.6864)  time: 0.4112  data: 0.1347  max mem: 11365
Epoch: [89]  [250/312]  eta: 0:00:28  lr: 0.000018  sp_loss: 4.6256 (4.3402)  fam_loss: 3.0835 (3.0096)  manu_loss: 2.2761 (2.2024)  ot_loss: 0.8487 (0.8569)  base_loss: 4.8759 (4.6780)  time: 0.4501  data: 0.1769  max mem: 11365
Epoch: [89]  [300/312]  eta: 0:00:05  lr: 0.000018  sp_loss: 4.2554 (4.3131)  fam_loss: 2.8972 (2.9960)  manu_loss: 2.0852 (2.1908)  ot_loss: 0.8417 (0.8579)  base_loss: 4.5971 (4.6575)  time: 0.4069  data: 0.1299  max mem: 11365
Epoch: [89]  [311/312]  eta: 0:00:00  lr: 0.000018  sp_loss: 4.2662 (4.3175)  fam_loss: 2.9969 (2.9986)  manu_loss: 2.1294 (2.1908)  ot_loss: 0.8417 (0.8578)  base_loss: 4.6084 (4.6606)  time: 0.3169  data: 0.0524  max mem: 11365
Epoch: [89] Total time: 0:02:17 (0.4411 s / it)
Averaged stats: lr: 0.000018  sp_loss: 4.2662 (4.3175)  fam_loss: 2.9969 (2.9986)  manu_loss: 2.1294 (2.1908)  ot_loss: 0.8417 (0.8578)  base_loss: 4.6084 (4.6606)
Epoch: [90]  [  0/312]  eta: 0:30:21  lr: 0.000017  sp_loss: 3.1197 (3.1197)  fam_loss: 2.2448 (2.2448)  manu_loss: 1.6444 (1.6444)  ot_loss: 0.8992 (0.8992)  base_loss: 3.6919 (3.6919)  time: 5.8387  data: 5.4895  max mem: 11365
Epoch: [90]  [ 50/312]  eta: 0:02:20  lr: 0.000017  sp_loss: 3.9859 (4.2245)  fam_loss: 2.8345 (2.9470)  manu_loss: 2.0988 (2.1535)  ot_loss: 0.8496 (0.8603)  base_loss: 4.4400 (4.5864)  time: 0.4604  data: 0.1705  max mem: 11365
Epoch: [90]  [100/312]  eta: 0:01:38  lr: 0.000017  sp_loss: 4.4428 (4.2664)  fam_loss: 3.0993 (2.9619)  manu_loss: 2.2679 (2.1673)  ot_loss: 0.8473 (0.8588)  base_loss: 4.7642 (4.6159)  time: 0.3865  data: 0.1012  max mem: 11365
Epoch: [90]  [150/312]  eta: 0:01:10  lr: 0.000017  sp_loss: 4.3585 (4.2598)  fam_loss: 3.0424 (2.9597)  manu_loss: 2.1934 (2.1643)  ot_loss: 0.8525 (0.8602)  base_loss: 4.7054 (4.6115)  time: 0.3897  data: 0.1073  max mem: 11365
Epoch: [90]  [200/312]  eta: 0:00:46  lr: 0.000017  sp_loss: 4.4090 (4.2854)  fam_loss: 3.1717 (2.9754)  manu_loss: 2.3522 (2.1754)  ot_loss: 0.8482 (0.8589)  base_loss: 4.7846 (4.6322)  time: 0.3782  data: 0.0967  max mem: 11365
Epoch: [90]  [250/312]  eta: 0:00:25  lr: 0.000017  sp_loss: 4.3294 (4.2577)  fam_loss: 3.0013 (2.9614)  manu_loss: 2.1889 (2.1626)  ot_loss: 0.8582 (0.8600)  base_loss: 4.6684 (4.6110)  time: 0.3304  data: 0.0496  max mem: 11365
Epoch: [90]  [300/312]  eta: 0:00:04  lr: 0.000017  sp_loss: 4.3041 (4.2535)  fam_loss: 3.0714 (2.9593)  manu_loss: 2.2247 (2.1615)  ot_loss: 0.8507 (0.8599)  base_loss: 4.6790 (4.6078)  time: 0.3384  data: 0.0509  max mem: 11365
Epoch: [90]  [311/312]  eta: 0:00:00  lr: 0.000017  sp_loss: 4.2444 (4.2413)  fam_loss: 3.0211 (2.9525)  manu_loss: 2.2143 (2.1577)  ot_loss: 0.8507 (0.8604)  base_loss: 4.6236 (4.5984)  time: 0.3167  data: 0.0394  max mem: 11365
Epoch: [90] Total time: 0:02:04 (0.3980 s / it)
Averaged stats: lr: 0.000017  sp_loss: 4.2444 (4.2413)  fam_loss: 3.0211 (2.9525)  manu_loss: 2.2143 (2.1577)  ot_loss: 0.8507 (0.8604)  base_loss: 4.6236 (4.5984)
Test:  [  0/391]  eta: 0:47:03  sploss: 3.9196 (3.9196)  famloss: 1.6307 (1.6307)  manuloss: 1.0329 (1.0329)  acc1: 36.7188 (36.7188)  acc5: 60.5469 (60.5469)  family_acc1: 69.1406 (69.1406)  manu_acc1: 78.9062 (78.9062)  time: 7.2205  data: 7.0994  max mem: 11365
Test:  [ 50/391]  eta: 0:03:23  sploss: 4.0602 (4.0893)  famloss: 1.8268 (1.8719)  manuloss: 1.1794 (1.2268)  acc1: 35.5469 (35.3324)  acc5: 58.2031 (57.6517)  family_acc1: 63.2812 (63.5263)  manu_acc1: 74.6094 (74.3107)  time: 0.5305  data: 0.4330  max mem: 11365
Test:  [100/391]  eta: 0:02:28  sploss: 4.0937 (4.0672)  famloss: 1.9612 (1.8719)  manuloss: 1.2691 (1.2156)  acc1: 34.7656 (35.3728)  acc5: 57.0312 (57.9672)  family_acc1: 60.5469 (63.1536)  manu_acc1: 72.6562 (74.4392)  time: 0.4881  data: 0.3895  max mem: 11365
Test:  [150/391]  eta: 0:01:52  sploss: 3.7854 (4.0252)  famloss: 1.6533 (1.8433)  manuloss: 1.0458 (1.1968)  acc1: 37.8906 (36.0591)  acc5: 60.9375 (58.7179)  family_acc1: 67.1875 (63.5813)  manu_acc1: 77.7344 (74.7853)  time: 0.4465  data: 0.3490  max mem: 11365
Test:  [200/391]  eta: 0:01:24  sploss: 4.0713 (4.0515)  famloss: 1.9624 (1.8686)  manuloss: 1.2301 (1.2085)  acc1: 35.5469 (35.6343)  acc5: 57.0312 (58.3061)  family_acc1: 61.3281 (63.0655)  manu_acc1: 73.4375 (74.5627)  time: 0.4459  data: 0.3499  max mem: 11365
Test:  [250/391]  eta: 0:01:00  sploss: 3.9459 (4.0405)  famloss: 1.8494 (1.8771)  manuloss: 1.2353 (1.2234)  acc1: 38.2812 (35.9328)  acc5: 59.7656 (58.4879)  family_acc1: 62.5000 (62.8439)  manu_acc1: 72.2656 (73.9978)  time: 0.3972  data: 0.2997  max mem: 11365
Test:  [300/391]  eta: 0:00:38  sploss: 3.7814 (4.0008)  famloss: 1.6357 (1.8427)  manuloss: 1.0191 (1.1956)  acc1: 37.8906 (36.4112)  acc5: 63.2812 (59.2167)  family_acc1: 66.7969 (63.5356)  manu_acc1: 77.7344 (74.5977)  time: 0.2637  data: 0.1676  max mem: 11365
Test:  [350/391]  eta: 0:00:16  sploss: 4.0091 (3.9979)  famloss: 1.7960 (1.8298)  manuloss: 1.1127 (1.1798)  acc1: 36.3281 (36.3615)  acc5: 58.2031 (59.2047)  family_acc1: 63.6719 (63.7453)  manu_acc1: 75.0000 (74.8798)  time: 0.2772  data: 0.1832  max mem: 11365
Test:  [390/391]  eta: 0:00:00  sploss: 3.8858 (3.9883)  famloss: 1.6928 (1.8162)  manuloss: 0.9448 (1.1591)  acc1: 35.9375 (36.3570)  acc5: 60.5469 (59.3520)  family_acc1: 66.0156 (64.0030)  manu_acc1: 80.6250 (75.4590)  time: 0.4035  data: 0.3125  max mem: 11365
Test: Total time: 0:02:42 (0.4148 s / it)
* Acc@1 36.357 Acc@5 59.352 family@1 64.003 manu@1 75.459 sploss 3.988 fmloss 1.816 mfloss 1.159
Accuracy of the network on the 100000 test images: 36.4%
Max accuracy: 36.49%
Epoch: [91]  [  0/312]  eta: 0:33:02  lr: 0.000016  sp_loss: 3.8296 (3.8296)  fam_loss: 2.7568 (2.7568)  manu_loss: 1.9074 (1.9074)  ot_loss: 0.8652 (0.8652)  base_loss: 4.2750 (4.2750)  time: 6.3553  data: 6.0290  max mem: 11365
Epoch: [91]  [ 50/312]  eta: 0:02:24  lr: 0.000016  sp_loss: 4.0133 (4.1905)  fam_loss: 2.7895 (2.8960)  manu_loss: 2.0512 (2.1302)  ot_loss: 0.8575 (0.8648)  base_loss: 4.4104 (4.5511)  time: 0.4697  data: 0.1901  max mem: 11365
Epoch: [91]  [100/312]  eta: 0:01:38  lr: 0.000016  sp_loss: 4.3611 (4.2333)  fam_loss: 3.0712 (2.9248)  manu_loss: 2.2425 (2.1443)  ot_loss: 0.8487 (0.8628)  base_loss: 4.6882 (4.5859)  time: 0.3886  data: 0.1074  max mem: 11365
Epoch: [91]  [150/312]  eta: 0:01:11  lr: 0.000016  sp_loss: 4.3924 (4.2626)  fam_loss: 3.0230 (2.9480)  manu_loss: 2.1877 (2.1570)  ot_loss: 0.8396 (0.8603)  base_loss: 4.7503 (4.6104)  time: 0.3439  data: 0.0663  max mem: 11365
Epoch: [91]  [200/312]  eta: 0:00:47  lr: 0.000016  sp_loss: 4.5965 (4.2799)  fam_loss: 3.1906 (2.9662)  manu_loss: 2.2918 (2.1702)  ot_loss: 0.8491 (0.8591)  base_loss: 4.9327 (4.6271)  time: 0.3332  data: 0.0559  max mem: 11365
Epoch: [91]  [250/312]  eta: 0:00:25  lr: 0.000016  sp_loss: 4.6507 (4.3085)  fam_loss: 3.2742 (2.9869)  manu_loss: 2.3099 (2.1827)  ot_loss: 0.8458 (0.8580)  base_loss: 4.8970 (4.6507)  time: 0.3884  data: 0.1114  max mem: 11365
Epoch: [91]  [300/312]  eta: 0:00:04  lr: 0.000016  sp_loss: 4.5619 (4.3175)  fam_loss: 3.0473 (2.9940)  manu_loss: 2.2948 (2.1881)  ot_loss: 0.8398 (0.8570)  base_loss: 4.8982 (4.6583)  time: 0.3891  data: 0.1141  max mem: 11365
Epoch: [91]  [311/312]  eta: 0:00:00  lr: 0.000016  sp_loss: 4.8647 (4.3283)  fam_loss: 3.2453 (2.9989)  manu_loss: 2.3375 (2.1916)  ot_loss: 0.8398 (0.8567)  base_loss: 5.0557 (4.6663)  time: 0.3688  data: 0.1017  max mem: 11365
Epoch: [91] Total time: 0:02:06 (0.4060 s / it)
Averaged stats: lr: 0.000016  sp_loss: 4.8647 (4.3283)  fam_loss: 3.2453 (2.9989)  manu_loss: 2.3375 (2.1916)  ot_loss: 0.8398 (0.8567)  base_loss: 5.0557 (4.6663)
Epoch: [92]  [  0/312]  eta: 0:32:24  lr: 0.000015  sp_loss: 5.1226 (5.1226)  fam_loss: 3.7881 (3.7881)  manu_loss: 2.6232 (2.6232)  ot_loss: 0.8294 (0.8294)  base_loss: 5.3949 (5.3949)  time: 6.2314  data: 5.9166  max mem: 11365
Epoch: [92]  [ 50/312]  eta: 0:02:22  lr: 0.000015  sp_loss: 4.5447 (4.3521)  fam_loss: 3.0311 (3.0401)  manu_loss: 2.2087 (2.2053)  ot_loss: 0.8463 (0.8559)  base_loss: 4.8921 (4.6925)  time: 0.4762  data: 0.1968  max mem: 11365
Epoch: [92]  [100/312]  eta: 0:01:40  lr: 0.000015  sp_loss: 4.6733 (4.2376)  fam_loss: 3.2124 (2.9623)  manu_loss: 2.2739 (2.1514)  ot_loss: 0.8448 (0.8611)  base_loss: 4.9005 (4.5984)  time: 0.4461  data: 0.1673  max mem: 11365
Epoch: [92]  [150/312]  eta: 0:01:10  lr: 0.000015  sp_loss: 4.5648 (4.2335)  fam_loss: 3.1463 (2.9593)  manu_loss: 2.2944 (2.1581)  ot_loss: 0.8514 (0.8620)  base_loss: 4.8563 (4.5964)  time: 0.3629  data: 0.0868  max mem: 11365
Epoch: [92]  [200/312]  eta: 0:00:46  lr: 0.000015  sp_loss: 4.0138 (4.2397)  fam_loss: 2.8353 (2.9615)  manu_loss: 2.1063 (2.1583)  ot_loss: 0.8622 (0.8608)  base_loss: 4.4529 (4.6008)  time: 0.3251  data: 0.0485  max mem: 11365
Epoch: [92]  [250/312]  eta: 0:00:25  lr: 0.000015  sp_loss: 3.8281 (4.1954)  fam_loss: 2.6722 (2.9266)  manu_loss: 2.0170 (2.1380)  ot_loss: 0.8632 (0.8625)  base_loss: 4.2637 (4.5631)  time: 0.3253  data: 0.0497  max mem: 11365
Epoch: [92]  [300/312]  eta: 0:00:04  lr: 0.000015  sp_loss: 4.5308 (4.2287)  fam_loss: 3.0364 (2.9442)  manu_loss: 2.1562 (2.1508)  ot_loss: 0.8519 (0.8615)  base_loss: 4.7879 (4.5886)  time: 0.3787  data: 0.1015  max mem: 11365
Epoch: [92]  [311/312]  eta: 0:00:00  lr: 0.000015  sp_loss: 4.2917 (4.2226)  fam_loss: 2.9437 (2.9413)  manu_loss: 2.1342 (2.1488)  ot_loss: 0.8519 (0.8617)  base_loss: 4.6252 (4.5840)  time: 0.3223  data: 0.0529  max mem: 11365
Epoch: [92] Total time: 0:02:04 (0.3975 s / it)
Averaged stats: lr: 0.000015  sp_loss: 4.2917 (4.2226)  fam_loss: 2.9437 (2.9413)  manu_loss: 2.1342 (2.1488)  ot_loss: 0.8519 (0.8617)  base_loss: 4.6252 (4.5840)
Test:  [  0/391]  eta: 0:36:49  sploss: 3.9284 (3.9284)  famloss: 1.6225 (1.6225)  manuloss: 1.0184 (1.0184)  acc1: 36.3281 (36.3281)  acc5: 60.1562 (60.1562)  family_acc1: 68.3594 (68.3594)  manu_acc1: 79.6875 (79.6875)  time: 5.6518  data: 5.5372  max mem: 11365
Test:  [ 50/391]  eta: 0:03:25  sploss: 4.0564 (4.0999)  famloss: 1.8216 (1.8614)  manuloss: 1.1892 (1.2244)  acc1: 35.9375 (35.2099)  acc5: 56.6406 (57.4219)  family_acc1: 63.6719 (63.4344)  manu_acc1: 75.3906 (74.4638)  time: 0.5619  data: 0.4672  max mem: 11365
Test:  [100/391]  eta: 0:02:26  sploss: 4.0854 (4.0769)  famloss: 1.9538 (1.8604)  manuloss: 1.2620 (1.2127)  acc1: 33.9844 (35.3032)  acc5: 57.0312 (57.8357)  family_acc1: 59.7656 (63.0995)  manu_acc1: 73.4375 (74.5514)  time: 0.4372  data: 0.3409  max mem: 11365
Test:  [150/391]  eta: 0:01:50  sploss: 3.7941 (4.0344)  famloss: 1.6474 (1.8323)  manuloss: 1.0359 (1.1948)  acc1: 38.6719 (36.0280)  acc5: 61.3281 (58.6455)  family_acc1: 66.7969 (63.5244)  manu_acc1: 77.7344 (74.8758)  time: 0.4273  data: 0.3328  max mem: 11365
Test:  [200/391]  eta: 0:01:22  sploss: 4.0731 (4.0603)  famloss: 1.9475 (1.8572)  manuloss: 1.2225 (1.2063)  acc1: 34.7656 (35.6188)  acc5: 57.8125 (58.2750)  family_acc1: 62.1094 (63.0752)  manu_acc1: 73.4375 (74.6793)  time: 0.4234  data: 0.3289  max mem: 11365
Test:  [250/391]  eta: 0:00:59  sploss: 3.9493 (4.0486)  famloss: 1.8527 (1.8655)  manuloss: 1.2166 (1.2212)  acc1: 37.8906 (35.9671)  acc5: 59.3750 (58.4381)  family_acc1: 62.1094 (62.8782)  manu_acc1: 73.0469 (74.2219)  time: 0.2692  data: 0.1747  max mem: 11365
Test:  [300/391]  eta: 0:00:37  sploss: 3.7983 (4.0099)  famloss: 1.6262 (1.8320)  manuloss: 1.0072 (1.1937)  acc1: 37.5000 (36.4657)  acc5: 63.2812 (59.1725)  family_acc1: 67.9688 (63.5226)  manu_acc1: 78.1250 (74.7872)  time: 0.2714  data: 0.1772  max mem: 11365
Test:  [350/391]  eta: 0:00:16  sploss: 4.0134 (4.0069)  famloss: 1.7710 (1.8185)  manuloss: 1.1267 (1.1774)  acc1: 36.7188 (36.4094)  acc5: 58.9844 (59.1491)  family_acc1: 63.2812 (63.7142)  manu_acc1: 75.7812 (75.0601)  time: 0.4034  data: 0.3098  max mem: 11365
Test:  [390/391]  eta: 0:00:00  sploss: 3.9042 (3.9976)  famloss: 1.6756 (1.8050)  manuloss: 0.9295 (1.1569)  acc1: 36.3281 (36.3900)  acc5: 60.9375 (59.3180)  family_acc1: 65.6250 (63.9650)  manu_acc1: 81.2500 (75.6080)  time: 0.3779  data: 0.2883  max mem: 11365
Test: Total time: 0:02:38 (0.4042 s / it)
* Acc@1 36.390 Acc@5 59.318 family@1 63.965 manu@1 75.608 sploss 3.998 fmloss 1.805 mfloss 1.157
Accuracy of the network on the 100000 test images: 36.4%
Max accuracy: 36.49%
Epoch: [93]  [  0/312]  eta: 0:36:27  lr: 0.000014  sp_loss: 4.9723 (4.9723)  fam_loss: 3.1763 (3.1763)  manu_loss: 2.2926 (2.2926)  ot_loss: 0.8418 (0.8418)  base_loss: 5.0999 (5.0999)  time: 7.0099  data: 6.6621  max mem: 11365
Epoch: [93]  [ 50/312]  eta: 0:02:24  lr: 0.000014  sp_loss: 4.5413 (4.3831)  fam_loss: 3.1377 (3.0476)  manu_loss: 2.2598 (2.2156)  ot_loss: 0.8430 (0.8545)  base_loss: 4.8491 (4.7118)  time: 0.4360  data: 0.1538  max mem: 11365
Epoch: [93]  [100/312]  eta: 0:01:39  lr: 0.000014  sp_loss: 4.3065 (4.3122)  fam_loss: 3.0849 (2.9961)  manu_loss: 2.1942 (2.1847)  ot_loss: 0.8490 (0.8576)  base_loss: 4.6737 (4.6545)  time: 0.4198  data: 0.1354  max mem: 11365
Epoch: [93]  [150/312]  eta: 0:01:12  lr: 0.000014  sp_loss: 4.1992 (4.2818)  fam_loss: 3.1182 (2.9798)  manu_loss: 2.1415 (2.1783)  ot_loss: 0.8462 (0.8583)  base_loss: 4.6217 (4.6322)  time: 0.4337  data: 0.1544  max mem: 11365
Epoch: [93]  [200/312]  eta: 0:00:48  lr: 0.000014  sp_loss: 4.5374 (4.2477)  fam_loss: 3.1479 (2.9575)  manu_loss: 2.2719 (2.1643)  ot_loss: 0.8464 (0.8601)  base_loss: 4.8247 (4.6050)  time: 0.4000  data: 0.1197  max mem: 11365
Epoch: [93]  [250/312]  eta: 0:00:25  lr: 0.000014  sp_loss: 4.2349 (4.2368)  fam_loss: 2.9818 (2.9489)  manu_loss: 2.1326 (2.1546)  ot_loss: 0.8523 (0.8615)  base_loss: 4.6135 (4.5950)  time: 0.3689  data: 0.0887  max mem: 11365
Epoch: [93]  [300/312]  eta: 0:00:04  lr: 0.000014  sp_loss: 4.1713 (4.2887)  fam_loss: 2.9357 (2.9870)  manu_loss: 2.1948 (2.1846)  ot_loss: 0.8524 (0.8590)  base_loss: 4.5506 (4.6392)  time: 0.3389  data: 0.0598  max mem: 11365
Epoch: [93]  [311/312]  eta: 0:00:00  lr: 0.000014  sp_loss: 4.3715 (4.2912)  fam_loss: 2.9552 (2.9885)  manu_loss: 2.2213 (2.1865)  ot_loss: 0.8524 (0.8589)  base_loss: 4.6798 (4.6412)  time: 0.3754  data: 0.1037  max mem: 11365
Epoch: [93] Total time: 0:02:07 (0.4098 s / it)
Averaged stats: lr: 0.000014  sp_loss: 4.3715 (4.2912)  fam_loss: 2.9552 (2.9885)  manu_loss: 2.2213 (2.1865)  ot_loss: 0.8524 (0.8589)  base_loss: 4.6798 (4.6412)
Epoch: [94]  [  0/312]  eta: 0:32:25  lr: 0.000013  sp_loss: 4.8916 (4.8916)  fam_loss: 3.3605 (3.3605)  manu_loss: 2.4772 (2.4772)  ot_loss: 0.8296 (0.8296)  base_loss: 5.1291 (5.1291)  time: 6.2347  data: 5.9248  max mem: 11365
Epoch: [94]  [ 50/312]  eta: 0:02:04  lr: 0.000013  sp_loss: 4.1927 (4.3545)  fam_loss: 2.9502 (3.0427)  manu_loss: 2.1564 (2.2147)  ot_loss: 0.8573 (0.8520)  base_loss: 4.5873 (4.6952)  time: 0.3825  data: 0.1112  max mem: 11365
Epoch: [94]  [100/312]  eta: 0:01:28  lr: 0.000013  sp_loss: 4.4411 (4.2954)  fam_loss: 3.0910 (2.9989)  manu_loss: 2.2294 (2.1895)  ot_loss: 0.8463 (0.8565)  base_loss: 4.7597 (4.6468)  time: 0.3720  data: 0.1003  max mem: 11365
Epoch: [94]  [150/312]  eta: 0:01:04  lr: 0.000013  sp_loss: 4.8023 (4.2794)  fam_loss: 3.2562 (2.9864)  manu_loss: 2.3174 (2.1745)  ot_loss: 0.8439 (0.8582)  base_loss: 5.0301 (4.6320)  time: 0.3796  data: 0.1078  max mem: 11365
Epoch: [94]  [200/312]  eta: 0:00:43  lr: 0.000013  sp_loss: 3.9616 (4.2860)  fam_loss: 2.8069 (2.9908)  manu_loss: 2.1120 (2.1755)  ot_loss: 0.8525 (0.8580)  base_loss: 4.4043 (4.6368)  time: 0.3475  data: 0.0698  max mem: 11365
Epoch: [94]  [250/312]  eta: 0:00:23  lr: 0.000013  sp_loss: 4.4425 (4.2944)  fam_loss: 3.1123 (2.9909)  manu_loss: 2.2408 (2.1789)  ot_loss: 0.8440 (0.8587)  base_loss: 4.7403 (4.6425)  time: 0.3226  data: 0.0521  max mem: 11365
Epoch: [94]  [300/312]  eta: 0:00:04  lr: 0.000013  sp_loss: 3.5582 (4.2372)  fam_loss: 2.4896 (2.9544)  manu_loss: 1.8580 (2.1548)  ot_loss: 0.8666 (0.8605)  base_loss: 4.0380 (4.5964)  time: 0.3512  data: 0.0765  max mem: 11365
Epoch: [94]  [311/312]  eta: 0:00:00  lr: 0.000013  sp_loss: 4.8765 (4.2586)  fam_loss: 3.2246 (2.9678)  manu_loss: 2.3431 (2.1654)  ot_loss: 0.8387 (0.8598)  base_loss: 5.0727 (4.6138)  time: 0.3177  data: 0.0541  max mem: 11365
Epoch: [94] Total time: 0:01:57 (0.3778 s / it)
Averaged stats: lr: 0.000013  sp_loss: 4.8765 (4.2586)  fam_loss: 3.2246 (2.9678)  manu_loss: 2.3431 (2.1654)  ot_loss: 0.8387 (0.8598)  base_loss: 5.0727 (4.6138)
Test:  [  0/391]  eta: 0:39:53  sploss: 3.9822 (3.9822)  famloss: 1.6755 (1.6755)  manuloss: 1.0517 (1.0517)  acc1: 36.7188 (36.7188)  acc5: 60.9375 (60.9375)  family_acc1: 68.7500 (68.7500)  manu_acc1: 78.9062 (78.9062)  time: 6.1213  data: 6.0088  max mem: 11365
Test:  [ 50/391]  eta: 0:02:49  sploss: 4.1120 (4.1545)  famloss: 1.8694 (1.9143)  manuloss: 1.2242 (1.2534)  acc1: 34.7656 (34.8346)  acc5: 57.0312 (57.4602)  family_acc1: 63.2812 (63.2276)  manu_acc1: 75.0000 (74.3566)  time: 0.4230  data: 0.3280  max mem: 11365
Test:  [100/391]  eta: 0:02:05  sploss: 4.1314 (4.1330)  famloss: 2.0215 (1.9142)  manuloss: 1.2885 (1.2427)  acc1: 34.3750 (35.0364)  acc5: 56.6406 (57.6617)  family_acc1: 60.5469 (62.8868)  manu_acc1: 73.4375 (74.5243)  time: 0.4223  data: 0.3265  max mem: 11365
Test:  [150/391]  eta: 0:01:38  sploss: 3.8569 (4.0920)  famloss: 1.7050 (1.8857)  manuloss: 1.0647 (1.2241)  acc1: 37.5000 (35.7383)  acc5: 60.9375 (58.3764)  family_acc1: 65.6250 (63.1804)  manu_acc1: 77.7344 (74.7879)  time: 0.4296  data: 0.3363  max mem: 11365
Test:  [200/391]  eta: 0:01:15  sploss: 4.1369 (4.1179)  famloss: 2.0023 (1.9103)  manuloss: 1.2729 (1.2353)  acc1: 34.3750 (35.3739)  acc5: 56.6406 (57.9874)  family_acc1: 60.9375 (62.7857)  manu_acc1: 73.0469 (74.5705)  time: 0.3016  data: 0.2090  max mem: 11365
Test:  [250/391]  eta: 0:00:54  sploss: 4.0295 (4.1074)  famloss: 1.9115 (1.9191)  manuloss: 1.2463 (1.2503)  acc1: 37.5000 (35.6838)  acc5: 58.9844 (58.1689)  family_acc1: 61.3281 (62.5903)  manu_acc1: 73.0469 (74.0631)  time: 0.3090  data: 0.2167  max mem: 11365
Test:  [300/391]  eta: 0:00:35  sploss: 3.8694 (4.0689)  famloss: 1.6899 (1.8851)  manuloss: 1.0580 (1.2232)  acc1: 37.8906 (36.2048)  acc5: 62.8906 (58.9000)  family_acc1: 66.7969 (63.2877)  manu_acc1: 77.7344 (74.6353)  time: 0.3798  data: 0.2855  max mem: 11365
Test:  [350/391]  eta: 0:00:15  sploss: 4.0956 (4.0653)  famloss: 1.8342 (1.8714)  manuloss: 1.1477 (1.2070)  acc1: 36.3281 (36.1656)  acc5: 58.5938 (58.8965)  family_acc1: 62.5000 (63.4526)  manu_acc1: 75.0000 (74.9455)  time: 0.3773  data: 0.2842  max mem: 11365
Test:  [390/391]  eta: 0:00:00  sploss: 3.9566 (4.0559)  famloss: 1.7409 (1.8580)  manuloss: 0.9534 (1.1868)  acc1: 36.3281 (36.1630)  acc5: 60.5469 (59.0480)  family_acc1: 65.6250 (63.7190)  manu_acc1: 80.4688 (75.4880)  time: 0.3980  data: 0.3074  max mem: 11365
Test: Total time: 0:02:30 (0.3843 s / it)
* Acc@1 36.163 Acc@5 59.048 family@1 63.719 manu@1 75.488 sploss 4.056 fmloss 1.858 mfloss 1.187
Accuracy of the network on the 100000 test images: 36.2%
Max accuracy: 36.49%
Epoch: [95]  [  0/312]  eta: 0:40:21  lr: 0.000012  sp_loss: 4.2565 (4.2565)  fam_loss: 3.0475 (3.0475)  manu_loss: 2.2122 (2.2122)  ot_loss: 0.8554 (0.8554)  base_loss: 4.6369 (4.6369)  time: 7.7604  data: 7.4265  max mem: 11365
Epoch: [95]  [ 50/312]  eta: 0:02:45  lr: 0.000012  sp_loss: 4.6300 (4.3766)  fam_loss: 3.0764 (3.0344)  manu_loss: 2.2832 (2.2345)  ot_loss: 0.8393 (0.8538)  base_loss: 4.8553 (4.7092)  time: 0.5198  data: 0.2083  max mem: 11365
Epoch: [95]  [100/312]  eta: 0:01:57  lr: 0.000012  sp_loss: 4.0771 (4.3119)  fam_loss: 2.8606 (2.9988)  manu_loss: 2.1645 (2.2032)  ot_loss: 0.8597 (0.8566)  base_loss: 4.4798 (4.6584)  time: 0.5040  data: 0.1974  max mem: 11365
Epoch: [95]  [150/312]  eta: 0:01:24  lr: 0.000012  sp_loss: 3.8911 (4.2605)  fam_loss: 2.7767 (2.9635)  manu_loss: 2.0737 (2.1742)  ot_loss: 0.8595 (0.8588)  base_loss: 4.3483 (4.6156)  time: 0.4967  data: 0.2099  max mem: 11365
Epoch: [95]  [200/312]  eta: 0:00:55  lr: 0.000012  sp_loss: 4.8389 (4.3004)  fam_loss: 3.2878 (2.9872)  manu_loss: 2.3301 (2.1891)  ot_loss: 0.8360 (0.8577)  base_loss: 5.0873 (4.6465)  time: 0.3397  data: 0.0587  max mem: 11365
Epoch: [95]  [250/312]  eta: 0:00:29  lr: 0.000012  sp_loss: 4.4284 (4.2662)  fam_loss: 3.0013 (2.9660)  manu_loss: 2.1929 (2.1749)  ot_loss: 0.8531 (0.8587)  base_loss: 4.7440 (4.6192)  time: 0.3603  data: 0.0813  max mem: 11365
Epoch: [95]  [300/312]  eta: 0:00:05  lr: 0.000012  sp_loss: 4.3957 (4.2558)  fam_loss: 2.9981 (2.9567)  manu_loss: 2.1844 (2.1681)  ot_loss: 0.8471 (0.8597)  base_loss: 4.6916 (4.6099)  time: 0.4242  data: 0.1502  max mem: 11365
Epoch: [95]  [311/312]  eta: 0:00:00  lr: 0.000012  sp_loss: 4.8689 (4.2677)  fam_loss: 3.3369 (2.9640)  manu_loss: 2.3393 (2.1725)  ot_loss: 0.8398 (0.8592)  base_loss: 5.0932 (4.6193)  time: 0.3974  data: 0.1327  max mem: 11365
Epoch: [95] Total time: 0:02:23 (0.4615 s / it)
Averaged stats: lr: 0.000012  sp_loss: 4.8689 (4.2677)  fam_loss: 3.3369 (2.9640)  manu_loss: 2.3393 (2.1725)  ot_loss: 0.8398 (0.8592)  base_loss: 5.0932 (4.6193)
Epoch: [96]  [  0/312]  eta: 0:28:51  lr: 0.000011  sp_loss: 5.1634 (5.1634)  fam_loss: 3.5999 (3.5999)  manu_loss: 2.5955 (2.5955)  ot_loss: 0.8195 (0.8195)  base_loss: 5.3647 (5.3647)  time: 5.5508  data: 5.1633  max mem: 11365
Epoch: [96]  [ 50/312]  eta: 0:02:20  lr: 0.000011  sp_loss: 4.7301 (4.3870)  fam_loss: 3.2037 (3.0427)  manu_loss: 2.3684 (2.2352)  ot_loss: 0.8385 (0.8551)  base_loss: 5.0232 (4.7183)  time: 0.4041  data: 0.1285  max mem: 11365
Epoch: [96]  [100/312]  eta: 0:01:39  lr: 0.000011  sp_loss: 4.4527 (4.2984)  fam_loss: 3.2209 (2.9986)  manu_loss: 2.3378 (2.1952)  ot_loss: 0.8414 (0.8573)  base_loss: 4.8204 (4.6493)  time: 0.3243  data: 0.0493  max mem: 11365
Epoch: [96]  [150/312]  eta: 0:01:12  lr: 0.000011  sp_loss: 4.6942 (4.2983)  fam_loss: 3.1229 (2.9963)  manu_loss: 2.4173 (2.1993)  ot_loss: 0.8446 (0.8573)  base_loss: 4.9212 (4.6495)  time: 0.3502  data: 0.0756  max mem: 11365
Epoch: [96]  [200/312]  eta: 0:00:49  lr: 0.000011  sp_loss: 4.6676 (4.3364)  fam_loss: 3.1093 (3.0154)  manu_loss: 2.2927 (2.2098)  ot_loss: 0.8495 (0.8563)  base_loss: 4.8724 (4.6779)  time: 0.4100  data: 0.1350  max mem: 11365
Epoch: [96]  [250/312]  eta: 0:00:27  lr: 0.000011  sp_loss: 4.2020 (4.3325)  fam_loss: 2.9381 (3.0088)  manu_loss: 2.1248 (2.2034)  ot_loss: 0.8536 (0.8565)  base_loss: 4.5673 (4.6730)  time: 0.4054  data: 0.1342  max mem: 11365
Epoch: [96]  [300/312]  eta: 0:00:05  lr: 0.000011  sp_loss: 4.5364 (4.3140)  fam_loss: 3.2363 (2.9998)  manu_loss: 2.3462 (2.1979)  ot_loss: 0.8346 (0.8573)  base_loss: 4.8529 (4.6591)  time: 0.4249  data: 0.1583  max mem: 11365
Epoch: [96]  [311/312]  eta: 0:00:00  lr: 0.000011  sp_loss: 4.7240 (4.3224)  fam_loss: 3.2729 (3.0047)  manu_loss: 2.4076 (2.2009)  ot_loss: 0.8335 (0.8571)  base_loss: 4.9797 (4.6656)  time: 0.3575  data: 0.0963  max mem: 11365
Epoch: [96] Total time: 0:02:14 (0.4315 s / it)
Averaged stats: lr: 0.000011  sp_loss: 4.7240 (4.3224)  fam_loss: 3.2729 (3.0047)  manu_loss: 2.4076 (2.2009)  ot_loss: 0.8335 (0.8571)  base_loss: 4.9797 (4.6656)
Test:  [  0/391]  eta: 0:37:49  sploss: 4.0213 (4.0213)  famloss: 1.7056 (1.7056)  manuloss: 1.0768 (1.0768)  acc1: 35.5469 (35.5469)  acc5: 61.3281 (61.3281)  family_acc1: 67.9688 (67.9688)  manu_acc1: 78.9062 (78.9062)  time: 5.8056  data: 5.6908  max mem: 11365
Test:  [ 50/391]  eta: 0:03:16  sploss: 4.1113 (4.1711)  famloss: 1.9026 (1.9419)  manuloss: 1.2192 (1.2738)  acc1: 35.5469 (35.0260)  acc5: 57.8125 (57.3683)  family_acc1: 63.2812 (63.1204)  manu_acc1: 74.2188 (74.1575)  time: 0.5292  data: 0.4318  max mem: 11365
Test:  [100/391]  eta: 0:02:29  sploss: 4.1548 (4.1495)  famloss: 2.0419 (1.9423)  manuloss: 1.2827 (1.2617)  acc1: 33.5938 (35.0982)  acc5: 57.4219 (57.8009)  family_acc1: 59.7656 (62.6315)  manu_acc1: 73.0469 (74.3889)  time: 0.4355  data: 0.3372  max mem: 11365
Test:  [150/391]  eta: 0:01:51  sploss: 3.8692 (4.1088)  famloss: 1.7262 (1.9132)  manuloss: 1.0782 (1.2425)  acc1: 37.1094 (35.8288)  acc5: 60.9375 (58.4980)  family_acc1: 67.1875 (63.0174)  manu_acc1: 77.7344 (74.6637)  time: 0.4304  data: 0.3349  max mem: 11365
Test:  [200/391]  eta: 0:01:23  sploss: 4.1585 (4.1352)  famloss: 2.0172 (1.9389)  manuloss: 1.2941 (1.2542)  acc1: 34.7656 (35.4089)  acc5: 56.6406 (58.0632)  family_acc1: 60.5469 (62.5525)  manu_acc1: 73.4375 (74.4364)  time: 0.3105  data: 0.2159  max mem: 11365
Test:  [250/391]  eta: 0:00:59  sploss: 4.0485 (4.1250)  famloss: 1.9340 (1.9469)  manuloss: 1.2689 (1.2682)  acc1: 37.8906 (35.7321)  acc5: 58.5938 (58.2140)  family_acc1: 61.7188 (62.4175)  manu_acc1: 72.6562 (73.9386)  time: 0.2693  data: 0.1751  max mem: 11365
Test:  [300/391]  eta: 0:00:38  sploss: 3.8886 (4.0873)  famloss: 1.7130 (1.9129)  manuloss: 1.0672 (1.2411)  acc1: 38.2812 (36.2360)  acc5: 63.6719 (58.9169)  family_acc1: 67.1875 (63.0931)  manu_acc1: 78.1250 (74.5185)  time: 0.3789  data: 0.2838  max mem: 11365
Test:  [350/391]  eta: 0:00:17  sploss: 4.1141 (4.0836)  famloss: 1.8621 (1.8992)  manuloss: 1.1463 (1.2247)  acc1: 35.9375 (36.1823)  acc5: 58.9844 (58.9054)  family_acc1: 62.1094 (63.2968)  manu_acc1: 75.3906 (74.8397)  time: 0.4291  data: 0.3343  max mem: 11365
Test:  [390/391]  eta: 0:00:00  sploss: 3.9737 (4.0744)  famloss: 1.7632 (1.8860)  manuloss: 0.9795 (1.2048)  acc1: 35.9375 (36.1740)  acc5: 60.1562 (59.0630)  family_acc1: 66.0156 (63.5600)  manu_acc1: 80.0781 (75.3920)  time: 0.4008  data: 0.3090  max mem: 11365
Test: Total time: 0:02:39 (0.4081 s / it)
* Acc@1 36.174 Acc@5 59.063 family@1 63.560 manu@1 75.392 sploss 4.074 fmloss 1.886 mfloss 1.205
Accuracy of the network on the 100000 test images: 36.2%
Max accuracy: 36.49%
Epoch: [97]  [  0/312]  eta: 0:32:45  lr: 0.000011  sp_loss: 4.3717 (4.3717)  fam_loss: 2.9612 (2.9612)  manu_loss: 2.1582 (2.1582)  ot_loss: 0.8566 (0.8566)  base_loss: 4.6755 (4.6755)  time: 6.2985  data: 5.9315  max mem: 11365
Epoch: [97]  [ 50/312]  eta: 0:02:35  lr: 0.000011  sp_loss: 4.6463 (4.1854)  fam_loss: 3.1880 (2.9229)  manu_loss: 2.3047 (2.1185)  ot_loss: 0.8393 (0.8627)  base_loss: 4.9231 (4.5519)  time: 0.5028  data: 0.1937  max mem: 11365
Epoch: [97]  [100/312]  eta: 0:01:51  lr: 0.000011  sp_loss: 4.2634 (4.2627)  fam_loss: 3.0412 (2.9745)  manu_loss: 2.1877 (2.1596)  ot_loss: 0.8484 (0.8585)  base_loss: 4.6354 (4.6159)  time: 0.4963  data: 0.1939  max mem: 11365
Epoch: [97]  [150/312]  eta: 0:01:18  lr: 0.000011  sp_loss: 3.6215 (4.1892)  fam_loss: 2.6499 (2.9299)  manu_loss: 1.9261 (2.1320)  ot_loss: 0.8859 (0.8625)  base_loss: 4.1395 (4.5585)  time: 0.4015  data: 0.0978  max mem: 11365
Epoch: [97]  [200/312]  eta: 0:00:51  lr: 0.000011  sp_loss: 4.1330 (4.2344)  fam_loss: 2.8903 (2.9510)  manu_loss: 2.1180 (2.1496)  ot_loss: 0.8478 (0.8613)  base_loss: 4.5280 (4.5930)  time: 0.3879  data: 0.0853  max mem: 11365
Epoch: [97]  [250/312]  eta: 0:00:27  lr: 0.000011  sp_loss: 3.7585 (4.2334)  fam_loss: 2.6687 (2.9473)  manu_loss: 1.9522 (2.1497)  ot_loss: 0.8619 (0.8607)  base_loss: 4.2185 (4.5911)  time: 0.4141  data: 0.1168  max mem: 11365
Epoch: [97]  [300/312]  eta: 0:00:05  lr: 0.000011  sp_loss: 4.0284 (4.2001)  fam_loss: 2.8590 (2.9282)  manu_loss: 2.0757 (2.1367)  ot_loss: 0.8532 (0.8622)  base_loss: 4.4284 (4.5651)  time: 0.3336  data: 0.0418  max mem: 11365
Epoch: [97]  [311/312]  eta: 0:00:00  lr: 0.000011  sp_loss: 3.7710 (4.1898)  fam_loss: 2.6674 (2.9205)  manu_loss: 1.9232 (2.1318)  ot_loss: 0.8666 (0.8628)  base_loss: 4.2259 (4.5566)  time: 0.3575  data: 0.0855  max mem: 11365
Epoch: [97] Total time: 0:02:14 (0.4302 s / it)
Averaged stats: lr: 0.000011  sp_loss: 3.7710 (4.1898)  fam_loss: 2.6674 (2.9205)  manu_loss: 1.9232 (2.1318)  ot_loss: 0.8666 (0.8628)  base_loss: 4.2259 (4.5566)
Epoch: [98]  [  0/312]  eta: 0:34:02  lr: 0.000011  sp_loss: 4.5339 (4.5339)  fam_loss: 3.0723 (3.0723)  manu_loss: 2.2816 (2.2816)  ot_loss: 0.8591 (0.8591)  base_loss: 4.8165 (4.8165)  time: 6.5464  data: 6.1961  max mem: 11365
Epoch: [98]  [ 50/312]  eta: 0:02:25  lr: 0.000011  sp_loss: 4.5206 (4.3629)  fam_loss: 3.1417 (2.9975)  manu_loss: 2.2395 (2.1977)  ot_loss: 0.8457 (0.8589)  base_loss: 4.8463 (4.6875)  time: 0.4544  data: 0.1370  max mem: 11365
Epoch: [98]  [100/312]  eta: 0:01:41  lr: 0.000011  sp_loss: 4.7002 (4.3186)  fam_loss: 3.1354 (2.9891)  manu_loss: 2.3324 (2.1877)  ot_loss: 0.8428 (0.8587)  base_loss: 4.9476 (4.6576)  time: 0.3496  data: 0.0421  max mem: 11365
Epoch: [98]  [150/312]  eta: 0:01:13  lr: 0.000011  sp_loss: 4.5654 (4.2744)  fam_loss: 3.1734 (2.9688)  manu_loss: 2.3507 (2.1711)  ot_loss: 0.8446 (0.8611)  base_loss: 4.8462 (4.6248)  time: 0.4159  data: 0.1110  max mem: 11365
Epoch: [98]  [200/312]  eta: 0:00:49  lr: 0.000011  sp_loss: 4.6252 (4.2988)  fam_loss: 3.2092 (2.9901)  manu_loss: 2.3901 (2.1830)  ot_loss: 0.8409 (0.8592)  base_loss: 4.9748 (4.6455)  time: 0.4293  data: 0.1438  max mem: 11365
Epoch: [98]  [250/312]  eta: 0:00:26  lr: 0.000011  sp_loss: 4.9072 (4.3667)  fam_loss: 3.3409 (3.0322)  manu_loss: 2.4746 (2.2147)  ot_loss: 0.8354 (0.8564)  base_loss: 5.1202 (4.7002)  time: 0.3371  data: 0.0573  max mem: 11365
Epoch: [98]  [300/312]  eta: 0:00:04  lr: 0.000011  sp_loss: 4.7189 (4.3833)  fam_loss: 3.2935 (3.0396)  manu_loss: 2.3672 (2.2208)  ot_loss: 0.8440 (0.8556)  base_loss: 5.0250 (4.7129)  time: 0.3339  data: 0.0532  max mem: 11365
Epoch: [98]  [311/312]  eta: 0:00:00  lr: 0.000011  sp_loss: 4.6489 (4.3806)  fam_loss: 3.1278 (3.0376)  manu_loss: 2.2792 (2.2194)  ot_loss: 0.8440 (0.8557)  base_loss: 4.8714 (4.7105)  time: 0.3218  data: 0.0515  max mem: 11365
Epoch: [98] Total time: 0:02:08 (0.4134 s / it)
Averaged stats: lr: 0.000011  sp_loss: 4.6489 (4.3806)  fam_loss: 3.1278 (3.0376)  manu_loss: 2.2792 (2.2194)  ot_loss: 0.8440 (0.8557)  base_loss: 4.8714 (4.7105)
Test:  [  0/391]  eta: 0:37:50  sploss: 3.8915 (3.8915)  famloss: 1.6145 (1.6145)  manuloss: 1.0100 (1.0100)  acc1: 35.9375 (35.9375)  acc5: 60.9375 (60.9375)  family_acc1: 69.9219 (69.9219)  manu_acc1: 80.4688 (80.4688)  time: 5.8065  data: 5.6918  max mem: 11365
Test:  [ 50/391]  eta: 0:03:22  sploss: 4.0492 (4.0822)  famloss: 1.8065 (1.8502)  manuloss: 1.1663 (1.2124)  acc1: 34.7656 (35.2865)  acc5: 58.9844 (57.5444)  family_acc1: 63.2812 (63.6183)  manu_acc1: 75.0000 (74.5251)  time: 0.5234  data: 0.4245  max mem: 11365
Test:  [100/391]  eta: 0:02:29  sploss: 4.0691 (4.0603)  famloss: 1.9541 (1.8494)  manuloss: 1.2423 (1.2010)  acc1: 33.9844 (35.3728)  acc5: 57.8125 (58.0446)  family_acc1: 60.9375 (63.1575)  manu_acc1: 73.4375 (74.6248)  time: 0.5026  data: 0.4025  max mem: 11365
Test:  [150/391]  eta: 0:01:56  sploss: 3.7628 (4.0177)  famloss: 1.6372 (1.8212)  manuloss: 1.0136 (1.1836)  acc1: 37.8906 (36.1315)  acc5: 61.3281 (58.8214)  family_acc1: 67.5781 (63.6641)  manu_acc1: 77.7344 (74.9922)  time: 0.4828  data: 0.3862  max mem: 11365
Test:  [200/391]  eta: 0:01:26  sploss: 4.0617 (4.0441)  famloss: 1.9428 (1.8465)  manuloss: 1.2348 (1.1946)  acc1: 35.1562 (35.7684)  acc5: 57.4219 (58.4733)  family_acc1: 61.7188 (63.1472)  manu_acc1: 73.0469 (74.7901)  time: 0.4313  data: 0.3371  max mem: 11365
Test:  [250/391]  eta: 0:01:01  sploss: 3.9507 (4.0336)  famloss: 1.8363 (1.8558)  manuloss: 1.2039 (1.2099)  acc1: 37.1094 (36.1149)  acc5: 58.9844 (58.6700)  family_acc1: 62.5000 (62.9342)  manu_acc1: 73.0469 (74.2779)  time: 0.2682  data: 0.1745  max mem: 11365
Test:  [300/391]  eta: 0:00:38  sploss: 3.7810 (3.9940)  famloss: 1.6213 (1.8216)  manuloss: 1.0041 (1.1824)  acc1: 38.2812 (36.6681)  acc5: 63.2812 (59.3737)  family_acc1: 67.1875 (63.5914)  manu_acc1: 77.7344 (74.8326)  time: 0.2873  data: 0.1935  max mem: 11365
Test:  [350/391]  eta: 0:00:17  sploss: 3.9980 (3.9903)  famloss: 1.7717 (1.8078)  manuloss: 1.1040 (1.1658)  acc1: 36.7188 (36.5897)  acc5: 58.2031 (59.3661)  family_acc1: 64.0625 (63.7787)  manu_acc1: 76.1719 (75.0935)  time: 0.3730  data: 0.2777  max mem: 11365
Test:  [390/391]  eta: 0:00:00  sploss: 3.8719 (3.9808)  famloss: 1.6802 (1.7942)  manuloss: 0.8986 (1.1452)  acc1: 36.3281 (36.5950)  acc5: 60.9375 (59.5290)  family_acc1: 66.0156 (64.0490)  manu_acc1: 81.2500 (75.6620)  time: 0.4023  data: 0.3105  max mem: 11365
Test: Total time: 0:02:42 (0.4143 s / it)
* Acc@1 36.595 Acc@5 59.529 family@1 64.049 manu@1 75.662 sploss 3.981 fmloss 1.794 mfloss 1.145
Accuracy of the network on the 100000 test images: 36.6%
Max accuracy: 36.59%
Epoch: [99]  [  0/312]  eta: 0:29:40  lr: 0.000010  sp_loss: 4.2535 (4.2535)  fam_loss: 2.9163 (2.9163)  manu_loss: 2.1287 (2.1287)  ot_loss: 0.8518 (0.8518)  base_loss: 4.5875 (4.5875)  time: 5.7069  data: 5.3279  max mem: 11365
Epoch: [99]  [ 50/312]  eta: 0:02:39  lr: 0.000010  sp_loss: 4.6638 (4.2682)  fam_loss: 3.1256 (2.9633)  manu_loss: 2.2904 (2.1719)  ot_loss: 0.8496 (0.8579)  base_loss: 4.9012 (4.6190)  time: 0.4811  data: 0.1648  max mem: 11365
Epoch: [99]  [100/312]  eta: 0:01:50  lr: 0.000010  sp_loss: 4.3061 (4.1852)  fam_loss: 3.0457 (2.9142)  manu_loss: 2.2045 (2.1349)  ot_loss: 0.8513 (0.8623)  base_loss: 4.6711 (4.5528)  time: 0.4272  data: 0.1202  max mem: 11365
Epoch: [99]  [150/312]  eta: 0:01:18  lr: 0.000010  sp_loss: 4.3780 (4.2023)  fam_loss: 3.0343 (2.9324)  manu_loss: 2.1662 (2.1500)  ot_loss: 0.8431 (0.8613)  base_loss: 4.6995 (4.5697)  time: 0.4174  data: 0.1103  max mem: 11365
Epoch: [99]  [200/312]  eta: 0:00:52  lr: 0.000010  sp_loss: 4.4943 (4.2911)  fam_loss: 3.0861 (2.9848)  manu_loss: 2.2515 (2.1883)  ot_loss: 0.8419 (0.8576)  base_loss: 4.8039 (4.6399)  time: 0.4045  data: 0.0965  max mem: 11365
Epoch: [99]  [250/312]  eta: 0:00:28  lr: 0.000010  sp_loss: 4.7328 (4.3419)  fam_loss: 3.2381 (3.0164)  manu_loss: 2.3267 (2.2094)  ot_loss: 0.8336 (0.8553)  base_loss: 4.9875 (4.6802)  time: 0.4359  data: 0.1383  max mem: 11365
Epoch: [99]  [300/312]  eta: 0:00:05  lr: 0.000010  sp_loss: 4.1313 (4.3137)  fam_loss: 2.8866 (3.0010)  manu_loss: 2.0407 (2.1953)  ot_loss: 0.8561 (0.8567)  base_loss: 4.4951 (4.6578)  time: 0.3804  data: 0.0868  max mem: 11365
Epoch: [99]  [311/312]  eta: 0:00:00  lr: 0.000010  sp_loss: 3.8939 (4.3049)  fam_loss: 2.7287 (2.9963)  manu_loss: 1.9341 (2.1907)  ot_loss: 0.8565 (0.8572)  base_loss: 4.3116 (4.6509)  time: 0.3617  data: 0.0901  max mem: 11365
Epoch: [99] Total time: 0:02:17 (0.4393 s / it)
Averaged stats: lr: 0.000010  sp_loss: 3.8939 (4.3049)  fam_loss: 2.7287 (2.9963)  manu_loss: 1.9341 (2.1907)  ot_loss: 0.8565 (0.8572)  base_loss: 4.3116 (4.6509)
Training time 5:01:35
Test:  [  0/391]  eta: 0:40:24  sploss: 3.8791 (3.8791)  famloss: 1.5951 (1.5951)  manuloss: 0.9896 (0.9896)  acc1: 35.5469 (35.5469)  acc5: 61.7188 (61.7188)  family_acc1: 69.1406 (69.1406)  manu_acc1: 80.4688 (80.4688)  time: 6.2002  data: 5.9480  max mem: 11365
Test:  [  1/391]  eta: 0:22:31  sploss: 3.8791 (3.9444)  famloss: 1.5951 (1.7132)  manuloss: 0.9896 (1.1195)  acc1: 33.5938 (34.5703)  acc5: 58.2031 (59.9609)  family_acc1: 65.2344 (67.1875)  manu_acc1: 75.3906 (77.9297)  time: 3.4642  data: 3.2474  max mem: 11365
Test:  [  2/391]  eta: 0:15:20  sploss: 3.9334 (3.9407)  famloss: 1.5951 (1.6268)  manuloss: 0.9896 (1.0121)  acc1: 35.5469 (35.0260)  acc5: 58.2031 (58.9844)  family_acc1: 69.1406 (69.1406)  manu_acc1: 80.4688 (79.6875)  time: 2.3652  data: 2.1650  max mem: 11365
Test:  [  3/391]  eta: 0:11:45  sploss: 3.9334 (4.0404)  famloss: 1.5951 (1.6580)  manuloss: 0.9896 (1.0102)  acc1: 33.5938 (34.3750)  acc5: 57.0312 (57.6172)  family_acc1: 65.6250 (68.2617)  manu_acc1: 76.9531 (79.0039)  time: 1.8185  data: 1.6239  max mem: 11365
Test:  [  4/391]  eta: 0:09:36  sploss: 4.0098 (4.0915)  famloss: 1.7518 (1.7180)  manuloss: 1.0047 (1.0663)  acc1: 33.5938 (34.0625)  acc5: 57.0312 (56.4844)  family_acc1: 65.6250 (67.3438)  manu_acc1: 76.9531 (77.8125)  time: 1.4908  data: 1.2992  max mem: 11365
Test:  [  5/391]  eta: 0:08:11  sploss: 4.0098 (4.0886)  famloss: 1.7518 (1.7602)  manuloss: 1.0047 (1.1050)  acc1: 33.2031 (33.9193)  acc5: 57.0312 (57.3568)  family_acc1: 65.2344 (65.7552)  manu_acc1: 75.3906 (77.0182)  time: 1.2733  data: 1.0827  max mem: 11365
Test:  [  6/391]  eta: 0:07:09  sploss: 4.0098 (4.0537)  famloss: 1.7518 (1.7474)  manuloss: 1.0200 (1.0929)  acc1: 33.5938 (34.2634)  acc5: 58.2031 (57.7009)  family_acc1: 65.2344 (65.6250)  manu_acc1: 75.3906 (76.7299)  time: 1.1159  data: 0.9281  max mem: 11365
Test:  [  7/391]  eta: 0:06:23  sploss: 4.0098 (4.0879)  famloss: 1.7440 (1.7470)  manuloss: 1.0200 (1.1102)  acc1: 33.2031 (33.5938)  acc5: 57.0312 (57.0312)  family_acc1: 65.2344 (65.9180)  manu_acc1: 75.0000 (76.4160)  time: 0.9982  data: 0.8121  max mem: 11365
Test:  [  8/391]  eta: 0:05:49  sploss: 4.0741 (4.1554)  famloss: 1.7518 (1.8389)  manuloss: 1.2316 (1.1964)  acc1: 33.2031 (32.8125)  acc5: 57.0312 (55.9462)  family_acc1: 65.2344 (64.1927)  manu_acc1: 75.0000 (74.7830)  time: 0.9123  data: 0.7219  max mem: 11365
Test:  [  9/391]  eta: 0:05:21  sploss: 4.0741 (4.1724)  famloss: 1.7518 (1.8698)  manuloss: 1.2316 (1.2204)  acc1: 32.8125 (32.8125)  acc5: 56.2500 (55.9766)  family_acc1: 64.8438 (63.5547)  manu_acc1: 74.2188 (74.3359)  time: 0.8427  data: 0.6498  max mem: 11365
Test:  [ 10/391]  eta: 0:04:59  sploss: 4.2957 (4.1866)  famloss: 1.8314 (1.8811)  manuloss: 1.2409 (1.2222)  acc1: 32.8125 (32.6705)  acc5: 56.2500 (55.7173)  family_acc1: 64.8438 (63.1747)  manu_acc1: 75.0000 (74.4318)  time: 0.7860  data: 0.5907  max mem: 11365
Test:  [ 11/391]  eta: 0:04:39  sploss: 4.0741 (4.1723)  famloss: 1.7518 (1.8661)  manuloss: 1.2364 (1.2234)  acc1: 32.8125 (32.9102)  acc5: 56.2500 (55.9570)  family_acc1: 64.8438 (63.4115)  manu_acc1: 74.2188 (74.3815)  time: 0.7358  data: 0.5415  max mem: 11365
Test:  [ 12/391]  eta: 0:05:50  sploss: 4.0741 (4.1554)  famloss: 1.8314 (1.8710)  manuloss: 1.2364 (1.2235)  acc1: 33.2031 (33.2031)  acc5: 57.0312 (56.1899)  family_acc1: 64.8438 (63.3714)  manu_acc1: 74.2188 (74.2188)  time: 0.9247  data: 0.7274  max mem: 11365
Test:  [ 13/391]  eta: 0:05:30  sploss: 4.0741 (4.1598)  famloss: 1.8314 (1.8820)  manuloss: 1.2364 (1.2309)  acc1: 32.8125 (33.0078)  acc5: 56.2500 (55.9989)  family_acc1: 63.6719 (63.2812)  manu_acc1: 73.8281 (74.1350)  time: 0.8740  data: 0.6755  max mem: 11365
Test:  [ 14/391]  eta: 0:05:12  sploss: 4.0741 (4.1488)  famloss: 1.8314 (1.8714)  manuloss: 1.2364 (1.2222)  acc1: 33.2031 (33.0729)  acc5: 56.2500 (55.8594)  family_acc1: 63.6719 (63.3073)  manu_acc1: 74.2188 (74.4010)  time: 0.8294  data: 0.6305  max mem: 11365
Test:  [ 15/391]  eta: 0:04:57  sploss: 4.0150 (4.1362)  famloss: 1.7972 (1.8667)  manuloss: 1.2316 (1.2207)  acc1: 33.2031 (33.4961)  acc5: 56.2500 (56.2256)  family_acc1: 63.6719 (63.3545)  manu_acc1: 74.2188 (74.4629)  time: 0.7905  data: 0.5911  max mem: 11365
Test:  [ 16/391]  eta: 0:04:43  sploss: 4.0150 (4.1278)  famloss: 1.7972 (1.8586)  manuloss: 1.2316 (1.2158)  acc1: 33.5938 (33.7776)  acc5: 57.0312 (56.2960)  family_acc1: 64.0625 (63.4881)  manu_acc1: 75.0000 (74.5864)  time: 0.7562  data: 0.5563  max mem: 11365
Test:  [ 17/391]  eta: 0:04:31  sploss: 4.0098 (4.1141)  famloss: 1.7518 (1.8431)  manuloss: 1.2246 (1.1996)  acc1: 33.5938 (34.0712)  acc5: 57.0312 (56.6623)  family_acc1: 64.0625 (63.7153)  manu_acc1: 75.0000 (74.9783)  time: 0.7259  data: 0.5255  max mem: 11365
Test:  [ 18/391]  eta: 0:04:20  sploss: 4.0150 (4.1108)  famloss: 1.7744 (1.8395)  manuloss: 1.2316 (1.2037)  acc1: 33.9844 (34.1283)  acc5: 57.0312 (56.6406)  family_acc1: 64.8438 (63.9597)  manu_acc1: 75.0000 (74.8355)  time: 0.6986  data: 0.4978  max mem: 11365
Test:  [ 19/391]  eta: 0:04:10  sploss: 4.0150 (4.1123)  famloss: 1.7744 (1.8377)  manuloss: 1.2316 (1.2086)  acc1: 33.5938 (34.0430)  acc5: 56.2500 (56.5625)  family_acc1: 64.0625 (63.8867)  manu_acc1: 74.2188 (74.7656)  time: 0.6745  data: 0.4729  max mem: 11365
Test:  [ 20/391]  eta: 0:04:02  sploss: 4.0523 (4.1319)  famloss: 1.7972 (1.8523)  manuloss: 1.2364 (1.2186)  acc1: 33.2031 (33.9286)  acc5: 56.2500 (56.2314)  family_acc1: 63.6719 (63.6161)  manu_acc1: 73.8281 (74.5164)  time: 0.3762  data: 0.1756  max mem: 11365
Test:  [ 21/391]  eta: 0:03:54  sploss: 4.0741 (4.1416)  famloss: 1.7972 (1.8665)  manuloss: 1.2364 (1.2325)  acc1: 33.2031 (33.8956)  acc5: 55.0781 (56.1435)  family_acc1: 63.6719 (63.3523)  manu_acc1: 73.4375 (74.0945)  time: 0.3509  data: 0.1482  max mem: 11365
Test:  [ 22/391]  eta: 0:03:47  sploss: 4.0741 (4.1316)  famloss: 1.8032 (1.8643)  manuloss: 1.2364 (1.2320)  acc1: 33.2031 (34.0523)  acc5: 55.0781 (56.4368)  family_acc1: 63.6719 (63.3832)  manu_acc1: 73.4375 (74.1338)  time: 0.3532  data: 0.1482  max mem: 11365
Test:  [ 23/391]  eta: 0:03:40  sploss: 4.0523 (4.1155)  famloss: 1.8168 (1.8664)  manuloss: 1.2409 (1.2384)  acc1: 33.2031 (34.2936)  acc5: 56.2500 (56.7546)  family_acc1: 62.8906 (63.3464)  manu_acc1: 73.0469 (73.9258)  time: 0.3557  data: 0.1482  max mem: 11365
Test:  [ 24/391]  eta: 0:04:15  sploss: 4.0150 (4.1105)  famloss: 1.8032 (1.8578)  manuloss: 1.2364 (1.2374)  acc1: 33.9844 (34.5000)  acc5: 56.2500 (56.8438)  family_acc1: 62.8906 (63.4531)  manu_acc1: 73.4375 (74.0000)  time: 0.4988  data: 0.2889  max mem: 11365
Test:  [ 25/391]  eta: 0:04:08  sploss: 3.9939 (4.1044)  famloss: 1.8032 (1.8580)  manuloss: 1.2364 (1.2385)  acc1: 35.1562 (34.6454)  acc5: 56.2500 (56.9862)  family_acc1: 63.2812 (63.4465)  manu_acc1: 73.4375 (73.9784)  time: 0.5006  data: 0.2889  max mem: 11365
Test:  [ 26/391]  eta: 0:04:01  sploss: 3.9939 (4.0879)  famloss: 1.8032 (1.8556)  manuloss: 1.2409 (1.2391)  acc1: 35.1562 (34.8958)  acc5: 56.2500 (57.4074)  family_acc1: 63.2812 (63.4983)  manu_acc1: 73.4375 (73.9583)  time: 0.5035  data: 0.2889  max mem: 11365
Test:  [ 27/391]  eta: 0:03:55  sploss: 3.9939 (4.0926)  famloss: 1.8168 (1.8606)  manuloss: 1.2409 (1.2390)  acc1: 35.1562 (34.8772)  acc5: 57.4219 (57.4219)  family_acc1: 62.8906 (63.3650)  manu_acc1: 73.4375 (73.9955)  time: 0.5060  data: 0.2889  max mem: 11365
Test:  [ 28/391]  eta: 0:03:48  sploss: 3.9930 (4.0854)  famloss: 1.8032 (1.8521)  manuloss: 1.2364 (1.2303)  acc1: 35.5469 (35.0216)  acc5: 57.8125 (57.4892)  family_acc1: 63.2812 (63.4159)  manu_acc1: 73.4375 (74.1649)  time: 0.5037  data: 0.2889  max mem: 11365
Test:  [ 29/391]  eta: 0:03:42  sploss: 3.9916 (4.0820)  famloss: 1.8032 (1.8514)  manuloss: 1.2343 (1.2289)  acc1: 36.7188 (35.1562)  acc5: 57.8125 (57.5000)  family_acc1: 63.2812 (63.3464)  manu_acc1: 73.4375 (74.1146)  time: 0.5019  data: 0.2889  max mem: 11365
Test:  [ 30/391]  eta: 0:03:37  sploss: 3.9828 (4.0749)  famloss: 1.8032 (1.8505)  manuloss: 1.2246 (1.2254)  acc1: 37.5000 (35.2949)  acc5: 58.5938 (57.6361)  family_acc1: 63.6719 (63.4199)  manu_acc1: 73.4375 (74.1935)  time: 0.4996  data: 0.2889  max mem: 11365
Test:  [ 31/391]  eta: 0:03:31  sploss: 3.9686 (4.0716)  famloss: 1.8032 (1.8475)  manuloss: 1.2202 (1.2208)  acc1: 37.5000 (35.2783)  acc5: 58.9844 (57.6782)  family_acc1: 63.6719 (63.4644)  manu_acc1: 73.4375 (74.2798)  time: 0.4993  data: 0.2889  max mem: 11365
Test:  [ 32/391]  eta: 0:03:27  sploss: 3.9686 (4.0662)  famloss: 1.7972 (1.8396)  manuloss: 1.2122 (1.2122)  acc1: 37.5000 (35.3101)  acc5: 58.9844 (57.7533)  family_acc1: 64.0625 (63.5653)  manu_acc1: 75.0000 (74.5384)  time: 0.3509  data: 0.1410  max mem: 11365
Test:  [ 33/391]  eta: 0:03:22  sploss: 3.9515 (4.0616)  famloss: 1.7932 (1.8313)  manuloss: 1.1991 (1.2051)  acc1: 37.5000 (35.3631)  acc5: 58.9844 (57.8814)  family_acc1: 64.0625 (63.7178)  manu_acc1: 75.0000 (74.7243)  time: 0.3521  data: 0.1410  max mem: 11365
Test:  [ 34/391]  eta: 0:03:18  sploss: 3.9478 (4.0567)  famloss: 1.7972 (1.8314)  manuloss: 1.1991 (1.1998)  acc1: 38.2812 (35.4464)  acc5: 59.3750 (57.9464)  family_acc1: 64.0625 (63.6607)  manu_acc1: 75.0000 (74.8438)  time: 0.3503  data: 0.1410  max mem: 11365
Test:  [ 35/391]  eta: 0:03:14  sploss: 3.9118 (4.0496)  famloss: 1.7932 (1.8238)  manuloss: 1.1889 (1.1960)  acc1: 38.2812 (35.5794)  acc5: 59.3750 (58.0512)  family_acc1: 64.8438 (63.8455)  manu_acc1: 75.0000 (74.9023)  time: 0.3489  data: 0.1410  max mem: 11365
Test:  [ 36/391]  eta: 0:03:35  sploss: 3.9118 (4.0513)  famloss: 1.7932 (1.8225)  manuloss: 1.1889 (1.1956)  acc1: 37.5000 (35.5891)  acc5: 59.7656 (58.0976)  family_acc1: 64.8438 (63.8725)  manu_acc1: 75.0000 (74.8944)  time: 0.4812  data: 0.2723  max mem: 11365
Test:  [ 37/391]  eta: 0:03:31  sploss: 3.9515 (4.0602)  famloss: 1.8032 (1.8301)  manuloss: 1.2122 (1.2037)  acc1: 37.1094 (35.4132)  acc5: 59.3750 (57.8742)  family_acc1: 64.0625 (63.6719)  manu_acc1: 74.6094 (74.6608)  time: 0.4811  data: 0.2723  max mem: 11365
Test:  [ 38/391]  eta: 0:03:27  sploss: 3.9515 (4.0637)  famloss: 1.8168 (1.8319)  manuloss: 1.2122 (1.2091)  acc1: 37.1094 (35.4167)  acc5: 59.3750 (57.8025)  family_acc1: 63.2812 (63.6118)  manu_acc1: 74.6094 (74.5192)  time: 0.4804  data: 0.2723  max mem: 11365
Test:  [ 39/391]  eta: 0:03:23  sploss: 3.9515 (4.0724)  famloss: 1.8228 (1.8352)  manuloss: 1.2122 (1.2123)  acc1: 37.1094 (35.3027)  acc5: 59.3750 (57.6953)  family_acc1: 63.2812 (63.5840)  manu_acc1: 74.6094 (74.4531)  time: 0.4790  data: 0.2723  max mem: 11365
Test:  [ 40/391]  eta: 0:03:21  sploss: 3.9515 (4.0780)  famloss: 1.8228 (1.8395)  manuloss: 1.2122 (1.2131)  acc1: 37.1094 (35.1848)  acc5: 59.3750 (57.6029)  family_acc1: 63.2812 (63.4813)  manu_acc1: 74.6094 (74.4569)  time: 0.4902  data: 0.2842  max mem: 11365
Test:  [ 41/391]  eta: 0:03:17  sploss: 3.9515 (4.0817)  famloss: 1.8168 (1.8386)  manuloss: 1.1889 (1.2120)  acc1: 37.1094 (35.1469)  acc5: 59.3750 (57.5800)  family_acc1: 63.2812 (63.4580)  manu_acc1: 74.6094 (74.4327)  time: 0.4877  data: 0.2842  max mem: 11365
Test:  [ 42/391]  eta: 0:03:13  sploss: 3.9686 (4.0832)  famloss: 1.8014 (1.8371)  manuloss: 1.1889 (1.2126)  acc1: 36.3281 (35.1381)  acc5: 58.9844 (57.5491)  family_acc1: 63.2812 (63.4539)  manu_acc1: 74.6094 (74.4640)  time: 0.4857  data: 0.2843  max mem: 11365
Test:  [ 43/391]  eta: 0:03:10  sploss: 3.9828 (4.0822)  famloss: 1.8014 (1.8400)  manuloss: 1.1889 (1.2126)  acc1: 35.9375 (35.0852)  acc5: 58.9844 (57.6172)  family_acc1: 63.2812 (63.3789)  manu_acc1: 74.6094 (74.4407)  time: 0.4833  data: 0.2842  max mem: 11365
Test:  [ 44/391]  eta: 0:03:06  sploss: 3.9686 (4.0796)  famloss: 1.8014 (1.8387)  manuloss: 1.1790 (1.2089)  acc1: 35.9375 (35.1476)  acc5: 58.9844 (57.6215)  family_acc1: 63.2812 (63.3941)  manu_acc1: 74.6094 (74.5226)  time: 0.3402  data: 0.1436  max mem: 11365
Test:  [ 45/391]  eta: 0:03:03  sploss: 3.9828 (4.0846)  famloss: 1.8014 (1.8422)  manuloss: 1.1790 (1.2115)  acc1: 35.5469 (35.0543)  acc5: 57.8125 (57.6172)  family_acc1: 62.5000 (63.3492)  manu_acc1: 74.6094 (74.4990)  time: 0.3381  data: 0.1436  max mem: 11365
Test:  [ 46/391]  eta: 0:03:00  sploss: 3.9828 (4.0810)  famloss: 1.8228 (1.8422)  manuloss: 1.1660 (1.2100)  acc1: 35.5469 (35.0731)  acc5: 57.8125 (57.7045)  family_acc1: 62.5000 (63.3311)  manu_acc1: 75.0000 (74.5096)  time: 0.3354  data: 0.1436  max mem: 11365
Test:  [ 47/391]  eta: 0:02:57  sploss: 3.9828 (4.0805)  famloss: 1.8228 (1.8437)  manuloss: 1.1660 (1.2113)  acc1: 35.9375 (35.0911)  acc5: 58.9844 (57.7637)  family_acc1: 62.5000 (63.3626)  manu_acc1: 75.0000 (74.5280)  time: 0.3333  data: 0.1436  max mem: 11365
Test:  [ 48/391]  eta: 0:03:11  sploss: 4.0142 (4.0792)  famloss: 1.8228 (1.8422)  manuloss: 1.1660 (1.2089)  acc1: 35.9375 (35.1244)  acc5: 57.8125 (57.7328)  family_acc1: 62.5000 (63.4168)  manu_acc1: 75.0000 (74.5615)  time: 0.4571  data: 0.2647  max mem: 11365
Test:  [ 49/391]  eta: 0:03:09  sploss: 4.0384 (4.0787)  famloss: 1.8014 (1.8405)  manuloss: 1.1504 (1.2077)  acc1: 35.9375 (35.1484)  acc5: 58.9844 (57.7812)  family_acc1: 63.2812 (63.4297)  manu_acc1: 75.3906 (74.5781)  time: 0.4589  data: 0.2647  max mem: 11365
Test:  [ 50/391]  eta: 0:03:06  sploss: 4.0384 (4.0743)  famloss: 1.8014 (1.8402)  manuloss: 1.1660 (1.2089)  acc1: 35.9375 (35.1716)  acc5: 58.9844 (57.8508)  family_acc1: 62.5000 (63.4115)  manu_acc1: 75.0000 (74.5098)  time: 0.4609  data: 0.2647  max mem: 11365
Test:  [ 51/391]  eta: 0:03:03  sploss: 4.0562 (4.0780)  famloss: 1.8219 (1.8448)  manuloss: 1.1790 (1.2147)  acc1: 35.9375 (35.1487)  acc5: 57.8125 (57.7825)  family_acc1: 62.5000 (63.3564)  manu_acc1: 74.6094 (74.3690)  time: 0.4634  data: 0.2647  max mem: 11365
Test:  [ 52/391]  eta: 0:03:07  sploss: 4.0562 (4.0755)  famloss: 1.8219 (1.8436)  manuloss: 1.2137 (1.2154)  acc1: 35.9375 (35.1784)  acc5: 57.8125 (57.8567)  family_acc1: 62.5000 (63.3476)  manu_acc1: 74.6094 (74.3662)  time: 0.5117  data: 0.3131  max mem: 11365
Test:  [ 53/391]  eta: 0:03:04  sploss: 4.0562 (4.0721)  famloss: 1.8367 (1.8454)  manuloss: 1.2341 (1.2158)  acc1: 35.9375 (35.1997)  acc5: 57.8125 (57.9499)  family_acc1: 62.5000 (63.2017)  manu_acc1: 74.2188 (74.3273)  time: 0.5110  data: 0.3131  max mem: 11365
Test:  [ 54/391]  eta: 0:03:02  sploss: 4.0569 (4.0738)  famloss: 1.8391 (1.8476)  manuloss: 1.2341 (1.2147)  acc1: 35.5469 (35.1491)  acc5: 57.4219 (57.8551)  family_acc1: 62.5000 (63.1747)  manu_acc1: 74.2188 (74.3679)  time: 0.5131  data: 0.3131  max mem: 11365
Test:  [ 55/391]  eta: 0:02:59  sploss: 4.0569 (4.0718)  famloss: 1.8391 (1.8454)  manuloss: 1.2377 (1.2152)  acc1: 35.5469 (35.1562)  acc5: 57.4219 (57.8544)  family_acc1: 62.5000 (63.1975)  manu_acc1: 73.4375 (74.3513)  time: 0.5135  data: 0.3131  max mem: 11365
Test:  [ 56/391]  eta: 0:02:56  sploss: 4.0562 (4.0705)  famloss: 1.8391 (1.8440)  manuloss: 1.2377 (1.2143)  acc1: 35.5469 (35.1631)  acc5: 57.4219 (57.9084)  family_acc1: 62.5000 (63.2333)  manu_acc1: 73.4375 (74.4038)  time: 0.3798  data: 0.1818  max mem: 11365
Test:  [ 57/391]  eta: 0:02:54  sploss: 4.0384 (4.0685)  famloss: 1.8219 (1.8435)  manuloss: 1.2341 (1.2131)  acc1: 35.5469 (35.2236)  acc5: 57.8125 (57.9741)  family_acc1: 62.5000 (63.2206)  manu_acc1: 74.2188 (74.4073)  time: 0.3783  data: 0.1818  max mem: 11365
Test:  [ 58/391]  eta: 0:02:51  sploss: 4.0384 (4.0686)  famloss: 1.8111 (1.8425)  manuloss: 1.2137 (1.2118)  acc1: 35.5469 (35.3085)  acc5: 57.8125 (57.9184)  family_acc1: 62.5000 (63.2812)  manu_acc1: 74.2188 (74.4041)  time: 0.3776  data: 0.1818  max mem: 11365
Test:  [ 59/391]  eta: 0:02:49  sploss: 4.0142 (4.0625)  famloss: 1.8014 (1.8396)  manuloss: 1.1660 (1.2102)  acc1: 35.9375 (35.3841)  acc5: 57.8125 (58.0534)  family_acc1: 62.5000 (63.2812)  manu_acc1: 74.6094 (74.4336)  time: 0.3775  data: 0.1818  max mem: 11365
Test:  [ 60/391]  eta: 0:02:56  sploss: 3.9967 (4.0585)  famloss: 1.7850 (1.8385)  manuloss: 1.1602 (1.2086)  acc1: 35.9375 (35.4444)  acc5: 60.1562 (58.1327)  family_acc1: 62.5000 (63.2620)  manu_acc1: 74.6094 (74.5005)  time: 0.4479  data: 0.2521  max mem: 11365
Test:  [ 61/391]  eta: 0:02:54  sploss: 3.9683 (4.0570)  famloss: 1.7823 (1.8359)  manuloss: 1.1561 (1.2058)  acc1: 36.3281 (35.4902)  acc5: 60.1562 (58.1401)  family_acc1: 62.8906 (63.3065)  manu_acc1: 75.0000 (74.5716)  time: 0.4496  data: 0.2521  max mem: 11365
Test:  [ 62/391]  eta: 0:02:52  sploss: 3.9683 (4.0589)  famloss: 1.7850 (1.8353)  manuloss: 1.1561 (1.2065)  acc1: 36.3281 (35.5035)  acc5: 60.1562 (58.1287)  family_acc1: 62.8906 (63.3185)  manu_acc1: 74.6094 (74.5474)  time: 0.4574  data: 0.2575  max mem: 11365
Test:  [ 63/391]  eta: 0:02:50  sploss: 3.9668 (4.0505)  famloss: 1.7823 (1.8330)  manuloss: 1.1561 (1.2058)  acc1: 36.3281 (35.6567)  acc5: 60.1562 (58.2764)  family_acc1: 63.2812 (63.3850)  manu_acc1: 74.6094 (74.5422)  time: 0.4592  data: 0.2575  max mem: 11365
Test:  [ 64/391]  eta: 0:02:50  sploss: 3.9683 (4.0509)  famloss: 1.7850 (1.8331)  manuloss: 1.1561 (1.2039)  acc1: 36.3281 (35.6130)  acc5: 60.1562 (58.2752)  family_acc1: 62.8906 (63.3413)  manu_acc1: 74.6094 (74.5913)  time: 0.4870  data: 0.2837  max mem: 11365
Test:  [ 65/391]  eta: 0:02:48  sploss: 3.9641 (4.0461)  famloss: 1.7812 (1.8319)  manuloss: 1.1504 (1.2029)  acc1: 36.3281 (35.7008)  acc5: 60.5469 (58.3452)  family_acc1: 63.2812 (63.3759)  manu_acc1: 74.6094 (74.5798)  time: 0.4887  data: 0.2837  max mem: 11365
Test:  [ 66/391]  eta: 0:02:48  sploss: 3.9683 (4.0462)  famloss: 1.7812 (1.8321)  manuloss: 1.1504 (1.2020)  acc1: 36.3281 (35.6926)  acc5: 60.1562 (58.3664)  family_acc1: 63.2812 (63.3745)  manu_acc1: 74.2188 (74.5744)  time: 0.5048  data: 0.2979  max mem: 11365
Test:  [ 67/391]  eta: 0:02:46  sploss: 3.9641 (4.0416)  famloss: 1.7735 (1.8285)  manuloss: 1.1455 (1.1992)  acc1: 36.3281 (35.7250)  acc5: 60.1562 (58.3927)  family_acc1: 63.2812 (63.4364)  manu_acc1: 74.2188 (74.6553)  time: 0.5053  data: 0.2979  max mem: 11365
Test:  [ 68/391]  eta: 0:02:44  sploss: 3.9500 (4.0396)  famloss: 1.7721 (1.8258)  manuloss: 1.1455 (1.1982)  acc1: 36.3281 (35.7394)  acc5: 60.1562 (58.4635)  family_acc1: 63.2812 (63.4851)  manu_acc1: 74.2188 (74.6490)  time: 0.3810  data: 0.1768  max mem: 11365
Test:  [ 69/391]  eta: 0:02:42  sploss: 3.9500 (4.0386)  famloss: 1.7812 (1.8260)  manuloss: 1.1455 (1.1975)  acc1: 36.3281 (35.7254)  acc5: 60.1562 (58.4821)  family_acc1: 63.2812 (63.4877)  manu_acc1: 74.2188 (74.6596)  time: 0.3788  data: 0.1768  max mem: 11365
Test:  [ 70/391]  eta: 0:02:40  sploss: 3.9641 (4.0396)  famloss: 1.7721 (1.8237)  manuloss: 1.1409 (1.1956)  acc1: 36.7188 (35.7449)  acc5: 59.7656 (58.4837)  family_acc1: 63.6719 (63.5398)  manu_acc1: 74.2188 (74.7139)  time: 0.3767  data: 0.1768  max mem: 11365
Test:  [ 71/391]  eta: 0:02:38  sploss: 3.9500 (4.0351)  famloss: 1.7701 (1.8188)  manuloss: 1.1405 (1.1937)  acc1: 36.7188 (35.7856)  acc5: 60.1562 (58.5341)  family_acc1: 64.0625 (63.6339)  manu_acc1: 74.6094 (74.7776)  time: 0.3743  data: 0.1768  max mem: 11365
Test:  [ 72/391]  eta: 0:02:44  sploss: 3.9500 (4.0318)  famloss: 1.7530 (1.8171)  manuloss: 1.1367 (1.1905)  acc1: 37.1094 (35.8037)  acc5: 60.1562 (58.5563)  family_acc1: 64.0625 (63.6344)  manu_acc1: 75.3906 (74.8716)  time: 0.4150  data: 0.2172  max mem: 11365
Test:  [ 73/391]  eta: 0:02:42  sploss: 3.9641 (4.0324)  famloss: 1.7247 (1.8137)  manuloss: 1.1266 (1.1878)  acc1: 37.1094 (35.7897)  acc5: 59.7656 (58.5568)  family_acc1: 64.4531 (63.7194)  manu_acc1: 76.1719 (74.9261)  time: 0.4147  data: 0.2173  max mem: 11365
Test:  [ 74/391]  eta: 0:02:42  sploss: 3.9641 (4.0318)  famloss: 1.6936 (1.8116)  manuloss: 1.1193 (1.1852)  acc1: 37.1094 (35.7969)  acc5: 59.7656 (58.5365)  family_acc1: 65.2344 (63.7656)  manu_acc1: 76.1719 (75.0000)  time: 0.4311  data: 0.2338  max mem: 11365
Test:  [ 75/391]  eta: 0:02:40  sploss: 3.9683 (4.0337)  famloss: 1.6936 (1.8121)  manuloss: 1.1193 (1.1850)  acc1: 37.1094 (35.7268)  acc5: 59.7656 (58.4550)  family_acc1: 65.2344 (63.7695)  manu_acc1: 76.1719 (75.0154)  time: 0.4329  data: 0.2338  max mem: 11365
Test:  [ 76/391]  eta: 0:02:39  sploss: 3.9683 (4.0342)  famloss: 1.6936 (1.8117)  manuloss: 1.1193 (1.1853)  acc1: 37.1094 (35.7244)  acc5: 59.7656 (58.4517)  family_acc1: 64.0625 (63.7733)  manu_acc1: 76.1719 (75.0304)  time: 0.4440  data: 0.2431  max mem: 11365
Test:  [ 77/391]  eta: 0:02:37  sploss: 3.9690 (4.0361)  famloss: 1.6936 (1.8108)  manuloss: 1.1122 (1.1838)  acc1: 36.7188 (35.6520)  acc5: 58.5938 (58.3934)  family_acc1: 65.6250 (63.8071)  manu_acc1: 76.1719 (75.0501)  time: 0.4458  data: 0.2431  max mem: 11365
Test:  [ 78/391]  eta: 0:02:37  sploss: 3.9690 (4.0354)  famloss: 1.6936 (1.8106)  manuloss: 1.1122 (1.1847)  acc1: 36.3281 (35.6557)  acc5: 59.7656 (58.4504)  family_acc1: 64.4531 (63.8153)  manu_acc1: 76.1719 (75.0445)  time: 0.4667  data: 0.2623  max mem: 11365
Test:  [ 79/391]  eta: 0:02:35  sploss: 3.9822 (4.0387)  famloss: 1.7456 (1.8129)  manuloss: 1.1122 (1.1854)  acc1: 36.3281 (35.6299)  acc5: 58.5938 (58.4082)  family_acc1: 64.4531 (63.7695)  manu_acc1: 76.1719 (75.0244)  time: 0.4681  data: 0.2623  max mem: 11365
Test:  [ 80/391]  eta: 0:02:34  sploss: 3.9825 (4.0416)  famloss: 1.7456 (1.8159)  manuloss: 1.1266 (1.1858)  acc1: 35.9375 (35.5469)  acc5: 58.5938 (58.3382)  family_acc1: 64.4531 (63.6574)  manu_acc1: 76.1719 (75.0048)  time: 0.3859  data: 0.1800  max mem: 11365
Test:  [ 81/391]  eta: 0:02:32  sploss: 4.0573 (4.0419)  famloss: 1.7530 (1.8159)  manuloss: 1.1405 (1.1860)  acc1: 35.5469 (35.5278)  acc5: 58.5938 (58.3270)  family_acc1: 64.0625 (63.6290)  manu_acc1: 75.3906 (74.9857)  time: 0.3862  data: 0.1800  max mem: 11365
Test:  [ 82/391]  eta: 0:02:31  sploss: 4.0238 (4.0417)  famloss: 1.7530 (1.8182)  manuloss: 1.1405 (1.1877)  acc1: 35.5469 (35.5516)  acc5: 58.5938 (58.3161)  family_acc1: 64.0625 (63.5872)  manu_acc1: 75.3906 (74.9106)  time: 0.3806  data: 0.1746  max mem: 11365
Test:  [ 83/391]  eta: 0:02:29  sploss: 4.0573 (4.0451)  famloss: 1.7828 (1.8205)  manuloss: 1.1405 (1.1888)  acc1: 35.1562 (35.4911)  acc5: 58.2031 (58.2682)  family_acc1: 64.0625 (63.5603)  manu_acc1: 75.3906 (74.9070)  time: 0.3806  data: 0.1746  max mem: 11365
Test:  [ 84/391]  eta: 0:02:38  sploss: 4.0573 (4.0470)  famloss: 1.7828 (1.8239)  manuloss: 1.1409 (1.1895)  acc1: 35.1562 (35.4412)  acc5: 58.2031 (58.2399)  family_acc1: 64.0625 (63.4835)  manu_acc1: 74.6094 (74.8805)  time: 0.4951  data: 0.2876  max mem: 11365
Test:  [ 85/391]  eta: 0:02:36  sploss: 4.0665 (4.0472)  famloss: 1.7911 (1.8262)  manuloss: 1.1532 (1.1909)  acc1: 35.1562 (35.4515)  acc5: 58.2031 (58.2440)  family_acc1: 63.6719 (63.4675)  manu_acc1: 74.6094 (74.8547)  time: 0.4953  data: 0.2876  max mem: 11365
Test:  [ 86/391]  eta: 0:02:35  sploss: 4.0665 (4.0459)  famloss: 1.7828 (1.8250)  manuloss: 1.1532 (1.1890)  acc1: 35.5469 (35.4616)  acc5: 58.2031 (58.2884)  family_acc1: 64.0625 (63.5327)  manu_acc1: 75.3906 (74.8788)  time: 0.4812  data: 0.2734  max mem: 11365
Test:  [ 87/391]  eta: 0:02:33  sploss: 4.0671 (4.0480)  famloss: 1.7911 (1.8257)  manuloss: 1.1641 (1.1887)  acc1: 34.7656 (35.4537)  acc5: 57.4219 (58.2741)  family_acc1: 63.6719 (63.5343)  manu_acc1: 75.0000 (74.8801)  time: 0.4823  data: 0.2734  max mem: 11365
Test:  [ 88/391]  eta: 0:02:32  sploss: 4.0671 (4.0474)  famloss: 1.7911 (1.8246)  manuloss: 1.1641 (1.1882)  acc1: 34.7656 (35.4679)  acc5: 57.4219 (58.2777)  family_acc1: 63.6719 (63.5709)  manu_acc1: 75.3906 (74.8859)  time: 0.4844  data: 0.2734  max mem: 11365
Test:  [ 89/391]  eta: 0:02:30  sploss: 4.0671 (4.0459)  famloss: 1.7911 (1.8251)  manuloss: 1.1641 (1.1877)  acc1: 34.7656 (35.4557)  acc5: 57.4219 (58.2899)  family_acc1: 63.6719 (63.5547)  manu_acc1: 75.3906 (74.8958)  time: 0.4864  data: 0.2734  max mem: 11365
Test:  [ 90/391]  eta: 0:02:29  sploss: 4.0665 (4.0453)  famloss: 1.8172 (1.8262)  manuloss: 1.1702 (1.1876)  acc1: 34.7656 (35.4396)  acc5: 57.4219 (58.3147)  family_acc1: 63.6719 (63.5130)  manu_acc1: 75.3906 (74.9227)  time: 0.4874  data: 0.2734  max mem: 11365
Test:  [ 91/391]  eta: 0:02:27  sploss: 4.0671 (4.0478)  famloss: 1.8477 (1.8283)  manuloss: 1.1752 (1.1892)  acc1: 34.3750 (35.4153)  acc5: 57.4219 (58.2880)  family_acc1: 62.1094 (63.4596)  manu_acc1: 75.0000 (74.9193)  time: 0.4879  data: 0.2734  max mem: 11365
Test:  [ 92/391]  eta: 0:02:26  sploss: 4.0739 (4.0488)  famloss: 1.8662 (1.8326)  manuloss: 1.2036 (1.1913)  acc1: 33.9844 (35.3831)  acc5: 57.4219 (58.2829)  family_acc1: 62.1094 (63.3653)  manu_acc1: 74.6094 (74.8530)  time: 0.3968  data: 0.1846  max mem: 11365
Test:  [ 93/391]  eta: 0:02:24  sploss: 4.0671 (4.0487)  famloss: 1.8662 (1.8329)  manuloss: 1.2036 (1.1903)  acc1: 33.9844 (35.3640)  acc5: 57.0312 (58.2571)  family_acc1: 62.1094 (63.3810)  manu_acc1: 74.6094 (74.8629)  time: 0.3950  data: 0.1846  max mem: 11365
Test:  [ 94/391]  eta: 0:02:23  sploss: 4.0739 (4.0496)  famloss: 1.8887 (1.8351)  manuloss: 1.2082 (1.1909)  acc1: 33.9844 (35.3783)  acc5: 57.0312 (58.2401)  family_acc1: 61.3281 (63.3429)  manu_acc1: 74.6094 (74.8438)  time: 0.3772  data: 0.1680  max mem: 11365
Test:  [ 95/391]  eta: 0:02:22  sploss: 4.0671 (4.0476)  famloss: 1.8887 (1.8345)  manuloss: 1.2082 (1.1907)  acc1: 33.9844 (35.3882)  acc5: 57.4219 (58.2845)  family_acc1: 61.3281 (63.3586)  manu_acc1: 74.6094 (74.8698)  time: 0.3750  data: 0.1680  max mem: 11365
Test:  [ 96/391]  eta: 0:02:27  sploss: 4.0671 (4.0499)  famloss: 1.9253 (1.8355)  manuloss: 1.2147 (1.1917)  acc1: 33.9844 (35.3657)  acc5: 57.0312 (58.2434)  family_acc1: 61.3281 (63.3054)  manu_acc1: 74.6094 (74.8067)  time: 0.4785  data: 0.2709  max mem: 11365
Test:  [ 97/391]  eta: 0:02:26  sploss: 4.0665 (4.0500)  famloss: 1.9267 (1.8367)  manuloss: 1.2408 (1.1939)  acc1: 33.9844 (35.3396)  acc5: 57.0312 (58.2310)  family_acc1: 60.1562 (63.2653)  manu_acc1: 73.4375 (74.7449)  time: 0.4788  data: 0.2709  max mem: 11365
Test:  [ 98/391]  eta: 0:02:25  sploss: 4.0671 (4.0528)  famloss: 1.9617 (1.8388)  manuloss: 1.2408 (1.1957)  acc1: 33.5938 (35.3022)  acc5: 57.0312 (58.1873)  family_acc1: 60.1562 (63.1944)  manu_acc1: 73.4375 (74.6883)  time: 0.4644  data: 0.2560  max mem: 11365
Test:  [ 99/391]  eta: 0:02:23  sploss: 4.0665 (4.0525)  famloss: 1.9267 (1.8376)  manuloss: 1.2408 (1.1967)  acc1: 33.9844 (35.3320)  acc5: 57.0312 (58.1953)  family_acc1: 60.1562 (63.2188)  manu_acc1: 73.4375 (74.6719)  time: 0.4661  data: 0.2560  max mem: 11365
Test:  [100/391]  eta: 0:02:22  sploss: 4.0608 (4.0525)  famloss: 1.9267 (1.8387)  manuloss: 1.2472 (1.1972)  acc1: 33.9844 (35.3419)  acc5: 57.4219 (58.1954)  family_acc1: 60.9375 (63.1962)  manu_acc1: 73.4375 (74.6713)  time: 0.4660  data: 0.2560  max mem: 11365
Test:  [101/391]  eta: 0:02:21  sploss: 4.0524 (4.0524)  famloss: 1.9267 (1.8378)  manuloss: 1.2472 (1.1968)  acc1: 34.3750 (35.3631)  acc5: 57.4219 (58.1955)  family_acc1: 60.9375 (63.2047)  manu_acc1: 74.6094 (74.6706)  time: 0.4668  data: 0.2560  max mem: 11365
Test:  [102/391]  eta: 0:02:20  sploss: 4.0524 (4.0515)  famloss: 1.9253 (1.8384)  manuloss: 1.2472 (1.1976)  acc1: 34.3750 (35.4066)  acc5: 57.8125 (58.2107)  family_acc1: 61.3281 (63.2092)  manu_acc1: 74.6094 (74.6625)  time: 0.4673  data: 0.2560  max mem: 11365
Test:  [103/391]  eta: 0:02:18  sploss: 4.0488 (4.0507)  famloss: 1.9003 (1.8371)  manuloss: 1.2472 (1.1983)  acc1: 34.7656 (35.4004)  acc5: 58.2031 (58.2257)  family_acc1: 62.1094 (63.2437)  manu_acc1: 73.8281 (74.6469)  time: 0.4655  data: 0.2560  max mem: 11365
Test:  [104/391]  eta: 0:02:17  sploss: 4.0488 (4.0527)  famloss: 1.9003 (1.8402)  manuloss: 1.2504 (1.2005)  acc1: 34.7656 (35.3943)  acc5: 58.2031 (58.1957)  family_acc1: 62.1094 (63.1882)  manu_acc1: 73.8281 (74.6094)  time: 0.3235  data: 0.1169  max mem: 11365
Test:  [105/391]  eta: 0:02:16  sploss: 4.0458 (4.0521)  famloss: 1.9003 (1.8414)  manuloss: 1.2504 (1.2015)  acc1: 34.7656 (35.3774)  acc5: 57.8125 (58.1921)  family_acc1: 60.9375 (63.1670)  manu_acc1: 73.8281 (74.5983)  time: 0.3214  data: 0.1168  max mem: 11365
Test:  [106/391]  eta: 0:02:15  sploss: 4.0488 (4.0560)  famloss: 1.9253 (1.8438)  manuloss: 1.2504 (1.2018)  acc1: 34.3750 (35.3278)  acc5: 57.8125 (58.1228)  family_acc1: 60.9375 (63.1097)  manu_acc1: 73.8281 (74.6094)  time: 0.3196  data: 0.1168  max mem: 11365
Test:  [107/391]  eta: 0:02:13  sploss: 4.0488 (4.0581)  famloss: 1.9267 (1.8455)  manuloss: 1.2727 (1.2030)  acc1: 33.9844 (35.3009)  acc5: 57.8125 (58.1163)  family_acc1: 59.7656 (63.0642)  manu_acc1: 73.4375 (74.5804)  time: 0.3181  data: 0.1168  max mem: 11365
Test:  [108/391]  eta: 0:02:18  sploss: 4.0524 (4.0591)  famloss: 1.9489 (1.8479)  manuloss: 1.2788 (1.2060)  acc1: 33.9844 (35.3211)  acc5: 57.8125 (58.1207)  family_acc1: 59.7656 (63.0447)  manu_acc1: 73.0469 (74.5341)  time: 0.4311  data: 0.2285  max mem: 11365
Test:  [109/391]  eta: 0:02:17  sploss: 4.0524 (4.0586)  famloss: 1.9489 (1.8483)  manuloss: 1.2807 (1.2075)  acc1: 33.9844 (35.3161)  acc5: 57.8125 (58.1179)  family_acc1: 59.7656 (63.0291)  manu_acc1: 73.0469 (74.4673)  time: 0.4327  data: 0.2285  max mem: 11365
Test:  [110/391]  eta: 0:02:16  sploss: 4.0608 (4.0615)  famloss: 1.9489 (1.8491)  manuloss: 1.2971 (1.2099)  acc1: 33.5938 (35.2865)  acc5: 57.4219 (58.0448)  family_acc1: 60.9375 (63.0314)  manu_acc1: 73.0469 (74.4053)  time: 0.4354  data: 0.2285  max mem: 11365
Test:  [111/391]  eta: 0:02:16  sploss: 4.0608 (4.0618)  famloss: 1.9381 (1.8499)  manuloss: 1.2971 (1.2109)  acc1: 33.5938 (35.2679)  acc5: 57.8125 (58.0636)  family_acc1: 60.9375 (63.0022)  manu_acc1: 73.0469 (74.4001)  time: 0.4731  data: 0.2656  max mem: 11365
Test:  [112/391]  eta: 0:02:15  sploss: 4.0524 (4.0599)  famloss: 1.9333 (1.8495)  manuloss: 1.2971 (1.2125)  acc1: 34.7656 (35.2945)  acc5: 57.8125 (58.0752)  family_acc1: 60.9375 (63.0012)  manu_acc1: 73.0469 (74.3432)  time: 0.4730  data: 0.2656  max mem: 11365
Test:  [113/391]  eta: 0:02:14  sploss: 4.0608 (4.0603)  famloss: 1.9381 (1.8508)  manuloss: 1.3000 (1.2147)  acc1: 34.7656 (35.2933)  acc5: 57.8125 (58.0798)  family_acc1: 60.9375 (62.9900)  manu_acc1: 71.4844 (74.3113)  time: 0.4730  data: 0.2656  max mem: 11365
Test:  [114/391]  eta: 0:02:13  sploss: 4.0524 (4.0601)  famloss: 1.9333 (1.8507)  manuloss: 1.3262 (1.2157)  acc1: 34.7656 (35.3091)  acc5: 58.2031 (58.0808)  family_acc1: 60.9375 (62.9891)  manu_acc1: 70.7031 (74.2765)  time: 0.4730  data: 0.2656  max mem: 11365
Test:  [115/391]  eta: 0:02:12  sploss: 4.0524 (4.0568)  famloss: 1.9333 (1.8493)  manuloss: 1.3262 (1.2155)  acc1: 34.7656 (35.3785)  acc5: 58.2031 (58.1189)  family_acc1: 60.9375 (63.0186)  manu_acc1: 70.7031 (74.2895)  time: 0.4733  data: 0.2656  max mem: 11365
Test:  [116/391]  eta: 0:02:10  sploss: 4.0488 (4.0555)  famloss: 1.9333 (1.8487)  manuloss: 1.3262 (1.2155)  acc1: 34.7656 (35.4100)  acc5: 58.2031 (58.1430)  family_acc1: 61.3281 (63.0342)  manu_acc1: 71.4844 (74.2922)  time: 0.3590  data: 0.1534  max mem: 11365
Test:  [117/391]  eta: 0:02:09  sploss: 4.0488 (4.0572)  famloss: 1.9333 (1.8495)  manuloss: 1.3000 (1.2155)  acc1: 35.1562 (35.4145)  acc5: 58.2031 (58.1502)  family_acc1: 61.3281 (63.0098)  manu_acc1: 73.0469 (74.2949)  time: 0.3593  data: 0.1534  max mem: 11365
Test:  [118/391]  eta: 0:02:08  sploss: 4.0409 (4.0569)  famloss: 1.9003 (1.8496)  manuloss: 1.2971 (1.2151)  acc1: 35.9375 (35.4221)  acc5: 58.5938 (58.1736)  family_acc1: 61.3281 (62.9924)  manu_acc1: 73.0469 (74.3172)  time: 0.3532  data: 0.1491  max mem: 11365
Test:  [119/391]  eta: 0:02:07  sploss: 4.0409 (4.0559)  famloss: 1.9003 (1.8487)  manuloss: 1.2788 (1.2138)  acc1: 35.9375 (35.4362)  acc5: 58.2031 (58.1738)  family_acc1: 61.3281 (63.0111)  manu_acc1: 73.4375 (74.3327)  time: 0.3519  data: 0.1491  max mem: 11365
Test:  [120/391]  eta: 0:02:09  sploss: 4.0194 (4.0535)  famloss: 1.8902 (1.8461)  manuloss: 1.2788 (1.2125)  acc1: 35.9375 (35.4952)  acc5: 58.5938 (58.2354)  family_acc1: 61.7188 (63.0682)  manu_acc1: 73.4375 (74.3543)  time: 0.4103  data: 0.2077  max mem: 11365
Test:  [121/391]  eta: 0:02:08  sploss: 4.0102 (4.0510)  famloss: 1.8902 (1.8441)  manuloss: 1.2788 (1.2113)  acc1: 35.9375 (35.5181)  acc5: 58.5938 (58.2672)  family_acc1: 61.7188 (63.1084)  manu_acc1: 73.4375 (74.3788)  time: 0.4221  data: 0.2204  max mem: 11365
Test:  [122/391]  eta: 0:02:08  sploss: 4.0102 (4.0490)  famloss: 1.8639 (1.8426)  manuloss: 1.2727 (1.2102)  acc1: 35.9375 (35.5564)  acc5: 58.5938 (58.2984)  family_acc1: 61.7188 (63.1383)  manu_acc1: 73.4375 (74.4029)  time: 0.4305  data: 0.2307  max mem: 11365
Test:  [123/391]  eta: 0:02:08  sploss: 4.0102 (4.0480)  famloss: 1.8639 (1.8414)  manuloss: 1.2392 (1.2091)  acc1: 36.3281 (35.5689)  acc5: 58.5938 (58.2913)  family_acc1: 61.3281 (63.1237)  manu_acc1: 73.8281 (74.4172)  time: 0.4568  data: 0.2555  max mem: 11365
Test:  [124/391]  eta: 0:02:07  sploss: 3.9956 (4.0471)  famloss: 1.8442 (1.8408)  manuloss: 1.2231 (1.2084)  acc1: 36.3281 (35.5656)  acc5: 58.5938 (58.2875)  family_acc1: 61.7188 (63.1375)  manu_acc1: 74.6094 (74.4313)  time: 0.4568  data: 0.2555  max mem: 11365
Test:  [125/391]  eta: 0:02:05  sploss: 3.9360 (4.0454)  famloss: 1.8125 (1.8390)  manuloss: 1.2050 (1.2072)  acc1: 37.1094 (35.5996)  acc5: 58.5938 (58.3364)  family_acc1: 62.8906 (63.1820)  manu_acc1: 74.6094 (74.4420)  time: 0.4569  data: 0.2555  max mem: 11365
Test:  [126/391]  eta: 0:02:04  sploss: 3.9328 (4.0428)  famloss: 1.7778 (1.8375)  manuloss: 1.1925 (1.2046)  acc1: 37.1094 (35.6330)  acc5: 58.9844 (58.3815)  family_acc1: 62.8906 (63.2259)  manu_acc1: 74.6094 (74.5140)  time: 0.4565  data: 0.2555  max mem: 11365
Test:  [127/391]  eta: 0:02:03  sploss: 3.9226 (4.0406)  famloss: 1.7618 (1.8363)  manuloss: 1.1643 (1.2035)  acc1: 37.1094 (35.6506)  acc5: 59.3750 (58.4167)  family_acc1: 63.2812 (63.2446)  manu_acc1: 75.7812 (74.5453)  time: 0.4565  data: 0.2555  max mem: 11365
Test:  [128/391]  eta: 0:02:02  sploss: 3.9041 (4.0387)  famloss: 1.7618 (1.8365)  manuloss: 1.1643 (1.2036)  acc1: 37.1094 (35.7074)  acc5: 60.1562 (58.4666)  family_acc1: 64.0625 (63.2510)  manu_acc1: 75.7812 (74.5367)  time: 0.3419  data: 0.1438  max mem: 11365
Test:  [129/391]  eta: 0:02:01  sploss: 3.9041 (4.0396)  famloss: 1.7618 (1.8363)  manuloss: 1.1123 (1.2026)  acc1: 37.1094 (35.6731)  acc5: 60.1562 (58.4525)  family_acc1: 64.0625 (63.2272)  manu_acc1: 75.7812 (74.5613)  time: 0.3388  data: 0.1438  max mem: 11365
Test:  [130/391]  eta: 0:02:00  sploss: 3.9041 (4.0391)  famloss: 1.7618 (1.8370)  manuloss: 1.1123 (1.2034)  acc1: 37.8906 (35.7019)  acc5: 60.1562 (58.4625)  family_acc1: 64.0625 (63.2127)  manu_acc1: 75.7812 (74.5468)  time: 0.3350  data: 0.1438  max mem: 11365
Test:  [131/391]  eta: 0:01:59  sploss: 3.8397 (4.0365)  famloss: 1.7457 (1.8352)  manuloss: 1.0826 (1.2022)  acc1: 37.8906 (35.7067)  acc5: 60.9375 (58.4872)  family_acc1: 64.0625 (63.2191)  manu_acc1: 76.1719 (74.5739)  time: 0.2965  data: 0.1067  max mem: 11365
Test:  [132/391]  eta: 0:02:00  sploss: 3.8298 (4.0334)  famloss: 1.7023 (1.8331)  manuloss: 1.0815 (1.2010)  acc1: 37.8906 (35.7613)  acc5: 60.9375 (58.5673)  family_acc1: 64.8438 (63.2695)  manu_acc1: 76.1719 (74.5947)  time: 0.3572  data: 0.1661  max mem: 11365
Test:  [133/391]  eta: 0:02:00  sploss: 3.8112 (4.0309)  famloss: 1.6866 (1.8317)  manuloss: 1.0815 (1.2002)  acc1: 38.2812 (35.8063)  acc5: 60.9375 (58.5850)  family_acc1: 64.8438 (63.2842)  manu_acc1: 76.1719 (74.6094)  time: 0.3805  data: 0.1884  max mem: 11365
Test:  [134/391]  eta: 0:02:00  sploss: 3.7887 (4.0290)  famloss: 1.6856 (1.8297)  manuloss: 1.0782 (1.1986)  acc1: 39.0625 (35.8449)  acc5: 61.7188 (58.6111)  family_acc1: 65.2344 (63.3247)  manu_acc1: 76.5625 (74.6383)  time: 0.3917  data: 0.1985  max mem: 11365
Test:  [135/391]  eta: 0:02:00  sploss: 3.7887 (4.0267)  famloss: 1.6609 (1.8278)  manuloss: 1.0661 (1.1969)  acc1: 39.0625 (35.8858)  acc5: 61.7188 (58.6627)  family_acc1: 65.2344 (63.3531)  manu_acc1: 76.9531 (74.6726)  time: 0.4278  data: 0.2314  max mem: 11365
Test:  [136/391]  eta: 0:01:59  sploss: 3.7680 (4.0231)  famloss: 1.6509 (1.8261)  manuloss: 1.0643 (1.1956)  acc1: 39.4531 (35.9232)  acc5: 62.1094 (58.7164)  family_acc1: 65.2344 (63.3867)  manu_acc1: 76.9531 (74.6864)  time: 0.4273  data: 0.2314  max mem: 11365
Test:  [137/391]  eta: 0:01:58  sploss: 3.7648 (4.0212)  famloss: 1.6454 (1.8246)  manuloss: 1.0631 (1.1941)  acc1: 39.4531 (35.9488)  acc5: 62.1094 (58.7325)  family_acc1: 65.6250 (63.4200)  manu_acc1: 76.9531 (74.7226)  time: 0.4249  data: 0.2314  max mem: 11365
Test:  [138/391]  eta: 0:01:57  sploss: 3.7648 (4.0215)  famloss: 1.6454 (1.8244)  manuloss: 1.0631 (1.1934)  acc1: 39.4531 (35.9431)  acc5: 62.1094 (58.7371)  family_acc1: 65.6250 (63.4105)  manu_acc1: 76.9531 (74.7330)  time: 0.4243  data: 0.2314  max mem: 11365
Test:  [139/391]  eta: 0:01:56  sploss: 3.7648 (4.0207)  famloss: 1.6454 (1.8241)  manuloss: 1.0643 (1.1926)  acc1: 39.4531 (35.9598)  acc5: 62.1094 (58.7360)  family_acc1: 65.6250 (63.4040)  manu_acc1: 77.3438 (74.7517)  time: 0.4219  data: 0.2314  max mem: 11365
Test:  [140/391]  eta: 0:01:55  sploss: 3.7611 (4.0176)  famloss: 1.6454 (1.8206)  manuloss: 1.0631 (1.1903)  acc1: 39.4531 (36.0123)  acc5: 62.1094 (58.7960)  family_acc1: 65.6250 (63.4696)  manu_acc1: 77.3438 (74.8116)  time: 0.3607  data: 0.1728  max mem: 11365
Test:  [141/391]  eta: 0:01:54  sploss: 3.7680 (4.0173)  famloss: 1.6454 (1.8193)  manuloss: 1.0631 (1.1888)  acc1: 39.4531 (36.0008)  acc5: 61.7188 (58.7753)  family_acc1: 65.6250 (63.5041)  manu_acc1: 77.3438 (74.8404)  time: 0.3473  data: 0.1601  max mem: 11365
Test:  [142/391]  eta: 0:01:53  sploss: 3.7680 (4.0169)  famloss: 1.6454 (1.8198)  manuloss: 1.0616 (1.1880)  acc1: 39.4531 (35.9949)  acc5: 60.9375 (58.7850)  family_acc1: 65.2344 (63.4588)  manu_acc1: 77.3438 (74.8580)  time: 0.3383  data: 0.1498  max mem: 11365
Test:  [143/391]  eta: 0:01:52  sploss: 3.7611 (4.0140)  famloss: 1.6287 (1.8172)  manuloss: 1.0425 (1.1862)  acc1: 39.4531 (36.0162)  acc5: 61.7188 (58.8379)  family_acc1: 65.6250 (63.4928)  manu_acc1: 77.3438 (74.8888)  time: 0.3131  data: 0.1250  max mem: 11365
Test:  [144/391]  eta: 0:01:53  sploss: 3.7611 (4.0132)  famloss: 1.6287 (1.8159)  manuloss: 1.0422 (1.1852)  acc1: 39.4531 (36.0345)  acc5: 61.7188 (58.8551)  family_acc1: 66.4062 (63.5129)  manu_acc1: 77.7344 (74.9192)  time: 0.3485  data: 0.1596  max mem: 11365
Test:  [145/391]  eta: 0:01:53  sploss: 3.7575 (4.0109)  famloss: 1.6307 (1.8149)  manuloss: 1.0398 (1.1840)  acc1: 39.0625 (36.0552)  acc5: 61.7188 (58.8988)  family_acc1: 66.4062 (63.5327)  manu_acc1: 78.1250 (74.9492)  time: 0.3744  data: 0.1838  max mem: 11365
Test:  [146/391]  eta: 0:01:52  sploss: 3.7611 (4.0105)  famloss: 1.6307 (1.8138)  manuloss: 1.0422 (1.1832)  acc1: 39.0625 (36.0544)  acc5: 61.3281 (58.8993)  family_acc1: 66.4062 (63.5603)  manu_acc1: 78.1250 (74.9734)  time: 0.3878  data: 0.1951  max mem: 11365
Test:  [147/391]  eta: 0:01:52  sploss: 3.7680 (4.0107)  famloss: 1.6307 (1.8129)  manuloss: 1.0398 (1.1821)  acc1: 39.0625 (36.0695)  acc5: 60.9375 (58.8814)  family_acc1: 66.4062 (63.5637)  manu_acc1: 78.1250 (75.0000)  time: 0.4210  data: 0.2288  max mem: 11365
Test:  [148/391]  eta: 0:01:51  sploss: 3.7680 (4.0097)  famloss: 1.6307 (1.8118)  manuloss: 1.0198 (1.1809)  acc1: 38.6719 (36.0869)  acc5: 60.9375 (58.9005)  family_acc1: 66.4062 (63.6090)  manu_acc1: 78.5156 (75.0288)  time: 0.4207  data: 0.2288  max mem: 11365
Test:  [149/391]  eta: 0:01:50  sploss: 3.7680 (4.0088)  famloss: 1.6287 (1.8101)  manuloss: 1.0143 (1.1794)  acc1: 38.6719 (36.0859)  acc5: 61.3281 (58.9245)  family_acc1: 67.1875 (63.6562)  manu_acc1: 78.5156 (75.0625)  time: 0.4212  data: 0.2288  max mem: 11365
Test:  [150/391]  eta: 0:01:50  sploss: 3.7680 (4.0095)  famloss: 1.6287 (1.8099)  manuloss: 1.0143 (1.1786)  acc1: 38.6719 (36.0875)  acc5: 61.3281 (58.9249)  family_acc1: 67.1875 (63.6745)  manu_acc1: 78.5156 (75.0854)  time: 0.4213  data: 0.2288  max mem: 11365
Test:  [151/391]  eta: 0:01:49  sploss: 3.8575 (4.0102)  famloss: 1.6307 (1.8100)  manuloss: 1.0143 (1.1782)  acc1: 38.6719 (36.0788)  acc5: 60.9375 (58.9098)  family_acc1: 67.1875 (63.6822)  manu_acc1: 78.5156 (75.0899)  time: 0.4215  data: 0.2288  max mem: 11365
Test:  [152/391]  eta: 0:01:48  sploss: 3.8575 (4.0082)  famloss: 1.6405 (1.8089)  manuloss: 1.0094 (1.1768)  acc1: 38.2812 (36.0932)  acc5: 60.9375 (58.9359)  family_acc1: 67.1875 (63.7102)  manu_acc1: 78.9062 (75.1174)  time: 0.3605  data: 0.1694  max mem: 11365
Test:  [153/391]  eta: 0:01:47  sploss: 3.8777 (4.0089)  famloss: 1.6405 (1.8081)  manuloss: 1.0087 (1.1757)  acc1: 38.2812 (36.0795)  acc5: 60.9375 (58.9387)  family_acc1: 67.1875 (63.7302)  manu_acc1: 78.9062 (75.1370)  time: 0.3369  data: 0.1471  max mem: 11365
Test:  [154/391]  eta: 0:01:46  sploss: 3.9066 (4.0096)  famloss: 1.6544 (1.8091)  manuloss: 1.0094 (1.1772)  acc1: 38.2812 (36.0736)  acc5: 60.1562 (58.9340)  family_acc1: 66.7969 (63.7223)  manu_acc1: 78.9062 (75.0958)  time: 0.3255  data: 0.1370  max mem: 11365
Test:  [155/391]  eta: 0:01:45  sploss: 3.9075 (4.0101)  famloss: 1.6635 (1.8087)  manuloss: 1.0143 (1.1763)  acc1: 36.3281 (36.0727)  acc5: 59.7656 (58.9393)  family_acc1: 66.4062 (63.7220)  manu_acc1: 78.5156 (75.1052)  time: 0.2894  data: 0.1041  max mem: 11365
Test:  [156/391]  eta: 0:01:45  sploss: 3.9430 (4.0103)  famloss: 1.6665 (1.8086)  manuloss: 1.0094 (1.1750)  acc1: 35.9375 (36.0669)  acc5: 59.3750 (58.9197)  family_acc1: 66.4062 (63.7291)  manu_acc1: 78.9062 (75.1294)  time: 0.3262  data: 0.1410  max mem: 11365
Test:  [157/391]  eta: 0:01:46  sploss: 3.9527 (4.0124)  famloss: 1.6688 (1.8103)  manuloss: 1.0143 (1.1767)  acc1: 35.9375 (36.0537)  acc5: 59.3750 (58.8830)  family_acc1: 66.4062 (63.7090)  manu_acc1: 78.5156 (75.0915)  time: 0.3588  data: 0.1738  max mem: 11365
Test:  [158/391]  eta: 0:01:45  sploss: 3.9527 (4.0138)  famloss: 1.6688 (1.8112)  manuloss: 1.0143 (1.1766)  acc1: 35.9375 (36.0161)  acc5: 58.9844 (58.8566)  family_acc1: 66.4062 (63.6842)  manu_acc1: 78.5156 (75.1056)  time: 0.3727  data: 0.1845  max mem: 11365
Test:  [159/391]  eta: 0:01:45  sploss: 3.9837 (4.0150)  famloss: 1.6688 (1.8118)  manuloss: 1.0143 (1.1774)  acc1: 35.9375 (35.9937)  acc5: 58.9844 (58.8281)  family_acc1: 66.4062 (63.6816)  manu_acc1: 78.5156 (75.0757)  time: 0.4069  data: 0.2181  max mem: 11365
Test:  [160/391]  eta: 0:01:44  sploss: 3.9944 (4.0149)  famloss: 1.6884 (1.8124)  manuloss: 1.0398 (1.1780)  acc1: 35.9375 (36.0176)  acc5: 58.9844 (58.8170)  family_acc1: 64.8438 (63.6840)  manu_acc1: 78.5156 (75.0679)  time: 0.4077  data: 0.2181  max mem: 11365
Test:  [161/391]  eta: 0:01:44  sploss: 4.0479 (4.0163)  famloss: 1.7395 (1.8135)  manuloss: 1.0477 (1.1783)  acc1: 35.9375 (35.9737)  acc5: 58.9844 (58.8084)  family_acc1: 64.8438 (63.6574)  manu_acc1: 78.1250 (75.0506)  time: 0.4066  data: 0.2181  max mem: 11365
Test:  [162/391]  eta: 0:01:43  sploss: 4.0479 (4.0150)  famloss: 1.7395 (1.8132)  manuloss: 1.0477 (1.1779)  acc1: 35.9375 (35.9758)  acc5: 58.9844 (58.8382)  family_acc1: 64.8438 (63.6407)  manu_acc1: 78.1250 (75.0527)  time: 0.4052  data: 0.2181  max mem: 11365
Test:  [163/391]  eta: 0:01:42  sploss: 4.0498 (4.0159)  famloss: 1.7748 (1.8147)  manuloss: 1.0649 (1.1793)  acc1: 35.9375 (35.9804)  acc5: 58.2031 (58.8224)  family_acc1: 64.0625 (63.6076)  manu_acc1: 77.3438 (75.0143)  time: 0.4050  data: 0.2181  max mem: 11365
Test:  [164/391]  eta: 0:01:41  sploss: 4.0918 (4.0181)  famloss: 1.7750 (1.8152)  manuloss: 1.0698 (1.1786)  acc1: 35.9375 (35.9399)  acc5: 57.4219 (58.7902)  family_acc1: 64.0625 (63.6032)  manu_acc1: 77.3438 (75.0426)  time: 0.3690  data: 0.1835  max mem: 11365
Test:  [165/391]  eta: 0:01:40  sploss: 4.0918 (4.0172)  famloss: 1.7789 (1.8150)  manuloss: 1.0752 (1.1789)  acc1: 35.9375 (35.9516)  acc5: 57.4219 (58.8079)  family_acc1: 64.0625 (63.6107)  manu_acc1: 76.5625 (75.0471)  time: 0.3426  data: 0.1594  max mem: 11365
Test:  [166/391]  eta: 0:01:39  sploss: 4.1096 (4.0186)  famloss: 1.7946 (1.8153)  manuloss: 1.1126 (1.1790)  acc1: 35.9375 (35.9586)  acc5: 57.4219 (58.8019)  family_acc1: 63.6719 (63.6017)  manu_acc1: 75.7812 (75.0398)  time: 0.3295  data: 0.1480  max mem: 11365
Test:  [167/391]  eta: 0:01:39  sploss: 4.1099 (4.0195)  famloss: 1.8288 (1.8157)  manuloss: 1.1179 (1.1789)  acc1: 35.9375 (35.9677)  acc5: 57.4219 (58.7937)  family_acc1: 63.6719 (63.6068)  manu_acc1: 75.7812 (75.0419)  time: 0.2960  data: 0.1143  max mem: 11365
Test:  [168/391]  eta: 0:01:39  sploss: 4.1099 (4.0195)  famloss: 1.8288 (1.8149)  manuloss: 1.1179 (1.1777)  acc1: 35.1562 (35.9629)  acc5: 57.4219 (58.7856)  family_acc1: 63.6719 (63.6187)  manu_acc1: 75.7812 (75.0809)  time: 0.3288  data: 0.1469  max mem: 11365
Test:  [169/391]  eta: 0:01:39  sploss: 4.1150 (4.0213)  famloss: 1.8631 (1.8166)  manuloss: 1.1644 (1.1790)  acc1: 35.1562 (35.9352)  acc5: 57.4219 (58.7546)  family_acc1: 63.2812 (63.5938)  manu_acc1: 75.3906 (75.0574)  time: 0.3640  data: 0.1825  max mem: 11365
Test:  [170/391]  eta: 0:01:38  sploss: 4.1153 (4.0223)  famloss: 1.8845 (1.8171)  manuloss: 1.1733 (1.1791)  acc1: 35.1562 (35.9192)  acc5: 57.4219 (58.7537)  family_acc1: 62.8906 (63.5714)  manu_acc1: 75.3906 (75.0503)  time: 0.3801  data: 0.1981  max mem: 11365
Test:  [171/391]  eta: 0:01:38  sploss: 4.1153 (4.0227)  famloss: 1.8845 (1.8168)  manuloss: 1.1733 (1.1784)  acc1: 35.1562 (35.9193)  acc5: 57.4219 (58.7414)  family_acc1: 62.8906 (63.5765)  manu_acc1: 75.3906 (75.0704)  time: 0.4094  data: 0.2274  max mem: 11365
Test:  [172/391]  eta: 0:01:38  sploss: 4.1153 (4.0231)  famloss: 1.8990 (1.8181)  manuloss: 1.1867 (1.1791)  acc1: 35.1562 (35.8901)  acc5: 57.4219 (58.7518)  family_acc1: 62.5000 (63.5432)  manu_acc1: 73.8281 (75.0519)  time: 0.4095  data: 0.2274  max mem: 11365
Test:  [173/391]  eta: 0:01:37  sploss: 4.1548 (4.0244)  famloss: 1.8997 (1.8186)  manuloss: 1.1867 (1.1791)  acc1: 35.1562 (35.8836)  acc5: 57.0312 (58.7195)  family_acc1: 62.5000 (63.5574)  manu_acc1: 73.8281 (75.0651)  time: 0.4093  data: 0.2274  max mem: 11365
Test:  [174/391]  eta: 0:01:36  sploss: 4.1548 (4.0244)  famloss: 1.8990 (1.8189)  manuloss: 1.1741 (1.1791)  acc1: 34.7656 (35.8728)  acc5: 57.0312 (58.7344)  family_acc1: 62.1094 (63.5312)  manu_acc1: 74.6094 (75.0625)  time: 0.4092  data: 0.2274  max mem: 11365
Test:  [175/391]  eta: 0:01:35  sploss: 4.1548 (4.0248)  famloss: 1.8997 (1.8205)  manuloss: 1.1867 (1.1797)  acc1: 34.7656 (35.8754)  acc5: 56.6406 (58.7158)  family_acc1: 60.9375 (63.5032)  manu_acc1: 73.8281 (75.0488)  time: 0.4089  data: 0.2274  max mem: 11365
Test:  [176/391]  eta: 0:01:35  sploss: 4.1548 (4.0254)  famloss: 1.8997 (1.8203)  manuloss: 1.1867 (1.1792)  acc1: 33.9844 (35.8647)  acc5: 57.0312 (58.7085)  family_acc1: 60.9375 (63.5218)  manu_acc1: 73.8281 (75.0530)  time: 0.3722  data: 0.1904  max mem: 11365
Test:  [177/391]  eta: 0:01:34  sploss: 4.1548 (4.0285)  famloss: 1.8997 (1.8225)  manuloss: 1.1867 (1.1809)  acc1: 33.9844 (35.8344)  acc5: 57.0312 (58.6684)  family_acc1: 60.9375 (63.4810)  manu_acc1: 73.8281 (75.0154)  time: 0.3396  data: 0.1577  max mem: 11365
Test:  [178/391]  eta: 0:01:33  sploss: 4.1548 (4.0297)  famloss: 1.8997 (1.8240)  manuloss: 1.1997 (1.1813)  acc1: 33.9844 (35.8131)  acc5: 57.0312 (58.6483)  family_acc1: 60.9375 (63.4536)  manu_acc1: 73.8281 (75.0044)  time: 0.3258  data: 0.1470  max mem: 11365
Test:  [179/391]  eta: 0:01:32  sploss: 4.1316 (4.0302)  famloss: 1.9042 (1.8253)  manuloss: 1.1997 (1.1821)  acc1: 33.9844 (35.8030)  acc5: 57.4219 (58.6458)  family_acc1: 60.9375 (63.4418)  manu_acc1: 73.8281 (74.9891)  time: 0.2920  data: 0.1134  max mem: 11365
Test:  [180/391]  eta: 0:01:32  sploss: 4.1548 (4.0317)  famloss: 1.8990 (1.8256)  manuloss: 1.1997 (1.1823)  acc1: 33.9844 (35.7886)  acc5: 57.4219 (58.6261)  family_acc1: 60.9375 (63.4604)  manu_acc1: 73.8281 (75.0000)  time: 0.3240  data: 0.1461  max mem: 11365
Test:  [181/391]  eta: 0:01:32  sploss: 4.1548 (4.0329)  famloss: 1.8990 (1.8262)  manuloss: 1.1867 (1.1819)  acc1: 33.9844 (35.7722)  acc5: 56.6406 (58.6131)  family_acc1: 61.3281 (63.4508)  manu_acc1: 74.6094 (75.0193)  time: 0.3605  data: 0.1830  max mem: 11365
Test:  [182/391]  eta: 0:01:32  sploss: 4.1694 (4.0342)  famloss: 1.9042 (1.8276)  manuloss: 1.1997 (1.1830)  acc1: 33.9844 (35.7561)  acc5: 56.6406 (58.6130)  family_acc1: 61.3281 (63.4328)  manu_acc1: 73.8281 (75.0085)  time: 0.3773  data: 0.1980  max mem: 11365
Test:  [183/391]  eta: 0:01:32  sploss: 4.1804 (4.0353)  famloss: 1.9042 (1.8281)  manuloss: 1.1997 (1.1838)  acc1: 33.2031 (35.7231)  acc5: 56.6406 (58.5916)  family_acc1: 61.7188 (63.4299)  manu_acc1: 73.8281 (74.9936)  time: 0.4066  data: 0.2284  max mem: 11365
Test:  [184/391]  eta: 0:01:31  sploss: 4.1694 (4.0356)  famloss: 1.9072 (1.8288)  manuloss: 1.2162 (1.1843)  acc1: 33.9844 (35.7179)  acc5: 56.6406 (58.5811)  family_acc1: 61.3281 (63.4143)  manu_acc1: 73.8281 (74.9768)  time: 0.4067  data: 0.2284  max mem: 11365
Test:  [185/391]  eta: 0:01:30  sploss: 4.1734 (4.0364)  famloss: 1.9072 (1.8289)  manuloss: 1.2120 (1.1845)  acc1: 33.2031 (35.6918)  acc5: 56.6406 (58.5601)  family_acc1: 61.3281 (63.4241)  manu_acc1: 73.8281 (74.9769)  time: 0.4076  data: 0.2284  max mem: 11365
Test:  [186/391]  eta: 0:01:30  sploss: 4.1694 (4.0364)  famloss: 1.9072 (1.8287)  manuloss: 1.2120 (1.1845)  acc1: 33.2031 (35.6910)  acc5: 56.6406 (58.5499)  family_acc1: 61.3281 (63.4191)  manu_acc1: 73.4375 (74.9687)  time: 0.4076  data: 0.2284  max mem: 11365
Test:  [187/391]  eta: 0:01:29  sploss: 4.1465 (4.0370)  famloss: 1.9219 (1.8295)  manuloss: 1.2120 (1.1846)  acc1: 33.2031 (35.6819)  acc5: 56.6406 (58.5480)  family_acc1: 60.5469 (63.3955)  manu_acc1: 73.0469 (74.9543)  time: 0.4091  data: 0.2284  max mem: 11365
Test:  [188/391]  eta: 0:01:28  sploss: 4.1465 (4.0365)  famloss: 1.9219 (1.8299)  manuloss: 1.2163 (1.1852)  acc1: 33.2031 (35.6874)  acc5: 56.6406 (58.5524)  family_acc1: 60.5469 (63.3805)  manu_acc1: 73.0469 (74.9359)  time: 0.3771  data: 0.1958  max mem: 11365
Test:  [189/391]  eta: 0:01:28  sploss: 4.1316 (4.0363)  famloss: 1.9219 (1.8305)  manuloss: 1.2120 (1.1852)  acc1: 33.9844 (35.7031)  acc5: 56.6406 (58.5362)  family_acc1: 60.5469 (63.3676)  manu_acc1: 73.0469 (74.9178)  time: 0.3415  data: 0.1603  max mem: 11365
Test:  [190/391]  eta: 0:01:27  sploss: 4.1316 (4.0377)  famloss: 1.9243 (1.8312)  manuloss: 1.2163 (1.1857)  acc1: 33.9844 (35.6859)  acc5: 56.2500 (58.5160)  family_acc1: 60.9375 (63.3774)  manu_acc1: 73.0469 (74.9182)  time: 0.3254  data: 0.1446  max mem: 11365
Test:  [191/391]  eta: 0:01:26  sploss: 4.1316 (4.0376)  famloss: 1.9243 (1.8310)  manuloss: 1.2163 (1.1856)  acc1: 33.9844 (35.6873)  acc5: 56.2500 (58.5185)  family_acc1: 60.9375 (63.3708)  manu_acc1: 73.0469 (74.9268)  time: 0.2965  data: 0.1154  max mem: 11365
Test:  [192/391]  eta: 0:01:26  sploss: 4.1316 (4.0373)  famloss: 1.9219 (1.8308)  manuloss: 1.2120 (1.1856)  acc1: 33.9844 (35.7108)  acc5: 56.2500 (58.5270)  family_acc1: 61.3281 (63.3683)  manu_acc1: 73.0469 (74.9393)  time: 0.3261  data: 0.1448  max mem: 11365
Test:  [193/391]  eta: 0:01:26  sploss: 4.1200 (4.0372)  famloss: 1.9219 (1.8313)  manuloss: 1.2163 (1.1864)  acc1: 33.9844 (35.7059)  acc5: 56.6406 (58.5253)  family_acc1: 61.3281 (63.3658)  manu_acc1: 73.0469 (74.9356)  time: 0.3648  data: 0.1834  max mem: 11365
Test:  [194/391]  eta: 0:01:26  sploss: 4.1316 (4.0381)  famloss: 1.9243 (1.8319)  manuloss: 1.2549 (1.1872)  acc1: 33.9844 (35.7011)  acc5: 56.6406 (58.5337)  family_acc1: 61.7188 (63.3654)  manu_acc1: 73.0469 (74.9239)  time: 0.3760  data: 0.1946  max mem: 11365
Test:  [195/391]  eta: 0:01:26  sploss: 4.1316 (4.0384)  famloss: 1.9243 (1.8324)  manuloss: 1.2163 (1.1870)  acc1: 33.9844 (35.7003)  acc5: 56.6406 (58.5240)  family_acc1: 61.7188 (63.3470)  manu_acc1: 73.0469 (74.9362)  time: 0.4148  data: 0.2333  max mem: 11365
Test:  [196/391]  eta: 0:01:25  sploss: 4.1316 (4.0382)  famloss: 1.9243 (1.8322)  manuloss: 1.2304 (1.1872)  acc1: 33.9844 (35.6956)  acc5: 56.6406 (58.5085)  family_acc1: 61.7188 (63.3526)  manu_acc1: 73.0469 (74.9425)  time: 0.4183  data: 0.2333  max mem: 11365
Test:  [197/391]  eta: 0:01:25  sploss: 4.1004 (4.0383)  famloss: 1.9243 (1.8332)  manuloss: 1.2304 (1.1883)  acc1: 33.9844 (35.6869)  acc5: 56.6406 (58.5089)  family_acc1: 61.7188 (63.3286)  manu_acc1: 73.0469 (74.9053)  time: 0.4214  data: 0.2334  max mem: 11365
Test:  [198/391]  eta: 0:01:24  sploss: 4.0914 (4.0363)  famloss: 1.9219 (1.8329)  manuloss: 1.2163 (1.1883)  acc1: 34.7656 (35.7177)  acc5: 56.6406 (58.5250)  family_acc1: 62.1094 (63.3519)  manu_acc1: 73.4375 (74.9038)  time: 0.4215  data: 0.2334  max mem: 11365
Test:  [199/391]  eta: 0:01:23  sploss: 4.0767 (4.0353)  famloss: 1.9219 (1.8339)  manuloss: 1.2163 (1.1889)  acc1: 34.7656 (35.7207)  acc5: 56.6406 (58.5430)  family_acc1: 62.1094 (63.3164)  manu_acc1: 73.4375 (74.8887)  time: 0.4218  data: 0.2334  max mem: 11365
Test:  [200/391]  eta: 0:01:23  sploss: 4.0453 (4.0350)  famloss: 1.9219 (1.8343)  manuloss: 1.2304 (1.1894)  acc1: 34.7656 (35.7373)  acc5: 58.2031 (58.5529)  family_acc1: 61.7188 (63.2929)  manu_acc1: 73.4375 (74.8815)  time: 0.3900  data: 0.2006  max mem: 11365
Test:  [201/391]  eta: 0:01:22  sploss: 4.0237 (4.0334)  famloss: 1.9216 (1.8333)  manuloss: 1.2304 (1.1888)  acc1: 34.7656 (35.7693)  acc5: 58.2031 (58.5667)  family_acc1: 62.1094 (63.3238)  manu_acc1: 73.4375 (74.8859)  time: 0.3535  data: 0.1638  max mem: 11365
Test:  [202/391]  eta: 0:01:21  sploss: 4.0092 (4.0325)  famloss: 1.9213 (1.8332)  manuloss: 1.2166 (1.1889)  acc1: 35.5469 (35.7932)  acc5: 58.2031 (58.5880)  family_acc1: 62.5000 (63.3313)  manu_acc1: 73.4375 (74.8826)  time: 0.3370  data: 0.1487  max mem: 11365
Test:  [203/391]  eta: 0:01:21  sploss: 3.9995 (4.0317)  famloss: 1.9118 (1.8332)  manuloss: 1.2120 (1.1887)  acc1: 35.5469 (35.8150)  acc5: 58.5938 (58.6110)  family_acc1: 62.5000 (63.3330)  manu_acc1: 74.2188 (74.8851)  time: 0.3067  data: 0.1183  max mem: 11365
Test:  [204/391]  eta: 0:01:20  sploss: 3.9991 (4.0312)  famloss: 1.8430 (1.8330)  manuloss: 1.2111 (1.1887)  acc1: 35.9375 (35.8327)  acc5: 58.9844 (58.6166)  family_acc1: 62.8906 (63.3441)  manu_acc1: 74.2188 (74.8857)  time: 0.3356  data: 0.1471  max mem: 11365
Test:  [205/391]  eta: 0:01:21  sploss: 3.9799 (4.0308)  famloss: 1.9118 (1.8336)  manuloss: 1.2111 (1.1897)  acc1: 36.3281 (35.8389)  acc5: 59.3750 (58.6374)  family_acc1: 62.5000 (63.3362)  manu_acc1: 74.2188 (74.8578)  time: 0.3791  data: 0.1906  max mem: 11365
Test:  [206/391]  eta: 0:01:20  sploss: 3.9607 (4.0290)  famloss: 1.9118 (1.8330)  manuloss: 1.2111 (1.1894)  acc1: 36.7188 (35.8658)  acc5: 59.7656 (58.6522)  family_acc1: 62.8906 (63.3548)  manu_acc1: 74.2188 (74.8604)  time: 0.3891  data: 0.2002  max mem: 11365
Test:  [207/391]  eta: 0:01:20  sploss: 3.9607 (4.0292)  famloss: 1.8430 (1.8330)  manuloss: 1.2166 (1.1896)  acc1: 36.7188 (35.8661)  acc5: 59.7656 (58.6520)  family_acc1: 62.8906 (63.3601)  manu_acc1: 74.2188 (74.8479)  time: 0.4286  data: 0.2407  max mem: 11365
Test:  [208/391]  eta: 0:01:19  sploss: 3.9677 (4.0289)  famloss: 1.8223 (1.8329)  manuloss: 1.1975 (1.1897)  acc1: 37.1094 (35.8740)  acc5: 60.1562 (58.6629)  family_acc1: 62.8906 (63.3579)  manu_acc1: 74.2188 (74.8430)  time: 0.4284  data: 0.2407  max mem: 11365
Test:  [209/391]  eta: 0:01:19  sploss: 3.9607 (4.0278)  famloss: 1.8218 (1.8326)  manuloss: 1.2111 (1.1898)  acc1: 37.1094 (35.8984)  acc5: 60.1562 (58.6812)  family_acc1: 63.2812 (63.3780)  manu_acc1: 74.6094 (74.8512)  time: 0.4282  data: 0.2407  max mem: 11365
Test:  [210/391]  eta: 0:01:18  sploss: 3.9607 (4.0286)  famloss: 1.8218 (1.8327)  manuloss: 1.2111 (1.1901)  acc1: 37.1094 (35.8838)  acc5: 60.1562 (58.6697)  family_acc1: 63.2812 (63.3775)  manu_acc1: 74.2188 (74.8334)  time: 0.4288  data: 0.2407  max mem: 11365
Test:  [211/391]  eta: 0:01:17  sploss: 3.9398 (4.0281)  famloss: 1.8218 (1.8322)  manuloss: 1.2111 (1.1898)  acc1: 37.5000 (35.8933)  acc5: 60.1562 (58.6730)  family_acc1: 63.2812 (63.3826)  manu_acc1: 74.2188 (74.8415)  time: 0.4290  data: 0.2407  max mem: 11365
Test:  [212/391]  eta: 0:01:17  sploss: 3.9375 (4.0274)  famloss: 1.8218 (1.8316)  manuloss: 1.2166 (1.1901)  acc1: 37.5000 (35.9118)  acc5: 60.5469 (58.6909)  family_acc1: 63.6719 (63.4023)  manu_acc1: 74.2188 (74.8331)  time: 0.4002  data: 0.2113  max mem: 11365
Test:  [213/391]  eta: 0:01:16  sploss: 3.9375 (4.0277)  famloss: 1.8218 (1.8318)  manuloss: 1.2166 (1.1903)  acc1: 37.5000 (35.9156)  acc5: 60.5469 (58.6941)  family_acc1: 63.6719 (63.3926)  manu_acc1: 73.8281 (74.8229)  time: 0.3620  data: 0.1727  max mem: 11365
Test:  [214/391]  eta: 0:01:16  sploss: 3.9375 (4.0273)  famloss: 1.8148 (1.8317)  manuloss: 1.2166 (1.1905)  acc1: 37.5000 (35.9230)  acc5: 60.5469 (58.7009)  family_acc1: 63.6719 (63.3903)  manu_acc1: 73.8281 (74.8147)  time: 0.3513  data: 0.1615  max mem: 11365
Test:  [215/391]  eta: 0:01:15  sploss: 3.9296 (4.0263)  famloss: 1.8148 (1.8316)  manuloss: 1.2166 (1.1905)  acc1: 37.8906 (35.9411)  acc5: 60.9375 (58.7131)  family_acc1: 64.4531 (63.3970)  manu_acc1: 73.8281 (74.8119)  time: 0.3131  data: 0.1228  max mem: 11365
Test:  [216/391]  eta: 0:01:15  sploss: 3.9296 (4.0260)  famloss: 1.8155 (1.8318)  manuloss: 1.2166 (1.1906)  acc1: 39.0625 (35.9663)  acc5: 60.9375 (58.7162)  family_acc1: 64.4531 (63.4055)  manu_acc1: 73.4375 (74.8002)  time: 0.3241  data: 0.1368  max mem: 11365
Test:  [217/391]  eta: 0:01:15  sploss: 3.9296 (4.0256)  famloss: 1.8155 (1.8319)  manuloss: 1.2111 (1.1901)  acc1: 39.4531 (35.9895)  acc5: 60.9375 (58.7263)  family_acc1: 64.4531 (63.4192)  manu_acc1: 73.8281 (74.8136)  time: 0.3704  data: 0.1858  max mem: 11365
Test:  [218/391]  eta: 0:01:14  sploss: 3.9375 (4.0257)  famloss: 1.8218 (1.8318)  manuloss: 1.2166 (1.1907)  acc1: 39.0625 (35.9928)  acc5: 60.9375 (58.7204)  family_acc1: 64.4531 (63.4186)  manu_acc1: 73.4375 (74.7967)  time: 0.3764  data: 0.1907  max mem: 11365
Test:  [219/391]  eta: 0:01:14  sploss: 3.9392 (4.0260)  famloss: 1.8197 (1.8318)  manuloss: 1.2111 (1.1905)  acc1: 39.0625 (35.9925)  acc5: 60.5469 (58.7109)  family_acc1: 64.4531 (63.4268)  manu_acc1: 73.8281 (74.8029)  time: 0.4209  data: 0.2355  max mem: 11365
Test:  [220/391]  eta: 0:01:14  sploss: 3.9392 (4.0272)  famloss: 1.8197 (1.8329)  manuloss: 1.2111 (1.1914)  acc1: 37.8906 (35.9764)  acc5: 60.1562 (58.6910)  family_acc1: 64.4531 (63.3997)  manu_acc1: 73.8281 (74.7755)  time: 0.4214  data: 0.2355  max mem: 11365
Test:  [221/391]  eta: 0:01:13  sploss: 3.9398 (4.0275)  famloss: 1.8218 (1.8347)  manuloss: 1.2166 (1.1930)  acc1: 37.5000 (35.9762)  acc5: 59.7656 (58.6958)  family_acc1: 64.4531 (63.3727)  manu_acc1: 73.0469 (74.7466)  time: 0.4218  data: 0.2355  max mem: 11365
Test:  [222/391]  eta: 0:01:12  sploss: 3.9466 (4.0279)  famloss: 1.8223 (1.8355)  manuloss: 1.2175 (1.1940)  acc1: 37.5000 (35.9778)  acc5: 59.7656 (58.6918)  family_acc1: 63.6719 (63.3513)  manu_acc1: 73.0469 (74.7145)  time: 0.4218  data: 0.2355  max mem: 11365
Test:  [223/391]  eta: 0:01:12  sploss: 3.9605 (4.0282)  famloss: 1.8223 (1.8374)  manuloss: 1.2270 (1.1957)  acc1: 37.1094 (35.9759)  acc5: 59.3750 (58.6809)  family_acc1: 63.2812 (63.3039)  manu_acc1: 72.6562 (74.6634)  time: 0.4226  data: 0.2355  max mem: 11365
Test:  [224/391]  eta: 0:01:11  sploss: 3.9677 (4.0283)  famloss: 1.8286 (1.8388)  manuloss: 1.2276 (1.1976)  acc1: 37.1094 (35.9983)  acc5: 59.3750 (58.6701)  family_acc1: 63.2812 (63.2778)  manu_acc1: 72.2656 (74.6181)  time: 0.3945  data: 0.2066  max mem: 11365
Test:  [225/391]  eta: 0:01:11  sploss: 4.0388 (4.0290)  famloss: 1.8286 (1.8406)  manuloss: 1.2276 (1.1987)  acc1: 36.7188 (35.9980)  acc5: 59.3750 (58.6663)  family_acc1: 63.2812 (63.2432)  manu_acc1: 72.2656 (74.5886)  time: 0.3599  data: 0.1632  max mem: 11365
Test:  [226/391]  eta: 0:01:10  sploss: 4.0388 (4.0274)  famloss: 1.8286 (1.8401)  manuloss: 1.2312 (1.1989)  acc1: 36.7188 (36.0253)  acc5: 59.3750 (58.6832)  family_acc1: 62.8906 (63.2417)  manu_acc1: 72.2656 (74.5698)  time: 0.3505  data: 0.1535  max mem: 11365
Test:  [227/391]  eta: 0:01:09  sploss: 4.0388 (4.0288)  famloss: 1.8403 (1.8409)  manuloss: 1.2549 (1.2000)  acc1: 36.7188 (35.9975)  acc5: 59.3750 (58.6623)  family_acc1: 62.8906 (63.2247)  manu_acc1: 71.0938 (74.5494)  time: 0.3100  data: 0.1130  max mem: 11365
Test:  [228/391]  eta: 0:01:09  sploss: 4.0623 (4.0298)  famloss: 1.8467 (1.8423)  manuloss: 1.2622 (1.2010)  acc1: 36.7188 (35.9921)  acc5: 57.8125 (58.6347)  family_acc1: 62.8906 (63.1925)  manu_acc1: 71.0938 (74.5190)  time: 0.3144  data: 0.1170  max mem: 11365
Test:  [229/391]  eta: 0:01:09  sploss: 4.0879 (4.0302)  famloss: 1.8638 (1.8433)  manuloss: 1.2670 (1.2027)  acc1: 36.3281 (35.9901)  acc5: 57.8125 (58.6294)  family_acc1: 61.3281 (63.1573)  manu_acc1: 70.3125 (74.4684)  time: 0.3621  data: 0.1639  max mem: 11365
Test:  [230/391]  eta: 0:01:09  sploss: 4.0879 (4.0316)  famloss: 1.8695 (1.8445)  manuloss: 1.3182 (1.2047)  acc1: 36.3281 (35.9832)  acc5: 57.8125 (58.6073)  family_acc1: 59.3750 (63.1375)  manu_acc1: 69.9219 (74.4301)  time: 0.3677  data: 0.1684  max mem: 11365
Test:  [231/391]  eta: 0:01:09  sploss: 4.0895 (4.0324)  famloss: 1.9566 (1.8450)  manuloss: 1.3182 (1.2049)  acc1: 35.9375 (35.9779)  acc5: 57.4219 (58.6005)  family_acc1: 59.3750 (63.1247)  manu_acc1: 69.9219 (74.4157)  time: 0.4139  data: 0.2143  max mem: 11365
Test:  [232/391]  eta: 0:01:08  sploss: 4.1008 (4.0329)  famloss: 1.9566 (1.8455)  manuloss: 1.3638 (1.2055)  acc1: 35.9375 (35.9643)  acc5: 57.4219 (58.5904)  family_acc1: 59.3750 (63.1270)  manu_acc1: 69.9219 (74.4048)  time: 0.4137  data: 0.2143  max mem: 11365
Test:  [233/391]  eta: 0:01:07  sploss: 4.1028 (4.0338)  famloss: 2.0095 (1.8463)  manuloss: 1.3928 (1.2067)  acc1: 35.9375 (35.9492)  acc5: 57.0312 (58.5837)  family_acc1: 58.9844 (63.1093)  manu_acc1: 68.7500 (74.3773)  time: 0.4137  data: 0.2143  max mem: 11365
Test:  [234/391]  eta: 0:01:07  sploss: 4.1028 (4.0334)  famloss: 2.0095 (1.8461)  manuloss: 1.3928 (1.2066)  acc1: 35.9375 (35.9541)  acc5: 57.0312 (58.5821)  family_acc1: 58.9844 (63.1134)  manu_acc1: 68.7500 (74.3816)  time: 0.4136  data: 0.2143  max mem: 11365
Test:  [235/391]  eta: 0:01:06  sploss: 4.1028 (4.0320)  famloss: 2.0095 (1.8456)  manuloss: 1.3928 (1.2066)  acc1: 35.9375 (35.9905)  acc5: 57.0312 (58.6103)  family_acc1: 58.9844 (63.1240)  manu_acc1: 68.7500 (74.3793)  time: 0.4133  data: 0.2143  max mem: 11365
Test:  [236/391]  eta: 0:01:06  sploss: 4.1028 (4.0314)  famloss: 2.0095 (1.8454)  manuloss: 1.3928 (1.2065)  acc1: 35.9375 (35.9952)  acc5: 57.0312 (58.6383)  family_acc1: 58.9844 (63.1197)  manu_acc1: 68.7500 (74.3819)  time: 0.3992  data: 0.2002  max mem: 11365
Test:  [237/391]  eta: 0:01:05  sploss: 4.1028 (4.0297)  famloss: 2.0095 (1.8449)  manuloss: 1.3928 (1.2063)  acc1: 35.9375 (36.0114)  acc5: 57.0312 (58.6676)  family_acc1: 58.9844 (63.1385)  manu_acc1: 68.7500 (74.3829)  time: 0.3504  data: 0.1513  max mem: 11365
Test:  [238/391]  eta: 0:01:04  sploss: 4.1028 (4.0292)  famloss: 2.0095 (1.8452)  manuloss: 1.3928 (1.2063)  acc1: 35.9375 (36.0372)  acc5: 57.0312 (58.6804)  family_acc1: 58.9844 (63.1342)  manu_acc1: 68.7500 (74.3789)  time: 0.3452  data: 0.1464  max mem: 11365
Test:  [239/391]  eta: 0:01:04  sploss: 4.1028 (4.0279)  famloss: 2.0095 (1.8451)  manuloss: 1.3928 (1.2060)  acc1: 35.9375 (36.0531)  acc5: 57.4219 (58.6882)  family_acc1: 58.9844 (63.1250)  manu_acc1: 68.7500 (74.3766)  time: 0.3008  data: 0.1016  max mem: 11365
Test:  [240/391]  eta: 0:01:03  sploss: 4.1028 (4.0289)  famloss: 2.0038 (1.8458)  manuloss: 1.3638 (1.2060)  acc1: 35.9375 (36.0315)  acc5: 57.4219 (58.6780)  family_acc1: 59.3750 (63.1127)  manu_acc1: 69.9219 (74.3679)  time: 0.3047  data: 0.1055  max mem: 11365
Test:  [241/391]  eta: 0:01:03  sploss: 4.1028 (4.0273)  famloss: 1.9566 (1.8447)  manuloss: 1.2549 (1.2052)  acc1: 35.9375 (36.0456)  acc5: 57.4219 (58.7067)  family_acc1: 60.1562 (63.1327)  manu_acc1: 70.3125 (74.3753)  time: 0.3579  data: 0.1588  max mem: 11365
Test:  [242/391]  eta: 0:01:03  sploss: 4.0623 (4.0272)  famloss: 1.9546 (1.8447)  manuloss: 1.2549 (1.2057)  acc1: 35.5469 (36.0388)  acc5: 57.4219 (58.7079)  family_acc1: 60.1562 (63.1285)  manu_acc1: 71.0938 (74.3618)  time: 0.3649  data: 0.1632  max mem: 11365
Test:  [243/391]  eta: 0:01:03  sploss: 3.9883 (4.0269)  famloss: 1.9191 (1.8447)  manuloss: 1.2434 (1.2058)  acc1: 35.9375 (36.0480)  acc5: 57.8125 (58.7138)  family_acc1: 60.9375 (63.1196)  manu_acc1: 71.0938 (74.3484)  time: 0.4113  data: 0.2099  max mem: 11365
Test:  [244/391]  eta: 0:01:02  sploss: 3.9534 (4.0261)  famloss: 1.9111 (1.8450)  manuloss: 1.2434 (1.2060)  acc1: 35.9375 (36.0587)  acc5: 58.2031 (58.7213)  family_acc1: 60.9375 (63.1075)  manu_acc1: 71.0938 (74.3304)  time: 0.4108  data: 0.2099  max mem: 11365
Test:  [245/391]  eta: 0:01:02  sploss: 3.9534 (4.0260)  famloss: 1.8606 (1.8445)  manuloss: 1.2392 (1.2058)  acc1: 37.1094 (36.0645)  acc5: 58.2031 (58.7128)  family_acc1: 60.9375 (63.1177)  manu_acc1: 71.0938 (74.3299)  time: 0.4018  data: 0.2099  max mem: 11365
Test:  [246/391]  eta: 0:01:01  sploss: 3.9883 (4.0260)  famloss: 1.9111 (1.8449)  manuloss: 1.2155 (1.2057)  acc1: 35.5469 (36.0561)  acc5: 57.4219 (58.7045)  family_acc1: 60.9375 (63.1073)  manu_acc1: 71.8750 (74.3374)  time: 0.4016  data: 0.2099  max mem: 11365
Test:  [247/391]  eta: 0:01:01  sploss: 3.9534 (4.0250)  famloss: 1.8606 (1.8445)  manuloss: 1.2128 (1.2051)  acc1: 36.7188 (36.0588)  acc5: 58.2031 (58.7182)  family_acc1: 60.9375 (63.1127)  manu_acc1: 72.2656 (74.3495)  time: 0.4008  data: 0.2099  max mem: 11365
Test:  [248/391]  eta: 0:01:00  sploss: 3.9534 (4.0248)  famloss: 1.8372 (1.8445)  manuloss: 1.2128 (1.2052)  acc1: 37.1094 (36.0740)  acc5: 58.9844 (58.7224)  family_acc1: 62.1094 (63.1087)  manu_acc1: 72.2656 (74.3411)  time: 0.3967  data: 0.2060  max mem: 11365
Test:  [249/391]  eta: 0:01:00  sploss: 3.9534 (4.0250)  famloss: 1.8365 (1.8442)  manuloss: 1.1993 (1.2045)  acc1: 37.1094 (36.0688)  acc5: 58.9844 (58.7156)  family_acc1: 62.1094 (63.1078)  manu_acc1: 73.4375 (74.3469)  time: 0.3494  data: 0.1590  max mem: 11365
Test:  [250/391]  eta: 0:00:59  sploss: 3.9385 (4.0241)  famloss: 1.8317 (1.8437)  manuloss: 1.1993 (1.2048)  acc1: 37.1094 (36.0853)  acc5: 59.7656 (58.7291)  family_acc1: 62.1094 (63.1101)  manu_acc1: 73.4375 (74.3370)  time: 0.3441  data: 0.1545  max mem: 11365
Test:  [251/391]  eta: 0:00:58  sploss: 3.9385 (4.0246)  famloss: 1.8317 (1.8439)  manuloss: 1.1855 (1.2047)  acc1: 37.5000 (36.0910)  acc5: 59.7656 (58.7333)  family_acc1: 62.1094 (63.1061)  manu_acc1: 73.4375 (74.3335)  time: 0.2978  data: 0.1086  max mem: 11365
Test:  [252/391]  eta: 0:00:58  sploss: 3.9023 (4.0234)  famloss: 1.8139 (1.8430)  manuloss: 1.1854 (1.2038)  acc1: 37.5000 (36.1027)  acc5: 60.1562 (58.7559)  family_acc1: 62.1094 (63.1238)  manu_acc1: 73.8281 (74.3546)  time: 0.2986  data: 0.1095  max mem: 11365
Test:  [253/391]  eta: 0:00:58  sploss: 3.9023 (4.0231)  famloss: 1.8139 (1.8433)  manuloss: 1.1847 (1.2037)  acc1: 37.8906 (36.1097)  acc5: 60.5469 (58.7645)  family_acc1: 62.1094 (63.1259)  manu_acc1: 73.8281 (74.3587)  time: 0.3577  data: 0.1688  max mem: 11365
Test:  [254/391]  eta: 0:00:58  sploss: 3.8984 (4.0225)  famloss: 1.8139 (1.8429)  manuloss: 1.1813 (1.2035)  acc1: 37.8906 (36.1075)  acc5: 60.5469 (58.7699)  family_acc1: 62.1094 (63.1296)  manu_acc1: 73.8281 (74.3505)  time: 0.3642  data: 0.1732  max mem: 11365
Test:  [255/391]  eta: 0:00:57  sploss: 3.9023 (4.0223)  famloss: 1.8139 (1.8426)  manuloss: 1.1715 (1.2033)  acc1: 37.8906 (36.1267)  acc5: 60.5469 (58.7784)  family_acc1: 62.1094 (63.1348)  manu_acc1: 73.8281 (74.3515)  time: 0.4097  data: 0.2190  max mem: 11365
Test:  [256/391]  eta: 0:00:57  sploss: 3.9225 (4.0219)  famloss: 1.7766 (1.8420)  manuloss: 1.1630 (1.2029)  acc1: 38.2812 (36.1366)  acc5: 60.5469 (58.7913)  family_acc1: 62.5000 (63.1323)  manu_acc1: 73.8281 (74.3571)  time: 0.4094  data: 0.2190  max mem: 11365
Test:  [257/391]  eta: 0:00:56  sploss: 3.9225 (4.0208)  famloss: 1.7766 (1.8408)  manuloss: 1.1630 (1.2018)  acc1: 38.2812 (36.1449)  acc5: 60.5469 (58.8103)  family_acc1: 62.5000 (63.1601)  manu_acc1: 73.8281 (74.3777)  time: 0.4088  data: 0.2190  max mem: 11365
Test:  [258/391]  eta: 0:00:56  sploss: 3.9225 (4.0202)  famloss: 1.7764 (1.8402)  manuloss: 1.1565 (1.2015)  acc1: 38.2812 (36.1607)  acc5: 60.5469 (58.8245)  family_acc1: 62.8906 (63.1817)  manu_acc1: 74.2188 (74.3877)  time: 0.4080  data: 0.2190  max mem: 11365
Test:  [259/391]  eta: 0:00:55  sploss: 3.9427 (4.0199)  famloss: 1.7764 (1.8404)  manuloss: 1.1630 (1.2016)  acc1: 37.8906 (36.1629)  acc5: 60.5469 (58.8326)  family_acc1: 62.8906 (63.1746)  manu_acc1: 74.6094 (74.3915)  time: 0.4077  data: 0.2190  max mem: 11365
Test:  [260/391]  eta: 0:00:55  sploss: 3.9225 (4.0190)  famloss: 1.7638 (1.8401)  manuloss: 1.1565 (1.2012)  acc1: 37.8906 (36.1590)  acc5: 60.9375 (58.8422)  family_acc1: 63.6719 (63.1795)  manu_acc1: 74.6094 (74.3924)  time: 0.4034  data: 0.2151  max mem: 11365
Test:  [261/391]  eta: 0:00:54  sploss: 3.9225 (4.0184)  famloss: 1.7638 (1.8392)  manuloss: 1.1565 (1.2006)  acc1: 37.5000 (36.1626)  acc5: 60.5469 (58.8457)  family_acc1: 63.6719 (63.1903)  manu_acc1: 74.6094 (74.4096)  time: 0.3498  data: 0.1618  max mem: 11365
Test:  [262/391]  eta: 0:00:54  sploss: 3.8654 (4.0165)  famloss: 1.7382 (1.8380)  manuloss: 1.1437 (1.1996)  acc1: 37.8906 (36.1989)  acc5: 60.9375 (58.8804)  family_acc1: 63.6719 (63.2070)  manu_acc1: 75.3906 (74.4311)  time: 0.3426  data: 0.1574  max mem: 11365
Test:  [263/391]  eta: 0:00:53  sploss: 3.8614 (4.0155)  famloss: 1.7338 (1.8371)  manuloss: 1.1222 (1.1987)  acc1: 37.8906 (36.2068)  acc5: 60.9375 (58.8971)  family_acc1: 64.0625 (63.2221)  manu_acc1: 75.3906 (74.4511)  time: 0.2954  data: 0.1107  max mem: 11365
Test:  [264/391]  eta: 0:00:53  sploss: 3.8654 (4.0149)  famloss: 1.7337 (1.8364)  manuloss: 1.1110 (1.1983)  acc1: 37.8906 (36.2131)  acc5: 60.9375 (58.8945)  family_acc1: 64.4531 (63.2297)  manu_acc1: 75.3906 (74.4443)  time: 0.3000  data: 0.1152  max mem: 11365
Test:  [265/391]  eta: 0:00:53  sploss: 3.8614 (4.0139)  famloss: 1.7338 (1.8362)  manuloss: 1.1110 (1.1982)  acc1: 37.8906 (36.2385)  acc5: 60.9375 (58.9212)  family_acc1: 64.0625 (63.2328)  manu_acc1: 75.3906 (74.4317)  time: 0.3584  data: 0.1715  max mem: 11365
Test:  [266/391]  eta: 0:00:52  sploss: 3.8614 (4.0134)  famloss: 1.7338 (1.8360)  manuloss: 1.1110 (1.1980)  acc1: 38.2812 (36.2462)  acc5: 60.9375 (58.9200)  family_acc1: 64.0625 (63.2271)  manu_acc1: 75.3906 (74.4338)  time: 0.3595  data: 0.1715  max mem: 11365
Test:  [267/391]  eta: 0:00:52  sploss: 3.8654 (4.0129)  famloss: 1.7099 (1.8352)  manuloss: 1.1110 (1.1973)  acc1: 38.2812 (36.2436)  acc5: 60.9375 (58.9217)  family_acc1: 64.0625 (63.2492)  manu_acc1: 75.3906 (74.4549)  time: 0.4133  data: 0.2242  max mem: 11365
Test:  [268/391]  eta: 0:00:52  sploss: 3.8654 (4.0128)  famloss: 1.6873 (1.8344)  manuloss: 1.1092 (1.1967)  acc1: 37.8906 (36.2395)  acc5: 60.9375 (58.9234)  family_acc1: 64.4531 (63.2609)  manu_acc1: 75.3906 (74.4729)  time: 0.4128  data: 0.2242  max mem: 11365
Test:  [269/391]  eta: 0:00:51  sploss: 3.8654 (4.0125)  famloss: 1.6753 (1.8334)  manuloss: 1.1092 (1.1961)  acc1: 38.2812 (36.2471)  acc5: 60.9375 (58.9251)  family_acc1: 64.4531 (63.2827)  manu_acc1: 75.3906 (74.4878)  time: 0.4128  data: 0.2242  max mem: 11365
Test:  [270/391]  eta: 0:00:50  sploss: 3.8654 (4.0113)  famloss: 1.6538 (1.8322)  manuloss: 1.0860 (1.1950)  acc1: 38.2812 (36.2633)  acc5: 60.9375 (58.9339)  family_acc1: 65.2344 (63.3029)  manu_acc1: 75.7812 (74.5128)  time: 0.4120  data: 0.2242  max mem: 11365
Test:  [271/391]  eta: 0:00:50  sploss: 3.8654 (4.0108)  famloss: 1.6538 (1.8322)  manuloss: 1.0860 (1.1953)  acc1: 38.2812 (36.2807)  acc5: 60.9375 (58.9442)  family_acc1: 65.2344 (63.2927)  manu_acc1: 75.7812 (74.5031)  time: 0.4118  data: 0.2242  max mem: 11365
Test:  [272/391]  eta: 0:00:49  sploss: 3.8654 (4.0093)  famloss: 1.6538 (1.8310)  manuloss: 1.0860 (1.1944)  acc1: 38.2812 (36.2881)  acc5: 60.9375 (58.9715)  family_acc1: 65.2344 (63.3142)  manu_acc1: 75.7812 (74.5221)  time: 0.4106  data: 0.2233  max mem: 11365
Test:  [273/391]  eta: 0:00:49  sploss: 3.8614 (4.0069)  famloss: 1.6173 (1.8291)  manuloss: 1.0510 (1.1930)  acc1: 38.2812 (36.3253)  acc5: 61.3281 (59.0200)  family_acc1: 66.0156 (63.3625)  manu_acc1: 76.9531 (74.5538)  time: 0.3507  data: 0.1641  max mem: 11365
Test:  [274/391]  eta: 0:00:48  sploss: 3.8654 (4.0070)  famloss: 1.6173 (1.8288)  manuloss: 1.0334 (1.1923)  acc1: 38.2812 (36.3438)  acc5: 61.3281 (59.0213)  family_acc1: 66.0156 (63.3722)  manu_acc1: 78.1250 (74.5668)  time: 0.3443  data: 0.1597  max mem: 11365
Test:  [275/391]  eta: 0:00:48  sploss: 3.8614 (4.0060)  famloss: 1.6159 (1.8277)  manuloss: 1.0143 (1.1914)  acc1: 38.2812 (36.3564)  acc5: 61.3281 (59.0367)  family_acc1: 66.4062 (63.3931)  manu_acc1: 78.5156 (74.5938)  time: 0.2987  data: 0.1139  max mem: 11365
Test:  [276/391]  eta: 0:00:47  sploss: 3.8146 (4.0053)  famloss: 1.6159 (1.8271)  manuloss: 1.0143 (1.1910)  acc1: 38.2812 (36.3747)  acc5: 61.3281 (59.0549)  family_acc1: 67.1875 (63.4082)  manu_acc1: 78.5156 (74.5995)  time: 0.2987  data: 0.1139  max mem: 11365
Test:  [277/391]  eta: 0:00:47  sploss: 3.8146 (4.0036)  famloss: 1.6159 (1.8261)  manuloss: 1.0334 (1.1907)  acc1: 38.2812 (36.3900)  acc5: 61.3281 (59.0827)  family_acc1: 67.1875 (63.4344)  manu_acc1: 78.1250 (74.6009)  time: 0.3629  data: 0.1778  max mem: 11365
Test:  [278/391]  eta: 0:00:47  sploss: 3.7956 (4.0023)  famloss: 1.6159 (1.8255)  manuloss: 1.0334 (1.1902)  acc1: 38.2812 (36.4065)  acc5: 61.3281 (59.1104)  family_acc1: 66.4062 (63.4395)  manu_acc1: 78.1250 (74.6024)  time: 0.3629  data: 0.1778  max mem: 11365
Test:  [279/391]  eta: 0:00:47  sploss: 3.7363 (4.0013)  famloss: 1.6083 (1.8246)  manuloss: 1.0334 (1.1899)  acc1: 39.8438 (36.4244)  acc5: 61.7188 (59.1225)  family_acc1: 67.1875 (63.4542)  manu_acc1: 78.1250 (74.6094)  time: 0.4128  data: 0.2278  max mem: 11365
Test:  [280/391]  eta: 0:00:46  sploss: 3.7356 (3.9997)  famloss: 1.5990 (1.8234)  manuloss: 1.0143 (1.1889)  acc1: 40.6250 (36.4421)  acc5: 62.5000 (59.1609)  family_acc1: 67.5781 (63.4814)  manu_acc1: 78.5156 (74.6302)  time: 0.4124  data: 0.2278  max mem: 11365
Test:  [281/391]  eta: 0:00:46  sploss: 3.7319 (3.9985)  famloss: 1.5990 (1.8227)  manuloss: 1.0143 (1.1886)  acc1: 40.6250 (36.4666)  acc5: 63.2812 (59.1755)  family_acc1: 67.5781 (63.4973)  manu_acc1: 78.1250 (74.6357)  time: 0.4120  data: 0.2278  max mem: 11365
Test:  [282/391]  eta: 0:00:45  sploss: 3.7356 (3.9982)  famloss: 1.6083 (1.8223)  manuloss: 1.0377 (1.1882)  acc1: 40.6250 (36.4744)  acc5: 63.2812 (59.1942)  family_acc1: 67.5781 (63.4938)  manu_acc1: 76.5625 (74.6425)  time: 0.4120  data: 0.2278  max mem: 11365
Test:  [283/391]  eta: 0:00:45  sploss: 3.7356 (3.9976)  famloss: 1.6173 (1.8220)  manuloss: 1.0377 (1.1876)  acc1: 40.6250 (36.4780)  acc5: 62.5000 (59.2031)  family_acc1: 67.5781 (63.4999)  manu_acc1: 76.5625 (74.6465)  time: 0.4121  data: 0.2278  max mem: 11365
Test:  [284/391]  eta: 0:00:44  sploss: 3.7356 (3.9972)  famloss: 1.6173 (1.8217)  manuloss: 1.0377 (1.1872)  acc1: 40.6250 (36.4720)  acc5: 62.5000 (59.1927)  family_acc1: 67.5781 (63.4978)  manu_acc1: 76.5625 (74.6478)  time: 0.4074  data: 0.2233  max mem: 11365
Test:  [285/391]  eta: 0:00:44  sploss: 3.8021 (3.9968)  famloss: 1.6173 (1.8213)  manuloss: 1.0377 (1.1873)  acc1: 40.6250 (36.4866)  acc5: 62.5000 (59.2097)  family_acc1: 67.5781 (63.5039)  manu_acc1: 76.5625 (74.6435)  time: 0.3488  data: 0.1669  max mem: 11365
Test:  [286/391]  eta: 0:00:43  sploss: 3.7849 (3.9960)  famloss: 1.5990 (1.8202)  manuloss: 1.0320 (1.1861)  acc1: 40.6250 (36.4983)  acc5: 62.5000 (59.2117)  family_acc1: 67.5781 (63.5330)  manu_acc1: 76.5625 (74.6747)  time: 0.3472  data: 0.1669  max mem: 11365
Test:  [287/391]  eta: 0:00:43  sploss: 3.7849 (3.9958)  famloss: 1.6173 (1.8197)  manuloss: 1.0320 (1.1855)  acc1: 40.6250 (36.5072)  acc5: 62.5000 (59.2231)  family_acc1: 67.5781 (63.5390)  manu_acc1: 76.5625 (74.6813)  time: 0.2940  data: 0.1143  max mem: 11365
Test:  [288/391]  eta: 0:00:42  sploss: 3.7319 (3.9947)  famloss: 1.6201 (1.8194)  manuloss: 1.0377 (1.1851)  acc1: 40.6250 (36.5106)  acc5: 63.2812 (59.2412)  family_acc1: 67.5781 (63.5340)  manu_acc1: 76.5625 (74.6932)  time: 0.2941  data: 0.1143  max mem: 11365
Test:  [289/391]  eta: 0:00:42  sploss: 3.7299 (3.9935)  famloss: 1.6201 (1.8179)  manuloss: 1.0320 (1.1841)  acc1: 40.6250 (36.5288)  acc5: 63.2812 (59.2713)  family_acc1: 67.5781 (63.5735)  manu_acc1: 76.5625 (74.7117)  time: 0.3728  data: 0.1937  max mem: 11365
Test:  [290/391]  eta: 0:00:42  sploss: 3.7319 (3.9927)  famloss: 1.6201 (1.8170)  manuloss: 1.0320 (1.1832)  acc1: 40.6250 (36.5281)  acc5: 64.0625 (59.2891)  family_acc1: 67.1875 (63.5860)  manu_acc1: 76.5625 (74.7235)  time: 0.3731  data: 0.1937  max mem: 11365
Test:  [291/391]  eta: 0:00:42  sploss: 3.7299 (3.9916)  famloss: 1.6201 (1.8164)  manuloss: 1.0320 (1.1828)  acc1: 39.8438 (36.5368)  acc5: 64.0625 (59.3068)  family_acc1: 67.1875 (63.5929)  manu_acc1: 76.5625 (74.7351)  time: 0.4200  data: 0.2405  max mem: 11365
Test:  [292/391]  eta: 0:00:41  sploss: 3.7299 (3.9896)  famloss: 1.6201 (1.8155)  manuloss: 1.0320 (1.1822)  acc1: 40.6250 (36.5641)  acc5: 64.0625 (59.3443)  family_acc1: 67.1875 (63.6079)  manu_acc1: 76.5625 (74.7480)  time: 0.4196  data: 0.2405  max mem: 11365
Test:  [293/391]  eta: 0:00:41  sploss: 3.7319 (3.9895)  famloss: 1.6259 (1.8148)  manuloss: 1.0377 (1.1819)  acc1: 39.8438 (36.5660)  acc5: 64.0625 (59.3418)  family_acc1: 67.1875 (63.6214)  manu_acc1: 76.5625 (74.7582)  time: 0.4200  data: 0.2406  max mem: 11365
Test:  [294/391]  eta: 0:00:40  sploss: 3.7299 (3.9886)  famloss: 1.6201 (1.8140)  manuloss: 1.0377 (1.1810)  acc1: 39.8438 (36.5890)  acc5: 64.0625 (59.3565)  family_acc1: 67.5781 (63.6374)  manu_acc1: 76.5625 (74.7842)  time: 0.4193  data: 0.2405  max mem: 11365
Test:  [295/391]  eta: 0:00:40  sploss: 3.7299 (3.9885)  famloss: 1.6259 (1.8134)  manuloss: 1.0377 (1.1802)  acc1: 39.8438 (36.5855)  acc5: 64.0625 (59.3671)  family_acc1: 67.1875 (63.6402)  manu_acc1: 76.5625 (74.7981)  time: 0.4192  data: 0.2405  max mem: 11365
Test:  [296/391]  eta: 0:00:39  sploss: 3.7299 (3.9883)  famloss: 1.6201 (1.8127)  manuloss: 1.0320 (1.1795)  acc1: 39.0625 (36.5767)  acc5: 63.6719 (59.3711)  family_acc1: 67.1875 (63.6600)  manu_acc1: 77.7344 (74.8106)  time: 0.4190  data: 0.2405  max mem: 11365
Test:  [297/391]  eta: 0:00:39  sploss: 3.7299 (3.9865)  famloss: 1.6201 (1.8114)  manuloss: 1.0148 (1.1784)  acc1: 39.0625 (36.6021)  acc5: 63.6719 (59.3973)  family_acc1: 67.1875 (63.6928)  manu_acc1: 78.1250 (74.8414)  time: 0.3544  data: 0.1766  max mem: 11365
Test:  [298/391]  eta: 0:00:38  sploss: 3.7299 (3.9855)  famloss: 1.5925 (1.8104)  manuloss: 0.9963 (1.1776)  acc1: 39.0625 (36.6064)  acc5: 63.6719 (59.4168)  family_acc1: 67.5781 (63.7189)  manu_acc1: 78.1250 (74.8602)  time: 0.3545  data: 0.1766  max mem: 11365
Test:  [299/391]  eta: 0:00:38  sploss: 3.7265 (3.9844)  famloss: 1.5925 (1.8094)  manuloss: 0.9963 (1.1771)  acc1: 39.0625 (36.6289)  acc5: 63.6719 (59.4271)  family_acc1: 67.5781 (63.7409)  manu_acc1: 78.1250 (74.8737)  time: 0.3042  data: 0.1266  max mem: 11365
Test:  [300/391]  eta: 0:00:37  sploss: 3.7609 (3.9845)  famloss: 1.6201 (1.8090)  manuloss: 1.0003 (1.1765)  acc1: 38.6719 (36.6175)  acc5: 63.2812 (59.4295)  family_acc1: 67.1875 (63.7420)  manu_acc1: 78.1250 (74.8832)  time: 0.3044  data: 0.1266  max mem: 11365
Test:  [301/391]  eta: 0:00:37  sploss: 3.7849 (3.9843)  famloss: 1.5925 (1.8080)  manuloss: 0.9963 (1.1758)  acc1: 37.8906 (36.6153)  acc5: 62.5000 (59.4293)  family_acc1: 67.1875 (63.7624)  manu_acc1: 78.1250 (74.8939)  time: 0.3847  data: 0.2067  max mem: 11365
Test:  [302/391]  eta: 0:00:37  sploss: 3.7609 (3.9835)  famloss: 1.5781 (1.8071)  manuloss: 0.9963 (1.1752)  acc1: 37.5000 (36.6143)  acc5: 62.5000 (59.4330)  family_acc1: 67.1875 (63.7737)  manu_acc1: 78.1250 (74.8969)  time: 0.3848  data: 0.2067  max mem: 11365
Test:  [303/391]  eta: 0:00:36  sploss: 3.7609 (3.9830)  famloss: 1.5566 (1.8061)  manuloss: 0.9780 (1.1741)  acc1: 37.8906 (36.6185)  acc5: 62.5000 (59.4431)  family_acc1: 67.5781 (63.8004)  manu_acc1: 78.1250 (74.9190)  time: 0.4211  data: 0.2431  max mem: 11365
Test:  [304/391]  eta: 0:00:36  sploss: 3.7609 (3.9824)  famloss: 1.5566 (1.8053)  manuloss: 0.9626 (1.1732)  acc1: 37.8906 (36.6099)  acc5: 62.5000 (59.4582)  family_acc1: 67.5781 (63.8115)  manu_acc1: 78.5156 (74.9334)  time: 0.4204  data: 0.2431  max mem: 11365
Test:  [305/391]  eta: 0:00:35  sploss: 3.7609 (3.9822)  famloss: 1.5566 (1.8047)  manuloss: 0.9626 (1.1727)  acc1: 37.5000 (36.6102)  acc5: 62.5000 (59.4580)  family_acc1: 67.9688 (63.8276)  manu_acc1: 78.5156 (74.9426)  time: 0.4201  data: 0.2431  max mem: 11365
Test:  [306/391]  eta: 0:00:35  sploss: 3.7609 (3.9817)  famloss: 1.5590 (1.8042)  manuloss: 0.9780 (1.1724)  acc1: 37.5000 (36.6233)  acc5: 62.5000 (59.4666)  family_acc1: 67.5781 (63.8386)  manu_acc1: 78.5156 (74.9542)  time: 0.4203  data: 0.2431  max mem: 11365
Test:  [307/391]  eta: 0:00:34  sploss: 3.7609 (3.9820)  famloss: 1.5590 (1.8038)  manuloss: 0.9780 (1.1719)  acc1: 37.1094 (36.6173)  acc5: 62.5000 (59.4536)  family_acc1: 67.5781 (63.8431)  manu_acc1: 78.5156 (74.9581)  time: 0.4200  data: 0.2431  max mem: 11365
Test:  [308/391]  eta: 0:00:34  sploss: 3.8064 (3.9821)  famloss: 1.5590 (1.8034)  manuloss: 0.9780 (1.1718)  acc1: 36.7188 (36.6100)  acc5: 62.5000 (59.4534)  family_acc1: 67.5781 (63.8526)  manu_acc1: 78.5156 (74.9570)  time: 0.4201  data: 0.2431  max mem: 11365
Test:  [309/391]  eta: 0:00:33  sploss: 3.8411 (3.9819)  famloss: 1.5781 (1.8029)  manuloss: 0.9780 (1.1709)  acc1: 36.3281 (36.6079)  acc5: 62.1094 (59.4582)  family_acc1: 67.1875 (63.8634)  manu_acc1: 78.5156 (74.9698)  time: 0.3412  data: 0.1637  max mem: 11365
Test:  [310/391]  eta: 0:00:33  sploss: 3.8422 (3.9816)  famloss: 1.5925 (1.8026)  manuloss: 0.9963 (1.1710)  acc1: 36.3281 (36.6057)  acc5: 61.7188 (59.4654)  family_acc1: 67.5781 (63.8754)  manu_acc1: 78.5156 (74.9661)  time: 0.3412  data: 0.1637  max mem: 11365
Test:  [311/391]  eta: 0:00:32  sploss: 3.9025 (3.9818)  famloss: 1.5781 (1.8018)  manuloss: 0.9963 (1.1704)  acc1: 35.9375 (36.5948)  acc5: 60.9375 (59.4539)  family_acc1: 67.5781 (63.8860)  manu_acc1: 78.5156 (74.9712)  time: 0.2941  data: 0.1168  max mem: 11365
Test:  [312/391]  eta: 0:00:32  sploss: 3.9030 (3.9821)  famloss: 1.5925 (1.8017)  manuloss: 1.0003 (1.1701)  acc1: 35.9375 (36.5964)  acc5: 60.5469 (59.4411)  family_acc1: 67.1875 (63.8865)  manu_acc1: 78.1250 (74.9763)  time: 0.2945  data: 0.1168  max mem: 11365
Test:  [313/391]  eta: 0:00:32  sploss: 3.9030 (3.9820)  famloss: 1.5925 (1.8012)  manuloss: 0.9780 (1.1693)  acc1: 35.9375 (36.6031)  acc5: 60.9375 (59.4484)  family_acc1: 67.1875 (63.8858)  manu_acc1: 78.5156 (74.9963)  time: 0.3759  data: 0.1981  max mem: 11365
Test:  [314/391]  eta: 0:00:31  sploss: 3.9030 (3.9810)  famloss: 1.5925 (1.8004)  manuloss: 0.9911 (1.1687)  acc1: 35.9375 (36.6195)  acc5: 60.9375 (59.4643)  family_acc1: 67.1875 (63.9013)  manu_acc1: 78.5156 (75.0074)  time: 0.3762  data: 0.1981  max mem: 11365
Test:  [315/391]  eta: 0:00:31  sploss: 3.9025 (3.9804)  famloss: 1.5925 (1.8000)  manuloss: 1.0003 (1.1683)  acc1: 36.3281 (36.6285)  acc5: 60.9375 (59.4714)  family_acc1: 67.1875 (63.9067)  manu_acc1: 78.1250 (75.0124)  time: 0.4089  data: 0.2310  max mem: 11365
Test:  [316/391]  eta: 0:00:31  sploss: 3.9025 (3.9806)  famloss: 1.6090 (1.7999)  manuloss: 1.0032 (1.1678)  acc1: 36.3281 (36.6165)  acc5: 60.9375 (59.4687)  family_acc1: 67.1875 (63.9035)  manu_acc1: 77.7344 (75.0099)  time: 0.4085  data: 0.2310  max mem: 11365
Test:  [317/391]  eta: 0:00:30  sploss: 3.9025 (3.9803)  famloss: 1.6090 (1.7991)  manuloss: 1.0032 (1.1669)  acc1: 36.3281 (36.6156)  acc5: 60.9375 (59.4757)  family_acc1: 67.1875 (63.9163)  manu_acc1: 77.7344 (75.0295)  time: 0.4086  data: 0.2310  max mem: 11365
Test:  [318/391]  eta: 0:00:30  sploss: 3.9030 (3.9800)  famloss: 1.6450 (1.7988)  manuloss: 1.0053 (1.1666)  acc1: 36.3281 (36.6171)  acc5: 60.9375 (59.4803)  family_acc1: 67.1875 (63.9217)  manu_acc1: 77.7344 (75.0380)  time: 0.4084  data: 0.2310  max mem: 11365
Test:  [319/391]  eta: 0:00:29  sploss: 3.9030 (3.9797)  famloss: 1.6599 (1.7987)  manuloss: 1.0053 (1.1664)  acc1: 35.9375 (36.6150)  acc5: 60.5469 (59.4836)  family_acc1: 67.1875 (63.9294)  manu_acc1: 77.7344 (75.0403)  time: 0.4083  data: 0.2310  max mem: 11365
Test:  [320/391]  eta: 0:00:29  sploss: 3.9030 (3.9803)  famloss: 1.6599 (1.7982)  manuloss: 1.0173 (1.1661)  acc1: 35.9375 (36.6019)  acc5: 60.5469 (59.4724)  family_acc1: 67.1875 (63.9311)  manu_acc1: 76.5625 (75.0365)  time: 0.4081  data: 0.2310  max mem: 11365
Test:  [321/391]  eta: 0:00:28  sploss: 3.9025 (3.9797)  famloss: 1.6599 (1.7976)  manuloss: 1.0173 (1.1654)  acc1: 36.3281 (36.6132)  acc5: 60.9375 (59.4854)  family_acc1: 67.1875 (63.9412)  manu_acc1: 76.5625 (75.0449)  time: 0.3280  data: 0.1509  max mem: 11365
Test:  [322/391]  eta: 0:00:28  sploss: 3.9030 (3.9804)  famloss: 1.6663 (1.7975)  manuloss: 1.0188 (1.1652)  acc1: 35.9375 (36.6063)  acc5: 60.9375 (59.4790)  family_acc1: 66.7969 (63.9391)  manu_acc1: 76.5625 (75.0411)  time: 0.3277  data: 0.1509  max mem: 11365
Test:  [323/391]  eta: 0:00:27  sploss: 3.9041 (3.9810)  famloss: 1.6663 (1.7971)  manuloss: 1.0395 (1.1649)  acc1: 35.9375 (36.6030)  acc5: 60.5469 (59.4654)  family_acc1: 66.7969 (63.9528)  manu_acc1: 76.5625 (75.0530)  time: 0.2911  data: 0.1145  max mem: 11365
Test:  [324/391]  eta: 0:00:27  sploss: 3.9106 (3.9810)  famloss: 1.6663 (1.7966)  manuloss: 1.0395 (1.1644)  acc1: 35.9375 (36.5998)  acc5: 59.3750 (59.4531)  family_acc1: 66.4062 (63.9579)  manu_acc1: 76.5625 (75.0637)  time: 0.2914  data: 0.1145  max mem: 11365
Test:  [325/391]  eta: 0:00:27  sploss: 3.9041 (3.9805)  famloss: 1.6695 (1.7963)  manuloss: 1.0462 (1.1644)  acc1: 35.9375 (36.5929)  acc5: 60.5469 (59.4589)  family_acc1: 65.6250 (63.9618)  manu_acc1: 76.5625 (75.0635)  time: 0.3830  data: 0.2044  max mem: 11365
Test:  [326/391]  eta: 0:00:26  sploss: 3.9458 (3.9813)  famloss: 1.6706 (1.7966)  manuloss: 1.0462 (1.1644)  acc1: 35.5469 (36.5790)  acc5: 59.3750 (59.4443)  family_acc1: 65.6250 (63.9514)  manu_acc1: 76.5625 (75.0621)  time: 0.3832  data: 0.2044  max mem: 11365
Test:  [327/391]  eta: 0:00:26  sploss: 3.9458 (3.9812)  famloss: 1.6751 (1.7965)  manuloss: 1.0622 (1.1644)  acc1: 35.5469 (36.5699)  acc5: 59.3750 (59.4441)  family_acc1: 65.6250 (63.9506)  manu_acc1: 76.5625 (75.0607)  time: 0.4078  data: 0.2287  max mem: 11365
Test:  [328/391]  eta: 0:00:26  sploss: 3.9041 (3.9805)  famloss: 1.6750 (1.7961)  manuloss: 1.0462 (1.1640)  acc1: 35.9375 (36.5775)  acc5: 60.5469 (59.4545)  family_acc1: 65.6250 (63.9604)  manu_acc1: 76.5625 (75.0689)  time: 0.4075  data: 0.2287  max mem: 11365
Test:  [329/391]  eta: 0:00:25  sploss: 3.9458 (3.9806)  famloss: 1.6798 (1.7958)  manuloss: 1.0622 (1.1637)  acc1: 35.9375 (36.5838)  acc5: 59.3750 (59.4472)  family_acc1: 65.6250 (63.9643)  manu_acc1: 76.5625 (75.0734)  time: 0.4075  data: 0.2287  max mem: 11365
Test:  [330/391]  eta: 0:00:25  sploss: 3.9458 (3.9805)  famloss: 1.6798 (1.7955)  manuloss: 1.0622 (1.1636)  acc1: 35.5469 (36.5760)  acc5: 58.5938 (59.4434)  family_acc1: 65.2344 (63.9634)  manu_acc1: 76.5625 (75.0708)  time: 0.4075  data: 0.2287  max mem: 11365
Test:  [331/391]  eta: 0:00:24  sploss: 3.9458 (3.9810)  famloss: 1.6818 (1.7958)  manuloss: 1.0654 (1.1638)  acc1: 35.5469 (36.5646)  acc5: 58.5938 (59.4327)  family_acc1: 65.2344 (63.9554)  manu_acc1: 76.5625 (75.0600)  time: 0.4075  data: 0.2287  max mem: 11365
Test:  [332/391]  eta: 0:00:24  sploss: 3.9458 (3.9810)  famloss: 1.6818 (1.7960)  manuloss: 1.0722 (1.1641)  acc1: 35.5469 (36.5674)  acc5: 58.5938 (59.4301)  family_acc1: 65.2344 (63.9370)  manu_acc1: 75.7812 (75.0516)  time: 0.4074  data: 0.2287  max mem: 11365
Test:  [333/391]  eta: 0:00:23  sploss: 3.9545 (3.9813)  famloss: 1.6897 (1.7968)  manuloss: 1.0740 (1.1645)  acc1: 35.5469 (36.5655)  acc5: 58.5938 (59.4300)  family_acc1: 65.2344 (63.9210)  manu_acc1: 75.0000 (75.0386)  time: 0.3259  data: 0.1475  max mem: 11365
Test:  [334/391]  eta: 0:00:23  sploss: 3.9760 (3.9820)  famloss: 1.6969 (1.7973)  manuloss: 1.0801 (1.1645)  acc1: 35.5469 (36.5637)  acc5: 58.5938 (59.4158)  family_acc1: 64.4531 (63.9132)  manu_acc1: 75.0000 (75.0431)  time: 0.3260  data: 0.1475  max mem: 11365
Test:  [335/391]  eta: 0:00:22  sploss: 3.9781 (3.9826)  famloss: 1.7025 (1.7976)  manuloss: 1.0854 (1.1647)  acc1: 35.5469 (36.5560)  acc5: 58.2031 (59.4076)  family_acc1: 64.4531 (63.9160)  manu_acc1: 74.6094 (75.0419)  time: 0.2936  data: 0.1146  max mem: 11365
Test:  [336/391]  eta: 0:00:22  sploss: 3.9760 (3.9823)  famloss: 1.7025 (1.7978)  manuloss: 1.0996 (1.1649)  acc1: 35.5469 (36.5565)  acc5: 58.2031 (59.4098)  family_acc1: 64.8438 (63.9199)  manu_acc1: 74.6094 (75.0371)  time: 0.2951  data: 0.1146  max mem: 11365
Test:  [337/391]  eta: 0:00:22  sploss: 3.9781 (3.9832)  famloss: 1.7453 (1.7983)  manuloss: 1.1121 (1.1652)  acc1: 35.5469 (36.5442)  acc5: 57.4219 (59.3981)  family_acc1: 64.4531 (63.9146)  manu_acc1: 74.6094 (75.0208)  time: 0.3880  data: 0.2063  max mem: 11365
Test:  [338/391]  eta: 0:00:21  sploss: 4.0132 (3.9834)  famloss: 1.7453 (1.7981)  manuloss: 1.1362 (1.1652)  acc1: 35.5469 (36.5436)  acc5: 57.4219 (59.3969)  family_acc1: 64.4531 (63.9162)  manu_acc1: 74.6094 (75.0207)  time: 0.3885  data: 0.2063  max mem: 11365
Test:  [339/391]  eta: 0:00:21  sploss: 4.0415 (3.9837)  famloss: 1.7563 (1.7982)  manuloss: 1.1362 (1.1650)  acc1: 35.1562 (36.5395)  acc5: 57.0312 (59.3876)  family_acc1: 63.6719 (63.9028)  manu_acc1: 74.6094 (75.0310)  time: 0.4086  data: 0.2259  max mem: 11365
Test:  [340/391]  eta: 0:00:21  sploss: 4.0132 (3.9830)  famloss: 1.7563 (1.7980)  manuloss: 1.1610 (1.1652)  acc1: 35.5469 (36.5481)  acc5: 57.4219 (59.3991)  family_acc1: 63.6719 (63.9010)  manu_acc1: 74.6094 (75.0206)  time: 0.4086  data: 0.2259  max mem: 11365
Test:  [341/391]  eta: 0:00:20  sploss: 4.0415 (3.9833)  famloss: 1.7563 (1.7976)  manuloss: 1.1610 (1.1646)  acc1: 35.5469 (36.5451)  acc5: 57.4219 (59.3967)  family_acc1: 63.6719 (63.9117)  manu_acc1: 74.6094 (75.0377)  time: 0.4091  data: 0.2259  max mem: 11365
Test:  [342/391]  eta: 0:00:20  sploss: 4.0415 (3.9836)  famloss: 1.7324 (1.7973)  manuloss: 1.1610 (1.1643)  acc1: 35.5469 (36.5422)  acc5: 57.0312 (59.3841)  family_acc1: 63.6719 (63.9144)  manu_acc1: 74.6094 (75.0456)  time: 0.4090  data: 0.2259  max mem: 11365
Test:  [343/391]  eta: 0:00:19  sploss: 4.0132 (3.9837)  famloss: 1.7324 (1.7970)  manuloss: 1.1610 (1.1638)  acc1: 35.5469 (36.5382)  acc5: 58.2031 (59.3841)  family_acc1: 63.6719 (63.9206)  manu_acc1: 74.6094 (75.0545)  time: 0.4093  data: 0.2259  max mem: 11365
Test:  [344/391]  eta: 0:00:19  sploss: 4.0132 (3.9831)  famloss: 1.7324 (1.7967)  manuloss: 1.1610 (1.1632)  acc1: 35.5469 (36.5466)  acc5: 58.5938 (59.4033)  family_acc1: 63.6719 (63.9289)  manu_acc1: 74.6094 (75.0623)  time: 0.4093  data: 0.2259  max mem: 11365
Test:  [345/391]  eta: 0:00:18  sploss: 4.0132 (3.9830)  famloss: 1.7563 (1.7972)  manuloss: 1.1362 (1.1631)  acc1: 35.5469 (36.5483)  acc5: 58.5938 (59.4055)  family_acc1: 63.6719 (63.9123)  manu_acc1: 74.6094 (75.0587)  time: 0.3181  data: 0.1359  max mem: 11365
Test:  [346/391]  eta: 0:00:18  sploss: 4.0028 (3.9824)  famloss: 1.7324 (1.7967)  manuloss: 1.1281 (1.1624)  acc1: 35.9375 (36.5499)  acc5: 58.5938 (59.4110)  family_acc1: 63.6719 (63.9150)  manu_acc1: 74.6094 (75.0732)  time: 0.3175  data: 0.1359  max mem: 11365
Test:  [347/391]  eta: 0:00:17  sploss: 4.0028 (3.9818)  famloss: 1.7322 (1.7961)  manuloss: 1.1121 (1.1614)  acc1: 35.9375 (36.5549)  acc5: 58.5938 (59.4165)  family_acc1: 64.4531 (63.9256)  manu_acc1: 75.0000 (75.1021)  time: 0.2927  data: 0.1117  max mem: 11365
Test:  [348/391]  eta: 0:00:17  sploss: 4.0132 (3.9823)  famloss: 1.7324 (1.7961)  manuloss: 1.1121 (1.1610)  acc1: 35.9375 (36.5374)  acc5: 58.5938 (59.4030)  family_acc1: 64.4531 (63.9271)  manu_acc1: 75.0000 (75.1108)  time: 0.2929  data: 0.1117  max mem: 11365
Test:  [349/391]  eta: 0:00:17  sploss: 4.0028 (3.9818)  famloss: 1.7324 (1.7954)  manuloss: 1.1121 (1.1602)  acc1: 35.9375 (36.5424)  acc5: 58.5938 (59.4096)  family_acc1: 64.4531 (63.9397)  manu_acc1: 75.0000 (75.1328)  time: 0.3962  data: 0.2148  max mem: 11365
Test:  [350/391]  eta: 0:00:16  sploss: 4.0028 (3.9810)  famloss: 1.7474 (1.7952)  manuloss: 1.0996 (1.1598)  acc1: 35.9375 (36.5474)  acc5: 58.9844 (59.4229)  family_acc1: 64.4531 (63.9468)  manu_acc1: 76.5625 (75.1425)  time: 0.3962  data: 0.2148  max mem: 11365
Test:  [351/391]  eta: 0:00:16  sploss: 4.0028 (3.9814)  famloss: 1.7391 (1.7951)  manuloss: 1.0417 (1.1593)  acc1: 35.9375 (36.5323)  acc5: 59.3750 (59.4238)  family_acc1: 64.4531 (63.9449)  manu_acc1: 77.7344 (75.1620)  time: 0.4155  data: 0.2344  max mem: 11365
Test:  [352/391]  eta: 0:00:16  sploss: 4.0028 (3.9811)  famloss: 1.7324 (1.7948)  manuloss: 1.0347 (1.1587)  acc1: 35.9375 (36.5262)  acc5: 59.3750 (59.4359)  family_acc1: 64.4531 (63.9452)  manu_acc1: 77.7344 (75.1771)  time: 0.4156  data: 0.2344  max mem: 11365
Test:  [353/391]  eta: 0:00:15  sploss: 4.0028 (3.9812)  famloss: 1.7322 (1.7944)  manuloss: 1.0187 (1.1583)  acc1: 35.5469 (36.5201)  acc5: 59.3750 (59.4258)  family_acc1: 64.8438 (63.9488)  manu_acc1: 78.1250 (75.1920)  time: 0.4155  data: 0.2344  max mem: 11365
Test:  [354/391]  eta: 0:00:15  sploss: 4.0028 (3.9818)  famloss: 1.7322 (1.7947)  manuloss: 1.0187 (1.1581)  acc1: 35.5469 (36.5020)  acc5: 59.3750 (59.4256)  family_acc1: 64.8438 (63.9426)  manu_acc1: 78.1250 (75.2025)  time: 0.4153  data: 0.2343  max mem: 11365
Test:  [355/391]  eta: 0:00:14  sploss: 3.9742 (3.9816)  famloss: 1.7322 (1.7946)  manuloss: 1.0130 (1.1576)  acc1: 35.5469 (36.5026)  acc5: 59.3750 (59.4222)  family_acc1: 64.4531 (63.9440)  manu_acc1: 78.5156 (75.2227)  time: 0.4147  data: 0.2343  max mem: 11365
Test:  [356/391]  eta: 0:00:14  sploss: 3.9742 (3.9815)  famloss: 1.7235 (1.7942)  manuloss: 0.9859 (1.1571)  acc1: 35.5469 (36.5043)  acc5: 59.3750 (59.4221)  family_acc1: 64.4531 (63.9542)  manu_acc1: 78.5156 (75.2385)  time: 0.4135  data: 0.2343  max mem: 11365
Test:  [357/391]  eta: 0:00:13  sploss: 3.9364 (3.9806)  famloss: 1.7074 (1.7937)  manuloss: 0.9808 (1.1565)  acc1: 36.3281 (36.5114)  acc5: 59.3750 (59.4274)  family_acc1: 64.4531 (63.9556)  manu_acc1: 78.9062 (75.2510)  time: 0.3204  data: 0.1427  max mem: 11365
Test:  [358/391]  eta: 0:00:13  sploss: 3.9364 (3.9805)  famloss: 1.7074 (1.7935)  manuloss: 0.9808 (1.1561)  acc1: 35.5469 (36.5055)  acc5: 59.3750 (59.4261)  family_acc1: 64.8438 (63.9613)  manu_acc1: 79.6875 (75.2644)  time: 0.3200  data: 0.1427  max mem: 11365
Test:  [359/391]  eta: 0:00:13  sploss: 3.9172 (3.9801)  famloss: 1.6964 (1.7928)  manuloss: 0.9755 (1.1555)  acc1: 36.7188 (36.5082)  acc5: 59.7656 (59.4379)  family_acc1: 64.8438 (63.9692)  manu_acc1: 80.0781 (75.2778)  time: 0.2995  data: 0.1230  max mem: 11365
Test:  [360/391]  eta: 0:00:12  sploss: 3.9364 (3.9801)  famloss: 1.6837 (1.7925)  manuloss: 0.9755 (1.1551)  acc1: 36.7188 (36.5153)  acc5: 59.7656 (59.4399)  family_acc1: 65.2344 (63.9868)  manu_acc1: 80.0781 (75.2911)  time: 0.2991  data: 0.1230  max mem: 11365
Test:  [361/391]  eta: 0:00:12  sploss: 3.9172 (3.9793)  famloss: 1.6837 (1.7915)  manuloss: 0.9755 (1.1544)  acc1: 36.7188 (36.5148)  acc5: 60.1562 (59.4516)  family_acc1: 65.2344 (64.0118)  manu_acc1: 80.0781 (75.3108)  time: 0.3942  data: 0.2179  max mem: 11365
Test:  [362/391]  eta: 0:00:11  sploss: 3.8691 (3.9786)  famloss: 1.6771 (1.7909)  manuloss: 0.9754 (1.1537)  acc1: 37.1094 (36.5261)  acc5: 60.1562 (59.4686)  family_acc1: 66.0156 (64.0259)  manu_acc1: 80.0781 (75.3304)  time: 0.3939  data: 0.2179  max mem: 11365
Test:  [363/391]  eta: 0:00:11  sploss: 3.8691 (3.9788)  famloss: 1.6837 (1.7911)  manuloss: 0.9754 (1.1534)  acc1: 37.1094 (36.5267)  acc5: 60.1562 (59.4673)  family_acc1: 65.2344 (64.0239)  manu_acc1: 80.0781 (75.3413)  time: 0.4161  data: 0.2408  max mem: 11365
Test:  [364/391]  eta: 0:00:11  sploss: 3.8691 (3.9783)  famloss: 1.6770 (1.7907)  manuloss: 0.9755 (1.1533)  acc1: 36.7188 (36.5240)  acc5: 60.1562 (59.4745)  family_acc1: 65.2344 (64.0272)  manu_acc1: 80.0781 (75.3414)  time: 0.4162  data: 0.2408  max mem: 11365
Test:  [365/391]  eta: 0:00:10  sploss: 3.8183 (3.9778)  famloss: 1.6618 (1.7899)  manuloss: 0.9754 (1.1525)  acc1: 36.7188 (36.5256)  acc5: 61.3281 (59.4817)  family_acc1: 65.2344 (64.0454)  manu_acc1: 80.0781 (75.3629)  time: 0.4162  data: 0.2408  max mem: 11365
Test:  [366/391]  eta: 0:00:10  sploss: 3.8691 (3.9782)  famloss: 1.6618 (1.7895)  manuloss: 0.9754 (1.1520)  acc1: 36.7188 (36.5197)  acc5: 60.1562 (59.4751)  family_acc1: 66.0156 (64.0593)  manu_acc1: 80.0781 (75.3736)  time: 0.4163  data: 0.2408  max mem: 11365
Test:  [367/391]  eta: 0:00:09  sploss: 3.9172 (3.9781)  famloss: 1.6618 (1.7891)  manuloss: 0.9754 (1.1512)  acc1: 36.3281 (36.5181)  acc5: 60.1562 (59.4780)  family_acc1: 66.0156 (64.0752)  manu_acc1: 80.0781 (75.3949)  time: 0.4161  data: 0.2408  max mem: 11365
Test:  [368/391]  eta: 0:00:09  sploss: 3.9172 (3.9780)  famloss: 1.6536 (1.7887)  manuloss: 0.9754 (1.1508)  acc1: 36.3281 (36.5155)  acc5: 60.1562 (59.4756)  family_acc1: 66.4062 (64.0879)  manu_acc1: 80.0781 (75.4054)  time: 0.4152  data: 0.2408  max mem: 11365
Test:  [369/391]  eta: 0:00:08  sploss: 3.9172 (3.9773)  famloss: 1.6536 (1.7879)  manuloss: 0.9754 (1.1498)  acc1: 36.3281 (36.5160)  acc5: 60.1562 (59.4827)  family_acc1: 66.4062 (64.0995)  manu_acc1: 80.0781 (75.4297)  time: 0.3116  data: 0.1376  max mem: 11365
Test:  [370/391]  eta: 0:00:08  sploss: 3.9364 (3.9774)  famloss: 1.6536 (1.7879)  manuloss: 0.9754 (1.1498)  acc1: 35.9375 (36.5145)  acc5: 59.7656 (59.4761)  family_acc1: 66.0156 (64.0972)  manu_acc1: 80.0781 (75.4327)  time: 0.3110  data: 0.1376  max mem: 11365
Test:  [371/391]  eta: 0:00:08  sploss: 3.9172 (3.9769)  famloss: 1.6536 (1.7877)  manuloss: 0.9755 (1.1496)  acc1: 36.3281 (36.5161)  acc5: 60.1562 (59.4905)  family_acc1: 66.0156 (64.0993)  manu_acc1: 80.0781 (75.4379)  time: 0.2917  data: 0.1180  max mem: 11365
Test:  [372/391]  eta: 0:00:07  sploss: 3.9337 (3.9768)  famloss: 1.6536 (1.7876)  manuloss: 0.9808 (1.1492)  acc1: 36.7188 (36.5166)  acc5: 59.3750 (59.4902)  family_acc1: 66.7969 (64.1086)  manu_acc1: 80.0781 (75.4482)  time: 0.2918  data: 0.1180  max mem: 11365
Test:  [373/391]  eta: 0:00:07  sploss: 3.9337 (3.9770)  famloss: 1.6536 (1.7868)  manuloss: 0.9755 (1.1482)  acc1: 36.7188 (36.5046)  acc5: 59.3750 (59.4899)  family_acc1: 67.5781 (64.1179)  manu_acc1: 80.0781 (75.4669)  time: 0.3898  data: 0.2138  max mem: 11365
Test:  [374/391]  eta: 0:00:06  sploss: 3.9296 (3.9768)  famloss: 1.6536 (1.7868)  manuloss: 0.9755 (1.1482)  acc1: 36.7188 (36.5052)  acc5: 59.3750 (59.4885)  family_acc1: 67.5781 (64.1219)  manu_acc1: 80.0781 (75.4708)  time: 0.3916  data: 0.2137  max mem: 11365
Test:  [375/391]  eta: 0:00:06  sploss: 3.9172 (3.9760)  famloss: 1.6536 (1.7868)  manuloss: 0.9808 (1.1478)  acc1: 36.7188 (36.5130)  acc5: 60.1562 (59.5038)  family_acc1: 67.5781 (64.1103)  manu_acc1: 79.6875 (75.4758)  time: 0.4121  data: 0.2335  max mem: 11365
Test:  [376/391]  eta: 0:00:06  sploss: 3.8183 (3.9753)  famloss: 1.6467 (1.7860)  manuloss: 0.9658 (1.1469)  acc1: 36.7188 (36.5240)  acc5: 60.5469 (59.5170)  family_acc1: 67.5781 (64.1267)  manu_acc1: 79.6875 (75.5005)  time: 0.4125  data: 0.2335  max mem: 11365
Test:  [377/391]  eta: 0:00:05  sploss: 3.8410 (3.9750)  famloss: 1.6467 (1.7857)  manuloss: 0.9658 (1.1461)  acc1: 36.7188 (36.5224)  acc5: 60.1562 (59.5166)  family_acc1: 67.5781 (64.1286)  manu_acc1: 80.0781 (75.5208)  time: 0.4129  data: 0.2334  max mem: 11365
Test:  [378/391]  eta: 0:00:05  sploss: 3.8183 (3.9743)  famloss: 1.6465 (1.7850)  manuloss: 0.9509 (1.1452)  acc1: 36.7188 (36.5167)  acc5: 60.5469 (59.5286)  family_acc1: 67.5781 (64.1336)  manu_acc1: 80.0781 (75.5421)  time: 0.4125  data: 0.2334  max mem: 11365
Test:  [379/391]  eta: 0:00:04  sploss: 3.8410 (3.9742)  famloss: 1.6467 (1.7850)  manuloss: 0.9658 (1.1448)  acc1: 36.7188 (36.5204)  acc5: 60.5469 (59.5374)  family_acc1: 67.5781 (64.1355)  manu_acc1: 79.2969 (75.5510)  time: 0.4127  data: 0.2334  max mem: 11365
Test:  [380/391]  eta: 0:00:04  sploss: 3.8161 (3.9732)  famloss: 1.6465 (1.7845)  manuloss: 0.9188 (1.1441)  acc1: 36.7188 (36.5270)  acc5: 62.1094 (59.5493)  family_acc1: 66.7969 (64.1425)  manu_acc1: 79.2969 (75.5639)  time: 0.4122  data: 0.2334  max mem: 11365
Test:  [381/391]  eta: 0:00:04  sploss: 3.8410 (3.9730)  famloss: 1.6467 (1.7843)  manuloss: 0.9658 (1.1440)  acc1: 36.7188 (36.5204)  acc5: 62.1094 (59.5560)  family_acc1: 66.7969 (64.1504)  manu_acc1: 79.2969 (75.5706)  time: 0.3164  data: 0.1385  max mem: 11365
Test:  [382/391]  eta: 0:00:03  sploss: 3.8722 (3.9728)  famloss: 1.6499 (1.7839)  manuloss: 0.9658 (1.1433)  acc1: 35.9375 (36.5137)  acc5: 60.5469 (59.5586)  family_acc1: 66.7969 (64.1584)  manu_acc1: 79.2969 (75.5905)  time: 0.3161  data: 0.1385  max mem: 11365
Test:  [383/391]  eta: 0:00:03  sploss: 3.8722 (3.9726)  famloss: 1.6499 (1.7836)  manuloss: 0.9612 (1.1429)  acc1: 35.9375 (36.5143)  acc5: 60.5469 (59.5540)  family_acc1: 67.1875 (64.1734)  manu_acc1: 79.2969 (75.6012)  time: 0.2932  data: 0.1157  max mem: 11365
Test:  [384/391]  eta: 0:00:02  sploss: 3.8888 (3.9724)  famloss: 1.6467 (1.7831)  manuloss: 0.8892 (1.1419)  acc1: 36.7188 (36.5158)  acc5: 60.5469 (59.5566)  family_acc1: 67.1875 (64.1873)  manu_acc1: 79.6875 (75.6250)  time: 0.2922  data: 0.1157  max mem: 11365
Test:  [385/391]  eta: 0:00:02  sploss: 3.9053 (3.9724)  famloss: 1.6499 (1.7829)  manuloss: 0.9612 (1.1415)  acc1: 35.9375 (36.5133)  acc5: 60.5469 (59.5602)  family_acc1: 67.1875 (64.1941)  manu_acc1: 79.6875 (75.6406)  time: 0.3914  data: 0.2146  max mem: 11365
Test:  [386/391]  eta: 0:00:02  sploss: 3.8888 (3.9721)  famloss: 1.6499 (1.7825)  manuloss: 0.8892 (1.1406)  acc1: 36.7188 (36.5149)  acc5: 60.5469 (59.5658)  family_acc1: 66.7969 (64.1957)  manu_acc1: 80.4688 (75.6652)  time: 0.3908  data: 0.2146  max mem: 11365
Test:  [387/391]  eta: 0:00:01  sploss: 3.8722 (3.9717)  famloss: 1.6500 (1.7825)  manuloss: 0.9612 (1.1404)  acc1: 36.7188 (36.5295)  acc5: 60.9375 (59.5733)  family_acc1: 66.7969 (64.1894)  manu_acc1: 79.6875 (75.6715)  time: 0.4026  data: 0.2266  max mem: 11365
Test:  [388/391]  eta: 0:00:01  sploss: 3.8602 (3.9714)  famloss: 1.6500 (1.7820)  manuloss: 0.8924 (1.1397)  acc1: 36.7188 (36.5380)  acc5: 61.7188 (59.5859)  family_acc1: 66.7969 (64.2031)  manu_acc1: 80.4688 (75.6869)  time: 0.4025  data: 0.2265  max mem: 11365
Test:  [389/391]  eta: 0:00:00  sploss: 3.8722 (3.9713)  famloss: 1.6587 (1.7817)  manuloss: 0.9612 (1.1395)  acc1: 36.7188 (36.5355)  acc5: 60.9375 (59.5853)  family_acc1: 66.7969 (64.2127)  manu_acc1: 79.6875 (75.6971)  time: 0.4021  data: 0.2265  max mem: 11365
Test:  [390/391]  eta: 0:00:00  sploss: 3.8722 (3.9715)  famloss: 1.6587 (1.7815)  manuloss: 0.8924 (1.1388)  acc1: 36.7188 (36.5330)  acc5: 60.9375 (59.5840)  family_acc1: 66.7969 (64.2170)  manu_acc1: 80.4688 (75.7100)  time: 0.3991  data: 0.2265  max mem: 11365
Test: Total time: 0:02:39 (0.4073 s / it)
* Acc@1 36.533 Acc@5 59.584 family@1 64.217 manu@1 75.710 sploss 3.971 fmloss 1.781 mfloss 1.139
FPA: 29.482% | TICE: 41.939% 
