Namespace(batch_size=256, epochs=100, bce_loss=False, unscale_lr=False, few_shot=2, model='cast_small', input_size=224, drop=0.0, drop_path=0.1, model_ema=True, model_ema_decay=0.99996, model_ema_force_cpu=False, num_superpixels=196, opt='adamw', opt_eps=1e-08, opt_betas=None, clip_grad=None, momentum=0.9, weight_decay=0.05, sched='cosine', lr=0.0005, lr_noise=None, lr_noise_pct=0.67, lr_noise_std=1.0, warmup_lr=1e-06, min_lr=1e-05, decay_epochs=30, warmup_epochs=5, cooldown_epochs=10, patience_epochs=10, decay_rate=0.1, color_jitter=0.3, aa='rand-m9-mstd0.5-inc1', smoothing=0.1, train_interpolation='bicubic', repeated_aug=True, train_mode=True, ThreeAugment=False, src=False, reprob=0.25, remode='pixel', recount=1, resplit=False, mixup=0.8, cutmix=1.0, cutmix_minmax=None, mixup_prob=1.0, mixup_switch_prob=0.5, mixup_mode='batch', teacher_model='regnety_160', teacher_path='', distillation_type='none', distillation_alpha=0.5, distillation_tau=1.0, cosub=False, finetune='best_checkpoint.pth', attn_only=False, data_path='../dataset/', data_set='INAT21-MINI-HIER-SUPERPIXEL', path_yn=False, inat_category='name', output_dir='./output/few_shot/two/0.5base0.5ot', device='cuda', seed=0, resume='', start_epoch=0, eval=False, eval_crop_ratio=0.875, dist_eval=False, num_workers=12, pin_mem=True, distributed=True, world_size=1, dist_url='env://', globalkl=False, ot_loss=True, learnable_ot=False, ot_weight=0.5, base_weight=1, globalbce=False, gk_weight=1, filename='results.csv', breeds_sort='entity13', random_seed=1, local_rank=-1, tree_path='./data/inat21_3tree.json', label_weight=[1, 2, 3])
| distributed init (rank 0): env://
seed 0
args.nb_classes [10000, 1103, 273]
Creating model: cast_small
dict_keys(['model', 'optimizer', 'lr_scheduler', 'epoch', 'model_ema', 'scaler', 'args'])
Removing key head.weight from pretrained checkpoint
Removing key head.bias from pretrained checkpoint
number of params: 30556704
Start training for 100 epochs
Do not use KL loss
Epoch: [0]  [ 0/78]  eta: 0:14:41  lr: 0.000001  sp_loss: 9.2809 (9.2809)  fam_loss: 7.1255 (7.1255)  manu_loss: 5.6107 (5.6107)  ot_loss: 4.7852 (4.7852)  base_loss: 22.0171 (22.0171)  time: 11.2970  data: 9.1122  max mem: 10970
Epoch: [0]  [77/78]  eta: 0:00:00  lr: 0.000001  sp_loss: 9.2786 (9.2723)  fam_loss: 7.0624 (7.0755)  manu_loss: 5.5880 (5.6064)  ot_loss: 4.8438 (4.8469)  base_loss: 21.9462 (21.9542)  time: 0.4703  data: 0.2354  max mem: 11377
Epoch: [0] Total time: 0:00:43 (0.5556 s / it)
Averaged stats: lr: 0.000001  sp_loss: 9.2786 (9.2723)  fam_loss: 7.0624 (7.0755)  manu_loss: 5.5880 (5.6064)  ot_loss: 4.8438 (4.8469)  base_loss: 21.9462 (21.9542)
Do not use KL loss
Epoch: [1]  [ 0/78]  eta: 0:08:37  lr: 0.000001  sp_loss: 9.2491 (9.2491)  fam_loss: 7.0869 (7.0869)  manu_loss: 5.5861 (5.5861)  ot_loss: 4.8125 (4.8125)  base_loss: 21.9221 (21.9221)  time: 6.6373  data: 6.3398  max mem: 11377
Epoch: [1]  [77/78]  eta: 0:00:00  lr: 0.000001  sp_loss: 9.2722 (9.2706)  fam_loss: 7.0353 (7.0525)  manu_loss: 5.5156 (5.5348)  ot_loss: 4.8398 (4.8541)  base_loss: 21.8447 (21.8580)  time: 0.4826  data: 0.2513  max mem: 11378
Epoch: [1] Total time: 0:00:42 (0.5458 s / it)
Averaged stats: lr: 0.000001  sp_loss: 9.2722 (9.2706)  fam_loss: 7.0353 (7.0525)  manu_loss: 5.5156 (5.5348)  ot_loss: 4.8398 (4.8541)  base_loss: 21.8447 (21.8580)
Do not use KL loss
Epoch: [2]  [ 0/78]  eta: 0:09:32  lr: 0.000051  sp_loss: 9.3066 (9.3066)  fam_loss: 6.8969 (6.8969)  manu_loss: 5.4627 (5.4627)  ot_loss: 4.8828 (4.8828)  base_loss: 21.6662 (21.6662)  time: 7.3450  data: 7.0463  max mem: 11378
Epoch: [2]  [77/78]  eta: 0:00:00  lr: 0.000051  sp_loss: 9.2742 (9.2716)  fam_loss: 5.9508 (6.3646)  manu_loss: 4.0888 (4.4473)  ot_loss: 4.7383 (4.7915)  base_loss: 19.3283 (20.0835)  time: 0.4467  data: 0.2132  max mem: 11378
Epoch: [2] Total time: 0:00:42 (0.5445 s / it)
Averaged stats: lr: 0.000051  sp_loss: 9.2742 (9.2716)  fam_loss: 5.9508 (6.3646)  manu_loss: 4.0888 (4.4473)  ot_loss: 4.7383 (4.7915)  base_loss: 19.3283 (20.0835)
Do not use KL loss
Epoch: [3]  [ 0/78]  eta: 0:08:53  lr: 0.000101  sp_loss: 9.2708 (9.2708)  fam_loss: 6.1338 (6.1338)  manu_loss: 4.1973 (4.1973)  ot_loss: 4.7227 (4.7227)  base_loss: 19.6019 (19.6019)  time: 6.8336  data: 6.5397  max mem: 11378
Epoch: [3]  [77/78]  eta: 0:00:00  lr: 0.000101  sp_loss: 9.2661 (9.2555)  fam_loss: 5.5535 (5.6958)  manu_loss: 3.6339 (3.7878)  ot_loss: 4.5742 (4.6181)  base_loss: 18.5548 (18.7392)  time: 0.4534  data: 0.2171  max mem: 11378
Epoch: [3] Total time: 0:00:41 (0.5371 s / it)
Averaged stats: lr: 0.000101  sp_loss: 9.2661 (9.2555)  fam_loss: 5.5535 (5.6958)  manu_loss: 3.6339 (3.7878)  ot_loss: 4.5742 (4.6181)  base_loss: 18.5548 (18.7392)
Do not use KL loss
Epoch: [4]  [ 0/78]  eta: 0:08:01  lr: 0.000150  sp_loss: 9.2077 (9.2077)  fam_loss: 5.8639 (5.8639)  manu_loss: 3.9079 (3.9079)  ot_loss: 4.5508 (4.5508)  base_loss: 18.9795 (18.9795)  time: 6.1708  data: 5.9072  max mem: 11378
Epoch: [4]  [77/78]  eta: 0:00:00  lr: 0.000150  sp_loss: 9.2204 (9.2343)  fam_loss: 5.3490 (5.4430)  manu_loss: 3.5756 (3.6127)  ot_loss: 4.4297 (4.4840)  base_loss: 18.1409 (18.2901)  time: 0.4552  data: 0.2271  max mem: 11378
Epoch: [4] Total time: 0:00:40 (0.5163 s / it)
Averaged stats: lr: 0.000150  sp_loss: 9.2204 (9.2343)  fam_loss: 5.3490 (5.4430)  manu_loss: 3.5756 (3.6127)  ot_loss: 4.4297 (4.4840)  base_loss: 18.1409 (18.2901)
Do not use KL loss
Epoch: [5]  [ 0/78]  eta: 0:09:20  lr: 0.000200  sp_loss: 9.2139 (9.2139)  fam_loss: 5.6183 (5.6183)  manu_loss: 3.8749 (3.8749)  ot_loss: 4.4531 (4.4531)  base_loss: 18.7071 (18.7071)  time: 7.1857  data: 6.9027  max mem: 11378
Epoch: [5]  [77/78]  eta: 0:00:00  lr: 0.000200  sp_loss: 9.1804 (9.1988)  fam_loss: 5.0336 (5.2766)  manu_loss: 3.3466 (3.5366)  ot_loss: 4.3008 (4.3619)  base_loss: 17.5874 (18.0119)  time: 0.4241  data: 0.1885  max mem: 11378
Epoch: [5] Total time: 0:00:40 (0.5235 s / it)
Averaged stats: lr: 0.000200  sp_loss: 9.1804 (9.1988)  fam_loss: 5.0336 (5.2766)  manu_loss: 3.3466 (3.5366)  ot_loss: 4.3008 (4.3619)  base_loss: 17.5874 (18.0119)
Do not use KL loss
Epoch: [6]  [ 0/78]  eta: 0:09:10  lr: 0.000249  sp_loss: 9.1579 (9.1579)  fam_loss: 4.5423 (4.5423)  manu_loss: 2.7358 (2.7358)  ot_loss: 4.2383 (4.2383)  base_loss: 16.4360 (16.4360)  time: 7.0601  data: 6.7726  max mem: 11378
Epoch: [6]  [77/78]  eta: 0:00:00  lr: 0.000249  sp_loss: 9.1011 (9.1185)  fam_loss: 5.0771 (5.1052)  manu_loss: 3.3991 (3.4610)  ot_loss: 4.1797 (4.2225)  base_loss: 17.7749 (17.6848)  time: 0.4042  data: 0.1727  max mem: 11378
Epoch: [6] Total time: 0:00:40 (0.5221 s / it)
Averaged stats: lr: 0.000249  sp_loss: 9.1011 (9.1185)  fam_loss: 5.0771 (5.1052)  manu_loss: 3.3991 (3.4610)  ot_loss: 4.1797 (4.2225)  base_loss: 17.7749 (17.6848)
Do not use KL loss
Epoch: [7]  [ 0/78]  eta: 0:08:35  lr: 0.000248  sp_loss: 8.9491 (8.9491)  fam_loss: 5.7122 (5.7122)  manu_loss: 3.8789 (3.8789)  ot_loss: 4.2188 (4.2188)  base_loss: 18.5402 (18.5402)  time: 6.6133  data: 6.3146  max mem: 11378
Epoch: [7]  [77/78]  eta: 0:00:00  lr: 0.000248  sp_loss: 8.9592 (8.9729)  fam_loss: 4.9941 (5.0597)  manu_loss: 3.4070 (3.4747)  ot_loss: 4.1211 (4.1409)  base_loss: 17.4337 (17.5073)  time: 0.4173  data: 0.1862  max mem: 11378
Epoch: [7] Total time: 0:00:40 (0.5136 s / it)
Averaged stats: lr: 0.000248  sp_loss: 8.9592 (8.9729)  fam_loss: 4.9941 (5.0597)  manu_loss: 3.4070 (3.4747)  ot_loss: 4.1211 (4.1409)  base_loss: 17.4337 (17.5073)
Do not use KL loss
Epoch: [8]  [ 0/78]  eta: 0:08:01  lr: 0.000247  sp_loss: 8.8792 (8.8792)  fam_loss: 4.8825 (4.8825)  manu_loss: 3.5724 (3.5724)  ot_loss: 4.0781 (4.0781)  base_loss: 17.3341 (17.3341)  time: 6.1793  data: 5.8805  max mem: 11378
Epoch: [8]  [77/78]  eta: 0:00:00  lr: 0.000247  sp_loss: 8.6664 (8.7236)  fam_loss: 4.6374 (4.8516)  manu_loss: 3.1955 (3.3424)  ot_loss: 4.0078 (4.0456)  base_loss: 16.4776 (16.9176)  time: 0.4384  data: 0.2082  max mem: 11378
Epoch: [8] Total time: 0:00:41 (0.5261 s / it)
Averaged stats: lr: 0.000247  sp_loss: 8.6664 (8.7236)  fam_loss: 4.6374 (4.8516)  manu_loss: 3.1955 (3.3424)  ot_loss: 4.0078 (4.0456)  base_loss: 16.4776 (16.9176)
Do not use KL loss
Epoch: [9]  [ 0/78]  eta: 0:09:30  lr: 0.000246  sp_loss: 8.6395 (8.6395)  fam_loss: 4.9329 (4.9329)  manu_loss: 3.5175 (3.5175)  ot_loss: 4.1445 (4.1445)  base_loss: 17.0899 (17.0899)  time: 7.3170  data: 7.0247  max mem: 11378
Epoch: [9]  [77/78]  eta: 0:00:00  lr: 0.000246  sp_loss: 8.5451 (8.4945)  fam_loss: 5.0311 (4.8129)  manu_loss: 3.4666 (3.3265)  ot_loss: 4.0195 (4.0188)  base_loss: 17.1427 (16.6340)  time: 0.4261  data: 0.1963  max mem: 11378
Epoch: [9] Total time: 0:00:41 (0.5269 s / it)
Averaged stats: lr: 0.000246  sp_loss: 8.5451 (8.4945)  fam_loss: 5.0311 (4.8129)  manu_loss: 3.4666 (3.3265)  ot_loss: 4.0195 (4.0188)  base_loss: 17.1427 (16.6340)
Do not use KL loss
Epoch: [10]  [ 0/78]  eta: 0:09:39  lr: 0.000245  sp_loss: 8.3291 (8.3291)  fam_loss: 4.9316 (4.9316)  manu_loss: 3.4418 (3.4418)  ot_loss: 4.0234 (4.0234)  base_loss: 16.7025 (16.7025)  time: 7.4298  data: 7.1474  max mem: 11378
Epoch: [10]  [77/78]  eta: 0:00:00  lr: 0.000245  sp_loss: 8.1505 (8.1703)  fam_loss: 4.7039 (4.6318)  manu_loss: 3.1754 (3.1946)  ot_loss: 3.9629 (3.9678)  base_loss: 16.1198 (15.9968)  time: 0.3974  data: 0.1620  max mem: 11378
Epoch: [10] Total time: 0:00:41 (0.5333 s / it)
Averaged stats: lr: 0.000245  sp_loss: 8.1505 (8.1703)  fam_loss: 4.7039 (4.6318)  manu_loss: 3.1754 (3.1946)  ot_loss: 3.9629 (3.9678)  base_loss: 16.1198 (15.9968)
Do not use KL loss
Epoch: [11]  [ 0/78]  eta: 0:08:04  lr: 0.000244  sp_loss: 8.0917 (8.0917)  fam_loss: 4.8068 (4.8068)  manu_loss: 3.4137 (3.4137)  ot_loss: 4.0156 (4.0156)  base_loss: 16.3123 (16.3123)  time: 6.2165  data: 5.9468  max mem: 11378
Epoch: [11]  [77/78]  eta: 0:00:00  lr: 0.000244  sp_loss: 7.9914 (7.9594)  fam_loss: 4.7608 (4.6057)  manu_loss: 3.3233 (3.2018)  ot_loss: 3.8965 (3.9258)  base_loss: 16.0809 (15.7669)  time: 0.4435  data: 0.2091  max mem: 11379
Epoch: [11] Total time: 0:00:42 (0.5399 s / it)
Averaged stats: lr: 0.000244  sp_loss: 7.9914 (7.9594)  fam_loss: 4.7608 (4.6057)  manu_loss: 3.3233 (3.2018)  ot_loss: 3.8965 (3.9258)  base_loss: 16.0809 (15.7669)
Do not use KL loss
Epoch: [12]  [ 0/78]  eta: 0:07:45  lr: 0.000243  sp_loss: 8.2189 (8.2189)  fam_loss: 5.0395 (5.0395)  manu_loss: 3.4948 (3.4948)  ot_loss: 4.0000 (4.0000)  base_loss: 16.7533 (16.7533)  time: 5.9691  data: 5.6978  max mem: 11379
Epoch: [12]  [77/78]  eta: 0:00:00  lr: 0.000243  sp_loss: 7.7971 (7.7161)  fam_loss: 4.6491 (4.5402)  manu_loss: 3.2544 (3.1884)  ot_loss: 3.9004 (3.8949)  base_loss: 15.7969 (15.4447)  time: 0.4255  data: 0.1983  max mem: 11379
Epoch: [12] Total time: 0:00:35 (0.4614 s / it)
Averaged stats: lr: 0.000243  sp_loss: 7.7971 (7.7161)  fam_loss: 4.6491 (4.5402)  manu_loss: 3.2544 (3.1884)  ot_loss: 3.9004 (3.8949)  base_loss: 15.7969 (15.4447)
Do not use KL loss
Epoch: [13]  [ 0/78]  eta: 0:07:21  lr: 0.000242  sp_loss: 7.8059 (7.8059)  fam_loss: 4.6729 (4.6729)  manu_loss: 3.3111 (3.3111)  ot_loss: 3.9238 (3.9238)  base_loss: 15.7899 (15.7899)  time: 5.6597  data: 5.3822  max mem: 11379
Epoch: [13]  [77/78]  eta: 0:00:00  lr: 0.000242  sp_loss: 7.5251 (7.4151)  fam_loss: 4.5462 (4.4366)  manu_loss: 3.1791 (3.1382)  ot_loss: 3.8535 (3.8652)  base_loss: 15.2028 (14.9899)  time: 0.4188  data: 0.1891  max mem: 11379
Epoch: [13] Total time: 0:00:38 (0.4885 s / it)
Averaged stats: lr: 0.000242  sp_loss: 7.5251 (7.4151)  fam_loss: 4.5462 (4.4366)  manu_loss: 3.1791 (3.1382)  ot_loss: 3.8535 (3.8652)  base_loss: 15.2028 (14.9899)
Do not use KL loss
Epoch: [14]  [ 0/78]  eta: 0:08:39  lr: 0.000240  sp_loss: 7.7425 (7.7425)  fam_loss: 4.3997 (4.3997)  manu_loss: 3.1820 (3.1820)  ot_loss: 3.8047 (3.8047)  base_loss: 15.3243 (15.3243)  time: 6.6617  data: 6.3878  max mem: 11379
Epoch: [14]  [77/78]  eta: 0:00:00  lr: 0.000240  sp_loss: 7.6512 (7.2451)  fam_loss: 4.5598 (4.4324)  manu_loss: 3.1954 (3.1280)  ot_loss: 3.8086 (3.8395)  base_loss: 15.3710 (14.8054)  time: 0.4120  data: 0.1698  max mem: 11379
Epoch: [14] Total time: 0:00:41 (0.5346 s / it)
Averaged stats: lr: 0.000240  sp_loss: 7.6512 (7.2451)  fam_loss: 4.5598 (4.4324)  manu_loss: 3.1954 (3.1280)  ot_loss: 3.8086 (3.8395)  base_loss: 15.3710 (14.8054)
Do not use KL loss
Epoch: [15]  [ 0/78]  eta: 0:09:10  lr: 0.000239  sp_loss: 7.0999 (7.0999)  fam_loss: 4.2981 (4.2981)  manu_loss: 3.1238 (3.1238)  ot_loss: 3.7715 (3.7715)  base_loss: 14.5218 (14.5218)  time: 7.0568  data: 6.7563  max mem: 11379
Epoch: [15]  [77/78]  eta: 0:00:00  lr: 0.000239  sp_loss: 7.2405 (7.0963)  fam_loss: 4.4281 (4.4154)  manu_loss: 3.1854 (3.1315)  ot_loss: 3.8047 (3.8069)  base_loss: 14.6847 (14.6431)  time: 0.4716  data: 0.2327  max mem: 11379
Epoch: [15] Total time: 0:00:41 (0.5374 s / it)
Averaged stats: lr: 0.000239  sp_loss: 7.2405 (7.0963)  fam_loss: 4.4281 (4.4154)  manu_loss: 3.1854 (3.1315)  ot_loss: 3.8047 (3.8069)  base_loss: 14.6847 (14.6431)
Do not use KL loss
Epoch: [16]  [ 0/78]  eta: 0:08:10  lr: 0.000237  sp_loss: 5.5255 (5.5255)  fam_loss: 3.3922 (3.3922)  manu_loss: 2.4860 (2.4860)  ot_loss: 3.6484 (3.6484)  base_loss: 11.4037 (11.4037)  time: 6.2905  data: 6.0046  max mem: 11379
Epoch: [16]  [77/78]  eta: 0:00:00  lr: 0.000237  sp_loss: 6.4771 (6.8297)  fam_loss: 4.0943 (4.3316)  manu_loss: 2.9174 (3.0940)  ot_loss: 3.7266 (3.7664)  base_loss: 13.4017 (14.2553)  time: 0.4441  data: 0.2111  max mem: 11379
Epoch: [16] Total time: 0:00:41 (0.5346 s / it)
Averaged stats: lr: 0.000237  sp_loss: 6.4771 (6.8297)  fam_loss: 4.0943 (4.3316)  manu_loss: 2.9174 (3.0940)  ot_loss: 3.7266 (3.7664)  base_loss: 13.4017 (14.2553)
Do not use KL loss
Epoch: [17]  [ 0/78]  eta: 0:09:20  lr: 0.000235  sp_loss: 5.6440 (5.6440)  fam_loss: 3.7267 (3.7267)  manu_loss: 2.6782 (2.6782)  ot_loss: 3.5508 (3.5508)  base_loss: 12.0489 (12.0489)  time: 7.1807  data: 6.9044  max mem: 11379
Epoch: [17]  [77/78]  eta: 0:00:00  lr: 0.000235  sp_loss: 6.9609 (6.8005)  fam_loss: 4.3838 (4.3558)  manu_loss: 3.1729 (3.0931)  ot_loss: 3.7324 (3.7487)  base_loss: 14.5115 (14.2494)  time: 0.3963  data: 0.1674  max mem: 11379
Epoch: [17] Total time: 0:00:38 (0.4953 s / it)
Averaged stats: lr: 0.000235  sp_loss: 6.9609 (6.8005)  fam_loss: 4.3838 (4.3558)  manu_loss: 3.1729 (3.0931)  ot_loss: 3.7324 (3.7487)  base_loss: 14.5115 (14.2494)
Do not use KL loss
Epoch: [18]  [ 0/78]  eta: 0:09:19  lr: 0.000233  sp_loss: 6.9921 (6.9921)  fam_loss: 4.5508 (4.5508)  manu_loss: 3.3330 (3.3330)  ot_loss: 3.8125 (3.8125)  base_loss: 14.8760 (14.8760)  time: 7.1748  data: 6.9022  max mem: 11379
Epoch: [18]  [77/78]  eta: 0:00:00  lr: 0.000233  sp_loss: 5.9524 (6.4197)  fam_loss: 3.8945 (4.1770)  manu_loss: 3.0187 (3.0204)  ot_loss: 3.6211 (3.6809)  base_loss: 12.6478 (13.6171)  time: 0.4261  data: 0.1811  max mem: 11379
Epoch: [18] Total time: 0:00:42 (0.5422 s / it)
Averaged stats: lr: 0.000233  sp_loss: 5.9524 (6.4197)  fam_loss: 3.8945 (4.1770)  manu_loss: 3.0187 (3.0204)  ot_loss: 3.6211 (3.6809)  base_loss: 12.6478 (13.6171)
Do not use KL loss
Epoch: [19]  [ 0/78]  eta: 0:07:59  lr: 0.000231  sp_loss: 4.1232 (4.1232)  fam_loss: 2.8841 (2.8841)  manu_loss: 2.1805 (2.1805)  ot_loss: 3.2246 (3.2246)  base_loss: 9.1878 (9.1878)  time: 6.1475  data: 5.8481  max mem: 11379
Epoch: [19]  [77/78]  eta: 0:00:00  lr: 0.000231  sp_loss: 6.2109 (6.2109)  fam_loss: 4.1693 (4.0991)  manu_loss: 2.8803 (2.9429)  ot_loss: 3.5820 (3.6130)  base_loss: 13.1233 (13.2530)  time: 0.4530  data: 0.2190  max mem: 11379
Epoch: [19] Total time: 0:00:41 (0.5334 s / it)
Averaged stats: lr: 0.000231  sp_loss: 6.2109 (6.2109)  fam_loss: 4.1693 (4.0991)  manu_loss: 2.8803 (2.9429)  ot_loss: 3.5820 (3.6130)  base_loss: 13.1233 (13.2530)
Do not use KL loss
Epoch: [20]  [ 0/78]  eta: 0:07:31  lr: 0.000229  sp_loss: 4.6958 (4.6958)  fam_loss: 3.2523 (3.2523)  manu_loss: 2.5097 (2.5097)  ot_loss: 3.4941 (3.4941)  base_loss: 10.4577 (10.4577)  time: 5.7948  data: 5.5151  max mem: 11379
Epoch: [20]  [77/78]  eta: 0:00:00  lr: 0.000229  sp_loss: 6.3225 (6.1729)  fam_loss: 4.2862 (4.1496)  manu_loss: 3.0589 (2.9874)  ot_loss: 3.6094 (3.6044)  base_loss: 13.7308 (13.3098)  time: 0.4289  data: 0.1914  max mem: 11379
Epoch: [20] Total time: 0:00:40 (0.5238 s / it)
Averaged stats: lr: 0.000229  sp_loss: 6.3225 (6.1729)  fam_loss: 4.2862 (4.1496)  manu_loss: 3.0589 (2.9874)  ot_loss: 3.6094 (3.6044)  base_loss: 13.7308 (13.3098)
Do not use KL loss
Epoch: [21]  [ 0/78]  eta: 0:07:55  lr: 0.000227  sp_loss: 4.8100 (4.8100)  fam_loss: 3.4603 (3.4603)  manu_loss: 2.3507 (2.3507)  ot_loss: 3.3398 (3.3398)  base_loss: 10.6209 (10.6209)  time: 6.1018  data: 5.8190  max mem: 11379
Epoch: [21]  [77/78]  eta: 0:00:00  lr: 0.000227  sp_loss: 6.0636 (5.8037)  fam_loss: 4.0872 (3.9571)  manu_loss: 3.0036 (2.8682)  ot_loss: 3.5000 (3.5231)  base_loss: 13.0005 (12.6289)  time: 0.4421  data: 0.2096  max mem: 11379
Epoch: [21] Total time: 0:00:41 (0.5348 s / it)
Averaged stats: lr: 0.000227  sp_loss: 6.0636 (5.8037)  fam_loss: 4.0872 (3.9571)  manu_loss: 3.0036 (2.8682)  ot_loss: 3.5000 (3.5231)  base_loss: 13.0005 (12.6289)
Do not use KL loss
Epoch: [22]  [ 0/78]  eta: 0:09:28  lr: 0.000225  sp_loss: 6.5399 (6.5399)  fam_loss: 4.4734 (4.4734)  manu_loss: 3.3073 (3.3073)  ot_loss: 3.7070 (3.7070)  base_loss: 14.3206 (14.3206)  time: 7.2924  data: 7.0271  max mem: 11379
Epoch: [22]  [77/78]  eta: 0:00:00  lr: 0.000225  sp_loss: 6.2204 (5.8412)  fam_loss: 4.3008 (4.0241)  manu_loss: 3.0403 (2.9206)  ot_loss: 3.5898 (3.5151)  base_loss: 13.7492 (12.7858)  time: 0.4220  data: 0.1915  max mem: 11379
Epoch: [22] Total time: 0:00:42 (0.5394 s / it)
Averaged stats: lr: 0.000225  sp_loss: 6.2204 (5.8412)  fam_loss: 4.3008 (4.0241)  manu_loss: 3.0403 (2.9206)  ot_loss: 3.5898 (3.5151)  base_loss: 13.7492 (12.7858)
Do not use KL loss
Epoch: [23]  [ 0/78]  eta: 0:09:22  lr: 0.000222  sp_loss: 6.3809 (6.3809)  fam_loss: 4.6032 (4.6032)  manu_loss: 3.3834 (3.3834)  ot_loss: 3.5918 (3.5918)  base_loss: 14.3675 (14.3675)  time: 7.2103  data: 6.9228  max mem: 11379
Epoch: [23]  [77/78]  eta: 0:00:00  lr: 0.000222  sp_loss: 5.9164 (5.6359)  fam_loss: 3.9395 (3.9148)  manu_loss: 2.9082 (2.8518)  ot_loss: 3.4883 (3.4633)  base_loss: 12.7612 (12.4024)  time: 0.4387  data: 0.2036  max mem: 11379
Epoch: [23] Total time: 0:00:42 (0.5387 s / it)
Averaged stats: lr: 0.000222  sp_loss: 5.9164 (5.6359)  fam_loss: 3.9395 (3.9148)  manu_loss: 2.9082 (2.8518)  ot_loss: 3.4883 (3.4633)  base_loss: 12.7612 (12.4024)
Do not use KL loss
Epoch: [24]  [ 0/78]  eta: 0:08:16  lr: 0.000220  sp_loss: 6.6092 (6.6092)  fam_loss: 4.7799 (4.7799)  manu_loss: 3.4764 (3.4764)  ot_loss: 3.6836 (3.6836)  base_loss: 14.8655 (14.8655)  time: 6.3652  data: 6.0888  max mem: 11379
Epoch: [24]  [77/78]  eta: 0:00:00  lr: 0.000220  sp_loss: 5.3702 (5.4248)  fam_loss: 3.8261 (3.8222)  manu_loss: 2.7761 (2.7961)  ot_loss: 3.3398 (3.3854)  base_loss: 11.9825 (12.0431)  time: 0.4182  data: 0.1817  max mem: 11379
Epoch: [24] Total time: 0:00:41 (0.5288 s / it)
Averaged stats: lr: 0.000220  sp_loss: 5.3702 (5.4248)  fam_loss: 3.8261 (3.8222)  manu_loss: 2.7761 (2.7961)  ot_loss: 3.3398 (3.3854)  base_loss: 11.9825 (12.0431)
Do not use KL loss
Epoch: [25]  [ 0/78]  eta: 0:08:39  lr: 0.000217  sp_loss: 5.2647 (5.2647)  fam_loss: 3.7141 (3.7141)  manu_loss: 2.8228 (2.8228)  ot_loss: 3.2363 (3.2363)  base_loss: 11.8016 (11.8016)  time: 6.6569  data: 6.4032  max mem: 11379
Epoch: [25]  [77/78]  eta: 0:00:00  lr: 0.000217  sp_loss: 5.6171 (5.4444)  fam_loss: 4.0127 (3.8558)  manu_loss: 2.8857 (2.8143)  ot_loss: 3.4316 (3.3980)  base_loss: 12.5373 (12.1145)  time: 0.4446  data: 0.2108  max mem: 11379
Epoch: [25] Total time: 0:00:40 (0.5169 s / it)
Averaged stats: lr: 0.000217  sp_loss: 5.6171 (5.4444)  fam_loss: 4.0127 (3.8558)  manu_loss: 2.8857 (2.8143)  ot_loss: 3.4316 (3.3980)  base_loss: 12.5373 (12.1145)
Do not use KL loss
Epoch: [26]  [ 0/78]  eta: 0:08:06  lr: 0.000215  sp_loss: 5.7413 (5.7413)  fam_loss: 4.1347 (4.1347)  manu_loss: 3.0375 (3.0375)  ot_loss: 3.4121 (3.4121)  base_loss: 12.9134 (12.9134)  time: 6.2330  data: 5.9577  max mem: 11379
Epoch: [26]  [77/78]  eta: 0:00:00  lr: 0.000215  sp_loss: 5.9752 (5.4410)  fam_loss: 4.1570 (3.8885)  manu_loss: 2.9312 (2.8439)  ot_loss: 3.5488 (3.3777)  base_loss: 13.4957 (12.1734)  time: 0.4070  data: 0.1762  max mem: 11379
Epoch: [26] Total time: 0:00:39 (0.5127 s / it)
Averaged stats: lr: 0.000215  sp_loss: 5.9752 (5.4410)  fam_loss: 4.1570 (3.8885)  manu_loss: 2.9312 (2.8439)  ot_loss: 3.5488 (3.3777)  base_loss: 13.4957 (12.1734)
Do not use KL loss
Epoch: [27]  [ 0/78]  eta: 0:07:26  lr: 0.000212  sp_loss: 6.4698 (6.4698)  fam_loss: 4.4600 (4.4600)  manu_loss: 3.3321 (3.3321)  ot_loss: 3.7715 (3.7715)  base_loss: 14.2619 (14.2619)  time: 5.7293  data: 5.4520  max mem: 11379
Epoch: [27]  [77/78]  eta: 0:00:00  lr: 0.000212  sp_loss: 5.3540 (5.4044)  fam_loss: 3.7602 (3.8510)  manu_loss: 2.8025 (2.8202)  ot_loss: 3.3105 (3.3553)  base_loss: 11.9037 (12.0756)  time: 0.3969  data: 0.1696  max mem: 11379
Epoch: [27] Total time: 0:00:36 (0.4629 s / it)
Averaged stats: lr: 0.000212  sp_loss: 5.3540 (5.4044)  fam_loss: 3.7602 (3.8510)  manu_loss: 2.8025 (2.8202)  ot_loss: 3.3105 (3.3553)  base_loss: 11.9037 (12.0756)
Do not use KL loss
Epoch: [28]  [ 0/78]  eta: 0:08:35  lr: 0.000209  sp_loss: 6.0311 (6.0311)  fam_loss: 4.3749 (4.3749)  manu_loss: 3.0435 (3.0435)  ot_loss: 3.5410 (3.5410)  base_loss: 13.4495 (13.4495)  time: 6.6152  data: 6.3227  max mem: 11379
Epoch: [28]  [77/78]  eta: 0:00:00  lr: 0.000209  sp_loss: 4.5380 (5.0467)  fam_loss: 3.3892 (3.6898)  manu_loss: 2.5220 (2.7044)  ot_loss: 3.1445 (3.2528)  base_loss: 10.3253 (11.4409)  time: 0.4285  data: 0.1973  max mem: 11379
Epoch: [28] Total time: 0:00:42 (0.5397 s / it)
Averaged stats: lr: 0.000209  sp_loss: 4.5380 (5.0467)  fam_loss: 3.3892 (3.6898)  manu_loss: 2.5220 (2.7044)  ot_loss: 3.1445 (3.2528)  base_loss: 10.3253 (11.4409)
Do not use KL loss
Epoch: [29]  [ 0/78]  eta: 0:09:24  lr: 0.000206  sp_loss: 4.7038 (4.7038)  fam_loss: 3.5007 (3.5007)  manu_loss: 2.4805 (2.4805)  ot_loss: 3.0801 (3.0801)  base_loss: 10.6850 (10.6850)  time: 7.2311  data: 6.9418  max mem: 11379
Epoch: [29]  [77/78]  eta: 0:00:00  lr: 0.000206  sp_loss: 5.7072 (5.2063)  fam_loss: 3.9242 (3.7848)  manu_loss: 2.9208 (2.7758)  ot_loss: 3.3965 (3.3039)  base_loss: 12.6899 (11.7669)  time: 0.4576  data: 0.2195  max mem: 11379
Epoch: [29] Total time: 0:00:42 (0.5406 s / it)
Averaged stats: lr: 0.000206  sp_loss: 5.7072 (5.2063)  fam_loss: 3.9242 (3.7848)  manu_loss: 2.9208 (2.7758)  ot_loss: 3.3965 (3.3039)  base_loss: 12.6899 (11.7669)
Do not use KL loss
Epoch: [30]  [ 0/78]  eta: 0:08:11  lr: 0.000204  sp_loss: 5.3644 (5.3644)  fam_loss: 3.7940 (3.7940)  manu_loss: 2.6663 (2.6663)  ot_loss: 3.1621 (3.1621)  base_loss: 11.8247 (11.8247)  time: 6.3008  data: 6.0012  max mem: 11379
Epoch: [30]  [77/78]  eta: 0:00:00  lr: 0.000204  sp_loss: 5.7421 (4.9813)  fam_loss: 3.8994 (3.6634)  manu_loss: 2.8636 (2.6953)  ot_loss: 3.3848 (3.2221)  base_loss: 12.5482 (11.3401)  time: 0.4089  data: 0.1773  max mem: 11379
Epoch: [30] Total time: 0:00:40 (0.5233 s / it)
Averaged stats: lr: 0.000204  sp_loss: 5.7421 (4.9813)  fam_loss: 3.8994 (3.6634)  manu_loss: 2.8636 (2.6953)  ot_loss: 3.3848 (3.2221)  base_loss: 12.5482 (11.3401)
Do not use KL loss
Epoch: [31]  [ 0/78]  eta: 0:09:19  lr: 0.000201  sp_loss: 4.5542 (4.5542)  fam_loss: 3.3672 (3.3672)  manu_loss: 2.4740 (2.4740)  ot_loss: 3.0547 (3.0547)  base_loss: 10.3954 (10.3954)  time: 7.1714  data: 6.8948  max mem: 11379
Epoch: [31]  [77/78]  eta: 0:00:00  lr: 0.000201  sp_loss: 5.1108 (5.0598)  fam_loss: 3.6168 (3.7154)  manu_loss: 2.7067 (2.7408)  ot_loss: 3.1367 (3.2219)  base_loss: 11.4795 (11.5160)  time: 0.4500  data: 0.2197  max mem: 11379
Epoch: [31] Total time: 0:00:41 (0.5278 s / it)
Averaged stats: lr: 0.000201  sp_loss: 5.1108 (5.0598)  fam_loss: 3.6168 (3.7154)  manu_loss: 2.7067 (2.7408)  ot_loss: 3.1367 (3.2219)  base_loss: 11.4795 (11.5160)
Do not use KL loss
Epoch: [32]  [ 0/78]  eta: 0:09:42  lr: 0.000197  sp_loss: 4.0184 (4.0184)  fam_loss: 3.1840 (3.1840)  manu_loss: 2.4536 (2.4536)  ot_loss: 2.8516 (2.8516)  base_loss: 9.6560 (9.6560)  time: 7.4713  data: 7.1928  max mem: 11379
Epoch: [32]  [77/78]  eta: 0:00:00  lr: 0.000197  sp_loss: 5.6979 (5.1857)  fam_loss: 3.9916 (3.7687)  manu_loss: 2.9305 (2.7687)  ot_loss: 3.3926 (3.2560)  base_loss: 12.5414 (11.7231)  time: 0.4121  data: 0.1808  max mem: 11379
Epoch: [32] Total time: 0:00:41 (0.5305 s / it)
Averaged stats: lr: 0.000197  sp_loss: 5.6979 (5.1857)  fam_loss: 3.9916 (3.7687)  manu_loss: 2.9305 (2.7687)  ot_loss: 3.3926 (3.2560)  base_loss: 12.5414 (11.7231)
Do not use KL loss
Epoch: [33]  [ 0/78]  eta: 0:08:51  lr: 0.000194  sp_loss: 3.9955 (3.9955)  fam_loss: 3.2419 (3.2419)  manu_loss: 2.4417 (2.4417)  ot_loss: 2.8711 (2.8711)  base_loss: 9.6792 (9.6792)  time: 6.8199  data: 6.5284  max mem: 11379
Epoch: [33]  [77/78]  eta: 0:00:00  lr: 0.000194  sp_loss: 5.8352 (4.9548)  fam_loss: 4.0855 (3.6418)  manu_loss: 2.8677 (2.6877)  ot_loss: 3.4473 (3.1974)  base_loss: 12.9194 (11.2843)  time: 0.4419  data: 0.2126  max mem: 11380
Epoch: [33] Total time: 0:00:42 (0.5389 s / it)
Averaged stats: lr: 0.000194  sp_loss: 5.8352 (4.9548)  fam_loss: 4.0855 (3.6418)  manu_loss: 2.8677 (2.6877)  ot_loss: 3.4473 (3.1974)  base_loss: 12.9194 (11.2843)
Do not use KL loss
Epoch: [34]  [ 0/78]  eta: 0:09:34  lr: 0.000191  sp_loss: 3.2305 (3.2305)  fam_loss: 2.5427 (2.5427)  manu_loss: 2.0061 (2.0061)  ot_loss: 2.7754 (2.7754)  base_loss: 7.7793 (7.7793)  time: 7.3595  data: 7.0695  max mem: 11380
Epoch: [34]  [77/78]  eta: 0:00:00  lr: 0.000191  sp_loss: 5.3299 (5.1730)  fam_loss: 3.8753 (3.7939)  manu_loss: 2.8127 (2.7915)  ot_loss: 3.2539 (3.2483)  base_loss: 11.9977 (11.7583)  time: 0.4519  data: 0.2231  max mem: 11380
Epoch: [34] Total time: 0:00:42 (0.5504 s / it)
Averaged stats: lr: 0.000191  sp_loss: 5.3299 (5.1730)  fam_loss: 3.8753 (3.7939)  manu_loss: 2.8127 (2.7915)  ot_loss: 3.2539 (3.2483)  base_loss: 11.9977 (11.7583)
Do not use KL loss
Epoch: [35]  [ 0/78]  eta: 0:08:39  lr: 0.000188  sp_loss: 4.3838 (4.3838)  fam_loss: 3.3065 (3.3065)  manu_loss: 2.4163 (2.4163)  ot_loss: 2.9395 (2.9395)  base_loss: 10.1066 (10.1066)  time: 6.6613  data: 6.3591  max mem: 11380
Epoch: [35]  [77/78]  eta: 0:00:00  lr: 0.000188  sp_loss: 5.0436 (4.6601)  fam_loss: 3.5573 (3.5039)  manu_loss: 2.6339 (2.5994)  ot_loss: 3.1191 (3.0855)  base_loss: 11.1909 (10.7634)  time: 0.4225  data: 0.1912  max mem: 11381
Epoch: [35] Total time: 0:00:41 (0.5360 s / it)
Averaged stats: lr: 0.000188  sp_loss: 5.0436 (4.6601)  fam_loss: 3.5573 (3.5039)  manu_loss: 2.6339 (2.5994)  ot_loss: 3.1191 (3.0855)  base_loss: 11.1909 (10.7634)
Do not use KL loss
Epoch: [36]  [ 0/78]  eta: 0:08:00  lr: 0.000184  sp_loss: 4.9247 (4.9247)  fam_loss: 3.6695 (3.6695)  manu_loss: 2.7171 (2.7171)  ot_loss: 3.1777 (3.1777)  base_loss: 11.3113 (11.3113)  time: 6.1599  data: 5.8768  max mem: 11381
Epoch: [36]  [77/78]  eta: 0:00:00  lr: 0.000184  sp_loss: 4.2751 (4.5130)  fam_loss: 3.2675 (3.4008)  manu_loss: 2.5259 (2.5394)  ot_loss: 2.8848 (3.0114)  base_loss: 9.9588 (10.4532)  time: 0.4619  data: 0.2290  max mem: 11381
Epoch: [36] Total time: 0:00:41 (0.5364 s / it)
Averaged stats: lr: 0.000184  sp_loss: 4.2751 (4.5130)  fam_loss: 3.2675 (3.4008)  manu_loss: 2.5259 (2.5394)  ot_loss: 2.8848 (3.0114)  base_loss: 9.9588 (10.4532)
Do not use KL loss
Epoch: [37]  [ 0/78]  eta: 0:08:41  lr: 0.000181  sp_loss: 3.1656 (3.1656)  fam_loss: 2.6922 (2.6922)  manu_loss: 2.1431 (2.1431)  ot_loss: 2.7422 (2.7422)  base_loss: 8.0009 (8.0009)  time: 6.6922  data: 6.4175  max mem: 11381
Epoch: [37]  [77/78]  eta: 0:00:00  lr: 0.000181  sp_loss: 4.5562 (4.7203)  fam_loss: 3.4029 (3.5292)  manu_loss: 2.4962 (2.6037)  ot_loss: 2.9453 (3.0847)  base_loss: 10.4667 (10.8531)  time: 0.3991  data: 0.1694  max mem: 11381
Epoch: [37] Total time: 0:00:36 (0.4670 s / it)
Averaged stats: lr: 0.000181  sp_loss: 4.5562 (4.7203)  fam_loss: 3.4029 (3.5292)  manu_loss: 2.4962 (2.6037)  ot_loss: 2.9453 (3.0847)  base_loss: 10.4667 (10.8531)
Do not use KL loss
Epoch: [38]  [ 0/78]  eta: 0:09:04  lr: 0.000178  sp_loss: 3.5318 (3.5318)  fam_loss: 2.6809 (2.6809)  manu_loss: 2.0402 (2.0402)  ot_loss: 2.5684 (2.5684)  base_loss: 8.2528 (8.2528)  time: 6.9809  data: 6.7048  max mem: 11381
Epoch: [38]  [77/78]  eta: 0:00:00  lr: 0.000178  sp_loss: 4.8801 (4.6683)  fam_loss: 3.5398 (3.4937)  manu_loss: 2.6150 (2.5839)  ot_loss: 2.9766 (3.0516)  base_loss: 10.9784 (10.7459)  time: 0.4552  data: 0.2249  max mem: 11381
Epoch: [38] Total time: 0:00:43 (0.5519 s / it)
Averaged stats: lr: 0.000178  sp_loss: 4.8801 (4.6683)  fam_loss: 3.5398 (3.4937)  manu_loss: 2.6150 (2.5839)  ot_loss: 2.9766 (3.0516)  base_loss: 10.9784 (10.7459)
Do not use KL loss
Epoch: [39]  [ 0/78]  eta: 0:08:17  lr: 0.000174  sp_loss: 4.8838 (4.8838)  fam_loss: 3.5991 (3.5991)  manu_loss: 2.6146 (2.6146)  ot_loss: 3.1836 (3.1836)  base_loss: 11.0975 (11.0975)  time: 6.3843  data: 6.0981  max mem: 11381
Epoch: [39]  [77/78]  eta: 0:00:00  lr: 0.000174  sp_loss: 4.5676 (4.5833)  fam_loss: 3.4819 (3.4576)  manu_loss: 2.6010 (2.5626)  ot_loss: 2.9883 (3.0353)  base_loss: 10.7454 (10.6036)  time: 0.4821  data: 0.2423  max mem: 11381
Epoch: [39] Total time: 0:00:42 (0.5464 s / it)
Averaged stats: lr: 0.000174  sp_loss: 4.5676 (4.5833)  fam_loss: 3.4819 (3.4576)  manu_loss: 2.6010 (2.5626)  ot_loss: 2.9883 (3.0353)  base_loss: 10.7454 (10.6036)
Do not use KL loss
Epoch: [40]  [ 0/78]  eta: 0:07:14  lr: 0.000171  sp_loss: 4.6806 (4.6806)  fam_loss: 3.6586 (3.6586)  manu_loss: 2.5672 (2.5672)  ot_loss: 2.9062 (2.9062)  base_loss: 10.9064 (10.9064)  time: 5.5762  data: 5.3012  max mem: 11381
Epoch: [40]  [77/78]  eta: 0:00:00  lr: 0.000171  sp_loss: 4.8525 (4.4640)  fam_loss: 3.5994 (3.3926)  manu_loss: 2.6314 (2.5251)  ot_loss: 3.0059 (2.9785)  base_loss: 11.2188 (10.3817)  time: 0.4167  data: 0.1868  max mem: 11381
Epoch: [40] Total time: 0:00:40 (0.5223 s / it)
Averaged stats: lr: 0.000171  sp_loss: 4.8525 (4.4640)  fam_loss: 3.5994 (3.3926)  manu_loss: 2.6314 (2.5251)  ot_loss: 3.0059 (2.9785)  base_loss: 11.2188 (10.3817)
Do not use KL loss
Epoch: [41]  [ 0/78]  eta: 0:07:20  lr: 0.000167  sp_loss: 5.4760 (5.4760)  fam_loss: 4.0502 (4.0502)  manu_loss: 2.8413 (2.8413)  ot_loss: 3.4785 (3.4785)  base_loss: 12.3675 (12.3675)  time: 5.6528  data: 5.3733  max mem: 11381
Epoch: [41]  [77/78]  eta: 0:00:00  lr: 0.000167  sp_loss: 4.6521 (4.7421)  fam_loss: 3.5260 (3.5643)  manu_loss: 2.5151 (2.6289)  ot_loss: 2.8848 (3.0754)  base_loss: 10.6933 (10.9354)  time: 0.4048  data: 0.1676  max mem: 11381
Epoch: [41] Total time: 0:00:40 (0.5138 s / it)
Averaged stats: lr: 0.000167  sp_loss: 4.6521 (4.7421)  fam_loss: 3.5260 (3.5643)  manu_loss: 2.5151 (2.6289)  ot_loss: 2.8848 (3.0754)  base_loss: 10.6933 (10.9354)
Test:  [  0/391]  eta: 0:48:24  sploss: 6.6245 (6.6245)  famloss: 2.6513 (2.6513)  manuloss: 1.6210 (1.6210)  acc1: 6.2500 (6.2500)  acc5: 22.2656 (22.2656)  family_acc1: 44.9219 (44.9219)  manu_acc1: 64.0625 (64.0625)  time: 7.4276  data: 7.0708  max mem: 11381
Test:  [250/391]  eta: 0:01:13  sploss: 6.5206 (6.6491)  famloss: 2.7861 (2.8148)  manuloss: 1.8470 (1.7736)  acc1: 8.2031 (8.3681)  acc5: 19.1406 (18.8014)  family_acc1: 39.4531 (41.0654)  manu_acc1: 55.4688 (58.7774)  time: 0.3727  data: 0.1586  max mem: 11381
Test:  [390/391]  eta: 0:00:00  sploss: 6.4725 (6.6029)  famloss: 2.5758 (2.7467)  manuloss: 1.3880 (1.7001)  acc1: 8.2031 (8.4900)  acc5: 19.5312 (19.1420)  family_acc1: 45.7031 (42.0620)  manu_acc1: 67.9688 (60.4490)  time: 0.4342  data: 0.2343  max mem: 11381
Test: Total time: 0:03:21 (0.5144 s / it)
* Acc@1 8.490 Acc@5 19.142 family@1 42.062 manu@1 60.449 sploss 6.603 fmloss 2.747 mfloss 1.700
FPA: 5.378% | TICE: 71.421%   
 wAP: 12.992  |  LCA: 222.251   |   Precision and Recall: 23.760%
Accuracy of the network on the 100000 test images: 8.5%
Max accuracy: 8.49%
Do not use KL loss
Epoch: [42]  [ 0/78]  eta: 0:09:33  lr: 0.000163  sp_loss: 5.1402 (5.1402)  fam_loss: 3.9234 (3.9234)  manu_loss: 2.8487 (2.8487)  ot_loss: 3.2598 (3.2598)  base_loss: 11.9124 (11.9124)  time: 7.3544  data: 6.7824  max mem: 11381
Epoch: [42]  [77/78]  eta: 0:00:00  lr: 0.000163  sp_loss: 4.8401 (4.4904)  fam_loss: 3.5881 (3.3983)  manu_loss: 2.6329 (2.5241)  ot_loss: 3.0566 (2.9850)  base_loss: 11.2773 (10.4128)  time: 0.4452  data: 0.2107  max mem: 11381
Epoch: [42] Total time: 0:00:43 (0.5559 s / it)
Averaged stats: lr: 0.000163  sp_loss: 4.8401 (4.4904)  fam_loss: 3.5881 (3.3983)  manu_loss: 2.6329 (2.5241)  ot_loss: 3.0566 (2.9850)  base_loss: 11.2773 (10.4128)
Test:  [  0/391]  eta: 0:38:11  sploss: 6.6692 (6.6692)  famloss: 2.5244 (2.5244)  manuloss: 1.5337 (1.5337)  acc1: 8.2031 (8.2031)  acc5: 22.2656 (22.2656)  family_acc1: 48.0469 (48.0469)  manu_acc1: 64.0625 (64.0625)  time: 5.8608  data: 5.5924  max mem: 11381
Test:  [250/391]  eta: 0:01:12  sploss: 6.5496 (6.6878)  famloss: 2.8017 (2.8118)  manuloss: 1.8503 (1.7718)  acc1: 8.5938 (8.3276)  acc5: 18.7500 (18.6271)  family_acc1: 39.8438 (41.2382)  manu_acc1: 56.2500 (59.2894)  time: 0.4646  data: 0.2318  max mem: 11381
Test:  [390/391]  eta: 0:00:00  sploss: 6.5121 (6.6422)  famloss: 2.5738 (2.7453)  manuloss: 1.4336 (1.7011)  acc1: 8.7500 (8.4070)  acc5: 19.1406 (19.0090)  family_acc1: 46.4844 (42.2950)  manu_acc1: 66.0156 (60.7190)  time: 0.4038  data: 0.2076  max mem: 11381
Test: Total time: 0:03:13 (0.4957 s / it)
* Acc@1 8.407 Acc@5 19.009 family@1 42.295 manu@1 60.719 sploss 6.642 fmloss 2.745 mfloss 1.701
FPA: 5.307% | TICE: 71.449%   
 wAP: 12.948  |  LCA: 222.799   |   Precision and Recall: 23.551%
Accuracy of the network on the 100000 test images: 8.4%
Max accuracy: 8.49%
Do not use KL loss
Epoch: [43]  [ 0/78]  eta: 0:09:00  lr: 0.000160  sp_loss: 2.5362 (2.5362)  fam_loss: 2.1541 (2.1541)  manu_loss: 1.7077 (1.7077)  ot_loss: 2.3750 (2.3750)  base_loss: 6.3980 (6.3980)  time: 6.9300  data: 6.6455  max mem: 11381
Epoch: [43]  [77/78]  eta: 0:00:00  lr: 0.000160  sp_loss: 4.5847 (4.5072)  fam_loss: 3.4649 (3.3972)  manu_loss: 2.4736 (2.5193)  ot_loss: 2.9395 (2.9909)  base_loss: 10.6464 (10.4237)  time: 0.4549  data: 0.2210  max mem: 11381
Epoch: [43] Total time: 0:00:42 (0.5404 s / it)
Averaged stats: lr: 0.000160  sp_loss: 4.5847 (4.5072)  fam_loss: 3.4649 (3.3972)  manu_loss: 2.4736 (2.5193)  ot_loss: 2.9395 (2.9909)  base_loss: 10.6464 (10.4237)
Test:  [  0/391]  eta: 0:47:55  sploss: 6.6712 (6.6712)  famloss: 2.5726 (2.5726)  manuloss: 1.6125 (1.6125)  acc1: 8.2031 (8.2031)  acc5: 19.9219 (19.9219)  family_acc1: 47.2656 (47.2656)  manu_acc1: 61.3281 (61.3281)  time: 7.3531  data: 7.0734  max mem: 11381
Test:  [250/391]  eta: 0:01:15  sploss: 6.5018 (6.6518)  famloss: 2.8106 (2.8105)  manuloss: 1.8379 (1.7697)  acc1: 8.2031 (8.5268)  acc5: 19.5312 (19.0052)  family_acc1: 40.6250 (41.3751)  manu_acc1: 55.0781 (58.8879)  time: 0.3756  data: 0.1423  max mem: 11381
Test:  [390/391]  eta: 0:00:00  sploss: 6.4721 (6.6068)  famloss: 2.5584 (2.7413)  manuloss: 1.3886 (1.6942)  acc1: 8.2031 (8.6470)  acc5: 19.9219 (19.3540)  family_acc1: 46.4844 (42.4370)  manu_acc1: 67.5781 (60.5260)  time: 0.4196  data: 0.2245  max mem: 11381
Test: Total time: 0:03:24 (0.5220 s / it)
* Acc@1 8.647 Acc@5 19.354 family@1 42.437 manu@1 60.526 sploss 6.607 fmloss 2.741 mfloss 1.694
FPA: 5.462% | TICE: 71.258%   
 wAP: 13.168  |  LCA: 221.587   |   Precision and Recall: 23.903%
Accuracy of the network on the 100000 test images: 8.6%
Max accuracy: 8.65%
Do not use KL loss
Epoch: [44]  [ 0/78]  eta: 0:10:44  lr: 0.000156  sp_loss: 5.2712 (5.2712)  fam_loss: 4.0065 (4.0065)  manu_loss: 2.7417 (2.7417)  ot_loss: 3.3926 (3.3926)  base_loss: 12.0195 (12.0195)  time: 8.2666  data: 7.9852  max mem: 11381
Epoch: [44]  [77/78]  eta: 0:00:00  lr: 0.000156  sp_loss: 4.9750 (4.3519)  fam_loss: 3.5885 (3.2835)  manu_loss: 2.6745 (2.4435)  ot_loss: 3.0137 (2.8998)  base_loss: 11.4395 (10.0789)  time: 0.4197  data: 0.1884  max mem: 11381
Epoch: [44] Total time: 0:00:43 (0.5610 s / it)
Averaged stats: lr: 0.000156  sp_loss: 4.9750 (4.3519)  fam_loss: 3.5885 (3.2835)  manu_loss: 2.6745 (2.4435)  ot_loss: 3.0137 (2.8998)  base_loss: 11.4395 (10.0789)
Test:  [  0/391]  eta: 1:02:09  sploss: 6.6462 (6.6462)  famloss: 2.5961 (2.5961)  manuloss: 1.5840 (1.5840)  acc1: 9.7656 (9.7656)  acc5: 21.8750 (21.8750)  family_acc1: 45.7031 (45.7031)  manu_acc1: 65.6250 (65.6250)  time: 9.5387  data: 9.2145  max mem: 11381
Test:  [250/391]  eta: 0:01:16  sploss: 6.4543 (6.6443)  famloss: 2.8496 (2.8470)  manuloss: 1.8341 (1.7924)  acc1: 8.2031 (8.5720)  acc5: 19.5312 (19.1142)  family_acc1: 39.8438 (41.4280)  manu_acc1: 56.6406 (59.1042)  time: 0.4097  data: 0.1803  max mem: 11381
Test:  [390/391]  eta: 0:00:00  sploss: 6.4789 (6.6022)  famloss: 2.6124 (2.7821)  manuloss: 1.4195 (1.7192)  acc1: 8.2031 (8.7140)  acc5: 20.3125 (19.3830)  family_acc1: 45.7031 (42.4670)  manu_acc1: 69.1406 (60.7610)  time: 0.3789  data: 0.1857  max mem: 11381
Test: Total time: 0:03:23 (0.5198 s / it)
* Acc@1 8.714 Acc@5 19.383 family@1 42.467 manu@1 60.761 sploss 6.602 fmloss 2.782 mfloss 1.719
FPA: 5.491% | TICE: 71.143%   
 wAP: 13.236  |  LCA: 221.281   |   Precision and Recall: 23.981%
Accuracy of the network on the 100000 test images: 8.7%
Max accuracy: 8.71%
Do not use KL loss
Epoch: [45]  [ 0/78]  eta: 0:08:14  lr: 0.000152  sp_loss: 3.1462 (3.1462)  fam_loss: 2.5343 (2.5343)  manu_loss: 1.9281 (1.9281)  ot_loss: 2.4824 (2.4824)  base_loss: 7.6087 (7.6087)  time: 6.3429  data: 6.0491  max mem: 11381
Epoch: [45]  [77/78]  eta: 0:00:00  lr: 0.000152  sp_loss: 4.9523 (4.4811)  fam_loss: 3.6380 (3.3940)  manu_loss: 2.5829 (2.4911)  ot_loss: 3.1230 (2.9471)  base_loss: 11.1215 (10.3662)  time: 0.4505  data: 0.2192  max mem: 11381
Epoch: [45] Total time: 0:00:42 (0.5441 s / it)
Averaged stats: lr: 0.000152  sp_loss: 4.9523 (4.4811)  fam_loss: 3.6380 (3.3940)  manu_loss: 2.5829 (2.4911)  ot_loss: 3.1230 (2.9471)  base_loss: 11.1215 (10.3662)
Test:  [  0/391]  eta: 0:50:19  sploss: 6.6065 (6.6065)  famloss: 2.5182 (2.5182)  manuloss: 1.4982 (1.4982)  acc1: 10.1562 (10.1562)  acc5: 19.9219 (19.9219)  family_acc1: 47.6562 (47.6562)  manu_acc1: 65.2344 (65.2344)  time: 7.7226  data: 7.4058  max mem: 11381
Test:  [250/391]  eta: 0:01:12  sploss: 6.5285 (6.6747)  famloss: 2.8644 (2.8386)  manuloss: 1.8618 (1.7911)  acc1: 8.5938 (8.3665)  acc5: 19.9219 (18.9679)  family_acc1: 39.0625 (41.2786)  manu_acc1: 56.6406 (59.2489)  time: 0.4139  data: 0.1756  max mem: 11381
Test:  [390/391]  eta: 0:00:00  sploss: 6.4676 (6.6290)  famloss: 2.6194 (2.7713)  manuloss: 1.4350 (1.7193)  acc1: 7.8125 (8.4950)  acc5: 19.9219 (19.2170)  family_acc1: 46.0938 (42.4120)  manu_acc1: 68.1250 (60.9010)  time: 0.4534  data: 0.2629  max mem: 11381
Test: Total time: 0:03:16 (0.5019 s / it)
* Acc@1 8.495 Acc@5 19.217 family@1 42.412 manu@1 60.901 sploss 6.629 fmloss 2.771 mfloss 1.719
FPA: 5.455% | TICE: 70.927%   
 wAP: 13.041  |  LCA: 221.605   |   Precision and Recall: 23.892%
Accuracy of the network on the 100000 test images: 8.5%
Max accuracy: 8.71%
Do not use KL loss
Epoch: [46]  [ 0/78]  eta: 0:09:00  lr: 0.000149  sp_loss: 5.1571 (5.1571)  fam_loss: 3.6959 (3.6959)  manu_loss: 2.7385 (2.7385)  ot_loss: 3.1816 (3.1816)  base_loss: 11.5915 (11.5915)  time: 6.9254  data: 6.6416  max mem: 11381
Epoch: [46]  [77/78]  eta: 0:00:00  lr: 0.000149  sp_loss: 5.0212 (4.5571)  fam_loss: 3.6245 (3.4147)  manu_loss: 2.6105 (2.5210)  ot_loss: 2.9961 (2.9787)  base_loss: 11.2397 (10.4928)  time: 0.4981  data: 0.2621  max mem: 11381
Epoch: [46] Total time: 0:00:43 (0.5637 s / it)
Averaged stats: lr: 0.000149  sp_loss: 5.0212 (4.5571)  fam_loss: 3.6245 (3.4147)  manu_loss: 2.6105 (2.5210)  ot_loss: 2.9961 (2.9787)  base_loss: 11.2397 (10.4928)
Test:  [  0/391]  eta: 0:48:42  sploss: 6.7012 (6.7012)  famloss: 2.6325 (2.6325)  manuloss: 1.5849 (1.5849)  acc1: 8.5938 (8.5938)  acc5: 21.4844 (21.4844)  family_acc1: 46.0938 (46.0938)  manu_acc1: 65.2344 (65.2344)  time: 7.4744  data: 7.1812  max mem: 11381
Test:  [250/391]  eta: 0:01:16  sploss: 6.5636 (6.7229)  famloss: 2.8780 (2.8789)  manuloss: 1.8636 (1.8124)  acc1: 8.5938 (8.1969)  acc5: 19.1406 (18.4030)  family_acc1: 40.6250 (41.4187)  manu_acc1: 57.0312 (59.2816)  time: 0.4091  data: 0.2079  max mem: 11381
Test:  [390/391]  eta: 0:00:00  sploss: 6.5481 (6.6795)  famloss: 2.6432 (2.8117)  manuloss: 1.4503 (1.7392)  acc1: 8.2031 (8.2890)  acc5: 19.9219 (18.7400)  family_acc1: 46.0938 (42.5230)  manu_acc1: 67.5781 (60.8790)  time: 0.4582  data: 0.2696  max mem: 11381
Test: Total time: 0:03:28 (0.5322 s / it)
* Acc@1 8.289 Acc@5 18.740 family@1 42.523 manu@1 60.879 sploss 6.679 fmloss 2.812 mfloss 1.739
FPA: 5.261% | TICE: 71.578%   
 wAP: 12.870  |  LCA: 223.013   |   Precision and Recall: 23.419%
Accuracy of the network on the 100000 test images: 8.3%
Max accuracy: 8.71%
Do not use KL loss
Epoch: [47]  [ 0/78]  eta: 0:09:03  lr: 0.000145  sp_loss: 4.8346 (4.8346)  fam_loss: 3.7234 (3.7234)  manu_loss: 2.6534 (2.6534)  ot_loss: 3.0566 (3.0566)  base_loss: 11.2114 (11.2114)  time: 6.9743  data: 6.6663  max mem: 11381
Epoch: [47]  [77/78]  eta: 0:00:00  lr: 0.000145  sp_loss: 4.8917 (4.5104)  fam_loss: 3.5253 (3.4029)  manu_loss: 2.6446 (2.5172)  ot_loss: 3.1680 (2.9417)  base_loss: 11.1685 (10.4305)  time: 0.4548  data: 0.2237  max mem: 11381
Epoch: [47] Total time: 0:00:43 (0.5599 s / it)
Averaged stats: lr: 0.000145  sp_loss: 4.8917 (4.5104)  fam_loss: 3.5253 (3.4029)  manu_loss: 2.6446 (2.5172)  ot_loss: 3.1680 (2.9417)  base_loss: 11.1685 (10.4305)
Test:  [  0/391]  eta: 1:03:12  sploss: 6.6200 (6.6200)  famloss: 2.6419 (2.6419)  manuloss: 1.5633 (1.5633)  acc1: 9.3750 (9.3750)  acc5: 23.0469 (23.0469)  family_acc1: 47.2656 (47.2656)  manu_acc1: 66.4062 (66.4062)  time: 9.7001  data: 9.3951  max mem: 11381
Test:  [250/391]  eta: 0:01:17  sploss: 6.5184 (6.6810)  famloss: 2.8675 (2.8637)  manuloss: 1.8713 (1.8120)  acc1: 8.5938 (8.5424)  acc5: 19.9219 (19.0239)  family_acc1: 40.6250 (41.5665)  manu_acc1: 56.6406 (59.3719)  time: 0.4469  data: 0.2226  max mem: 11381
Test:  [390/391]  eta: 0:00:00  sploss: 6.5134 (6.6371)  famloss: 2.6232 (2.7961)  manuloss: 1.4372 (1.7403)  acc1: 8.5938 (8.6540)  acc5: 19.9219 (19.2780)  family_acc1: 46.8750 (42.6090)  manu_acc1: 67.9688 (60.9220)  time: 0.4191  data: 0.2278  max mem: 11381
Test: Total time: 0:03:26 (0.5272 s / it)
* Acc@1 8.654 Acc@5 19.278 family@1 42.609 manu@1 60.922 sploss 6.637 fmloss 2.796 mfloss 1.740
FPA: 5.544% | TICE: 71.387%   
 wAP: 13.201  |  LCA: 222.122   |   Precision and Recall: 23.763%
Accuracy of the network on the 100000 test images: 8.7%
Max accuracy: 8.71%
Do not use KL loss
Epoch: [48]  [ 0/78]  eta: 0:10:14  lr: 0.000141  sp_loss: 4.5620 (4.5620)  fam_loss: 3.4439 (3.4439)  manu_loss: 2.4427 (2.4427)  ot_loss: 2.9375 (2.9375)  base_loss: 10.4485 (10.4485)  time: 7.8786  data: 7.5930  max mem: 11381
Epoch: [48]  [77/78]  eta: 0:00:00  lr: 0.000141  sp_loss: 4.3638 (4.3416)  fam_loss: 3.2962 (3.2994)  manu_loss: 2.3583 (2.4486)  ot_loss: 2.7695 (2.8893)  base_loss: 9.9676 (10.0896)  time: 0.4596  data: 0.2260  max mem: 11381
Epoch: [48] Total time: 0:00:44 (0.5699 s / it)
Averaged stats: lr: 0.000141  sp_loss: 4.3638 (4.3416)  fam_loss: 3.2962 (3.2994)  manu_loss: 2.3583 (2.4486)  ot_loss: 2.7695 (2.8893)  base_loss: 9.9676 (10.0896)
Test:  [  0/391]  eta: 0:46:29  sploss: 6.5527 (6.5527)  famloss: 2.5517 (2.5517)  manuloss: 1.5316 (1.5316)  acc1: 10.5469 (10.5469)  acc5: 23.4375 (23.4375)  family_acc1: 46.4844 (46.4844)  manu_acc1: 64.4531 (64.4531)  time: 7.1343  data: 6.8266  max mem: 11381
Test:  [250/391]  eta: 0:01:17  sploss: 6.4381 (6.6419)  famloss: 2.8015 (2.7925)  manuloss: 1.8277 (1.7763)  acc1: 8.5938 (8.7945)  acc5: 21.0938 (19.3507)  family_acc1: 41.0156 (42.2575)  manu_acc1: 56.6406 (59.4388)  time: 0.3763  data: 0.1353  max mem: 11381
Test:  [390/391]  eta: 0:00:00  sploss: 6.4863 (6.5936)  famloss: 2.5501 (2.7241)  manuloss: 1.4025 (1.7008)  acc1: 8.9844 (8.9380)  acc5: 20.7031 (19.7050)  family_acc1: 46.4844 (43.2810)  manu_acc1: 68.7500 (61.1350)  time: 0.4407  data: 0.2451  max mem: 11381
Test: Total time: 0:03:28 (0.5337 s / it)
* Acc@1 8.938 Acc@5 19.705 family@1 43.281 manu@1 61.135 sploss 6.594 fmloss 2.724 mfloss 1.701
FPA: 5.741% | TICE: 70.874%   
 wAP: 13.520  |  LCA: 220.621   |   Precision and Recall: 24.225%
Accuracy of the network on the 100000 test images: 8.9%
Max accuracy: 8.94%
Do not use KL loss
Epoch: [49]  [ 0/78]  eta: 0:09:02  lr: 0.000138  sp_loss: 5.1620 (5.1620)  fam_loss: 3.8709 (3.8709)  manu_loss: 2.9268 (2.9268)  ot_loss: 3.3203 (3.3203)  base_loss: 11.9597 (11.9597)  time: 6.9505  data: 6.6440  max mem: 11381
Epoch: [49]  [77/78]  eta: 0:00:00  lr: 0.000138  sp_loss: 4.4894 (4.2049)  fam_loss: 3.3170 (3.2080)  manu_loss: 2.4473 (2.3848)  ot_loss: 2.7852 (2.8442)  base_loss: 10.3580 (9.7977)  time: 0.4609  data: 0.2285  max mem: 11381
Epoch: [49] Total time: 0:00:45 (0.5786 s / it)
Averaged stats: lr: 0.000138  sp_loss: 4.4894 (4.2049)  fam_loss: 3.3170 (3.2080)  manu_loss: 2.4473 (2.3848)  ot_loss: 2.7852 (2.8442)  base_loss: 10.3580 (9.7977)
Test:  [  0/391]  eta: 0:42:06  sploss: 6.5696 (6.5696)  famloss: 2.5676 (2.5676)  manuloss: 1.6269 (1.6269)  acc1: 9.3750 (9.3750)  acc5: 22.2656 (22.2656)  family_acc1: 46.4844 (46.4844)  manu_acc1: 61.7188 (61.7188)  time: 6.4610  data: 6.1766  max mem: 11381
Test:  [250/391]  eta: 0:01:15  sploss: 6.4685 (6.6447)  famloss: 2.8177 (2.7952)  manuloss: 1.8497 (1.7823)  acc1: 9.3750 (8.8319)  acc5: 20.7031 (19.4550)  family_acc1: 40.2344 (42.0770)  manu_acc1: 56.2500 (59.3517)  time: 0.4295  data: 0.1812  max mem: 11381
Test:  [390/391]  eta: 0:00:00  sploss: 6.4800 (6.5989)  famloss: 2.5509 (2.7288)  manuloss: 1.4031 (1.7087)  acc1: 8.2031 (8.8930)  acc5: 19.9219 (19.7460)  family_acc1: 46.0938 (43.1020)  manu_acc1: 67.5781 (60.9650)  time: 0.4027  data: 0.2078  max mem: 11381
Test: Total time: 0:03:22 (0.5188 s / it)
* Acc@1 8.893 Acc@5 19.746 family@1 43.102 manu@1 60.965 sploss 6.599 fmloss 2.729 mfloss 1.709
FPA: 5.754% | TICE: 70.725%   
 wAP: 13.459  |  LCA: 220.528   |   Precision and Recall: 24.231%
Accuracy of the network on the 100000 test images: 8.9%
Max accuracy: 8.94%
Do not use KL loss
Epoch: [50]  [ 0/78]  eta: 0:09:57  lr: 0.000134  sp_loss: 5.0013 (5.0013)  fam_loss: 3.5901 (3.5901)  manu_loss: 2.6143 (2.6143)  ot_loss: 2.9883 (2.9883)  base_loss: 11.2057 (11.2057)  time: 7.6607  data: 7.3734  max mem: 11381
Epoch: [50]  [77/78]  eta: 0:00:00  lr: 0.000134  sp_loss: 4.5656 (4.2821)  fam_loss: 3.4558 (3.2607)  manu_loss: 2.5162 (2.4247)  ot_loss: 2.8867 (2.8304)  base_loss: 10.4342 (9.9674)  time: 0.4562  data: 0.2168  max mem: 11381
Epoch: [50] Total time: 0:00:44 (0.5721 s / it)
Averaged stats: lr: 0.000134  sp_loss: 4.5656 (4.2821)  fam_loss: 3.4558 (3.2607)  manu_loss: 2.5162 (2.4247)  ot_loss: 2.8867 (2.8304)  base_loss: 10.4342 (9.9674)
Test:  [  0/391]  eta: 0:47:30  sploss: 6.7105 (6.7105)  famloss: 2.7490 (2.7490)  manuloss: 1.7049 (1.7049)  acc1: 8.9844 (8.9844)  acc5: 17.9688 (17.9688)  family_acc1: 42.5781 (42.5781)  manu_acc1: 60.1562 (60.1562)  time: 7.2902  data: 6.8134  max mem: 11381
Test:  [250/391]  eta: 0:01:15  sploss: 6.5642 (6.7324)  famloss: 2.9293 (2.9206)  manuloss: 1.9290 (1.8654)  acc1: 8.5938 (8.3992)  acc5: 19.5312 (18.5352)  family_acc1: 39.8438 (41.2475)  manu_acc1: 55.4688 (58.9641)  time: 0.4231  data: 0.1590  max mem: 11381
Test:  [390/391]  eta: 0:00:00  sploss: 6.5416 (6.6862)  famloss: 2.7116 (2.8525)  manuloss: 1.5125 (1.7910)  acc1: 7.8125 (8.5200)  acc5: 19.5312 (18.8680)  family_acc1: 45.3125 (42.3010)  manu_acc1: 67.1875 (60.5650)  time: 0.4229  data: 0.2224  max mem: 11381
Test: Total time: 0:03:19 (0.5110 s / it)
* Acc@1 8.520 Acc@5 18.868 family@1 42.301 manu@1 60.565 sploss 6.686 fmloss 2.852 mfloss 1.791
FPA: 5.340% | TICE: 71.678%   
 wAP: 13.044  |  LCA: 223.006   |   Precision and Recall: 23.430%
Accuracy of the network on the 100000 test images: 8.5%
Max accuracy: 8.94%
Do not use KL loss
Epoch: [51]  [ 0/78]  eta: 0:08:55  lr: 0.000130  sp_loss: 5.7302 (5.7302)  fam_loss: 4.1179 (4.1179)  manu_loss: 2.7701 (2.7701)  ot_loss: 3.4141 (3.4141)  base_loss: 12.6182 (12.6182)  time: 6.8663  data: 6.5520  max mem: 11381
Epoch: [51]  [77/78]  eta: 0:00:00  lr: 0.000130  sp_loss: 4.8654 (4.3906)  fam_loss: 3.5773 (3.3151)  manu_loss: 2.6781 (2.4471)  ot_loss: 3.1504 (2.9008)  base_loss: 11.2086 (10.1528)  time: 0.4415  data: 0.2170  max mem: 11381
Epoch: [51] Total time: 0:00:42 (0.5443 s / it)
Averaged stats: lr: 0.000130  sp_loss: 4.8654 (4.3906)  fam_loss: 3.5773 (3.3151)  manu_loss: 2.6781 (2.4471)  ot_loss: 3.1504 (2.9008)  base_loss: 11.2086 (10.1528)
Test:  [  0/391]  eta: 0:41:40  sploss: 6.6635 (6.6635)  famloss: 2.7011 (2.7011)  manuloss: 1.6648 (1.6648)  acc1: 9.3750 (9.3750)  acc5: 20.3125 (20.3125)  family_acc1: 45.3125 (45.3125)  manu_acc1: 61.7188 (61.7188)  time: 6.3947  data: 6.0798  max mem: 11381
Test:  [250/391]  eta: 0:01:15  sploss: 6.5798 (6.7452)  famloss: 2.9108 (2.9099)  manuloss: 1.9311 (1.8574)  acc1: 8.9844 (8.1191)  acc5: 19.1406 (18.4745)  family_acc1: 41.4062 (40.9923)  manu_acc1: 55.4688 (58.8319)  time: 0.3740  data: 0.1444  max mem: 11381
Test:  [390/391]  eta: 0:00:00  sploss: 6.5685 (6.7012)  famloss: 2.6797 (2.8421)  manuloss: 1.4916 (1.7821)  acc1: 8.5938 (8.2570)  acc5: 19.1406 (18.7020)  family_acc1: 46.0938 (42.0460)  manu_acc1: 67.5781 (60.5230)  time: 0.4198  data: 0.2285  max mem: 11381
Test: Total time: 0:03:18 (0.5073 s / it)
* Acc@1 8.257 Acc@5 18.702 family@1 42.046 manu@1 60.523 sploss 6.701 fmloss 2.842 mfloss 1.782
FPA: 5.231% | TICE: 71.492%   
 wAP: 12.787  |  LCA: 223.673   |   Precision and Recall: 23.204%
Accuracy of the network on the 100000 test images: 8.3%
Max accuracy: 8.94%
Do not use KL loss
Epoch: [52]  [ 0/78]  eta: 0:08:43  lr: 0.000126  sp_loss: 4.9397 (4.9397)  fam_loss: 3.6408 (3.6408)  manu_loss: 2.6895 (2.6895)  ot_loss: 3.1816 (3.1816)  base_loss: 11.2699 (11.2699)  time: 6.7145  data: 6.3714  max mem: 11381
Epoch: [52]  [77/78]  eta: 0:00:00  lr: 0.000126  sp_loss: 4.2990 (3.9720)  fam_loss: 3.2416 (3.0509)  manu_loss: 2.3514 (2.2809)  ot_loss: 2.7461 (2.6890)  base_loss: 9.9078 (9.3038)  time: 0.4264  data: 0.1929  max mem: 11381
Epoch: [52] Total time: 0:00:43 (0.5574 s / it)
Averaged stats: lr: 0.000126  sp_loss: 4.2990 (3.9720)  fam_loss: 3.2416 (3.0509)  manu_loss: 2.3514 (2.2809)  ot_loss: 2.7461 (2.6890)  base_loss: 9.9078 (9.3038)
Test:  [  0/391]  eta: 0:43:01  sploss: 6.6698 (6.6698)  famloss: 2.6525 (2.6525)  manuloss: 1.6293 (1.6293)  acc1: 8.5938 (8.5938)  acc5: 21.0938 (21.0938)  family_acc1: 44.5312 (44.5312)  manu_acc1: 61.7188 (61.7188)  time: 6.6035  data: 6.3099  max mem: 11381
Test:  [250/391]  eta: 0:01:12  sploss: 6.5208 (6.7219)  famloss: 2.8391 (2.8700)  manuloss: 1.8790 (1.8264)  acc1: 8.5938 (8.2872)  acc5: 18.7500 (18.6706)  family_acc1: 41.0156 (41.8389)  manu_acc1: 57.0312 (59.1680)  time: 0.5233  data: 0.2853  max mem: 11381
Test:  [390/391]  eta: 0:00:00  sploss: 6.5758 (6.6794)  famloss: 2.6325 (2.8036)  manuloss: 1.5095 (1.7532)  acc1: 8.5938 (8.4180)  acc5: 19.9219 (18.9930)  family_acc1: 46.0938 (42.7630)  manu_acc1: 67.9688 (60.7430)  time: 0.4346  data: 0.2394  max mem: 11381
Test: Total time: 0:03:11 (0.4896 s / it)
* Acc@1 8.418 Acc@5 18.993 family@1 42.763 manu@1 60.743 sploss 6.679 fmloss 2.804 mfloss 1.753
FPA: 5.414% | TICE: 71.165%   
 wAP: 13.004  |  LCA: 222.832   |   Precision and Recall: 23.491%
Accuracy of the network on the 100000 test images: 8.4%
Max accuracy: 8.94%
Do not use KL loss
Epoch: [53]  [ 0/78]  eta: 0:08:42  lr: 0.000122  sp_loss: 4.5318 (4.5318)  fam_loss: 3.3344 (3.3344)  manu_loss: 2.3963 (2.3963)  ot_loss: 2.7656 (2.7656)  base_loss: 10.2625 (10.2625)  time: 6.6988  data: 6.4201  max mem: 11381
Epoch: [53]  [77/78]  eta: 0:00:00  lr: 0.000122  sp_loss: 4.4769 (4.3290)  fam_loss: 3.3645 (3.2765)  manu_loss: 2.5248 (2.4267)  ot_loss: 2.8965 (2.8540)  base_loss: 10.4254 (10.0322)  time: 0.4420  data: 0.2096  max mem: 11381
Epoch: [53] Total time: 0:00:44 (0.5746 s / it)
Averaged stats: lr: 0.000122  sp_loss: 4.4769 (4.3290)  fam_loss: 3.3645 (3.2765)  manu_loss: 2.5248 (2.4267)  ot_loss: 2.8965 (2.8540)  base_loss: 10.4254 (10.0322)
Test:  [  0/391]  eta: 0:44:57  sploss: 6.6656 (6.6656)  famloss: 2.6512 (2.6512)  manuloss: 1.6450 (1.6450)  acc1: 8.5938 (8.5938)  acc5: 20.3125 (20.3125)  family_acc1: 44.9219 (44.9219)  manu_acc1: 60.5469 (60.5469)  time: 6.8979  data: 6.5802  max mem: 11381
Test:  [250/391]  eta: 0:01:11  sploss: 6.5003 (6.6642)  famloss: 2.8394 (2.8579)  manuloss: 1.8788 (1.8158)  acc1: 9.7656 (8.8070)  acc5: 20.3125 (19.3585)  family_acc1: 42.1875 (42.1548)  manu_acc1: 57.0312 (59.3983)  time: 0.4057  data: 0.1702  max mem: 11381
Test:  [390/391]  eta: 0:00:00  sploss: 6.5034 (6.6207)  famloss: 2.6286 (2.7900)  manuloss: 1.4508 (1.7422)  acc1: 8.5938 (8.9180)  acc5: 21.0938 (19.6340)  family_acc1: 46.4844 (43.2160)  manu_acc1: 67.1875 (61.0780)  time: 0.4041  data: 0.2113  max mem: 11381
Test: Total time: 0:03:06 (0.4778 s / it)
* Acc@1 8.918 Acc@5 19.634 family@1 43.216 manu@1 61.078 sploss 6.621 fmloss 2.790 mfloss 1.742
FPA: 5.751% | TICE: 70.824%   
 wAP: 13.495  |  LCA: 220.903   |   Precision and Recall: 24.166%
Accuracy of the network on the 100000 test images: 8.9%
Max accuracy: 8.94%
Do not use KL loss
Epoch: [54]  [ 0/78]  eta: 0:08:52  lr: 0.000119  sp_loss: 2.9619 (2.9619)  fam_loss: 2.3767 (2.3767)  manu_loss: 1.8397 (1.8397)  ot_loss: 2.2246 (2.2246)  base_loss: 7.1784 (7.1784)  time: 6.8279  data: 6.5450  max mem: 11381
Epoch: [54]  [77/78]  eta: 0:00:00  lr: 0.000119  sp_loss: 4.2198 (4.1353)  fam_loss: 3.1440 (3.1665)  manu_loss: 2.3675 (2.3606)  ot_loss: 2.7188 (2.7990)  base_loss: 9.6342 (9.6624)  time: 0.4454  data: 0.2102  max mem: 11381
Epoch: [54] Total time: 0:00:44 (0.5697 s / it)
Averaged stats: lr: 0.000119  sp_loss: 4.2198 (4.1353)  fam_loss: 3.1440 (3.1665)  manu_loss: 2.3675 (2.3606)  ot_loss: 2.7188 (2.7990)  base_loss: 9.6342 (9.6624)
Test:  [  0/391]  eta: 0:49:14  sploss: 6.6771 (6.6771)  famloss: 2.6373 (2.6373)  manuloss: 1.5851 (1.5851)  acc1: 9.7656 (9.7656)  acc5: 21.0938 (21.0938)  family_acc1: 43.3594 (43.3594)  manu_acc1: 61.3281 (61.3281)  time: 7.5558  data: 7.3341  max mem: 11381
Test:  [250/391]  eta: 0:01:11  sploss: 6.5024 (6.6883)  famloss: 2.8603 (2.8595)  manuloss: 1.8591 (1.8148)  acc1: 8.9844 (8.8319)  acc5: 19.5312 (19.2449)  family_acc1: 42.1875 (42.0039)  manu_acc1: 57.0312 (59.2225)  time: 0.3713  data: 0.1404  max mem: 11381
Test:  [390/391]  eta: 0:00:00  sploss: 6.5551 (6.6427)  famloss: 2.6175 (2.7898)  manuloss: 1.4359 (1.7379)  acc1: 8.5938 (8.8970)  acc5: 19.9219 (19.5760)  family_acc1: 46.4844 (43.1090)  manu_acc1: 68.1250 (60.8420)  time: 0.3312  data: 0.1342  max mem: 11381
Test: Total time: 0:03:07 (0.4799 s / it)
* Acc@1 8.897 Acc@5 19.576 family@1 43.109 manu@1 60.842 sploss 6.643 fmloss 2.790 mfloss 1.738
FPA: 5.710% | TICE: 70.696%   
 wAP: 13.461  |  LCA: 221.240   |   Precision and Recall: 24.049%
Accuracy of the network on the 100000 test images: 8.9%
Max accuracy: 8.94%
Do not use KL loss
Epoch: [55]  [ 0/78]  eta: 0:09:06  lr: 0.000115  sp_loss: 4.7580 (4.7580)  fam_loss: 3.5618 (3.5618)  manu_loss: 2.6019 (2.6019)  ot_loss: 3.2539 (3.2539)  base_loss: 10.9217 (10.9217)  time: 7.0018  data: 6.7009  max mem: 11381
Epoch: [55]  [77/78]  eta: 0:00:00  lr: 0.000115  sp_loss: 4.4839 (4.1256)  fam_loss: 3.3660 (3.1389)  manu_loss: 2.5162 (2.3258)  ot_loss: 2.8359 (2.7827)  base_loss: 10.4077 (9.5903)  time: 0.4350  data: 0.2031  max mem: 11381
Epoch: [55] Total time: 0:00:42 (0.5499 s / it)
Averaged stats: lr: 0.000115  sp_loss: 4.4839 (4.1256)  fam_loss: 3.3660 (3.1389)  manu_loss: 2.5162 (2.3258)  ot_loss: 2.8359 (2.7827)  base_loss: 10.4077 (9.5903)
Test:  [  0/391]  eta: 0:44:18  sploss: 6.5886 (6.5886)  famloss: 2.6205 (2.6205)  manuloss: 1.5920 (1.5920)  acc1: 9.7656 (9.7656)  acc5: 20.7031 (20.7031)  family_acc1: 43.7500 (43.7500)  manu_acc1: 63.2812 (63.2812)  time: 6.7983  data: 6.4286  max mem: 11381
Test:  [250/391]  eta: 0:01:11  sploss: 6.4499 (6.6359)  famloss: 2.7891 (2.7977)  manuloss: 1.8315 (1.7838)  acc1: 9.3750 (9.0622)  acc5: 19.9219 (19.8067)  family_acc1: 41.4062 (42.7789)  manu_acc1: 57.8125 (60.0551)  time: 0.4786  data: 0.2407  max mem: 11381
Test:  [390/391]  eta: 0:00:00  sploss: 6.4923 (6.5894)  famloss: 2.5556 (2.7271)  manuloss: 1.3956 (1.7082)  acc1: 9.3750 (9.1710)  acc5: 21.4844 (20.1240)  family_acc1: 46.4844 (43.8650)  manu_acc1: 67.9688 (61.6970)  time: 0.4124  data: 0.2204  max mem: 11381
Test: Total time: 0:03:11 (0.4891 s / it)
* Acc@1 9.171 Acc@5 20.124 family@1 43.865 manu@1 61.697 sploss 6.589 fmloss 2.727 mfloss 1.708
FPA: 6.059% | TICE: 69.972%   
 wAP: 13.795  |  LCA: 219.907   |   Precision and Recall: 24.468%
Accuracy of the network on the 100000 test images: 9.2%
Max accuracy: 9.17%
Do not use KL loss
Epoch: [56]  [ 0/78]  eta: 0:07:55  lr: 0.000111  sp_loss: 4.4494 (4.4494)  fam_loss: 3.3243 (3.3243)  manu_loss: 2.4898 (2.4898)  ot_loss: 2.9375 (2.9375)  base_loss: 10.2635 (10.2635)  time: 6.0952  data: 5.8145  max mem: 11381
Epoch: [56]  [77/78]  eta: 0:00:00  lr: 0.000111  sp_loss: 4.8067 (4.2309)  fam_loss: 3.4707 (3.2043)  manu_loss: 2.5825 (2.3750)  ot_loss: 3.0039 (2.8317)  base_loss: 10.9109 (9.8102)  time: 0.4535  data: 0.2199  max mem: 11381
Epoch: [56] Total time: 0:00:43 (0.5595 s / it)
Averaged stats: lr: 0.000111  sp_loss: 4.8067 (4.2309)  fam_loss: 3.4707 (3.2043)  manu_loss: 2.5825 (2.3750)  ot_loss: 3.0039 (2.8317)  base_loss: 10.9109 (9.8102)
Test:  [  0/391]  eta: 0:42:20  sploss: 6.6977 (6.6977)  famloss: 2.7316 (2.7316)  manuloss: 1.6504 (1.6504)  acc1: 9.3750 (9.3750)  acc5: 19.9219 (19.9219)  family_acc1: 42.5781 (42.5781)  manu_acc1: 62.1094 (62.1094)  time: 6.4964  data: 6.2221  max mem: 11381
Test:  [250/391]  eta: 0:01:16  sploss: 6.5372 (6.7300)  famloss: 2.8966 (2.8880)  manuloss: 1.9097 (1.8407)  acc1: 8.5938 (8.6031)  acc5: 20.7031 (18.9523)  family_acc1: 41.0156 (41.8700)  manu_acc1: 55.4688 (59.3439)  time: 0.4833  data: 0.2306  max mem: 11381
Test:  [390/391]  eta: 0:00:00  sploss: 6.5974 (6.6844)  famloss: 2.6607 (2.8197)  manuloss: 1.4762 (1.7657)  acc1: 8.9844 (8.7240)  acc5: 20.3125 (19.2910)  family_acc1: 46.8750 (42.9750)  manu_acc1: 68.3594 (61.0120)  time: 0.4004  data: 0.2061  max mem: 11381
Test: Total time: 0:03:24 (0.5239 s / it)
* Acc@1 8.724 Acc@5 19.291 family@1 42.975 manu@1 61.012 sploss 6.684 fmloss 2.820 mfloss 1.766
FPA: 5.629% | TICE: 71.176%   
 wAP: 13.300  |  LCA: 222.227   |   Precision and Recall: 23.732%
Accuracy of the network on the 100000 test images: 8.7%
Max accuracy: 9.17%
Do not use KL loss
Epoch: [57]  [ 0/78]  eta: 0:10:13  lr: 0.000108  sp_loss: 3.2317 (3.2317)  fam_loss: 2.6020 (2.6020)  manu_loss: 1.9915 (1.9915)  ot_loss: 2.3242 (2.3242)  base_loss: 7.8252 (7.8252)  time: 7.8680  data: 7.5612  max mem: 11381
Epoch: [57]  [77/78]  eta: 0:00:00  lr: 0.000108  sp_loss: 4.6797 (4.1510)  fam_loss: 3.5033 (3.1883)  manu_loss: 2.5409 (2.3555)  ot_loss: 2.9922 (2.7815)  base_loss: 10.7427 (9.6948)  time: 0.4309  data: 0.1986  max mem: 11381
Epoch: [57] Total time: 0:00:46 (0.5918 s / it)
Averaged stats: lr: 0.000108  sp_loss: 4.6797 (4.1510)  fam_loss: 3.5033 (3.1883)  manu_loss: 2.5409 (2.3555)  ot_loss: 2.9922 (2.7815)  base_loss: 10.7427 (9.6948)
Test:  [  0/391]  eta: 0:39:14  sploss: 6.6337 (6.6337)  famloss: 2.6387 (2.6387)  manuloss: 1.6063 (1.6063)  acc1: 8.9844 (8.9844)  acc5: 24.2188 (24.2188)  family_acc1: 43.7500 (43.7500)  manu_acc1: 65.2344 (65.2344)  time: 6.0210  data: 5.7344  max mem: 11381
Test:  [250/391]  eta: 0:01:16  sploss: 6.5093 (6.6993)  famloss: 2.8533 (2.8556)  manuloss: 1.9158 (1.8212)  acc1: 9.3750 (8.7089)  acc5: 19.9219 (19.0955)  family_acc1: 41.4062 (42.1922)  manu_acc1: 55.8594 (59.5913)  time: 0.4403  data: 0.1766  max mem: 11381
Test:  [390/391]  eta: 0:00:00  sploss: 6.5384 (6.6543)  famloss: 2.5957 (2.7862)  manuloss: 1.4466 (1.7448)  acc1: 8.5938 (8.8360)  acc5: 20.7031 (19.4170)  family_acc1: 48.0469 (43.2330)  manu_acc1: 68.7500 (61.2730)  time: 0.4215  data: 0.2303  max mem: 11381
Test: Total time: 0:03:27 (0.5312 s / it)
* Acc@1 8.836 Acc@5 19.417 family@1 43.233 manu@1 61.273 sploss 6.654 fmloss 2.786 mfloss 1.745
FPA: 5.836% | TICE: 70.892%   
 wAP: 13.429  |  LCA: 221.569   |   Precision and Recall: 23.952%
Accuracy of the network on the 100000 test images: 8.8%
Max accuracy: 9.17%
Do not use KL loss
Epoch: [58]  [ 0/78]  eta: 0:09:50  lr: 0.000104  sp_loss: 2.1637 (2.1637)  fam_loss: 1.8410 (1.8410)  manu_loss: 1.4752 (1.4752)  ot_loss: 2.0117 (2.0117)  base_loss: 5.4799 (5.4799)  time: 7.5693  data: 7.2880  max mem: 11381
Epoch: [58]  [77/78]  eta: 0:00:00  lr: 0.000104  sp_loss: 4.3197 (4.2413)  fam_loss: 3.3051 (3.2132)  manu_loss: 2.4117 (2.3638)  ot_loss: 2.7539 (2.8223)  base_loss: 10.1581 (9.8182)  time: 0.4665  data: 0.2350  max mem: 11381
Epoch: [58] Total time: 0:00:44 (0.5700 s / it)
Averaged stats: lr: 0.000104  sp_loss: 4.3197 (4.2413)  fam_loss: 3.3051 (3.2132)  manu_loss: 2.4117 (2.3638)  ot_loss: 2.7539 (2.8223)  base_loss: 10.1581 (9.8182)
Test:  [  0/391]  eta: 0:49:56  sploss: 6.6716 (6.6716)  famloss: 2.6431 (2.6431)  manuloss: 1.5992 (1.5992)  acc1: 8.9844 (8.9844)  acc5: 21.4844 (21.4844)  family_acc1: 48.0469 (48.0469)  manu_acc1: 64.4531 (64.4531)  time: 7.6637  data: 7.3704  max mem: 11381
Test:  [250/391]  eta: 0:01:14  sploss: 6.5106 (6.7250)  famloss: 2.8481 (2.8567)  manuloss: 1.9423 (1.8282)  acc1: 8.5938 (8.5486)  acc5: 19.9219 (18.8263)  family_acc1: 40.6250 (41.6802)  manu_acc1: 55.8594 (59.5446)  time: 0.4193  data: 0.1720  max mem: 11381
Test:  [390/391]  eta: 0:00:00  sploss: 6.5996 (6.6821)  famloss: 2.6120 (2.7888)  manuloss: 1.4405 (1.7515)  acc1: 8.2031 (8.6250)  acc5: 19.9219 (19.1400)  family_acc1: 45.7031 (42.8030)  manu_acc1: 69.1406 (61.2520)  time: 0.4291  data: 0.2391  max mem: 11381
Test: Total time: 0:03:21 (0.5160 s / it)
* Acc@1 8.625 Acc@5 19.140 family@1 42.803 manu@1 61.252 sploss 6.682 fmloss 2.789 mfloss 1.751
FPA: 5.680% | TICE: 70.835%   
 wAP: 13.202  |  LCA: 222.678   |   Precision and Recall: 23.559%
Accuracy of the network on the 100000 test images: 8.6%
Max accuracy: 9.17%
Do not use KL loss
Epoch: [59]  [ 0/78]  eta: 0:08:32  lr: 0.000100  sp_loss: 5.0862 (5.0862)  fam_loss: 3.7013 (3.7013)  manu_loss: 2.6685 (2.6685)  ot_loss: 3.0742 (3.0742)  base_loss: 11.4560 (11.4560)  time: 6.5683  data: 6.2512  max mem: 11381
Epoch: [59]  [77/78]  eta: 0:00:00  lr: 0.000100  sp_loss: 4.3414 (4.2279)  fam_loss: 3.4759 (3.1916)  manu_loss: 2.5484 (2.3662)  ot_loss: 2.8301 (2.7968)  base_loss: 10.3433 (9.7858)  time: 0.4162  data: 0.1870  max mem: 11381
Epoch: [59] Total time: 0:00:38 (0.4995 s / it)
Averaged stats: lr: 0.000100  sp_loss: 4.3414 (4.2279)  fam_loss: 3.4759 (3.1916)  manu_loss: 2.5484 (2.3662)  ot_loss: 2.8301 (2.7968)  base_loss: 10.3433 (9.7858)
Test:  [  0/391]  eta: 0:51:19  sploss: 6.6195 (6.6195)  famloss: 2.6648 (2.6648)  manuloss: 1.6524 (1.6524)  acc1: 12.8906 (12.8906)  acc5: 22.6562 (22.6562)  family_acc1: 45.3125 (45.3125)  manu_acc1: 62.5000 (62.5000)  time: 7.8759  data: 7.6335  max mem: 11381
Test:  [250/391]  eta: 0:01:11  sploss: 6.5249 (6.6826)  famloss: 2.8926 (2.9026)  manuloss: 1.9385 (1.8585)  acc1: 9.3750 (8.7961)  acc5: 20.3125 (19.1686)  family_acc1: 42.1875 (42.1953)  manu_acc1: 56.6406 (59.4108)  time: 0.3765  data: 0.1399  max mem: 11381
Test:  [390/391]  eta: 0:00:00  sploss: 6.5169 (6.6389)  famloss: 2.6512 (2.8355)  manuloss: 1.4641 (1.7828)  acc1: 8.7500 (8.8570)  acc5: 20.7031 (19.4640)  family_acc1: 46.4844 (43.2870)  manu_acc1: 67.9688 (61.1200)  time: 0.3925  data: 0.1957  max mem: 11381
Test: Total time: 0:03:13 (0.4939 s / it)
* Acc@1 8.857 Acc@5 19.464 family@1 43.287 manu@1 61.120 sploss 6.639 fmloss 2.835 mfloss 1.783
FPA: 5.765% | TICE: 70.510%   
 wAP: 13.449  |  LCA: 221.227   |   Precision and Recall: 24.016%
Accuracy of the network on the 100000 test images: 8.9%
Max accuracy: 9.17%
Do not use KL loss
Epoch: [60]  [ 0/78]  eta: 0:09:04  lr: 0.000097  sp_loss: 4.1894 (4.1894)  fam_loss: 3.0450 (3.0450)  manu_loss: 2.2394 (2.2394)  ot_loss: 2.6172 (2.6172)  base_loss: 9.4738 (9.4738)  time: 6.9799  data: 6.6798  max mem: 11381
Epoch: [60]  [77/78]  eta: 0:00:00  lr: 0.000097  sp_loss: 4.4099 (4.1990)  fam_loss: 3.2477 (3.1955)  manu_loss: 2.4442 (2.3723)  ot_loss: 2.7461 (2.8054)  base_loss: 10.1017 (9.7669)  time: 0.4464  data: 0.2111  max mem: 11381
Epoch: [60] Total time: 0:00:41 (0.5348 s / it)
Averaged stats: lr: 0.000097  sp_loss: 4.4099 (4.1990)  fam_loss: 3.2477 (3.1955)  manu_loss: 2.4442 (2.3723)  ot_loss: 2.7461 (2.8054)  base_loss: 10.1017 (9.7669)
Test:  [  0/391]  eta: 0:45:02  sploss: 6.5855 (6.5855)  famloss: 2.5324 (2.5324)  manuloss: 1.5632 (1.5632)  acc1: 10.1562 (10.1562)  acc5: 22.2656 (22.2656)  family_acc1: 49.6094 (49.6094)  manu_acc1: 64.4531 (64.4531)  time: 6.9112  data: 6.5955  max mem: 11381
Test:  [250/391]  eta: 0:01:15  sploss: 6.5081 (6.6548)  famloss: 2.7987 (2.8083)  manuloss: 1.8942 (1.7959)  acc1: 9.7656 (9.0980)  acc5: 20.3125 (19.6978)  family_acc1: 41.7969 (42.7711)  manu_acc1: 57.0312 (59.8979)  time: 0.4351  data: 0.1498  max mem: 11381
Test:  [390/391]  eta: 0:00:00  sploss: 6.5089 (6.6103)  famloss: 2.5272 (2.7385)  manuloss: 1.3944 (1.7173)  acc1: 8.7500 (9.2210)  acc5: 20.7031 (19.9650)  family_acc1: 47.2656 (43.8580)  manu_acc1: 68.7500 (61.5120)  time: 0.4125  data: 0.2009  max mem: 11381
Test: Total time: 0:03:21 (0.5143 s / it)
* Acc@1 9.221 Acc@5 19.965 family@1 43.858 manu@1 61.512 sploss 6.610 fmloss 2.738 mfloss 1.717
FPA: 6.158% | TICE: 70.098%   
 wAP: 13.834  |  LCA: 220.274   |   Precision and Recall: 24.396%
Accuracy of the network on the 100000 test images: 9.2%
Max accuracy: 9.22%
Do not use KL loss
Epoch: [61]  [ 0/78]  eta: 0:10:08  lr: 0.000093  sp_loss: 2.6729 (2.6729)  fam_loss: 2.2035 (2.2035)  manu_loss: 1.6832 (1.6832)  ot_loss: 2.1094 (2.1094)  base_loss: 6.5595 (6.5595)  time: 7.7950  data: 7.4525  max mem: 11381
Epoch: [61]  [77/78]  eta: 0:00:00  lr: 0.000093  sp_loss: 4.2542 (4.0699)  fam_loss: 3.1454 (3.0973)  manu_loss: 2.2243 (2.2837)  ot_loss: 2.7344 (2.7175)  base_loss: 9.7012 (9.4509)  time: 0.4499  data: 0.2174  max mem: 11381
Epoch: [61] Total time: 0:00:43 (0.5564 s / it)
Averaged stats: lr: 0.000093  sp_loss: 4.2542 (4.0699)  fam_loss: 3.1454 (3.0973)  manu_loss: 2.2243 (2.2837)  ot_loss: 2.7344 (2.7175)  base_loss: 9.7012 (9.4509)
Test:  [  0/391]  eta: 0:47:37  sploss: 6.6208 (6.6208)  famloss: 2.6007 (2.6007)  manuloss: 1.6340 (1.6340)  acc1: 9.3750 (9.3750)  acc5: 20.7031 (20.7031)  family_acc1: 47.2656 (47.2656)  manu_acc1: 65.2344 (65.2344)  time: 7.3089  data: 7.0141  max mem: 11381
Test:  [250/391]  eta: 0:01:17  sploss: 6.4840 (6.6607)  famloss: 2.8317 (2.8245)  manuloss: 1.8997 (1.8164)  acc1: 9.7656 (9.0326)  acc5: 21.4844 (19.5888)  family_acc1: 42.5781 (42.7244)  manu_acc1: 57.0312 (60.2714)  time: 0.4617  data: 0.2078  max mem: 11381
Test:  [390/391]  eta: 0:00:00  sploss: 6.5040 (6.6145)  famloss: 2.5845 (2.7557)  manuloss: 1.4200 (1.7405)  acc1: 8.9844 (9.1620)  acc5: 21.0938 (19.9700)  family_acc1: 48.0469 (43.8280)  manu_acc1: 69.5312 (61.9510)  time: 0.4573  data: 0.2597  max mem: 11381
Test: Total time: 0:03:29 (0.5358 s / it)
* Acc@1 9.162 Acc@5 19.970 family@1 43.828 manu@1 61.951 sploss 6.614 fmloss 2.756 mfloss 1.740
FPA: 6.060% | TICE: 69.945%   
 wAP: 13.790  |  LCA: 219.721   |   Precision and Recall: 24.519%
Accuracy of the network on the 100000 test images: 9.2%
Max accuracy: 9.22%
Do not use KL loss
Epoch: [62]  [ 0/78]  eta: 0:09:54  lr: 0.000089  sp_loss: 5.2181 (5.2181)  fam_loss: 3.8546 (3.8546)  manu_loss: 2.9537 (2.9537)  ot_loss: 3.2559 (3.2559)  base_loss: 12.0263 (12.0263)  time: 7.6167  data: 7.3191  max mem: 11381
Epoch: [62]  [77/78]  eta: 0:00:00  lr: 0.000089  sp_loss: 3.8630 (3.8503)  fam_loss: 2.8564 (2.9511)  manu_loss: 2.1088 (2.1900)  ot_loss: 2.4414 (2.6166)  base_loss: 8.8281 (8.9914)  time: 0.4579  data: 0.2234  max mem: 11381
Epoch: [62] Total time: 0:00:43 (0.5576 s / it)
Averaged stats: lr: 0.000089  sp_loss: 3.8630 (3.8503)  fam_loss: 2.8564 (2.9511)  manu_loss: 2.1088 (2.1900)  ot_loss: 2.4414 (2.6166)  base_loss: 8.8281 (8.9914)
Test:  [  0/391]  eta: 0:52:21  sploss: 6.6137 (6.6137)  famloss: 2.6599 (2.6599)  manuloss: 1.6377 (1.6377)  acc1: 12.1094 (12.1094)  acc5: 23.0469 (23.0469)  family_acc1: 46.8750 (46.8750)  manu_acc1: 64.8438 (64.8438)  time: 8.0337  data: 7.7472  max mem: 11381
Test:  [250/391]  eta: 0:01:15  sploss: 6.5287 (6.7007)  famloss: 2.8890 (2.8945)  manuloss: 1.9143 (1.8365)  acc1: 9.3750 (8.8723)  acc5: 20.3125 (19.4706)  family_acc1: 41.7969 (42.5392)  manu_acc1: 57.4219 (59.7734)  time: 0.3710  data: 0.1396  max mem: 11381
Test:  [390/391]  eta: 0:00:00  sploss: 6.5561 (6.6572)  famloss: 2.6712 (2.8257)  manuloss: 1.4355 (1.7606)  acc1: 9.3750 (9.0050)  acc5: 21.0938 (19.7710)  family_acc1: 46.8750 (43.5880)  manu_acc1: 67.9688 (61.5070)  time: 0.4064  data: 0.2146  max mem: 11381
Test: Total time: 0:03:23 (0.5216 s / it)
* Acc@1 9.005 Acc@5 19.771 family@1 43.588 manu@1 61.507 sploss 6.657 fmloss 2.826 mfloss 1.761
FPA: 5.919% | TICE: 70.610%   
 wAP: 13.618  |  LCA: 221.288   |   Precision and Recall: 24.052%
Accuracy of the network on the 100000 test images: 9.0%
Max accuracy: 9.22%
Do not use KL loss
Epoch: [63]  [ 0/78]  eta: 0:09:33  lr: 0.000086  sp_loss: 5.3497 (5.3497)  fam_loss: 4.0189 (4.0189)  manu_loss: 2.8825 (2.8825)  ot_loss: 3.3379 (3.3379)  base_loss: 12.2511 (12.2511)  time: 7.3552  data: 7.0489  max mem: 11381
Epoch: [63]  [77/78]  eta: 0:00:00  lr: 0.000086  sp_loss: 4.5961 (4.1926)  fam_loss: 3.4187 (3.1973)  manu_loss: 2.4495 (2.3657)  ot_loss: 3.0000 (2.7717)  base_loss: 10.5332 (9.7557)  time: 0.4556  data: 0.2221  max mem: 11381
Epoch: [63] Total time: 0:00:41 (0.5302 s / it)
Averaged stats: lr: 0.000086  sp_loss: 4.5961 (4.1926)  fam_loss: 3.4187 (3.1973)  manu_loss: 2.4495 (2.3657)  ot_loss: 3.0000 (2.7717)  base_loss: 10.5332 (9.7557)
Test:  [  0/391]  eta: 0:55:09  sploss: 6.6526 (6.6526)  famloss: 2.6361 (2.6361)  manuloss: 1.6197 (1.6197)  acc1: 10.9375 (10.9375)  acc5: 21.8750 (21.8750)  family_acc1: 47.2656 (47.2656)  manu_acc1: 62.8906 (62.8906)  time: 8.4634  data: 8.1538  max mem: 11381
Test:  [250/391]  eta: 0:01:15  sploss: 6.5221 (6.7017)  famloss: 2.8950 (2.8801)  manuloss: 1.9249 (1.8377)  acc1: 8.9844 (8.9315)  acc5: 19.5312 (19.3881)  family_acc1: 41.4062 (42.3976)  manu_acc1: 56.6406 (59.7968)  time: 0.4348  data: 0.1801  max mem: 11381
Test:  [390/391]  eta: 0:00:00  sploss: 6.5530 (6.6572)  famloss: 2.6355 (2.8105)  manuloss: 1.4555 (1.7626)  acc1: 8.9844 (9.0180)  acc5: 19.9219 (19.6890)  family_acc1: 46.8750 (43.4340)  manu_acc1: 68.7500 (61.4320)  time: 0.4112  data: 0.2179  max mem: 11381
Test: Total time: 0:03:22 (0.5184 s / it)
* Acc@1 9.018 Acc@5 19.689 family@1 43.434 manu@1 61.432 sploss 6.657 fmloss 2.810 mfloss 1.763
FPA: 5.982% | TICE: 70.286%   
 wAP: 13.613  |  LCA: 220.874   |   Precision and Recall: 24.132%
Accuracy of the network on the 100000 test images: 9.0%
Max accuracy: 9.22%
Do not use KL loss
Epoch: [64]  [ 0/78]  eta: 0:09:20  lr: 0.000082  sp_loss: 3.9235 (3.9235)  fam_loss: 3.0743 (3.0743)  manu_loss: 2.3039 (2.3039)  ot_loss: 2.6055 (2.6055)  base_loss: 9.3017 (9.3017)  time: 7.1871  data: 6.8582  max mem: 11381
Epoch: [64]  [77/78]  eta: 0:00:00  lr: 0.000082  sp_loss: 4.2922 (4.0244)  fam_loss: 3.0530 (3.0812)  manu_loss: 2.2932 (2.2902)  ot_loss: 2.6758 (2.6928)  base_loss: 9.6384 (9.3958)  time: 0.4594  data: 0.2268  max mem: 11381
Epoch: [64] Total time: 0:00:44 (0.5648 s / it)
Averaged stats: lr: 0.000082  sp_loss: 4.2922 (4.0244)  fam_loss: 3.0530 (3.0812)  manu_loss: 2.2932 (2.2902)  ot_loss: 2.6758 (2.6928)  base_loss: 9.6384 (9.3958)
Test:  [  0/391]  eta: 0:39:44  sploss: 6.6150 (6.6150)  famloss: 2.6760 (2.6760)  manuloss: 1.6683 (1.6683)  acc1: 11.7188 (11.7188)  acc5: 21.4844 (21.4844)  family_acc1: 44.9219 (44.9219)  manu_acc1: 62.5000 (62.5000)  time: 6.0996  data: 5.7471  max mem: 11381
Test:  [250/391]  eta: 0:01:16  sploss: 6.5387 (6.7132)  famloss: 2.8917 (2.8744)  manuloss: 1.9192 (1.8357)  acc1: 8.5938 (8.7836)  acc5: 21.0938 (19.1484)  family_acc1: 41.7969 (42.2731)  manu_acc1: 57.0312 (59.8310)  time: 0.5107  data: 0.2446  max mem: 11381
Test:  [390/391]  eta: 0:00:00  sploss: 6.5546 (6.6714)  famloss: 2.6404 (2.8055)  manuloss: 1.4449 (1.7610)  acc1: 8.9844 (8.8790)  acc5: 20.3125 (19.4460)  family_acc1: 47.2656 (43.3530)  manu_acc1: 69.5312 (61.4890)  time: 0.4287  data: 0.2362  max mem: 11381
Test: Total time: 0:03:23 (0.5208 s / it)
* Acc@1 8.879 Acc@5 19.446 family@1 43.353 manu@1 61.489 sploss 6.671 fmloss 2.805 mfloss 1.761
FPA: 5.849% | TICE: 70.468%   
 wAP: 13.484  |  LCA: 221.532   |   Precision and Recall: 23.928%
Accuracy of the network on the 100000 test images: 8.9%
Max accuracy: 9.22%
Do not use KL loss
Epoch: [65]  [ 0/78]  eta: 0:09:50  lr: 0.000079  sp_loss: 2.4605 (2.4605)  fam_loss: 2.1261 (2.1261)  manu_loss: 1.6207 (1.6207)  ot_loss: 2.0508 (2.0508)  base_loss: 6.2073 (6.2073)  time: 7.5746  data: 7.2895  max mem: 11381
Epoch: [65]  [77/78]  eta: 0:00:00  lr: 0.000079  sp_loss: 4.4078 (3.9850)  fam_loss: 3.3995 (3.0396)  manu_loss: 2.4980 (2.2659)  ot_loss: 2.8691 (2.6660)  base_loss: 10.2254 (9.2905)  time: 0.4249  data: 0.1926  max mem: 11381
Epoch: [65] Total time: 0:00:41 (0.5258 s / it)
Averaged stats: lr: 0.000079  sp_loss: 4.4078 (3.9850)  fam_loss: 3.3995 (3.0396)  manu_loss: 2.4980 (2.2659)  ot_loss: 2.8691 (2.6660)  base_loss: 10.2254 (9.2905)
Test:  [  0/391]  eta: 0:47:19  sploss: 6.6578 (6.6578)  famloss: 2.6864 (2.6864)  manuloss: 1.6478 (1.6478)  acc1: 12.1094 (12.1094)  acc5: 22.6562 (22.6562)  family_acc1: 46.4844 (46.4844)  manu_acc1: 65.2344 (65.2344)  time: 7.2632  data: 6.9261  max mem: 11381
Test:  [250/391]  eta: 0:01:14  sploss: 6.5457 (6.7083)  famloss: 2.9145 (2.8993)  manuloss: 1.9391 (1.8533)  acc1: 8.9844 (8.8396)  acc5: 19.9219 (19.1780)  family_acc1: 41.0156 (42.3805)  manu_acc1: 57.4219 (59.8279)  time: 0.3860  data: 0.1217  max mem: 11381
Test:  [390/391]  eta: 0:00:00  sploss: 6.5570 (6.6658)  famloss: 2.6343 (2.8303)  manuloss: 1.4660 (1.7781)  acc1: 8.5938 (8.9320)  acc5: 21.0938 (19.5150)  family_acc1: 47.6562 (43.4750)  manu_acc1: 67.5781 (61.4540)  time: 0.4192  data: 0.2270  max mem: 11381
Test: Total time: 0:03:18 (0.5077 s / it)
* Acc@1 8.932 Acc@5 19.515 family@1 43.475 manu@1 61.454 sploss 6.666 fmloss 2.830 mfloss 1.778
FPA: 5.911% | TICE: 70.489%   
 wAP: 13.542  |  LCA: 221.166   |   Precision and Recall: 24.073%
Accuracy of the network on the 100000 test images: 8.9%
Max accuracy: 9.22%
Do not use KL loss
Epoch: [66]  [ 0/78]  eta: 0:10:06  lr: 0.000076  sp_loss: 4.6988 (4.6988)  fam_loss: 3.5174 (3.5174)  manu_loss: 2.6347 (2.6347)  ot_loss: 2.9473 (2.9473)  base_loss: 10.8509 (10.8509)  time: 7.7800  data: 7.5010  max mem: 11381
Epoch: [66]  [77/78]  eta: 0:00:00  lr: 0.000076  sp_loss: 4.4402 (4.1225)  fam_loss: 3.3201 (3.1307)  manu_loss: 2.4550 (2.3130)  ot_loss: 2.8516 (2.7461)  base_loss: 10.0586 (9.5661)  time: 0.4412  data: 0.2073  max mem: 11381
Epoch: [66] Total time: 0:00:42 (0.5445 s / it)
Averaged stats: lr: 0.000076  sp_loss: 4.4402 (4.1225)  fam_loss: 3.3201 (3.1307)  manu_loss: 2.4550 (2.3130)  ot_loss: 2.8516 (2.7461)  base_loss: 10.0586 (9.5661)
Test:  [  0/391]  eta: 0:52:25  sploss: 6.6599 (6.6599)  famloss: 2.6993 (2.6993)  manuloss: 1.6553 (1.6553)  acc1: 10.9375 (10.9375)  acc5: 21.4844 (21.4844)  family_acc1: 44.9219 (44.9219)  manu_acc1: 63.2812 (63.2812)  time: 8.0442  data: 7.7494  max mem: 11381
Test:  [250/391]  eta: 0:01:20  sploss: 6.5573 (6.7168)  famloss: 2.9067 (2.8940)  manuloss: 1.9300 (1.8464)  acc1: 8.9844 (8.8459)  acc5: 19.5312 (19.2667)  family_acc1: 41.4062 (42.5719)  manu_acc1: 58.2031 (59.9586)  time: 0.4552  data: 0.1716  max mem: 11381
Test:  [390/391]  eta: 0:00:00  sploss: 6.5647 (6.6762)  famloss: 2.6258 (2.8258)  manuloss: 1.4542 (1.7721)  acc1: 8.9844 (8.9690)  acc5: 20.7031 (19.5500)  family_acc1: 47.6562 (43.6220)  manu_acc1: 68.1250 (61.5980)  time: 0.4223  data: 0.2196  max mem: 11381
Test: Total time: 0:03:34 (0.5495 s / it)
* Acc@1 8.969 Acc@5 19.550 family@1 43.622 manu@1 61.598 sploss 6.676 fmloss 2.826 mfloss 1.772
FPA: 5.947% | TICE: 70.663%   
 wAP: 13.592  |  LCA: 221.499   |   Precision and Recall: 23.999%
Accuracy of the network on the 100000 test images: 9.0%
Max accuracy: 9.22%
Do not use KL loss
Epoch: [67]  [ 0/78]  eta: 0:09:42  lr: 0.000072  sp_loss: 2.3384 (2.3384)  fam_loss: 1.9666 (1.9666)  manu_loss: 1.4966 (1.4966)  ot_loss: 1.8691 (1.8691)  base_loss: 5.8016 (5.8016)  time: 7.4621  data: 7.1742  max mem: 11381
Epoch: [67]  [77/78]  eta: 0:00:00  lr: 0.000072  sp_loss: 4.4380 (4.1565)  fam_loss: 3.3469 (3.1590)  manu_loss: 2.4806 (2.3455)  ot_loss: 2.8359 (2.7548)  base_loss: 10.3415 (9.6610)  time: 0.4817  data: 0.2432  max mem: 11381
Epoch: [67] Total time: 0:00:43 (0.5598 s / it)
Averaged stats: lr: 0.000072  sp_loss: 4.4380 (4.1565)  fam_loss: 3.3469 (3.1590)  manu_loss: 2.4806 (2.3455)  ot_loss: 2.8359 (2.7548)  base_loss: 10.3415 (9.6610)
Test:  [  0/391]  eta: 0:48:54  sploss: 6.6682 (6.6682)  famloss: 2.6946 (2.6946)  manuloss: 1.6233 (1.6233)  acc1: 11.3281 (11.3281)  acc5: 20.7031 (20.7031)  family_acc1: 45.3125 (45.3125)  manu_acc1: 62.5000 (62.5000)  time: 7.5052  data: 7.1966  max mem: 11381
Test:  [250/391]  eta: 0:01:15  sploss: 6.5364 (6.6888)  famloss: 2.8720 (2.8751)  manuloss: 1.9028 (1.8389)  acc1: 9.3750 (9.0186)  acc5: 19.9219 (19.5530)  family_acc1: 41.7969 (42.7104)  manu_acc1: 57.4219 (60.0613)  time: 0.4613  data: 0.1936  max mem: 11381
Test:  [390/391]  eta: 0:00:00  sploss: 6.5264 (6.6490)  famloss: 2.6276 (2.8058)  manuloss: 1.4303 (1.7619)  acc1: 8.9844 (9.0920)  acc5: 20.7031 (19.8180)  family_acc1: 47.6562 (43.7760)  manu_acc1: 67.9688 (61.7080)  time: 0.4117  data: 0.2125  max mem: 11381
Test: Total time: 0:03:23 (0.5207 s / it)
* Acc@1 9.092 Acc@5 19.818 family@1 43.776 manu@1 61.708 sploss 6.649 fmloss 2.806 mfloss 1.762
FPA: 6.055% | TICE: 70.141%   
 wAP: 13.718  |  LCA: 220.457   |   Precision and Recall: 24.313%
Accuracy of the network on the 100000 test images: 9.1%
Max accuracy: 9.22%
Do not use KL loss
Epoch: [68]  [ 0/78]  eta: 0:09:58  lr: 0.000069  sp_loss: 3.7110 (3.7110)  fam_loss: 2.8735 (2.8735)  manu_loss: 2.1963 (2.1963)  ot_loss: 2.3965 (2.3965)  base_loss: 8.7808 (8.7808)  time: 7.6675  data: 7.3660  max mem: 11381
Epoch: [68]  [77/78]  eta: 0:00:00  lr: 0.000069  sp_loss: 3.8791 (3.8741)  fam_loss: 2.8421 (2.9651)  manu_loss: 2.0877 (2.1971)  ot_loss: 2.4004 (2.6075)  base_loss: 8.8089 (9.0363)  time: 0.4734  data: 0.2387  max mem: 11381
Epoch: [68] Total time: 0:00:45 (0.5820 s / it)
Averaged stats: lr: 0.000069  sp_loss: 3.8791 (3.8741)  fam_loss: 2.8421 (2.9651)  manu_loss: 2.0877 (2.1971)  ot_loss: 2.4004 (2.6075)  base_loss: 8.8089 (9.0363)
Test:  [  0/391]  eta: 0:40:56  sploss: 6.6239 (6.6239)  famloss: 2.6831 (2.6831)  manuloss: 1.6441 (1.6441)  acc1: 10.5469 (10.5469)  acc5: 21.8750 (21.8750)  family_acc1: 46.0938 (46.0938)  manu_acc1: 64.0625 (64.0625)  time: 6.2836  data: 5.9645  max mem: 11381
Test:  [250/391]  eta: 0:01:18  sploss: 6.5165 (6.6750)  famloss: 2.8793 (2.8716)  manuloss: 1.9243 (1.8442)  acc1: 9.3750 (9.2163)  acc5: 21.0938 (19.8487)  family_acc1: 41.7969 (42.6948)  manu_acc1: 56.6406 (59.8076)  time: 0.6200  data: 0.3548  max mem: 11381
Test:  [390/391]  eta: 0:00:00  sploss: 6.5170 (6.6313)  famloss: 2.6355 (2.8026)  manuloss: 1.4505 (1.7676)  acc1: 8.2031 (9.3070)  acc5: 21.4844 (20.1820)  family_acc1: 47.2656 (43.7440)  manu_acc1: 69.1406 (61.4920)  time: 0.4469  data: 0.2565  max mem: 11381
Test: Total time: 0:03:29 (0.5362 s / it)
* Acc@1 9.307 Acc@5 20.182 family@1 43.744 manu@1 61.492 sploss 6.631 fmloss 2.803 mfloss 1.768
FPA: 6.189% | TICE: 69.892%   
 wAP: 13.898  |  LCA: 219.723   |   Precision and Recall: 24.550%
Accuracy of the network on the 100000 test images: 9.3%
Max accuracy: 9.31%
Do not use KL loss
Epoch: [69]  [ 0/78]  eta: 0:09:45  lr: 0.000066  sp_loss: 3.0243 (3.0243)  fam_loss: 2.3558 (2.3558)  manu_loss: 1.7086 (1.7086)  ot_loss: 2.0879 (2.0879)  base_loss: 7.0888 (7.0888)  time: 7.5084  data: 7.1012  max mem: 11381
Epoch: [69]  [77/78]  eta: 0:00:00  lr: 0.000066  sp_loss: 4.5361 (3.9924)  fam_loss: 3.3607 (3.0535)  manu_loss: 2.4354 (2.2480)  ot_loss: 2.9531 (2.6858)  base_loss: 10.4104 (9.2940)  time: 0.4342  data: 0.2038  max mem: 11381
Epoch: [69] Total time: 0:00:41 (0.5288 s / it)
Averaged stats: lr: 0.000066  sp_loss: 4.5361 (3.9924)  fam_loss: 3.3607 (3.0535)  manu_loss: 2.4354 (2.2480)  ot_loss: 2.9531 (2.6858)  base_loss: 10.4104 (9.2940)
Test:  [  0/391]  eta: 0:48:33  sploss: 6.6618 (6.6618)  famloss: 2.6869 (2.6869)  manuloss: 1.6354 (1.6354)  acc1: 10.9375 (10.9375)  acc5: 22.6562 (22.6562)  family_acc1: 46.8750 (46.8750)  manu_acc1: 62.8906 (62.8906)  time: 7.4513  data: 7.1384  max mem: 11381
Test:  [250/391]  eta: 0:01:08  sploss: 6.5519 (6.7098)  famloss: 2.9273 (2.9034)  manuloss: 1.9564 (1.8595)  acc1: 9.7656 (8.8599)  acc5: 20.3125 (19.3352)  family_acc1: 41.4062 (42.7135)  manu_acc1: 57.8125 (59.8310)  time: 0.4942  data: 0.2368  max mem: 11381
Test:  [390/391]  eta: 0:00:00  sploss: 6.5408 (6.6677)  famloss: 2.6672 (2.8363)  manuloss: 1.4711 (1.7856)  acc1: 8.5938 (9.0330)  acc5: 20.7031 (19.6910)  family_acc1: 46.8750 (43.7670)  manu_acc1: 68.3594 (61.5210)  time: 0.3573  data: 0.1643  max mem: 11381
Test: Total time: 0:03:04 (0.4711 s / it)
* Acc@1 9.033 Acc@5 19.691 family@1 43.767 manu@1 61.521 sploss 6.668 fmloss 2.836 mfloss 1.786
FPA: 5.991% | TICE: 70.438%   
 wAP: 13.660  |  LCA: 220.999   |   Precision and Recall: 24.148%
Accuracy of the network on the 100000 test images: 9.0%
Max accuracy: 9.31%
Do not use KL loss
Epoch: [70]  [ 0/78]  eta: 0:08:33  lr: 0.000063  sp_loss: 4.7892 (4.7892)  fam_loss: 3.3900 (3.3900)  manu_loss: 2.5526 (2.5526)  ot_loss: 2.8965 (2.8965)  base_loss: 10.7319 (10.7319)  time: 6.5799  data: 6.2745  max mem: 11381
Epoch: [70]  [77/78]  eta: 0:00:00  lr: 0.000063  sp_loss: 4.2091 (3.9549)  fam_loss: 3.1375 (3.0185)  manu_loss: 2.3391 (2.2181)  ot_loss: 2.6035 (2.6722)  base_loss: 9.7110 (9.1915)  time: 0.4841  data: 0.2460  max mem: 11381
Epoch: [70] Total time: 0:00:44 (0.5665 s / it)
Averaged stats: lr: 0.000063  sp_loss: 4.2091 (3.9549)  fam_loss: 3.1375 (3.0185)  manu_loss: 2.3391 (2.2181)  ot_loss: 2.6035 (2.6722)  base_loss: 9.7110 (9.1915)
Test:  [  0/391]  eta: 0:52:15  sploss: 6.6608 (6.6608)  famloss: 2.6512 (2.6512)  manuloss: 1.6043 (1.6043)  acc1: 11.7188 (11.7188)  acc5: 21.8750 (21.8750)  family_acc1: 47.2656 (47.2656)  manu_acc1: 63.6719 (63.6719)  time: 8.0197  data: 7.7259  max mem: 11381
Test:  [250/391]  eta: 0:01:17  sploss: 6.5319 (6.7001)  famloss: 2.9039 (2.8810)  manuloss: 1.9200 (1.8514)  acc1: 8.9844 (8.8910)  acc5: 19.5312 (19.6449)  family_acc1: 42.1875 (42.7649)  manu_acc1: 57.8125 (60.0068)  time: 0.4805  data: 0.2176  max mem: 11381
Test:  [390/391]  eta: 0:00:00  sploss: 6.5442 (6.6551)  famloss: 2.6304 (2.8103)  manuloss: 1.4680 (1.7730)  acc1: 8.9844 (9.0350)  acc5: 20.3125 (19.9070)  family_acc1: 47.2656 (43.9310)  manu_acc1: 69.5312 (61.6650)  time: 0.4193  data: 0.2266  max mem: 11381
Test: Total time: 0:03:25 (0.5265 s / it)
* Acc@1 9.035 Acc@5 19.907 family@1 43.931 manu@1 61.665 sploss 6.655 fmloss 2.810 mfloss 1.773
FPA: 6.055% | TICE: 70.198%   
 wAP: 13.681  |  LCA: 220.932   |   Precision and Recall: 24.132%
Accuracy of the network on the 100000 test images: 9.0%
Max accuracy: 9.31%
Do not use KL loss
Epoch: [71]  [ 0/78]  eta: 0:09:09  lr: 0.000059  sp_loss: 3.6408 (3.6408)  fam_loss: 2.9243 (2.9243)  manu_loss: 2.2150 (2.2150)  ot_loss: 2.3652 (2.3652)  base_loss: 8.7801 (8.7801)  time: 7.0462  data: 6.7357  max mem: 11381
Epoch: [71]  [77/78]  eta: 0:00:00  lr: 0.000059  sp_loss: 4.2236 (3.8565)  fam_loss: 3.1006 (2.9615)  manu_loss: 2.2545 (2.1948)  ot_loss: 2.7676 (2.6109)  base_loss: 9.5222 (9.0128)  time: 0.4704  data: 0.2381  max mem: 11381
Epoch: [71] Total time: 0:00:44 (0.5717 s / it)
Averaged stats: lr: 0.000059  sp_loss: 4.2236 (3.8565)  fam_loss: 3.1006 (2.9615)  manu_loss: 2.2545 (2.1948)  ot_loss: 2.7676 (2.6109)  base_loss: 9.5222 (9.0128)
Test:  [  0/391]  eta: 0:48:28  sploss: 6.6933 (6.6933)  famloss: 2.7216 (2.7216)  manuloss: 1.6707 (1.6707)  acc1: 10.1562 (10.1562)  acc5: 21.4844 (21.4844)  family_acc1: 45.3125 (45.3125)  manu_acc1: 63.2812 (63.2812)  time: 7.4385  data: 7.1208  max mem: 11381
Test:  [250/391]  eta: 0:01:18  sploss: 6.5603 (6.7179)  famloss: 2.9194 (2.9150)  manuloss: 1.9367 (1.8680)  acc1: 9.3750 (8.9206)  acc5: 20.3125 (19.5608)  family_acc1: 42.9688 (42.6699)  manu_acc1: 58.2031 (59.8979)  time: 0.4505  data: 0.1751  max mem: 11381
Test:  [390/391]  eta: 0:00:00  sploss: 6.5590 (6.6751)  famloss: 2.6926 (2.8436)  manuloss: 1.4934 (1.7911)  acc1: 8.5938 (8.9940)  acc5: 20.7031 (19.7790)  family_acc1: 47.6562 (43.7880)  manu_acc1: 68.7500 (61.5630)  time: 0.4387  data: 0.2439  max mem: 11381
Test: Total time: 0:03:32 (0.5429 s / it)
* Acc@1 8.994 Acc@5 19.779 family@1 43.788 manu@1 61.563 sploss 6.675 fmloss 2.844 mfloss 1.791
FPA: 6.004% | TICE: 70.775%   
 wAP: 13.629  |  LCA: 221.053   |   Precision and Recall: 24.125%
Accuracy of the network on the 100000 test images: 9.0%
Max accuracy: 9.31%
Do not use KL loss
Epoch: [72]  [ 0/78]  eta: 0:08:51  lr: 0.000056  sp_loss: 2.6351 (2.6351)  fam_loss: 2.1530 (2.1530)  manu_loss: 1.6716 (1.6716)  ot_loss: 1.9844 (1.9844)  base_loss: 6.4597 (6.4597)  time: 6.8132  data: 6.5286  max mem: 11381
Epoch: [72]  [77/78]  eta: 0:00:00  lr: 0.000056  sp_loss: 4.1591 (4.0174)  fam_loss: 3.3047 (3.0615)  manu_loss: 2.3689 (2.2570)  ot_loss: 2.7988 (2.6696)  base_loss: 9.7936 (9.3359)  time: 0.4257  data: 0.1989  max mem: 11381
Epoch: [72] Total time: 0:00:40 (0.5241 s / it)
Averaged stats: lr: 0.000056  sp_loss: 4.1591 (4.0174)  fam_loss: 3.3047 (3.0615)  manu_loss: 2.3689 (2.2570)  ot_loss: 2.7988 (2.6696)  base_loss: 9.7936 (9.3359)
Test:  [  0/391]  eta: 0:43:50  sploss: 6.6712 (6.6712)  famloss: 2.7505 (2.7505)  manuloss: 1.6830 (1.6830)  acc1: 11.7188 (11.7188)  acc5: 23.4375 (23.4375)  family_acc1: 45.7031 (45.7031)  manu_acc1: 61.7188 (61.7188)  time: 6.7282  data: 6.4143  max mem: 11381
Test:  [250/391]  eta: 0:01:10  sploss: 6.5721 (6.7272)  famloss: 2.9108 (2.9214)  manuloss: 1.9375 (1.8709)  acc1: 9.3750 (9.0046)  acc5: 19.1406 (19.4597)  family_acc1: 42.1875 (42.5703)  manu_acc1: 57.8125 (59.7049)  time: 0.4031  data: 0.1731  max mem: 11381
Test:  [390/391]  eta: 0:00:00  sploss: 6.5822 (6.6863)  famloss: 2.6810 (2.8505)  manuloss: 1.4889 (1.7937)  acc1: 8.9844 (9.1010)  acc5: 20.3125 (19.6980)  family_acc1: 47.6562 (43.7070)  manu_acc1: 69.1406 (61.4410)  time: 0.4159  data: 0.2227  max mem: 11381
Test: Total time: 0:03:10 (0.4876 s / it)
* Acc@1 9.101 Acc@5 19.698 family@1 43.707 manu@1 61.441 sploss 6.686 fmloss 2.851 mfloss 1.794
FPA: 6.057% | TICE: 70.517%   
 wAP: 13.712  |  LCA: 221.110   |   Precision and Recall: 24.093%
Accuracy of the network on the 100000 test images: 9.1%
Max accuracy: 9.31%
Do not use KL loss
Epoch: [73]  [ 0/78]  eta: 0:08:43  lr: 0.000054  sp_loss: 1.9947 (1.9947)  fam_loss: 1.7802 (1.7802)  manu_loss: 1.2881 (1.2881)  ot_loss: 1.8848 (1.8848)  base_loss: 5.0630 (5.0630)  time: 6.7090  data: 6.4308  max mem: 11381
Epoch: [73]  [77/78]  eta: 0:00:00  lr: 0.000054  sp_loss: 4.2753 (3.8750)  fam_loss: 3.0717 (2.9581)  manu_loss: 2.3217 (2.2025)  ot_loss: 2.5957 (2.5800)  base_loss: 9.6688 (9.0357)  time: 0.4370  data: 0.1994  max mem: 11381
Epoch: [73] Total time: 0:00:39 (0.5116 s / it)
Averaged stats: lr: 0.000054  sp_loss: 4.2753 (3.8750)  fam_loss: 3.0717 (2.9581)  manu_loss: 2.3217 (2.2025)  ot_loss: 2.5957 (2.5800)  base_loss: 9.6688 (9.0357)
Test:  [  0/391]  eta: 0:48:18  sploss: 6.6724 (6.6724)  famloss: 2.7159 (2.7159)  manuloss: 1.6714 (1.6714)  acc1: 10.9375 (10.9375)  acc5: 21.8750 (21.8750)  family_acc1: 45.7031 (45.7031)  manu_acc1: 60.9375 (60.9375)  time: 7.4122  data: 7.1175  max mem: 11381
Test:  [250/391]  eta: 0:01:13  sploss: 6.5841 (6.7128)  famloss: 2.9159 (2.9153)  manuloss: 1.9405 (1.8707)  acc1: 9.3750 (9.0995)  acc5: 20.7031 (19.6526)  family_acc1: 42.5781 (42.8800)  manu_acc1: 57.0312 (60.1111)  time: 0.3842  data: 0.1466  max mem: 11381
Test:  [390/391]  eta: 0:00:00  sploss: 6.5626 (6.6718)  famloss: 2.6832 (2.8452)  manuloss: 1.5016 (1.7947)  acc1: 8.9844 (9.1700)  acc5: 20.7031 (19.8730)  family_acc1: 48.0469 (43.9590)  manu_acc1: 68.3594 (61.7640)  time: 0.4481  data: 0.2549  max mem: 11381
Test: Total time: 0:03:17 (0.5062 s / it)
* Acc@1 9.170 Acc@5 19.873 family@1 43.959 manu@1 61.764 sploss 6.672 fmloss 2.845 mfloss 1.795
FPA: 6.138% | TICE: 70.119%   
 wAP: 13.805  |  LCA: 220.304   |   Precision and Recall: 24.326%
Accuracy of the network on the 100000 test images: 9.2%
Max accuracy: 9.31%
Do not use KL loss
Epoch: [74]  [ 0/78]  eta: 0:08:51  lr: 0.000051  sp_loss: 2.3910 (2.3910)  fam_loss: 1.9244 (1.9244)  manu_loss: 1.4412 (1.4412)  ot_loss: 1.8008 (1.8008)  base_loss: 5.7566 (5.7566)  time: 6.8090  data: 6.4931  max mem: 11381
Epoch: [74]  [77/78]  eta: 0:00:00  lr: 0.000051  sp_loss: 3.8525 (3.9403)  fam_loss: 2.8858 (3.0173)  manu_loss: 2.2218 (2.2344)  ot_loss: 2.4707 (2.6321)  base_loss: 8.9600 (9.1920)  time: 0.4860  data: 0.2515  max mem: 11381
Epoch: [74] Total time: 0:00:44 (0.5690 s / it)
Averaged stats: lr: 0.000051  sp_loss: 3.8525 (3.9403)  fam_loss: 2.8858 (3.0173)  manu_loss: 2.2218 (2.2344)  ot_loss: 2.4707 (2.6321)  base_loss: 8.9600 (9.1920)
Test:  [  0/391]  eta: 0:51:39  sploss: 6.6605 (6.6605)  famloss: 2.6947 (2.6947)  manuloss: 1.6303 (1.6303)  acc1: 10.9375 (10.9375)  acc5: 21.4844 (21.4844)  family_acc1: 46.8750 (46.8750)  manu_acc1: 62.5000 (62.5000)  time: 7.9279  data: 7.6335  max mem: 11381
Test:  [250/391]  eta: 0:01:17  sploss: 6.5833 (6.7016)  famloss: 2.9134 (2.8962)  manuloss: 1.9172 (1.8499)  acc1: 8.9844 (9.1680)  acc5: 20.3125 (19.7911)  family_acc1: 42.5781 (43.0139)  manu_acc1: 58.5938 (60.0240)  time: 0.4851  data: 0.2203  max mem: 11381
Test:  [390/391]  eta: 0:00:00  sploss: 6.5635 (6.6609)  famloss: 2.6492 (2.8257)  manuloss: 1.4625 (1.7720)  acc1: 8.5938 (9.2400)  acc5: 20.6250 (20.0570)  family_acc1: 47.6562 (44.1040)  manu_acc1: 68.7500 (61.7490)  time: 0.4596  data: 0.2572  max mem: 11381
Test: Total time: 0:03:29 (0.5360 s / it)
* Acc@1 9.240 Acc@5 20.057 family@1 44.104 manu@1 61.749 sploss 6.661 fmloss 2.826 mfloss 1.772
FPA: 6.208% | TICE: 70.037%   
 wAP: 13.880  |  LCA: 220.092   |   Precision and Recall: 24.425%
Accuracy of the network on the 100000 test images: 9.2%
Max accuracy: 9.31%
Do not use KL loss
Epoch: [75]  [ 0/78]  eta: 0:08:38  lr: 0.000048  sp_loss: 2.7345 (2.7345)  fam_loss: 2.1781 (2.1781)  manu_loss: 1.6883 (1.6883)  ot_loss: 1.8926 (1.8926)  base_loss: 6.6009 (6.6009)  time: 6.6534  data: 6.3449  max mem: 11381
Epoch: [75]  [77/78]  eta: 0:00:00  lr: 0.000048  sp_loss: 4.4023 (4.0557)  fam_loss: 3.2685 (3.0808)  manu_loss: 2.4228 (2.2715)  ot_loss: 2.7656 (2.6827)  base_loss: 10.0936 (9.4081)  time: 0.5091  data: 0.2768  max mem: 11381
Epoch: [75] Total time: 0:00:45 (0.5815 s / it)
Averaged stats: lr: 0.000048  sp_loss: 4.4023 (4.0557)  fam_loss: 3.2685 (3.0808)  manu_loss: 2.4228 (2.2715)  ot_loss: 2.7656 (2.6827)  base_loss: 10.0936 (9.4081)
Test:  [  0/391]  eta: 0:47:08  sploss: 6.6710 (6.6710)  famloss: 2.7095 (2.7095)  manuloss: 1.6743 (1.6743)  acc1: 12.1094 (12.1094)  acc5: 21.4844 (21.4844)  family_acc1: 44.9219 (44.9219)  manu_acc1: 62.1094 (62.1094)  time: 7.2341  data: 6.8925  max mem: 11381
Test:  [250/391]  eta: 0:01:18  sploss: 6.5674 (6.7257)  famloss: 2.8887 (2.9030)  manuloss: 1.9116 (1.8600)  acc1: 9.3750 (9.0093)  acc5: 19.5312 (19.4846)  family_acc1: 42.9688 (42.9501)  manu_acc1: 57.4219 (60.0613)  time: 0.4436  data: 0.1705  max mem: 11381
Test:  [390/391]  eta: 0:00:00  sploss: 6.5909 (6.6834)  famloss: 2.6533 (2.8333)  manuloss: 1.4736 (1.7815)  acc1: 8.5938 (9.0980)  acc5: 19.9219 (19.7760)  family_acc1: 46.4844 (43.9710)  manu_acc1: 69.1406 (61.7860)  time: 0.4094  data: 0.2114  max mem: 11381
Test: Total time: 0:03:31 (0.5403 s / it)
* Acc@1 9.098 Acc@5 19.776 family@1 43.971 manu@1 61.786 sploss 6.683 fmloss 2.833 mfloss 1.782
FPA: 6.106% | TICE: 70.284%   
 wAP: 13.744  |  LCA: 220.924   |   Precision and Recall: 24.185%
Accuracy of the network on the 100000 test images: 9.1%
Max accuracy: 9.31%
Do not use KL loss
Epoch: [76]  [ 0/78]  eta: 0:08:22  lr: 0.000045  sp_loss: 4.5090 (4.5090)  fam_loss: 3.2765 (3.2765)  manu_loss: 2.3664 (2.3664)  ot_loss: 2.7012 (2.7012)  base_loss: 10.1519 (10.1519)  time: 6.4423  data: 6.1738  max mem: 11381
Epoch: [76]  [77/78]  eta: 0:00:00  lr: 0.000045  sp_loss: 3.8912 (4.0031)  fam_loss: 2.9589 (3.0573)  manu_loss: 2.2474 (2.2599)  ot_loss: 2.5312 (2.6604)  base_loss: 9.0168 (9.3203)  time: 0.4386  data: 0.2106  max mem: 11381
Epoch: [76] Total time: 0:00:42 (0.5424 s / it)
Averaged stats: lr: 0.000045  sp_loss: 3.8912 (4.0031)  fam_loss: 2.9589 (3.0573)  manu_loss: 2.2474 (2.2599)  ot_loss: 2.5312 (2.6604)  base_loss: 9.0168 (9.3203)
Test:  [  0/391]  eta: 0:50:02  sploss: 6.6424 (6.6424)  famloss: 2.6389 (2.6389)  manuloss: 1.6215 (1.6215)  acc1: 11.3281 (11.3281)  acc5: 22.2656 (22.2656)  family_acc1: 46.0938 (46.0938)  manu_acc1: 61.3281 (61.3281)  time: 7.6785  data: 7.4566  max mem: 11381
Test:  [250/391]  eta: 0:01:11  sploss: 6.5361 (6.6958)  famloss: 2.8505 (2.8567)  manuloss: 1.8809 (1.8325)  acc1: 9.3750 (9.2723)  acc5: 20.3125 (19.9343)  family_acc1: 42.9688 (43.2520)  manu_acc1: 57.4219 (60.0862)  time: 0.4377  data: 0.2057  max mem: 11381
Test:  [390/391]  eta: 0:00:00  sploss: 6.5772 (6.6530)  famloss: 2.6135 (2.7862)  manuloss: 1.4035 (1.7516)  acc1: 8.5938 (9.3780)  acc5: 21.0938 (20.1840)  family_acc1: 47.6562 (44.2760)  manu_acc1: 68.7500 (61.8470)  time: 0.4470  data: 0.2516  max mem: 11381
Test: Total time: 0:03:12 (0.4936 s / it)
* Acc@1 9.378 Acc@5 20.184 family@1 44.276 manu@1 61.847 sploss 6.653 fmloss 2.786 mfloss 1.752
FPA: 6.372% | TICE: 69.941%   
 wAP: 14.021  |  LCA: 219.659   |   Precision and Recall: 24.573%
Accuracy of the network on the 100000 test images: 9.4%
Max accuracy: 9.38%
Do not use KL loss
Epoch: [77]  [ 0/78]  eta: 0:10:24  lr: 0.000043  sp_loss: 4.2994 (4.2994)  fam_loss: 3.2622 (3.2622)  manu_loss: 2.3986 (2.3986)  ot_loss: 2.8262 (2.8262)  base_loss: 9.9602 (9.9602)  time: 8.0122  data: 7.7318  max mem: 11381
Epoch: [77]  [77/78]  eta: 0:00:00  lr: 0.000043  sp_loss: 4.3773 (3.9361)  fam_loss: 3.3348 (3.0147)  manu_loss: 2.4596 (2.2299)  ot_loss: 2.8750 (2.5921)  base_loss: 10.1880 (9.1807)  time: 0.5029  data: 0.2694  max mem: 11381
Epoch: [77] Total time: 0:00:44 (0.5661 s / it)
Averaged stats: lr: 0.000043  sp_loss: 4.3773 (3.9361)  fam_loss: 3.3348 (3.0147)  manu_loss: 2.4596 (2.2299)  ot_loss: 2.8750 (2.5921)  base_loss: 10.1880 (9.1807)
Test:  [  0/391]  eta: 0:46:07  sploss: 6.6475 (6.6475)  famloss: 2.7170 (2.7170)  manuloss: 1.6624 (1.6624)  acc1: 11.3281 (11.3281)  acc5: 21.4844 (21.4844)  family_acc1: 43.7500 (43.7500)  manu_acc1: 60.5469 (60.5469)  time: 7.0788  data: 6.7453  max mem: 11381
Test:  [250/391]  eta: 0:01:16  sploss: 6.5163 (6.6720)  famloss: 2.8949 (2.8926)  manuloss: 1.9068 (1.8456)  acc1: 9.3750 (9.4201)  acc5: 20.7031 (20.0962)  family_acc1: 42.9688 (43.3189)  manu_acc1: 57.8125 (60.2247)  time: 0.4733  data: 0.1963  max mem: 11381
Test:  [390/391]  eta: 0:00:00  sploss: 6.5472 (6.6297)  famloss: 2.6631 (2.8245)  manuloss: 1.4474 (1.7714)  acc1: 9.3750 (9.4900)  acc5: 20.3125 (20.3310)  family_acc1: 47.2656 (44.2910)  manu_acc1: 68.7500 (61.9000)  time: 0.4516  data: 0.2469  max mem: 11381
Test: Total time: 0:03:26 (0.5286 s / it)
* Acc@1 9.490 Acc@5 20.331 family@1 44.291 manu@1 61.900 sploss 6.630 fmloss 2.824 mfloss 1.771
FPA: 6.422% | TICE: 69.746%   
 wAP: 14.122  |  LCA: 219.217   |   Precision and Recall: 24.708%
Accuracy of the network on the 100000 test images: 9.5%
Max accuracy: 9.49%
Do not use KL loss
Epoch: [78]  [ 0/78]  eta: 0:10:03  lr: 0.000040  sp_loss: 3.0669 (3.0669)  fam_loss: 2.3870 (2.3870)  manu_loss: 1.8688 (1.8688)  ot_loss: 1.9990 (1.9990)  base_loss: 7.3227 (7.3227)  time: 7.7418  data: 7.4645  max mem: 11381
Epoch: [78]  [77/78]  eta: 0:00:00  lr: 0.000040  sp_loss: 3.7534 (3.7454)  fam_loss: 2.9003 (2.8747)  manu_loss: 2.1040 (2.1380)  ot_loss: 2.4531 (2.5103)  base_loss: 8.7950 (8.7581)  time: 0.4791  data: 0.2415  max mem: 11381
Epoch: [78] Total time: 0:00:44 (0.5652 s / it)
Averaged stats: lr: 0.000040  sp_loss: 3.7534 (3.7454)  fam_loss: 2.9003 (2.8747)  manu_loss: 2.1040 (2.1380)  ot_loss: 2.4531 (2.5103)  base_loss: 8.7950 (8.7581)
Test:  [  0/391]  eta: 0:51:26  sploss: 6.6389 (6.6389)  famloss: 2.7063 (2.7063)  manuloss: 1.6491 (1.6491)  acc1: 11.7188 (11.7188)  acc5: 19.9219 (19.9219)  family_acc1: 44.9219 (44.9219)  manu_acc1: 61.3281 (61.3281)  time: 7.8950  data: 7.6714  max mem: 11381
Test:  [250/391]  eta: 0:01:15  sploss: 6.5556 (6.6970)  famloss: 2.9029 (2.8946)  manuloss: 1.9144 (1.8561)  acc1: 9.3750 (9.1774)  acc5: 19.9219 (19.8098)  family_acc1: 42.9688 (43.2427)  manu_acc1: 57.8125 (60.1983)  time: 0.4270  data: 0.1962  max mem: 11381
Test:  [390/391]  eta: 0:00:00  sploss: 6.5602 (6.6550)  famloss: 2.6666 (2.8256)  manuloss: 1.4380 (1.7802)  acc1: 8.9844 (9.3100)  acc5: 20.7031 (20.0430)  family_acc1: 47.6562 (44.2270)  manu_acc1: 70.3125 (61.9180)  time: 0.4355  data: 0.2334  max mem: 11381
Test: Total time: 0:03:22 (0.5192 s / it)
* Acc@1 9.310 Acc@5 20.043 family@1 44.227 manu@1 61.918 sploss 6.655 fmloss 2.826 mfloss 1.780
FPA: 6.292% | TICE: 69.812%   
 wAP: 13.958  |  LCA: 219.830   |   Precision and Recall: 24.510%
Accuracy of the network on the 100000 test images: 9.3%
Max accuracy: 9.49%
Do not use KL loss
Epoch: [79]  [ 0/78]  eta: 0:09:47  lr: 0.000038  sp_loss: 4.3139 (4.3139)  fam_loss: 3.2576 (3.2576)  manu_loss: 2.3318 (2.3318)  ot_loss: 2.7969 (2.7969)  base_loss: 9.9032 (9.9032)  time: 7.5299  data: 7.2327  max mem: 11381
Epoch: [79]  [77/78]  eta: 0:00:00  lr: 0.000038  sp_loss: 4.1052 (3.9008)  fam_loss: 3.0292 (2.9622)  manu_loss: 2.2856 (2.1896)  ot_loss: 2.4980 (2.5976)  base_loss: 9.4329 (9.0526)  time: 0.4541  data: 0.2214  max mem: 11381
Epoch: [79] Total time: 0:00:44 (0.5729 s / it)
Averaged stats: lr: 0.000038  sp_loss: 4.1052 (3.9008)  fam_loss: 3.0292 (2.9622)  manu_loss: 2.2856 (2.1896)  ot_loss: 2.4980 (2.5976)  base_loss: 9.4329 (9.0526)
Test:  [  0/391]  eta: 0:53:22  sploss: 6.6761 (6.6761)  famloss: 2.7417 (2.7417)  manuloss: 1.6588 (1.6588)  acc1: 10.9375 (10.9375)  acc5: 19.5312 (19.5312)  family_acc1: 44.1406 (44.1406)  manu_acc1: 61.3281 (61.3281)  time: 8.1894  data: 7.9148  max mem: 11381
Test:  [250/391]  eta: 0:01:17  sploss: 6.5969 (6.7209)  famloss: 2.9179 (2.9151)  manuloss: 1.9146 (1.8610)  acc1: 8.9844 (8.9813)  acc5: 20.3125 (19.5655)  family_acc1: 42.9688 (42.9828)  manu_acc1: 57.4219 (60.0317)  time: 0.4776  data: 0.1899  max mem: 11381
Test:  [390/391]  eta: 0:00:00  sploss: 6.5752 (6.6799)  famloss: 2.6734 (2.8461)  manuloss: 1.4722 (1.7851)  acc1: 8.5938 (9.1360)  acc5: 20.3125 (19.8500)  family_acc1: 47.2656 (44.0190)  manu_acc1: 69.5312 (61.7840)  time: 0.4441  data: 0.2503  max mem: 11381
Test: Total time: 0:03:32 (0.5443 s / it)
* Acc@1 9.136 Acc@5 19.850 family@1 44.019 manu@1 61.784 sploss 6.680 fmloss 2.846 mfloss 1.785
FPA: 6.101% | TICE: 70.186%   
 wAP: 13.782  |  LCA: 220.426   |   Precision and Recall: 24.334%
Accuracy of the network on the 100000 test images: 9.1%
Max accuracy: 9.49%
Do not use KL loss
Epoch: [80]  [ 0/78]  eta: 0:09:58  lr: 0.000035  sp_loss: 4.1137 (4.1137)  fam_loss: 3.1046 (3.1046)  manu_loss: 2.2569 (2.2569)  ot_loss: 2.6816 (2.6816)  base_loss: 9.4751 (9.4751)  time: 7.6696  data: 7.3938  max mem: 11381
Epoch: [80]  [77/78]  eta: 0:00:00  lr: 0.000035  sp_loss: 4.4228 (4.1935)  fam_loss: 3.3739 (3.1806)  manu_loss: 2.4523 (2.3387)  ot_loss: 2.9688 (2.7539)  base_loss: 10.3110 (9.7128)  time: 0.4721  data: 0.2379  max mem: 11381
Epoch: [80] Total time: 0:00:44 (0.5754 s / it)
Averaged stats: lr: 0.000035  sp_loss: 4.4228 (4.1935)  fam_loss: 3.3739 (3.1806)  manu_loss: 2.4523 (2.3387)  ot_loss: 2.9688 (2.7539)  base_loss: 10.3110 (9.7128)
Test:  [  0/391]  eta: 0:47:59  sploss: 6.6493 (6.6493)  famloss: 2.6985 (2.6985)  manuloss: 1.6485 (1.6485)  acc1: 10.9375 (10.9375)  acc5: 22.6562 (22.6562)  family_acc1: 46.0938 (46.0938)  manu_acc1: 64.4531 (64.4531)  time: 7.3644  data: 7.0708  max mem: 11381
Test:  [250/391]  eta: 0:01:19  sploss: 6.5730 (6.7061)  famloss: 2.9159 (2.9050)  manuloss: 1.9414 (1.8602)  acc1: 8.9844 (9.1167)  acc5: 20.3125 (19.8020)  family_acc1: 42.5781 (43.2520)  manu_acc1: 57.8125 (60.1952)  time: 0.3939  data: 0.1292  max mem: 11381
Test:  [390/391]  eta: 0:00:00  sploss: 6.5752 (6.6647)  famloss: 2.6591 (2.8356)  manuloss: 1.4699 (1.7835)  acc1: 8.9844 (9.2570)  acc5: 20.6250 (20.0690)  family_acc1: 47.6562 (44.2210)  manu_acc1: 68.7500 (61.9280)  time: 0.4567  data: 0.2544  max mem: 11381
Test: Total time: 0:03:36 (0.5528 s / it)
* Acc@1 9.257 Acc@5 20.069 family@1 44.221 manu@1 61.928 sploss 6.665 fmloss 2.836 mfloss 1.783
FPA: 6.252% | TICE: 69.913%   
 wAP: 13.911  |  LCA: 220.297   |   Precision and Recall: 24.384%
Accuracy of the network on the 100000 test images: 9.3%
Max accuracy: 9.49%
Do not use KL loss
Epoch: [81]  [ 0/78]  eta: 0:09:52  lr: 0.000033  sp_loss: 4.2981 (4.2981)  fam_loss: 3.3332 (3.3332)  manu_loss: 2.3476 (2.3476)  ot_loss: 2.8926 (2.8926)  base_loss: 9.9789 (9.9789)  time: 7.6004  data: 7.2969  max mem: 11381
Epoch: [81]  [77/78]  eta: 0:00:00  lr: 0.000033  sp_loss: 4.0407 (3.9237)  fam_loss: 3.0308 (2.9963)  manu_loss: 2.1454 (2.2077)  ot_loss: 2.6172 (2.6114)  base_loss: 9.2170 (9.1277)  time: 0.5050  data: 0.2730  max mem: 11381
Epoch: [81] Total time: 0:00:45 (0.5845 s / it)
Averaged stats: lr: 0.000033  sp_loss: 4.0407 (3.9237)  fam_loss: 3.0308 (2.9963)  manu_loss: 2.1454 (2.2077)  ot_loss: 2.6172 (2.6114)  base_loss: 9.2170 (9.1277)
Test:  [  0/391]  eta: 0:44:33  sploss: 6.6598 (6.6598)  famloss: 2.7173 (2.7173)  manuloss: 1.6544 (1.6544)  acc1: 11.3281 (11.3281)  acc5: 21.8750 (21.8750)  family_acc1: 44.9219 (44.9219)  manu_acc1: 62.5000 (62.5000)  time: 6.8380  data: 6.5404  max mem: 11381
Test:  [250/391]  eta: 0:01:18  sploss: 6.5757 (6.7252)  famloss: 2.9390 (2.9280)  manuloss: 1.9286 (1.8724)  acc1: 8.9844 (9.0746)  acc5: 20.7031 (19.6480)  family_acc1: 42.1875 (43.0263)  manu_acc1: 58.2031 (60.0769)  time: 0.4185  data: 0.1315  max mem: 11381
Test:  [390/391]  eta: 0:00:00  sploss: 6.5948 (6.6858)  famloss: 2.6867 (2.8601)  manuloss: 1.4692 (1.7964)  acc1: 9.3750 (9.2110)  acc5: 20.3125 (19.9130)  family_acc1: 47.2656 (44.0250)  manu_acc1: 68.7500 (61.8130)  time: 0.4254  data: 0.2286  max mem: 11381
Test: Total time: 0:03:32 (0.5434 s / it)
* Acc@1 9.211 Acc@5 19.913 family@1 44.025 manu@1 61.813 sploss 6.686 fmloss 2.860 mfloss 1.796
FPA: 6.190% | TICE: 70.189%   
 wAP: 13.849  |  LCA: 220.649   |   Precision and Recall: 24.293%
Accuracy of the network on the 100000 test images: 9.2%
Max accuracy: 9.49%
Do not use KL loss
Epoch: [82]  [ 0/78]  eta: 0:09:50  lr: 0.000031  sp_loss: 4.3823 (4.3823)  fam_loss: 3.1528 (3.1528)  manu_loss: 2.3482 (2.3482)  ot_loss: 2.9336 (2.9336)  base_loss: 9.8833 (9.8833)  time: 7.5641  data: 7.2813  max mem: 11381
Epoch: [82]  [77/78]  eta: 0:00:00  lr: 0.000031  sp_loss: 3.1354 (3.7039)  fam_loss: 2.4867 (2.8490)  manu_loss: 1.8286 (2.1170)  ot_loss: 2.1094 (2.4845)  base_loss: 7.4146 (8.6698)  time: 0.4647  data: 0.2314  max mem: 11381
Epoch: [82] Total time: 0:00:44 (0.5662 s / it)
Averaged stats: lr: 0.000031  sp_loss: 3.1354 (3.7039)  fam_loss: 2.4867 (2.8490)  manu_loss: 1.8286 (2.1170)  ot_loss: 2.1094 (2.4845)  base_loss: 7.4146 (8.6698)
Test:  [  0/391]  eta: 0:45:49  sploss: 6.6380 (6.6380)  famloss: 2.6876 (2.6876)  manuloss: 1.6611 (1.6611)  acc1: 10.9375 (10.9375)  acc5: 19.9219 (19.9219)  family_acc1: 43.3594 (43.3594)  manu_acc1: 61.7188 (61.7188)  time: 7.0313  data: 6.7495  max mem: 11381
Test:  [250/391]  eta: 0:01:14  sploss: 6.5482 (6.6953)  famloss: 2.8578 (2.8665)  manuloss: 1.8981 (1.8359)  acc1: 8.5938 (9.0778)  acc5: 19.9219 (19.8223)  family_acc1: 42.9688 (43.3438)  manu_acc1: 57.8125 (60.3072)  time: 0.4682  data: 0.2043  max mem: 11381
Test:  [390/391]  eta: 0:00:00  sploss: 6.5476 (6.6537)  famloss: 2.6308 (2.7974)  manuloss: 1.4205 (1.7585)  acc1: 9.3750 (9.2750)  acc5: 20.3125 (20.0810)  family_acc1: 47.6562 (44.3450)  manu_acc1: 69.5312 (62.0470)  time: 0.4397  data: 0.2424  max mem: 11381
Test: Total time: 0:03:24 (0.5229 s / it)
* Acc@1 9.275 Acc@5 20.081 family@1 44.345 manu@1 62.047 sploss 6.654 fmloss 2.797 mfloss 1.759
FPA: 6.356% | TICE: 69.898%   
 wAP: 13.942  |  LCA: 220.278   |   Precision and Recall: 24.389%
Accuracy of the network on the 100000 test images: 9.3%
Max accuracy: 9.49%
Do not use KL loss
Epoch: [83]  [ 0/78]  eta: 0:08:20  lr: 0.000029  sp_loss: 4.4255 (4.4255)  fam_loss: 3.3181 (3.3181)  manu_loss: 2.4434 (2.4434)  ot_loss: 2.9844 (2.9844)  base_loss: 10.1870 (10.1870)  time: 6.4223  data: 6.1373  max mem: 11381
Epoch: [83]  [77/78]  eta: 0:00:00  lr: 0.000029  sp_loss: 4.3138 (3.9068)  fam_loss: 3.2129 (2.9662)  manu_loss: 2.3881 (2.2020)  ot_loss: 2.7695 (2.5789)  base_loss: 9.8753 (9.0749)  time: 0.4438  data: 0.2070  max mem: 11381
Epoch: [83] Total time: 0:00:45 (0.5778 s / it)
Averaged stats: lr: 0.000029  sp_loss: 4.3138 (3.9068)  fam_loss: 3.2129 (2.9662)  manu_loss: 2.3881 (2.2020)  ot_loss: 2.7695 (2.5789)  base_loss: 9.8753 (9.0749)
Test:  [  0/391]  eta: 0:46:23  sploss: 6.6730 (6.6730)  famloss: 2.7626 (2.7626)  manuloss: 1.6958 (1.6958)  acc1: 10.9375 (10.9375)  acc5: 20.7031 (20.7031)  family_acc1: 44.1406 (44.1406)  manu_acc1: 62.1094 (62.1094)  time: 7.1188  data: 6.8021  max mem: 11381
Test:  [250/391]  eta: 0:01:18  sploss: 6.5599 (6.7197)  famloss: 2.9592 (2.9468)  manuloss: 1.9323 (1.8810)  acc1: 9.3750 (8.9968)  acc5: 20.3125 (19.5702)  family_acc1: 41.7969 (42.6886)  manu_acc1: 57.4219 (59.9430)  time: 0.4847  data: 0.2133  max mem: 11381
Test:  [390/391]  eta: 0:00:00  sploss: 6.5948 (6.6795)  famloss: 2.7087 (2.8787)  manuloss: 1.4801 (1.8052)  acc1: 8.9844 (9.1460)  acc5: 20.3125 (19.8280)  family_acc1: 47.2656 (43.7230)  manu_acc1: 68.1250 (61.6770)  time: 0.4489  data: 0.2410  max mem: 11381
Test: Total time: 0:03:35 (0.5501 s / it)
* Acc@1 9.146 Acc@5 19.828 family@1 43.723 manu@1 61.677 sploss 6.680 fmloss 2.879 mfloss 1.805
FPA: 6.097% | TICE: 70.324%   
 wAP: 13.759  |  LCA: 220.998   |   Precision and Recall: 24.146%
Accuracy of the network on the 100000 test images: 9.1%
Max accuracy: 9.49%
Do not use KL loss
Epoch: [84]  [ 0/78]  eta: 0:10:03  lr: 0.000027  sp_loss: 3.0162 (3.0162)  fam_loss: 2.3279 (2.3279)  manu_loss: 1.8175 (1.8175)  ot_loss: 2.0332 (2.0332)  base_loss: 7.1616 (7.1616)  time: 7.7422  data: 7.4700  max mem: 11381
Epoch: [84]  [77/78]  eta: 0:00:00  lr: 0.000027  sp_loss: 4.1816 (3.8407)  fam_loss: 3.1045 (2.9210)  manu_loss: 2.2964 (2.1726)  ot_loss: 2.6777 (2.5648)  base_loss: 9.5589 (8.9343)  time: 0.4798  data: 0.2461  max mem: 11381
Epoch: [84] Total time: 0:00:44 (0.5698 s / it)
Averaged stats: lr: 0.000027  sp_loss: 4.1816 (3.8407)  fam_loss: 3.1045 (2.9210)  manu_loss: 2.2964 (2.1726)  ot_loss: 2.6777 (2.5648)  base_loss: 9.5589 (8.9343)
Test:  [  0/391]  eta: 0:43:41  sploss: 6.6868 (6.6868)  famloss: 2.7269 (2.7269)  manuloss: 1.6611 (1.6611)  acc1: 10.5469 (10.5469)  acc5: 21.0938 (21.0938)  family_acc1: 44.5312 (44.5312)  manu_acc1: 61.3281 (61.3281)  time: 6.7039  data: 6.4291  max mem: 11381
Test:  [250/391]  eta: 0:01:20  sploss: 6.5763 (6.7109)  famloss: 2.9252 (2.9201)  manuloss: 1.9109 (1.8597)  acc1: 9.3750 (9.1665)  acc5: 20.3125 (19.8036)  family_acc1: 42.1875 (43.0606)  manu_acc1: 57.8125 (60.3430)  time: 0.4242  data: 0.1728  max mem: 11381
Test:  [390/391]  eta: 0:00:00  sploss: 6.5863 (6.6697)  famloss: 2.6779 (2.8524)  manuloss: 1.4607 (1.7837)  acc1: 9.3750 (9.3420)  acc5: 20.7031 (20.0780)  family_acc1: 46.4844 (44.0620)  manu_acc1: 68.7500 (61.9880)  time: 0.4440  data: 0.2478  max mem: 11381
Test: Total time: 0:03:37 (0.5556 s / it)
* Acc@1 9.342 Acc@5 20.078 family@1 44.062 manu@1 61.988 sploss 6.670 fmloss 2.852 mfloss 1.784
FPA: 6.260% | TICE: 69.973%   
 wAP: 13.972  |  LCA: 219.922   |   Precision and Recall: 24.498%
Accuracy of the network on the 100000 test images: 9.3%
Max accuracy: 9.49%
Do not use KL loss
Epoch: [85]  [ 0/78]  eta: 0:08:46  lr: 0.000025  sp_loss: 2.2778 (2.2778)  fam_loss: 1.9514 (1.9514)  manu_loss: 1.5009 (1.5009)  ot_loss: 1.9492 (1.9492)  base_loss: 5.7301 (5.7301)  time: 6.7442  data: 6.4243  max mem: 11381
Epoch: [85]  [77/78]  eta: 0:00:00  lr: 0.000025  sp_loss: 4.1853 (3.7821)  fam_loss: 3.2075 (2.8891)  manu_loss: 2.4022 (2.1455)  ot_loss: 2.7383 (2.5233)  base_loss: 9.8372 (8.8167)  time: 0.4867  data: 0.2516  max mem: 11381
Epoch: [85] Total time: 0:00:44 (0.5758 s / it)
Averaged stats: lr: 0.000025  sp_loss: 4.1853 (3.7821)  fam_loss: 3.2075 (2.8891)  manu_loss: 2.4022 (2.1455)  ot_loss: 2.7383 (2.5233)  base_loss: 9.8372 (8.8167)
Test:  [  0/391]  eta: 0:50:16  sploss: 6.6376 (6.6376)  famloss: 2.6606 (2.6606)  manuloss: 1.6294 (1.6294)  acc1: 12.1094 (12.1094)  acc5: 21.0938 (21.0938)  family_acc1: 44.1406 (44.1406)  manu_acc1: 62.8906 (62.8906)  time: 7.7154  data: 7.3518  max mem: 11381
Test:  [250/391]  eta: 0:01:18  sploss: 6.5371 (6.6884)  famloss: 2.8803 (2.8879)  manuloss: 1.9289 (1.8567)  acc1: 9.3750 (9.3174)  acc5: 21.0938 (20.0526)  family_acc1: 43.3594 (43.3516)  manu_acc1: 57.0312 (60.2387)  time: 0.4894  data: 0.2348  max mem: 11381
Test:  [390/391]  eta: 0:00:00  sploss: 6.5420 (6.6471)  famloss: 2.6250 (2.8177)  manuloss: 1.4544 (1.7782)  acc1: 8.9844 (9.4370)  acc5: 20.7031 (20.3180)  family_acc1: 48.4375 (44.4270)  manu_acc1: 69.1406 (61.9420)  time: 0.4241  data: 0.2233  max mem: 11381
Test: Total time: 0:03:34 (0.5485 s / it)
* Acc@1 9.437 Acc@5 20.318 family@1 44.427 manu@1 61.942 sploss 6.647 fmloss 2.818 mfloss 1.778
FPA: 6.351% | TICE: 69.752%   
 wAP: 14.090  |  LCA: 219.486   |   Precision and Recall: 24.650%
Accuracy of the network on the 100000 test images: 9.4%
Max accuracy: 9.49%
Do not use KL loss
Epoch: [86]  [ 0/78]  eta: 0:10:06  lr: 0.000023  sp_loss: 3.5229 (3.5229)  fam_loss: 2.8507 (2.8507)  manu_loss: 2.1277 (2.1277)  ot_loss: 2.2109 (2.2109)  base_loss: 8.5014 (8.5014)  time: 7.7809  data: 7.4903  max mem: 11381
Epoch: [86]  [77/78]  eta: 0:00:00  lr: 0.000023  sp_loss: 4.4370 (3.7743)  fam_loss: 3.2860 (2.8932)  manu_loss: 2.4195 (2.1429)  ot_loss: 2.8164 (2.5321)  base_loss: 10.1832 (8.8103)  time: 0.4986  data: 0.2610  max mem: 11381
Epoch: [86] Total time: 0:00:44 (0.5726 s / it)
Averaged stats: lr: 0.000023  sp_loss: 4.4370 (3.7743)  fam_loss: 3.2860 (2.8932)  manu_loss: 2.4195 (2.1429)  ot_loss: 2.8164 (2.5321)  base_loss: 10.1832 (8.8103)
Test:  [  0/391]  eta: 0:41:37  sploss: 6.6865 (6.6865)  famloss: 2.7471 (2.7471)  manuloss: 1.6836 (1.6836)  acc1: 11.3281 (11.3281)  acc5: 22.2656 (22.2656)  family_acc1: 46.4844 (46.4844)  manu_acc1: 61.7188 (61.7188)  time: 6.3877  data: 6.1231  max mem: 11381
Test:  [250/391]  eta: 0:01:18  sploss: 6.5842 (6.7242)  famloss: 2.9404 (2.9516)  manuloss: 1.9562 (1.8979)  acc1: 8.9844 (9.0886)  acc5: 19.5312 (19.6822)  family_acc1: 42.1875 (42.9003)  manu_acc1: 57.4219 (60.0940)  time: 0.4935  data: 0.2360  max mem: 11381
Test:  [390/391]  eta: 0:00:00  sploss: 6.5933 (6.6826)  famloss: 2.7142 (2.8827)  manuloss: 1.4980 (1.8214)  acc1: 8.9844 (9.2410)  acc5: 19.9219 (19.9130)  family_acc1: 48.0469 (43.9160)  manu_acc1: 69.1406 (61.7880)  time: 0.4556  data: 0.2579  max mem: 11381
Test: Total time: 0:03:32 (0.5445 s / it)
* Acc@1 9.241 Acc@5 19.913 family@1 43.916 manu@1 61.788 sploss 6.683 fmloss 2.883 mfloss 1.821
FPA: 6.158% | TICE: 70.062%   
 wAP: 13.864  |  LCA: 220.305   |   Precision and Recall: 24.353%
Accuracy of the network on the 100000 test images: 9.2%
Max accuracy: 9.49%
Do not use KL loss
Epoch: [87]  [ 0/78]  eta: 0:09:49  lr: 0.000021  sp_loss: 3.9917 (3.9917)  fam_loss: 3.0213 (3.0213)  manu_loss: 2.2590 (2.2590)  ot_loss: 2.4355 (2.4355)  base_loss: 9.2720 (9.2720)  time: 7.5610  data: 7.2812  max mem: 11381
Epoch: [87]  [77/78]  eta: 0:00:00  lr: 0.000021  sp_loss: 3.3861 (3.7538)  fam_loss: 2.5500 (2.8813)  manu_loss: 1.9187 (2.1287)  ot_loss: 2.1855 (2.5166)  base_loss: 7.8547 (8.7637)  time: 0.4630  data: 0.2314  max mem: 11381
Epoch: [87] Total time: 0:00:41 (0.5375 s / it)
Averaged stats: lr: 0.000021  sp_loss: 3.3861 (3.7538)  fam_loss: 2.5500 (2.8813)  manu_loss: 1.9187 (2.1287)  ot_loss: 2.1855 (2.5166)  base_loss: 7.8547 (8.7637)
Test:  [  0/391]  eta: 0:50:00  sploss: 6.6561 (6.6561)  famloss: 2.7128 (2.7128)  manuloss: 1.6747 (1.6747)  acc1: 10.5469 (10.5469)  acc5: 21.8750 (21.8750)  family_acc1: 46.0938 (46.0938)  manu_acc1: 61.3281 (61.3281)  time: 7.6729  data: 7.3429  max mem: 11381
Test:  [250/391]  eta: 0:01:17  sploss: 6.5507 (6.7009)  famloss: 2.9274 (2.9252)  manuloss: 1.9327 (1.8722)  acc1: 9.3750 (9.1758)  acc5: 20.3125 (19.9981)  family_acc1: 42.5781 (43.1493)  manu_acc1: 57.8125 (60.2699)  time: 0.4278  data: 0.1847  max mem: 11381
Test:  [390/391]  eta: 0:00:00  sploss: 6.5652 (6.6597)  famloss: 2.6914 (2.8565)  manuloss: 1.4540 (1.7948)  acc1: 8.9844 (9.3410)  acc5: 21.0938 (20.2220)  family_acc1: 47.6562 (44.1690)  manu_acc1: 69.1406 (61.9840)  time: 0.4320  data: 0.2372  max mem: 11381
Test: Total time: 0:03:32 (0.5436 s / it)
* Acc@1 9.341 Acc@5 20.222 family@1 44.169 manu@1 61.984 sploss 6.660 fmloss 2.856 mfloss 1.795
FPA: 6.291% | TICE: 69.815%   
 wAP: 13.981  |  LCA: 219.819   |   Precision and Recall: 24.522%
Accuracy of the network on the 100000 test images: 9.3%
Max accuracy: 9.49%
Do not use KL loss
Epoch: [88]  [ 0/78]  eta: 0:09:53  lr: 0.000020  sp_loss: 3.4164 (3.4164)  fam_loss: 2.6917 (2.6917)  manu_loss: 1.9698 (1.9698)  ot_loss: 2.1152 (2.1152)  base_loss: 8.0779 (8.0779)  time: 7.6037  data: 7.3116  max mem: 11381
Epoch: [88]  [77/78]  eta: 0:00:00  lr: 0.000020  sp_loss: 3.6585 (3.7073)  fam_loss: 2.7478 (2.8369)  manu_loss: 2.0673 (2.1164)  ot_loss: 2.3574 (2.4815)  base_loss: 8.4532 (8.6606)  time: 0.5189  data: 0.2840  max mem: 11381
Epoch: [88] Total time: 0:00:45 (0.5882 s / it)
Averaged stats: lr: 0.000020  sp_loss: 3.6585 (3.7073)  fam_loss: 2.7478 (2.8369)  manu_loss: 2.0673 (2.1164)  ot_loss: 2.3574 (2.4815)  base_loss: 8.4532 (8.6606)
Test:  [  0/391]  eta: 0:49:15  sploss: 6.6727 (6.6727)  famloss: 2.6870 (2.6870)  manuloss: 1.6615 (1.6615)  acc1: 10.1562 (10.1562)  acc5: 21.4844 (21.4844)  family_acc1: 44.9219 (44.9219)  manu_acc1: 62.5000 (62.5000)  time: 7.5579  data: 7.2074  max mem: 11381
Test:  [250/391]  eta: 0:01:15  sploss: 6.5532 (6.7054)  famloss: 2.9204 (2.9097)  manuloss: 1.9268 (1.8648)  acc1: 9.3750 (9.2754)  acc5: 20.7031 (20.0168)  family_acc1: 42.9688 (43.3547)  manu_acc1: 58.5938 (60.4208)  time: 0.4060  data: 0.1562  max mem: 11381
Test:  [390/391]  eta: 0:00:00  sploss: 6.5580 (6.6637)  famloss: 2.6769 (2.8409)  manuloss: 1.4575 (1.7872)  acc1: 8.9844 (9.4130)  acc5: 20.7031 (20.2510)  family_acc1: 47.6562 (44.3680)  manu_acc1: 69.1406 (62.1100)  time: 0.4210  data: 0.2264  max mem: 11381
Test: Total time: 0:03:24 (0.5223 s / it)
* Acc@1 9.413 Acc@5 20.251 family@1 44.368 manu@1 62.110 sploss 6.664 fmloss 2.841 mfloss 1.787
FPA: 6.310% | TICE: 69.875%   
 wAP: 14.067  |  LCA: 219.555   |   Precision and Recall: 24.602%
Accuracy of the network on the 100000 test images: 9.4%
Max accuracy: 9.49%
Do not use KL loss
Epoch: [89]  [ 0/78]  eta: 0:09:00  lr: 0.000018  sp_loss: 3.7418 (3.7418)  fam_loss: 2.8844 (2.8844)  manu_loss: 2.1312 (2.1312)  ot_loss: 2.4980 (2.4980)  base_loss: 8.7574 (8.7574)  time: 6.9231  data: 6.6235  max mem: 11381
Epoch: [89]  [77/78]  eta: 0:00:00  lr: 0.000018  sp_loss: 3.9804 (3.6370)  fam_loss: 2.8384 (2.8073)  manu_loss: 2.1423 (2.0788)  ot_loss: 2.4941 (2.4490)  base_loss: 8.9611 (8.5231)  time: 0.4764  data: 0.2414  max mem: 11381
Epoch: [89] Total time: 0:00:44 (0.5672 s / it)
Averaged stats: lr: 0.000018  sp_loss: 3.9804 (3.6370)  fam_loss: 2.8384 (2.8073)  manu_loss: 2.1423 (2.0788)  ot_loss: 2.4941 (2.4490)  base_loss: 8.9611 (8.5231)
Test:  [  0/391]  eta: 0:54:39  sploss: 6.6376 (6.6376)  famloss: 2.6230 (2.6230)  manuloss: 1.6196 (1.6196)  acc1: 10.1562 (10.1562)  acc5: 21.4844 (21.4844)  family_acc1: 46.8750 (46.8750)  manu_acc1: 61.7188 (61.7188)  time: 8.3879  data: 8.1007  max mem: 11381
Test:  [250/391]  eta: 0:01:22  sploss: 6.5360 (6.6836)  famloss: 2.8555 (2.8525)  manuloss: 1.8922 (1.8355)  acc1: 9.7656 (9.3268)  acc5: 21.0938 (20.1506)  family_acc1: 42.9688 (43.5508)  manu_acc1: 58.5938 (60.3679)  time: 0.6285  data: 0.4120  max mem: 11381
Test:  [390/391]  eta: 0:00:00  sploss: 6.5429 (6.6424)  famloss: 2.6080 (2.7823)  manuloss: 1.4390 (1.7561)  acc1: 8.9844 (9.4620)  acc5: 21.0938 (20.3960)  family_acc1: 49.2188 (44.5550)  manu_acc1: 69.5312 (62.0630)  time: 0.4203  data: 0.2111  max mem: 11381
Test: Total time: 0:03:37 (0.5551 s / it)
* Acc@1 9.462 Acc@5 20.396 family@1 44.555 manu@1 62.063 sploss 6.642 fmloss 2.782 mfloss 1.756
FPA: 6.460% | TICE: 69.510%   
 wAP: 14.127  |  LCA: 219.218   |   Precision and Recall: 24.720%
Accuracy of the network on the 100000 test images: 9.5%
Max accuracy: 9.49%
Do not use KL loss
Epoch: [90]  [ 0/78]  eta: 0:09:50  lr: 0.000017  sp_loss: 3.2763 (3.2763)  fam_loss: 2.5255 (2.5255)  manu_loss: 2.0560 (2.0560)  ot_loss: 2.1211 (2.1211)  base_loss: 7.8578 (7.8578)  time: 7.5748  data: 7.2801  max mem: 11381
Epoch: [90]  [77/78]  eta: 0:00:00  lr: 0.000017  sp_loss: 4.0476 (3.7420)  fam_loss: 3.0420 (2.8589)  manu_loss: 2.1287 (2.1117)  ot_loss: 2.5840 (2.5258)  base_loss: 9.2283 (8.7127)  time: 0.4752  data: 0.2331  max mem: 11381
Epoch: [90] Total time: 0:00:45 (0.5772 s / it)
Averaged stats: lr: 0.000017  sp_loss: 4.0476 (3.7420)  fam_loss: 3.0420 (2.8589)  manu_loss: 2.1287 (2.1117)  ot_loss: 2.5840 (2.5258)  base_loss: 9.2283 (8.7127)
Test:  [  0/391]  eta: 0:46:44  sploss: 6.6880 (6.6880)  famloss: 2.7158 (2.7158)  manuloss: 1.6640 (1.6640)  acc1: 11.7188 (11.7188)  acc5: 19.9219 (19.9219)  family_acc1: 44.9219 (44.9219)  manu_acc1: 61.7188 (61.7188)  time: 7.1715  data: 6.6948  max mem: 11381
Test:  [250/391]  eta: 0:01:18  sploss: 6.5646 (6.7175)  famloss: 2.9376 (2.9328)  manuloss: 1.9276 (1.8697)  acc1: 9.3750 (9.2085)  acc5: 20.7031 (19.8020)  family_acc1: 42.1875 (43.2255)  manu_acc1: 58.2031 (60.2216)  time: 0.3731  data: 0.1107  max mem: 11381
Test:  [390/391]  eta: 0:00:00  sploss: 6.5636 (6.6779)  famloss: 2.6921 (2.8648)  manuloss: 1.4779 (1.7932)  acc1: 8.9844 (9.3150)  acc5: 20.7031 (20.0410)  family_acc1: 48.0469 (44.2320)  manu_acc1: 68.7500 (61.8620)  time: 0.5355  data: 0.3348  max mem: 11381
Test: Total time: 0:03:36 (0.5530 s / it)
* Acc@1 9.315 Acc@5 20.041 family@1 44.232 manu@1 61.862 sploss 6.678 fmloss 2.865 mfloss 1.793
FPA: 6.250% | TICE: 70.035%   
 wAP: 13.962  |  LCA: 220.075   |   Precision and Recall: 24.450%
Accuracy of the network on the 100000 test images: 9.3%
Max accuracy: 9.49%
Do not use KL loss
Epoch: [91]  [ 0/78]  eta: 0:10:17  lr: 0.000016  sp_loss: 4.3192 (4.3192)  fam_loss: 3.3879 (3.3879)  manu_loss: 2.5399 (2.5399)  ot_loss: 2.9102 (2.9102)  base_loss: 10.2470 (10.2470)  time: 7.9158  data: 7.6413  max mem: 11381
Epoch: [91]  [77/78]  eta: 0:00:00  lr: 0.000016  sp_loss: 4.4153 (3.9222)  fam_loss: 3.3886 (3.0002)  manu_loss: 2.4536 (2.2184)  ot_loss: 2.9570 (2.6057)  base_loss: 10.1604 (9.1408)  time: 0.4694  data: 0.2345  max mem: 11381
Epoch: [91] Total time: 0:00:43 (0.5628 s / it)
Averaged stats: lr: 0.000016  sp_loss: 4.4153 (3.9222)  fam_loss: 3.3886 (3.0002)  manu_loss: 2.4536 (2.2184)  ot_loss: 2.9570 (2.6057)  base_loss: 10.1604 (9.1408)
Test:  [  0/391]  eta: 0:51:16  sploss: 6.6900 (6.6900)  famloss: 2.7494 (2.7494)  manuloss: 1.6935 (1.6935)  acc1: 11.3281 (11.3281)  acc5: 20.7031 (20.7031)  family_acc1: 44.5312 (44.5312)  manu_acc1: 62.5000 (62.5000)  time: 7.8685  data: 7.2183  max mem: 11381
Test:  [250/391]  eta: 0:01:18  sploss: 6.5830 (6.7268)  famloss: 2.9744 (2.9599)  manuloss: 1.9650 (1.8914)  acc1: 8.5938 (9.0762)  acc5: 19.9219 (19.6464)  family_acc1: 42.1875 (42.9018)  manu_acc1: 57.0312 (60.1594)  time: 0.3991  data: 0.1322  max mem: 11381
Test:  [390/391]  eta: 0:00:00  sploss: 6.5736 (6.6876)  famloss: 2.7074 (2.8925)  manuloss: 1.5006 (1.8161)  acc1: 8.9844 (9.2080)  acc5: 19.9219 (19.8670)  family_acc1: 47.6562 (43.8820)  manu_acc1: 68.7500 (61.7910)  time: 0.4655  data: 0.2739  max mem: 11381
Test: Total time: 0:03:29 (0.5367 s / it)
* Acc@1 9.208 Acc@5 19.867 family@1 43.882 manu@1 61.791 sploss 6.688 fmloss 2.892 mfloss 1.816
FPA: 6.137% | TICE: 70.248%   
 wAP: 13.832  |  LCA: 220.390   |   Precision and Recall: 24.350%
Accuracy of the network on the 100000 test images: 9.2%
Max accuracy: 9.49%
Do not use KL loss
Epoch: [92]  [ 0/78]  eta: 0:09:19  lr: 0.000015  sp_loss: 3.9247 (3.9247)  fam_loss: 2.9116 (2.9116)  manu_loss: 2.1056 (2.1056)  ot_loss: 2.5781 (2.5781)  base_loss: 8.9418 (8.9418)  time: 7.1743  data: 6.8603  max mem: 11381
Epoch: [92]  [77/78]  eta: 0:00:00  lr: 0.000015  sp_loss: 4.1305 (3.7599)  fam_loss: 3.0965 (2.8667)  manu_loss: 2.2674 (2.1263)  ot_loss: 2.6875 (2.4818)  base_loss: 9.5172 (8.7530)  time: 0.4712  data: 0.2325  max mem: 11381
Epoch: [92] Total time: 0:00:44 (0.5643 s / it)
Averaged stats: lr: 0.000015  sp_loss: 4.1305 (3.7599)  fam_loss: 3.0965 (2.8667)  manu_loss: 2.2674 (2.1263)  ot_loss: 2.6875 (2.4818)  base_loss: 9.5172 (8.7530)
Test:  [  0/391]  eta: 0:51:30  sploss: 6.6600 (6.6600)  famloss: 2.6871 (2.6871)  manuloss: 1.6513 (1.6513)  acc1: 11.3281 (11.3281)  acc5: 21.8750 (21.8750)  family_acc1: 44.9219 (44.9219)  manu_acc1: 62.1094 (62.1094)  time: 7.9039  data: 7.5954  max mem: 11381
Test:  [250/391]  eta: 0:01:13  sploss: 6.5320 (6.6862)  famloss: 2.8899 (2.8924)  manuloss: 1.9207 (1.8567)  acc1: 9.7656 (9.3797)  acc5: 21.0938 (20.0759)  family_acc1: 42.1875 (43.3547)  manu_acc1: 58.9844 (60.4348)  time: 0.3468  data: 0.1271  max mem: 11381
Test:  [390/391]  eta: 0:00:00  sploss: 6.5470 (6.6451)  famloss: 2.6537 (2.8234)  manuloss: 1.4491 (1.7796)  acc1: 9.3750 (9.4890)  acc5: 21.0938 (20.3160)  family_acc1: 48.0469 (44.3740)  manu_acc1: 68.7500 (62.1090)  time: 0.4131  data: 0.2208  max mem: 11381
Test: Total time: 0:03:17 (0.5055 s / it)
* Acc@1 9.489 Acc@5 20.316 family@1 44.374 manu@1 62.109 sploss 6.645 fmloss 2.823 mfloss 1.780
FPA: 6.379% | TICE: 69.641%   
 wAP: 14.134  |  LCA: 219.225   |   Precision and Recall: 24.703%
Accuracy of the network on the 100000 test images: 9.5%
Max accuracy: 9.49%
Do not use KL loss
Epoch: [93]  [ 0/78]  eta: 0:08:22  lr: 0.000014  sp_loss: 3.0238 (3.0238)  fam_loss: 2.3101 (2.3101)  manu_loss: 1.7653 (1.7653)  ot_loss: 1.9697 (1.9697)  base_loss: 7.0992 (7.0992)  time: 6.4418  data: 6.1547  max mem: 11381
Epoch: [93]  [77/78]  eta: 0:00:00  lr: 0.000014  sp_loss: 3.5265 (3.8182)  fam_loss: 2.6132 (2.9085)  manu_loss: 1.9821 (2.1598)  ot_loss: 2.2148 (2.5190)  base_loss: 8.1973 (8.8865)  time: 0.4737  data: 0.2406  max mem: 11381
Epoch: [93] Total time: 0:00:44 (0.5685 s / it)
Averaged stats: lr: 0.000014  sp_loss: 3.5265 (3.8182)  fam_loss: 2.6132 (2.9085)  manu_loss: 1.9821 (2.1598)  ot_loss: 2.2148 (2.5190)  base_loss: 8.1973 (8.8865)
Test:  [  0/391]  eta: 0:50:18  sploss: 6.6672 (6.6672)  famloss: 2.6943 (2.6943)  manuloss: 1.6559 (1.6559)  acc1: 12.1094 (12.1094)  acc5: 21.8750 (21.8750)  family_acc1: 44.1406 (44.1406)  manu_acc1: 62.5000 (62.5000)  time: 7.7209  data: 7.4672  max mem: 11381
Test:  [250/391]  eta: 0:01:18  sploss: 6.5548 (6.7059)  famloss: 2.8983 (2.9037)  manuloss: 1.9279 (1.8622)  acc1: 9.3750 (9.2692)  acc5: 20.7031 (19.8954)  family_acc1: 42.1875 (43.1695)  manu_acc1: 57.4219 (60.3259)  time: 0.4140  data: 0.1513  max mem: 11381
Test:  [390/391]  eta: 0:00:00  sploss: 6.5652 (6.6659)  famloss: 2.6577 (2.8348)  manuloss: 1.4583 (1.7848)  acc1: 9.3750 (9.4280)  acc5: 20.7031 (20.1250)  family_acc1: 47.2656 (44.2370)  manu_acc1: 69.1406 (62.0040)  time: 0.4191  data: 0.2226  max mem: 11381
Test: Total time: 0:03:28 (0.5326 s / it)
* Acc@1 9.428 Acc@5 20.125 family@1 44.237 manu@1 62.004 sploss 6.666 fmloss 2.835 mfloss 1.785
FPA: 6.353% | TICE: 69.818%   
 wAP: 14.065  |  LCA: 219.831   |   Precision and Recall: 24.531%
Accuracy of the network on the 100000 test images: 9.4%
Max accuracy: 9.49%
Do not use KL loss
Epoch: [94]  [ 0/78]  eta: 0:07:56  lr: 0.000013  sp_loss: 3.9227 (3.9227)  fam_loss: 3.0005 (3.0005)  manu_loss: 2.1072 (2.1072)  ot_loss: 2.5566 (2.5566)  base_loss: 9.0303 (9.0303)  time: 6.1131  data: 5.8282  max mem: 11381
Epoch: [94]  [77/78]  eta: 0:00:00  lr: 0.000013  sp_loss: 3.7530 (3.7841)  fam_loss: 2.7965 (2.8869)  manu_loss: 2.0226 (2.1274)  ot_loss: 2.3535 (2.5070)  base_loss: 8.5308 (8.7984)  time: 0.4838  data: 0.2455  max mem: 11381
Epoch: [94] Total time: 0:00:45 (0.5783 s / it)
Averaged stats: lr: 0.000013  sp_loss: 3.7530 (3.7841)  fam_loss: 2.7965 (2.8869)  manu_loss: 2.0226 (2.1274)  ot_loss: 2.3535 (2.5070)  base_loss: 8.5308 (8.7984)
Test:  [  0/391]  eta: 0:50:16  sploss: 6.6387 (6.6387)  famloss: 2.6381 (2.6381)  manuloss: 1.6274 (1.6274)  acc1: 11.3281 (11.3281)  acc5: 20.7031 (20.7031)  family_acc1: 44.9219 (44.9219)  manu_acc1: 61.7188 (61.7188)  time: 7.7148  data: 7.4525  max mem: 11381
Test:  [250/391]  eta: 0:01:18  sploss: 6.5394 (6.6904)  famloss: 2.8548 (2.8547)  manuloss: 1.9104 (1.8389)  acc1: 9.7656 (9.3221)  acc5: 20.7031 (20.0324)  family_acc1: 43.3594 (43.3765)  manu_acc1: 58.5938 (60.3975)  time: 0.4755  data: 0.1998  max mem: 11381
Test:  [390/391]  eta: 0:00:00  sploss: 6.5568 (6.6493)  famloss: 2.6109 (2.7849)  manuloss: 1.4350 (1.7599)  acc1: 9.3750 (9.4690)  acc5: 20.7031 (20.2360)  family_acc1: 48.4375 (44.4410)  manu_acc1: 69.1406 (62.0720)  time: 0.4631  data: 0.2673  max mem: 11381
Test: Total time: 0:03:32 (0.5443 s / it)
* Acc@1 9.469 Acc@5 20.236 family@1 44.441 manu@1 62.072 sploss 6.649 fmloss 2.785 mfloss 1.760
FPA: 6.444% | TICE: 69.527%   
 wAP: 14.122  |  LCA: 219.429   |   Precision and Recall: 24.654%
Accuracy of the network on the 100000 test images: 9.5%
Max accuracy: 9.49%
Do not use KL loss
Epoch: [95]  [ 0/78]  eta: 0:08:01  lr: 0.000012  sp_loss: 3.8895 (3.8895)  fam_loss: 2.9373 (2.9373)  manu_loss: 2.1734 (2.1734)  ot_loss: 2.4395 (2.4395)  base_loss: 9.0003 (9.0003)  time: 6.1706  data: 5.8690  max mem: 11381
Epoch: [95]  [77/78]  eta: 0:00:00  lr: 0.000012  sp_loss: 3.6523 (3.7558)  fam_loss: 2.7658 (2.8719)  manu_loss: 2.0514 (2.1295)  ot_loss: 2.2891 (2.4874)  base_loss: 8.5954 (8.7572)  time: 0.4547  data: 0.2218  max mem: 11381
Epoch: [95] Total time: 0:00:44 (0.5669 s / it)
Averaged stats: lr: 0.000012  sp_loss: 3.6523 (3.7558)  fam_loss: 2.7658 (2.8719)  manu_loss: 2.0514 (2.1295)  ot_loss: 2.2891 (2.4874)  base_loss: 8.5954 (8.7572)
Test:  [  0/391]  eta: 0:47:51  sploss: 6.6736 (6.6736)  famloss: 2.7113 (2.7113)  manuloss: 1.6718 (1.6718)  acc1: 11.7188 (11.7188)  acc5: 21.8750 (21.8750)  family_acc1: 43.3594 (43.3594)  manu_acc1: 61.7188 (61.7188)  time: 7.3446  data: 7.0538  max mem: 11381
Test:  [250/391]  eta: 0:01:15  sploss: 6.5555 (6.7072)  famloss: 2.9117 (2.9169)  manuloss: 1.9335 (1.8677)  acc1: 9.3750 (9.3096)  acc5: 20.7031 (19.9390)  family_acc1: 42.5781 (43.1773)  manu_acc1: 58.5938 (60.2512)  time: 0.3765  data: 0.1491  max mem: 11381
Test:  [390/391]  eta: 0:00:00  sploss: 6.5627 (6.6668)  famloss: 2.6788 (2.8486)  manuloss: 1.4576 (1.7904)  acc1: 9.3750 (9.4300)  acc5: 20.3125 (20.1680)  family_acc1: 48.4375 (44.2010)  manu_acc1: 69.1406 (61.9350)  time: 0.4378  data: 0.2485  max mem: 11381
Test: Total time: 0:03:21 (0.5162 s / it)
* Acc@1 9.430 Acc@5 20.168 family@1 44.201 manu@1 61.935 sploss 6.667 fmloss 2.849 mfloss 1.790
FPA: 6.327% | TICE: 69.757%   
 wAP: 14.061  |  LCA: 219.582   |   Precision and Recall: 24.603%
Accuracy of the network on the 100000 test images: 9.4%
Max accuracy: 9.49%
Do not use KL loss
Epoch: [96]  [ 0/78]  eta: 0:09:14  lr: 0.000011  sp_loss: 4.2904 (4.2904)  fam_loss: 3.4804 (3.4804)  manu_loss: 2.5058 (2.5058)  ot_loss: 2.9355 (2.9355)  base_loss: 10.2765 (10.2765)  time: 7.1043  data: 6.7702  max mem: 11381
Epoch: [96]  [77/78]  eta: 0:00:00  lr: 0.000011  sp_loss: 3.4054 (3.6198)  fam_loss: 2.6037 (2.7759)  manu_loss: 1.9627 (2.0559)  ot_loss: 2.1875 (2.4291)  base_loss: 7.9717 (8.4516)  time: 0.4791  data: 0.2461  max mem: 11381
Epoch: [96] Total time: 0:00:44 (0.5753 s / it)
Averaged stats: lr: 0.000011  sp_loss: 3.4054 (3.6198)  fam_loss: 2.6037 (2.7759)  manu_loss: 1.9627 (2.0559)  ot_loss: 2.1875 (2.4291)  base_loss: 7.9717 (8.4516)
Test:  [  0/391]  eta: 0:47:30  sploss: 6.6179 (6.6179)  famloss: 2.5841 (2.5841)  manuloss: 1.5870 (1.5870)  acc1: 12.1094 (12.1094)  acc5: 23.0469 (23.0469)  family_acc1: 44.5312 (44.5312)  manu_acc1: 62.8906 (62.8906)  time: 7.2909  data: 7.0573  max mem: 11381
Test:  [250/391]  eta: 0:01:18  sploss: 6.5166 (6.6761)  famloss: 2.8230 (2.8254)  manuloss: 1.8976 (1.8223)  acc1: 9.7656 (9.4637)  acc5: 20.7031 (20.1584)  family_acc1: 43.7500 (43.6333)  manu_acc1: 58.2031 (60.3804)  time: 0.4455  data: 0.1497  max mem: 11381
Test:  [390/391]  eta: 0:00:00  sploss: 6.5429 (6.6341)  famloss: 2.5889 (2.7563)  manuloss: 1.4186 (1.7439)  acc1: 9.3750 (9.5650)  acc5: 20.7031 (20.3970)  family_acc1: 48.0469 (44.6420)  manu_acc1: 69.5312 (62.0760)  time: 0.4243  data: 0.2319  max mem: 11381
Test: Total time: 0:03:33 (0.5455 s / it)
* Acc@1 9.565 Acc@5 20.397 family@1 44.642 manu@1 62.076 sploss 6.634 fmloss 2.756 mfloss 1.744
FPA: 6.559% | TICE: 69.463%   
 wAP: 14.226  |  LCA: 219.198   |   Precision and Recall: 24.750%
Accuracy of the network on the 100000 test images: 9.6%
Max accuracy: 9.56%
Do not use KL loss
Epoch: [97]  [ 0/78]  eta: 0:08:30  lr: 0.000011  sp_loss: 3.8226 (3.8226)  fam_loss: 3.0034 (3.0034)  manu_loss: 2.1957 (2.1957)  ot_loss: 2.5742 (2.5742)  base_loss: 9.0216 (9.0216)  time: 6.5421  data: 6.2682  max mem: 11381
Epoch: [97]  [77/78]  eta: 0:00:00  lr: 0.000011  sp_loss: 4.0138 (3.8068)  fam_loss: 3.0423 (2.9131)  manu_loss: 2.1808 (2.1476)  ot_loss: 2.4941 (2.5339)  base_loss: 9.2368 (8.8675)  time: 0.4647  data: 0.2303  max mem: 11381
Epoch: [97] Total time: 0:00:44 (0.5763 s / it)
Averaged stats: lr: 0.000011  sp_loss: 4.0138 (3.8068)  fam_loss: 3.0423 (2.9131)  manu_loss: 2.1808 (2.1476)  ot_loss: 2.4941 (2.5339)  base_loss: 9.2368 (8.8675)
Test:  [  0/391]  eta: 0:52:12  sploss: 6.6471 (6.6471)  famloss: 2.6631 (2.6631)  manuloss: 1.6204 (1.6204)  acc1: 12.1094 (12.1094)  acc5: 21.4844 (21.4844)  family_acc1: 42.9688 (42.9688)  manu_acc1: 62.1094 (62.1094)  time: 8.0107  data: 7.7275  max mem: 11381
Test:  [250/391]  eta: 0:01:13  sploss: 6.5419 (6.6903)  famloss: 2.8765 (2.8758)  manuloss: 1.9050 (1.8456)  acc1: 10.1562 (9.3983)  acc5: 20.7031 (20.0868)  family_acc1: 42.5781 (43.4170)  manu_acc1: 58.5938 (60.4364)  time: 0.4779  data: 0.1988  max mem: 11381
Test:  [390/391]  eta: 0:00:00  sploss: 6.5581 (6.6490)  famloss: 2.6368 (2.8071)  manuloss: 1.4260 (1.7674)  acc1: 9.3750 (9.5160)  acc5: 20.7031 (20.3140)  family_acc1: 48.4375 (44.4280)  manu_acc1: 69.9219 (62.1250)  time: 0.4466  data: 0.2485  max mem: 11381
Test: Total time: 0:03:14 (0.4978 s / it)
* Acc@1 9.516 Acc@5 20.314 family@1 44.428 manu@1 62.125 sploss 6.649 fmloss 2.807 mfloss 1.767
FPA: 6.484% | TICE: 69.668%   
 wAP: 14.164  |  LCA: 219.457   |   Precision and Recall: 24.660%
Accuracy of the network on the 100000 test images: 9.5%
Max accuracy: 9.56%
Do not use KL loss
Epoch: [98]  [ 0/78]  eta: 0:09:38  lr: 0.000011  sp_loss: 3.5823 (3.5823)  fam_loss: 2.6295 (2.6295)  manu_loss: 1.9805 (1.9805)  ot_loss: 2.2246 (2.2246)  base_loss: 8.1923 (8.1923)  time: 7.4211  data: 7.1137  max mem: 11381
Epoch: [98]  [77/78]  eta: 0:00:00  lr: 0.000011  sp_loss: 3.2856 (3.7796)  fam_loss: 2.4297 (2.8933)  manu_loss: 1.8396 (2.1385)  ot_loss: 2.1543 (2.5223)  base_loss: 7.5549 (8.8115)  time: 0.4880  data: 0.2567  max mem: 11381
Epoch: [98] Total time: 0:00:43 (0.5527 s / it)
Averaged stats: lr: 0.000011  sp_loss: 3.2856 (3.7796)  fam_loss: 2.4297 (2.8933)  manu_loss: 1.8396 (2.1385)  ot_loss: 2.1543 (2.5223)  base_loss: 7.5549 (8.8115)
Test:  [  0/391]  eta: 0:43:09  sploss: 6.6308 (6.6308)  famloss: 2.6337 (2.6337)  manuloss: 1.6086 (1.6086)  acc1: 12.1094 (12.1094)  acc5: 21.4844 (21.4844)  family_acc1: 43.3594 (43.3594)  manu_acc1: 61.7188 (61.7188)  time: 6.6216  data: 6.3820  max mem: 11381
Test:  [250/391]  eta: 0:01:15  sploss: 6.5329 (6.6843)  famloss: 2.8581 (2.8563)  manuloss: 1.9109 (1.8383)  acc1: 10.1562 (9.4404)  acc5: 20.7031 (20.1257)  family_acc1: 42.9688 (43.5539)  manu_acc1: 57.8125 (60.4099)  time: 0.5182  data: 0.2776  max mem: 11381
Test:  [390/391]  eta: 0:00:00  sploss: 6.5601 (6.6429)  famloss: 2.6095 (2.7870)  manuloss: 1.4331 (1.7596)  acc1: 8.9844 (9.5520)  acc5: 20.7031 (20.3890)  family_acc1: 48.7500 (44.5670)  manu_acc1: 70.3125 (62.1060)  time: 0.3842  data: 0.1912  max mem: 11381
Test: Total time: 0:03:23 (0.5202 s / it)
* Acc@1 9.552 Acc@5 20.389 family@1 44.567 manu@1 62.106 sploss 6.643 fmloss 2.787 mfloss 1.760
FPA: 6.497% | TICE: 69.581%   
 wAP: 14.208  |  LCA: 219.321   |   Precision and Recall: 24.697%
Accuracy of the network on the 100000 test images: 9.6%
Max accuracy: 9.56%
Do not use KL loss
Epoch: [99]  [ 0/78]  eta: 0:09:48  lr: 0.000010  sp_loss: 3.7928 (3.7928)  fam_loss: 2.7054 (2.7054)  manu_loss: 2.1087 (2.1087)  ot_loss: 2.2617 (2.2617)  base_loss: 8.6069 (8.6069)  time: 7.5407  data: 7.2455  max mem: 11381
Epoch: [99]  [77/78]  eta: 0:00:00  lr: 0.000010  sp_loss: 3.6669 (3.7041)  fam_loss: 2.7319 (2.8376)  manu_loss: 2.0362 (2.1069)  ot_loss: 2.3379 (2.4587)  base_loss: 8.4574 (8.6486)  time: 0.4595  data: 0.2135  max mem: 11381
Epoch: [99] Total time: 0:00:44 (0.5653 s / it)
Averaged stats: lr: 0.000010  sp_loss: 3.6669 (3.7041)  fam_loss: 2.7319 (2.8376)  manu_loss: 2.0362 (2.1069)  ot_loss: 2.3379 (2.4587)  base_loss: 8.4574 (8.6486)
Test:  [  0/391]  eta: 0:47:19  sploss: 6.6724 (6.6724)  famloss: 2.7145 (2.7145)  manuloss: 1.6548 (1.6548)  acc1: 11.7188 (11.7188)  acc5: 22.2656 (22.2656)  family_acc1: 43.7500 (43.7500)  manu_acc1: 61.7188 (61.7188)  time: 7.2616  data: 6.7401  max mem: 11381
Test:  [250/391]  eta: 0:01:18  sploss: 6.5629 (6.7069)  famloss: 2.9300 (2.9198)  manuloss: 1.9380 (1.8681)  acc1: 9.3750 (9.2972)  acc5: 20.3125 (19.9748)  family_acc1: 42.1875 (43.3314)  manu_acc1: 57.0312 (60.3617)  time: 0.6013  data: 0.3500  max mem: 11381
Test:  [390/391]  eta: 0:00:00  sploss: 6.5735 (6.6667)  famloss: 2.6793 (2.8515)  manuloss: 1.4608 (1.7911)  acc1: 8.9844 (9.3960)  acc5: 20.7031 (20.2260)  family_acc1: 48.0469 (44.3430)  manu_acc1: 69.1406 (62.0250)  time: 0.3866  data: 0.1964  max mem: 11381
Test: Total time: 0:03:33 (0.5471 s / it)
* Acc@1 9.396 Acc@5 20.226 family@1 44.343 manu@1 62.025 sploss 6.667 fmloss 2.852 mfloss 1.791
FPA: 6.318% | TICE: 69.963%   
 wAP: 14.047  |  LCA: 219.901   |   Precision and Recall: 24.502%
Accuracy of the network on the 100000 test images: 9.4%
Max accuracy: 9.56%
Training time 4:33:46
Test:  [  0/391]  eta: 0:47:26  sploss: 6.6728 (6.6728)  famloss: 2.7153 (2.7153)  manuloss: 1.6563 (1.6563)  acc1: 11.7188 (11.7188)  acc5: 22.2656 (22.2656)  family_acc1: 43.7500 (43.7500)  manu_acc1: 61.7188 (61.7188)  time: 7.2803  data: 6.9691  max mem: 11381
Test:  [  1/391]  eta: 0:24:30  sploss: 6.5919 (6.6323)  famloss: 2.7153 (2.7924)  manuloss: 1.6563 (1.7739)  acc1: 11.7188 (11.9141)  acc5: 22.2656 (22.4609)  family_acc1: 43.7500 (44.7266)  manu_acc1: 58.5938 (60.1562)  time: 3.7701  data: 3.4851  max mem: 11381
Test:  [  2/391]  eta: 0:17:20  sploss: 6.5919 (6.6109)  famloss: 2.7153 (2.7070)  manuloss: 1.6563 (1.6391)  acc1: 11.7188 (10.5469)  acc5: 22.2656 (21.6146)  family_acc1: 45.7031 (46.7448)  manu_acc1: 61.7188 (64.0625)  time: 2.6758  data: 2.3961  max mem: 11381
Test:  [  3/391]  eta: 0:13:31  sploss: 6.5919 (6.6551)  famloss: 2.7153 (2.7150)  manuloss: 1.6241 (1.6354)  acc1: 7.8125 (9.8633)  acc5: 19.9219 (20.8008)  family_acc1: 45.7031 (46.5820)  manu_acc1: 61.7188 (63.5742)  time: 2.0925  data: 1.8168  max mem: 11381
Test:  [  4/391]  eta: 0:11:05  sploss: 6.6728 (6.6903)  famloss: 2.7391 (2.7784)  manuloss: 1.6563 (1.6976)  acc1: 9.7656 (9.8438)  acc5: 19.9219 (20.3906)  family_acc1: 45.7031 (45.8594)  manu_acc1: 61.7188 (62.5781)  time: 1.7192  data: 1.4536  max mem: 11381
Test:  [  5/391]  eta: 0:09:29  sploss: 6.6728 (6.6919)  famloss: 2.7391 (2.8140)  manuloss: 1.6563 (1.7350)  acc1: 8.5938 (9.6354)  acc5: 19.9219 (20.3776)  family_acc1: 43.7500 (44.7266)  manu_acc1: 59.7656 (62.1094)  time: 1.4765  data: 1.2114  max mem: 11381
Test:  [  6/391]  eta: 0:08:21  sploss: 6.6728 (6.6551)  famloss: 2.7391 (2.7865)  manuloss: 1.6563 (1.7228)  acc1: 8.5938 (9.2634)  acc5: 20.3125 (20.6473)  family_acc1: 45.7031 (45.8147)  manu_acc1: 61.7188 (62.8348)  time: 1.3015  data: 1.0385  max mem: 11381
Test:  [  7/391]  eta: 0:07:29  sploss: 6.6728 (6.6690)  famloss: 2.7153 (2.7758)  manuloss: 1.6563 (1.7301)  acc1: 8.5938 (9.2285)  acc5: 20.3125 (20.6055)  family_acc1: 44.5312 (45.6543)  manu_acc1: 61.7188 (62.7930)  time: 1.1703  data: 0.9088  max mem: 11381
Test:  [  8/391]  eta: 0:06:49  sploss: 6.6995 (6.7155)  famloss: 2.7391 (2.8782)  manuloss: 1.7812 (1.8282)  acc1: 8.9844 (9.2882)  acc5: 20.3125 (20.2691)  family_acc1: 44.5312 (44.6615)  manu_acc1: 61.7188 (61.2847)  time: 1.0691  data: 0.8079  max mem: 11381
Test:  [  9/391]  eta: 0:06:17  sploss: 6.6995 (6.7363)  famloss: 2.7391 (2.9107)  manuloss: 1.7812 (1.8492)  acc1: 8.5938 (9.1406)  acc5: 19.9219 (19.8828)  family_acc1: 43.7500 (44.2578)  manu_acc1: 59.7656 (60.8984)  time: 0.9872  data: 0.7271  max mem: 11381
Test:  [ 10/391]  eta: 0:05:50  sploss: 6.7651 (6.7389)  famloss: 2.8631 (2.9063)  manuloss: 1.7812 (1.8388)  acc1: 8.9844 (9.5526)  acc5: 20.3125 (20.1705)  family_acc1: 44.1406 (44.2472)  manu_acc1: 61.7188 (61.0795)  time: 0.9202  data: 0.6611  max mem: 11381
Test:  [ 11/391]  eta: 0:05:28  sploss: 6.6995 (6.7229)  famloss: 2.8056 (2.8979)  manuloss: 1.7812 (1.8393)  acc1: 8.9844 (9.6680)  acc5: 19.9219 (20.1172)  family_acc1: 43.7500 (44.2057)  manu_acc1: 59.7656 (60.9701)  time: 0.8648  data: 0.6061  max mem: 11381
Test:  [ 12/391]  eta: 0:06:45  sploss: 6.7651 (6.7296)  famloss: 2.8631 (2.9001)  manuloss: 1.8449 (1.8467)  acc1: 8.9844 (9.5553)  acc5: 19.9219 (19.8918)  family_acc1: 43.7500 (44.0204)  manu_acc1: 59.7656 (60.8173)  time: 1.0708  data: 0.8099  max mem: 11381
Test:  [ 13/391]  eta: 0:06:23  sploss: 6.7651 (6.7609)  famloss: 2.8631 (2.9112)  manuloss: 1.8449 (1.8504)  acc1: 8.5938 (9.2076)  acc5: 19.5312 (19.5592)  family_acc1: 43.7500 (43.5547)  manu_acc1: 59.7656 (60.6306)  time: 1.0140  data: 0.7521  max mem: 11381
Test:  [ 14/391]  eta: 0:06:04  sploss: 6.7651 (6.7560)  famloss: 2.8631 (2.8921)  manuloss: 1.8449 (1.8242)  acc1: 8.9844 (9.3229)  acc5: 19.9219 (19.7656)  family_acc1: 43.7500 (43.9323)  manu_acc1: 59.7656 (61.1979)  time: 0.9677  data: 0.7020  max mem: 11381
Test:  [ 15/391]  eta: 0:05:54  sploss: 6.7651 (6.7579)  famloss: 2.8056 (2.8820)  manuloss: 1.7812 (1.8151)  acc1: 8.5938 (9.2529)  acc5: 19.5312 (19.6045)  family_acc1: 43.7500 (44.1895)  manu_acc1: 59.7656 (61.4746)  time: 0.9425  data: 0.6772  max mem: 11381
Test:  [ 16/391]  eta: 0:05:38  sploss: 6.7659 (6.7601)  famloss: 2.8069 (2.8776)  manuloss: 1.7812 (1.8060)  acc1: 8.9844 (9.3061)  acc5: 19.9219 (19.7151)  family_acc1: 43.7500 (44.1636)  manu_acc1: 61.7188 (61.8107)  time: 0.9018  data: 0.6374  max mem: 11381
Test:  [ 17/391]  eta: 0:05:23  sploss: 6.7651 (6.7499)  famloss: 2.8056 (2.8709)  manuloss: 1.7347 (1.7922)  acc1: 8.5938 (9.2231)  acc5: 19.5312 (19.6615)  family_acc1: 43.7500 (44.4227)  manu_acc1: 61.7188 (62.1528)  time: 0.8654  data: 0.6021  max mem: 11381
Test:  [ 18/391]  eta: 0:05:10  sploss: 6.7651 (6.7500)  famloss: 2.8056 (2.8671)  manuloss: 1.7812 (1.8021)  acc1: 8.5938 (9.1694)  acc5: 19.5312 (19.5724)  family_acc1: 44.1406 (44.5929)  manu_acc1: 61.7188 (62.1299)  time: 0.8330  data: 0.5704  max mem: 11381
Test:  [ 19/391]  eta: 0:04:59  sploss: 6.7651 (6.7607)  famloss: 2.8056 (2.8738)  manuloss: 1.7812 (1.8146)  acc1: 8.2031 (9.0625)  acc5: 18.7500 (19.4141)  family_acc1: 43.7500 (44.5508)  manu_acc1: 61.7188 (61.9727)  time: 0.8040  data: 0.5419  max mem: 11381
Test:  [ 20/391]  eta: 0:04:48  sploss: 6.7659 (6.7728)  famloss: 2.8069 (2.8864)  manuloss: 1.8449 (1.8191)  acc1: 8.2031 (9.1146)  acc5: 18.7500 (19.3266)  family_acc1: 43.7500 (44.1964)  manu_acc1: 60.1562 (61.8862)  time: 0.4524  data: 0.1935  max mem: 11381
Test:  [ 21/391]  eta: 0:04:38  sploss: 6.7872 (6.7902)  famloss: 2.8069 (2.9035)  manuloss: 1.8449 (1.8330)  acc1: 8.2031 (9.0199)  acc5: 18.3594 (19.1761)  family_acc1: 43.7500 (43.9098)  manu_acc1: 60.1562 (61.6300)  time: 0.4520  data: 0.1934  max mem: 11381
Test:  [ 22/391]  eta: 0:04:30  sploss: 6.7872 (6.7877)  famloss: 2.8631 (2.9065)  manuloss: 1.8449 (1.8326)  acc1: 8.2031 (9.0693)  acc5: 18.3594 (19.1746)  family_acc1: 43.7500 (43.9198)  manu_acc1: 60.1562 (61.6508)  time: 0.4407  data: 0.1826  max mem: 11381
Test:  [ 23/391]  eta: 0:04:22  sploss: 6.7659 (6.7774)  famloss: 2.9259 (2.9134)  manuloss: 1.8975 (1.8503)  acc1: 8.5938 (9.3099)  acc5: 18.7500 (19.4824)  family_acc1: 43.7500 (43.6686)  manu_acc1: 59.7656 (61.1491)  time: 0.4368  data: 0.1787  max mem: 11381
Test:  [ 24/391]  eta: 0:05:01  sploss: 6.7659 (6.7803)  famloss: 2.9259 (2.9154)  manuloss: 1.8975 (1.8553)  acc1: 8.5938 (9.3125)  acc5: 17.9688 (19.4062)  family_acc1: 43.7500 (43.5781)  manu_acc1: 59.7656 (61.0938)  time: 0.5973  data: 0.3359  max mem: 11381
Test:  [ 25/391]  eta: 0:04:53  sploss: 6.7659 (6.7749)  famloss: 2.9155 (2.9154)  manuloss: 1.8975 (1.8584)  acc1: 8.9844 (9.2999)  acc5: 17.9688 (19.5012)  family_acc1: 43.7500 (43.3894)  manu_acc1: 59.7656 (61.0427)  time: 0.5981  data: 0.3359  max mem: 11381
Test:  [ 26/391]  eta: 0:04:45  sploss: 6.7659 (6.7552)  famloss: 2.9155 (2.9075)  manuloss: 1.8975 (1.8542)  acc1: 8.9844 (9.3027)  acc5: 17.9688 (19.6615)  family_acc1: 43.7500 (43.5475)  manu_acc1: 59.7656 (61.1256)  time: 0.6002  data: 0.3359  max mem: 11381
Test:  [ 27/391]  eta: 0:04:39  sploss: 6.7651 (6.7540)  famloss: 2.9259 (2.9146)  manuloss: 1.9082 (1.8597)  acc1: 8.9844 (9.2773)  acc5: 17.9688 (19.7684)  family_acc1: 41.7969 (43.4570)  manu_acc1: 59.7656 (60.9654)  time: 0.6065  data: 0.3417  max mem: 11381
Test:  [ 28/391]  eta: 0:04:32  sploss: 6.7514 (6.7527)  famloss: 2.9155 (2.9078)  manuloss: 1.8975 (1.8575)  acc1: 8.9844 (9.3885)  acc5: 18.7500 (19.8141)  family_acc1: 43.7500 (43.5614)  manu_acc1: 59.7656 (61.0048)  time: 0.6056  data: 0.3417  max mem: 11381
Test:  [ 29/391]  eta: 0:04:25  sploss: 6.7308 (6.7496)  famloss: 2.8631 (2.9047)  manuloss: 1.8640 (1.8577)  acc1: 9.3750 (9.3880)  acc5: 19.1406 (19.8307)  family_acc1: 43.7500 (43.6458)  manu_acc1: 59.7656 (60.9505)  time: 0.6062  data: 0.3417  max mem: 11381
Test:  [ 30/391]  eta: 0:04:19  sploss: 6.7208 (6.7444)  famloss: 2.8159 (2.9017)  manuloss: 1.8640 (1.8530)  acc1: 9.3750 (9.4758)  acc5: 19.1406 (19.8463)  family_acc1: 43.7500 (43.8382)  manu_acc1: 59.7656 (61.1265)  time: 0.6065  data: 0.3417  max mem: 11381
Test:  [ 31/391]  eta: 0:04:13  sploss: 6.7308 (6.7508)  famloss: 2.8886 (2.9013)  manuloss: 1.8640 (1.8499)  acc1: 8.9844 (9.4116)  acc5: 18.7500 (19.6777)  family_acc1: 43.7500 (43.8965)  manu_acc1: 60.1562 (61.1816)  time: 0.6064  data: 0.3417  max mem: 11381
Test:  [ 32/391]  eta: 0:04:07  sploss: 6.7208 (6.7483)  famloss: 2.8159 (2.8910)  manuloss: 1.8250 (1.8375)  acc1: 8.9844 (9.3987)  acc5: 18.7500 (19.6141)  family_acc1: 44.1406 (44.0578)  manu_acc1: 61.7188 (61.4583)  time: 0.4413  data: 0.1789  max mem: 11381
Test:  [ 33/391]  eta: 0:04:02  sploss: 6.7165 (6.7450)  famloss: 2.8126 (2.8832)  manuloss: 1.7967 (1.8286)  acc1: 9.3750 (9.4324)  acc5: 19.1406 (19.6347)  family_acc1: 45.7031 (44.1981)  manu_acc1: 62.1094 (61.7188)  time: 0.4398  data: 0.1789  max mem: 11381
Test:  [ 34/391]  eta: 0:03:56  sploss: 6.7165 (6.7420)  famloss: 2.8126 (2.8794)  manuloss: 1.7967 (1.8214)  acc1: 9.3750 (9.4531)  acc5: 19.1406 (19.7210)  family_acc1: 45.7031 (44.3304)  manu_acc1: 62.1094 (61.8192)  time: 0.4358  data: 0.1789  max mem: 11381
Test:  [ 35/391]  eta: 0:03:52  sploss: 6.6663 (6.7393)  famloss: 2.8126 (2.8707)  manuloss: 1.7967 (1.8137)  acc1: 9.3750 (9.4510)  acc5: 20.3125 (19.8459)  family_acc1: 45.7031 (44.4878)  manu_acc1: 62.1094 (62.0226)  time: 0.4207  data: 0.1636  max mem: 11381
Test:  [ 36/391]  eta: 0:04:22  sploss: 6.6618 (6.7370)  famloss: 2.8126 (2.8666)  manuloss: 1.7967 (1.8102)  acc1: 9.3750 (9.4278)  acc5: 20.3125 (19.9535)  family_acc1: 46.0938 (44.5946)  manu_acc1: 62.1094 (62.1199)  time: 0.6005  data: 0.3422  max mem: 11381
Test:  [ 37/391]  eta: 0:04:17  sploss: 6.6663 (6.7427)  famloss: 2.8159 (2.8714)  manuloss: 1.8250 (1.8149)  acc1: 9.3750 (9.4264)  acc5: 20.3125 (19.9013)  family_acc1: 45.7031 (44.5312)  manu_acc1: 61.7188 (61.9757)  time: 0.6015  data: 0.3422  max mem: 11381
Test:  [ 38/391]  eta: 0:04:12  sploss: 6.6663 (6.7528)  famloss: 2.8827 (2.8717)  manuloss: 1.8250 (1.8168)  acc1: 9.3750 (9.3950)  acc5: 20.3125 (19.7616)  family_acc1: 44.1406 (44.5212)  manu_acc1: 60.1562 (61.9191)  time: 0.6025  data: 0.3422  max mem: 11381
Test:  [ 39/391]  eta: 0:04:10  sploss: 6.6663 (6.7585)  famloss: 2.8827 (2.8777)  manuloss: 1.8250 (1.8186)  acc1: 9.3750 (9.3652)  acc5: 20.3125 (19.6582)  family_acc1: 44.1406 (44.3652)  manu_acc1: 62.1094 (61.9336)  time: 0.6181  data: 0.3603  max mem: 11381
Test:  [ 40/391]  eta: 0:04:05  sploss: 6.6618 (6.7558)  famloss: 2.8827 (2.8782)  manuloss: 1.7967 (1.8163)  acc1: 9.3750 (9.3655)  acc5: 20.3125 (19.6646)  family_acc1: 44.9219 (44.3788)  manu_acc1: 62.1094 (62.0236)  time: 0.6158  data: 0.3603  max mem: 11381
Test:  [ 41/391]  eta: 0:04:00  sploss: 6.6618 (6.7589)  famloss: 2.8262 (2.8769)  manuloss: 1.7531 (1.8148)  acc1: 9.3750 (9.3285)  acc5: 20.3125 (19.6615)  family_acc1: 44.9219 (44.3917)  manu_acc1: 62.5000 (62.0908)  time: 0.6130  data: 0.3603  max mem: 11381
Test:  [ 42/391]  eta: 0:03:55  sploss: 6.6618 (6.7575)  famloss: 2.8159 (2.8752)  manuloss: 1.7510 (1.8106)  acc1: 9.3750 (9.3568)  acc5: 20.3125 (19.6312)  family_acc1: 44.9219 (44.4041)  manu_acc1: 62.8906 (62.2547)  time: 0.6098  data: 0.3603  max mem: 11381
Test:  [ 43/391]  eta: 0:03:51  sploss: 6.6618 (6.7553)  famloss: 2.8159 (2.8784)  manuloss: 1.7510 (1.8112)  acc1: 9.3750 (9.3572)  acc5: 19.9219 (19.6200)  family_acc1: 44.9219 (44.3626)  manu_acc1: 62.8906 (62.1538)  time: 0.6065  data: 0.3603  max mem: 11381
Test:  [ 44/391]  eta: 0:03:46  sploss: 6.6606 (6.7522)  famloss: 2.8159 (2.8778)  manuloss: 1.7459 (1.8085)  acc1: 9.3750 (9.4358)  acc5: 20.3125 (19.6962)  family_acc1: 44.9219 (44.3490)  manu_acc1: 63.2812 (62.2309)  time: 0.4447  data: 0.2030  max mem: 11381
Test:  [ 45/391]  eta: 0:03:42  sploss: 6.6618 (6.7526)  famloss: 2.8159 (2.8833)  manuloss: 1.7459 (1.8108)  acc1: 9.3750 (9.4599)  acc5: 20.3125 (19.7181)  family_acc1: 44.9219 (44.3190)  manu_acc1: 63.2812 (62.2198)  time: 0.4409  data: 0.2030  max mem: 11381
Test:  [ 46/391]  eta: 0:03:39  sploss: 6.6618 (6.7505)  famloss: 2.8262 (2.8846)  manuloss: 1.7510 (1.8114)  acc1: 9.3750 (9.4581)  acc5: 19.9219 (19.6975)  family_acc1: 44.9219 (44.2320)  manu_acc1: 62.8906 (62.1759)  time: 0.4387  data: 0.2030  max mem: 11381
Test:  [ 47/391]  eta: 0:03:35  sploss: 6.6618 (6.7503)  famloss: 2.8262 (2.8880)  manuloss: 1.7510 (1.8124)  acc1: 9.3750 (9.4645)  acc5: 19.9219 (19.7103)  family_acc1: 44.9219 (44.1650)  manu_acc1: 63.6719 (62.2070)  time: 0.4322  data: 0.1972  max mem: 11381
Test:  [ 48/391]  eta: 0:03:56  sploss: 6.6618 (6.7489)  famloss: 2.8263 (2.8867)  manuloss: 1.7510 (1.8116)  acc1: 9.3750 (9.4467)  acc5: 19.5312 (19.7066)  family_acc1: 44.9219 (44.2283)  manu_acc1: 63.6719 (62.2290)  time: 0.6044  data: 0.3679  max mem: 11381
Test:  [ 49/391]  eta: 0:03:53  sploss: 6.6606 (6.7410)  famloss: 2.8263 (2.8834)  manuloss: 1.7426 (1.8102)  acc1: 9.3750 (9.5234)  acc5: 19.5312 (19.7812)  family_acc1: 44.9219 (44.3672)  manu_acc1: 63.6719 (62.2266)  time: 0.6038  data: 0.3679  max mem: 11381
Test:  [ 50/391]  eta: 0:03:49  sploss: 6.6663 (6.7399)  famloss: 2.8525 (2.8871)  manuloss: 1.7510 (1.8153)  acc1: 9.3750 (9.4746)  acc5: 19.5312 (19.7074)  family_acc1: 44.9219 (44.2249)  manu_acc1: 63.2812 (62.0711)  time: 0.6039  data: 0.3679  max mem: 11381
Test:  [ 51/391]  eta: 0:03:48  sploss: 6.6663 (6.7421)  famloss: 2.8525 (2.8929)  manuloss: 1.7510 (1.8224)  acc1: 9.3750 (9.4201)  acc5: 19.5312 (19.6439)  family_acc1: 44.1406 (44.0805)  manu_acc1: 63.2812 (61.8990)  time: 0.6240  data: 0.3881  max mem: 11381
Test:  [ 52/391]  eta: 0:03:45  sploss: 6.6704 (6.7407)  famloss: 2.8827 (2.8956)  manuloss: 1.7753 (1.8292)  acc1: 9.3750 (9.4487)  acc5: 19.5312 (19.6713)  family_acc1: 43.7500 (44.0080)  manu_acc1: 62.5000 (61.7114)  time: 0.6251  data: 0.3881  max mem: 11381
Test:  [ 53/391]  eta: 0:03:42  sploss: 6.6721 (6.7394)  famloss: 2.8983 (2.8965)  manuloss: 1.8394 (1.8314)  acc1: 9.3750 (9.4401)  acc5: 19.5312 (19.6687)  family_acc1: 42.9688 (43.9815)  manu_acc1: 62.1094 (61.5958)  time: 0.6255  data: 0.3881  max mem: 11381
Test:  [ 54/391]  eta: 0:03:39  sploss: 6.6721 (6.7364)  famloss: 2.9439 (2.8976)  manuloss: 1.8398 (1.8316)  acc1: 9.3750 (9.4957)  acc5: 19.5312 (19.7301)  family_acc1: 42.9688 (43.9773)  manu_acc1: 62.1094 (61.6619)  time: 0.6261  data: 0.3881  max mem: 11381
Test:  [ 55/391]  eta: 0:03:36  sploss: 6.6721 (6.7347)  famloss: 2.9439 (2.8952)  manuloss: 1.8428 (1.8351)  acc1: 9.3750 (9.5075)  acc5: 19.5312 (19.7614)  family_acc1: 42.5781 (43.9244)  manu_acc1: 61.7188 (61.5304)  time: 0.6259  data: 0.3881  max mem: 11381
Test:  [ 56/391]  eta: 0:03:33  sploss: 6.6787 (6.7358)  famloss: 2.9439 (2.8922)  manuloss: 1.8428 (1.8343)  acc1: 9.3750 (9.5600)  acc5: 19.5312 (19.7985)  family_acc1: 42.5781 (44.0104)  manu_acc1: 61.7188 (61.5680)  time: 0.4461  data: 0.2095  max mem: 11381
Test:  [ 57/391]  eta: 0:03:30  sploss: 6.6721 (6.7338)  famloss: 2.9229 (2.8927)  manuloss: 1.8398 (1.8329)  acc1: 9.3750 (9.5838)  acc5: 19.5312 (19.8747)  family_acc1: 42.5781 (43.9857)  manu_acc1: 61.7188 (61.5504)  time: 0.4452  data: 0.2095  max mem: 11381
Test:  [ 58/391]  eta: 0:03:27  sploss: 6.6704 (6.7282)  famloss: 2.9229 (2.8887)  manuloss: 1.8394 (1.8308)  acc1: 9.7656 (9.6398)  acc5: 19.9219 (19.9285)  family_acc1: 42.5781 (44.1075)  manu_acc1: 62.1094 (61.6062)  time: 0.4442  data: 0.2095  max mem: 11381
Test:  [ 59/391]  eta: 0:03:24  sploss: 6.6606 (6.7270)  famloss: 2.8983 (2.8843)  manuloss: 1.7932 (1.8290)  acc1: 9.7656 (9.5964)  acc5: 20.3125 (19.9414)  family_acc1: 42.9688 (44.1276)  manu_acc1: 61.7188 (61.6081)  time: 0.4283  data: 0.1914  max mem: 11381
Test:  [ 60/391]  eta: 0:03:38  sploss: 6.6606 (6.7244)  famloss: 2.8525 (2.8829)  manuloss: 1.7932 (1.8271)  acc1: 9.7656 (9.5863)  acc5: 20.7031 (19.9603)  family_acc1: 42.9688 (44.1726)  manu_acc1: 61.7188 (61.6483)  time: 0.5810  data: 0.3432  max mem: 11381
Test:  [ 61/391]  eta: 0:03:35  sploss: 6.6578 (6.7200)  famloss: 2.8525 (2.8787)  manuloss: 1.7932 (1.8240)  acc1: 10.1562 (9.6081)  acc5: 20.7031 (20.0038)  family_acc1: 42.9688 (44.2036)  manu_acc1: 61.7188 (61.7061)  time: 0.5811  data: 0.3432  max mem: 11381
Test:  [ 62/391]  eta: 0:03:32  sploss: 6.6578 (6.7212)  famloss: 2.8525 (2.8766)  manuloss: 1.8394 (1.8244)  acc1: 9.7656 (9.6044)  acc5: 20.7031 (20.0149)  family_acc1: 42.9688 (44.2522)  manu_acc1: 61.7188 (61.6815)  time: 0.5815  data: 0.3432  max mem: 11381
Test:  [ 63/391]  eta: 0:03:30  sploss: 6.6548 (6.7202)  famloss: 2.8525 (2.8778)  manuloss: 1.8398 (1.8260)  acc1: 10.1562 (9.6130)  acc5: 21.0938 (20.0439)  family_acc1: 43.7500 (44.2932)  manu_acc1: 61.7188 (61.6882)  time: 0.5897  data: 0.3485  max mem: 11381
Test:  [ 64/391]  eta: 0:03:27  sploss: 6.6578 (6.7235)  famloss: 2.9229 (2.8813)  manuloss: 1.8428 (1.8275)  acc1: 9.7656 (9.5733)  acc5: 20.7031 (20.0060)  family_acc1: 42.9688 (44.1707)  manu_acc1: 61.7188 (61.6466)  time: 0.5925  data: 0.3485  max mem: 11381
Test:  [ 65/391]  eta: 0:03:25  sploss: 6.6578 (6.7239)  famloss: 2.8286 (2.8805)  manuloss: 1.8398 (1.8277)  acc1: 9.3750 (9.5703)  acc5: 20.7031 (20.0107)  family_acc1: 43.7500 (44.1880)  manu_acc1: 60.5469 (61.6300)  time: 0.5947  data: 0.3485  max mem: 11381
Test:  [ 66/391]  eta: 0:03:22  sploss: 6.6578 (6.7220)  famloss: 2.8267 (2.8797)  manuloss: 1.8394 (1.8264)  acc1: 9.3750 (9.5616)  acc5: 21.0938 (20.0268)  family_acc1: 43.7500 (44.1465)  manu_acc1: 61.7188 (61.6838)  time: 0.5951  data: 0.3485  max mem: 11381
Test:  [ 67/391]  eta: 0:03:20  sploss: 6.6578 (6.7212)  famloss: 2.8263 (2.8768)  manuloss: 1.7932 (1.8235)  acc1: 9.3750 (9.5416)  acc5: 21.0938 (19.9908)  family_acc1: 45.3125 (44.1808)  manu_acc1: 61.7188 (61.7188)  time: 0.5949  data: 0.3485  max mem: 11381
Test:  [ 68/391]  eta: 0:03:18  sploss: 6.6578 (6.7205)  famloss: 2.7994 (2.8723)  manuloss: 1.7932 (1.8208)  acc1: 9.3750 (9.5222)  acc5: 21.0938 (20.0294)  family_acc1: 45.3125 (44.1972)  manu_acc1: 61.7188 (61.7244)  time: 0.4252  data: 0.1778  max mem: 11381
Test:  [ 69/391]  eta: 0:03:16  sploss: 6.6578 (6.7189)  famloss: 2.8267 (2.8731)  manuloss: 1.7932 (1.8191)  acc1: 9.3750 (9.5424)  acc5: 21.0938 (20.0167)  family_acc1: 45.3125 (44.2188)  manu_acc1: 61.7188 (61.7467)  time: 0.4280  data: 0.1778  max mem: 11381
Test:  [ 70/391]  eta: 0:03:14  sploss: 6.6578 (6.7217)  famloss: 2.8114 (2.8722)  manuloss: 1.7506 (1.8172)  acc1: 9.3750 (9.5180)  acc5: 21.0938 (19.9604)  family_acc1: 45.3125 (44.2232)  manu_acc1: 62.1094 (61.7573)  time: 0.4291  data: 0.1778  max mem: 11381
Test:  [ 71/391]  eta: 0:03:11  sploss: 6.6548 (6.7180)  famloss: 2.7994 (2.8667)  manuloss: 1.7434 (1.8145)  acc1: 9.3750 (9.5432)  acc5: 21.0938 (19.9653)  family_acc1: 45.3125 (44.3522)  manu_acc1: 62.1094 (61.8544)  time: 0.4090  data: 0.1577  max mem: 11381
Test:  [ 72/391]  eta: 0:03:25  sploss: 6.6548 (6.7186)  famloss: 2.7994 (2.8660)  manuloss: 1.7241 (1.8114)  acc1: 9.3750 (9.5676)  acc5: 20.7031 (19.9540)  family_acc1: 45.3125 (44.3547)  manu_acc1: 62.5000 (61.9114)  time: 0.5886  data: 0.3374  max mem: 11381
Test:  [ 73/391]  eta: 0:03:23  sploss: 6.6548 (6.7207)  famloss: 2.7661 (2.8623)  manuloss: 1.7171 (1.8083)  acc1: 9.3750 (9.5228)  acc5: 20.7031 (19.9219)  family_acc1: 45.3125 (44.4046)  manu_acc1: 63.2812 (61.9774)  time: 0.5887  data: 0.3374  max mem: 11381
Test:  [ 74/391]  eta: 0:03:20  sploss: 6.6548 (6.7179)  famloss: 2.7469 (2.8603)  manuloss: 1.7067 (1.8057)  acc1: 9.3750 (9.5156)  acc5: 20.7031 (19.9635)  family_acc1: 45.7031 (44.4583)  manu_acc1: 63.2812 (62.0208)  time: 0.5877  data: 0.3374  max mem: 11381
Test:  [ 75/391]  eta: 0:03:19  sploss: 6.6578 (6.7194)  famloss: 2.7469 (2.8615)  manuloss: 1.7067 (1.8069)  acc1: 9.3750 (9.5241)  acc5: 20.7031 (19.9167)  family_acc1: 46.0938 (44.4850)  manu_acc1: 63.2812 (61.9860)  time: 0.6002  data: 0.3501  max mem: 11381
Test:  [ 76/391]  eta: 0:03:17  sploss: 6.6578 (6.7194)  famloss: 2.7469 (2.8595)  manuloss: 1.6977 (1.8055)  acc1: 9.3750 (9.5424)  acc5: 20.7031 (19.9523)  family_acc1: 46.0938 (44.5769)  manu_acc1: 63.2812 (62.0130)  time: 0.6002  data: 0.3501  max mem: 11381
Test:  [ 77/391]  eta: 0:03:15  sploss: 6.6664 (6.7219)  famloss: 2.7469 (2.8584)  manuloss: 1.6972 (1.8025)  acc1: 8.9844 (9.5102)  acc5: 20.3125 (19.9219)  family_acc1: 46.4844 (44.6064)  manu_acc1: 64.0625 (62.0693)  time: 0.6007  data: 0.3501  max mem: 11381
Test:  [ 78/391]  eta: 0:03:13  sploss: 6.6742 (6.7226)  famloss: 2.7725 (2.8585)  manuloss: 1.6972 (1.8035)  acc1: 8.9844 (9.4689)  acc5: 20.3125 (19.9219)  family_acc1: 46.4844 (44.6301)  manu_acc1: 63.2812 (62.0797)  time: 0.6007  data: 0.3501  max mem: 11381
Test:  [ 79/391]  eta: 0:03:11  sploss: 6.7193 (6.7229)  famloss: 2.7994 (2.8596)  manuloss: 1.6972 (1.8029)  acc1: 8.9844 (9.4922)  acc5: 20.3125 (19.9365)  family_acc1: 46.4844 (44.6191)  manu_acc1: 64.0625 (62.1143)  time: 0.6012  data: 0.3501  max mem: 11381
Test:  [ 80/391]  eta: 0:03:09  sploss: 6.7430 (6.7240)  famloss: 2.8108 (2.8627)  manuloss: 1.6972 (1.8033)  acc1: 9.3750 (9.4907)  acc5: 20.3125 (19.9412)  family_acc1: 46.0938 (44.5843)  manu_acc1: 64.0625 (62.1431)  time: 0.4507  data: 0.1983  max mem: 11381
Test:  [ 81/391]  eta: 0:03:07  sploss: 6.7542 (6.7244)  famloss: 2.8114 (2.8625)  manuloss: 1.6972 (1.8013)  acc1: 8.9844 (9.4798)  acc5: 19.9219 (19.9362)  family_acc1: 46.0938 (44.6027)  manu_acc1: 64.0625 (62.1999)  time: 0.4530  data: 0.1983  max mem: 11381
Test:  [ 82/391]  eta: 0:03:05  sploss: 6.7542 (6.7295)  famloss: 2.8267 (2.8655)  manuloss: 1.6972 (1.8030)  acc1: 8.9844 (9.4550)  acc5: 19.5312 (19.8795)  family_acc1: 45.7031 (44.5595)  manu_acc1: 64.0625 (62.1329)  time: 0.4560  data: 0.1983  max mem: 11381
Test:  [ 83/391]  eta: 0:03:03  sploss: 6.7561 (6.7309)  famloss: 2.8267 (2.8684)  manuloss: 1.6972 (1.8063)  acc1: 8.9844 (9.4634)  acc5: 19.5312 (19.8940)  family_acc1: 45.3125 (44.5033)  manu_acc1: 64.0625 (62.0722)  time: 0.4512  data: 0.1930  max mem: 11381
Test:  [ 84/391]  eta: 0:03:13  sploss: 6.7542 (6.7297)  famloss: 2.8267 (2.8706)  manuloss: 1.6972 (1.8053)  acc1: 8.9844 (9.4807)  acc5: 19.9219 (19.9219)  family_acc1: 45.3125 (44.4347)  manu_acc1: 64.0625 (62.0910)  time: 0.6147  data: 0.3559  max mem: 11381
Test:  [ 85/391]  eta: 0:03:11  sploss: 6.7430 (6.7298)  famloss: 2.8267 (2.8737)  manuloss: 1.6972 (1.8069)  acc1: 8.9844 (9.4658)  acc5: 19.5312 (19.9082)  family_acc1: 45.3125 (44.3814)  manu_acc1: 64.0625 (62.0503)  time: 0.6158  data: 0.3559  max mem: 11381
Test:  [ 86/391]  eta: 0:03:09  sploss: 6.7430 (6.7271)  famloss: 2.8410 (2.8733)  manuloss: 1.6972 (1.8057)  acc1: 8.5938 (9.4513)  acc5: 19.5312 (19.9398)  family_acc1: 45.3125 (44.3606)  manu_acc1: 64.0625 (62.0869)  time: 0.6162  data: 0.3559  max mem: 11381
Test:  [ 87/391]  eta: 0:03:08  sploss: 6.7561 (6.7294)  famloss: 2.8479 (2.8748)  manuloss: 1.6977 (1.8060)  acc1: 8.9844 (9.4460)  acc5: 19.5312 (19.9041)  family_acc1: 44.5312 (44.3226)  manu_acc1: 63.6719 (62.0961)  time: 0.6219  data: 0.3622  max mem: 11381
Test:  [ 88/391]  eta: 0:03:06  sploss: 6.7561 (6.7282)  famloss: 2.8479 (2.8740)  manuloss: 1.7090 (1.8058)  acc1: 8.9844 (9.4452)  acc5: 19.5312 (19.9131)  family_acc1: 44.5312 (44.3425)  manu_acc1: 64.0625 (62.1182)  time: 0.6195  data: 0.3622  max mem: 11381
Test:  [ 89/391]  eta: 0:03:04  sploss: 6.7591 (6.7291)  famloss: 2.8479 (2.8743)  manuloss: 1.7090 (1.8033)  acc1: 8.9844 (9.4271)  acc5: 19.5312 (19.9089)  family_acc1: 44.5312 (44.3707)  manu_acc1: 64.0625 (62.1832)  time: 0.6144  data: 0.3622  max mem: 11381
Test:  [ 90/391]  eta: 0:03:02  sploss: 6.7561 (6.7290)  famloss: 2.8683 (2.8758)  manuloss: 1.7218 (1.8040)  acc1: 8.9844 (9.4093)  acc5: 19.5312 (19.8832)  family_acc1: 44.5312 (44.3080)  manu_acc1: 64.0625 (62.1781)  time: 0.6106  data: 0.3622  max mem: 11381
Test:  [ 91/391]  eta: 0:03:00  sploss: 6.7591 (6.7321)  famloss: 2.8991 (2.8790)  manuloss: 1.7509 (1.8058)  acc1: 8.9844 (9.4132)  acc5: 19.5312 (19.8752)  family_acc1: 43.7500 (44.2722)  manu_acc1: 64.0625 (62.1518)  time: 0.6078  data: 0.3622  max mem: 11381
Test:  [ 92/391]  eta: 0:02:59  sploss: 6.7783 (6.7344)  famloss: 2.9488 (2.8831)  manuloss: 1.7816 (1.8068)  acc1: 8.5938 (9.4002)  acc5: 19.5312 (19.8421)  family_acc1: 42.5781 (44.2288)  manu_acc1: 63.6719 (62.1136)  time: 0.4371  data: 0.1825  max mem: 11381
Test:  [ 93/391]  eta: 0:02:57  sploss: 6.7783 (6.7348)  famloss: 2.9544 (2.8840)  manuloss: 1.7816 (1.8059)  acc1: 8.9844 (9.3958)  acc5: 19.5312 (19.8346)  family_acc1: 42.5781 (44.2196)  manu_acc1: 63.6719 (62.1634)  time: 0.4346  data: 0.1825  max mem: 11381
Test:  [ 94/391]  eta: 0:02:55  sploss: 6.7788 (6.7381)  famloss: 2.9641 (2.8858)  manuloss: 1.8304 (1.8062)  acc1: 8.5938 (9.3832)  acc5: 19.5312 (19.8396)  family_acc1: 42.5781 (44.2146)  manu_acc1: 62.8906 (62.1423)  time: 0.4340  data: 0.1825  max mem: 11381
Test:  [ 95/391]  eta: 0:02:54  sploss: 6.7783 (6.7375)  famloss: 3.0023 (2.8873)  manuloss: 1.8304 (1.8074)  acc1: 8.5938 (9.3913)  acc5: 19.5312 (19.8771)  family_acc1: 42.5781 (44.2139)  manu_acc1: 62.8906 (62.1134)  time: 0.4213  data: 0.1697  max mem: 11381
Test:  [ 96/391]  eta: 0:03:01  sploss: 6.7788 (6.7382)  famloss: 3.0023 (2.8879)  manuloss: 1.8317 (1.8098)  acc1: 8.5938 (9.4112)  acc5: 19.5312 (19.8655)  family_acc1: 41.7969 (44.1688)  manu_acc1: 62.8906 (62.0329)  time: 0.5663  data: 0.3137  max mem: 11381
Test:  [ 97/391]  eta: 0:02:59  sploss: 6.7783 (6.7381)  famloss: 3.0023 (2.8888)  manuloss: 1.8373 (1.8106)  acc1: 8.5938 (9.3949)  acc5: 19.5312 (19.8780)  family_acc1: 41.7969 (44.1446)  manu_acc1: 61.7188 (62.0057)  time: 0.5663  data: 0.3137  max mem: 11381
Test:  [ 98/391]  eta: 0:02:57  sploss: 6.7788 (6.7391)  famloss: 3.0122 (2.8916)  manuloss: 1.8373 (1.8130)  acc1: 8.9844 (9.3987)  acc5: 19.5312 (19.8745)  family_acc1: 41.0156 (44.0893)  manu_acc1: 60.1562 (61.9673)  time: 0.5669  data: 0.3137  max mem: 11381
Test:  [ 99/391]  eta: 0:02:58  sploss: 6.7788 (6.7388)  famloss: 3.0207 (2.8929)  manuloss: 1.8665 (1.8168)  acc1: 8.9844 (9.4062)  acc5: 19.5312 (19.8750)  family_acc1: 41.0156 (44.0742)  manu_acc1: 59.7656 (61.8867)  time: 0.6044  data: 0.3540  max mem: 11381
Test:  [100/391]  eta: 0:02:56  sploss: 6.7618 (6.7390)  famloss: 3.0207 (2.8945)  manuloss: 1.8913 (1.8181)  acc1: 8.5938 (9.3905)  acc5: 19.5312 (19.8832)  family_acc1: 41.0156 (44.0555)  manu_acc1: 59.3750 (61.8580)  time: 0.6026  data: 0.3540  max mem: 11381
Test:  [101/391]  eta: 0:02:54  sploss: 6.7618 (6.7389)  famloss: 3.0207 (2.8954)  manuloss: 1.8957 (1.8202)  acc1: 8.9844 (9.3865)  acc5: 19.5312 (19.8874)  family_acc1: 41.0156 (44.0525)  manu_acc1: 59.3750 (61.8030)  time: 0.6005  data: 0.3540  max mem: 11381
Test:  [102/391]  eta: 0:02:53  sploss: 6.7399 (6.7387)  famloss: 3.0122 (2.8964)  manuloss: 1.8957 (1.8226)  acc1: 8.9844 (9.3598)  acc5: 19.5312 (19.8688)  family_acc1: 41.0156 (44.0193)  manu_acc1: 59.3750 (61.7339)  time: 0.5978  data: 0.3540  max mem: 11381
Test:  [103/391]  eta: 0:02:51  sploss: 6.7399 (6.7387)  famloss: 3.0026 (2.8965)  manuloss: 1.8957 (1.8241)  acc1: 8.9844 (9.3600)  acc5: 19.5312 (19.8580)  family_acc1: 41.7969 (44.0129)  manu_acc1: 59.3750 (61.6887)  time: 0.5948  data: 0.3540  max mem: 11381
Test:  [104/391]  eta: 0:02:50  sploss: 6.7399 (6.7380)  famloss: 3.0026 (2.9005)  manuloss: 1.9256 (1.8267)  acc1: 8.9844 (9.3601)  acc5: 19.5312 (19.8549)  family_acc1: 41.7969 (43.9844)  manu_acc1: 58.9844 (61.6183)  time: 0.4310  data: 0.1911  max mem: 11381
Test:  [105/391]  eta: 0:02:48  sploss: 6.7290 (6.7372)  famloss: 3.0026 (2.9021)  manuloss: 1.9256 (1.8277)  acc1: 8.9844 (9.3639)  acc5: 19.5312 (19.8519)  family_acc1: 42.1875 (43.9674)  manu_acc1: 59.3750 (61.6266)  time: 0.4300  data: 0.1911  max mem: 11381
Test:  [106/391]  eta: 0:02:47  sploss: 6.7399 (6.7402)  famloss: 3.0122 (2.9049)  manuloss: 1.9256 (1.8280)  acc1: 8.9844 (9.3385)  acc5: 19.5312 (19.7978)  family_acc1: 42.1875 (43.9581)  manu_acc1: 59.3750 (61.6311)  time: 0.4321  data: 0.1911  max mem: 11381
Test:  [107/391]  eta: 0:02:46  sploss: 6.7399 (6.7423)  famloss: 3.0207 (2.9064)  manuloss: 1.9301 (1.8290)  acc1: 8.9844 (9.3063)  acc5: 19.5312 (19.7736)  family_acc1: 42.1875 (43.9236)  manu_acc1: 58.9844 (61.5958)  time: 0.4332  data: 0.1848  max mem: 11381
Test:  [108/391]  eta: 0:02:50  sploss: 6.7618 (6.7444)  famloss: 3.0302 (2.9092)  manuloss: 1.9334 (1.8337)  acc1: 8.2031 (9.2926)  acc5: 19.1406 (19.7284)  family_acc1: 42.1875 (43.9077)  manu_acc1: 58.5938 (61.5037)  time: 0.5552  data: 0.3056  max mem: 11381
Test:  [109/391]  eta: 0:02:49  sploss: 6.7618 (6.7461)  famloss: 3.0542 (2.9105)  manuloss: 1.9468 (1.8357)  acc1: 8.2031 (9.2791)  acc5: 19.1406 (19.7408)  family_acc1: 41.7969 (43.8636)  manu_acc1: 58.2031 (61.4560)  time: 0.5587  data: 0.3056  max mem: 11381
Test:  [110/391]  eta: 0:02:47  sploss: 6.7618 (6.7455)  famloss: 3.0569 (2.9119)  manuloss: 1.9738 (1.8396)  acc1: 8.2031 (9.2518)  acc5: 19.1406 (19.7213)  family_acc1: 41.7969 (43.8169)  manu_acc1: 57.8125 (61.3704)  time: 0.5617  data: 0.3056  max mem: 11381
Test:  [111/391]  eta: 0:02:48  sploss: 6.7441 (6.7455)  famloss: 3.0569 (2.9142)  manuloss: 1.9787 (1.8437)  acc1: 8.2031 (9.2390)  acc5: 19.1406 (19.7021)  family_acc1: 41.7969 (43.7395)  manu_acc1: 57.0312 (61.2653)  time: 0.6137  data: 0.3538  max mem: 11381
Test:  [112/391]  eta: 0:02:47  sploss: 6.7399 (6.7451)  famloss: 3.0569 (2.9156)  manuloss: 2.0392 (1.8480)  acc1: 8.2031 (9.2333)  acc5: 19.5312 (19.7006)  family_acc1: 41.7969 (43.7120)  manu_acc1: 56.2500 (61.1345)  time: 0.6045  data: 0.3539  max mem: 11381
Test:  [113/391]  eta: 0:02:46  sploss: 6.7290 (6.7444)  famloss: 3.0569 (2.9167)  manuloss: 2.0405 (1.8500)  acc1: 8.2031 (9.2345)  acc5: 19.5312 (19.6889)  family_acc1: 41.7969 (43.7089)  manu_acc1: 56.2500 (61.0917)  time: 0.6071  data: 0.3539  max mem: 11381
Test:  [114/391]  eta: 0:02:44  sploss: 6.7261 (6.7427)  famloss: 3.0569 (2.9166)  manuloss: 2.0413 (1.8519)  acc1: 7.8125 (9.2221)  acc5: 18.7500 (19.6637)  family_acc1: 41.0156 (43.6787)  manu_acc1: 56.2500 (61.0292)  time: 0.6092  data: 0.3539  max mem: 11381
Test:  [115/391]  eta: 0:02:43  sploss: 6.7261 (6.7409)  famloss: 3.0569 (2.9163)  manuloss: 2.0413 (1.8523)  acc1: 7.8125 (9.2369)  acc5: 18.7500 (19.6862)  family_acc1: 41.0156 (43.6725)  manu_acc1: 56.2500 (61.0082)  time: 0.6068  data: 0.3539  max mem: 11381
Test:  [116/391]  eta: 0:02:41  sploss: 6.7261 (6.7410)  famloss: 3.0569 (2.9157)  manuloss: 2.0413 (1.8527)  acc1: 7.8125 (9.2481)  acc5: 19.1406 (19.6815)  family_acc1: 41.7969 (43.6999)  manu_acc1: 56.2500 (60.9976)  time: 0.4595  data: 0.2099  max mem: 11381
Test:  [117/391]  eta: 0:02:40  sploss: 6.7290 (6.7418)  famloss: 3.0569 (2.9162)  manuloss: 2.0413 (1.8527)  acc1: 8.2031 (9.2393)  acc5: 19.1406 (19.6901)  family_acc1: 41.0156 (43.6739)  manu_acc1: 56.2500 (60.9805)  time: 0.4567  data: 0.2098  max mem: 11381
Test:  [118/391]  eta: 0:02:38  sploss: 6.7170 (6.7411)  famloss: 3.0386 (2.9170)  manuloss: 2.0413 (1.8534)  acc1: 8.2031 (9.2568)  acc5: 19.1406 (19.7052)  family_acc1: 41.0156 (43.6450)  manu_acc1: 56.2500 (60.9802)  time: 0.4541  data: 0.2098  max mem: 11381
Test:  [119/391]  eta: 0:02:37  sploss: 6.7170 (6.7385)  famloss: 3.0386 (2.9154)  manuloss: 1.9787 (1.8525)  acc1: 8.2031 (9.2611)  acc5: 19.1406 (19.7233)  family_acc1: 41.0156 (43.6523)  manu_acc1: 56.2500 (61.0221)  time: 0.4146  data: 0.1695  max mem: 11381
Test:  [120/391]  eta: 0:02:40  sploss: 6.7034 (6.7383)  famloss: 3.0095 (2.9136)  manuloss: 1.9787 (1.8511)  acc1: 8.2031 (9.2459)  acc5: 19.1406 (19.7249)  family_acc1: 41.0156 (43.6887)  manu_acc1: 56.2500 (61.0440)  time: 0.5246  data: 0.2763  max mem: 11381
Test:  [121/391]  eta: 0:02:39  sploss: 6.7027 (6.7359)  famloss: 3.0095 (2.9127)  manuloss: 1.9334 (1.8513)  acc1: 8.2031 (9.2629)  acc5: 19.1406 (19.7650)  family_acc1: 41.0156 (43.7020)  manu_acc1: 57.0312 (61.0560)  time: 0.5273  data: 0.2763  max mem: 11381
Test:  [122/391]  eta: 0:02:38  sploss: 6.6853 (6.7334)  famloss: 3.0095 (2.9114)  manuloss: 1.9326 (1.8512)  acc1: 8.5938 (9.2734)  acc5: 19.5312 (19.7917)  family_acc1: 42.1875 (43.6928)  manu_acc1: 57.8125 (61.0328)  time: 0.5296  data: 0.2763  max mem: 11381
Test:  [123/391]  eta: 0:02:40  sploss: 6.6622 (6.7319)  famloss: 3.0095 (2.9096)  manuloss: 1.9301 (1.8501)  acc1: 8.5938 (9.3025)  acc5: 19.5312 (19.8242)  family_acc1: 42.1875 (43.6901)  manu_acc1: 58.2031 (61.0572)  time: 0.6061  data: 0.3504  max mem: 11381
Test:  [124/391]  eta: 0:02:38  sploss: 6.6601 (6.7309)  famloss: 2.9695 (2.9093)  manuloss: 1.9037 (1.8497)  acc1: 8.5938 (9.3094)  acc5: 19.5312 (19.8313)  family_acc1: 42.1875 (43.6875)  manu_acc1: 58.5938 (61.0531)  time: 0.6072  data: 0.3503  max mem: 11381
Test:  [125/391]  eta: 0:02:37  sploss: 6.6601 (6.7287)  famloss: 2.9119 (2.9086)  manuloss: 1.8980 (1.8501)  acc1: 8.2031 (9.3006)  acc5: 19.9219 (19.8351)  family_acc1: 42.5781 (43.7066)  manu_acc1: 58.5938 (61.0367)  time: 0.6077  data: 0.3504  max mem: 11381
Test:  [126/391]  eta: 0:02:36  sploss: 6.6601 (6.7292)  famloss: 2.8761 (2.9070)  manuloss: 1.8980 (1.8473)  acc1: 8.2031 (9.2920)  acc5: 20.3125 (19.8419)  family_acc1: 42.1875 (43.6946)  manu_acc1: 58.5938 (61.0728)  time: 0.6051  data: 0.3504  max mem: 11381
Test:  [127/391]  eta: 0:02:34  sploss: 6.6572 (6.7264)  famloss: 2.8700 (2.9050)  manuloss: 1.8905 (1.8463)  acc1: 8.5938 (9.3170)  acc5: 20.7031 (19.8547)  family_acc1: 42.5781 (43.7256)  manu_acc1: 58.9844 (61.1023)  time: 0.5981  data: 0.3504  max mem: 11381
Test:  [128/391]  eta: 0:02:33  sploss: 6.5995 (6.7244)  famloss: 2.8700 (2.9052)  manuloss: 1.8905 (1.8468)  acc1: 9.3750 (9.3266)  acc5: 20.7031 (19.8977)  family_acc1: 42.9688 (43.7197)  manu_acc1: 58.9844 (61.0768)  time: 0.4801  data: 0.2296  max mem: 11381
Test:  [129/391]  eta: 0:02:32  sploss: 6.5995 (6.7243)  famloss: 2.8518 (2.9037)  manuloss: 1.8792 (1.8463)  acc1: 9.3750 (9.3119)  acc5: 20.7031 (19.8918)  family_acc1: 42.9688 (43.7470)  manu_acc1: 58.9844 (61.0817)  time: 0.4831  data: 0.2296  max mem: 11381
Test:  [130/391]  eta: 0:02:31  sploss: 6.5995 (6.7257)  famloss: 2.8192 (2.9022)  manuloss: 1.8581 (1.8453)  acc1: 9.3750 (9.3034)  acc5: 20.7031 (19.8682)  family_acc1: 43.3594 (43.7530)  manu_acc1: 59.7656 (61.1045)  time: 0.4835  data: 0.2297  max mem: 11381
Test:  [131/391]  eta: 0:02:30  sploss: 6.5575 (6.7237)  famloss: 2.7928 (2.9002)  manuloss: 1.8396 (1.8435)  acc1: 9.7656 (9.3069)  acc5: 20.7031 (19.8775)  family_acc1: 43.3594 (43.7707)  manu_acc1: 60.5469 (61.1387)  time: 0.4341  data: 0.1814  max mem: 11381
Test:  [132/391]  eta: 0:02:32  sploss: 6.5546 (6.7216)  famloss: 2.7522 (2.8990)  manuloss: 1.7982 (1.8429)  acc1: 9.7656 (9.2869)  acc5: 20.7031 (19.8808)  family_acc1: 43.3594 (43.7706)  manu_acc1: 60.9375 (61.1607)  time: 0.5278  data: 0.2749  max mem: 11381
Test:  [133/391]  eta: 0:02:31  sploss: 6.5546 (6.7208)  famloss: 2.7393 (2.8965)  manuloss: 1.7706 (1.8409)  acc1: 9.7656 (9.3080)  acc5: 20.7031 (19.9073)  family_acc1: 43.7500 (43.8258)  manu_acc1: 61.7188 (61.1940)  time: 0.5277  data: 0.2749  max mem: 11381
Test:  [134/391]  eta: 0:02:30  sploss: 6.5539 (6.7196)  famloss: 2.7275 (2.8951)  manuloss: 1.7561 (1.8401)  acc1: 10.1562 (9.3200)  acc5: 21.0938 (19.9537)  family_acc1: 43.7500 (43.8252)  manu_acc1: 61.7188 (61.1921)  time: 0.5269  data: 0.2749  max mem: 11381
Test:  [135/391]  eta: 0:02:32  sploss: 6.5539 (6.7180)  famloss: 2.7150 (2.8929)  manuloss: 1.7430 (1.8379)  acc1: 9.7656 (9.3233)  acc5: 20.7031 (19.9592)  family_acc1: 44.5312 (43.8678)  manu_acc1: 62.5000 (61.2305)  time: 0.6309  data: 0.3754  max mem: 11381
Test:  [136/391]  eta: 0:02:31  sploss: 6.4993 (6.7153)  famloss: 2.7147 (2.8912)  manuloss: 1.7341 (1.8361)  acc1: 9.7656 (9.3294)  acc5: 21.0938 (19.9732)  family_acc1: 44.5312 (43.8840)  manu_acc1: 63.6719 (61.2654)  time: 0.6331  data: 0.3755  max mem: 11381
Test:  [137/391]  eta: 0:02:30  sploss: 6.4993 (6.7154)  famloss: 2.7147 (2.8899)  manuloss: 1.7243 (1.8352)  acc1: 9.7656 (9.3325)  acc5: 21.0938 (19.9728)  family_acc1: 44.5312 (43.9113)  manu_acc1: 64.0625 (61.2970)  time: 0.6357  data: 0.3755  max mem: 11381
Test:  [138/391]  eta: 0:02:29  sploss: 6.4993 (6.7166)  famloss: 2.7147 (2.8887)  manuloss: 1.7203 (1.8333)  acc1: 9.7656 (9.3104)  acc5: 20.7031 (19.9387)  family_acc1: 45.3125 (43.9299)  manu_acc1: 64.0625 (61.3394)  time: 0.6373  data: 0.3755  max mem: 11381
Test:  [139/391]  eta: 0:02:27  sploss: 6.5539 (6.7166)  famloss: 2.7147 (2.8875)  manuloss: 1.7189 (1.8314)  acc1: 9.7656 (9.3025)  acc5: 20.7031 (19.9554)  family_acc1: 45.7031 (43.9425)  manu_acc1: 64.0625 (61.3700)  time: 0.6364  data: 0.3755  max mem: 11381
Test:  [140/391]  eta: 0:02:26  sploss: 6.4993 (6.7143)  famloss: 2.7147 (2.8842)  manuloss: 1.7189 (1.8287)  acc1: 9.7656 (9.3030)  acc5: 20.7031 (19.9607)  family_acc1: 45.7031 (43.9993)  manu_acc1: 64.0625 (61.4195)  time: 0.5258  data: 0.2687  max mem: 11381
Test:  [141/391]  eta: 0:02:25  sploss: 6.5539 (6.7136)  famloss: 2.7048 (2.8826)  manuloss: 1.7189 (1.8275)  acc1: 9.7656 (9.2952)  acc5: 20.7031 (19.9714)  family_acc1: 46.0938 (44.0278)  manu_acc1: 64.8438 (61.4464)  time: 0.5254  data: 0.2687  max mem: 11381
Test:  [142/391]  eta: 0:02:24  sploss: 6.5546 (6.7138)  famloss: 2.7048 (2.8823)  manuloss: 1.7189 (1.8275)  acc1: 9.3750 (9.2876)  acc5: 20.7031 (19.9601)  family_acc1: 46.0938 (44.0259)  manu_acc1: 64.8438 (61.4510)  time: 0.5230  data: 0.2688  max mem: 11381
Test:  [143/391]  eta: 0:02:22  sploss: 6.5539 (6.7124)  famloss: 2.7048 (2.8802)  manuloss: 1.6555 (1.8252)  acc1: 9.3750 (9.2909)  acc5: 20.7031 (19.9653)  family_acc1: 46.0938 (44.0864)  manu_acc1: 65.2344 (61.4855)  time: 0.4462  data: 0.1947  max mem: 11381
Test:  [144/391]  eta: 0:02:24  sploss: 6.5539 (6.7127)  famloss: 2.7048 (2.8792)  manuloss: 1.6421 (1.8240)  acc1: 8.2031 (9.2834)  acc5: 20.7031 (19.9677)  family_acc1: 46.0938 (44.1029)  manu_acc1: 65.2344 (61.5113)  time: 0.5368  data: 0.2854  max mem: 11381
Test:  [145/391]  eta: 0:02:23  sploss: 6.6126 (6.7124)  famloss: 2.7048 (2.8793)  manuloss: 1.6421 (1.8232)  acc1: 8.9844 (9.2814)  acc5: 20.7031 (19.9781)  family_acc1: 46.0938 (44.1112)  manu_acc1: 65.2344 (61.5368)  time: 0.5375  data: 0.2854  max mem: 11381
Test:  [146/391]  eta: 0:02:22  sploss: 6.6126 (6.7127)  famloss: 2.7048 (2.8781)  manuloss: 1.6421 (1.8217)  acc1: 8.9844 (9.2714)  acc5: 20.7031 (19.9538)  family_acc1: 46.0938 (44.1247)  manu_acc1: 65.2344 (61.5646)  time: 0.5373  data: 0.2854  max mem: 11381
Test:  [147/391]  eta: 0:02:25  sploss: 6.6252 (6.7134)  famloss: 2.7048 (2.8757)  manuloss: 1.6077 (1.8199)  acc1: 8.2031 (9.2589)  acc5: 20.7031 (19.9324)  family_acc1: 46.0938 (44.1670)  manu_acc1: 65.6250 (61.6158)  time: 0.6596  data: 0.4062  max mem: 11381
Test:  [148/391]  eta: 0:02:24  sploss: 6.6252 (6.7120)  famloss: 2.7004 (2.8742)  manuloss: 1.6077 (1.8190)  acc1: 8.2031 (9.2623)  acc5: 20.7031 (19.9586)  family_acc1: 46.4844 (44.1931)  manu_acc1: 65.6250 (61.6217)  time: 0.6544  data: 0.4062  max mem: 11381
Test:  [149/391]  eta: 0:02:23  sploss: 6.6252 (6.7114)  famloss: 2.7004 (2.8737)  manuloss: 1.6077 (1.8183)  acc1: 8.9844 (9.2656)  acc5: 20.7031 (19.9557)  family_acc1: 46.4844 (44.2083)  manu_acc1: 65.6250 (61.6328)  time: 0.6471  data: 0.4062  max mem: 11381
Test:  [150/391]  eta: 0:02:21  sploss: 6.6252 (6.7127)  famloss: 2.7004 (2.8734)  manuloss: 1.6077 (1.8171)  acc1: 8.9844 (9.2431)  acc5: 20.7031 (19.9245)  family_acc1: 46.4844 (44.1820)  manu_acc1: 65.6250 (61.6489)  time: 0.6438  data: 0.4062  max mem: 11381
Test:  [151/391]  eta: 0:02:20  sploss: 6.6271 (6.7133)  famloss: 2.7150 (2.8728)  manuloss: 1.6388 (1.8161)  acc1: 8.9844 (9.2491)  acc5: 20.3125 (19.9090)  family_acc1: 46.4844 (44.2049)  manu_acc1: 65.2344 (61.6519)  time: 0.6411  data: 0.4061  max mem: 11381
Test:  [152/391]  eta: 0:02:19  sploss: 6.6271 (6.7114)  famloss: 2.7004 (2.8713)  manuloss: 1.6077 (1.8143)  acc1: 9.3750 (9.2703)  acc5: 20.7031 (19.9372)  family_acc1: 46.4844 (44.2172)  manu_acc1: 65.6250 (61.6907)  time: 0.5447  data: 0.3127  max mem: 11381
Test:  [153/391]  eta: 0:02:18  sploss: 6.6761 (6.7117)  famloss: 2.7004 (2.8701)  manuloss: 1.6388 (1.8132)  acc1: 8.9844 (9.2583)  acc5: 20.3125 (19.9320)  family_acc1: 46.4844 (44.2319)  manu_acc1: 65.6250 (61.7238)  time: 0.5422  data: 0.3126  max mem: 11381
Test:  [154/391]  eta: 0:02:17  sploss: 6.7153 (6.7133)  famloss: 2.7004 (2.8711)  manuloss: 1.6388 (1.8139)  acc1: 8.9844 (9.2591)  acc5: 19.9219 (19.9320)  family_acc1: 46.4844 (44.2162)  manu_acc1: 65.6250 (61.7011)  time: 0.5408  data: 0.3126  max mem: 11381
Test:  [155/391]  eta: 0:02:16  sploss: 6.7153 (6.7130)  famloss: 2.7160 (2.8707)  manuloss: 1.6388 (1.8126)  acc1: 8.9844 (9.2673)  acc5: 19.9219 (19.9369)  family_acc1: 46.4844 (44.2032)  manu_acc1: 65.2344 (61.7238)  time: 0.4370  data: 0.2121  max mem: 11381
Test:  [156/391]  eta: 0:02:17  sploss: 6.7271 (6.7131)  famloss: 2.7194 (2.8718)  manuloss: 1.6421 (1.8131)  acc1: 8.9844 (9.2780)  acc5: 19.9219 (19.9443)  family_acc1: 46.4844 (44.1730)  manu_acc1: 65.2344 (61.7113)  time: 0.5074  data: 0.2817  max mem: 11381
Test:  [157/391]  eta: 0:02:16  sploss: 6.7285 (6.7149)  famloss: 2.7218 (2.8723)  manuloss: 1.6421 (1.8136)  acc1: 8.9844 (9.2761)  acc5: 19.9219 (19.9194)  family_acc1: 46.0938 (44.1703)  manu_acc1: 65.2344 (61.6916)  time: 0.5072  data: 0.2817  max mem: 11381
Test:  [158/391]  eta: 0:02:14  sploss: 6.7285 (6.7150)  famloss: 2.7391 (2.8737)  manuloss: 1.6439 (1.8145)  acc1: 8.9844 (9.2620)  acc5: 19.9219 (19.9096)  family_acc1: 46.0938 (44.1603)  manu_acc1: 65.2344 (61.6868)  time: 0.5069  data: 0.2817  max mem: 11381
Test:  [159/391]  eta: 0:02:16  sploss: 6.7298 (6.7153)  famloss: 2.7923 (2.8733)  manuloss: 1.6555 (1.8146)  acc1: 8.9844 (9.2603)  acc5: 19.9219 (19.9170)  family_acc1: 46.0938 (44.1846)  manu_acc1: 64.0625 (61.6992)  time: 0.5987  data: 0.3702  max mem: 11381
Test:  [160/391]  eta: 0:02:15  sploss: 6.7298 (6.7142)  famloss: 2.7956 (2.8741)  manuloss: 1.6667 (1.8152)  acc1: 8.9844 (9.2658)  acc5: 19.9219 (19.9292)  family_acc1: 46.0938 (44.1625)  manu_acc1: 63.6719 (61.7066)  time: 0.6023  data: 0.3702  max mem: 11381
Test:  [161/391]  eta: 0:02:14  sploss: 6.7298 (6.7142)  famloss: 2.8096 (2.8754)  manuloss: 1.6759 (1.8155)  acc1: 8.9844 (9.2593)  acc5: 19.5312 (19.9122)  family_acc1: 45.3125 (44.1551)  manu_acc1: 63.6719 (61.7236)  time: 0.6024  data: 0.3702  max mem: 11381
Test:  [162/391]  eta: 0:02:13  sploss: 6.7285 (6.7135)  famloss: 2.8096 (2.8756)  manuloss: 1.6759 (1.8154)  acc1: 8.9844 (9.2528)  acc5: 19.9219 (19.9171)  family_acc1: 45.3125 (44.1478)  manu_acc1: 63.6719 (61.7188)  time: 0.6036  data: 0.3702  max mem: 11381
Test:  [163/391]  eta: 0:02:12  sploss: 6.7298 (6.7145)  famloss: 2.8103 (2.8774)  manuloss: 1.7060 (1.8167)  acc1: 8.9844 (9.2511)  acc5: 19.9219 (19.9219)  family_acc1: 43.7500 (44.1049)  manu_acc1: 63.2812 (61.6735)  time: 0.6038  data: 0.3702  max mem: 11381
Test:  [164/391]  eta: 0:02:11  sploss: 6.7298 (6.7154)  famloss: 2.8261 (2.8795)  manuloss: 1.7143 (1.8172)  acc1: 8.9844 (9.2353)  acc5: 19.5312 (19.8982)  family_acc1: 42.9688 (44.0767)  manu_acc1: 63.2812 (61.6832)  time: 0.5095  data: 0.2795  max mem: 11381
Test:  [165/391]  eta: 0:02:09  sploss: 6.7298 (6.7136)  famloss: 2.8103 (2.8788)  manuloss: 1.7770 (1.8170)  acc1: 8.9844 (9.2432)  acc5: 19.5312 (19.9242)  family_acc1: 42.9688 (44.1124)  manu_acc1: 62.8906 (61.6858)  time: 0.5057  data: 0.2795  max mem: 11381
Test:  [166/391]  eta: 0:02:08  sploss: 6.7298 (6.7149)  famloss: 2.8261 (2.8798)  manuloss: 1.8031 (1.8187)  acc1: 8.9844 (9.2440)  acc5: 19.5312 (19.9078)  family_acc1: 42.9688 (44.1126)  manu_acc1: 62.5000 (61.6579)  time: 0.5067  data: 0.2795  max mem: 11381
Test:  [167/391]  eta: 0:02:08  sploss: 6.7298 (6.7164)  famloss: 2.9058 (2.8806)  manuloss: 1.8031 (1.8184)  acc1: 8.9844 (9.2308)  acc5: 19.5312 (19.8707)  family_acc1: 42.9688 (44.0778)  manu_acc1: 62.5000 (61.6699)  time: 0.3857  data: 0.1587  max mem: 11381
Test:  [168/391]  eta: 0:02:09  sploss: 6.7298 (6.7162)  famloss: 2.9058 (2.8802)  manuloss: 1.8031 (1.8175)  acc1: 8.9844 (9.2155)  acc5: 19.5312 (19.8733)  family_acc1: 42.9688 (44.0944)  manu_acc1: 62.8906 (61.7003)  time: 0.4959  data: 0.2663  max mem: 11381
Test:  [169/391]  eta: 0:02:08  sploss: 6.7554 (6.7186)  famloss: 2.9430 (2.8824)  manuloss: 1.8320 (1.8191)  acc1: 8.9844 (9.2004)  acc5: 19.1406 (19.8529)  family_acc1: 42.5781 (44.0648)  manu_acc1: 62.1094 (61.6751)  time: 0.4989  data: 0.2663  max mem: 11381
Test:  [170/391]  eta: 0:02:07  sploss: 6.7554 (6.7204)  famloss: 3.0102 (2.8840)  manuloss: 1.8629 (1.8201)  acc1: 8.9844 (9.1900)  acc5: 19.1406 (19.8305)  family_acc1: 42.5781 (44.0310)  manu_acc1: 62.1094 (61.6502)  time: 0.5012  data: 0.2663  max mem: 11381
Test:  [171/391]  eta: 0:02:08  sploss: 6.7298 (6.7204)  famloss: 3.0102 (2.8839)  manuloss: 1.8629 (1.8189)  acc1: 8.5938 (9.1865)  acc5: 19.5312 (19.8288)  family_acc1: 42.5781 (44.0271)  manu_acc1: 62.1094 (61.6756)  time: 0.5688  data: 0.3300  max mem: 11381
Test:  [172/391]  eta: 0:02:07  sploss: 6.7554 (6.7212)  famloss: 3.0102 (2.8844)  manuloss: 1.8815 (1.8195)  acc1: 8.2031 (9.1808)  acc5: 19.1406 (19.8090)  family_acc1: 42.1875 (44.0029)  manu_acc1: 60.9375 (61.6691)  time: 0.5718  data: 0.3300  max mem: 11381
Test:  [173/391]  eta: 0:02:06  sploss: 6.7298 (6.7211)  famloss: 3.0102 (2.8845)  manuloss: 1.8815 (1.8191)  acc1: 8.2031 (9.1685)  acc5: 18.7500 (19.8029)  family_acc1: 42.1875 (44.0014)  manu_acc1: 60.9375 (61.6694)  time: 0.5748  data: 0.3300  max mem: 11381
Test:  [174/391]  eta: 0:02:05  sploss: 6.7285 (6.7204)  famloss: 2.9792 (2.8845)  manuloss: 1.8629 (1.8184)  acc1: 8.2031 (9.1920)  acc5: 18.7500 (19.8058)  family_acc1: 42.5781 (43.9978)  manu_acc1: 61.7188 (61.6808)  time: 0.5764  data: 0.3301  max mem: 11381
Test:  [175/391]  eta: 0:02:04  sploss: 6.7298 (6.7205)  famloss: 3.0102 (2.8867)  manuloss: 1.8815 (1.8190)  acc1: 8.2031 (9.1797)  acc5: 18.3594 (19.7976)  family_acc1: 42.5781 (43.9742)  manu_acc1: 61.7188 (61.6810)  time: 0.5826  data: 0.3300  max mem: 11381
Test:  [176/391]  eta: 0:02:03  sploss: 6.7425 (6.7207)  famloss: 2.9875 (2.8872)  manuloss: 1.8629 (1.8185)  acc1: 8.2031 (9.1653)  acc5: 18.3594 (19.7806)  family_acc1: 42.9688 (43.9707)  manu_acc1: 61.7188 (61.6702)  time: 0.5126  data: 0.2605  max mem: 11381
Test:  [177/391]  eta: 0:02:02  sploss: 6.7425 (6.7224)  famloss: 3.0102 (2.8900)  manuloss: 1.8629 (1.8207)  acc1: 8.2031 (9.1643)  acc5: 18.3594 (19.7507)  family_acc1: 42.5781 (43.9343)  manu_acc1: 61.7188 (61.6288)  time: 0.5137  data: 0.2604  max mem: 11381
Test:  [178/391]  eta: 0:02:01  sploss: 6.7554 (6.7228)  famloss: 3.0102 (2.8907)  manuloss: 1.8320 (1.8207)  acc1: 8.2031 (9.1568)  acc5: 18.3594 (19.7473)  family_acc1: 42.9688 (43.9311)  manu_acc1: 61.7188 (61.6271)  time: 0.5144  data: 0.2604  max mem: 11381
Test:  [179/391]  eta: 0:02:00  sploss: 6.7425 (6.7223)  famloss: 3.0122 (2.8918)  manuloss: 1.8515 (1.8209)  acc1: 8.2031 (9.1710)  acc5: 18.3594 (19.7526)  family_acc1: 42.9688 (43.9301)  manu_acc1: 61.3281 (61.6189)  time: 0.4252  data: 0.1719  max mem: 11381
Test:  [180/391]  eta: 0:02:02  sploss: 6.7425 (6.7222)  famloss: 3.0122 (2.8912)  manuloss: 1.8177 (1.8206)  acc1: 8.2031 (9.1765)  acc5: 18.3594 (19.7471)  family_acc1: 42.9688 (43.9356)  manu_acc1: 61.3281 (61.6259)  time: 0.5351  data: 0.2821  max mem: 11381
Test:  [181/391]  eta: 0:02:01  sploss: 6.7660 (6.7230)  famloss: 2.9875 (2.8917)  manuloss: 1.8031 (1.8200)  acc1: 8.2031 (9.1883)  acc5: 18.7500 (19.7480)  family_acc1: 42.9688 (43.9281)  manu_acc1: 61.3281 (61.6415)  time: 0.5359  data: 0.2821  max mem: 11381
Test:  [182/391]  eta: 0:02:00  sploss: 6.8064 (6.7238)  famloss: 3.0122 (2.8927)  manuloss: 1.8177 (1.8211)  acc1: 8.2031 (9.2042)  acc5: 18.7500 (19.7490)  family_acc1: 42.5781 (43.9101)  manu_acc1: 61.3281 (61.6334)  time: 0.5376  data: 0.2821  max mem: 11381
Test:  [183/391]  eta: 0:02:00  sploss: 6.7660 (6.7230)  famloss: 2.9875 (2.8926)  manuloss: 1.8177 (1.8214)  acc1: 8.2031 (9.2094)  acc5: 18.7500 (19.7499)  family_acc1: 43.3594 (43.9262)  manu_acc1: 61.3281 (61.6317)  time: 0.5780  data: 0.3202  max mem: 11381
Test:  [184/391]  eta: 0:01:59  sploss: 6.7607 (6.7232)  famloss: 2.9875 (2.8934)  manuloss: 1.8177 (1.8222)  acc1: 8.2031 (9.2040)  acc5: 18.7500 (19.7530)  family_acc1: 43.3594 (43.9126)  manu_acc1: 61.3281 (61.6068)  time: 0.5815  data: 0.3202  max mem: 11381
Test:  [185/391]  eta: 0:01:58  sploss: 6.7660 (6.7244)  famloss: 2.9922 (2.8939)  manuloss: 1.8515 (1.8225)  acc1: 8.2031 (9.1923)  acc5: 18.7500 (19.7434)  family_acc1: 42.5781 (43.9012)  manu_acc1: 61.3281 (61.6074)  time: 0.5825  data: 0.3202  max mem: 11381
Test:  [186/391]  eta: 0:01:57  sploss: 6.7660 (6.7248)  famloss: 2.9875 (2.8938)  manuloss: 1.8515 (1.8232)  acc1: 8.2031 (9.1974)  acc5: 18.7500 (19.7443)  family_acc1: 42.5781 (43.9108)  manu_acc1: 61.3281 (61.5955)  time: 0.5792  data: 0.3202  max mem: 11381
Test:  [187/391]  eta: 0:01:56  sploss: 6.7607 (6.7238)  famloss: 2.9875 (2.8944)  manuloss: 1.8515 (1.8233)  acc1: 8.2031 (9.2109)  acc5: 18.7500 (19.7390)  family_acc1: 42.5781 (43.9017)  manu_acc1: 61.3281 (61.5982)  time: 0.5783  data: 0.3202  max mem: 11381
Test:  [188/391]  eta: 0:01:55  sploss: 6.7607 (6.7229)  famloss: 2.9922 (2.8951)  manuloss: 1.8829 (1.8240)  acc1: 8.5938 (9.2076)  acc5: 18.7500 (19.7379)  family_acc1: 42.1875 (43.8802)  manu_acc1: 60.5469 (61.5720)  time: 0.4695  data: 0.2126  max mem: 11381
Test:  [189/391]  eta: 0:01:54  sploss: 6.7607 (6.7236)  famloss: 2.9922 (2.8961)  manuloss: 1.8829 (1.8251)  acc1: 8.5938 (9.2064)  acc5: 18.7500 (19.7245)  family_acc1: 42.5781 (43.8775)  manu_acc1: 60.5469 (61.5419)  time: 0.4671  data: 0.2126  max mem: 11381
Test:  [190/391]  eta: 0:01:53  sploss: 6.7607 (6.7243)  famloss: 2.9922 (2.8970)  manuloss: 1.8829 (1.8264)  acc1: 8.5938 (9.2012)  acc5: 18.7500 (19.7153)  family_acc1: 42.5781 (43.8563)  manu_acc1: 60.5469 (61.5163)  time: 0.4650  data: 0.2126  max mem: 11381
Test:  [191/391]  eta: 0:01:52  sploss: 6.7607 (6.7242)  famloss: 2.9922 (2.8968)  manuloss: 1.8829 (1.8259)  acc1: 8.9844 (9.2061)  acc5: 18.7500 (19.7225)  family_acc1: 42.5781 (43.8721)  manu_acc1: 60.5469 (61.5336)  time: 0.3975  data: 0.1489  max mem: 11381
Test:  [192/391]  eta: 0:01:54  sploss: 6.7425 (6.7233)  famloss: 2.9922 (2.8962)  manuloss: 1.8515 (1.8251)  acc1: 8.9844 (9.2090)  acc5: 19.1406 (19.7296)  family_acc1: 43.3594 (43.8795)  manu_acc1: 61.3281 (61.5508)  time: 0.5285  data: 0.2795  max mem: 11381
Test:  [193/391]  eta: 0:01:53  sploss: 6.7607 (6.7245)  famloss: 3.0119 (2.8969)  manuloss: 1.8829 (1.8261)  acc1: 8.9844 (9.2059)  acc5: 19.1406 (19.7165)  family_acc1: 42.5781 (43.8527)  manu_acc1: 60.1562 (61.5174)  time: 0.5294  data: 0.2795  max mem: 11381
Test:  [194/391]  eta: 0:01:53  sploss: 6.7607 (6.7242)  famloss: 3.0119 (2.8968)  manuloss: 1.8881 (1.8265)  acc1: 8.9844 (9.2228)  acc5: 19.1406 (19.7376)  family_acc1: 42.5781 (43.8582)  manu_acc1: 60.1562 (61.5064)  time: 0.5300  data: 0.2796  max mem: 11381
Test:  [195/391]  eta: 0:01:53  sploss: 6.7607 (6.7225)  famloss: 2.9922 (2.8964)  manuloss: 1.8829 (1.8260)  acc1: 9.7656 (9.2355)  acc5: 19.5312 (19.7604)  family_acc1: 43.3594 (43.8636)  manu_acc1: 60.1562 (61.5155)  time: 0.6087  data: 0.3614  max mem: 11381
Test:  [196/391]  eta: 0:01:52  sploss: 6.7161 (6.7224)  famloss: 2.9922 (2.8965)  manuloss: 1.8829 (1.8262)  acc1: 10.1562 (9.2421)  acc5: 19.5312 (19.7573)  family_acc1: 42.5781 (43.8511)  manu_acc1: 60.1562 (61.5185)  time: 0.6099  data: 0.3614  max mem: 11381
Test:  [197/391]  eta: 0:01:51  sploss: 6.7161 (6.7236)  famloss: 2.9922 (2.8976)  manuloss: 1.8829 (1.8272)  acc1: 10.1562 (9.2369)  acc5: 19.5312 (19.7502)  family_acc1: 43.3594 (43.8486)  manu_acc1: 60.1562 (61.4860)  time: 0.6065  data: 0.3614  max mem: 11381
Test:  [198/391]  eta: 0:01:50  sploss: 6.7131 (6.7216)  famloss: 2.9922 (2.8982)  manuloss: 1.8829 (1.8270)  acc1: 10.1562 (9.2513)  acc5: 19.9219 (19.7629)  family_acc1: 42.5781 (43.8324)  manu_acc1: 60.1562 (61.4950)  time: 0.6039  data: 0.3614  max mem: 11381
Test:  [199/391]  eta: 0:01:50  sploss: 6.7131 (6.7207)  famloss: 2.9922 (2.8996)  manuloss: 1.8881 (1.8280)  acc1: 10.1562 (9.2637)  acc5: 19.9219 (19.7832)  family_acc1: 42.1875 (43.8145)  manu_acc1: 60.1562 (61.4727)  time: 0.6043  data: 0.3614  max mem: 11381
Test:  [200/391]  eta: 0:01:49  sploss: 6.7131 (6.7214)  famloss: 2.9986 (2.9008)  manuloss: 1.9057 (1.8294)  acc1: 10.1562 (9.2720)  acc5: 19.9219 (19.8053)  family_acc1: 41.7969 (43.7869)  manu_acc1: 59.3750 (61.4408)  time: 0.4940  data: 0.2512  max mem: 11381
Test:  [201/391]  eta: 0:01:48  sploss: 6.7111 (6.7208)  famloss: 2.9986 (2.9001)  manuloss: 1.9057 (1.8294)  acc1: 10.1562 (9.2706)  acc5: 19.9219 (19.8271)  family_acc1: 41.7969 (43.7906)  manu_acc1: 59.3750 (61.4480)  time: 0.4924  data: 0.2512  max mem: 11381
Test:  [202/391]  eta: 0:01:47  sploss: 6.6986 (6.7207)  famloss: 2.9986 (2.9009)  manuloss: 1.9057 (1.8300)  acc1: 9.7656 (9.2711)  acc5: 19.9219 (19.8199)  family_acc1: 42.1875 (43.8020)  manu_acc1: 59.3750 (61.4359)  time: 0.4895  data: 0.2512  max mem: 11381
Test:  [203/391]  eta: 0:01:46  sploss: 6.6986 (6.7202)  famloss: 2.9986 (2.9009)  manuloss: 1.9057 (1.8297)  acc1: 9.3750 (9.2639)  acc5: 19.5312 (19.8146)  family_acc1: 42.1875 (43.8094)  manu_acc1: 59.3750 (61.4430)  time: 0.4486  data: 0.2131  max mem: 11381
Test:  [204/391]  eta: 0:01:47  sploss: 6.6685 (6.7183)  famloss: 2.9922 (2.9002)  manuloss: 1.8829 (1.8299)  acc1: 9.7656 (9.2759)  acc5: 19.5312 (19.8304)  family_acc1: 43.3594 (43.8243)  manu_acc1: 59.3750 (61.4367)  time: 0.5245  data: 0.2891  max mem: 11381
Test:  [205/391]  eta: 0:01:46  sploss: 6.6685 (6.7181)  famloss: 2.9986 (2.9014)  manuloss: 1.9057 (1.8321)  acc1: 9.7656 (9.2669)  acc5: 19.5312 (19.8252)  family_acc1: 43.3594 (43.8050)  manu_acc1: 59.3750 (61.3926)  time: 0.5266  data: 0.2891  max mem: 11381
Test:  [206/391]  eta: 0:01:45  sploss: 6.6170 (6.7171)  famloss: 2.9986 (2.9012)  manuloss: 1.9057 (1.8328)  acc1: 9.7656 (9.2731)  acc5: 19.5312 (19.8483)  family_acc1: 43.3594 (43.8217)  manu_acc1: 58.9844 (61.3583)  time: 0.5291  data: 0.2891  max mem: 11381
Test:  [207/391]  eta: 0:01:45  sploss: 6.6170 (6.7164)  famloss: 2.9308 (2.9009)  manuloss: 1.9064 (1.8331)  acc1: 9.7656 (9.2830)  acc5: 21.0938 (19.8637)  family_acc1: 43.3594 (43.8120)  manu_acc1: 57.0312 (61.3375)  time: 0.5990  data: 0.3584  max mem: 11381
Test:  [208/391]  eta: 0:01:44  sploss: 6.6415 (6.7160)  famloss: 2.9308 (2.9017)  manuloss: 1.9064 (1.8346)  acc1: 9.7656 (9.2797)  acc5: 21.0938 (19.8714)  family_acc1: 43.3594 (43.7930)  manu_acc1: 57.0312 (61.3001)  time: 0.6008  data: 0.3584  max mem: 11381
Test:  [209/391]  eta: 0:01:44  sploss: 6.6170 (6.7148)  famloss: 2.9216 (2.9018)  manuloss: 1.9064 (1.8350)  acc1: 10.1562 (9.2857)  acc5: 21.4844 (19.8791)  family_acc1: 41.7969 (43.7798)  manu_acc1: 58.9844 (61.2984)  time: 0.6034  data: 0.3584  max mem: 11381
Test:  [210/391]  eta: 0:01:43  sploss: 6.6170 (6.7151)  famloss: 2.9216 (2.9020)  manuloss: 1.9057 (1.8348)  acc1: 10.1562 (9.2843)  acc5: 21.4844 (19.8830)  family_acc1: 42.1875 (43.7722)  manu_acc1: 59.3750 (61.3133)  time: 0.6066  data: 0.3584  max mem: 11381
Test:  [211/391]  eta: 0:01:42  sploss: 6.6014 (6.7145)  famloss: 2.9308 (2.9023)  manuloss: 1.9064 (1.8351)  acc1: 10.5469 (9.2902)  acc5: 21.4844 (19.8813)  family_acc1: 42.1875 (43.7647)  manu_acc1: 59.3750 (61.3060)  time: 0.6097  data: 0.3584  max mem: 11381
Test:  [212/391]  eta: 0:01:41  sploss: 6.6170 (6.7147)  famloss: 2.9411 (2.9027)  manuloss: 1.9092 (1.8364)  acc1: 10.5469 (9.2833)  acc5: 21.4844 (19.8925)  family_acc1: 41.7969 (43.7463)  manu_acc1: 58.9844 (61.2768)  time: 0.4785  data: 0.2278  max mem: 11381
Test:  [213/391]  eta: 0:01:40  sploss: 6.6014 (6.7137)  famloss: 2.9308 (2.9027)  manuloss: 1.9064 (1.8364)  acc1: 10.5469 (9.2819)  acc5: 21.4844 (19.8927)  family_acc1: 42.1875 (43.7445)  manu_acc1: 59.3750 (61.2807)  time: 0.4752  data: 0.2278  max mem: 11381
Test:  [214/391]  eta: 0:01:39  sploss: 6.6014 (6.7133)  famloss: 2.9308 (2.9027)  manuloss: 1.9064 (1.8364)  acc1: 9.3750 (9.2787)  acc5: 21.4844 (19.8910)  family_acc1: 42.1875 (43.7409)  manu_acc1: 59.7656 (61.2754)  time: 0.4751  data: 0.2277  max mem: 11381
Test:  [215/391]  eta: 0:01:39  sploss: 6.6014 (6.7126)  famloss: 2.9308 (2.9029)  manuloss: 1.9064 (1.8365)  acc1: 9.3750 (9.2846)  acc5: 21.4844 (19.9146)  family_acc1: 42.1875 (43.7428)  manu_acc1: 59.7656 (61.2829)  time: 0.3929  data: 0.1459  max mem: 11381
Test:  [216/391]  eta: 0:01:39  sploss: 6.6014 (6.7123)  famloss: 2.9411 (2.9031)  manuloss: 1.9064 (1.8365)  acc1: 9.3750 (9.2886)  acc5: 21.4844 (19.9291)  family_acc1: 42.1875 (43.7428)  manu_acc1: 59.7656 (61.2777)  time: 0.4954  data: 0.2519  max mem: 11381
Test:  [217/391]  eta: 0:01:39  sploss: 6.6014 (6.7119)  famloss: 2.9281 (2.9030)  manuloss: 1.9064 (1.8370)  acc1: 10.1562 (9.2944)  acc5: 21.4844 (19.9344)  family_acc1: 42.1875 (43.7375)  manu_acc1: 59.7656 (61.2600)  time: 0.4953  data: 0.2519  max mem: 11381
Test:  [218/391]  eta: 0:01:38  sploss: 6.6014 (6.7107)  famloss: 2.9281 (2.9032)  manuloss: 1.9092 (1.8380)  acc1: 10.1562 (9.3019)  acc5: 21.4844 (19.9433)  family_acc1: 42.1875 (43.7286)  manu_acc1: 58.9844 (61.2265)  time: 0.4951  data: 0.2519  max mem: 11381
Test:  [219/391]  eta: 0:01:38  sploss: 6.6104 (6.7113)  famloss: 2.9216 (2.9030)  manuloss: 1.9064 (1.8381)  acc1: 9.3750 (9.2844)  acc5: 21.4844 (19.9379)  family_acc1: 42.1875 (43.7216)  manu_acc1: 58.9844 (61.2163)  time: 0.5460  data: 0.3025  max mem: 11381
Test:  [220/391]  eta: 0:01:37  sploss: 6.6104 (6.7130)  famloss: 2.9216 (2.9051)  manuloss: 1.9064 (1.8403)  acc1: 8.9844 (9.2689)  acc5: 21.0938 (19.9201)  family_acc1: 42.1875 (43.6811)  manu_acc1: 58.9844 (61.1584)  time: 0.5431  data: 0.3025  max mem: 11381
Test:  [221/391]  eta: 0:01:36  sploss: 6.6170 (6.7136)  famloss: 2.9281 (2.9076)  manuloss: 1.9092 (1.8431)  acc1: 8.9844 (9.2518)  acc5: 20.7031 (19.8972)  family_acc1: 42.1875 (43.6462)  manu_acc1: 58.9844 (61.0871)  time: 0.5419  data: 0.3025  max mem: 11381
Test:  [222/391]  eta: 0:01:35  sploss: 6.6170 (6.7141)  famloss: 2.9281 (2.9091)  manuloss: 1.9092 (1.8457)  acc1: 8.9844 (9.2541)  acc5: 21.0938 (19.9061)  family_acc1: 42.1875 (43.6134)  manu_acc1: 57.4219 (61.0198)  time: 0.5448  data: 0.3025  max mem: 11381
Test:  [223/391]  eta: 0:01:34  sploss: 6.6369 (6.7155)  famloss: 2.9411 (2.9110)  manuloss: 1.9174 (1.8482)  acc1: 8.9844 (9.2477)  acc5: 21.0938 (19.8957)  family_acc1: 41.7969 (43.5826)  manu_acc1: 57.0312 (60.9584)  time: 0.5478  data: 0.3025  max mem: 11381
Test:  [224/391]  eta: 0:01:34  sploss: 6.6369 (6.7150)  famloss: 2.9530 (2.9128)  manuloss: 1.9434 (1.8507)  acc1: 8.9844 (9.2587)  acc5: 21.0938 (19.9062)  family_acc1: 41.7969 (43.5660)  manu_acc1: 55.0781 (60.8958)  time: 0.4714  data: 0.2265  max mem: 11381
Test:  [225/391]  eta: 0:01:33  sploss: 6.6369 (6.7150)  famloss: 2.9530 (2.9149)  manuloss: 1.9434 (1.8523)  acc1: 9.7656 (9.2627)  acc5: 21.4844 (19.9219)  family_acc1: 41.7969 (43.5305)  manu_acc1: 55.0781 (60.8442)  time: 0.4711  data: 0.2265  max mem: 11381
Test:  [226/391]  eta: 0:01:32  sploss: 6.6369 (6.7129)  famloss: 2.9530 (2.9149)  manuloss: 1.9434 (1.8537)  acc1: 9.7656 (9.2786)  acc5: 21.4844 (19.9494)  family_acc1: 41.0156 (43.5074)  manu_acc1: 55.0781 (60.7895)  time: 0.4729  data: 0.2265  max mem: 11381
Test:  [227/391]  eta: 0:01:31  sploss: 6.6415 (6.7140)  famloss: 2.9558 (2.9157)  manuloss: 2.0657 (1.8554)  acc1: 8.9844 (9.2654)  acc5: 21.0938 (19.9373)  family_acc1: 39.8438 (43.4844)  manu_acc1: 53.9062 (60.7353)  time: 0.4042  data: 0.1572  max mem: 11381
Test:  [228/391]  eta: 0:01:32  sploss: 6.6560 (6.7143)  famloss: 2.9558 (2.9175)  manuloss: 2.0657 (1.8568)  acc1: 8.9844 (9.2607)  acc5: 20.7031 (19.9287)  family_acc1: 39.8438 (43.4498)  manu_acc1: 53.9062 (60.7004)  time: 0.5272  data: 0.2803  max mem: 11381
Test:  [229/391]  eta: 0:01:32  sploss: 6.7199 (6.7144)  famloss: 2.9631 (2.9191)  manuloss: 2.0988 (1.8591)  acc1: 8.9844 (9.2612)  acc5: 19.9219 (19.9236)  family_acc1: 39.8438 (43.4188)  manu_acc1: 52.7344 (60.6403)  time: 0.5280  data: 0.2803  max mem: 11381
Test:  [230/391]  eta: 0:01:31  sploss: 6.7199 (6.7154)  famloss: 2.9922 (2.9205)  manuloss: 2.1756 (1.8612)  acc1: 8.9844 (9.2549)  acc5: 19.5312 (19.9134)  family_acc1: 38.2812 (43.3915)  manu_acc1: 49.2188 (60.5824)  time: 0.5273  data: 0.2803  max mem: 11381
Test:  [231/391]  eta: 0:01:30  sploss: 6.7492 (6.7163)  famloss: 3.1024 (2.9213)  manuloss: 2.1768 (1.8627)  acc1: 8.5938 (9.2437)  acc5: 19.5312 (19.8983)  family_acc1: 38.2812 (43.3728)  manu_acc1: 49.2188 (60.5435)  time: 0.5607  data: 0.3165  max mem: 11381
Test:  [232/391]  eta: 0:01:30  sploss: 6.7524 (6.7166)  famloss: 3.1024 (2.9214)  manuloss: 2.1768 (1.8637)  acc1: 8.9844 (9.2442)  acc5: 19.5312 (19.9001)  family_acc1: 38.2812 (43.3728)  manu_acc1: 49.2188 (60.5234)  time: 0.5588  data: 0.3166  max mem: 11381
Test:  [233/391]  eta: 0:01:29  sploss: 6.7750 (6.7172)  famloss: 3.1063 (2.9222)  manuloss: 2.2009 (1.8651)  acc1: 8.5938 (9.2415)  acc5: 18.7500 (19.8885)  family_acc1: 38.2812 (43.3460)  manu_acc1: 48.8281 (60.4734)  time: 0.5582  data: 0.3165  max mem: 11381
Test:  [234/391]  eta: 0:01:28  sploss: 6.7750 (6.7166)  famloss: 3.1063 (2.9223)  manuloss: 2.2009 (1.8652)  acc1: 8.5938 (9.2354)  acc5: 18.7500 (19.8853)  family_acc1: 38.2812 (43.3494)  manu_acc1: 48.8281 (60.4688)  time: 0.5582  data: 0.3165  max mem: 11381
Test:  [235/391]  eta: 0:01:27  sploss: 6.7750 (6.7147)  famloss: 3.1063 (2.9216)  manuloss: 2.2009 (1.8657)  acc1: 8.5938 (9.2409)  acc5: 18.7500 (19.9020)  family_acc1: 38.2812 (43.3561)  manu_acc1: 48.8281 (60.4492)  time: 0.5579  data: 0.3165  max mem: 11381
Test:  [236/391]  eta: 0:01:27  sploss: 6.7750 (6.7139)  famloss: 3.1063 (2.9219)  manuloss: 2.2009 (1.8662)  acc1: 8.5938 (9.2481)  acc5: 18.7500 (19.9136)  family_acc1: 38.2812 (43.3478)  manu_acc1: 48.8281 (60.4266)  time: 0.4542  data: 0.2105  max mem: 11381
Test:  [237/391]  eta: 0:01:26  sploss: 6.7750 (6.7125)  famloss: 3.1063 (2.9219)  manuloss: 2.2009 (1.8666)  acc1: 8.5938 (9.2568)  acc5: 18.7500 (19.9186)  family_acc1: 38.2812 (43.3413)  manu_acc1: 48.8281 (60.4123)  time: 0.4581  data: 0.2105  max mem: 11381
Test:  [238/391]  eta: 0:01:25  sploss: 6.7750 (6.7110)  famloss: 3.1063 (2.9217)  manuloss: 2.2009 (1.8666)  acc1: 8.5938 (9.2622)  acc5: 18.7500 (19.9268)  family_acc1: 38.2812 (43.3201)  manu_acc1: 48.8281 (60.4112)  time: 0.4609  data: 0.2105  max mem: 11381
Test:  [239/391]  eta: 0:01:24  sploss: 6.7524 (6.7097)  famloss: 3.1063 (2.9217)  manuloss: 2.2009 (1.8669)  acc1: 9.3750 (9.2790)  acc5: 19.1406 (19.9528)  family_acc1: 38.2812 (43.3268)  manu_acc1: 48.8281 (60.4020)  time: 0.4102  data: 0.1599  max mem: 11381
Test:  [240/391]  eta: 0:01:25  sploss: 6.7524 (6.7102)  famloss: 3.1024 (2.9220)  manuloss: 2.1768 (1.8672)  acc1: 9.3750 (9.2729)  acc5: 19.1406 (19.9397)  family_acc1: 38.2812 (43.3205)  manu_acc1: 49.2188 (60.3864)  time: 0.5443  data: 0.2905  max mem: 11381
Test:  [241/391]  eta: 0:01:24  sploss: 6.7199 (6.7093)  famloss: 2.9990 (2.9215)  manuloss: 2.1756 (1.8675)  acc1: 9.3750 (9.2749)  acc5: 20.3125 (19.9445)  family_acc1: 38.2812 (43.3335)  manu_acc1: 51.5625 (60.3822)  time: 0.5463  data: 0.2905  max mem: 11381
Test:  [242/391]  eta: 0:01:24  sploss: 6.6736 (6.7091)  famloss: 2.9924 (2.9216)  manuloss: 2.0895 (1.8681)  acc1: 9.3750 (9.2673)  acc5: 19.5312 (19.9428)  family_acc1: 39.0625 (43.3304)  manu_acc1: 52.7344 (60.3765)  time: 0.5463  data: 0.2905  max mem: 11381
Test:  [243/391]  eta: 0:01:23  sploss: 6.6658 (6.7089)  famloss: 2.9465 (2.9217)  manuloss: 1.9981 (1.8683)  acc1: 9.3750 (9.2725)  acc5: 20.3125 (19.9507)  family_acc1: 39.8438 (43.3226)  manu_acc1: 54.6875 (60.3532)  time: 0.5906  data: 0.3339  max mem: 11381
Test:  [244/391]  eta: 0:01:23  sploss: 6.6736 (6.7091)  famloss: 2.9465 (2.9220)  manuloss: 1.9981 (1.8691)  acc1: 9.3750 (9.2730)  acc5: 19.9219 (19.9506)  family_acc1: 41.0156 (43.3131)  manu_acc1: 55.0781 (60.3396)  time: 0.5904  data: 0.3339  max mem: 11381
Test:  [245/391]  eta: 0:01:22  sploss: 6.6658 (6.7085)  famloss: 2.9415 (2.9212)  manuloss: 1.9951 (1.8686)  acc1: 9.3750 (9.2718)  acc5: 19.9219 (19.9520)  family_acc1: 41.4062 (43.3356)  manu_acc1: 55.8594 (60.3547)  time: 0.5903  data: 0.3339  max mem: 11381
Test:  [246/391]  eta: 0:01:21  sploss: 6.6658 (6.7077)  famloss: 2.9415 (2.9209)  manuloss: 1.9786 (1.8680)  acc1: 9.3750 (9.2785)  acc5: 19.9219 (19.9693)  family_acc1: 41.4062 (43.3388)  manu_acc1: 55.8594 (60.3713)  time: 0.5885  data: 0.3339  max mem: 11381
Test:  [247/391]  eta: 0:01:20  sploss: 6.6658 (6.7078)  famloss: 2.9351 (2.9207)  manuloss: 1.9744 (1.8675)  acc1: 9.3750 (9.2695)  acc5: 19.9219 (19.9487)  family_acc1: 41.7969 (43.3342)  manu_acc1: 56.6406 (60.3783)  time: 0.5874  data: 0.3339  max mem: 11381
Test:  [248/391]  eta: 0:01:20  sploss: 6.5867 (6.7073)  famloss: 2.9351 (2.9211)  manuloss: 1.9744 (1.8683)  acc1: 9.3750 (9.2903)  acc5: 20.3125 (19.9595)  family_acc1: 41.7969 (43.3233)  manu_acc1: 56.6406 (60.3586)  time: 0.4633  data: 0.2109  max mem: 11381
Test:  [249/391]  eta: 0:01:19  sploss: 6.5634 (6.7066)  famloss: 2.9351 (2.9206)  manuloss: 1.9434 (1.8683)  acc1: 9.3750 (9.3000)  acc5: 20.3125 (19.9719)  family_acc1: 41.7969 (43.3281)  manu_acc1: 57.0312 (60.3531)  time: 0.4621  data: 0.2108  max mem: 11381
Test:  [250/391]  eta: 0:01:18  sploss: 6.5634 (6.7070)  famloss: 2.9301 (2.9198)  manuloss: 1.9387 (1.8682)  acc1: 9.3750 (9.2941)  acc5: 20.3125 (19.9686)  family_acc1: 42.1875 (43.3282)  manu_acc1: 57.0312 (60.3539)  time: 0.4624  data: 0.2108  max mem: 11381
Test:  [251/391]  eta: 0:01:18  sploss: 6.5634 (6.7068)  famloss: 2.9126 (2.9194)  manuloss: 1.9346 (1.8679)  acc1: 9.3750 (9.2866)  acc5: 21.0938 (19.9761)  family_acc1: 42.5781 (43.3346)  manu_acc1: 58.2031 (60.3671)  time: 0.4284  data: 0.1745  max mem: 11381
Test:  [252/391]  eta: 0:01:18  sploss: 6.5602 (6.7057)  famloss: 2.8850 (2.9185)  manuloss: 1.9167 (1.8671)  acc1: 9.7656 (9.2916)  acc5: 21.0938 (19.9651)  family_acc1: 42.5781 (43.3408)  manu_acc1: 58.9844 (60.3863)  time: 0.5490  data: 0.2928  max mem: 11381
Test:  [253/391]  eta: 0:01:17  sploss: 6.5380 (6.7048)  famloss: 2.8850 (2.9188)  manuloss: 1.9167 (1.8674)  acc1: 10.5469 (9.2966)  acc5: 21.0938 (19.9849)  family_acc1: 42.5781 (43.3225)  manu_acc1: 58.9844 (60.3731)  time: 0.5542  data: 0.2928  max mem: 11381
Test:  [254/391]  eta: 0:01:17  sploss: 6.5380 (6.7046)  famloss: 2.8733 (2.9183)  manuloss: 1.9167 (1.8672)  acc1: 10.5469 (9.2923)  acc5: 21.0938 (19.9847)  family_acc1: 42.5781 (43.3211)  manu_acc1: 58.9844 (60.3692)  time: 0.5584  data: 0.2928  max mem: 11381
Test:  [255/391]  eta: 0:01:16  sploss: 6.5602 (6.7041)  famloss: 2.8733 (2.9178)  manuloss: 1.8685 (1.8670)  acc1: 10.5469 (9.2987)  acc5: 21.0938 (19.9997)  family_acc1: 42.1875 (43.3136)  manu_acc1: 58.9844 (60.3760)  time: 0.5906  data: 0.3252  max mem: 11381
Test:  [256/391]  eta: 0:01:16  sploss: 6.5709 (6.7036)  famloss: 2.8491 (2.9173)  manuloss: 1.8636 (1.8665)  acc1: 9.7656 (9.2990)  acc5: 21.0938 (20.0070)  family_acc1: 42.5781 (43.3275)  manu_acc1: 59.3750 (60.3888)  time: 0.5908  data: 0.3252  max mem: 11381
Test:  [257/391]  eta: 0:01:15  sploss: 6.5814 (6.7031)  famloss: 2.8182 (2.9168)  manuloss: 1.8489 (1.8659)  acc1: 9.7656 (9.3023)  acc5: 21.0938 (20.0082)  family_acc1: 42.5781 (43.3155)  manu_acc1: 59.3750 (60.3970)  time: 0.5896  data: 0.3252  max mem: 11381
Test:  [258/391]  eta: 0:01:14  sploss: 6.5834 (6.7029)  famloss: 2.8182 (2.9168)  manuloss: 1.8455 (1.8658)  acc1: 9.7656 (9.3056)  acc5: 20.3125 (20.0063)  family_acc1: 42.9688 (43.3247)  manu_acc1: 59.3750 (60.4021)  time: 0.5939  data: 0.3252  max mem: 11381
Test:  [259/391]  eta: 0:01:13  sploss: 6.5834 (6.7023)  famloss: 2.8108 (2.9163)  manuloss: 1.8082 (1.8652)  acc1: 9.7656 (9.3119)  acc5: 20.3125 (20.0105)  family_acc1: 42.9688 (43.3293)  manu_acc1: 60.5469 (60.4147)  time: 0.5940  data: 0.3252  max mem: 11381
Test:  [260/391]  eta: 0:01:13  sploss: 6.5814 (6.7016)  famloss: 2.8108 (2.9166)  manuloss: 1.8011 (1.8649)  acc1: 9.7656 (9.3091)  acc5: 21.0938 (20.0296)  family_acc1: 42.9688 (43.3130)  manu_acc1: 60.5469 (60.4122)  time: 0.4620  data: 0.1946  max mem: 11381
Test:  [261/391]  eta: 0:01:12  sploss: 6.5814 (6.7007)  famloss: 2.7990 (2.9156)  manuloss: 1.8011 (1.8648)  acc1: 10.1562 (9.3213)  acc5: 21.0938 (20.0441)  family_acc1: 42.9688 (43.3206)  manu_acc1: 61.3281 (60.4157)  time: 0.4618  data: 0.1946  max mem: 11381
Test:  [262/391]  eta: 0:01:11  sploss: 6.5709 (6.6990)  famloss: 2.7900 (2.9143)  manuloss: 1.7826 (1.8634)  acc1: 10.1562 (9.3304)  acc5: 21.8750 (20.0600)  family_acc1: 43.3594 (43.3341)  manu_acc1: 61.7188 (60.4474)  time: 0.4608  data: 0.1946  max mem: 11381
Test:  [263/391]  eta: 0:01:11  sploss: 6.5602 (6.6974)  famloss: 2.7895 (2.9137)  manuloss: 1.7773 (1.8627)  acc1: 10.1562 (9.3410)  acc5: 21.8750 (20.0758)  family_acc1: 44.1406 (43.3475)  manu_acc1: 62.1094 (60.4685)  time: 0.4135  data: 0.1512  max mem: 11381
Test:  [264/391]  eta: 0:01:11  sploss: 6.5602 (6.6974)  famloss: 2.7884 (2.9128)  manuloss: 1.7773 (1.8628)  acc1: 10.5469 (9.3470)  acc5: 21.8750 (20.0619)  family_acc1: 44.5312 (43.3535)  manu_acc1: 62.1094 (60.4584)  time: 0.5481  data: 0.2849  max mem: 11381
Test:  [265/391]  eta: 0:01:10  sploss: 6.5433 (6.6967)  famloss: 2.7895 (2.9127)  manuloss: 1.7826 (1.8625)  acc1: 10.5469 (9.3486)  acc5: 21.8750 (20.0614)  family_acc1: 44.5312 (43.3623)  manu_acc1: 62.1094 (60.4646)  time: 0.5487  data: 0.2849  max mem: 11381
Test:  [266/391]  eta: 0:01:10  sploss: 6.5709 (6.6964)  famloss: 2.7895 (2.9130)  manuloss: 1.7909 (1.8625)  acc1: 10.5469 (9.3545)  acc5: 21.8750 (20.0682)  family_acc1: 44.5312 (43.3345)  manu_acc1: 61.7188 (60.4591)  time: 0.5491  data: 0.2849  max mem: 11381
Test:  [267/391]  eta: 0:01:10  sploss: 6.5709 (6.6960)  famloss: 2.7884 (2.9125)  manuloss: 1.7909 (1.8620)  acc1: 10.5469 (9.3517)  acc5: 21.8750 (20.0793)  family_acc1: 44.5312 (43.3259)  manu_acc1: 61.7188 (60.4711)  time: 0.5990  data: 0.3331  max mem: 11381
Test:  [268/391]  eta: 0:01:09  sploss: 6.5709 (6.6962)  famloss: 2.7849 (2.9119)  manuloss: 1.7826 (1.8617)  acc1: 10.1562 (9.3431)  acc5: 21.8750 (20.0613)  family_acc1: 44.5312 (43.3449)  manu_acc1: 61.7188 (60.4743)  time: 0.5983  data: 0.3331  max mem: 11381
Test:  [269/391]  eta: 0:01:08  sploss: 6.5814 (6.6961)  famloss: 2.7793 (2.9110)  manuloss: 1.7816 (1.8613)  acc1: 10.1562 (9.3432)  acc5: 21.0938 (20.0593)  family_acc1: 44.9219 (43.3579)  manu_acc1: 61.7188 (60.4745)  time: 0.5983  data: 0.3331  max mem: 11381
Test:  [270/391]  eta: 0:01:07  sploss: 6.5709 (6.6955)  famloss: 2.7793 (2.9102)  manuloss: 1.7773 (1.8602)  acc1: 10.1562 (9.3332)  acc5: 21.8750 (20.0718)  family_acc1: 44.9219 (43.3608)  manu_acc1: 62.1094 (60.4950)  time: 0.5975  data: 0.3331  max mem: 11381
Test:  [271/391]  eta: 0:01:07  sploss: 6.5709 (6.6951)  famloss: 2.7793 (2.9102)  manuloss: 1.7816 (1.8601)  acc1: 10.1562 (9.3420)  acc5: 21.8750 (20.0784)  family_acc1: 44.5312 (43.3551)  manu_acc1: 61.7188 (60.4980)  time: 0.5974  data: 0.3331  max mem: 11381
Test:  [272/391]  eta: 0:01:06  sploss: 6.5709 (6.6937)  famloss: 2.7793 (2.9086)  manuloss: 1.7816 (1.8594)  acc1: 10.1562 (9.3535)  acc5: 21.8750 (20.0993)  family_acc1: 44.5312 (43.3894)  manu_acc1: 61.7188 (60.5211)  time: 0.4790  data: 0.2148  max mem: 11381
Test:  [273/391]  eta: 0:01:05  sploss: 6.5709 (6.6932)  famloss: 2.7692 (2.9072)  manuloss: 1.7629 (1.8580)  acc1: 10.1562 (9.3550)  acc5: 21.8750 (20.0958)  family_acc1: 44.9219 (43.4221)  manu_acc1: 62.1094 (60.5554)  time: 0.4760  data: 0.2148  max mem: 11381
Test:  [274/391]  eta: 0:01:05  sploss: 6.5709 (6.6931)  famloss: 2.7692 (2.9070)  manuloss: 1.7629 (1.8580)  acc1: 10.1562 (9.3466)  acc5: 21.8750 (20.0952)  family_acc1: 44.9219 (43.4276)  manu_acc1: 62.1094 (60.5455)  time: 0.4699  data: 0.2148  max mem: 11381
Test:  [275/391]  eta: 0:01:04  sploss: 6.5709 (6.6933)  famloss: 2.7692 (2.9068)  manuloss: 1.7418 (1.8573)  acc1: 9.7656 (9.3410)  acc5: 21.0938 (20.0917)  family_acc1: 44.9219 (43.4202)  manu_acc1: 62.1094 (60.5653)  time: 0.4377  data: 0.1824  max mem: 11381
Test:  [276/391]  eta: 0:01:04  sploss: 6.5454 (6.6923)  famloss: 2.7437 (2.9058)  manuloss: 1.7442 (1.8569)  acc1: 9.7656 (9.3426)  acc5: 21.0938 (20.0967)  family_acc1: 44.9219 (43.4186)  manu_acc1: 62.1094 (60.5723)  time: 0.5630  data: 0.3079  max mem: 11381
Test:  [277/391]  eta: 0:01:04  sploss: 6.5433 (6.6906)  famloss: 2.7407 (2.9042)  manuloss: 1.7442 (1.8562)  acc1: 9.7656 (9.3680)  acc5: 21.4844 (20.1242)  family_acc1: 44.9219 (43.4479)  manu_acc1: 62.1094 (60.5778)  time: 0.5623  data: 0.3079  max mem: 11381
Test:  [278/391]  eta: 0:01:03  sploss: 6.5366 (6.6899)  famloss: 2.7407 (2.9038)  manuloss: 1.7319 (1.8556)  acc1: 9.7656 (9.3638)  acc5: 21.8750 (20.1319)  family_acc1: 44.9219 (43.4504)  manu_acc1: 62.1094 (60.5889)  time: 0.5575  data: 0.3079  max mem: 11381
Test:  [279/391]  eta: 0:01:02  sploss: 6.5121 (6.6887)  famloss: 2.7037 (2.9031)  manuloss: 1.7442 (1.8559)  acc1: 9.7656 (9.3597)  acc5: 21.8750 (20.1409)  family_acc1: 44.9219 (43.4528)  manu_acc1: 62.1094 (60.5790)  time: 0.5884  data: 0.3395  max mem: 11381
Test:  [280/391]  eta: 0:01:02  sploss: 6.5121 (6.6873)  famloss: 2.6907 (2.9019)  manuloss: 1.7442 (1.8555)  acc1: 9.7656 (9.3736)  acc5: 21.8750 (20.1568)  family_acc1: 44.9219 (43.4678)  manu_acc1: 62.1094 (60.5872)  time: 0.5882  data: 0.3395  max mem: 11381
Test:  [281/391]  eta: 0:01:01  sploss: 6.5366 (6.6875)  famloss: 2.7037 (2.9016)  manuloss: 1.7442 (1.8553)  acc1: 9.7656 (9.3805)  acc5: 21.8750 (20.1629)  family_acc1: 44.9219 (43.4868)  manu_acc1: 62.5000 (60.5995)  time: 0.5869  data: 0.3395  max mem: 11381
Test:  [282/391]  eta: 0:01:00  sploss: 6.5454 (6.6874)  famloss: 2.7407 (2.9015)  manuloss: 1.7442 (1.8547)  acc1: 9.7656 (9.3860)  acc5: 21.8750 (20.1772)  family_acc1: 44.9219 (43.4795)  manu_acc1: 62.5000 (60.6159)  time: 0.5873  data: 0.3395  max mem: 11381
Test:  [283/391]  eta: 0:01:00  sploss: 6.5741 (6.6879)  famloss: 2.7437 (2.9010)  manuloss: 1.7442 (1.8540)  acc1: 9.7656 (9.3750)  acc5: 21.8750 (20.1626)  family_acc1: 44.9219 (43.4845)  manu_acc1: 62.5000 (60.6280)  time: 0.5873  data: 0.3395  max mem: 11381
Test:  [284/391]  eta: 0:00:59  sploss: 6.5741 (6.6883)  famloss: 2.7491 (2.9008)  manuloss: 1.7442 (1.8538)  acc1: 9.7656 (9.3777)  acc5: 21.8750 (20.1604)  family_acc1: 44.9219 (43.4910)  manu_acc1: 62.5000 (60.6236)  time: 0.4526  data: 0.2058  max mem: 11381
Test:  [285/391]  eta: 0:00:58  sploss: 6.5835 (6.6885)  famloss: 2.7491 (2.9005)  manuloss: 1.7442 (1.8537)  acc1: 9.3750 (9.3709)  acc5: 21.8750 (20.1431)  family_acc1: 44.9219 (43.4973)  manu_acc1: 62.5000 (60.6220)  time: 0.4514  data: 0.2058  max mem: 11381
Test:  [286/391]  eta: 0:00:58  sploss: 6.5835 (6.6882)  famloss: 2.7437 (2.8991)  manuloss: 1.7319 (1.8527)  acc1: 9.3750 (9.3777)  acc5: 21.8750 (20.1505)  family_acc1: 44.9219 (43.5186)  manu_acc1: 62.8906 (60.6421)  time: 0.4501  data: 0.2058  max mem: 11381
Test:  [287/391]  eta: 0:00:57  sploss: 6.6015 (6.6880)  famloss: 2.7437 (2.8988)  manuloss: 1.7442 (1.8527)  acc1: 9.3750 (9.3696)  acc5: 21.4844 (20.1484)  family_acc1: 45.3125 (43.5262)  manu_acc1: 62.5000 (60.6350)  time: 0.4003  data: 0.1576  max mem: 11381
Test:  [288/391]  eta: 0:00:57  sploss: 6.5741 (6.6867)  famloss: 2.7491 (2.8984)  manuloss: 1.7442 (1.8526)  acc1: 9.7656 (9.3804)  acc5: 21.8750 (20.1719)  family_acc1: 45.3125 (43.5337)  manu_acc1: 62.8906 (60.6428)  time: 0.5376  data: 0.2943  max mem: 11381
Test:  [289/391]  eta: 0:00:57  sploss: 6.5454 (6.6858)  famloss: 2.7491 (2.8971)  manuloss: 1.6911 (1.8514)  acc1: 9.7656 (9.3952)  acc5: 21.8750 (20.2007)  family_acc1: 45.3125 (43.5560)  manu_acc1: 62.8906 (60.6668)  time: 0.5379  data: 0.2943  max mem: 11381
Test:  [290/391]  eta: 0:00:56  sploss: 6.5741 (6.6857)  famloss: 2.7491 (2.8959)  manuloss: 1.6911 (1.8502)  acc1: 9.7656 (9.3951)  acc5: 21.8750 (20.1997)  family_acc1: 45.3125 (43.5728)  manu_acc1: 62.8906 (60.6918)  time: 0.5375  data: 0.2943  max mem: 11381
Test:  [291/391]  eta: 0:00:56  sploss: 6.5529 (6.6852)  famloss: 2.7244 (2.8953)  manuloss: 1.6911 (1.8497)  acc1: 9.7656 (9.3991)  acc5: 21.8750 (20.2095)  family_acc1: 45.7031 (43.5814)  manu_acc1: 62.8906 (60.6900)  time: 0.5852  data: 0.3418  max mem: 11381
Test:  [292/391]  eta: 0:00:55  sploss: 6.5529 (6.6827)  famloss: 2.7244 (2.8937)  manuloss: 1.6911 (1.8486)  acc1: 9.7656 (9.4097)  acc5: 21.8750 (20.2352)  family_acc1: 45.7031 (43.5993)  manu_acc1: 62.8906 (60.7149)  time: 0.5839  data: 0.3418  max mem: 11381
Test:  [293/391]  eta: 0:00:54  sploss: 6.6015 (6.6832)  famloss: 2.7244 (2.8930)  manuloss: 1.7114 (1.8482)  acc1: 10.1562 (9.4135)  acc5: 21.8750 (20.2288)  family_acc1: 45.7031 (43.6078)  manu_acc1: 62.8906 (60.7223)  time: 0.5811  data: 0.3418  max mem: 11381
Test:  [294/391]  eta: 0:00:54  sploss: 6.5529 (6.6821)  famloss: 2.7037 (2.8921)  manuloss: 1.6911 (1.8471)  acc1: 10.1562 (9.4147)  acc5: 22.2656 (20.2383)  family_acc1: 45.7031 (43.6308)  manu_acc1: 62.8906 (60.7481)  time: 0.5805  data: 0.3418  max mem: 11381
Test:  [295/391]  eta: 0:00:53  sploss: 6.5529 (6.6823)  famloss: 2.6871 (2.8909)  manuloss: 1.6911 (1.8465)  acc1: 10.1562 (9.4120)  acc5: 22.2656 (20.2333)  family_acc1: 46.0938 (43.6589)  manu_acc1: 62.8906 (60.7554)  time: 0.5796  data: 0.3418  max mem: 11381
Test:  [296/391]  eta: 0:00:52  sploss: 6.5858 (6.6820)  famloss: 2.7037 (2.8903)  manuloss: 1.6830 (1.8459)  acc1: 10.1562 (9.4092)  acc5: 22.2656 (20.2362)  family_acc1: 46.0938 (43.6671)  manu_acc1: 62.8906 (60.7757)  time: 0.4541  data: 0.2163  max mem: 11381
Test:  [297/391]  eta: 0:00:52  sploss: 6.5858 (6.6814)  famloss: 2.7037 (2.8889)  manuloss: 1.6823 (1.8443)  acc1: 10.1562 (9.4130)  acc5: 21.8750 (20.2404)  family_acc1: 46.0938 (43.6871)  manu_acc1: 63.6719 (60.8143)  time: 0.4542  data: 0.2163  max mem: 11381
Test:  [298/391]  eta: 0:00:51  sploss: 6.5858 (6.6808)  famloss: 2.6871 (2.8880)  manuloss: 1.6634 (1.8433)  acc1: 10.5469 (9.4168)  acc5: 21.8750 (20.2472)  family_acc1: 46.0938 (43.7069)  manu_acc1: 64.0625 (60.8330)  time: 0.4538  data: 0.2163  max mem: 11381
Test:  [299/391]  eta: 0:00:50  sploss: 6.5858 (6.6797)  famloss: 2.6233 (2.8867)  manuloss: 1.6610 (1.8424)  acc1: 10.5469 (9.4128)  acc5: 21.4844 (20.2500)  family_acc1: 47.6562 (43.7279)  manu_acc1: 64.0625 (60.8438)  time: 0.4201  data: 0.1847  max mem: 11381
Test:  [300/391]  eta: 0:00:51  sploss: 6.6015 (6.6801)  famloss: 2.6618 (2.8860)  manuloss: 1.6500 (1.8416)  acc1: 10.1562 (9.4087)  acc5: 21.0938 (20.2333)  family_acc1: 46.8750 (43.7383)  manu_acc1: 64.0625 (60.8557)  time: 0.5602  data: 0.3244  max mem: 11381
Test:  [301/391]  eta: 0:00:50  sploss: 6.5858 (6.6791)  famloss: 2.6233 (2.8843)  manuloss: 1.6100 (1.8403)  acc1: 10.1562 (9.4112)  acc5: 21.0938 (20.2478)  family_acc1: 46.8750 (43.7746)  manu_acc1: 64.4531 (60.8871)  time: 0.5590  data: 0.3244  max mem: 11381
Test:  [302/391]  eta: 0:00:49  sploss: 6.5834 (6.6788)  famloss: 2.6147 (2.8833)  manuloss: 1.5761 (1.8391)  acc1: 10.1562 (9.4150)  acc5: 21.0938 (20.2468)  family_acc1: 48.0469 (43.7887)  manu_acc1: 64.4531 (60.9130)  time: 0.5564  data: 0.3244  max mem: 11381
Test:  [303/391]  eta: 0:00:49  sploss: 6.5834 (6.6793)  famloss: 2.6147 (2.8825)  manuloss: 1.5515 (1.8380)  acc1: 10.1562 (9.4213)  acc5: 21.0938 (20.2508)  family_acc1: 48.4375 (43.8065)  manu_acc1: 66.4062 (60.9401)  time: 0.5702  data: 0.3362  max mem: 11381
Test:  [304/391]  eta: 0:00:48  sploss: 6.5834 (6.6790)  famloss: 2.5801 (2.8814)  manuloss: 1.5422 (1.8367)  acc1: 10.5469 (9.4275)  acc5: 21.0938 (20.2485)  family_acc1: 48.8281 (43.8320)  manu_acc1: 66.4062 (60.9644)  time: 0.5691  data: 0.3362  max mem: 11381
Test:  [305/391]  eta: 0:00:47  sploss: 6.5834 (6.6793)  famloss: 2.5801 (2.8807)  manuloss: 1.5422 (1.8361)  acc1: 10.5469 (9.4248)  acc5: 21.0938 (20.2372)  family_acc1: 48.8281 (43.8406)  manu_acc1: 66.4062 (60.9783)  time: 0.5667  data: 0.3362  max mem: 11381
Test:  [306/391]  eta: 0:00:47  sploss: 6.5834 (6.6790)  famloss: 2.6147 (2.8802)  manuloss: 1.5422 (1.8356)  acc1: 10.5469 (9.4284)  acc5: 21.0938 (20.2451)  family_acc1: 48.4375 (43.8518)  manu_acc1: 66.4062 (60.9884)  time: 0.5670  data: 0.3363  max mem: 11381
Test:  [307/391]  eta: 0:00:46  sploss: 6.5834 (6.6787)  famloss: 2.5801 (2.8790)  manuloss: 1.5422 (1.8348)  acc1: 10.5469 (9.4321)  acc5: 21.0938 (20.2427)  family_acc1: 48.4375 (43.8667)  manu_acc1: 66.4062 (61.0034)  time: 0.5669  data: 0.3363  max mem: 11381
Test:  [308/391]  eta: 0:00:45  sploss: 6.5834 (6.6782)  famloss: 2.5801 (2.8790)  manuloss: 1.5422 (1.8347)  acc1: 10.5469 (9.4420)  acc5: 21.0938 (20.2531)  family_acc1: 48.4375 (43.8739)  manu_acc1: 66.4062 (61.0007)  time: 0.4304  data: 0.1996  max mem: 11381
Test:  [309/391]  eta: 0:00:45  sploss: 6.5858 (6.6784)  famloss: 2.6147 (2.8785)  manuloss: 1.5761 (1.8341)  acc1: 10.5469 (9.4418)  acc5: 21.0938 (20.2394)  family_acc1: 48.4375 (43.8798)  manu_acc1: 65.6250 (61.0118)  time: 0.4327  data: 0.1996  max mem: 11381
Test:  [310/391]  eta: 0:00:44  sploss: 6.5834 (6.6780)  famloss: 2.6233 (2.8779)  manuloss: 1.5848 (1.8334)  acc1: 10.5469 (9.4428)  acc5: 21.0938 (20.2384)  family_acc1: 48.0469 (43.8857)  manu_acc1: 65.2344 (61.0242)  time: 0.4334  data: 0.1996  max mem: 11381
Test:  [311/391]  eta: 0:00:44  sploss: 6.5858 (6.6777)  famloss: 2.6233 (2.8772)  manuloss: 1.5848 (1.8328)  acc1: 10.1562 (9.4439)  acc5: 19.9219 (20.2274)  family_acc1: 48.4375 (43.9052)  manu_acc1: 65.2344 (61.0352)  time: 0.3862  data: 0.1522  max mem: 11381
Test:  [312/391]  eta: 0:00:44  sploss: 6.5861 (6.6778)  famloss: 2.6380 (2.8771)  manuloss: 1.5848 (1.8319)  acc1: 9.7656 (9.4411)  acc5: 19.9219 (20.2264)  family_acc1: 48.0469 (43.8973)  manu_acc1: 65.2344 (61.0586)  time: 0.5365  data: 0.3010  max mem: 11381
Test:  [313/391]  eta: 0:00:43  sploss: 6.5861 (6.6776)  famloss: 2.6380 (2.8767)  manuloss: 1.5848 (1.8314)  acc1: 9.7656 (9.4422)  acc5: 19.9219 (20.2316)  family_acc1: 48.0469 (43.8943)  manu_acc1: 65.2344 (61.0719)  time: 0.5394  data: 0.3010  max mem: 11381
Test:  [314/391]  eta: 0:00:42  sploss: 6.5861 (6.6772)  famloss: 2.6528 (2.8760)  manuloss: 1.6100 (1.8309)  acc1: 9.7656 (9.4506)  acc5: 19.9219 (20.2356)  family_acc1: 47.2656 (43.9050)  manu_acc1: 65.2344 (61.0875)  time: 0.5419  data: 0.3010  max mem: 11381
Test:  [315/391]  eta: 0:00:42  sploss: 6.5858 (6.6762)  famloss: 2.6585 (2.8755)  manuloss: 1.6100 (1.8305)  acc1: 10.1562 (9.4541)  acc5: 21.0938 (20.2495)  family_acc1: 47.2656 (43.8996)  manu_acc1: 65.2344 (61.0821)  time: 0.5426  data: 0.3010  max mem: 11381
Test:  [316/391]  eta: 0:00:41  sploss: 6.5834 (6.6759)  famloss: 2.6585 (2.8752)  manuloss: 1.6100 (1.8301)  acc1: 10.5469 (9.4588)  acc5: 20.3125 (20.2497)  family_acc1: 47.2656 (43.9028)  manu_acc1: 65.2344 (61.0940)  time: 0.5427  data: 0.3010  max mem: 11381
Test:  [317/391]  eta: 0:00:41  sploss: 6.5861 (6.6764)  famloss: 2.6618 (2.8746)  manuloss: 1.6293 (1.8295)  acc1: 10.1562 (9.4413)  acc5: 19.9219 (20.2400)  family_acc1: 46.8750 (43.9109)  manu_acc1: 64.8438 (61.0984)  time: 0.5437  data: 0.3010  max mem: 11381
Test:  [318/391]  eta: 0:00:40  sploss: 6.5953 (6.6766)  famloss: 2.6703 (2.8746)  manuloss: 1.6305 (1.8292)  acc1: 9.7656 (9.4362)  acc5: 19.9219 (20.2280)  family_acc1: 46.4844 (43.8969)  manu_acc1: 64.8438 (61.1004)  time: 0.5444  data: 0.3010  max mem: 11381
Test:  [319/391]  eta: 0:00:39  sploss: 6.5960 (6.6770)  famloss: 2.6814 (2.8745)  manuloss: 1.6334 (1.8293)  acc1: 9.7656 (9.4312)  acc5: 19.9219 (20.2234)  family_acc1: 46.4844 (43.8892)  manu_acc1: 64.8438 (61.0938)  time: 0.5467  data: 0.3010  max mem: 11381
Test:  [320/391]  eta: 0:00:39  sploss: 6.5960 (6.6772)  famloss: 2.6814 (2.8736)  manuloss: 1.6350 (1.8288)  acc1: 9.7656 (9.4261)  acc5: 19.9219 (20.2200)  family_acc1: 46.4844 (43.9009)  manu_acc1: 64.8438 (61.1018)  time: 0.4098  data: 0.1613  max mem: 11381
Test:  [321/391]  eta: 0:00:38  sploss: 6.5960 (6.6769)  famloss: 2.6845 (2.8730)  manuloss: 1.6350 (1.8281)  acc1: 9.7656 (9.4235)  acc5: 19.9219 (20.2227)  family_acc1: 46.4844 (43.9113)  manu_acc1: 64.4531 (61.1061)  time: 0.4143  data: 0.1613  max mem: 11381
Test:  [322/391]  eta: 0:00:37  sploss: 6.6139 (6.6769)  famloss: 2.6961 (2.8729)  manuloss: 1.6378 (1.8281)  acc1: 9.7656 (9.4197)  acc5: 19.5312 (20.2121)  family_acc1: 46.0938 (43.9145)  manu_acc1: 64.4531 (61.0947)  time: 0.4188  data: 0.1613  max mem: 11381
Test:  [323/391]  eta: 0:00:37  sploss: 6.5960 (6.6764)  famloss: 2.7243 (2.8726)  manuloss: 1.6536 (1.8279)  acc1: 9.7656 (9.4208)  acc5: 19.5312 (20.2100)  family_acc1: 45.7031 (43.9188)  manu_acc1: 64.0625 (61.0930)  time: 0.4089  data: 0.1494  max mem: 11381
Test:  [324/391]  eta: 0:00:37  sploss: 6.5953 (6.6761)  famloss: 2.7290 (2.8722)  manuloss: 1.6745 (1.8275)  acc1: 9.3750 (9.4171)  acc5: 19.5312 (20.2055)  family_acc1: 45.7031 (43.9231)  manu_acc1: 63.6719 (61.0974)  time: 0.6014  data: 0.3395  max mem: 11381
Test:  [325/391]  eta: 0:00:36  sploss: 6.5953 (6.6762)  famloss: 2.7290 (2.8717)  manuloss: 1.6809 (1.8276)  acc1: 9.7656 (9.4193)  acc5: 19.5312 (20.2095)  family_acc1: 45.7031 (43.9297)  manu_acc1: 62.5000 (61.0921)  time: 0.6049  data: 0.3394  max mem: 11381
Test:  [326/391]  eta: 0:00:36  sploss: 6.6139 (6.6772)  famloss: 2.7290 (2.8726)  manuloss: 1.6809 (1.8276)  acc1: 9.3750 (9.4120)  acc5: 19.5312 (20.1954)  family_acc1: 45.3125 (43.9196)  manu_acc1: 62.5000 (61.0988)  time: 0.6054  data: 0.3394  max mem: 11381
Test:  [327/391]  eta: 0:00:35  sploss: 6.6139 (6.6768)  famloss: 2.7290 (2.8719)  manuloss: 1.6988 (1.8274)  acc1: 8.5938 (9.4048)  acc5: 19.1406 (20.1898)  family_acc1: 45.3125 (43.9322)  manu_acc1: 62.5000 (61.1018)  time: 0.6054  data: 0.3394  max mem: 11381
Test:  [328/391]  eta: 0:00:35  sploss: 6.6139 (6.6761)  famloss: 2.7290 (2.8717)  manuloss: 1.6988 (1.8274)  acc1: 8.5938 (9.4094)  acc5: 19.1406 (20.1973)  family_acc1: 45.3125 (43.9435)  manu_acc1: 62.5000 (61.1132)  time: 0.6086  data: 0.3394  max mem: 11381
Test:  [329/391]  eta: 0:00:34  sploss: 6.5983 (6.6759)  famloss: 2.7348 (2.8713)  manuloss: 1.7125 (1.8274)  acc1: 8.5938 (9.4070)  acc5: 19.5312 (20.2000)  family_acc1: 45.3125 (43.9571)  manu_acc1: 62.5000 (61.1162)  time: 0.6046  data: 0.3394  max mem: 11381
Test:  [330/391]  eta: 0:00:33  sploss: 6.6139 (6.6759)  famloss: 2.7423 (2.8713)  manuloss: 1.7256 (1.8274)  acc1: 8.5938 (9.4092)  acc5: 19.1406 (20.1945)  family_acc1: 45.3125 (43.9636)  manu_acc1: 62.5000 (61.1181)  time: 0.6040  data: 0.3394  max mem: 11381
Test:  [331/391]  eta: 0:00:33  sploss: 6.6154 (6.6762)  famloss: 2.7543 (2.8718)  manuloss: 1.7322 (1.8276)  acc1: 8.5938 (9.4021)  acc5: 19.1406 (20.1748)  family_acc1: 45.3125 (43.9524)  manu_acc1: 62.1094 (61.1175)  time: 0.6046  data: 0.3394  max mem: 11381
Test:  [332/391]  eta: 0:00:32  sploss: 6.6154 (6.6762)  famloss: 2.7543 (2.8716)  manuloss: 1.7348 (1.8277)  acc1: 8.2031 (9.3938)  acc5: 18.7500 (20.1670)  family_acc1: 45.3125 (43.9565)  manu_acc1: 62.1094 (61.1193)  time: 0.4569  data: 0.1906  max mem: 11381
Test:  [333/391]  eta: 0:00:32  sploss: 6.6644 (6.6763)  famloss: 2.7552 (2.8724)  manuloss: 1.7644 (1.8277)  acc1: 8.2031 (9.3949)  acc5: 18.7500 (20.1605)  family_acc1: 45.3125 (43.9500)  manu_acc1: 61.7188 (61.1164)  time: 0.4550  data: 0.1906  max mem: 11381
Test:  [334/391]  eta: 0:00:31  sploss: 6.6673 (6.6773)  famloss: 2.7824 (2.8736)  manuloss: 1.8167 (1.8286)  acc1: 8.2031 (9.3948)  acc5: 18.7500 (20.1562)  family_acc1: 45.3125 (43.9342)  manu_acc1: 61.7188 (61.1019)  time: 0.4528  data: 0.1906  max mem: 11381
Test:  [335/391]  eta: 0:00:30  sploss: 6.6897 (6.6778)  famloss: 2.8009 (2.8740)  manuloss: 1.8337 (1.8291)  acc1: 8.2031 (9.3890)  acc5: 18.3594 (20.1474)  family_acc1: 45.3125 (43.9186)  manu_acc1: 61.7188 (61.0863)  time: 0.4502  data: 0.1906  max mem: 11381
Test:  [336/391]  eta: 0:00:30  sploss: 6.6897 (6.6777)  famloss: 2.8074 (2.8743)  manuloss: 1.8341 (1.8294)  acc1: 8.2031 (9.3924)  acc5: 18.3594 (20.1525)  family_acc1: 45.3125 (43.9111)  manu_acc1: 61.7188 (61.0859)  time: 0.6195  data: 0.3596  max mem: 11381
Test:  [337/391]  eta: 0:00:30  sploss: 6.6897 (6.6784)  famloss: 2.8280 (2.8748)  manuloss: 1.8396 (1.8303)  acc1: 8.2031 (9.3842)  acc5: 18.3594 (20.1322)  family_acc1: 44.9219 (43.8922)  manu_acc1: 60.9375 (61.0635)  time: 0.6189  data: 0.3596  max mem: 11381
Test:  [338/391]  eta: 0:00:29  sploss: 6.6897 (6.6788)  famloss: 2.8280 (2.8750)  manuloss: 1.8396 (1.8305)  acc1: 8.2031 (9.3865)  acc5: 18.7500 (20.1339)  family_acc1: 44.9219 (43.8917)  manu_acc1: 60.9375 (61.0573)  time: 0.6186  data: 0.3596  max mem: 11381
Test:  [339/391]  eta: 0:00:28  sploss: 6.6897 (6.6789)  famloss: 2.8280 (2.8752)  manuloss: 1.8396 (1.8305)  acc1: 8.5938 (9.3945)  acc5: 18.7500 (20.1390)  family_acc1: 44.9219 (43.8798)  manu_acc1: 60.9375 (61.0443)  time: 0.6177  data: 0.3596  max mem: 11381
Test:  [340/391]  eta: 0:00:28  sploss: 6.6897 (6.6792)  famloss: 2.8760 (2.8756)  manuloss: 1.8396 (1.8304)  acc1: 8.5938 (9.3899)  acc5: 18.3594 (20.1338)  family_acc1: 43.7500 (43.8783)  manu_acc1: 60.9375 (61.0475)  time: 0.6125  data: 0.3596  max mem: 11381
Test:  [341/391]  eta: 0:00:27  sploss: 6.7177 (6.6799)  famloss: 2.8760 (2.8751)  manuloss: 1.8396 (1.8299)  acc1: 8.2031 (9.3864)  acc5: 18.3594 (20.1263)  family_acc1: 43.7500 (43.8905)  manu_acc1: 60.9375 (61.0631)  time: 0.6112  data: 0.3596  max mem: 11381
Test:  [342/391]  eta: 0:00:27  sploss: 6.7211 (6.6806)  famloss: 2.8760 (2.8748)  manuloss: 1.8341 (1.8291)  acc1: 8.5938 (9.3841)  acc5: 18.3594 (20.1235)  family_acc1: 43.3594 (43.8821)  manu_acc1: 60.9375 (61.0764)  time: 0.6095  data: 0.3596  max mem: 11381
Test:  [343/391]  eta: 0:00:26  sploss: 6.7211 (6.6806)  famloss: 2.8774 (2.8748)  manuloss: 1.8341 (1.8289)  acc1: 8.5938 (9.3841)  acc5: 18.3594 (20.1149)  family_acc1: 41.7969 (43.8715)  manu_acc1: 61.7188 (61.0783)  time: 0.6086  data: 0.3596  max mem: 11381
Test:  [344/391]  eta: 0:00:25  sploss: 6.7211 (6.6806)  famloss: 2.8774 (2.8743)  manuloss: 1.8341 (1.8282)  acc1: 8.5938 (9.3829)  acc5: 18.3594 (20.1076)  family_acc1: 41.7969 (43.8825)  manu_acc1: 61.7188 (61.0915)  time: 0.4174  data: 0.1696  max mem: 11381
Test:  [345/391]  eta: 0:00:25  sploss: 6.7211 (6.6808)  famloss: 2.9121 (2.8747)  manuloss: 1.8337 (1.8277)  acc1: 8.5938 (9.3784)  acc5: 17.9688 (20.0935)  family_acc1: 41.4062 (43.8685)  manu_acc1: 61.7188 (61.1035)  time: 0.4179  data: 0.1696  max mem: 11381
Test:  [346/391]  eta: 0:00:24  sploss: 6.7177 (6.6801)  famloss: 2.8774 (2.8737)  manuloss: 1.8167 (1.8266)  acc1: 8.5938 (9.3761)  acc5: 18.3594 (20.0941)  family_acc1: 41.7969 (43.8806)  manu_acc1: 61.7188 (61.1311)  time: 0.4151  data: 0.1696  max mem: 11381
Test:  [347/391]  eta: 0:00:24  sploss: 6.7177 (6.6800)  famloss: 2.8774 (2.8732)  manuloss: 1.8167 (1.8256)  acc1: 8.5938 (9.3739)  acc5: 18.3594 (20.0947)  family_acc1: 41.7969 (43.8993)  manu_acc1: 61.7188 (61.1620)  time: 0.4138  data: 0.1696  max mem: 11381
Test:  [348/391]  eta: 0:00:23  sploss: 6.7177 (6.6795)  famloss: 2.8774 (2.8732)  manuloss: 1.8143 (1.8249)  acc1: 8.5938 (9.3728)  acc5: 18.3594 (20.0998)  family_acc1: 41.7969 (43.9011)  manu_acc1: 61.7188 (61.1804)  time: 0.5751  data: 0.3334  max mem: 11381
Test:  [349/391]  eta: 0:00:23  sploss: 6.7177 (6.6788)  famloss: 2.8774 (2.8721)  manuloss: 1.8040 (1.8240)  acc1: 8.5938 (9.3795)  acc5: 18.3594 (20.1116)  family_acc1: 41.7969 (43.9219)  manu_acc1: 61.7188 (61.2042)  time: 0.5762  data: 0.3334  max mem: 11381
Test:  [350/391]  eta: 0:00:22  sploss: 6.7177 (6.6777)  famloss: 2.8774 (2.8717)  manuloss: 1.7502 (1.8232)  acc1: 8.5938 (9.3806)  acc5: 18.3594 (20.1155)  family_acc1: 41.7969 (43.9292)  manu_acc1: 61.7188 (61.2191)  time: 0.5767  data: 0.3334  max mem: 11381
Test:  [351/391]  eta: 0:00:22  sploss: 6.7034 (6.6771)  famloss: 2.8669 (2.8717)  manuloss: 1.6661 (1.8226)  acc1: 8.9844 (9.3794)  acc5: 18.7500 (20.1161)  family_acc1: 43.3594 (43.9298)  manu_acc1: 62.1094 (61.2371)  time: 0.5759  data: 0.3334  max mem: 11381
Test:  [352/391]  eta: 0:00:21  sploss: 6.7034 (6.6769)  famloss: 2.8669 (2.8714)  manuloss: 1.6570 (1.8221)  acc1: 8.9844 (9.3717)  acc5: 19.1406 (20.1144)  family_acc1: 43.3594 (43.9326)  manu_acc1: 63.6719 (61.2440)  time: 0.5751  data: 0.3335  max mem: 11381
Test:  [353/391]  eta: 0:00:21  sploss: 6.7034 (6.6772)  famloss: 2.8625 (2.8708)  manuloss: 1.6300 (1.8212)  acc1: 8.5938 (9.3673)  acc5: 19.5312 (20.1150)  family_acc1: 43.7500 (43.9420)  manu_acc1: 65.2344 (61.2597)  time: 0.5744  data: 0.3335  max mem: 11381
Test:  [354/391]  eta: 0:00:20  sploss: 6.6708 (6.6772)  famloss: 2.8625 (2.8711)  manuloss: 1.6183 (1.8205)  acc1: 8.5938 (9.3618)  acc5: 19.5312 (20.1078)  family_acc1: 43.7500 (43.9371)  manu_acc1: 65.6250 (61.2786)  time: 0.5737  data: 0.3335  max mem: 11381
Test:  [355/391]  eta: 0:00:19  sploss: 6.6617 (6.6771)  famloss: 2.7642 (2.8705)  manuloss: 1.6020 (1.8196)  acc1: 8.5938 (9.3607)  acc5: 19.5312 (20.1062)  family_acc1: 44.1406 (43.9442)  manu_acc1: 65.6250 (61.3062)  time: 0.5775  data: 0.3335  max mem: 11381
Test:  [356/391]  eta: 0:00:19  sploss: 6.6617 (6.6766)  famloss: 2.7590 (2.8698)  manuloss: 1.5980 (1.8186)  acc1: 8.5938 (9.3662)  acc5: 19.5312 (20.1134)  family_acc1: 44.5312 (43.9601)  manu_acc1: 66.4062 (61.3336)  time: 0.4078  data: 0.1644  max mem: 11381
Test:  [357/391]  eta: 0:00:18  sploss: 6.6357 (6.6759)  famloss: 2.7267 (2.8690)  manuloss: 1.5818 (1.8177)  acc1: 8.5938 (9.3619)  acc5: 20.3125 (20.1237)  family_acc1: 44.9219 (43.9748)  manu_acc1: 66.4062 (61.3521)  time: 0.4050  data: 0.1644  max mem: 11381
Test:  [358/391]  eta: 0:00:18  sploss: 6.6357 (6.6761)  famloss: 2.7243 (2.8684)  manuloss: 1.5672 (1.8170)  acc1: 8.5938 (9.3619)  acc5: 19.5312 (20.1188)  family_acc1: 46.4844 (43.9948)  manu_acc1: 66.7969 (61.3673)  time: 0.4021  data: 0.1644  max mem: 11381
Test:  [359/391]  eta: 0:00:17  sploss: 6.6275 (6.6752)  famloss: 2.7172 (2.8673)  manuloss: 1.5556 (1.8158)  acc1: 8.5938 (9.3707)  acc5: 19.5312 (20.1356)  family_acc1: 46.4844 (44.0126)  manu_acc1: 66.7969 (61.3943)  time: 0.4034  data: 0.1644  max mem: 11381
Test:  [360/391]  eta: 0:00:17  sploss: 6.6275 (6.6759)  famloss: 2.7172 (2.8671)  manuloss: 1.5547 (1.8150)  acc1: 8.9844 (9.3696)  acc5: 19.5312 (20.1275)  family_acc1: 47.2656 (44.0216)  manu_acc1: 67.1875 (61.4104)  time: 0.5657  data: 0.3238  max mem: 11381
Test:  [361/391]  eta: 0:00:16  sploss: 6.6265 (6.6749)  famloss: 2.6865 (2.8657)  manuloss: 1.5328 (1.8141)  acc1: 8.9844 (9.3707)  acc5: 20.3125 (20.1398)  family_acc1: 47.2656 (44.0511)  manu_acc1: 67.5781 (61.4317)  time: 0.5655  data: 0.3238  max mem: 11381
Test:  [362/391]  eta: 0:00:16  sploss: 6.5180 (6.6735)  famloss: 2.6707 (2.8648)  manuloss: 1.5110 (1.8132)  acc1: 8.9844 (9.3782)  acc5: 20.3125 (20.1489)  family_acc1: 47.2656 (44.0653)  manu_acc1: 67.5781 (61.4540)  time: 0.5655  data: 0.3238  max mem: 11381
Test:  [363/391]  eta: 0:00:15  sploss: 6.5180 (6.6737)  famloss: 2.6707 (2.8648)  manuloss: 1.5110 (1.8128)  acc1: 8.9844 (9.3793)  acc5: 20.3125 (20.1440)  family_acc1: 47.2656 (44.0666)  manu_acc1: 67.5781 (61.4676)  time: 0.5642  data: 0.3238  max mem: 11381
Test:  [364/391]  eta: 0:00:14  sploss: 6.5180 (6.6738)  famloss: 2.6707 (2.8645)  manuloss: 1.5110 (1.8122)  acc1: 8.9844 (9.3793)  acc5: 20.3125 (20.1466)  family_acc1: 47.2656 (44.0732)  manu_acc1: 67.5781 (61.4822)  time: 0.5637  data: 0.3237  max mem: 11381
Test:  [365/391]  eta: 0:00:14  sploss: 6.5180 (6.6734)  famloss: 2.6692 (2.8632)  manuloss: 1.5032 (1.8113)  acc1: 8.9844 (9.3825)  acc5: 20.3125 (20.1599)  family_acc1: 47.2656 (44.1001)  manu_acc1: 67.9688 (61.5074)  time: 0.5626  data: 0.3237  max mem: 11381
Test:  [366/391]  eta: 0:00:13  sploss: 6.5404 (6.6738)  famloss: 2.6707 (2.8627)  manuloss: 1.5110 (1.8105)  acc1: 9.3750 (9.3888)  acc5: 21.0938 (20.1656)  family_acc1: 47.2656 (44.1183)  manu_acc1: 67.9688 (61.5335)  time: 0.5656  data: 0.3237  max mem: 11381
Test:  [367/391]  eta: 0:00:13  sploss: 6.5404 (6.6734)  famloss: 2.6692 (2.8618)  manuloss: 1.5110 (1.8094)  acc1: 9.3750 (9.3888)  acc5: 21.4844 (20.1692)  family_acc1: 47.2656 (44.1374)  manu_acc1: 67.9688 (61.5595)  time: 0.5672  data: 0.3237  max mem: 11381
Test:  [368/391]  eta: 0:00:12  sploss: 6.5495 (6.6731)  famloss: 2.6692 (2.8615)  manuloss: 1.5110 (1.8087)  acc1: 9.3750 (9.3909)  acc5: 21.4844 (20.1749)  family_acc1: 47.2656 (44.1459)  manu_acc1: 67.9688 (61.5822)  time: 0.4019  data: 0.1599  max mem: 11381
Test:  [369/391]  eta: 0:00:12  sploss: 6.5495 (6.6726)  famloss: 2.6692 (2.8604)  manuloss: 1.5110 (1.8074)  acc1: 9.3750 (9.3856)  acc5: 21.4844 (20.1784)  family_acc1: 47.2656 (44.1628)  manu_acc1: 67.9688 (61.6068)  time: 0.4001  data: 0.1599  max mem: 11381
Test:  [370/391]  eta: 0:00:11  sploss: 6.5517 (6.6726)  famloss: 2.6692 (2.8604)  manuloss: 1.5110 (1.8072)  acc1: 9.3750 (9.3866)  acc5: 21.0938 (20.1788)  family_acc1: 47.2656 (44.1680)  manu_acc1: 67.9688 (61.6187)  time: 0.3977  data: 0.1599  max mem: 11381
Test:  [371/391]  eta: 0:00:10  sploss: 6.5517 (6.6721)  famloss: 2.6692 (2.8602)  manuloss: 1.5110 (1.8068)  acc1: 9.3750 (9.3929)  acc5: 21.4844 (20.1823)  family_acc1: 47.6562 (44.1774)  manu_acc1: 67.9688 (61.6295)  time: 0.3957  data: 0.1599  max mem: 11381
Test:  [372/391]  eta: 0:00:10  sploss: 6.5517 (6.6723)  famloss: 2.6692 (2.8602)  manuloss: 1.5110 (1.8062)  acc1: 9.3750 (9.3823)  acc5: 21.4844 (20.1722)  family_acc1: 47.6562 (44.1720)  manu_acc1: 67.9688 (61.6465)  time: 0.5289  data: 0.2959  max mem: 11381
Test:  [373/391]  eta: 0:00:09  sploss: 6.5517 (6.6722)  famloss: 2.6673 (2.8595)  manuloss: 1.5110 (1.8053)  acc1: 9.3750 (9.3802)  acc5: 21.4844 (20.1694)  family_acc1: 48.4375 (44.1834)  manu_acc1: 69.1406 (61.6697)  time: 0.5289  data: 0.2959  max mem: 11381
Test:  [374/391]  eta: 0:00:09  sploss: 6.5517 (6.6720)  famloss: 2.6253 (2.8586)  manuloss: 1.5032 (1.8043)  acc1: 9.3750 (9.3792)  acc5: 21.4844 (20.1698)  family_acc1: 49.2188 (44.1969)  manu_acc1: 69.5312 (61.6958)  time: 0.5288  data: 0.2959  max mem: 11381
Test:  [375/391]  eta: 0:00:08  sploss: 6.5495 (6.6707)  famloss: 2.6253 (2.8583)  manuloss: 1.5110 (1.8035)  acc1: 9.7656 (9.3854)  acc5: 21.4844 (20.1858)  family_acc1: 49.2188 (44.1988)  manu_acc1: 69.1406 (61.7063)  time: 0.5248  data: 0.2959  max mem: 11381
Test:  [376/391]  eta: 0:00:08  sploss: 6.5495 (6.6702)  famloss: 2.6099 (2.8575)  manuloss: 1.5110 (1.8022)  acc1: 9.3750 (9.3802)  acc5: 21.4844 (20.1913)  family_acc1: 49.2188 (44.2132)  manu_acc1: 69.1406 (61.7322)  time: 0.5219  data: 0.2958  max mem: 11381
Test:  [377/391]  eta: 0:00:07  sploss: 6.5517 (6.6703)  famloss: 2.6692 (2.8571)  manuloss: 1.5032 (1.8013)  acc1: 9.3750 (9.3791)  acc5: 21.4844 (20.1916)  family_acc1: 49.2188 (44.2295)  manu_acc1: 69.1406 (61.7518)  time: 0.5217  data: 0.2958  max mem: 11381
Test:  [378/391]  eta: 0:00:07  sploss: 6.5495 (6.6691)  famloss: 2.6839 (2.8567)  manuloss: 1.5032 (1.8006)  acc1: 9.7656 (9.3812)  acc5: 21.4844 (20.1971)  family_acc1: 48.4375 (44.2354)  manu_acc1: 69.1406 (61.7693)  time: 0.5218  data: 0.2958  max mem: 11381
Test:  [379/391]  eta: 0:00:06  sploss: 6.5517 (6.6690)  famloss: 2.7058 (2.8567)  manuloss: 1.5207 (1.8000)  acc1: 9.7656 (9.3853)  acc5: 21.4844 (20.1984)  family_acc1: 47.6562 (44.2342)  manu_acc1: 69.1406 (61.7815)  time: 0.5199  data: 0.2958  max mem: 11381
Test:  [380/391]  eta: 0:00:06  sploss: 6.5495 (6.6685)  famloss: 2.6839 (2.8561)  manuloss: 1.5032 (1.7990)  acc1: 9.7656 (9.3914)  acc5: 21.4844 (20.2018)  family_acc1: 48.4375 (44.2483)  manu_acc1: 69.1406 (61.8090)  time: 0.3570  data: 0.1364  max mem: 11381
Test:  [381/391]  eta: 0:00:05  sploss: 6.5495 (6.6680)  famloss: 2.7058 (2.8558)  manuloss: 1.5207 (1.7986)  acc1: 9.7656 (9.3914)  acc5: 21.4844 (20.2051)  family_acc1: 48.4375 (44.2592)  manu_acc1: 69.1406 (61.8179)  time: 0.3534  data: 0.1364  max mem: 11381
Test:  [382/391]  eta: 0:00:04  sploss: 6.5517 (6.6682)  famloss: 2.7058 (2.8554)  manuloss: 1.5207 (1.7977)  acc1: 9.7656 (9.3923)  acc5: 21.4844 (20.2044)  family_acc1: 48.4375 (44.2712)  manu_acc1: 69.1406 (61.8442)  time: 0.3499  data: 0.1364  max mem: 11381
Test:  [383/391]  eta: 0:00:04  sploss: 6.5495 (6.6678)  famloss: 2.6839 (2.8548)  manuloss: 1.5207 (1.7972)  acc1: 9.3750 (9.3892)  acc5: 21.4844 (20.2067)  family_acc1: 48.4375 (44.2810)  manu_acc1: 69.1406 (61.8540)  time: 0.3473  data: 0.1364  max mem: 11381
Test:  [384/391]  eta: 0:00:03  sploss: 6.5495 (6.6680)  famloss: 2.6800 (2.8541)  manuloss: 1.4653 (1.7959)  acc1: 9.7656 (9.3922)  acc5: 21.4844 (20.2090)  family_acc1: 48.4375 (44.3019)  manu_acc1: 69.9219 (61.8841)  time: 0.4502  data: 0.2413  max mem: 11381
Test:  [385/391]  eta: 0:00:03  sploss: 6.5495 (6.6673)  famloss: 2.6800 (2.8533)  manuloss: 1.4593 (1.7946)  acc1: 9.7656 (9.4003)  acc5: 21.4844 (20.2234)  family_acc1: 48.4375 (44.3187)  manu_acc1: 69.9219 (61.9242)  time: 0.4472  data: 0.2413  max mem: 11381
Test:  [386/391]  eta: 0:00:02  sploss: 6.5495 (6.6671)  famloss: 2.6800 (2.8532)  manuloss: 1.4556 (1.7935)  acc1: 9.3750 (9.3972)  acc5: 21.0938 (20.2227)  family_acc1: 48.4375 (44.3203)  manu_acc1: 69.9219 (61.9570)  time: 0.4438  data: 0.2412  max mem: 11381
Test:  [387/391]  eta: 0:00:02  sploss: 6.5517 (6.6669)  famloss: 2.7058 (2.8531)  manuloss: 1.4593 (1.7931)  acc1: 9.3750 (9.3941)  acc5: 21.0938 (20.2219)  family_acc1: 48.0469 (44.3208)  manu_acc1: 69.1406 (61.9674)  time: 0.4402  data: 0.2412  max mem: 11381
Test:  [388/391]  eta: 0:00:01  sploss: 6.5735 (6.6668)  famloss: 2.6800 (2.8525)  manuloss: 1.4593 (1.7925)  acc1: 8.9844 (9.3931)  acc5: 20.7031 (20.2231)  family_acc1: 48.4375 (44.3395)  manu_acc1: 69.1406 (61.9869)  time: 0.4374  data: 0.2412  max mem: 11381
Test:  [389/391]  eta: 0:00:01  sploss: 6.5735 (6.6664)  famloss: 2.7058 (2.8524)  manuloss: 1.5207 (1.7921)  acc1: 8.9844 (9.3920)  acc5: 20.7031 (20.2214)  family_acc1: 48.0469 (44.3369)  manu_acc1: 68.3594 (62.0022)  time: 0.4365  data: 0.2412  max mem: 11381
Test:  [390/391]  eta: 0:00:00  sploss: 6.5735 (6.6667)  famloss: 2.6800 (2.8516)  manuloss: 1.4593 (1.7912)  acc1: 8.9844 (9.3940)  acc5: 20.7031 (20.2200)  family_acc1: 48.4375 (44.3440)  manu_acc1: 69.1406 (62.0170)  time: 0.4324  data: 0.2412  max mem: 11381
Test: Total time: 0:03:32 (0.5437 s / it)
* Acc@1 9.394 Acc@5 20.220 family@1 44.344 manu@1 62.017 sploss 6.667 fmloss 2.852 mfloss 1.791
FPA: 6.320% | TICE: 69.958% 
LCA: 219.910%
Precision and Recall: 225.651%
wAP: 14.046
