Namespace(batch_size=256, epochs=100, bce_loss=False, unscale_lr=False, few_shot=2, model='cast_small', input_size=224, drop=0.0, drop_path=0.1, model_ema=True, model_ema_decay=0.99996, model_ema_force_cpu=False, num_superpixels=196, opt='adamw', opt_eps=1e-08, opt_betas=None, clip_grad=None, momentum=0.9, weight_decay=0.05, sched='cosine', lr=0.0005, lr_noise=None, lr_noise_pct=0.67, lr_noise_std=1.0, warmup_lr=1e-06, min_lr=1e-05, decay_epochs=30, warmup_epochs=5, cooldown_epochs=10, patience_epochs=10, decay_rate=0.1, color_jitter=0.3, aa='rand-m9-mstd0.5-inc1', smoothing=0.1, train_interpolation='bicubic', repeated_aug=True, train_mode=True, ThreeAugment=False, src=False, reprob=0.25, remode='pixel', recount=1, resplit=False, mixup=0.8, cutmix=1.0, cutmix_minmax=None, mixup_prob=1.0, mixup_switch_prob=0.5, mixup_mode='batch', teacher_model='regnety_160', teacher_path='', distillation_type='none', distillation_alpha=0.5, distillation_tau=1.0, cosub=False, finetune='best_checkpoint.pth', attn_only=False, data_path='../dataset/', data_set='INAT21-MINI-HIER-SUPERPIXEL', path_yn=False, inat_category='name', output_dir='./output/few_shot/two/10ot', device='cuda', seed=0, resume='', start_epoch=0, eval=False, eval_crop_ratio=0.875, dist_eval=False, num_workers=12, pin_mem=True, distributed=True, world_size=1, dist_url='env://', globalkl=False, ot_loss=True, learnable_ot=False, ot_weight=10.0, base_weight=1, globalbce=False, gk_weight=1, filename='results.csv', breeds_sort='entity13', random_seed=1, local_rank=-1, tree_path='./data/inat21_3tree.json', label_weight=[1, 2, 3])
| distributed init (rank 0): env://
seed 0
args.nb_classes [10000, 1103, 273]
Creating model: cast_small
dict_keys(['model', 'optimizer', 'lr_scheduler', 'epoch', 'model_ema', 'scaler', 'args'])
Removing key head.weight from pretrained checkpoint
Removing key head.bias from pretrained checkpoint
number of params: 30556704
Start training for 100 epochs
Do not use KL loss
Epoch: [0]  [ 0/78]  eta: 0:19:21  lr: 0.000001  sp_loss: 9.2809 (9.2809)  fam_loss: 7.1252 (7.1252)  manu_loss: 5.6107 (5.6107)  ot_loss: 4.7852 (4.7852)  base_loss: 22.0168 (22.0168)  time: 14.8961  data: 7.6553  max mem: 10970
Epoch: [0]  [77/78]  eta: 0:00:00  lr: 0.000001  sp_loss: 9.2793 (9.2723)  fam_loss: 7.0671 (7.0785)  manu_loss: 5.5927 (5.6085)  ot_loss: 4.8398 (4.8451)  base_loss: 21.9516 (21.9593)  time: 0.3973  data: 0.1631  max mem: 11375
Epoch: [0] Total time: 0:00:40 (0.5233 s / it)
Averaged stats: lr: 0.000001  sp_loss: 9.2793 (9.2723)  fam_loss: 7.0671 (7.0785)  manu_loss: 5.5927 (5.6085)  ot_loss: 4.8398 (4.8451)  base_loss: 21.9516 (21.9593)
Do not use KL loss
Epoch: [1]  [ 0/78]  eta: 0:08:00  lr: 0.000001  sp_loss: 9.2470 (9.2470)  fam_loss: 7.0922 (7.0922)  manu_loss: 5.5884 (5.5884)  ot_loss: 4.8086 (4.8086)  base_loss: 21.9277 (21.9277)  time: 6.1610  data: 5.8767  max mem: 11375
Epoch: [1]  [77/78]  eta: 0:00:00  lr: 0.000001  sp_loss: 9.2731 (9.2710)  fam_loss: 7.0436 (7.0597)  manu_loss: 5.5162 (5.5364)  ot_loss: 4.8320 (4.8493)  base_loss: 21.8514 (21.8671)  time: 0.3939  data: 0.1635  max mem: 11377
Epoch: [1] Total time: 0:00:36 (0.4625 s / it)
Averaged stats: lr: 0.000001  sp_loss: 9.2731 (9.2710)  fam_loss: 7.0436 (7.0597)  manu_loss: 5.5162 (5.5364)  ot_loss: 4.8320 (4.8493)  base_loss: 21.8514 (21.8671)
Do not use KL loss
Epoch: [2]  [ 0/78]  eta: 0:07:55  lr: 0.000051  sp_loss: 9.3063 (9.3063)  fam_loss: 6.8988 (6.8988)  manu_loss: 5.4630 (5.4630)  ot_loss: 4.8750 (4.8750)  base_loss: 21.6682 (21.6682)  time: 6.0929  data: 5.8006  max mem: 11377
Epoch: [2]  [77/78]  eta: 0:00:00  lr: 0.000051  sp_loss: 11.5531 (10.5123)  fam_loss: 6.2041 (6.6395)  manu_loss: 4.2585 (4.6304)  ot_loss: 3.4473 (4.0361)  base_loss: 21.9356 (21.7822)  time: 0.4181  data: 0.1858  max mem: 11377
Epoch: [2] Total time: 0:00:35 (0.4564 s / it)
Averaged stats: lr: 0.000051  sp_loss: 11.5531 (10.5123)  fam_loss: 6.2041 (6.6395)  manu_loss: 4.2585 (4.6304)  ot_loss: 3.4473 (4.0361)  base_loss: 21.9356 (21.7822)
Do not use KL loss
Epoch: [3]  [ 0/78]  eta: 0:07:45  lr: 0.000101  sp_loss: 11.7034 (11.7034)  fam_loss: 6.4075 (6.4075)  manu_loss: 4.3669 (4.3669)  ot_loss: 3.3477 (3.3477)  base_loss: 22.4778 (22.4778)  time: 5.9678  data: 5.6718  max mem: 11377
Epoch: [3]  [77/78]  eta: 0:00:00  lr: 0.000101  sp_loss: 11.8638 (11.7727)  fam_loss: 5.7809 (5.8834)  manu_loss: 3.7733 (3.9758)  ot_loss: 2.8164 (2.9391)  base_loss: 21.4886 (21.6319)  time: 0.4088  data: 0.1784  max mem: 11377
Epoch: [3] Total time: 0:00:35 (0.4507 s / it)
Averaged stats: lr: 0.000101  sp_loss: 11.8638 (11.7727)  fam_loss: 5.7809 (5.8834)  manu_loss: 3.7733 (3.9758)  ot_loss: 2.8164 (2.9391)  base_loss: 21.4886 (21.6319)
Do not use KL loss
Epoch: [4]  [ 0/78]  eta: 0:07:42  lr: 0.000150  sp_loss: 11.5622 (11.5622)  fam_loss: 5.9883 (5.9883)  manu_loss: 4.0622 (4.0622)  ot_loss: 2.7324 (2.7324)  base_loss: 21.6127 (21.6127)  time: 5.9269  data: 5.6455  max mem: 11377
Epoch: [4]  [77/78]  eta: 0:00:00  lr: 0.000150  sp_loss: 11.7688 (11.7825)  fam_loss: 5.5857 (5.6578)  manu_loss: 3.6563 (3.7416)  ot_loss: 2.7324 (2.7604)  base_loss: 20.8404 (21.1820)  time: 0.4194  data: 0.1898  max mem: 11378
Epoch: [4] Total time: 0:00:35 (0.4582 s / it)
Averaged stats: lr: 0.000150  sp_loss: 11.7688 (11.7825)  fam_loss: 5.5857 (5.6578)  manu_loss: 3.6563 (3.7416)  ot_loss: 2.7324 (2.7604)  base_loss: 20.8404 (21.1820)
Do not use KL loss
Epoch: [5]  [ 0/78]  eta: 0:08:02  lr: 0.000200  sp_loss: 11.9984 (11.9984)  fam_loss: 5.7074 (5.7074)  manu_loss: 3.9192 (3.9192)  ot_loss: 2.6797 (2.6797)  base_loss: 21.6250 (21.6250)  time: 6.1890  data: 5.9058  max mem: 11378
Epoch: [5]  [77/78]  eta: 0:00:00  lr: 0.000200  sp_loss: 11.8065 (11.7385)  fam_loss: 5.2742 (5.4537)  manu_loss: 3.4623 (3.6158)  ot_loss: 2.7266 (2.7482)  base_loss: 20.4435 (20.8079)  time: 0.4142  data: 0.1808  max mem: 11378
Epoch: [5] Total time: 0:00:35 (0.4544 s / it)
Averaged stats: lr: 0.000200  sp_loss: 11.8065 (11.7385)  fam_loss: 5.2742 (5.4537)  manu_loss: 3.4623 (3.6158)  ot_loss: 2.7266 (2.7482)  base_loss: 20.4435 (20.8079)
Do not use KL loss
Epoch: [6]  [ 0/78]  eta: 0:07:23  lr: 0.000249  sp_loss: 11.5491 (11.5491)  fam_loss: 4.8618 (4.8618)  manu_loss: 2.9170 (2.9170)  ot_loss: 2.7383 (2.7383)  base_loss: 19.3279 (19.3279)  time: 5.6847  data: 5.4083  max mem: 11378
Epoch: [6]  [77/78]  eta: 0:00:00  lr: 0.000249  sp_loss: 11.7504 (11.7021)  fam_loss: 5.1977 (5.2583)  manu_loss: 3.4857 (3.5297)  ot_loss: 2.7266 (2.7265)  base_loss: 20.6301 (20.4901)  time: 0.4181  data: 0.1899  max mem: 11378
Epoch: [6] Total time: 0:00:35 (0.4567 s / it)
Averaged stats: lr: 0.000249  sp_loss: 11.7504 (11.7021)  fam_loss: 5.1977 (5.2583)  manu_loss: 3.4857 (3.5297)  ot_loss: 2.7266 (2.7265)  base_loss: 20.6301 (20.4901)
Do not use KL loss
Epoch: [7]  [ 0/78]  eta: 0:07:25  lr: 0.000248  sp_loss: 11.6220 (11.6220)  fam_loss: 5.7077 (5.7077)  manu_loss: 3.8979 (3.8979)  ot_loss: 2.7168 (2.7168)  base_loss: 21.2276 (21.2276)  time: 5.7077  data: 5.4188  max mem: 11378
Epoch: [7]  [77/78]  eta: 0:00:00  lr: 0.000248  sp_loss: 11.6738 (11.6449)  fam_loss: 5.1440 (5.1960)  manu_loss: 3.5397 (3.5475)  ot_loss: 2.7129 (2.7140)  base_loss: 20.4150 (20.3885)  time: 0.3978  data: 0.1639  max mem: 11378
Epoch: [7] Total time: 0:00:35 (0.4505 s / it)
Averaged stats: lr: 0.000248  sp_loss: 11.6738 (11.6449)  fam_loss: 5.1440 (5.1960)  manu_loss: 3.5397 (3.5475)  ot_loss: 2.7129 (2.7140)  base_loss: 20.4150 (20.3885)
Do not use KL loss
Epoch: [8]  [ 0/78]  eta: 0:07:57  lr: 0.000247  sp_loss: 11.5396 (11.5396)  fam_loss: 5.0474 (5.0474)  manu_loss: 3.6711 (3.6711)  ot_loss: 2.7266 (2.7266)  base_loss: 20.2581 (20.2581)  time: 6.1233  data: 5.8351  max mem: 11378
Epoch: [8]  [77/78]  eta: 0:00:00  lr: 0.000247  sp_loss: 11.5816 (11.5500)  fam_loss: 4.7973 (5.0004)  manu_loss: 3.3198 (3.4322)  ot_loss: 2.7109 (2.7066)  base_loss: 19.6243 (19.9826)  time: 0.3894  data: 0.1598  max mem: 11378
Epoch: [8] Total time: 0:00:35 (0.4533 s / it)
Averaged stats: lr: 0.000247  sp_loss: 11.5816 (11.5500)  fam_loss: 4.7973 (5.0004)  manu_loss: 3.3198 (3.4322)  ot_loss: 2.7109 (2.7066)  base_loss: 19.6243 (19.9826)
Do not use KL loss
Epoch: [9]  [ 0/78]  eta: 0:07:51  lr: 0.000246  sp_loss: 11.5118 (11.5118)  fam_loss: 5.0545 (5.0545)  manu_loss: 3.5932 (3.5932)  ot_loss: 2.7754 (2.7754)  base_loss: 20.1595 (20.1595)  time: 6.0386  data: 5.7454  max mem: 11378
Epoch: [9]  [77/78]  eta: 0:00:00  lr: 0.000246  sp_loss: 11.5619 (11.4822)  fam_loss: 5.1383 (4.9765)  manu_loss: 3.5587 (3.4141)  ot_loss: 2.7109 (2.6933)  base_loss: 20.3371 (19.8728)  time: 0.4065  data: 0.1769  max mem: 11378
Epoch: [9] Total time: 0:00:35 (0.4569 s / it)
Averaged stats: lr: 0.000246  sp_loss: 11.5619 (11.4822)  fam_loss: 5.1383 (4.9765)  manu_loss: 3.5587 (3.4141)  ot_loss: 2.7109 (2.6933)  base_loss: 20.3371 (19.8728)
Do not use KL loss
Epoch: [10]  [ 0/78]  eta: 0:07:28  lr: 0.000245  sp_loss: 11.4592 (11.4592)  fam_loss: 5.0026 (5.0026)  manu_loss: 3.4835 (3.4835)  ot_loss: 2.6641 (2.6641)  base_loss: 19.9453 (19.9453)  time: 5.7440  data: 5.4438  max mem: 11378
Epoch: [10]  [77/78]  eta: 0:00:00  lr: 0.000245  sp_loss: 11.4394 (11.3910)  fam_loss: 4.8903 (4.8204)  manu_loss: 3.2874 (3.3010)  ot_loss: 2.6777 (2.6884)  base_loss: 19.3991 (19.5125)  time: 0.3984  data: 0.1682  max mem: 11378
Epoch: [10] Total time: 0:00:35 (0.4521 s / it)
Averaged stats: lr: 0.000245  sp_loss: 11.4394 (11.3910)  fam_loss: 4.8903 (4.8204)  manu_loss: 3.2874 (3.3010)  ot_loss: 2.6777 (2.6884)  base_loss: 19.3991 (19.5125)
Do not use KL loss
Epoch: [11]  [ 0/78]  eta: 0:08:01  lr: 0.000244  sp_loss: 11.3513 (11.3513)  fam_loss: 4.9381 (4.9381)  manu_loss: 3.5610 (3.5610)  ot_loss: 2.6543 (2.6543)  base_loss: 19.8504 (19.8504)  time: 6.1749  data: 5.8908  max mem: 11378
Epoch: [11]  [77/78]  eta: 0:00:00  lr: 0.000244  sp_loss: 11.3343 (11.3266)  fam_loss: 4.9046 (4.7775)  manu_loss: 3.4237 (3.3058)  ot_loss: 2.6719 (2.6775)  base_loss: 19.6590 (19.4099)  time: 0.3850  data: 0.1540  max mem: 11378
Epoch: [11] Total time: 0:00:34 (0.4481 s / it)
Averaged stats: lr: 0.000244  sp_loss: 11.3343 (11.3266)  fam_loss: 4.9046 (4.7775)  manu_loss: 3.4237 (3.3058)  ot_loss: 2.6719 (2.6775)  base_loss: 19.6590 (19.4099)
Do not use KL loss
Epoch: [12]  [ 0/78]  eta: 0:07:49  lr: 0.000243  sp_loss: 11.3381 (11.3381)  fam_loss: 5.1336 (5.1336)  manu_loss: 3.5723 (3.5723)  ot_loss: 2.7324 (2.7324)  base_loss: 20.0440 (20.0440)  time: 6.0143  data: 5.7253  max mem: 11378
Epoch: [12]  [77/78]  eta: 0:00:00  lr: 0.000243  sp_loss: 11.3245 (11.2440)  fam_loss: 4.7687 (4.7110)  manu_loss: 3.3872 (3.2882)  ot_loss: 2.6504 (2.6651)  base_loss: 19.5202 (19.2432)  time: 0.3893  data: 0.1591  max mem: 11378
Epoch: [12] Total time: 0:00:34 (0.4485 s / it)
Averaged stats: lr: 0.000243  sp_loss: 11.3245 (11.2440)  fam_loss: 4.7687 (4.7110)  manu_loss: 3.3872 (3.2882)  ot_loss: 2.6504 (2.6651)  base_loss: 19.5202 (19.2432)
Do not use KL loss
Epoch: [13]  [ 0/78]  eta: 0:08:08  lr: 0.000242  sp_loss: 11.1829 (11.1829)  fam_loss: 4.8066 (4.8066)  manu_loss: 3.3864 (3.3864)  ot_loss: 2.6973 (2.6973)  base_loss: 19.3759 (19.3759)  time: 6.2636  data: 5.9694  max mem: 11378
Epoch: [13]  [77/78]  eta: 0:00:00  lr: 0.000242  sp_loss: 11.2135 (11.1407)  fam_loss: 4.6657 (4.6391)  manu_loss: 3.2447 (3.2461)  ot_loss: 2.6367 (2.6622)  base_loss: 19.1424 (19.0259)  time: 0.3880  data: 0.1579  max mem: 11378
Epoch: [13] Total time: 0:00:35 (0.4492 s / it)
Averaged stats: lr: 0.000242  sp_loss: 11.2135 (11.1407)  fam_loss: 4.6657 (4.6391)  manu_loss: 3.2447 (3.2461)  ot_loss: 2.6367 (2.6622)  base_loss: 19.1424 (19.0259)
Do not use KL loss
Epoch: [14]  [ 0/78]  eta: 0:07:54  lr: 0.000240  sp_loss: 11.1092 (11.1092)  fam_loss: 4.6073 (4.6073)  manu_loss: 3.2710 (3.2710)  ot_loss: 2.6953 (2.6953)  base_loss: 18.9875 (18.9875)  time: 6.0788  data: 5.7997  max mem: 11378
Epoch: [14]  [77/78]  eta: 0:00:00  lr: 0.000240  sp_loss: 11.1275 (11.0609)  fam_loss: 4.7566 (4.6388)  manu_loss: 3.3528 (3.2531)  ot_loss: 2.6504 (2.6558)  base_loss: 19.0906 (18.9528)  time: 0.3829  data: 0.1574  max mem: 11378
Epoch: [14] Total time: 0:00:34 (0.4374 s / it)
Averaged stats: lr: 0.000240  sp_loss: 11.1275 (11.0609)  fam_loss: 4.7566 (4.6388)  manu_loss: 3.3528 (3.2531)  ot_loss: 2.6504 (2.6558)  base_loss: 19.0906 (18.9528)
Do not use KL loss
Epoch: [15]  [ 0/78]  eta: 0:08:00  lr: 0.000239  sp_loss: 10.8143 (10.8143)  fam_loss: 4.6593 (4.6593)  manu_loss: 3.2808 (3.2808)  ot_loss: 2.5957 (2.5957)  base_loss: 18.7544 (18.7544)  time: 6.1539  data: 5.8655  max mem: 11378
Epoch: [15]  [77/78]  eta: 0:00:00  lr: 0.000239  sp_loss: 11.0197 (10.9863)  fam_loss: 4.6518 (4.6294)  manu_loss: 3.3050 (3.2550)  ot_loss: 2.6367 (2.6528)  base_loss: 18.9612 (18.8707)  time: 0.3986  data: 0.1696  max mem: 11378
Epoch: [15] Total time: 0:00:36 (0.4621 s / it)
Averaged stats: lr: 0.000239  sp_loss: 11.0197 (10.9863)  fam_loss: 4.6518 (4.6294)  manu_loss: 3.3050 (3.2550)  ot_loss: 2.6367 (2.6528)  base_loss: 18.9612 (18.8707)
Do not use KL loss
Epoch: [16]  [ 0/78]  eta: 0:07:22  lr: 0.000237  sp_loss: 10.2292 (10.2292)  fam_loss: 3.7542 (3.7542)  manu_loss: 2.5558 (2.5558)  ot_loss: 2.6426 (2.6426)  base_loss: 16.5392 (16.5392)  time: 5.6687  data: 5.3736  max mem: 11378
Epoch: [16]  [77/78]  eta: 0:00:00  lr: 0.000237  sp_loss: 10.6968 (10.8441)  fam_loss: 4.3276 (4.5604)  manu_loss: 3.0503 (3.2237)  ot_loss: 2.6250 (2.6482)  base_loss: 18.0383 (18.6282)  time: 0.3984  data: 0.1687  max mem: 11378
Epoch: [16] Total time: 0:00:35 (0.4504 s / it)
Averaged stats: lr: 0.000237  sp_loss: 10.6968 (10.8441)  fam_loss: 4.3276 (4.5604)  manu_loss: 3.0503 (3.2237)  ot_loss: 2.6250 (2.6482)  base_loss: 18.0383 (18.6282)
Do not use KL loss
Epoch: [17]  [ 0/78]  eta: 0:08:19  lr: 0.000235  sp_loss: 10.3096 (10.3096)  fam_loss: 4.2031 (4.2031)  manu_loss: 2.8744 (2.8744)  ot_loss: 2.5977 (2.5977)  base_loss: 17.3870 (17.3870)  time: 6.4046  data: 6.1314  max mem: 11378
Epoch: [17]  [77/78]  eta: 0:00:00  lr: 0.000235  sp_loss: 10.8077 (10.8070)  fam_loss: 4.5762 (4.5892)  manu_loss: 3.2881 (3.2278)  ot_loss: 2.6426 (2.6466)  base_loss: 18.6872 (18.6239)  time: 0.4001  data: 0.1716  max mem: 11378
Epoch: [17] Total time: 0:00:36 (0.4619 s / it)
Averaged stats: lr: 0.000235  sp_loss: 10.8077 (10.8070)  fam_loss: 4.5762 (4.5892)  manu_loss: 3.2881 (3.2278)  ot_loss: 2.6426 (2.6466)  base_loss: 18.6872 (18.6239)
Do not use KL loss
Epoch: [18]  [ 0/78]  eta: 0:07:58  lr: 0.000233  sp_loss: 10.6616 (10.6616)  fam_loss: 4.8357 (4.8357)  manu_loss: 3.4851 (3.4851)  ot_loss: 2.6211 (2.6211)  base_loss: 18.9824 (18.9824)  time: 6.1333  data: 5.8327  max mem: 11378
Epoch: [18]  [77/78]  eta: 0:00:00  lr: 0.000233  sp_loss: 10.4348 (10.6162)  fam_loss: 4.3695 (4.4320)  manu_loss: 3.1179 (3.1639)  ot_loss: 2.6191 (2.6373)  base_loss: 17.9223 (18.2121)  time: 0.3954  data: 0.1659  max mem: 11378
Epoch: [18] Total time: 0:00:35 (0.4565 s / it)
Averaged stats: lr: 0.000233  sp_loss: 10.4348 (10.6162)  fam_loss: 4.3695 (4.4320)  manu_loss: 3.1179 (3.1639)  ot_loss: 2.6191 (2.6373)  base_loss: 17.9223 (18.2121)
Do not use KL loss
Epoch: [19]  [ 0/78]  eta: 0:08:19  lr: 0.000231  sp_loss: 9.7047 (9.7047)  fam_loss: 3.4491 (3.4491)  manu_loss: 2.3480 (2.3480)  ot_loss: 2.5781 (2.5781)  base_loss: 15.5018 (15.5018)  time: 6.4063  data: 6.1305  max mem: 11378
Epoch: [19]  [77/78]  eta: 0:00:00  lr: 0.000231  sp_loss: 10.4447 (10.4860)  fam_loss: 4.3455 (4.3996)  manu_loss: 3.0098 (3.0976)  ot_loss: 2.6348 (2.6341)  base_loss: 17.8619 (17.9832)  time: 0.3904  data: 0.1609  max mem: 11378
Epoch: [19] Total time: 0:00:34 (0.4486 s / it)
Averaged stats: lr: 0.000231  sp_loss: 10.4447 (10.4860)  fam_loss: 4.3455 (4.3996)  manu_loss: 3.0098 (3.0976)  ot_loss: 2.6348 (2.6341)  base_loss: 17.8619 (17.9832)
Do not use KL loss
Epoch: [20]  [ 0/78]  eta: 0:07:41  lr: 0.000229  sp_loss: 9.8477 (9.8477)  fam_loss: 3.7466 (3.7466)  manu_loss: 2.6494 (2.6494)  ot_loss: 2.6738 (2.6738)  base_loss: 16.2437 (16.2437)  time: 5.9139  data: 5.6226  max mem: 11378
Epoch: [20]  [77/78]  eta: 0:00:00  lr: 0.000229  sp_loss: 10.5960 (10.4385)  fam_loss: 4.5557 (4.4366)  manu_loss: 3.1627 (3.1413)  ot_loss: 2.6113 (2.6346)  base_loss: 18.3641 (18.0163)  time: 0.3798  data: 0.1511  max mem: 11378
Epoch: [20] Total time: 0:00:35 (0.4602 s / it)
Averaged stats: lr: 0.000229  sp_loss: 10.5960 (10.4385)  fam_loss: 4.5557 (4.4366)  manu_loss: 3.1627 (3.1413)  ot_loss: 2.6113 (2.6346)  base_loss: 18.3641 (18.0163)
Do not use KL loss
Epoch: [21]  [ 0/78]  eta: 0:08:20  lr: 0.000227  sp_loss: 9.6458 (9.6458)  fam_loss: 3.8081 (3.8081)  manu_loss: 2.5077 (2.5077)  ot_loss: 2.6348 (2.6348)  base_loss: 15.9616 (15.9616)  time: 6.4122  data: 6.1204  max mem: 11378
Epoch: [21]  [77/78]  eta: 0:00:00  lr: 0.000227  sp_loss: 10.3716 (10.2122)  fam_loss: 4.3397 (4.2636)  manu_loss: 3.1544 (3.0224)  ot_loss: 2.6230 (2.6311)  base_loss: 17.7679 (17.4982)  time: 0.3897  data: 0.1617  max mem: 11378
Epoch: [21] Total time: 0:00:35 (0.4575 s / it)
Averaged stats: lr: 0.000227  sp_loss: 10.3716 (10.2122)  fam_loss: 4.3397 (4.2636)  manu_loss: 3.1544 (3.0224)  ot_loss: 2.6230 (2.6311)  base_loss: 17.7679 (17.4982)
Do not use KL loss
Epoch: [22]  [ 0/78]  eta: 0:07:55  lr: 0.000225  sp_loss: 10.5699 (10.5699)  fam_loss: 4.7008 (4.7008)  manu_loss: 3.4454 (3.4454)  ot_loss: 2.6426 (2.6426)  base_loss: 18.7160 (18.7160)  time: 6.1022  data: 5.8173  max mem: 11378
Epoch: [22]  [77/78]  eta: 0:00:00  lr: 0.000225  sp_loss: 10.2452 (10.1666)  fam_loss: 4.5087 (4.3272)  manu_loss: 3.2109 (3.0764)  ot_loss: 2.6426 (2.6258)  base_loss: 18.2128 (17.5702)  time: 0.4051  data: 0.1762  max mem: 11378
Epoch: [22] Total time: 0:00:35 (0.4526 s / it)
Averaged stats: lr: 0.000225  sp_loss: 10.2452 (10.1666)  fam_loss: 4.5087 (4.3272)  manu_loss: 3.2109 (3.0764)  ot_loss: 2.6426 (2.6258)  base_loss: 18.2128 (17.5702)
Do not use KL loss
Epoch: [23]  [ 0/78]  eta: 0:07:38  lr: 0.000222  sp_loss: 10.3216 (10.3216)  fam_loss: 4.9030 (4.9030)  manu_loss: 3.5429 (3.5429)  ot_loss: 2.6289 (2.6289)  base_loss: 18.7675 (18.7675)  time: 5.8750  data: 5.5928  max mem: 11378
Epoch: [23]  [77/78]  eta: 0:00:00  lr: 0.000222  sp_loss: 9.9728 (10.0039)  fam_loss: 4.3019 (4.2364)  manu_loss: 2.9475 (3.0115)  ot_loss: 2.6230 (2.6195)  base_loss: 17.4470 (17.2518)  time: 0.3980  data: 0.1673  max mem: 11378
Epoch: [23] Total time: 0:00:35 (0.4582 s / it)
Averaged stats: lr: 0.000222  sp_loss: 9.9728 (10.0039)  fam_loss: 4.3019 (4.2364)  manu_loss: 2.9475 (3.0115)  ot_loss: 2.6230 (2.6195)  base_loss: 17.4470 (17.2518)
Do not use KL loss
Epoch: [24]  [ 0/78]  eta: 0:08:18  lr: 0.000220  sp_loss: 10.3650 (10.3650)  fam_loss: 5.0758 (5.0758)  manu_loss: 3.6237 (3.6237)  ot_loss: 2.6797 (2.6797)  base_loss: 19.0646 (19.0646)  time: 6.3932  data: 6.1198  max mem: 11378
Epoch: [24]  [77/78]  eta: 0:00:00  lr: 0.000220  sp_loss: 9.8528 (9.8577)  fam_loss: 4.1685 (4.1661)  manu_loss: 2.9561 (2.9737)  ot_loss: 2.6133 (2.6181)  base_loss: 17.0489 (16.9975)  time: 0.4061  data: 0.1741  max mem: 11378
Epoch: [24] Total time: 0:00:35 (0.4559 s / it)
Averaged stats: lr: 0.000220  sp_loss: 9.8528 (9.8577)  fam_loss: 4.1685 (4.1661)  manu_loss: 2.9561 (2.9737)  ot_loss: 2.6133 (2.6181)  base_loss: 17.0489 (16.9975)
Do not use KL loss
Epoch: [25]  [ 0/78]  eta: 0:07:09  lr: 0.000217  sp_loss: 9.6887 (9.6887)  fam_loss: 4.1155 (4.1155)  manu_loss: 2.9041 (2.9041)  ot_loss: 2.5371 (2.5371)  base_loss: 16.7082 (16.7082)  time: 5.5033  data: 5.2055  max mem: 11378
Epoch: [25]  [77/78]  eta: 0:00:00  lr: 0.000217  sp_loss: 9.8916 (9.7996)  fam_loss: 4.3113 (4.1933)  manu_loss: 3.0972 (2.9836)  ot_loss: 2.6211 (2.6169)  base_loss: 17.2912 (16.9765)  time: 0.3921  data: 0.1568  max mem: 11378
Epoch: [25] Total time: 0:00:34 (0.4435 s / it)
Averaged stats: lr: 0.000217  sp_loss: 9.8916 (9.7996)  fam_loss: 4.3113 (4.1933)  manu_loss: 3.0972 (2.9836)  ot_loss: 2.6211 (2.6169)  base_loss: 17.2912 (16.9765)
Do not use KL loss
Epoch: [26]  [ 0/78]  eta: 0:07:33  lr: 0.000215  sp_loss: 9.8992 (9.8992)  fam_loss: 4.4343 (4.4343)  manu_loss: 3.1649 (3.1649)  ot_loss: 2.5820 (2.5820)  base_loss: 17.4984 (17.4984)  time: 5.8084  data: 5.5137  max mem: 11378
Epoch: [26]  [77/78]  eta: 0:00:00  lr: 0.000215  sp_loss: 10.0749 (9.7222)  fam_loss: 4.4813 (4.2363)  manu_loss: 3.0765 (3.0227)  ot_loss: 2.6152 (2.6191)  base_loss: 17.7855 (16.9811)  time: 0.4056  data: 0.1750  max mem: 11378
Epoch: [26] Total time: 0:00:35 (0.4508 s / it)
Averaged stats: lr: 0.000215  sp_loss: 10.0749 (9.7222)  fam_loss: 4.4813 (4.2363)  manu_loss: 3.0765 (3.0227)  ot_loss: 2.6152 (2.6191)  base_loss: 17.7855 (16.9811)
Do not use KL loss
Epoch: [27]  [ 0/78]  eta: 0:07:28  lr: 0.000212  sp_loss: 10.3442 (10.3442)  fam_loss: 4.7726 (4.7726)  manu_loss: 3.5055 (3.5055)  ot_loss: 2.7285 (2.7285)  base_loss: 18.6223 (18.6223)  time: 5.7525  data: 5.4625  max mem: 11378
Epoch: [27]  [77/78]  eta: 0:00:00  lr: 0.000212  sp_loss: 9.5710 (9.6437)  fam_loss: 4.1280 (4.1846)  manu_loss: 2.9612 (2.9926)  ot_loss: 2.6172 (2.6185)  base_loss: 16.6539 (16.8209)  time: 0.4085  data: 0.1783  max mem: 11378
Epoch: [27] Total time: 0:00:35 (0.4608 s / it)
Averaged stats: lr: 0.000212  sp_loss: 9.5710 (9.6437)  fam_loss: 4.1280 (4.1846)  manu_loss: 2.9612 (2.9926)  ot_loss: 2.6172 (2.6185)  base_loss: 16.6539 (16.8209)
Do not use KL loss
Epoch: [28]  [ 0/78]  eta: 0:07:29  lr: 0.000209  sp_loss: 9.9642 (9.9642)  fam_loss: 4.6290 (4.6290)  manu_loss: 3.2302 (3.2302)  ot_loss: 2.6133 (2.6133)  base_loss: 17.8234 (17.8234)  time: 5.7609  data: 5.4763  max mem: 11378
Epoch: [28]  [77/78]  eta: 0:00:00  lr: 0.000209  sp_loss: 9.1227 (9.3845)  fam_loss: 3.8247 (4.0435)  manu_loss: 2.7050 (2.8808)  ot_loss: 2.5938 (2.6041)  base_loss: 15.5902 (16.3088)  time: 0.4120  data: 0.1824  max mem: 11378
Epoch: [28] Total time: 0:00:35 (0.4540 s / it)
Averaged stats: lr: 0.000209  sp_loss: 9.1227 (9.3845)  fam_loss: 3.8247 (4.0435)  manu_loss: 2.7050 (2.8808)  ot_loss: 2.5938 (2.6041)  base_loss: 15.5902 (16.3088)
Do not use KL loss
Epoch: [29]  [ 0/78]  eta: 0:07:18  lr: 0.000206  sp_loss: 9.1872 (9.1872)  fam_loss: 3.9303 (3.9303)  manu_loss: 2.7638 (2.7638)  ot_loss: 2.5840 (2.5840)  base_loss: 15.8813 (15.8813)  time: 5.6238  data: 5.3223  max mem: 11378
Epoch: [29]  [77/78]  eta: 0:00:00  lr: 0.000206  sp_loss: 9.6769 (9.4060)  fam_loss: 4.2976 (4.1520)  manu_loss: 3.0977 (2.9719)  ot_loss: 2.5957 (2.6175)  base_loss: 17.0587 (16.5300)  time: 0.4516  data: 0.1857  max mem: 11378
Epoch: [29] Total time: 0:00:35 (0.4488 s / it)
Averaged stats: lr: 0.000206  sp_loss: 9.6769 (9.4060)  fam_loss: 4.2976 (4.1520)  manu_loss: 3.0977 (2.9719)  ot_loss: 2.5957 (2.6175)  base_loss: 17.0587 (16.5300)
Do not use KL loss
Epoch: [30]  [ 0/78]  eta: 0:08:17  lr: 0.000204  sp_loss: 9.4495 (9.4495)  fam_loss: 4.1276 (4.1276)  manu_loss: 2.8390 (2.8390)  ot_loss: 2.5938 (2.5938)  base_loss: 16.4161 (16.4161)  time: 6.3750  data: 6.1074  max mem: 11378
Epoch: [30]  [77/78]  eta: 0:00:00  lr: 0.000204  sp_loss: 9.5805 (9.2024)  fam_loss: 4.1780 (4.0259)  manu_loss: 2.9970 (2.8820)  ot_loss: 2.6055 (2.6084)  base_loss: 16.8710 (16.1103)  time: 0.4240  data: 0.1925  max mem: 11378
Epoch: [30] Total time: 0:00:35 (0.4517 s / it)
Averaged stats: lr: 0.000204  sp_loss: 9.5805 (9.2024)  fam_loss: 4.1780 (4.0259)  manu_loss: 2.9970 (2.8820)  ot_loss: 2.6055 (2.6084)  base_loss: 16.8710 (16.1103)
Do not use KL loss
Epoch: [31]  [ 0/78]  eta: 0:07:43  lr: 0.000201  sp_loss: 8.7434 (8.7434)  fam_loss: 3.7757 (3.7757)  manu_loss: 2.6598 (2.6598)  ot_loss: 2.5977 (2.5977)  base_loss: 15.1789 (15.1789)  time: 5.9432  data: 5.6537  max mem: 11378
Epoch: [31]  [77/78]  eta: 0:00:00  lr: 0.000201  sp_loss: 9.1849 (9.1532)  fam_loss: 3.9811 (4.0769)  manu_loss: 2.9076 (2.9327)  ot_loss: 2.6055 (2.6072)  base_loss: 16.0980 (16.1627)  time: 0.3852  data: 0.1555  max mem: 11378
Epoch: [31] Total time: 0:00:34 (0.4483 s / it)
Averaged stats: lr: 0.000201  sp_loss: 9.1849 (9.1532)  fam_loss: 3.9811 (4.0769)  manu_loss: 2.9076 (2.9327)  ot_loss: 2.6055 (2.6072)  base_loss: 16.0980 (16.1627)
Do not use KL loss
Epoch: [32]  [ 0/78]  eta: 0:07:54  lr: 0.000197  sp_loss: 8.1751 (8.1751)  fam_loss: 3.6643 (3.6643)  manu_loss: 2.6744 (2.6744)  ot_loss: 2.5371 (2.5371)  base_loss: 14.5137 (14.5137)  time: 6.0784  data: 5.7892  max mem: 11378
Epoch: [32]  [77/78]  eta: 0:00:00  lr: 0.000197  sp_loss: 9.6192 (9.1631)  fam_loss: 4.3066 (4.1231)  manu_loss: 3.0708 (2.9626)  ot_loss: 2.6270 (2.6094)  base_loss: 16.9851 (16.2489)  time: 0.4008  data: 0.1729  max mem: 11378
Epoch: [32] Total time: 0:00:35 (0.4605 s / it)
Averaged stats: lr: 0.000197  sp_loss: 9.6192 (9.1631)  fam_loss: 4.3066 (4.1231)  manu_loss: 3.0708 (2.9626)  ot_loss: 2.6270 (2.6094)  base_loss: 16.9851 (16.2489)
Do not use KL loss
Epoch: [33]  [ 0/78]  eta: 0:07:14  lr: 0.000194  sp_loss: 8.5346 (8.5346)  fam_loss: 3.7815 (3.7815)  manu_loss: 2.7143 (2.7143)  ot_loss: 2.6113 (2.6113)  base_loss: 15.0304 (15.0304)  time: 5.5680  data: 5.2924  max mem: 11378
Epoch: [33]  [77/78]  eta: 0:00:00  lr: 0.000194  sp_loss: 9.5591 (8.9567)  fam_loss: 4.3146 (4.0160)  manu_loss: 3.0524 (2.8874)  ot_loss: 2.5977 (2.6057)  base_loss: 17.1125 (15.8602)  time: 0.3937  data: 0.1653  max mem: 11378
Epoch: [33] Total time: 0:00:34 (0.4374 s / it)
Averaged stats: lr: 0.000194  sp_loss: 9.5591 (8.9567)  fam_loss: 4.3146 (4.0160)  manu_loss: 3.0524 (2.8874)  ot_loss: 2.5977 (2.6057)  base_loss: 17.1125 (15.8602)
Do not use KL loss
Epoch: [34]  [ 0/78]  eta: 0:07:42  lr: 0.000191  sp_loss: 7.5549 (7.5549)  fam_loss: 2.9274 (2.9274)  manu_loss: 2.1864 (2.1864)  ot_loss: 2.4980 (2.4980)  base_loss: 12.6687 (12.6687)  time: 5.9280  data: 5.6286  max mem: 11378
Epoch: [34]  [77/78]  eta: 0:00:00  lr: 0.000191  sp_loss: 9.2078 (9.0397)  fam_loss: 4.2232 (4.1266)  manu_loss: 2.9777 (2.9843)  ot_loss: 2.5879 (2.5965)  base_loss: 16.3164 (16.1505)  time: 0.3886  data: 0.1586  max mem: 11378
Epoch: [34] Total time: 0:00:35 (0.4489 s / it)
Averaged stats: lr: 0.000191  sp_loss: 9.2078 (9.0397)  fam_loss: 4.2232 (4.1266)  manu_loss: 2.9777 (2.9843)  ot_loss: 2.5879 (2.5965)  base_loss: 16.3164 (16.1505)
Do not use KL loss
Epoch: [35]  [ 0/78]  eta: 0:07:16  lr: 0.000188  sp_loss: 8.3703 (8.3703)  fam_loss: 3.6802 (3.6802)  manu_loss: 2.6589 (2.6589)  ot_loss: 2.5781 (2.5781)  base_loss: 14.7094 (14.7094)  time: 5.6003  data: 5.3045  max mem: 11378
Epoch: [35]  [77/78]  eta: 0:00:00  lr: 0.000188  sp_loss: 8.8939 (8.5894)  fam_loss: 3.9750 (3.8929)  manu_loss: 2.8793 (2.8047)  ot_loss: 2.5820 (2.5886)  base_loss: 15.7680 (15.2870)  time: 0.3883  data: 0.1586  max mem: 11378
Epoch: [35] Total time: 0:00:35 (0.4498 s / it)
Averaged stats: lr: 0.000188  sp_loss: 8.8939 (8.5894)  fam_loss: 3.9750 (3.8929)  manu_loss: 2.8793 (2.8047)  ot_loss: 2.5820 (2.5886)  base_loss: 15.7680 (15.2870)
Do not use KL loss
Epoch: [36]  [ 0/78]  eta: 0:07:52  lr: 0.000184  sp_loss: 8.9395 (8.9395)  fam_loss: 4.0331 (4.0331)  manu_loss: 2.9774 (2.9774)  ot_loss: 2.5645 (2.5645)  base_loss: 15.9500 (15.9500)  time: 6.0535  data: 5.7568  max mem: 11378
Epoch: [36]  [77/78]  eta: 0:00:00  lr: 0.000184  sp_loss: 8.0488 (8.3776)  fam_loss: 3.7716 (3.8173)  manu_loss: 2.7386 (2.7534)  ot_loss: 2.5664 (2.5793)  base_loss: 14.5590 (14.9483)  time: 0.3860  data: 0.1587  max mem: 11378
Epoch: [36] Total time: 0:00:34 (0.4439 s / it)
Averaged stats: lr: 0.000184  sp_loss: 8.0488 (8.3776)  fam_loss: 3.7716 (3.8173)  manu_loss: 2.7386 (2.7534)  ot_loss: 2.5664 (2.5793)  base_loss: 14.5590 (14.9483)
Do not use KL loss
Epoch: [37]  [ 0/78]  eta: 0:07:36  lr: 0.000181  sp_loss: 7.2951 (7.2951)  fam_loss: 3.2763 (3.2763)  manu_loss: 2.4699 (2.4699)  ot_loss: 2.5352 (2.5352)  base_loss: 13.0413 (13.0413)  time: 5.8512  data: 5.5779  max mem: 11378
Epoch: [37]  [77/78]  eta: 0:00:00  lr: 0.000181  sp_loss: 8.2272 (8.4778)  fam_loss: 3.7834 (3.9173)  manu_loss: 2.7134 (2.8110)  ot_loss: 2.5625 (2.5855)  base_loss: 14.6984 (15.2061)  time: 0.3929  data: 0.1648  max mem: 11378
Epoch: [37] Total time: 0:00:35 (0.4585 s / it)
Averaged stats: lr: 0.000181  sp_loss: 8.2272 (8.4778)  fam_loss: 3.7834 (3.9173)  manu_loss: 2.7134 (2.8110)  ot_loss: 2.5625 (2.5855)  base_loss: 14.6984 (15.2061)
Do not use KL loss
Epoch: [38]  [ 0/78]  eta: 0:07:59  lr: 0.000178  sp_loss: 7.2771 (7.2771)  fam_loss: 3.1634 (3.1634)  manu_loss: 2.3169 (2.3169)  ot_loss: 2.4922 (2.4922)  base_loss: 12.7573 (12.7573)  time: 6.1425  data: 5.8532  max mem: 11378
Epoch: [38]  [77/78]  eta: 0:00:00  lr: 0.000178  sp_loss: 8.3125 (8.3562)  fam_loss: 3.9016 (3.8972)  manu_loss: 2.8071 (2.7995)  ot_loss: 2.5625 (2.5727)  base_loss: 15.0997 (15.0529)  time: 0.3878  data: 0.1585  max mem: 11378
Epoch: [38] Total time: 0:00:35 (0.4534 s / it)
Averaged stats: lr: 0.000178  sp_loss: 8.3125 (8.3562)  fam_loss: 3.9016 (3.8972)  manu_loss: 2.8071 (2.7995)  ot_loss: 2.5625 (2.5727)  base_loss: 15.0997 (15.0529)
Do not use KL loss
Epoch: [39]  [ 0/78]  eta: 0:07:40  lr: 0.000174  sp_loss: 8.4061 (8.4061)  fam_loss: 3.9669 (3.9669)  manu_loss: 2.8418 (2.8418)  ot_loss: 2.6230 (2.6230)  base_loss: 15.2148 (15.2148)  time: 5.9016  data: 5.6225  max mem: 11378
Epoch: [39]  [77/78]  eta: 0:00:00  lr: 0.000174  sp_loss: 8.1933 (8.2406)  fam_loss: 3.8940 (3.8550)  manu_loss: 2.8045 (2.7817)  ot_loss: 2.5801 (2.5678)  base_loss: 14.9521 (14.8773)  time: 0.3798  data: 0.1499  max mem: 11378
Epoch: [39] Total time: 0:00:34 (0.4469 s / it)
Averaged stats: lr: 0.000174  sp_loss: 8.1933 (8.2406)  fam_loss: 3.8940 (3.8550)  manu_loss: 2.8045 (2.7817)  ot_loss: 2.5801 (2.5678)  base_loss: 14.9521 (14.8773)
Do not use KL loss
Epoch: [40]  [ 0/78]  eta: 0:07:28  lr: 0.000171  sp_loss: 7.9546 (7.9546)  fam_loss: 4.0632 (4.0632)  manu_loss: 2.7969 (2.7969)  ot_loss: 2.5508 (2.5508)  base_loss: 14.8147 (14.8147)  time: 5.7539  data: 5.4732  max mem: 11378
Epoch: [40]  [77/78]  eta: 0:00:00  lr: 0.000171  sp_loss: 8.1708 (8.0614)  fam_loss: 4.0364 (3.8076)  manu_loss: 2.8053 (2.7471)  ot_loss: 2.5684 (2.5731)  base_loss: 15.0389 (14.6160)  time: 0.3782  data: 0.1507  max mem: 11378
Epoch: [40] Total time: 0:00:34 (0.4387 s / it)
Averaged stats: lr: 0.000171  sp_loss: 8.1708 (8.0614)  fam_loss: 4.0364 (3.8076)  manu_loss: 2.8053 (2.7471)  ot_loss: 2.5684 (2.5731)  base_loss: 15.0389 (14.6160)
Do not use KL loss
Epoch: [41]  [ 0/78]  eta: 0:07:13  lr: 0.000167  sp_loss: 9.1466 (9.1466)  fam_loss: 4.3978 (4.3978)  manu_loss: 3.0861 (3.0861)  ot_loss: 2.6191 (2.6191)  base_loss: 16.6305 (16.6305)  time: 5.5587  data: 5.2816  max mem: 11378
Epoch: [41]  [77/78]  eta: 0:00:00  lr: 0.000167  sp_loss: 7.8366 (8.2160)  fam_loss: 3.8523 (3.9427)  manu_loss: 2.7071 (2.8506)  ot_loss: 2.5820 (2.5847)  base_loss: 14.3959 (15.0093)  time: 0.4186  data: 0.1913  max mem: 11378
Epoch: [41] Total time: 0:00:35 (0.4560 s / it)
Averaged stats: lr: 0.000167  sp_loss: 7.8366 (8.2160)  fam_loss: 3.8523 (3.9427)  manu_loss: 2.7071 (2.8506)  ot_loss: 2.5820 (2.5847)  base_loss: 14.3959 (15.0093)
Test:  [  0/391]  eta: 0:42:11  sploss: 8.5194 (8.5194)  famloss: 2.6798 (2.6798)  manuloss: 1.5876 (1.5876)  acc1: 0.0000 (0.0000)  acc5: 1.5625 (1.5625)  family_acc1: 41.4062 (41.4062)  manu_acc1: 65.2344 (65.2344)  time: 6.4736  data: 6.0259  max mem: 11378
Test:  [250/391]  eta: 0:01:06  sploss: 8.6158 (8.5700)  famloss: 2.8921 (2.8594)  manuloss: 1.8750 (1.8118)  acc1: 0.3906 (0.3657)  acc5: 2.3438 (2.5819)  family_acc1: 39.4531 (39.7597)  manu_acc1: 55.0781 (58.2451)  time: 0.3556  data: 0.1290  max mem: 11378
Test:  [390/391]  eta: 0:00:00  sploss: 8.3155 (8.5283)  famloss: 2.5724 (2.7914)  manuloss: 1.4115 (1.7351)  acc1: 0.3906 (0.3970)  acc5: 3.9062 (2.7100)  family_acc1: 44.5312 (40.8400)  manu_acc1: 68.7500 (59.9530)  time: 0.4629  data: 0.2336  max mem: 11378
Test: Total time: 0:03:03 (0.4683 s / it)
* Acc@1 0.397 Acc@5 2.710 family@1 40.840 manu@1 59.953 sploss 8.528 fmloss 2.791 mfloss 1.735
FPA: 0.322% | TICE: 98.657%   
 wAP: 5.748  |  LCA: 296.032   |   Precision and Recall: 1.335%
Accuracy of the network on the 100000 test images: 0.4%
Max accuracy: 0.40%
Do not use KL loss
Epoch: [42]  [ 0/78]  eta: 0:09:08  lr: 0.000163  sp_loss: 8.5611 (8.5611)  fam_loss: 4.3235 (4.3235)  manu_loss: 3.0495 (3.0495)  ot_loss: 2.6230 (2.6230)  base_loss: 15.9341 (15.9341)  time: 7.0300  data: 6.0107  max mem: 11378
Epoch: [42]  [77/78]  eta: 0:00:00  lr: 0.000163  sp_loss: 8.1914 (7.9792)  fam_loss: 3.9877 (3.8117)  manu_loss: 2.8424 (2.7467)  ot_loss: 2.5508 (2.5615)  base_loss: 15.2445 (14.5376)  time: 0.4075  data: 0.1733  max mem: 11378
Epoch: [42] Total time: 0:00:35 (0.4565 s / it)
Averaged stats: lr: 0.000163  sp_loss: 8.1914 (7.9792)  fam_loss: 3.9877 (3.8117)  manu_loss: 2.8424 (2.7467)  ot_loss: 2.5508 (2.5615)  base_loss: 15.2445 (14.5376)
Test:  [  0/391]  eta: 0:40:35  sploss: 8.4604 (8.4604)  famloss: 2.5430 (2.5430)  manuloss: 1.6054 (1.6054)  acc1: 0.3906 (0.3906)  acc5: 1.9531 (1.9531)  family_acc1: 46.0938 (46.0938)  manu_acc1: 63.6719 (63.6719)  time: 6.2279  data: 5.9800  max mem: 11378
Test:  [250/391]  eta: 0:00:59  sploss: 8.6121 (8.5385)  famloss: 2.8752 (2.8081)  manuloss: 1.8907 (1.7986)  acc1: 0.0000 (0.4902)  acc5: 2.3438 (2.9507)  family_acc1: 37.5000 (40.1706)  manu_acc1: 55.0781 (58.5424)  time: 0.3350  data: 0.1168  max mem: 11378
Test:  [390/391]  eta: 0:00:00  sploss: 8.2339 (8.4958)  famloss: 2.5438 (2.7430)  manuloss: 1.4384 (1.7268)  acc1: 0.7812 (0.5150)  acc5: 3.9062 (3.0900)  family_acc1: 45.3125 (41.1480)  manu_acc1: 67.9688 (60.1740)  time: 0.4326  data: 0.2210  max mem: 11378
Test: Total time: 0:02:42 (0.4164 s / it)
* Acc@1 0.515 Acc@5 3.090 family@1 41.148 manu@1 60.174 sploss 8.496 fmloss 2.743 mfloss 1.727
FPA: 0.390% | TICE: 98.651%   
 wAP: 5.886  |  LCA: 295.566   |   Precision and Recall: 1.500%
Accuracy of the network on the 100000 test images: 0.5%
Max accuracy: 0.52%
Do not use KL loss
Epoch: [43]  [ 0/78]  eta: 0:07:39  lr: 0.000160  sp_loss: 5.9826 (5.9826)  fam_loss: 2.6322 (2.6322)  manu_loss: 1.9336 (1.9336)  ot_loss: 2.4551 (2.4551)  base_loss: 10.5483 (10.5483)  time: 5.8919  data: 5.5472  max mem: 11378
Epoch: [43]  [77/78]  eta: 0:00:00  lr: 0.000160  sp_loss: 8.0735 (7.8871)  fam_loss: 3.7423 (3.8030)  manu_loss: 2.6854 (2.7331)  ot_loss: 2.5527 (2.5545)  base_loss: 14.6274 (14.4232)  time: 0.4111  data: 0.1828  max mem: 11378
Epoch: [43] Total time: 0:00:36 (0.4626 s / it)
Averaged stats: lr: 0.000160  sp_loss: 8.0735 (7.8871)  fam_loss: 3.7423 (3.8030)  manu_loss: 2.6854 (2.7331)  ot_loss: 2.5527 (2.5545)  base_loss: 14.6274 (14.4232)
Test:  [  0/391]  eta: 0:45:58  sploss: 8.5295 (8.5295)  famloss: 2.4987 (2.4987)  manuloss: 1.5477 (1.5477)  acc1: 0.3906 (0.3906)  acc5: 3.5156 (3.5156)  family_acc1: 44.1406 (44.1406)  manu_acc1: 62.8906 (62.8906)  time: 7.0557  data: 6.7507  max mem: 11378
Test:  [250/391]  eta: 0:01:01  sploss: 8.5304 (8.4784)  famloss: 2.8699 (2.8020)  manuloss: 1.8692 (1.7794)  acc1: 0.3906 (0.5665)  acc5: 2.7344 (3.5063)  family_acc1: 40.2344 (40.2702)  manu_acc1: 54.6875 (58.6918)  time: 0.3377  data: 0.1149  max mem: 11378
Test:  [390/391]  eta: 0:00:00  sploss: 8.2631 (8.4332)  famloss: 2.5193 (2.7339)  manuloss: 1.4141 (1.7055)  acc1: 0.7812 (0.5870)  acc5: 4.6875 (3.6510)  family_acc1: 45.3125 (41.3480)  manu_acc1: 67.9688 (60.3450)  time: 0.4016  data: 0.1989  max mem: 11378
Test: Total time: 0:02:47 (0.4273 s / it)
* Acc@1 0.587 Acc@5 3.651 family@1 41.348 manu@1 60.345 sploss 8.433 fmloss 2.734 mfloss 1.705
FPA: 0.460% | TICE: 98.422%   
 wAP: 5.973  |  LCA: 294.945   |   Precision and Recall: 1.652%
Accuracy of the network on the 100000 test images: 0.6%
Max accuracy: 0.59%
Do not use KL loss
Epoch: [44]  [ 0/78]  eta: 0:07:51  lr: 0.000156  sp_loss: 8.5766 (8.5766)  fam_loss: 4.2922 (4.2922)  manu_loss: 2.8521 (2.8521)  ot_loss: 2.5918 (2.5918)  base_loss: 15.7210 (15.7210)  time: 6.0418  data: 5.7220  max mem: 11378
Epoch: [44]  [77/78]  eta: 0:00:00  lr: 0.000156  sp_loss: 8.3098 (7.6630)  fam_loss: 4.0153 (3.7028)  manu_loss: 2.9386 (2.6732)  ot_loss: 2.5684 (2.5428)  base_loss: 15.3066 (14.0390)  time: 0.4090  data: 0.1805  max mem: 11378
Epoch: [44] Total time: 0:00:37 (0.4769 s / it)
Averaged stats: lr: 0.000156  sp_loss: 8.3098 (7.6630)  fam_loss: 4.0153 (3.7028)  manu_loss: 2.9386 (2.6732)  ot_loss: 2.5684 (2.5428)  base_loss: 15.3066 (14.0390)
Test:  [  0/391]  eta: 0:43:54  sploss: 8.4970 (8.4970)  famloss: 2.6055 (2.6055)  manuloss: 1.5563 (1.5563)  acc1: 0.7812 (0.7812)  acc5: 3.5156 (3.5156)  family_acc1: 44.1406 (44.1406)  manu_acc1: 65.2344 (65.2344)  time: 6.7380  data: 6.4897  max mem: 11378
Test:  [250/391]  eta: 0:01:00  sploss: 8.5384 (8.4867)  famloss: 2.8653 (2.8393)  manuloss: 1.9215 (1.8232)  acc1: 0.3906 (0.5743)  acc5: 3.1250 (3.3024)  family_acc1: 38.6719 (39.5776)  manu_acc1: 54.2969 (58.0288)  time: 0.3457  data: 0.0689  max mem: 11378
Test:  [390/391]  eta: 0:00:00  sploss: 8.2844 (8.4454)  famloss: 2.5800 (2.7744)  manuloss: 1.4418 (1.7464)  acc1: 0.7812 (0.5940)  acc5: 3.9062 (3.4000)  family_acc1: 44.9219 (40.6260)  manu_acc1: 67.5781 (59.7060)  time: 0.3855  data: 0.1818  max mem: 11378
Test: Total time: 0:02:46 (0.4261 s / it)
* Acc@1 0.594 Acc@5 3.400 family@1 40.626 manu@1 59.706 sploss 8.445 fmloss 2.774 mfloss 1.746
FPA: 0.460% | TICE: 98.223%   
 wAP: 5.894  |  LCA: 294.646   |   Precision and Recall: 1.747%
Accuracy of the network on the 100000 test images: 0.6%
Max accuracy: 0.59%
Do not use KL loss
Epoch: [45]  [ 0/78]  eta: 0:08:13  lr: 0.000152  sp_loss: 6.4262 (6.4262)  fam_loss: 3.1424 (3.1424)  manu_loss: 2.2705 (2.2705)  ot_loss: 2.5039 (2.5039)  base_loss: 11.8391 (11.8391)  time: 6.3241  data: 5.9350  max mem: 11378
Epoch: [45]  [77/78]  eta: 0:00:00  lr: 0.000152  sp_loss: 8.2340 (7.7544)  fam_loss: 3.9877 (3.7991)  manu_loss: 2.8290 (2.7188)  ot_loss: 2.5664 (2.5479)  base_loss: 15.0499 (14.2722)  time: 0.4075  data: 0.1783  max mem: 11378
Epoch: [45] Total time: 0:00:36 (0.4652 s / it)
Averaged stats: lr: 0.000152  sp_loss: 8.2340 (7.7544)  fam_loss: 3.9877 (3.7991)  manu_loss: 2.8290 (2.7188)  ot_loss: 2.5664 (2.5479)  base_loss: 15.0499 (14.2722)
Test:  [  0/391]  eta: 0:47:28  sploss: 8.4139 (8.4139)  famloss: 2.5620 (2.5620)  manuloss: 1.5175 (1.5175)  acc1: 0.7812 (0.7812)  acc5: 2.7344 (2.7344)  family_acc1: 47.6562 (47.6562)  manu_acc1: 64.8438 (64.8438)  time: 7.2850  data: 7.0297  max mem: 11378
Test:  [250/391]  eta: 0:01:01  sploss: 8.5058 (8.4723)  famloss: 2.8983 (2.8327)  manuloss: 1.8811 (1.8065)  acc1: 0.3906 (0.4949)  acc5: 2.7344 (3.0845)  family_acc1: 38.2812 (40.0679)  manu_acc1: 55.0781 (58.5175)  time: 0.3307  data: 0.0921  max mem: 11378
Test:  [390/391]  eta: 0:00:00  sploss: 8.2836 (8.4330)  famloss: 2.5342 (2.7631)  manuloss: 1.4291 (1.7291)  acc1: 0.3906 (0.5240)  acc5: 3.9062 (3.1730)  family_acc1: 45.7031 (41.2830)  manu_acc1: 67.1875 (60.3180)  time: 0.4166  data: 0.2143  max mem: 11378
Test: Total time: 0:02:45 (0.4243 s / it)
* Acc@1 0.524 Acc@5 3.173 family@1 41.283 manu@1 60.318 sploss 8.433 fmloss 2.763 mfloss 1.729
FPA: 0.404% | TICE: 98.525%   
 wAP: 5.911  |  LCA: 295.517   |   Precision and Recall: 1.498%
Accuracy of the network on the 100000 test images: 0.5%
Max accuracy: 0.59%
Do not use KL loss
Epoch: [46]  [ 0/78]  eta: 0:08:03  lr: 0.000149  sp_loss: 8.4239 (8.4239)  fam_loss: 4.0418 (4.0418)  manu_loss: 2.9299 (2.9299)  ot_loss: 2.4941 (2.4941)  base_loss: 15.3956 (15.3956)  time: 6.1970  data: 5.9215  max mem: 11378
Epoch: [46]  [77/78]  eta: 0:00:00  lr: 0.000149  sp_loss: 7.8909 (7.7850)  fam_loss: 3.9544 (3.8080)  manu_loss: 2.8239 (2.7430)  ot_loss: 2.5391 (2.5411)  base_loss: 14.9909 (14.3359)  time: 0.3876  data: 0.1611  max mem: 11378
Epoch: [46] Total time: 0:00:34 (0.4471 s / it)
Averaged stats: lr: 0.000149  sp_loss: 7.8909 (7.7850)  fam_loss: 3.9544 (3.8080)  manu_loss: 2.8239 (2.7430)  ot_loss: 2.5391 (2.5411)  base_loss: 14.9909 (14.3359)
Test:  [  0/391]  eta: 0:39:44  sploss: 8.4241 (8.4241)  famloss: 2.6289 (2.6289)  manuloss: 1.5753 (1.5753)  acc1: 0.7812 (0.7812)  acc5: 3.1250 (3.1250)  family_acc1: 46.8750 (46.8750)  manu_acc1: 63.6719 (63.6719)  time: 6.0997  data: 5.8649  max mem: 11378
Test:  [250/391]  eta: 0:00:57  sploss: 8.4961 (8.4495)  famloss: 2.8474 (2.8185)  manuloss: 1.8742 (1.7922)  acc1: 0.3906 (0.5696)  acc5: 3.1250 (3.3647)  family_acc1: 40.2344 (40.5145)  manu_acc1: 55.8594 (58.9330)  time: 0.3474  data: 0.1351  max mem: 11378
Test:  [390/391]  eta: 0:00:00  sploss: 8.1950 (8.4029)  famloss: 2.5102 (2.7468)  manuloss: 1.3786 (1.7120)  acc1: 0.7812 (0.6080)  acc5: 4.2969 (3.4500)  family_acc1: 45.7031 (41.6790)  manu_acc1: 69.1406 (60.6890)  time: 0.4090  data: 0.2057  max mem: 11378
Test: Total time: 0:02:37 (0.4030 s / it)
* Acc@1 0.608 Acc@5 3.450 family@1 41.679 manu@1 60.689 sploss 8.403 fmloss 2.747 mfloss 1.712
FPA: 0.474% | TICE: 98.075%   
 wAP: 6.032  |  LCA: 294.553   |   Precision and Recall: 1.773%
Accuracy of the network on the 100000 test images: 0.6%
Max accuracy: 0.61%
Do not use KL loss
Epoch: [47]  [ 0/78]  eta: 0:07:57  lr: 0.000145  sp_loss: 7.8044 (7.8044)  fam_loss: 4.1042 (4.1042)  manu_loss: 2.8915 (2.8915)  ot_loss: 2.5703 (2.5703)  base_loss: 14.8001 (14.8001)  time: 6.1185  data: 5.6661  max mem: 11378
Epoch: [47]  [77/78]  eta: 0:00:00  lr: 0.000145  sp_loss: 8.0939 (7.6952)  fam_loss: 3.9159 (3.7958)  manu_loss: 2.8843 (2.7468)  ot_loss: 2.5586 (2.5243)  base_loss: 14.9556 (14.2377)  time: 0.4041  data: 0.1770  max mem: 11378
Epoch: [47] Total time: 0:00:35 (0.4592 s / it)
Averaged stats: lr: 0.000145  sp_loss: 8.0939 (7.6952)  fam_loss: 3.9159 (3.7958)  manu_loss: 2.8843 (2.7468)  ot_loss: 2.5586 (2.5243)  base_loss: 14.9556 (14.2377)
Test:  [  0/391]  eta: 0:41:15  sploss: 8.4364 (8.4364)  famloss: 2.5298 (2.5298)  manuloss: 1.5082 (1.5082)  acc1: 1.1719 (1.1719)  acc5: 2.3438 (2.3438)  family_acc1: 45.7031 (45.7031)  manu_acc1: 64.4531 (64.4531)  time: 6.3319  data: 6.0612  max mem: 11378
Test:  [250/391]  eta: 0:00:59  sploss: 8.4939 (8.4739)  famloss: 2.8185 (2.8066)  manuloss: 1.8538 (1.7912)  acc1: 0.3906 (0.5338)  acc5: 3.1250 (3.1219)  family_acc1: 40.2344 (40.3931)  manu_acc1: 55.4688 (58.7509)  time: 0.3315  data: 0.1102  max mem: 11378
Test:  [390/391]  eta: 0:00:00  sploss: 8.2413 (8.4359)  famloss: 2.5026 (2.7403)  manuloss: 1.4193 (1.7176)  acc1: 0.6250 (0.5290)  acc5: 3.1250 (3.1870)  family_acc1: 45.7031 (41.4100)  manu_acc1: 68.7500 (60.3970)  time: 0.3776  data: 0.1701  max mem: 11378
Test: Total time: 0:02:42 (0.4158 s / it)
* Acc@1 0.529 Acc@5 3.187 family@1 41.410 manu@1 60.397 sploss 8.436 fmloss 2.740 mfloss 1.718
FPA: 0.411% | TICE: 98.583%   
 wAP: 5.929  |  LCA: 295.311   |   Precision and Recall: 1.562%
Accuracy of the network on the 100000 test images: 0.5%
Max accuracy: 0.61%
Do not use KL loss
Epoch: [48]  [ 0/78]  eta: 0:07:36  lr: 0.000141  sp_loss: 7.7386 (7.7386)  fam_loss: 3.7413 (3.7413)  manu_loss: 2.6299 (2.6299)  ot_loss: 2.5039 (2.5039)  base_loss: 14.1098 (14.1098)  time: 5.8473  data: 5.5675  max mem: 11378
Epoch: [48]  [77/78]  eta: 0:00:00  lr: 0.000141  sp_loss: 7.2974 (7.4538)  fam_loss: 3.7474 (3.7074)  manu_loss: 2.6177 (2.6723)  ot_loss: 2.4961 (2.5081)  base_loss: 13.8083 (13.8335)  time: 0.4185  data: 0.1912  max mem: 11378
Epoch: [48] Total time: 0:00:36 (0.4644 s / it)
Averaged stats: lr: 0.000141  sp_loss: 7.2974 (7.4538)  fam_loss: 3.7474 (3.7074)  manu_loss: 2.6177 (2.6723)  ot_loss: 2.4961 (2.5081)  base_loss: 13.8083 (13.8335)
Test:  [  0/391]  eta: 0:42:45  sploss: 8.2350 (8.2350)  famloss: 2.4585 (2.4585)  manuloss: 1.4253 (1.4253)  acc1: 1.1719 (1.1719)  acc5: 3.9062 (3.9062)  family_acc1: 48.0469 (48.0469)  manu_acc1: 67.5781 (67.5781)  time: 6.5619  data: 6.2638  max mem: 11378
Test:  [250/391]  eta: 0:01:01  sploss: 8.2700 (8.2769)  famloss: 2.7422 (2.7296)  manuloss: 1.8027 (1.7488)  acc1: 0.3906 (0.6692)  acc5: 3.5156 (4.1599)  family_acc1: 41.0156 (41.5774)  manu_acc1: 56.2500 (59.5026)  time: 0.3586  data: 0.1261  max mem: 11378
Test:  [390/391]  eta: 0:00:00  sploss: 8.0239 (8.2322)  famloss: 2.4404 (2.6634)  manuloss: 1.3569 (1.6766)  acc1: 0.7812 (0.6770)  acc5: 4.2969 (4.2710)  family_acc1: 46.4844 (42.6660)  manu_acc1: 68.7500 (61.1200)  time: 0.3838  data: 0.1797  max mem: 11378
Test: Total time: 0:02:47 (0.4273 s / it)
* Acc@1 0.677 Acc@5 4.271 family@1 42.666 manu@1 61.120 sploss 8.232 fmloss 2.663 mfloss 1.677
FPA: 0.536% | TICE: 98.314%   
 wAP: 6.199  |  LCA: 294.426   |   Precision and Recall: 1.837%
Accuracy of the network on the 100000 test images: 0.7%
Max accuracy: 0.68%
Do not use KL loss
Epoch: [49]  [ 0/78]  eta: 0:07:45  lr: 0.000138  sp_loss: 8.2333 (8.2333)  fam_loss: 4.3538 (4.3538)  manu_loss: 3.1738 (3.1738)  ot_loss: 2.5879 (2.5879)  base_loss: 15.7610 (15.7610)  time: 5.9714  data: 5.6408  max mem: 11378
Epoch: [49]  [77/78]  eta: 0:00:00  lr: 0.000138  sp_loss: 7.4833 (7.3212)  fam_loss: 3.7356 (3.6248)  manu_loss: 2.7098 (2.6219)  ot_loss: 2.5293 (2.5119)  base_loss: 14.0748 (13.5679)  time: 0.4294  data: 0.1990  max mem: 11378
Epoch: [49] Total time: 0:00:36 (0.4675 s / it)
Averaged stats: lr: 0.000138  sp_loss: 7.4833 (7.3212)  fam_loss: 3.7356 (3.6248)  manu_loss: 2.7098 (2.6219)  ot_loss: 2.5293 (2.5119)  base_loss: 14.0748 (13.5679)
Test:  [  0/391]  eta: 0:39:35  sploss: 8.2574 (8.2574)  famloss: 2.4576 (2.4576)  manuloss: 1.4867 (1.4867)  acc1: 1.1719 (1.1719)  acc5: 3.1250 (3.1250)  family_acc1: 48.0469 (48.0469)  manu_acc1: 67.1875 (67.1875)  time: 6.0755  data: 5.7938  max mem: 11378
Test:  [250/391]  eta: 0:01:00  sploss: 8.2408 (8.2423)  famloss: 2.7511 (2.7362)  manuloss: 1.8151 (1.7599)  acc1: 0.3906 (0.7423)  acc5: 3.9062 (4.4603)  family_acc1: 40.6250 (41.3736)  manu_acc1: 55.8594 (59.2956)  time: 0.3632  data: 0.1257  max mem: 11378
Test:  [390/391]  eta: 0:00:00  sploss: 8.0368 (8.2007)  famloss: 2.4930 (2.6746)  manuloss: 1.3970 (1.6880)  acc1: 0.7812 (0.7550)  acc5: 5.0781 (4.5600)  family_acc1: 46.0938 (42.3790)  manu_acc1: 68.3594 (60.9210)  time: 0.3872  data: 0.1801  max mem: 11378
Test: Total time: 0:02:46 (0.4267 s / it)
* Acc@1 0.755 Acc@5 4.560 family@1 42.379 manu@1 60.921 sploss 8.201 fmloss 2.675 mfloss 1.688
FPA: 0.586% | TICE: 98.162%   
 wAP: 6.235  |  LCA: 294.374   |   Precision and Recall: 1.845%
Accuracy of the network on the 100000 test images: 0.8%
Max accuracy: 0.76%
Do not use KL loss
Epoch: [50]  [ 0/78]  eta: 0:08:25  lr: 0.000134  sp_loss: 7.6241 (7.6241)  fam_loss: 4.0113 (4.0113)  manu_loss: 2.9041 (2.9041)  ot_loss: 2.5918 (2.5918)  base_loss: 14.5395 (14.5395)  time: 6.4749  data: 6.0471  max mem: 11378
Epoch: [50]  [77/78]  eta: 0:00:00  lr: 0.000134  sp_loss: 7.5452 (7.3047)  fam_loss: 3.8132 (3.6820)  manu_loss: 2.7172 (2.6649)  ot_loss: 2.5078 (2.5015)  base_loss: 14.0418 (13.6516)  time: 0.4029  data: 0.1745  max mem: 11378
Epoch: [50] Total time: 0:00:35 (0.4520 s / it)
Averaged stats: lr: 0.000134  sp_loss: 7.5452 (7.3047)  fam_loss: 3.8132 (3.6820)  manu_loss: 2.7172 (2.6649)  ot_loss: 2.5078 (2.5015)  base_loss: 14.0418 (13.6516)
Test:  [  0/391]  eta: 0:47:43  sploss: 8.3502 (8.3502)  famloss: 2.5389 (2.5389)  manuloss: 1.6228 (1.6228)  acc1: 0.3906 (0.3906)  acc5: 3.9062 (3.9062)  family_acc1: 45.3125 (45.3125)  manu_acc1: 66.0156 (66.0156)  time: 7.3225  data: 6.9924  max mem: 11378
Test:  [250/391]  eta: 0:01:01  sploss: 8.3375 (8.3657)  famloss: 2.8311 (2.8004)  manuloss: 1.8667 (1.8034)  acc1: 0.3906 (0.5758)  acc5: 3.1250 (3.7600)  family_acc1: 39.4531 (40.7620)  manu_acc1: 55.8594 (58.9034)  time: 0.4173  data: 0.1896  max mem: 11378
Test:  [390/391]  eta: 0:00:00  sploss: 8.1292 (8.3245)  famloss: 2.5422 (2.7339)  manuloss: 1.4840 (1.7310)  acc1: 0.7812 (0.5740)  acc5: 4.2969 (3.8350)  family_acc1: 46.0938 (41.7710)  manu_acc1: 68.7500 (60.4800)  time: 0.3989  data: 0.1963  max mem: 11378
Test: Total time: 0:02:47 (0.4279 s / it)
* Acc@1 0.574 Acc@5 3.835 family@1 41.771 manu@1 60.480 sploss 8.324 fmloss 2.734 mfloss 1.731
FPA: 0.453% | TICE: 98.292%   
 wAP: 6.006  |  LCA: 295.061   |   Precision and Recall: 1.615%
Accuracy of the network on the 100000 test images: 0.6%
Max accuracy: 0.76%
Do not use KL loss
Epoch: [51]  [ 0/78]  eta: 0:07:27  lr: 0.000130  sp_loss: 8.7961 (8.7961)  fam_loss: 4.3808 (4.3808)  manu_loss: 2.9083 (2.9083)  ot_loss: 2.6289 (2.6289)  base_loss: 16.0853 (16.0853)  time: 5.7404  data: 5.3738  max mem: 11378
Epoch: [51]  [77/78]  eta: 0:00:00  lr: 0.000130  sp_loss: 8.1118 (7.3775)  fam_loss: 3.9485 (3.7118)  manu_loss: 2.8378 (2.6742)  ot_loss: 2.5625 (2.5123)  base_loss: 14.9083 (13.7635)  time: 0.4065  data: 0.1788  max mem: 11378
Epoch: [51] Total time: 0:00:36 (0.4677 s / it)
Averaged stats: lr: 0.000130  sp_loss: 8.1118 (7.3775)  fam_loss: 3.9485 (3.7118)  manu_loss: 2.8378 (2.6742)  ot_loss: 2.5625 (2.5123)  base_loss: 14.9083 (13.7635)
Test:  [  0/391]  eta: 0:40:09  sploss: 8.3308 (8.3308)  famloss: 2.5287 (2.5287)  manuloss: 1.6037 (1.6037)  acc1: 0.3906 (0.3906)  acc5: 3.5156 (3.5156)  family_acc1: 44.5312 (44.5312)  manu_acc1: 64.4531 (64.4531)  time: 6.1616  data: 5.8665  max mem: 11378
Test:  [250/391]  eta: 0:01:01  sploss: 8.3566 (8.3617)  famloss: 2.7975 (2.7801)  manuloss: 1.8524 (1.8018)  acc1: 0.3906 (0.6038)  acc5: 3.1250 (3.8004)  family_acc1: 40.2344 (41.1650)  manu_acc1: 55.8594 (59.2629)  time: 0.3437  data: 0.1158  max mem: 11378
Test:  [390/391]  eta: 0:00:00  sploss: 8.1325 (8.3199)  famloss: 2.4884 (2.7083)  manuloss: 1.4506 (1.7253)  acc1: 0.7812 (0.6120)  acc5: 4.2969 (3.8990)  family_acc1: 46.8750 (42.2880)  manu_acc1: 68.7500 (60.8660)  time: 0.3929  data: 0.1869  max mem: 11378
Test: Total time: 0:02:47 (0.4284 s / it)
* Acc@1 0.612 Acc@5 3.899 family@1 42.288 manu@1 60.866 sploss 8.320 fmloss 2.708 mfloss 1.725
FPA: 0.500% | TICE: 98.190%   
 wAP: 6.099  |  LCA: 294.795   |   Precision and Recall: 1.701%
Accuracy of the network on the 100000 test images: 0.6%
Max accuracy: 0.76%
Do not use KL loss
Epoch: [52]  [ 0/78]  eta: 0:07:21  lr: 0.000126  sp_loss: 8.1021 (8.1021)  fam_loss: 3.9880 (3.9880)  manu_loss: 2.9489 (2.9489)  ot_loss: 2.5449 (2.5449)  base_loss: 15.0389 (15.0389)  time: 5.6633  data: 5.3730  max mem: 11378
Epoch: [52]  [77/78]  eta: 0:00:00  lr: 0.000126  sp_loss: 7.0093 (6.8865)  fam_loss: 3.6972 (3.4709)  manu_loss: 2.5744 (2.5119)  ot_loss: 2.4453 (2.4662)  base_loss: 13.3725 (12.8693)  time: 0.4034  data: 0.1714  max mem: 11378
Epoch: [52] Total time: 0:00:36 (0.4708 s / it)
Averaged stats: lr: 0.000126  sp_loss: 7.0093 (6.8865)  fam_loss: 3.6972 (3.4709)  manu_loss: 2.5744 (2.5119)  ot_loss: 2.4453 (2.4662)  base_loss: 13.3725 (12.8693)
Test:  [  0/391]  eta: 0:41:15  sploss: 8.2217 (8.2217)  famloss: 2.5303 (2.5303)  manuloss: 1.6041 (1.6041)  acc1: 0.0000 (0.0000)  acc5: 5.8594 (5.8594)  family_acc1: 45.7031 (45.7031)  manu_acc1: 64.0625 (64.0625)  time: 6.3302  data: 6.0202  max mem: 11378
Test:  [250/391]  eta: 0:00:59  sploss: 8.2106 (8.2840)  famloss: 2.8369 (2.7819)  manuloss: 1.8879 (1.8141)  acc1: 0.3906 (0.6350)  acc5: 3.5156 (4.2486)  family_acc1: 40.2344 (41.3082)  manu_acc1: 55.4688 (58.9688)  time: 0.3349  data: 0.1142  max mem: 11378
Test:  [390/391]  eta: 0:00:00  sploss: 8.0730 (8.2391)  famloss: 2.5213 (2.7164)  manuloss: 1.4806 (1.7393)  acc1: 0.7812 (0.6710)  acc5: 4.6875 (4.3060)  family_acc1: 45.6250 (42.3140)  manu_acc1: 67.5781 (60.6430)  time: 0.4071  data: 0.2044  max mem: 11378
Test: Total time: 0:02:44 (0.4211 s / it)
* Acc@1 0.671 Acc@5 4.306 family@1 42.314 manu@1 60.643 sploss 8.239 fmloss 2.716 mfloss 1.739
FPA: 0.534% | TICE: 98.019%   
 wAP: 6.148  |  LCA: 294.375   |   Precision and Recall: 1.858%
Accuracy of the network on the 100000 test images: 0.7%
Max accuracy: 0.76%
Do not use KL loss
Epoch: [53]  [ 0/78]  eta: 0:08:36  lr: 0.000122  sp_loss: 7.4818 (7.4818)  fam_loss: 3.7564 (3.7564)  manu_loss: 2.6300 (2.6300)  ot_loss: 2.5137 (2.5137)  base_loss: 13.8682 (13.8682)  time: 6.6185  data: 6.2916  max mem: 11378
Epoch: [53]  [77/78]  eta: 0:00:00  lr: 0.000122  sp_loss: 7.4697 (7.2655)  fam_loss: 3.8165 (3.6980)  manu_loss: 2.7345 (2.6637)  ot_loss: 2.5098 (2.4954)  base_loss: 14.0206 (13.6273)  time: 0.3939  data: 0.1651  max mem: 11378
Epoch: [53] Total time: 0:00:36 (0.4625 s / it)
Averaged stats: lr: 0.000122  sp_loss: 7.4697 (7.2655)  fam_loss: 3.8165 (3.6980)  manu_loss: 2.7345 (2.6637)  ot_loss: 2.5098 (2.4954)  base_loss: 14.0206 (13.6273)
Test:  [  0/391]  eta: 0:37:57  sploss: 8.1959 (8.1959)  famloss: 2.4663 (2.4663)  manuloss: 1.5853 (1.5853)  acc1: 1.5625 (1.5625)  acc5: 5.0781 (5.0781)  family_acc1: 44.1406 (44.1406)  manu_acc1: 66.4062 (66.4062)  time: 5.8257  data: 5.5486  max mem: 11378
Test:  [250/391]  eta: 0:01:00  sploss: 8.1209 (8.1734)  famloss: 2.7393 (2.7193)  manuloss: 1.8585 (1.7589)  acc1: 0.7812 (0.6863)  acc5: 4.2969 (4.4152)  family_acc1: 41.0156 (41.8996)  manu_acc1: 56.2500 (59.9664)  time: 0.3429  data: 0.0708  max mem: 11378
Test:  [390/391]  eta: 0:00:00  sploss: 7.9237 (8.1297)  famloss: 2.4562 (2.6510)  manuloss: 1.3755 (1.6865)  acc1: 1.1719 (0.7190)  acc5: 5.4688 (4.5290)  family_acc1: 47.2656 (43.1180)  manu_acc1: 68.7500 (61.4810)  time: 0.4094  data: 0.1820  max mem: 11378
Test: Total time: 0:02:45 (0.4242 s / it)
* Acc@1 0.719 Acc@5 4.529 family@1 43.118 manu@1 61.481 sploss 8.130 fmloss 2.651 mfloss 1.687
FPA: 0.547% | TICE: 98.200%   
 wAP: 6.288  |  LCA: 294.571   |   Precision and Recall: 1.798%
Accuracy of the network on the 100000 test images: 0.7%
Max accuracy: 0.76%
Do not use KL loss
Epoch: [54]  [ 0/78]  eta: 0:08:21  lr: 0.000119  sp_loss: 5.4443 (5.4443)  fam_loss: 2.7868 (2.7868)  manu_loss: 1.9951 (1.9951)  ot_loss: 2.2969 (2.2969)  base_loss: 10.2261 (10.2261)  time: 6.4236  data: 6.0602  max mem: 11378
Epoch: [54]  [77/78]  eta: 0:00:00  lr: 0.000119  sp_loss: 7.0499 (7.0259)  fam_loss: 3.6168 (3.5785)  manu_loss: 2.6403 (2.6014)  ot_loss: 2.4902 (2.4734)  base_loss: 13.2024 (13.2058)  time: 0.4109  data: 0.1798  max mem: 11378
Epoch: [54] Total time: 0:00:36 (0.4679 s / it)
Averaged stats: lr: 0.000119  sp_loss: 7.0499 (7.0259)  fam_loss: 3.6168 (3.5785)  manu_loss: 2.6403 (2.6014)  ot_loss: 2.4902 (2.4734)  base_loss: 13.2024 (13.2058)
Test:  [  0/391]  eta: 0:42:21  sploss: 8.3420 (8.3420)  famloss: 2.4966 (2.4966)  manuloss: 1.5623 (1.5623)  acc1: 0.3906 (0.3906)  acc5: 3.9062 (3.9062)  family_acc1: 42.9688 (42.9688)  manu_acc1: 62.1094 (62.1094)  time: 6.5006  data: 6.1724  max mem: 11378
Test:  [250/391]  eta: 0:01:01  sploss: 8.2308 (8.3025)  famloss: 2.7624 (2.7357)  manuloss: 1.8826 (1.7907)  acc1: 0.3906 (0.5743)  acc5: 3.1250 (3.5919)  family_acc1: 40.2344 (41.8607)  manu_acc1: 55.4688 (59.3034)  time: 0.3402  data: 0.0984  max mem: 11378
Test:  [390/391]  eta: 0:00:00  sploss: 8.1151 (8.2581)  famloss: 2.4307 (2.6654)  manuloss: 1.3931 (1.7137)  acc1: 0.3906 (0.5860)  acc5: 4.2969 (3.7550)  family_acc1: 48.4375 (42.9960)  manu_acc1: 68.3594 (60.9650)  time: 0.4152  data: 0.1875  max mem: 11378
Test: Total time: 0:02:46 (0.4265 s / it)
* Acc@1 0.586 Acc@5 3.755 family@1 42.996 manu@1 60.965 sploss 8.258 fmloss 2.665 mfloss 1.714
FPA: 0.467% | TICE: 98.450%   
 wAP: 6.147  |  LCA: 295.122   |   Precision and Recall: 1.601%
Accuracy of the network on the 100000 test images: 0.6%
Max accuracy: 0.76%
Do not use KL loss
Epoch: [55]  [ 0/78]  eta: 0:07:44  lr: 0.000115  sp_loss: 8.0974 (8.0974)  fam_loss: 4.0655 (4.0655)  manu_loss: 2.9011 (2.9011)  ot_loss: 2.5527 (2.5527)  base_loss: 15.0640 (15.0640)  time: 5.9498  data: 5.5186  max mem: 11378
Epoch: [55]  [77/78]  eta: 0:00:00  lr: 0.000115  sp_loss: 7.4037 (6.9559)  fam_loss: 3.7113 (3.5555)  manu_loss: 2.7678 (2.5578)  ot_loss: 2.4863 (2.4602)  base_loss: 14.0893 (13.0692)  time: 0.4014  data: 0.1691  max mem: 11378
Epoch: [55] Total time: 0:00:35 (0.4576 s / it)
Averaged stats: lr: 0.000115  sp_loss: 7.4037 (6.9559)  fam_loss: 3.7113 (3.5555)  manu_loss: 2.7678 (2.5578)  ot_loss: 2.4863 (2.4602)  base_loss: 14.0893 (13.0692)
Test:  [  0/391]  eta: 0:40:30  sploss: 8.1009 (8.1009)  famloss: 2.5380 (2.5380)  manuloss: 1.5673 (1.5673)  acc1: 1.5625 (1.5625)  acc5: 5.4688 (5.4688)  family_acc1: 43.7500 (43.7500)  manu_acc1: 66.4062 (66.4062)  time: 6.2160  data: 5.8878  max mem: 11378
Test:  [250/391]  eta: 0:01:00  sploss: 8.0659 (8.1200)  famloss: 2.7240 (2.7301)  manuloss: 1.8237 (1.7720)  acc1: 0.7812 (0.7797)  acc5: 3.9062 (4.9816)  family_acc1: 41.7969 (42.0381)  manu_acc1: 57.4219 (59.8559)  time: 0.3603  data: 0.1398  max mem: 11378
Test:  [390/391]  eta: 0:00:00  sploss: 7.8584 (8.0696)  famloss: 2.4476 (2.6572)  manuloss: 1.3700 (1.6948)  acc1: 1.1719 (0.8100)  acc5: 5.8594 (5.1240)  family_acc1: 47.6562 (43.2770)  manu_acc1: 69.5312 (61.5290)  time: 0.4115  data: 0.2082  max mem: 11378
Test: Total time: 0:02:47 (0.4275 s / it)
* Acc@1 0.810 Acc@5 5.124 family@1 43.277 manu@1 61.529 sploss 8.070 fmloss 2.657 mfloss 1.695
FPA: 0.647% | TICE: 97.870%   
 wAP: 6.385  |  LCA: 293.641   |   Precision and Recall: 2.068%
Accuracy of the network on the 100000 test images: 0.8%
Max accuracy: 0.81%
Do not use KL loss
Epoch: [56]  [ 0/78]  eta: 0:08:00  lr: 0.000111  sp_loss: 7.2866 (7.2866)  fam_loss: 3.7764 (3.7764)  manu_loss: 2.7326 (2.7326)  ot_loss: 2.4980 (2.4980)  base_loss: 13.7956 (13.7956)  time: 6.1562  data: 5.8682  max mem: 11378
Epoch: [56]  [77/78]  eta: 0:00:00  lr: 0.000111  sp_loss: 7.6906 (7.0546)  fam_loss: 3.8614 (3.6150)  manu_loss: 2.7869 (2.6045)  ot_loss: 2.5078 (2.4691)  base_loss: 14.0992 (13.2742)  time: 0.4085  data: 0.1783  max mem: 11378
Epoch: [56] Total time: 0:00:35 (0.4580 s / it)
Averaged stats: lr: 0.000111  sp_loss: 7.6906 (7.0546)  fam_loss: 3.8614 (3.6150)  manu_loss: 2.7869 (2.6045)  ot_loss: 2.5078 (2.4691)  base_loss: 14.0992 (13.2742)
Test:  [  0/391]  eta: 0:42:19  sploss: 8.1120 (8.1120)  famloss: 2.5547 (2.5547)  manuloss: 1.5802 (1.5802)  acc1: 0.7812 (0.7812)  acc5: 4.2969 (4.2969)  family_acc1: 44.5312 (44.5312)  manu_acc1: 67.1875 (67.1875)  time: 6.4936  data: 6.2208  max mem: 11378
Test:  [250/391]  eta: 0:01:00  sploss: 8.0320 (8.1409)  famloss: 2.7445 (2.7495)  manuloss: 1.8559 (1.7904)  acc1: 0.3906 (0.7719)  acc5: 4.2969 (4.5241)  family_acc1: 41.4062 (42.1128)  manu_acc1: 56.6406 (59.9991)  time: 0.3495  data: 0.1137  max mem: 11378
Test:  [390/391]  eta: 0:00:00  sploss: 7.9120 (8.0924)  famloss: 2.4746 (2.6818)  manuloss: 1.4108 (1.7141)  acc1: 1.1719 (0.7970)  acc5: 5.4688 (4.6700)  family_acc1: 46.4844 (43.2460)  manu_acc1: 69.5312 (61.5950)  time: 0.3918  data: 0.1860  max mem: 11378
Test: Total time: 0:02:46 (0.4256 s / it)
* Acc@1 0.797 Acc@5 4.670 family@1 43.246 manu@1 61.595 sploss 8.092 fmloss 2.682 mfloss 1.714
FPA: 0.633% | TICE: 97.962%   
 wAP: 6.372  |  LCA: 293.762   |   Precision and Recall: 2.046%
Accuracy of the network on the 100000 test images: 0.8%
Max accuracy: 0.81%
Do not use KL loss
Epoch: [57]  [ 0/78]  eta: 0:07:50  lr: 0.000108  sp_loss: 5.5296 (5.5296)  fam_loss: 2.9954 (2.9954)  manu_loss: 2.1969 (2.1969)  ot_loss: 2.3164 (2.3164)  base_loss: 10.7220 (10.7220)  time: 6.0291  data: 5.7252  max mem: 11378
Epoch: [57]  [77/78]  eta: 0:00:00  lr: 0.000108  sp_loss: 7.3980 (6.9207)  fam_loss: 3.8998 (3.5982)  manu_loss: 2.7235 (2.5901)  ot_loss: 2.5020 (2.4485)  base_loss: 14.1192 (13.1091)  time: 0.4119  data: 0.1838  max mem: 11378
Epoch: [57] Total time: 0:00:36 (0.4622 s / it)
Averaged stats: lr: 0.000108  sp_loss: 7.3980 (6.9207)  fam_loss: 3.8998 (3.5982)  manu_loss: 2.7235 (2.5901)  ot_loss: 2.5020 (2.4485)  base_loss: 14.1192 (13.1091)
Test:  [  0/391]  eta: 0:40:21  sploss: 8.1124 (8.1124)  famloss: 2.4935 (2.4935)  manuloss: 1.5770 (1.5770)  acc1: 1.5625 (1.5625)  acc5: 5.0781 (5.0781)  family_acc1: 44.5312 (44.5312)  manu_acc1: 66.0156 (66.0156)  time: 6.1922  data: 5.8902  max mem: 11378
Test:  [250/391]  eta: 0:01:01  sploss: 8.0795 (8.1209)  famloss: 2.7422 (2.7522)  manuloss: 1.8625 (1.7779)  acc1: 0.3906 (0.7921)  acc5: 3.9062 (4.5832)  family_acc1: 41.0156 (41.8716)  manu_acc1: 56.2500 (59.9088)  time: 0.3317  data: 0.1047  max mem: 11378
Test:  [390/391]  eta: 0:00:00  sploss: 7.8932 (8.0698)  famloss: 2.4943 (2.6836)  manuloss: 1.3874 (1.7018)  acc1: 1.1719 (0.8160)  acc5: 4.6875 (4.7270)  family_acc1: 48.0469 (43.0920)  manu_acc1: 69.5312 (61.4860)  time: 0.4073  data: 0.2031  max mem: 11378
Test: Total time: 0:02:46 (0.4256 s / it)
* Acc@1 0.816 Acc@5 4.727 family@1 43.092 manu@1 61.486 sploss 8.070 fmloss 2.684 mfloss 1.702
FPA: 0.640% | TICE: 97.967%   
 wAP: 6.371  |  LCA: 293.780   |   Precision and Recall: 2.021%
Accuracy of the network on the 100000 test images: 0.8%
Max accuracy: 0.82%
Do not use KL loss
Epoch: [58]  [ 0/78]  eta: 0:08:04  lr: 0.000104  sp_loss: 4.5249 (4.5249)  fam_loss: 2.3700 (2.3700)  manu_loss: 1.8389 (1.8389)  ot_loss: 2.2031 (2.2031)  base_loss: 8.7338 (8.7338)  time: 6.2063  data: 5.7391  max mem: 11378
Epoch: [58]  [77/78]  eta: 0:00:00  lr: 0.000104  sp_loss: 6.9905 (7.0074)  fam_loss: 3.7237 (3.6227)  manu_loss: 2.6267 (2.6017)  ot_loss: 2.4258 (2.4588)  base_loss: 13.3904 (13.2319)  time: 0.4072  data: 0.1773  max mem: 11378
Epoch: [58] Total time: 0:00:37 (0.4821 s / it)
Averaged stats: lr: 0.000104  sp_loss: 6.9905 (7.0074)  fam_loss: 3.7237 (3.6227)  manu_loss: 2.6267 (2.6017)  ot_loss: 2.4258 (2.4588)  base_loss: 13.3904 (13.2319)
Test:  [  0/391]  eta: 0:44:53  sploss: 8.1953 (8.1953)  famloss: 2.4821 (2.4821)  manuloss: 1.5970 (1.5970)  acc1: 1.1719 (1.1719)  acc5: 3.9062 (3.9062)  family_acc1: 46.4844 (46.4844)  manu_acc1: 64.4531 (64.4531)  time: 6.8882  data: 6.5611  max mem: 11378
Test:  [250/391]  eta: 0:01:01  sploss: 8.1832 (8.2695)  famloss: 2.7586 (2.7566)  manuloss: 1.8466 (1.8054)  acc1: 0.7812 (0.5883)  acc5: 3.1250 (3.9047)  family_acc1: 40.2344 (41.5899)  manu_acc1: 56.6406 (59.3594)  time: 0.3629  data: 0.1285  max mem: 11378
Test:  [390/391]  eta: 0:00:00  sploss: 8.0688 (8.2252)  famloss: 2.4510 (2.6907)  manuloss: 1.4339 (1.7300)  acc1: 0.7812 (0.5990)  acc5: 3.9062 (3.9860)  family_acc1: 48.0469 (42.6890)  manu_acc1: 69.3750 (60.9130)  time: 0.4209  data: 0.2174  max mem: 11378
Test: Total time: 0:02:47 (0.4290 s / it)
* Acc@1 0.599 Acc@5 3.986 family@1 42.689 manu@1 60.913 sploss 8.225 fmloss 2.691 mfloss 1.730
FPA: 0.477% | TICE: 98.458%   
 wAP: 6.127  |  LCA: 295.066   |   Precision and Recall: 1.632%
Accuracy of the network on the 100000 test images: 0.6%
Max accuracy: 0.82%
Do not use KL loss
Epoch: [59]  [ 0/78]  eta: 0:07:55  lr: 0.000100  sp_loss: 7.8860 (7.8860)  fam_loss: 4.0764 (4.0764)  manu_loss: 2.8228 (2.8228)  ot_loss: 2.4629 (2.4629)  base_loss: 14.7852 (14.7852)  time: 6.0989  data: 5.6002  max mem: 11378
Epoch: [59]  [77/78]  eta: 0:00:00  lr: 0.000100  sp_loss: 7.0661 (6.9079)  fam_loss: 3.8375 (3.5982)  manu_loss: 2.7260 (2.6001)  ot_loss: 2.4629 (2.4504)  base_loss: 13.6296 (13.1063)  time: 0.4152  data: 0.1858  max mem: 11378
Epoch: [59] Total time: 0:00:37 (0.4751 s / it)
Averaged stats: lr: 0.000100  sp_loss: 7.0661 (6.9079)  fam_loss: 3.8375 (3.5982)  manu_loss: 2.7260 (2.6001)  ot_loss: 2.4629 (2.4504)  base_loss: 13.6296 (13.1063)
Test:  [  0/391]  eta: 0:39:26  sploss: 8.0405 (8.0405)  famloss: 2.4868 (2.4868)  manuloss: 1.5440 (1.5440)  acc1: 0.7812 (0.7812)  acc5: 6.2500 (6.2500)  family_acc1: 45.3125 (45.3125)  manu_acc1: 63.6719 (63.6719)  time: 6.0518  data: 5.7872  max mem: 11378
Test:  [250/391]  eta: 0:01:00  sploss: 8.0665 (8.1064)  famloss: 2.7616 (2.7565)  manuloss: 1.8557 (1.8070)  acc1: 0.7812 (0.7081)  acc5: 3.9062 (4.6190)  family_acc1: 40.6250 (41.8903)  manu_acc1: 55.8594 (59.3812)  time: 0.3741  data: 0.1429  max mem: 11378
Test:  [390/391]  eta: 0:00:00  sploss: 7.9181 (8.0588)  famloss: 2.4765 (2.6869)  manuloss: 1.4288 (1.7283)  acc1: 0.7812 (0.7350)  acc5: 4.6875 (4.7370)  family_acc1: 47.6562 (43.0170)  manu_acc1: 68.3594 (61.0790)  time: 0.4098  data: 0.2063  max mem: 11378
Test: Total time: 0:02:47 (0.4277 s / it)
* Acc@1 0.735 Acc@5 4.737 family@1 43.017 manu@1 61.079 sploss 8.059 fmloss 2.687 mfloss 1.728
FPA: 0.579% | TICE: 97.982%   
 wAP: 6.283  |  LCA: 294.239   |   Precision and Recall: 1.868%
Accuracy of the network on the 100000 test images: 0.7%
Max accuracy: 0.82%
Do not use KL loss
Epoch: [60]  [ 0/78]  eta: 0:07:53  lr: 0.000097  sp_loss: 6.5537 (6.5537)  fam_loss: 3.4576 (3.4576)  manu_loss: 2.4882 (2.4882)  ot_loss: 2.4453 (2.4453)  base_loss: 12.4995 (12.4995)  time: 6.0714  data: 5.7017  max mem: 11378
Epoch: [60]  [77/78]  eta: 0:00:00  lr: 0.000097  sp_loss: 6.9296 (6.9338)  fam_loss: 3.7024 (3.5886)  manu_loss: 2.6964 (2.5993)  ot_loss: 2.4258 (2.4434)  base_loss: 13.3287 (13.1217)  time: 0.4125  data: 0.1828  max mem: 11378
Epoch: [60] Total time: 0:00:36 (0.4652 s / it)
Averaged stats: lr: 0.000097  sp_loss: 6.9296 (6.9338)  fam_loss: 3.7024 (3.5886)  manu_loss: 2.6964 (2.5993)  ot_loss: 2.4258 (2.4434)  base_loss: 13.3287 (13.1217)
Test:  [  0/391]  eta: 0:36:31  sploss: 7.9804 (7.9804)  famloss: 2.4462 (2.4462)  manuloss: 1.5297 (1.5297)  acc1: 0.7812 (0.7812)  acc5: 6.6406 (6.6406)  family_acc1: 46.0938 (46.0938)  manu_acc1: 65.2344 (65.2344)  time: 5.6044  data: 5.3624  max mem: 11378
Test:  [250/391]  eta: 0:01:00  sploss: 7.9933 (8.0605)  famloss: 2.7153 (2.7128)  manuloss: 1.8163 (1.7728)  acc1: 0.7812 (0.8202)  acc5: 5.0781 (5.3629)  family_acc1: 41.4062 (42.1408)  manu_acc1: 56.2500 (59.6147)  time: 0.3752  data: 0.1526  max mem: 11378
Test:  [390/391]  eta: 0:00:00  sploss: 7.8648 (8.0109)  famloss: 2.4134 (2.6430)  manuloss: 1.3991 (1.6922)  acc1: 1.1719 (0.8490)  acc5: 5.4688 (5.4480)  family_acc1: 46.4844 (43.2170)  manu_acc1: 69.1406 (61.2460)  time: 0.3933  data: 0.1832  max mem: 11378
Test: Total time: 0:02:45 (0.4235 s / it)
* Acc@1 0.849 Acc@5 5.448 family@1 43.217 manu@1 61.246 sploss 8.011 fmloss 2.643 mfloss 1.692
FPA: 0.692% | TICE: 97.649%   
 wAP: 6.406  |  LCA: 293.301   |   Precision and Recall: 2.157%
Accuracy of the network on the 100000 test images: 0.8%
Max accuracy: 0.85%
Do not use KL loss
Epoch: [61]  [ 0/78]  eta: 0:08:08  lr: 0.000093  sp_loss: 5.1203 (5.1203)  fam_loss: 2.6988 (2.6988)  manu_loss: 1.9791 (1.9791)  ot_loss: 2.2930 (2.2930)  base_loss: 9.7983 (9.7983)  time: 6.2597  data: 5.8046  max mem: 11378
Epoch: [61]  [77/78]  eta: 0:00:00  lr: 0.000093  sp_loss: 7.0424 (6.6959)  fam_loss: 3.4707 (3.4932)  manu_loss: 2.4801 (2.5155)  ot_loss: 2.4238 (2.4144)  base_loss: 13.1501 (12.7047)  time: 0.3999  data: 0.1703  max mem: 11378
Epoch: [61] Total time: 0:00:36 (0.4659 s / it)
Averaged stats: lr: 0.000093  sp_loss: 7.0424 (6.6959)  fam_loss: 3.4707 (3.4932)  manu_loss: 2.4801 (2.5155)  ot_loss: 2.4238 (2.4144)  base_loss: 13.1501 (12.7047)
Test:  [  0/391]  eta: 0:38:53  sploss: 7.9751 (7.9751)  famloss: 2.5013 (2.5013)  manuloss: 1.5649 (1.5649)  acc1: 0.0000 (0.0000)  acc5: 7.0312 (7.0312)  family_acc1: 47.2656 (47.2656)  manu_acc1: 65.6250 (65.6250)  time: 5.9673  data: 5.5596  max mem: 11378
Test:  [250/391]  eta: 0:01:01  sploss: 8.0207 (8.0885)  famloss: 2.7313 (2.7352)  manuloss: 1.9000 (1.8064)  acc1: 0.7812 (0.6536)  acc5: 4.2969 (4.5241)  family_acc1: 41.4062 (42.2855)  manu_acc1: 56.6406 (59.7469)  time: 0.3429  data: 0.1248  max mem: 11378
Test:  [390/391]  eta: 0:00:00  sploss: 7.9041 (8.0421)  famloss: 2.4360 (2.6654)  manuloss: 1.4109 (1.7292)  acc1: 0.7812 (0.6870)  acc5: 5.0781 (4.5960)  family_acc1: 48.0469 (43.3790)  manu_acc1: 69.5312 (61.3650)  time: 0.3947  data: 0.1902  max mem: 11378
Test: Total time: 0:02:46 (0.4268 s / it)
* Acc@1 0.687 Acc@5 4.596 family@1 43.379 manu@1 61.365 sploss 8.042 fmloss 2.665 mfloss 1.729
FPA: 0.546% | TICE: 98.273%   
 wAP: 6.282  |  LCA: 294.667   |   Precision and Recall: 1.759%
Accuracy of the network on the 100000 test images: 0.7%
Max accuracy: 0.85%
Do not use KL loss
Epoch: [62]  [ 0/78]  eta: 0:07:48  lr: 0.000089  sp_loss: 7.9218 (7.9218)  fam_loss: 4.1396 (4.1396)  manu_loss: 3.1566 (3.1566)  ot_loss: 2.5918 (2.5918)  base_loss: 15.2179 (15.2179)  time: 6.0014  data: 5.6617  max mem: 11378
Epoch: [62]  [77/78]  eta: 0:00:00  lr: 0.000089  sp_loss: 6.1312 (6.4034)  fam_loss: 3.2554 (3.3823)  manu_loss: 2.2916 (2.4398)  ot_loss: 2.3184 (2.3857)  base_loss: 11.6628 (12.2254)  time: 0.4127  data: 0.1819  max mem: 11378
Epoch: [62] Total time: 0:00:36 (0.4697 s / it)
Averaged stats: lr: 0.000089  sp_loss: 6.1312 (6.4034)  fam_loss: 3.2554 (3.3823)  manu_loss: 2.2916 (2.4398)  ot_loss: 2.3184 (2.3857)  base_loss: 11.6628 (12.2254)
Test:  [  0/391]  eta: 0:42:26  sploss: 8.0430 (8.0430)  famloss: 2.4959 (2.4959)  manuloss: 1.5580 (1.5580)  acc1: 0.3906 (0.3906)  acc5: 5.8594 (5.8594)  family_acc1: 47.2656 (47.2656)  manu_acc1: 64.8438 (64.8438)  time: 6.5117  data: 6.2434  max mem: 11378
Test:  [250/391]  eta: 0:01:01  sploss: 8.0377 (8.1155)  famloss: 2.7328 (2.7307)  manuloss: 1.8617 (1.7875)  acc1: 0.3906 (0.6256)  acc5: 4.2969 (4.4665)  family_acc1: 41.0156 (42.3789)  manu_acc1: 56.6406 (60.0271)  time: 0.3450  data: 0.1143  max mem: 11378
Test:  [390/391]  eta: 0:00:00  sploss: 7.9204 (8.0686)  famloss: 2.4624 (2.6596)  manuloss: 1.4243 (1.7112)  acc1: 0.7812 (0.6400)  acc5: 4.2969 (4.5650)  family_acc1: 48.4375 (43.5190)  manu_acc1: 69.1406 (61.5750)  time: 0.3999  data: 0.1958  max mem: 11378
Test: Total time: 0:02:46 (0.4264 s / it)
* Acc@1 0.640 Acc@5 4.565 family@1 43.519 manu@1 61.575 sploss 8.069 fmloss 2.660 mfloss 1.711
FPA: 0.508% | TICE: 98.442%   
 wAP: 6.260  |  LCA: 295.062   |   Precision and Recall: 1.639%
Accuracy of the network on the 100000 test images: 0.6%
Max accuracy: 0.85%
Do not use KL loss
Epoch: [63]  [ 0/78]  eta: 0:07:53  lr: 0.000086  sp_loss: 8.2540 (8.2540)  fam_loss: 4.3203 (4.3203)  manu_loss: 3.1014 (3.1014)  ot_loss: 2.5879 (2.5879)  base_loss: 15.6758 (15.6758)  time: 6.0756  data: 5.5712  max mem: 11378
Epoch: [63]  [77/78]  eta: 0:00:00  lr: 0.000086  sp_loss: 7.3538 (6.8046)  fam_loss: 3.8177 (3.6052)  manu_loss: 2.6821 (2.6020)  ot_loss: 2.4551 (2.4193)  base_loss: 14.0648 (13.0118)  time: 0.4036  data: 0.1736  max mem: 11378
Epoch: [63] Total time: 0:00:36 (0.4620 s / it)
Averaged stats: lr: 0.000086  sp_loss: 7.3538 (6.8046)  fam_loss: 3.8177 (3.6052)  manu_loss: 2.6821 (2.6020)  ot_loss: 2.4551 (2.4193)  base_loss: 14.0648 (13.0118)
Test:  [  0/391]  eta: 0:41:20  sploss: 7.9803 (7.9803)  famloss: 2.4976 (2.4976)  manuloss: 1.5772 (1.5772)  acc1: 1.1719 (1.1719)  acc5: 7.0312 (7.0312)  family_acc1: 47.6562 (47.6562)  manu_acc1: 65.2344 (65.2344)  time: 6.3439  data: 6.0250  max mem: 11378
Test:  [250/391]  eta: 0:00:59  sploss: 7.9897 (8.0674)  famloss: 2.7608 (2.7368)  manuloss: 1.8697 (1.7962)  acc1: 0.3906 (0.6816)  acc5: 4.2969 (4.7622)  family_acc1: 40.6250 (42.3058)  manu_acc1: 55.4688 (59.7189)  time: 0.3252  data: 0.1088  max mem: 11378
Test:  [390/391]  eta: 0:00:00  sploss: 7.8491 (8.0151)  famloss: 2.4169 (2.6655)  manuloss: 1.4121 (1.7185)  acc1: 0.7812 (0.7450)  acc5: 5.0781 (4.9080)  family_acc1: 48.4375 (43.4060)  manu_acc1: 68.7500 (61.3530)  time: 0.4087  data: 0.2000  max mem: 11378
Test: Total time: 0:02:42 (0.4154 s / it)
* Acc@1 0.745 Acc@5 4.908 family@1 43.406 manu@1 61.353 sploss 8.015 fmloss 2.666 mfloss 1.719
FPA: 0.587% | TICE: 98.120%   
 wAP: 6.336  |  LCA: 294.412   |   Precision and Recall: 1.820%
Accuracy of the network on the 100000 test images: 0.7%
Max accuracy: 0.85%
Do not use KL loss
Epoch: [64]  [ 0/78]  eta: 0:07:41  lr: 0.000082  sp_loss: 6.1663 (6.1663)  fam_loss: 3.5392 (3.5392)  manu_loss: 2.5763 (2.5763)  ot_loss: 2.3496 (2.3496)  base_loss: 12.2818 (12.2818)  time: 5.9129  data: 5.6212  max mem: 11378
Epoch: [64]  [77/78]  eta: 0:00:00  lr: 0.000082  sp_loss: 6.9637 (6.5407)  fam_loss: 3.5635 (3.4888)  manu_loss: 2.6048 (2.5185)  ot_loss: 2.4023 (2.3894)  base_loss: 12.9516 (12.5480)  time: 0.4042  data: 0.1693  max mem: 11378
Epoch: [64] Total time: 0:00:35 (0.4531 s / it)
Averaged stats: lr: 0.000082  sp_loss: 6.9637 (6.5407)  fam_loss: 3.5635 (3.4888)  manu_loss: 2.6048 (2.5185)  ot_loss: 2.4023 (2.3894)  base_loss: 12.9516 (12.5480)
Test:  [  0/391]  eta: 0:37:59  sploss: 7.9221 (7.9221)  famloss: 2.5179 (2.5179)  manuloss: 1.5705 (1.5705)  acc1: 0.7812 (0.7812)  acc5: 5.8594 (5.8594)  family_acc1: 46.4844 (46.4844)  manu_acc1: 66.0156 (66.0156)  time: 5.8295  data: 5.5653  max mem: 11378
Test:  [250/391]  eta: 0:01:01  sploss: 8.0111 (8.0397)  famloss: 2.7647 (2.7276)  manuloss: 1.8813 (1.8002)  acc1: 0.3906 (0.6645)  acc5: 3.5156 (4.6330)  family_acc1: 40.6250 (42.6357)  manu_acc1: 56.2500 (60.0271)  time: 0.3400  data: 0.1136  max mem: 11378
Test:  [390/391]  eta: 0:00:00  sploss: 7.8191 (7.9905)  famloss: 2.4518 (2.6582)  manuloss: 1.4217 (1.7245)  acc1: 0.7812 (0.6800)  acc5: 4.6875 (4.7350)  family_acc1: 47.2656 (43.7350)  manu_acc1: 69.3750 (61.6250)  time: 0.3958  data: 0.1937  max mem: 11378
Test: Total time: 0:02:46 (0.4255 s / it)
* Acc@1 0.680 Acc@5 4.735 family@1 43.735 manu@1 61.625 sploss 7.991 fmloss 2.658 mfloss 1.725
FPA: 0.551% | TICE: 98.318%   
 wAP: 6.317  |  LCA: 294.619   |   Precision and Recall: 1.759%
Accuracy of the network on the 100000 test images: 0.7%
Max accuracy: 0.85%
Do not use KL loss
Epoch: [65]  [ 0/78]  eta: 0:07:45  lr: 0.000079  sp_loss: 4.5500 (4.5500)  fam_loss: 2.5419 (2.5419)  manu_loss: 1.8076 (1.8076)  ot_loss: 2.1719 (2.1719)  base_loss: 8.8995 (8.8995)  time: 5.9709  data: 5.6744  max mem: 11378
Epoch: [65]  [77/78]  eta: 0:00:00  lr: 0.000079  sp_loss: 6.9404 (6.4807)  fam_loss: 3.7170 (3.4388)  manu_loss: 2.6707 (2.4974)  ot_loss: 2.4102 (2.3725)  base_loss: 13.4847 (12.4169)  time: 0.3995  data: 0.1673  max mem: 11378
Epoch: [65] Total time: 0:00:35 (0.4590 s / it)
Averaged stats: lr: 0.000079  sp_loss: 6.9404 (6.4807)  fam_loss: 3.7170 (3.4388)  manu_loss: 2.6707 (2.4974)  ot_loss: 2.4102 (2.3725)  base_loss: 13.4847 (12.4169)
Test:  [  0/391]  eta: 0:40:17  sploss: 8.0578 (8.0578)  famloss: 2.4832 (2.4832)  manuloss: 1.5407 (1.5407)  acc1: 0.0000 (0.0000)  acc5: 4.2969 (4.2969)  family_acc1: 48.4375 (48.4375)  manu_acc1: 67.1875 (67.1875)  time: 6.1817  data: 5.8735  max mem: 11378
Test:  [250/391]  eta: 0:01:00  sploss: 8.0326 (8.0987)  famloss: 2.7372 (2.7167)  manuloss: 1.8539 (1.7905)  acc1: 0.3906 (0.5338)  acc5: 3.5156 (4.4354)  family_acc1: 41.0156 (42.7260)  manu_acc1: 57.0312 (60.1298)  time: 0.3378  data: 0.1164  max mem: 11378
Test:  [390/391]  eta: 0:00:00  sploss: 7.8779 (8.0500)  famloss: 2.4377 (2.6492)  manuloss: 1.4314 (1.7161)  acc1: 0.3906 (0.5610)  acc5: 4.6875 (4.5000)  family_acc1: 48.8281 (43.8480)  manu_acc1: 69.1406 (61.7410)  time: 0.3976  data: 0.1935  max mem: 11378
Test: Total time: 0:02:44 (0.4206 s / it)
* Acc@1 0.561 Acc@5 4.500 family@1 43.848 manu@1 61.741 sploss 8.050 fmloss 2.649 mfloss 1.716
FPA: 0.452% | TICE: 98.486%   
 wAP: 6.226  |  LCA: 295.423   |   Precision and Recall: 1.500%
Accuracy of the network on the 100000 test images: 0.6%
Max accuracy: 0.85%
Do not use KL loss
Epoch: [66]  [ 0/78]  eta: 0:07:45  lr: 0.000076  sp_loss: 7.2527 (7.2527)  fam_loss: 3.9256 (3.9256)  manu_loss: 2.7659 (2.7659)  ot_loss: 2.4453 (2.4453)  base_loss: 13.9442 (13.9442)  time: 5.9678  data: 5.6844  max mem: 11378
Epoch: [66]  [77/78]  eta: 0:00:00  lr: 0.000076  sp_loss: 6.9131 (6.6627)  fam_loss: 3.7488 (3.5389)  manu_loss: 2.6812 (2.5429)  ot_loss: 2.4160 (2.3930)  base_loss: 13.2559 (12.7445)  time: 0.3927  data: 0.1633  max mem: 11378
Epoch: [66] Total time: 0:00:33 (0.4358 s / it)
Averaged stats: lr: 0.000076  sp_loss: 6.9131 (6.6627)  fam_loss: 3.7488 (3.5389)  manu_loss: 2.6812 (2.5429)  ot_loss: 2.4160 (2.3930)  base_loss: 13.2559 (12.7445)
Test:  [  0/391]  eta: 0:41:00  sploss: 8.1400 (8.1400)  famloss: 2.5178 (2.5178)  manuloss: 1.5845 (1.5845)  acc1: 0.3906 (0.3906)  acc5: 3.5156 (3.5156)  family_acc1: 47.2656 (47.2656)  manu_acc1: 65.6250 (65.6250)  time: 6.2926  data: 6.0258  max mem: 11378
Test:  [250/391]  eta: 0:01:00  sploss: 8.1653 (8.2143)  famloss: 2.7504 (2.7445)  manuloss: 1.8717 (1.8086)  acc1: 0.3906 (0.4560)  acc5: 3.5156 (3.8160)  family_acc1: 41.0156 (42.5112)  manu_acc1: 58.2031 (59.7205)  time: 0.3312  data: 0.0953  max mem: 11378
Test:  [390/391]  eta: 0:00:00  sploss: 8.0088 (8.1678)  famloss: 2.5068 (2.6774)  manuloss: 1.4522 (1.7321)  acc1: 0.3906 (0.4730)  acc5: 3.5156 (3.9030)  family_acc1: 46.8750 (43.6210)  manu_acc1: 68.3594 (61.3770)  time: 0.4050  data: 0.1993  max mem: 11378
Test: Total time: 0:02:44 (0.4208 s / it)
* Acc@1 0.473 Acc@5 3.903 family@1 43.621 manu@1 61.377 sploss 8.168 fmloss 2.677 mfloss 1.732
FPA: 0.383% | TICE: 98.736%   
 wAP: 6.118  |  LCA: 295.956   |   Precision and Recall: 1.357%
Accuracy of the network on the 100000 test images: 0.5%
Max accuracy: 0.85%
Do not use KL loss
Epoch: [67]  [ 0/78]  eta: 0:07:51  lr: 0.000072  sp_loss: 4.6677 (4.6677)  fam_loss: 2.4455 (2.4455)  manu_loss: 1.8586 (1.8586)  ot_loss: 2.1250 (2.1250)  base_loss: 8.9718 (8.9718)  time: 6.0422  data: 5.7196  max mem: 11378
Epoch: [67]  [77/78]  eta: 0:00:00  lr: 0.000072  sp_loss: 6.9477 (6.7071)  fam_loss: 3.7813 (3.5717)  manu_loss: 2.7071 (2.5836)  ot_loss: 2.4531 (2.3898)  base_loss: 13.2989 (12.8625)  time: 0.4020  data: 0.1714  max mem: 11378
Epoch: [67] Total time: 0:00:34 (0.4484 s / it)
Averaged stats: lr: 0.000072  sp_loss: 6.9477 (6.7071)  fam_loss: 3.7813 (3.5717)  manu_loss: 2.7071 (2.5836)  ot_loss: 2.4531 (2.3898)  base_loss: 13.2989 (12.8625)
Test:  [  0/391]  eta: 0:46:18  sploss: 7.9600 (7.9600)  famloss: 2.4704 (2.4704)  manuloss: 1.5403 (1.5403)  acc1: 0.3906 (0.3906)  acc5: 6.2500 (6.2500)  family_acc1: 46.0938 (46.0938)  manu_acc1: 67.1875 (67.1875)  time: 7.1072  data: 6.8130  max mem: 11378
Test:  [250/391]  eta: 0:01:01  sploss: 7.9970 (8.0383)  famloss: 2.7359 (2.7213)  manuloss: 1.8397 (1.7898)  acc1: 0.7812 (0.6708)  acc5: 4.6875 (4.9194)  family_acc1: 41.0156 (42.7851)  manu_acc1: 57.4219 (59.9555)  time: 0.3891  data: 0.1576  max mem: 11378
Test:  [390/391]  eta: 0:00:00  sploss: 7.8282 (7.9893)  famloss: 2.4264 (2.6530)  manuloss: 1.4071 (1.7143)  acc1: 0.7812 (0.6930)  acc5: 5.4688 (5.0280)  family_acc1: 47.6562 (43.8880)  manu_acc1: 70.0000 (61.6130)  time: 0.3997  data: 0.1931  max mem: 11378
Test: Total time: 0:02:45 (0.4223 s / it)
* Acc@1 0.693 Acc@5 5.028 family@1 43.888 manu@1 61.613 sploss 7.989 fmloss 2.653 mfloss 1.714
FPA: 0.554% | TICE: 98.457%   
 wAP: 6.343  |  LCA: 294.827   |   Precision and Recall: 1.700%
Accuracy of the network on the 100000 test images: 0.7%
Max accuracy: 0.85%
Do not use KL loss
Epoch: [68]  [ 0/78]  eta: 0:07:38  lr: 0.000069  sp_loss: 5.8246 (5.8246)  fam_loss: 3.2140 (3.2140)  manu_loss: 2.3404 (2.3404)  ot_loss: 2.2656 (2.2656)  base_loss: 11.3791 (11.3791)  time: 5.8797  data: 5.3884  max mem: 11378
Epoch: [68]  [77/78]  eta: 0:00:00  lr: 0.000069  sp_loss: 6.1440 (6.3085)  fam_loss: 3.2542 (3.3788)  manu_loss: 2.3140 (2.4340)  ot_loss: 2.3125 (2.3394)  base_loss: 11.7678 (12.1212)  time: 0.4029  data: 0.1723  max mem: 11378
Epoch: [68] Total time: 0:00:35 (0.4561 s / it)
Averaged stats: lr: 0.000069  sp_loss: 6.1440 (6.3085)  fam_loss: 3.2542 (3.3788)  manu_loss: 2.3140 (2.4340)  ot_loss: 2.3125 (2.3394)  base_loss: 11.7678 (12.1212)
Test:  [  0/391]  eta: 0:38:26  sploss: 7.8826 (7.8826)  famloss: 2.4261 (2.4261)  manuloss: 1.5076 (1.5076)  acc1: 1.1719 (1.1719)  acc5: 7.4219 (7.4219)  family_acc1: 48.8281 (48.8281)  manu_acc1: 67.5781 (67.5781)  time: 5.8993  data: 5.6294  max mem: 11378
Test:  [250/391]  eta: 0:01:00  sploss: 7.8485 (7.9506)  famloss: 2.7411 (2.7071)  manuloss: 1.8665 (1.7884)  acc1: 1.1719 (0.7968)  acc5: 5.0781 (5.3349)  family_acc1: 41.7969 (43.0777)  manu_acc1: 57.4219 (60.0255)  time: 0.3250  data: 0.1053  max mem: 11378
Test:  [390/391]  eta: 0:00:00  sploss: 7.7508 (7.8990)  famloss: 2.4508 (2.6389)  manuloss: 1.4079 (1.7124)  acc1: 0.7812 (0.8220)  acc5: 6.2500 (5.5250)  family_acc1: 48.4375 (44.2330)  manu_acc1: 69.5312 (61.7120)  time: 0.4019  data: 0.1977  max mem: 11378
Test: Total time: 0:02:44 (0.4201 s / it)
* Acc@1 0.822 Acc@5 5.525 family@1 44.233 manu@1 61.712 sploss 7.899 fmloss 2.639 mfloss 1.712
FPA: 0.671% | TICE: 98.005%   
 wAP: 6.492  |  LCA: 293.907   |   Precision and Recall: 1.979%
Accuracy of the network on the 100000 test images: 0.8%
Max accuracy: 0.85%
Do not use KL loss
Epoch: [69]  [ 0/78]  eta: 0:07:45  lr: 0.000066  sp_loss: 4.8768 (4.8768)  fam_loss: 2.8110 (2.8110)  manu_loss: 1.9764 (1.9764)  ot_loss: 2.1328 (2.1328)  base_loss: 9.6643 (9.6643)  time: 5.9739  data: 5.6886  max mem: 11378
Epoch: [69]  [77/78]  eta: 0:00:00  lr: 0.000066  sp_loss: 7.2811 (6.4373)  fam_loss: 3.8232 (3.4596)  manu_loss: 2.5971 (2.4809)  ot_loss: 2.4492 (2.3574)  base_loss: 13.7488 (12.3778)  time: 0.3993  data: 0.1698  max mem: 11378
Epoch: [69] Total time: 0:00:36 (0.4645 s / it)
Averaged stats: lr: 0.000066  sp_loss: 7.2811 (6.4373)  fam_loss: 3.8232 (3.4596)  manu_loss: 2.5971 (2.4809)  ot_loss: 2.4492 (2.3574)  base_loss: 13.7488 (12.3778)
Test:  [  0/391]  eta: 0:37:37  sploss: 8.0523 (8.0523)  famloss: 2.4166 (2.4166)  manuloss: 1.5133 (1.5133)  acc1: 1.1719 (1.1719)  acc5: 5.0781 (5.0781)  family_acc1: 46.8750 (46.8750)  manu_acc1: 67.1875 (67.1875)  time: 5.7743  data: 5.5035  max mem: 11378
Test:  [250/391]  eta: 0:01:00  sploss: 8.0228 (8.1112)  famloss: 2.7285 (2.7026)  manuloss: 1.8437 (1.7890)  acc1: 0.3906 (0.5167)  acc5: 3.9062 (4.3093)  family_acc1: 42.5781 (43.1757)  manu_acc1: 57.4219 (60.2403)  time: 0.3400  data: 0.1231  max mem: 11378
Test:  [390/391]  eta: 0:00:00  sploss: 7.9068 (8.0650)  famloss: 2.4515 (2.6334)  manuloss: 1.4078 (1.7129)  acc1: 0.3906 (0.5170)  acc5: 4.2969 (4.3790)  family_acc1: 49.6094 (44.2800)  manu_acc1: 69.5312 (61.8860)  time: 0.4030  data: 0.1951  max mem: 11378
Test: Total time: 0:02:45 (0.4233 s / it)
* Acc@1 0.517 Acc@5 4.379 family@1 44.280 manu@1 61.886 sploss 8.065 fmloss 2.633 mfloss 1.713
FPA: 0.443% | TICE: 98.714%   
 wAP: 6.233  |  LCA: 295.741   |   Precision and Recall: 1.431%
Accuracy of the network on the 100000 test images: 0.5%
Max accuracy: 0.85%
Do not use KL loss
Epoch: [70]  [ 0/78]  eta: 0:08:06  lr: 0.000063  sp_loss: 7.1862 (7.1862)  fam_loss: 3.6803 (3.6803)  manu_loss: 2.7499 (2.7499)  ot_loss: 2.4082 (2.4082)  base_loss: 13.6165 (13.6165)  time: 6.2326  data: 5.8891  max mem: 11378
Epoch: [70]  [77/78]  eta: 0:00:00  lr: 0.000063  sp_loss: 6.6706 (6.3759)  fam_loss: 3.5419 (3.4066)  manu_loss: 2.5950 (2.4471)  ot_loss: 2.3398 (2.3503)  base_loss: 12.6312 (12.2296)  time: 0.3966  data: 0.1685  max mem: 11378
Epoch: [70] Total time: 0:00:36 (0.4664 s / it)
Averaged stats: lr: 0.000063  sp_loss: 6.6706 (6.3759)  fam_loss: 3.5419 (3.4066)  manu_loss: 2.5950 (2.4471)  ot_loss: 2.3398 (2.3503)  base_loss: 12.6312 (12.2296)
Test:  [  0/391]  eta: 0:38:42  sploss: 8.0090 (8.0090)  famloss: 2.4176 (2.4176)  manuloss: 1.5259 (1.5259)  acc1: 0.3906 (0.3906)  acc5: 4.6875 (4.6875)  family_acc1: 49.6094 (49.6094)  manu_acc1: 66.0156 (66.0156)  time: 5.9401  data: 5.6410  max mem: 11378
Test:  [250/391]  eta: 0:01:00  sploss: 7.9225 (8.0565)  famloss: 2.7455 (2.7305)  manuloss: 1.8623 (1.8052)  acc1: 0.7812 (0.5820)  acc5: 4.2969 (4.4930)  family_acc1: 42.5781 (42.7540)  manu_acc1: 57.4219 (59.9539)  time: 0.3328  data: 0.0959  max mem: 11378
Test:  [390/391]  eta: 0:00:00  sploss: 7.8595 (8.0055)  famloss: 2.4418 (2.6586)  manuloss: 1.4313 (1.7283)  acc1: 0.7812 (0.6030)  acc5: 4.2969 (4.5310)  family_acc1: 48.4375 (43.9520)  manu_acc1: 69.1406 (61.6100)  time: 0.3076  data: 0.0975  max mem: 11378
Test: Total time: 0:02:43 (0.4178 s / it)
* Acc@1 0.603 Acc@5 4.531 family@1 43.952 manu@1 61.610 sploss 8.005 fmloss 2.659 mfloss 1.728
FPA: 0.507% | TICE: 98.575%   
 wAP: 6.270  |  LCA: 295.396   |   Precision and Recall: 1.532%
Accuracy of the network on the 100000 test images: 0.6%
Max accuracy: 0.85%
Do not use KL loss
Epoch: [71]  [ 0/78]  eta: 0:07:57  lr: 0.000059  sp_loss: 5.7220 (5.7220)  fam_loss: 3.3751 (3.3751)  manu_loss: 2.3630 (2.3630)  ot_loss: 2.2480 (2.2480)  base_loss: 11.4600 (11.4600)  time: 6.1204  data: 5.8228  max mem: 11378
Epoch: [71]  [77/78]  eta: 0:00:00  lr: 0.000059  sp_loss: 6.8360 (6.2105)  fam_loss: 3.5626 (3.3606)  manu_loss: 2.4997 (2.4182)  ot_loss: 2.3770 (2.3257)  base_loss: 12.7576 (11.9893)  time: 0.4215  data: 0.1878  max mem: 11378
Epoch: [71] Total time: 0:00:36 (0.4625 s / it)
Averaged stats: lr: 0.000059  sp_loss: 6.8360 (6.2105)  fam_loss: 3.5626 (3.3606)  manu_loss: 2.4997 (2.4182)  ot_loss: 2.3770 (2.3257)  base_loss: 12.7576 (11.9893)
Test:  [  0/391]  eta: 0:38:09  sploss: 8.0375 (8.0375)  famloss: 2.4821 (2.4821)  manuloss: 1.5770 (1.5770)  acc1: 0.7812 (0.7812)  acc5: 5.8594 (5.8594)  family_acc1: 47.6562 (47.6562)  manu_acc1: 66.0156 (66.0156)  time: 5.8561  data: 5.6193  max mem: 11378
Test:  [250/391]  eta: 0:01:00  sploss: 7.9973 (8.0753)  famloss: 2.7410 (2.7352)  manuloss: 1.8782 (1.8086)  acc1: 0.3906 (0.5447)  acc5: 3.9062 (4.1630)  family_acc1: 42.1875 (43.1150)  manu_acc1: 57.0312 (59.9897)  time: 0.3475  data: 0.0888  max mem: 11378
Test:  [390/391]  eta: 0:00:00  sploss: 7.8724 (8.0244)  famloss: 2.4908 (2.6655)  manuloss: 1.4538 (1.7319)  acc1: 0.7812 (0.5730)  acc5: 4.6875 (4.2420)  family_acc1: 48.0469 (44.2140)  manu_acc1: 69.1406 (61.6120)  time: 0.3997  data: 0.1971  max mem: 11378
Test: Total time: 0:02:43 (0.4191 s / it)
* Acc@1 0.573 Acc@5 4.242 family@1 44.214 manu@1 61.612 sploss 8.024 fmloss 2.666 mfloss 1.732
FPA: 0.487% | TICE: 98.612%   
 wAP: 6.269  |  LCA: 295.652   |   Precision and Recall: 1.448%
Accuracy of the network on the 100000 test images: 0.6%
Max accuracy: 0.85%
Do not use KL loss
Epoch: [72]  [ 0/78]  eta: 0:08:47  lr: 0.000056  sp_loss: 4.5069 (4.5069)  fam_loss: 2.5810 (2.5810)  manu_loss: 1.9629 (1.9629)  ot_loss: 2.0762 (2.0762)  base_loss: 9.0508 (9.0508)  time: 6.7687  data: 6.2469  max mem: 11378
Epoch: [72]  [77/78]  eta: 0:00:00  lr: 0.000056  sp_loss: 6.5953 (6.4015)  fam_loss: 3.6080 (3.4562)  manu_loss: 2.5864 (2.4890)  ot_loss: 2.3438 (2.3412)  base_loss: 12.8570 (12.3467)  time: 0.3889  data: 0.1610  max mem: 11378
Epoch: [72] Total time: 0:00:35 (0.4554 s / it)
Averaged stats: lr: 0.000056  sp_loss: 6.5953 (6.4015)  fam_loss: 3.6080 (3.4562)  manu_loss: 2.5864 (2.4890)  ot_loss: 2.3438 (2.3412)  base_loss: 12.8570 (12.3467)
Test:  [  0/391]  eta: 0:40:59  sploss: 8.0763 (8.0763)  famloss: 2.4896 (2.4896)  manuloss: 1.5731 (1.5731)  acc1: 0.7812 (0.7812)  acc5: 2.7344 (2.7344)  family_acc1: 47.6562 (47.6562)  manu_acc1: 65.2344 (65.2344)  time: 6.2896  data: 5.9752  max mem: 11378
Test:  [250/391]  eta: 0:01:00  sploss: 8.0154 (8.1113)  famloss: 2.7487 (2.7452)  manuloss: 1.8971 (1.8218)  acc1: 0.7812 (0.4638)  acc5: 3.5156 (3.7740)  family_acc1: 42.9688 (42.9438)  manu_acc1: 57.4219 (59.8450)  time: 0.3399  data: 0.1162  max mem: 11378
Test:  [390/391]  eta: 0:00:00  sploss: 7.9301 (8.0662)  famloss: 2.5102 (2.6744)  manuloss: 1.4461 (1.7440)  acc1: 0.7812 (0.4760)  acc5: 3.5156 (3.8280)  family_acc1: 48.8281 (44.1030)  manu_acc1: 69.1406 (61.5770)  time: 0.3983  data: 0.1913  max mem: 11378
Test: Total time: 0:02:43 (0.4188 s / it)
* Acc@1 0.476 Acc@5 3.828 family@1 44.103 manu@1 61.577 sploss 8.066 fmloss 2.674 mfloss 1.744
FPA: 0.396% | TICE: 98.818%   
 wAP: 6.172  |  LCA: 296.055   |   Precision and Recall: 1.333%
Accuracy of the network on the 100000 test images: 0.5%
Max accuracy: 0.85%
Do not use KL loss
Epoch: [73]  [ 0/78]  eta: 0:07:46  lr: 0.000054  sp_loss: 3.9268 (3.9268)  fam_loss: 2.0762 (2.0762)  manu_loss: 1.4926 (1.4926)  ot_loss: 2.0547 (2.0547)  base_loss: 7.4957 (7.4957)  time: 5.9827  data: 5.7058  max mem: 11378
Epoch: [73]  [77/78]  eta: 0:00:00  lr: 0.000054  sp_loss: 6.4494 (6.2158)  fam_loss: 3.4990 (3.3616)  manu_loss: 2.4979 (2.4285)  ot_loss: 2.3184 (2.3020)  base_loss: 12.7705 (12.0059)  time: 0.4048  data: 0.1738  max mem: 11378
Epoch: [73] Total time: 0:00:35 (0.4581 s / it)
Averaged stats: lr: 0.000054  sp_loss: 6.4494 (6.2158)  fam_loss: 3.4990 (3.3616)  manu_loss: 2.4979 (2.4285)  ot_loss: 2.3184 (2.3020)  base_loss: 12.7705 (12.0059)
Test:  [  0/391]  eta: 0:39:10  sploss: 8.0626 (8.0626)  famloss: 2.4730 (2.4730)  manuloss: 1.5716 (1.5716)  acc1: 0.7812 (0.7812)  acc5: 4.6875 (4.6875)  family_acc1: 48.4375 (48.4375)  manu_acc1: 65.6250 (65.6250)  time: 6.0111  data: 5.7627  max mem: 11378
Test:  [250/391]  eta: 0:01:00  sploss: 8.0450 (8.1063)  famloss: 2.7473 (2.7351)  manuloss: 1.8811 (1.8128)  acc1: 0.3906 (0.4607)  acc5: 3.5156 (3.9810)  family_acc1: 42.1875 (43.1695)  manu_acc1: 57.0312 (60.3259)  time: 0.3417  data: 0.0879  max mem: 11378
Test:  [390/391]  eta: 0:00:00  sploss: 7.9206 (8.0567)  famloss: 2.4933 (2.6641)  manuloss: 1.4528 (1.7369)  acc1: 0.7812 (0.4890)  acc5: 5.0781 (4.0800)  family_acc1: 48.0469 (44.3260)  manu_acc1: 68.7500 (61.9120)  time: 0.4226  data: 0.2188  max mem: 11378
Test: Total time: 0:02:45 (0.4227 s / it)
* Acc@1 0.489 Acc@5 4.080 family@1 44.326 manu@1 61.912 sploss 8.057 fmloss 2.664 mfloss 1.737
FPA: 0.417% | TICE: 98.789%   
 wAP: 6.213  |  LCA: 295.989   |   Precision and Recall: 1.356%
Accuracy of the network on the 100000 test images: 0.5%
Max accuracy: 0.85%
Do not use KL loss
Epoch: [74]  [ 0/78]  eta: 0:07:27  lr: 0.000051  sp_loss: 4.2965 (4.2965)  fam_loss: 2.1998 (2.1998)  manu_loss: 1.6334 (1.6334)  ot_loss: 2.0176 (2.0176)  base_loss: 8.1296 (8.1296)  time: 5.7414  data: 5.4462  max mem: 11378
Epoch: [74]  [77/78]  eta: 0:00:00  lr: 0.000051  sp_loss: 5.9930 (6.3124)  fam_loss: 3.1929 (3.4132)  manu_loss: 2.3625 (2.4623)  ot_loss: 2.2930 (2.3173)  base_loss: 11.4327 (12.1879)  time: 0.4190  data: 0.1901  max mem: 11378
Epoch: [74] Total time: 0:00:36 (0.4640 s / it)
Averaged stats: lr: 0.000051  sp_loss: 5.9930 (6.3124)  fam_loss: 3.1929 (3.4132)  manu_loss: 2.3625 (2.4623)  ot_loss: 2.2930 (2.3173)  base_loss: 11.4327 (12.1879)
Test:  [  0/391]  eta: 0:39:15  sploss: 7.9349 (7.9349)  famloss: 2.4299 (2.4299)  manuloss: 1.5213 (1.5213)  acc1: 0.7812 (0.7812)  acc5: 6.2500 (6.2500)  family_acc1: 47.2656 (47.2656)  manu_acc1: 64.0625 (64.0625)  time: 6.0253  data: 5.7645  max mem: 11378
Test:  [250/391]  eta: 0:01:00  sploss: 7.8629 (7.9602)  famloss: 2.6851 (2.6752)  manuloss: 1.8363 (1.7804)  acc1: 0.7812 (0.6708)  acc5: 4.6875 (5.0968)  family_acc1: 42.5781 (43.5975)  manu_acc1: 58.2031 (60.5547)  time: 0.3558  data: 0.1353  max mem: 11378
Test:  [390/391]  eta: 0:00:00  sploss: 7.7791 (7.9107)  famloss: 2.4355 (2.6041)  manuloss: 1.4213 (1.7038)  acc1: 0.7812 (0.6820)  acc5: 5.8594 (5.2060)  family_acc1: 48.8281 (44.7850)  manu_acc1: 69.1406 (62.2170)  time: 0.4219  data: 0.2171  max mem: 11378
Test: Total time: 0:02:45 (0.4220 s / it)
* Acc@1 0.682 Acc@5 5.206 family@1 44.785 manu@1 62.217 sploss 7.911 fmloss 2.604 mfloss 1.704
FPA: 0.573% | TICE: 98.275%   
 wAP: 6.435  |  LCA: 294.870   |   Precision and Recall: 1.699%
Accuracy of the network on the 100000 test images: 0.7%
Max accuracy: 0.85%
Do not use KL loss
Epoch: [75]  [ 0/78]  eta: 0:08:19  lr: 0.000048  sp_loss: 4.4617 (4.4617)  fam_loss: 2.6018 (2.6018)  manu_loss: 1.9083 (1.9083)  ot_loss: 2.0098 (2.0098)  base_loss: 8.9718 (8.9718)  time: 6.4084  data: 6.0923  max mem: 11378
Epoch: [75]  [77/78]  eta: 0:00:00  lr: 0.000048  sp_loss: 6.7365 (6.4574)  fam_loss: 3.6641 (3.4739)  manu_loss: 2.6926 (2.4984)  ot_loss: 2.3340 (2.3299)  base_loss: 13.0699 (12.4297)  time: 0.3981  data: 0.1690  max mem: 11378
Epoch: [75] Total time: 0:00:36 (0.4629 s / it)
Averaged stats: lr: 0.000048  sp_loss: 6.7365 (6.4574)  fam_loss: 3.6641 (3.4739)  manu_loss: 2.6926 (2.4984)  ot_loss: 2.3340 (2.3299)  base_loss: 13.0699 (12.4297)
Test:  [  0/391]  eta: 0:39:45  sploss: 7.8995 (7.8995)  famloss: 2.4482 (2.4482)  manuloss: 1.5462 (1.5462)  acc1: 1.1719 (1.1719)  acc5: 5.0781 (5.0781)  family_acc1: 48.4375 (48.4375)  manu_acc1: 66.0156 (66.0156)  time: 6.1009  data: 5.8078  max mem: 11378
Test:  [250/391]  eta: 0:00:58  sploss: 7.8047 (7.9164)  famloss: 2.7051 (2.7048)  manuloss: 1.8390 (1.7919)  acc1: 0.7812 (0.6350)  acc5: 4.6875 (4.9178)  family_acc1: 42.9688 (43.4745)  manu_acc1: 57.0312 (60.4815)  time: 0.3335  data: 0.1066  max mem: 11378
Test:  [390/391]  eta: 0:00:00  sploss: 7.7326 (7.8659)  famloss: 2.4599 (2.6349)  manuloss: 1.4373 (1.7163)  acc1: 0.7812 (0.6740)  acc5: 5.0781 (5.0140)  family_acc1: 48.0469 (44.6040)  manu_acc1: 70.3125 (62.1260)  time: 0.3907  data: 0.1857  max mem: 11378
Test: Total time: 0:02:39 (0.4090 s / it)
* Acc@1 0.674 Acc@5 5.014 family@1 44.604 manu@1 62.126 sploss 7.866 fmloss 2.635 mfloss 1.716
FPA: 0.567% | TICE: 98.310%   
 wAP: 6.408  |  LCA: 294.895   |   Precision and Recall: 1.687%
Accuracy of the network on the 100000 test images: 0.7%
Max accuracy: 0.85%
Do not use KL loss
Epoch: [76]  [ 0/78]  eta: 0:08:20  lr: 0.000045  sp_loss: 6.7136 (6.7136)  fam_loss: 3.5934 (3.5934)  manu_loss: 2.6064 (2.6064)  ot_loss: 2.3105 (2.3105)  base_loss: 12.9134 (12.9134)  time: 6.4135  data: 5.9549  max mem: 11378
Epoch: [76]  [77/78]  eta: 0:00:00  lr: 0.000045  sp_loss: 5.9016 (6.3652)  fam_loss: 3.3903 (3.4582)  manu_loss: 2.4870 (2.4928)  ot_loss: 2.2441 (2.3145)  base_loss: 11.6300 (12.3162)  time: 0.4652  data: 0.2356  max mem: 11378
Epoch: [76] Total time: 0:00:37 (0.4814 s / it)
Averaged stats: lr: 0.000045  sp_loss: 5.9016 (6.3652)  fam_loss: 3.3903 (3.4582)  manu_loss: 2.4870 (2.4928)  ot_loss: 2.2441 (2.3145)  base_loss: 11.6300 (12.3162)
Test:  [  0/391]  eta: 0:38:17  sploss: 7.9473 (7.9473)  famloss: 2.3755 (2.3755)  manuloss: 1.5269 (1.5269)  acc1: 0.7812 (0.7812)  acc5: 5.8594 (5.8594)  family_acc1: 49.2188 (49.2188)  manu_acc1: 66.7969 (66.7969)  time: 5.8769  data: 5.5607  max mem: 11378
Test:  [250/391]  eta: 0:01:01  sploss: 7.9459 (8.0112)  famloss: 2.6733 (2.6665)  manuloss: 1.8559 (1.7799)  acc1: 0.3906 (0.5416)  acc5: 4.2969 (4.6377)  family_acc1: 42.1875 (43.5726)  manu_acc1: 57.0312 (60.4986)  time: 0.3642  data: 0.1279  max mem: 11378
Test:  [390/391]  eta: 0:00:00  sploss: 7.7783 (7.9595)  famloss: 2.4555 (2.5975)  manuloss: 1.4190 (1.7031)  acc1: 0.6250 (0.5650)  acc5: 5.0781 (4.8010)  family_acc1: 48.4375 (44.7700)  manu_acc1: 68.7500 (62.1530)  time: 0.3710  data: 0.1693  max mem: 11378
Test: Total time: 0:02:45 (0.4246 s / it)
* Acc@1 0.565 Acc@5 4.801 family@1 44.770 manu@1 62.153 sploss 7.959 fmloss 2.597 mfloss 1.703
FPA: 0.485% | TICE: 98.616%   
 wAP: 6.329  |  LCA: 295.597   |   Precision and Recall: 1.480%
Accuracy of the network on the 100000 test images: 0.6%
Max accuracy: 0.85%
Do not use KL loss
Epoch: [77]  [ 0/78]  eta: 0:07:50  lr: 0.000043  sp_loss: 6.9415 (6.9415)  fam_loss: 3.7288 (3.7288)  manu_loss: 2.7082 (2.7082)  ot_loss: 2.3672 (2.3672)  base_loss: 13.3786 (13.3786)  time: 6.0380  data: 5.7533  max mem: 11378
Epoch: [77]  [77/78]  eta: 0:00:00  lr: 0.000043  sp_loss: 6.8399 (6.2327)  fam_loss: 3.7484 (3.4151)  manu_loss: 2.6566 (2.4630)  ot_loss: 2.3516 (2.2784)  base_loss: 13.3819 (12.1108)  time: 0.4560  data: 0.2205  max mem: 11378
Epoch: [77] Total time: 0:00:37 (0.4745 s / it)
Averaged stats: lr: 0.000043  sp_loss: 6.8399 (6.2327)  fam_loss: 3.7484 (3.4151)  manu_loss: 2.6566 (2.4630)  ot_loss: 2.3516 (2.2784)  base_loss: 13.3819 (12.1108)
Test:  [  0/391]  eta: 0:41:15  sploss: 7.9742 (7.9742)  famloss: 2.4499 (2.4499)  manuloss: 1.5811 (1.5811)  acc1: 1.1719 (1.1719)  acc5: 5.0781 (5.0781)  family_acc1: 48.4375 (48.4375)  manu_acc1: 64.8438 (64.8438)  time: 6.3321  data: 6.0677  max mem: 11378
Test:  [250/391]  eta: 0:01:01  sploss: 7.8661 (7.9885)  famloss: 2.6841 (2.6696)  manuloss: 1.8590 (1.7779)  acc1: 0.7812 (0.5587)  acc5: 4.2969 (4.6533)  family_acc1: 42.5781 (43.9570)  manu_acc1: 57.8125 (60.6589)  time: 0.3489  data: 0.1126  max mem: 11378
Test:  [390/391]  eta: 0:00:00  sploss: 7.8162 (7.9386)  famloss: 2.4311 (2.6003)  manuloss: 1.4210 (1.7043)  acc1: 0.3906 (0.5890)  acc5: 5.0781 (4.7710)  family_acc1: 48.8281 (45.1030)  manu_acc1: 69.5312 (62.2890)  time: 0.3928  data: 0.1894  max mem: 11378
Test: Total time: 0:02:47 (0.4277 s / it)
* Acc@1 0.589 Acc@5 4.771 family@1 45.103 manu@1 62.289 sploss 7.939 fmloss 2.600 mfloss 1.704
FPA: 0.500% | TICE: 98.608%   
 wAP: 6.386  |  LCA: 295.531   |   Precision and Recall: 1.484%
Accuracy of the network on the 100000 test images: 0.6%
Max accuracy: 0.85%
Do not use KL loss
Epoch: [78]  [ 0/78]  eta: 0:07:47  lr: 0.000040  sp_loss: 4.9673 (4.9673)  fam_loss: 2.7556 (2.7556)  manu_loss: 2.1044 (2.1044)  ot_loss: 2.0254 (2.0254)  base_loss: 9.8273 (9.8273)  time: 5.9985  data: 5.6931  max mem: 11378
Epoch: [78]  [77/78]  eta: 0:00:00  lr: 0.000040  sp_loss: 5.8007 (5.9371)  fam_loss: 3.3019 (3.2676)  manu_loss: 2.3815 (2.3593)  ot_loss: 2.2617 (2.2493)  base_loss: 11.4194 (11.5640)  time: 0.4113  data: 0.1832  max mem: 11378
Epoch: [78] Total time: 0:00:36 (0.4674 s / it)
Averaged stats: lr: 0.000040  sp_loss: 5.8007 (5.9371)  fam_loss: 3.3019 (3.2676)  manu_loss: 2.3815 (2.3593)  ot_loss: 2.2617 (2.2493)  base_loss: 11.4194 (11.5640)
Test:  [  0/391]  eta: 0:40:10  sploss: 7.9133 (7.9133)  famloss: 2.4299 (2.4299)  manuloss: 1.5559 (1.5559)  acc1: 1.5625 (1.5625)  acc5: 6.2500 (6.2500)  family_acc1: 48.8281 (48.8281)  manu_acc1: 66.0156 (66.0156)  time: 6.1654  data: 5.8722  max mem: 11378
Test:  [250/391]  eta: 0:00:59  sploss: 7.8614 (7.9625)  famloss: 2.7162 (2.6935)  manuloss: 1.8606 (1.7915)  acc1: 0.7812 (0.5929)  acc5: 4.2969 (4.9132)  family_acc1: 42.5781 (43.8294)  manu_acc1: 57.8125 (60.6247)  time: 0.3375  data: 0.1123  max mem: 11378
Test:  [390/391]  eta: 0:00:00  sploss: 7.7816 (7.9112)  famloss: 2.4702 (2.6220)  manuloss: 1.4227 (1.7140)  acc1: 0.3906 (0.6070)  acc5: 5.4688 (5.0410)  family_acc1: 48.8281 (45.0080)  manu_acc1: 69.5312 (62.3190)  time: 0.4094  data: 0.2042  max mem: 11378
Test: Total time: 0:02:44 (0.4205 s / it)
* Acc@1 0.607 Acc@5 5.041 family@1 45.008 manu@1 62.319 sploss 7.911 fmloss 2.622 mfloss 1.714
FPA: 0.517% | TICE: 98.655%   
 wAP: 6.393  |  LCA: 295.405   |   Precision and Recall: 1.528%
Accuracy of the network on the 100000 test images: 0.6%
Max accuracy: 0.85%
Do not use KL loss
Epoch: [79]  [ 0/78]  eta: 0:07:51  lr: 0.000038  sp_loss: 6.8009 (6.8009)  fam_loss: 3.7284 (3.7284)  manu_loss: 2.6187 (2.6187)  ot_loss: 2.3691 (2.3691)  base_loss: 13.1480 (13.1480)  time: 6.0470  data: 5.7677  max mem: 11378
Epoch: [79]  [77/78]  eta: 0:00:00  lr: 0.000038  sp_loss: 6.2774 (6.2069)  fam_loss: 3.4565 (3.3542)  manu_loss: 2.5523 (2.4181)  ot_loss: 2.2598 (2.2810)  base_loss: 12.2918 (11.9792)  time: 0.3955  data: 0.1665  max mem: 11378
Epoch: [79] Total time: 0:00:34 (0.4468 s / it)
Averaged stats: lr: 0.000038  sp_loss: 6.2774 (6.2069)  fam_loss: 3.4565 (3.3542)  manu_loss: 2.5523 (2.4181)  ot_loss: 2.2598 (2.2810)  base_loss: 12.2918 (11.9792)
Test:  [  0/391]  eta: 0:39:06  sploss: 7.9392 (7.9392)  famloss: 2.4319 (2.4319)  manuloss: 1.5554 (1.5554)  acc1: 1.5625 (1.5625)  acc5: 3.9062 (3.9062)  family_acc1: 49.2188 (49.2188)  manu_acc1: 65.6250 (65.6250)  time: 6.0005  data: 5.7451  max mem: 11378
Test:  [250/391]  eta: 0:01:00  sploss: 7.9341 (7.9988)  famloss: 2.7160 (2.6930)  manuloss: 1.8720 (1.8026)  acc1: 0.3906 (0.5338)  acc5: 3.9062 (4.5754)  family_acc1: 42.5781 (43.6660)  manu_acc1: 57.0312 (60.4706)  time: 0.3387  data: 0.0675  max mem: 11378
Test:  [390/391]  eta: 0:00:00  sploss: 7.7791 (7.9473)  famloss: 2.4662 (2.6234)  manuloss: 1.4062 (1.7250)  acc1: 0.7812 (0.5560)  acc5: 4.6875 (4.6750)  family_acc1: 48.4375 (44.7850)  manu_acc1: 69.9219 (62.0870)  time: 0.4189  data: 0.2145  max mem: 11378
Test: Total time: 0:02:46 (0.4253 s / it)
* Acc@1 0.556 Acc@5 4.675 family@1 44.785 manu@1 62.087 sploss 7.947 fmloss 2.623 mfloss 1.725
FPA: 0.484% | TICE: 98.607%   
 wAP: 6.321  |  LCA: 295.446   |   Precision and Recall: 1.511%
Accuracy of the network on the 100000 test images: 0.6%
Max accuracy: 0.85%
Do not use KL loss
Epoch: [80]  [ 0/78]  eta: 0:07:57  lr: 0.000035  sp_loss: 6.5738 (6.5738)  fam_loss: 3.5449 (3.5449)  manu_loss: 2.5286 (2.5286)  ot_loss: 2.2617 (2.2617)  base_loss: 12.6472 (12.6472)  time: 6.1190  data: 5.7595  max mem: 11378
Epoch: [80]  [77/78]  eta: 0:00:00  lr: 0.000035  sp_loss: 7.2117 (6.5899)  fam_loss: 3.7461 (3.5658)  manu_loss: 2.6675 (2.5570)  ot_loss: 2.4023 (2.3272)  base_loss: 13.6991 (12.7126)  time: 0.4267  data: 0.1939  max mem: 11378
Epoch: [80] Total time: 0:00:36 (0.4679 s / it)
Averaged stats: lr: 0.000035  sp_loss: 7.2117 (6.5899)  fam_loss: 3.7461 (3.5658)  manu_loss: 2.6675 (2.5570)  ot_loss: 2.4023 (2.3272)  base_loss: 13.6991 (12.7126)
Test:  [  0/391]  eta: 0:39:37  sploss: 7.9891 (7.9891)  famloss: 2.4366 (2.4366)  manuloss: 1.5718 (1.5718)  acc1: 1.5625 (1.5625)  acc5: 4.2969 (4.2969)  family_acc1: 47.2656 (47.2656)  manu_acc1: 65.6250 (65.6250)  time: 6.0812  data: 5.7737  max mem: 11378
Test:  [250/391]  eta: 0:01:01  sploss: 7.9197 (8.0096)  famloss: 2.7143 (2.6977)  manuloss: 1.8846 (1.8049)  acc1: 0.3906 (0.4778)  acc5: 3.9062 (4.2751)  family_acc1: 42.1875 (43.6753)  manu_acc1: 58.2031 (60.4924)  time: 0.3598  data: 0.1386  max mem: 11378
Test:  [390/391]  eta: 0:00:00  sploss: 7.7965 (7.9576)  famloss: 2.4537 (2.6270)  manuloss: 1.4402 (1.7270)  acc1: 0.7812 (0.4960)  acc5: 5.0781 (4.4130)  family_acc1: 48.4375 (44.8230)  manu_acc1: 69.5312 (62.1750)  time: 0.3990  data: 0.1886  max mem: 11378
Test: Total time: 0:02:47 (0.4286 s / it)
* Acc@1 0.496 Acc@5 4.413 family@1 44.823 manu@1 62.175 sploss 7.958 fmloss 2.627 mfloss 1.727
FPA: 0.422% | TICE: 98.771%   
 wAP: 6.274  |  LCA: 295.926   |   Precision and Recall: 1.370%
Accuracy of the network on the 100000 test images: 0.5%
Max accuracy: 0.85%
Do not use KL loss
Epoch: [81]  [ 0/78]  eta: 0:08:37  lr: 0.000033  sp_loss: 6.9237 (6.9237)  fam_loss: 3.7239 (3.7239)  manu_loss: 2.5853 (2.5853)  ot_loss: 2.3496 (2.3496)  base_loss: 13.2329 (13.2329)  time: 6.6351  data: 6.3530  max mem: 11378
Epoch: [81]  [77/78]  eta: 0:00:00  lr: 0.000033  sp_loss: 6.3142 (6.1964)  fam_loss: 3.3814 (3.3873)  manu_loss: 2.3716 (2.4286)  ot_loss: 2.2363 (2.2740)  base_loss: 12.0449 (12.0124)  time: 0.4049  data: 0.1754  max mem: 11378
Epoch: [81] Total time: 0:00:35 (0.4599 s / it)
Averaged stats: lr: 0.000033  sp_loss: 6.3142 (6.1964)  fam_loss: 3.3814 (3.3873)  manu_loss: 2.3716 (2.4286)  ot_loss: 2.2363 (2.2740)  base_loss: 12.0449 (12.0124)
Test:  [  0/391]  eta: 0:40:53  sploss: 7.9567 (7.9567)  famloss: 2.4418 (2.4418)  manuloss: 1.5468 (1.5468)  acc1: 1.5625 (1.5625)  acc5: 5.0781 (5.0781)  family_acc1: 48.8281 (48.8281)  manu_acc1: 67.1875 (67.1875)  time: 6.2751  data: 5.9847  max mem: 11378
Test:  [250/391]  eta: 0:01:01  sploss: 7.9364 (8.0089)  famloss: 2.7194 (2.6971)  manuloss: 1.8766 (1.8081)  acc1: 0.3906 (0.4638)  acc5: 3.5156 (4.0946)  family_acc1: 42.5781 (43.8231)  manu_acc1: 57.8125 (60.4286)  time: 0.3625  data: 0.1241  max mem: 11378
Test:  [390/391]  eta: 0:00:00  sploss: 7.8110 (7.9586)  famloss: 2.4466 (2.6258)  manuloss: 1.4105 (1.7297)  acc1: 0.3906 (0.4690)  acc5: 4.3750 (4.2190)  family_acc1: 48.8281 (44.9800)  manu_acc1: 69.5312 (62.1390)  time: 0.4000  data: 0.1947  max mem: 11378
Test: Total time: 0:02:48 (0.4302 s / it)
* Acc@1 0.469 Acc@5 4.219 family@1 44.980 manu@1 62.139 sploss 7.959 fmloss 2.626 mfloss 1.730
FPA: 0.406% | TICE: 98.868%   
 wAP: 6.265  |  LCA: 296.204   |   Precision and Recall: 1.286%
Accuracy of the network on the 100000 test images: 0.5%
Max accuracy: 0.85%
Do not use KL loss
Epoch: [82]  [ 0/78]  eta: 0:07:42  lr: 0.000031  sp_loss: 7.2095 (7.2095)  fam_loss: 3.6483 (3.6483)  manu_loss: 2.6620 (2.6620)  ot_loss: 2.3945 (2.3945)  base_loss: 13.5199 (13.5199)  time: 5.9339  data: 5.6458  max mem: 11378
Epoch: [82]  [77/78]  eta: 0:00:00  lr: 0.000031  sp_loss: 4.8672 (5.8628)  fam_loss: 2.8729 (3.2455)  manu_loss: 2.1656 (2.3410)  ot_loss: 2.0820 (2.2242)  base_loss: 9.7505 (11.4494)  time: 0.3926  data: 0.1637  max mem: 11378
Epoch: [82] Total time: 0:00:35 (0.4605 s / it)
Averaged stats: lr: 0.000031  sp_loss: 4.8672 (5.8628)  fam_loss: 2.8729 (3.2455)  manu_loss: 2.1656 (2.3410)  ot_loss: 2.0820 (2.2242)  base_loss: 9.7505 (11.4494)
Test:  [  0/391]  eta: 0:39:36  sploss: 7.7949 (7.7949)  famloss: 2.3917 (2.3917)  manuloss: 1.5440 (1.5440)  acc1: 1.5625 (1.5625)  acc5: 5.4688 (5.4688)  family_acc1: 48.0469 (48.0469)  manu_acc1: 67.9688 (67.9688)  time: 6.0773  data: 5.7967  max mem: 11378
Test:  [250/391]  eta: 0:01:01  sploss: 7.7578 (7.8535)  famloss: 2.6553 (2.6461)  manuloss: 1.8416 (1.7743)  acc1: 0.7812 (0.7128)  acc5: 5.8594 (5.7504)  family_acc1: 42.5781 (43.9321)  manu_acc1: 57.8125 (60.7025)  time: 0.3495  data: 0.1044  max mem: 11378
Test:  [390/391]  eta: 0:00:00  sploss: 7.6457 (7.7998)  famloss: 2.4200 (2.5761)  manuloss: 1.4087 (1.6975)  acc1: 0.7812 (0.7470)  acc5: 6.2500 (5.8890)  family_acc1: 49.6094 (45.1180)  manu_acc1: 69.5312 (62.3260)  time: 0.3824  data: 0.1771  max mem: 11378
Test: Total time: 0:02:46 (0.4265 s / it)
* Acc@1 0.747 Acc@5 5.889 family@1 45.118 manu@1 62.326 sploss 7.800 fmloss 2.576 mfloss 1.697
FPA: 0.631% | TICE: 98.275%   
 wAP: 6.527  |  LCA: 294.537   |   Precision and Recall: 1.812%
Accuracy of the network on the 100000 test images: 0.7%
Max accuracy: 0.85%
Do not use KL loss
Epoch: [83]  [ 0/78]  eta: 0:07:39  lr: 0.000029  sp_loss: 7.2326 (7.2326)  fam_loss: 3.7969 (3.7969)  manu_loss: 2.6841 (2.6841)  ot_loss: 2.4219 (2.4219)  base_loss: 13.7137 (13.7137)  time: 5.8930  data: 5.5998  max mem: 11378
Epoch: [83]  [77/78]  eta: 0:00:00  lr: 0.000029  sp_loss: 6.6444 (6.1366)  fam_loss: 3.6042 (3.3482)  manu_loss: 2.5646 (2.4203)  ot_loss: 2.3262 (2.2467)  base_loss: 13.1127 (11.9051)  time: 0.4069  data: 0.1781  max mem: 11378
Epoch: [83] Total time: 0:00:36 (0.4621 s / it)
Averaged stats: lr: 0.000029  sp_loss: 6.6444 (6.1366)  fam_loss: 3.6042 (3.3482)  manu_loss: 2.5646 (2.4203)  ot_loss: 2.3262 (2.2467)  base_loss: 13.1127 (11.9051)
Test:  [  0/391]  eta: 0:39:59  sploss: 7.9393 (7.9393)  famloss: 2.4436 (2.4436)  manuloss: 1.5974 (1.5974)  acc1: 1.1719 (1.1719)  acc5: 4.6875 (4.6875)  family_acc1: 47.2656 (47.2656)  manu_acc1: 66.0156 (66.0156)  time: 6.1368  data: 5.8344  max mem: 11378
Test:  [250/391]  eta: 0:01:00  sploss: 7.9068 (7.9896)  famloss: 2.7165 (2.7037)  manuloss: 1.8872 (1.8152)  acc1: 0.7812 (0.5089)  acc5: 4.2969 (4.5614)  family_acc1: 41.7969 (43.4699)  manu_acc1: 57.0312 (60.2808)  time: 0.3227  data: 0.1028  max mem: 11378
Test:  [390/391]  eta: 0:00:00  sploss: 7.7854 (7.9371)  famloss: 2.4783 (2.6345)  manuloss: 1.4289 (1.7386)  acc1: 0.7812 (0.5250)  acc5: 5.0781 (4.6960)  family_acc1: 48.8281 (44.6810)  manu_acc1: 70.3125 (61.9090)  time: 0.4175  data: 0.2113  max mem: 11378
Test: Total time: 0:02:48 (0.4305 s / it)
* Acc@1 0.525 Acc@5 4.696 family@1 44.681 manu@1 61.909 sploss 7.937 fmloss 2.634 mfloss 1.739
FPA: 0.462% | TICE: 98.824%   
 wAP: 6.279  |  LCA: 295.820   |   Precision and Recall: 1.408%
Accuracy of the network on the 100000 test images: 0.5%
Max accuracy: 0.85%
Do not use KL loss
Epoch: [84]  [ 0/78]  eta: 0:07:36  lr: 0.000027  sp_loss: 4.4973 (4.4973)  fam_loss: 2.6370 (2.6370)  manu_loss: 2.0007 (2.0007)  ot_loss: 2.0449 (2.0449)  base_loss: 9.1351 (9.1351)  time: 5.8588  data: 5.5781  max mem: 11378
Epoch: [84]  [77/78]  eta: 0:00:00  lr: 0.000027  sp_loss: 6.2968 (6.0663)  fam_loss: 3.5048 (3.3202)  manu_loss: 2.5344 (2.4058)  ot_loss: 2.3125 (2.2531)  base_loss: 12.3410 (11.7923)  time: 0.3897  data: 0.1641  max mem: 11378
Epoch: [84] Total time: 0:00:33 (0.4359 s / it)
Averaged stats: lr: 0.000027  sp_loss: 6.2968 (6.0663)  fam_loss: 3.5048 (3.3202)  manu_loss: 2.5344 (2.4058)  ot_loss: 2.3125 (2.2531)  base_loss: 12.3410 (11.7923)
Test:  [  0/391]  eta: 0:40:15  sploss: 7.8887 (7.8887)  famloss: 2.4029 (2.4029)  manuloss: 1.5620 (1.5620)  acc1: 1.1719 (1.1719)  acc5: 5.0781 (5.0781)  family_acc1: 49.6094 (49.6094)  manu_acc1: 67.9688 (67.9688)  time: 6.1781  data: 5.9321  max mem: 11378
Test:  [250/391]  eta: 0:01:00  sploss: 7.8430 (7.9474)  famloss: 2.6745 (2.6669)  manuloss: 1.8480 (1.7902)  acc1: 0.7812 (0.5712)  acc5: 4.2969 (4.9396)  family_acc1: 42.1875 (44.0379)  manu_acc1: 57.8125 (60.7134)  time: 0.3574  data: 0.1252  max mem: 11378
Test:  [390/391]  eta: 0:00:00  sploss: 7.7544 (7.8964)  famloss: 2.4219 (2.5973)  manuloss: 1.4280 (1.7132)  acc1: 0.7812 (0.5800)  acc5: 5.4688 (5.0730)  family_acc1: 49.6094 (45.2040)  manu_acc1: 70.3125 (62.3930)  time: 0.3949  data: 0.1915  max mem: 11378
Test: Total time: 0:02:46 (0.4247 s / it)
* Acc@1 0.580 Acc@5 5.073 family@1 45.204 manu@1 62.393 sploss 7.896 fmloss 2.597 mfloss 1.713
FPA: 0.498% | TICE: 98.634%   
 wAP: 6.390  |  LCA: 295.457   |   Precision and Recall: 1.523%
Accuracy of the network on the 100000 test images: 0.6%
Max accuracy: 0.85%
Do not use KL loss
Epoch: [85]  [ 0/78]  eta: 0:07:38  lr: 0.000025  sp_loss: 4.1588 (4.1588)  fam_loss: 2.4143 (2.4143)  manu_loss: 1.6960 (1.6960)  ot_loss: 2.0078 (2.0078)  base_loss: 8.2692 (8.2692)  time: 5.8791  data: 5.5818  max mem: 11378
Epoch: [85]  [77/78]  eta: 0:00:00  lr: 0.000025  sp_loss: 6.4803 (5.9654)  fam_loss: 3.6528 (3.2849)  manu_loss: 2.6713 (2.3784)  ot_loss: 2.3047 (2.2233)  base_loss: 13.0211 (11.6288)  time: 0.4029  data: 0.1643  max mem: 11378
Epoch: [85] Total time: 0:00:36 (0.4681 s / it)
Averaged stats: lr: 0.000025  sp_loss: 6.4803 (5.9654)  fam_loss: 3.6528 (3.2849)  manu_loss: 2.6713 (2.3784)  ot_loss: 2.3047 (2.2233)  base_loss: 13.0211 (11.6288)
Test:  [  0/391]  eta: 0:42:48  sploss: 7.8168 (7.8168)  famloss: 2.3971 (2.3971)  manuloss: 1.5279 (1.5279)  acc1: 1.1719 (1.1719)  acc5: 6.6406 (6.6406)  family_acc1: 48.4375 (48.4375)  manu_acc1: 67.1875 (67.1875)  time: 6.5679  data: 6.2540  max mem: 11378
Test:  [250/391]  eta: 0:01:00  sploss: 7.7978 (7.8781)  famloss: 2.6605 (2.6596)  manuloss: 1.8532 (1.7848)  acc1: 0.7812 (0.7097)  acc5: 5.4688 (5.5450)  family_acc1: 42.9688 (43.9663)  manu_acc1: 57.4219 (60.6029)  time: 0.3518  data: 0.1324  max mem: 11378
Test:  [390/391]  eta: 0:00:00  sploss: 7.6700 (7.8252)  famloss: 2.4335 (2.5897)  manuloss: 1.4176 (1.7070)  acc1: 0.7812 (0.7180)  acc5: 5.8594 (5.6590)  family_acc1: 49.6094 (45.1390)  manu_acc1: 69.9219 (62.2710)  time: 0.4169  data: 0.2139  max mem: 11378
Test: Total time: 0:02:46 (0.4265 s / it)
* Acc@1 0.718 Acc@5 5.659 family@1 45.139 manu@1 62.271 sploss 7.825 fmloss 2.590 mfloss 1.707
FPA: 0.620% | TICE: 98.287%   
 wAP: 6.502  |  LCA: 294.736   |   Precision and Recall: 1.740%
Accuracy of the network on the 100000 test images: 0.7%
Max accuracy: 0.85%
Do not use KL loss
Epoch: [86]  [ 0/78]  eta: 0:08:28  lr: 0.000023  sp_loss: 5.1524 (5.1524)  fam_loss: 3.2801 (3.2801)  manu_loss: 2.3443 (2.3443)  ot_loss: 2.0684 (2.0684)  base_loss: 10.7769 (10.7769)  time: 6.5239  data: 6.1948  max mem: 11378
Epoch: [86]  [77/78]  eta: 0:00:00  lr: 0.000023  sp_loss: 7.0656 (5.9729)  fam_loss: 3.6666 (3.2886)  manu_loss: 2.6707 (2.3674)  ot_loss: 2.3262 (2.2166)  base_loss: 13.5120 (11.6288)  time: 0.4057  data: 0.1770  max mem: 11378
Epoch: [86] Total time: 0:00:35 (0.4604 s / it)
Averaged stats: lr: 0.000023  sp_loss: 7.0656 (5.9729)  fam_loss: 3.6666 (3.2886)  manu_loss: 2.6707 (2.3674)  ot_loss: 2.3262 (2.2166)  base_loss: 13.5120 (11.6288)
Test:  [  0/391]  eta: 0:38:21  sploss: 7.9436 (7.9436)  famloss: 2.4124 (2.4124)  manuloss: 1.5520 (1.5520)  acc1: 1.1719 (1.1719)  acc5: 5.8594 (5.8594)  family_acc1: 49.2188 (49.2188)  manu_acc1: 68.3594 (68.3594)  time: 5.8866  data: 5.6475  max mem: 11378
Test:  [250/391]  eta: 0:00:57  sploss: 7.8838 (7.9667)  famloss: 2.6832 (2.6766)  manuloss: 1.8619 (1.8023)  acc1: 0.3906 (0.5073)  acc5: 4.2969 (4.6859)  family_acc1: 43.7500 (44.0441)  manu_acc1: 57.8125 (60.6403)  time: 0.3243  data: 0.1093  max mem: 11378
Test:  [390/391]  eta: 0:00:00  sploss: 7.7785 (7.9158)  famloss: 2.4205 (2.6061)  manuloss: 1.4305 (1.7232)  acc1: 0.3906 (0.5120)  acc5: 5.4688 (4.8160)  family_acc1: 49.2188 (45.2730)  manu_acc1: 70.6250 (62.3220)  time: 0.3969  data: 0.1943  max mem: 11378
Test: Total time: 0:02:37 (0.4036 s / it)
* Acc@1 0.512 Acc@5 4.816 family@1 45.273 manu@1 62.322 sploss 7.916 fmloss 2.606 mfloss 1.723
FPA: 0.436% | TICE: 98.765%   
 wAP: 6.335  |  LCA: 295.950   |   Precision and Recall: 1.371%
Accuracy of the network on the 100000 test images: 0.5%
Max accuracy: 0.85%
Do not use KL loss
Epoch: [87]  [ 0/78]  eta: 0:07:43  lr: 0.000021  sp_loss: 5.9915 (5.9915)  fam_loss: 3.3400 (3.3400)  manu_loss: 2.4526 (2.4526)  ot_loss: 2.1875 (2.1875)  base_loss: 11.7842 (11.7842)  time: 5.9403  data: 5.6552  max mem: 11378
Epoch: [87]  [77/78]  eta: 0:00:00  lr: 0.000021  sp_loss: 5.0905 (5.9494)  fam_loss: 2.9159 (3.2834)  manu_loss: 2.1816 (2.3551)  ot_loss: 2.1152 (2.2169)  base_loss: 10.1881 (11.5879)  time: 0.3850  data: 0.1550  max mem: 11378
Epoch: [87] Total time: 0:00:35 (0.4564 s / it)
Averaged stats: lr: 0.000021  sp_loss: 5.0905 (5.9494)  fam_loss: 2.9159 (3.2834)  manu_loss: 2.1816 (2.3551)  ot_loss: 2.1152 (2.2169)  base_loss: 10.1881 (11.5879)
Test:  [  0/391]  eta: 0:39:28  sploss: 7.8647 (7.8647)  famloss: 2.3823 (2.3823)  manuloss: 1.5474 (1.5474)  acc1: 1.1719 (1.1719)  acc5: 5.8594 (5.8594)  family_acc1: 48.4375 (48.4375)  manu_acc1: 68.3594 (68.3594)  time: 6.0586  data: 5.7701  max mem: 11378
Test:  [250/391]  eta: 0:01:01  sploss: 7.8187 (7.8994)  famloss: 2.6631 (2.6632)  manuloss: 1.8604 (1.7949)  acc1: 0.7812 (0.6381)  acc5: 4.6875 (5.2011)  family_acc1: 43.3594 (44.0504)  manu_acc1: 58.2031 (60.6371)  time: 0.4421  data: 0.2120  max mem: 11378
Test:  [390/391]  eta: 0:00:00  sploss: 7.6814 (7.8453)  famloss: 2.4326 (2.5922)  manuloss: 1.4150 (1.7156)  acc1: 0.7812 (0.6440)  acc5: 5.8594 (5.3690)  family_acc1: 50.3906 (45.2950)  manu_acc1: 70.3125 (62.3330)  time: 0.4691  data: 0.2627  max mem: 11378
Test: Total time: 0:02:48 (0.4320 s / it)
* Acc@1 0.644 Acc@5 5.369 family@1 45.295 manu@1 62.333 sploss 7.845 fmloss 2.592 mfloss 1.716
FPA: 0.560% | TICE: 98.446%   
 wAP: 6.454  |  LCA: 295.143   |   Precision and Recall: 1.614%
Accuracy of the network on the 100000 test images: 0.6%
Max accuracy: 0.85%
Do not use KL loss
Epoch: [88]  [ 0/78]  eta: 0:07:42  lr: 0.000020  sp_loss: 5.2845 (5.2845)  fam_loss: 3.0324 (3.0324)  manu_loss: 2.1834 (2.1834)  ot_loss: 2.0137 (2.0137)  base_loss: 10.5002 (10.5002)  time: 5.9249  data: 5.6338  max mem: 11378
Epoch: [88]  [77/78]  eta: 0:00:00  lr: 0.000020  sp_loss: 5.4770 (5.8464)  fam_loss: 3.1696 (3.2339)  manu_loss: 2.2926 (2.3462)  ot_loss: 2.1191 (2.1960)  base_loss: 11.0135 (11.4265)  time: 0.4086  data: 0.1793  max mem: 11378
Epoch: [88] Total time: 0:00:36 (0.4674 s / it)
Averaged stats: lr: 0.000020  sp_loss: 5.4770 (5.8464)  fam_loss: 3.1696 (3.2339)  manu_loss: 2.2926 (2.3462)  ot_loss: 2.1191 (2.1960)  base_loss: 11.0135 (11.4265)
Test:  [  0/391]  eta: 0:40:17  sploss: 7.8770 (7.8770)  famloss: 2.3759 (2.3759)  manuloss: 1.5358 (1.5358)  acc1: 1.1719 (1.1719)  acc5: 6.2500 (6.2500)  family_acc1: 48.8281 (48.8281)  manu_acc1: 67.5781 (67.5781)  time: 6.1840  data: 5.9445  max mem: 11378
Test:  [250/391]  eta: 0:01:02  sploss: 7.7958 (7.9119)  famloss: 2.6681 (2.6651)  manuloss: 1.8530 (1.7924)  acc1: 0.7812 (0.5743)  acc5: 4.6875 (5.0844)  family_acc1: 43.3594 (44.1282)  manu_acc1: 58.2031 (60.6652)  time: 0.3572  data: 0.0879  max mem: 11378
Test:  [390/391]  eta: 0:00:00  sploss: 7.6864 (7.8594)  famloss: 2.4234 (2.5942)  manuloss: 1.4159 (1.7133)  acc1: 0.7812 (0.5970)  acc5: 5.8594 (5.2480)  family_acc1: 50.0000 (45.3770)  manu_acc1: 70.3125 (62.3520)  time: 0.3906  data: 0.1847  max mem: 11378
Test: Total time: 0:02:48 (0.4300 s / it)
* Acc@1 0.597 Acc@5 5.248 family@1 45.377 manu@1 62.352 sploss 7.859 fmloss 2.594 mfloss 1.713
FPA: 0.518% | TICE: 98.546%   
 wAP: 6.421  |  LCA: 295.390   |   Precision and Recall: 1.537%
Accuracy of the network on the 100000 test images: 0.6%
Max accuracy: 0.85%
Do not use KL loss
Epoch: [89]  [ 0/78]  eta: 0:07:27  lr: 0.000018  sp_loss: 5.9345 (5.9345)  fam_loss: 3.3102 (3.3102)  manu_loss: 2.2859 (2.2859)  ot_loss: 2.2129 (2.2129)  base_loss: 11.5307 (11.5307)  time: 5.7331  data: 5.4547  max mem: 11378
Epoch: [89]  [77/78]  eta: 0:00:00  lr: 0.000018  sp_loss: 6.0334 (5.7608)  fam_loss: 3.1895 (3.2030)  manu_loss: 2.3988 (2.3068)  ot_loss: 2.1934 (2.1821)  base_loss: 11.8047 (11.2706)  time: 0.4033  data: 0.1753  max mem: 11378
Epoch: [89] Total time: 0:00:35 (0.4589 s / it)
Averaged stats: lr: 0.000018  sp_loss: 6.0334 (5.7608)  fam_loss: 3.1895 (3.2030)  manu_loss: 2.3988 (2.3068)  ot_loss: 2.1934 (2.1821)  base_loss: 11.8047 (11.2706)
Test:  [  0/391]  eta: 0:41:59  sploss: 7.8291 (7.8291)  famloss: 2.3394 (2.3394)  manuloss: 1.5021 (1.5021)  acc1: 1.5625 (1.5625)  acc5: 6.2500 (6.2500)  family_acc1: 48.8281 (48.8281)  manu_acc1: 67.9688 (67.9688)  time: 6.4448  data: 6.1749  max mem: 11378
Test:  [250/391]  eta: 0:01:00  sploss: 7.7746 (7.8751)  famloss: 2.6342 (2.6409)  manuloss: 1.8433 (1.7777)  acc1: 0.7812 (0.6723)  acc5: 5.0781 (5.5248)  family_acc1: 43.3594 (44.1360)  manu_acc1: 57.8125 (60.6745)  time: 0.3319  data: 0.1019  max mem: 11378
Test:  [390/391]  eta: 0:00:00  sploss: 7.6541 (7.8228)  famloss: 2.4295 (2.5704)  manuloss: 1.4055 (1.6989)  acc1: 0.7812 (0.6940)  acc5: 6.2500 (5.6740)  family_acc1: 50.3906 (45.4180)  manu_acc1: 69.9219 (62.3740)  time: 0.4038  data: 0.2028  max mem: 11378
Test: Total time: 0:02:46 (0.4249 s / it)
* Acc@1 0.694 Acc@5 5.674 family@1 45.418 manu@1 62.374 sploss 7.823 fmloss 2.570 mfloss 1.699
FPA: 0.605% | TICE: 98.369%   
 wAP: 6.511  |  LCA: 294.843   |   Precision and Recall: 1.706%
Accuracy of the network on the 100000 test images: 0.7%
Max accuracy: 0.85%
Do not use KL loss
Epoch: [90]  [ 0/78]  eta: 0:07:53  lr: 0.000017  sp_loss: 5.0495 (5.0495)  fam_loss: 2.8631 (2.8631)  manu_loss: 2.2923 (2.2923)  ot_loss: 2.0098 (2.0098)  base_loss: 10.2050 (10.2050)  time: 6.0719  data: 5.7863  max mem: 11378
Epoch: [90]  [77/78]  eta: 0:00:00  lr: 0.000017  sp_loss: 6.2741 (5.9018)  fam_loss: 3.4198 (3.2451)  manu_loss: 2.3362 (2.3312)  ot_loss: 2.2363 (2.2030)  base_loss: 12.0301 (11.4780)  time: 0.3921  data: 0.1657  max mem: 11378
Epoch: [90] Total time: 0:00:34 (0.4422 s / it)
Averaged stats: lr: 0.000017  sp_loss: 6.2741 (5.9018)  fam_loss: 3.4198 (3.2451)  manu_loss: 2.3362 (2.3312)  ot_loss: 2.2363 (2.2030)  base_loss: 12.0301 (11.4780)
Test:  [  0/391]  eta: 0:39:01  sploss: 7.8314 (7.8314)  famloss: 2.3649 (2.3649)  manuloss: 1.5238 (1.5238)  acc1: 1.1719 (1.1719)  acc5: 5.8594 (5.8594)  family_acc1: 49.2188 (49.2188)  manu_acc1: 67.5781 (67.5781)  time: 5.9881  data: 5.7027  max mem: 11378
Test:  [250/391]  eta: 0:01:01  sploss: 7.7650 (7.8637)  famloss: 2.6567 (2.6546)  manuloss: 1.8643 (1.7876)  acc1: 0.7812 (0.6536)  acc5: 5.0781 (5.3302)  family_acc1: 43.3594 (44.3118)  manu_acc1: 58.2031 (60.8301)  time: 0.3276  data: 0.0973  max mem: 11378
Test:  [390/391]  eta: 0:00:00  sploss: 7.6661 (7.8133)  famloss: 2.4452 (2.5853)  manuloss: 1.4392 (1.7092)  acc1: 0.7812 (0.6780)  acc5: 6.2500 (5.4540)  family_acc1: 50.0000 (45.5450)  manu_acc1: 70.0000 (62.5060)  time: 0.3912  data: 0.1875  max mem: 11378
Test: Total time: 0:02:48 (0.4302 s / it)
* Acc@1 0.678 Acc@5 5.454 family@1 45.545 manu@1 62.506 sploss 7.813 fmloss 2.585 mfloss 1.709
FPA: 0.584% | TICE: 98.372%   
 wAP: 6.512  |  LCA: 294.983   |   Precision and Recall: 1.664%
Accuracy of the network on the 100000 test images: 0.7%
Max accuracy: 0.85%
Do not use KL loss
Epoch: [91]  [ 0/78]  eta: 0:08:20  lr: 0.000016  sp_loss: 6.8183 (6.8183)  fam_loss: 3.7806 (3.7806)  manu_loss: 2.6909 (2.6909)  ot_loss: 2.3555 (2.3555)  base_loss: 13.2898 (13.2898)  time: 6.4150  data: 6.1347  max mem: 11378
Epoch: [91]  [77/78]  eta: 0:00:00  lr: 0.000016  sp_loss: 6.9083 (6.1788)  fam_loss: 3.7758 (3.3954)  manu_loss: 2.6447 (2.4508)  ot_loss: 2.3164 (2.2389)  base_loss: 13.6614 (12.0250)  time: 0.4201  data: 0.1926  max mem: 11378
Epoch: [91] Total time: 0:00:36 (0.4629 s / it)
Averaged stats: lr: 0.000016  sp_loss: 6.9083 (6.1788)  fam_loss: 3.7758 (3.3954)  manu_loss: 2.6447 (2.4508)  ot_loss: 2.3164 (2.2389)  base_loss: 13.6614 (12.0250)
Test:  [  0/391]  eta: 0:40:10  sploss: 7.8738 (7.8738)  famloss: 2.4017 (2.4017)  manuloss: 1.5622 (1.5622)  acc1: 0.7812 (0.7812)  acc5: 5.8594 (5.8594)  family_acc1: 48.4375 (48.4375)  manu_acc1: 67.1875 (67.1875)  time: 6.1661  data: 5.8626  max mem: 11378
Test:  [250/391]  eta: 0:01:00  sploss: 7.8358 (7.9114)  famloss: 2.6883 (2.6777)  manuloss: 1.8525 (1.8020)  acc1: 0.7812 (0.5852)  acc5: 4.2969 (4.8291)  family_acc1: 42.9688 (44.0348)  manu_acc1: 57.8125 (60.7150)  time: 0.3384  data: 0.1096  max mem: 11378
Test:  [390/391]  eta: 0:00:00  sploss: 7.7035 (7.8613)  famloss: 2.4332 (2.6073)  manuloss: 1.4386 (1.7234)  acc1: 0.7812 (0.5970)  acc5: 5.4688 (4.9670)  family_acc1: 48.8281 (45.2540)  manu_acc1: 70.3125 (62.3740)  time: 0.4049  data: 0.2004  max mem: 11378
Test: Total time: 0:02:45 (0.4229 s / it)
* Acc@1 0.597 Acc@5 4.967 family@1 45.254 manu@1 62.374 sploss 7.861 fmloss 2.607 mfloss 1.723
FPA: 0.517% | TICE: 98.559%   
 wAP: 6.409  |  LCA: 295.456   |   Precision and Recall: 1.513%
Accuracy of the network on the 100000 test images: 0.6%
Max accuracy: 0.85%
Do not use KL loss
Epoch: [92]  [ 0/78]  eta: 0:07:16  lr: 0.000015  sp_loss: 5.9782 (5.9782)  fam_loss: 3.2787 (3.2787)  manu_loss: 2.3169 (2.3169)  ot_loss: 2.1836 (2.1836)  base_loss: 11.5738 (11.5738)  time: 5.6010  data: 5.3188  max mem: 11378
Epoch: [92]  [77/78]  eta: 0:00:00  lr: 0.000015  sp_loss: 6.4838 (5.8828)  fam_loss: 3.4945 (3.2657)  manu_loss: 2.4843 (2.3591)  ot_loss: 2.2715 (2.1850)  base_loss: 12.5221 (11.5076)  time: 0.3968  data: 0.1685  max mem: 11378
Epoch: [92] Total time: 0:00:33 (0.4307 s / it)
Averaged stats: lr: 0.000015  sp_loss: 6.4838 (5.8828)  fam_loss: 3.4945 (3.2657)  manu_loss: 2.4843 (2.3591)  ot_loss: 2.2715 (2.1850)  base_loss: 12.5221 (11.5076)
Test:  [  0/391]  eta: 0:38:10  sploss: 7.9134 (7.9134)  famloss: 2.3893 (2.3893)  manuloss: 1.5543 (1.5543)  acc1: 1.1719 (1.1719)  acc5: 6.2500 (6.2500)  family_acc1: 48.0469 (48.0469)  manu_acc1: 65.6250 (65.6250)  time: 5.8592  data: 5.6238  max mem: 11378
Test:  [250/391]  eta: 0:01:00  sploss: 7.8786 (7.9664)  famloss: 2.6565 (2.6532)  manuloss: 1.8356 (1.7837)  acc1: 0.3906 (0.5151)  acc5: 4.2969 (4.7342)  family_acc1: 43.3594 (44.2324)  manu_acc1: 58.2031 (60.8830)  time: 0.3362  data: 0.1196  max mem: 11378
Test:  [390/391]  eta: 0:00:00  sploss: 7.7541 (7.9131)  famloss: 2.4337 (2.5823)  manuloss: 1.4335 (1.7057)  acc1: 0.7812 (0.5210)  acc5: 5.4688 (4.8790)  family_acc1: 50.0000 (45.4900)  manu_acc1: 69.9219 (62.5450)  time: 0.3882  data: 0.1775  max mem: 11378
Test: Total time: 0:02:45 (0.4233 s / it)
* Acc@1 0.521 Acc@5 4.879 family@1 45.490 manu@1 62.545 sploss 7.913 fmloss 2.582 mfloss 1.706
FPA: 0.456% | TICE: 98.718%   
 wAP: 6.370  |  LCA: 295.788   |   Precision and Recall: 1.413%
Accuracy of the network on the 100000 test images: 0.5%
Max accuracy: 0.85%
Do not use KL loss
Epoch: [93]  [ 0/78]  eta: 0:07:56  lr: 0.000014  sp_loss: 4.5375 (4.5375)  fam_loss: 2.6038 (2.6038)  manu_loss: 1.9982 (1.9982)  ot_loss: 1.9160 (1.9160)  base_loss: 9.1395 (9.1395)  time: 6.1044  data: 5.8042  max mem: 11378
Epoch: [93]  [77/78]  eta: 0:00:00  lr: 0.000014  sp_loss: 5.3702 (5.9517)  fam_loss: 2.9955 (3.3109)  manu_loss: 2.1603 (2.3879)  ot_loss: 2.0977 (2.2003)  base_loss: 10.7503 (11.6505)  time: 0.4178  data: 0.1874  max mem: 11378
Epoch: [93] Total time: 0:00:35 (0.4593 s / it)
Averaged stats: lr: 0.000014  sp_loss: 5.3702 (5.9517)  fam_loss: 2.9955 (3.3109)  manu_loss: 2.1603 (2.3879)  ot_loss: 2.0977 (2.2003)  base_loss: 10.7503 (11.6505)
Test:  [  0/391]  eta: 0:41:17  sploss: 7.8133 (7.8133)  famloss: 2.3694 (2.3694)  manuloss: 1.5390 (1.5390)  acc1: 1.1719 (1.1719)  acc5: 7.8125 (7.8125)  family_acc1: 48.0469 (48.0469)  manu_acc1: 66.7969 (66.7969)  time: 6.3375  data: 6.1016  max mem: 11378
Test:  [250/391]  eta: 0:00:57  sploss: 7.7854 (7.8567)  famloss: 2.6539 (2.6513)  manuloss: 1.8220 (1.7830)  acc1: 0.7812 (0.6599)  acc5: 4.6875 (5.3894)  family_acc1: 43.7500 (44.2122)  manu_acc1: 57.8125 (60.7756)  time: 0.3455  data: 0.1278  max mem: 11378
Test:  [390/391]  eta: 0:00:00  sploss: 7.6445 (7.8047)  famloss: 2.4300 (2.5811)  manuloss: 1.4260 (1.7047)  acc1: 0.7812 (0.6600)  acc5: 6.2500 (5.5500)  family_acc1: 49.2188 (45.4190)  manu_acc1: 69.9219 (62.4820)  time: 0.4093  data: 0.2027  max mem: 11378
Test: Total time: 0:02:38 (0.4044 s / it)
* Acc@1 0.660 Acc@5 5.550 family@1 45.419 manu@1 62.482 sploss 7.805 fmloss 2.581 mfloss 1.705
FPA: 0.569% | TICE: 98.470%   
 wAP: 6.483  |  LCA: 295.080   |   Precision and Recall: 1.639%
Accuracy of the network on the 100000 test images: 0.7%
Max accuracy: 0.85%
Do not use KL loss
Epoch: [94]  [ 0/78]  eta: 0:07:49  lr: 0.000013  sp_loss: 5.9557 (5.9557)  fam_loss: 3.4453 (3.4453)  manu_loss: 2.3236 (2.3236)  ot_loss: 2.1641 (2.1641)  base_loss: 11.7247 (11.7247)  time: 6.0169  data: 5.7158  max mem: 11378
Epoch: [94]  [77/78]  eta: 0:00:00  lr: 0.000013  sp_loss: 5.6371 (5.9179)  fam_loss: 3.2349 (3.2954)  manu_loss: 2.2806 (2.3548)  ot_loss: 2.1016 (2.1874)  base_loss: 11.0868 (11.5681)  time: 0.3893  data: 0.1599  max mem: 11378
Epoch: [94] Total time: 0:00:35 (0.4591 s / it)
Averaged stats: lr: 0.000013  sp_loss: 5.6371 (5.9179)  fam_loss: 3.2349 (3.2954)  manu_loss: 2.2806 (2.3548)  ot_loss: 2.1016 (2.1874)  base_loss: 11.0868 (11.5681)
Test:  [  0/391]  eta: 0:39:10  sploss: 7.7412 (7.7412)  famloss: 2.3477 (2.3477)  manuloss: 1.5207 (1.5207)  acc1: 1.1719 (1.1719)  acc5: 7.0312 (7.0312)  family_acc1: 49.6094 (49.6094)  manu_acc1: 68.3594 (68.3594)  time: 6.0113  data: 5.7745  max mem: 11378
Test:  [250/391]  eta: 0:01:00  sploss: 7.6904 (7.7802)  famloss: 2.6356 (2.6295)  manuloss: 1.8234 (1.7695)  acc1: 0.7812 (0.7890)  acc5: 5.0781 (6.0524)  family_acc1: 42.9688 (44.5515)  manu_acc1: 57.4219 (60.8784)  time: 0.3280  data: 0.1084  max mem: 11378
Test:  [390/391]  eta: 0:00:00  sploss: 7.5721 (7.7279)  famloss: 2.4237 (2.5593)  manuloss: 1.4122 (1.6912)  acc1: 0.7812 (0.7960)  acc5: 6.6406 (6.2210)  family_acc1: 49.6094 (45.7470)  manu_acc1: 69.9219 (62.5650)  time: 0.4001  data: 0.1924  max mem: 11378
Test: Total time: 0:02:44 (0.4218 s / it)
* Acc@1 0.796 Acc@5 6.221 family@1 45.747 manu@1 62.565 sploss 7.728 fmloss 2.559 mfloss 1.691
FPA: 0.680% | TICE: 98.190%   
 wAP: 6.637  |  LCA: 294.326   |   Precision and Recall: 1.879%
Accuracy of the network on the 100000 test images: 0.8%
Max accuracy: 0.85%
Do not use KL loss
Epoch: [95]  [ 0/78]  eta: 0:07:35  lr: 0.000012  sp_loss: 5.7472 (5.7472)  fam_loss: 3.3933 (3.3933)  manu_loss: 2.4013 (2.4013)  ot_loss: 2.1660 (2.1660)  base_loss: 11.5419 (11.5419)  time: 5.8461  data: 5.5629  max mem: 11378
Epoch: [95]  [77/78]  eta: 0:00:00  lr: 0.000012  sp_loss: 5.6045 (5.8540)  fam_loss: 3.2421 (3.2661)  manu_loss: 2.3042 (2.3505)  ot_loss: 2.0762 (2.1821)  base_loss: 11.1566 (11.4706)  time: 0.3951  data: 0.1685  max mem: 11378
Epoch: [95] Total time: 0:00:35 (0.4614 s / it)
Averaged stats: lr: 0.000012  sp_loss: 5.6045 (5.8540)  fam_loss: 3.2421 (3.2661)  manu_loss: 2.3042 (2.3505)  ot_loss: 2.0762 (2.1821)  base_loss: 11.1566 (11.4706)
Test:  [  0/391]  eta: 0:41:24  sploss: 7.8014 (7.8014)  famloss: 2.3721 (2.3721)  manuloss: 1.5520 (1.5520)  acc1: 1.1719 (1.1719)  acc5: 6.6406 (6.6406)  family_acc1: 49.2188 (49.2188)  manu_acc1: 67.9688 (67.9688)  time: 6.3530  data: 6.0582  max mem: 11378
Test:  [250/391]  eta: 0:01:00  sploss: 7.7338 (7.8363)  famloss: 2.6514 (2.6483)  manuloss: 1.8463 (1.7856)  acc1: 0.7812 (0.6910)  acc5: 5.0781 (5.4921)  family_acc1: 43.3594 (44.2620)  manu_acc1: 57.8125 (60.7399)  time: 0.3639  data: 0.1138  max mem: 11378
Test:  [390/391]  eta: 0:00:00  sploss: 7.6261 (7.7827)  famloss: 2.4330 (2.5785)  manuloss: 1.4310 (1.7074)  acc1: 0.7812 (0.6970)  acc5: 6.2500 (5.6830)  family_acc1: 49.2188 (45.4900)  manu_acc1: 69.9219 (62.3930)  time: 0.3858  data: 0.1720  max mem: 11378
Test: Total time: 0:02:43 (0.4182 s / it)
* Acc@1 0.697 Acc@5 5.683 family@1 45.490 manu@1 62.393 sploss 7.783 fmloss 2.578 mfloss 1.707
FPA: 0.601% | TICE: 98.367%   
 wAP: 6.521  |  LCA: 294.875   |   Precision and Recall: 1.703%
Accuracy of the network on the 100000 test images: 0.7%
Max accuracy: 0.85%
Do not use KL loss
Epoch: [96]  [ 0/78]  eta: 0:08:01  lr: 0.000011  sp_loss: 7.0780 (7.0780)  fam_loss: 3.9451 (3.9451)  manu_loss: 2.7306 (2.7306)  ot_loss: 2.3398 (2.3398)  base_loss: 13.7536 (13.7536)  time: 6.1790  data: 5.8872  max mem: 11378
Epoch: [96]  [77/78]  eta: 0:00:00  lr: 0.000011  sp_loss: 5.0362 (5.6991)  fam_loss: 2.9689 (3.1726)  manu_loss: 2.1552 (2.2792)  ot_loss: 2.0801 (2.1510)  base_loss: 10.2394 (11.1509)  time: 0.4103  data: 0.1818  max mem: 11378
Epoch: [96] Total time: 0:00:34 (0.4468 s / it)
Averaged stats: lr: 0.000011  sp_loss: 5.0362 (5.6991)  fam_loss: 2.9689 (3.1726)  manu_loss: 2.1552 (2.2792)  ot_loss: 2.0801 (2.1510)  base_loss: 10.2394 (11.1509)
Test:  [  0/391]  eta: 0:38:16  sploss: 7.7134 (7.7134)  famloss: 2.3445 (2.3445)  manuloss: 1.5343 (1.5343)  acc1: 1.5625 (1.5625)  acc5: 7.8125 (7.8125)  family_acc1: 49.6094 (49.6094)  manu_acc1: 67.9688 (67.9688)  time: 5.8742  data: 5.5780  max mem: 11378
Test:  [250/391]  eta: 0:01:00  sploss: 7.6561 (7.7519)  famloss: 2.6338 (2.6230)  manuloss: 1.8307 (1.7656)  acc1: 0.7812 (0.8435)  acc5: 5.4688 (6.3169)  family_acc1: 43.3594 (44.4721)  manu_acc1: 57.0312 (60.8675)  time: 0.3203  data: 0.0699  max mem: 11378
Test:  [390/391]  eta: 0:00:00  sploss: 7.5426 (7.6960)  famloss: 2.3952 (2.5533)  manuloss: 1.4016 (1.6879)  acc1: 1.1719 (0.8680)  acc5: 7.0312 (6.5500)  family_acc1: 49.2188 (45.6520)  manu_acc1: 69.9219 (62.5750)  time: 0.3956  data: 0.1887  max mem: 11378
Test: Total time: 0:02:44 (0.4219 s / it)
* Acc@1 0.868 Acc@5 6.550 family@1 45.652 manu@1 62.575 sploss 7.696 fmloss 2.553 mfloss 1.688
FPA: 0.755% | TICE: 97.980%   
 wAP: 6.691  |  LCA: 293.926   |   Precision and Recall: 1.994%
Accuracy of the network on the 100000 test images: 0.9%
Max accuracy: 0.87%
Do not use KL loss
Epoch: [97]  [ 0/78]  eta: 0:07:57  lr: 0.000011  sp_loss: 6.0032 (6.0032)  fam_loss: 3.4251 (3.4251)  manu_loss: 2.5103 (2.5103)  ot_loss: 2.2109 (2.2109)  base_loss: 11.9386 (11.9386)  time: 6.1243  data: 5.8233  max mem: 11378
Epoch: [97]  [77/78]  eta: 0:00:00  lr: 0.000011  sp_loss: 5.7814 (5.9800)  fam_loss: 3.4317 (3.3071)  manu_loss: 2.4053 (2.3784)  ot_loss: 2.1719 (2.2076)  base_loss: 11.6185 (11.6655)  time: 0.3917  data: 0.1639  max mem: 11378
Epoch: [97] Total time: 0:00:35 (0.4493 s / it)
Averaged stats: lr: 0.000011  sp_loss: 5.7814 (5.9800)  fam_loss: 3.4317 (3.3071)  manu_loss: 2.4053 (2.3784)  ot_loss: 2.1719 (2.2076)  base_loss: 11.6185 (11.6655)
Test:  [  0/391]  eta: 0:38:03  sploss: 7.8045 (7.8045)  famloss: 2.3642 (2.3642)  manuloss: 1.5462 (1.5462)  acc1: 1.1719 (1.1719)  acc5: 6.2500 (6.2500)  family_acc1: 49.2188 (49.2188)  manu_acc1: 66.4062 (66.4062)  time: 5.8393  data: 5.5797  max mem: 11378
Test:  [250/391]  eta: 0:00:59  sploss: 7.7549 (7.8465)  famloss: 2.6466 (2.6389)  manuloss: 1.8347 (1.7778)  acc1: 0.7812 (0.6739)  acc5: 5.0781 (5.5030)  family_acc1: 43.3594 (44.4285)  manu_acc1: 57.0312 (60.8208)  time: 0.3567  data: 0.1185  max mem: 11378
Test:  [390/391]  eta: 0:00:00  sploss: 7.6518 (7.7931)  famloss: 2.4138 (2.5677)  manuloss: 1.4084 (1.6992)  acc1: 0.7812 (0.6790)  acc5: 6.2500 (5.6840)  family_acc1: 49.6094 (45.6290)  manu_acc1: 69.9219 (62.4820)  time: 0.4139  data: 0.2075  max mem: 11378
Test: Total time: 0:02:43 (0.4185 s / it)
* Acc@1 0.679 Acc@5 5.684 family@1 45.629 manu@1 62.482 sploss 7.793 fmloss 2.568 mfloss 1.699
FPA: 0.585% | TICE: 98.410%   
 wAP: 6.520  |  LCA: 295.022   |   Precision and Recall: 1.662%
Accuracy of the network on the 100000 test images: 0.7%
Max accuracy: 0.87%
Do not use KL loss
Epoch: [98]  [ 0/78]  eta: 0:07:51  lr: 0.000011  sp_loss: 5.5813 (5.5813)  fam_loss: 2.9660 (2.9660)  manu_loss: 2.1453 (2.1453)  ot_loss: 1.9873 (1.9873)  base_loss: 10.6926 (10.6926)  time: 6.0429  data: 5.7514  max mem: 11378
Epoch: [98]  [77/78]  eta: 0:00:00  lr: 0.000011  sp_loss: 5.0464 (5.9195)  fam_loss: 2.7702 (3.2935)  manu_loss: 2.0293 (2.3636)  ot_loss: 2.0664 (2.1838)  base_loss: 9.8946 (11.5765)  time: 0.4182  data: 0.1891  max mem: 11378
Epoch: [98] Total time: 0:00:35 (0.4577 s / it)
Averaged stats: lr: 0.000011  sp_loss: 5.0464 (5.9195)  fam_loss: 2.7702 (3.2935)  manu_loss: 2.0293 (2.3636)  ot_loss: 2.0664 (2.1838)  base_loss: 9.8946 (11.5765)
Test:  [  0/391]  eta: 0:41:35  sploss: 7.7087 (7.7087)  famloss: 2.3469 (2.3469)  manuloss: 1.5283 (1.5283)  acc1: 1.5625 (1.5625)  acc5: 7.4219 (7.4219)  family_acc1: 49.6094 (49.6094)  manu_acc1: 67.5781 (67.5781)  time: 6.3813  data: 6.0205  max mem: 11378
Test:  [250/391]  eta: 0:00:58  sploss: 7.6773 (7.7585)  famloss: 2.6382 (2.6220)  manuloss: 1.8229 (1.7667)  acc1: 0.7812 (0.8124)  acc5: 5.8594 (6.2049)  family_acc1: 43.7500 (44.6106)  manu_acc1: 57.4219 (60.8846)  time: 0.3235  data: 0.0993  max mem: 11378
Test:  [390/391]  eta: 0:00:00  sploss: 7.5550 (7.7051)  famloss: 2.4025 (2.5519)  manuloss: 1.3985 (1.6888)  acc1: 1.1719 (0.8310)  acc5: 7.0312 (6.3870)  family_acc1: 50.0000 (45.8320)  manu_acc1: 70.3125 (62.5740)  time: 0.4037  data: 0.1963  max mem: 11378
Test: Total time: 0:02:40 (0.4110 s / it)
* Acc@1 0.831 Acc@5 6.387 family@1 45.832 manu@1 62.574 sploss 7.705 fmloss 2.552 mfloss 1.689
FPA: 0.713% | TICE: 98.067%   
 wAP: 6.676  |  LCA: 294.188   |   Precision and Recall: 1.920%
Accuracy of the network on the 100000 test images: 0.8%
Max accuracy: 0.87%
Do not use KL loss
Epoch: [99]  [ 0/78]  eta: 0:07:55  lr: 0.000010  sp_loss: 5.5825 (5.5825)  fam_loss: 3.0188 (3.0188)  manu_loss: 2.2568 (2.2568)  ot_loss: 2.0332 (2.0332)  base_loss: 10.8581 (10.8581)  time: 6.0931  data: 5.8058  max mem: 11378
Epoch: [99]  [77/78]  eta: 0:00:00  lr: 0.000010  sp_loss: 5.4440 (5.7788)  fam_loss: 3.0896 (3.2235)  manu_loss: 2.2524 (2.3232)  ot_loss: 2.0879 (2.1626)  base_loss: 10.9239 (11.3255)  time: 0.3933  data: 0.1661  max mem: 11378
Epoch: [99] Total time: 0:00:35 (0.4568 s / it)
Averaged stats: lr: 0.000010  sp_loss: 5.4440 (5.7788)  fam_loss: 3.0896 (3.2235)  manu_loss: 2.2524 (2.3232)  ot_loss: 2.0879 (2.1626)  base_loss: 10.9239 (11.3255)
Test:  [  0/391]  eta: 0:39:09  sploss: 7.8203 (7.8203)  famloss: 2.3773 (2.3773)  manuloss: 1.5606 (1.5606)  acc1: 1.1719 (1.1719)  acc5: 7.0312 (7.0312)  family_acc1: 49.6094 (49.6094)  manu_acc1: 66.4062 (66.4062)  time: 6.0087  data: 5.7106  max mem: 11378
Test:  [250/391]  eta: 0:01:00  sploss: 7.7954 (7.8641)  famloss: 2.6665 (2.6517)  manuloss: 1.8380 (1.7887)  acc1: 0.3906 (0.6178)  acc5: 4.6875 (5.3629)  family_acc1: 44.5312 (44.3274)  manu_acc1: 57.4219 (60.7367)  time: 0.3391  data: 0.1176  max mem: 11378
Test:  [390/391]  eta: 0:00:00  sploss: 7.6746 (7.8122)  famloss: 2.4256 (2.5808)  manuloss: 1.4284 (1.7105)  acc1: 0.7812 (0.6330)  acc5: 6.2500 (5.5150)  family_acc1: 49.6094 (45.5270)  manu_acc1: 70.3125 (62.3970)  time: 0.3791  data: 0.1687  max mem: 11378
Test: Total time: 0:02:44 (0.4207 s / it)
* Acc@1 0.633 Acc@5 5.515 family@1 45.527 manu@1 62.397 sploss 7.812 fmloss 2.581 mfloss 1.710
FPA: 0.552% | TICE: 98.420%   
 wAP: 6.468  |  LCA: 295.179   |   Precision and Recall: 1.607%
Accuracy of the network on the 100000 test images: 0.6%
Max accuracy: 0.87%
Training time 3:44:01
Test:  [  0/391]  eta: 0:40:17  sploss: 7.8201 (7.8201)  famloss: 2.3767 (2.3767)  manuloss: 1.5597 (1.5597)  acc1: 1.1719 (1.1719)  acc5: 7.0312 (7.0312)  family_acc1: 49.6094 (49.6094)  manu_acc1: 66.4062 (66.4062)  time: 6.1816  data: 5.8785  max mem: 11378
Test:  [  1/391]  eta: 0:20:54  sploss: 7.7848 (7.8024)  famloss: 2.3767 (2.4902)  manuloss: 1.5597 (1.6821)  acc1: 0.7812 (0.9766)  acc5: 7.0312 (7.8125)  family_acc1: 46.0938 (47.8516)  manu_acc1: 60.9375 (63.6719)  time: 3.2168  data: 2.9396  max mem: 11378
Test:  [  2/391]  eta: 0:14:21  sploss: 7.7848 (7.7480)  famloss: 2.3767 (2.3956)  manuloss: 1.5597 (1.5571)  acc1: 0.7812 (0.7812)  acc5: 7.0312 (7.0312)  family_acc1: 49.6094 (49.6094)  manu_acc1: 66.4062 (65.7552)  time: 2.2154  data: 1.9600  max mem: 11378
Test:  [  3/391]  eta: 0:11:05  sploss: 7.7848 (7.8092)  famloss: 2.3767 (2.4066)  manuloss: 1.5597 (1.5606)  acc1: 0.7812 (0.8789)  acc5: 5.4688 (6.3477)  family_acc1: 49.6094 (49.7070)  manu_acc1: 65.2344 (65.6250)  time: 1.7142  data: 1.4701  max mem: 11378
Test:  [  4/391]  eta: 0:09:07  sploss: 7.8201 (7.8292)  famloss: 2.4393 (2.4594)  manuloss: 1.5710 (1.6086)  acc1: 0.7812 (0.7031)  acc5: 7.0312 (6.5625)  family_acc1: 49.6094 (48.8281)  manu_acc1: 65.2344 (65.1562)  time: 1.4143  data: 1.1762  max mem: 11378
Test:  [  5/391]  eta: 0:07:48  sploss: 7.8201 (7.8355)  famloss: 2.4393 (2.5020)  manuloss: 1.5710 (1.6431)  acc1: 0.3906 (0.6510)  acc5: 5.4688 (6.0547)  family_acc1: 46.0938 (48.1771)  manu_acc1: 63.2812 (64.4531)  time: 1.2136  data: 0.9802  max mem: 11378
Test:  [  6/391]  eta: 0:06:52  sploss: 7.8201 (7.7816)  famloss: 2.4393 (2.4821)  manuloss: 1.5710 (1.6311)  acc1: 0.7812 (0.7254)  acc5: 6.6406 (6.1384)  family_acc1: 49.6094 (48.8281)  manu_acc1: 65.2344 (64.8438)  time: 1.0703  data: 0.8403  max mem: 11378
Test:  [  7/391]  eta: 0:06:09  sploss: 7.8201 (7.7992)  famloss: 2.4393 (2.4882)  manuloss: 1.5710 (1.6596)  acc1: 0.3906 (0.6348)  acc5: 6.6406 (6.2012)  family_acc1: 46.0938 (48.2910)  manu_acc1: 63.2812 (64.1602)  time: 0.9628  data: 0.7353  max mem: 11378
Test:  [  8/391]  eta: 0:05:36  sploss: 7.8668 (7.8303)  famloss: 2.5312 (2.5986)  manuloss: 1.8009 (1.7636)  acc1: 0.7812 (0.6944)  acc5: 6.6406 (6.2066)  family_acc1: 46.0938 (46.8750)  manu_acc1: 63.2812 (62.5000)  time: 0.8792  data: 0.6537  max mem: 11378
Test:  [  9/391]  eta: 0:05:10  sploss: 7.8668 (7.8534)  famloss: 2.5312 (2.6287)  manuloss: 1.8009 (1.7922)  acc1: 0.7812 (0.7422)  acc5: 6.2500 (5.8984)  family_acc1: 45.3125 (46.3281)  manu_acc1: 60.9375 (61.9531)  time: 0.8120  data: 0.5884  max mem: 11378
Test:  [ 10/391]  eta: 0:04:48  sploss: 7.9041 (7.8580)  famloss: 2.5312 (2.6165)  manuloss: 1.8009 (1.7682)  acc1: 1.1719 (0.7812)  acc5: 6.2500 (5.8949)  family_acc1: 46.0938 (46.5199)  manu_acc1: 63.2812 (62.3935)  time: 0.7573  data: 0.5349  max mem: 11378
Test:  [ 11/391]  eta: 0:04:30  sploss: 7.8668 (7.8425)  famloss: 2.4943 (2.6026)  manuloss: 1.7012 (1.7626)  acc1: 0.7812 (0.7487)  acc5: 5.8594 (5.7943)  family_acc1: 46.0938 (46.4844)  manu_acc1: 62.5000 (62.4023)  time: 0.7120  data: 0.4904  max mem: 11378
Test:  [ 12/391]  eta: 0:05:20  sploss: 7.9041 (7.8504)  famloss: 2.5312 (2.6014)  manuloss: 1.8009 (1.7710)  acc1: 0.7812 (0.7212)  acc5: 5.8594 (5.7692)  family_acc1: 46.0938 (46.3642)  manu_acc1: 62.5000 (62.0793)  time: 0.8457  data: 0.6229  max mem: 11378
Test:  [ 13/391]  eta: 0:05:03  sploss: 7.9041 (7.8823)  famloss: 2.5312 (2.6127)  manuloss: 1.7012 (1.7654)  acc1: 0.3906 (0.6696)  acc5: 5.4688 (5.5525)  family_acc1: 45.3125 (46.1217)  manu_acc1: 62.5000 (62.2489)  time: 0.8017  data: 0.5785  max mem: 11378
Test:  [ 14/391]  eta: 0:04:47  sploss: 7.9041 (7.8747)  famloss: 2.5312 (2.5972)  manuloss: 1.7012 (1.7458)  acc1: 0.7812 (0.7292)  acc5: 5.8594 (5.7292)  family_acc1: 46.0938 (46.2500)  manu_acc1: 63.2812 (62.6042)  time: 0.7630  data: 0.5399  max mem: 11378
Test:  [ 15/391]  eta: 0:04:34  sploss: 7.8758 (7.8748)  famloss: 2.4943 (2.5896)  manuloss: 1.6921 (1.7382)  acc1: 0.3906 (0.7080)  acc5: 5.4688 (5.6152)  family_acc1: 46.0938 (46.4600)  manu_acc1: 63.2812 (62.7197)  time: 0.7288  data: 0.5062  max mem: 11378
Test:  [ 16/391]  eta: 0:04:21  sploss: 7.9041 (7.8779)  famloss: 2.5312 (2.5881)  manuloss: 1.6921 (1.7278)  acc1: 0.7812 (0.7353)  acc5: 5.4688 (5.6066)  family_acc1: 46.0938 (46.3695)  manu_acc1: 64.4531 (63.0974)  time: 0.6985  data: 0.4765  max mem: 11378
Test:  [ 17/391]  eta: 0:04:11  sploss: 7.8758 (7.8734)  famloss: 2.5312 (2.5880)  manuloss: 1.6256 (1.7154)  acc1: 0.3906 (0.6944)  acc5: 5.4688 (5.5556)  family_acc1: 45.3125 (46.2891)  manu_acc1: 64.4531 (63.4115)  time: 0.6713  data: 0.4500  max mem: 11378
Test:  [ 18/391]  eta: 0:04:01  sploss: 7.9041 (7.8774)  famloss: 2.5380 (2.5854)  manuloss: 1.6921 (1.7240)  acc1: 0.7812 (0.7196)  acc5: 5.4688 (5.5304)  family_acc1: 46.0938 (46.3199)  manu_acc1: 64.4531 (63.2401)  time: 0.6470  data: 0.4264  max mem: 11378
Test:  [ 19/391]  eta: 0:03:52  sploss: 7.9041 (7.8895)  famloss: 2.5380 (2.5890)  manuloss: 1.6921 (1.7348)  acc1: 0.3906 (0.7031)  acc5: 5.4688 (5.4688)  family_acc1: 45.3125 (46.1719)  manu_acc1: 63.2812 (63.0078)  time: 0.6254  data: 0.4051  max mem: 11378
Test:  [ 20/391]  eta: 0:03:44  sploss: 7.9094 (7.9062)  famloss: 2.5651 (2.5945)  manuloss: 1.7012 (1.7420)  acc1: 0.3906 (0.6882)  acc5: 5.0781 (5.4501)  family_acc1: 44.9219 (45.9449)  manu_acc1: 62.5000 (62.8348)  time: 0.3270  data: 0.1112  max mem: 11378
Test:  [ 21/391]  eta: 0:03:37  sploss: 7.9226 (7.9286)  famloss: 2.5651 (2.6133)  manuloss: 1.7012 (1.7516)  acc1: 0.3906 (0.7102)  acc5: 5.0781 (5.3977)  family_acc1: 44.9219 (45.7919)  manu_acc1: 62.5000 (62.6420)  time: 0.3250  data: 0.1111  max mem: 11378
Test:  [ 22/391]  eta: 0:03:30  sploss: 7.9289 (7.9315)  famloss: 2.5856 (2.6194)  manuloss: 1.7869 (1.7532)  acc1: 0.3906 (0.6963)  acc5: 4.6875 (5.3499)  family_acc1: 44.9219 (45.6182)  manu_acc1: 60.9375 (62.5510)  time: 0.3250  data: 0.1111  max mem: 11378
Test:  [ 23/391]  eta: 0:03:24  sploss: 7.9226 (7.9271)  famloss: 2.5867 (2.6284)  manuloss: 1.8009 (1.7653)  acc1: 0.3906 (0.6999)  acc5: 5.0781 (5.3711)  family_acc1: 44.9219 (45.2799)  manu_acc1: 60.5469 (62.1908)  time: 0.3249  data: 0.1111  max mem: 11378
Test:  [ 24/391]  eta: 0:03:51  sploss: 7.9289 (7.9336)  famloss: 2.5867 (2.6347)  manuloss: 1.8154 (1.7709)  acc1: 0.3906 (0.6875)  acc5: 4.6875 (5.3281)  family_acc1: 44.5312 (45.1094)  manu_acc1: 60.1562 (62.0938)  time: 0.4359  data: 0.2187  max mem: 11378
Test:  [ 25/391]  eta: 0:03:45  sploss: 7.9289 (7.9243)  famloss: 2.5867 (2.6361)  manuloss: 1.8594 (1.7752)  acc1: 0.3906 (0.6761)  acc5: 4.6875 (5.2885)  family_acc1: 43.3594 (44.9970)  manu_acc1: 60.1562 (62.0643)  time: 0.4359  data: 0.2187  max mem: 11378
Test:  [ 26/391]  eta: 0:03:39  sploss: 7.9289 (7.9047)  famloss: 2.5867 (2.6274)  manuloss: 1.8594 (1.7715)  acc1: 0.3906 (0.6655)  acc5: 4.6875 (5.3096)  family_acc1: 43.3594 (45.0810)  manu_acc1: 60.1562 (62.0515)  time: 0.4358  data: 0.2187  max mem: 11378
Test:  [ 27/391]  eta: 0:03:33  sploss: 7.9289 (7.8976)  famloss: 2.6591 (2.6346)  manuloss: 1.8714 (1.7771)  acc1: 0.3906 (0.6696)  acc5: 4.6875 (5.3850)  family_acc1: 42.9688 (44.8800)  manu_acc1: 60.1562 (61.8025)  time: 0.4359  data: 0.2187  max mem: 11378
Test:  [ 28/391]  eta: 0:03:28  sploss: 7.9128 (7.8981)  famloss: 2.5867 (2.6311)  manuloss: 1.7869 (1.7725)  acc1: 0.3906 (0.7004)  acc5: 4.6875 (5.4553)  family_acc1: 43.3594 (45.0027)  manu_acc1: 60.5469 (61.8939)  time: 0.4358  data: 0.2187  max mem: 11378
Test:  [ 29/391]  eta: 0:03:23  sploss: 7.9041 (7.8942)  famloss: 2.5856 (2.6275)  manuloss: 1.7869 (1.7739)  acc1: 0.3906 (0.6771)  acc5: 5.0781 (5.4557)  family_acc1: 44.9219 (45.1042)  manu_acc1: 60.5469 (61.8099)  time: 0.4362  data: 0.2187  max mem: 11378
Test:  [ 30/391]  eta: 0:03:18  sploss: 7.8758 (7.8930)  famloss: 2.5867 (2.6263)  manuloss: 1.7869 (1.7707)  acc1: 0.3906 (0.6930)  acc5: 5.0781 (5.5318)  family_acc1: 44.9219 (45.1487)  manu_acc1: 60.5469 (61.8322)  time: 0.4367  data: 0.2187  max mem: 11378
Test:  [ 31/391]  eta: 0:03:14  sploss: 7.9128 (7.9019)  famloss: 2.5916 (2.6299)  manuloss: 1.7869 (1.7704)  acc1: 0.3906 (0.6958)  acc5: 5.0781 (5.4688)  family_acc1: 43.3594 (45.0562)  manu_acc1: 60.5469 (61.8652)  time: 0.4364  data: 0.2186  max mem: 11378
Test:  [ 32/391]  eta: 0:03:10  sploss: 7.8758 (7.8962)  famloss: 2.5916 (2.6204)  manuloss: 1.7616 (1.7581)  acc1: 0.3906 (0.7102)  acc5: 5.0781 (5.4569)  family_acc1: 43.3594 (45.2178)  manu_acc1: 61.3281 (62.1449)  time: 0.3249  data: 0.1080  max mem: 11378
Test:  [ 33/391]  eta: 0:03:06  sploss: 7.8569 (7.8924)  famloss: 2.5856 (2.6131)  manuloss: 1.7616 (1.7494)  acc1: 0.7812 (0.7123)  acc5: 5.0781 (5.4802)  family_acc1: 44.9219 (45.2780)  manu_acc1: 61.3281 (62.3392)  time: 0.3238  data: 0.1080  max mem: 11378
Test:  [ 34/391]  eta: 0:03:02  sploss: 7.8569 (7.8881)  famloss: 2.5856 (2.6120)  manuloss: 1.7616 (1.7431)  acc1: 0.3906 (0.7031)  acc5: 5.0781 (5.5580)  family_acc1: 44.9219 (45.3125)  manu_acc1: 61.3281 (62.4442)  time: 0.3240  data: 0.1080  max mem: 11378
Test:  [ 35/391]  eta: 0:02:59  sploss: 7.8263 (7.8823)  famloss: 2.5856 (2.6029)  manuloss: 1.7616 (1.7317)  acc1: 0.3906 (0.6836)  acc5: 5.0781 (5.5773)  family_acc1: 44.9219 (45.5187)  manu_acc1: 61.3281 (62.6845)  time: 0.3241  data: 0.1080  max mem: 11378
Test:  [ 36/391]  eta: 0:03:16  sploss: 7.8169 (7.8805)  famloss: 2.5856 (2.5977)  manuloss: 1.7616 (1.7291)  acc1: 0.3906 (0.6862)  acc5: 5.0781 (5.5532)  family_acc1: 44.9219 (45.5976)  manu_acc1: 61.3281 (62.7639)  time: 0.4287  data: 0.2116  max mem: 11378
Test:  [ 37/391]  eta: 0:03:12  sploss: 7.8263 (7.8898)  famloss: 2.5916 (2.6000)  manuloss: 1.7869 (1.7327)  acc1: 0.3906 (0.6785)  acc5: 5.0781 (5.4893)  family_acc1: 43.3594 (45.5284)  manu_acc1: 60.5469 (62.6542)  time: 0.4297  data: 0.2116  max mem: 11378
Test:  [ 38/391]  eta: 0:03:09  sploss: 7.8263 (7.9003)  famloss: 2.5916 (2.5996)  manuloss: 1.7869 (1.7353)  acc1: 0.3906 (0.6811)  acc5: 5.0781 (5.4788)  family_acc1: 43.3594 (45.5429)  manu_acc1: 60.5469 (62.5401)  time: 0.4299  data: 0.2116  max mem: 11378
Test:  [ 39/391]  eta: 0:03:05  sploss: 7.8263 (7.9080)  famloss: 2.5916 (2.6048)  manuloss: 1.7869 (1.7370)  acc1: 0.7812 (0.6836)  acc5: 5.0781 (5.4688)  family_acc1: 42.9688 (45.4492)  manu_acc1: 61.3281 (62.5098)  time: 0.4294  data: 0.2117  max mem: 11378
Test:  [ 40/391]  eta: 0:03:02  sploss: 7.8169 (7.9040)  famloss: 2.5856 (2.6033)  manuloss: 1.7616 (1.7330)  acc1: 0.7812 (0.6764)  acc5: 5.0781 (5.4688)  family_acc1: 46.0938 (45.5126)  manu_acc1: 61.3281 (62.5857)  time: 0.4291  data: 0.2117  max mem: 11378
Test:  [ 41/391]  eta: 0:02:59  sploss: 7.8169 (7.9034)  famloss: 2.5856 (2.6035)  manuloss: 1.6765 (1.7308)  acc1: 0.3906 (0.6603)  acc5: 5.0781 (5.4594)  family_acc1: 46.0938 (45.5171)  manu_acc1: 61.7188 (62.6395)  time: 0.4290  data: 0.2117  max mem: 11378
Test:  [ 42/391]  eta: 0:02:56  sploss: 7.8169 (7.9020)  famloss: 2.5754 (2.6015)  manuloss: 1.6760 (1.7273)  acc1: 0.3906 (0.6541)  acc5: 5.4688 (5.5142)  family_acc1: 46.4844 (45.5396)  manu_acc1: 62.5000 (62.7362)  time: 0.4290  data: 0.2116  max mem: 11378
Test:  [ 43/391]  eta: 0:02:53  sploss: 7.7816 (7.8991)  famloss: 2.5754 (2.6066)  manuloss: 1.6760 (1.7300)  acc1: 0.3906 (0.6392)  acc5: 5.0781 (5.4599)  family_acc1: 46.4844 (45.4901)  manu_acc1: 62.5000 (62.6953)  time: 0.4291  data: 0.2116  max mem: 11378
Test:  [ 44/391]  eta: 0:02:50  sploss: 7.7746 (7.8947)  famloss: 2.5754 (2.6071)  manuloss: 1.6615 (1.7285)  acc1: 0.3906 (0.6510)  acc5: 5.4688 (5.4948)  family_acc1: 46.4844 (45.4688)  manu_acc1: 62.8906 (62.7083)  time: 0.3178  data: 0.1040  max mem: 11378
Test:  [ 45/391]  eta: 0:02:48  sploss: 7.7816 (7.8978)  famloss: 2.5754 (2.6110)  manuloss: 1.6615 (1.7315)  acc1: 0.3906 (0.6454)  acc5: 5.4688 (5.4772)  family_acc1: 46.4844 (45.4399)  manu_acc1: 62.8906 (62.6444)  time: 0.3179  data: 0.1040  max mem: 11378
Test:  [ 46/391]  eta: 0:02:45  sploss: 7.8169 (7.8971)  famloss: 2.5762 (2.6103)  manuloss: 1.6615 (1.7313)  acc1: 0.7812 (0.6483)  acc5: 5.4688 (5.4854)  family_acc1: 46.0938 (45.3956)  manu_acc1: 62.8906 (62.6413)  time: 0.3178  data: 0.1040  max mem: 11378
Test:  [ 47/391]  eta: 0:02:43  sploss: 7.8425 (7.8980)  famloss: 2.5762 (2.6146)  manuloss: 1.6615 (1.7329)  acc1: 0.3906 (0.6348)  acc5: 5.0781 (5.4769)  family_acc1: 46.0938 (45.3044)  manu_acc1: 63.2812 (62.6628)  time: 0.3175  data: 0.1040  max mem: 11378
Test:  [ 48/391]  eta: 0:02:57  sploss: 7.8425 (7.8978)  famloss: 2.5856 (2.6143)  manuloss: 1.6615 (1.7309)  acc1: 0.3906 (0.6298)  acc5: 5.0781 (5.4528)  family_acc1: 46.0938 (45.3364)  manu_acc1: 63.2812 (62.7312)  time: 0.4338  data: 0.2194  max mem: 11378
Test:  [ 49/391]  eta: 0:02:54  sploss: 7.8425 (7.8899)  famloss: 2.5856 (2.6118)  manuloss: 1.6615 (1.7305)  acc1: 0.3906 (0.6484)  acc5: 5.0781 (5.5156)  family_acc1: 45.7031 (45.3438)  manu_acc1: 63.2812 (62.6562)  time: 0.4335  data: 0.2194  max mem: 11378
Test:  [ 50/391]  eta: 0:02:51  sploss: 7.8210 (7.8885)  famloss: 2.5856 (2.6161)  manuloss: 1.6615 (1.7349)  acc1: 0.3906 (0.6510)  acc5: 5.0781 (5.4917)  family_acc1: 45.7031 (45.2665)  manu_acc1: 63.2812 (62.5077)  time: 0.4328  data: 0.2194  max mem: 11378
Test:  [ 51/391]  eta: 0:02:49  sploss: 7.8210 (7.8929)  famloss: 2.5856 (2.6228)  manuloss: 1.6615 (1.7426)  acc1: 0.3906 (0.6535)  acc5: 5.0781 (5.4763)  family_acc1: 45.7031 (45.0571)  manu_acc1: 63.2812 (62.2897)  time: 0.4330  data: 0.2194  max mem: 11378
Test:  [ 52/391]  eta: 0:02:47  sploss: 7.8425 (7.8957)  famloss: 2.5979 (2.6250)  manuloss: 1.7078 (1.7478)  acc1: 0.3906 (0.6486)  acc5: 5.0781 (5.4540)  family_acc1: 44.5312 (44.9882)  manu_acc1: 62.5000 (62.1167)  time: 0.4326  data: 0.2193  max mem: 11378
Test:  [ 53/391]  eta: 0:02:44  sploss: 7.8658 (7.8965)  famloss: 2.6143 (2.6256)  manuloss: 1.7223 (1.7511)  acc1: 0.3906 (0.6438)  acc5: 5.0781 (5.4253)  family_acc1: 44.5312 (45.0014)  manu_acc1: 61.3281 (61.9792)  time: 0.4328  data: 0.2193  max mem: 11378
Test:  [ 54/391]  eta: 0:02:42  sploss: 7.8658 (7.8942)  famloss: 2.6279 (2.6286)  manuloss: 1.7998 (1.7520)  acc1: 0.3906 (0.6463)  acc5: 5.0781 (5.4545)  family_acc1: 44.1406 (44.8793)  manu_acc1: 61.3281 (61.9744)  time: 0.4321  data: 0.2193  max mem: 11378
Test:  [ 55/391]  eta: 0:02:40  sploss: 7.8658 (7.8921)  famloss: 2.6279 (2.6281)  manuloss: 1.8047 (1.7546)  acc1: 0.3906 (0.6487)  acc5: 5.0781 (5.4688)  family_acc1: 43.3594 (44.8451)  manu_acc1: 60.9375 (61.9001)  time: 0.4317  data: 0.2193  max mem: 11378
Test:  [ 56/391]  eta: 0:02:38  sploss: 7.8790 (7.8942)  famloss: 2.6279 (2.6262)  manuloss: 1.8111 (1.7561)  acc1: 0.3906 (0.6442)  acc5: 5.0781 (5.4688)  family_acc1: 43.3594 (44.8876)  manu_acc1: 59.7656 (61.8421)  time: 0.3270  data: 0.1157  max mem: 11378
Test:  [ 57/391]  eta: 0:02:36  sploss: 7.8658 (7.8902)  famloss: 2.6279 (2.6268)  manuloss: 1.8047 (1.7551)  acc1: 0.3906 (0.6466)  acc5: 5.0781 (5.4890)  family_acc1: 43.3594 (44.8545)  manu_acc1: 60.9375 (61.8265)  time: 0.3260  data: 0.1157  max mem: 11378
Test:  [ 58/391]  eta: 0:02:34  sploss: 7.8425 (7.8834)  famloss: 2.6279 (2.6221)  manuloss: 1.7998 (1.7535)  acc1: 0.3906 (0.6422)  acc5: 5.0781 (5.4952)  family_acc1: 43.3594 (44.9484)  manu_acc1: 60.9375 (61.8843)  time: 0.3261  data: 0.1157  max mem: 11378
Test:  [ 59/391]  eta: 0:02:32  sploss: 7.8425 (7.8838)  famloss: 2.6143 (2.6188)  manuloss: 1.7223 (1.7504)  acc1: 0.3906 (0.6380)  acc5: 5.4688 (5.4948)  family_acc1: 44.1406 (44.9349)  manu_acc1: 60.9375 (61.9336)  time: 0.3264  data: 0.1157  max mem: 11378
Test:  [ 60/391]  eta: 0:02:42  sploss: 7.8550 (7.8834)  famloss: 2.6143 (2.6185)  manuloss: 1.7223 (1.7496)  acc1: 0.3906 (0.6276)  acc5: 5.4688 (5.5072)  family_acc1: 44.1406 (44.9283)  manu_acc1: 60.9375 (61.9173)  time: 0.4282  data: 0.2163  max mem: 11378
Test:  [ 61/391]  eta: 0:02:40  sploss: 7.8425 (7.8809)  famloss: 2.5979 (2.6145)  manuloss: 1.7223 (1.7459)  acc1: 0.3906 (0.6237)  acc5: 5.4688 (5.5129)  family_acc1: 44.1406 (44.9912)  manu_acc1: 60.9375 (61.9771)  time: 0.4289  data: 0.2163  max mem: 11378
Test:  [ 62/391]  eta: 0:02:38  sploss: 7.8550 (7.8843)  famloss: 2.5979 (2.6124)  manuloss: 1.7799 (1.7465)  acc1: 0.3906 (0.6200)  acc5: 5.4688 (5.5246)  family_acc1: 44.1406 (45.0149)  manu_acc1: 60.9375 (62.0040)  time: 0.4291  data: 0.2163  max mem: 11378
Test:  [ 63/391]  eta: 0:02:36  sploss: 7.8550 (7.8823)  famloss: 2.5979 (2.6132)  manuloss: 1.7799 (1.7475)  acc1: 0.3906 (0.6348)  acc5: 5.8594 (5.5420)  family_acc1: 44.1406 (44.9951)  manu_acc1: 60.9375 (61.9995)  time: 0.4291  data: 0.2163  max mem: 11378
Test:  [ 64/391]  eta: 0:02:34  sploss: 7.8658 (7.8862)  famloss: 2.5979 (2.6173)  manuloss: 1.7998 (1.7484)  acc1: 0.3906 (0.6310)  acc5: 5.4688 (5.5048)  family_acc1: 43.7500 (44.8978)  manu_acc1: 60.9375 (61.9531)  time: 0.4293  data: 0.2163  max mem: 11378
Test:  [ 65/391]  eta: 0:02:32  sploss: 7.8550 (7.8820)  famloss: 2.5972 (2.6165)  manuloss: 1.7799 (1.7489)  acc1: 0.3906 (0.6333)  acc5: 5.8594 (5.5102)  family_acc1: 43.7500 (44.9574)  manu_acc1: 60.9375 (61.9318)  time: 0.4294  data: 0.2163  max mem: 11378
Test:  [ 66/391]  eta: 0:02:31  sploss: 7.8210 (7.8808)  famloss: 2.5979 (2.6167)  manuloss: 1.7799 (1.7483)  acc1: 0.3906 (0.6238)  acc5: 5.4688 (5.4979)  family_acc1: 43.7500 (44.9219)  manu_acc1: 60.9375 (61.9228)  time: 0.4298  data: 0.2163  max mem: 11378
Test:  [ 67/391]  eta: 0:02:29  sploss: 7.8210 (7.8823)  famloss: 2.5972 (2.6144)  manuloss: 1.7786 (1.7448)  acc1: 0.3906 (0.6261)  acc5: 5.4688 (5.4860)  family_acc1: 44.1406 (44.9736)  manu_acc1: 60.9375 (61.9715)  time: 0.4301  data: 0.2163  max mem: 11378
Test:  [ 68/391]  eta: 0:02:27  sploss: 7.8045 (7.8811)  famloss: 2.5963 (2.6100)  manuloss: 1.7786 (1.7431)  acc1: 0.3906 (0.6284)  acc5: 5.4688 (5.4801)  family_acc1: 44.1406 (45.0181)  manu_acc1: 60.9375 (62.0188)  time: 0.3139  data: 0.1010  max mem: 11378
Test:  [ 69/391]  eta: 0:02:26  sploss: 7.8045 (7.8786)  famloss: 2.5972 (2.6111)  manuloss: 1.7786 (1.7419)  acc1: 0.3906 (0.6250)  acc5: 5.4688 (5.4911)  family_acc1: 44.1406 (45.0335)  manu_acc1: 60.9375 (62.0647)  time: 0.3142  data: 0.1010  max mem: 11378
Test:  [ 70/391]  eta: 0:02:24  sploss: 7.8045 (7.8828)  famloss: 2.5963 (2.6096)  manuloss: 1.7070 (1.7403)  acc1: 0.3906 (0.6272)  acc5: 5.4688 (5.4798)  family_acc1: 44.1406 (45.0154)  manu_acc1: 61.3281 (62.0984)  time: 0.3142  data: 0.1010  max mem: 11378
Test:  [ 71/391]  eta: 0:02:23  sploss: 7.7984 (7.8807)  famloss: 2.5702 (2.6044)  manuloss: 1.7024 (1.7383)  acc1: 0.3906 (0.6185)  acc5: 5.4688 (5.4579)  family_acc1: 44.5312 (45.1226)  manu_acc1: 61.7188 (62.1582)  time: 0.3141  data: 0.1010  max mem: 11378
Test:  [ 72/391]  eta: 0:02:31  sploss: 7.7984 (7.8800)  famloss: 2.5204 (2.6032)  manuloss: 1.6945 (1.7346)  acc1: 0.3906 (0.6207)  acc5: 5.8594 (5.4848)  family_acc1: 45.7031 (45.1466)  manu_acc1: 61.7188 (62.2164)  time: 0.4233  data: 0.2094  max mem: 11378
Test:  [ 73/391]  eta: 0:02:29  sploss: 7.7984 (7.8795)  famloss: 2.5198 (2.5996)  manuloss: 1.6629 (1.7311)  acc1: 0.3906 (0.6229)  acc5: 5.8594 (5.4740)  family_acc1: 46.0938 (45.2333)  manu_acc1: 63.6719 (62.2941)  time: 0.4229  data: 0.2094  max mem: 11378
Test:  [ 74/391]  eta: 0:02:28  sploss: 7.7984 (7.8749)  famloss: 2.5106 (2.5969)  manuloss: 1.6579 (1.7293)  acc1: 0.3906 (0.6354)  acc5: 5.8594 (5.5000)  family_acc1: 46.4844 (45.2865)  manu_acc1: 64.0625 (62.3177)  time: 0.4231  data: 0.2094  max mem: 11378
Test:  [ 75/391]  eta: 0:02:26  sploss: 7.8045 (7.8770)  famloss: 2.5106 (2.5997)  manuloss: 1.6579 (1.7315)  acc1: 0.3906 (0.6271)  acc5: 5.4688 (5.4996)  family_acc1: 46.4844 (45.2405)  manu_acc1: 64.0625 (62.2327)  time: 0.4232  data: 0.2094  max mem: 11378
Test:  [ 76/391]  eta: 0:02:25  sploss: 7.8045 (7.8768)  famloss: 2.4806 (2.5976)  manuloss: 1.6316 (1.7300)  acc1: 0.3906 (0.6240)  acc5: 5.4688 (5.4840)  family_acc1: 46.4844 (45.3226)  manu_acc1: 64.0625 (62.2463)  time: 0.4231  data: 0.2094  max mem: 11378
Test:  [ 77/391]  eta: 0:02:23  sploss: 7.8271 (7.8802)  famloss: 2.4790 (2.5961)  manuloss: 1.6277 (1.7282)  acc1: 0.3906 (0.6210)  acc5: 5.4688 (5.4387)  family_acc1: 46.8750 (45.3676)  manu_acc1: 64.4531 (62.3047)  time: 0.4228  data: 0.2094  max mem: 11378
Test:  [ 78/391]  eta: 0:02:22  sploss: 7.8449 (7.8801)  famloss: 2.4806 (2.5955)  manuloss: 1.6277 (1.7285)  acc1: 0.3906 (0.6131)  acc5: 5.4688 (5.4391)  family_acc1: 46.4844 (45.3718)  manu_acc1: 64.0625 (62.2824)  time: 0.4225  data: 0.2094  max mem: 11378
Test:  [ 79/391]  eta: 0:02:20  sploss: 7.8449 (7.8809)  famloss: 2.5106 (2.5967)  manuloss: 1.6316 (1.7282)  acc1: 0.3906 (0.6104)  acc5: 5.4688 (5.4590)  family_acc1: 46.4844 (45.3857)  manu_acc1: 63.6719 (62.2852)  time: 0.4225  data: 0.2094  max mem: 11378
Test:  [ 80/391]  eta: 0:02:19  sploss: 7.8449 (7.8805)  famloss: 2.5106 (2.5994)  manuloss: 1.6316 (1.7275)  acc1: 0.3906 (0.6076)  acc5: 5.0781 (5.4543)  family_acc1: 46.4844 (45.3366)  manu_acc1: 63.6719 (62.3023)  time: 0.3209  data: 0.1088  max mem: 11378
Test:  [ 81/391]  eta: 0:02:18  sploss: 7.8554 (7.8803)  famloss: 2.5204 (2.5985)  manuloss: 1.6316 (1.7260)  acc1: 0.3906 (0.6050)  acc5: 5.0781 (5.4640)  family_acc1: 46.4844 (45.3316)  manu_acc1: 63.6719 (62.3619)  time: 0.3205  data: 0.1088  max mem: 11378
Test:  [ 82/391]  eta: 0:02:16  sploss: 7.8554 (7.8858)  famloss: 2.5286 (2.6017)  manuloss: 1.6316 (1.7260)  acc1: 0.3906 (0.5977)  acc5: 5.0781 (5.4358)  family_acc1: 46.0938 (45.2890)  manu_acc1: 63.6719 (62.3306)  time: 0.3214  data: 0.1088  max mem: 11378
Test:  [ 83/391]  eta: 0:02:15  sploss: 7.8583 (7.8863)  famloss: 2.5286 (2.6043)  manuloss: 1.6316 (1.7288)  acc1: 0.3906 (0.5906)  acc5: 5.0781 (5.4455)  family_acc1: 46.0938 (45.2474)  manu_acc1: 63.6719 (62.2907)  time: 0.3216  data: 0.1088  max mem: 11378
Test:  [ 84/391]  eta: 0:02:21  sploss: 7.8554 (7.8848)  famloss: 2.5286 (2.6072)  manuloss: 1.6316 (1.7291)  acc1: 0.3906 (0.5928)  acc5: 5.0781 (5.4366)  family_acc1: 46.0938 (45.2206)  manu_acc1: 64.0625 (62.3116)  time: 0.4227  data: 0.2091  max mem: 11378
Test:  [ 85/391]  eta: 0:02:20  sploss: 7.8554 (7.8830)  famloss: 2.5286 (2.6107)  manuloss: 1.6316 (1.7315)  acc1: 0.3906 (0.5996)  acc5: 5.0781 (5.4324)  family_acc1: 45.7031 (45.1354)  manu_acc1: 64.0625 (62.2865)  time: 0.4223  data: 0.2091  max mem: 11378
Test:  [ 86/391]  eta: 0:02:18  sploss: 7.8554 (7.8795)  famloss: 2.5204 (2.6089)  manuloss: 1.6277 (1.7298)  acc1: 0.3906 (0.5927)  acc5: 5.0781 (5.4373)  family_acc1: 46.0938 (45.1778)  manu_acc1: 64.0625 (62.3114)  time: 0.4220  data: 0.2091  max mem: 11378
Test:  [ 87/391]  eta: 0:02:17  sploss: 7.8554 (7.8821)  famloss: 2.5286 (2.6098)  manuloss: 1.6316 (1.7290)  acc1: 0.3906 (0.5904)  acc5: 5.0781 (5.4199)  family_acc1: 45.7031 (45.1438)  manu_acc1: 64.0625 (62.3668)  time: 0.4219  data: 0.2091  max mem: 11378
Test:  [ 88/391]  eta: 0:02:16  sploss: 7.8554 (7.8800)  famloss: 2.5286 (2.6070)  manuloss: 1.6316 (1.7272)  acc1: 0.3906 (0.5881)  acc5: 5.0781 (5.4161)  family_acc1: 45.7031 (45.1984)  manu_acc1: 64.0625 (62.4166)  time: 0.4220  data: 0.2091  max mem: 11378
Test:  [ 89/391]  eta: 0:02:14  sploss: 7.8583 (7.8809)  famloss: 2.5286 (2.6072)  manuloss: 1.6097 (1.7255)  acc1: 0.3906 (0.5816)  acc5: 5.0781 (5.4253)  family_acc1: 45.7031 (45.2040)  manu_acc1: 64.0625 (62.4653)  time: 0.4216  data: 0.2091  max mem: 11378
Test:  [ 90/391]  eta: 0:02:13  sploss: 7.8554 (7.8804)  famloss: 2.5502 (2.6088)  manuloss: 1.6097 (1.7266)  acc1: 0.3906 (0.5795)  acc5: 5.0781 (5.4258)  family_acc1: 45.7031 (45.1623)  manu_acc1: 64.0625 (62.4442)  time: 0.4218  data: 0.2091  max mem: 11378
Test:  [ 91/391]  eta: 0:02:12  sploss: 7.8583 (7.8829)  famloss: 2.6219 (2.6117)  manuloss: 1.6593 (1.7285)  acc1: 0.3906 (0.5732)  acc5: 5.0781 (5.4136)  family_acc1: 44.9219 (45.0917)  manu_acc1: 63.6719 (62.4066)  time: 0.4220  data: 0.2091  max mem: 11378
Test:  [ 92/391]  eta: 0:02:11  sploss: 7.8618 (7.8857)  famloss: 2.6834 (2.6161)  manuloss: 1.6747 (1.7292)  acc1: 0.3906 (0.5712)  acc5: 5.0781 (5.3973)  family_acc1: 42.9688 (45.0059)  manu_acc1: 63.2812 (62.3866)  time: 0.3130  data: 0.1006  max mem: 11378
Test:  [ 93/391]  eta: 0:02:10  sploss: 7.8724 (7.8861)  famloss: 2.6891 (2.6171)  manuloss: 1.6747 (1.7286)  acc1: 0.3906 (0.5693)  acc5: 5.0781 (5.3732)  family_acc1: 42.1875 (44.9759)  manu_acc1: 63.2812 (62.4086)  time: 0.3132  data: 0.1006  max mem: 11378
Test:  [ 94/391]  eta: 0:02:09  sploss: 7.9289 (7.8886)  famloss: 2.7116 (2.6182)  manuloss: 1.6987 (1.7283)  acc1: 0.3906 (0.5633)  acc5: 5.0781 (5.3577)  family_acc1: 42.1875 (44.9548)  manu_acc1: 62.5000 (62.3849)  time: 0.3131  data: 0.1006  max mem: 11378
Test:  [ 95/391]  eta: 0:02:07  sploss: 7.8724 (7.8877)  famloss: 2.7116 (2.6199)  manuloss: 1.6987 (1.7290)  acc1: 0.3906 (0.5615)  acc5: 5.0781 (5.3711)  family_acc1: 42.1875 (44.9178)  manu_acc1: 62.5000 (62.3657)  time: 0.3129  data: 0.1006  max mem: 11378
Test:  [ 96/391]  eta: 0:02:13  sploss: 7.9289 (7.8889)  famloss: 2.7116 (2.6206)  manuloss: 1.7035 (1.7311)  acc1: 0.3906 (0.5557)  acc5: 5.0781 (5.3761)  family_acc1: 42.1875 (44.8494)  manu_acc1: 60.5469 (62.3228)  time: 0.4177  data: 0.2037  max mem: 11378
Test:  [ 97/391]  eta: 0:02:12  sploss: 7.8724 (7.8872)  famloss: 2.7236 (2.6217)  manuloss: 1.7280 (1.7326)  acc1: 0.3906 (0.5501)  acc5: 5.0781 (5.3651)  family_acc1: 42.1875 (44.8382)  manu_acc1: 60.5469 (62.2848)  time: 0.4179  data: 0.2037  max mem: 11378
Test:  [ 98/391]  eta: 0:02:10  sploss: 7.9289 (7.8886)  famloss: 2.7300 (2.6249)  manuloss: 1.7280 (1.7348)  acc1: 0.3906 (0.5524)  acc5: 5.0781 (5.3464)  family_acc1: 41.7969 (44.7798)  manu_acc1: 60.5469 (62.2633)  time: 0.4179  data: 0.2037  max mem: 11378
Test:  [ 99/391]  eta: 0:02:09  sploss: 7.9289 (7.8893)  famloss: 2.7358 (2.6260)  manuloss: 1.7516 (1.7377)  acc1: 0.3906 (0.5547)  acc5: 5.0781 (5.3477)  family_acc1: 41.7969 (44.7266)  manu_acc1: 60.5469 (62.1953)  time: 0.4178  data: 0.2037  max mem: 11378
Test:  [100/391]  eta: 0:02:08  sploss: 7.9289 (7.8887)  famloss: 2.7300 (2.6268)  manuloss: 1.7516 (1.7375)  acc1: 0.3906 (0.5685)  acc5: 5.0781 (5.3527)  family_acc1: 41.7969 (44.6976)  manu_acc1: 60.5469 (62.1867)  time: 0.4175  data: 0.2037  max mem: 11378
Test:  [101/391]  eta: 0:02:07  sploss: 7.9289 (7.8888)  famloss: 2.7300 (2.6263)  manuloss: 1.7951 (1.7399)  acc1: 0.3906 (0.5706)  acc5: 5.0781 (5.3500)  family_acc1: 41.7969 (44.7342)  manu_acc1: 60.1562 (62.1592)  time: 0.4172  data: 0.2037  max mem: 11378
Test:  [102/391]  eta: 0:02:06  sploss: 7.8969 (7.8883)  famloss: 2.7300 (2.6282)  manuloss: 1.8009 (1.7426)  acc1: 0.3906 (0.5689)  acc5: 5.0781 (5.3360)  family_acc1: 41.7969 (44.6943)  manu_acc1: 60.1562 (62.1018)  time: 0.4161  data: 0.2037  max mem: 11378
Test:  [103/391]  eta: 0:02:05  sploss: 7.8969 (7.8886)  famloss: 2.7236 (2.6283)  manuloss: 1.8009 (1.7451)  acc1: 0.3906 (0.5634)  acc5: 5.0781 (5.3335)  family_acc1: 41.7969 (44.6890)  manu_acc1: 60.1562 (62.0343)  time: 0.4158  data: 0.2037  max mem: 11378
Test:  [104/391]  eta: 0:02:04  sploss: 7.8969 (7.8884)  famloss: 2.7236 (2.6322)  manuloss: 1.8253 (1.7481)  acc1: 0.3906 (0.5580)  acc5: 5.0781 (5.3237)  family_acc1: 41.4062 (44.6577)  manu_acc1: 60.1562 (61.9829)  time: 0.3146  data: 0.1034  max mem: 11378
Test:  [105/391]  eta: 0:02:03  sploss: 7.8969 (7.8872)  famloss: 2.7236 (2.6336)  manuloss: 1.8009 (1.7483)  acc1: 0.3906 (0.5749)  acc5: 5.0781 (5.3287)  family_acc1: 41.7969 (44.6418)  manu_acc1: 60.1562 (61.9767)  time: 0.3149  data: 0.1034  max mem: 11378
Test:  [106/391]  eta: 0:02:02  sploss: 7.9218 (7.8900)  famloss: 2.7300 (2.6362)  manuloss: 1.8009 (1.7480)  acc1: 0.3906 (0.5732)  acc5: 5.0781 (5.3300)  family_acc1: 41.4062 (44.6079)  manu_acc1: 60.1562 (61.9926)  time: 0.3151  data: 0.1034  max mem: 11378
Test:  [107/391]  eta: 0:02:01  sploss: 7.9218 (7.8919)  famloss: 2.7358 (2.6372)  manuloss: 1.8009 (1.7484)  acc1: 0.3906 (0.5715)  acc5: 5.0781 (5.3168)  family_acc1: 41.4062 (44.6108)  manu_acc1: 60.1562 (61.9828)  time: 0.3150  data: 0.1034  max mem: 11378
Test:  [108/391]  eta: 0:02:05  sploss: 7.9289 (7.8936)  famloss: 2.7474 (2.6409)  manuloss: 1.8253 (1.7529)  acc1: 0.3906 (0.5734)  acc5: 5.0781 (5.3218)  family_acc1: 41.4062 (44.5886)  manu_acc1: 60.1562 (61.9087)  time: 0.4107  data: 0.1981  max mem: 11378
Test:  [109/391]  eta: 0:02:04  sploss: 7.9289 (7.8955)  famloss: 2.7474 (2.6417)  manuloss: 1.8744 (1.7543)  acc1: 0.3906 (0.5753)  acc5: 4.6875 (5.3161)  family_acc1: 41.4062 (44.5348)  manu_acc1: 59.3750 (61.8786)  time: 0.4114  data: 0.1981  max mem: 11378
Test:  [110/391]  eta: 0:02:03  sploss: 7.9524 (7.8965)  famloss: 2.7474 (2.6429)  manuloss: 1.8994 (1.7580)  acc1: 0.3906 (0.5701)  acc5: 4.2969 (5.2963)  family_acc1: 41.4062 (44.4785)  manu_acc1: 58.9844 (61.7997)  time: 0.4113  data: 0.1981  max mem: 11378
Test:  [111/391]  eta: 0:02:02  sploss: 7.9289 (7.8966)  famloss: 2.7474 (2.6453)  manuloss: 1.9003 (1.7617)  acc1: 0.3906 (0.5685)  acc5: 4.2969 (5.2804)  family_acc1: 41.4062 (44.4336)  manu_acc1: 58.5938 (61.7153)  time: 0.4108  data: 0.1981  max mem: 11378
Test:  [112/391]  eta: 0:02:01  sploss: 7.9218 (7.8960)  famloss: 2.7474 (2.6471)  manuloss: 1.9291 (1.7659)  acc1: 0.3906 (0.5704)  acc5: 4.6875 (5.2786)  family_acc1: 41.4062 (44.3584)  manu_acc1: 58.5938 (61.6012)  time: 0.4107  data: 0.1981  max mem: 11378
Test:  [113/391]  eta: 0:02:00  sploss: 7.9103 (7.8961)  famloss: 2.7658 (2.6481)  manuloss: 1.9291 (1.7673)  acc1: 0.3906 (0.5654)  acc5: 5.0781 (5.2837)  family_acc1: 41.4062 (44.3462)  manu_acc1: 58.2031 (61.5508)  time: 0.4107  data: 0.1981  max mem: 11378
Test:  [114/391]  eta: 0:01:59  sploss: 7.9031 (7.8946)  famloss: 2.7658 (2.6485)  manuloss: 1.9503 (1.7700)  acc1: 0.3906 (0.5639)  acc5: 5.0781 (5.2751)  family_acc1: 41.0156 (44.3173)  manu_acc1: 56.6406 (61.4912)  time: 0.4107  data: 0.1981  max mem: 11378
Test:  [115/391]  eta: 0:01:58  sploss: 7.9031 (7.8936)  famloss: 2.7474 (2.6474)  manuloss: 1.9503 (1.7699)  acc1: 0.3906 (0.5691)  acc5: 5.0781 (5.2734)  family_acc1: 41.0156 (44.3427)  manu_acc1: 56.6406 (61.4797)  time: 0.4108  data: 0.1981  max mem: 11378
Test:  [116/391]  eta: 0:01:57  sploss: 7.9031 (7.8946)  famloss: 2.7474 (2.6465)  manuloss: 1.9503 (1.7697)  acc1: 0.3906 (0.5709)  acc5: 5.0781 (5.2784)  family_acc1: 41.4062 (44.3643)  manu_acc1: 56.6406 (61.5017)  time: 0.3058  data: 0.0951  max mem: 11378
Test:  [117/391]  eta: 0:01:56  sploss: 7.9103 (7.8967)  famloss: 2.7474 (2.6466)  manuloss: 1.9503 (1.7694)  acc1: 0.7812 (0.5760)  acc5: 5.0781 (5.2834)  family_acc1: 41.4062 (44.3459)  manu_acc1: 56.6406 (61.5267)  time: 0.3058  data: 0.0951  max mem: 11378
Test:  [118/391]  eta: 0:01:55  sploss: 7.9031 (7.8963)  famloss: 2.7358 (2.6473)  manuloss: 1.9223 (1.7704)  acc1: 0.3906 (0.5744)  acc5: 5.0781 (5.2915)  family_acc1: 41.4062 (44.3015)  manu_acc1: 56.6406 (61.5087)  time: 0.3059  data: 0.0951  max mem: 11378
Test:  [119/391]  eta: 0:01:54  sploss: 7.8969 (7.8941)  famloss: 2.7289 (2.6465)  manuloss: 1.9003 (1.7700)  acc1: 0.3906 (0.5729)  acc5: 5.0781 (5.3158)  family_acc1: 41.7969 (44.3132)  manu_acc1: 58.5938 (61.5202)  time: 0.3059  data: 0.0951  max mem: 11378
Test:  [120/391]  eta: 0:01:58  sploss: 7.8969 (7.8931)  famloss: 2.7289 (2.6451)  manuloss: 1.9003 (1.7699)  acc1: 0.3906 (0.5714)  acc5: 5.0781 (5.3009)  family_acc1: 42.1875 (44.3279)  manu_acc1: 58.5938 (61.5057)  time: 0.4158  data: 0.2015  max mem: 11378
Test:  [121/391]  eta: 0:01:57  sploss: 7.8671 (7.8910)  famloss: 2.7289 (2.6447)  manuloss: 1.8858 (1.7703)  acc1: 0.3906 (0.5667)  acc5: 5.0781 (5.3215)  family_acc1: 42.1875 (44.3359)  manu_acc1: 58.5938 (61.5202)  time: 0.4169  data: 0.2016  max mem: 11378
Test:  [122/391]  eta: 0:01:56  sploss: 7.8671 (7.8885)  famloss: 2.7259 (2.6430)  manuloss: 1.8194 (1.7693)  acc1: 0.3906 (0.5653)  acc5: 5.0781 (5.3354)  family_acc1: 42.1875 (44.3566)  manu_acc1: 59.3750 (61.5314)  time: 0.4168  data: 0.2016  max mem: 11378
Test:  [123/391]  eta: 0:01:55  sploss: 7.8563 (7.8873)  famloss: 2.7259 (2.6415)  manuloss: 1.7925 (1.7685)  acc1: 0.3906 (0.5639)  acc5: 5.4688 (5.3459)  family_acc1: 42.1875 (44.3580)  manu_acc1: 59.7656 (61.5360)  time: 0.4167  data: 0.2016  max mem: 11378
Test:  [124/391]  eta: 0:01:54  sploss: 7.8343 (7.8862)  famloss: 2.6915 (2.6417)  manuloss: 1.7925 (1.7691)  acc1: 0.3906 (0.5719)  acc5: 5.8594 (5.3563)  family_acc1: 42.9688 (44.3531)  manu_acc1: 60.1562 (61.5250)  time: 0.4165  data: 0.2016  max mem: 11378
Test:  [125/391]  eta: 0:01:54  sploss: 7.8343 (7.8838)  famloss: 2.6639 (2.6419)  manuloss: 1.8194 (1.7698)  acc1: 0.3906 (0.5735)  acc5: 5.4688 (5.3478)  family_acc1: 42.9688 (44.3731)  manu_acc1: 60.1562 (61.5141)  time: 0.4163  data: 0.2016  max mem: 11378
Test:  [126/391]  eta: 0:01:53  sploss: 7.8343 (7.8834)  famloss: 2.6638 (2.6407)  manuloss: 1.8194 (1.7670)  acc1: 0.3906 (0.5721)  acc5: 5.0781 (5.3457)  family_acc1: 42.9688 (44.3621)  manu_acc1: 60.1562 (61.5557)  time: 0.4158  data: 0.2016  max mem: 11378
Test:  [127/391]  eta: 0:01:52  sploss: 7.7772 (7.8805)  famloss: 2.6557 (2.6388)  manuloss: 1.8194 (1.7655)  acc1: 0.3906 (0.5737)  acc5: 5.4688 (5.3467)  family_acc1: 42.9688 (44.3726)  manu_acc1: 60.1562 (61.5662)  time: 0.4157  data: 0.2016  max mem: 11378
Test:  [128/391]  eta: 0:01:51  sploss: 7.7753 (7.8785)  famloss: 2.6557 (2.6393)  manuloss: 1.8194 (1.7664)  acc1: 0.3906 (0.5723)  acc5: 5.4688 (5.3567)  family_acc1: 42.9688 (44.3556)  manu_acc1: 60.1562 (61.5280)  time: 0.3197  data: 0.1068  max mem: 11378
Test:  [129/391]  eta: 0:01:50  sploss: 7.7753 (7.8788)  famloss: 2.5962 (2.6387)  manuloss: 1.7520 (1.7661)  acc1: 0.3906 (0.5709)  acc5: 5.4688 (5.3456)  family_acc1: 42.9688 (44.3299)  manu_acc1: 60.1562 (61.5294)  time: 0.3194  data: 0.1068  max mem: 11378
Test:  [130/391]  eta: 0:01:49  sploss: 7.7753 (7.8799)  famloss: 2.5604 (2.6372)  manuloss: 1.7505 (1.7652)  acc1: 0.3906 (0.5725)  acc5: 5.4688 (5.3435)  family_acc1: 43.7500 (44.3672)  manu_acc1: 60.1562 (61.5398)  time: 0.3191  data: 0.1068  max mem: 11378
Test:  [131/391]  eta: 0:01:48  sploss: 7.7475 (7.8770)  famloss: 2.5493 (2.6348)  manuloss: 1.7484 (1.7628)  acc1: 0.3906 (0.5711)  acc5: 5.8594 (5.3533)  family_acc1: 44.5312 (44.3774)  manu_acc1: 61.7188 (61.5767)  time: 0.3199  data: 0.1068  max mem: 11378
Test:  [132/391]  eta: 0:01:51  sploss: 7.7348 (7.8747)  famloss: 2.5422 (2.6331)  manuloss: 1.7318 (1.7625)  acc1: 0.3906 (0.5698)  acc5: 5.8594 (5.3601)  family_acc1: 45.3125 (44.3873)  manu_acc1: 62.1094 (61.5866)  time: 0.4175  data: 0.2003  max mem: 11378
Test:  [133/391]  eta: 0:01:50  sploss: 7.7348 (7.8739)  famloss: 2.5241 (2.6305)  manuloss: 1.7292 (1.7609)  acc1: 0.3906 (0.5772)  acc5: 5.8594 (5.3696)  family_acc1: 45.7031 (44.4263)  manu_acc1: 62.8906 (61.6021)  time: 0.4177  data: 0.2003  max mem: 11378
Test:  [134/391]  eta: 0:01:50  sploss: 7.7387 (7.8729)  famloss: 2.4884 (2.6288)  manuloss: 1.7247 (1.7599)  acc1: 0.3906 (0.5758)  acc5: 5.8594 (5.3704)  family_acc1: 45.7031 (44.4560)  manu_acc1: 62.8906 (61.6175)  time: 0.4213  data: 0.2038  max mem: 11378
Test:  [135/391]  eta: 0:01:49  sploss: 7.7348 (7.8716)  famloss: 2.4770 (2.6259)  manuloss: 1.7181 (1.7573)  acc1: 0.3906 (0.5773)  acc5: 5.8594 (5.3682)  family_acc1: 45.7031 (44.5054)  manu_acc1: 62.8906 (61.6728)  time: 0.4214  data: 0.2038  max mem: 11378
Test:  [136/391]  eta: 0:01:48  sploss: 7.7055 (7.8685)  famloss: 2.4596 (2.6241)  manuloss: 1.6757 (1.7549)  acc1: 0.3906 (0.5845)  acc5: 6.2500 (5.3946)  family_acc1: 45.7031 (44.5455)  manu_acc1: 62.8906 (61.7102)  time: 0.4213  data: 0.2038  max mem: 11378
Test:  [137/391]  eta: 0:01:47  sploss: 7.7055 (7.8683)  famloss: 2.4596 (2.6229)  manuloss: 1.6518 (1.7538)  acc1: 0.3906 (0.5831)  acc5: 6.2500 (5.3980)  family_acc1: 45.7031 (44.5709)  manu_acc1: 62.8906 (61.7188)  time: 0.4214  data: 0.2038  max mem: 11378
Test:  [138/391]  eta: 0:01:46  sploss: 7.7055 (7.8693)  famloss: 2.4595 (2.6218)  manuloss: 1.6501 (1.7521)  acc1: 0.3906 (0.5817)  acc5: 5.8594 (5.3844)  family_acc1: 45.7031 (44.5846)  manu_acc1: 62.8906 (61.7412)  time: 0.4213  data: 0.2038  max mem: 11378
Test:  [139/391]  eta: 0:01:46  sploss: 7.7348 (7.8697)  famloss: 2.4595 (2.6207)  manuloss: 1.6258 (1.7503)  acc1: 0.3906 (0.5776)  acc5: 5.4688 (5.3795)  family_acc1: 45.7031 (44.5759)  manu_acc1: 62.8906 (61.7578)  time: 0.4214  data: 0.2038  max mem: 11378
Test:  [140/391]  eta: 0:01:45  sploss: 7.7055 (7.8674)  famloss: 2.4492 (2.6173)  manuloss: 1.6062 (1.7480)  acc1: 0.3906 (0.5762)  acc5: 5.8594 (5.3884)  family_acc1: 45.7031 (44.6116)  manu_acc1: 62.8906 (61.7880)  time: 0.3117  data: 0.0973  max mem: 11378
Test:  [141/391]  eta: 0:01:44  sploss: 7.7348 (7.8668)  famloss: 2.4374 (2.6159)  manuloss: 1.6062 (1.7472)  acc1: 0.3906 (0.5749)  acc5: 5.4688 (5.3752)  family_acc1: 46.4844 (44.6440)  manu_acc1: 62.8906 (61.8150)  time: 0.3113  data: 0.0973  max mem: 11378
Test:  [142/391]  eta: 0:01:43  sploss: 7.7387 (7.8663)  famloss: 2.4492 (2.6161)  manuloss: 1.6062 (1.7471)  acc1: 0.3906 (0.5709)  acc5: 5.4688 (5.3759)  family_acc1: 45.7031 (44.6460)  manu_acc1: 62.8906 (61.8116)  time: 0.3114  data: 0.0973  max mem: 11378
Test:  [143/391]  eta: 0:01:43  sploss: 7.7387 (7.8644)  famloss: 2.4177 (2.6138)  manuloss: 1.5804 (1.7447)  acc1: 0.3906 (0.5751)  acc5: 5.4688 (5.3684)  family_acc1: 46.4844 (44.7184)  manu_acc1: 63.6719 (61.8598)  time: 0.3118  data: 0.0973  max mem: 11378
Test:  [144/391]  eta: 0:01:45  sploss: 7.7387 (7.8644)  famloss: 2.4177 (2.6125)  manuloss: 1.5509 (1.7429)  acc1: 0.3906 (0.5765)  acc5: 5.0781 (5.3556)  family_acc1: 46.8750 (44.7495)  manu_acc1: 63.6719 (61.8992)  time: 0.4016  data: 0.1859  max mem: 11378
Test:  [145/391]  eta: 0:01:44  sploss: 7.7661 (7.8645)  famloss: 2.4177 (2.6125)  manuloss: 1.5509 (1.7418)  acc1: 0.3906 (0.5779)  acc5: 5.0781 (5.3537)  family_acc1: 48.0469 (44.7720)  manu_acc1: 64.0625 (61.9221)  time: 0.4019  data: 0.1859  max mem: 11378
Test:  [146/391]  eta: 0:01:44  sploss: 7.7661 (7.8647)  famloss: 2.4177 (2.6113)  manuloss: 1.5804 (1.7409)  acc1: 0.3906 (0.5793)  acc5: 5.4688 (5.3598)  family_acc1: 48.0469 (44.7943)  manu_acc1: 64.0625 (61.9366)  time: 0.4100  data: 0.1933  max mem: 11378
Test:  [147/391]  eta: 0:01:43  sploss: 7.7809 (7.8647)  famloss: 2.4177 (2.6088)  manuloss: 1.5509 (1.7393)  acc1: 0.3906 (0.5859)  acc5: 5.4688 (5.3737)  family_acc1: 48.0469 (44.8453)  manu_acc1: 64.0625 (61.9827)  time: 0.4103  data: 0.1933  max mem: 11378
Test:  [148/391]  eta: 0:01:42  sploss: 7.7809 (7.8637)  famloss: 2.4081 (2.6070)  manuloss: 1.5509 (1.7387)  acc1: 0.3906 (0.5846)  acc5: 5.4688 (5.3770)  family_acc1: 48.0469 (44.8563)  manu_acc1: 64.0625 (61.9809)  time: 0.4107  data: 0.1933  max mem: 11378
Test:  [149/391]  eta: 0:01:41  sploss: 7.7809 (7.8633)  famloss: 2.4081 (2.6063)  manuloss: 1.5509 (1.7381)  acc1: 0.3906 (0.5807)  acc5: 5.4688 (5.3646)  family_acc1: 48.0469 (44.8750)  manu_acc1: 64.0625 (61.9948)  time: 0.4106  data: 0.1933  max mem: 11378
Test:  [150/391]  eta: 0:01:40  sploss: 7.7809 (7.8643)  famloss: 2.4081 (2.6059)  manuloss: 1.5107 (1.7364)  acc1: 0.3906 (0.5795)  acc5: 5.4688 (5.3575)  family_acc1: 48.0469 (44.8727)  manu_acc1: 64.8438 (62.0162)  time: 0.4109  data: 0.1933  max mem: 11378
Test:  [151/391]  eta: 0:01:40  sploss: 7.7945 (7.8643)  famloss: 2.4177 (2.6054)  manuloss: 1.5131 (1.7350)  acc1: 0.3906 (0.5808)  acc5: 5.4688 (5.3660)  family_acc1: 48.0469 (44.8936)  manu_acc1: 64.8438 (62.0426)  time: 0.4104  data: 0.1933  max mem: 11378
Test:  [152/391]  eta: 0:01:39  sploss: 7.7945 (7.8621)  famloss: 2.4177 (2.6036)  manuloss: 1.5107 (1.7327)  acc1: 0.3906 (0.5872)  acc5: 5.4688 (5.3666)  family_acc1: 48.0469 (44.9168)  manu_acc1: 65.2344 (62.0992)  time: 0.3127  data: 0.0998  max mem: 11378
Test:  [153/391]  eta: 0:01:38  sploss: 7.7994 (7.8628)  famloss: 2.4177 (2.6021)  manuloss: 1.5107 (1.7313)  acc1: 0.3906 (0.5834)  acc5: 5.0781 (5.3597)  family_acc1: 48.0469 (44.9548)  manu_acc1: 65.2344 (62.1271)  time: 0.3130  data: 0.0998  max mem: 11378
Test:  [154/391]  eta: 0:01:38  sploss: 7.8398 (7.8642)  famloss: 2.4206 (2.6032)  manuloss: 1.5107 (1.7322)  acc1: 0.3906 (0.5822)  acc5: 5.0781 (5.3503)  family_acc1: 48.0469 (44.9345)  manu_acc1: 65.2344 (62.1018)  time: 0.3093  data: 0.0963  max mem: 11378
Test:  [155/391]  eta: 0:01:37  sploss: 7.8612 (7.8650)  famloss: 2.4470 (2.6024)  manuloss: 1.5116 (1.7309)  acc1: 0.3906 (0.5809)  acc5: 4.6875 (5.3461)  family_acc1: 48.0469 (44.9419)  manu_acc1: 65.2344 (62.1369)  time: 0.3094  data: 0.0963  max mem: 11378
Test:  [156/391]  eta: 0:01:39  sploss: 7.8612 (7.8646)  famloss: 2.4595 (2.6034)  manuloss: 1.5131 (1.7314)  acc1: 0.3906 (0.5822)  acc5: 4.6875 (5.3493)  family_acc1: 48.0469 (44.9343)  manu_acc1: 65.2344 (62.1268)  time: 0.4002  data: 0.1849  max mem: 11378
Test:  [157/391]  eta: 0:01:38  sploss: 7.8634 (7.8664)  famloss: 2.4595 (2.6038)  manuloss: 1.5131 (1.7318)  acc1: 0.3906 (0.5835)  acc5: 4.6875 (5.3476)  family_acc1: 47.6562 (44.9219)  manu_acc1: 65.2344 (62.1267)  time: 0.4015  data: 0.1849  max mem: 11378
Test:  [158/391]  eta: 0:01:38  sploss: 7.8634 (7.8673)  famloss: 2.4684 (2.6057)  manuloss: 1.5327 (1.7323)  acc1: 0.3906 (0.5823)  acc5: 4.6875 (5.3435)  family_acc1: 47.6562 (44.8973)  manu_acc1: 65.2344 (62.1118)  time: 0.4195  data: 0.2018  max mem: 11378
Test:  [159/391]  eta: 0:01:37  sploss: 7.8612 (7.8672)  famloss: 2.4766 (2.6053)  manuloss: 1.5885 (1.7327)  acc1: 0.3906 (0.5811)  acc5: 5.0781 (5.3662)  family_acc1: 48.0469 (44.9268)  manu_acc1: 65.2344 (62.1118)  time: 0.4199  data: 0.2018  max mem: 11378
Test:  [160/391]  eta: 0:01:37  sploss: 7.8612 (7.8657)  famloss: 2.5056 (2.6064)  manuloss: 1.6120 (1.7331)  acc1: 0.3906 (0.5847)  acc5: 5.0781 (5.3814)  family_acc1: 47.6562 (44.9219)  manu_acc1: 64.0625 (62.1069)  time: 0.4231  data: 0.2018  max mem: 11378
Test:  [161/391]  eta: 0:01:36  sploss: 7.8612 (7.8653)  famloss: 2.5338 (2.6076)  manuloss: 1.6120 (1.7331)  acc1: 0.3906 (0.5835)  acc5: 5.0781 (5.3771)  family_acc1: 46.4844 (44.9243)  manu_acc1: 64.0625 (62.1287)  time: 0.4242  data: 0.2018  max mem: 11378
Test:  [162/391]  eta: 0:01:35  sploss: 7.8612 (7.8648)  famloss: 2.5338 (2.6081)  manuloss: 1.6120 (1.7334)  acc1: 0.3906 (0.5823)  acc5: 5.0781 (5.3825)  family_acc1: 46.4844 (44.9147)  manu_acc1: 64.0625 (62.1166)  time: 0.4274  data: 0.2018  max mem: 11378
Test:  [163/391]  eta: 0:01:35  sploss: 7.8634 (7.8661)  famloss: 2.5361 (2.6095)  manuloss: 1.6356 (1.7350)  acc1: 0.3906 (0.5836)  acc5: 5.0781 (5.3735)  family_acc1: 46.0938 (44.8719)  manu_acc1: 64.0625 (62.0998)  time: 0.4274  data: 0.2018  max mem: 11378
Test:  [164/391]  eta: 0:01:34  sploss: 7.8738 (7.8664)  famloss: 2.5404 (2.6120)  manuloss: 1.6569 (1.7352)  acc1: 0.3906 (0.5848)  acc5: 5.0781 (5.3788)  family_acc1: 45.3125 (44.8438)  manu_acc1: 62.1094 (62.0928)  time: 0.3377  data: 0.1132  max mem: 11378
Test:  [165/391]  eta: 0:01:33  sploss: 7.8612 (7.8642)  famloss: 2.5361 (2.6114)  manuloss: 1.7247 (1.7356)  acc1: 0.3906 (0.5812)  acc5: 5.4688 (5.3911)  family_acc1: 45.3125 (44.8630)  manu_acc1: 62.1094 (62.0905)  time: 0.3376  data: 0.1132  max mem: 11378
Test:  [166/391]  eta: 0:01:32  sploss: 7.8612 (7.8654)  famloss: 2.5404 (2.6121)  manuloss: 1.7660 (1.7368)  acc1: 0.3906 (0.5824)  acc5: 5.4688 (5.3916)  family_acc1: 45.3125 (44.8821)  manu_acc1: 61.7188 (62.0790)  time: 0.3298  data: 0.1059  max mem: 11378
Test:  [167/391]  eta: 0:01:32  sploss: 7.8738 (7.8665)  famloss: 2.6735 (2.6131)  manuloss: 1.7660 (1.7369)  acc1: 0.3906 (0.5813)  acc5: 5.0781 (5.3874)  family_acc1: 44.5312 (44.8451)  manu_acc1: 61.7188 (62.0815)  time: 0.3298  data: 0.1059  max mem: 11378
Test:  [168/391]  eta: 0:01:33  sploss: 7.8738 (7.8657)  famloss: 2.6735 (2.6123)  manuloss: 1.7660 (1.7361)  acc1: 0.3906 (0.5825)  acc5: 4.6875 (5.3832)  family_acc1: 44.5312 (44.8618)  manu_acc1: 62.1094 (62.1048)  time: 0.4086  data: 0.1822  max mem: 11378
Test:  [169/391]  eta: 0:01:33  sploss: 7.9119 (7.8680)  famloss: 2.6911 (2.6150)  manuloss: 1.7830 (1.7381)  acc1: 0.3906 (0.5813)  acc5: 5.0781 (5.3814)  family_acc1: 44.1406 (44.8070)  manu_acc1: 61.7188 (62.0680)  time: 0.4094  data: 0.1822  max mem: 11378
Test:  [170/391]  eta: 0:01:32  sploss: 7.9119 (7.8701)  famloss: 2.7326 (2.6161)  manuloss: 1.7928 (1.7391)  acc1: 0.3906 (0.5802)  acc5: 5.0781 (5.3751)  family_acc1: 43.7500 (44.7917)  manu_acc1: 61.3281 (62.0477)  time: 0.4323  data: 0.2047  max mem: 11378
Test:  [171/391]  eta: 0:01:32  sploss: 7.9119 (7.8696)  famloss: 2.7326 (2.6166)  manuloss: 1.7928 (1.7383)  acc1: 0.3906 (0.5791)  acc5: 5.0781 (5.3756)  family_acc1: 43.7500 (44.7856)  manu_acc1: 61.3281 (62.0799)  time: 0.4321  data: 0.2047  max mem: 11378
Test:  [172/391]  eta: 0:01:31  sploss: 7.9662 (7.8703)  famloss: 2.7579 (2.6175)  manuloss: 1.7934 (1.7389)  acc1: 0.3906 (0.5758)  acc5: 4.6875 (5.3717)  family_acc1: 43.7500 (44.7864)  manu_acc1: 60.9375 (62.0732)  time: 0.4323  data: 0.2047  max mem: 11378
Test:  [173/391]  eta: 0:01:30  sploss: 7.9119 (7.8703)  famloss: 2.7579 (2.6174)  manuloss: 1.7934 (1.7387)  acc1: 0.3906 (0.5747)  acc5: 4.6875 (5.3632)  family_acc1: 43.7500 (44.7917)  manu_acc1: 60.9375 (62.0690)  time: 0.4317  data: 0.2047  max mem: 11378
Test:  [174/391]  eta: 0:01:30  sploss: 7.8661 (7.8697)  famloss: 2.7326 (2.6171)  manuloss: 1.7928 (1.7376)  acc1: 0.3906 (0.5781)  acc5: 5.0781 (5.3750)  family_acc1: 43.7500 (44.7946)  manu_acc1: 61.3281 (62.0915)  time: 0.4316  data: 0.2047  max mem: 11378
Test:  [175/391]  eta: 0:01:29  sploss: 7.8473 (7.8690)  famloss: 2.7579 (2.6194)  manuloss: 1.7934 (1.7387)  acc1: 0.3906 (0.5837)  acc5: 5.0781 (5.3800)  family_acc1: 43.7500 (44.7687)  manu_acc1: 61.3281 (62.0894)  time: 0.4314  data: 0.2047  max mem: 11378
Test:  [176/391]  eta: 0:01:28  sploss: 7.8473 (7.8689)  famloss: 2.7326 (2.6200)  manuloss: 1.7928 (1.7388)  acc1: 0.3906 (0.5848)  acc5: 5.0781 (5.3827)  family_acc1: 43.3594 (44.7541)  manu_acc1: 61.3281 (62.0873)  time: 0.3408  data: 0.1161  max mem: 11378
Test:  [177/391]  eta: 0:01:28  sploss: 7.8473 (7.8707)  famloss: 2.7579 (2.6228)  manuloss: 1.7928 (1.7408)  acc1: 0.3906 (0.5837)  acc5: 5.0781 (5.3766)  family_acc1: 43.3594 (44.7068)  manu_acc1: 61.3281 (62.0545)  time: 0.3399  data: 0.1161  max mem: 11378
Test:  [178/391]  eta: 0:01:27  sploss: 7.8473 (7.8714)  famloss: 2.7579 (2.6238)  manuloss: 1.7830 (1.7409)  acc1: 0.3906 (0.5827)  acc5: 5.4688 (5.3815)  family_acc1: 43.7500 (44.7058)  manu_acc1: 61.3281 (62.0417)  time: 0.3219  data: 0.0992  max mem: 11378
Test:  [179/391]  eta: 0:01:26  sploss: 7.8465 (7.8712)  famloss: 2.7762 (2.6252)  manuloss: 1.7830 (1.7415)  acc1: 0.3906 (0.5838)  acc5: 5.0781 (5.3754)  family_acc1: 43.3594 (44.6897)  manu_acc1: 60.9375 (62.0291)  time: 0.3215  data: 0.0992  max mem: 11378
Test:  [180/391]  eta: 0:01:27  sploss: 7.8465 (7.8704)  famloss: 2.7579 (2.6242)  manuloss: 1.7660 (1.7407)  acc1: 0.3906 (0.5827)  acc5: 4.6875 (5.3716)  family_acc1: 43.3594 (44.7276)  manu_acc1: 60.9375 (62.0360)  time: 0.3850  data: 0.1662  max mem: 11378
Test:  [181/391]  eta: 0:01:27  sploss: 7.8661 (7.8713)  famloss: 2.7326 (2.6247)  manuloss: 1.7660 (1.7402)  acc1: 0.3906 (0.5838)  acc5: 5.0781 (5.3765)  family_acc1: 43.3594 (44.7266)  manu_acc1: 60.9375 (62.0514)  time: 0.3833  data: 0.1662  max mem: 11378
Test:  [182/391]  eta: 0:01:27  sploss: 7.8661 (7.8711)  famloss: 2.7579 (2.6259)  manuloss: 1.7660 (1.7417)  acc1: 0.3906 (0.5913)  acc5: 5.0781 (5.3834)  family_acc1: 42.1875 (44.7127)  manu_acc1: 60.9375 (62.0432)  time: 0.4158  data: 0.2017  max mem: 11378
Test:  [183/391]  eta: 0:01:26  sploss: 7.8465 (7.8694)  famloss: 2.7326 (2.6255)  manuloss: 1.7660 (1.7421)  acc1: 0.3906 (0.5902)  acc5: 5.4688 (5.3923)  family_acc1: 43.7500 (44.7244)  manu_acc1: 60.9375 (62.0181)  time: 0.4197  data: 0.2056  max mem: 11378
Test:  [184/391]  eta: 0:01:26  sploss: 7.8351 (7.8690)  famloss: 2.7271 (2.6260)  manuloss: 1.8002 (1.7431)  acc1: 0.3906 (0.5912)  acc5: 5.4688 (5.4012)  family_acc1: 43.7500 (44.7192)  manu_acc1: 60.9375 (62.0080)  time: 0.4197  data: 0.2056  max mem: 11378
Test:  [185/391]  eta: 0:01:25  sploss: 7.8465 (7.8695)  famloss: 2.7271 (2.6265)  manuloss: 1.8291 (1.7438)  acc1: 0.3906 (0.5901)  acc5: 5.0781 (5.3931)  family_acc1: 43.7500 (44.7182)  manu_acc1: 60.5469 (61.9981)  time: 0.4196  data: 0.2056  max mem: 11378
Test:  [186/391]  eta: 0:01:24  sploss: 7.8351 (7.8690)  famloss: 2.7217 (2.6262)  manuloss: 1.8291 (1.7446)  acc1: 0.3906 (0.5974)  acc5: 5.0781 (5.3977)  family_acc1: 43.7500 (44.7360)  manu_acc1: 60.5469 (61.9861)  time: 0.4196  data: 0.2056  max mem: 11378
Test:  [187/391]  eta: 0:01:24  sploss: 7.8326 (7.8687)  famloss: 2.7120 (2.6266)  manuloss: 1.8291 (1.7450)  acc1: 0.3906 (0.5942)  acc5: 5.0781 (5.3898)  family_acc1: 43.7500 (44.7266)  manu_acc1: 60.1562 (61.9681)  time: 0.4198  data: 0.2056  max mem: 11378
Test:  [188/391]  eta: 0:01:23  sploss: 7.8326 (7.8675)  famloss: 2.7120 (2.6269)  manuloss: 1.8323 (1.7458)  acc1: 0.3906 (0.5932)  acc5: 5.4688 (5.4005)  family_acc1: 43.7500 (44.7090)  manu_acc1: 60.1562 (61.9544)  time: 0.3410  data: 0.1293  max mem: 11378
Test:  [189/391]  eta: 0:01:22  sploss: 7.8326 (7.8686)  famloss: 2.7120 (2.6278)  manuloss: 1.8291 (1.7462)  acc1: 0.3906 (0.5900)  acc5: 5.4688 (5.3927)  family_acc1: 43.7500 (44.7039)  manu_acc1: 60.1562 (61.9387)  time: 0.3405  data: 0.1293  max mem: 11378
Test:  [190/391]  eta: 0:01:22  sploss: 7.8326 (7.8699)  famloss: 2.7120 (2.6292)  manuloss: 1.8291 (1.7472)  acc1: 0.3906 (0.5911)  acc5: 5.4688 (5.3890)  family_acc1: 43.7500 (44.6867)  manu_acc1: 60.1562 (61.9253)  time: 0.3176  data: 0.1067  max mem: 11378
Test:  [191/391]  eta: 0:01:21  sploss: 7.8326 (7.8687)  famloss: 2.7116 (2.6289)  manuloss: 1.8291 (1.7464)  acc1: 0.3906 (0.5920)  acc5: 5.8594 (5.3935)  family_acc1: 43.7500 (44.6859)  manu_acc1: 60.1562 (61.9405)  time: 0.3179  data: 0.1067  max mem: 11378
Test:  [192/391]  eta: 0:01:22  sploss: 7.8123 (7.8683)  famloss: 2.7046 (2.6287)  manuloss: 1.8280 (1.7467)  acc1: 0.7812 (0.5950)  acc5: 5.8594 (5.3959)  family_acc1: 43.7500 (44.6911)  manu_acc1: 60.1562 (61.9394)  time: 0.3754  data: 0.1645  max mem: 11378
Test:  [193/391]  eta: 0:01:21  sploss: 7.8123 (7.8687)  famloss: 2.7046 (2.6289)  manuloss: 1.8323 (1.7475)  acc1: 0.7812 (0.5920)  acc5: 5.8594 (5.3882)  family_acc1: 43.7500 (44.6943)  manu_acc1: 59.7656 (61.9241)  time: 0.3754  data: 0.1645  max mem: 11378
Test:  [194/391]  eta: 0:01:22  sploss: 7.8326 (7.8687)  famloss: 2.7046 (2.6289)  manuloss: 1.8323 (1.7479)  acc1: 0.7812 (0.5970)  acc5: 5.8594 (5.3906)  family_acc1: 43.7500 (44.7035)  manu_acc1: 59.7656 (61.9211)  time: 0.4211  data: 0.2097  max mem: 11378
Test:  [195/391]  eta: 0:01:21  sploss: 7.8326 (7.8668)  famloss: 2.6975 (2.6283)  manuloss: 1.8280 (1.7470)  acc1: 0.7812 (0.5999)  acc5: 5.8594 (5.4030)  family_acc1: 44.5312 (44.7206)  manu_acc1: 59.7656 (61.9420)  time: 0.4249  data: 0.2136  max mem: 11378
Test:  [196/391]  eta: 0:01:20  sploss: 7.8123 (7.8660)  famloss: 2.6808 (2.6283)  manuloss: 1.8280 (1.7473)  acc1: 0.3906 (0.5968)  acc5: 5.8594 (5.4093)  family_acc1: 44.5312 (44.7176)  manu_acc1: 59.7656 (61.9369)  time: 0.4249  data: 0.2136  max mem: 11378
Test:  [197/391]  eta: 0:01:20  sploss: 7.8123 (7.8679)  famloss: 2.6808 (2.6295)  manuloss: 1.8280 (1.7484)  acc1: 0.3906 (0.5958)  acc5: 5.8594 (5.4036)  family_acc1: 44.5312 (44.6930)  manu_acc1: 59.7656 (61.9042)  time: 0.4244  data: 0.2136  max mem: 11378
Test:  [198/391]  eta: 0:01:19  sploss: 7.7970 (7.8661)  famloss: 2.6644 (2.6292)  manuloss: 1.8280 (1.7475)  acc1: 0.3906 (0.5948)  acc5: 5.8594 (5.4138)  family_acc1: 44.5312 (44.7001)  manu_acc1: 60.1562 (61.9268)  time: 0.4246  data: 0.2136  max mem: 11378
Test:  [199/391]  eta: 0:01:19  sploss: 7.7815 (7.8653)  famloss: 2.6644 (2.6306)  manuloss: 1.8280 (1.7485)  acc1: 0.3906 (0.5938)  acc5: 6.2500 (5.4219)  family_acc1: 44.5312 (44.6758)  manu_acc1: 60.1562 (61.9023)  time: 0.4246  data: 0.2136  max mem: 11378
Test:  [200/391]  eta: 0:01:18  sploss: 7.7970 (7.8658)  famloss: 2.6808 (2.6313)  manuloss: 1.8323 (1.7493)  acc1: 0.3906 (0.5908)  acc5: 6.2500 (5.4260)  family_acc1: 44.1406 (44.6692)  manu_acc1: 59.7656 (61.8781)  time: 0.3580  data: 0.1467  max mem: 11378
Test:  [201/391]  eta: 0:01:17  sploss: 7.7815 (7.8651)  famloss: 2.6644 (2.6308)  manuloss: 1.8323 (1.7492)  acc1: 0.3906 (0.5917)  acc5: 6.2500 (5.4262)  family_acc1: 44.1406 (44.6724)  manu_acc1: 59.7656 (61.8812)  time: 0.3578  data: 0.1467  max mem: 11378
Test:  [202/391]  eta: 0:01:17  sploss: 7.7815 (7.8655)  famloss: 2.6644 (2.6314)  manuloss: 1.8323 (1.7501)  acc1: 0.3906 (0.5927)  acc5: 5.8594 (5.4245)  family_acc1: 44.1406 (44.6621)  manu_acc1: 59.3750 (61.8650)  time: 0.3221  data: 0.1112  max mem: 11378
Test:  [203/391]  eta: 0:01:16  sploss: 7.7815 (7.8648)  famloss: 2.6644 (2.6311)  manuloss: 1.8280 (1.7498)  acc1: 0.3906 (0.5898)  acc5: 5.8594 (5.4247)  family_acc1: 44.1406 (44.6883)  manu_acc1: 59.7656 (61.8700)  time: 0.3181  data: 0.1072  max mem: 11378
Test:  [204/391]  eta: 0:01:16  sploss: 7.7693 (7.8634)  famloss: 2.6364 (2.6305)  manuloss: 1.8280 (1.7504)  acc1: 0.3906 (0.5888)  acc5: 5.4688 (5.4230)  family_acc1: 44.5312 (44.6970)  manu_acc1: 59.3750 (61.8521)  time: 0.3631  data: 0.1523  max mem: 11378
Test:  [205/391]  eta: 0:01:16  sploss: 7.7669 (7.8629)  famloss: 2.6364 (2.6308)  manuloss: 1.8280 (1.7522)  acc1: 0.3906 (0.5878)  acc5: 5.4688 (5.4213)  family_acc1: 44.5312 (44.7000)  manu_acc1: 59.3750 (61.8060)  time: 0.3633  data: 0.1523  max mem: 11378
Test:  [206/391]  eta: 0:01:16  sploss: 7.7669 (7.8625)  famloss: 2.6364 (2.6306)  manuloss: 1.8280 (1.7530)  acc1: 0.3906 (0.5888)  acc5: 5.4688 (5.4235)  family_acc1: 44.5312 (44.7105)  manu_acc1: 58.9844 (61.7810)  time: 0.4247  data: 0.2137  max mem: 11378
Test:  [207/391]  eta: 0:01:16  sploss: 7.7342 (7.8612)  famloss: 2.6364 (2.6308)  manuloss: 1.8739 (1.7537)  acc1: 0.3906 (0.5897)  acc5: 5.8594 (5.4256)  family_acc1: 44.5312 (44.7059)  manu_acc1: 58.9844 (61.7544)  time: 0.4285  data: 0.2179  max mem: 11378
Test:  [208/391]  eta: 0:01:15  sploss: 7.7669 (7.8619)  famloss: 2.6364 (2.6315)  manuloss: 1.8739 (1.7547)  acc1: 0.3906 (0.5887)  acc5: 5.4688 (5.4164)  family_acc1: 44.5312 (44.6901)  manu_acc1: 58.9844 (61.7131)  time: 0.4283  data: 0.2179  max mem: 11378
Test:  [209/391]  eta: 0:01:15  sploss: 7.7342 (7.8605)  famloss: 2.6364 (2.6319)  manuloss: 1.8739 (1.7553)  acc1: 0.3906 (0.5915)  acc5: 5.8594 (5.4185)  family_acc1: 45.3125 (44.6949)  manu_acc1: 58.9844 (61.7020)  time: 0.4280  data: 0.2178  max mem: 11378
Test:  [210/391]  eta: 0:01:14  sploss: 7.7342 (7.8613)  famloss: 2.6364 (2.6319)  manuloss: 1.8631 (1.7553)  acc1: 0.3906 (0.5924)  acc5: 5.8594 (5.4151)  family_acc1: 45.3125 (44.6923)  manu_acc1: 58.9844 (61.7039)  time: 0.4279  data: 0.2178  max mem: 11378
Test:  [211/391]  eta: 0:01:13  sploss: 7.7669 (7.8613)  famloss: 2.6420 (2.6325)  manuloss: 1.8739 (1.7559)  acc1: 0.3906 (0.5933)  acc5: 5.4688 (5.4153)  family_acc1: 45.3125 (44.6879)  manu_acc1: 58.9844 (61.6911)  time: 0.4281  data: 0.2178  max mem: 11378
Test:  [212/391]  eta: 0:01:13  sploss: 7.7669 (7.8616)  famloss: 2.6420 (2.6325)  manuloss: 1.8776 (1.7574)  acc1: 0.3906 (0.5924)  acc5: 5.4688 (5.4156)  family_acc1: 44.1406 (44.6706)  manu_acc1: 58.5938 (61.6417)  time: 0.3707  data: 0.1601  max mem: 11378
Test:  [213/391]  eta: 0:01:12  sploss: 7.7342 (7.8605)  famloss: 2.6364 (2.6325)  manuloss: 1.8776 (1.7580)  acc1: 0.3906 (0.5951)  acc5: 5.4688 (5.4249)  family_acc1: 44.1406 (44.6554)  manu_acc1: 58.5938 (61.6348)  time: 0.3707  data: 0.1601  max mem: 11378
Test:  [214/391]  eta: 0:01:12  sploss: 7.7342 (7.8608)  famloss: 2.6420 (2.6327)  manuloss: 1.8776 (1.7580)  acc1: 0.3906 (0.5941)  acc5: 5.4688 (5.4342)  family_acc1: 44.1406 (44.6602)  manu_acc1: 58.5938 (61.6334)  time: 0.3249  data: 0.1149  max mem: 11378
Test:  [215/391]  eta: 0:01:11  sploss: 7.7342 (7.8600)  famloss: 2.6420 (2.6326)  manuloss: 1.8810 (1.7589)  acc1: 0.3906 (0.5950)  acc5: 5.4688 (5.4308)  family_acc1: 43.7500 (44.6542)  manu_acc1: 58.2031 (61.6157)  time: 0.3212  data: 0.1109  max mem: 11378
Test:  [216/391]  eta: 0:01:11  sploss: 7.7669 (7.8598)  famloss: 2.6420 (2.6325)  manuloss: 1.8810 (1.7586)  acc1: 0.3906 (0.5958)  acc5: 5.4688 (5.4273)  family_acc1: 43.7500 (44.6573)  manu_acc1: 58.2031 (61.6197)  time: 0.3524  data: 0.1408  max mem: 11378
Test:  [217/391]  eta: 0:01:10  sploss: 7.7669 (7.8596)  famloss: 2.6420 (2.6328)  manuloss: 1.8776 (1.7587)  acc1: 0.3906 (0.5949)  acc5: 5.4688 (5.4222)  family_acc1: 43.7500 (44.6441)  manu_acc1: 58.5938 (61.6059)  time: 0.3525  data: 0.1408  max mem: 11378
Test:  [218/391]  eta: 0:01:11  sploss: 7.7669 (7.8587)  famloss: 2.6420 (2.6327)  manuloss: 1.8810 (1.7597)  acc1: 0.7812 (0.5993)  acc5: 5.4688 (5.4277)  family_acc1: 43.7500 (44.6597)  manu_acc1: 58.2031 (61.5796)  time: 0.4247  data: 0.2130  max mem: 11378
Test:  [219/391]  eta: 0:01:11  sploss: 7.7748 (7.8598)  famloss: 2.6275 (2.6327)  manuloss: 1.8776 (1.7598)  acc1: 0.7812 (0.5966)  acc5: 5.4688 (5.4190)  family_acc1: 44.1406 (44.6715)  manu_acc1: 58.5938 (61.5785)  time: 0.4294  data: 0.2171  max mem: 11378
Test:  [220/391]  eta: 0:01:10  sploss: 7.7748 (7.8619)  famloss: 2.6275 (2.6346)  manuloss: 1.8776 (1.7615)  acc1: 0.7812 (0.5957)  acc5: 5.0781 (5.4087)  family_acc1: 44.1406 (44.6567)  manu_acc1: 58.5938 (61.5332)  time: 0.4292  data: 0.2171  max mem: 11378
Test:  [221/391]  eta: 0:01:09  sploss: 7.8047 (7.8630)  famloss: 2.6420 (2.6368)  manuloss: 1.8810 (1.7643)  acc1: 0.7812 (0.5965)  acc5: 5.0781 (5.4036)  family_acc1: 43.7500 (44.6175)  manu_acc1: 58.2031 (61.4513)  time: 0.4297  data: 0.2171  max mem: 11378
Test:  [222/391]  eta: 0:01:09  sploss: 7.8047 (7.8642)  famloss: 2.6420 (2.6386)  manuloss: 1.8810 (1.7668)  acc1: 0.7812 (0.6078)  acc5: 5.0781 (5.4039)  family_acc1: 43.7500 (44.5785)  manu_acc1: 57.8125 (61.3842)  time: 0.4297  data: 0.2171  max mem: 11378
Test:  [223/391]  eta: 0:01:08  sploss: 7.8158 (7.8660)  famloss: 2.6656 (2.6411)  manuloss: 1.8884 (1.7692)  acc1: 0.7812 (0.6086)  acc5: 5.0781 (5.4095)  family_acc1: 43.7500 (44.5435)  manu_acc1: 56.6406 (61.3194)  time: 0.4298  data: 0.2171  max mem: 11378
Test:  [224/391]  eta: 0:01:08  sploss: 7.8467 (7.8661)  famloss: 2.6719 (2.6429)  manuloss: 1.9315 (1.7718)  acc1: 0.7812 (0.6128)  acc5: 5.4688 (5.4132)  family_acc1: 43.3594 (44.5226)  manu_acc1: 56.2500 (61.2656)  time: 0.3845  data: 0.1720  max mem: 11378
Test:  [225/391]  eta: 0:01:07  sploss: 7.8944 (7.8663)  famloss: 2.6719 (2.6448)  manuloss: 1.9315 (1.7737)  acc1: 0.7812 (0.6136)  acc5: 5.4688 (5.4065)  family_acc1: 41.7969 (44.4811)  manu_acc1: 56.2500 (61.2192)  time: 0.3845  data: 0.1720  max mem: 11378
Test:  [226/391]  eta: 0:01:07  sploss: 7.8944 (7.8645)  famloss: 2.6719 (2.6446)  manuloss: 1.9533 (1.7746)  acc1: 0.7812 (0.6143)  acc5: 5.0781 (5.4051)  family_acc1: 41.4062 (44.4607)  manu_acc1: 55.8594 (61.1887)  time: 0.3234  data: 0.1106  max mem: 11378
Test:  [227/391]  eta: 0:01:06  sploss: 7.9101 (7.8662)  famloss: 2.6994 (2.6457)  manuloss: 1.9721 (1.7765)  acc1: 0.7812 (0.6116)  acc5: 4.6875 (5.3968)  family_acc1: 41.4062 (44.4439)  manu_acc1: 54.2969 (61.1311)  time: 0.3194  data: 0.1065  max mem: 11378
Test:  [228/391]  eta: 0:01:06  sploss: 7.9101 (7.8675)  famloss: 2.6994 (2.6475)  manuloss: 1.9721 (1.7774)  acc1: 0.7812 (0.6107)  acc5: 4.6875 (5.3869)  family_acc1: 41.4062 (44.4170)  manu_acc1: 54.2969 (61.0978)  time: 0.3418  data: 0.1288  max mem: 11378
Test:  [229/391]  eta: 0:01:05  sploss: 7.9299 (7.8681)  famloss: 2.6994 (2.6489)  manuloss: 1.9780 (1.7793)  acc1: 0.7812 (0.6165)  acc5: 4.6875 (5.3872)  family_acc1: 41.0156 (44.3869)  manu_acc1: 53.5156 (61.0479)  time: 0.3417  data: 0.1288  max mem: 11378
Test:  [230/391]  eta: 0:01:06  sploss: 7.9299 (7.8694)  famloss: 2.7672 (2.6509)  manuloss: 1.9820 (1.7819)  acc1: 0.7812 (0.6155)  acc5: 4.6875 (5.3757)  family_acc1: 40.6250 (44.3554)  manu_acc1: 51.5625 (60.9815)  time: 0.4249  data: 0.2121  max mem: 11378
Test:  [231/391]  eta: 0:01:05  sploss: 7.9347 (7.8706)  famloss: 2.8797 (2.6519)  manuloss: 2.0761 (1.7833)  acc1: 0.7812 (0.6129)  acc5: 4.6875 (5.3644)  family_acc1: 39.8438 (44.3292)  manu_acc1: 51.5625 (60.9409)  time: 0.4245  data: 0.2121  max mem: 11378
Test:  [232/391]  eta: 0:01:05  sploss: 8.0089 (7.8716)  famloss: 2.8797 (2.6524)  manuloss: 2.0647 (1.7845)  acc1: 0.7812 (0.6153)  acc5: 4.2969 (5.3564)  family_acc1: 39.8438 (44.3317)  manu_acc1: 51.5625 (60.9207)  time: 0.4244  data: 0.2121  max mem: 11378
Test:  [233/391]  eta: 0:01:04  sploss: 8.0899 (7.8729)  famloss: 2.8797 (2.6530)  manuloss: 2.1062 (1.7860)  acc1: 0.7812 (0.6177)  acc5: 4.2969 (5.3502)  family_acc1: 39.8438 (44.3126)  manu_acc1: 51.5625 (60.8774)  time: 0.4245  data: 0.2121  max mem: 11378
Test:  [234/391]  eta: 0:01:04  sploss: 8.0899 (7.8721)  famloss: 2.8797 (2.6528)  manuloss: 2.1062 (1.7862)  acc1: 0.7812 (0.6150)  acc5: 3.9062 (5.3424)  family_acc1: 39.8438 (44.3251)  manu_acc1: 51.5625 (60.8727)  time: 0.4246  data: 0.2121  max mem: 11378
Test:  [235/391]  eta: 0:01:03  sploss: 8.0899 (7.8704)  famloss: 2.8797 (2.6526)  manuloss: 2.1062 (1.7865)  acc1: 0.7812 (0.6141)  acc5: 3.9062 (5.3529)  family_acc1: 39.8438 (44.3293)  manu_acc1: 51.5625 (60.8581)  time: 0.4244  data: 0.2121  max mem: 11378
Test:  [236/391]  eta: 0:01:03  sploss: 8.0899 (7.8697)  famloss: 2.8797 (2.6531)  manuloss: 2.1062 (1.7871)  acc1: 0.7812 (0.6181)  acc5: 3.9062 (5.3501)  family_acc1: 39.8438 (44.3170)  manu_acc1: 51.5625 (60.8370)  time: 0.3930  data: 0.1822  max mem: 11378
Test:  [237/391]  eta: 0:01:02  sploss: 8.0899 (7.8684)  famloss: 2.8797 (2.6532)  manuloss: 2.1062 (1.7879)  acc1: 0.7812 (0.6188)  acc5: 3.9062 (5.3457)  family_acc1: 39.8438 (44.3212)  manu_acc1: 51.5625 (60.8128)  time: 0.3929  data: 0.1822  max mem: 11378
Test:  [238/391]  eta: 0:01:02  sploss: 8.0899 (7.8666)  famloss: 2.8797 (2.6534)  manuloss: 2.1062 (1.7880)  acc1: 0.7812 (0.6194)  acc5: 3.9062 (5.3511)  family_acc1: 39.8438 (44.3024)  manu_acc1: 51.5625 (60.7986)  time: 0.3204  data: 0.1100  max mem: 11378
Test:  [239/391]  eta: 0:01:01  sploss: 8.0089 (7.8656)  famloss: 2.8797 (2.6535)  manuloss: 2.1062 (1.7880)  acc1: 0.7812 (0.6234)  acc5: 4.2969 (5.3532)  family_acc1: 39.8438 (44.3034)  manu_acc1: 51.5625 (60.7829)  time: 0.3154  data: 0.1060  max mem: 11378
Test:  [240/391]  eta: 0:01:01  sploss: 7.9748 (7.8661)  famloss: 2.7920 (2.6536)  manuloss: 2.0647 (1.7881)  acc1: 0.7812 (0.6224)  acc5: 4.2969 (5.3520)  family_acc1: 39.8438 (44.2881)  manu_acc1: 51.5625 (60.7738)  time: 0.3325  data: 0.1228  max mem: 11378
Test:  [241/391]  eta: 0:01:00  sploss: 7.9101 (7.8652)  famloss: 2.7767 (2.6531)  manuloss: 1.9820 (1.7883)  acc1: 0.7812 (0.6231)  acc5: 4.6875 (5.3509)  family_acc1: 39.8438 (44.2907)  manu_acc1: 53.5156 (60.7664)  time: 0.3325  data: 0.1228  max mem: 11378
Test:  [242/391]  eta: 0:01:01  sploss: 7.8944 (7.8653)  famloss: 2.7599 (2.6531)  manuloss: 1.9780 (1.7889)  acc1: 0.7812 (0.6221)  acc5: 4.2969 (5.3450)  family_acc1: 39.8438 (44.2885)  manu_acc1: 54.2969 (60.7526)  time: 0.4294  data: 0.2184  max mem: 11378
Test:  [243/391]  eta: 0:01:00  sploss: 7.8918 (7.8653)  famloss: 2.7231 (2.6534)  manuloss: 1.9746 (1.7891)  acc1: 0.7812 (0.6212)  acc5: 4.2969 (5.3455)  family_acc1: 40.6250 (44.2927)  manu_acc1: 55.0781 (60.7406)  time: 0.4293  data: 0.2184  max mem: 11378
Test:  [244/391]  eta: 0:01:00  sploss: 7.8716 (7.8654)  famloss: 2.7231 (2.6538)  manuloss: 1.9505 (1.7898)  acc1: 0.3906 (0.6202)  acc5: 4.2969 (5.3460)  family_acc1: 40.6250 (44.2825)  manu_acc1: 55.8594 (60.7207)  time: 0.4293  data: 0.2184  max mem: 11378
Test:  [245/391]  eta: 0:00:59  sploss: 7.8680 (7.8651)  famloss: 2.7153 (2.6529)  manuloss: 1.9275 (1.7890)  acc1: 0.3906 (0.6177)  acc5: 4.6875 (5.3481)  family_acc1: 41.4062 (44.3153)  manu_acc1: 55.8594 (60.7454)  time: 0.4290  data: 0.2184  max mem: 11378
Test:  [246/391]  eta: 0:00:59  sploss: 7.8680 (7.8640)  famloss: 2.7153 (2.6526)  manuloss: 1.9259 (1.7884)  acc1: 0.3906 (0.6199)  acc5: 4.6875 (5.3660)  family_acc1: 41.7969 (44.3162)  manu_acc1: 56.2500 (60.7572)  time: 0.4287  data: 0.2184  max mem: 11378
Test:  [247/391]  eta: 0:00:58  sploss: 7.8680 (7.8644)  famloss: 2.6762 (2.6525)  manuloss: 1.8663 (1.7883)  acc1: 0.3906 (0.6206)  acc5: 4.6875 (5.3585)  family_acc1: 42.9688 (44.3107)  manu_acc1: 57.0312 (60.7469)  time: 0.4288  data: 0.2184  max mem: 11378
Test:  [248/391]  eta: 0:00:58  sploss: 7.8068 (7.8641)  famloss: 2.6762 (2.6530)  manuloss: 1.8663 (1.7893)  acc1: 0.7812 (0.6228)  acc5: 5.0781 (5.3652)  family_acc1: 42.9688 (44.2912)  manu_acc1: 57.0312 (60.7273)  time: 0.4064  data: 0.1961  max mem: 11378
Test:  [249/391]  eta: 0:00:57  sploss: 7.7945 (7.8635)  famloss: 2.6727 (2.6525)  manuloss: 1.8471 (1.7890)  acc1: 0.3906 (0.6219)  acc5: 5.0781 (5.3703)  family_acc1: 43.7500 (44.2922)  manu_acc1: 57.4219 (60.7313)  time: 0.4069  data: 0.1961  max mem: 11378
Test:  [250/391]  eta: 0:00:57  sploss: 7.7945 (7.8641)  famloss: 2.6658 (2.6517)  manuloss: 1.8397 (1.7886)  acc1: 0.3906 (0.6194)  acc5: 5.0781 (5.3676)  family_acc1: 44.5312 (44.3103)  manu_acc1: 57.4219 (60.7352)  time: 0.3238  data: 0.1128  max mem: 11378
Test:  [251/391]  eta: 0:00:56  sploss: 7.7654 (7.8637)  famloss: 2.6650 (2.6513)  manuloss: 1.8178 (1.7882)  acc1: 0.7812 (0.6200)  acc5: 5.0781 (5.3680)  family_acc1: 44.5312 (44.3096)  manu_acc1: 57.4219 (60.7406)  time: 0.3239  data: 0.1128  max mem: 11378
Test:  [252/391]  eta: 0:00:56  sploss: 7.7213 (7.8624)  famloss: 2.6339 (2.6501)  manuloss: 1.8075 (1.7871)  acc1: 0.3906 (0.6191)  acc5: 5.4688 (5.3746)  family_acc1: 44.5312 (44.3290)  manu_acc1: 57.8125 (60.7677)  time: 0.3270  data: 0.1159  max mem: 11378
Test:  [253/391]  eta: 0:00:55  sploss: 7.7056 (7.8616)  famloss: 2.6339 (2.6504)  manuloss: 1.8060 (1.7869)  acc1: 0.3906 (0.6167)  acc5: 5.4688 (5.3765)  family_acc1: 44.5312 (44.3083)  manu_acc1: 58.2031 (60.7668)  time: 0.3270  data: 0.1159  max mem: 11378
Test:  [254/391]  eta: 0:00:56  sploss: 7.7056 (7.8609)  famloss: 2.6339 (2.6499)  manuloss: 1.8027 (1.7868)  acc1: 0.3906 (0.6173)  acc5: 5.4688 (5.3753)  family_acc1: 44.1406 (44.2999)  manu_acc1: 58.2031 (60.7629)  time: 0.4368  data: 0.2217  max mem: 11378
Test:  [255/391]  eta: 0:00:55  sploss: 7.7213 (7.8607)  famloss: 2.6481 (2.6499)  manuloss: 1.7639 (1.7865)  acc1: 0.3906 (0.6165)  acc5: 5.4688 (5.3757)  family_acc1: 44.1406 (44.3008)  manu_acc1: 58.5938 (60.7788)  time: 0.4399  data: 0.2217  max mem: 11378
Test:  [256/391]  eta: 0:00:55  sploss: 7.7305 (7.8602)  famloss: 2.6339 (2.6496)  manuloss: 1.7612 (1.7862)  acc1: 0.3906 (0.6186)  acc5: 5.4688 (5.3806)  family_acc1: 44.5312 (44.3033)  manu_acc1: 58.9844 (60.7885)  time: 0.4413  data: 0.2217  max mem: 11378
Test:  [257/391]  eta: 0:00:54  sploss: 7.7305 (7.8595)  famloss: 2.5812 (2.6488)  manuloss: 1.7311 (1.7855)  acc1: 0.3906 (0.6177)  acc5: 5.4688 (5.3809)  family_acc1: 44.1406 (44.2951)  manu_acc1: 59.7656 (60.8073)  time: 0.4420  data: 0.2217  max mem: 11378
Test:  [258/391]  eta: 0:00:54  sploss: 7.7654 (7.8594)  famloss: 2.5812 (2.6490)  manuloss: 1.7311 (1.7855)  acc1: 0.3906 (0.6229)  acc5: 5.4688 (5.3828)  family_acc1: 44.5312 (44.2975)  manu_acc1: 60.1562 (60.8048)  time: 0.4421  data: 0.2217  max mem: 11378
Test:  [259/391]  eta: 0:00:53  sploss: 7.7862 (7.8591)  famloss: 2.5758 (2.6485)  manuloss: 1.7310 (1.7845)  acc1: 0.3906 (0.6235)  acc5: 5.4688 (5.3876)  family_acc1: 44.1406 (44.2954)  manu_acc1: 60.5469 (60.8218)  time: 0.4421  data: 0.2217  max mem: 11378
Test:  [260/391]  eta: 0:00:53  sploss: 7.7654 (7.8578)  famloss: 2.5758 (2.6484)  manuloss: 1.7208 (1.7839)  acc1: 0.3906 (0.6226)  acc5: 5.4688 (5.3984)  family_acc1: 44.1406 (44.2813)  manu_acc1: 61.7188 (60.8267)  time: 0.4248  data: 0.2049  max mem: 11378
Test:  [261/391]  eta: 0:00:52  sploss: 7.7654 (7.8571)  famloss: 2.5758 (2.6473)  manuloss: 1.7048 (1.7834)  acc1: 0.3906 (0.6232)  acc5: 5.8594 (5.4106)  family_acc1: 44.1406 (44.2927)  manu_acc1: 61.7188 (60.8346)  time: 0.4244  data: 0.2049  max mem: 11378
Test:  [262/391]  eta: 0:00:52  sploss: 7.7305 (7.8556)  famloss: 2.5476 (2.6462)  manuloss: 1.6879 (1.7821)  acc1: 0.3906 (0.6223)  acc5: 5.8594 (5.4197)  family_acc1: 44.5312 (44.3129)  manu_acc1: 62.1094 (60.8647)  time: 0.3280  data: 0.1093  max mem: 11378
Test:  [263/391]  eta: 0:00:51  sploss: 7.7213 (7.8543)  famloss: 2.5391 (2.6455)  manuloss: 1.6804 (1.7813)  acc1: 0.3906 (0.6214)  acc5: 5.8594 (5.4244)  family_acc1: 44.5312 (44.3300)  manu_acc1: 62.1094 (60.8798)  time: 0.3280  data: 0.1093  max mem: 11378
Test:  [264/391]  eta: 0:00:51  sploss: 7.7213 (7.8545)  famloss: 2.5239 (2.6448)  manuloss: 1.6804 (1.7815)  acc1: 0.3906 (0.6191)  acc5: 5.8594 (5.4245)  family_acc1: 44.5312 (44.3352)  manu_acc1: 62.1094 (60.8667)  time: 0.3280  data: 0.1093  max mem: 11378
Test:  [265/391]  eta: 0:00:50  sploss: 7.7213 (7.8541)  famloss: 2.5391 (2.6445)  manuloss: 1.6879 (1.7814)  acc1: 0.3906 (0.6182)  acc5: 6.2500 (5.4276)  family_acc1: 44.5312 (44.3462)  manu_acc1: 62.1094 (60.8611)  time: 0.3283  data: 0.1093  max mem: 11378
Test:  [266/391]  eta: 0:00:51  sploss: 7.7305 (7.8541)  famloss: 2.5391 (2.6448)  manuloss: 1.7048 (1.7815)  acc1: 0.3906 (0.6218)  acc5: 6.2500 (5.4307)  family_acc1: 44.5312 (44.3264)  manu_acc1: 61.7188 (60.8556)  time: 0.4328  data: 0.2130  max mem: 11378
Test:  [267/391]  eta: 0:00:50  sploss: 7.7213 (7.8532)  famloss: 2.5324 (2.6444)  manuloss: 1.6879 (1.7809)  acc1: 0.3906 (0.6209)  acc5: 6.2500 (5.4323)  family_acc1: 44.5312 (44.3199)  manu_acc1: 62.1094 (60.8675)  time: 0.4329  data: 0.2130  max mem: 11378
Test:  [268/391]  eta: 0:00:50  sploss: 7.7213 (7.8533)  famloss: 2.5239 (2.6434)  manuloss: 1.6804 (1.7801)  acc1: 0.3906 (0.6244)  acc5: 6.2500 (5.4368)  family_acc1: 44.5312 (44.3338)  manu_acc1: 62.1094 (60.8722)  time: 0.4331  data: 0.2130  max mem: 11378
Test:  [269/391]  eta: 0:00:49  sploss: 7.7305 (7.8530)  famloss: 2.5001 (2.6426)  manuloss: 1.6638 (1.7794)  acc1: 0.3906 (0.6236)  acc5: 5.8594 (5.4369)  family_acc1: 44.9219 (44.3374)  manu_acc1: 62.1094 (60.8738)  time: 0.4331  data: 0.2130  max mem: 11378
Test:  [270/391]  eta: 0:00:49  sploss: 7.7305 (7.8531)  famloss: 2.5001 (2.6420)  manuloss: 1.6408 (1.7784)  acc1: 0.3906 (0.6213)  acc5: 5.8594 (5.4327)  family_acc1: 44.9219 (44.3395)  manu_acc1: 62.1094 (60.8928)  time: 0.4331  data: 0.2130  max mem: 11378
Test:  [271/391]  eta: 0:00:48  sploss: 7.7305 (7.8527)  famloss: 2.5001 (2.6424)  manuloss: 1.6408 (1.7786)  acc1: 0.3906 (0.6218)  acc5: 6.2500 (5.4357)  family_acc1: 44.9219 (44.3288)  manu_acc1: 62.1094 (60.8815)  time: 0.4332  data: 0.2130  max mem: 11378
Test:  [272/391]  eta: 0:00:48  sploss: 7.7305 (7.8514)  famloss: 2.5001 (2.6404)  manuloss: 1.6408 (1.7779)  acc1: 0.3906 (0.6196)  acc5: 6.2500 (5.4430)  family_acc1: 44.9219 (44.3696)  manu_acc1: 62.1094 (60.8960)  time: 0.4303  data: 0.2099  max mem: 11378
Test:  [273/391]  eta: 0:00:47  sploss: 7.7329 (7.8510)  famloss: 2.4708 (2.6390)  manuloss: 1.6236 (1.7764)  acc1: 0.3906 (0.6202)  acc5: 6.2500 (5.4417)  family_acc1: 44.9219 (44.4001)  manu_acc1: 62.8906 (60.9346)  time: 0.4306  data: 0.2099  max mem: 11378
Test:  [274/391]  eta: 0:00:47  sploss: 7.7517 (7.8513)  famloss: 2.4708 (2.6388)  manuloss: 1.6236 (1.7767)  acc1: 0.3906 (0.6207)  acc5: 6.2500 (5.4389)  family_acc1: 44.9219 (44.3835)  manu_acc1: 62.8906 (60.9190)  time: 0.3208  data: 0.1041  max mem: 11378
Test:  [275/391]  eta: 0:00:46  sploss: 7.7517 (7.8512)  famloss: 2.4708 (2.6383)  manuloss: 1.5954 (1.7758)  acc1: 0.3906 (0.6199)  acc5: 6.2500 (5.4320)  family_acc1: 44.9219 (44.3869)  manu_acc1: 62.8906 (60.9347)  time: 0.3179  data: 0.1041  max mem: 11378
Test:  [276/391]  eta: 0:00:46  sploss: 7.7517 (7.8504)  famloss: 2.4644 (2.6377)  manuloss: 1.5954 (1.7753)  acc1: 0.3906 (0.6219)  acc5: 5.8594 (5.4335)  family_acc1: 44.9219 (44.3888)  manu_acc1: 62.8906 (60.9417)  time: 0.3168  data: 0.1041  max mem: 11378
Test:  [277/391]  eta: 0:00:45  sploss: 7.7517 (7.8487)  famloss: 2.4644 (2.6362)  manuloss: 1.5954 (1.7746)  acc1: 0.3906 (0.6197)  acc5: 6.2500 (5.4392)  family_acc1: 45.3125 (44.4287)  manu_acc1: 62.8906 (60.9558)  time: 0.3165  data: 0.1041  max mem: 11378
Test:  [278/391]  eta: 0:00:46  sploss: 7.7329 (7.8476)  famloss: 2.4644 (2.6358)  manuloss: 1.5954 (1.7742)  acc1: 0.3906 (0.6188)  acc5: 6.2500 (5.4435)  family_acc1: 45.3125 (44.4332)  manu_acc1: 62.8906 (60.9557)  time: 0.4246  data: 0.2097  max mem: 11378
Test:  [279/391]  eta: 0:00:45  sploss: 7.6783 (7.8465)  famloss: 2.4644 (2.6352)  manuloss: 1.6236 (1.7745)  acc1: 0.3906 (0.6180)  acc5: 6.2500 (5.4492)  family_acc1: 45.7031 (44.4434)  manu_acc1: 62.1094 (60.9515)  time: 0.4254  data: 0.2097  max mem: 11378
Test:  [280/391]  eta: 0:00:45  sploss: 7.6783 (7.8451)  famloss: 2.4608 (2.6337)  manuloss: 1.5954 (1.7737)  acc1: 0.3906 (0.6186)  acc5: 6.2500 (5.4576)  family_acc1: 45.7031 (44.4631)  manu_acc1: 62.8906 (60.9639)  time: 0.4254  data: 0.2097  max mem: 11378
Test:  [281/391]  eta: 0:00:44  sploss: 7.7329 (7.8452)  famloss: 2.4644 (2.6335)  manuloss: 1.5954 (1.7735)  acc1: 0.3906 (0.6192)  acc5: 6.2500 (5.4632)  family_acc1: 45.7031 (44.4661)  manu_acc1: 62.5000 (60.9694)  time: 0.4255  data: 0.2097  max mem: 11378
Test:  [282/391]  eta: 0:00:44  sploss: 7.7517 (7.8456)  famloss: 2.4663 (2.6337)  manuloss: 1.6236 (1.7732)  acc1: 0.3906 (0.6184)  acc5: 6.2500 (5.4646)  family_acc1: 45.3125 (44.4636)  manu_acc1: 62.5000 (60.9748)  time: 0.4252  data: 0.2097  max mem: 11378
Test:  [283/391]  eta: 0:00:43  sploss: 7.7607 (7.8459)  famloss: 2.4644 (2.6331)  manuloss: 1.6236 (1.7724)  acc1: 0.3906 (0.6162)  acc5: 5.8594 (5.4577)  family_acc1: 45.3125 (44.4817)  manu_acc1: 62.5000 (60.9980)  time: 0.4261  data: 0.2097  max mem: 11378
Test:  [284/391]  eta: 0:00:43  sploss: 7.7607 (7.8467)  famloss: 2.4663 (2.6328)  manuloss: 1.6236 (1.7720)  acc1: 0.3906 (0.6168)  acc5: 5.8594 (5.4523)  family_acc1: 45.3125 (44.4997)  manu_acc1: 62.5000 (60.9992)  time: 0.4260  data: 0.2097  max mem: 11378
Test:  [285/391]  eta: 0:00:42  sploss: 7.7897 (7.8469)  famloss: 2.4663 (2.6326)  manuloss: 1.6236 (1.7719)  acc1: 0.3906 (0.6174)  acc5: 5.8594 (5.4442)  family_acc1: 45.3125 (44.5121)  manu_acc1: 62.5000 (60.9949)  time: 0.4259  data: 0.2096  max mem: 11378
Test:  [286/391]  eta: 0:00:42  sploss: 7.7517 (7.8465)  famloss: 2.4644 (2.6311)  manuloss: 1.5954 (1.7709)  acc1: 0.3906 (0.6234)  acc5: 5.8594 (5.4551)  family_acc1: 45.7031 (44.5462)  manu_acc1: 62.5000 (61.0164)  time: 0.3214  data: 0.1060  max mem: 11378
Test:  [287/391]  eta: 0:00:41  sploss: 7.7517 (7.8459)  famloss: 2.4644 (2.6307)  manuloss: 1.5954 (1.7708)  acc1: 0.3906 (0.6226)  acc5: 5.8594 (5.4443)  family_acc1: 46.8750 (44.5543)  manu_acc1: 62.5000 (61.0189)  time: 0.3209  data: 0.1060  max mem: 11378
Test:  [288/391]  eta: 0:00:41  sploss: 7.7341 (7.8447)  famloss: 2.4663 (2.6302)  manuloss: 1.6401 (1.7707)  acc1: 0.3906 (0.6218)  acc5: 5.8594 (5.4458)  family_acc1: 45.7031 (44.5556)  manu_acc1: 62.5000 (61.0240)  time: 0.3208  data: 0.1060  max mem: 11378
Test:  [289/391]  eta: 0:00:41  sploss: 7.7329 (7.8436)  famloss: 2.4663 (2.6286)  manuloss: 1.6401 (1.7692)  acc1: 0.3906 (0.6223)  acc5: 5.8594 (5.4499)  family_acc1: 46.8750 (44.5959)  manu_acc1: 62.5000 (61.0560)  time: 0.3207  data: 0.1060  max mem: 11378
Test:  [290/391]  eta: 0:00:41  sploss: 7.6838 (7.8431)  famloss: 2.4663 (2.6277)  manuloss: 1.6401 (1.7683)  acc1: 0.7812 (0.6229)  acc5: 5.8594 (5.4486)  family_acc1: 47.2656 (44.6118)  manu_acc1: 62.5000 (61.0717)  time: 0.4339  data: 0.2176  max mem: 11378
Test:  [291/391]  eta: 0:00:40  sploss: 7.6630 (7.8422)  famloss: 2.4608 (2.6269)  manuloss: 1.6151 (1.7678)  acc1: 0.7812 (0.6247)  acc5: 5.8594 (5.4527)  family_acc1: 47.2656 (44.6182)  manu_acc1: 62.8906 (61.0780)  time: 0.4338  data: 0.2176  max mem: 11378
Test:  [292/391]  eta: 0:00:40  sploss: 7.6630 (7.8395)  famloss: 2.4608 (2.6255)  manuloss: 1.6151 (1.7668)  acc1: 0.7812 (0.6253)  acc5: 5.8594 (5.4568)  family_acc1: 47.2656 (44.6392)  manu_acc1: 62.8906 (61.0988)  time: 0.4335  data: 0.2176  max mem: 11378
Test:  [293/391]  eta: 0:00:39  sploss: 7.6630 (7.8401)  famloss: 2.4663 (2.6252)  manuloss: 1.6181 (1.7663)  acc1: 0.7812 (0.6258)  acc5: 5.8594 (5.4608)  family_acc1: 47.2656 (44.6561)  manu_acc1: 62.8906 (61.1062)  time: 0.4330  data: 0.2176  max mem: 11378
Test:  [294/391]  eta: 0:00:39  sploss: 7.6238 (7.8390)  famloss: 2.4608 (2.6242)  manuloss: 1.6151 (1.7651)  acc1: 0.7812 (0.6250)  acc5: 5.8594 (5.4608)  family_acc1: 48.0469 (44.6822)  manu_acc1: 62.8906 (61.1308)  time: 0.4327  data: 0.2176  max mem: 11378
Test:  [295/391]  eta: 0:00:38  sploss: 7.6238 (7.8391)  famloss: 2.4393 (2.6232)  manuloss: 1.6151 (1.7644)  acc1: 0.7812 (0.6242)  acc5: 5.8594 (5.4556)  family_acc1: 49.2188 (44.7107)  manu_acc1: 62.8906 (61.1552)  time: 0.4334  data: 0.2176  max mem: 11378
Test:  [296/391]  eta: 0:00:38  sploss: 7.6630 (7.8386)  famloss: 2.4111 (2.6224)  manuloss: 1.6151 (1.7640)  acc1: 0.3906 (0.6234)  acc5: 6.6406 (5.4595)  family_acc1: 49.6094 (44.7285)  manu_acc1: 63.2812 (61.1650)  time: 0.4333  data: 0.2176  max mem: 11378
Test:  [297/391]  eta: 0:00:38  sploss: 7.6630 (7.8378)  famloss: 2.4111 (2.6212)  manuloss: 1.6151 (1.7624)  acc1: 0.3906 (0.6226)  acc5: 6.6406 (5.4661)  family_acc1: 49.6094 (44.7449)  manu_acc1: 63.2812 (61.2049)  time: 0.4331  data: 0.2176  max mem: 11378
Test:  [298/391]  eta: 0:00:37  sploss: 7.6663 (7.8372)  famloss: 2.3934 (2.6204)  manuloss: 1.5525 (1.7617)  acc1: 0.7812 (0.6232)  acc5: 6.2500 (5.4688)  family_acc1: 49.6094 (44.7533)  manu_acc1: 64.0625 (61.2145)  time: 0.3250  data: 0.1120  max mem: 11378
Test:  [299/391]  eta: 0:00:37  sploss: 7.6663 (7.8360)  famloss: 2.3783 (2.6191)  manuloss: 1.5516 (1.7609)  acc1: 0.7812 (0.6250)  acc5: 6.2500 (5.4740)  family_acc1: 49.6094 (44.7799)  manu_acc1: 64.0625 (61.2214)  time: 0.3242  data: 0.1120  max mem: 11378
Test:  [300/391]  eta: 0:00:36  sploss: 7.6749 (7.8366)  famloss: 2.3934 (2.6187)  manuloss: 1.5328 (1.7599)  acc1: 0.7812 (0.6229)  acc5: 5.8594 (5.4688)  family_acc1: 49.6094 (44.7895)  manu_acc1: 64.0625 (61.2399)  time: 0.3255  data: 0.1120  max mem: 11378
Test:  [301/391]  eta: 0:00:36  sploss: 7.6663 (7.8351)  famloss: 2.3783 (2.6171)  manuloss: 1.5311 (1.7590)  acc1: 0.7812 (0.6247)  acc5: 5.8594 (5.4739)  family_acc1: 49.6094 (44.8171)  manu_acc1: 64.0625 (61.2712)  time: 0.3255  data: 0.1120  max mem: 11378
Test:  [302/391]  eta: 0:00:36  sploss: 7.6630 (7.8345)  famloss: 2.3614 (2.6159)  manuloss: 1.5188 (1.7579)  acc1: 0.7812 (0.6227)  acc5: 6.2500 (5.4778)  family_acc1: 49.6094 (44.8265)  manu_acc1: 65.6250 (61.2959)  time: 0.4324  data: 0.2185  max mem: 11378
Test:  [303/391]  eta: 0:00:35  sploss: 7.6630 (7.8349)  famloss: 2.3614 (2.6153)  manuloss: 1.5057 (1.7571)  acc1: 0.7812 (0.6219)  acc5: 6.2500 (5.4790)  family_acc1: 49.6094 (44.8409)  manu_acc1: 65.6250 (61.3127)  time: 0.4318  data: 0.2185  max mem: 11378
Test:  [304/391]  eta: 0:00:35  sploss: 7.6630 (7.8347)  famloss: 2.3343 (2.6140)  manuloss: 1.5021 (1.7556)  acc1: 0.3906 (0.6199)  acc5: 6.2500 (5.4752)  family_acc1: 49.6094 (44.8745)  manu_acc1: 66.4062 (61.3409)  time: 0.4320  data: 0.2185  max mem: 11378
Test:  [305/391]  eta: 0:00:34  sploss: 7.6630 (7.8347)  famloss: 2.3343 (2.6131)  manuloss: 1.5021 (1.7549)  acc1: 0.3906 (0.6217)  acc5: 6.2500 (5.4764)  family_acc1: 49.6094 (44.8938)  manu_acc1: 66.4062 (61.3511)  time: 0.4322  data: 0.2185  max mem: 11378
Test:  [306/391]  eta: 0:00:34  sploss: 7.6630 (7.8347)  famloss: 2.3473 (2.6127)  manuloss: 1.5057 (1.7545)  acc1: 0.3906 (0.6209)  acc5: 5.8594 (5.4777)  family_acc1: 49.6094 (44.9028)  manu_acc1: 65.6250 (61.3523)  time: 0.4323  data: 0.2185  max mem: 11378
Test:  [307/391]  eta: 0:00:34  sploss: 7.6663 (7.8344)  famloss: 2.3343 (2.6113)  manuloss: 1.5021 (1.7535)  acc1: 0.3906 (0.6189)  acc5: 6.2500 (5.4802)  family_acc1: 49.6094 (44.9308)  manu_acc1: 66.4062 (61.3700)  time: 0.4325  data: 0.2185  max mem: 11378
Test:  [308/391]  eta: 0:00:33  sploss: 7.6663 (7.8338)  famloss: 2.3343 (2.6111)  manuloss: 1.5021 (1.7535)  acc1: 0.3906 (0.6220)  acc5: 6.2500 (5.4877)  family_acc1: 49.6094 (44.9396)  manu_acc1: 66.4062 (61.3711)  time: 0.4324  data: 0.2185  max mem: 11378
Test:  [309/391]  eta: 0:00:33  sploss: 7.6749 (7.8339)  famloss: 2.3473 (2.6108)  manuloss: 1.5057 (1.7530)  acc1: 0.3906 (0.6212)  acc5: 6.2500 (5.4851)  family_acc1: 49.6094 (44.9383)  manu_acc1: 65.6250 (61.3773)  time: 0.4321  data: 0.2185  max mem: 11378
Test:  [310/391]  eta: 0:00:32  sploss: 7.6749 (7.8336)  famloss: 2.3473 (2.6105)  manuloss: 1.5057 (1.7524)  acc1: 0.3906 (0.6205)  acc5: 6.2500 (5.4763)  family_acc1: 49.6094 (44.9470)  manu_acc1: 64.4531 (61.3821)  time: 0.3187  data: 0.1068  max mem: 11378
Test:  [311/391]  eta: 0:00:32  sploss: 7.7424 (7.8335)  famloss: 2.3473 (2.6098)  manuloss: 1.5057 (1.7517)  acc1: 0.3906 (0.6210)  acc5: 5.8594 (5.4763)  family_acc1: 49.6094 (44.9619)  manu_acc1: 65.6250 (61.3957)  time: 0.3187  data: 0.1069  max mem: 11378
Test:  [312/391]  eta: 0:00:31  sploss: 7.7453 (7.8336)  famloss: 2.3783 (2.6096)  manuloss: 1.5057 (1.7507)  acc1: 0.3906 (0.6228)  acc5: 5.8594 (5.4825)  family_acc1: 49.6094 (44.9730)  manu_acc1: 65.6250 (61.4142)  time: 0.3186  data: 0.1069  max mem: 11378
Test:  [313/391]  eta: 0:00:31  sploss: 7.7453 (7.8335)  famloss: 2.3783 (2.6090)  manuloss: 1.5057 (1.7503)  acc1: 0.3906 (0.6220)  acc5: 5.8594 (5.4812)  family_acc1: 49.2188 (44.9716)  manu_acc1: 66.4062 (61.4301)  time: 0.3188  data: 0.1069  max mem: 11378
Test:  [314/391]  eta: 0:00:31  sploss: 7.7453 (7.8330)  famloss: 2.3785 (2.6083)  manuloss: 1.5328 (1.7496)  acc1: 0.3906 (0.6225)  acc5: 5.8594 (5.4799)  family_acc1: 48.4375 (44.9752)  manu_acc1: 65.6250 (61.4410)  time: 0.4285  data: 0.2134  max mem: 11378
Test:  [315/391]  eta: 0:00:30  sploss: 7.7424 (7.8321)  famloss: 2.3934 (2.6079)  manuloss: 1.5333 (1.7494)  acc1: 0.3906 (0.6230)  acc5: 5.8594 (5.4823)  family_acc1: 47.6562 (44.9763)  manu_acc1: 64.8438 (61.4369)  time: 0.4287  data: 0.2134  max mem: 11378
Test:  [316/391]  eta: 0:00:30  sploss: 7.7424 (7.8316)  famloss: 2.4145 (2.6074)  manuloss: 1.5057 (1.7486)  acc1: 0.3906 (0.6248)  acc5: 5.8594 (5.4872)  family_acc1: 47.6562 (44.9810)  manu_acc1: 64.8438 (61.4452)  time: 0.4291  data: 0.2135  max mem: 11378
Test:  [317/391]  eta: 0:00:30  sploss: 7.7453 (7.8318)  famloss: 2.4270 (2.6070)  manuloss: 1.5057 (1.7478)  acc1: 0.3906 (0.6228)  acc5: 5.8594 (5.4810)  family_acc1: 47.6562 (44.9808)  manu_acc1: 64.8438 (61.4620)  time: 0.4292  data: 0.2135  max mem: 11378
Test:  [318/391]  eta: 0:00:29  sploss: 7.7714 (7.8319)  famloss: 2.4311 (2.6067)  manuloss: 1.5057 (1.7474)  acc1: 0.3906 (0.6208)  acc5: 5.8594 (5.4724)  family_acc1: 47.6562 (44.9831)  manu_acc1: 64.8438 (61.4677)  time: 0.4292  data: 0.2135  max mem: 11378
Test:  [319/391]  eta: 0:00:29  sploss: 7.7814 (7.8325)  famloss: 2.4471 (2.6062)  manuloss: 1.5333 (1.7472)  acc1: 0.3906 (0.6201)  acc5: 5.8594 (5.4761)  family_acc1: 47.6562 (44.9866)  manu_acc1: 64.8438 (61.4636)  time: 0.4293  data: 0.2135  max mem: 11378
Test:  [320/391]  eta: 0:00:28  sploss: 7.7814 (7.8327)  famloss: 2.4311 (2.6054)  manuloss: 1.5350 (1.7469)  acc1: 0.3906 (0.6194)  acc5: 5.8594 (5.4785)  family_acc1: 47.6562 (45.0046)  manu_acc1: 64.4531 (61.4681)  time: 0.4279  data: 0.2135  max mem: 11378
Test:  [321/391]  eta: 0:00:28  sploss: 7.7814 (7.8320)  famloss: 2.4471 (2.6049)  manuloss: 1.5359 (1.7462)  acc1: 0.3906 (0.6175)  acc5: 5.8594 (5.4833)  family_acc1: 47.6562 (45.0116)  manu_acc1: 64.4531 (61.4822)  time: 0.4276  data: 0.2135  max mem: 11378
Test:  [322/391]  eta: 0:00:27  sploss: 7.7814 (7.8318)  famloss: 2.4517 (2.6047)  manuloss: 1.5430 (1.7461)  acc1: 0.3906 (0.6204)  acc5: 5.8594 (5.4857)  family_acc1: 47.2656 (45.0186)  manu_acc1: 64.0625 (61.4890)  time: 0.3206  data: 0.1070  max mem: 11378
Test:  [323/391]  eta: 0:00:27  sploss: 7.7714 (7.8314)  famloss: 2.4692 (2.6042)  manuloss: 1.5514 (1.7456)  acc1: 0.3906 (0.6185)  acc5: 5.8594 (5.4880)  family_acc1: 47.2656 (45.0268)  manu_acc1: 63.6719 (61.4957)  time: 0.3206  data: 0.1069  max mem: 11378
Test:  [324/391]  eta: 0:00:26  sploss: 7.7711 (7.8309)  famloss: 2.4692 (2.6035)  manuloss: 1.5514 (1.7450)  acc1: 0.3906 (0.6178)  acc5: 5.8594 (5.4844)  family_acc1: 47.2656 (45.0300)  manu_acc1: 63.6719 (61.5096)  time: 0.3311  data: 0.1069  max mem: 11378
Test:  [325/391]  eta: 0:00:26  sploss: 7.7711 (7.8310)  famloss: 2.4692 (2.6028)  manuloss: 1.5949 (1.7448)  acc1: 0.3906 (0.6183)  acc5: 5.8594 (5.4855)  family_acc1: 47.2656 (45.0453)  manu_acc1: 63.6719 (61.5115)  time: 0.3309  data: 0.1070  max mem: 11378
Test:  [326/391]  eta: 0:00:26  sploss: 7.7711 (7.8318)  famloss: 2.4692 (2.6035)  manuloss: 1.5949 (1.7447)  acc1: 0.3906 (0.6188)  acc5: 5.8594 (5.4831)  family_acc1: 46.4844 (45.0306)  manu_acc1: 63.6719 (61.5181)  time: 0.4222  data: 0.1977  max mem: 11378
Test:  [327/391]  eta: 0:00:26  sploss: 7.7711 (7.8314)  famloss: 2.4692 (2.6026)  manuloss: 1.5992 (1.7446)  acc1: 0.3906 (0.6169)  acc5: 5.8594 (5.4842)  family_acc1: 46.4844 (45.0374)  manu_acc1: 63.6719 (61.5151)  time: 0.4248  data: 0.1977  max mem: 11378
Test:  [328/391]  eta: 0:00:25  sploss: 7.7711 (7.8304)  famloss: 2.4692 (2.6024)  manuloss: 1.5992 (1.7444)  acc1: 0.3906 (0.6174)  acc5: 5.8594 (5.4877)  family_acc1: 46.4844 (45.0537)  manu_acc1: 63.6719 (61.5205)  time: 0.4258  data: 0.1977  max mem: 11378
Test:  [329/391]  eta: 0:00:25  sploss: 7.7711 (7.8305)  famloss: 2.4517 (2.6018)  manuloss: 1.6220 (1.7443)  acc1: 0.3906 (0.6167)  acc5: 5.8594 (5.4830)  family_acc1: 47.2656 (45.0663)  manu_acc1: 63.6719 (61.5246)  time: 0.4263  data: 0.1977  max mem: 11378
Test:  [330/391]  eta: 0:00:24  sploss: 7.7711 (7.8303)  famloss: 2.4517 (2.6016)  manuloss: 1.6258 (1.7446)  acc1: 0.3906 (0.6172)  acc5: 5.8594 (5.4841)  family_acc1: 46.4844 (45.0706)  manu_acc1: 63.6719 (61.5217)  time: 0.4264  data: 0.1977  max mem: 11378
Test:  [331/391]  eta: 0:00:24  sploss: 7.7711 (7.8310)  famloss: 2.4692 (2.6018)  manuloss: 1.6424 (1.7446)  acc1: 0.3906 (0.6189)  acc5: 5.8594 (5.4840)  family_acc1: 46.4844 (45.0666)  manu_acc1: 63.2812 (61.5164)  time: 0.4265  data: 0.1977  max mem: 11378
Test:  [332/391]  eta: 0:00:23  sploss: 7.7711 (7.8308)  famloss: 2.4692 (2.6017)  manuloss: 1.6758 (1.7445)  acc1: 0.3906 (0.6205)  acc5: 5.8594 (5.4828)  family_acc1: 46.4844 (45.0720)  manu_acc1: 63.2812 (61.5193)  time: 0.4269  data: 0.1977  max mem: 11378
Test:  [333/391]  eta: 0:00:23  sploss: 7.7711 (7.8311)  famloss: 2.4701 (2.6023)  manuloss: 1.6843 (1.7445)  acc1: 0.3906 (0.6199)  acc5: 5.8594 (5.4840)  family_acc1: 46.4844 (45.0716)  manu_acc1: 63.2812 (61.5258)  time: 0.4267  data: 0.1977  max mem: 11378
Test:  [334/391]  eta: 0:00:22  sploss: 7.7911 (7.8322)  famloss: 2.4712 (2.6034)  manuloss: 1.6893 (1.7452)  acc1: 0.3906 (0.6192)  acc5: 5.8594 (5.4827)  family_acc1: 46.4844 (45.0560)  manu_acc1: 62.8906 (61.5135)  time: 0.3172  data: 0.0911  max mem: 11378
Test:  [335/391]  eta: 0:00:22  sploss: 7.8472 (7.8326)  famloss: 2.4850 (2.6040)  manuloss: 1.6905 (1.7459)  acc1: 0.3906 (0.6185)  acc5: 5.8594 (5.4897)  family_acc1: 46.4844 (45.0474)  manu_acc1: 62.8906 (61.4990)  time: 0.3163  data: 0.0911  max mem: 11378
Test:  [336/391]  eta: 0:00:22  sploss: 7.8472 (7.8323)  famloss: 2.5074 (2.6042)  manuloss: 1.7027 (1.7463)  acc1: 0.3906 (0.6167)  acc5: 5.8594 (5.4943)  family_acc1: 46.4844 (45.0610)  manu_acc1: 62.8906 (61.4962)  time: 0.3163  data: 0.0911  max mem: 11378
Test:  [337/391]  eta: 0:00:21  sploss: 7.8472 (7.8334)  famloss: 2.5114 (2.6051)  manuloss: 1.7061 (1.7473)  acc1: 0.3906 (0.6183)  acc5: 5.8594 (5.4872)  family_acc1: 46.4844 (45.0409)  manu_acc1: 62.5000 (61.4587)  time: 0.3166  data: 0.0911  max mem: 11378
Test:  [338/391]  eta: 0:00:21  sploss: 7.8472 (7.8336)  famloss: 2.5304 (2.6053)  manuloss: 1.7061 (1.7471)  acc1: 0.3906 (0.6199)  acc5: 5.8594 (5.4872)  family_acc1: 46.4844 (45.0371)  manu_acc1: 62.1094 (61.4606)  time: 0.4171  data: 0.1904  max mem: 11378
Test:  [339/391]  eta: 0:00:21  sploss: 7.7911 (7.8334)  famloss: 2.5330 (2.6055)  manuloss: 1.7092 (1.7472)  acc1: 0.3906 (0.6239)  acc5: 5.8594 (5.4929)  family_acc1: 46.4844 (45.0310)  manu_acc1: 62.1094 (61.4534)  time: 0.4183  data: 0.1904  max mem: 11378
Test:  [340/391]  eta: 0:00:20  sploss: 7.7911 (7.8333)  famloss: 2.5534 (2.6059)  manuloss: 1.7092 (1.7471)  acc1: 0.3906 (0.6220)  acc5: 5.8594 (5.4928)  family_acc1: 46.0938 (45.0250)  manu_acc1: 62.1094 (61.4587)  time: 0.4203  data: 0.1904  max mem: 11378
Test:  [341/391]  eta: 0:00:20  sploss: 7.8183 (7.8339)  famloss: 2.5534 (2.6056)  manuloss: 1.7092 (1.7467)  acc1: 0.3906 (0.6202)  acc5: 5.4688 (5.4905)  family_acc1: 46.0938 (45.0350)  manu_acc1: 62.1094 (61.4675)  time: 0.4223  data: 0.1904  max mem: 11378
Test:  [342/391]  eta: 0:00:19  sploss: 7.8472 (7.8348)  famloss: 2.5534 (2.6052)  manuloss: 1.7092 (1.7459)  acc1: 0.3906 (0.6184)  acc5: 5.4688 (5.4858)  family_acc1: 46.0938 (45.0415)  manu_acc1: 62.1094 (61.4830)  time: 0.4258  data: 0.1904  max mem: 11378
Test:  [343/391]  eta: 0:00:19  sploss: 7.8472 (7.8342)  famloss: 2.5534 (2.6050)  manuloss: 1.7092 (1.7456)  acc1: 0.3906 (0.6211)  acc5: 5.4688 (5.4881)  family_acc1: 46.0938 (45.0445)  manu_acc1: 62.1094 (61.4950)  time: 0.4256  data: 0.1904  max mem: 11378
Test:  [344/391]  eta: 0:00:18  sploss: 7.8472 (7.8341)  famloss: 2.5534 (2.6047)  manuloss: 1.7092 (1.7453)  acc1: 0.3906 (0.6193)  acc5: 5.4688 (5.4823)  family_acc1: 46.0938 (45.0510)  manu_acc1: 62.1094 (61.5002)  time: 0.4151  data: 0.1904  max mem: 11378
Test:  [345/391]  eta: 0:00:18  sploss: 7.8855 (7.8342)  famloss: 2.6517 (2.6052)  manuloss: 1.7092 (1.7451)  acc1: 0.3906 (0.6198)  acc5: 5.4688 (5.4789)  family_acc1: 44.9219 (45.0370)  manu_acc1: 62.5000 (61.5076)  time: 0.4150  data: 0.1904  max mem: 11378
Test:  [346/391]  eta: 0:00:18  sploss: 7.8183 (7.8331)  famloss: 2.5534 (2.6041)  manuloss: 1.7061 (1.7437)  acc1: 0.3906 (0.6191)  acc5: 5.4688 (5.4823)  family_acc1: 46.0938 (45.0581)  manu_acc1: 62.5000 (61.5443)  time: 0.3237  data: 0.0996  max mem: 11378
Test:  [347/391]  eta: 0:00:17  sploss: 7.8183 (7.8327)  famloss: 2.5534 (2.6033)  manuloss: 1.6990 (1.7425)  acc1: 0.3906 (0.6185)  acc5: 5.4688 (5.4800)  family_acc1: 46.0938 (45.0779)  manu_acc1: 62.8906 (61.5796)  time: 0.3211  data: 0.0996  max mem: 11378
Test:  [348/391]  eta: 0:00:17  sploss: 7.8183 (7.8319)  famloss: 2.5983 (2.6033)  manuloss: 1.6990 (1.7420)  acc1: 0.3906 (0.6178)  acc5: 5.0781 (5.4732)  family_acc1: 46.0938 (45.0808)  manu_acc1: 62.8906 (61.5967)  time: 0.3202  data: 0.0996  max mem: 11378
Test:  [349/391]  eta: 0:00:16  sploss: 7.7911 (7.8312)  famloss: 2.5983 (2.6024)  manuloss: 1.6863 (1.7410)  acc1: 0.3906 (0.6194)  acc5: 5.4688 (5.4766)  family_acc1: 46.0938 (45.0871)  manu_acc1: 63.2812 (61.6250)  time: 0.3198  data: 0.0996  max mem: 11378
Test:  [350/391]  eta: 0:00:16  sploss: 7.7911 (7.8301)  famloss: 2.5983 (2.6019)  manuloss: 1.6534 (1.7405)  acc1: 0.3906 (0.6210)  acc5: 5.4688 (5.4854)  family_acc1: 46.0938 (45.0977)  manu_acc1: 63.2812 (61.6408)  time: 0.4249  data: 0.2037  max mem: 11378
Test:  [351/391]  eta: 0:00:16  sploss: 7.7855 (7.8298)  famloss: 2.5808 (2.6018)  manuloss: 1.6476 (1.7399)  acc1: 0.3906 (0.6237)  acc5: 5.4688 (5.4909)  family_acc1: 46.0938 (45.0939)  manu_acc1: 63.6719 (61.6566)  time: 0.4256  data: 0.2037  max mem: 11378
Test:  [352/391]  eta: 0:00:15  sploss: 7.7855 (7.8298)  famloss: 2.5808 (2.6016)  manuloss: 1.6461 (1.7394)  acc1: 0.3906 (0.6241)  acc5: 5.4688 (5.4898)  family_acc1: 46.0938 (45.0989)  manu_acc1: 64.0625 (61.6667)  time: 0.4261  data: 0.2037  max mem: 11378
Test:  [353/391]  eta: 0:00:15  sploss: 7.7764 (7.8296)  famloss: 2.5410 (2.6007)  manuloss: 1.6247 (1.7385)  acc1: 0.3906 (0.6235)  acc5: 5.4688 (5.4908)  family_acc1: 46.0938 (45.1139)  manu_acc1: 64.4531 (61.6867)  time: 0.4261  data: 0.2037  max mem: 11378
Test:  [354/391]  eta: 0:00:14  sploss: 7.7509 (7.8293)  famloss: 2.5410 (2.6008)  manuloss: 1.5647 (1.7378)  acc1: 0.3906 (0.6228)  acc5: 5.4688 (5.4908)  family_acc1: 46.0938 (45.1078)  manu_acc1: 65.2344 (61.7088)  time: 0.4261  data: 0.2037  max mem: 11378
Test:  [355/391]  eta: 0:00:14  sploss: 7.7309 (7.8290)  famloss: 2.5351 (2.6000)  manuloss: 1.5623 (1.7368)  acc1: 0.3906 (0.6221)  acc5: 5.4688 (5.4896)  family_acc1: 46.8750 (45.1271)  manu_acc1: 65.6250 (61.7341)  time: 0.4258  data: 0.2037  max mem: 11378
Test:  [356/391]  eta: 0:00:14  sploss: 7.7231 (7.8281)  famloss: 2.5093 (2.5992)  manuloss: 1.5539 (1.7361)  acc1: 0.3906 (0.6237)  acc5: 5.4688 (5.4928)  family_acc1: 46.8750 (45.1385)  manu_acc1: 66.7969 (61.7483)  time: 0.4256  data: 0.2037  max mem: 11378
Test:  [357/391]  eta: 0:00:13  sploss: 7.7179 (7.8273)  famloss: 2.4986 (2.5986)  manuloss: 1.5341 (1.7355)  acc1: 0.3906 (0.6230)  acc5: 5.4688 (5.4906)  family_acc1: 47.2656 (45.1488)  manu_acc1: 66.7969 (61.7657)  time: 0.4250  data: 0.2037  max mem: 11378
Test:  [358/391]  eta: 0:00:13  sploss: 7.7179 (7.8277)  famloss: 2.4986 (2.5984)  manuloss: 1.5243 (1.7349)  acc1: 0.3906 (0.6235)  acc5: 5.4688 (5.4970)  family_acc1: 47.2656 (45.1569)  manu_acc1: 67.1875 (61.7808)  time: 0.3244  data: 0.1045  max mem: 11378
Test:  [359/391]  eta: 0:00:12  sploss: 7.7020 (7.8261)  famloss: 2.4720 (2.5972)  manuloss: 1.5217 (1.7339)  acc1: 0.3906 (0.6217)  acc5: 5.4688 (5.5002)  family_acc1: 47.2656 (45.1812)  manu_acc1: 67.1875 (61.8066)  time: 0.3235  data: 0.1045  max mem: 11378
Test:  [360/391]  eta: 0:00:12  sploss: 7.7020 (7.8268)  famloss: 2.4720 (2.5969)  manuloss: 1.5086 (1.7331)  acc1: 0.3906 (0.6200)  acc5: 5.0781 (5.4947)  family_acc1: 47.2656 (45.1859)  manu_acc1: 67.1875 (61.8259)  time: 0.3218  data: 0.1045  max mem: 11378
Test:  [361/391]  eta: 0:00:12  sploss: 7.6935 (7.8257)  famloss: 2.4367 (2.5956)  manuloss: 1.4985 (1.7322)  acc1: 0.3906 (0.6194)  acc5: 5.4688 (5.4968)  family_acc1: 47.2656 (45.2165)  manu_acc1: 67.5781 (61.8504)  time: 0.3199  data: 0.1045  max mem: 11378
Test:  [362/391]  eta: 0:00:11  sploss: 7.6259 (7.8242)  famloss: 2.3682 (2.5946)  manuloss: 1.4985 (1.7313)  acc1: 0.3906 (0.6198)  acc5: 5.8594 (5.4978)  family_acc1: 48.0469 (45.2339)  manu_acc1: 67.9688 (61.8737)  time: 0.4145  data: 0.2016  max mem: 11378
Test:  [363/391]  eta: 0:00:11  sploss: 7.6935 (7.8242)  famloss: 2.3682 (2.5948)  manuloss: 1.4985 (1.7308)  acc1: 0.3906 (0.6192)  acc5: 5.8594 (5.5009)  family_acc1: 48.0469 (45.2342)  manu_acc1: 68.7500 (61.8926)  time: 0.4149  data: 0.2016  max mem: 11378
Test:  [364/391]  eta: 0:00:10  sploss: 7.6935 (7.8241)  famloss: 2.3682 (2.5945)  manuloss: 1.4985 (1.7303)  acc1: 0.3906 (0.6196)  acc5: 5.8594 (5.4998)  family_acc1: 48.0469 (45.2365)  manu_acc1: 68.7500 (61.9007)  time: 0.4149  data: 0.2016  max mem: 11378
Test:  [365/391]  eta: 0:00:10  sploss: 7.5758 (7.8233)  famloss: 2.3276 (2.5933)  manuloss: 1.4305 (1.7295)  acc1: 0.3906 (0.6222)  acc5: 5.8594 (5.5029)  family_acc1: 48.8281 (45.2645)  manu_acc1: 68.7500 (61.9237)  time: 0.4150  data: 0.2016  max mem: 11378
Test:  [366/391]  eta: 0:00:10  sploss: 7.6935 (7.8232)  famloss: 2.3682 (2.5928)  manuloss: 1.4420 (1.7287)  acc1: 0.3906 (0.6227)  acc5: 5.8594 (5.5071)  family_acc1: 48.8281 (45.2816)  manu_acc1: 68.7500 (61.9433)  time: 0.4148  data: 0.2016  max mem: 11378
Test:  [367/391]  eta: 0:00:09  sploss: 7.5758 (7.8225)  famloss: 2.3682 (2.5920)  manuloss: 1.4420 (1.7276)  acc1: 0.7812 (0.6263)  acc5: 5.8594 (5.5070)  family_acc1: 48.8281 (45.2976)  manu_acc1: 68.7500 (61.9703)  time: 0.4146  data: 0.2016  max mem: 11378
Test:  [368/391]  eta: 0:00:09  sploss: 7.5752 (7.8218)  famloss: 2.3682 (2.5918)  manuloss: 1.4420 (1.7271)  acc1: 0.7812 (0.6267)  acc5: 5.8594 (5.5079)  family_acc1: 48.8281 (45.2913)  manu_acc1: 68.7500 (61.9898)  time: 0.4146  data: 0.2015  max mem: 11378
Test:  [369/391]  eta: 0:00:08  sploss: 7.5752 (7.8211)  famloss: 2.3682 (2.5908)  manuloss: 1.4420 (1.7257)  acc1: 0.7812 (0.6261)  acc5: 5.8594 (5.5046)  family_acc1: 48.8281 (45.3072)  manu_acc1: 68.7500 (62.0144)  time: 0.4142  data: 0.2015  max mem: 11378
Test:  [370/391]  eta: 0:00:08  sploss: 7.6935 (7.8210)  famloss: 2.3682 (2.5907)  manuloss: 1.4420 (1.7256)  acc1: 0.7812 (0.6265)  acc5: 5.8594 (5.5077)  family_acc1: 48.8281 (45.3072)  manu_acc1: 68.7500 (62.0262)  time: 0.3089  data: 0.0974  max mem: 11378
Test:  [371/391]  eta: 0:00:08  sploss: 7.6935 (7.8207)  famloss: 2.3682 (2.5906)  manuloss: 1.4420 (1.7256)  acc1: 0.7812 (0.6269)  acc5: 5.8594 (5.5097)  family_acc1: 48.8281 (45.3062)  manu_acc1: 68.7500 (62.0317)  time: 0.3078  data: 0.0974  max mem: 11378
Test:  [372/391]  eta: 0:00:07  sploss: 7.6935 (7.8208)  famloss: 2.3682 (2.5906)  manuloss: 1.4420 (1.7250)  acc1: 0.7812 (0.6284)  acc5: 5.8594 (5.5044)  family_acc1: 48.8281 (45.3104)  manu_acc1: 68.7500 (62.0486)  time: 0.3070  data: 0.0974  max mem: 11378
Test:  [373/391]  eta: 0:00:07  sploss: 7.6935 (7.8205)  famloss: 2.3682 (2.5899)  manuloss: 1.4420 (1.7242)  acc1: 0.7812 (0.6288)  acc5: 5.8594 (5.5022)  family_acc1: 48.8281 (45.3240)  manu_acc1: 69.1406 (62.0707)  time: 0.3068  data: 0.0974  max mem: 11378
Test:  [374/391]  eta: 0:00:06  sploss: 7.6981 (7.8202)  famloss: 2.3484 (2.5889)  manuloss: 1.4305 (1.7231)  acc1: 0.7812 (0.6312)  acc5: 5.8594 (5.5052)  family_acc1: 49.2188 (45.3365)  manu_acc1: 69.1406 (62.0948)  time: 0.4119  data: 0.2017  max mem: 11378
Test:  [375/391]  eta: 0:00:06  sploss: 7.5752 (7.8187)  famloss: 2.3682 (2.5888)  manuloss: 1.4420 (1.7225)  acc1: 0.7812 (0.6296)  acc5: 6.2500 (5.5072)  family_acc1: 48.8281 (45.3416)  manu_acc1: 68.7500 (62.1052)  time: 0.4120  data: 0.2017  max mem: 11378
Test:  [376/391]  eta: 0:00:06  sploss: 7.6099 (7.8181)  famloss: 2.3682 (2.5880)  manuloss: 1.4305 (1.7214)  acc1: 0.7812 (0.6289)  acc5: 6.2500 (5.5133)  family_acc1: 48.8281 (45.3550)  manu_acc1: 69.1406 (62.1280)  time: 0.4119  data: 0.2017  max mem: 11378
Test:  [377/391]  eta: 0:00:05  sploss: 7.6981 (7.8180)  famloss: 2.3487 (2.5873)  manuloss: 1.4269 (1.7204)  acc1: 0.7812 (0.6283)  acc5: 6.2500 (5.5080)  family_acc1: 50.0000 (45.3766)  manu_acc1: 69.1406 (62.1528)  time: 0.4119  data: 0.2017  max mem: 11378
Test:  [378/391]  eta: 0:00:05  sploss: 7.6099 (7.8171)  famloss: 2.3487 (2.5870)  manuloss: 1.4269 (1.7197)  acc1: 0.7812 (0.6297)  acc5: 6.2500 (5.5100)  family_acc1: 50.0000 (45.3785)  manu_acc1: 69.1406 (62.1681)  time: 0.4115  data: 0.2017  max mem: 11378
Test:  [379/391]  eta: 0:00:04  sploss: 7.6901 (7.8167)  famloss: 2.4275 (2.5867)  manuloss: 1.4305 (1.7190)  acc1: 0.7812 (0.6291)  acc5: 6.2500 (5.5119)  family_acc1: 47.2656 (45.3834)  manu_acc1: 69.1406 (62.1741)  time: 0.4111  data: 0.2017  max mem: 11378
Test:  [380/391]  eta: 0:00:04  sploss: 7.6099 (7.8160)  famloss: 2.4255 (2.5862)  manuloss: 1.4269 (1.7182)  acc1: 0.7812 (0.6305)  acc5: 6.2500 (5.5169)  family_acc1: 50.0000 (45.4017)  manu_acc1: 69.1406 (62.1975)  time: 0.4104  data: 0.2017  max mem: 11378
Test:  [381/391]  eta: 0:00:04  sploss: 7.6099 (7.8154)  famloss: 2.4275 (2.5860)  manuloss: 1.4420 (1.7177)  acc1: 0.7812 (0.6299)  acc5: 6.2500 (5.5189)  family_acc1: 49.6094 (45.4127)  manu_acc1: 69.1406 (62.2055)  time: 0.4100  data: 0.2016  max mem: 11378
Test:  [382/391]  eta: 0:00:03  sploss: 7.6901 (7.8157)  famloss: 2.4450 (2.5857)  manuloss: 1.4420 (1.7168)  acc1: 0.7812 (0.6303)  acc5: 6.2500 (5.5167)  family_acc1: 48.8281 (45.4216)  manu_acc1: 69.1406 (62.2287)  time: 0.3117  data: 0.1046  max mem: 11378
Test:  [383/391]  eta: 0:00:03  sploss: 7.6464 (7.8152)  famloss: 2.4275 (2.5849)  manuloss: 1.4420 (1.7162)  acc1: 0.7812 (0.6307)  acc5: 6.2500 (5.5145)  family_acc1: 49.6094 (45.4386)  manu_acc1: 69.1406 (62.2498)  time: 0.3107  data: 0.1045  max mem: 11378
Test:  [384/391]  eta: 0:00:02  sploss: 7.6464 (7.8149)  famloss: 2.4255 (2.5840)  manuloss: 1.4269 (1.7150)  acc1: 0.7812 (0.6311)  acc5: 6.2500 (5.5164)  family_acc1: 50.0000 (45.4576)  manu_acc1: 70.3125 (62.2768)  time: 0.3107  data: 0.1045  max mem: 11378
Test:  [385/391]  eta: 0:00:02  sploss: 7.6464 (7.8138)  famloss: 2.4255 (2.5830)  manuloss: 1.4269 (1.7135)  acc1: 0.7812 (0.6315)  acc5: 6.2500 (5.5193)  family_acc1: 50.0000 (45.4754)  manu_acc1: 70.3125 (62.3189)  time: 0.3104  data: 0.1045  max mem: 11378
Test:  [386/391]  eta: 0:00:02  sploss: 7.6436 (7.8133)  famloss: 2.4255 (2.5826)  manuloss: 1.3906 (1.7126)  acc1: 0.7812 (0.6319)  acc5: 6.2500 (5.5222)  family_acc1: 49.6094 (45.4780)  manu_acc1: 70.3125 (62.3456)  time: 0.4013  data: 0.1950  max mem: 11378
Test:  [387/391]  eta: 0:00:01  sploss: 7.6464 (7.8130)  famloss: 2.4361 (2.5825)  manuloss: 1.4269 (1.7124)  acc1: 0.7812 (0.6333)  acc5: 6.2500 (5.5201)  family_acc1: 48.8281 (45.4786)  manu_acc1: 70.3125 (62.3480)  time: 0.4009  data: 0.1950  max mem: 11378
Test:  [388/391]  eta: 0:00:01  sploss: 7.6743 (7.8126)  famloss: 2.4255 (2.5819)  manuloss: 1.4269 (1.7117)  acc1: 0.7812 (0.6316)  acc5: 6.2500 (5.5180)  family_acc1: 49.6094 (45.4973)  manu_acc1: 70.3125 (62.3664)  time: 0.4005  data: 0.1950  max mem: 11378
Test:  [389/391]  eta: 0:00:00  sploss: 7.6743 (7.8121)  famloss: 2.4361 (2.5816)  manuloss: 1.4384 (1.7113)  acc1: 0.7812 (0.6350)  acc5: 6.2500 (5.5198)  family_acc1: 49.6094 (45.5078)  manu_acc1: 69.5312 (62.3798)  time: 0.4001  data: 0.1950  max mem: 11378
Test:  [390/391]  eta: 0:00:00  sploss: 7.6743 (7.8121)  famloss: 2.4255 (2.5807)  manuloss: 1.4269 (1.7104)  acc1: 0.7812 (0.6340)  acc5: 6.2500 (5.5200)  family_acc1: 49.6094 (45.5140)  manu_acc1: 70.3125 (62.3930)  time: 0.3964  data: 0.1950  max mem: 11378
Test: Total time: 0:02:37 (0.4021 s / it)
* Acc@1 0.634 Acc@5 5.520 family@1 45.514 manu@1 62.393 sploss 7.812 fmloss 2.581 mfloss 1.710
FPA: 0.551% | TICE: 98.420% 
LCA: 295.179%
Precision and Recall: 14.802%
wAP: 6.468
