Namespace(batch_size=256, epochs=100, bce_loss=False, unscale_lr=False, few_shot=8, model='cast_small', input_size=224, drop=0.0, drop_path=0.1, model_ema=True, model_ema_decay=0.99996, model_ema_force_cpu=False, num_superpixels=196, opt='adamw', opt_eps=1e-08, opt_betas=None, clip_grad=None, momentum=0.9, weight_decay=0.05, sched='cosine', lr=0.0005, lr_noise=None, lr_noise_pct=0.67, lr_noise_std=1.0, warmup_lr=1e-06, min_lr=1e-05, decay_epochs=30, warmup_epochs=5, cooldown_epochs=10, patience_epochs=10, decay_rate=0.1, color_jitter=0.3, aa='rand-m9-mstd0.5-inc1', smoothing=0.1, train_interpolation='bicubic', repeated_aug=True, train_mode=True, ThreeAugment=False, src=False, reprob=0.25, remode='pixel', recount=1, resplit=False, mixup=0.8, cutmix=1.0, cutmix_minmax=None, mixup_prob=1.0, mixup_switch_prob=0.5, mixup_mode='batch', teacher_model='regnety_160', teacher_path='', distillation_type='none', distillation_alpha=0.5, distillation_tau=1.0, cosub=False, finetune='best_checkpoint.pth', attn_only=False, data_path='../dataset/', data_set='INAT21-MINI-HIER-SUPERPIXEL', path_yn=False, inat_category='name', output_dir='./output/few_shot/eight/20ot', device='cuda', seed=0, resume='', start_epoch=0, eval=False, eval_crop_ratio=0.875, dist_eval=False, num_workers=12, pin_mem=True, distributed=True, world_size=1, dist_url='env://', globalkl=False, ot_loss=True, learnable_ot=False, ot_weight=20.0, base_weight=0.5, globalbce=False, gk_weight=1, filename='results.csv', breeds_sort='entity13', random_seed=1, local_rank=-1, tree_path='./data/inat21_3tree.json', label_weight=[1, 2, 3])
| distributed init (rank 0): env://
seed 0
args.nb_classes [10000, 1103, 273]
Creating model: cast_small
dict_keys(['model', 'optimizer', 'lr_scheduler', 'epoch', 'model_ema', 'scaler', 'args'])
Removing key head.weight from pretrained checkpoint
Removing key head.bias from pretrained checkpoint
number of params: 30556704
Start training for 100 epochs
Epoch: [0]  [  0/312]  eta: 1:27:41  lr: 0.000001  sp_loss: 9.2591 (9.2591)  fam_loss: 7.0870 (7.0870)  manu_loss: 5.6142 (5.6142)  ot_loss: 0.5586 (0.5586)  base_loss: 9.3796 (9.3796)  time: 16.8630  data: 7.4481  max mem: 10976
Epoch: [0]  [ 50/312]  eta: 0:02:47  lr: 0.000001  sp_loss: 9.2651 (9.2682)  fam_loss: 7.0798 (7.0897)  manu_loss: 5.6143 (5.6273)  ot_loss: 0.5580 (0.5582)  base_loss: 9.3855 (9.3896)  time: 0.3184  data: 0.0119  max mem: 11359
Epoch: [0]  [100/312]  eta: 0:01:49  lr: 0.000001  sp_loss: 9.2771 (9.2668)  fam_loss: 7.0698 (7.0809)  manu_loss: 5.5575 (5.6005)  ot_loss: 0.5573 (0.5579)  base_loss: 9.3755 (9.3827)  time: 0.4027  data: 0.1081  max mem: 11359
Epoch: [0]  [150/312]  eta: 0:01:16  lr: 0.000001  sp_loss: 9.2532 (9.2666)  fam_loss: 7.0255 (7.0676)  manu_loss: 5.5307 (5.5764)  ot_loss: 0.5568 (0.5576)  base_loss: 9.3547 (9.3757)  time: 0.3975  data: 0.1026  max mem: 11359
Epoch: [0]  [200/312]  eta: 0:00:51  lr: 0.000001  sp_loss: 9.2650 (9.2668)  fam_loss: 7.0223 (7.0604)  manu_loss: 5.4567 (5.5524)  ot_loss: 0.5563 (0.5573)  base_loss: 9.3448 (9.3705)  time: 0.4026  data: 0.0729  max mem: 11361
Epoch: [0]  [250/312]  eta: 0:00:27  lr: 0.000001  sp_loss: 9.2552 (9.2651)  fam_loss: 7.0166 (7.0528)  manu_loss: 5.4227 (5.5285)  ot_loss: 0.5558 (0.5570)  base_loss: 9.3326 (9.3642)  time: 0.4039  data: 0.0813  max mem: 11361
Epoch: [0]  [300/312]  eta: 0:00:05  lr: 0.000001  sp_loss: 9.2467 (9.2653)  fam_loss: 7.0036 (7.0441)  manu_loss: 5.3541 (5.5042)  ot_loss: 0.5554 (0.5568)  base_loss: 9.3217 (9.3585)  time: 0.3964  data: 0.0917  max mem: 11361
Epoch: [0]  [311/312]  eta: 0:00:00  lr: 0.000001  sp_loss: 9.2655 (9.2654)  fam_loss: 6.9762 (7.0422)  manu_loss: 5.3837 (5.5002)  ot_loss: 0.5552 (0.5567)  base_loss: 9.3245 (9.3576)  time: 0.3708  data: 0.0691  max mem: 11361
Epoch: [0] Total time: 0:02:15 (0.4358 s / it)
Averaged stats: lr: 0.000001  sp_loss: 9.2655 (9.2654)  fam_loss: 6.9762 (7.0422)  manu_loss: 5.3837 (5.5002)  ot_loss: 0.5552 (0.5567)  base_loss: 9.3245 (9.3576)
Epoch: [1]  [  0/312]  eta: 0:33:04  lr: 0.000001  sp_loss: 9.3633 (9.3633)  fam_loss: 7.0775 (7.0775)  manu_loss: 5.3463 (5.3463)  ot_loss: 0.5551 (0.5551)  base_loss: 9.4018 (9.4018)  time: 6.3592  data: 5.7992  max mem: 11361
Epoch: [1]  [ 50/312]  eta: 0:02:16  lr: 0.000001  sp_loss: 9.2696 (9.2614)  fam_loss: 6.9830 (6.9860)  manu_loss: 5.2912 (5.3173)  ot_loss: 0.5548 (0.5549)  base_loss: 9.3099 (9.3138)  time: 0.4390  data: 0.1264  max mem: 11361
Epoch: [1]  [100/312]  eta: 0:01:36  lr: 0.000001  sp_loss: 9.2498 (9.2589)  fam_loss: 6.9520 (6.9730)  manu_loss: 5.2294 (5.2847)  ot_loss: 0.5544 (0.5547)  base_loss: 9.2914 (9.3040)  time: 0.4000  data: 0.0973  max mem: 11361
Epoch: [1]  [150/312]  eta: 0:01:10  lr: 0.000001  sp_loss: 9.2491 (9.2558)  fam_loss: 6.9380 (6.9638)  manu_loss: 5.1334 (5.2504)  ot_loss: 0.5540 (0.5545)  base_loss: 9.2619 (9.2946)  time: 0.4148  data: 0.1143  max mem: 11361
Epoch: [1]  [200/312]  eta: 0:00:47  lr: 0.000001  sp_loss: 9.2552 (9.2554)  fam_loss: 6.9373 (6.9545)  manu_loss: 5.0833 (5.2147)  ot_loss: 0.5535 (0.5543)  base_loss: 9.2623 (9.2863)  time: 0.3466  data: 0.0444  max mem: 11361
Epoch: [1]  [250/312]  eta: 0:00:25  lr: 0.000001  sp_loss: 9.2668 (9.2561)  fam_loss: 6.8874 (6.9447)  manu_loss: 4.9746 (5.1751)  ot_loss: 0.5531 (0.5541)  base_loss: 9.2339 (9.2779)  time: 0.3584  data: 0.0508  max mem: 11361
Epoch: [1]  [300/312]  eta: 0:00:04  lr: 0.000001  sp_loss: 9.2516 (9.2556)  fam_loss: 6.8765 (6.9348)  manu_loss: 4.9595 (5.1373)  ot_loss: 0.5528 (0.5539)  base_loss: 9.2233 (9.2688)  time: 0.4204  data: 0.1041  max mem: 11361
Epoch: [1]  [311/312]  eta: 0:00:00  lr: 0.000001  sp_loss: 9.2468 (9.2553)  fam_loss: 6.8854 (6.9328)  manu_loss: 4.9578 (5.1302)  ot_loss: 0.5527 (0.5539)  base_loss: 9.2171 (9.2669)  time: 0.3461  data: 0.0529  max mem: 11361
Epoch: [1] Total time: 0:02:08 (0.4114 s / it)
Averaged stats: lr: 0.000001  sp_loss: 9.2468 (9.2553)  fam_loss: 6.8854 (6.9328)  manu_loss: 4.9578 (5.1302)  ot_loss: 0.5527 (0.5539)  base_loss: 9.2171 (9.2669)
Epoch: [2]  [  0/312]  eta: 0:31:29  lr: 0.000051  sp_loss: 9.2244 (9.2244)  fam_loss: 6.8916 (6.8916)  manu_loss: 4.8782 (4.8782)  ot_loss: 0.5527 (0.5527)  base_loss: 9.1944 (9.1944)  time: 6.0548  data: 5.7274  max mem: 11361
Epoch: [2]  [ 50/312]  eta: 0:02:12  lr: 0.000051  sp_loss: 9.3009 (9.2727)  fam_loss: 6.0986 (6.3450)  manu_loss: 4.3008 (4.4304)  ot_loss: 0.5266 (0.5390)  base_loss: 8.8948 (8.9923)  time: 0.4265  data: 0.1227  max mem: 11361
Epoch: [2]  [100/312]  eta: 0:01:35  lr: 0.000051  sp_loss: 9.4155 (9.3328)  fam_loss: 5.8645 (6.1311)  manu_loss: 3.9550 (4.2310)  ot_loss: 0.5048 (0.5239)  base_loss: 8.8671 (8.9332)  time: 0.4144  data: 0.1082  max mem: 11361
Epoch: [2]  [150/312]  eta: 0:01:09  lr: 0.000051  sp_loss: 9.4032 (9.3615)  fam_loss: 5.7333 (6.0286)  manu_loss: 3.9027 (4.1349)  ot_loss: 0.5031 (0.5170)  base_loss: 8.8002 (8.9003)  time: 0.4095  data: 0.1074  max mem: 11361
Epoch: [2]  [200/312]  eta: 0:00:47  lr: 0.000051  sp_loss: 9.4433 (9.3814)  fam_loss: 5.6952 (5.9349)  manu_loss: 3.7431 (4.0410)  ot_loss: 0.5021 (0.5133)  base_loss: 8.7451 (8.8665)  time: 0.3658  data: 0.0626  max mem: 11361
Epoch: [2]  [250/312]  eta: 0:00:25  lr: 0.000051  sp_loss: 9.4432 (9.3916)  fam_loss: 5.4753 (5.8630)  manu_loss: 3.5328 (3.9622)  ot_loss: 0.5013 (0.5111)  base_loss: 8.7024 (8.8367)  time: 0.3537  data: 0.0509  max mem: 11361
Epoch: [2]  [300/312]  eta: 0:00:04  lr: 0.000051  sp_loss: 9.4302 (9.4001)  fam_loss: 5.4907 (5.8017)  manu_loss: 3.5995 (3.8993)  ot_loss: 0.5009 (0.5095)  base_loss: 8.6903 (8.8123)  time: 0.4068  data: 0.1092  max mem: 11361
Epoch: [2]  [311/312]  eta: 0:00:00  lr: 0.000051  sp_loss: 9.4302 (9.4018)  fam_loss: 5.4907 (5.7897)  manu_loss: 3.5769 (3.8869)  ot_loss: 0.5005 (0.5092)  base_loss: 8.6916 (8.8076)  time: 0.3344  data: 0.0510  max mem: 11361
Epoch: [2] Total time: 0:02:08 (0.4111 s / it)
Averaged stats: lr: 0.000051  sp_loss: 9.4302 (9.4018)  fam_loss: 5.4907 (5.7897)  manu_loss: 3.5769 (3.8869)  ot_loss: 0.5005 (0.5092)  base_loss: 8.6916 (8.8076)
Epoch: [3]  [  0/312]  eta: 0:30:48  lr: 0.000101  sp_loss: 9.3182 (9.3182)  fam_loss: 5.5976 (5.5976)  manu_loss: 3.6850 (3.6850)  ot_loss: 0.4999 (0.4999)  base_loss: 8.6629 (8.6629)  time: 5.9259  data: 5.5449  max mem: 11361
Epoch: [3]  [ 50/312]  eta: 0:02:13  lr: 0.000101  sp_loss: 9.4102 (9.4196)  fam_loss: 5.4025 (5.3690)  manu_loss: 3.5578 (3.5549)  ot_loss: 0.5022 (0.5017)  base_loss: 8.6668 (8.6362)  time: 0.4293  data: 0.1184  max mem: 11361
Epoch: [3]  [100/312]  eta: 0:01:35  lr: 0.000101  sp_loss: 9.4366 (9.4237)  fam_loss: 5.1519 (5.3462)  manu_loss: 3.4285 (3.5289)  ot_loss: 0.5023 (0.5019)  base_loss: 8.5713 (8.6287)  time: 0.4087  data: 0.1066  max mem: 11361
Epoch: [3]  [150/312]  eta: 0:01:09  lr: 0.000101  sp_loss: 9.4356 (9.4251)  fam_loss: 5.1566 (5.3122)  manu_loss: 3.3913 (3.5147)  ot_loss: 0.5027 (0.5021)  base_loss: 8.5420 (8.6180)  time: 0.4048  data: 0.1047  max mem: 11361
Epoch: [3]  [200/312]  eta: 0:00:46  lr: 0.000101  sp_loss: 9.4048 (9.4250)  fam_loss: 5.1594 (5.2911)  manu_loss: 3.3931 (3.4958)  ot_loss: 0.5010 (0.5021)  base_loss: 8.5316 (8.6102)  time: 0.3902  data: 0.0898  max mem: 11361
Epoch: [3]  [250/312]  eta: 0:00:25  lr: 0.000101  sp_loss: 9.3939 (9.4246)  fam_loss: 5.3450 (5.2664)  manu_loss: 3.5743 (3.4825)  ot_loss: 0.5005 (0.5021)  base_loss: 8.6428 (8.6016)  time: 0.3553  data: 0.0553  max mem: 11361
Epoch: [3]  [300/312]  eta: 0:00:04  lr: 0.000101  sp_loss: 9.4084 (9.4236)  fam_loss: 4.9056 (5.2266)  manu_loss: 3.3237 (3.4560)  ot_loss: 0.5029 (0.5022)  base_loss: 8.4826 (8.5860)  time: 0.3787  data: 0.0783  max mem: 11361
Epoch: [3]  [311/312]  eta: 0:00:00  lr: 0.000101  sp_loss: 9.4332 (9.4238)  fam_loss: 5.0474 (5.2202)  manu_loss: 3.3406 (3.4528)  ot_loss: 0.5016 (0.5022)  base_loss: 8.5067 (8.5841)  time: 0.3354  data: 0.0530  max mem: 11361
Epoch: [3] Total time: 0:02:07 (0.4086 s / it)
Averaged stats: lr: 0.000101  sp_loss: 9.4332 (9.4238)  fam_loss: 5.0474 (5.2202)  manu_loss: 3.3406 (3.4528)  ot_loss: 0.5016 (0.5022)  base_loss: 8.5067 (8.5841)
Epoch: [4]  [  0/312]  eta: 0:34:39  lr: 0.000150  sp_loss: 9.3659 (9.3659)  fam_loss: 4.4427 (4.4427)  manu_loss: 2.7342 (2.7342)  ot_loss: 0.5042 (0.5042)  base_loss: 8.2251 (8.2251)  time: 6.6648  data: 6.3241  max mem: 11361
Epoch: [4]  [ 50/312]  eta: 0:02:12  lr: 0.000150  sp_loss: 9.3567 (9.3777)  fam_loss: 5.1530 (5.0632)  manu_loss: 3.5051 (3.4222)  ot_loss: 0.5020 (0.5023)  base_loss: 8.5264 (8.5162)  time: 0.4042  data: 0.1012  max mem: 11361
Epoch: [4]  [100/312]  eta: 0:01:35  lr: 0.000150  sp_loss: 9.3415 (9.3725)  fam_loss: 5.0490 (5.0141)  manu_loss: 3.3502 (3.3695)  ot_loss: 0.5036 (0.5028)  base_loss: 8.5359 (8.4903)  time: 0.4241  data: 0.1252  max mem: 11361
Epoch: [4]  [150/312]  eta: 0:01:10  lr: 0.000150  sp_loss: 9.3600 (9.3692)  fam_loss: 5.0081 (5.0175)  manu_loss: 3.3953 (3.3783)  ot_loss: 0.5025 (0.5029)  base_loss: 8.5079 (8.4921)  time: 0.4374  data: 0.1282  max mem: 11361
Epoch: [4]  [200/312]  eta: 0:00:47  lr: 0.000150  sp_loss: 9.3471 (9.3656)  fam_loss: 5.0419 (5.0039)  manu_loss: 3.3789 (3.3703)  ot_loss: 0.5035 (0.5032)  base_loss: 8.4868 (8.4858)  time: 0.3570  data: 0.0495  max mem: 11361
Epoch: [4]  [250/312]  eta: 0:00:26  lr: 0.000150  sp_loss: 9.2726 (9.3532)  fam_loss: 4.6379 (4.9690)  manu_loss: 3.1557 (3.3419)  ot_loss: 0.5061 (0.5036)  base_loss: 8.2946 (8.4643)  time: 0.3658  data: 0.0370  max mem: 11361
Epoch: [4]  [300/312]  eta: 0:00:05  lr: 0.000150  sp_loss: 9.2794 (9.3446)  fam_loss: 4.9091 (4.9594)  manu_loss: 3.2650 (3.3348)  ot_loss: 0.5042 (0.5037)  base_loss: 8.3927 (8.4561)  time: 0.4096  data: 0.1047  max mem: 11361
Epoch: [4]  [311/312]  eta: 0:00:00  lr: 0.000150  sp_loss: 9.2785 (9.3428)  fam_loss: 4.7474 (4.9579)  manu_loss: 3.2650 (3.3348)  ot_loss: 0.5043 (0.5037)  base_loss: 8.3794 (8.4548)  time: 0.3427  data: 0.0524  max mem: 11361
Epoch: [4] Total time: 0:02:09 (0.4153 s / it)
Averaged stats: lr: 0.000150  sp_loss: 9.2785 (9.3428)  fam_loss: 4.7474 (4.9579)  manu_loss: 3.2650 (3.3348)  ot_loss: 0.5043 (0.5037)  base_loss: 8.3794 (8.4548)
Epoch: [5]  [  0/312]  eta: 0:31:16  lr: 0.000200  sp_loss: 9.1236 (9.1236)  fam_loss: 4.2420 (4.2420)  manu_loss: 2.5825 (2.5825)  ot_loss: 0.5078 (0.5078)  base_loss: 8.0039 (8.0039)  time: 6.0142  data: 5.6773  max mem: 11361
Epoch: [5]  [ 50/312]  eta: 0:02:13  lr: 0.000200  sp_loss: 9.2511 (9.2113)  fam_loss: 4.9269 (4.8172)  manu_loss: 3.3531 (3.2340)  ot_loss: 0.5045 (0.5055)  base_loss: 8.3953 (8.3274)  time: 0.3958  data: 0.0914  max mem: 11361
Epoch: [5]  [100/312]  eta: 0:01:36  lr: 0.000200  sp_loss: 9.0916 (9.1862)  fam_loss: 4.7334 (4.8021)  manu_loss: 3.1069 (3.2226)  ot_loss: 0.5080 (0.5062)  base_loss: 8.2261 (8.3067)  time: 0.4012  data: 0.0930  max mem: 11361
Epoch: [5]  [150/312]  eta: 0:01:10  lr: 0.000200  sp_loss: 9.1899 (9.1838)  fam_loss: 5.0235 (4.8368)  manu_loss: 3.4188 (3.2461)  ot_loss: 0.5052 (0.5062)  base_loss: 8.4341 (8.3195)  time: 0.4203  data: 0.1058  max mem: 11361
Epoch: [5]  [200/312]  eta: 0:00:47  lr: 0.000200  sp_loss: 9.1009 (9.1730)  fam_loss: 4.6731 (4.8165)  manu_loss: 3.2755 (3.2429)  ot_loss: 0.5077 (0.5066)  base_loss: 8.2383 (8.3075)  time: 0.3785  data: 0.0557  max mem: 11361
Epoch: [5]  [250/312]  eta: 0:00:25  lr: 0.000200  sp_loss: 9.1187 (9.1608)  fam_loss: 4.8594 (4.8156)  manu_loss: 3.3120 (3.2528)  ot_loss: 0.5065 (0.5068)  base_loss: 8.3267 (8.3028)  time: 0.3636  data: 0.0554  max mem: 11361
Epoch: [5]  [300/312]  eta: 0:00:04  lr: 0.000200  sp_loss: 9.0922 (9.1461)  fam_loss: 4.7017 (4.8065)  manu_loss: 3.1916 (3.2515)  ot_loss: 0.5083 (0.5069)  base_loss: 8.1935 (8.2915)  time: 0.3924  data: 0.0835  max mem: 11361
Epoch: [5]  [311/312]  eta: 0:00:00  lr: 0.000200  sp_loss: 9.0218 (9.1402)  fam_loss: 4.7272 (4.8017)  manu_loss: 3.2393 (3.2493)  ot_loss: 0.5084 (0.5070)  base_loss: 8.1935 (8.2864)  time: 0.3351  data: 0.0470  max mem: 11361
Epoch: [5] Total time: 0:02:08 (0.4118 s / it)
Averaged stats: lr: 0.000200  sp_loss: 9.0218 (9.1402)  fam_loss: 4.7272 (4.8017)  manu_loss: 3.2393 (3.2493)  ot_loss: 0.5084 (0.5070)  base_loss: 8.1935 (8.2864)
Epoch: [6]  [  0/312]  eta: 0:31:11  lr: 0.000249  sp_loss: 9.2004 (9.2004)  fam_loss: 5.2141 (5.2141)  manu_loss: 3.7385 (3.7385)  ot_loss: 0.5035 (0.5035)  base_loss: 8.5178 (8.5178)  time: 5.9998  data: 5.6475  max mem: 11361
Epoch: [6]  [ 50/312]  eta: 0:02:16  lr: 0.000249  sp_loss: 8.8207 (8.9070)  fam_loss: 4.5451 (4.6796)  manu_loss: 3.0812 (3.1789)  ot_loss: 0.5121 (0.5100)  base_loss: 7.9983 (8.1075)  time: 0.4198  data: 0.1014  max mem: 11361
Epoch: [6]  [100/312]  eta: 0:01:37  lr: 0.000249  sp_loss: 8.8406 (8.8818)  fam_loss: 4.7823 (4.6650)  manu_loss: 3.2997 (3.1860)  ot_loss: 0.5102 (0.5108)  base_loss: 8.1835 (8.0908)  time: 0.4136  data: 0.1147  max mem: 11361
Epoch: [6]  [150/312]  eta: 0:01:10  lr: 0.000249  sp_loss: 8.9916 (8.8876)  fam_loss: 4.8972 (4.6931)  manu_loss: 3.3384 (3.2014)  ot_loss: 0.5088 (0.5108)  base_loss: 8.2565 (8.1053)  time: 0.4008  data: 0.1002  max mem: 11361
Epoch: [6]  [200/312]  eta: 0:00:47  lr: 0.000249  sp_loss: 8.8426 (8.8800)  fam_loss: 4.6329 (4.7041)  manu_loss: 3.3055 (3.2145)  ot_loss: 0.5115 (0.5109)  base_loss: 8.0866 (8.1061)  time: 0.3550  data: 0.0533  max mem: 11361
Epoch: [6]  [250/312]  eta: 0:00:26  lr: 0.000249  sp_loss: 8.8440 (8.8696)  fam_loss: 4.8093 (4.7083)  manu_loss: 3.2716 (3.2220)  ot_loss: 0.5107 (0.5111)  base_loss: 8.1148 (8.1022)  time: 0.3623  data: 0.0608  max mem: 11361
Epoch: [6]  [300/312]  eta: 0:00:05  lr: 0.000249  sp_loss: 8.8375 (8.8620)  fam_loss: 4.7194 (4.7195)  manu_loss: 3.2278 (3.2327)  ot_loss: 0.5094 (0.5111)  base_loss: 8.0897 (8.1026)  time: 0.4172  data: 0.1101  max mem: 11361
Epoch: [6]  [311/312]  eta: 0:00:00  lr: 0.000249  sp_loss: 8.8030 (8.8589)  fam_loss: 4.6689 (4.7192)  manu_loss: 3.2278 (3.2322)  ot_loss: 0.5126 (0.5112)  base_loss: 8.0814 (8.1005)  time: 0.3343  data: 0.0533  max mem: 11361
Epoch: [6] Total time: 0:02:09 (0.4138 s / it)
Averaged stats: lr: 0.000249  sp_loss: 8.8030 (8.8589)  fam_loss: 4.6689 (4.7192)  manu_loss: 3.2278 (3.2322)  ot_loss: 0.5126 (0.5112)  base_loss: 8.0814 (8.1005)
Epoch: [7]  [  0/312]  eta: 0:34:27  lr: 0.000248  sp_loss: 8.7385 (8.7385)  fam_loss: 4.8474 (4.8474)  manu_loss: 3.4382 (3.4382)  ot_loss: 0.5089 (0.5089)  base_loss: 8.1014 (8.1014)  time: 6.6272  data: 5.9335  max mem: 11361
Epoch: [7]  [ 50/312]  eta: 0:02:14  lr: 0.000248  sp_loss: 8.5754 (8.5742)  fam_loss: 4.5030 (4.5601)  manu_loss: 3.1102 (3.1210)  ot_loss: 0.5162 (0.5148)  base_loss: 7.8388 (7.8727)  time: 0.4193  data: 0.1101  max mem: 11361
Epoch: [7]  [100/312]  eta: 0:01:36  lr: 0.000248  sp_loss: 8.6201 (8.5706)  fam_loss: 4.6219 (4.5631)  manu_loss: 3.1386 (3.1317)  ot_loss: 0.5133 (0.5149)  base_loss: 7.9454 (7.8731)  time: 0.4242  data: 0.1190  max mem: 11361
Epoch: [7]  [150/312]  eta: 0:01:10  lr: 0.000248  sp_loss: 8.6687 (8.5765)  fam_loss: 4.7871 (4.6007)  manu_loss: 3.3216 (3.1642)  ot_loss: 0.5137 (0.5148)  base_loss: 8.0554 (7.8919)  time: 0.4272  data: 0.1238  max mem: 11361
Epoch: [7]  [200/312]  eta: 0:00:47  lr: 0.000248  sp_loss: 8.5513 (8.5711)  fam_loss: 4.4777 (4.5945)  manu_loss: 3.1900 (3.1582)  ot_loss: 0.5139 (0.5149)  base_loss: 7.8142 (7.8856)  time: 0.3838  data: 0.0818  max mem: 11361
Epoch: [7]  [250/312]  eta: 0:00:26  lr: 0.000248  sp_loss: 8.5661 (8.5597)  fam_loss: 4.5288 (4.5833)  manu_loss: 3.1227 (3.1514)  ot_loss: 0.5148 (0.5151)  base_loss: 7.9108 (7.8747)  time: 0.3572  data: 0.0567  max mem: 11361
Epoch: [7]  [300/312]  eta: 0:00:05  lr: 0.000248  sp_loss: 8.4887 (8.5462)  fam_loss: 4.6570 (4.5828)  manu_loss: 3.2009 (3.1515)  ot_loss: 0.5157 (0.5152)  base_loss: 7.9141 (7.8669)  time: 0.4029  data: 0.0962  max mem: 11361
Epoch: [7]  [311/312]  eta: 0:00:00  lr: 0.000248  sp_loss: 8.4067 (8.5432)  fam_loss: 4.6230 (4.5855)  manu_loss: 3.2009 (3.1530)  ot_loss: 0.5156 (0.5152)  base_loss: 7.8280 (7.8660)  time: 0.3390  data: 0.0548  max mem: 11361
Epoch: [7] Total time: 0:02:09 (0.4141 s / it)
Averaged stats: lr: 0.000248  sp_loss: 8.4067 (8.5432)  fam_loss: 4.6230 (4.5855)  manu_loss: 3.2009 (3.1530)  ot_loss: 0.5156 (0.5152)  base_loss: 7.8280 (7.8660)
Epoch: [8]  [  0/312]  eta: 0:31:35  lr: 0.000247  sp_loss: 8.1117 (8.1117)  fam_loss: 4.0101 (4.0101)  manu_loss: 2.6498 (2.6498)  ot_loss: 0.5222 (0.5222)  base_loss: 7.3755 (7.3755)  time: 6.0750  data: 5.7220  max mem: 11361
Epoch: [8]  [ 50/312]  eta: 0:02:12  lr: 0.000247  sp_loss: 8.3997 (8.3456)  fam_loss: 4.4730 (4.5295)  manu_loss: 3.0733 (3.1418)  ot_loss: 0.5174 (0.5171)  base_loss: 7.7488 (7.7333)  time: 0.4165  data: 0.1075  max mem: 11361
Epoch: [8]  [100/312]  eta: 0:01:35  lr: 0.000247  sp_loss: 8.3148 (8.3589)  fam_loss: 4.5055 (4.5726)  manu_loss: 3.1256 (3.1688)  ot_loss: 0.5188 (0.5170)  base_loss: 7.7061 (7.7568)  time: 0.4227  data: 0.1025  max mem: 11361
Epoch: [8]  [150/312]  eta: 0:01:09  lr: 0.000247  sp_loss: 8.4793 (8.3610)  fam_loss: 4.7808 (4.5785)  manu_loss: 3.2141 (3.1700)  ot_loss: 0.5148 (0.5172)  base_loss: 7.8995 (7.7596)  time: 0.4269  data: 0.1168  max mem: 11361
Epoch: [8]  [200/312]  eta: 0:00:47  lr: 0.000247  sp_loss: 8.5747 (8.3673)  fam_loss: 4.6956 (4.5780)  manu_loss: 3.3533 (3.1705)  ot_loss: 0.5132 (0.5171)  base_loss: 7.9756 (7.7629)  time: 0.3924  data: 0.0832  max mem: 11361
Epoch: [8]  [250/312]  eta: 0:00:25  lr: 0.000247  sp_loss: 8.0987 (8.3630)  fam_loss: 4.3955 (4.5778)  manu_loss: 3.0337 (3.1682)  ot_loss: 0.5182 (0.5172)  base_loss: 7.5383 (7.7595)  time: 0.3718  data: 0.0554  max mem: 11361
Epoch: [8]  [300/312]  eta: 0:00:04  lr: 0.000247  sp_loss: 8.0539 (8.3378)  fam_loss: 4.2945 (4.5617)  manu_loss: 3.0014 (3.1561)  ot_loss: 0.5211 (0.5176)  base_loss: 7.4768 (7.7383)  time: 0.3674  data: 0.0570  max mem: 11361
Epoch: [8]  [311/312]  eta: 0:00:00  lr: 0.000247  sp_loss: 8.3136 (8.3367)  fam_loss: 4.5150 (4.5637)  manu_loss: 3.0685 (3.1563)  ot_loss: 0.5173 (0.5176)  base_loss: 7.7284 (7.7382)  time: 0.3282  data: 0.0414  max mem: 11361
Epoch: [8] Total time: 0:02:08 (0.4123 s / it)
Averaged stats: lr: 0.000247  sp_loss: 8.3136 (8.3367)  fam_loss: 4.5150 (4.5637)  manu_loss: 3.0685 (3.1563)  ot_loss: 0.5173 (0.5176)  base_loss: 7.7284 (7.7382)
Epoch: [9]  [  0/312]  eta: 0:32:06  lr: 0.000246  sp_loss: 8.1860 (8.1860)  fam_loss: 4.4749 (4.4749)  manu_loss: 3.1382 (3.1382)  ot_loss: 0.5163 (0.5163)  base_loss: 7.6204 (7.6204)  time: 6.1736  data: 5.8357  max mem: 11361
Epoch: [9]  [ 50/312]  eta: 0:02:14  lr: 0.000246  sp_loss: 7.7393 (7.9954)  fam_loss: 4.0970 (4.3410)  manu_loss: 2.8372 (2.9946)  ot_loss: 0.5252 (0.5221)  base_loss: 7.2214 (7.4518)  time: 0.4182  data: 0.1147  max mem: 11361
Epoch: [9]  [100/312]  eta: 0:01:37  lr: 0.000246  sp_loss: 8.0960 (8.0004)  fam_loss: 4.4265 (4.3442)  manu_loss: 3.0805 (2.9979)  ot_loss: 0.5193 (0.5222)  base_loss: 7.5395 (7.4559)  time: 0.4374  data: 0.1212  max mem: 11361
Epoch: [9]  [150/312]  eta: 0:01:11  lr: 0.000246  sp_loss: 8.0640 (8.0378)  fam_loss: 4.2829 (4.3900)  manu_loss: 2.9580 (3.0407)  ot_loss: 0.5212 (0.5216)  base_loss: 7.4646 (7.4977)  time: 0.4401  data: 0.1265  max mem: 11361
Epoch: [9]  [200/312]  eta: 0:00:47  lr: 0.000246  sp_loss: 8.0747 (8.0523)  fam_loss: 4.5930 (4.4153)  manu_loss: 3.2068 (3.0622)  ot_loss: 0.5195 (0.5214)  base_loss: 7.6556 (7.5164)  time: 0.3546  data: 0.0495  max mem: 11361
Epoch: [9]  [250/312]  eta: 0:00:25  lr: 0.000246  sp_loss: 8.1246 (8.0597)  fam_loss: 4.4846 (4.4224)  manu_loss: 2.9556 (3.0621)  ot_loss: 0.5200 (0.5215)  base_loss: 7.6557 (7.5225)  time: 0.3520  data: 0.0509  max mem: 11361
Epoch: [9]  [300/312]  eta: 0:00:05  lr: 0.000246  sp_loss: 8.2695 (8.0554)  fam_loss: 4.6259 (4.4157)  manu_loss: 3.2159 (3.0610)  ot_loss: 0.5179 (0.5216)  base_loss: 7.7152 (7.5174)  time: 0.3958  data: 0.0899  max mem: 11361
Epoch: [9]  [311/312]  eta: 0:00:00  lr: 0.000246  sp_loss: 8.0613 (8.0585)  fam_loss: 4.4824 (4.4203)  manu_loss: 3.0656 (3.0636)  ot_loss: 0.5214 (0.5215)  base_loss: 7.5317 (7.5208)  time: 0.3308  data: 0.0448  max mem: 11361
Epoch: [9] Total time: 0:02:09 (0.4156 s / it)
Averaged stats: lr: 0.000246  sp_loss: 8.0613 (8.0585)  fam_loss: 4.4824 (4.4203)  manu_loss: 3.0656 (3.0636)  ot_loss: 0.5214 (0.5215)  base_loss: 7.5317 (7.5208)
Epoch: [10]  [  0/312]  eta: 0:33:11  lr: 0.000245  sp_loss: 7.8155 (7.8155)  fam_loss: 4.3201 (4.3201)  manu_loss: 2.9885 (2.9885)  ot_loss: 0.5225 (0.5225)  base_loss: 7.3474 (7.3474)  time: 6.3836  data: 5.7590  max mem: 11361
Epoch: [10]  [ 50/312]  eta: 0:02:15  lr: 0.000245  sp_loss: 7.9755 (7.8317)  fam_loss: 4.3298 (4.3108)  manu_loss: 3.0933 (2.9954)  ot_loss: 0.5226 (0.5243)  base_loss: 7.4108 (7.3497)  time: 0.4222  data: 0.1171  max mem: 11361
Epoch: [10]  [100/312]  eta: 0:01:37  lr: 0.000245  sp_loss: 8.0406 (7.8739)  fam_loss: 4.4332 (4.3629)  manu_loss: 3.1119 (3.0323)  ot_loss: 0.5195 (0.5236)  base_loss: 7.5421 (7.3940)  time: 0.4381  data: 0.1364  max mem: 11361
Epoch: [10]  [150/312]  eta: 0:01:10  lr: 0.000245  sp_loss: 7.7887 (7.8992)  fam_loss: 4.2376 (4.3864)  manu_loss: 2.9780 (3.0453)  ot_loss: 0.5219 (0.5232)  base_loss: 7.3117 (7.4164)  time: 0.4128  data: 0.1134  max mem: 11361
Epoch: [10]  [200/312]  eta: 0:00:47  lr: 0.000245  sp_loss: 8.1659 (7.9097)  fam_loss: 4.5869 (4.3903)  manu_loss: 3.1179 (3.0494)  ot_loss: 0.5198 (0.5231)  base_loss: 7.6981 (7.4238)  time: 0.3539  data: 0.0556  max mem: 11361
Epoch: [10]  [250/312]  eta: 0:00:26  lr: 0.000245  sp_loss: 8.0489 (7.8934)  fam_loss: 4.4125 (4.3710)  manu_loss: 2.9943 (3.0369)  ot_loss: 0.5202 (0.5235)  base_loss: 7.4818 (7.4066)  time: 0.3547  data: 0.0540  max mem: 11361
Epoch: [10]  [300/312]  eta: 0:00:05  lr: 0.000245  sp_loss: 8.1662 (7.8967)  fam_loss: 4.5406 (4.3745)  manu_loss: 3.2727 (3.0432)  ot_loss: 0.5187 (0.5234)  base_loss: 7.7113 (7.4099)  time: 0.4139  data: 0.1065  max mem: 11361
Epoch: [10]  [311/312]  eta: 0:00:00  lr: 0.000245  sp_loss: 7.8758 (7.8922)  fam_loss: 4.4617 (4.3740)  manu_loss: 3.0214 (3.0425)  ot_loss: 0.5225 (0.5235)  base_loss: 7.4219 (7.4069)  time: 0.3352  data: 0.0540  max mem: 11361
Epoch: [10] Total time: 0:02:09 (0.4143 s / it)
Averaged stats: lr: 0.000245  sp_loss: 7.8758 (7.8922)  fam_loss: 4.4617 (4.3740)  manu_loss: 3.0214 (3.0425)  ot_loss: 0.5225 (0.5235)  base_loss: 7.4219 (7.4069)
Epoch: [11]  [  0/312]  eta: 0:32:52  lr: 0.000244  sp_loss: 8.1721 (8.1721)  fam_loss: 4.6902 (4.6902)  manu_loss: 3.2473 (3.2473)  ot_loss: 0.5153 (0.5153)  base_loss: 7.6818 (7.6818)  time: 6.3217  data: 5.9562  max mem: 11361
Epoch: [11]  [ 50/312]  eta: 0:02:11  lr: 0.000244  sp_loss: 7.4164 (7.6052)  fam_loss: 4.1520 (4.2422)  manu_loss: 2.8890 (2.9462)  ot_loss: 0.5287 (0.5264)  base_loss: 7.0234 (7.1886)  time: 0.4092  data: 0.0847  max mem: 11361
Epoch: [11]  [100/312]  eta: 0:01:36  lr: 0.000244  sp_loss: 7.6325 (7.6500)  fam_loss: 4.4697 (4.2927)  manu_loss: 3.0768 (2.9966)  ot_loss: 0.5235 (0.5258)  base_loss: 7.3050 (7.2358)  time: 0.4161  data: 0.1106  max mem: 11361
Epoch: [11]  [150/312]  eta: 0:01:10  lr: 0.000244  sp_loss: 7.9191 (7.6737)  fam_loss: 4.3333 (4.2951)  manu_loss: 3.0783 (2.9968)  ot_loss: 0.5209 (0.5257)  base_loss: 7.4264 (7.2500)  time: 0.4319  data: 0.1188  max mem: 11361
Epoch: [11]  [200/312]  eta: 0:00:47  lr: 0.000244  sp_loss: 7.9438 (7.7136)  fam_loss: 4.4740 (4.3274)  manu_loss: 3.0671 (3.0153)  ot_loss: 0.5216 (0.5252)  base_loss: 7.4744 (7.2847)  time: 0.3649  data: 0.0519  max mem: 11361
Epoch: [11]  [250/312]  eta: 0:00:25  lr: 0.000244  sp_loss: 7.9084 (7.7335)  fam_loss: 4.4738 (4.3426)  manu_loss: 3.1445 (3.0258)  ot_loss: 0.5227 (0.5249)  base_loss: 7.4848 (7.3019)  time: 0.3594  data: 0.0581  max mem: 11361
Epoch: [11]  [300/312]  eta: 0:00:05  lr: 0.000244  sp_loss: 7.8856 (7.7359)  fam_loss: 4.4239 (4.3398)  manu_loss: 3.0851 (3.0276)  ot_loss: 0.5210 (0.5250)  base_loss: 7.4325 (7.3024)  time: 0.4027  data: 0.0959  max mem: 11361
Epoch: [11]  [311/312]  eta: 0:00:00  lr: 0.000244  sp_loss: 8.0365 (7.7425)  fam_loss: 4.5257 (4.3457)  manu_loss: 3.1723 (3.0313)  ot_loss: 0.5210 (0.5249)  base_loss: 7.5330 (7.3084)  time: 0.3278  data: 0.0452  max mem: 11361
Epoch: [11] Total time: 0:02:08 (0.4130 s / it)
Averaged stats: lr: 0.000244  sp_loss: 8.0365 (7.7425)  fam_loss: 4.5257 (4.3457)  manu_loss: 3.1723 (3.0313)  ot_loss: 0.5210 (0.5249)  base_loss: 7.5330 (7.3084)
Epoch: [12]  [  0/312]  eta: 0:31:02  lr: 0.000243  sp_loss: 7.8040 (7.8040)  fam_loss: 4.2032 (4.2032)  manu_loss: 2.9638 (2.9638)  ot_loss: 0.5220 (0.5220)  base_loss: 7.3009 (7.3009)  time: 5.9710  data: 5.6020  max mem: 11361
Epoch: [12]  [ 50/312]  eta: 0:02:14  lr: 0.000243  sp_loss: 7.5713 (7.5608)  fam_loss: 4.2355 (4.2802)  manu_loss: 2.8874 (2.9861)  ot_loss: 0.5262 (0.5271)  base_loss: 7.2348 (7.1769)  time: 0.4179  data: 0.0797  max mem: 11361
Epoch: [12]  [100/312]  eta: 0:01:37  lr: 0.000243  sp_loss: 7.5292 (7.5670)  fam_loss: 4.2957 (4.2623)  manu_loss: 2.9787 (2.9643)  ot_loss: 0.5254 (0.5269)  base_loss: 7.1721 (7.1708)  time: 0.4298  data: 0.1309  max mem: 11361
Epoch: [12]  [150/312]  eta: 0:01:11  lr: 0.000243  sp_loss: 7.5208 (7.5582)  fam_loss: 4.2411 (4.2568)  manu_loss: 2.9653 (2.9694)  ot_loss: 0.5282 (0.5273)  base_loss: 7.1822 (7.1652)  time: 0.4178  data: 0.1182  max mem: 11361
Epoch: [12]  [200/312]  eta: 0:00:48  lr: 0.000243  sp_loss: 7.7328 (7.5534)  fam_loss: 4.3199 (4.2536)  manu_loss: 3.0522 (2.9665)  ot_loss: 0.5237 (0.5273)  base_loss: 7.3197 (7.1616)  time: 0.3568  data: 0.0526  max mem: 11361
Epoch: [12]  [250/312]  eta: 0:00:26  lr: 0.000243  sp_loss: 7.8151 (7.5662)  fam_loss: 4.4101 (4.2627)  manu_loss: 3.1319 (2.9783)  ot_loss: 0.5234 (0.5270)  base_loss: 7.4038 (7.1736)  time: 0.3562  data: 0.0540  max mem: 11361
Epoch: [12]  [300/312]  eta: 0:00:05  lr: 0.000243  sp_loss: 7.6660 (7.5813)  fam_loss: 4.3706 (4.2736)  manu_loss: 3.0667 (2.9829)  ot_loss: 0.5244 (0.5269)  base_loss: 7.2901 (7.1857)  time: 0.4027  data: 0.1024  max mem: 11361
Epoch: [12]  [311/312]  eta: 0:00:00  lr: 0.000243  sp_loss: 7.9427 (7.5933)  fam_loss: 4.5911 (4.2828)  manu_loss: 3.2096 (2.9903)  ot_loss: 0.5220 (0.5268)  base_loss: 7.5287 (7.1963)  time: 0.3329  data: 0.0478  max mem: 11361
Epoch: [12] Total time: 0:02:09 (0.4142 s / it)
Averaged stats: lr: 0.000243  sp_loss: 7.9427 (7.5933)  fam_loss: 4.5911 (4.2828)  manu_loss: 3.2096 (2.9903)  ot_loss: 0.5220 (0.5268)  base_loss: 7.5287 (7.1963)
Epoch: [13]  [  0/312]  eta: 0:33:35  lr: 0.000242  sp_loss: 7.8103 (7.8103)  fam_loss: 4.3297 (4.3297)  manu_loss: 3.1725 (3.1725)  ot_loss: 0.5240 (0.5240)  base_loss: 7.3613 (7.3613)  time: 6.4604  data: 6.0973  max mem: 11361
Epoch: [13]  [ 50/312]  eta: 0:02:15  lr: 0.000242  sp_loss: 7.3711 (7.1948)  fam_loss: 4.1178 (4.0128)  manu_loss: 2.8689 (2.8062)  ot_loss: 0.5291 (0.5316)  base_loss: 7.0607 (6.8611)  time: 0.4214  data: 0.1099  max mem: 11361
Epoch: [13]  [100/312]  eta: 0:01:37  lr: 0.000242  sp_loss: 7.3970 (7.3067)  fam_loss: 4.2990 (4.1188)  manu_loss: 3.0598 (2.8867)  ot_loss: 0.5273 (0.5299)  base_loss: 7.0657 (6.9686)  time: 0.4292  data: 0.1173  max mem: 11361
Epoch: [13]  [150/312]  eta: 0:01:10  lr: 0.000242  sp_loss: 7.4220 (7.3585)  fam_loss: 4.1452 (4.1558)  manu_loss: 2.9818 (2.9241)  ot_loss: 0.5266 (0.5293)  base_loss: 7.0616 (7.0146)  time: 0.4185  data: 0.1121  max mem: 11361
Epoch: [13]  [200/312]  eta: 0:00:48  lr: 0.000242  sp_loss: 7.8912 (7.3846)  fam_loss: 4.4617 (4.1713)  manu_loss: 3.1201 (2.9344)  ot_loss: 0.5231 (0.5291)  base_loss: 7.4153 (7.0355)  time: 0.3679  data: 0.0652  max mem: 11361
Epoch: [13]  [250/312]  eta: 0:00:26  lr: 0.000242  sp_loss: 7.3245 (7.3825)  fam_loss: 4.1316 (4.1644)  manu_loss: 2.8397 (2.9209)  ot_loss: 0.5289 (0.5292)  base_loss: 7.0119 (7.0298)  time: 0.3734  data: 0.0705  max mem: 11361
Epoch: [13]  [300/312]  eta: 0:00:05  lr: 0.000242  sp_loss: 7.6217 (7.4008)  fam_loss: 4.3414 (4.1748)  manu_loss: 2.9588 (2.9235)  ot_loss: 0.5247 (0.5290)  base_loss: 7.2478 (7.0433)  time: 0.3833  data: 0.0739  max mem: 11361
Epoch: [13]  [311/312]  eta: 0:00:00  lr: 0.000242  sp_loss: 7.6638 (7.4025)  fam_loss: 4.3513 (4.1741)  manu_loss: 2.9588 (2.9232)  ot_loss: 0.5237 (0.5290)  base_loss: 7.3505 (7.0441)  time: 0.3351  data: 0.0487  max mem: 11361
Epoch: [13] Total time: 0:02:10 (0.4175 s / it)
Averaged stats: lr: 0.000242  sp_loss: 7.6638 (7.4025)  fam_loss: 4.3513 (4.1741)  manu_loss: 2.9588 (2.9232)  ot_loss: 0.5237 (0.5290)  base_loss: 7.3505 (7.0441)
Epoch: [14]  [  0/312]  eta: 0:33:07  lr: 0.000240  sp_loss: 7.3499 (7.3499)  fam_loss: 4.3892 (4.3892)  manu_loss: 3.0402 (3.0402)  ot_loss: 0.5260 (0.5260)  base_loss: 7.0859 (7.0859)  time: 6.3707  data: 6.0316  max mem: 11361
Epoch: [14]  [ 50/312]  eta: 0:02:14  lr: 0.000240  sp_loss: 7.3041 (7.3250)  fam_loss: 4.2224 (4.2006)  manu_loss: 2.9477 (2.9412)  ot_loss: 0.5285 (0.5299)  base_loss: 7.0557 (7.0087)  time: 0.4258  data: 0.1243  max mem: 11361
Epoch: [14]  [100/312]  eta: 0:01:36  lr: 0.000240  sp_loss: 7.5286 (7.3357)  fam_loss: 4.3134 (4.2185)  manu_loss: 2.8791 (2.9525)  ot_loss: 0.5272 (0.5296)  base_loss: 7.0541 (7.0215)  time: 0.4166  data: 0.1161  max mem: 11361
Epoch: [14]  [150/312]  eta: 0:01:10  lr: 0.000240  sp_loss: 7.6010 (7.3321)  fam_loss: 4.3367 (4.2069)  manu_loss: 3.0701 (2.9471)  ot_loss: 0.5261 (0.5296)  base_loss: 7.2204 (7.0155)  time: 0.4145  data: 0.1138  max mem: 11361
Epoch: [14]  [200/312]  eta: 0:00:47  lr: 0.000240  sp_loss: 7.6498 (7.3523)  fam_loss: 4.3304 (4.2061)  manu_loss: 3.0768 (2.9513)  ot_loss: 0.5250 (0.5293)  base_loss: 7.2800 (7.0273)  time: 0.3509  data: 0.0514  max mem: 11361
Epoch: [14]  [250/312]  eta: 0:00:25  lr: 0.000240  sp_loss: 7.2392 (7.3599)  fam_loss: 4.1497 (4.2116)  manu_loss: 2.9882 (2.9566)  ot_loss: 0.5290 (0.5293)  base_loss: 6.9183 (7.0342)  time: 0.3598  data: 0.0603  max mem: 11361
Epoch: [14]  [300/312]  eta: 0:00:04  lr: 0.000240  sp_loss: 7.7223 (7.3803)  fam_loss: 4.3924 (4.2211)  manu_loss: 3.0759 (2.9645)  ot_loss: 0.5259 (0.5290)  base_loss: 7.2874 (7.0501)  time: 0.4063  data: 0.1085  max mem: 11361
Epoch: [14]  [311/312]  eta: 0:00:00  lr: 0.000240  sp_loss: 7.4566 (7.3840)  fam_loss: 4.2860 (4.2220)  manu_loss: 3.0472 (2.9639)  ot_loss: 0.5251 (0.5290)  base_loss: 7.1169 (7.0523)  time: 0.3391  data: 0.0559  max mem: 11361
Epoch: [14] Total time: 0:02:08 (0.4115 s / it)
Averaged stats: lr: 0.000240  sp_loss: 7.4566 (7.3840)  fam_loss: 4.2860 (4.2220)  manu_loss: 3.0472 (2.9639)  ot_loss: 0.5251 (0.5290)  base_loss: 7.1169 (7.0523)
Epoch: [15]  [  0/312]  eta: 0:30:15  lr: 0.000239  sp_loss: 7.2191 (7.2191)  fam_loss: 4.1944 (4.1944)  manu_loss: 2.9904 (2.9904)  ot_loss: 0.5307 (0.5307)  base_loss: 6.9474 (6.9474)  time: 5.8190  data: 5.4739  max mem: 11361
Epoch: [15]  [ 50/312]  eta: 0:02:13  lr: 0.000239  sp_loss: 7.3380 (7.2798)  fam_loss: 4.3008 (4.2098)  manu_loss: 3.0179 (2.9512)  ot_loss: 0.5273 (0.5297)  base_loss: 7.0653 (6.9848)  time: 0.4140  data: 0.1113  max mem: 11361
Epoch: [15]  [100/312]  eta: 0:01:35  lr: 0.000239  sp_loss: 7.1477 (7.2555)  fam_loss: 4.1210 (4.1952)  manu_loss: 2.9616 (2.9414)  ot_loss: 0.5312 (0.5302)  base_loss: 6.8956 (6.9651)  time: 0.4024  data: 0.0913  max mem: 11361
Epoch: [15]  [150/312]  eta: 0:01:09  lr: 0.000239  sp_loss: 7.2913 (7.2413)  fam_loss: 4.2880 (4.1661)  manu_loss: 2.8355 (2.9222)  ot_loss: 0.5278 (0.5304)  base_loss: 6.9976 (6.9461)  time: 0.4197  data: 0.0987  max mem: 11361
Epoch: [15]  [200/312]  eta: 0:00:47  lr: 0.000239  sp_loss: 6.8448 (7.2060)  fam_loss: 3.8856 (4.1301)  manu_loss: 2.7955 (2.9033)  ot_loss: 0.5347 (0.5309)  base_loss: 6.6397 (6.9129)  time: 0.3684  data: 0.0550  max mem: 11361
Epoch: [15]  [250/312]  eta: 0:00:25  lr: 0.000239  sp_loss: 7.3574 (7.2120)  fam_loss: 4.2452 (4.1297)  manu_loss: 2.9585 (2.9016)  ot_loss: 0.5284 (0.5309)  base_loss: 7.0346 (6.9158)  time: 0.3616  data: 0.0554  max mem: 11361
Epoch: [15]  [300/312]  eta: 0:00:04  lr: 0.000239  sp_loss: 7.5007 (7.2341)  fam_loss: 4.3936 (4.1429)  manu_loss: 3.0211 (2.9103)  ot_loss: 0.5268 (0.5306)  base_loss: 7.2325 (6.9337)  time: 0.3860  data: 0.0860  max mem: 11361
Epoch: [15]  [311/312]  eta: 0:00:00  lr: 0.000239  sp_loss: 7.6166 (7.2387)  fam_loss: 4.4228 (4.1454)  manu_loss: 3.0353 (2.9111)  ot_loss: 0.5252 (0.5306)  base_loss: 7.2820 (6.9372)  time: 0.3360  data: 0.0502  max mem: 11361
Epoch: [15] Total time: 0:02:08 (0.4122 s / it)
Averaged stats: lr: 0.000239  sp_loss: 7.6166 (7.2387)  fam_loss: 4.4228 (4.1454)  manu_loss: 3.0353 (2.9111)  ot_loss: 0.5252 (0.5306)  base_loss: 7.2820 (6.9372)
Epoch: [16]  [  0/312]  eta: 0:33:08  lr: 0.000237  sp_loss: 7.1135 (7.1135)  fam_loss: 4.1552 (4.1552)  manu_loss: 2.8431 (2.8431)  ot_loss: 0.5328 (0.5328)  base_loss: 6.8531 (6.8531)  time: 6.3728  data: 5.9501  max mem: 11361
Epoch: [16]  [ 50/312]  eta: 0:02:18  lr: 0.000237  sp_loss: 7.1751 (7.0999)  fam_loss: 4.2218 (4.1168)  manu_loss: 3.0032 (2.9142)  ot_loss: 0.5303 (0.5313)  base_loss: 6.9409 (6.8513)  time: 0.4282  data: 0.1257  max mem: 11361
Epoch: [16]  [100/312]  eta: 0:01:37  lr: 0.000237  sp_loss: 7.3073 (7.0864)  fam_loss: 4.1533 (4.0947)  manu_loss: 3.0182 (2.8954)  ot_loss: 0.5311 (0.5320)  base_loss: 6.9932 (6.8324)  time: 0.4170  data: 0.1105  max mem: 11361
Epoch: [16]  [150/312]  eta: 0:01:11  lr: 0.000237  sp_loss: 7.3683 (7.1169)  fam_loss: 4.2705 (4.1090)  manu_loss: 3.0077 (2.8976)  ot_loss: 0.5275 (0.5317)  base_loss: 7.0431 (6.8542)  time: 0.4330  data: 0.1320  max mem: 11361
Epoch: [16]  [200/312]  eta: 0:00:48  lr: 0.000237  sp_loss: 6.9697 (7.1193)  fam_loss: 3.9460 (4.1047)  manu_loss: 2.7661 (2.8919)  ot_loss: 0.5285 (0.5317)  base_loss: 6.7468 (6.8535)  time: 0.3610  data: 0.0580  max mem: 11361
Epoch: [16]  [250/312]  eta: 0:00:26  lr: 0.000237  sp_loss: 7.5138 (7.1558)  fam_loss: 4.2392 (4.1183)  manu_loss: 2.9498 (2.8967)  ot_loss: 0.5283 (0.5314)  base_loss: 7.1152 (6.8792)  time: 0.3569  data: 0.0546  max mem: 11361
Epoch: [16]  [300/312]  eta: 0:00:05  lr: 0.000237  sp_loss: 7.3625 (7.1696)  fam_loss: 4.2847 (4.1355)  manu_loss: 3.0134 (2.9110)  ot_loss: 0.5264 (0.5312)  base_loss: 7.0625 (6.8938)  time: 0.3946  data: 0.0938  max mem: 11361
Epoch: [16]  [311/312]  eta: 0:00:00  lr: 0.000237  sp_loss: 7.3878 (7.1802)  fam_loss: 4.2847 (4.1423)  manu_loss: 3.0521 (2.9165)  ot_loss: 0.5278 (0.5311)  base_loss: 7.0625 (6.9024)  time: 0.3281  data: 0.0478  max mem: 11361
Epoch: [16] Total time: 0:02:10 (0.4170 s / it)
Averaged stats: lr: 0.000237  sp_loss: 7.3878 (7.1802)  fam_loss: 4.2847 (4.1423)  manu_loss: 3.0521 (2.9165)  ot_loss: 0.5278 (0.5311)  base_loss: 7.0625 (6.9024)
Epoch: [17]  [  0/312]  eta: 0:31:05  lr: 0.000235  sp_loss: 6.6227 (6.6227)  fam_loss: 3.9386 (3.9386)  manu_loss: 2.8245 (2.8245)  ot_loss: 0.5404 (0.5404)  base_loss: 6.5088 (6.5088)  time: 5.9803  data: 5.6345  max mem: 11361
Epoch: [17]  [ 50/312]  eta: 0:02:15  lr: 0.000235  sp_loss: 7.3581 (6.9752)  fam_loss: 4.3534 (4.0429)  manu_loss: 3.0087 (2.8529)  ot_loss: 0.5278 (0.5333)  base_loss: 7.0985 (6.7469)  time: 0.4219  data: 0.1230  max mem: 11361
Epoch: [17]  [100/312]  eta: 0:01:36  lr: 0.000235  sp_loss: 7.3411 (6.9928)  fam_loss: 4.2675 (4.0566)  manu_loss: 2.8659 (2.8510)  ot_loss: 0.5298 (0.5330)  base_loss: 7.0463 (6.7594)  time: 0.4145  data: 0.1130  max mem: 11361
Epoch: [17]  [150/312]  eta: 0:01:10  lr: 0.000235  sp_loss: 7.1445 (7.0137)  fam_loss: 4.0521 (4.0596)  manu_loss: 2.8269 (2.8529)  ot_loss: 0.5302 (0.5327)  base_loss: 6.8421 (6.7725)  time: 0.4101  data: 0.1114  max mem: 11361
Epoch: [17]  [200/312]  eta: 0:00:47  lr: 0.000235  sp_loss: 7.4331 (7.0428)  fam_loss: 4.3608 (4.0852)  manu_loss: 3.0304 (2.8687)  ot_loss: 0.5279 (0.5324)  base_loss: 7.1877 (6.7983)  time: 0.3677  data: 0.0631  max mem: 11361
Epoch: [17]  [250/312]  eta: 0:00:25  lr: 0.000235  sp_loss: 7.0973 (7.0324)  fam_loss: 4.2325 (4.0749)  manu_loss: 3.0380 (2.8636)  ot_loss: 0.5315 (0.5326)  base_loss: 6.8908 (6.7886)  time: 0.3519  data: 0.0493  max mem: 11361
Epoch: [17]  [300/312]  eta: 0:00:05  lr: 0.000235  sp_loss: 7.3338 (7.0356)  fam_loss: 4.1572 (4.0745)  manu_loss: 2.9835 (2.8643)  ot_loss: 0.5271 (0.5326)  base_loss: 6.9893 (6.7905)  time: 0.4038  data: 0.0886  max mem: 11361
Epoch: [17]  [311/312]  eta: 0:00:00  lr: 0.000235  sp_loss: 7.1916 (7.0385)  fam_loss: 4.3383 (4.0769)  manu_loss: 3.0164 (2.8670)  ot_loss: 0.5282 (0.5326)  base_loss: 6.9857 (6.7935)  time: 0.3249  data: 0.0422  max mem: 11361
Epoch: [17] Total time: 0:02:08 (0.4130 s / it)
Averaged stats: lr: 0.000235  sp_loss: 7.1916 (7.0385)  fam_loss: 4.3383 (4.0769)  manu_loss: 3.0164 (2.8670)  ot_loss: 0.5282 (0.5326)  base_loss: 6.9857 (6.7935)
Epoch: [18]  [  0/312]  eta: 0:32:06  lr: 0.000233  sp_loss: 6.0186 (6.0186)  fam_loss: 3.2567 (3.2567)  manu_loss: 2.4396 (2.4396)  ot_loss: 0.5424 (0.5424)  base_loss: 5.9086 (5.9086)  time: 6.1752  data: 5.8302  max mem: 11361
Epoch: [18]  [ 50/312]  eta: 0:02:16  lr: 0.000233  sp_loss: 6.8451 (6.9796)  fam_loss: 4.0939 (4.0874)  manu_loss: 2.8043 (2.8901)  ot_loss: 0.5325 (0.5326)  base_loss: 6.6762 (6.7658)  time: 0.4070  data: 0.1045  max mem: 11361
Epoch: [18]  [100/312]  eta: 0:01:36  lr: 0.000233  sp_loss: 7.1260 (6.9613)  fam_loss: 4.1615 (4.0812)  manu_loss: 2.7969 (2.8718)  ot_loss: 0.5317 (0.5330)  base_loss: 6.9108 (6.7502)  time: 0.4187  data: 0.1182  max mem: 11361
Epoch: [18]  [150/312]  eta: 0:01:10  lr: 0.000233  sp_loss: 7.2911 (6.9728)  fam_loss: 4.1971 (4.0655)  manu_loss: 2.9169 (2.8591)  ot_loss: 0.5282 (0.5329)  base_loss: 7.0063 (6.7507)  time: 0.3976  data: 0.0954  max mem: 11361
Epoch: [18]  [200/312]  eta: 0:00:47  lr: 0.000233  sp_loss: 7.0907 (6.9510)  fam_loss: 3.9894 (4.0452)  manu_loss: 2.8678 (2.8456)  ot_loss: 0.5318 (0.5333)  base_loss: 6.7738 (6.7298)  time: 0.3536  data: 0.0495  max mem: 11361
Epoch: [18]  [250/312]  eta: 0:00:25  lr: 0.000233  sp_loss: 7.2456 (6.9965)  fam_loss: 4.3028 (4.0729)  manu_loss: 3.0356 (2.8675)  ot_loss: 0.5289 (0.5328)  base_loss: 7.0163 (6.7670)  time: 0.3578  data: 0.0540  max mem: 11361
Epoch: [18]  [300/312]  eta: 0:00:05  lr: 0.000233  sp_loss: 7.1903 (7.0110)  fam_loss: 4.2267 (4.0810)  manu_loss: 3.0540 (2.8783)  ot_loss: 0.5292 (0.5326)  base_loss: 6.9720 (6.7796)  time: 0.4098  data: 0.1015  max mem: 11361
Epoch: [18]  [311/312]  eta: 0:00:00  lr: 0.000233  sp_loss: 7.2841 (7.0174)  fam_loss: 4.3664 (4.0831)  manu_loss: 3.0427 (2.8783)  ot_loss: 0.5277 (0.5326)  base_loss: 7.0279 (6.7839)  time: 0.3340  data: 0.0476  max mem: 11361
Epoch: [18] Total time: 0:02:08 (0.4129 s / it)
Averaged stats: lr: 0.000233  sp_loss: 7.2841 (7.0174)  fam_loss: 4.3664 (4.0831)  manu_loss: 3.0427 (2.8783)  ot_loss: 0.5277 (0.5326)  base_loss: 7.0279 (6.7839)
Epoch: [19]  [  0/312]  eta: 0:34:07  lr: 0.000231  sp_loss: 7.1769 (7.1769)  fam_loss: 4.2801 (4.2801)  manu_loss: 2.9748 (2.9748)  ot_loss: 0.5274 (0.5274)  base_loss: 6.9410 (6.9410)  time: 6.5635  data: 6.2038  max mem: 11361
Epoch: [19]  [ 50/312]  eta: 0:02:15  lr: 0.000231  sp_loss: 7.3722 (6.9322)  fam_loss: 4.2791 (4.0472)  manu_loss: 2.9912 (2.8614)  ot_loss: 0.5281 (0.5328)  base_loss: 7.0938 (6.7199)  time: 0.4335  data: 0.1337  max mem: 11361
Epoch: [19]  [100/312]  eta: 0:01:36  lr: 0.000231  sp_loss: 7.0367 (6.9303)  fam_loss: 4.0868 (4.0605)  manu_loss: 2.8562 (2.8643)  ot_loss: 0.5302 (0.5329)  base_loss: 6.8014 (6.7245)  time: 0.4032  data: 0.1007  max mem: 11361
Epoch: [19]  [150/312]  eta: 0:01:10  lr: 0.000231  sp_loss: 7.2118 (6.9232)  fam_loss: 4.2713 (4.0588)  manu_loss: 2.9606 (2.8628)  ot_loss: 0.5295 (0.5332)  base_loss: 6.9666 (6.7199)  time: 0.4175  data: 0.1164  max mem: 11361
Epoch: [19]  [200/312]  eta: 0:00:47  lr: 0.000231  sp_loss: 6.8956 (6.8919)  fam_loss: 3.9660 (4.0277)  manu_loss: 2.7517 (2.8344)  ot_loss: 0.5334 (0.5336)  base_loss: 6.6675 (6.6890)  time: 0.3539  data: 0.0546  max mem: 11361
Epoch: [19]  [250/312]  eta: 0:00:25  lr: 0.000231  sp_loss: 7.2134 (6.8938)  fam_loss: 4.2231 (4.0281)  manu_loss: 3.0117 (2.8324)  ot_loss: 0.5298 (0.5336)  base_loss: 6.9780 (6.6899)  time: 0.3539  data: 0.0538  max mem: 11361
Epoch: [19]  [300/312]  eta: 0:00:04  lr: 0.000231  sp_loss: 6.8075 (6.8950)  fam_loss: 3.9865 (4.0198)  manu_loss: 2.7444 (2.8284)  ot_loss: 0.5338 (0.5336)  base_loss: 6.6029 (6.6876)  time: 0.3938  data: 0.0926  max mem: 11361
Epoch: [19]  [311/312]  eta: 0:00:00  lr: 0.000231  sp_loss: 7.0726 (6.9011)  fam_loss: 4.1222 (4.0227)  manu_loss: 2.9350 (2.8320)  ot_loss: 0.5336 (0.5336)  base_loss: 6.8255 (6.6924)  time: 0.3366  data: 0.0507  max mem: 11361
Epoch: [19] Total time: 0:02:07 (0.4080 s / it)
Averaged stats: lr: 0.000231  sp_loss: 7.0726 (6.9011)  fam_loss: 4.1222 (4.0227)  manu_loss: 2.9350 (2.8320)  ot_loss: 0.5336 (0.5336)  base_loss: 6.8255 (6.6924)
Epoch: [20]  [  0/312]  eta: 0:33:17  lr: 0.000229  sp_loss: 6.9365 (6.9365)  fam_loss: 4.1142 (4.1142)  manu_loss: 2.7438 (2.7438)  ot_loss: 0.5322 (0.5322)  base_loss: 6.7198 (6.7198)  time: 6.4012  data: 5.5871  max mem: 11361
Epoch: [20]  [ 50/312]  eta: 0:02:14  lr: 0.000229  sp_loss: 6.9626 (6.9826)  fam_loss: 4.1548 (4.1090)  manu_loss: 2.9601 (2.9116)  ot_loss: 0.5329 (0.5321)  base_loss: 6.7764 (6.7758)  time: 0.4155  data: 0.1144  max mem: 11361
Epoch: [20]  [100/312]  eta: 0:01:35  lr: 0.000229  sp_loss: 6.7315 (6.9790)  fam_loss: 4.0653 (4.1079)  manu_loss: 2.8992 (2.9042)  ot_loss: 0.5345 (0.5324)  base_loss: 6.6271 (6.7710)  time: 0.4160  data: 0.1187  max mem: 11361
Epoch: [20]  [150/312]  eta: 0:01:10  lr: 0.000229  sp_loss: 6.7406 (6.9550)  fam_loss: 4.1086 (4.0840)  manu_loss: 2.8094 (2.8869)  ot_loss: 0.5309 (0.5329)  base_loss: 6.6722 (6.7482)  time: 0.4082  data: 0.1099  max mem: 11361
Epoch: [20]  [200/312]  eta: 0:00:47  lr: 0.000229  sp_loss: 6.7850 (6.9389)  fam_loss: 3.9633 (4.0699)  manu_loss: 2.7746 (2.8797)  ot_loss: 0.5342 (0.5331)  base_loss: 6.6712 (6.7344)  time: 0.3542  data: 0.0569  max mem: 11361
Epoch: [20]  [250/312]  eta: 0:00:25  lr: 0.000229  sp_loss: 6.6221 (6.8818)  fam_loss: 3.9800 (4.0198)  manu_loss: 2.7542 (2.8461)  ot_loss: 0.5313 (0.5337)  base_loss: 6.5091 (6.6823)  time: 0.3597  data: 0.0596  max mem: 11361
Epoch: [20]  [300/312]  eta: 0:00:04  lr: 0.000229  sp_loss: 7.2416 (6.8847)  fam_loss: 4.2157 (4.0167)  manu_loss: 2.9419 (2.8428)  ot_loss: 0.5305 (0.5337)  base_loss: 6.9576 (6.6824)  time: 0.3948  data: 0.0947  max mem: 11361
Epoch: [20]  [311/312]  eta: 0:00:00  lr: 0.000229  sp_loss: 7.2233 (6.8883)  fam_loss: 4.2863 (4.0171)  manu_loss: 2.9849 (2.8452)  ot_loss: 0.5293 (0.5337)  base_loss: 6.9712 (6.6850)  time: 0.3312  data: 0.0503  max mem: 11361
Epoch: [20] Total time: 0:02:07 (0.4085 s / it)
Averaged stats: lr: 0.000229  sp_loss: 7.2233 (6.8883)  fam_loss: 4.2863 (4.0171)  manu_loss: 2.9849 (2.8452)  ot_loss: 0.5293 (0.5337)  base_loss: 6.9712 (6.6850)
Epoch: [21]  [  0/312]  eta: 0:30:59  lr: 0.000227  sp_loss: 6.0468 (6.0468)  fam_loss: 3.4553 (3.4553)  manu_loss: 2.4262 (2.4262)  ot_loss: 0.5477 (0.5477)  base_loss: 5.9841 (5.9841)  time: 5.9587  data: 5.6138  max mem: 11361
Epoch: [21]  [ 50/312]  eta: 0:02:15  lr: 0.000227  sp_loss: 6.9393 (6.7367)  fam_loss: 4.0143 (3.9600)  manu_loss: 2.8701 (2.8082)  ot_loss: 0.5308 (0.5345)  base_loss: 6.7225 (6.5766)  time: 0.4458  data: 0.1222  max mem: 11361
Epoch: [21]  [100/312]  eta: 0:01:36  lr: 0.000227  sp_loss: 6.7375 (6.7360)  fam_loss: 3.9926 (3.9601)  manu_loss: 2.7977 (2.8005)  ot_loss: 0.5330 (0.5347)  base_loss: 6.5716 (6.5757)  time: 0.4308  data: 0.1124  max mem: 11361
Epoch: [21]  [150/312]  eta: 0:01:09  lr: 0.000227  sp_loss: 7.0949 (6.7079)  fam_loss: 4.0870 (3.9314)  manu_loss: 2.8582 (2.7783)  ot_loss: 0.5329 (0.5353)  base_loss: 6.8596 (6.5467)  time: 0.4099  data: 0.1090  max mem: 11361
Epoch: [21]  [200/312]  eta: 0:00:47  lr: 0.000227  sp_loss: 6.4115 (6.7301)  fam_loss: 3.6562 (3.9442)  manu_loss: 2.5853 (2.7813)  ot_loss: 0.5385 (0.5351)  base_loss: 6.2987 (6.5632)  time: 0.3633  data: 0.0599  max mem: 11361
Epoch: [21]  [250/312]  eta: 0:00:25  lr: 0.000227  sp_loss: 7.2538 (6.7536)  fam_loss: 4.1507 (3.9568)  manu_loss: 2.8676 (2.7890)  ot_loss: 0.5304 (0.5350)  base_loss: 6.9443 (6.5811)  time: 0.3555  data: 0.0570  max mem: 11361
Epoch: [21]  [300/312]  eta: 0:00:04  lr: 0.000227  sp_loss: 6.4424 (6.7415)  fam_loss: 3.8430 (3.9453)  manu_loss: 2.7624 (2.7780)  ot_loss: 0.5326 (0.5351)  base_loss: 6.3619 (6.5690)  time: 0.4039  data: 0.1046  max mem: 11361
Epoch: [21]  [311/312]  eta: 0:00:00  lr: 0.000227  sp_loss: 6.3360 (6.7356)  fam_loss: 3.6003 (3.9415)  manu_loss: 2.5744 (2.7754)  ot_loss: 0.5399 (0.5352)  base_loss: 6.2329 (6.5641)  time: 0.3310  data: 0.0497  max mem: 11361
Epoch: [21] Total time: 0:02:07 (0.4101 s / it)
Averaged stats: lr: 0.000227  sp_loss: 6.3360 (6.7356)  fam_loss: 3.6003 (3.9415)  manu_loss: 2.5744 (2.7754)  ot_loss: 0.5399 (0.5352)  base_loss: 6.2329 (6.5641)
Epoch: [22]  [  0/312]  eta: 0:31:37  lr: 0.000225  sp_loss: 6.2004 (6.2004)  fam_loss: 3.9099 (3.9099)  manu_loss: 2.6617 (2.6617)  ot_loss: 0.5400 (0.5400)  base_loss: 6.2343 (6.2343)  time: 6.0827  data: 5.7484  max mem: 11361
Epoch: [22]  [ 50/312]  eta: 0:02:12  lr: 0.000225  sp_loss: 6.4836 (6.5600)  fam_loss: 3.9392 (3.8585)  manu_loss: 2.6658 (2.7270)  ot_loss: 0.5356 (0.5368)  base_loss: 6.4263 (6.4307)  time: 0.4310  data: 0.1244  max mem: 11361
Epoch: [22]  [100/312]  eta: 0:01:35  lr: 0.000225  sp_loss: 6.7085 (6.5812)  fam_loss: 3.9282 (3.8666)  manu_loss: 2.8581 (2.7136)  ot_loss: 0.5344 (0.5367)  base_loss: 6.5493 (6.4436)  time: 0.4160  data: 0.1079  max mem: 11361
Epoch: [22]  [150/312]  eta: 0:01:09  lr: 0.000225  sp_loss: 6.3277 (6.5746)  fam_loss: 3.6843 (3.8552)  manu_loss: 2.5107 (2.7064)  ot_loss: 0.5351 (0.5367)  base_loss: 6.1966 (6.4357)  time: 0.4215  data: 0.1138  max mem: 11361
Epoch: [22]  [200/312]  eta: 0:00:47  lr: 0.000225  sp_loss: 6.9583 (6.6047)  fam_loss: 4.1623 (3.8640)  manu_loss: 2.9139 (2.7161)  ot_loss: 0.5334 (0.5365)  base_loss: 6.6706 (6.4566)  time: 0.3840  data: 0.0735  max mem: 11361
Epoch: [22]  [250/312]  eta: 0:00:25  lr: 0.000225  sp_loss: 6.5546 (6.6056)  fam_loss: 3.8919 (3.8620)  manu_loss: 2.7640 (2.7151)  ot_loss: 0.5349 (0.5365)  base_loss: 6.4572 (6.4566)  time: 0.3563  data: 0.0533  max mem: 11361
Epoch: [22]  [300/312]  eta: 0:00:04  lr: 0.000225  sp_loss: 7.3552 (6.6633)  fam_loss: 4.3056 (3.8999)  manu_loss: 3.0294 (2.7431)  ot_loss: 0.5275 (0.5359)  base_loss: 7.0923 (6.5051)  time: 0.3889  data: 0.0738  max mem: 11361
Epoch: [22]  [311/312]  eta: 0:00:00  lr: 0.000225  sp_loss: 7.2431 (6.6756)  fam_loss: 4.2695 (3.9078)  manu_loss: 3.0188 (2.7506)  ot_loss: 0.5295 (0.5357)  base_loss: 6.9845 (6.5154)  time: 0.3327  data: 0.0389  max mem: 11361
Epoch: [22] Total time: 0:02:08 (0.4105 s / it)
Averaged stats: lr: 0.000225  sp_loss: 7.2431 (6.6756)  fam_loss: 4.2695 (3.9078)  manu_loss: 3.0188 (2.7506)  ot_loss: 0.5295 (0.5357)  base_loss: 6.9845 (6.5154)
Epoch: [23]  [  0/312]  eta: 0:32:25  lr: 0.000222  sp_loss: 6.6926 (6.6926)  fam_loss: 3.9195 (3.9195)  manu_loss: 2.7067 (2.7067)  ot_loss: 0.5371 (0.5371)  base_loss: 6.5181 (6.5181)  time: 6.2350  data: 5.7318  max mem: 11361
Epoch: [23]  [ 50/312]  eta: 0:02:14  lr: 0.000222  sp_loss: 6.7326 (6.5093)  fam_loss: 4.0828 (3.8531)  manu_loss: 2.8054 (2.7156)  ot_loss: 0.5341 (0.5369)  base_loss: 6.6379 (6.3991)  time: 0.4154  data: 0.1098  max mem: 11361
Epoch: [23]  [100/312]  eta: 0:01:34  lr: 0.000222  sp_loss: 7.2021 (6.6260)  fam_loss: 4.2750 (3.9088)  manu_loss: 2.9577 (2.7570)  ot_loss: 0.5290 (0.5358)  base_loss: 6.9202 (6.4893)  time: 0.4080  data: 0.0991  max mem: 11361
Epoch: [23]  [150/312]  eta: 0:01:09  lr: 0.000222  sp_loss: 6.4552 (6.6054)  fam_loss: 3.7677 (3.8845)  manu_loss: 2.7028 (2.7379)  ot_loss: 0.5368 (0.5360)  base_loss: 6.3291 (6.4682)  time: 0.4312  data: 0.1015  max mem: 11361
Epoch: [23]  [200/312]  eta: 0:00:47  lr: 0.000222  sp_loss: 6.8061 (6.6282)  fam_loss: 4.1070 (3.8999)  manu_loss: 2.8059 (2.7503)  ot_loss: 0.5328 (0.5358)  base_loss: 6.6943 (6.4873)  time: 0.3624  data: 0.0562  max mem: 11361
Epoch: [23]  [250/312]  eta: 0:00:25  lr: 0.000222  sp_loss: 6.9625 (6.6327)  fam_loss: 4.0176 (3.8969)  manu_loss: 2.8668 (2.7491)  ot_loss: 0.5322 (0.5359)  base_loss: 6.6995 (6.4885)  time: 0.3741  data: 0.0750  max mem: 11361
Epoch: [23]  [300/312]  eta: 0:00:04  lr: 0.000222  sp_loss: 6.9491 (6.6405)  fam_loss: 4.0762 (3.8982)  manu_loss: 3.0022 (2.7494)  ot_loss: 0.5309 (0.5358)  base_loss: 6.7799 (6.4934)  time: 0.3743  data: 0.0714  max mem: 11361
Epoch: [23]  [311/312]  eta: 0:00:00  lr: 0.000222  sp_loss: 6.5093 (6.6338)  fam_loss: 3.7900 (3.8924)  manu_loss: 2.7213 (2.7463)  ot_loss: 0.5339 (0.5359)  base_loss: 6.3854 (6.4877)  time: 0.3331  data: 0.0459  max mem: 11361
Epoch: [23] Total time: 0:02:07 (0.4099 s / it)
Averaged stats: lr: 0.000222  sp_loss: 6.5093 (6.6338)  fam_loss: 3.7900 (3.8924)  manu_loss: 2.7213 (2.7463)  ot_loss: 0.5339 (0.5359)  base_loss: 6.3854 (6.4877)
Epoch: [24]  [  0/312]  eta: 0:35:50  lr: 0.000220  sp_loss: 6.9678 (6.9678)  fam_loss: 4.3217 (4.3217)  manu_loss: 2.9661 (2.9661)  ot_loss: 0.5320 (0.5320)  base_loss: 6.8253 (6.8253)  time: 6.8942  data: 6.4900  max mem: 11361
Epoch: [24]  [ 50/312]  eta: 0:02:13  lr: 0.000220  sp_loss: 6.3882 (6.4616)  fam_loss: 3.9173 (3.8262)  manu_loss: 2.7399 (2.6878)  ot_loss: 0.5379 (0.5377)  base_loss: 6.3635 (6.3579)  time: 0.4125  data: 0.1087  max mem: 11361
Epoch: [24]  [100/312]  eta: 0:01:35  lr: 0.000220  sp_loss: 6.6945 (6.4973)  fam_loss: 3.9781 (3.8310)  manu_loss: 2.8008 (2.6935)  ot_loss: 0.5328 (0.5369)  base_loss: 6.6168 (6.3803)  time: 0.4204  data: 0.1067  max mem: 11361
Epoch: [24]  [150/312]  eta: 0:01:10  lr: 0.000220  sp_loss: 7.0419 (6.5224)  fam_loss: 4.1080 (3.8326)  manu_loss: 2.8676 (2.6925)  ot_loss: 0.5318 (0.5370)  base_loss: 6.7539 (6.3953)  time: 0.4170  data: 0.1108  max mem: 11361
Epoch: [24]  [200/312]  eta: 0:00:47  lr: 0.000220  sp_loss: 6.3492 (6.5518)  fam_loss: 3.7530 (3.8497)  manu_loss: 2.6510 (2.7074)  ot_loss: 0.5370 (0.5367)  base_loss: 6.2355 (6.4196)  time: 0.4229  data: 0.1162  max mem: 11361
Epoch: [24]  [250/312]  eta: 0:00:25  lr: 0.000220  sp_loss: 6.4491 (6.5502)  fam_loss: 3.7914 (3.8473)  manu_loss: 2.6616 (2.7076)  ot_loss: 0.5368 (0.5368)  base_loss: 6.2954 (6.4183)  time: 0.3549  data: 0.0531  max mem: 11361
Epoch: [24]  [300/312]  eta: 0:00:04  lr: 0.000220  sp_loss: 6.4810 (6.5535)  fam_loss: 3.7190 (3.8499)  manu_loss: 2.6187 (2.7083)  ot_loss: 0.5354 (0.5368)  base_loss: 6.3110 (6.4213)  time: 0.3564  data: 0.0493  max mem: 11361
Epoch: [24]  [311/312]  eta: 0:00:00  lr: 0.000220  sp_loss: 6.4810 (6.5502)  fam_loss: 3.8185 (3.8485)  manu_loss: 2.6331 (2.7070)  ot_loss: 0.5368 (0.5368)  base_loss: 6.3110 (6.4190)  time: 0.3302  data: 0.0468  max mem: 11361
Epoch: [24] Total time: 0:02:08 (0.4113 s / it)
Averaged stats: lr: 0.000220  sp_loss: 6.4810 (6.5502)  fam_loss: 3.8185 (3.8485)  manu_loss: 2.6331 (2.7070)  ot_loss: 0.5368 (0.5368)  base_loss: 6.3110 (6.4190)
Epoch: [25]  [  0/312]  eta: 0:32:44  lr: 0.000217  sp_loss: 7.2597 (7.2597)  fam_loss: 4.3889 (4.3889)  manu_loss: 3.0416 (3.0416)  ot_loss: 0.5268 (0.5268)  base_loss: 7.0319 (7.0319)  time: 6.2949  data: 5.7273  max mem: 11361
Epoch: [25]  [ 50/312]  eta: 0:02:15  lr: 0.000217  sp_loss: 7.0214 (6.5642)  fam_loss: 4.1068 (3.9162)  manu_loss: 2.8915 (2.7817)  ot_loss: 0.5319 (0.5362)  base_loss: 6.8169 (6.4584)  time: 0.4194  data: 0.1149  max mem: 11361
Epoch: [25]  [100/312]  eta: 0:01:36  lr: 0.000217  sp_loss: 6.8338 (6.5609)  fam_loss: 3.9356 (3.8843)  manu_loss: 2.7776 (2.7477)  ot_loss: 0.5331 (0.5366)  base_loss: 6.6217 (6.4427)  time: 0.4009  data: 0.0931  max mem: 11361
Epoch: [25]  [150/312]  eta: 0:01:10  lr: 0.000217  sp_loss: 6.7393 (6.5647)  fam_loss: 3.8504 (3.8736)  manu_loss: 2.7221 (2.7463)  ot_loss: 0.5362 (0.5366)  base_loss: 6.5854 (6.4421)  time: 0.4137  data: 0.1060  max mem: 11361
Epoch: [25]  [200/312]  eta: 0:00:47  lr: 0.000217  sp_loss: 6.3420 (6.5232)  fam_loss: 3.7391 (3.8384)  manu_loss: 2.7397 (2.7192)  ot_loss: 0.5354 (0.5368)  base_loss: 6.2732 (6.4033)  time: 0.3739  data: 0.0575  max mem: 11361
Epoch: [25]  [250/312]  eta: 0:00:25  lr: 0.000217  sp_loss: 6.5271 (6.4999)  fam_loss: 3.9787 (3.8258)  manu_loss: 2.7968 (2.7076)  ot_loss: 0.5339 (0.5371)  base_loss: 6.4514 (6.3846)  time: 0.3599  data: 0.0476  max mem: 11361
Epoch: [25]  [300/312]  eta: 0:00:04  lr: 0.000217  sp_loss: 6.9534 (6.5264)  fam_loss: 4.1431 (3.8413)  manu_loss: 2.8543 (2.7170)  ot_loss: 0.5319 (0.5370)  base_loss: 6.7600 (6.4052)  time: 0.3976  data: 0.0972  max mem: 11361
Epoch: [25]  [311/312]  eta: 0:00:00  lr: 0.000217  sp_loss: 6.6226 (6.5246)  fam_loss: 3.8871 (3.8410)  manu_loss: 2.8257 (2.7175)  ot_loss: 0.5345 (0.5370)  base_loss: 6.4979 (6.4041)  time: 0.3393  data: 0.0552  max mem: 11361
Epoch: [25] Total time: 0:02:08 (0.4119 s / it)
Averaged stats: lr: 0.000217  sp_loss: 6.6226 (6.5246)  fam_loss: 3.8871 (3.8410)  manu_loss: 2.8257 (2.7175)  ot_loss: 0.5345 (0.5370)  base_loss: 6.4979 (6.4041)
Epoch: [26]  [  0/312]  eta: 0:31:22  lr: 0.000215  sp_loss: 6.9695 (6.9695)  fam_loss: 4.1771 (4.1771)  manu_loss: 2.9172 (2.9172)  ot_loss: 0.5320 (0.5320)  base_loss: 6.7793 (6.7793)  time: 6.0330  data: 5.6505  max mem: 11361
Epoch: [26]  [ 50/312]  eta: 0:02:12  lr: 0.000215  sp_loss: 6.3992 (6.4011)  fam_loss: 3.6458 (3.7772)  manu_loss: 2.5518 (2.6587)  ot_loss: 0.5373 (0.5375)  base_loss: 6.2507 (6.3044)  time: 0.4220  data: 0.1112  max mem: 11361
Epoch: [26]  [100/312]  eta: 0:01:36  lr: 0.000215  sp_loss: 6.5180 (6.4407)  fam_loss: 3.9572 (3.8264)  manu_loss: 2.8314 (2.7002)  ot_loss: 0.5356 (0.5374)  base_loss: 6.4256 (6.3478)  time: 0.4434  data: 0.1306  max mem: 11361
Epoch: [26]  [150/312]  eta: 0:01:09  lr: 0.000215  sp_loss: 6.9614 (6.4488)  fam_loss: 4.1093 (3.8214)  manu_loss: 2.8305 (2.6900)  ot_loss: 0.5320 (0.5374)  base_loss: 6.7867 (6.3497)  time: 0.4243  data: 0.1123  max mem: 11361
Epoch: [26]  [200/312]  eta: 0:00:47  lr: 0.000215  sp_loss: 6.2812 (6.4764)  fam_loss: 3.7870 (3.8406)  manu_loss: 2.5720 (2.7069)  ot_loss: 0.5385 (0.5371)  base_loss: 6.2165 (6.3740)  time: 0.3646  data: 0.0506  max mem: 11361
Epoch: [26]  [250/312]  eta: 0:00:25  lr: 0.000215  sp_loss: 6.8299 (6.4889)  fam_loss: 3.8906 (3.8403)  manu_loss: 2.7409 (2.7091)  ot_loss: 0.5342 (0.5371)  base_loss: 6.6367 (6.3814)  time: 0.3611  data: 0.0579  max mem: 11361
Epoch: [26]  [300/312]  eta: 0:00:04  lr: 0.000215  sp_loss: 6.4519 (6.5032)  fam_loss: 3.9618 (3.8439)  manu_loss: 2.8482 (2.7137)  ot_loss: 0.5339 (0.5369)  base_loss: 6.3980 (6.3915)  time: 0.3686  data: 0.0681  max mem: 11361
Epoch: [26]  [311/312]  eta: 0:00:00  lr: 0.000215  sp_loss: 6.4136 (6.4967)  fam_loss: 3.9265 (3.8373)  manu_loss: 2.6735 (2.7080)  ot_loss: 0.5365 (0.5370)  base_loss: 6.3525 (6.3850)  time: 0.3488  data: 0.0641  max mem: 11361
Epoch: [26] Total time: 0:02:08 (0.4120 s / it)
Averaged stats: lr: 0.000215  sp_loss: 6.4136 (6.4967)  fam_loss: 3.9265 (3.8373)  manu_loss: 2.6735 (2.7080)  ot_loss: 0.5365 (0.5370)  base_loss: 6.3525 (6.3850)
Epoch: [27]  [  0/312]  eta: 0:32:17  lr: 0.000212  sp_loss: 6.2983 (6.2983)  fam_loss: 3.6289 (3.6289)  manu_loss: 2.5058 (2.5058)  ot_loss: 0.5379 (0.5379)  base_loss: 6.1776 (6.1776)  time: 6.2109  data: 5.8107  max mem: 11361
Epoch: [27]  [ 50/312]  eta: 0:02:12  lr: 0.000212  sp_loss: 6.5241 (6.4353)  fam_loss: 3.8660 (3.8257)  manu_loss: 2.7360 (2.6965)  ot_loss: 0.5359 (0.5372)  base_loss: 6.4511 (6.3452)  time: 0.4056  data: 0.0968  max mem: 11361
Epoch: [27]  [100/312]  eta: 0:01:35  lr: 0.000212  sp_loss: 6.5123 (6.4716)  fam_loss: 3.8552 (3.8341)  manu_loss: 2.7726 (2.7146)  ot_loss: 0.5367 (0.5372)  base_loss: 6.3579 (6.3703)  time: 0.4236  data: 0.1149  max mem: 11361
Epoch: [27]  [150/312]  eta: 0:01:09  lr: 0.000212  sp_loss: 6.6123 (6.5189)  fam_loss: 3.9873 (3.8547)  manu_loss: 2.8487 (2.7346)  ot_loss: 0.5327 (0.5365)  base_loss: 6.4989 (6.4067)  time: 0.4152  data: 0.0986  max mem: 11361
Epoch: [27]  [200/312]  eta: 0:00:47  lr: 0.000212  sp_loss: 6.5207 (6.5227)  fam_loss: 3.9635 (3.8610)  manu_loss: 2.8269 (2.7383)  ot_loss: 0.5353 (0.5366)  base_loss: 6.4662 (6.4110)  time: 0.3623  data: 0.0523  max mem: 11361
Epoch: [27]  [250/312]  eta: 0:00:25  lr: 0.000212  sp_loss: 6.4600 (6.5010)  fam_loss: 3.7860 (3.8451)  manu_loss: 2.6800 (2.7225)  ot_loss: 0.5361 (0.5368)  base_loss: 6.3508 (6.3918)  time: 0.3515  data: 0.0483  max mem: 11361
Epoch: [27]  [300/312]  eta: 0:00:04  lr: 0.000212  sp_loss: 6.2767 (6.4911)  fam_loss: 3.7539 (3.8344)  manu_loss: 2.7089 (2.7161)  ot_loss: 0.5370 (0.5369)  base_loss: 6.1992 (6.3823)  time: 0.3912  data: 0.0853  max mem: 11361
Epoch: [27]  [311/312]  eta: 0:00:00  lr: 0.000212  sp_loss: 6.8107 (6.4937)  fam_loss: 3.9790 (3.8374)  manu_loss: 2.8286 (2.7171)  ot_loss: 0.5323 (0.5369)  base_loss: 6.6246 (6.3848)  time: 0.3334  data: 0.0473  max mem: 11361
Epoch: [27] Total time: 0:02:08 (0.4104 s / it)
Averaged stats: lr: 0.000212  sp_loss: 6.8107 (6.4937)  fam_loss: 3.9790 (3.8374)  manu_loss: 2.8286 (2.7171)  ot_loss: 0.5323 (0.5369)  base_loss: 6.6246 (6.3848)
Epoch: [28]  [  0/312]  eta: 0:35:01  lr: 0.000209  sp_loss: 7.2575 (7.2575)  fam_loss: 4.6775 (4.6775)  manu_loss: 3.4074 (3.4074)  ot_loss: 0.5270 (0.5270)  base_loss: 7.1554 (7.1554)  time: 6.7342  data: 6.2968  max mem: 11361
Epoch: [28]  [ 50/312]  eta: 0:02:16  lr: 0.000209  sp_loss: 6.7162 (6.5193)  fam_loss: 3.9406 (3.8950)  manu_loss: 2.7347 (2.7694)  ot_loss: 0.5350 (0.5363)  base_loss: 6.5410 (6.4214)  time: 0.4066  data: 0.1053  max mem: 11361
Epoch: [28]  [100/312]  eta: 0:01:37  lr: 0.000209  sp_loss: 6.4258 (6.4567)  fam_loss: 3.8110 (3.8317)  manu_loss: 2.6769 (2.7057)  ot_loss: 0.5359 (0.5371)  base_loss: 6.3064 (6.3582)  time: 0.4164  data: 0.1170  max mem: 11361
Epoch: [28]  [150/312]  eta: 0:01:10  lr: 0.000209  sp_loss: 6.6575 (6.4468)  fam_loss: 3.8916 (3.8135)  manu_loss: 2.7425 (2.6918)  ot_loss: 0.5355 (0.5373)  base_loss: 6.5185 (6.3464)  time: 0.4070  data: 0.1063  max mem: 11361
Epoch: [28]  [200/312]  eta: 0:00:47  lr: 0.000209  sp_loss: 6.6904 (6.4520)  fam_loss: 3.9124 (3.8183)  manu_loss: 2.7710 (2.6974)  ot_loss: 0.5337 (0.5372)  base_loss: 6.5529 (6.3516)  time: 0.3850  data: 0.0596  max mem: 11361
Epoch: [28]  [250/312]  eta: 0:00:25  lr: 0.000209  sp_loss: 6.2909 (6.4586)  fam_loss: 3.8028 (3.8149)  manu_loss: 2.7037 (2.7004)  ot_loss: 0.5370 (0.5372)  base_loss: 6.2687 (6.3549)  time: 0.3528  data: 0.0502  max mem: 11361
Epoch: [28]  [300/312]  eta: 0:00:04  lr: 0.000209  sp_loss: 6.8126 (6.4435)  fam_loss: 3.9894 (3.8021)  manu_loss: 2.8382 (2.6935)  ot_loss: 0.5339 (0.5373)  base_loss: 6.6702 (6.3418)  time: 0.3789  data: 0.0775  max mem: 11361
Epoch: [28]  [311/312]  eta: 0:00:00  lr: 0.000209  sp_loss: 6.1875 (6.4339)  fam_loss: 3.4804 (3.7930)  manu_loss: 2.5225 (2.6866)  ot_loss: 0.5395 (0.5374)  base_loss: 6.0823 (6.3327)  time: 0.3381  data: 0.0527  max mem: 11361
Epoch: [28] Total time: 0:02:08 (0.4112 s / it)
Averaged stats: lr: 0.000209  sp_loss: 6.1875 (6.4339)  fam_loss: 3.4804 (3.7930)  manu_loss: 2.5225 (2.6866)  ot_loss: 0.5395 (0.5374)  base_loss: 6.0823 (6.3327)
Epoch: [29]  [  0/312]  eta: 0:32:22  lr: 0.000206  sp_loss: 5.3305 (5.3305)  fam_loss: 3.1934 (3.1934)  manu_loss: 2.2587 (2.2587)  ot_loss: 0.5457 (0.5457)  base_loss: 5.4545 (5.4545)  time: 6.2268  data: 5.8791  max mem: 11361
Epoch: [29]  [ 50/312]  eta: 0:02:18  lr: 0.000206  sp_loss: 6.4107 (6.3094)  fam_loss: 3.6541 (3.7501)  manu_loss: 2.7079 (2.6522)  ot_loss: 0.5357 (0.5383)  base_loss: 6.2663 (6.2415)  time: 0.4387  data: 0.1327  max mem: 11361
Epoch: [29]  [100/312]  eta: 0:01:37  lr: 0.000206  sp_loss: 6.3764 (6.3155)  fam_loss: 3.8702 (3.7391)  manu_loss: 2.6941 (2.6426)  ot_loss: 0.5365 (0.5385)  base_loss: 6.3075 (6.2409)  time: 0.4224  data: 0.1131  max mem: 11361
Epoch: [29]  [150/312]  eta: 0:01:11  lr: 0.000206  sp_loss: 6.4198 (6.3017)  fam_loss: 3.6451 (3.7259)  manu_loss: 2.5922 (2.6358)  ot_loss: 0.5364 (0.5385)  base_loss: 6.2491 (6.2284)  time: 0.4151  data: 0.1062  max mem: 11361
Epoch: [29]  [200/312]  eta: 0:00:48  lr: 0.000206  sp_loss: 6.0166 (6.3293)  fam_loss: 3.5869 (3.7419)  manu_loss: 2.5893 (2.6486)  ot_loss: 0.5385 (0.5383)  base_loss: 6.0528 (6.2512)  time: 0.3633  data: 0.0648  max mem: 11361
Epoch: [29]  [250/312]  eta: 0:00:26  lr: 0.000206  sp_loss: 6.2240 (6.3502)  fam_loss: 3.6875 (3.7602)  manu_loss: 2.6352 (2.6635)  ot_loss: 0.5392 (0.5381)  base_loss: 6.1657 (6.2711)  time: 0.3664  data: 0.0645  max mem: 11361
Epoch: [29]  [300/312]  eta: 0:00:05  lr: 0.000206  sp_loss: 6.2070 (6.3356)  fam_loss: 3.7341 (3.7487)  manu_loss: 2.7090 (2.6510)  ot_loss: 0.5366 (0.5383)  base_loss: 6.1704 (6.2577)  time: 0.3805  data: 0.0744  max mem: 11361
Epoch: [29]  [311/312]  eta: 0:00:00  lr: 0.000206  sp_loss: 6.4284 (6.3465)  fam_loss: 3.9767 (3.7554)  manu_loss: 2.7550 (2.6559)  ot_loss: 0.5354 (0.5381)  base_loss: 6.4028 (6.2666)  time: 0.3303  data: 0.0488  max mem: 11361
Epoch: [29] Total time: 0:02:11 (0.4205 s / it)
Averaged stats: lr: 0.000206  sp_loss: 6.4284 (6.3465)  fam_loss: 3.9767 (3.7554)  manu_loss: 2.7550 (2.6559)  ot_loss: 0.5354 (0.5381)  base_loss: 6.4028 (6.2666)
Epoch: [30]  [  0/312]  eta: 0:35:27  lr: 0.000204  sp_loss: 7.5007 (7.5007)  fam_loss: 4.4384 (4.4384)  manu_loss: 3.2935 (3.2935)  ot_loss: 0.5272 (0.5272)  base_loss: 7.2233 (7.2233)  time: 6.8173  data: 6.4580  max mem: 11361
Epoch: [30]  [ 50/312]  eta: 0:02:15  lr: 0.000204  sp_loss: 6.7387 (6.3984)  fam_loss: 4.0509 (3.8248)  manu_loss: 2.8357 (2.7146)  ot_loss: 0.5340 (0.5372)  base_loss: 6.5740 (6.3225)  time: 0.4162  data: 0.1019  max mem: 11361
Epoch: [30]  [100/312]  eta: 0:01:37  lr: 0.000204  sp_loss: 6.1575 (6.3974)  fam_loss: 3.6199 (3.8018)  manu_loss: 2.6181 (2.6955)  ot_loss: 0.5381 (0.5375)  base_loss: 6.1222 (6.3146)  time: 0.4166  data: 0.0972  max mem: 11361
Epoch: [30]  [150/312]  eta: 0:01:11  lr: 0.000204  sp_loss: 5.7516 (6.3716)  fam_loss: 3.3980 (3.7770)  manu_loss: 2.3478 (2.6668)  ot_loss: 0.5427 (0.5377)  base_loss: 5.7727 (6.2878)  time: 0.4192  data: 0.1121  max mem: 11361
Epoch: [30]  [200/312]  eta: 0:00:48  lr: 0.000204  sp_loss: 6.2141 (6.3733)  fam_loss: 3.7645 (3.7744)  manu_loss: 2.6677 (2.6713)  ot_loss: 0.5397 (0.5377)  base_loss: 6.1538 (6.2893)  time: 0.3576  data: 0.0552  max mem: 11361
Epoch: [30]  [250/312]  eta: 0:00:26  lr: 0.000204  sp_loss: 6.2659 (6.3607)  fam_loss: 3.7076 (3.7660)  manu_loss: 2.6260 (2.6649)  ot_loss: 0.5341 (0.5379)  base_loss: 6.2007 (6.2793)  time: 0.3611  data: 0.0530  max mem: 11361
Epoch: [30]  [300/312]  eta: 0:00:05  lr: 0.000204  sp_loss: 6.4944 (6.3485)  fam_loss: 3.8759 (3.7604)  manu_loss: 2.6543 (2.6585)  ot_loss: 0.5356 (0.5380)  base_loss: 6.3630 (6.2697)  time: 0.4029  data: 0.0965  max mem: 11361
Epoch: [30]  [311/312]  eta: 0:00:00  lr: 0.000204  sp_loss: 6.7758 (6.3644)  fam_loss: 4.0292 (3.7698)  manu_loss: 2.9266 (2.6668)  ot_loss: 0.5338 (0.5379)  base_loss: 6.6463 (6.2828)  time: 0.3354  data: 0.0511  max mem: 11361
Epoch: [30] Total time: 0:02:10 (0.4172 s / it)
Averaged stats: lr: 0.000204  sp_loss: 6.7758 (6.3644)  fam_loss: 4.0292 (3.7698)  manu_loss: 2.9266 (2.6668)  ot_loss: 0.5338 (0.5379)  base_loss: 6.6463 (6.2828)
Epoch: [31]  [  0/312]  eta: 0:30:39  lr: 0.000201  sp_loss: 5.8536 (5.8536)  fam_loss: 3.4967 (3.4967)  manu_loss: 2.4896 (2.4896)  ot_loss: 0.5408 (0.5408)  base_loss: 5.8905 (5.8905)  time: 5.8972  data: 5.5557  max mem: 11361
Epoch: [31]  [ 50/312]  eta: 0:02:13  lr: 0.000201  sp_loss: 6.4154 (6.3711)  fam_loss: 3.7844 (3.8011)  manu_loss: 2.6874 (2.7222)  ot_loss: 0.5378 (0.5376)  base_loss: 6.3445 (6.3033)  time: 0.4160  data: 0.1092  max mem: 11361
Epoch: [31]  [100/312]  eta: 0:01:37  lr: 0.000201  sp_loss: 5.9669 (6.2854)  fam_loss: 3.5571 (3.7406)  manu_loss: 2.5358 (2.6564)  ot_loss: 0.5406 (0.5384)  base_loss: 5.9122 (6.2268)  time: 0.4170  data: 0.1092  max mem: 11361
Epoch: [31]  [150/312]  eta: 0:01:10  lr: 0.000201  sp_loss: 6.5207 (6.2813)  fam_loss: 3.9504 (3.7325)  manu_loss: 2.6173 (2.6450)  ot_loss: 0.5333 (0.5383)  base_loss: 6.4471 (6.2205)  time: 0.4251  data: 0.1101  max mem: 11361
Epoch: [31]  [200/312]  eta: 0:00:47  lr: 0.000201  sp_loss: 6.3334 (6.2650)  fam_loss: 3.8251 (3.7225)  manu_loss: 2.6946 (2.6349)  ot_loss: 0.5369 (0.5385)  base_loss: 6.2969 (6.2063)  time: 0.3855  data: 0.0813  max mem: 11361
Epoch: [31]  [250/312]  eta: 0:00:26  lr: 0.000201  sp_loss: 6.7496 (6.2898)  fam_loss: 4.0766 (3.7308)  manu_loss: 2.8597 (2.6364)  ot_loss: 0.5347 (0.5384)  base_loss: 6.6799 (6.2228)  time: 0.3596  data: 0.0562  max mem: 11361
Epoch: [31]  [300/312]  eta: 0:00:05  lr: 0.000201  sp_loss: 6.1315 (6.2901)  fam_loss: 3.5620 (3.7284)  manu_loss: 2.5014 (2.6379)  ot_loss: 0.5395 (0.5384)  base_loss: 6.0695 (6.2228)  time: 0.3920  data: 0.0908  max mem: 11361
Epoch: [31]  [311/312]  eta: 0:00:00  lr: 0.000201  sp_loss: 6.5848 (6.2959)  fam_loss: 3.9439 (3.7304)  manu_loss: 2.8308 (2.6405)  ot_loss: 0.5355 (0.5385)  base_loss: 6.5181 (6.2272)  time: 0.3369  data: 0.0539  max mem: 11361
Epoch: [31] Total time: 0:02:09 (0.4154 s / it)
Averaged stats: lr: 0.000201  sp_loss: 6.5848 (6.2959)  fam_loss: 3.9439 (3.7304)  manu_loss: 2.8308 (2.6405)  ot_loss: 0.5355 (0.5385)  base_loss: 6.5181 (6.2272)
Epoch: [32]  [  0/312]  eta: 0:33:33  lr: 0.000197  sp_loss: 5.6371 (5.6371)  fam_loss: 3.2293 (3.2293)  manu_loss: 2.3411 (2.3411)  ot_loss: 0.5466 (0.5466)  base_loss: 5.6670 (5.6670)  time: 6.4531  data: 6.1115  max mem: 11361
Epoch: [32]  [ 50/312]  eta: 0:02:16  lr: 0.000197  sp_loss: 6.6612 (6.3178)  fam_loss: 4.1114 (3.7934)  manu_loss: 2.8596 (2.6893)  ot_loss: 0.5335 (0.5373)  base_loss: 6.5503 (6.2635)  time: 0.4254  data: 0.1098  max mem: 11361
Epoch: [32]  [100/312]  eta: 0:01:36  lr: 0.000197  sp_loss: 6.3161 (6.3375)  fam_loss: 3.8026 (3.7948)  manu_loss: 2.7077 (2.6859)  ot_loss: 0.5376 (0.5375)  base_loss: 6.2263 (6.2761)  time: 0.4095  data: 0.0991  max mem: 11361
Epoch: [32]  [150/312]  eta: 0:01:10  lr: 0.000197  sp_loss: 6.2908 (6.3277)  fam_loss: 3.6669 (3.7801)  manu_loss: 2.6238 (2.6762)  ot_loss: 0.5378 (0.5377)  base_loss: 6.2279 (6.2648)  time: 0.4109  data: 0.1038  max mem: 11361
Epoch: [32]  [200/312]  eta: 0:00:47  lr: 0.000197  sp_loss: 6.7661 (6.3204)  fam_loss: 3.9471 (3.7660)  manu_loss: 2.7426 (2.6637)  ot_loss: 0.5351 (0.5378)  base_loss: 6.5730 (6.2545)  time: 0.3748  data: 0.0709  max mem: 11361
Epoch: [32]  [250/312]  eta: 0:00:25  lr: 0.000197  sp_loss: 6.2096 (6.3164)  fam_loss: 3.5684 (3.7565)  manu_loss: 2.4391 (2.6540)  ot_loss: 0.5407 (0.5380)  base_loss: 6.1023 (6.2480)  time: 0.3771  data: 0.0468  max mem: 11361
Epoch: [32]  [300/312]  eta: 0:00:04  lr: 0.000197  sp_loss: 6.2328 (6.3413)  fam_loss: 3.7832 (3.7727)  manu_loss: 2.6883 (2.6647)  ot_loss: 0.5379 (0.5378)  base_loss: 6.1488 (6.2688)  time: 0.3832  data: 0.0803  max mem: 11361
Epoch: [32]  [311/312]  eta: 0:00:00  lr: 0.000197  sp_loss: 6.5026 (6.3376)  fam_loss: 3.9600 (3.7697)  manu_loss: 2.7028 (2.6640)  ot_loss: 0.5348 (0.5379)  base_loss: 6.4240 (6.2658)  time: 0.3315  data: 0.0493  max mem: 11361
Epoch: [32] Total time: 0:02:08 (0.4126 s / it)
Averaged stats: lr: 0.000197  sp_loss: 6.5026 (6.3376)  fam_loss: 3.9600 (3.7697)  manu_loss: 2.7028 (2.6640)  ot_loss: 0.5348 (0.5379)  base_loss: 6.4240 (6.2658)
Epoch: [33]  [  0/312]  eta: 0:33:59  lr: 0.000194  sp_loss: 6.1022 (6.1022)  fam_loss: 3.5520 (3.5520)  manu_loss: 2.5892 (2.5892)  ot_loss: 0.5387 (0.5387)  base_loss: 6.0613 (6.0613)  time: 6.5369  data: 6.1901  max mem: 11361
Epoch: [33]  [ 50/312]  eta: 0:02:15  lr: 0.000194  sp_loss: 6.3719 (6.2189)  fam_loss: 3.8662 (3.7068)  manu_loss: 2.6787 (2.6118)  ot_loss: 0.5361 (0.5384)  base_loss: 6.3607 (6.1714)  time: 0.4163  data: 0.1178  max mem: 11361
Epoch: [33]  [100/312]  eta: 0:01:35  lr: 0.000194  sp_loss: 6.1652 (6.1693)  fam_loss: 3.8498 (3.6797)  manu_loss: 2.6262 (2.5963)  ot_loss: 0.5397 (0.5393)  base_loss: 6.2145 (6.1328)  time: 0.4122  data: 0.1074  max mem: 11361
Epoch: [33]  [150/312]  eta: 0:01:12  lr: 0.000194  sp_loss: 6.0225 (6.1326)  fam_loss: 3.6083 (3.6454)  manu_loss: 2.6190 (2.5803)  ot_loss: 0.5392 (0.5397)  base_loss: 5.9965 (6.0996)  time: 0.5166  data: 0.0761  max mem: 11361
Epoch: [33]  [200/312]  eta: 0:00:48  lr: 0.000194  sp_loss: 6.2080 (6.1538)  fam_loss: 3.6369 (3.6510)  manu_loss: 2.5299 (2.5839)  ot_loss: 0.5381 (0.5395)  base_loss: 6.1378 (6.1143)  time: 0.3618  data: 0.0604  max mem: 11361
Epoch: [33]  [250/312]  eta: 0:00:26  lr: 0.000194  sp_loss: 5.8720 (6.1777)  fam_loss: 3.5564 (3.6665)  manu_loss: 2.4538 (2.5913)  ot_loss: 0.5397 (0.5393)  base_loss: 5.9189 (6.1333)  time: 0.3543  data: 0.0542  max mem: 11361
Epoch: [33]  [300/312]  eta: 0:00:05  lr: 0.000194  sp_loss: 6.0608 (6.1631)  fam_loss: 3.5629 (3.6572)  manu_loss: 2.4808 (2.5831)  ot_loss: 0.5405 (0.5394)  base_loss: 6.0469 (6.1212)  time: 0.4080  data: 0.1092  max mem: 11361
Epoch: [33]  [311/312]  eta: 0:00:00  lr: 0.000194  sp_loss: 5.9676 (6.1655)  fam_loss: 3.5629 (3.6578)  manu_loss: 2.4183 (2.5830)  ot_loss: 0.5396 (0.5394)  base_loss: 5.9434 (6.1227)  time: 0.3392  data: 0.0590  max mem: 11361
Epoch: [33] Total time: 0:02:10 (0.4190 s / it)
Averaged stats: lr: 0.000194  sp_loss: 5.9676 (6.1655)  fam_loss: 3.5629 (3.6578)  manu_loss: 2.4183 (2.5830)  ot_loss: 0.5396 (0.5394)  base_loss: 5.9434 (6.1227)
Epoch: [34]  [  0/312]  eta: 0:33:04  lr: 0.000191  sp_loss: 6.7376 (6.7376)  fam_loss: 3.9327 (3.9327)  manu_loss: 2.8303 (2.8303)  ot_loss: 0.5347 (0.5347)  base_loss: 6.5663 (6.5663)  time: 6.3598  data: 6.0151  max mem: 11361
Epoch: [34]  [ 50/312]  eta: 0:02:17  lr: 0.000191  sp_loss: 5.7684 (6.0936)  fam_loss: 3.4413 (3.6335)  manu_loss: 2.4616 (2.5705)  ot_loss: 0.5416 (0.5397)  base_loss: 5.8161 (6.0742)  time: 0.4204  data: 0.1243  max mem: 11361
Epoch: [34]  [100/312]  eta: 0:01:37  lr: 0.000191  sp_loss: 6.2458 (6.1886)  fam_loss: 3.7291 (3.6806)  manu_loss: 2.6650 (2.6135)  ot_loss: 0.5397 (0.5388)  base_loss: 6.1796 (6.1484)  time: 0.4232  data: 0.1269  max mem: 11361
Epoch: [34]  [150/312]  eta: 0:01:11  lr: 0.000191  sp_loss: 6.4298 (6.2039)  fam_loss: 3.7706 (3.6848)  manu_loss: 2.6870 (2.6003)  ot_loss: 0.5374 (0.5388)  base_loss: 6.3236 (6.1555)  time: 0.4131  data: 0.1155  max mem: 11361
Epoch: [34]  [200/312]  eta: 0:00:47  lr: 0.000191  sp_loss: 6.1619 (6.1833)  fam_loss: 3.7078 (3.6715)  manu_loss: 2.5564 (2.5917)  ot_loss: 0.5380 (0.5391)  base_loss: 6.1684 (6.1385)  time: 0.3605  data: 0.0630  max mem: 11361
Epoch: [34]  [250/312]  eta: 0:00:26  lr: 0.000191  sp_loss: 6.5653 (6.2039)  fam_loss: 3.8786 (3.6808)  manu_loss: 2.7812 (2.5979)  ot_loss: 0.5346 (0.5390)  base_loss: 6.5124 (6.1540)  time: 0.3603  data: 0.0626  max mem: 11361
Epoch: [34]  [300/312]  eta: 0:00:05  lr: 0.000191  sp_loss: 6.3234 (6.2150)  fam_loss: 3.6614 (3.6866)  manu_loss: 2.6153 (2.5995)  ot_loss: 0.5373 (0.5388)  base_loss: 6.1682 (6.1622)  time: 0.4167  data: 0.1196  max mem: 11361
Epoch: [34]  [311/312]  eta: 0:00:00  lr: 0.000191  sp_loss: 6.5803 (6.2058)  fam_loss: 3.7978 (3.6764)  manu_loss: 2.6484 (2.5917)  ot_loss: 0.5333 (0.5389)  base_loss: 6.4112 (6.1528)  time: 0.3298  data: 0.0519  max mem: 11361
Epoch: [34] Total time: 0:02:09 (0.4150 s / it)
Averaged stats: lr: 0.000191  sp_loss: 6.5803 (6.2058)  fam_loss: 3.7978 (3.6764)  manu_loss: 2.6484 (2.5917)  ot_loss: 0.5333 (0.5389)  base_loss: 6.4112 (6.1528)
Epoch: [35]  [  0/312]  eta: 0:33:32  lr: 0.000188  sp_loss: 5.4793 (5.4793)  fam_loss: 3.0950 (3.0950)  manu_loss: 2.2544 (2.2544)  ot_loss: 0.5470 (0.5470)  base_loss: 5.5283 (5.5283)  time: 6.4497  data: 6.1074  max mem: 11361
Epoch: [35]  [ 50/312]  eta: 0:02:16  lr: 0.000188  sp_loss: 6.4249 (6.1051)  fam_loss: 3.7743 (3.6137)  manu_loss: 2.6600 (2.5731)  ot_loss: 0.5363 (0.5395)  base_loss: 6.3250 (6.0748)  time: 0.4316  data: 0.1287  max mem: 11361
Epoch: [35]  [100/312]  eta: 0:01:37  lr: 0.000188  sp_loss: 6.4892 (6.2071)  fam_loss: 3.8487 (3.6896)  manu_loss: 2.7515 (2.6169)  ot_loss: 0.5371 (0.5387)  base_loss: 6.4057 (6.1603)  time: 0.4290  data: 0.1194  max mem: 11361
Epoch: [35]  [150/312]  eta: 0:01:10  lr: 0.000188  sp_loss: 6.3826 (6.2075)  fam_loss: 3.8119 (3.6969)  manu_loss: 2.6944 (2.6188)  ot_loss: 0.5352 (0.5388)  base_loss: 6.3302 (6.1626)  time: 0.4112  data: 0.0970  max mem: 11361
Epoch: [35]  [200/312]  eta: 0:00:47  lr: 0.000188  sp_loss: 6.1753 (6.1797)  fam_loss: 3.6584 (3.6772)  manu_loss: 2.5868 (2.6073)  ot_loss: 0.5387 (0.5391)  base_loss: 6.1295 (6.1394)  time: 0.3505  data: 0.0514  max mem: 11361
Epoch: [35]  [250/312]  eta: 0:00:26  lr: 0.000188  sp_loss: 6.1343 (6.1980)  fam_loss: 3.7288 (3.6957)  manu_loss: 2.6277 (2.6187)  ot_loss: 0.5367 (0.5390)  base_loss: 6.1350 (6.1564)  time: 0.3554  data: 0.0569  max mem: 11361
Epoch: [35]  [300/312]  eta: 0:00:04  lr: 0.000188  sp_loss: 6.0792 (6.1881)  fam_loss: 3.6292 (3.6832)  manu_loss: 2.5209 (2.6104)  ot_loss: 0.5373 (0.5391)  base_loss: 6.0742 (6.1463)  time: 0.4032  data: 0.1022  max mem: 11361
Epoch: [35]  [311/312]  eta: 0:00:00  lr: 0.000188  sp_loss: 6.5897 (6.1974)  fam_loss: 3.8561 (3.6909)  manu_loss: 2.7408 (2.6160)  ot_loss: 0.5329 (0.5390)  base_loss: 6.5433 (6.1545)  time: 0.3371  data: 0.0551  max mem: 11361
Epoch: [35] Total time: 0:02:08 (0.4120 s / it)
Averaged stats: lr: 0.000188  sp_loss: 6.5897 (6.1974)  fam_loss: 3.8561 (3.6909)  manu_loss: 2.7408 (2.6160)  ot_loss: 0.5329 (0.5390)  base_loss: 6.5433 (6.1545)
Epoch: [36]  [  0/312]  eta: 0:30:19  lr: 0.000184  sp_loss: 6.8166 (6.8166)  fam_loss: 3.9704 (3.9704)  manu_loss: 2.8011 (2.8011)  ot_loss: 0.5372 (0.5372)  base_loss: 6.6157 (6.6157)  time: 5.8313  data: 5.4974  max mem: 11361
Epoch: [36]  [ 50/312]  eta: 0:02:11  lr: 0.000184  sp_loss: 5.9464 (5.9116)  fam_loss: 3.5204 (3.5129)  manu_loss: 2.5381 (2.4722)  ot_loss: 0.5406 (0.5421)  base_loss: 5.9481 (5.9170)  time: 0.4123  data: 0.1081  max mem: 11361
Epoch: [36]  [100/312]  eta: 0:01:35  lr: 0.000184  sp_loss: 6.1077 (6.0725)  fam_loss: 3.7560 (3.6142)  manu_loss: 2.6733 (2.5563)  ot_loss: 0.5380 (0.5402)  base_loss: 6.1510 (6.0520)  time: 0.4077  data: 0.1038  max mem: 11361
Epoch: [36]  [150/312]  eta: 0:01:09  lr: 0.000184  sp_loss: 6.4838 (6.1252)  fam_loss: 3.7434 (3.6524)  manu_loss: 2.7252 (2.5777)  ot_loss: 0.5366 (0.5398)  base_loss: 6.3954 (6.0962)  time: 0.4072  data: 0.1050  max mem: 11361
Epoch: [36]  [200/312]  eta: 0:00:47  lr: 0.000184  sp_loss: 6.4796 (6.1389)  fam_loss: 3.9757 (3.6642)  manu_loss: 2.7979 (2.5881)  ot_loss: 0.5353 (0.5396)  base_loss: 6.4077 (6.1092)  time: 0.3905  data: 0.0827  max mem: 11361
Epoch: [36]  [250/312]  eta: 0:00:25  lr: 0.000184  sp_loss: 6.5732 (6.1636)  fam_loss: 3.8147 (3.6712)  manu_loss: 2.7136 (2.5948)  ot_loss: 0.5361 (0.5394)  base_loss: 6.3970 (6.1265)  time: 0.3622  data: 0.0581  max mem: 11361
Epoch: [36]  [300/312]  eta: 0:00:04  lr: 0.000184  sp_loss: 5.9262 (6.1996)  fam_loss: 3.5946 (3.6907)  manu_loss: 2.4330 (2.6097)  ot_loss: 0.5414 (0.5390)  base_loss: 5.9510 (6.1554)  time: 0.3680  data: 0.0540  max mem: 11361
Epoch: [36]  [311/312]  eta: 0:00:00  lr: 0.000184  sp_loss: 6.1218 (6.1994)  fam_loss: 3.6499 (3.6921)  manu_loss: 2.5784 (2.6120)  ot_loss: 0.5412 (0.5390)  base_loss: 6.1350 (6.1561)  time: 0.3374  data: 0.0553  max mem: 11361
Epoch: [36] Total time: 0:02:07 (0.4093 s / it)
Averaged stats: lr: 0.000184  sp_loss: 6.1218 (6.1994)  fam_loss: 3.6499 (3.6921)  manu_loss: 2.5784 (2.6120)  ot_loss: 0.5412 (0.5390)  base_loss: 6.1350 (6.1561)
Epoch: [37]  [  0/312]  eta: 0:37:15  lr: 0.000181  sp_loss: 7.1760 (7.1760)  fam_loss: 4.6116 (4.6116)  manu_loss: 3.2442 (3.2442)  ot_loss: 0.5292 (0.5292)  base_loss: 7.0602 (7.0602)  time: 7.1635  data: 6.5115  max mem: 11361
Epoch: [37]  [ 50/312]  eta: 0:02:14  lr: 0.000181  sp_loss: 5.6770 (5.9384)  fam_loss: 3.4354 (3.5164)  manu_loss: 2.3350 (2.4793)  ot_loss: 0.5433 (0.5410)  base_loss: 5.7379 (5.9344)  time: 0.4165  data: 0.1149  max mem: 11361
Epoch: [37]  [100/312]  eta: 0:01:35  lr: 0.000181  sp_loss: 5.9814 (5.9736)  fam_loss: 3.6423 (3.5376)  manu_loss: 2.6202 (2.5031)  ot_loss: 0.5388 (0.5408)  base_loss: 6.0162 (5.9645)  time: 0.4148  data: 0.1066  max mem: 11361
Epoch: [37]  [150/312]  eta: 0:01:10  lr: 0.000181  sp_loss: 6.2854 (6.0071)  fam_loss: 3.7197 (3.5625)  manu_loss: 2.6493 (2.5189)  ot_loss: 0.5366 (0.5406)  base_loss: 6.1973 (5.9935)  time: 0.3996  data: 0.0927  max mem: 11361
Epoch: [37]  [200/312]  eta: 0:00:47  lr: 0.000181  sp_loss: 6.2329 (6.0094)  fam_loss: 3.7760 (3.5653)  manu_loss: 2.5933 (2.5189)  ot_loss: 0.5392 (0.5407)  base_loss: 6.2165 (5.9957)  time: 0.3968  data: 0.0891  max mem: 11361
Epoch: [37]  [250/312]  eta: 0:00:25  lr: 0.000181  sp_loss: 6.1308 (6.0200)  fam_loss: 3.6156 (3.5688)  manu_loss: 2.5796 (2.5216)  ot_loss: 0.5395 (0.5405)  base_loss: 6.1175 (6.0036)  time: 0.3563  data: 0.0588  max mem: 11361
Epoch: [37]  [300/312]  eta: 0:00:04  lr: 0.000181  sp_loss: 6.2055 (6.0505)  fam_loss: 3.6643 (3.5890)  manu_loss: 2.5784 (2.5404)  ot_loss: 0.5384 (0.5402)  base_loss: 6.1422 (6.0297)  time: 0.3608  data: 0.0553  max mem: 11361
Epoch: [37]  [311/312]  eta: 0:00:00  lr: 0.000181  sp_loss: 6.4009 (6.0579)  fam_loss: 3.7300 (3.5950)  manu_loss: 2.6452 (2.5459)  ot_loss: 0.5366 (0.5402)  base_loss: 6.3459 (6.0366)  time: 0.3485  data: 0.0527  max mem: 11361
Epoch: [37] Total time: 0:02:08 (0.4133 s / it)
Averaged stats: lr: 0.000181  sp_loss: 6.4009 (6.0579)  fam_loss: 3.7300 (3.5950)  manu_loss: 2.6452 (2.5459)  ot_loss: 0.5366 (0.5402)  base_loss: 6.3459 (6.0366)
Epoch: [38]  [  0/312]  eta: 0:31:59  lr: 0.000178  sp_loss: 4.5766 (4.5766)  fam_loss: 2.6978 (2.6978)  manu_loss: 1.8828 (1.8828)  ot_loss: 0.5581 (0.5581)  base_loss: 4.8339 (4.8339)  time: 6.1525  data: 5.6327  max mem: 11361
Epoch: [38]  [ 50/312]  eta: 0:02:15  lr: 0.000178  sp_loss: 6.1452 (5.9799)  fam_loss: 3.7039 (3.5572)  manu_loss: 2.6027 (2.5223)  ot_loss: 0.5383 (0.5406)  base_loss: 6.1462 (5.9752)  time: 0.4294  data: 0.1066  max mem: 11361
Epoch: [38]  [100/312]  eta: 0:01:36  lr: 0.000178  sp_loss: 6.3347 (5.9985)  fam_loss: 3.7766 (3.5756)  manu_loss: 2.6521 (2.5255)  ot_loss: 0.5377 (0.5405)  base_loss: 6.2781 (5.9933)  time: 0.4134  data: 0.1054  max mem: 11361
Epoch: [38]  [150/312]  eta: 0:01:10  lr: 0.000178  sp_loss: 6.6073 (6.0322)  fam_loss: 3.8826 (3.5873)  manu_loss: 2.7494 (2.5349)  ot_loss: 0.5351 (0.5403)  base_loss: 6.4858 (6.0177)  time: 0.4341  data: 0.1268  max mem: 11361
Epoch: [38]  [200/312]  eta: 0:00:47  lr: 0.000178  sp_loss: 6.2727 (6.0628)  fam_loss: 3.7669 (3.6078)  manu_loss: 2.7479 (2.5540)  ot_loss: 0.5377 (0.5399)  base_loss: 6.2264 (6.0438)  time: 0.3859  data: 0.0798  max mem: 11361
Epoch: [38]  [250/312]  eta: 0:00:26  lr: 0.000178  sp_loss: 5.7435 (6.0479)  fam_loss: 3.4074 (3.5930)  manu_loss: 2.3405 (2.5425)  ot_loss: 0.5424 (0.5400)  base_loss: 5.7856 (6.0293)  time: 0.3682  data: 0.0683  max mem: 11361
Epoch: [38]  [300/312]  eta: 0:00:05  lr: 0.000178  sp_loss: 5.7749 (6.0337)  fam_loss: 3.4522 (3.5889)  manu_loss: 2.4397 (2.5370)  ot_loss: 0.5415 (0.5402)  base_loss: 5.7888 (6.0192)  time: 0.3854  data: 0.0846  max mem: 11361
Epoch: [38]  [311/312]  eta: 0:00:00  lr: 0.000178  sp_loss: 6.1247 (6.0345)  fam_loss: 3.6853 (3.5900)  manu_loss: 2.6874 (2.5385)  ot_loss: 0.5387 (0.5402)  base_loss: 6.1290 (6.0203)  time: 0.3371  data: 0.0508  max mem: 11361
Epoch: [38] Total time: 0:02:09 (0.4153 s / it)
Averaged stats: lr: 0.000178  sp_loss: 6.1247 (6.0345)  fam_loss: 3.6853 (3.5900)  manu_loss: 2.6874 (2.5385)  ot_loss: 0.5387 (0.5402)  base_loss: 6.1290 (6.0203)
Epoch: [39]  [  0/312]  eta: 0:32:57  lr: 0.000174  sp_loss: 6.5301 (6.5301)  fam_loss: 3.8113 (3.8113)  manu_loss: 2.6400 (2.6400)  ot_loss: 0.5362 (0.5362)  base_loss: 6.3845 (6.3845)  time: 6.3386  data: 5.9912  max mem: 11361
Epoch: [39]  [ 50/312]  eta: 0:02:16  lr: 0.000174  sp_loss: 5.8431 (5.7578)  fam_loss: 3.4926 (3.4047)  manu_loss: 2.5155 (2.4136)  ot_loss: 0.5409 (0.5426)  base_loss: 5.8900 (5.7914)  time: 0.4329  data: 0.1206  max mem: 11361
Epoch: [39]  [100/312]  eta: 0:01:36  lr: 0.000174  sp_loss: 6.4403 (5.9175)  fam_loss: 3.8443 (3.5134)  manu_loss: 2.6231 (2.4826)  ot_loss: 0.5366 (0.5411)  base_loss: 6.3931 (5.9236)  time: 0.4148  data: 0.1120  max mem: 11361
Epoch: [39]  [150/312]  eta: 0:01:10  lr: 0.000174  sp_loss: 6.0638 (5.9481)  fam_loss: 3.6132 (3.5409)  manu_loss: 2.5854 (2.5027)  ot_loss: 0.5391 (0.5407)  base_loss: 6.0462 (5.9523)  time: 0.4154  data: 0.1028  max mem: 11361
Epoch: [39]  [200/312]  eta: 0:00:47  lr: 0.000174  sp_loss: 5.5323 (5.9489)  fam_loss: 3.2750 (3.5334)  manu_loss: 2.3226 (2.4985)  ot_loss: 0.5446 (0.5409)  base_loss: 5.6107 (5.9499)  time: 0.3740  data: 0.0526  max mem: 11361
Epoch: [39]  [250/312]  eta: 0:00:26  lr: 0.000174  sp_loss: 5.8537 (5.9466)  fam_loss: 3.4800 (3.5258)  manu_loss: 2.4589 (2.4902)  ot_loss: 0.5408 (0.5409)  base_loss: 5.8710 (5.9449)  time: 0.3675  data: 0.0623  max mem: 11361
Epoch: [39]  [300/312]  eta: 0:00:05  lr: 0.000174  sp_loss: 6.0739 (5.9511)  fam_loss: 3.5415 (3.5245)  manu_loss: 2.5771 (2.4918)  ot_loss: 0.5394 (0.5410)  base_loss: 6.0263 (5.9475)  time: 0.3865  data: 0.0856  max mem: 11361
Epoch: [39]  [311/312]  eta: 0:00:00  lr: 0.000174  sp_loss: 6.0739 (5.9529)  fam_loss: 3.5863 (3.5262)  manu_loss: 2.6363 (2.4933)  ot_loss: 0.5383 (0.5409)  base_loss: 6.0634 (5.9493)  time: 0.3357  data: 0.0548  max mem: 11361
Epoch: [39] Total time: 0:02:09 (0.4161 s / it)
Averaged stats: lr: 0.000174  sp_loss: 6.0739 (5.9529)  fam_loss: 3.5863 (3.5262)  manu_loss: 2.6363 (2.4933)  ot_loss: 0.5383 (0.5409)  base_loss: 6.0634 (5.9493)
Epoch: [40]  [  0/312]  eta: 0:32:05  lr: 0.000171  sp_loss: 5.6067 (5.6067)  fam_loss: 3.2835 (3.2835)  manu_loss: 2.2918 (2.2918)  ot_loss: 0.5425 (0.5425)  base_loss: 5.6524 (5.6524)  time: 6.1708  data: 5.8189  max mem: 11361
Epoch: [40]  [ 50/312]  eta: 0:02:13  lr: 0.000171  sp_loss: 6.2186 (6.0526)  fam_loss: 3.8239 (3.6061)  manu_loss: 2.6999 (2.5539)  ot_loss: 0.5358 (0.5399)  base_loss: 6.2232 (6.0379)  time: 0.4291  data: 0.1202  max mem: 11361
Epoch: [40]  [100/312]  eta: 0:01:36  lr: 0.000171  sp_loss: 6.2908 (5.9957)  fam_loss: 3.6579 (3.5809)  manu_loss: 2.5595 (2.5290)  ot_loss: 0.5359 (0.5402)  base_loss: 6.1963 (5.9940)  time: 0.4323  data: 0.1178  max mem: 11361
Epoch: [40]  [150/312]  eta: 0:01:10  lr: 0.000171  sp_loss: 6.3140 (6.0210)  fam_loss: 3.7573 (3.5817)  manu_loss: 2.7220 (2.5340)  ot_loss: 0.5363 (0.5399)  base_loss: 6.2363 (6.0092)  time: 0.4112  data: 0.1061  max mem: 11361
Epoch: [40]  [200/312]  eta: 0:00:47  lr: 0.000171  sp_loss: 6.4957 (6.0590)  fam_loss: 3.7969 (3.6084)  manu_loss: 2.7248 (2.5525)  ot_loss: 0.5371 (0.5398)  base_loss: 6.3824 (6.0410)  time: 0.4075  data: 0.1020  max mem: 11361
Epoch: [40]  [250/312]  eta: 0:00:25  lr: 0.000171  sp_loss: 6.7089 (6.0847)  fam_loss: 3.7828 (3.6182)  manu_loss: 2.6823 (2.5596)  ot_loss: 0.5356 (0.5396)  base_loss: 6.4813 (6.0598)  time: 0.3606  data: 0.0604  max mem: 11361
Epoch: [40]  [300/312]  eta: 0:00:04  lr: 0.000171  sp_loss: 6.0010 (6.0703)  fam_loss: 3.6696 (3.6071)  manu_loss: 2.6168 (2.5504)  ot_loss: 0.5381 (0.5397)  base_loss: 6.0427 (6.0473)  time: 0.3647  data: 0.0661  max mem: 11361
Epoch: [40]  [311/312]  eta: 0:00:00  lr: 0.000171  sp_loss: 5.6479 (6.0617)  fam_loss: 3.3683 (3.6032)  manu_loss: 2.3607 (2.5481)  ot_loss: 0.5429 (0.5398)  base_loss: 5.7195 (6.0410)  time: 0.3266  data: 0.0442  max mem: 11361
Epoch: [40] Total time: 0:02:08 (0.4122 s / it)
Averaged stats: lr: 0.000171  sp_loss: 5.6479 (6.0617)  fam_loss: 3.3683 (3.6032)  manu_loss: 2.3607 (2.5481)  ot_loss: 0.5429 (0.5398)  base_loss: 5.7195 (6.0410)
Epoch: [41]  [  0/312]  eta: 0:33:14  lr: 0.000167  sp_loss: 4.9787 (4.9787)  fam_loss: 2.8966 (2.8966)  manu_loss: 1.8972 (1.8972)  ot_loss: 0.5526 (0.5526)  base_loss: 5.1278 (5.1278)  time: 6.3934  data: 5.9636  max mem: 11361
Epoch: [41]  [ 50/312]  eta: 0:02:16  lr: 0.000167  sp_loss: 5.9350 (5.9857)  fam_loss: 3.7063 (3.5633)  manu_loss: 2.5866 (2.5215)  ot_loss: 0.5393 (0.5402)  base_loss: 6.0062 (5.9824)  time: 0.4262  data: 0.1198  max mem: 11361
Epoch: [41]  [100/312]  eta: 0:01:36  lr: 0.000167  sp_loss: 6.4621 (6.0012)  fam_loss: 3.7995 (3.5728)  manu_loss: 2.6574 (2.5246)  ot_loss: 0.5370 (0.5403)  base_loss: 6.3539 (5.9931)  time: 0.4149  data: 0.1126  max mem: 11361
Epoch: [41]  [150/312]  eta: 0:01:10  lr: 0.000167  sp_loss: 5.8568 (6.0313)  fam_loss: 3.4239 (3.5895)  manu_loss: 2.4560 (2.5390)  ot_loss: 0.5398 (0.5401)  base_loss: 5.8334 (6.0173)  time: 0.4142  data: 0.1056  max mem: 11361
Epoch: [41]  [200/312]  eta: 0:00:47  lr: 0.000167  sp_loss: 5.6244 (6.0088)  fam_loss: 3.4617 (3.5749)  manu_loss: 2.3992 (2.5289)  ot_loss: 0.5412 (0.5403)  base_loss: 5.7351 (5.9991)  time: 0.3702  data: 0.0560  max mem: 11361
Epoch: [41]  [250/312]  eta: 0:00:26  lr: 0.000167  sp_loss: 6.1568 (6.0304)  fam_loss: 3.7229 (3.5887)  manu_loss: 2.6482 (2.5365)  ot_loss: 0.5367 (0.5401)  base_loss: 6.1482 (6.0164)  time: 0.3587  data: 0.0562  max mem: 11361
Epoch: [41]  [300/312]  eta: 0:00:05  lr: 0.000167  sp_loss: 6.4664 (6.0250)  fam_loss: 3.8548 (3.5820)  manu_loss: 2.6663 (2.5294)  ot_loss: 0.5359 (0.5402)  base_loss: 6.4000 (6.0106)  time: 0.4241  data: 0.1199  max mem: 11361
Epoch: [41]  [311/312]  eta: 0:00:00  lr: 0.000167  sp_loss: 6.6097 (6.0330)  fam_loss: 3.8548 (3.5882)  manu_loss: 2.6852 (2.5343)  ot_loss: 0.5358 (0.5401)  base_loss: 6.4334 (6.0176)  time: 0.3303  data: 0.0490  max mem: 11361
Epoch: [41] Total time: 0:02:09 (0.4154 s / it)
Averaged stats: lr: 0.000167  sp_loss: 6.6097 (6.0330)  fam_loss: 3.8548 (3.5882)  manu_loss: 2.6852 (2.5343)  ot_loss: 0.5358 (0.5401)  base_loss: 6.4334 (6.0176)
Epoch: [42]  [  0/312]  eta: 0:33:10  lr: 0.000163  sp_loss: 7.1690 (7.1690)  fam_loss: 4.3479 (4.3479)  manu_loss: 3.1206 (3.1206)  ot_loss: 0.5292 (0.5292)  base_loss: 6.9718 (6.9718)  time: 6.3806  data: 5.9735  max mem: 11361
Epoch: [42]  [ 50/312]  eta: 0:02:14  lr: 0.000163  sp_loss: 6.5297 (6.0253)  fam_loss: 3.9143 (3.5817)  manu_loss: 2.7787 (2.5227)  ot_loss: 0.5349 (0.5398)  base_loss: 6.4689 (6.0105)  time: 0.4334  data: 0.1208  max mem: 11361
Epoch: [42]  [100/312]  eta: 0:01:36  lr: 0.000163  sp_loss: 5.7003 (5.9173)  fam_loss: 3.4297 (3.5166)  manu_loss: 2.4402 (2.4819)  ot_loss: 0.5435 (0.5410)  base_loss: 5.7981 (5.9226)  time: 0.4205  data: 0.1144  max mem: 11361
Epoch: [42]  [150/312]  eta: 0:01:10  lr: 0.000163  sp_loss: 5.6354 (5.9448)  fam_loss: 3.3555 (3.5309)  manu_loss: 2.3644 (2.4926)  ot_loss: 0.5425 (0.5407)  base_loss: 5.6995 (5.9447)  time: 0.4299  data: 0.1213  max mem: 11361
Epoch: [42]  [200/312]  eta: 0:00:47  lr: 0.000163  sp_loss: 6.1122 (5.9154)  fam_loss: 3.6026 (3.5139)  manu_loss: 2.6297 (2.4793)  ot_loss: 0.5396 (0.5410)  base_loss: 6.0899 (5.9214)  time: 0.3813  data: 0.0715  max mem: 11361
Epoch: [42]  [250/312]  eta: 0:00:26  lr: 0.000163  sp_loss: 6.3653 (5.9211)  fam_loss: 3.8006 (3.5158)  manu_loss: 2.7123 (2.4813)  ot_loss: 0.5372 (0.5409)  base_loss: 6.3013 (5.9254)  time: 0.3674  data: 0.0535  max mem: 11361
Epoch: [42]  [300/312]  eta: 0:00:05  lr: 0.000163  sp_loss: 5.3080 (5.9174)  fam_loss: 3.1611 (3.5152)  manu_loss: 2.2328 (2.4826)  ot_loss: 0.5443 (0.5410)  base_loss: 5.4376 (5.9236)  time: 0.3661  data: 0.0653  max mem: 11361
Epoch: [42]  [311/312]  eta: 0:00:00  lr: 0.000163  sp_loss: 5.3860 (5.9174)  fam_loss: 3.3331 (3.5152)  manu_loss: 2.2789 (2.4823)  ot_loss: 0.5439 (0.5410)  base_loss: 5.4943 (5.9236)  time: 0.3427  data: 0.0610  max mem: 11361
Epoch: [42] Total time: 0:02:09 (0.4155 s / it)
Averaged stats: lr: 0.000163  sp_loss: 5.3860 (5.9174)  fam_loss: 3.3331 (3.5152)  manu_loss: 2.2789 (2.4823)  ot_loss: 0.5439 (0.5410)  base_loss: 5.4943 (5.9236)
Test:  [  0/391]  eta: 0:41:30  sploss: 4.8903 (4.8903)  famloss: 1.9944 (1.9944)  manuloss: 1.1250 (1.1250)  acc1: 31.6406 (31.6406)  acc5: 59.7656 (59.7656)  family_acc1: 61.7188 (61.7188)  manu_acc1: 76.9531 (76.9531)  time: 6.3705  data: 6.1297  max mem: 11361
Test:  [ 50/391]  eta: 0:02:59  sploss: 5.0414 (5.0942)  famloss: 2.1712 (2.1915)  manuloss: 1.2617 (1.3140)  acc1: 30.0781 (30.6373)  acc5: 55.4688 (54.2586)  family_acc1: 56.2500 (58.9461)  manu_acc1: 71.8750 (71.4767)  time: 0.4871  data: 0.3898  max mem: 11361
Test:  [100/391]  eta: 0:02:15  sploss: 5.1083 (5.0807)  famloss: 2.3078 (2.1922)  manuloss: 1.3714 (1.3077)  acc1: 30.4688 (30.7085)  acc5: 53.1250 (54.3433)  family_acc1: 55.8594 (58.6208)  manu_acc1: 69.5312 (71.5192)  time: 0.4774  data: 0.3811  max mem: 11361
Test:  [150/391]  eta: 0:01:48  sploss: 4.8585 (5.0434)  famloss: 2.0028 (2.1688)  manuloss: 1.1390 (1.2945)  acc1: 32.8125 (31.4932)  acc5: 57.4219 (55.1118)  family_acc1: 61.7188 (59.0077)  manu_acc1: 74.2188 (71.7224)  time: 0.4892  data: 0.3933  max mem: 11361
Test:  [200/391]  eta: 0:01:23  sploss: 5.0481 (5.0679)  famloss: 2.2429 (2.1901)  manuloss: 1.3315 (1.3047)  acc1: 30.4688 (31.1839)  acc5: 54.2969 (54.7905)  family_acc1: 57.0312 (58.5763)  manu_acc1: 69.9219 (71.4358)  time: 0.3689  data: 0.2631  max mem: 11361
Test:  [250/391]  eta: 0:01:00  sploss: 4.9857 (5.0623)  famloss: 2.1468 (2.2006)  manuloss: 1.3460 (1.3232)  acc1: 34.7656 (31.5223)  acc5: 55.8594 (55.0875)  family_acc1: 57.8125 (58.4163)  manu_acc1: 69.1406 (70.8743)  time: 0.2805  data: 0.1831  max mem: 11361
Test:  [300/391]  eta: 0:00:39  sploss: 4.8245 (5.0295)  famloss: 1.9738 (2.1702)  manuloss: 1.1516 (1.2996)  acc1: 35.1562 (32.0053)  acc5: 56.6406 (55.6829)  family_acc1: 62.1094 (59.0635)  manu_acc1: 75.3906 (71.4636)  time: 0.4045  data: 0.3098  max mem: 11361
Test:  [350/391]  eta: 0:00:17  sploss: 5.0259 (5.0252)  famloss: 2.1559 (2.1548)  manuloss: 1.2197 (1.2840)  acc1: 32.0312 (31.9522)  acc5: 55.0781 (55.7125)  family_acc1: 58.9844 (59.3127)  manu_acc1: 72.2656 (71.8227)  time: 0.4626  data: 0.3635  max mem: 11361
Test:  [390/391]  eta: 0:00:00  sploss: 4.8673 (5.0117)  famloss: 1.9963 (2.1396)  manuloss: 1.0331 (1.2627)  acc1: 32.8125 (32.0480)  acc5: 58.2031 (55.9510)  family_acc1: 62.5000 (59.6500)  manu_acc1: 77.7344 (72.4480)  time: 0.4508  data: 0.3417  max mem: 11361
Test: Total time: 0:02:45 (0.4245 s / it)
* Acc@1 32.048 Acc@5 55.951 family@1 59.650 manu@1 72.448 sploss 5.012 fmloss 2.140 mfloss 1.263
Accuracy of the network on the 100000 test images: 32.0%
Max accuracy: 32.05%
Epoch: [43]  [  0/312]  eta: 0:35:55  lr: 0.000160  sp_loss: 6.4871 (6.4871)  fam_loss: 3.5871 (3.5871)  manu_loss: 2.6380 (2.6380)  ot_loss: 0.5372 (0.5372)  base_loss: 6.2969 (6.2969)  time: 6.9083  data: 6.5039  max mem: 11361
Epoch: [43]  [ 50/312]  eta: 0:02:16  lr: 0.000160  sp_loss: 6.2157 (6.0653)  fam_loss: 3.6489 (3.6232)  manu_loss: 2.6647 (2.5636)  ot_loss: 0.5365 (0.5394)  base_loss: 6.1833 (6.0490)  time: 0.4303  data: 0.1353  max mem: 11361
Epoch: [43]  [100/312]  eta: 0:01:36  lr: 0.000160  sp_loss: 6.0968 (5.9658)  fam_loss: 3.6365 (3.5610)  manu_loss: 2.5820 (2.5182)  ot_loss: 0.5407 (0.5404)  base_loss: 6.0712 (5.9690)  time: 0.4189  data: 0.1206  max mem: 11361
Epoch: [43]  [150/312]  eta: 0:01:12  lr: 0.000160  sp_loss: 5.9733 (5.8790)  fam_loss: 3.6646 (3.5020)  manu_loss: 2.6133 (2.4782)  ot_loss: 0.5396 (0.5412)  base_loss: 6.0569 (5.8968)  time: 0.5348  data: 0.0622  max mem: 11361
Epoch: [43]  [200/312]  eta: 0:00:48  lr: 0.000160  sp_loss: 6.1397 (5.8675)  fam_loss: 3.6626 (3.4902)  manu_loss: 2.5817 (2.4686)  ot_loss: 0.5368 (0.5413)  base_loss: 6.1074 (5.8857)  time: 0.3652  data: 0.0506  max mem: 11361
Epoch: [43]  [250/312]  eta: 0:00:26  lr: 0.000160  sp_loss: 5.7436 (5.8480)  fam_loss: 3.3360 (3.4726)  manu_loss: 2.4385 (2.4556)  ot_loss: 0.5406 (0.5414)  base_loss: 5.7653 (5.8674)  time: 0.3703  data: 0.0617  max mem: 11361
Epoch: [43]  [300/312]  eta: 0:00:05  lr: 0.000160  sp_loss: 5.7703 (5.8760)  fam_loss: 3.4316 (3.4850)  manu_loss: 2.4208 (2.4644)  ot_loss: 0.5402 (0.5412)  base_loss: 5.8010 (5.8883)  time: 0.3995  data: 0.1003  max mem: 11361
Epoch: [43]  [311/312]  eta: 0:00:00  lr: 0.000160  sp_loss: 6.0359 (5.8748)  fam_loss: 3.5752 (3.4843)  manu_loss: 2.5976 (2.4646)  ot_loss: 0.5401 (0.5412)  base_loss: 6.0116 (5.8875)  time: 0.3281  data: 0.0477  max mem: 11361
Epoch: [43] Total time: 0:02:10 (0.4182 s / it)
Averaged stats: lr: 0.000160  sp_loss: 6.0359 (5.8748)  fam_loss: 3.5752 (3.4843)  manu_loss: 2.5976 (2.4646)  ot_loss: 0.5401 (0.5412)  base_loss: 6.0116 (5.8875)
Epoch: [44]  [  0/312]  eta: 0:35:16  lr: 0.000156  sp_loss: 6.4867 (6.4867)  fam_loss: 3.9822 (3.9822)  manu_loss: 2.7890 (2.7890)  ot_loss: 0.5340 (0.5340)  base_loss: 6.4216 (6.4216)  time: 6.7847  data: 6.2427  max mem: 11361
Epoch: [44]  [ 50/312]  eta: 0:02:18  lr: 0.000156  sp_loss: 6.4040 (6.0095)  fam_loss: 3.9058 (3.6200)  manu_loss: 2.7205 (2.5395)  ot_loss: 0.5350 (0.5400)  base_loss: 6.3643 (6.0116)  time: 0.4391  data: 0.1385  max mem: 11361
Epoch: [44]  [100/312]  eta: 0:01:37  lr: 0.000156  sp_loss: 5.7934 (5.8689)  fam_loss: 3.4571 (3.5143)  manu_loss: 2.4090 (2.4654)  ot_loss: 0.5413 (0.5413)  base_loss: 5.7861 (5.8912)  time: 0.4124  data: 0.1055  max mem: 11361
Epoch: [44]  [150/312]  eta: 0:01:10  lr: 0.000156  sp_loss: 5.7691 (5.8944)  fam_loss: 3.4952 (3.5241)  manu_loss: 2.4548 (2.4765)  ot_loss: 0.5405 (0.5411)  base_loss: 5.7808 (5.9103)  time: 0.4174  data: 0.1173  max mem: 11361
Epoch: [44]  [200/312]  eta: 0:00:47  lr: 0.000156  sp_loss: 5.8447 (5.8917)  fam_loss: 3.5171 (3.5133)  manu_loss: 2.5079 (2.4732)  ot_loss: 0.5394 (0.5410)  base_loss: 5.8800 (5.9055)  time: 0.3632  data: 0.0636  max mem: 11361
Epoch: [44]  [250/312]  eta: 0:00:25  lr: 0.000156  sp_loss: 6.0067 (5.8668)  fam_loss: 3.5566 (3.4856)  manu_loss: 2.5602 (2.4568)  ot_loss: 0.5391 (0.5412)  base_loss: 5.9781 (5.8811)  time: 0.3581  data: 0.0492  max mem: 11361
Epoch: [44]  [300/312]  eta: 0:00:04  lr: 0.000156  sp_loss: 5.8764 (5.9181)  fam_loss: 3.6335 (3.5154)  manu_loss: 2.5747 (2.4782)  ot_loss: 0.5401 (0.5409)  base_loss: 5.9360 (5.9225)  time: 0.3808  data: 0.0800  max mem: 11361
Epoch: [44]  [311/312]  eta: 0:00:00  lr: 0.000156  sp_loss: 5.8764 (5.9203)  fam_loss: 3.5148 (3.5160)  manu_loss: 2.4808 (2.4781)  ot_loss: 0.5394 (0.5409)  base_loss: 5.9546 (5.9238)  time: 0.3391  data: 0.0495  max mem: 11361
Epoch: [44] Total time: 0:02:08 (0.4134 s / it)
Averaged stats: lr: 0.000156  sp_loss: 5.8764 (5.9203)  fam_loss: 3.5148 (3.5160)  manu_loss: 2.4808 (2.4781)  ot_loss: 0.5394 (0.5409)  base_loss: 5.9546 (5.9238)
Test:  [  0/391]  eta: 0:38:40  sploss: 5.0874 (5.0874)  famloss: 1.9972 (1.9972)  manuloss: 1.0781 (1.0781)  acc1: 32.8125 (32.8125)  acc5: 56.2500 (56.2500)  family_acc1: 62.5000 (62.5000)  manu_acc1: 76.5625 (76.5625)  time: 5.9348  data: 5.8263  max mem: 11361
Test:  [ 50/391]  eta: 0:02:59  sploss: 5.1439 (5.1848)  famloss: 2.1513 (2.1591)  manuloss: 1.2132 (1.2809)  acc1: 32.4219 (31.1045)  acc5: 54.2969 (54.3199)  family_acc1: 58.2031 (59.2601)  manu_acc1: 73.0469 (71.7065)  time: 0.4688  data: 0.3708  max mem: 11361
Test:  [100/391]  eta: 0:02:14  sploss: 5.1829 (5.1646)  famloss: 2.2390 (2.1558)  manuloss: 1.3179 (1.2688)  acc1: 30.4688 (31.3660)  acc5: 53.5156 (54.6914)  family_acc1: 57.0312 (59.0192)  manu_acc1: 69.5312 (71.8015)  time: 0.4677  data: 0.3740  max mem: 11361
Test:  [150/391]  eta: 0:01:46  sploss: 4.9425 (5.1259)  famloss: 1.9885 (2.1312)  manuloss: 1.0985 (1.2560)  acc1: 33.2031 (31.8941)  acc5: 57.8125 (55.4636)  family_acc1: 62.5000 (59.6104)  manu_acc1: 74.2188 (71.8853)  time: 0.4784  data: 0.3841  max mem: 11361
Test:  [200/391]  eta: 0:01:22  sploss: 5.1628 (5.1473)  famloss: 2.1918 (2.1543)  manuloss: 1.2603 (1.2659)  acc1: 29.6875 (31.5376)  acc5: 54.2969 (55.1287)  family_acc1: 56.6406 (59.1146)  manu_acc1: 69.9219 (71.6379)  time: 0.2866  data: 0.1935  max mem: 11361
Test:  [250/391]  eta: 0:01:00  sploss: 5.0680 (5.1383)  famloss: 2.1429 (2.1624)  manuloss: 1.2620 (1.2833)  acc1: 32.8125 (31.8850)  acc5: 56.2500 (55.4143)  family_acc1: 58.5938 (58.9610)  manu_acc1: 70.7031 (71.0455)  time: 0.2837  data: 0.1896  max mem: 11361
Test:  [300/391]  eta: 0:00:39  sploss: 4.9176 (5.1083)  famloss: 1.9459 (2.1331)  manuloss: 1.1130 (1.2603)  acc1: 33.9844 (32.2700)  acc5: 58.2031 (56.0450)  family_acc1: 62.1094 (59.5346)  manu_acc1: 75.3906 (71.6557)  time: 0.4650  data: 0.3702  max mem: 11361
Test:  [350/391]  eta: 0:00:17  sploss: 5.1105 (5.1048)  famloss: 2.1222 (2.1186)  manuloss: 1.1916 (1.2442)  acc1: 31.6406 (32.1526)  acc5: 55.4688 (56.0986)  family_acc1: 59.3750 (59.7979)  manu_acc1: 72.6562 (72.0275)  time: 0.4734  data: 0.3779  max mem: 11361
Test:  [390/391]  eta: 0:00:00  sploss: 4.9491 (5.0937)  famloss: 1.9652 (2.1038)  manuloss: 1.0115 (1.2239)  acc1: 34.3750 (32.2380)  acc5: 58.5938 (56.3000)  family_acc1: 62.5000 (60.1020)  manu_acc1: 78.5156 (72.6060)  time: 0.4358  data: 0.3442  max mem: 11361
Test: Total time: 0:02:45 (0.4236 s / it)
* Acc@1 32.238 Acc@5 56.300 family@1 60.102 manu@1 72.606 sploss 5.094 fmloss 2.104 mfloss 1.224
Accuracy of the network on the 100000 test images: 32.2%
Max accuracy: 32.24%
Epoch: [45]  [  0/312]  eta: 0:33:32  lr: 0.000152  sp_loss: 4.5565 (4.5565)  fam_loss: 2.5148 (2.5148)  manu_loss: 1.7358 (1.7358)  ot_loss: 0.5498 (0.5498)  base_loss: 4.7373 (4.7373)  time: 6.4515  data: 6.1119  max mem: 11361
Epoch: [45]  [ 50/312]  eta: 0:02:12  lr: 0.000152  sp_loss: 6.1333 (5.9916)  fam_loss: 3.6148 (3.5972)  manu_loss: 2.5513 (2.5314)  ot_loss: 0.5393 (0.5399)  base_loss: 6.1191 (5.9947)  time: 0.4055  data: 0.0984  max mem: 11361
Epoch: [45]  [100/312]  eta: 0:01:34  lr: 0.000152  sp_loss: 6.2259 (5.8955)  fam_loss: 3.7266 (3.5197)  manu_loss: 2.6817 (2.4859)  ot_loss: 0.5386 (0.5407)  base_loss: 6.1912 (5.9111)  time: 0.4025  data: 0.0931  max mem: 11361
Epoch: [45]  [150/312]  eta: 0:01:09  lr: 0.000152  sp_loss: 6.1862 (5.9213)  fam_loss: 3.7626 (3.5370)  manu_loss: 2.6189 (2.4973)  ot_loss: 0.5371 (0.5405)  base_loss: 6.1747 (5.9325)  time: 0.4283  data: 0.1216  max mem: 11361
Epoch: [45]  [200/312]  eta: 0:00:47  lr: 0.000152  sp_loss: 6.2116 (5.8840)  fam_loss: 3.7207 (3.5110)  manu_loss: 2.6125 (2.4803)  ot_loss: 0.5377 (0.5408)  base_loss: 6.1613 (5.9014)  time: 0.3572  data: 0.0508  max mem: 11361
Epoch: [45]  [250/312]  eta: 0:00:25  lr: 0.000152  sp_loss: 5.7829 (5.8848)  fam_loss: 3.5496 (3.5136)  manu_loss: 2.4712 (2.4803)  ot_loss: 0.5397 (0.5409)  base_loss: 5.8762 (5.9025)  time: 0.3536  data: 0.0496  max mem: 11361
Epoch: [45]  [300/312]  eta: 0:00:04  lr: 0.000152  sp_loss: 6.0822 (5.8912)  fam_loss: 3.5889 (3.5120)  manu_loss: 2.6023 (2.4810)  ot_loss: 0.5391 (0.5409)  base_loss: 6.1292 (5.9062)  time: 0.4123  data: 0.1078  max mem: 11361
Epoch: [45]  [311/312]  eta: 0:00:00  lr: 0.000152  sp_loss: 6.0113 (5.8972)  fam_loss: 3.5421 (3.5145)  manu_loss: 2.4974 (2.4833)  ot_loss: 0.5391 (0.5408)  base_loss: 5.9753 (5.9107)  time: 0.3386  data: 0.0519  max mem: 11361
Epoch: [45] Total time: 0:02:07 (0.4098 s / it)
Averaged stats: lr: 0.000152  sp_loss: 6.0113 (5.8972)  fam_loss: 3.5421 (3.5145)  manu_loss: 2.4974 (2.4833)  ot_loss: 0.5391 (0.5408)  base_loss: 5.9753 (5.9107)
Epoch: [46]  [  0/312]  eta: 0:30:53  lr: 0.000149  sp_loss: 5.5582 (5.5582)  fam_loss: 3.6598 (3.6598)  manu_loss: 2.5107 (2.5107)  ot_loss: 0.5510 (0.5510)  base_loss: 5.7653 (5.7653)  time: 5.9398  data: 5.5914  max mem: 11361
Epoch: [46]  [ 50/312]  eta: 0:02:12  lr: 0.000149  sp_loss: 6.1966 (5.9344)  fam_loss: 3.7515 (3.5698)  manu_loss: 2.6225 (2.5441)  ot_loss: 0.5375 (0.5402)  base_loss: 6.1794 (5.9568)  time: 0.4130  data: 0.1080  max mem: 11361
Epoch: [46]  [100/312]  eta: 0:01:35  lr: 0.000149  sp_loss: 6.0217 (5.9510)  fam_loss: 3.5870 (3.5598)  manu_loss: 2.5870 (2.5334)  ot_loss: 0.5398 (0.5405)  base_loss: 6.0955 (5.9616)  time: 0.4137  data: 0.1101  max mem: 11361
Epoch: [46]  [150/312]  eta: 0:01:10  lr: 0.000149  sp_loss: 6.1684 (5.9870)  fam_loss: 3.6554 (3.5802)  manu_loss: 2.5738 (2.5479)  ot_loss: 0.5388 (0.5401)  base_loss: 6.1878 (5.9906)  time: 0.4188  data: 0.1120  max mem: 11361
Epoch: [46]  [200/312]  eta: 0:00:47  lr: 0.000149  sp_loss: 5.9461 (5.9829)  fam_loss: 3.5894 (3.5735)  manu_loss: 2.4736 (2.5380)  ot_loss: 0.5391 (0.5402)  base_loss: 5.9699 (5.9853)  time: 0.3599  data: 0.0565  max mem: 11361
Epoch: [46]  [250/312]  eta: 0:00:25  lr: 0.000149  sp_loss: 6.4658 (5.9693)  fam_loss: 3.8087 (3.5626)  manu_loss: 2.6524 (2.5277)  ot_loss: 0.5369 (0.5403)  base_loss: 6.3503 (5.9729)  time: 0.3675  data: 0.0555  max mem: 11361
Epoch: [46]  [300/312]  eta: 0:00:04  lr: 0.000149  sp_loss: 5.7949 (5.9575)  fam_loss: 3.4943 (3.5542)  manu_loss: 2.4748 (2.5207)  ot_loss: 0.5407 (0.5404)  base_loss: 5.8398 (5.9627)  time: 0.3947  data: 0.0903  max mem: 11361
Epoch: [46]  [311/312]  eta: 0:00:00  lr: 0.000149  sp_loss: 6.1626 (5.9587)  fam_loss: 3.6811 (3.5532)  manu_loss: 2.5961 (2.5196)  ot_loss: 0.5360 (0.5403)  base_loss: 6.1723 (5.9629)  time: 0.3384  data: 0.0554  max mem: 11361
Epoch: [46] Total time: 0:02:07 (0.4101 s / it)
Averaged stats: lr: 0.000149  sp_loss: 6.1626 (5.9587)  fam_loss: 3.6811 (3.5532)  manu_loss: 2.5961 (2.5196)  ot_loss: 0.5360 (0.5403)  base_loss: 6.1723 (5.9629)
Test:  [  0/391]  eta: 0:41:39  sploss: 4.9122 (4.9122)  famloss: 1.8629 (1.8629)  manuloss: 1.0607 (1.0607)  acc1: 31.6406 (31.6406)  acc5: 58.9844 (58.9844)  family_acc1: 63.6719 (63.6719)  manu_acc1: 76.5625 (76.5625)  time: 6.3925  data: 6.2621  max mem: 11361
Test:  [ 50/391]  eta: 0:03:00  sploss: 5.0083 (5.0612)  famloss: 2.0564 (2.0803)  manuloss: 1.1703 (1.2191)  acc1: 31.2500 (32.0006)  acc5: 55.8594 (55.2466)  family_acc1: 60.1562 (60.4473)  manu_acc1: 73.0469 (72.5950)  time: 0.4791  data: 0.3842  max mem: 11361
Test:  [100/391]  eta: 0:02:14  sploss: 5.0356 (5.0345)  famloss: 2.1571 (2.0827)  manuloss: 1.2871 (1.2157)  acc1: 31.6406 (32.3291)  acc5: 55.0781 (55.5616)  family_acc1: 57.8125 (59.9899)  manu_acc1: 70.3125 (72.4513)  time: 0.4747  data: 0.3797  max mem: 11361
Test:  [150/391]  eta: 0:01:45  sploss: 4.8002 (4.9951)  famloss: 1.8573 (2.0536)  manuloss: 1.0488 (1.2007)  acc1: 34.3750 (32.9444)  acc5: 59.7656 (56.3845)  family_acc1: 64.0625 (60.4460)  manu_acc1: 76.5625 (72.7856)  time: 0.4744  data: 0.3799  max mem: 11361
Test:  [200/391]  eta: 0:01:21  sploss: 5.0437 (5.0198)  famloss: 2.1774 (2.0793)  manuloss: 1.2563 (1.2150)  acc1: 32.4219 (32.5326)  acc5: 55.4688 (56.0693)  family_acc1: 57.8125 (59.8803)  manu_acc1: 69.9219 (72.3997)  time: 0.2803  data: 0.1861  max mem: 11361
Test:  [250/391]  eta: 0:00:59  sploss: 4.9311 (5.0147)  famloss: 2.0612 (2.0889)  manuloss: 1.2438 (1.2322)  acc1: 33.5938 (32.7798)  acc5: 56.2500 (56.2765)  family_acc1: 59.3750 (59.7252)  manu_acc1: 70.3125 (71.8579)  time: 0.2821  data: 0.1896  max mem: 11361
Test:  [300/391]  eta: 0:00:39  sploss: 4.7875 (4.9820)  famloss: 1.8813 (2.0604)  manuloss: 1.0711 (1.2105)  acc1: 35.1562 (33.2472)  acc5: 60.9375 (56.9417)  family_acc1: 63.2812 (60.2925)  manu_acc1: 75.7812 (72.3798)  time: 0.4587  data: 0.3649  max mem: 11361
Test:  [350/391]  eta: 0:00:17  sploss: 4.9559 (4.9779)  famloss: 2.0600 (2.0469)  manuloss: 1.1235 (1.1954)  acc1: 32.4219 (33.2176)  acc5: 56.2500 (57.0424)  family_acc1: 60.5469 (60.4890)  manu_acc1: 73.8281 (72.6796)  time: 0.4852  data: 0.3899  max mem: 11361
Test:  [390/391]  eta: 0:00:00  sploss: 4.8390 (4.9658)  famloss: 1.9200 (2.0335)  manuloss: 0.9741 (1.1749)  acc1: 33.9844 (33.3410)  acc5: 58.9844 (57.2340)  family_acc1: 62.8906 (60.8000)  manu_acc1: 78.9062 (73.2400)  time: 0.4428  data: 0.3521  max mem: 11361
Test: Total time: 0:02:43 (0.4190 s / it)
* Acc@1 33.341 Acc@5 57.234 family@1 60.800 manu@1 73.240 sploss 4.966 fmloss 2.034 mfloss 1.175
Accuracy of the network on the 100000 test images: 33.3%
Max accuracy: 33.34%
Epoch: [47]  [  0/312]  eta: 0:35:00  lr: 0.000145  sp_loss: 6.3537 (6.3537)  fam_loss: 3.8661 (3.8661)  manu_loss: 2.6347 (2.6347)  ot_loss: 0.5382 (0.5382)  base_loss: 6.2893 (6.2893)  time: 6.7327  data: 6.2605  max mem: 11361
Epoch: [47]  [ 50/312]  eta: 0:02:14  lr: 0.000145  sp_loss: 5.7581 (5.5438)  fam_loss: 3.3201 (3.2613)  manu_loss: 2.3193 (2.2919)  ot_loss: 0.5397 (0.5439)  base_loss: 5.8022 (5.6057)  time: 0.4114  data: 0.1073  max mem: 11361
Epoch: [47]  [100/312]  eta: 0:01:35  lr: 0.000145  sp_loss: 5.9703 (5.6392)  fam_loss: 3.4896 (3.3253)  manu_loss: 2.5776 (2.3509)  ot_loss: 0.5398 (0.5430)  base_loss: 5.9653 (5.6883)  time: 0.3990  data: 0.0947  max mem: 11361
Epoch: [47]  [150/312]  eta: 0:01:09  lr: 0.000145  sp_loss: 5.9329 (5.6973)  fam_loss: 3.5554 (3.3725)  manu_loss: 2.5388 (2.3839)  ot_loss: 0.5388 (0.5424)  base_loss: 5.9848 (5.7407)  time: 0.4167  data: 0.1124  max mem: 11361
Epoch: [47]  [200/312]  eta: 0:00:47  lr: 0.000145  sp_loss: 5.9200 (5.7323)  fam_loss: 3.5446 (3.3972)  manu_loss: 2.5074 (2.4020)  ot_loss: 0.5398 (0.5421)  base_loss: 5.9843 (5.7706)  time: 0.3699  data: 0.0643  max mem: 11361
Epoch: [47]  [250/312]  eta: 0:00:25  lr: 0.000145  sp_loss: 6.4636 (5.7694)  fam_loss: 3.8542 (3.4208)  manu_loss: 2.7041 (2.4190)  ot_loss: 0.5358 (0.5418)  base_loss: 6.3813 (5.8014)  time: 0.3514  data: 0.0512  max mem: 11361
Epoch: [47]  [300/312]  eta: 0:00:04  lr: 0.000145  sp_loss: 6.2269 (5.7815)  fam_loss: 3.6536 (3.4285)  manu_loss: 2.4847 (2.4241)  ot_loss: 0.5371 (0.5418)  base_loss: 6.1627 (5.8111)  time: 0.3765  data: 0.0717  max mem: 11361
Epoch: [47]  [311/312]  eta: 0:00:00  lr: 0.000145  sp_loss: 5.7583 (5.7748)  fam_loss: 3.3666 (3.4256)  manu_loss: 2.4110 (2.4216)  ot_loss: 0.5424 (0.5418)  base_loss: 5.7990 (5.8060)  time: 0.3379  data: 0.0513  max mem: 11361
Epoch: [47] Total time: 0:02:07 (0.4088 s / it)
Averaged stats: lr: 0.000145  sp_loss: 5.7583 (5.7748)  fam_loss: 3.3666 (3.4256)  manu_loss: 2.4110 (2.4216)  ot_loss: 0.5424 (0.5418)  base_loss: 5.7990 (5.8060)
Epoch: [48]  [  0/312]  eta: 0:34:32  lr: 0.000141  sp_loss: 5.4342 (5.4342)  fam_loss: 3.0308 (3.0308)  manu_loss: 2.2266 (2.2266)  ot_loss: 0.5442 (0.5442)  base_loss: 5.4764 (5.4764)  time: 6.6441  data: 6.3110  max mem: 11361
Epoch: [48]  [ 50/312]  eta: 0:02:13  lr: 0.000141  sp_loss: 5.6645 (5.8631)  fam_loss: 3.4198 (3.4978)  manu_loss: 2.5265 (2.4897)  ot_loss: 0.5411 (0.5412)  base_loss: 5.7594 (5.8872)  time: 0.4080  data: 0.1041  max mem: 11361
Epoch: [48]  [100/312]  eta: 0:01:36  lr: 0.000141  sp_loss: 5.8967 (5.7621)  fam_loss: 3.4816 (3.4253)  manu_loss: 2.4299 (2.4237)  ot_loss: 0.5396 (0.5418)  base_loss: 5.8730 (5.7989)  time: 0.4130  data: 0.1141  max mem: 11361
Epoch: [48]  [150/312]  eta: 0:01:10  lr: 0.000141  sp_loss: 6.1198 (5.7837)  fam_loss: 3.5794 (3.4435)  manu_loss: 2.5124 (2.4360)  ot_loss: 0.5389 (0.5416)  base_loss: 6.1260 (5.8183)  time: 0.4194  data: 0.1192  max mem: 11361
Epoch: [48]  [200/312]  eta: 0:00:47  lr: 0.000141  sp_loss: 5.9148 (5.8093)  fam_loss: 3.5601 (3.4549)  manu_loss: 2.5790 (2.4433)  ot_loss: 0.5405 (0.5415)  base_loss: 5.9970 (5.8374)  time: 0.3662  data: 0.0678  max mem: 11361
Epoch: [48]  [250/312]  eta: 0:00:25  lr: 0.000141  sp_loss: 6.1522 (5.8258)  fam_loss: 3.6432 (3.4615)  manu_loss: 2.5248 (2.4457)  ot_loss: 0.5375 (0.5414)  base_loss: 6.1018 (5.8491)  time: 0.3690  data: 0.0668  max mem: 11361
Epoch: [48]  [300/312]  eta: 0:00:05  lr: 0.000141  sp_loss: 6.3375 (5.8443)  fam_loss: 3.6922 (3.4726)  manu_loss: 2.6500 (2.4575)  ot_loss: 0.5385 (0.5413)  base_loss: 6.2689 (5.8645)  time: 0.4075  data: 0.0998  max mem: 11361
Epoch: [48]  [311/312]  eta: 0:00:00  lr: 0.000141  sp_loss: 6.3269 (5.8416)  fam_loss: 3.7078 (3.4698)  manu_loss: 2.6307 (2.4546)  ot_loss: 0.5376 (0.5413)  base_loss: 6.3128 (5.8616)  time: 0.3364  data: 0.0447  max mem: 11361
Epoch: [48] Total time: 0:02:09 (0.4138 s / it)
Averaged stats: lr: 0.000141  sp_loss: 6.3269 (5.8416)  fam_loss: 3.7078 (3.4698)  manu_loss: 2.6307 (2.4546)  ot_loss: 0.5376 (0.5413)  base_loss: 6.3128 (5.8616)
Test:  [  0/391]  eta: 0:39:52  sploss: 4.8870 (4.8870)  famloss: 1.8615 (1.8615)  manuloss: 1.0241 (1.0241)  acc1: 33.9844 (33.9844)  acc5: 57.8125 (57.8125)  family_acc1: 64.0625 (64.0625)  manu_acc1: 78.1250 (78.1250)  time: 6.1200  data: 6.0083  max mem: 11361
Test:  [ 50/391]  eta: 0:02:53  sploss: 4.9407 (5.0012)  famloss: 2.0312 (2.0629)  manuloss: 1.1761 (1.2090)  acc1: 32.8125 (32.3146)  acc5: 56.6406 (55.5530)  family_acc1: 60.1562 (60.3707)  manu_acc1: 73.8281 (73.1235)  time: 0.4558  data: 0.3620  max mem: 11361
Test:  [100/391]  eta: 0:02:13  sploss: 5.0238 (4.9835)  famloss: 2.1487 (2.0633)  manuloss: 1.2372 (1.2012)  acc1: 32.0312 (32.6191)  acc5: 54.6875 (55.9754)  family_acc1: 59.3750 (60.4850)  manu_acc1: 71.8750 (73.1204)  time: 0.4901  data: 0.3951  max mem: 11361
Test:  [150/391]  eta: 0:01:44  sploss: 4.7533 (4.9444)  famloss: 1.8641 (2.0382)  manuloss: 1.0412 (1.1882)  acc1: 35.5469 (33.3506)  acc5: 60.5469 (56.7881)  family_acc1: 64.4531 (61.0099)  manu_acc1: 75.3906 (73.2745)  time: 0.4686  data: 0.3751  max mem: 11361
Test:  [200/391]  eta: 0:01:20  sploss: 4.9858 (4.9676)  famloss: 2.1275 (2.0607)  manuloss: 1.2559 (1.1988)  acc1: 32.0312 (32.9097)  acc5: 56.2500 (56.4094)  family_acc1: 57.8125 (60.4886)  manu_acc1: 70.7031 (73.0177)  time: 0.2760  data: 0.1828  max mem: 11361
Test:  [250/391]  eta: 0:00:58  sploss: 4.8892 (4.9634)  famloss: 2.0594 (2.0705)  manuloss: 1.2367 (1.2189)  acc1: 34.3750 (33.1627)  acc5: 57.4219 (56.6609)  family_acc1: 59.7656 (60.2450)  manu_acc1: 69.9219 (72.3761)  time: 0.2926  data: 0.1926  max mem: 11361
Test:  [300/391]  eta: 0:00:38  sploss: 4.7112 (4.9302)  famloss: 1.8662 (2.0416)  manuloss: 1.0618 (1.1966)  acc1: 36.3281 (33.6353)  acc5: 60.1562 (57.2908)  family_acc1: 64.4531 (60.8090)  manu_acc1: 75.7812 (72.8860)  time: 0.4739  data: 0.3802  max mem: 11361
Test:  [350/391]  eta: 0:00:17  sploss: 4.9283 (4.9261)  famloss: 2.0338 (2.0275)  manuloss: 1.1491 (1.1817)  acc1: 33.2031 (33.6082)  acc5: 57.4219 (57.4141)  family_acc1: 60.1562 (61.0087)  manu_acc1: 73.4375 (73.1504)  time: 0.4681  data: 0.3722  max mem: 11361
Test:  [390/391]  eta: 0:00:00  sploss: 4.7500 (4.9133)  famloss: 1.8978 (2.0135)  manuloss: 0.9672 (1.1607)  acc1: 35.9375 (33.7350)  acc5: 59.7656 (57.6440)  family_acc1: 64.0625 (61.3430)  manu_acc1: 78.5156 (73.7300)  time: 0.4175  data: 0.3264  max mem: 11361
Test: Total time: 0:02:43 (0.4171 s / it)
* Acc@1 33.735 Acc@5 57.644 family@1 61.343 manu@1 73.730 sploss 4.913 fmloss 2.014 mfloss 1.161
Accuracy of the network on the 100000 test images: 33.7%
Max accuracy: 33.73%
Epoch: [49]  [  0/312]  eta: 0:34:01  lr: 0.000138  sp_loss: 6.4495 (6.4495)  fam_loss: 3.6322 (3.6322)  manu_loss: 2.6950 (2.6950)  ot_loss: 0.5377 (0.5377)  base_loss: 6.2926 (6.2926)  time: 6.5444  data: 6.1961  max mem: 11361
Epoch: [49]  [ 50/312]  eta: 0:02:14  lr: 0.000138  sp_loss: 5.4934 (5.6575)  fam_loss: 3.3446 (3.3762)  manu_loss: 2.3570 (2.3956)  ot_loss: 0.5437 (0.5430)  base_loss: 5.6210 (5.7203)  time: 0.4067  data: 0.1053  max mem: 11361
Epoch: [49]  [100/312]  eta: 0:01:36  lr: 0.000138  sp_loss: 5.8641 (5.7712)  fam_loss: 3.6461 (3.4427)  manu_loss: 2.5449 (2.4463)  ot_loss: 0.5406 (0.5417)  base_loss: 5.9018 (5.8120)  time: 0.4214  data: 0.1102  max mem: 11361
Epoch: [49]  [150/312]  eta: 0:01:10  lr: 0.000138  sp_loss: 5.3750 (5.7195)  fam_loss: 3.0581 (3.4101)  manu_loss: 2.1498 (2.4155)  ot_loss: 0.5415 (0.5420)  base_loss: 5.4328 (5.7687)  time: 0.4132  data: 0.1119  max mem: 11361
Epoch: [49]  [200/312]  eta: 0:00:47  lr: 0.000138  sp_loss: 5.6815 (5.7238)  fam_loss: 3.3531 (3.4074)  manu_loss: 2.3723 (2.4110)  ot_loss: 0.5412 (0.5421)  base_loss: 5.7195 (5.7695)  time: 0.3838  data: 0.0787  max mem: 11361
Epoch: [49]  [250/312]  eta: 0:00:25  lr: 0.000138  sp_loss: 5.9836 (5.7658)  fam_loss: 3.6768 (3.4285)  manu_loss: 2.5405 (2.4276)  ot_loss: 0.5377 (0.5418)  base_loss: 6.0137 (5.8022)  time: 0.3587  data: 0.0612  max mem: 11361
Epoch: [49]  [300/312]  eta: 0:00:04  lr: 0.000138  sp_loss: 6.2377 (5.7924)  fam_loss: 3.7669 (3.4432)  manu_loss: 2.6705 (2.4360)  ot_loss: 0.5382 (0.5415)  base_loss: 6.2131 (5.8228)  time: 0.3615  data: 0.0606  max mem: 11361
Epoch: [49]  [311/312]  eta: 0:00:00  lr: 0.000138  sp_loss: 5.5652 (5.7849)  fam_loss: 3.3290 (3.4381)  manu_loss: 2.3399 (2.4320)  ot_loss: 0.5401 (0.5416)  base_loss: 5.6461 (5.8167)  time: 0.3312  data: 0.0490  max mem: 11361
Epoch: [49] Total time: 0:02:08 (0.4122 s / it)
Averaged stats: lr: 0.000138  sp_loss: 5.5652 (5.7849)  fam_loss: 3.3290 (3.4381)  manu_loss: 2.3399 (2.4320)  ot_loss: 0.5401 (0.5416)  base_loss: 5.6461 (5.8167)
Epoch: [50]  [  0/312]  eta: 0:31:09  lr: 0.000134  sp_loss: 5.4851 (5.4851)  fam_loss: 3.3001 (3.3001)  manu_loss: 2.3861 (2.3861)  ot_loss: 0.5435 (0.5435)  base_loss: 5.6011 (5.6011)  time: 5.9926  data: 5.6554  max mem: 11361
Epoch: [50]  [ 50/312]  eta: 0:02:14  lr: 0.000134  sp_loss: 5.2136 (5.7046)  fam_loss: 3.1317 (3.4071)  manu_loss: 2.2007 (2.4100)  ot_loss: 0.5442 (0.5414)  base_loss: 5.3643 (5.7560)  time: 0.4205  data: 0.1185  max mem: 11361
Epoch: [50]  [100/312]  eta: 0:01:35  lr: 0.000134  sp_loss: 5.8866 (5.7529)  fam_loss: 3.5029 (3.4023)  manu_loss: 2.5254 (2.4079)  ot_loss: 0.5391 (0.5417)  base_loss: 5.9261 (5.7826)  time: 0.4049  data: 0.0978  max mem: 11361
Epoch: [50]  [150/312]  eta: 0:01:10  lr: 0.000134  sp_loss: 5.9949 (5.7806)  fam_loss: 3.6226 (3.4170)  manu_loss: 2.6251 (2.4162)  ot_loss: 0.5390 (0.5415)  base_loss: 5.9948 (5.8051)  time: 0.4104  data: 0.1051  max mem: 11361
Epoch: [50]  [200/312]  eta: 0:00:47  lr: 0.000134  sp_loss: 6.1834 (5.7718)  fam_loss: 3.5276 (3.4193)  manu_loss: 2.4922 (2.4146)  ot_loss: 0.5384 (0.5417)  base_loss: 6.1385 (5.8007)  time: 0.3888  data: 0.0863  max mem: 11361
Epoch: [50]  [250/312]  eta: 0:00:25  lr: 0.000134  sp_loss: 6.1244 (5.7886)  fam_loss: 3.5471 (3.4323)  manu_loss: 2.4611 (2.4228)  ot_loss: 0.5379 (0.5415)  base_loss: 6.0448 (5.8155)  time: 0.3856  data: 0.0541  max mem: 11361
Epoch: [50]  [300/312]  eta: 0:00:04  lr: 0.000134  sp_loss: 5.9705 (5.8199)  fam_loss: 3.5210 (3.4585)  manu_loss: 2.4952 (2.4415)  ot_loss: 0.5384 (0.5413)  base_loss: 5.9409 (5.8439)  time: 0.3856  data: 0.0852  max mem: 11361
Epoch: [50]  [311/312]  eta: 0:00:00  lr: 0.000134  sp_loss: 5.4629 (5.8129)  fam_loss: 3.3008 (3.4515)  manu_loss: 2.4348 (2.4378)  ot_loss: 0.5397 (0.5413)  base_loss: 5.5912 (5.8374)  time: 0.3330  data: 0.0528  max mem: 11361
Epoch: [50] Total time: 0:02:08 (0.4124 s / it)
Averaged stats: lr: 0.000134  sp_loss: 5.4629 (5.8129)  fam_loss: 3.3008 (3.4515)  manu_loss: 2.4348 (2.4378)  ot_loss: 0.5397 (0.5413)  base_loss: 5.5912 (5.8374)
Test:  [  0/391]  eta: 0:40:56  sploss: 4.9048 (4.9048)  famloss: 1.9058 (1.9058)  manuloss: 1.1098 (1.1098)  acc1: 32.8125 (32.8125)  acc5: 58.9844 (58.9844)  family_acc1: 62.8906 (62.8906)  manu_acc1: 75.7812 (75.7812)  time: 6.2835  data: 6.1521  max mem: 11361
Test:  [ 50/391]  eta: 0:02:57  sploss: 5.0520 (5.0755)  famloss: 2.1025 (2.1300)  manuloss: 1.2263 (1.2774)  acc1: 32.8125 (32.7742)  acc5: 56.2500 (55.8824)  family_acc1: 60.5469 (60.4550)  manu_acc1: 73.4375 (72.8554)  time: 0.4878  data: 0.3928  max mem: 11361
Test:  [100/391]  eta: 0:02:13  sploss: 5.1339 (5.0535)  famloss: 2.1879 (2.1252)  manuloss: 1.3208 (1.2685)  acc1: 33.5938 (32.8318)  acc5: 55.4688 (56.1843)  family_acc1: 58.5938 (60.2877)  manu_acc1: 71.0938 (72.9038)  time: 0.4654  data: 0.3690  max mem: 11361
Test:  [150/391]  eta: 0:01:46  sploss: 4.8660 (5.0139)  famloss: 1.9230 (2.0988)  manuloss: 1.1223 (1.2551)  acc1: 35.9375 (33.4980)  acc5: 58.9844 (56.9692)  family_acc1: 64.0625 (60.8495)  manu_acc1: 75.7812 (73.1529)  time: 0.4923  data: 0.3870  max mem: 11361
Test:  [200/391]  eta: 0:01:21  sploss: 5.0817 (5.0386)  famloss: 2.1892 (2.1199)  manuloss: 1.3054 (1.2649)  acc1: 31.2500 (32.8591)  acc5: 55.4688 (56.5998)  family_acc1: 58.2031 (60.3623)  manu_acc1: 71.0938 (72.8039)  time: 0.3039  data: 0.2094  max mem: 11361
Test:  [250/391]  eta: 0:00:59  sploss: 4.9825 (5.0326)  famloss: 2.1537 (2.1293)  manuloss: 1.3014 (1.2832)  acc1: 34.7656 (33.1689)  acc5: 57.8125 (56.7900)  family_acc1: 58.9844 (60.1173)  manu_acc1: 69.9219 (72.1224)  time: 0.2793  data: 0.1853  max mem: 11361
Test:  [300/391]  eta: 0:00:39  sploss: 4.8148 (4.9989)  famloss: 1.9298 (2.1003)  manuloss: 1.1103 (1.2610)  acc1: 36.3281 (33.6677)  acc5: 59.3750 (57.4504)  family_acc1: 64.4531 (60.6247)  manu_acc1: 76.1719 (72.6744)  time: 0.4735  data: 0.3796  max mem: 11361
Test:  [350/391]  eta: 0:00:17  sploss: 4.9950 (4.9948)  famloss: 2.0998 (2.0868)  manuloss: 1.1895 (1.2469)  acc1: 33.9844 (33.6071)  acc5: 56.2500 (57.5031)  family_acc1: 60.9375 (60.8696)  manu_acc1: 73.4375 (72.9434)  time: 0.4736  data: 0.3783  max mem: 11361
Test:  [390/391]  eta: 0:00:00  sploss: 4.8471 (4.9834)  famloss: 1.9500 (2.0735)  manuloss: 1.0193 (1.2263)  acc1: 34.3750 (33.6900)  acc5: 60.5469 (57.7590)  family_acc1: 63.6719 (61.1830)  manu_acc1: 78.5156 (73.5450)  time: 0.4374  data: 0.3430  max mem: 11361
Test: Total time: 0:02:47 (0.4286 s / it)
* Acc@1 33.690 Acc@5 57.759 family@1 61.183 manu@1 73.545 sploss 4.983 fmloss 2.073 mfloss 1.226
Accuracy of the network on the 100000 test images: 33.7%
Max accuracy: 33.73%
Epoch: [51]  [  0/312]  eta: 0:33:44  lr: 0.000130  sp_loss: 6.3678 (6.3678)  fam_loss: 3.7629 (3.7629)  manu_loss: 2.6275 (2.6275)  ot_loss: 0.5364 (0.5364)  base_loss: 6.2699 (6.2699)  time: 6.4895  data: 6.0019  max mem: 11361
Epoch: [51]  [ 50/312]  eta: 0:02:17  lr: 0.000130  sp_loss: 5.5899 (5.4979)  fam_loss: 3.4043 (3.2673)  manu_loss: 2.4248 (2.2925)  ot_loss: 0.5424 (0.5434)  base_loss: 5.7264 (5.5801)  time: 0.4237  data: 0.1216  max mem: 11361
Epoch: [51]  [100/312]  eta: 0:01:37  lr: 0.000130  sp_loss: 6.1071 (5.5527)  fam_loss: 3.5653 (3.2934)  manu_loss: 2.4145 (2.3179)  ot_loss: 0.5397 (0.5433)  base_loss: 6.0544 (5.6245)  time: 0.4183  data: 0.1165  max mem: 11361
Epoch: [51]  [150/312]  eta: 0:01:11  lr: 0.000130  sp_loss: 5.5681 (5.5909)  fam_loss: 3.3578 (3.3117)  manu_loss: 2.3946 (2.3336)  ot_loss: 0.5438 (0.5431)  base_loss: 5.6373 (5.6540)  time: 0.4298  data: 0.1270  max mem: 11361
Epoch: [51]  [200/312]  eta: 0:00:48  lr: 0.000130  sp_loss: 5.8460 (5.6422)  fam_loss: 3.5706 (3.3430)  manu_loss: 2.3815 (2.3541)  ot_loss: 0.5398 (0.5427)  base_loss: 5.8821 (5.6960)  time: 0.3621  data: 0.0623  max mem: 11361
Epoch: [51]  [250/312]  eta: 0:00:26  lr: 0.000130  sp_loss: 5.9946 (5.6943)  fam_loss: 3.5544 (3.3801)  manu_loss: 2.4904 (2.3852)  ot_loss: 0.5394 (0.5423)  base_loss: 5.8995 (5.7407)  time: 0.3631  data: 0.0592  max mem: 11361
Epoch: [51]  [300/312]  eta: 0:00:05  lr: 0.000130  sp_loss: 6.1463 (5.7066)  fam_loss: 3.6530 (3.3863)  manu_loss: 2.5950 (2.3872)  ot_loss: 0.5382 (0.5422)  base_loss: 6.1061 (5.7496)  time: 0.4125  data: 0.0982  max mem: 11361
Epoch: [51]  [311/312]  eta: 0:00:00  lr: 0.000130  sp_loss: 6.3037 (5.7086)  fam_loss: 3.6714 (3.3854)  manu_loss: 2.5697 (2.3865)  ot_loss: 0.5382 (0.5422)  base_loss: 6.2026 (5.7504)  time: 0.3326  data: 0.0508  max mem: 11361
Epoch: [51] Total time: 0:02:10 (0.4167 s / it)
Averaged stats: lr: 0.000130  sp_loss: 6.3037 (5.7086)  fam_loss: 3.6714 (3.3854)  manu_loss: 2.5697 (2.3865)  ot_loss: 0.5382 (0.5422)  base_loss: 6.2026 (5.7504)
Epoch: [52]  [  0/312]  eta: 0:31:24  lr: 0.000126  sp_loss: 5.6736 (5.6736)  fam_loss: 3.4093 (3.4093)  manu_loss: 2.2509 (2.2509)  ot_loss: 0.5432 (0.5432)  base_loss: 5.7162 (5.7162)  time: 6.0405  data: 5.6946  max mem: 11361
Epoch: [52]  [ 50/312]  eta: 0:02:13  lr: 0.000126  sp_loss: 5.7733 (5.5604)  fam_loss: 3.3795 (3.2962)  manu_loss: 2.4591 (2.3225)  ot_loss: 0.5408 (0.5430)  base_loss: 5.8550 (5.6319)  time: 0.4163  data: 0.1097  max mem: 11361
Epoch: [52]  [100/312]  eta: 0:01:36  lr: 0.000126  sp_loss: 5.8217 (5.6177)  fam_loss: 3.4627 (3.3347)  manu_loss: 2.3991 (2.3491)  ot_loss: 0.5419 (0.5428)  base_loss: 5.8194 (5.6790)  time: 0.4298  data: 0.1244  max mem: 11361
Epoch: [52]  [150/312]  eta: 0:01:09  lr: 0.000126  sp_loss: 5.9595 (5.6166)  fam_loss: 3.5649 (3.3249)  manu_loss: 2.4747 (2.3392)  ot_loss: 0.5393 (0.5429)  base_loss: 5.9715 (5.6741)  time: 0.3975  data: 0.0755  max mem: 11361
Epoch: [52]  [200/312]  eta: 0:00:47  lr: 0.000126  sp_loss: 5.5438 (5.6260)  fam_loss: 3.2549 (3.3345)  manu_loss: 2.2995 (2.3466)  ot_loss: 0.5410 (0.5427)  base_loss: 5.6172 (5.6834)  time: 0.3818  data: 0.0808  max mem: 11361
Epoch: [52]  [250/312]  eta: 0:00:25  lr: 0.000126  sp_loss: 6.1036 (5.6591)  fam_loss: 3.5868 (3.3500)  manu_loss: 2.4661 (2.3598)  ot_loss: 0.5393 (0.5425)  base_loss: 6.1115 (5.7088)  time: 0.3565  data: 0.0546  max mem: 11361
Epoch: [52]  [300/312]  eta: 0:00:04  lr: 0.000126  sp_loss: 6.1624 (5.6849)  fam_loss: 3.7217 (3.3706)  manu_loss: 2.6073 (2.3752)  ot_loss: 0.5374 (0.5423)  base_loss: 6.1589 (5.7315)  time: 0.3608  data: 0.0620  max mem: 11361
Epoch: [52]  [311/312]  eta: 0:00:00  lr: 0.000126  sp_loss: 5.2245 (5.6734)  fam_loss: 3.0919 (3.3647)  manu_loss: 2.1635 (2.3707)  ot_loss: 0.5454 (0.5424)  base_loss: 5.3379 (5.7226)  time: 0.3307  data: 0.0485  max mem: 11361
Epoch: [52] Total time: 0:02:07 (0.4089 s / it)
Averaged stats: lr: 0.000126  sp_loss: 5.2245 (5.6734)  fam_loss: 3.0919 (3.3647)  manu_loss: 2.1635 (2.3707)  ot_loss: 0.5454 (0.5424)  base_loss: 5.3379 (5.7226)
Test:  [  0/391]  eta: 0:40:14  sploss: 4.9107 (4.9107)  famloss: 1.8786 (1.8786)  manuloss: 0.9954 (0.9954)  acc1: 33.9844 (33.9844)  acc5: 60.5469 (60.5469)  family_acc1: 66.0156 (66.0156)  manu_acc1: 77.3438 (77.3438)  time: 6.1751  data: 6.0625  max mem: 11361
Test:  [ 50/391]  eta: 0:02:49  sploss: 5.0088 (5.0567)  famloss: 2.0656 (2.0894)  manuloss: 1.1548 (1.2336)  acc1: 32.8125 (33.1342)  acc5: 55.4688 (56.2423)  family_acc1: 60.1562 (60.5239)  manu_acc1: 73.8281 (72.9090)  time: 0.4514  data: 0.3573  max mem: 11361
Test:  [100/391]  eta: 0:02:07  sploss: 5.0570 (5.0368)  famloss: 2.1750 (2.0867)  manuloss: 1.2516 (1.2204)  acc1: 32.0312 (33.1412)  acc5: 55.8594 (56.5478)  family_acc1: 58.9844 (60.4347)  manu_acc1: 71.4844 (72.9386)  time: 0.4478  data: 0.3529  max mem: 11361
Test:  [150/391]  eta: 0:01:41  sploss: 4.8136 (4.9972)  famloss: 1.8513 (2.0587)  manuloss: 1.0409 (1.2055)  acc1: 36.3281 (33.8162)  acc5: 59.7656 (57.4012)  family_acc1: 64.8438 (60.9349)  manu_acc1: 76.1719 (73.1892)  time: 0.4601  data: 0.3643  max mem: 11361
Test:  [200/391]  eta: 0:01:18  sploss: 5.0234 (5.0190)  famloss: 2.1292 (2.0801)  manuloss: 1.2476 (1.2144)  acc1: 32.8125 (33.4208)  acc5: 57.0312 (56.9982)  family_acc1: 58.5938 (60.4730)  manu_acc1: 69.9219 (72.8603)  time: 0.2951  data: 0.1993  max mem: 11361
Test:  [250/391]  eta: 0:00:57  sploss: 4.9443 (5.0137)  famloss: 2.0773 (2.0864)  manuloss: 1.2400 (1.2305)  acc1: 35.1562 (33.7587)  acc5: 58.2031 (57.3192)  family_acc1: 60.1562 (60.3181)  manu_acc1: 71.0938 (72.2563)  time: 0.2768  data: 0.1834  max mem: 11361
Test:  [300/391]  eta: 0:00:37  sploss: 4.7673 (4.9815)  famloss: 1.8567 (2.0554)  manuloss: 1.0489 (1.2066)  acc1: 36.7188 (34.2556)  acc5: 61.7188 (57.9578)  family_acc1: 64.0625 (60.9193)  manu_acc1: 76.5625 (72.7523)  time: 0.4213  data: 0.3280  max mem: 11361
Test:  [350/391]  eta: 0:00:16  sploss: 4.9831 (4.9776)  famloss: 2.0540 (2.0405)  manuloss: 1.0712 (1.1899)  acc1: 33.9844 (34.2092)  acc5: 56.6406 (57.9961)  family_acc1: 60.5469 (61.1768)  manu_acc1: 73.8281 (73.0446)  time: 0.4504  data: 0.3410  max mem: 11361
Test:  [390/391]  eta: 0:00:00  sploss: 4.8475 (4.9671)  famloss: 1.9178 (2.0245)  manuloss: 0.9299 (1.1670)  acc1: 35.6250 (34.3320)  acc5: 59.3750 (58.2140)  family_acc1: 63.6719 (61.5160)  manu_acc1: 79.6875 (73.6650)  time: 0.4261  data: 0.3328  max mem: 11361
Test: Total time: 0:02:37 (0.4019 s / it)
* Acc@1 34.332 Acc@5 58.214 family@1 61.516 manu@1 73.665 sploss 4.967 fmloss 2.025 mfloss 1.167
Accuracy of the network on the 100000 test images: 34.3%
Max accuracy: 34.33%
Epoch: [53]  [  0/312]  eta: 0:33:49  lr: 0.000122  sp_loss: 6.2201 (6.2201)  fam_loss: 3.7634 (3.7634)  manu_loss: 2.6018 (2.6018)  ot_loss: 0.5360 (0.5360)  base_loss: 6.1705 (6.1705)  time: 6.5059  data: 6.1651  max mem: 11361
Epoch: [53]  [ 50/312]  eta: 0:02:15  lr: 0.000122  sp_loss: 6.1146 (5.6945)  fam_loss: 3.6717 (3.3728)  manu_loss: 2.5725 (2.3690)  ot_loss: 0.5369 (0.5417)  base_loss: 6.1052 (5.7356)  time: 0.4214  data: 0.1191  max mem: 11361
Epoch: [53]  [100/312]  eta: 0:01:36  lr: 0.000122  sp_loss: 5.9218 (5.6396)  fam_loss: 3.5150 (3.3406)  manu_loss: 2.4977 (2.3490)  ot_loss: 0.5405 (0.5423)  base_loss: 5.9504 (5.6930)  time: 0.4124  data: 0.1124  max mem: 11361
Epoch: [53]  [150/312]  eta: 0:01:10  lr: 0.000122  sp_loss: 5.4692 (5.6392)  fam_loss: 3.2190 (3.3363)  manu_loss: 2.3029 (2.3539)  ot_loss: 0.5434 (0.5424)  base_loss: 5.5382 (5.6924)  time: 0.4327  data: 0.1342  max mem: 11361
Epoch: [53]  [200/312]  eta: 0:00:47  lr: 0.000122  sp_loss: 5.4733 (5.6590)  fam_loss: 3.1840 (3.3527)  manu_loss: 2.3670 (2.3656)  ot_loss: 0.5412 (0.5423)  base_loss: 5.5634 (5.7102)  time: 0.3581  data: 0.0602  max mem: 11361
Epoch: [53]  [250/312]  eta: 0:00:25  lr: 0.000122  sp_loss: 5.9662 (5.7154)  fam_loss: 3.5345 (3.3866)  manu_loss: 2.4931 (2.3912)  ot_loss: 0.5396 (0.5419)  base_loss: 6.0099 (5.7559)  time: 0.3529  data: 0.0548  max mem: 11361
Epoch: [53]  [300/312]  eta: 0:00:04  lr: 0.000122  sp_loss: 6.1521 (5.6979)  fam_loss: 3.5996 (3.3697)  manu_loss: 2.5570 (2.3806)  ot_loss: 0.5389 (0.5421)  base_loss: 6.0985 (5.7395)  time: 0.3920  data: 0.0934  max mem: 11361
Epoch: [53]  [311/312]  eta: 0:00:00  lr: 0.000122  sp_loss: 6.1809 (5.7129)  fam_loss: 3.5844 (3.3796)  manu_loss: 2.4274 (2.3865)  ot_loss: 0.5395 (0.5420)  base_loss: 6.0878 (5.7519)  time: 0.3229  data: 0.0434  max mem: 11361
Epoch: [53] Total time: 0:02:08 (0.4117 s / it)
Averaged stats: lr: 0.000122  sp_loss: 6.1809 (5.7129)  fam_loss: 3.5844 (3.3796)  manu_loss: 2.4274 (2.3865)  ot_loss: 0.5395 (0.5420)  base_loss: 6.0878 (5.7519)
Epoch: [54]  [  0/312]  eta: 0:34:55  lr: 0.000119  sp_loss: 6.5561 (6.5561)  fam_loss: 4.0558 (4.0558)  manu_loss: 3.0116 (3.0116)  ot_loss: 0.5351 (0.5351)  base_loss: 6.5234 (6.5234)  time: 6.7164  data: 6.1918  max mem: 11361
Epoch: [54]  [ 50/312]  eta: 0:02:17  lr: 0.000119  sp_loss: 5.6195 (5.6138)  fam_loss: 3.3886 (3.3536)  manu_loss: 2.3820 (2.3676)  ot_loss: 0.5424 (0.5425)  base_loss: 5.7068 (5.6839)  time: 0.4400  data: 0.1371  max mem: 11361
Epoch: [54]  [100/312]  eta: 0:01:37  lr: 0.000119  sp_loss: 5.7673 (5.5931)  fam_loss: 3.4426 (3.3204)  manu_loss: 2.4722 (2.3499)  ot_loss: 0.5415 (0.5429)  base_loss: 5.8207 (5.6608)  time: 0.4131  data: 0.1144  max mem: 11361
Epoch: [54]  [150/312]  eta: 0:01:10  lr: 0.000119  sp_loss: 5.7396 (5.6176)  fam_loss: 3.4955 (3.3362)  manu_loss: 2.3746 (2.3530)  ot_loss: 0.5399 (0.5428)  base_loss: 5.8251 (5.6794)  time: 0.3870  data: 0.0850  max mem: 11361
Epoch: [54]  [200/312]  eta: 0:00:47  lr: 0.000119  sp_loss: 5.7147 (5.5869)  fam_loss: 3.4569 (3.3129)  manu_loss: 2.4724 (2.3369)  ot_loss: 0.5407 (0.5430)  base_loss: 5.8058 (5.6528)  time: 0.3519  data: 0.0537  max mem: 11361
Epoch: [54]  [250/312]  eta: 0:00:25  lr: 0.000119  sp_loss: 5.9854 (5.6077)  fam_loss: 3.5336 (3.3244)  manu_loss: 2.4968 (2.3460)  ot_loss: 0.5388 (0.5428)  base_loss: 5.9613 (5.6697)  time: 0.3525  data: 0.0474  max mem: 11361
Epoch: [54]  [300/312]  eta: 0:00:04  lr: 0.000119  sp_loss: 6.2825 (5.6377)  fam_loss: 3.6582 (3.3454)  manu_loss: 2.5362 (2.3580)  ot_loss: 0.5376 (0.5426)  base_loss: 6.2045 (5.6946)  time: 0.4049  data: 0.1013  max mem: 11361
Epoch: [54]  [311/312]  eta: 0:00:00  lr: 0.000119  sp_loss: 6.1527 (5.6494)  fam_loss: 3.6526 (3.3530)  manu_loss: 2.5523 (2.3637)  ot_loss: 0.5388 (0.5425)  base_loss: 6.1016 (5.7043)  time: 0.3361  data: 0.0451  max mem: 11361
Epoch: [54] Total time: 0:02:08 (0.4103 s / it)
Averaged stats: lr: 0.000119  sp_loss: 6.1527 (5.6494)  fam_loss: 3.6526 (3.3530)  manu_loss: 2.5523 (2.3637)  ot_loss: 0.5388 (0.5425)  base_loss: 6.1016 (5.7043)
Test:  [  0/391]  eta: 0:41:16  sploss: 5.0753 (5.0753)  famloss: 2.1220 (2.1220)  manuloss: 1.1754 (1.1754)  acc1: 34.7656 (34.7656)  acc5: 58.2031 (58.2031)  family_acc1: 64.8438 (64.8438)  manu_acc1: 77.7344 (77.7344)  time: 6.3331  data: 6.2219  max mem: 11361
Test:  [ 50/391]  eta: 0:02:59  sploss: 5.1760 (5.2253)  famloss: 2.2158 (2.2699)  manuloss: 1.3148 (1.3806)  acc1: 32.8125 (32.3836)  acc5: 57.0312 (55.6602)  family_acc1: 60.1562 (59.9648)  manu_acc1: 73.0469 (72.2197)  time: 0.4851  data: 0.3902  max mem: 11361
Test:  [100/391]  eta: 0:02:15  sploss: 5.2272 (5.2070)  famloss: 2.3392 (2.2700)  manuloss: 1.3988 (1.3673)  acc1: 32.4219 (32.6307)  acc5: 56.2500 (56.0605)  family_acc1: 59.3750 (59.8700)  manu_acc1: 71.0938 (72.4242)  time: 0.4752  data: 0.3804  max mem: 11361
Test:  [150/391]  eta: 0:01:46  sploss: 4.9936 (5.1733)  famloss: 2.0737 (2.2444)  manuloss: 1.2234 (1.3545)  acc1: 35.9375 (33.0401)  acc5: 58.9844 (56.7079)  family_acc1: 62.5000 (60.1330)  manu_acc1: 75.3906 (72.5993)  time: 0.4594  data: 0.3639  max mem: 11361
Test:  [200/391]  eta: 0:01:22  sploss: 5.2162 (5.1965)  famloss: 2.3643 (2.2689)  manuloss: 1.3879 (1.3679)  acc1: 32.4219 (32.5773)  acc5: 54.6875 (56.2655)  family_acc1: 57.8125 (59.5946)  manu_acc1: 69.9219 (72.2229)  time: 0.3036  data: 0.2103  max mem: 11361
Test:  [250/391]  eta: 0:01:00  sploss: 5.1216 (5.1943)  famloss: 2.2774 (2.2763)  manuloss: 1.3957 (1.3845)  acc1: 34.7656 (32.8670)  acc5: 56.6406 (56.4974)  family_acc1: 57.8125 (59.3454)  manu_acc1: 70.3125 (71.5902)  time: 0.2927  data: 0.1957  max mem: 11361
Test:  [300/391]  eta: 0:00:39  sploss: 4.9783 (5.1623)  famloss: 2.0568 (2.2463)  manuloss: 1.2237 (1.3625)  acc1: 35.5469 (33.3602)  acc5: 61.3281 (57.2571)  family_acc1: 62.5000 (59.9395)  manu_acc1: 74.6094 (72.0632)  time: 0.4724  data: 0.3787  max mem: 11361
Test:  [350/391]  eta: 0:00:17  sploss: 5.1142 (5.1578)  famloss: 2.2499 (2.2322)  manuloss: 1.3123 (1.3478)  acc1: 32.8125 (33.3255)  acc5: 57.0312 (57.2750)  family_acc1: 59.7656 (60.1329)  manu_acc1: 73.0469 (72.3803)  time: 0.4710  data: 0.3761  max mem: 11361
Test:  [390/391]  eta: 0:00:00  sploss: 5.0041 (5.1452)  famloss: 2.0992 (2.2172)  manuloss: 1.0977 (1.3274)  acc1: 35.5469 (33.4280)  acc5: 59.3750 (57.5200)  family_acc1: 62.8906 (60.4740)  manu_acc1: 78.1250 (73.0010)  time: 0.4385  data: 0.3473  max mem: 11361
Test: Total time: 0:02:46 (0.4263 s / it)
* Acc@1 33.428 Acc@5 57.520 family@1 60.474 manu@1 73.001 sploss 5.145 fmloss 2.217 mfloss 1.327
Accuracy of the network on the 100000 test images: 33.4%
Max accuracy: 34.33%
Epoch: [55]  [  0/312]  eta: 0:32:22  lr: 0.000115  sp_loss: 6.2907 (6.2907)  fam_loss: 3.6426 (3.6426)  manu_loss: 2.6495 (2.6495)  ot_loss: 0.5349 (0.5349)  base_loss: 6.1951 (6.1951)  time: 6.2257  data: 5.8841  max mem: 11361
Epoch: [55]  [ 50/312]  eta: 0:02:14  lr: 0.000115  sp_loss: 5.6770 (5.5606)  fam_loss: 3.2930 (3.2672)  manu_loss: 2.3133 (2.3159)  ot_loss: 0.5396 (0.5426)  base_loss: 5.7929 (5.6217)  time: 0.4260  data: 0.1207  max mem: 11361
Epoch: [55]  [100/312]  eta: 0:01:35  lr: 0.000115  sp_loss: 5.9122 (5.6142)  fam_loss: 3.6070 (3.3269)  manu_loss: 2.5712 (2.3512)  ot_loss: 0.5392 (0.5422)  base_loss: 5.9937 (5.6744)  time: 0.4091  data: 0.1099  max mem: 11361
Epoch: [55]  [150/312]  eta: 0:01:09  lr: 0.000115  sp_loss: 5.9723 (5.6451)  fam_loss: 3.5221 (3.3414)  manu_loss: 2.4682 (2.3624)  ot_loss: 0.5406 (0.5421)  base_loss: 5.9507 (5.6977)  time: 0.4153  data: 0.1123  max mem: 11361
Epoch: [55]  [200/312]  eta: 0:00:46  lr: 0.000115  sp_loss: 5.5105 (5.6409)  fam_loss: 3.2966 (3.3409)  manu_loss: 2.4381 (2.3641)  ot_loss: 0.5421 (0.5422)  base_loss: 5.6195 (5.6957)  time: 0.3510  data: 0.0526  max mem: 11361
Epoch: [55]  [250/312]  eta: 0:00:25  lr: 0.000115  sp_loss: 5.8838 (5.6345)  fam_loss: 3.5103 (3.3392)  manu_loss: 2.5391 (2.3606)  ot_loss: 0.5397 (0.5423)  base_loss: 5.9162 (5.6907)  time: 0.3575  data: 0.0572  max mem: 11361
Epoch: [55]  [300/312]  eta: 0:00:04  lr: 0.000115  sp_loss: 5.2779 (5.6288)  fam_loss: 3.1797 (3.3340)  manu_loss: 2.1846 (2.3552)  ot_loss: 0.5439 (0.5424)  base_loss: 5.3291 (5.6850)  time: 0.3925  data: 0.0921  max mem: 11361
Epoch: [55]  [311/312]  eta: 0:00:00  lr: 0.000115  sp_loss: 5.9165 (5.6368)  fam_loss: 3.4017 (3.3397)  manu_loss: 2.4333 (2.3585)  ot_loss: 0.5407 (0.5423)  base_loss: 5.8315 (5.6917)  time: 0.3353  data: 0.0549  max mem: 11361
Epoch: [55] Total time: 0:02:07 (0.4076 s / it)
Averaged stats: lr: 0.000115  sp_loss: 5.9165 (5.6368)  fam_loss: 3.4017 (3.3397)  manu_loss: 2.4333 (2.3585)  ot_loss: 0.5407 (0.5423)  base_loss: 5.8315 (5.6917)
Epoch: [56]  [  0/312]  eta: 0:34:21  lr: 0.000111  sp_loss: 5.3270 (5.3270)  fam_loss: 3.1602 (3.1602)  manu_loss: 2.1384 (2.1384)  ot_loss: 0.5460 (0.5460)  base_loss: 5.4337 (5.4337)  time: 6.6084  data: 6.2665  max mem: 11361
Epoch: [56]  [ 50/312]  eta: 0:02:11  lr: 0.000111  sp_loss: 6.2834 (5.6996)  fam_loss: 3.6310 (3.3436)  manu_loss: 2.5570 (2.3601)  ot_loss: 0.5369 (0.5424)  base_loss: 6.1929 (5.7287)  time: 0.4020  data: 0.0978  max mem: 11361
Epoch: [56]  [100/312]  eta: 0:01:35  lr: 0.000111  sp_loss: 6.0301 (5.6491)  fam_loss: 3.6364 (3.3295)  manu_loss: 2.5651 (2.3405)  ot_loss: 0.5405 (0.5427)  base_loss: 6.0128 (5.6928)  time: 0.4104  data: 0.1042  max mem: 11361
Epoch: [56]  [150/312]  eta: 0:01:09  lr: 0.000111  sp_loss: 5.9379 (5.6834)  fam_loss: 3.5864 (3.3543)  manu_loss: 2.4084 (2.3636)  ot_loss: 0.5401 (0.5423)  base_loss: 5.9957 (5.7232)  time: 0.4059  data: 0.0980  max mem: 11361
Epoch: [56]  [200/312]  eta: 0:00:47  lr: 0.000111  sp_loss: 5.9962 (5.6798)  fam_loss: 3.4975 (3.3568)  manu_loss: 2.4860 (2.3643)  ot_loss: 0.5385 (0.5423)  base_loss: 5.9511 (5.7219)  time: 0.3565  data: 0.0512  max mem: 11361
Epoch: [56]  [250/312]  eta: 0:00:25  lr: 0.000111  sp_loss: 5.6369 (5.6389)  fam_loss: 3.4319 (3.3308)  manu_loss: 2.3327 (2.3461)  ot_loss: 0.5420 (0.5426)  base_loss: 5.7128 (5.6885)  time: 0.3667  data: 0.0597  max mem: 11361
Epoch: [56]  [300/312]  eta: 0:00:04  lr: 0.000111  sp_loss: 6.0222 (5.6533)  fam_loss: 3.5784 (3.3418)  manu_loss: 2.5487 (2.3546)  ot_loss: 0.5397 (0.5425)  base_loss: 5.9857 (5.7010)  time: 0.3928  data: 0.0908  max mem: 11361
Epoch: [56]  [311/312]  eta: 0:00:00  lr: 0.000111  sp_loss: 6.1273 (5.6480)  fam_loss: 3.5942 (3.3376)  manu_loss: 2.4778 (2.3503)  ot_loss: 0.5376 (0.5425)  base_loss: 6.0564 (5.6962)  time: 0.3282  data: 0.0437  max mem: 11361
Epoch: [56] Total time: 0:02:07 (0.4090 s / it)
Averaged stats: lr: 0.000111  sp_loss: 6.1273 (5.6480)  fam_loss: 3.5942 (3.3376)  manu_loss: 2.4778 (2.3503)  ot_loss: 0.5376 (0.5425)  base_loss: 6.0564 (5.6962)
Test:  [  0/391]  eta: 0:41:01  sploss: 4.9262 (4.9262)  famloss: 1.9228 (1.9228)  manuloss: 1.0499 (1.0499)  acc1: 35.1562 (35.1562)  acc5: 58.9844 (58.9844)  family_acc1: 67.9688 (67.9688)  manu_acc1: 77.3438 (77.3438)  time: 6.2962  data: 6.1638  max mem: 11361
Test:  [ 50/391]  eta: 0:02:56  sploss: 5.0511 (5.0543)  famloss: 2.0435 (2.1014)  manuloss: 1.1653 (1.2359)  acc1: 33.2031 (33.7469)  acc5: 56.2500 (56.9700)  family_acc1: 60.9375 (61.3971)  manu_acc1: 74.6094 (72.9703)  time: 0.4750  data: 0.3802  max mem: 11361
Test:  [100/391]  eta: 0:02:12  sploss: 5.0504 (5.0330)  famloss: 2.1803 (2.0953)  manuloss: 1.2702 (1.2209)  acc1: 33.2031 (33.8722)  acc5: 56.6406 (57.4257)  family_acc1: 58.9844 (61.2314)  manu_acc1: 71.4844 (73.1706)  time: 0.4693  data: 0.3738  max mem: 11361
Test:  [150/391]  eta: 0:01:45  sploss: 4.8320 (4.9944)  famloss: 1.8592 (2.0671)  manuloss: 1.0415 (1.2035)  acc1: 35.5469 (34.5147)  acc5: 60.1562 (58.1721)  family_acc1: 64.8438 (61.6644)  manu_acc1: 76.9531 (73.5332)  time: 0.4755  data: 0.3805  max mem: 11361
Test:  [200/391]  eta: 0:01:21  sploss: 5.0241 (5.0188)  famloss: 2.1505 (2.0886)  manuloss: 1.2319 (1.2125)  acc1: 33.5938 (34.1398)  acc5: 57.0312 (57.7795)  family_acc1: 58.5938 (61.1552)  manu_acc1: 71.0938 (73.3151)  time: 0.3024  data: 0.2098  max mem: 11361
Test:  [250/391]  eta: 0:00:59  sploss: 4.9485 (5.0119)  famloss: 2.0846 (2.0945)  manuloss: 1.2282 (1.2272)  acc1: 35.9375 (34.5322)  acc5: 58.9844 (58.0086)  family_acc1: 60.5469 (61.1554)  manu_acc1: 71.8750 (72.8648)  time: 0.2832  data: 0.1898  max mem: 11361
Test:  [300/391]  eta: 0:00:39  sploss: 4.7839 (4.9776)  famloss: 1.8512 (2.0634)  manuloss: 1.0786 (1.2043)  acc1: 37.5000 (35.0070)  acc5: 62.1094 (58.6755)  family_acc1: 66.4062 (61.7810)  manu_acc1: 76.5625 (73.3895)  time: 0.4272  data: 0.3341  max mem: 11361
Test:  [350/391]  eta: 0:00:17  sploss: 4.9386 (4.9728)  famloss: 2.0379 (2.0486)  manuloss: 1.1026 (1.1886)  acc1: 34.3750 (35.0194)  acc5: 58.2031 (58.7540)  family_acc1: 62.1094 (62.0103)  manu_acc1: 75.0000 (73.7013)  time: 0.4734  data: 0.3742  max mem: 11361
Test:  [390/391]  eta: 0:00:00  sploss: 4.8554 (4.9620)  famloss: 1.9316 (2.0350)  manuloss: 0.9770 (1.1677)  acc1: 35.5469 (35.0890)  acc5: 60.1562 (58.9380)  family_acc1: 64.8438 (62.3140)  manu_acc1: 78.5156 (74.2510)  time: 0.4460  data: 0.3505  max mem: 11361
Test: Total time: 0:02:45 (0.4226 s / it)
* Acc@1 35.089 Acc@5 58.938 family@1 62.314 manu@1 74.251 sploss 4.962 fmloss 2.035 mfloss 1.168
Accuracy of the network on the 100000 test images: 35.1%
Max accuracy: 35.09%
Epoch: [57]  [  0/312]  eta: 0:32:17  lr: 0.000108  sp_loss: 4.4167 (4.4167)  fam_loss: 2.5416 (2.5416)  manu_loss: 1.6431 (1.6431)  ot_loss: 0.5518 (0.5518)  base_loss: 4.6552 (4.6552)  time: 6.2098  data: 5.7370  max mem: 11361
Epoch: [57]  [ 50/312]  eta: 0:02:16  lr: 0.000108  sp_loss: 5.2234 (5.5047)  fam_loss: 3.0739 (3.2296)  manu_loss: 2.1057 (2.2835)  ot_loss: 0.5444 (0.5432)  base_loss: 5.3066 (5.5733)  time: 0.4274  data: 0.1229  max mem: 11361
Epoch: [57]  [100/312]  eta: 0:01:38  lr: 0.000108  sp_loss: 5.5607 (5.5268)  fam_loss: 3.3755 (3.2429)  manu_loss: 2.4036 (2.2988)  ot_loss: 0.5397 (0.5433)  base_loss: 5.6038 (5.5923)  time: 0.4251  data: 0.1222  max mem: 11361
Epoch: [57]  [150/312]  eta: 0:01:11  lr: 0.000108  sp_loss: 5.3575 (5.5756)  fam_loss: 3.1979 (3.2866)  manu_loss: 2.1584 (2.3216)  ot_loss: 0.5420 (0.5429)  base_loss: 5.4631 (5.6359)  time: 0.4236  data: 0.1225  max mem: 11361
Epoch: [57]  [200/312]  eta: 0:00:48  lr: 0.000108  sp_loss: 5.8881 (5.5674)  fam_loss: 3.4713 (3.2863)  manu_loss: 2.4813 (2.3194)  ot_loss: 0.5412 (0.5431)  base_loss: 5.8238 (5.6314)  time: 0.3515  data: 0.0518  max mem: 11361
Epoch: [57]  [250/312]  eta: 0:00:26  lr: 0.000108  sp_loss: 5.7088 (5.5852)  fam_loss: 3.3404 (3.2968)  manu_loss: 2.3812 (2.3278)  ot_loss: 0.5408 (0.5430)  base_loss: 5.7264 (5.6459)  time: 0.3536  data: 0.0529  max mem: 11361
Epoch: [57]  [300/312]  eta: 0:00:05  lr: 0.000108  sp_loss: 6.2830 (5.5987)  fam_loss: 3.6887 (3.3031)  manu_loss: 2.5830 (2.3306)  ot_loss: 0.5375 (0.5429)  base_loss: 6.2037 (5.6560)  time: 0.4047  data: 0.0985  max mem: 11361
Epoch: [57]  [311/312]  eta: 0:00:00  lr: 0.000108  sp_loss: 6.2830 (5.6174)  fam_loss: 3.6446 (3.3154)  manu_loss: 2.5867 (2.3398)  ot_loss: 0.5370 (0.5427)  base_loss: 6.2037 (5.6716)  time: 0.3304  data: 0.0476  max mem: 11361
Epoch: [57] Total time: 0:02:09 (0.4150 s / it)
Averaged stats: lr: 0.000108  sp_loss: 6.2830 (5.6174)  fam_loss: 3.6446 (3.3154)  manu_loss: 2.5867 (2.3398)  ot_loss: 0.5370 (0.5427)  base_loss: 6.2037 (5.6716)
Epoch: [58]  [  0/312]  eta: 0:33:38  lr: 0.000104  sp_loss: 6.5395 (6.5395)  fam_loss: 3.9485 (3.9485)  manu_loss: 2.7607 (2.7607)  ot_loss: 0.5364 (0.5364)  base_loss: 6.4378 (6.4378)  time: 6.4699  data: 6.1239  max mem: 11361
Epoch: [58]  [ 50/312]  eta: 0:02:13  lr: 0.000104  sp_loss: 5.6252 (5.6719)  fam_loss: 3.3089 (3.3597)  manu_loss: 2.3551 (2.3771)  ot_loss: 0.5417 (0.5418)  base_loss: 5.6995 (5.7197)  time: 0.4063  data: 0.0975  max mem: 11361
Epoch: [58]  [100/312]  eta: 0:01:36  lr: 0.000104  sp_loss: 5.8719 (5.6727)  fam_loss: 3.5105 (3.3582)  manu_loss: 2.4426 (2.3740)  ot_loss: 0.5394 (0.5419)  base_loss: 5.9158 (5.7207)  time: 0.4206  data: 0.1122  max mem: 11361
Epoch: [58]  [150/312]  eta: 0:01:10  lr: 0.000104  sp_loss: 6.0703 (5.7099)  fam_loss: 3.7114 (3.3852)  manu_loss: 2.6788 (2.3950)  ot_loss: 0.5390 (0.5417)  base_loss: 6.0951 (5.7526)  time: 0.4257  data: 0.1155  max mem: 11361
Epoch: [58]  [200/312]  eta: 0:00:47  lr: 0.000104  sp_loss: 5.7738 (5.7360)  fam_loss: 3.3843 (3.4027)  manu_loss: 2.3586 (2.4085)  ot_loss: 0.5406 (0.5415)  base_loss: 5.7970 (5.7745)  time: 0.3790  data: 0.0736  max mem: 11361
Epoch: [58]  [250/312]  eta: 0:00:25  lr: 0.000104  sp_loss: 5.6161 (5.7131)  fam_loss: 3.3128 (3.3850)  manu_loss: 2.2922 (2.3934)  ot_loss: 0.5419 (0.5416)  base_loss: 5.6937 (5.7540)  time: 0.3558  data: 0.0537  max mem: 11361
Epoch: [58]  [300/312]  eta: 0:00:04  lr: 0.000104  sp_loss: 6.0942 (5.7043)  fam_loss: 3.6929 (3.3787)  manu_loss: 2.6800 (2.3884)  ot_loss: 0.5373 (0.5417)  base_loss: 6.1020 (5.7467)  time: 0.3967  data: 0.0952  max mem: 11361
Epoch: [58]  [311/312]  eta: 0:00:00  lr: 0.000104  sp_loss: 6.0388 (5.7079)  fam_loss: 3.5663 (3.3796)  manu_loss: 2.5381 (2.3885)  ot_loss: 0.5402 (0.5417)  base_loss: 5.9612 (5.7491)  time: 0.3415  data: 0.0541  max mem: 11361
Epoch: [58] Total time: 0:02:08 (0.4125 s / it)
Averaged stats: lr: 0.000104  sp_loss: 6.0388 (5.7079)  fam_loss: 3.5663 (3.3796)  manu_loss: 2.5381 (2.3885)  ot_loss: 0.5402 (0.5417)  base_loss: 5.9612 (5.7491)
Test:  [  0/391]  eta: 0:39:16  sploss: 4.9479 (4.9479)  famloss: 1.8797 (1.8797)  manuloss: 1.0227 (1.0227)  acc1: 32.4219 (32.4219)  acc5: 57.8125 (57.8125)  family_acc1: 64.0625 (64.0625)  manu_acc1: 79.2969 (79.2969)  time: 6.0281  data: 5.9008  max mem: 11361
Test:  [ 50/391]  eta: 0:02:48  sploss: 4.9543 (5.0232)  famloss: 2.0415 (2.0747)  manuloss: 1.1575 (1.2253)  acc1: 33.9844 (34.0380)  acc5: 56.6406 (57.2840)  family_acc1: 61.7188 (61.7188)  manu_acc1: 74.2188 (73.4298)  time: 0.4484  data: 0.3522  max mem: 11361
Test:  [100/391]  eta: 0:02:08  sploss: 5.0285 (5.0022)  famloss: 2.1476 (2.0701)  manuloss: 1.2284 (1.2120)  acc1: 33.2031 (34.2396)  acc5: 56.6406 (57.5998)  family_acc1: 59.7656 (61.5834)  manu_acc1: 72.6562 (73.5535)  time: 0.4704  data: 0.3688  max mem: 11361
Test:  [150/391]  eta: 0:01:42  sploss: 4.7789 (4.9649)  famloss: 1.8729 (2.0440)  manuloss: 1.0488 (1.1973)  acc1: 37.5000 (34.8717)  acc5: 60.1562 (58.3247)  family_acc1: 65.6250 (62.0913)  manu_acc1: 76.9531 (73.8514)  time: 0.4517  data: 0.3577  max mem: 11361
Test:  [200/391]  eta: 0:01:18  sploss: 4.9845 (4.9878)  famloss: 2.1417 (2.0657)  manuloss: 1.2465 (1.2061)  acc1: 34.3750 (34.3867)  acc5: 57.0312 (57.9038)  family_acc1: 59.3750 (61.5594)  manu_acc1: 72.2656 (73.6066)  time: 0.2800  data: 0.1856  max mem: 11361
Test:  [250/391]  eta: 0:00:57  sploss: 4.9123 (4.9799)  famloss: 2.0301 (2.0725)  manuloss: 1.2364 (1.2221)  acc1: 37.1094 (34.7532)  acc5: 59.7656 (58.1907)  family_acc1: 61.3281 (61.4573)  manu_acc1: 71.4844 (73.1247)  time: 0.2982  data: 0.2045  max mem: 11361
Test:  [300/391]  eta: 0:00:38  sploss: 4.7431 (4.9456)  famloss: 1.8678 (2.0428)  manuloss: 1.0591 (1.2001)  acc1: 38.2812 (35.2925)  acc5: 61.7188 (58.8416)  family_acc1: 65.2344 (61.9913)  manu_acc1: 76.9531 (73.5777)  time: 0.4772  data: 0.3831  max mem: 11361
Test:  [350/391]  eta: 0:00:17  sploss: 4.9421 (4.9419)  famloss: 2.0092 (2.0287)  manuloss: 1.1236 (1.1846)  acc1: 34.7656 (35.2386)  acc5: 58.9844 (58.8987)  family_acc1: 62.1094 (62.1928)  manu_acc1: 74.2188 (73.8571)  time: 0.4628  data: 0.3677  max mem: 11361
Test:  [390/391]  eta: 0:00:00  sploss: 4.7969 (4.9312)  famloss: 1.8952 (2.0144)  manuloss: 0.9506 (1.1631)  acc1: 36.3281 (35.2760)  acc5: 60.9375 (59.1220)  family_acc1: 64.0625 (62.4780)  manu_acc1: 79.6875 (74.4440)  time: 0.4358  data: 0.3450  max mem: 11361
Test: Total time: 0:02:40 (0.4094 s / it)
* Acc@1 35.276 Acc@5 59.122 family@1 62.478 manu@1 74.444 sploss 4.931 fmloss 2.014 mfloss 1.163
Accuracy of the network on the 100000 test images: 35.3%
Max accuracy: 35.28%
Epoch: [59]  [  0/312]  eta: 0:31:11  lr: 0.000100  sp_loss: 5.4609 (5.4609)  fam_loss: 3.1765 (3.1765)  manu_loss: 2.2762 (2.2762)  ot_loss: 0.5477 (0.5477)  base_loss: 5.5364 (5.5364)  time: 5.9970  data: 5.6541  max mem: 11361
Epoch: [59]  [ 50/312]  eta: 0:02:14  lr: 0.000100  sp_loss: 5.2442 (5.4676)  fam_loss: 3.1772 (3.2290)  manu_loss: 2.2217 (2.2756)  ot_loss: 0.5432 (0.5433)  base_loss: 5.3930 (5.5482)  time: 0.4091  data: 0.1064  max mem: 11361
Epoch: [59]  [100/312]  eta: 0:01:35  lr: 0.000100  sp_loss: 5.7946 (5.5374)  fam_loss: 3.4480 (3.2856)  manu_loss: 2.4486 (2.3178)  ot_loss: 0.5406 (0.5428)  base_loss: 5.8568 (5.6128)  time: 0.4108  data: 0.1034  max mem: 11361
Epoch: [59]  [150/312]  eta: 0:01:10  lr: 0.000100  sp_loss: 5.8604 (5.5442)  fam_loss: 3.4586 (3.2901)  manu_loss: 2.4198 (2.3224)  ot_loss: 0.5396 (0.5427)  base_loss: 5.8751 (5.6191)  time: 0.4341  data: 0.1228  max mem: 11361
Epoch: [59]  [200/312]  eta: 0:00:47  lr: 0.000100  sp_loss: 5.9934 (5.5464)  fam_loss: 3.5117 (3.2878)  manu_loss: 2.4568 (2.3217)  ot_loss: 0.5391 (0.5427)  base_loss: 5.9610 (5.6196)  time: 0.3608  data: 0.0571  max mem: 11361
Epoch: [59]  [250/312]  eta: 0:00:25  lr: 0.000100  sp_loss: 5.8745 (5.5400)  fam_loss: 3.3760 (3.2809)  manu_loss: 2.3849 (2.3164)  ot_loss: 0.5378 (0.5428)  base_loss: 5.8488 (5.6132)  time: 0.3547  data: 0.0570  max mem: 11361
Epoch: [59]  [300/312]  eta: 0:00:05  lr: 0.000100  sp_loss: 5.6914 (5.5445)  fam_loss: 3.4747 (3.2834)  manu_loss: 2.4881 (2.3176)  ot_loss: 0.5391 (0.5427)  base_loss: 5.7872 (5.6170)  time: 0.4196  data: 0.1208  max mem: 11361
Epoch: [59]  [311/312]  eta: 0:00:00  lr: 0.000100  sp_loss: 5.0719 (5.5287)  fam_loss: 2.8975 (3.2730)  manu_loss: 2.0958 (2.3115)  ot_loss: 0.5459 (0.5429)  base_loss: 5.2069 (5.6041)  time: 0.3445  data: 0.0653  max mem: 11361
Epoch: [59] Total time: 0:02:09 (0.4139 s / it)
Averaged stats: lr: 0.000100  sp_loss: 5.0719 (5.5287)  fam_loss: 2.8975 (3.2730)  manu_loss: 2.0958 (2.3115)  ot_loss: 0.5459 (0.5429)  base_loss: 5.2069 (5.6041)
Epoch: [60]  [  0/312]  eta: 0:33:59  lr: 0.000097  sp_loss: 5.4222 (5.4222)  fam_loss: 3.1343 (3.1343)  manu_loss: 2.2719 (2.2719)  ot_loss: 0.5420 (0.5420)  base_loss: 5.5042 (5.5042)  time: 6.5367  data: 6.1806  max mem: 11361
Epoch: [60]  [ 50/312]  eta: 0:02:14  lr: 0.000097  sp_loss: 5.7276 (5.4779)  fam_loss: 3.3622 (3.2325)  manu_loss: 2.3554 (2.2805)  ot_loss: 0.5407 (0.5434)  base_loss: 5.7812 (5.5569)  time: 0.4293  data: 0.1223  max mem: 11361
Epoch: [60]  [100/312]  eta: 0:01:36  lr: 0.000097  sp_loss: 5.5098 (5.5532)  fam_loss: 3.2501 (3.2850)  manu_loss: 2.2675 (2.3263)  ot_loss: 0.5425 (0.5428)  base_loss: 5.5763 (5.6227)  time: 0.4230  data: 0.1194  max mem: 11361
Epoch: [60]  [150/312]  eta: 0:01:10  lr: 0.000097  sp_loss: 5.9695 (5.5226)  fam_loss: 3.5445 (3.2663)  manu_loss: 2.4662 (2.3049)  ot_loss: 0.5389 (0.5431)  base_loss: 5.9510 (5.5964)  time: 0.4380  data: 0.1173  max mem: 11361
Epoch: [60]  [200/312]  eta: 0:00:47  lr: 0.000097  sp_loss: 5.5735 (5.5583)  fam_loss: 3.2342 (3.2858)  manu_loss: 2.2818 (2.3180)  ot_loss: 0.5443 (0.5429)  base_loss: 5.6240 (5.6246)  time: 0.3989  data: 0.0980  max mem: 11361
Epoch: [60]  [250/312]  eta: 0:00:26  lr: 0.000097  sp_loss: 5.4855 (5.5512)  fam_loss: 3.1158 (3.2739)  manu_loss: 2.2152 (2.3088)  ot_loss: 0.5425 (0.5430)  base_loss: 5.5314 (5.6162)  time: 0.3621  data: 0.0424  max mem: 11361
Epoch: [60]  [300/312]  eta: 0:00:04  lr: 0.000097  sp_loss: 5.8630 (5.5630)  fam_loss: 3.4488 (3.2743)  manu_loss: 2.4367 (2.3086)  ot_loss: 0.5393 (0.5429)  base_loss: 5.8726 (5.6232)  time: 0.3641  data: 0.0630  max mem: 11361
Epoch: [60]  [311/312]  eta: 0:00:00  lr: 0.000097  sp_loss: 5.8630 (5.5615)  fam_loss: 3.4628 (3.2723)  manu_loss: 2.4392 (2.3067)  ot_loss: 0.5391 (0.5430)  base_loss: 5.8726 (5.6214)  time: 0.3316  data: 0.0491  max mem: 11361
Epoch: [60] Total time: 0:02:08 (0.4134 s / it)
Averaged stats: lr: 0.000097  sp_loss: 5.8630 (5.5615)  fam_loss: 3.4628 (3.2723)  manu_loss: 2.4392 (2.3067)  ot_loss: 0.5391 (0.5430)  base_loss: 5.8726 (5.6214)
Test:  [  0/391]  eta: 0:41:35  sploss: 4.8418 (4.8418)  famloss: 1.8538 (1.8538)  manuloss: 1.0187 (1.0187)  acc1: 35.1562 (35.1562)  acc5: 60.9375 (60.9375)  family_acc1: 66.7969 (66.7969)  manu_acc1: 78.1250 (78.1250)  time: 6.3831  data: 6.2681  max mem: 11361
Test:  [ 50/391]  eta: 0:02:59  sploss: 4.8899 (4.9619)  famloss: 2.0157 (2.0535)  manuloss: 1.1211 (1.2053)  acc1: 34.7656 (34.5129)  acc5: 58.5938 (58.0882)  family_acc1: 61.3281 (61.5885)  manu_acc1: 74.6094 (73.7132)  time: 0.4869  data: 0.3915  max mem: 11361
Test:  [100/391]  eta: 0:02:15  sploss: 4.9926 (4.9394)  famloss: 2.1560 (2.0502)  manuloss: 1.2240 (1.1913)  acc1: 33.9844 (34.8584)  acc5: 58.5938 (58.6015)  family_acc1: 58.9844 (61.5447)  manu_acc1: 72.2656 (73.8784)  time: 0.4771  data: 0.3819  max mem: 11361
Test:  [150/391]  eta: 0:01:46  sploss: 4.7411 (4.8988)  famloss: 1.8371 (2.0216)  manuloss: 1.0318 (1.1761)  acc1: 36.7188 (35.4719)  acc5: 62.1094 (59.3750)  family_acc1: 65.2344 (62.0861)  manu_acc1: 76.5625 (74.0454)  time: 0.4694  data: 0.3723  max mem: 11361
Test:  [200/391]  eta: 0:01:22  sploss: 4.9291 (4.9228)  famloss: 2.1179 (2.0463)  manuloss: 1.2132 (1.1874)  acc1: 34.7656 (35.0727)  acc5: 58.2031 (58.8930)  family_acc1: 60.5469 (61.5419)  manu_acc1: 72.6562 (73.7504)  time: 0.2930  data: 0.1992  max mem: 11361
Test:  [250/391]  eta: 0:01:00  sploss: 4.8153 (4.9153)  famloss: 2.0509 (2.0536)  manuloss: 1.2236 (1.2034)  acc1: 36.7188 (35.4068)  acc5: 60.5469 (59.1353)  family_acc1: 61.7188 (61.4168)  manu_acc1: 72.2656 (73.2928)  time: 0.2950  data: 0.2020  max mem: 11361
Test:  [300/391]  eta: 0:00:39  sploss: 4.6751 (4.8805)  famloss: 1.7929 (2.0204)  manuloss: 1.0245 (1.1773)  acc1: 39.0625 (35.9959)  acc5: 62.5000 (59.8046)  family_acc1: 65.6250 (62.1016)  manu_acc1: 77.3438 (73.8632)  time: 0.4782  data: 0.3851  max mem: 11361
Test:  [350/391]  eta: 0:00:17  sploss: 4.8565 (4.8763)  famloss: 1.9776 (2.0055)  manuloss: 1.1406 (1.1609)  acc1: 35.9375 (35.9531)  acc5: 58.9844 (59.8558)  family_acc1: 62.5000 (62.3809)  manu_acc1: 75.3906 (74.1865)  time: 0.4838  data: 0.3860  max mem: 11361
Test:  [390/391]  eta: 0:00:00  sploss: 4.7137 (4.8645)  famloss: 1.8844 (1.9917)  manuloss: 0.9279 (1.1394)  acc1: 36.7188 (36.0130)  acc5: 62.1094 (60.0770)  family_acc1: 66.0156 (62.6970)  manu_acc1: 79.2969 (74.7150)  time: 0.4426  data: 0.3485  max mem: 11361
Test: Total time: 0:02:46 (0.4257 s / it)
* Acc@1 36.013 Acc@5 60.077 family@1 62.697 manu@1 74.715 sploss 4.864 fmloss 1.992 mfloss 1.139
Accuracy of the network on the 100000 test images: 36.0%
Max accuracy: 36.01%
Epoch: [61]  [  0/312]  eta: 0:32:40  lr: 0.000093  sp_loss: 6.2498 (6.2498)  fam_loss: 3.7738 (3.7738)  manu_loss: 2.5867 (2.5867)  ot_loss: 0.5392 (0.5392)  base_loss: 6.1967 (6.1967)  time: 6.2826  data: 5.7933  max mem: 11361
Epoch: [61]  [ 50/312]  eta: 0:02:12  lr: 0.000093  sp_loss: 6.0392 (5.5821)  fam_loss: 3.4615 (3.3002)  manu_loss: 2.4780 (2.3266)  ot_loss: 0.5397 (0.5424)  base_loss: 5.9418 (5.6439)  time: 0.4201  data: 0.1096  max mem: 11361
Epoch: [61]  [100/312]  eta: 0:01:36  lr: 0.000093  sp_loss: 5.2838 (5.5568)  fam_loss: 3.2016 (3.2808)  manu_loss: 2.2871 (2.3094)  ot_loss: 0.5442 (0.5427)  base_loss: 5.4385 (5.6218)  time: 0.4290  data: 0.1232  max mem: 11361
Epoch: [61]  [150/312]  eta: 0:01:10  lr: 0.000093  sp_loss: 6.0988 (5.5677)  fam_loss: 3.5911 (3.2906)  manu_loss: 2.5685 (2.3201)  ot_loss: 0.5388 (0.5426)  base_loss: 6.0617 (5.6321)  time: 0.4076  data: 0.1019  max mem: 11361
Epoch: [61]  [200/312]  eta: 0:00:47  lr: 0.000093  sp_loss: 5.9330 (5.6351)  fam_loss: 3.5562 (3.3310)  manu_loss: 2.5010 (2.3496)  ot_loss: 0.5400 (0.5422)  base_loss: 5.9502 (5.6867)  time: 0.4047  data: 0.1006  max mem: 11361
Epoch: [61]  [250/312]  eta: 0:00:25  lr: 0.000093  sp_loss: 4.9756 (5.5791)  fam_loss: 2.8739 (3.2954)  manu_loss: 2.0675 (2.3236)  ot_loss: 0.5443 (0.5427)  base_loss: 5.1430 (5.6408)  time: 0.3517  data: 0.0464  max mem: 11361
Epoch: [61]  [300/312]  eta: 0:00:04  lr: 0.000093  sp_loss: 5.3540 (5.5702)  fam_loss: 3.1339 (3.2858)  manu_loss: 2.2501 (2.3187)  ot_loss: 0.5431 (0.5427)  base_loss: 5.4659 (5.6323)  time: 0.3787  data: 0.0802  max mem: 11361
Epoch: [61]  [311/312]  eta: 0:00:00  lr: 0.000093  sp_loss: 5.7537 (5.5770)  fam_loss: 3.3962 (3.2910)  manu_loss: 2.4241 (2.3235)  ot_loss: 0.5401 (0.5427)  base_loss: 5.7972 (5.6385)  time: 0.3303  data: 0.0488  max mem: 11361
Epoch: [61] Total time: 0:02:08 (0.4129 s / it)
Averaged stats: lr: 0.000093  sp_loss: 5.7537 (5.5770)  fam_loss: 3.3962 (3.2910)  manu_loss: 2.4241 (2.3235)  ot_loss: 0.5401 (0.5427)  base_loss: 5.7972 (5.6385)
Epoch: [62]  [  0/312]  eta: 0:33:24  lr: 0.000089  sp_loss: 6.2983 (6.2983)  fam_loss: 3.5359 (3.5359)  manu_loss: 2.5529 (2.5529)  ot_loss: 0.5401 (0.5401)  base_loss: 6.1614 (6.1614)  time: 6.4244  data: 6.0746  max mem: 11361
Epoch: [62]  [ 50/312]  eta: 0:02:14  lr: 0.000089  sp_loss: 5.1048 (5.3413)  fam_loss: 3.1306 (3.1344)  manu_loss: 2.0372 (2.2159)  ot_loss: 0.5439 (0.5444)  base_loss: 5.3271 (5.4434)  time: 0.4093  data: 0.1078  max mem: 11361
Epoch: [62]  [100/312]  eta: 0:01:36  lr: 0.000089  sp_loss: 5.7808 (5.5458)  fam_loss: 3.4198 (3.2692)  manu_loss: 2.4200 (2.3150)  ot_loss: 0.5414 (0.5426)  base_loss: 5.7563 (5.6128)  time: 0.4083  data: 0.1064  max mem: 11361
Epoch: [62]  [150/312]  eta: 0:01:10  lr: 0.000089  sp_loss: 6.0286 (5.5903)  fam_loss: 3.5898 (3.3062)  manu_loss: 2.5638 (2.3404)  ot_loss: 0.5402 (0.5424)  base_loss: 5.9968 (5.6526)  time: 0.4122  data: 0.1134  max mem: 11361
Epoch: [62]  [200/312]  eta: 0:00:47  lr: 0.000089  sp_loss: 6.0022 (5.5780)  fam_loss: 3.5415 (3.2992)  manu_loss: 2.4833 (2.3291)  ot_loss: 0.5406 (0.5426)  base_loss: 5.9729 (5.6420)  time: 0.3695  data: 0.0671  max mem: 11361
Epoch: [62]  [250/312]  eta: 0:00:25  lr: 0.000089  sp_loss: 5.4956 (5.5835)  fam_loss: 3.3223 (3.3006)  manu_loss: 2.3307 (2.3326)  ot_loss: 0.5417 (0.5425)  base_loss: 5.6407 (5.6462)  time: 0.3501  data: 0.0487  max mem: 11361
Epoch: [62]  [300/312]  eta: 0:00:04  lr: 0.000089  sp_loss: 5.7259 (5.5856)  fam_loss: 3.3894 (3.3008)  manu_loss: 2.3776 (2.3325)  ot_loss: 0.5416 (0.5425)  base_loss: 5.7591 (5.6474)  time: 0.4097  data: 0.1123  max mem: 11361
Epoch: [62]  [311/312]  eta: 0:00:00  lr: 0.000089  sp_loss: 5.0976 (5.5680)  fam_loss: 2.9255 (3.2882)  manu_loss: 2.1281 (2.3232)  ot_loss: 0.5422 (0.5426)  base_loss: 5.2169 (5.6324)  time: 0.3326  data: 0.0522  max mem: 11361
Epoch: [62] Total time: 0:02:07 (0.4099 s / it)
Averaged stats: lr: 0.000089  sp_loss: 5.0976 (5.5680)  fam_loss: 2.9255 (3.2882)  manu_loss: 2.1281 (2.3232)  ot_loss: 0.5422 (0.5426)  base_loss: 5.2169 (5.6324)
Test:  [  0/391]  eta: 0:36:21  sploss: 4.8701 (4.8701)  famloss: 1.8628 (1.8628)  manuloss: 1.0182 (1.0182)  acc1: 36.3281 (36.3281)  acc5: 61.3281 (61.3281)  family_acc1: 65.6250 (65.6250)  manu_acc1: 75.7812 (75.7812)  time: 5.5780  data: 5.4693  max mem: 11361
Test:  [ 50/391]  eta: 0:02:47  sploss: 4.9418 (4.9967)  famloss: 2.0411 (2.0714)  manuloss: 1.1730 (1.2168)  acc1: 34.7656 (34.7656)  acc5: 58.2031 (58.0040)  family_acc1: 61.3281 (61.9102)  manu_acc1: 74.6094 (73.4222)  time: 0.4521  data: 0.3523  max mem: 11361
Test:  [100/391]  eta: 0:02:06  sploss: 5.0051 (4.9746)  famloss: 2.1448 (2.0642)  manuloss: 1.2469 (1.2046)  acc1: 33.5938 (34.7927)  acc5: 56.6406 (58.4429)  family_acc1: 59.7656 (61.8077)  manu_acc1: 73.0469 (73.6502)  time: 0.4451  data: 0.3499  max mem: 11361
Test:  [150/391]  eta: 0:01:40  sploss: 4.7825 (4.9340)  famloss: 1.8354 (2.0373)  manuloss: 1.0340 (1.1909)  acc1: 37.1094 (35.4641)  acc5: 61.7188 (59.2922)  family_acc1: 66.0156 (62.3681)  manu_acc1: 77.3438 (74.0118)  time: 0.4614  data: 0.3674  max mem: 11361
Test:  [200/391]  eta: 0:01:18  sploss: 4.9463 (4.9584)  famloss: 2.1273 (2.0619)  manuloss: 1.2186 (1.2026)  acc1: 34.7656 (35.0299)  acc5: 58.5938 (58.9960)  family_acc1: 59.7656 (61.7907)  manu_acc1: 71.8750 (73.7290)  time: 0.2709  data: 0.1770  max mem: 11361
Test:  [250/391]  eta: 0:00:56  sploss: 4.8439 (4.9498)  famloss: 2.0296 (2.0679)  manuloss: 1.2224 (1.2178)  acc1: 38.6719 (35.4395)  acc5: 60.5469 (59.2131)  family_acc1: 61.7188 (61.6332)  manu_acc1: 71.8750 (73.2165)  time: 0.2693  data: 0.1761  max mem: 11361
Test:  [300/391]  eta: 0:00:37  sploss: 4.7075 (4.9143)  famloss: 1.8465 (2.0366)  manuloss: 1.0503 (1.1947)  acc1: 39.4531 (35.9933)  acc5: 64.4531 (59.8720)  family_acc1: 65.6250 (62.2106)  manu_acc1: 76.9531 (73.7087)  time: 0.4385  data: 0.3438  max mem: 11361
Test:  [350/391]  eta: 0:00:16  sploss: 4.9320 (4.9108)  famloss: 2.0209 (2.0232)  manuloss: 1.1152 (1.1790)  acc1: 35.9375 (35.9386)  acc5: 59.7656 (59.9081)  family_acc1: 62.5000 (62.4878)  manu_acc1: 75.7812 (74.0006)  time: 0.4384  data: 0.3436  max mem: 11361
Test:  [390/391]  eta: 0:00:00  sploss: 4.7888 (4.9007)  famloss: 1.9101 (2.0095)  manuloss: 0.9594 (1.1576)  acc1: 36.3281 (35.9700)  acc5: 61.3281 (60.0620)  family_acc1: 64.8438 (62.7670)  manu_acc1: 79.2969 (74.6150)  time: 0.4153  data: 0.3241  max mem: 11361
Test: Total time: 0:02:36 (0.3993 s / it)
* Acc@1 35.970 Acc@5 60.062 family@1 62.767 manu@1 74.615 sploss 4.901 fmloss 2.010 mfloss 1.158
Accuracy of the network on the 100000 test images: 36.0%
Max accuracy: 36.01%
Epoch: [63]  [  0/312]  eta: 0:34:11  lr: 0.000086  sp_loss: 4.5371 (4.5371)  fam_loss: 2.7012 (2.7012)  manu_loss: 1.8405 (1.8405)  ot_loss: 0.5495 (0.5495)  base_loss: 4.8051 (4.8051)  time: 6.5768  data: 6.2324  max mem: 11361
Epoch: [63]  [ 50/312]  eta: 0:02:15  lr: 0.000086  sp_loss: 5.8283 (5.5021)  fam_loss: 3.4628 (3.2460)  manu_loss: 2.4179 (2.2974)  ot_loss: 0.5395 (0.5430)  base_loss: 5.8394 (5.5793)  time: 0.4127  data: 0.1153  max mem: 11361
Epoch: [63]  [100/312]  eta: 0:01:36  lr: 0.000086  sp_loss: 5.6666 (5.4995)  fam_loss: 3.3825 (3.2427)  manu_loss: 2.3407 (2.2871)  ot_loss: 0.5409 (0.5430)  base_loss: 5.7746 (5.5745)  time: 0.4105  data: 0.1113  max mem: 11361
Epoch: [63]  [150/312]  eta: 0:01:09  lr: 0.000086  sp_loss: 5.6226 (5.4843)  fam_loss: 3.2847 (3.2359)  manu_loss: 2.3327 (2.2790)  ot_loss: 0.5399 (0.5433)  base_loss: 5.6651 (5.5631)  time: 0.4130  data: 0.1121  max mem: 11361
Epoch: [63]  [200/312]  eta: 0:00:47  lr: 0.000086  sp_loss: 5.4206 (5.4649)  fam_loss: 3.3167 (3.2234)  manu_loss: 2.3672 (2.2685)  ot_loss: 0.5420 (0.5434)  base_loss: 5.5552 (5.5468)  time: 0.3491  data: 0.0501  max mem: 11361
Epoch: [63]  [250/312]  eta: 0:00:25  lr: 0.000086  sp_loss: 5.3994 (5.4933)  fam_loss: 3.2914 (3.2423)  manu_loss: 2.4398 (2.2838)  ot_loss: 0.5394 (0.5432)  base_loss: 5.4874 (5.5709)  time: 0.3551  data: 0.0559  max mem: 11361
Epoch: [63]  [300/312]  eta: 0:00:04  lr: 0.000086  sp_loss: 5.6444 (5.5152)  fam_loss: 3.2561 (3.2565)  manu_loss: 2.3032 (2.2952)  ot_loss: 0.5418 (0.5430)  base_loss: 5.6718 (5.5892)  time: 0.4048  data: 0.1054  max mem: 11361
Epoch: [63]  [311/312]  eta: 0:00:00  lr: 0.000086  sp_loss: 5.7762 (5.5137)  fam_loss: 3.3851 (3.2546)  manu_loss: 2.4187 (2.2946)  ot_loss: 0.5424 (0.5431)  base_loss: 5.8206 (5.5877)  time: 0.3339  data: 0.0530  max mem: 11361
Epoch: [63] Total time: 0:02:07 (0.4081 s / it)
Averaged stats: lr: 0.000086  sp_loss: 5.7762 (5.5137)  fam_loss: 3.3851 (3.2546)  manu_loss: 2.4187 (2.2946)  ot_loss: 0.5424 (0.5431)  base_loss: 5.8206 (5.5877)
Epoch: [64]  [  0/312]  eta: 0:30:16  lr: 0.000082  sp_loss: 5.2611 (5.2611)  fam_loss: 3.1047 (3.1047)  manu_loss: 2.1803 (2.1803)  ot_loss: 0.5474 (0.5474)  base_loss: 5.3877 (5.3877)  time: 5.8225  data: 5.4806  max mem: 11361
Epoch: [64]  [ 50/312]  eta: 0:02:13  lr: 0.000082  sp_loss: 5.7929 (5.4161)  fam_loss: 3.5547 (3.2043)  manu_loss: 2.4352 (2.2575)  ot_loss: 0.5389 (0.5433)  base_loss: 5.8823 (5.5104)  time: 0.4166  data: 0.1081  max mem: 11361
Epoch: [64]  [100/312]  eta: 0:01:34  lr: 0.000082  sp_loss: 5.8317 (5.5273)  fam_loss: 3.3691 (3.2714)  manu_loss: 2.4398 (2.3028)  ot_loss: 0.5408 (0.5429)  base_loss: 5.8298 (5.5997)  time: 0.4104  data: 0.1088  max mem: 11361
Epoch: [64]  [150/312]  eta: 0:01:09  lr: 0.000082  sp_loss: 4.9971 (5.5245)  fam_loss: 3.0763 (3.2674)  manu_loss: 2.0813 (2.3044)  ot_loss: 0.5437 (0.5428)  base_loss: 5.2075 (5.5974)  time: 0.4110  data: 0.1064  max mem: 11361
Epoch: [64]  [200/312]  eta: 0:00:47  lr: 0.000082  sp_loss: 5.7097 (5.5133)  fam_loss: 3.3403 (3.2583)  manu_loss: 2.3450 (2.2961)  ot_loss: 0.5426 (0.5430)  base_loss: 5.7044 (5.5878)  time: 0.3744  data: 0.0680  max mem: 11361
Epoch: [64]  [250/312]  eta: 0:00:25  lr: 0.000082  sp_loss: 5.4729 (5.4877)  fam_loss: 3.2790 (3.2416)  manu_loss: 2.2644 (2.2823)  ot_loss: 0.5412 (0.5431)  base_loss: 5.6260 (5.5662)  time: 0.3566  data: 0.0527  max mem: 11361
Epoch: [64]  [300/312]  eta: 0:00:04  lr: 0.000082  sp_loss: 5.1545 (5.4862)  fam_loss: 2.9685 (3.2372)  manu_loss: 2.1428 (2.2807)  ot_loss: 0.5435 (0.5432)  base_loss: 5.2763 (5.5639)  time: 0.3967  data: 0.0917  max mem: 11361
Epoch: [64]  [311/312]  eta: 0:00:00  lr: 0.000082  sp_loss: 5.6260 (5.4862)  fam_loss: 3.3199 (3.2369)  manu_loss: 2.2928 (2.2798)  ot_loss: 0.5434 (0.5432)  base_loss: 5.6223 (5.5637)  time: 0.3301  data: 0.0492  max mem: 11361
Epoch: [64] Total time: 0:02:08 (0.4103 s / it)
Averaged stats: lr: 0.000082  sp_loss: 5.6260 (5.4862)  fam_loss: 3.3199 (3.2369)  manu_loss: 2.2928 (2.2798)  ot_loss: 0.5434 (0.5432)  base_loss: 5.6223 (5.5637)
Test:  [  0/391]  eta: 0:43:31  sploss: 4.9830 (4.9830)  famloss: 1.9022 (1.9022)  manuloss: 1.0061 (1.0061)  acc1: 33.2031 (33.2031)  acc5: 59.7656 (59.7656)  family_acc1: 64.8438 (64.8438)  manu_acc1: 78.1250 (78.1250)  time: 6.6778  data: 6.5608  max mem: 11361
Test:  [ 50/391]  eta: 0:03:01  sploss: 5.0241 (5.0773)  famloss: 2.0765 (2.1062)  manuloss: 1.2096 (1.2376)  acc1: 34.3750 (34.6814)  acc5: 58.2031 (57.9121)  family_acc1: 61.3281 (61.8260)  manu_acc1: 73.4375 (73.6137)  time: 0.4827  data: 0.3864  max mem: 11361
Test:  [100/391]  eta: 0:02:15  sploss: 5.0934 (5.0588)  famloss: 2.1746 (2.1033)  manuloss: 1.2545 (1.2314)  acc1: 34.7656 (34.7115)  acc5: 57.4219 (58.3424)  family_acc1: 59.3750 (61.6375)  manu_acc1: 72.6562 (73.6193)  time: 0.4721  data: 0.3770  max mem: 11361
Test:  [150/391]  eta: 0:01:46  sploss: 4.8382 (5.0205)  famloss: 1.8918 (2.0772)  manuloss: 1.0740 (1.2157)  acc1: 37.1094 (35.4460)  acc5: 62.5000 (59.1577)  family_acc1: 65.6250 (62.1947)  manu_acc1: 76.5625 (73.7971)  time: 0.4766  data: 0.3814  max mem: 11361
Test:  [200/391]  eta: 0:01:22  sploss: 5.0587 (5.0442)  famloss: 2.1989 (2.1013)  manuloss: 1.2487 (1.2268)  acc1: 34.7656 (35.0785)  acc5: 57.8125 (58.7065)  family_acc1: 59.7656 (61.6313)  manu_acc1: 72.2656 (73.5522)  time: 0.2851  data: 0.1891  max mem: 11361
Test:  [250/391]  eta: 0:01:00  sploss: 4.9198 (5.0349)  famloss: 2.0796 (2.1081)  manuloss: 1.2372 (1.2419)  acc1: 37.5000 (35.4442)  acc5: 60.9375 (58.9470)  family_acc1: 60.9375 (61.5569)  manu_acc1: 72.2656 (73.0671)  time: 0.2857  data: 0.1934  max mem: 11361
Test:  [300/391]  eta: 0:00:39  sploss: 4.8194 (5.0012)  famloss: 1.8763 (2.0765)  manuloss: 1.0567 (1.2174)  acc1: 38.6719 (35.9583)  acc5: 63.2812 (59.6203)  family_acc1: 66.4062 (62.1185)  manu_acc1: 76.1719 (73.5686)  time: 0.4705  data: 0.3764  max mem: 11361
Test:  [350/391]  eta: 0:00:17  sploss: 5.0183 (4.9974)  famloss: 2.0620 (2.0616)  manuloss: 1.0940 (1.2005)  acc1: 35.9375 (35.9119)  acc5: 59.3750 (59.6187)  family_acc1: 62.5000 (62.4243)  manu_acc1: 75.0000 (73.9428)  time: 0.4777  data: 0.3818  max mem: 11361
Test:  [390/391]  eta: 0:00:00  sploss: 4.8705 (4.9871)  famloss: 1.9127 (2.0466)  manuloss: 0.9498 (1.1782)  acc1: 36.3281 (35.9810)  acc5: 61.3281 (59.8030)  family_acc1: 65.0000 (62.7400)  manu_acc1: 79.6875 (74.5370)  time: 0.4444  data: 0.3515  max mem: 11361
Test: Total time: 0:02:45 (0.4245 s / it)
* Acc@1 35.981 Acc@5 59.803 family@1 62.740 manu@1 74.537 sploss 4.987 fmloss 2.047 mfloss 1.178
Accuracy of the network on the 100000 test images: 36.0%
Max accuracy: 36.01%
Epoch: [65]  [  0/312]  eta: 0:31:45  lr: 0.000079  sp_loss: 6.2065 (6.2065)  fam_loss: 3.7523 (3.7523)  manu_loss: 2.7076 (2.7076)  ot_loss: 0.5370 (0.5370)  base_loss: 6.1854 (6.1854)  time: 6.1070  data: 5.7577  max mem: 11361
Epoch: [65]  [ 50/312]  eta: 0:02:15  lr: 0.000079  sp_loss: 5.5841 (5.5342)  fam_loss: 3.2979 (3.2629)  manu_loss: 2.3254 (2.2926)  ot_loss: 0.5405 (0.5425)  base_loss: 5.6219 (5.6005)  time: 0.4176  data: 0.1174  max mem: 11361
Epoch: [65]  [100/312]  eta: 0:01:37  lr: 0.000079  sp_loss: 5.8964 (5.5006)  fam_loss: 3.4507 (3.2334)  manu_loss: 2.4222 (2.2757)  ot_loss: 0.5397 (0.5426)  base_loss: 5.8629 (5.5701)  time: 0.4183  data: 0.1155  max mem: 11361
Epoch: [65]  [150/312]  eta: 0:01:10  lr: 0.000079  sp_loss: 5.8485 (5.5089)  fam_loss: 3.4249 (3.2483)  manu_loss: 2.4441 (2.2832)  ot_loss: 0.5406 (0.5426)  base_loss: 5.8555 (5.5802)  time: 0.4215  data: 0.1217  max mem: 11361
Epoch: [65]  [200/312]  eta: 0:00:47  lr: 0.000079  sp_loss: 5.9213 (5.5130)  fam_loss: 3.4891 (3.2445)  manu_loss: 2.4072 (2.2816)  ot_loss: 0.5394 (0.5426)  base_loss: 5.9088 (5.5814)  time: 0.3530  data: 0.0527  max mem: 11361
Epoch: [65]  [250/312]  eta: 0:00:25  lr: 0.000079  sp_loss: 6.0524 (5.5118)  fam_loss: 3.5548 (3.2442)  manu_loss: 2.4825 (2.2811)  ot_loss: 0.5392 (0.5427)  base_loss: 6.0153 (5.5808)  time: 0.3533  data: 0.0463  max mem: 11361
Epoch: [65]  [300/312]  eta: 0:00:04  lr: 0.000079  sp_loss: 5.8253 (5.5350)  fam_loss: 3.5801 (3.2588)  manu_loss: 2.5352 (2.2913)  ot_loss: 0.5408 (0.5426)  base_loss: 5.8858 (5.5997)  time: 0.3922  data: 0.0918  max mem: 11361
Epoch: [65]  [311/312]  eta: 0:00:00  lr: 0.000079  sp_loss: 5.8253 (5.5441)  fam_loss: 3.4185 (3.2640)  manu_loss: 2.4322 (2.2952)  ot_loss: 0.5390 (0.5425)  base_loss: 5.8858 (5.6071)  time: 0.3360  data: 0.0536  max mem: 11361
Epoch: [65] Total time: 0:02:08 (0.4123 s / it)
Averaged stats: lr: 0.000079  sp_loss: 5.8253 (5.5441)  fam_loss: 3.4185 (3.2640)  manu_loss: 2.4322 (2.2952)  ot_loss: 0.5390 (0.5425)  base_loss: 5.8858 (5.6071)
Epoch: [66]  [  0/312]  eta: 0:31:38  lr: 0.000076  sp_loss: 6.0277 (6.0277)  fam_loss: 3.4352 (3.4352)  manu_loss: 2.4382 (2.4382)  ot_loss: 0.5381 (0.5381)  base_loss: 5.9561 (5.9561)  time: 6.0852  data: 5.7282  max mem: 11361
Epoch: [66]  [ 50/312]  eta: 0:02:15  lr: 0.000076  sp_loss: 5.5273 (5.5328)  fam_loss: 3.1623 (3.2634)  manu_loss: 2.2816 (2.2959)  ot_loss: 0.5430 (0.5431)  base_loss: 5.5648 (5.5998)  time: 0.4210  data: 0.1173  max mem: 11361
Epoch: [66]  [100/312]  eta: 0:01:36  lr: 0.000076  sp_loss: 5.6014 (5.5549)  fam_loss: 3.3640 (3.2785)  manu_loss: 2.3446 (2.3157)  ot_loss: 0.5393 (0.5427)  base_loss: 5.6534 (5.6206)  time: 0.4144  data: 0.1024  max mem: 11361
Epoch: [66]  [150/312]  eta: 0:01:09  lr: 0.000076  sp_loss: 5.4406 (5.5240)  fam_loss: 3.2061 (3.2599)  manu_loss: 2.1891 (2.2941)  ot_loss: 0.5425 (0.5429)  base_loss: 5.5427 (5.5943)  time: 0.3999  data: 0.0954  max mem: 11361
Epoch: [66]  [200/312]  eta: 0:00:47  lr: 0.000076  sp_loss: 6.0481 (5.5435)  fam_loss: 3.5724 (3.2736)  manu_loss: 2.5552 (2.3066)  ot_loss: 0.5397 (0.5428)  base_loss: 6.0517 (5.6112)  time: 0.3962  data: 0.0879  max mem: 11361
Epoch: [66]  [250/312]  eta: 0:00:25  lr: 0.000076  sp_loss: 6.0630 (5.5505)  fam_loss: 3.5634 (3.2742)  manu_loss: 2.5494 (2.3061)  ot_loss: 0.5393 (0.5428)  base_loss: 6.0166 (5.6154)  time: 0.3582  data: 0.0587  max mem: 11361
Epoch: [66]  [300/312]  eta: 0:00:04  lr: 0.000076  sp_loss: 5.7560 (5.5305)  fam_loss: 3.3713 (3.2575)  manu_loss: 2.3500 (2.2946)  ot_loss: 0.5397 (0.5429)  base_loss: 5.7695 (5.5977)  time: 0.3628  data: 0.0649  max mem: 11361
Epoch: [66]  [311/312]  eta: 0:00:00  lr: 0.000076  sp_loss: 5.7531 (5.5294)  fam_loss: 3.3713 (3.2561)  manu_loss: 2.3300 (2.2943)  ot_loss: 0.5404 (0.5429)  base_loss: 5.7695 (5.5965)  time: 0.3311  data: 0.0483  max mem: 11361
Epoch: [66] Total time: 0:02:07 (0.4087 s / it)
Averaged stats: lr: 0.000076  sp_loss: 5.7531 (5.5294)  fam_loss: 3.3713 (3.2561)  manu_loss: 2.3300 (2.2943)  ot_loss: 0.5404 (0.5429)  base_loss: 5.7695 (5.5965)
Test:  [  0/391]  eta: 0:38:39  sploss: 4.8668 (4.8668)  famloss: 1.8459 (1.8459)  manuloss: 0.9889 (0.9889)  acc1: 36.7188 (36.7188)  acc5: 59.7656 (59.7656)  family_acc1: 66.4062 (66.4062)  manu_acc1: 78.1250 (78.1250)  time: 5.9318  data: 5.7940  max mem: 11361
Test:  [ 50/391]  eta: 0:03:00  sploss: 4.9733 (4.9979)  famloss: 2.0301 (2.0732)  manuloss: 1.1731 (1.2292)  acc1: 35.9375 (35.1945)  acc5: 59.7656 (58.4559)  family_acc1: 62.8906 (62.0404)  manu_acc1: 75.7812 (74.1345)  time: 0.4948  data: 0.3998  max mem: 11361
Test:  [100/391]  eta: 0:02:15  sploss: 5.0010 (4.9765)  famloss: 2.1339 (2.0692)  manuloss: 1.2616 (1.2193)  acc1: 33.9844 (35.3071)  acc5: 56.6406 (58.7136)  family_acc1: 60.5469 (61.9044)  manu_acc1: 72.2656 (74.1298)  time: 0.4933  data: 0.3997  max mem: 11361
Test:  [150/391]  eta: 0:01:46  sploss: 4.7644 (4.9366)  famloss: 1.8525 (2.0413)  manuloss: 1.0583 (1.2046)  acc1: 37.5000 (35.9220)  acc5: 63.6719 (59.5199)  family_acc1: 65.6250 (62.4483)  manu_acc1: 76.9531 (74.4386)  time: 0.4579  data: 0.3645  max mem: 11361
Test:  [200/391]  eta: 0:01:22  sploss: 4.9581 (4.9588)  famloss: 2.1274 (2.0645)  manuloss: 1.2583 (1.2166)  acc1: 35.9375 (35.5449)  acc5: 58.5938 (59.1943)  family_acc1: 60.5469 (61.9733)  manu_acc1: 72.2656 (74.1838)  time: 0.3481  data: 0.2467  max mem: 11361
Test:  [250/391]  eta: 0:01:00  sploss: 4.8469 (4.9513)  famloss: 2.0692 (2.0711)  manuloss: 1.2373 (1.2321)  acc1: 37.5000 (35.9515)  acc5: 61.3281 (59.4668)  family_acc1: 62.1094 (61.9039)  manu_acc1: 71.8750 (73.7114)  time: 0.2929  data: 0.2005  max mem: 11361
Test:  [300/391]  eta: 0:00:39  sploss: 4.7190 (4.9173)  famloss: 1.8572 (2.0400)  manuloss: 1.0609 (1.2073)  acc1: 38.2812 (36.4488)  acc5: 63.2812 (60.1277)  family_acc1: 67.1875 (62.5467)  manu_acc1: 77.7344 (74.2369)  time: 0.4188  data: 0.3252  max mem: 11361
Test:  [350/391]  eta: 0:00:17  sploss: 4.9482 (4.9129)  famloss: 2.0490 (2.0260)  manuloss: 1.1433 (1.1925)  acc1: 36.3281 (36.3982)  acc5: 59.3750 (60.1752)  family_acc1: 62.5000 (62.7526)  manu_acc1: 74.6094 (74.4903)  time: 0.4855  data: 0.3888  max mem: 11361
Test:  [390/391]  eta: 0:00:00  sploss: 4.7879 (4.9032)  famloss: 1.8972 (2.0115)  manuloss: 0.9692 (1.1716)  acc1: 37.1094 (36.4510)  acc5: 62.1094 (60.3670)  family_acc1: 64.8438 (63.0700)  manu_acc1: 79.6875 (75.0550)  time: 0.4471  data: 0.3569  max mem: 11361
Test: Total time: 0:02:45 (0.4241 s / it)
* Acc@1 36.451 Acc@5 60.367 family@1 63.070 manu@1 75.055 sploss 4.903 fmloss 2.012 mfloss 1.172
Accuracy of the network on the 100000 test images: 36.5%
Max accuracy: 36.45%
Epoch: [67]  [  0/312]  eta: 0:33:30  lr: 0.000072  sp_loss: 4.8916 (4.8916)  fam_loss: 2.8683 (2.8683)  manu_loss: 2.0312 (2.0312)  ot_loss: 0.5463 (0.5463)  base_loss: 5.0774 (5.0774)  time: 6.4445  data: 5.9532  max mem: 11361
Epoch: [67]  [ 50/312]  eta: 0:02:14  lr: 0.000072  sp_loss: 5.4533 (5.3983)  fam_loss: 3.2939 (3.1758)  manu_loss: 2.3477 (2.2328)  ot_loss: 0.5397 (0.5436)  base_loss: 5.5676 (5.4879)  time: 0.4202  data: 0.1216  max mem: 11361
Epoch: [67]  [100/312]  eta: 0:01:35  lr: 0.000072  sp_loss: 5.5233 (5.3903)  fam_loss: 3.2830 (3.1724)  manu_loss: 2.3676 (2.2378)  ot_loss: 0.5419 (0.5439)  base_loss: 5.6699 (5.4834)  time: 0.4046  data: 0.1044  max mem: 11361
Epoch: [67]  [150/312]  eta: 0:01:09  lr: 0.000072  sp_loss: 5.5088 (5.3825)  fam_loss: 3.2835 (3.1699)  manu_loss: 2.3074 (2.2303)  ot_loss: 0.5406 (0.5439)  base_loss: 5.5825 (5.4775)  time: 0.4067  data: 0.1091  max mem: 11361
Epoch: [67]  [200/312]  eta: 0:00:46  lr: 0.000072  sp_loss: 5.6853 (5.3845)  fam_loss: 3.3136 (3.1702)  manu_loss: 2.3763 (2.2321)  ot_loss: 0.5401 (0.5437)  base_loss: 5.7210 (5.4794)  time: 0.3544  data: 0.0565  max mem: 11361
Epoch: [67]  [250/312]  eta: 0:00:25  lr: 0.000072  sp_loss: 5.9325 (5.3895)  fam_loss: 3.4379 (3.1688)  manu_loss: 2.4401 (2.2334)  ot_loss: 0.5396 (0.5437)  base_loss: 5.9505 (5.4823)  time: 0.3502  data: 0.0547  max mem: 11361
Epoch: [67]  [300/312]  eta: 0:00:04  lr: 0.000072  sp_loss: 6.0737 (5.4141)  fam_loss: 3.4718 (3.1835)  manu_loss: 2.4855 (2.2427)  ot_loss: 0.5394 (0.5436)  base_loss: 6.0006 (5.5019)  time: 0.4094  data: 0.0962  max mem: 11361
Epoch: [67]  [311/312]  eta: 0:00:00  lr: 0.000072  sp_loss: 6.0266 (5.4250)  fam_loss: 3.4528 (3.1908)  manu_loss: 2.4743 (2.2488)  ot_loss: 0.5391 (0.5435)  base_loss: 5.9659 (5.5112)  time: 0.3315  data: 0.0444  max mem: 11361
Epoch: [67] Total time: 0:02:07 (0.4080 s / it)
Averaged stats: lr: 0.000072  sp_loss: 6.0266 (5.4250)  fam_loss: 3.4528 (3.1908)  manu_loss: 2.4743 (2.2488)  ot_loss: 0.5391 (0.5435)  base_loss: 5.9659 (5.5112)
Epoch: [68]  [  0/312]  eta: 0:31:11  lr: 0.000069  sp_loss: 5.6968 (5.6968)  fam_loss: 3.1957 (3.1957)  manu_loss: 2.3162 (2.3162)  ot_loss: 0.5445 (0.5445)  base_loss: 5.6907 (5.6907)  time: 5.9992  data: 5.6607  max mem: 11361
Epoch: [68]  [ 50/312]  eta: 0:02:12  lr: 0.000069  sp_loss: 5.5823 (5.4665)  fam_loss: 3.2698 (3.2342)  manu_loss: 2.3350 (2.2776)  ot_loss: 0.5423 (0.5432)  base_loss: 5.6601 (5.5506)  time: 0.4087  data: 0.1027  max mem: 11361
Epoch: [68]  [100/312]  eta: 0:01:35  lr: 0.000069  sp_loss: 4.4482 (5.3166)  fam_loss: 2.6388 (3.1262)  manu_loss: 1.8589 (2.1974)  ot_loss: 0.5504 (0.5443)  base_loss: 4.7525 (5.4223)  time: 0.4135  data: 0.1065  max mem: 11361
Epoch: [68]  [150/312]  eta: 0:01:09  lr: 0.000069  sp_loss: 5.8400 (5.4331)  fam_loss: 3.4685 (3.1978)  manu_loss: 2.3921 (2.2531)  ot_loss: 0.5407 (0.5435)  base_loss: 5.8624 (5.5177)  time: 0.4144  data: 0.1086  max mem: 11361
Epoch: [68]  [200/312]  eta: 0:00:47  lr: 0.000069  sp_loss: 5.3150 (5.4177)  fam_loss: 3.0686 (3.1830)  manu_loss: 2.0969 (2.2435)  ot_loss: 0.5423 (0.5435)  base_loss: 5.4280 (5.5034)  time: 0.3662  data: 0.0594  max mem: 11361
Epoch: [68]  [250/312]  eta: 0:00:25  lr: 0.000069  sp_loss: 5.4783 (5.3909)  fam_loss: 3.3430 (3.1689)  manu_loss: 2.3144 (2.2287)  ot_loss: 0.5429 (0.5437)  base_loss: 5.6081 (5.4818)  time: 0.3713  data: 0.0682  max mem: 11361
Epoch: [68]  [300/312]  eta: 0:00:04  lr: 0.000069  sp_loss: 5.0170 (5.3816)  fam_loss: 3.0253 (3.1637)  manu_loss: 2.0454 (2.2251)  ot_loss: 0.5422 (0.5437)  base_loss: 5.2102 (5.4746)  time: 0.3626  data: 0.0640  max mem: 11361
Epoch: [68]  [311/312]  eta: 0:00:00  lr: 0.000069  sp_loss: 5.8235 (5.3948)  fam_loss: 3.3989 (3.1731)  manu_loss: 2.4015 (2.2314)  ot_loss: 0.5404 (0.5436)  base_loss: 5.8444 (5.4857)  time: 0.3357  data: 0.0529  max mem: 11361
Epoch: [68] Total time: 0:02:08 (0.4111 s / it)
Averaged stats: lr: 0.000069  sp_loss: 5.8235 (5.3948)  fam_loss: 3.3989 (3.1731)  manu_loss: 2.4015 (2.2314)  ot_loss: 0.5404 (0.5436)  base_loss: 5.8444 (5.4857)
Test:  [  0/391]  eta: 0:40:02  sploss: 4.9344 (4.9344)  famloss: 1.9011 (1.9011)  manuloss: 1.0297 (1.0297)  acc1: 37.1094 (37.1094)  acc5: 63.2812 (63.2812)  family_acc1: 65.6250 (65.6250)  manu_acc1: 78.9062 (78.9062)  time: 6.1440  data: 6.0336  max mem: 11361
Test:  [ 50/391]  eta: 0:02:58  sploss: 4.9959 (5.0326)  famloss: 2.0694 (2.1047)  manuloss: 1.1993 (1.2577)  acc1: 36.3281 (35.4856)  acc5: 59.3750 (58.3793)  family_acc1: 61.7188 (62.6685)  manu_acc1: 74.6094 (74.0885)  time: 0.4890  data: 0.3941  max mem: 11361
Test:  [100/391]  eta: 0:02:15  sploss: 5.0383 (5.0087)  famloss: 2.1841 (2.1001)  manuloss: 1.2946 (1.2493)  acc1: 34.7656 (35.5972)  acc5: 56.6406 (58.8645)  family_acc1: 60.5469 (62.5309)  manu_acc1: 71.4844 (74.1491)  time: 0.4899  data: 0.3848  max mem: 11361
Test:  [150/391]  eta: 0:01:47  sploss: 4.7624 (4.9681)  famloss: 1.8797 (2.0726)  manuloss: 1.0629 (1.2338)  acc1: 37.1094 (36.2014)  acc5: 63.2812 (59.7165)  family_acc1: 64.8438 (62.8596)  manu_acc1: 77.7344 (74.3740)  time: 0.4810  data: 0.3872  max mem: 11361
Test:  [200/391]  eta: 0:01:22  sploss: 4.9995 (4.9923)  famloss: 2.1599 (2.0963)  manuloss: 1.2784 (1.2447)  acc1: 35.5469 (35.8423)  acc5: 58.9844 (59.3653)  family_acc1: 61.3281 (62.3406)  manu_acc1: 72.6562 (74.1488)  time: 0.3646  data: 0.2703  max mem: 11361
Test:  [250/391]  eta: 0:01:00  sploss: 4.8993 (4.9853)  famloss: 2.1097 (2.1044)  manuloss: 1.2697 (1.2623)  acc1: 38.2812 (36.1974)  acc5: 61.3281 (59.6396)  family_acc1: 61.7188 (62.1887)  manu_acc1: 72.6562 (73.5931)  time: 0.2833  data: 0.1907  max mem: 11361
Test:  [300/391]  eta: 0:00:39  sploss: 4.7657 (4.9503)  famloss: 1.8953 (2.0717)  manuloss: 1.0807 (1.2364)  acc1: 39.0625 (36.7356)  acc5: 64.4531 (60.3120)  family_acc1: 66.4062 (62.8011)  manu_acc1: 78.1250 (74.1526)  time: 0.4099  data: 0.3161  max mem: 11361
Test:  [350/391]  eta: 0:00:17  sploss: 4.9536 (4.9461)  famloss: 2.0509 (2.0569)  manuloss: 1.1171 (1.2193)  acc1: 35.9375 (36.6653)  acc5: 59.7656 (60.3855)  family_acc1: 62.5000 (63.0386)  manu_acc1: 75.3906 (74.4680)  time: 0.4542  data: 0.3593  max mem: 11361
Test:  [390/391]  eta: 0:00:00  sploss: 4.8024 (4.9357)  famloss: 1.9466 (2.0432)  manuloss: 0.9799 (1.1982)  acc1: 36.7188 (36.6870)  acc5: 62.1094 (60.5890)  family_acc1: 65.6250 (63.3410)  manu_acc1: 80.8594 (75.0530)  time: 0.4194  data: 0.3278  max mem: 11361
Test: Total time: 0:02:43 (0.4192 s / it)
* Acc@1 36.687 Acc@5 60.589 family@1 63.341 manu@1 75.053 sploss 4.936 fmloss 2.043 mfloss 1.198
Accuracy of the network on the 100000 test images: 36.7%
Max accuracy: 36.69%
Epoch: [69]  [  0/312]  eta: 0:30:49  lr: 0.000066  sp_loss: 4.3269 (4.3269)  fam_loss: 2.5377 (2.5377)  manu_loss: 1.8009 (1.8009)  ot_loss: 0.5545 (0.5545)  base_loss: 4.6298 (4.6298)  time: 5.9269  data: 5.5972  max mem: 11361
Epoch: [69]  [ 50/312]  eta: 0:02:14  lr: 0.000066  sp_loss: 5.7848 (5.2859)  fam_loss: 3.4689 (3.1076)  manu_loss: 2.4735 (2.1941)  ot_loss: 0.5407 (0.5442)  base_loss: 5.8557 (5.3978)  time: 0.4250  data: 0.1205  max mem: 11361
Epoch: [69]  [100/312]  eta: 0:01:35  lr: 0.000066  sp_loss: 5.6846 (5.2559)  fam_loss: 3.3950 (3.0775)  manu_loss: 2.3332 (2.1656)  ot_loss: 0.5426 (0.5447)  base_loss: 5.7352 (5.3676)  time: 0.4072  data: 0.1040  max mem: 11361
Epoch: [69]  [150/312]  eta: 0:01:10  lr: 0.000066  sp_loss: 5.4428 (5.3210)  fam_loss: 3.2389 (3.1295)  manu_loss: 2.2490 (2.2015)  ot_loss: 0.5423 (0.5442)  base_loss: 5.5382 (5.4259)  time: 0.4209  data: 0.1130  max mem: 11361
Epoch: [69]  [200/312]  eta: 0:00:47  lr: 0.000066  sp_loss: 5.6643 (5.3865)  fam_loss: 3.3120 (3.1664)  manu_loss: 2.2873 (2.2271)  ot_loss: 0.5403 (0.5436)  base_loss: 5.6475 (5.4781)  time: 0.3946  data: 0.0845  max mem: 11361
Epoch: [69]  [250/312]  eta: 0:00:25  lr: 0.000066  sp_loss: 5.8404 (5.4034)  fam_loss: 3.5164 (3.1760)  manu_loss: 2.4055 (2.2362)  ot_loss: 0.5409 (0.5435)  base_loss: 5.9249 (5.4921)  time: 0.3471  data: 0.0437  max mem: 11361
Epoch: [69]  [300/312]  eta: 0:00:04  lr: 0.000066  sp_loss: 6.1558 (5.4383)  fam_loss: 3.5395 (3.1967)  manu_loss: 2.5407 (2.2512)  ot_loss: 0.5389 (0.5434)  base_loss: 6.0315 (5.5204)  time: 0.3711  data: 0.0737  max mem: 11361
Epoch: [69]  [311/312]  eta: 0:00:00  lr: 0.000066  sp_loss: 5.3073 (5.4257)  fam_loss: 3.1581 (3.1881)  manu_loss: 2.2326 (2.2449)  ot_loss: 0.5405 (0.5435)  base_loss: 5.4091 (5.5098)  time: 0.3387  data: 0.0569  max mem: 11361
Epoch: [69] Total time: 0:02:08 (0.4120 s / it)
Averaged stats: lr: 0.000066  sp_loss: 5.3073 (5.4257)  fam_loss: 3.1581 (3.1881)  manu_loss: 2.2326 (2.2449)  ot_loss: 0.5405 (0.5435)  base_loss: 5.4091 (5.5098)
Epoch: [70]  [  0/312]  eta: 0:32:13  lr: 0.000063  sp_loss: 6.0969 (6.0969)  fam_loss: 3.6465 (3.6465)  manu_loss: 2.7587 (2.7587)  ot_loss: 0.5357 (0.5357)  base_loss: 6.1023 (6.1023)  time: 6.1980  data: 5.8593  max mem: 11361
Epoch: [70]  [ 50/312]  eta: 0:02:14  lr: 0.000063  sp_loss: 5.5441 (5.3999)  fam_loss: 3.3543 (3.1830)  manu_loss: 2.3374 (2.2357)  ot_loss: 0.5421 (0.5433)  base_loss: 5.6478 (5.4929)  time: 0.4060  data: 0.1063  max mem: 11361
Epoch: [70]  [100/312]  eta: 0:01:35  lr: 0.000063  sp_loss: 5.5773 (5.4621)  fam_loss: 3.2638 (3.2185)  manu_loss: 2.3851 (2.2625)  ot_loss: 0.5402 (0.5429)  base_loss: 5.6325 (5.5421)  time: 0.4081  data: 0.1109  max mem: 11361
Epoch: [70]  [150/312]  eta: 0:01:10  lr: 0.000063  sp_loss: 5.9370 (5.4503)  fam_loss: 3.3854 (3.2100)  manu_loss: 2.3508 (2.2592)  ot_loss: 0.5401 (0.5431)  base_loss: 5.8892 (5.5329)  time: 0.4207  data: 0.1219  max mem: 11361
Epoch: [70]  [200/312]  eta: 0:00:47  lr: 0.000063  sp_loss: 4.8774 (5.4307)  fam_loss: 3.0084 (3.1947)  manu_loss: 2.0792 (2.2482)  ot_loss: 0.5444 (0.5431)  base_loss: 5.0973 (5.5155)  time: 0.3503  data: 0.0521  max mem: 11361
Epoch: [70]  [250/312]  eta: 0:00:25  lr: 0.000063  sp_loss: 5.0739 (5.4375)  fam_loss: 3.0779 (3.1932)  manu_loss: 2.1820 (2.2505)  ot_loss: 0.5431 (0.5432)  base_loss: 5.2640 (5.5194)  time: 0.3519  data: 0.0529  max mem: 11361
Epoch: [70]  [300/312]  eta: 0:00:04  lr: 0.000063  sp_loss: 4.9505 (5.4132)  fam_loss: 2.9562 (3.1773)  manu_loss: 2.1388 (2.2419)  ot_loss: 0.5439 (0.5434)  base_loss: 5.1640 (5.4999)  time: 0.3773  data: 0.0740  max mem: 11361
Epoch: [70]  [311/312]  eta: 0:00:00  lr: 0.000063  sp_loss: 5.4020 (5.4219)  fam_loss: 3.2152 (3.1807)  manu_loss: 2.2339 (2.2440)  ot_loss: 0.5408 (0.5433)  base_loss: 5.4864 (5.5062)  time: 0.3266  data: 0.0450  max mem: 11361
Epoch: [70] Total time: 0:02:07 (0.4089 s / it)
Averaged stats: lr: 0.000063  sp_loss: 5.4020 (5.4219)  fam_loss: 3.2152 (3.1807)  manu_loss: 2.2339 (2.2440)  ot_loss: 0.5408 (0.5433)  base_loss: 5.4864 (5.5062)
Test:  [  0/391]  eta: 0:42:05  sploss: 4.9846 (4.9846)  famloss: 1.9302 (1.9302)  manuloss: 1.0849 (1.0849)  acc1: 37.8906 (37.8906)  acc5: 61.7188 (61.7188)  family_acc1: 65.6250 (65.6250)  manu_acc1: 79.2969 (79.2969)  time: 6.4594  data: 6.3209  max mem: 11361
Test:  [ 50/391]  eta: 0:02:58  sploss: 5.0782 (5.0947)  famloss: 2.1358 (2.1657)  manuloss: 1.2472 (1.3022)  acc1: 35.9375 (34.9265)  acc5: 57.8125 (58.2721)  family_acc1: 62.5000 (62.0021)  manu_acc1: 74.6094 (73.8358)  time: 0.4719  data: 0.3760  max mem: 11361
Test:  [100/391]  eta: 0:02:14  sploss: 5.1065 (5.0732)  famloss: 2.2385 (2.1603)  manuloss: 1.3288 (1.2921)  acc1: 35.5469 (35.3419)  acc5: 56.2500 (58.6556)  family_acc1: 58.9844 (61.8773)  manu_acc1: 73.0469 (73.9751)  time: 0.4754  data: 0.3818  max mem: 11361
Test:  [150/391]  eta: 0:01:46  sploss: 4.8492 (5.0328)  famloss: 1.9538 (2.1338)  manuloss: 1.1231 (1.2762)  acc1: 37.5000 (36.0643)  acc5: 62.5000 (59.4811)  family_acc1: 66.0156 (62.4483)  manu_acc1: 76.9531 (74.1877)  time: 0.4730  data: 0.3783  max mem: 11361
Test:  [200/391]  eta: 0:01:22  sploss: 5.0736 (5.0554)  famloss: 2.2686 (2.1569)  manuloss: 1.3232 (1.2872)  acc1: 34.3750 (35.6771)  acc5: 59.3750 (59.1088)  family_acc1: 60.1562 (61.9539)  manu_acc1: 71.4844 (73.8748)  time: 0.2982  data: 0.1918  max mem: 11361
Test:  [250/391]  eta: 0:01:00  sploss: 4.9631 (5.0505)  famloss: 2.1702 (2.1648)  manuloss: 1.3046 (1.3025)  acc1: 37.5000 (35.9951)  acc5: 61.3281 (59.4092)  family_acc1: 60.9375 (61.8137)  manu_acc1: 72.2656 (73.3970)  time: 0.2943  data: 0.2004  max mem: 11361
Test:  [300/391]  eta: 0:00:39  sploss: 4.8431 (5.0164)  famloss: 1.9528 (2.1340)  manuloss: 1.1357 (1.2789)  acc1: 37.5000 (36.5150)  acc5: 63.2812 (60.0667)  family_acc1: 66.4062 (62.4260)  manu_acc1: 77.7344 (73.9566)  time: 0.4695  data: 0.3765  max mem: 11361
Test:  [350/391]  eta: 0:00:17  sploss: 5.0145 (5.0120)  famloss: 2.1003 (2.1199)  manuloss: 1.2007 (1.2635)  acc1: 35.9375 (36.4383)  acc5: 59.3750 (60.0873)  family_acc1: 63.6719 (62.6313)  manu_acc1: 76.5625 (74.2265)  time: 0.4587  data: 0.3648  max mem: 11361
Test:  [390/391]  eta: 0:00:00  sploss: 4.8919 (5.0014)  famloss: 1.9741 (2.1052)  manuloss: 1.0270 (1.2423)  acc1: 36.3281 (36.4670)  acc5: 62.5000 (60.3070)  family_acc1: 64.4531 (62.8980)  manu_acc1: 79.6875 (74.8030)  time: 0.4332  data: 0.3422  max mem: 11361
Test: Total time: 0:02:44 (0.4212 s / it)
* Acc@1 36.467 Acc@5 60.307 family@1 62.898 manu@1 74.803 sploss 5.001 fmloss 2.105 mfloss 1.242
Accuracy of the network on the 100000 test images: 36.5%
Max accuracy: 36.69%
Epoch: [71]  [  0/312]  eta: 0:32:48  lr: 0.000059  sp_loss: 4.3580 (4.3580)  fam_loss: 2.4699 (2.4699)  manu_loss: 1.5936 (1.5936)  ot_loss: 0.5498 (0.5498)  base_loss: 4.5945 (4.5945)  time: 6.3093  data: 5.7715  max mem: 11361
Epoch: [71]  [ 50/312]  eta: 0:02:12  lr: 0.000059  sp_loss: 5.5025 (5.4077)  fam_loss: 3.2837 (3.1982)  manu_loss: 2.3628 (2.2555)  ot_loss: 0.5412 (0.5434)  base_loss: 5.6070 (5.5031)  time: 0.4150  data: 0.1004  max mem: 11361
Epoch: [71]  [100/312]  eta: 0:01:34  lr: 0.000059  sp_loss: 5.4468 (5.4046)  fam_loss: 3.3215 (3.2001)  manu_loss: 2.3487 (2.2592)  ot_loss: 0.5420 (0.5435)  base_loss: 5.5775 (5.5026)  time: 0.4115  data: 0.1017  max mem: 11361
Epoch: [71]  [150/312]  eta: 0:01:08  lr: 0.000059  sp_loss: 4.9958 (5.4562)  fam_loss: 2.8455 (3.2265)  manu_loss: 2.0427 (2.2808)  ot_loss: 0.5451 (0.5431)  base_loss: 5.1242 (5.5434)  time: 0.4127  data: 0.1077  max mem: 11361
Epoch: [71]  [200/312]  eta: 0:00:46  lr: 0.000059  sp_loss: 5.3829 (5.4944)  fam_loss: 3.0842 (3.2415)  manu_loss: 2.2718 (2.2924)  ot_loss: 0.5423 (0.5427)  base_loss: 5.5312 (5.5713)  time: 0.3969  data: 0.0932  max mem: 11361
Epoch: [71]  [250/312]  eta: 0:00:25  lr: 0.000059  sp_loss: 5.8324 (5.5117)  fam_loss: 3.4336 (3.2520)  manu_loss: 2.3651 (2.3003)  ot_loss: 0.5404 (0.5425)  base_loss: 5.8317 (5.5856)  time: 0.3625  data: 0.0637  max mem: 11361
Epoch: [71]  [300/312]  eta: 0:00:04  lr: 0.000059  sp_loss: 6.0001 (5.5251)  fam_loss: 3.4707 (3.2584)  manu_loss: 2.4361 (2.3009)  ot_loss: 0.5405 (0.5425)  base_loss: 5.9976 (5.5952)  time: 0.3477  data: 0.0486  max mem: 11361
Epoch: [71]  [311/312]  eta: 0:00:00  lr: 0.000059  sp_loss: 5.8992 (5.5345)  fam_loss: 3.4321 (3.2638)  manu_loss: 2.4361 (2.3053)  ot_loss: 0.5411 (0.5424)  base_loss: 5.8620 (5.6027)  time: 0.3290  data: 0.0482  max mem: 11361
Epoch: [71] Total time: 0:02:05 (0.4028 s / it)
Averaged stats: lr: 0.000059  sp_loss: 5.8992 (5.5345)  fam_loss: 3.4321 (3.2638)  manu_loss: 2.4361 (2.3053)  ot_loss: 0.5411 (0.5424)  base_loss: 5.8620 (5.6027)
Epoch: [72]  [  0/312]  eta: 0:30:17  lr: 0.000056  sp_loss: 4.1656 (4.1656)  fam_loss: 2.3977 (2.3977)  manu_loss: 1.6896 (1.6896)  ot_loss: 0.5528 (0.5528)  base_loss: 4.4771 (4.4771)  time: 5.8267  data: 5.4808  max mem: 11361
Epoch: [72]  [ 50/312]  eta: 0:02:09  lr: 0.000056  sp_loss: 5.7594 (5.4640)  fam_loss: 3.4534 (3.2044)  manu_loss: 2.3742 (2.2537)  ot_loss: 0.5401 (0.5429)  base_loss: 5.8240 (5.5377)  time: 0.3981  data: 0.0880  max mem: 11361
Epoch: [72]  [100/312]  eta: 0:01:33  lr: 0.000056  sp_loss: 5.3617 (5.3890)  fam_loss: 3.1127 (3.1628)  manu_loss: 2.1266 (2.2169)  ot_loss: 0.5430 (0.5436)  base_loss: 5.4388 (5.4774)  time: 0.4238  data: 0.1070  max mem: 11361
Epoch: [72]  [150/312]  eta: 0:01:08  lr: 0.000056  sp_loss: 5.7492 (5.3842)  fam_loss: 3.4396 (3.1597)  manu_loss: 2.3703 (2.2213)  ot_loss: 0.5400 (0.5436)  base_loss: 5.8450 (5.4744)  time: 0.4131  data: 0.1067  max mem: 11361
Epoch: [72]  [200/312]  eta: 0:00:46  lr: 0.000056  sp_loss: 5.8778 (5.4324)  fam_loss: 3.3701 (3.1933)  manu_loss: 2.4068 (2.2461)  ot_loss: 0.5397 (0.5433)  base_loss: 5.8369 (5.5155)  time: 0.3460  data: 0.0422  max mem: 11361
Epoch: [72]  [250/312]  eta: 0:00:25  lr: 0.000056  sp_loss: 5.5489 (5.3676)  fam_loss: 3.2655 (3.1507)  manu_loss: 2.2160 (2.2161)  ot_loss: 0.5424 (0.5438)  base_loss: 5.5928 (5.4617)  time: 0.3564  data: 0.0565  max mem: 11361
Epoch: [72]  [300/312]  eta: 0:00:04  lr: 0.000056  sp_loss: 5.8603 (5.3961)  fam_loss: 3.4757 (3.1712)  manu_loss: 2.5010 (2.2313)  ot_loss: 0.5404 (0.5435)  base_loss: 5.9106 (5.4860)  time: 0.3920  data: 0.0938  max mem: 11361
Epoch: [72]  [311/312]  eta: 0:00:00  lr: 0.000056  sp_loss: 5.4813 (5.3792)  fam_loss: 3.2875 (3.1601)  manu_loss: 2.2862 (2.2239)  ot_loss: 0.5409 (0.5436)  base_loss: 5.6078 (5.4720)  time: 0.3245  data: 0.0443  max mem: 11361
Epoch: [72] Total time: 0:02:05 (0.4026 s / it)
Averaged stats: lr: 0.000056  sp_loss: 5.4813 (5.3792)  fam_loss: 3.2875 (3.1601)  manu_loss: 2.2862 (2.2239)  ot_loss: 0.5409 (0.5436)  base_loss: 5.6078 (5.4720)
Test:  [  0/391]  eta: 0:39:42  sploss: 4.9242 (4.9242)  famloss: 1.8653 (1.8653)  manuloss: 1.0274 (1.0274)  acc1: 38.2812 (38.2812)  acc5: 61.3281 (61.3281)  family_acc1: 67.9688 (67.9688)  manu_acc1: 78.9062 (78.9062)  time: 6.0925  data: 5.9595  max mem: 11361
Test:  [ 50/391]  eta: 0:02:57  sploss: 4.9985 (5.0308)  famloss: 2.0528 (2.0807)  manuloss: 1.1912 (1.2463)  acc1: 35.1562 (35.4473)  acc5: 58.5938 (58.5478)  family_acc1: 61.7188 (62.3928)  manu_acc1: 75.0000 (73.8894)  time: 0.4788  data: 0.3839  max mem: 11361
Test:  [100/391]  eta: 0:02:13  sploss: 5.0340 (5.0073)  famloss: 2.1590 (2.0778)  manuloss: 1.2749 (1.2314)  acc1: 35.1562 (35.7944)  acc5: 57.8125 (59.0540)  family_acc1: 60.1562 (62.2641)  manu_acc1: 73.0469 (74.1839)  time: 0.4839  data: 0.3749  max mem: 11361
Test:  [150/391]  eta: 0:01:45  sploss: 4.7774 (4.9683)  famloss: 1.8671 (2.0512)  manuloss: 1.0626 (1.2158)  acc1: 37.8906 (36.5506)  acc5: 63.2812 (59.8536)  family_acc1: 65.6250 (62.7639)  manu_acc1: 77.3438 (74.4697)  time: 0.4604  data: 0.3656  max mem: 11361
Test:  [200/391]  eta: 0:01:21  sploss: 4.9967 (4.9922)  famloss: 2.1139 (2.0731)  manuloss: 1.2439 (1.2266)  acc1: 35.9375 (36.1532)  acc5: 58.9844 (59.4780)  family_acc1: 61.3281 (62.3095)  manu_acc1: 72.6562 (74.1760)  time: 0.2853  data: 0.1921  max mem: 11361
Test:  [250/391]  eta: 0:00:58  sploss: 4.9169 (4.9858)  famloss: 2.0879 (2.0812)  manuloss: 1.2689 (1.2440)  acc1: 37.5000 (36.4495)  acc5: 61.3281 (59.7921)  family_acc1: 61.3281 (62.1794)  manu_acc1: 71.8750 (73.6149)  time: 0.2821  data: 0.1868  max mem: 11361
Test:  [300/391]  eta: 0:00:38  sploss: 4.7761 (4.9527)  famloss: 1.8893 (2.0502)  manuloss: 1.0662 (1.2200)  acc1: 39.8438 (36.9498)  acc5: 64.0625 (60.3808)  family_acc1: 66.4062 (62.8076)  manu_acc1: 77.7344 (74.1448)  time: 0.4504  data: 0.3557  max mem: 11361
Test:  [350/391]  eta: 0:00:17  sploss: 4.9414 (4.9487)  famloss: 2.0199 (2.0344)  manuloss: 1.1396 (1.2032)  acc1: 36.3281 (36.8556)  acc5: 60.5469 (60.4756)  family_acc1: 62.8906 (63.0386)  manu_acc1: 74.6094 (74.4747)  time: 0.4589  data: 0.3623  max mem: 11361
Test:  [390/391]  eta: 0:00:00  sploss: 4.8326 (4.9394)  famloss: 1.9038 (2.0195)  manuloss: 0.9641 (1.1816)  acc1: 37.1094 (36.8910)  acc5: 62.1094 (60.6410)  family_acc1: 66.0156 (63.3570)  manu_acc1: 81.2500 (75.0760)  time: 0.4426  data: 0.3524  max mem: 11361
Test: Total time: 0:02:42 (0.4145 s / it)
* Acc@1 36.891 Acc@5 60.641 family@1 63.357 manu@1 75.076 sploss 4.939 fmloss 2.020 mfloss 1.182
Accuracy of the network on the 100000 test images: 36.9%
Max accuracy: 36.89%
Epoch: [73]  [  0/312]  eta: 0:34:51  lr: 0.000054  sp_loss: 6.3106 (6.3106)  fam_loss: 3.8664 (3.8664)  manu_loss: 2.6595 (2.6595)  ot_loss: 0.5376 (0.5376)  base_loss: 6.2692 (6.2692)  time: 6.7039  data: 5.9104  max mem: 11361
Epoch: [73]  [ 50/312]  eta: 0:02:11  lr: 0.000054  sp_loss: 5.2594 (5.4817)  fam_loss: 3.0500 (3.2496)  manu_loss: 2.2001 (2.2712)  ot_loss: 0.5449 (0.5431)  base_loss: 5.3700 (5.5631)  time: 0.3992  data: 0.0946  max mem: 11361
Epoch: [73]  [100/312]  eta: 0:01:34  lr: 0.000054  sp_loss: 4.8276 (5.3751)  fam_loss: 2.9023 (3.1631)  manu_loss: 2.0461 (2.2206)  ot_loss: 0.5472 (0.5439)  base_loss: 5.0523 (5.4699)  time: 0.4050  data: 0.0961  max mem: 11361
Epoch: [73]  [150/312]  eta: 0:01:08  lr: 0.000054  sp_loss: 5.2132 (5.3754)  fam_loss: 3.2217 (3.1640)  manu_loss: 2.2639 (2.2280)  ot_loss: 0.5425 (0.5437)  base_loss: 5.4013 (5.4717)  time: 0.4019  data: 0.0904  max mem: 11361
Epoch: [73]  [200/312]  eta: 0:00:46  lr: 0.000054  sp_loss: 5.2902 (5.3794)  fam_loss: 3.0952 (3.1647)  manu_loss: 2.2514 (2.2257)  ot_loss: 0.5409 (0.5436)  base_loss: 5.3925 (5.4737)  time: 0.3567  data: 0.0476  max mem: 11361
Epoch: [73]  [250/312]  eta: 0:00:25  lr: 0.000054  sp_loss: 5.8077 (5.4010)  fam_loss: 3.3980 (3.1787)  manu_loss: 2.3668 (2.2372)  ot_loss: 0.5407 (0.5435)  base_loss: 5.8154 (5.4915)  time: 0.3548  data: 0.0500  max mem: 11361
Epoch: [73]  [300/312]  eta: 0:00:04  lr: 0.000054  sp_loss: 5.5417 (5.3746)  fam_loss: 3.1440 (3.1569)  manu_loss: 2.2183 (2.2227)  ot_loss: 0.5402 (0.5437)  base_loss: 5.5682 (5.4679)  time: 0.3718  data: 0.0684  max mem: 11361
Epoch: [73]  [311/312]  eta: 0:00:00  lr: 0.000054  sp_loss: 5.8558 (5.3847)  fam_loss: 3.4866 (3.1627)  manu_loss: 2.4101 (2.2269)  ot_loss: 0.5402 (0.5436)  base_loss: 5.8712 (5.4759)  time: 0.3267  data: 0.0420  max mem: 11361
Epoch: [73] Total time: 0:02:06 (0.4057 s / it)
Averaged stats: lr: 0.000054  sp_loss: 5.8558 (5.3847)  fam_loss: 3.4866 (3.1627)  manu_loss: 2.4101 (2.2269)  ot_loss: 0.5402 (0.5436)  base_loss: 5.8712 (5.4759)
Epoch: [74]  [  0/312]  eta: 0:33:30  lr: 0.000051  sp_loss: 4.9454 (4.9454)  fam_loss: 2.9163 (2.9163)  manu_loss: 2.0767 (2.0767)  ot_loss: 0.5497 (0.5497)  base_loss: 5.1358 (5.1358)  time: 6.4452  data: 6.1183  max mem: 11361
Epoch: [74]  [ 50/312]  eta: 0:02:13  lr: 0.000051  sp_loss: 5.1882 (5.2570)  fam_loss: 3.0046 (3.1124)  manu_loss: 2.1233 (2.1972)  ot_loss: 0.5444 (0.5447)  base_loss: 5.2651 (5.3837)  time: 0.3959  data: 0.0954  max mem: 11361
Epoch: [74]  [100/312]  eta: 0:01:34  lr: 0.000051  sp_loss: 5.3276 (5.2947)  fam_loss: 3.1545 (3.1220)  manu_loss: 2.1694 (2.2023)  ot_loss: 0.5427 (0.5441)  base_loss: 5.4234 (5.4086)  time: 0.4046  data: 0.1053  max mem: 11361
Epoch: [74]  [150/312]  eta: 0:01:09  lr: 0.000051  sp_loss: 5.5029 (5.3704)  fam_loss: 3.2970 (3.1712)  manu_loss: 2.3307 (2.2360)  ot_loss: 0.5426 (0.5437)  base_loss: 5.5852 (5.4712)  time: 0.4037  data: 0.1020  max mem: 11361
Epoch: [74]  [200/312]  eta: 0:00:46  lr: 0.000051  sp_loss: 5.0711 (5.3679)  fam_loss: 3.0799 (3.1624)  manu_loss: 2.1384 (2.2278)  ot_loss: 0.5438 (0.5436)  base_loss: 5.2616 (5.4663)  time: 0.3520  data: 0.0497  max mem: 11361
Epoch: [74]  [250/312]  eta: 0:00:25  lr: 0.000051  sp_loss: 5.6927 (5.3880)  fam_loss: 3.3090 (3.1722)  manu_loss: 2.3030 (2.2347)  ot_loss: 0.5412 (0.5435)  base_loss: 5.7506 (5.4818)  time: 0.3371  data: 0.0351  max mem: 11361
Epoch: [74]  [300/312]  eta: 0:00:04  lr: 0.000051  sp_loss: 5.4777 (5.3788)  fam_loss: 3.2113 (3.1639)  manu_loss: 2.2291 (2.2282)  ot_loss: 0.5430 (0.5436)  base_loss: 5.5475 (5.4731)  time: 0.4003  data: 0.0948  max mem: 11361
Epoch: [74]  [311/312]  eta: 0:00:00  lr: 0.000051  sp_loss: 4.6365 (5.3679)  fam_loss: 2.6769 (3.1572)  manu_loss: 1.9222 (2.2232)  ot_loss: 0.5435 (0.5437)  base_loss: 4.8663 (5.4641)  time: 0.3351  data: 0.0489  max mem: 11361
Epoch: [74] Total time: 0:02:05 (0.4038 s / it)
Averaged stats: lr: 0.000051  sp_loss: 4.6365 (5.3679)  fam_loss: 2.6769 (3.1572)  manu_loss: 1.9222 (2.2232)  ot_loss: 0.5435 (0.5437)  base_loss: 4.8663 (5.4641)
Test:  [  0/391]  eta: 0:41:16  sploss: 4.9354 (4.9354)  famloss: 1.8505 (1.8505)  manuloss: 1.0054 (1.0054)  acc1: 38.2812 (38.2812)  acc5: 62.5000 (62.5000)  family_acc1: 67.1875 (67.1875)  manu_acc1: 78.5156 (78.5156)  time: 6.3338  data: 6.2020  max mem: 11361
Test:  [ 50/391]  eta: 0:02:54  sploss: 5.0401 (5.0625)  famloss: 2.0752 (2.1048)  manuloss: 1.1886 (1.2441)  acc1: 35.5469 (35.2635)  acc5: 58.9844 (58.8618)  family_acc1: 62.5000 (63.0208)  manu_acc1: 75.7812 (74.3643)  time: 0.4656  data: 0.3708  max mem: 11361
Test:  [100/391]  eta: 0:02:10  sploss: 5.0734 (5.0362)  famloss: 2.1656 (2.1015)  manuloss: 1.2818 (1.2353)  acc1: 35.9375 (35.7209)  acc5: 58.2031 (59.2938)  family_acc1: 59.7656 (62.6044)  manu_acc1: 72.6562 (74.3348)  time: 0.4529  data: 0.3573  max mem: 11361
Test:  [150/391]  eta: 0:01:47  sploss: 4.7992 (4.9925)  famloss: 1.8826 (2.0723)  manuloss: 1.0515 (1.2194)  acc1: 39.0625 (36.5920)  acc5: 63.6719 (60.1356)  family_acc1: 66.4062 (63.0639)  manu_acc1: 77.7344 (74.6223)  time: 0.4866  data: 0.3901  max mem: 11361
Test:  [200/391]  eta: 0:01:22  sploss: 5.0166 (5.0176)  famloss: 2.1495 (2.0958)  manuloss: 1.2955 (1.2316)  acc1: 36.7188 (36.1979)  acc5: 58.9844 (59.7637)  family_acc1: 60.1562 (62.5175)  manu_acc1: 71.8750 (74.3179)  time: 0.2836  data: 0.1900  max mem: 11361
Test:  [250/391]  eta: 0:00:59  sploss: 4.9223 (5.0109)  famloss: 2.0865 (2.1021)  manuloss: 1.2634 (1.2474)  acc1: 38.6719 (36.5553)  acc5: 60.5469 (60.0193)  family_acc1: 62.5000 (62.4237)  manu_acc1: 72.6562 (73.8624)  time: 0.2869  data: 0.1921  max mem: 11361
Test:  [300/391]  eta: 0:00:39  sploss: 4.7823 (4.9754)  famloss: 1.8961 (2.0697)  manuloss: 1.0800 (1.2221)  acc1: 40.2344 (37.0964)  acc5: 64.8438 (60.7234)  family_acc1: 65.2344 (63.0528)  manu_acc1: 76.5625 (74.3589)  time: 0.4611  data: 0.3673  max mem: 11361
Test:  [350/391]  eta: 0:00:17  sploss: 4.9944 (4.9707)  famloss: 2.0319 (2.0541)  manuloss: 1.1480 (1.2055)  acc1: 37.1094 (37.0626)  acc5: 60.1562 (60.8229)  family_acc1: 64.4531 (63.3258)  manu_acc1: 75.7812 (74.6773)  time: 0.4508  data: 0.3559  max mem: 11361
Test:  [390/391]  eta: 0:00:00  sploss: 4.8622 (4.9622)  famloss: 1.9262 (2.0404)  manuloss: 0.9696 (1.1838)  acc1: 37.5000 (37.1330)  acc5: 63.6719 (60.9720)  family_acc1: 66.0156 (63.6150)  manu_acc1: 80.8594 (75.2810)  time: 0.4365  data: 0.3454  max mem: 11361
Test: Total time: 0:02:43 (0.4194 s / it)
* Acc@1 37.133 Acc@5 60.972 family@1 63.615 manu@1 75.281 sploss 4.962 fmloss 2.040 mfloss 1.184
Accuracy of the network on the 100000 test images: 37.1%
Max accuracy: 37.13%
Epoch: [75]  [  0/312]  eta: 0:33:25  lr: 0.000048  sp_loss: 5.9688 (5.9688)  fam_loss: 3.3283 (3.3283)  manu_loss: 2.2566 (2.2566)  ot_loss: 0.5412 (0.5412)  base_loss: 5.8674 (5.8674)  time: 6.4269  data: 5.6777  max mem: 11361
Epoch: [75]  [ 50/312]  eta: 0:02:11  lr: 0.000048  sp_loss: 5.4153 (5.2314)  fam_loss: 3.2790 (3.0632)  manu_loss: 2.2844 (2.1554)  ot_loss: 0.5413 (0.5447)  base_loss: 5.5148 (5.3472)  time: 0.4123  data: 0.0943  max mem: 11361
Epoch: [75]  [100/312]  eta: 0:01:33  lr: 0.000048  sp_loss: 5.0589 (5.3139)  fam_loss: 2.9335 (3.1101)  manu_loss: 2.1071 (2.1838)  ot_loss: 0.5447 (0.5442)  base_loss: 5.2090 (5.4131)  time: 0.4197  data: 0.1072  max mem: 11361
Epoch: [75]  [150/312]  eta: 0:01:08  lr: 0.000048  sp_loss: 5.3768 (5.3427)  fam_loss: 3.1396 (3.1334)  manu_loss: 2.2545 (2.2062)  ot_loss: 0.5415 (0.5439)  base_loss: 5.4748 (5.4400)  time: 0.4055  data: 0.0978  max mem: 11361
Epoch: [75]  [200/312]  eta: 0:00:46  lr: 0.000048  sp_loss: 5.4783 (5.3966)  fam_loss: 3.3753 (3.1742)  manu_loss: 2.3583 (2.2345)  ot_loss: 0.5417 (0.5434)  base_loss: 5.6192 (5.4868)  time: 0.3631  data: 0.0564  max mem: 11361
Epoch: [75]  [250/312]  eta: 0:00:25  lr: 0.000048  sp_loss: 5.2428 (5.4083)  fam_loss: 3.0489 (3.1785)  manu_loss: 2.1582 (2.2377)  ot_loss: 0.5436 (0.5433)  base_loss: 5.3288 (5.4956)  time: 0.3549  data: 0.0549  max mem: 11361
Epoch: [75]  [300/312]  eta: 0:00:04  lr: 0.000048  sp_loss: 5.3818 (5.4210)  fam_loss: 3.1215 (3.1837)  manu_loss: 2.2905 (2.2402)  ot_loss: 0.5424 (0.5432)  base_loss: 5.4702 (5.5049)  time: 0.3890  data: 0.0843  max mem: 11361
Epoch: [75]  [311/312]  eta: 0:00:00  lr: 0.000048  sp_loss: 5.2202 (5.4132)  fam_loss: 3.1139 (3.1777)  manu_loss: 2.2436 (2.2366)  ot_loss: 0.5433 (0.5433)  base_loss: 5.3814 (5.4981)  time: 0.3286  data: 0.0461  max mem: 11361
Epoch: [75] Total time: 0:02:05 (0.4023 s / it)
Averaged stats: lr: 0.000048  sp_loss: 5.2202 (5.4132)  fam_loss: 3.1139 (3.1777)  manu_loss: 2.2436 (2.2366)  ot_loss: 0.5433 (0.5433)  base_loss: 5.3814 (5.4981)
Epoch: [76]  [  0/312]  eta: 0:30:34  lr: 0.000045  sp_loss: 5.7224 (5.7224)  fam_loss: 3.4816 (3.4816)  manu_loss: 2.2842 (2.2842)  ot_loss: 0.5436 (0.5436)  base_loss: 5.7663 (5.7663)  time: 5.8793  data: 5.5496  max mem: 11361
Epoch: [76]  [ 50/312]  eta: 0:02:11  lr: 0.000045  sp_loss: 5.4954 (5.3259)  fam_loss: 3.2700 (3.1243)  manu_loss: 2.2939 (2.1907)  ot_loss: 0.5414 (0.5441)  base_loss: 5.5823 (5.4256)  time: 0.3998  data: 0.1024  max mem: 11361
Epoch: [76]  [100/312]  eta: 0:01:33  lr: 0.000045  sp_loss: 5.4085 (5.2765)  fam_loss: 3.1245 (3.0910)  manu_loss: 2.1999 (2.1680)  ot_loss: 0.5423 (0.5442)  base_loss: 5.5214 (5.3846)  time: 0.4015  data: 0.1014  max mem: 11361
Epoch: [76]  [150/312]  eta: 0:01:08  lr: 0.000045  sp_loss: 5.4060 (5.2989)  fam_loss: 3.1619 (3.1093)  manu_loss: 2.2584 (2.1840)  ot_loss: 0.5426 (0.5440)  base_loss: 5.4982 (5.4048)  time: 0.4200  data: 0.1186  max mem: 11361
Epoch: [76]  [200/312]  eta: 0:00:46  lr: 0.000045  sp_loss: 5.3097 (5.3307)  fam_loss: 3.1635 (3.1302)  manu_loss: 2.1935 (2.2002)  ot_loss: 0.5429 (0.5438)  base_loss: 5.4284 (5.4314)  time: 0.3811  data: 0.0812  max mem: 11361
Epoch: [76]  [250/312]  eta: 0:00:25  lr: 0.000045  sp_loss: 5.8076 (5.3577)  fam_loss: 3.2915 (3.1488)  manu_loss: 2.3301 (2.2127)  ot_loss: 0.5417 (0.5436)  base_loss: 5.7598 (5.4541)  time: 0.3506  data: 0.0496  max mem: 11361
Epoch: [76]  [300/312]  eta: 0:00:04  lr: 0.000045  sp_loss: 5.9046 (5.3818)  fam_loss: 3.3984 (3.1611)  manu_loss: 2.4531 (2.2223)  ot_loss: 0.5401 (0.5434)  base_loss: 5.8681 (5.4728)  time: 0.3613  data: 0.0612  max mem: 11361
Epoch: [76]  [311/312]  eta: 0:00:00  lr: 0.000045  sp_loss: 5.7567 (5.3747)  fam_loss: 3.3966 (3.1571)  manu_loss: 2.4063 (2.2190)  ot_loss: 0.5402 (0.5435)  base_loss: 5.8081 (5.4673)  time: 0.3332  data: 0.0470  max mem: 11361
Epoch: [76] Total time: 0:02:05 (0.4025 s / it)
Averaged stats: lr: 0.000045  sp_loss: 5.7567 (5.3747)  fam_loss: 3.3966 (3.1571)  manu_loss: 2.4063 (2.2190)  ot_loss: 0.5402 (0.5435)  base_loss: 5.8081 (5.4673)
Test:  [  0/391]  eta: 0:42:04  sploss: 4.9983 (4.9983)  famloss: 1.8701 (1.8701)  manuloss: 1.0007 (1.0007)  acc1: 35.9375 (35.9375)  acc5: 63.2812 (63.2812)  family_acc1: 66.4062 (66.4062)  manu_acc1: 80.0781 (80.0781)  time: 6.4555  data: 6.3229  max mem: 11361
Test:  [ 50/391]  eta: 0:02:55  sploss: 5.0642 (5.0931)  famloss: 2.0859 (2.1194)  manuloss: 1.1904 (1.2519)  acc1: 35.5469 (35.3248)  acc5: 59.7656 (59.0839)  family_acc1: 62.8906 (62.9902)  manu_acc1: 75.7812 (74.4945)  time: 0.4745  data: 0.3804  max mem: 11361
Test:  [100/391]  eta: 0:02:12  sploss: 5.1433 (5.0690)  famloss: 2.2055 (2.1172)  manuloss: 1.2751 (1.2415)  acc1: 34.7656 (35.5778)  acc5: 58.2031 (59.4485)  family_acc1: 60.1562 (62.7050)  manu_acc1: 73.0469 (74.6751)  time: 0.4713  data: 0.3723  max mem: 11361
Test:  [150/391]  eta: 0:01:44  sploss: 4.8463 (5.0292)  famloss: 1.8788 (2.0895)  manuloss: 1.0717 (1.2275)  acc1: 38.6719 (36.4445)  acc5: 62.5000 (60.3296)  family_acc1: 66.0156 (63.1674)  manu_acc1: 77.7344 (74.8913)  time: 0.4620  data: 0.3653  max mem: 11361
Test:  [200/391]  eta: 0:01:20  sploss: 5.0615 (5.0524)  famloss: 2.1704 (2.1138)  manuloss: 1.2896 (1.2393)  acc1: 35.9375 (36.1377)  acc5: 59.7656 (59.9192)  family_acc1: 61.3281 (62.6671)  manu_acc1: 72.2656 (74.5666)  time: 0.2790  data: 0.1849  max mem: 11361
Test:  [250/391]  eta: 0:00:58  sploss: 4.9734 (5.0462)  famloss: 2.1295 (2.1208)  manuloss: 1.2665 (1.2551)  acc1: 38.6719 (36.5491)  acc5: 61.3281 (60.1438)  family_acc1: 62.1094 (62.5514)  manu_acc1: 72.6562 (74.1145)  time: 0.2747  data: 0.1815  max mem: 11361
Test:  [300/391]  eta: 0:00:38  sploss: 4.8265 (5.0134)  famloss: 1.9025 (2.0894)  manuloss: 1.0722 (1.2308)  acc1: 40.2344 (37.0393)  acc5: 64.0625 (60.8012)  family_acc1: 67.1875 (63.1748)  manu_acc1: 78.1250 (74.6509)  time: 0.4618  data: 0.3673  max mem: 11361
Test:  [350/391]  eta: 0:00:17  sploss: 5.0161 (5.0088)  famloss: 2.0579 (2.0746)  manuloss: 1.1881 (1.2150)  acc1: 37.1094 (37.0315)  acc5: 60.5469 (60.8262)  family_acc1: 62.8906 (63.4170)  manu_acc1: 74.6094 (74.9766)  time: 0.4603  data: 0.3665  max mem: 11361
Test:  [390/391]  eta: 0:00:00  sploss: 4.9042 (5.0002)  famloss: 1.9501 (2.0616)  manuloss: 0.9721 (1.1946)  acc1: 37.5000 (37.0850)  acc5: 62.5000 (60.9980)  family_acc1: 65.2344 (63.7060)  manu_acc1: 81.2500 (75.5380)  time: 0.4415  data: 0.3505  max mem: 11361
Test: Total time: 0:02:42 (0.4145 s / it)
* Acc@1 37.085 Acc@5 60.998 family@1 63.706 manu@1 75.538 sploss 5.000 fmloss 2.062 mfloss 1.195
Accuracy of the network on the 100000 test images: 37.1%
Max accuracy: 37.13%
Epoch: [77]  [  0/312]  eta: 0:32:26  lr: 0.000043  sp_loss: 5.9595 (5.9595)  fam_loss: 3.7225 (3.7225)  manu_loss: 2.6219 (2.6219)  ot_loss: 0.5396 (0.5396)  base_loss: 6.0216 (6.0216)  time: 6.2398  data: 5.7020  max mem: 11361
Epoch: [77]  [ 50/312]  eta: 0:02:12  lr: 0.000043  sp_loss: 5.1166 (5.2594)  fam_loss: 3.1334 (3.0768)  manu_loss: 2.1394 (2.1708)  ot_loss: 0.5451 (0.5442)  base_loss: 5.2985 (5.3716)  time: 0.4004  data: 0.0968  max mem: 11361
Epoch: [77]  [100/312]  eta: 0:01:34  lr: 0.000043  sp_loss: 5.6148 (5.3219)  fam_loss: 3.1752 (3.1319)  manu_loss: 2.2914 (2.2020)  ot_loss: 0.5423 (0.5436)  base_loss: 5.6555 (5.4275)  time: 0.4110  data: 0.1028  max mem: 11361
Epoch: [77]  [150/312]  eta: 0:01:08  lr: 0.000043  sp_loss: 5.6543 (5.3633)  fam_loss: 3.3371 (3.1573)  manu_loss: 2.3961 (2.2233)  ot_loss: 0.5403 (0.5434)  base_loss: 5.7012 (5.4615)  time: 0.4046  data: 0.1022  max mem: 11361
Epoch: [77]  [200/312]  eta: 0:00:46  lr: 0.000043  sp_loss: 5.5070 (5.3900)  fam_loss: 3.3030 (3.1693)  manu_loss: 2.3731 (2.2301)  ot_loss: 0.5418 (0.5433)  base_loss: 5.5881 (5.4813)  time: 0.3482  data: 0.0446  max mem: 11361
Epoch: [77]  [250/312]  eta: 0:00:25  lr: 0.000043  sp_loss: 5.5743 (5.3883)  fam_loss: 3.2627 (3.1649)  manu_loss: 2.3737 (2.2277)  ot_loss: 0.5402 (0.5434)  base_loss: 5.6324 (5.4789)  time: 0.3622  data: 0.0613  max mem: 11361
Epoch: [77]  [300/312]  eta: 0:00:04  lr: 0.000043  sp_loss: 5.4603 (5.4009)  fam_loss: 3.3621 (3.1731)  manu_loss: 2.2949 (2.2318)  ot_loss: 0.5401 (0.5433)  base_loss: 5.5828 (5.4891)  time: 0.3516  data: 0.0533  max mem: 11361
Epoch: [77]  [311/312]  eta: 0:00:00  lr: 0.000043  sp_loss: 5.3196 (5.3921)  fam_loss: 3.1852 (3.1669)  manu_loss: 2.2368 (2.2281)  ot_loss: 0.5406 (0.5433)  base_loss: 5.4597 (5.4817)  time: 0.3270  data: 0.0449  max mem: 11361
Epoch: [77] Total time: 0:02:05 (0.4020 s / it)
Averaged stats: lr: 0.000043  sp_loss: 5.3196 (5.3921)  fam_loss: 3.1852 (3.1669)  manu_loss: 2.2368 (2.2281)  ot_loss: 0.5406 (0.5433)  base_loss: 5.4597 (5.4817)
Epoch: [78]  [  0/312]  eta: 0:29:58  lr: 0.000040  sp_loss: 3.5702 (3.5702)  fam_loss: 2.0061 (2.0061)  manu_loss: 1.4035 (1.4035)  ot_loss: 0.5567 (0.5567)  base_loss: 3.9851 (3.9851)  time: 5.7643  data: 5.4285  max mem: 11361
Epoch: [78]  [ 50/312]  eta: 0:02:12  lr: 0.000040  sp_loss: 4.6062 (5.1717)  fam_loss: 2.7580 (3.0059)  manu_loss: 1.9170 (2.1060)  ot_loss: 0.5480 (0.5451)  base_loss: 4.8848 (5.2903)  time: 0.4157  data: 0.1085  max mem: 11361
Epoch: [78]  [100/312]  eta: 0:01:34  lr: 0.000040  sp_loss: 5.1866 (5.2322)  fam_loss: 3.0258 (3.0463)  manu_loss: 2.1187 (2.1422)  ot_loss: 0.5442 (0.5445)  base_loss: 5.3257 (5.3433)  time: 0.4045  data: 0.0985  max mem: 11361
Epoch: [78]  [150/312]  eta: 0:01:09  lr: 0.000040  sp_loss: 5.6403 (5.2263)  fam_loss: 3.3087 (3.0478)  manu_loss: 2.2992 (2.1473)  ot_loss: 0.5411 (0.5446)  base_loss: 5.7153 (5.3409)  time: 0.4109  data: 0.1062  max mem: 11361
Epoch: [78]  [200/312]  eta: 0:00:46  lr: 0.000040  sp_loss: 5.7330 (5.2775)  fam_loss: 3.3219 (3.0830)  manu_loss: 2.3470 (2.1717)  ot_loss: 0.5412 (0.5441)  base_loss: 5.7445 (5.3839)  time: 0.3770  data: 0.0710  max mem: 11361
Epoch: [78]  [250/312]  eta: 0:00:25  lr: 0.000040  sp_loss: 5.8988 (5.3084)  fam_loss: 3.3794 (3.1078)  manu_loss: 2.4643 (2.1917)  ot_loss: 0.5399 (0.5439)  base_loss: 5.8279 (5.4115)  time: 0.3483  data: 0.0480  max mem: 11361
Epoch: [78]  [300/312]  eta: 0:00:04  lr: 0.000040  sp_loss: 5.7076 (5.3230)  fam_loss: 3.3434 (3.1171)  manu_loss: 2.3266 (2.1999)  ot_loss: 0.5410 (0.5438)  base_loss: 5.7325 (5.4237)  time: 0.3860  data: 0.0801  max mem: 11361
Epoch: [78]  [311/312]  eta: 0:00:00  lr: 0.000040  sp_loss: 5.6198 (5.3285)  fam_loss: 3.2717 (3.1218)  manu_loss: 2.2509 (2.2016)  ot_loss: 0.5422 (0.5437)  base_loss: 5.6798 (5.4283)  time: 0.3277  data: 0.0463  max mem: 11361
Epoch: [78] Total time: 0:02:06 (0.4050 s / it)
Averaged stats: lr: 0.000040  sp_loss: 5.6198 (5.3285)  fam_loss: 3.2717 (3.1218)  manu_loss: 2.2509 (2.2016)  ot_loss: 0.5422 (0.5437)  base_loss: 5.6798 (5.4283)
Test:  [  0/391]  eta: 0:37:23  sploss: 4.9383 (4.9383)  famloss: 1.8789 (1.8789)  manuloss: 1.0524 (1.0524)  acc1: 40.2344 (40.2344)  acc5: 63.2812 (63.2812)  family_acc1: 66.7969 (66.7969)  manu_acc1: 78.1250 (78.1250)  time: 5.7370  data: 5.6233  max mem: 11361
Test:  [ 50/391]  eta: 0:02:51  sploss: 5.0028 (5.0398)  famloss: 2.0924 (2.1048)  manuloss: 1.1981 (1.2567)  acc1: 36.7188 (36.2286)  acc5: 60.5469 (59.0533)  family_acc1: 62.1094 (63.0362)  manu_acc1: 76.1719 (74.3566)  time: 0.4677  data: 0.3727  max mem: 11361
Test:  [100/391]  eta: 0:02:11  sploss: 5.0922 (5.0198)  famloss: 2.1778 (2.1004)  manuloss: 1.2736 (1.2432)  acc1: 35.9375 (36.4674)  acc5: 58.2031 (59.6844)  family_acc1: 61.3281 (63.0840)  manu_acc1: 73.0469 (74.6287)  time: 0.4789  data: 0.3851  max mem: 11361
Test:  [150/391]  eta: 0:01:43  sploss: 4.8010 (4.9803)  famloss: 1.8704 (2.0753)  manuloss: 1.0794 (1.2293)  acc1: 39.0625 (37.0990)  acc5: 64.8438 (60.5262)  family_acc1: 66.7969 (63.5581)  manu_acc1: 78.1250 (74.8551)  time: 0.4588  data: 0.3626  max mem: 11361
Test:  [200/391]  eta: 0:01:20  sploss: 5.0038 (5.0047)  famloss: 2.1517 (2.0995)  manuloss: 1.2681 (1.2398)  acc1: 36.3281 (36.7440)  acc5: 59.7656 (60.1174)  family_acc1: 61.3281 (62.9761)  manu_acc1: 72.2656 (74.5608)  time: 0.3490  data: 0.2485  max mem: 11361
Test:  [250/391]  eta: 0:00:58  sploss: 4.9324 (4.9978)  famloss: 2.0925 (2.1079)  manuloss: 1.2866 (1.2553)  acc1: 38.6719 (37.1234)  acc5: 61.3281 (60.3726)  family_acc1: 62.8906 (62.8611)  manu_acc1: 72.2656 (74.0989)  time: 0.2884  data: 0.1949  max mem: 11361
Test:  [300/391]  eta: 0:00:38  sploss: 4.7791 (4.9636)  famloss: 1.8798 (2.0751)  manuloss: 1.0666 (1.2307)  acc1: 39.4531 (37.6518)  acc5: 65.6250 (61.0803)  family_acc1: 66.4062 (63.4655)  manu_acc1: 77.3438 (74.6133)  time: 0.3940  data: 0.2998  max mem: 11361
Test:  [350/391]  eta: 0:00:17  sploss: 4.9397 (4.9592)  famloss: 2.0333 (2.0599)  manuloss: 1.1226 (1.2138)  acc1: 36.7188 (37.5623)  acc5: 60.9375 (61.1256)  family_acc1: 64.8438 (63.7064)  manu_acc1: 76.5625 (74.9277)  time: 0.4441  data: 0.3511  max mem: 11361
Test:  [390/391]  eta: 0:00:00  sploss: 4.8407 (4.9497)  famloss: 1.9334 (2.0458)  manuloss: 0.9903 (1.1926)  acc1: 38.2812 (37.5840)  acc5: 62.8906 (61.3150)  family_acc1: 66.4062 (64.0190)  manu_acc1: 80.8594 (75.5300)  time: 0.4346  data: 0.3451  max mem: 11361
Test: Total time: 0:02:41 (0.4136 s / it)
* Acc@1 37.584 Acc@5 61.315 family@1 64.019 manu@1 75.530 sploss 4.950 fmloss 2.046 mfloss 1.193
Accuracy of the network on the 100000 test images: 37.6%
Max accuracy: 37.58%
Epoch: [79]  [  0/312]  eta: 0:33:41  lr: 0.000038  sp_loss: 4.5248 (4.5248)  fam_loss: 2.5903 (2.5903)  manu_loss: 1.9011 (1.9011)  ot_loss: 0.5459 (0.5459)  base_loss: 4.7737 (4.7737)  time: 6.4793  data: 6.0130  max mem: 11361
Epoch: [79]  [ 50/312]  eta: 0:02:14  lr: 0.000038  sp_loss: 5.5590 (5.3913)  fam_loss: 3.2034 (3.1454)  manu_loss: 2.3534 (2.2236)  ot_loss: 0.5412 (0.5436)  base_loss: 5.6140 (5.4739)  time: 0.4120  data: 0.1086  max mem: 11361
Epoch: [79]  [100/312]  eta: 0:01:35  lr: 0.000038  sp_loss: 6.0038 (5.4943)  fam_loss: 3.4739 (3.2263)  manu_loss: 2.5548 (2.2858)  ot_loss: 0.5391 (0.5429)  base_loss: 5.9918 (5.5662)  time: 0.4104  data: 0.1010  max mem: 11361
Epoch: [79]  [150/312]  eta: 0:01:09  lr: 0.000038  sp_loss: 4.6067 (5.4040)  fam_loss: 2.6086 (3.1635)  manu_loss: 1.8541 (2.2421)  ot_loss: 0.5462 (0.5433)  base_loss: 4.8367 (5.4900)  time: 0.4060  data: 0.1034  max mem: 11361
Epoch: [79]  [200/312]  eta: 0:00:46  lr: 0.000038  sp_loss: 5.4416 (5.3833)  fam_loss: 3.1954 (3.1491)  manu_loss: 2.2596 (2.2275)  ot_loss: 0.5421 (0.5434)  base_loss: 5.5099 (5.4717)  time: 0.3795  data: 0.0720  max mem: 11361
Epoch: [79]  [250/312]  eta: 0:00:25  lr: 0.000038  sp_loss: 5.8882 (5.3928)  fam_loss: 3.4266 (3.1567)  manu_loss: 2.3974 (2.2286)  ot_loss: 0.5403 (0.5434)  base_loss: 5.8813 (5.4797)  time: 0.3521  data: 0.0506  max mem: 11361
Epoch: [79]  [300/312]  eta: 0:00:04  lr: 0.000038  sp_loss: 5.8501 (5.3793)  fam_loss: 3.4597 (3.1504)  manu_loss: 2.4130 (2.2217)  ot_loss: 0.5400 (0.5435)  base_loss: 5.8525 (5.4691)  time: 0.3582  data: 0.0567  max mem: 11361
Epoch: [79]  [311/312]  eta: 0:00:00  lr: 0.000038  sp_loss: 5.8698 (5.3967)  fam_loss: 3.4597 (3.1627)  manu_loss: 2.4541 (2.2308)  ot_loss: 0.5402 (0.5434)  base_loss: 5.8844 (5.4839)  time: 0.3276  data: 0.0450  max mem: 11361
Epoch: [79] Total time: 0:02:06 (0.4051 s / it)
Averaged stats: lr: 0.000038  sp_loss: 5.8698 (5.3967)  fam_loss: 3.4597 (3.1627)  manu_loss: 2.4541 (2.2308)  ot_loss: 0.5402 (0.5434)  base_loss: 5.8844 (5.4839)
Epoch: [80]  [  0/312]  eta: 0:32:00  lr: 0.000035  sp_loss: 5.6860 (5.6860)  fam_loss: 3.4653 (3.4653)  manu_loss: 2.4782 (2.4782)  ot_loss: 0.5404 (0.5404)  base_loss: 5.7768 (5.7768)  time: 6.1541  data: 5.8014  max mem: 11361
Epoch: [80]  [ 50/312]  eta: 0:02:13  lr: 0.000035  sp_loss: 5.6697 (5.4118)  fam_loss: 3.3745 (3.1824)  manu_loss: 2.3888 (2.2538)  ot_loss: 0.5402 (0.5434)  base_loss: 5.7256 (5.5012)  time: 0.4093  data: 0.1034  max mem: 11361
Epoch: [80]  [100/312]  eta: 0:01:35  lr: 0.000035  sp_loss: 4.9003 (5.3278)  fam_loss: 2.8765 (3.1214)  manu_loss: 2.0294 (2.2021)  ot_loss: 0.5438 (0.5438)  base_loss: 5.0867 (5.4277)  time: 0.4032  data: 0.1020  max mem: 11361
Epoch: [80]  [150/312]  eta: 0:01:09  lr: 0.000035  sp_loss: 5.2719 (5.3153)  fam_loss: 3.0789 (3.1109)  manu_loss: 2.1921 (2.1925)  ot_loss: 0.5417 (0.5439)  base_loss: 5.3780 (5.4159)  time: 0.4037  data: 0.1049  max mem: 11361
Epoch: [80]  [200/312]  eta: 0:00:46  lr: 0.000035  sp_loss: 5.0262 (5.2610)  fam_loss: 2.9554 (3.0726)  manu_loss: 2.0880 (2.1648)  ot_loss: 0.5443 (0.5443)  base_loss: 5.1806 (5.3700)  time: 0.3481  data: 0.0469  max mem: 11361
Epoch: [80]  [250/312]  eta: 0:00:25  lr: 0.000035  sp_loss: 5.6928 (5.3006)  fam_loss: 3.3782 (3.1000)  manu_loss: 2.3306 (2.1850)  ot_loss: 0.5408 (0.5439)  base_loss: 5.7957 (5.4034)  time: 0.3529  data: 0.0508  max mem: 11361
Epoch: [80]  [300/312]  eta: 0:00:04  lr: 0.000035  sp_loss: 5.4330 (5.3314)  fam_loss: 3.2217 (3.1209)  manu_loss: 2.3319 (2.2012)  ot_loss: 0.5409 (0.5437)  base_loss: 5.5437 (5.4299)  time: 0.3941  data: 0.0920  max mem: 11361
Epoch: [80]  [311/312]  eta: 0:00:00  lr: 0.000035  sp_loss: 5.3053 (5.3247)  fam_loss: 3.1230 (3.1160)  manu_loss: 2.1744 (2.1976)  ot_loss: 0.5437 (0.5437)  base_loss: 5.4225 (5.4242)  time: 0.3324  data: 0.0466  max mem: 11361
Epoch: [80] Total time: 0:02:06 (0.4060 s / it)
Averaged stats: lr: 0.000035  sp_loss: 5.3053 (5.3247)  fam_loss: 3.1230 (3.1160)  manu_loss: 2.1744 (2.1976)  ot_loss: 0.5437 (0.5437)  base_loss: 5.4225 (5.4242)
Test:  [  0/391]  eta: 0:38:12  sploss: 4.8731 (4.8731)  famloss: 1.7975 (1.7975)  manuloss: 0.9795 (0.9795)  acc1: 37.8906 (37.8906)  acc5: 62.5000 (62.5000)  family_acc1: 68.7500 (68.7500)  manu_acc1: 79.6875 (79.6875)  time: 5.8633  data: 5.7392  max mem: 11361
Test:  [ 50/391]  eta: 0:02:56  sploss: 4.9765 (5.0059)  famloss: 2.0515 (2.0595)  manuloss: 1.1827 (1.2256)  acc1: 36.3281 (36.3741)  acc5: 59.7656 (59.6201)  family_acc1: 62.5000 (63.4651)  manu_acc1: 75.7812 (74.7855)  time: 0.4635  data: 0.3682  max mem: 11361
Test:  [100/391]  eta: 0:02:12  sploss: 5.0282 (4.9834)  famloss: 2.1363 (2.0567)  manuloss: 1.2559 (1.2169)  acc1: 35.5469 (36.5254)  acc5: 58.2031 (60.0712)  family_acc1: 60.9375 (63.3393)  manu_acc1: 73.4375 (74.8530)  time: 0.4583  data: 0.3636  max mem: 11361
Test:  [150/391]  eta: 0:01:44  sploss: 4.7417 (4.9420)  famloss: 1.8321 (2.0296)  manuloss: 1.0355 (1.2021)  acc1: 39.4531 (37.2465)  acc5: 64.0625 (60.9789)  family_acc1: 67.1875 (63.6615)  manu_acc1: 77.7344 (75.0388)  time: 0.4725  data: 0.3779  max mem: 11361
Test:  [200/391]  eta: 0:01:20  sploss: 4.9830 (4.9661)  famloss: 2.1267 (2.0539)  manuloss: 1.2528 (1.2139)  acc1: 37.1094 (36.9831)  acc5: 59.7656 (60.5508)  family_acc1: 61.3281 (63.1627)  manu_acc1: 73.4375 (74.7843)  time: 0.2827  data: 0.1889  max mem: 11361
Test:  [250/391]  eta: 0:00:59  sploss: 4.8947 (4.9602)  famloss: 2.0694 (2.0618)  manuloss: 1.2626 (1.2302)  acc1: 38.6719 (37.4191)  acc5: 61.7188 (60.8161)  family_acc1: 62.8906 (63.0587)  manu_acc1: 73.0469 (74.3339)  time: 0.3197  data: 0.2104  max mem: 11361
Test:  [300/391]  eta: 0:00:38  sploss: 4.7288 (4.9248)  famloss: 1.8273 (2.0295)  manuloss: 1.0504 (1.2043)  acc1: 39.0625 (37.9101)  acc5: 65.2344 (61.5059)  family_acc1: 68.3594 (63.7251)  manu_acc1: 77.7344 (74.8689)  time: 0.4590  data: 0.3642  max mem: 11361
Test:  [350/391]  eta: 0:00:17  sploss: 4.9148 (4.9199)  famloss: 2.0041 (2.0143)  manuloss: 1.1334 (1.1883)  acc1: 36.7188 (37.8595)  acc5: 60.9375 (61.5474)  family_acc1: 64.0625 (64.0258)  manu_acc1: 76.5625 (75.2003)  time: 0.4531  data: 0.3582  max mem: 11361
Test:  [390/391]  eta: 0:00:00  sploss: 4.8015 (4.9103)  famloss: 1.8846 (2.0002)  manuloss: 0.9476 (1.1670)  acc1: 37.5000 (37.8820)  acc5: 63.2812 (61.7210)  family_acc1: 66.0156 (64.2680)  manu_acc1: 81.2500 (75.7990)  time: 0.4335  data: 0.3420  max mem: 11361
Test: Total time: 0:02:42 (0.4163 s / it)
* Acc@1 37.882 Acc@5 61.721 family@1 64.268 manu@1 75.799 sploss 4.910 fmloss 2.000 mfloss 1.167
Accuracy of the network on the 100000 test images: 37.9%
Max accuracy: 37.88%
Epoch: [81]  [  0/312]  eta: 0:35:29  lr: 0.000033  sp_loss: 6.0852 (6.0852)  fam_loss: 3.6623 (3.6623)  manu_loss: 2.7785 (2.7785)  ot_loss: 0.5390 (0.5390)  base_loss: 6.1016 (6.1016)  time: 6.8253  data: 6.3536  max mem: 11361
Epoch: [81]  [ 50/312]  eta: 0:02:12  lr: 0.000033  sp_loss: 5.0926 (5.3331)  fam_loss: 3.0282 (3.1399)  manu_loss: 2.1215 (2.2224)  ot_loss: 0.5438 (0.5438)  base_loss: 5.2572 (5.4388)  time: 0.4118  data: 0.1065  max mem: 11361
Epoch: [81]  [100/312]  eta: 0:01:35  lr: 0.000033  sp_loss: 5.5696 (5.3612)  fam_loss: 3.1881 (3.1476)  manu_loss: 2.2646 (2.2248)  ot_loss: 0.5427 (0.5439)  base_loss: 5.5979 (5.4577)  time: 0.4078  data: 0.0996  max mem: 11361
Epoch: [81]  [150/312]  eta: 0:01:09  lr: 0.000033  sp_loss: 5.1047 (5.2905)  fam_loss: 2.9910 (3.1020)  manu_loss: 2.1743 (2.1923)  ot_loss: 0.5456 (0.5443)  base_loss: 5.2716 (5.3996)  time: 0.4078  data: 0.1063  max mem: 11361
Epoch: [81]  [200/312]  eta: 0:00:46  lr: 0.000033  sp_loss: 4.7579 (5.3091)  fam_loss: 2.7991 (3.1089)  manu_loss: 1.9575 (2.1978)  ot_loss: 0.5453 (0.5441)  base_loss: 4.9583 (5.4131)  time: 0.3550  data: 0.0514  max mem: 11361
Epoch: [81]  [250/312]  eta: 0:00:25  lr: 0.000033  sp_loss: 5.3267 (5.2807)  fam_loss: 3.1121 (3.0881)  manu_loss: 2.1885 (2.1816)  ot_loss: 0.5441 (0.5443)  base_loss: 5.4466 (5.3881)  time: 0.3681  data: 0.0559  max mem: 11361
Epoch: [81]  [300/312]  eta: 0:00:04  lr: 0.000033  sp_loss: 5.5046 (5.2494)  fam_loss: 3.2205 (3.0617)  manu_loss: 2.2993 (2.1611)  ot_loss: 0.5416 (0.5445)  base_loss: 5.5488 (5.3597)  time: 0.3617  data: 0.0580  max mem: 11361
Epoch: [81]  [311/312]  eta: 0:00:00  lr: 0.000033  sp_loss: 5.5046 (5.2575)  fam_loss: 3.2354 (3.0675)  manu_loss: 2.2994 (2.1642)  ot_loss: 0.5407 (0.5444)  base_loss: 5.5883 (5.3664)  time: 0.3294  data: 0.0469  max mem: 11361
Epoch: [81] Total time: 0:02:06 (0.4067 s / it)
Averaged stats: lr: 0.000033  sp_loss: 5.5046 (5.2575)  fam_loss: 3.2354 (3.0675)  manu_loss: 2.2994 (2.1642)  ot_loss: 0.5407 (0.5444)  base_loss: 5.5883 (5.3664)
Epoch: [82]  [  0/312]  eta: 0:30:48  lr: 0.000031  sp_loss: 4.4902 (4.4902)  fam_loss: 2.5952 (2.5952)  manu_loss: 1.7908 (1.7908)  ot_loss: 0.5519 (0.5519)  base_loss: 4.7510 (4.7510)  time: 5.9249  data: 5.5818  max mem: 11361
Epoch: [82]  [ 50/312]  eta: 0:02:08  lr: 0.000031  sp_loss: 5.4441 (5.3520)  fam_loss: 3.2838 (3.1520)  manu_loss: 2.2935 (2.2231)  ot_loss: 0.5415 (0.5434)  base_loss: 5.5554 (5.4548)  time: 0.4052  data: 0.0971  max mem: 11361
Epoch: [82]  [100/312]  eta: 0:01:33  lr: 0.000031  sp_loss: 4.6732 (5.2449)  fam_loss: 2.7700 (3.0595)  manu_loss: 1.9817 (2.1550)  ot_loss: 0.5450 (0.5445)  base_loss: 4.9168 (5.3561)  time: 0.3994  data: 0.0930  max mem: 11361
Epoch: [82]  [150/312]  eta: 0:01:08  lr: 0.000031  sp_loss: 5.9650 (5.2911)  fam_loss: 3.5250 (3.1005)  manu_loss: 2.4651 (2.1822)  ot_loss: 0.5390 (0.5440)  base_loss: 5.9921 (5.3980)  time: 0.4002  data: 0.0916  max mem: 11361
Epoch: [82]  [200/312]  eta: 0:00:46  lr: 0.000031  sp_loss: 5.2254 (5.2643)  fam_loss: 3.1250 (3.0843)  manu_loss: 2.2579 (2.1717)  ot_loss: 0.5429 (0.5442)  base_loss: 5.3919 (5.3765)  time: 0.3534  data: 0.0503  max mem: 11361
Epoch: [82]  [250/312]  eta: 0:00:25  lr: 0.000031  sp_loss: 5.2901 (5.2701)  fam_loss: 3.0794 (3.0898)  manu_loss: 2.2171 (2.1759)  ot_loss: 0.5435 (0.5441)  base_loss: 5.3753 (5.3819)  time: 0.3444  data: 0.0439  max mem: 11361
Epoch: [82]  [300/312]  eta: 0:00:04  lr: 0.000031  sp_loss: 4.8903 (5.2731)  fam_loss: 2.6845 (3.0937)  manu_loss: 1.9032 (2.1790)  ot_loss: 0.5442 (0.5440)  base_loss: 5.0117 (5.3851)  time: 0.3922  data: 0.0893  max mem: 11361
Epoch: [82]  [311/312]  eta: 0:00:00  lr: 0.000031  sp_loss: 4.6830 (5.2692)  fam_loss: 2.6655 (3.0903)  manu_loss: 1.8769 (2.1772)  ot_loss: 0.5470 (0.5441)  base_loss: 4.8845 (5.3816)  time: 0.3363  data: 0.0505  max mem: 11361
Epoch: [82] Total time: 0:02:04 (0.3991 s / it)
Averaged stats: lr: 0.000031  sp_loss: 4.6830 (5.2692)  fam_loss: 2.6655 (3.0903)  manu_loss: 1.8769 (2.1772)  ot_loss: 0.5470 (0.5441)  base_loss: 4.8845 (5.3816)
Test:  [  0/391]  eta: 0:38:37  sploss: 4.8821 (4.8821)  famloss: 1.7364 (1.7364)  manuloss: 0.9145 (0.9145)  acc1: 37.8906 (37.8906)  acc5: 62.1094 (62.1094)  family_acc1: 68.3594 (68.3594)  manu_acc1: 80.4688 (80.4688)  time: 5.9272  data: 5.7896  max mem: 11361
Test:  [ 50/391]  eta: 0:02:53  sploss: 4.9338 (4.9708)  famloss: 1.9752 (1.9931)  manuloss: 1.1232 (1.1747)  acc1: 37.1094 (36.8107)  acc5: 60.5469 (59.7580)  family_acc1: 63.2812 (64.0855)  manu_acc1: 75.7812 (74.9694)  time: 0.4548  data: 0.3587  max mem: 11361
Test:  [100/391]  eta: 0:02:11  sploss: 5.0163 (4.9461)  famloss: 2.0773 (1.9928)  manuloss: 1.2011 (1.1691)  acc1: 35.5469 (36.9779)  acc5: 58.9844 (60.3032)  family_acc1: 62.1094 (63.7879)  manu_acc1: 73.4375 (75.0503)  time: 0.4606  data: 0.3657  max mem: 11361
Test:  [150/391]  eta: 0:01:44  sploss: 4.7114 (4.9024)  famloss: 1.7764 (1.9654)  manuloss: 1.0011 (1.1540)  acc1: 40.2344 (37.7018)  acc5: 64.8438 (61.1988)  family_acc1: 68.3594 (64.2488)  manu_acc1: 77.7344 (75.3001)  time: 0.4689  data: 0.3729  max mem: 11361
Test:  [200/391]  eta: 0:01:20  sploss: 4.9292 (4.9273)  famloss: 2.0643 (1.9892)  manuloss: 1.1800 (1.1649)  acc1: 36.3281 (37.2493)  acc5: 58.9844 (60.7529)  family_acc1: 62.5000 (63.7360)  manu_acc1: 73.4375 (74.9981)  time: 0.3106  data: 0.2162  max mem: 11361
Test:  [250/391]  eta: 0:00:58  sploss: 4.8541 (4.9204)  famloss: 2.0140 (1.9969)  manuloss: 1.1937 (1.1817)  acc1: 40.6250 (37.6385)  acc5: 62.5000 (61.0184)  family_acc1: 62.8906 (63.5707)  manu_acc1: 73.8281 (74.5751)  time: 0.2770  data: 0.1832  max mem: 11361
Test:  [300/391]  eta: 0:00:38  sploss: 4.6854 (4.8843)  famloss: 1.7605 (1.9646)  manuloss: 1.0011 (1.1571)  acc1: 40.2344 (38.1359)  acc5: 64.8438 (61.7434)  family_acc1: 67.9688 (64.1741)  manu_acc1: 77.3438 (75.1207)  time: 0.4352  data: 0.3417  max mem: 11361
Test:  [350/391]  eta: 0:00:17  sploss: 4.8860 (4.8788)  famloss: 1.9240 (1.9490)  manuloss: 1.0761 (1.1405)  acc1: 38.6719 (38.1599)  acc5: 61.3281 (61.8189)  family_acc1: 64.8438 (64.4665)  manu_acc1: 76.5625 (75.4363)  time: 0.4577  data: 0.3630  max mem: 11361
Test:  [390/391]  eta: 0:00:00  sploss: 4.7689 (4.8704)  famloss: 1.8091 (1.9349)  manuloss: 0.8846 (1.1190)  acc1: 38.2812 (38.1890)  acc5: 63.2812 (61.9740)  family_acc1: 66.4062 (64.7110)  manu_acc1: 82.4219 (76.0080)  time: 0.4395  data: 0.3484  max mem: 11361
Test: Total time: 0:02:41 (0.4142 s / it)
* Acc@1 38.189 Acc@5 61.974 family@1 64.711 manu@1 76.008 sploss 4.870 fmloss 1.935 mfloss 1.119
Accuracy of the network on the 100000 test images: 38.2%
Max accuracy: 38.19%
Epoch: [83]  [  0/312]  eta: 0:33:51  lr: 0.000029  sp_loss: 5.5837 (5.5837)  fam_loss: 3.2290 (3.2290)  manu_loss: 2.1989 (2.1989)  ot_loss: 0.5440 (0.5440)  base_loss: 5.6034 (5.6034)  time: 6.5111  data: 5.9761  max mem: 11361
Epoch: [83]  [ 50/312]  eta: 0:02:09  lr: 0.000029  sp_loss: 5.3927 (5.1630)  fam_loss: 3.1253 (2.9972)  manu_loss: 2.2451 (2.1112)  ot_loss: 0.5413 (0.5448)  base_loss: 5.4851 (5.2840)  time: 0.3857  data: 0.0794  max mem: 11361
Epoch: [83]  [100/312]  eta: 0:01:33  lr: 0.000029  sp_loss: 5.0547 (5.1202)  fam_loss: 2.9275 (2.9759)  manu_loss: 2.1002 (2.0907)  ot_loss: 0.5450 (0.5451)  base_loss: 5.2057 (5.2508)  time: 0.4040  data: 0.0975  max mem: 11361
Epoch: [83]  [150/312]  eta: 0:01:08  lr: 0.000029  sp_loss: 5.2053 (5.1558)  fam_loss: 3.0701 (3.0023)  manu_loss: 2.1488 (2.1092)  ot_loss: 0.5418 (0.5448)  base_loss: 5.3258 (5.2817)  time: 0.3966  data: 0.0930  max mem: 11361
Epoch: [83]  [200/312]  eta: 0:00:46  lr: 0.000029  sp_loss: 5.5827 (5.1715)  fam_loss: 3.2062 (3.0130)  manu_loss: 2.2539 (2.1196)  ot_loss: 0.5412 (0.5446)  base_loss: 5.6109 (5.2953)  time: 0.3360  data: 0.0348  max mem: 11361
Epoch: [83]  [250/312]  eta: 0:00:25  lr: 0.000029  sp_loss: 4.8294 (5.1672)  fam_loss: 2.7890 (3.0097)  manu_loss: 1.9574 (2.1161)  ot_loss: 0.5437 (0.5446)  base_loss: 5.0343 (5.2914)  time: 0.3452  data: 0.0430  max mem: 11361
Epoch: [83]  [300/312]  eta: 0:00:04  lr: 0.000029  sp_loss: 5.7774 (5.2031)  fam_loss: 3.3327 (3.0309)  manu_loss: 2.3389 (2.1336)  ot_loss: 0.5416 (0.5445)  base_loss: 5.7716 (5.3206)  time: 0.3945  data: 0.0939  max mem: 11361
Epoch: [83]  [311/312]  eta: 0:00:00  lr: 0.000029  sp_loss: 5.2122 (5.1992)  fam_loss: 3.0444 (3.0303)  manu_loss: 2.1502 (2.1329)  ot_loss: 0.5440 (0.5445)  base_loss: 5.3406 (5.3181)  time: 0.3226  data: 0.0419  max mem: 11361
Epoch: [83] Total time: 0:02:04 (0.4002 s / it)
Averaged stats: lr: 0.000029  sp_loss: 5.2122 (5.1992)  fam_loss: 3.0444 (3.0303)  manu_loss: 2.1502 (2.1329)  ot_loss: 0.5440 (0.5445)  base_loss: 5.3406 (5.3181)
Epoch: [84]  [  0/312]  eta: 0:32:52  lr: 0.000027  sp_loss: 4.8275 (4.8275)  fam_loss: 2.6575 (2.6575)  manu_loss: 1.8738 (1.8738)  ot_loss: 0.5417 (0.5417)  base_loss: 4.9683 (4.9683)  time: 6.3210  data: 5.6728  max mem: 11361
Epoch: [84]  [ 50/312]  eta: 0:02:13  lr: 0.000027  sp_loss: 5.8653 (5.3522)  fam_loss: 3.3881 (3.1287)  manu_loss: 2.3679 (2.2025)  ot_loss: 0.5398 (0.5433)  base_loss: 5.8414 (5.4432)  time: 0.4105  data: 0.1083  max mem: 11361
Epoch: [84]  [100/312]  eta: 0:01:34  lr: 0.000027  sp_loss: 5.2894 (5.3886)  fam_loss: 3.1671 (3.1687)  manu_loss: 2.1569 (2.2279)  ot_loss: 0.5430 (0.5431)  base_loss: 5.3978 (5.4790)  time: 0.3988  data: 0.0913  max mem: 11361
Epoch: [84]  [150/312]  eta: 0:01:09  lr: 0.000027  sp_loss: 5.3098 (5.3447)  fam_loss: 3.1814 (3.1428)  manu_loss: 2.2299 (2.2116)  ot_loss: 0.5422 (0.5433)  base_loss: 5.4069 (5.4440)  time: 0.4145  data: 0.1116  max mem: 11361
Epoch: [84]  [200/312]  eta: 0:00:46  lr: 0.000027  sp_loss: 5.0161 (5.3450)  fam_loss: 2.9787 (3.1381)  manu_loss: 2.1471 (2.2110)  ot_loss: 0.5448 (0.5434)  base_loss: 5.1998 (5.4428)  time: 0.3704  data: 0.0660  max mem: 11361
Epoch: [84]  [250/312]  eta: 0:00:25  lr: 0.000027  sp_loss: 5.4438 (5.3575)  fam_loss: 3.2134 (3.1448)  manu_loss: 2.2698 (2.2172)  ot_loss: 0.5420 (0.5433)  base_loss: 5.5649 (5.4531)  time: 0.3511  data: 0.0501  max mem: 11361
Epoch: [84]  [300/312]  eta: 0:00:04  lr: 0.000027  sp_loss: 5.6193 (5.3285)  fam_loss: 3.2767 (3.1268)  manu_loss: 2.3052 (2.2044)  ot_loss: 0.5426 (0.5435)  base_loss: 5.6926 (5.4294)  time: 0.3944  data: 0.0928  max mem: 11361
Epoch: [84]  [311/312]  eta: 0:00:00  lr: 0.000027  sp_loss: 5.7897 (5.3260)  fam_loss: 3.4618 (3.1245)  manu_loss: 2.4154 (2.2029)  ot_loss: 0.5402 (0.5435)  base_loss: 5.8968 (5.4271)  time: 0.3271  data: 0.0450  max mem: 11361
Epoch: [84] Total time: 0:02:06 (0.4039 s / it)
Averaged stats: lr: 0.000027  sp_loss: 5.7897 (5.3260)  fam_loss: 3.4618 (3.1245)  manu_loss: 2.4154 (2.2029)  ot_loss: 0.5402 (0.5435)  base_loss: 5.8968 (5.4271)
Test:  [  0/391]  eta: 0:39:37  sploss: 4.9239 (4.9239)  famloss: 1.8117 (1.8117)  manuloss: 0.9625 (0.9625)  acc1: 39.4531 (39.4531)  acc5: 63.2812 (63.2812)  family_acc1: 68.3594 (68.3594)  manu_acc1: 79.6875 (79.6875)  time: 6.0814  data: 5.9522  max mem: 11361
Test:  [ 50/391]  eta: 0:02:56  sploss: 4.9952 (5.0133)  famloss: 2.0464 (2.0667)  manuloss: 1.1614 (1.2234)  acc1: 36.7188 (36.7264)  acc5: 60.9375 (59.9724)  family_acc1: 62.8906 (63.7025)  manu_acc1: 75.7812 (74.6783)  time: 0.4804  data: 0.3843  max mem: 11361
Test:  [100/391]  eta: 0:02:11  sploss: 5.0737 (4.9932)  famloss: 2.1509 (2.0655)  manuloss: 1.2371 (1.2120)  acc1: 35.9375 (36.8928)  acc5: 59.3750 (60.3651)  family_acc1: 61.3281 (63.2967)  manu_acc1: 73.8281 (74.9497)  time: 0.4594  data: 0.3628  max mem: 11361
Test:  [150/391]  eta: 0:01:44  sploss: 4.7588 (4.9515)  famloss: 1.8419 (2.0366)  manuloss: 1.0272 (1.1965)  acc1: 40.2344 (37.6138)  acc5: 64.4531 (61.2221)  family_acc1: 67.5781 (63.8349)  manu_acc1: 77.7344 (75.1785)  time: 0.4657  data: 0.3702  max mem: 11361
Test:  [200/391]  eta: 0:01:20  sploss: 4.9836 (4.9767)  famloss: 2.1130 (2.0602)  manuloss: 1.2499 (1.2082)  acc1: 36.7188 (37.2299)  acc5: 60.1562 (60.7704)  family_acc1: 61.3281 (63.3609)  manu_acc1: 73.8281 (74.8523)  time: 0.3090  data: 0.2149  max mem: 11361
Test:  [250/391]  eta: 0:00:58  sploss: 4.9075 (4.9694)  famloss: 2.0606 (2.0667)  manuloss: 1.2381 (1.2238)  acc1: 39.8438 (37.6152)  acc5: 62.1094 (60.9951)  family_acc1: 62.8906 (63.2704)  manu_acc1: 73.0469 (74.4211)  time: 0.2779  data: 0.1845  max mem: 11361
Test:  [300/391]  eta: 0:00:38  sploss: 4.7412 (4.9336)  famloss: 1.8467 (2.0343)  manuloss: 1.0539 (1.1994)  acc1: 39.4531 (38.1048)  acc5: 65.2344 (61.6811)  family_acc1: 68.7500 (63.8808)  manu_acc1: 78.1250 (74.9260)  time: 0.4605  data: 0.3652  max mem: 11361
Test:  [350/391]  eta: 0:00:17  sploss: 4.9358 (4.9298)  famloss: 2.0051 (2.0196)  manuloss: 1.1054 (1.1833)  acc1: 37.8906 (38.0731)  acc5: 61.3281 (61.7521)  family_acc1: 63.6719 (64.1426)  manu_acc1: 76.5625 (75.2448)  time: 0.5091  data: 0.4002  max mem: 11361
Test:  [390/391]  eta: 0:00:00  sploss: 4.8411 (4.9217)  famloss: 1.8743 (2.0064)  manuloss: 0.9344 (1.1626)  acc1: 38.2812 (38.0950)  acc5: 63.2812 (61.8910)  family_acc1: 66.7969 (64.4180)  manu_acc1: 82.0312 (75.8210)  time: 0.4455  data: 0.3520  max mem: 11361
Test: Total time: 0:02:43 (0.4192 s / it)
* Acc@1 38.095 Acc@5 61.891 family@1 64.418 manu@1 75.821 sploss 4.922 fmloss 2.006 mfloss 1.163
Accuracy of the network on the 100000 test images: 38.1%
Max accuracy: 38.19%
Epoch: [85]  [  0/312]  eta: 0:33:19  lr: 0.000025  sp_loss: 4.7665 (4.7665)  fam_loss: 2.7975 (2.7975)  manu_loss: 1.9921 (1.9921)  ot_loss: 0.5486 (0.5486)  base_loss: 4.9777 (4.9777)  time: 6.4074  data: 5.9234  max mem: 11361
Epoch: [85]  [ 50/312]  eta: 0:02:13  lr: 0.000025  sp_loss: 5.6923 (5.4811)  fam_loss: 3.3610 (3.2293)  manu_loss: 2.3738 (2.2917)  ot_loss: 0.5411 (0.5426)  base_loss: 5.7395 (5.5592)  time: 0.4196  data: 0.1184  max mem: 11361
Epoch: [85]  [100/312]  eta: 0:01:35  lr: 0.000025  sp_loss: 4.8729 (5.3513)  fam_loss: 2.9303 (3.1444)  manu_loss: 2.0495 (2.2199)  ot_loss: 0.5438 (0.5437)  base_loss: 5.0875 (5.4495)  time: 0.4132  data: 0.1127  max mem: 11361
Epoch: [85]  [150/312]  eta: 0:01:09  lr: 0.000025  sp_loss: 5.9128 (5.3431)  fam_loss: 3.4954 (3.1320)  manu_loss: 2.4575 (2.2102)  ot_loss: 0.5407 (0.5436)  base_loss: 5.9667 (5.4398)  time: 0.4095  data: 0.1024  max mem: 11361
Epoch: [85]  [200/312]  eta: 0:00:47  lr: 0.000025  sp_loss: 5.4787 (5.3568)  fam_loss: 3.2469 (3.1463)  manu_loss: 2.3137 (2.2186)  ot_loss: 0.5424 (0.5435)  base_loss: 5.5775 (5.4533)  time: 0.3533  data: 0.0530  max mem: 11361
Epoch: [85]  [250/312]  eta: 0:00:25  lr: 0.000025  sp_loss: 5.1702 (5.3319)  fam_loss: 2.9790 (3.1260)  manu_loss: 2.0709 (2.2044)  ot_loss: 0.5431 (0.5436)  base_loss: 5.2900 (5.4312)  time: 0.3575  data: 0.0554  max mem: 11361
Epoch: [85]  [300/312]  eta: 0:00:04  lr: 0.000025  sp_loss: 5.4572 (5.3444)  fam_loss: 3.2976 (3.1288)  manu_loss: 2.2974 (2.2057)  ot_loss: 0.5393 (0.5434)  base_loss: 5.5706 (5.4393)  time: 0.3872  data: 0.0838  max mem: 11361
Epoch: [85]  [311/312]  eta: 0:00:00  lr: 0.000025  sp_loss: 5.6271 (5.3500)  fam_loss: 3.2976 (3.1312)  manu_loss: 2.3504 (2.2063)  ot_loss: 0.5404 (0.5434)  base_loss: 5.6519 (5.4433)  time: 0.3275  data: 0.0446  max mem: 11361
Epoch: [85] Total time: 0:02:06 (0.4066 s / it)
Averaged stats: lr: 0.000025  sp_loss: 5.6271 (5.3500)  fam_loss: 3.2976 (3.1312)  manu_loss: 2.3504 (2.2063)  ot_loss: 0.5404 (0.5434)  base_loss: 5.6519 (5.4433)
Epoch: [86]  [  0/312]  eta: 0:32:45  lr: 0.000023  sp_loss: 3.5512 (3.5512)  fam_loss: 1.9360 (1.9360)  manu_loss: 1.3177 (1.3177)  ot_loss: 0.5573 (0.5573)  base_loss: 3.9356 (3.9356)  time: 6.3000  data: 5.9009  max mem: 11361
Epoch: [86]  [ 50/312]  eta: 0:02:09  lr: 0.000023  sp_loss: 5.6302 (5.3953)  fam_loss: 3.2697 (3.1518)  manu_loss: 2.2921 (2.2270)  ot_loss: 0.5412 (0.5431)  base_loss: 5.6584 (5.4785)  time: 0.3954  data: 0.0845  max mem: 11361
Epoch: [86]  [100/312]  eta: 0:01:32  lr: 0.000023  sp_loss: 5.4158 (5.3053)  fam_loss: 3.2532 (3.1110)  manu_loss: 2.2747 (2.1860)  ot_loss: 0.5424 (0.5436)  base_loss: 5.5618 (5.4086)  time: 0.4106  data: 0.0973  max mem: 11361
Epoch: [86]  [150/312]  eta: 0:01:07  lr: 0.000023  sp_loss: 5.2273 (5.3109)  fam_loss: 3.1207 (3.1098)  manu_loss: 2.2244 (2.1867)  ot_loss: 0.5433 (0.5436)  base_loss: 5.3848 (5.4119)  time: 0.3979  data: 0.0863  max mem: 11361
Epoch: [86]  [200/312]  eta: 0:00:45  lr: 0.000023  sp_loss: 5.5377 (5.2978)  fam_loss: 3.1725 (3.1070)  manu_loss: 2.2664 (2.1845)  ot_loss: 0.5427 (0.5436)  base_loss: 5.5678 (5.4038)  time: 0.3597  data: 0.0412  max mem: 11361
Epoch: [86]  [250/312]  eta: 0:00:25  lr: 0.000023  sp_loss: 5.4311 (5.2972)  fam_loss: 3.2284 (3.1033)  manu_loss: 2.3150 (2.1819)  ot_loss: 0.5423 (0.5437)  base_loss: 5.5352 (5.4021)  time: 0.3451  data: 0.0418  max mem: 11361
Epoch: [86]  [300/312]  eta: 0:00:04  lr: 0.000023  sp_loss: 5.5825 (5.3364)  fam_loss: 3.3303 (3.1291)  manu_loss: 2.3005 (2.2008)  ot_loss: 0.5408 (0.5434)  base_loss: 5.6567 (5.4346)  time: 0.3961  data: 0.0941  max mem: 11361
Epoch: [86]  [311/312]  eta: 0:00:00  lr: 0.000023  sp_loss: 5.5825 (5.3328)  fam_loss: 3.2441 (3.1257)  manu_loss: 2.2736 (2.1979)  ot_loss: 0.5403 (0.5435)  base_loss: 5.6442 (5.4312)  time: 0.3317  data: 0.0459  max mem: 11361
Epoch: [86] Total time: 0:02:04 (0.3992 s / it)
Averaged stats: lr: 0.000023  sp_loss: 5.5825 (5.3328)  fam_loss: 3.2441 (3.1257)  manu_loss: 2.2736 (2.1979)  ot_loss: 0.5403 (0.5435)  base_loss: 5.6442 (5.4312)
Test:  [  0/391]  eta: 0:37:55  sploss: 4.8846 (4.8846)  famloss: 1.7965 (1.7965)  manuloss: 0.9641 (0.9641)  acc1: 38.2812 (38.2812)  acc5: 61.3281 (61.3281)  family_acc1: 67.1875 (67.1875)  manu_acc1: 78.9062 (78.9062)  time: 5.8200  data: 5.7022  max mem: 11361
Test:  [ 50/391]  eta: 0:02:55  sploss: 4.9415 (4.9893)  famloss: 2.0377 (2.0453)  manuloss: 1.1409 (1.2101)  acc1: 36.7188 (36.8796)  acc5: 60.1562 (59.9418)  family_acc1: 62.8906 (63.9170)  manu_acc1: 75.3906 (74.7472)  time: 0.4678  data: 0.3733  max mem: 11361
Test:  [100/391]  eta: 0:02:11  sploss: 5.0489 (4.9661)  famloss: 2.1278 (2.0414)  manuloss: 1.2586 (1.1988)  acc1: 35.9375 (37.1364)  acc5: 59.3750 (60.4502)  family_acc1: 62.1094 (63.6603)  manu_acc1: 73.4375 (75.0619)  time: 0.4660  data: 0.3711  max mem: 11361
Test:  [150/391]  eta: 0:01:45  sploss: 4.7229 (4.9238)  famloss: 1.8109 (2.0125)  manuloss: 1.0240 (1.1819)  acc1: 39.8438 (37.8156)  acc5: 64.4531 (61.3747)  family_acc1: 67.5781 (64.1220)  manu_acc1: 78.1250 (75.3441)  time: 0.4720  data: 0.3768  max mem: 11361
Test:  [200/391]  eta: 0:01:21  sploss: 4.9460 (4.9494)  famloss: 2.0992 (2.0365)  manuloss: 1.2306 (1.1934)  acc1: 36.3281 (37.4398)  acc5: 60.1562 (60.9550)  family_acc1: 61.7188 (63.6019)  manu_acc1: 73.8281 (75.0019)  time: 0.2804  data: 0.1862  max mem: 11361
Test:  [250/391]  eta: 0:00:59  sploss: 4.8722 (4.9420)  famloss: 2.0395 (2.0441)  manuloss: 1.2182 (1.2093)  acc1: 40.2344 (37.7972)  acc5: 61.3281 (61.1741)  family_acc1: 63.6719 (63.5225)  manu_acc1: 72.6562 (74.5658)  time: 0.2818  data: 0.1890  max mem: 11361
Test:  [300/391]  eta: 0:00:39  sploss: 4.7307 (4.9065)  famloss: 1.8295 (2.0125)  manuloss: 1.0377 (1.1847)  acc1: 40.6250 (38.2696)  acc5: 64.8438 (61.8628)  family_acc1: 67.1875 (64.1079)  manu_acc1: 77.7344 (75.0727)  time: 0.4624  data: 0.3685  max mem: 11361
Test:  [350/391]  eta: 0:00:17  sploss: 4.8964 (4.9025)  famloss: 1.9786 (1.9982)  manuloss: 1.1057 (1.1688)  acc1: 38.6719 (38.2701)  acc5: 61.7188 (61.9358)  family_acc1: 65.2344 (64.3552)  manu_acc1: 77.3438 (75.3873)  time: 0.4612  data: 0.3670  max mem: 11361
Test:  [390/391]  eta: 0:00:00  sploss: 4.7955 (4.8941)  famloss: 1.8639 (1.9845)  manuloss: 0.9155 (1.1475)  acc1: 38.1250 (38.2920)  acc5: 63.2812 (62.0760)  family_acc1: 66.0156 (64.5940)  manu_acc1: 81.2500 (75.9610)  time: 0.4253  data: 0.3348  max mem: 11361
Test: Total time: 0:02:42 (0.4167 s / it)
* Acc@1 38.292 Acc@5 62.076 family@1 64.594 manu@1 75.961 sploss 4.894 fmloss 1.985 mfloss 1.148
Accuracy of the network on the 100000 test images: 38.3%
Max accuracy: 38.29%
Epoch: [87]  [  0/312]  eta: 0:34:31  lr: 0.000021  sp_loss: 4.7512 (4.7512)  fam_loss: 2.6134 (2.6134)  manu_loss: 1.8301 (1.8301)  ot_loss: 0.5464 (0.5464)  base_loss: 4.8984 (4.8984)  time: 6.6390  data: 5.8386  max mem: 11361
Epoch: [87]  [ 50/312]  eta: 0:02:15  lr: 0.000021  sp_loss: 5.4003 (5.3894)  fam_loss: 3.1505 (3.1560)  manu_loss: 2.1709 (2.2198)  ot_loss: 0.5405 (0.5433)  base_loss: 5.4301 (5.4750)  time: 0.4355  data: 0.1309  max mem: 11361
Epoch: [87]  [100/312]  eta: 0:01:35  lr: 0.000021  sp_loss: 4.7196 (5.1818)  fam_loss: 2.7399 (3.0175)  manu_loss: 1.9677 (2.1223)  ot_loss: 0.5457 (0.5445)  base_loss: 4.9263 (5.3023)  time: 0.4051  data: 0.0999  max mem: 11361
Epoch: [87]  [150/312]  eta: 0:01:09  lr: 0.000021  sp_loss: 5.7312 (5.2754)  fam_loss: 3.3098 (3.0816)  manu_loss: 2.3335 (2.1661)  ot_loss: 0.5411 (0.5441)  base_loss: 5.7368 (5.3814)  time: 0.4333  data: 0.1279  max mem: 11361
Epoch: [87]  [200/312]  eta: 0:00:46  lr: 0.000021  sp_loss: 5.2697 (5.2609)  fam_loss: 3.0478 (3.0706)  manu_loss: 2.1298 (2.1624)  ot_loss: 0.5420 (0.5441)  base_loss: 5.3639 (5.3692)  time: 0.3969  data: 0.0943  max mem: 11361
Epoch: [87]  [250/312]  eta: 0:00:25  lr: 0.000021  sp_loss: 5.4692 (5.2811)  fam_loss: 3.2558 (3.0856)  manu_loss: 2.3208 (2.1727)  ot_loss: 0.5414 (0.5440)  base_loss: 5.5638 (5.3864)  time: 0.3543  data: 0.0559  max mem: 11361
Epoch: [87]  [300/312]  eta: 0:00:04  lr: 0.000021  sp_loss: 5.3482 (5.2703)  fam_loss: 3.2244 (3.0786)  manu_loss: 2.2998 (2.1667)  ot_loss: 0.5417 (0.5440)  base_loss: 5.5076 (5.3775)  time: 0.3543  data: 0.0529  max mem: 11361
Epoch: [87]  [311/312]  eta: 0:00:00  lr: 0.000021  sp_loss: 5.6564 (5.2757)  fam_loss: 3.3252 (3.0815)  manu_loss: 2.3642 (2.1688)  ot_loss: 0.5409 (0.5440)  base_loss: 5.7059 (5.3817)  time: 0.3340  data: 0.0473  max mem: 11361
Epoch: [87] Total time: 0:02:07 (0.4083 s / it)
Averaged stats: lr: 0.000021  sp_loss: 5.6564 (5.2757)  fam_loss: 3.3252 (3.0815)  manu_loss: 2.3642 (2.1688)  ot_loss: 0.5409 (0.5440)  base_loss: 5.7059 (5.3817)
Epoch: [88]  [  0/312]  eta: 0:30:45  lr: 0.000020  sp_loss: 4.0327 (4.0327)  fam_loss: 2.1586 (2.1586)  manu_loss: 1.4770 (1.4770)  ot_loss: 0.5518 (0.5518)  base_loss: 4.3082 (4.3082)  time: 5.9165  data: 5.5744  max mem: 11361
Epoch: [88]  [ 50/312]  eta: 0:02:09  lr: 0.000020  sp_loss: 5.4262 (5.2073)  fam_loss: 3.2068 (3.0434)  manu_loss: 2.1888 (2.1402)  ot_loss: 0.5445 (0.5446)  base_loss: 5.5061 (5.3274)  time: 0.4099  data: 0.1045  max mem: 11361
Epoch: [88]  [100/312]  eta: 0:01:33  lr: 0.000020  sp_loss: 5.8440 (5.2550)  fam_loss: 3.3054 (3.0617)  manu_loss: 2.2995 (2.1481)  ot_loss: 0.5408 (0.5443)  base_loss: 5.8138 (5.3610)  time: 0.4036  data: 0.0970  max mem: 11361
Epoch: [88]  [150/312]  eta: 0:01:08  lr: 0.000020  sp_loss: 5.0804 (5.2202)  fam_loss: 3.0713 (3.0452)  manu_loss: 2.2091 (2.1379)  ot_loss: 0.5423 (0.5445)  base_loss: 5.2431 (5.3344)  time: 0.4012  data: 0.0987  max mem: 11361
Epoch: [88]  [200/312]  eta: 0:00:46  lr: 0.000020  sp_loss: 5.0651 (5.2196)  fam_loss: 3.0001 (3.0437)  manu_loss: 2.1274 (2.1395)  ot_loss: 0.5422 (0.5443)  base_loss: 5.2169 (5.3340)  time: 0.3488  data: 0.0440  max mem: 11361
Epoch: [88]  [250/312]  eta: 0:00:25  lr: 0.000020  sp_loss: 5.4655 (5.2325)  fam_loss: 3.1944 (3.0525)  manu_loss: 2.2661 (2.1480)  ot_loss: 0.5421 (0.5443)  base_loss: 5.5558 (5.3453)  time: 0.3496  data: 0.0466  max mem: 11361
Epoch: [88]  [300/312]  eta: 0:00:04  lr: 0.000020  sp_loss: 5.4437 (5.2220)  fam_loss: 3.2054 (3.0448)  manu_loss: 2.2167 (2.1419)  ot_loss: 0.5433 (0.5443)  base_loss: 5.5393 (5.3360)  time: 0.3963  data: 0.0953  max mem: 11361
Epoch: [88]  [311/312]  eta: 0:00:00  lr: 0.000020  sp_loss: 5.0391 (5.2153)  fam_loss: 3.0469 (3.0423)  manu_loss: 2.0702 (2.1400)  ot_loss: 0.5433 (0.5444)  base_loss: 5.2551 (5.3312)  time: 0.3307  data: 0.0481  max mem: 11361
Epoch: [88] Total time: 0:02:05 (0.4029 s / it)
Averaged stats: lr: 0.000020  sp_loss: 5.0391 (5.2153)  fam_loss: 3.0469 (3.0423)  manu_loss: 2.0702 (2.1400)  ot_loss: 0.5433 (0.5444)  base_loss: 5.2551 (5.3312)
Test:  [  0/391]  eta: 0:40:19  sploss: 4.8845 (4.8845)  famloss: 1.8017 (1.8017)  manuloss: 0.9411 (0.9411)  acc1: 36.7188 (36.7188)  acc5: 62.5000 (62.5000)  family_acc1: 66.4062 (66.4062)  manu_acc1: 80.4688 (80.4688)  time: 6.1891  data: 6.0574  max mem: 11361
Test:  [ 50/391]  eta: 0:02:54  sploss: 4.9207 (4.9810)  famloss: 1.9898 (2.0275)  manuloss: 1.1322 (1.1951)  acc1: 36.7188 (36.9409)  acc5: 60.5469 (59.9341)  family_acc1: 62.1094 (63.4268)  manu_acc1: 76.1719 (75.0077)  time: 0.4683  data: 0.3726  max mem: 11361
Test:  [100/391]  eta: 0:02:11  sploss: 5.0234 (4.9577)  famloss: 2.0964 (2.0236)  manuloss: 1.2393 (1.1856)  acc1: 36.3281 (37.1403)  acc5: 58.5938 (60.4695)  family_acc1: 62.1094 (63.4669)  manu_acc1: 73.0469 (75.0967)  time: 0.4573  data: 0.3617  max mem: 11361
Test:  [150/391]  eta: 0:01:44  sploss: 4.7062 (4.9150)  famloss: 1.7871 (1.9935)  manuloss: 0.9977 (1.1680)  acc1: 40.2344 (37.8751)  acc5: 64.4531 (61.4626)  family_acc1: 67.5781 (64.0315)  manu_acc1: 78.9062 (75.4243)  time: 0.4784  data: 0.3828  max mem: 11361
Test:  [200/391]  eta: 0:01:20  sploss: 4.9320 (4.9397)  famloss: 2.0965 (2.0172)  manuloss: 1.2075 (1.1799)  acc1: 37.5000 (37.4961)  acc5: 60.5469 (61.0327)  family_acc1: 62.5000 (63.6213)  manu_acc1: 74.2188 (75.1652)  time: 0.3166  data: 0.2101  max mem: 11361
Test:  [250/391]  eta: 0:00:59  sploss: 4.8830 (4.9324)  famloss: 2.0205 (2.0231)  manuloss: 1.2167 (1.1956)  acc1: 40.2344 (37.9186)  acc5: 61.7188 (61.2316)  family_acc1: 63.2812 (63.5443)  manu_acc1: 72.6562 (74.7105)  time: 0.2867  data: 0.1928  max mem: 11361
Test:  [300/391]  eta: 0:00:38  sploss: 4.7017 (4.8965)  famloss: 1.7860 (1.9896)  manuloss: 1.0049 (1.1698)  acc1: 40.2344 (38.4227)  acc5: 64.4531 (61.8939)  family_acc1: 69.1406 (64.2156)  manu_acc1: 78.1250 (75.2673)  time: 0.4021  data: 0.3066  max mem: 11361
Test:  [350/391]  eta: 0:00:17  sploss: 4.8970 (4.8918)  famloss: 1.9455 (1.9741)  manuloss: 1.0950 (1.1529)  acc1: 38.2812 (38.4126)  acc5: 61.3281 (61.9903)  family_acc1: 64.8438 (64.4965)  manu_acc1: 76.1719 (75.5642)  time: 0.4498  data: 0.3554  max mem: 11361
Test:  [390/391]  eta: 0:00:00  sploss: 4.7955 (4.8837)  famloss: 1.8442 (1.9606)  manuloss: 0.9059 (1.1316)  acc1: 38.6719 (38.4220)  acc5: 64.0625 (62.1510)  family_acc1: 66.7969 (64.7700)  manu_acc1: 82.4219 (76.1150)  time: 0.4403  data: 0.3494  max mem: 11361
Test: Total time: 0:02:42 (0.4162 s / it)
* Acc@1 38.422 Acc@5 62.151 family@1 64.770 manu@1 76.115 sploss 4.884 fmloss 1.961 mfloss 1.132
Accuracy of the network on the 100000 test images: 38.4%
Max accuracy: 38.42%
Epoch: [89]  [  0/312]  eta: 0:33:35  lr: 0.000018  sp_loss: 6.3567 (6.3567)  fam_loss: 3.6888 (3.6888)  manu_loss: 2.5881 (2.5881)  ot_loss: 0.5362 (0.5362)  base_loss: 6.2408 (6.2408)  time: 6.4604  data: 5.9964  max mem: 11361
Epoch: [89]  [ 50/312]  eta: 0:02:13  lr: 0.000018  sp_loss: 5.7539 (5.3432)  fam_loss: 3.3840 (3.1221)  manu_loss: 2.2966 (2.2021)  ot_loss: 0.5406 (0.5436)  base_loss: 5.7294 (5.4371)  time: 0.4127  data: 0.0944  max mem: 11361
Epoch: [89]  [100/312]  eta: 0:01:34  lr: 0.000018  sp_loss: 5.8847 (5.4201)  fam_loss: 3.5003 (3.1704)  manu_loss: 2.4427 (2.2346)  ot_loss: 0.5415 (0.5431)  base_loss: 5.8624 (5.4993)  time: 0.3964  data: 0.0929  max mem: 11361
Epoch: [89]  [150/312]  eta: 0:01:08  lr: 0.000018  sp_loss: 5.1539 (5.3363)  fam_loss: 2.8987 (3.1172)  manu_loss: 2.0118 (2.1980)  ot_loss: 0.5442 (0.5434)  base_loss: 5.2720 (5.4307)  time: 0.4070  data: 0.1043  max mem: 11361
Epoch: [89]  [200/312]  eta: 0:00:46  lr: 0.000018  sp_loss: 5.5803 (5.3200)  fam_loss: 3.1393 (3.1068)  manu_loss: 2.2523 (2.1899)  ot_loss: 0.5419 (0.5436)  base_loss: 5.6208 (5.4172)  time: 0.3547  data: 0.0533  max mem: 11361
Epoch: [89]  [250/312]  eta: 0:00:25  lr: 0.000018  sp_loss: 5.5353 (5.3092)  fam_loss: 3.1741 (3.1017)  manu_loss: 2.2406 (2.1846)  ot_loss: 0.5424 (0.5436)  base_loss: 5.5590 (5.4089)  time: 0.3494  data: 0.0484  max mem: 11361
Epoch: [89]  [300/312]  eta: 0:00:04  lr: 0.000018  sp_loss: 5.1773 (5.2812)  fam_loss: 3.0275 (3.0867)  manu_loss: 2.0913 (2.1729)  ot_loss: 0.5424 (0.5438)  base_loss: 5.2885 (5.3870)  time: 0.3763  data: 0.0733  max mem: 11361
Epoch: [89]  [311/312]  eta: 0:00:00  lr: 0.000018  sp_loss: 5.1981 (5.2857)  fam_loss: 3.0764 (3.0895)  manu_loss: 2.1011 (2.1732)  ot_loss: 0.5408 (0.5438)  base_loss: 5.3197 (5.3903)  time: 0.3299  data: 0.0404  max mem: 11361
Epoch: [89] Total time: 0:02:05 (0.4008 s / it)
Averaged stats: lr: 0.000018  sp_loss: 5.1981 (5.2857)  fam_loss: 3.0764 (3.0895)  manu_loss: 2.1011 (2.1732)  ot_loss: 0.5408 (0.5438)  base_loss: 5.3197 (5.3903)
Epoch: [90]  [  0/312]  eta: 0:33:57  lr: 0.000017  sp_loss: 4.1738 (4.1738)  fam_loss: 2.3928 (2.3928)  manu_loss: 1.6176 (1.6176)  ot_loss: 0.5507 (0.5507)  base_loss: 4.4693 (4.4693)  time: 6.5289  data: 5.9493  max mem: 11361
Epoch: [90]  [ 50/312]  eta: 0:02:12  lr: 0.000017  sp_loss: 4.9036 (5.1989)  fam_loss: 2.9030 (3.0403)  manu_loss: 2.1013 (2.1451)  ot_loss: 0.5450 (0.5445)  base_loss: 5.1185 (5.3210)  time: 0.3993  data: 0.0973  max mem: 11361
Epoch: [90]  [100/312]  eta: 0:01:33  lr: 0.000017  sp_loss: 5.4260 (5.2434)  fam_loss: 3.2043 (3.0559)  manu_loss: 2.2789 (2.1539)  ot_loss: 0.5416 (0.5440)  base_loss: 5.5153 (5.3530)  time: 0.4051  data: 0.1013  max mem: 11361
Epoch: [90]  [150/312]  eta: 0:01:08  lr: 0.000017  sp_loss: 5.2186 (5.2398)  fam_loss: 3.1049 (3.0510)  manu_loss: 2.1454 (2.1515)  ot_loss: 0.5422 (0.5442)  base_loss: 5.3596 (5.3497)  time: 0.4046  data: 0.0935  max mem: 11361
Epoch: [90]  [200/312]  eta: 0:00:46  lr: 0.000017  sp_loss: 5.4185 (5.2613)  fam_loss: 3.2078 (3.0656)  manu_loss: 2.2942 (2.1607)  ot_loss: 0.5421 (0.5439)  base_loss: 5.5224 (5.3677)  time: 0.3545  data: 0.0527  max mem: 11361
Epoch: [90]  [250/312]  eta: 0:00:25  lr: 0.000017  sp_loss: 5.2095 (5.2376)  fam_loss: 3.1051 (3.0543)  manu_loss: 2.1822 (2.1488)  ot_loss: 0.5436 (0.5441)  base_loss: 5.3515 (5.3491)  time: 0.3545  data: 0.0502  max mem: 11361
Epoch: [90]  [300/312]  eta: 0:00:04  lr: 0.000017  sp_loss: 5.3130 (5.2321)  fam_loss: 3.1407 (3.0513)  manu_loss: 2.1943 (2.1470)  ot_loss: 0.5431 (0.5441)  base_loss: 5.4334 (5.3446)  time: 0.3793  data: 0.0788  max mem: 11361
Epoch: [90]  [311/312]  eta: 0:00:00  lr: 0.000017  sp_loss: 5.1101 (5.2202)  fam_loss: 3.0957 (3.0449)  manu_loss: 2.1943 (2.1429)  ot_loss: 0.5431 (0.5442)  base_loss: 5.2915 (5.3353)  time: 0.3307  data: 0.0484  max mem: 11361
Epoch: [90] Total time: 0:02:05 (0.4016 s / it)
Averaged stats: lr: 0.000017  sp_loss: 5.1101 (5.2202)  fam_loss: 3.0957 (3.0449)  manu_loss: 2.1943 (2.1429)  ot_loss: 0.5431 (0.5442)  base_loss: 5.2915 (5.3353)
Test:  [  0/391]  eta: 0:37:18  sploss: 4.9331 (4.9331)  famloss: 1.8271 (1.8271)  manuloss: 0.9726 (0.9726)  acc1: 37.5000 (37.5000)  acc5: 63.6719 (63.6719)  family_acc1: 67.1875 (67.1875)  manu_acc1: 78.9062 (78.9062)  time: 5.7253  data: 5.5927  max mem: 11361
Test:  [ 50/391]  eta: 0:02:54  sploss: 4.9791 (5.0306)  famloss: 2.0188 (2.0561)  manuloss: 1.1596 (1.2115)  acc1: 36.3281 (36.7417)  acc5: 59.7656 (59.7273)  family_acc1: 62.8906 (63.6259)  manu_acc1: 76.1719 (75.0000)  time: 0.4588  data: 0.3637  max mem: 11361
Test:  [100/391]  eta: 0:02:12  sploss: 5.0685 (5.0076)  famloss: 2.1354 (2.0531)  manuloss: 1.2453 (1.2013)  acc1: 36.7188 (37.0127)  acc5: 59.3750 (60.3883)  family_acc1: 61.7188 (63.6525)  manu_acc1: 74.2188 (75.1740)  time: 0.4828  data: 0.3877  max mem: 11361
Test:  [150/391]  eta: 0:01:44  sploss: 4.7634 (4.9660)  famloss: 1.8174 (2.0240)  manuloss: 1.0237 (1.1857)  acc1: 39.4531 (37.7923)  acc5: 64.0625 (61.3100)  family_acc1: 67.5781 (64.1763)  manu_acc1: 78.5156 (75.4863)  time: 0.4760  data: 0.3812  max mem: 11361
Test:  [200/391]  eta: 0:01:21  sploss: 4.9895 (4.9905)  famloss: 2.1027 (2.0479)  manuloss: 1.2317 (1.1968)  acc1: 36.7188 (37.4281)  acc5: 59.7656 (60.9220)  family_acc1: 61.7188 (63.7146)  manu_acc1: 73.8281 (75.1691)  time: 0.2841  data: 0.1892  max mem: 11361
Test:  [250/391]  eta: 0:00:58  sploss: 4.9334 (4.9832)  famloss: 2.0463 (2.0541)  manuloss: 1.2272 (1.2130)  acc1: 39.0625 (37.8159)  acc5: 62.1094 (61.1289)  family_acc1: 63.2812 (63.6392)  manu_acc1: 73.0469 (74.6950)  time: 0.2880  data: 0.1942  max mem: 11361
Test:  [300/391]  eta: 0:00:38  sploss: 4.7534 (4.9478)  famloss: 1.8169 (2.0219)  manuloss: 1.0318 (1.1885)  acc1: 39.4531 (38.3176)  acc5: 65.6250 (61.8083)  family_acc1: 68.3594 (64.2507)  manu_acc1: 79.2969 (75.2453)  time: 0.4532  data: 0.3594  max mem: 11361
Test:  [350/391]  eta: 0:00:17  sploss: 4.9465 (4.9432)  famloss: 1.9903 (2.0072)  manuloss: 1.1115 (1.1722)  acc1: 37.8906 (38.3102)  acc5: 62.1094 (61.9269)  family_acc1: 64.4531 (64.5244)  manu_acc1: 75.7812 (75.5531)  time: 0.4498  data: 0.3556  max mem: 11361
Test:  [390/391]  eta: 0:00:00  sploss: 4.8493 (4.9349)  famloss: 1.8659 (1.9936)  manuloss: 0.9408 (1.1510)  acc1: 38.1250 (38.3240)  acc5: 63.6719 (62.1030)  family_acc1: 67.1875 (64.8120)  manu_acc1: 81.6406 (76.1160)  time: 0.4354  data: 0.3443  max mem: 11361
Test: Total time: 0:02:42 (0.4156 s / it)
* Acc@1 38.324 Acc@5 62.103 family@1 64.812 manu@1 76.116 sploss 4.935 fmloss 1.994 mfloss 1.151
Accuracy of the network on the 100000 test images: 38.3%
Max accuracy: 38.42%
Epoch: [91]  [  0/312]  eta: 0:33:17  lr: 0.000016  sp_loss: 4.6847 (4.6847)  fam_loss: 2.8399 (2.8399)  manu_loss: 1.8857 (1.8857)  ot_loss: 0.5487 (0.5487)  base_loss: 4.9347 (4.9347)  time: 6.4007  data: 5.9345  max mem: 11361
Epoch: [91]  [ 50/312]  eta: 0:02:15  lr: 0.000016  sp_loss: 5.0152 (5.1803)  fam_loss: 2.8555 (2.9874)  manu_loss: 2.0128 (2.1102)  ot_loss: 0.5436 (0.5447)  base_loss: 5.1558 (5.2914)  time: 0.4266  data: 0.1241  max mem: 11361
Epoch: [91]  [100/312]  eta: 0:01:35  lr: 0.000016  sp_loss: 5.3355 (5.2140)  fam_loss: 3.1753 (3.0154)  manu_loss: 2.2126 (2.1268)  ot_loss: 0.5435 (0.5445)  base_loss: 5.4091 (5.3219)  time: 0.4013  data: 0.0971  max mem: 11361
Epoch: [91]  [150/312]  eta: 0:01:09  lr: 0.000016  sp_loss: 5.3474 (5.2397)  fam_loss: 3.0732 (3.0428)  manu_loss: 2.1760 (2.1415)  ot_loss: 0.5422 (0.5442)  base_loss: 5.4763 (5.3463)  time: 0.4134  data: 0.1047  max mem: 11361
Epoch: [91]  [200/312]  eta: 0:00:46  lr: 0.000016  sp_loss: 5.5547 (5.2581)  fam_loss: 3.2893 (3.0593)  manu_loss: 2.2857 (2.1533)  ot_loss: 0.5424 (0.5440)  base_loss: 5.6659 (5.3631)  time: 0.3655  data: 0.0622  max mem: 11361
Epoch: [91]  [250/312]  eta: 0:00:25  lr: 0.000016  sp_loss: 5.5589 (5.2819)  fam_loss: 3.3436 (3.0802)  manu_loss: 2.2798 (2.1667)  ot_loss: 0.5410 (0.5438)  base_loss: 5.6171 (5.3844)  time: 0.3608  data: 0.0571  max mem: 11361
Epoch: [91]  [300/312]  eta: 0:00:04  lr: 0.000016  sp_loss: 5.5362 (5.2905)  fam_loss: 3.1821 (3.0871)  manu_loss: 2.3005 (2.1720)  ot_loss: 0.5410 (0.5436)  base_loss: 5.6034 (5.3919)  time: 0.3895  data: 0.0855  max mem: 11361
Epoch: [91]  [311/312]  eta: 0:00:00  lr: 0.000016  sp_loss: 5.7790 (5.3004)  fam_loss: 3.3351 (3.0916)  manu_loss: 2.3102 (2.1752)  ot_loss: 0.5410 (0.5436)  base_loss: 5.7794 (5.3995)  time: 0.3289  data: 0.0458  max mem: 11361
Epoch: [91] Total time: 0:02:07 (0.4074 s / it)
Averaged stats: lr: 0.000016  sp_loss: 5.7790 (5.3004)  fam_loss: 3.3351 (3.0916)  manu_loss: 2.3102 (2.1752)  ot_loss: 0.5410 (0.5436)  base_loss: 5.7794 (5.3995)
Epoch: [92]  [  0/312]  eta: 0:31:28  lr: 0.000015  sp_loss: 5.9049 (5.9049)  fam_loss: 3.8401 (3.8401)  manu_loss: 2.5866 (2.5866)  ot_loss: 0.5381 (0.5381)  base_loss: 6.0099 (6.0099)  time: 6.0522  data: 5.7094  max mem: 11361
Epoch: [92]  [ 50/312]  eta: 0:02:11  lr: 0.000015  sp_loss: 5.4091 (5.3185)  fam_loss: 3.1346 (3.1253)  manu_loss: 2.1971 (2.1917)  ot_loss: 0.5432 (0.5435)  base_loss: 5.5815 (5.4211)  time: 0.4014  data: 0.1012  max mem: 11361
Epoch: [92]  [100/312]  eta: 0:01:33  lr: 0.000015  sp_loss: 5.6202 (5.2180)  fam_loss: 3.3014 (3.0552)  manu_loss: 2.2329 (2.1394)  ot_loss: 0.5416 (0.5443)  base_loss: 5.6250 (5.3361)  time: 0.4013  data: 0.0904  max mem: 11361
Epoch: [92]  [150/312]  eta: 0:01:07  lr: 0.000015  sp_loss: 5.5070 (5.2149)  fam_loss: 3.2434 (3.0513)  manu_loss: 2.2809 (2.1441)  ot_loss: 0.5427 (0.5443)  base_loss: 5.5770 (5.3338)  time: 0.3907  data: 0.0884  max mem: 11361
Epoch: [92]  [200/312]  eta: 0:00:45  lr: 0.000015  sp_loss: 4.9263 (5.2126)  fam_loss: 2.9181 (3.0536)  manu_loss: 2.0802 (2.1451)  ot_loss: 0.5458 (0.5442)  base_loss: 5.1434 (5.3333)  time: 0.3486  data: 0.0504  max mem: 11361
Epoch: [92]  [250/312]  eta: 0:00:25  lr: 0.000015  sp_loss: 4.8920 (5.1765)  fam_loss: 2.7721 (3.0203)  manu_loss: 2.0001 (2.1252)  ot_loss: 0.5438 (0.5445)  base_loss: 5.0326 (5.3005)  time: 0.3444  data: 0.0461  max mem: 11361
Epoch: [92]  [300/312]  eta: 0:00:04  lr: 0.000015  sp_loss: 5.4917 (5.2082)  fam_loss: 3.1252 (3.0378)  manu_loss: 2.1664 (2.1377)  ot_loss: 0.5431 (0.5443)  base_loss: 5.5328 (5.3255)  time: 0.3864  data: 0.0878  max mem: 11361
Epoch: [92]  [311/312]  eta: 0:00:00  lr: 0.000015  sp_loss: 5.2134 (5.2031)  fam_loss: 3.1083 (3.0346)  manu_loss: 2.1480 (2.1346)  ot_loss: 0.5431 (0.5444)  base_loss: 5.3515 (5.3212)  time: 0.3286  data: 0.0475  max mem: 11361
Epoch: [92] Total time: 0:02:04 (0.3979 s / it)
Averaged stats: lr: 0.000015  sp_loss: 5.2134 (5.2031)  fam_loss: 3.1083 (3.0346)  manu_loss: 2.1480 (2.1346)  ot_loss: 0.5431 (0.5444)  base_loss: 5.3515 (5.3212)
Test:  [  0/391]  eta: 0:39:51  sploss: 4.9340 (4.9340)  famloss: 1.8230 (1.8230)  manuloss: 0.9938 (0.9938)  acc1: 37.5000 (37.5000)  acc5: 62.1094 (62.1094)  family_acc1: 68.3594 (68.3594)  manu_acc1: 78.9062 (78.9062)  time: 6.1154  data: 5.9782  max mem: 11361
Test:  [ 50/391]  eta: 0:02:56  sploss: 4.9824 (5.0371)  famloss: 2.0240 (2.0559)  manuloss: 1.1694 (1.2172)  acc1: 36.7188 (36.7188)  acc5: 60.5469 (59.7273)  family_acc1: 62.8906 (63.6642)  manu_acc1: 75.3906 (74.8851)  time: 0.4908  data: 0.3968  max mem: 11361
Test:  [100/391]  eta: 0:02:11  sploss: 5.0660 (5.0131)  famloss: 2.1164 (2.0528)  manuloss: 1.2435 (1.2062)  acc1: 36.3281 (36.9972)  acc5: 58.2031 (60.2916)  family_acc1: 61.3281 (63.4824)  manu_acc1: 74.2188 (75.0232)  time: 0.4636  data: 0.3669  max mem: 11361
Test:  [150/391]  eta: 0:01:44  sploss: 4.7845 (4.9715)  famloss: 1.8325 (2.0238)  manuloss: 1.0246 (1.1915)  acc1: 39.8438 (37.8182)  acc5: 63.6719 (61.2143)  family_acc1: 66.7969 (64.0444)  manu_acc1: 78.5156 (75.3130)  time: 0.4640  data: 0.3654  max mem: 11361
Test:  [200/391]  eta: 0:01:20  sploss: 5.0005 (4.9962)  famloss: 2.1267 (2.0479)  manuloss: 1.2387 (1.2033)  acc1: 36.3281 (37.4048)  acc5: 60.5469 (60.7704)  family_acc1: 61.7188 (63.5786)  manu_acc1: 73.0469 (75.0408)  time: 0.2954  data: 0.2014  max mem: 11361
Test:  [250/391]  eta: 0:00:58  sploss: 4.9425 (4.9880)  famloss: 2.0226 (2.0541)  manuloss: 1.2351 (1.2196)  acc1: 39.0625 (37.7801)  acc5: 61.7188 (61.0075)  family_acc1: 62.8906 (63.4618)  manu_acc1: 73.4375 (74.5985)  time: 0.2767  data: 0.1831  max mem: 11361
Test:  [300/391]  eta: 0:00:38  sploss: 4.7711 (4.9535)  famloss: 1.8415 (2.0225)  manuloss: 1.0423 (1.1954)  acc1: 40.6250 (38.3059)  acc5: 64.8438 (61.7175)  family_acc1: 68.3594 (64.1079)  manu_acc1: 78.5156 (75.1168)  time: 0.4582  data: 0.3632  max mem: 11361
Test:  [350/391]  eta: 0:00:17  sploss: 4.9440 (4.9491)  famloss: 1.9836 (2.0078)  manuloss: 1.1236 (1.1792)  acc1: 38.2812 (38.2679)  acc5: 62.1094 (61.8089)  family_acc1: 64.0625 (64.3585)  manu_acc1: 76.9531 (75.4274)  time: 0.4527  data: 0.3576  max mem: 11361
Test:  [390/391]  eta: 0:00:00  sploss: 4.8484 (4.9406)  famloss: 1.8763 (1.9943)  manuloss: 0.9416 (1.1581)  acc1: 38.7500 (38.3230)  acc5: 63.2812 (61.9810)  family_acc1: 66.7969 (64.6280)  manu_acc1: 81.2500 (75.9950)  time: 0.4500  data: 0.3587  max mem: 11361
Test: Total time: 0:02:41 (0.4135 s / it)
* Acc@1 38.323 Acc@5 61.981 family@1 64.628 manu@1 75.995 sploss 4.941 fmloss 1.994 mfloss 1.158
Accuracy of the network on the 100000 test images: 38.3%
Max accuracy: 38.42%
Epoch: [93]  [  0/312]  eta: 0:33:18  lr: 0.000014  sp_loss: 5.9443 (5.9443)  fam_loss: 3.2383 (3.2383)  manu_loss: 2.2443 (2.2443)  ot_loss: 0.5413 (0.5413)  base_loss: 5.8257 (5.8257)  time: 6.4053  data: 5.9193  max mem: 11361
Epoch: [93]  [ 50/312]  eta: 0:02:13  lr: 0.000014  sp_loss: 5.5920 (5.3562)  fam_loss: 3.2217 (3.1268)  manu_loss: 2.2762 (2.1925)  ot_loss: 0.5410 (0.5434)  base_loss: 5.6346 (5.4437)  time: 0.4331  data: 0.1255  max mem: 11361
Epoch: [93]  [100/312]  eta: 0:01:34  lr: 0.000014  sp_loss: 5.2691 (5.2892)  fam_loss: 3.1918 (3.0818)  manu_loss: 2.2016 (2.1620)  ot_loss: 0.5423 (0.5437)  base_loss: 5.4170 (5.3883)  time: 0.4044  data: 0.1012  max mem: 11361
Epoch: [93]  [150/312]  eta: 0:01:09  lr: 0.000014  sp_loss: 5.2288 (5.2578)  fam_loss: 3.2086 (3.0679)  manu_loss: 2.1516 (2.1581)  ot_loss: 0.5418 (0.5439)  base_loss: 5.3784 (5.3655)  time: 0.4168  data: 0.1109  max mem: 11361
Epoch: [93]  [200/312]  eta: 0:00:46  lr: 0.000014  sp_loss: 5.4585 (5.2268)  fam_loss: 3.2313 (3.0478)  manu_loss: 2.2824 (2.1448)  ot_loss: 0.5425 (0.5441)  base_loss: 5.5407 (5.3402)  time: 0.4007  data: 0.0991  max mem: 11361
Epoch: [93]  [250/312]  eta: 0:00:25  lr: 0.000014  sp_loss: 5.1768 (5.2186)  fam_loss: 3.0772 (3.0408)  manu_loss: 2.1138 (2.1343)  ot_loss: 0.5436 (0.5442)  base_loss: 5.3345 (5.3319)  time: 0.3555  data: 0.0527  max mem: 11361
Epoch: [93]  [300/312]  eta: 0:00:04  lr: 0.000014  sp_loss: 5.0644 (5.2663)  fam_loss: 3.0556 (3.0785)  manu_loss: 2.1449 (2.1649)  ot_loss: 0.5438 (0.5439)  base_loss: 5.2581 (5.3745)  time: 0.3497  data: 0.0496  max mem: 11361
Epoch: [93]  [311/312]  eta: 0:00:00  lr: 0.000014  sp_loss: 5.2791 (5.2687)  fam_loss: 3.0885 (3.0799)  manu_loss: 2.2313 (2.1671)  ot_loss: 0.5427 (0.5439)  base_loss: 5.3760 (5.3766)  time: 0.3269  data: 0.0414  max mem: 11361
Epoch: [93] Total time: 0:02:06 (0.4043 s / it)
Averaged stats: lr: 0.000014  sp_loss: 5.2791 (5.2687)  fam_loss: 3.0885 (3.0799)  manu_loss: 2.2313 (2.1671)  ot_loss: 0.5427 (0.5439)  base_loss: 5.3760 (5.3766)
Epoch: [94]  [  0/312]  eta: 0:34:15  lr: 0.000013  sp_loss: 5.7708 (5.7708)  fam_loss: 3.4483 (3.4483)  manu_loss: 2.4540 (2.4540)  ot_loss: 0.5412 (0.5412)  base_loss: 5.8136 (5.8136)  time: 6.5879  data: 6.0180  max mem: 11361
Epoch: [94]  [ 50/312]  eta: 0:02:11  lr: 0.000013  sp_loss: 5.0993 (5.3290)  fam_loss: 3.0027 (3.1280)  manu_loss: 2.1234 (2.1935)  ot_loss: 0.5448 (0.5429)  base_loss: 5.2912 (5.4286)  time: 0.4129  data: 0.1064  max mem: 11361
Epoch: [94]  [100/312]  eta: 0:01:34  lr: 0.000013  sp_loss: 5.3941 (5.2767)  fam_loss: 3.1570 (3.0869)  manu_loss: 2.2398 (2.1683)  ot_loss: 0.5422 (0.5435)  base_loss: 5.4880 (5.3829)  time: 0.4082  data: 0.1021  max mem: 11361
Epoch: [94]  [150/312]  eta: 0:01:08  lr: 0.000013  sp_loss: 5.7498 (5.2584)  fam_loss: 3.3386 (3.0743)  manu_loss: 2.2889 (2.1552)  ot_loss: 0.5413 (0.5438)  base_loss: 5.7442 (5.3667)  time: 0.4108  data: 0.1031  max mem: 11361
Epoch: [94]  [200/312]  eta: 0:00:46  lr: 0.000013  sp_loss: 4.9429 (5.2606)  fam_loss: 2.9220 (3.0796)  manu_loss: 2.0873 (2.1580)  ot_loss: 0.5440 (0.5438)  base_loss: 5.1525 (5.3700)  time: 0.3769  data: 0.0716  max mem: 11361
Epoch: [94]  [250/312]  eta: 0:00:25  lr: 0.000013  sp_loss: 5.3578 (5.2678)  fam_loss: 3.1564 (3.0798)  manu_loss: 2.2248 (2.1600)  ot_loss: 0.5418 (0.5439)  base_loss: 5.4483 (5.3746)  time: 0.3662  data: 0.0641  max mem: 11361
Epoch: [94]  [300/312]  eta: 0:00:04  lr: 0.000013  sp_loss: 4.5968 (5.2174)  fam_loss: 2.6176 (3.0461)  manu_loss: 1.8942 (2.1370)  ot_loss: 0.5469 (0.5441)  base_loss: 4.8243 (5.3328)  time: 0.3500  data: 0.0489  max mem: 11361
Epoch: [94]  [311/312]  eta: 0:00:00  lr: 0.000013  sp_loss: 5.7107 (5.2372)  fam_loss: 3.3004 (3.0595)  manu_loss: 2.3063 (2.1476)  ot_loss: 0.5413 (0.5440)  base_loss: 5.7610 (5.3495)  time: 0.3272  data: 0.0450  max mem: 11361
Epoch: [94] Total time: 0:02:06 (0.4049 s / it)
Averaged stats: lr: 0.000013  sp_loss: 5.7107 (5.2372)  fam_loss: 3.3004 (3.0595)  manu_loss: 2.3063 (2.1476)  ot_loss: 0.5413 (0.5440)  base_loss: 5.7610 (5.3495)
Test:  [  0/391]  eta: 0:39:20  sploss: 4.9432 (4.9432)  famloss: 1.8515 (1.8515)  manuloss: 0.9998 (0.9998)  acc1: 38.2812 (38.2812)  acc5: 62.5000 (62.5000)  family_acc1: 68.7500 (68.7500)  manu_acc1: 78.9062 (78.9062)  time: 6.0359  data: 5.9081  max mem: 11361
Test:  [ 50/391]  eta: 0:02:55  sploss: 5.0115 (5.0561)  famloss: 2.0724 (2.0891)  manuloss: 1.1977 (1.2384)  acc1: 37.1094 (36.7341)  acc5: 60.5469 (59.7580)  family_acc1: 62.1094 (63.5723)  manu_acc1: 75.3906 (74.6936)  time: 0.4753  data: 0.3789  max mem: 11361
Test:  [100/391]  eta: 0:02:11  sploss: 5.0819 (5.0341)  famloss: 2.1571 (2.0873)  manuloss: 1.2612 (1.2293)  acc1: 36.7188 (36.9740)  acc5: 59.3750 (60.2994)  family_acc1: 61.7188 (63.4630)  manu_acc1: 74.2188 (74.9768)  time: 0.4720  data: 0.3759  max mem: 11361
Test:  [150/391]  eta: 0:01:44  sploss: 4.7962 (4.9928)  famloss: 1.8629 (2.0579)  manuloss: 1.0607 (1.2139)  acc1: 40.2344 (37.7535)  acc5: 64.0625 (61.2014)  family_acc1: 67.5781 (63.9280)  manu_acc1: 78.5156 (75.2820)  time: 0.4687  data: 0.3731  max mem: 11361
Test:  [200/391]  eta: 0:01:20  sploss: 5.0192 (5.0178)  famloss: 2.1489 (2.0816)  manuloss: 1.2629 (1.2254)  acc1: 36.7188 (37.3951)  acc5: 59.7656 (60.7509)  family_acc1: 62.1094 (63.4775)  manu_acc1: 73.4375 (74.9903)  time: 0.2927  data: 0.1990  max mem: 11361
Test:  [250/391]  eta: 0:00:58  sploss: 4.9668 (5.0103)  famloss: 2.0667 (2.0880)  manuloss: 1.2419 (1.2411)  acc1: 38.6719 (37.7194)  acc5: 60.5469 (60.9515)  family_acc1: 63.6719 (63.3809)  manu_acc1: 73.0469 (74.5207)  time: 0.2873  data: 0.1937  max mem: 11361
Test:  [300/391]  eta: 0:00:38  sploss: 4.7919 (4.9749)  famloss: 1.8707 (2.0555)  manuloss: 1.0789 (1.2169)  acc1: 40.6250 (38.2618)  acc5: 64.8438 (61.6720)  family_acc1: 67.5781 (64.0210)  manu_acc1: 78.1250 (75.0298)  time: 0.4433  data: 0.3485  max mem: 11361
Test:  [350/391]  eta: 0:00:17  sploss: 4.9707 (4.9702)  famloss: 2.0084 (2.0404)  manuloss: 1.1344 (1.2004)  acc1: 38.2812 (38.2145)  acc5: 61.3281 (61.7788)  family_acc1: 64.8438 (64.3174)  manu_acc1: 76.9531 (75.3717)  time: 0.4594  data: 0.3553  max mem: 11361
Test:  [390/391]  eta: 0:00:00  sploss: 4.8755 (4.9622)  famloss: 1.9049 (2.0271)  manuloss: 0.9667 (1.1795)  acc1: 38.1250 (38.2490)  acc5: 63.2812 (61.9350)  family_acc1: 66.7969 (64.5820)  manu_acc1: 81.6406 (75.9460)  time: 0.4339  data: 0.3427  max mem: 11361
Test: Total time: 0:02:42 (0.4150 s / it)
* Acc@1 38.249 Acc@5 61.935 family@1 64.582 manu@1 75.946 sploss 4.962 fmloss 2.027 mfloss 1.179
Accuracy of the network on the 100000 test images: 38.2%
Max accuracy: 38.42%
Epoch: [95]  [  0/312]  eta: 0:32:02  lr: 0.000012  sp_loss: 5.2145 (5.2145)  fam_loss: 3.1452 (3.1452)  manu_loss: 2.2098 (2.2098)  ot_loss: 0.5437 (0.5437)  base_loss: 5.3664 (5.3664)  time: 6.1622  data: 5.6755  max mem: 11361
Epoch: [95]  [ 50/312]  eta: 0:02:13  lr: 0.000012  sp_loss: 5.5930 (5.3357)  fam_loss: 3.1411 (3.1144)  manu_loss: 2.2598 (2.2169)  ot_loss: 0.5405 (0.5433)  base_loss: 5.5837 (5.4324)  time: 0.4395  data: 0.1330  max mem: 11361
Epoch: [95]  [100/312]  eta: 0:01:35  lr: 0.000012  sp_loss: 5.1371 (5.2796)  fam_loss: 2.9547 (3.0834)  manu_loss: 2.1470 (2.1827)  ot_loss: 0.5449 (0.5436)  base_loss: 5.2451 (5.3858)  time: 0.4099  data: 0.1072  max mem: 11361
Epoch: [95]  [150/312]  eta: 0:01:09  lr: 0.000012  sp_loss: 4.8620 (5.2290)  fam_loss: 2.8900 (3.0511)  manu_loss: 2.0613 (2.1565)  ot_loss: 0.5445 (0.5439)  base_loss: 5.0680 (5.3439)  time: 0.4254  data: 0.1181  max mem: 11361
Epoch: [95]  [200/312]  eta: 0:00:46  lr: 0.000012  sp_loss: 5.7289 (5.2694)  fam_loss: 3.3843 (3.0760)  manu_loss: 2.3290 (2.1715)  ot_loss: 0.5396 (0.5438)  base_loss: 5.7703 (5.3764)  time: 0.3545  data: 0.0465  max mem: 11361
Epoch: [95]  [250/312]  eta: 0:00:25  lr: 0.000012  sp_loss: 5.2277 (5.2401)  fam_loss: 3.0451 (3.0573)  manu_loss: 2.1714 (2.1591)  ot_loss: 0.5440 (0.5440)  base_loss: 5.3516 (5.3526)  time: 0.3604  data: 0.0568  max mem: 11361
Epoch: [95]  [300/312]  eta: 0:00:04  lr: 0.000012  sp_loss: 5.3432 (5.2329)  fam_loss: 3.0612 (3.0479)  manu_loss: 2.1902 (2.1520)  ot_loss: 0.5424 (0.5440)  base_loss: 5.4182 (5.3447)  time: 0.3963  data: 0.0905  max mem: 11361
Epoch: [95]  [311/312]  eta: 0:00:00  lr: 0.000012  sp_loss: 5.7937 (5.2441)  fam_loss: 3.4023 (3.0551)  manu_loss: 2.3317 (2.1566)  ot_loss: 0.5407 (0.5440)  base_loss: 5.8150 (5.3538)  time: 0.3327  data: 0.0491  max mem: 11361
Epoch: [95] Total time: 0:02:06 (0.4049 s / it)
Averaged stats: lr: 0.000012  sp_loss: 5.7937 (5.2441)  fam_loss: 3.4023 (3.0551)  manu_loss: 2.3317 (2.1566)  ot_loss: 0.5407 (0.5440)  base_loss: 5.8150 (5.3538)
Epoch: [96]  [  0/312]  eta: 0:31:12  lr: 0.000011  sp_loss: 6.0502 (6.0502)  fam_loss: 3.7049 (3.7049)  manu_loss: 2.6171 (2.6171)  ot_loss: 0.5374 (0.5374)  base_loss: 6.0655 (6.0655)  time: 6.0004  data: 5.6649  max mem: 11361
Epoch: [96]  [ 50/312]  eta: 0:02:10  lr: 0.000011  sp_loss: 5.7279 (5.3629)  fam_loss: 3.3410 (3.1347)  manu_loss: 2.4011 (2.2142)  ot_loss: 0.5410 (0.5435)  base_loss: 5.7788 (5.4531)  time: 0.3965  data: 0.0877  max mem: 11361
Epoch: [96]  [100/312]  eta: 0:01:33  lr: 0.000011  sp_loss: 5.3044 (5.2770)  fam_loss: 3.3006 (3.0887)  manu_loss: 2.3123 (2.1749)  ot_loss: 0.5416 (0.5438)  base_loss: 5.4799 (5.3851)  time: 0.4093  data: 0.1015  max mem: 11361
Epoch: [96]  [150/312]  eta: 0:01:07  lr: 0.000011  sp_loss: 5.6010 (5.2696)  fam_loss: 3.2205 (3.0888)  manu_loss: 2.3748 (2.1794)  ot_loss: 0.5422 (0.5438)  base_loss: 5.6245 (5.3819)  time: 0.4023  data: 0.0980  max mem: 11361
Epoch: [96]  [200/312]  eta: 0:00:46  lr: 0.000011  sp_loss: 5.6216 (5.3059)  fam_loss: 3.1854 (3.1063)  manu_loss: 2.2654 (2.1897)  ot_loss: 0.5420 (0.5436)  base_loss: 5.5898 (5.4091)  time: 0.3745  data: 0.0740  max mem: 11361
Epoch: [96]  [250/312]  eta: 0:00:25  lr: 0.000011  sp_loss: 5.1566 (5.3020)  fam_loss: 3.0462 (3.1006)  manu_loss: 2.1180 (2.1838)  ot_loss: 0.5439 (0.5437)  base_loss: 5.2855 (5.4046)  time: 0.3576  data: 0.0578  max mem: 11361
Epoch: [96]  [300/312]  eta: 0:00:04  lr: 0.000011  sp_loss: 5.4869 (5.2858)  fam_loss: 3.2907 (3.0920)  manu_loss: 2.3429 (2.1783)  ot_loss: 0.5413 (0.5438)  base_loss: 5.5713 (5.3919)  time: 0.3514  data: 0.0506  max mem: 11361
Epoch: [96]  [311/312]  eta: 0:00:00  lr: 0.000011  sp_loss: 5.6799 (5.2925)  fam_loss: 3.2946 (3.0965)  manu_loss: 2.3840 (2.1814)  ot_loss: 0.5410 (0.5438)  base_loss: 5.7082 (5.3975)  time: 0.3266  data: 0.0415  max mem: 11361
Epoch: [96] Total time: 0:02:04 (0.3996 s / it)
Averaged stats: lr: 0.000011  sp_loss: 5.6799 (5.2925)  fam_loss: 3.2946 (3.0965)  manu_loss: 2.3840 (2.1814)  ot_loss: 0.5410 (0.5438)  base_loss: 5.7082 (5.3975)
Test:  [  0/391]  eta: 0:37:32  sploss: 4.9579 (4.9579)  famloss: 1.8608 (1.8608)  manuloss: 1.0115 (1.0115)  acc1: 37.5000 (37.5000)  acc5: 61.7188 (61.7188)  family_acc1: 69.1406 (69.1406)  manu_acc1: 79.2969 (79.2969)  time: 5.7597  data: 5.6281  max mem: 11361
Test:  [ 50/391]  eta: 0:02:57  sploss: 5.0202 (5.0537)  famloss: 2.0689 (2.1044)  manuloss: 1.1879 (1.2608)  acc1: 37.1094 (36.8873)  acc5: 60.5469 (59.8422)  family_acc1: 62.8906 (63.5723)  manu_acc1: 75.3906 (74.6706)  time: 0.4624  data: 0.3668  max mem: 11361
Test:  [100/391]  eta: 0:02:12  sploss: 5.0864 (5.0327)  famloss: 2.1869 (2.1024)  manuloss: 1.2865 (1.2489)  acc1: 36.7188 (37.0088)  acc5: 58.9844 (60.3844)  family_acc1: 61.3281 (63.4166)  manu_acc1: 73.4375 (74.7834)  time: 0.4617  data: 0.3663  max mem: 11361
Test:  [150/391]  eta: 0:01:44  sploss: 4.7966 (4.9922)  famloss: 1.8800 (2.0734)  manuloss: 1.0636 (1.2328)  acc1: 39.8438 (37.8104)  acc5: 63.6719 (61.2143)  family_acc1: 67.5781 (63.9461)  manu_acc1: 78.1250 (75.1578)  time: 0.4544  data: 0.3600  max mem: 11361
Test:  [200/391]  eta: 0:01:20  sploss: 5.0261 (5.0175)  famloss: 2.1603 (2.0975)  manuloss: 1.2750 (1.2442)  acc1: 36.7188 (37.4145)  acc5: 59.7656 (60.8053)  family_acc1: 62.5000 (63.4775)  manu_acc1: 73.4375 (74.8678)  time: 0.2905  data: 0.1969  max mem: 11361
Test:  [250/391]  eta: 0:00:58  sploss: 4.9579 (5.0100)  famloss: 2.0858 (2.1042)  manuloss: 1.2632 (1.2594)  acc1: 39.4531 (37.7926)  acc5: 61.3281 (60.9982)  family_acc1: 62.5000 (63.3528)  manu_acc1: 73.0469 (74.4288)  time: 0.2809  data: 0.1883  max mem: 11361
Test:  [300/391]  eta: 0:00:38  sploss: 4.7917 (4.9755)  famloss: 1.8957 (2.0726)  manuloss: 1.0901 (1.2357)  acc1: 40.6250 (38.3020)  acc5: 65.6250 (61.7200)  family_acc1: 67.9688 (63.9639)  manu_acc1: 78.1250 (74.9416)  time: 0.4420  data: 0.3480  max mem: 11361
Test:  [350/391]  eta: 0:00:17  sploss: 4.9729 (4.9706)  famloss: 2.0365 (2.0576)  manuloss: 1.1447 (1.2192)  acc1: 37.8906 (38.2668)  acc5: 62.1094 (61.8389)  family_acc1: 64.8438 (64.2305)  manu_acc1: 77.3438 (75.2927)  time: 0.4410  data: 0.3460  max mem: 11361
Test:  [390/391]  eta: 0:00:00  sploss: 4.8593 (4.9626)  famloss: 1.9274 (2.0445)  manuloss: 0.9960 (1.1984)  acc1: 38.2812 (38.2900)  acc5: 64.0625 (62.0100)  family_acc1: 66.7969 (64.4720)  manu_acc1: 81.2500 (75.8590)  time: 0.4410  data: 0.3500  max mem: 11361
Test: Total time: 0:02:42 (0.4160 s / it)
* Acc@1 38.290 Acc@5 62.010 family@1 64.472 manu@1 75.859 sploss 4.963 fmloss 2.045 mfloss 1.198
Accuracy of the network on the 100000 test images: 38.3%
Max accuracy: 38.42%
Epoch: [97]  [  0/312]  eta: 0:31:55  lr: 0.000011  sp_loss: 5.3387 (5.3387)  fam_loss: 3.0625 (3.0625)  manu_loss: 2.1848 (2.1848)  ot_loss: 0.5433 (0.5433)  base_loss: 5.4148 (5.4148)  time: 6.1397  data: 5.6548  max mem: 11361
Epoch: [97]  [ 50/312]  eta: 0:02:15  lr: 0.000011  sp_loss: 5.5395 (5.1621)  fam_loss: 3.2354 (3.0075)  manu_loss: 2.2748 (2.1007)  ot_loss: 0.5412 (0.5449)  base_loss: 5.6047 (5.2843)  time: 0.4435  data: 0.1380  max mem: 11361
Epoch: [97]  [100/312]  eta: 0:01:35  lr: 0.000011  sp_loss: 5.2427 (5.2337)  fam_loss: 3.1044 (3.0628)  manu_loss: 2.1605 (2.1444)  ot_loss: 0.5430 (0.5441)  base_loss: 5.3644 (5.3478)  time: 0.4019  data: 0.0984  max mem: 11361
Epoch: [97]  [150/312]  eta: 0:01:09  lr: 0.000011  sp_loss: 4.4895 (5.1713)  fam_loss: 2.7128 (3.0187)  manu_loss: 1.9074 (2.1139)  ot_loss: 0.5465 (0.5445)  base_loss: 4.7924 (5.2950)  time: 0.4085  data: 0.1051  max mem: 11361
Epoch: [97]  [200/312]  eta: 0:00:46  lr: 0.000011  sp_loss: 5.0744 (5.2119)  fam_loss: 2.9397 (3.0380)  manu_loss: 2.0843 (2.1297)  ot_loss: 0.5409 (0.5443)  base_loss: 5.2147 (5.3264)  time: 0.3604  data: 0.0593  max mem: 11361
Epoch: [97]  [250/312]  eta: 0:00:25  lr: 0.000011  sp_loss: 4.7719 (5.2131)  fam_loss: 2.7643 (3.0358)  manu_loss: 1.9559 (2.1309)  ot_loss: 0.5440 (0.5443)  base_loss: 4.9670 (5.3267)  time: 0.3519  data: 0.0507  max mem: 11361
Epoch: [97]  [300/312]  eta: 0:00:04  lr: 0.000011  sp_loss: 5.0005 (5.1829)  fam_loss: 2.9548 (3.0182)  manu_loss: 2.0612 (2.1189)  ot_loss: 0.5446 (0.5445)  base_loss: 5.1723 (5.3027)  time: 0.4015  data: 0.0739  max mem: 11361
Epoch: [97]  [311/312]  eta: 0:00:00  lr: 0.000011  sp_loss: 4.7277 (5.1734)  fam_loss: 2.7556 (3.0113)  manu_loss: 1.8914 (2.1144)  ot_loss: 0.5458 (0.5446)  base_loss: 4.9462 (5.2947)  time: 0.3276  data: 0.0342  max mem: 11361
Epoch: [97] Total time: 0:02:07 (0.4084 s / it)
Averaged stats: lr: 0.000011  sp_loss: 4.7277 (5.1734)  fam_loss: 2.7556 (3.0113)  manu_loss: 1.8914 (2.1144)  ot_loss: 0.5458 (0.5446)  base_loss: 4.9462 (5.2947)
Epoch: [98]  [  0/312]  eta: 0:31:20  lr: 0.000011  sp_loss: 5.5210 (5.5210)  fam_loss: 3.1694 (3.1694)  manu_loss: 2.3110 (2.3110)  ot_loss: 0.5436 (0.5436)  base_loss: 5.5724 (5.5724)  time: 6.0286  data: 5.6884  max mem: 11361
Epoch: [98]  [ 50/312]  eta: 0:02:10  lr: 0.000011  sp_loss: 5.3996 (5.3379)  fam_loss: 3.2171 (3.0832)  manu_loss: 2.1945 (2.1843)  ot_loss: 0.5438 (0.5439)  base_loss: 5.4985 (5.4209)  time: 0.4166  data: 0.1074  max mem: 11361
Epoch: [98]  [100/312]  eta: 0:01:33  lr: 0.000011  sp_loss: 5.5139 (5.2988)  fam_loss: 3.2094 (3.0777)  manu_loss: 2.3277 (2.1700)  ot_loss: 0.5426 (0.5439)  base_loss: 5.6061 (5.3942)  time: 0.4047  data: 0.0942  max mem: 11361
Epoch: [98]  [150/312]  eta: 0:01:07  lr: 0.000011  sp_loss: 5.5022 (5.2563)  fam_loss: 3.2983 (3.0556)  manu_loss: 2.3588 (2.1521)  ot_loss: 0.5409 (0.5442)  base_loss: 5.5632 (5.3607)  time: 0.4004  data: 0.0877  max mem: 11361
Epoch: [98]  [200/312]  eta: 0:00:45  lr: 0.000011  sp_loss: 5.5916 (5.2792)  fam_loss: 3.3131 (3.0767)  manu_loss: 2.3209 (2.1640)  ot_loss: 0.5418 (0.5439)  base_loss: 5.6998 (5.3813)  time: 0.3731  data: 0.0700  max mem: 11361
Epoch: [98]  [250/312]  eta: 0:00:25  lr: 0.000011  sp_loss: 5.8842 (5.3392)  fam_loss: 3.4231 (3.1190)  manu_loss: 2.4318 (2.1943)  ot_loss: 0.5413 (0.5436)  base_loss: 5.8834 (5.4323)  time: 0.3613  data: 0.0561  max mem: 11361
Epoch: [98]  [300/312]  eta: 0:00:04  lr: 0.000011  sp_loss: 5.7564 (5.3528)  fam_loss: 3.3574 (3.1281)  manu_loss: 2.3339 (2.2007)  ot_loss: 0.5411 (0.5435)  base_loss: 5.7452 (5.4438)  time: 0.3596  data: 0.0574  max mem: 11361
Epoch: [98]  [311/312]  eta: 0:00:00  lr: 0.000011  sp_loss: 5.6260 (5.3513)  fam_loss: 3.2642 (3.1264)  manu_loss: 2.2914 (2.1990)  ot_loss: 0.5417 (0.5435)  base_loss: 5.6397 (5.4422)  time: 0.3317  data: 0.0445  max mem: 11361
Epoch: [98] Total time: 0:02:04 (0.3995 s / it)
Averaged stats: lr: 0.000011  sp_loss: 5.6260 (5.3513)  fam_loss: 3.2642 (3.1264)  manu_loss: 2.2914 (2.1990)  ot_loss: 0.5417 (0.5435)  base_loss: 5.6397 (5.4422)
Test:  [  0/391]  eta: 0:40:02  sploss: 4.9037 (4.9037)  famloss: 1.7956 (1.7956)  manuloss: 0.9627 (0.9627)  acc1: 37.5000 (37.5000)  acc5: 62.1094 (62.1094)  family_acc1: 66.4062 (66.4062)  manu_acc1: 79.2969 (79.2969)  time: 6.1457  data: 6.0152  max mem: 11361
Test:  [ 50/391]  eta: 0:02:53  sploss: 4.9590 (5.0113)  famloss: 2.0170 (2.0316)  manuloss: 1.1519 (1.1991)  acc1: 37.1094 (36.9026)  acc5: 61.3281 (59.9648)  family_acc1: 63.6719 (64.1774)  manu_acc1: 75.3906 (75.0536)  time: 0.4695  data: 0.3749  max mem: 11361
Test:  [100/391]  eta: 0:02:11  sploss: 5.0329 (4.9892)  famloss: 2.1009 (2.0294)  manuloss: 1.2420 (1.1901)  acc1: 36.3281 (37.1597)  acc5: 59.3750 (60.5430)  family_acc1: 62.1094 (64.1012)  manu_acc1: 73.4375 (75.2321)  time: 0.4754  data: 0.3798  max mem: 11361
Test:  [150/391]  eta: 0:01:43  sploss: 4.7482 (4.9464)  famloss: 1.8059 (2.0009)  manuloss: 1.0155 (1.1758)  acc1: 40.6250 (38.0044)  acc5: 64.8438 (61.4626)  family_acc1: 67.1875 (64.5307)  manu_acc1: 78.5156 (75.4760)  time: 0.4575  data: 0.3630  max mem: 11361
Test:  [200/391]  eta: 0:01:20  sploss: 4.9783 (4.9714)  famloss: 2.0961 (2.0258)  manuloss: 1.2356 (1.1874)  acc1: 36.3281 (37.6088)  acc5: 59.7656 (61.0560)  family_acc1: 62.1094 (63.9440)  manu_acc1: 73.8281 (75.1574)  time: 0.3133  data: 0.2162  max mem: 11361
Test:  [250/391]  eta: 0:00:58  sploss: 4.9021 (4.9636)  famloss: 2.0136 (2.0326)  manuloss: 1.2046 (1.2036)  acc1: 40.2344 (38.0260)  acc5: 61.3281 (61.2799)  family_acc1: 63.2812 (63.8151)  manu_acc1: 73.0469 (74.7214)  time: 0.2779  data: 0.1847  max mem: 11361
Test:  [300/391]  eta: 0:00:38  sploss: 4.7463 (4.9280)  famloss: 1.8038 (2.0009)  manuloss: 1.0318 (1.1798)  acc1: 40.6250 (38.5356)  acc5: 65.6250 (62.0107)  family_acc1: 68.7500 (64.4285)  manu_acc1: 78.1250 (75.2232)  time: 0.4297  data: 0.3352  max mem: 11361
Test:  [350/391]  eta: 0:00:17  sploss: 4.9337 (4.9232)  famloss: 1.9661 (1.9860)  manuloss: 1.1025 (1.1630)  acc1: 38.2812 (38.5383)  acc5: 62.5000 (62.1483)  family_acc1: 65.2344 (64.7024)  manu_acc1: 76.5625 (75.5564)  time: 0.4662  data: 0.3698  max mem: 11361
Test:  [390/391]  eta: 0:00:00  sploss: 4.8235 (4.9154)  famloss: 1.8509 (1.9724)  manuloss: 0.9312 (1.1415)  acc1: 39.0625 (38.5890)  acc5: 63.6719 (62.2860)  family_acc1: 67.1875 (64.9560)  manu_acc1: 81.2500 (76.1190)  time: 0.4342  data: 0.3445  max mem: 11361
Test: Total time: 0:02:41 (0.4139 s / it)
* Acc@1 38.589 Acc@5 62.286 family@1 64.956 manu@1 76.119 sploss 4.915 fmloss 1.972 mfloss 1.141
Accuracy of the network on the 100000 test images: 38.6%
Max accuracy: 38.59%
Epoch: [99]  [  0/312]  eta: 0:33:13  lr: 0.000010  sp_loss: 5.1690 (5.1690)  fam_loss: 3.0350 (3.0350)  manu_loss: 2.1149 (2.1149)  ot_loss: 0.5440 (0.5440)  base_loss: 5.3005 (5.3005)  time: 6.3889  data: 5.5645  max mem: 11361
Epoch: [99]  [ 50/312]  eta: 0:02:15  lr: 0.000010  sp_loss: 5.5800 (5.2420)  fam_loss: 3.1943 (3.0565)  manu_loss: 2.2864 (2.1576)  ot_loss: 0.5419 (0.5441)  base_loss: 5.6121 (5.3531)  time: 0.4237  data: 0.1238  max mem: 11361
Epoch: [99]  [100/312]  eta: 0:01:35  lr: 0.000010  sp_loss: 5.3169 (5.1697)  fam_loss: 3.1130 (3.0096)  manu_loss: 2.2182 (2.1193)  ot_loss: 0.5432 (0.5446)  base_loss: 5.4311 (5.2921)  time: 0.4038  data: 0.1029  max mem: 11361
Epoch: [99]  [150/312]  eta: 0:01:09  lr: 0.000010  sp_loss: 5.2505 (5.1832)  fam_loss: 3.0613 (3.0285)  manu_loss: 2.1375 (2.1339)  ot_loss: 0.5430 (0.5443)  base_loss: 5.3491 (5.3075)  time: 0.3958  data: 0.0927  max mem: 11361
Epoch: [99]  [200/312]  eta: 0:00:46  lr: 0.000010  sp_loss: 5.5081 (5.2653)  fam_loss: 3.1887 (3.0789)  manu_loss: 2.2564 (2.1717)  ot_loss: 0.5404 (0.5439)  base_loss: 5.5686 (5.3747)  time: 0.3508  data: 0.0494  max mem: 11361
Epoch: [99]  [250/312]  eta: 0:00:25  lr: 0.000010  sp_loss: 5.6770 (5.3117)  fam_loss: 3.3109 (3.1090)  manu_loss: 2.3074 (2.1910)  ot_loss: 0.5413 (0.5435)  base_loss: 5.6984 (5.4128)  time: 0.3562  data: 0.0521  max mem: 11361
Epoch: [99]  [300/312]  eta: 0:00:04  lr: 0.000010  sp_loss: 5.0844 (5.2867)  fam_loss: 3.0109 (3.0946)  manu_loss: 2.0638 (2.1781)  ot_loss: 0.5436 (0.5437)  base_loss: 5.2419 (5.3924)  time: 0.4020  data: 0.0945  max mem: 11361
Epoch: [99]  [311/312]  eta: 0:00:00  lr: 0.000010  sp_loss: 4.8679 (5.2788)  fam_loss: 2.7846 (3.0895)  manu_loss: 1.9024 (2.1736)  ot_loss: 0.5441 (0.5438)  base_loss: 5.0278 (5.3858)  time: 0.3340  data: 0.0460  max mem: 11361
Epoch: [99] Total time: 0:02:05 (0.4011 s / it)
Averaged stats: lr: 0.000010  sp_loss: 4.8679 (5.2788)  fam_loss: 2.7846 (3.0895)  manu_loss: 1.9024 (2.1736)  ot_loss: 0.5441 (0.5438)  base_loss: 5.0278 (5.3858)
Training time 4:53:39
Test:  [  0/391]  eta: 0:40:18  sploss: 4.8900 (4.8900)  famloss: 1.7755 (1.7755)  manuloss: 0.9486 (0.9486)  acc1: 37.8906 (37.8906)  acc5: 62.8906 (62.8906)  family_acc1: 67.9688 (67.9688)  manu_acc1: 80.0781 (80.0781)  time: 6.1845  data: 5.9610  max mem: 11361
Test:  [  1/391]  eta: 0:20:44  sploss: 4.8900 (4.8921)  famloss: 1.7755 (1.8974)  manuloss: 0.9486 (1.0892)  acc1: 37.1094 (37.5000)  acc5: 59.7656 (61.3281)  family_acc1: 65.2344 (66.6016)  manu_acc1: 74.6094 (77.3438)  time: 3.1920  data: 2.9807  max mem: 11361
Test:  [  2/391]  eta: 0:14:13  sploss: 4.8900 (4.8723)  famloss: 1.7755 (1.8319)  manuloss: 0.9486 (1.0021)  acc1: 37.8906 (38.1510)  acc5: 61.3281 (61.3281)  family_acc1: 67.9688 (68.2292)  manu_acc1: 79.6875 (78.1250)  time: 2.1936  data: 1.9950  max mem: 11361
Test:  [  3/391]  eta: 0:10:55  sploss: 4.8900 (4.9635)  famloss: 1.7755 (1.8525)  manuloss: 0.9486 (1.0083)  acc1: 37.1094 (37.2070)  acc5: 59.7656 (60.1562)  family_acc1: 66.0156 (67.6758)  manu_acc1: 76.1719 (77.6367)  time: 1.6890  data: 1.4964  max mem: 11361
Test:  [  4/391]  eta: 0:08:57  sploss: 4.8941 (4.9983)  famloss: 1.9145 (1.9157)  manuloss: 1.0268 (1.0636)  acc1: 37.1094 (36.8750)  acc5: 59.7656 (59.5312)  family_acc1: 66.0156 (66.8750)  manu_acc1: 76.1719 (76.9531)  time: 1.3889  data: 1.1972  max mem: 11361
Test:  [  5/391]  eta: 0:07:38  sploss: 4.8941 (5.0114)  famloss: 1.9145 (1.9500)  manuloss: 1.0268 (1.0925)  acc1: 35.5469 (36.5885)  acc5: 59.7656 (59.8958)  family_acc1: 65.2344 (65.5599)  manu_acc1: 74.6094 (76.3672)  time: 1.1872  data: 0.9977  max mem: 11361
Test:  [  6/391]  eta: 0:06:41  sploss: 4.8941 (4.9827)  famloss: 1.9145 (1.9372)  manuloss: 1.0268 (1.0773)  acc1: 37.1094 (36.9420)  acc5: 61.3281 (60.6027)  family_acc1: 66.0156 (65.8482)  manu_acc1: 76.1719 (76.8415)  time: 1.0423  data: 0.8552  max mem: 11361
Test:  [  7/391]  eta: 0:05:58  sploss: 4.8941 (5.0096)  famloss: 1.9032 (1.9329)  manuloss: 1.0268 (1.0949)  acc1: 35.5469 (35.9863)  acc5: 59.7656 (59.9609)  family_acc1: 66.0156 (66.2109)  manu_acc1: 74.6094 (76.5137)  time: 0.9341  data: 0.7484  max mem: 11361
Test:  [  8/391]  eta: 0:05:26  sploss: 5.0771 (5.0684)  famloss: 1.9145 (2.0259)  manuloss: 1.2183 (1.1867)  acc1: 35.5469 (35.1997)  acc5: 59.7656 (59.1580)  family_acc1: 66.0156 (64.1927)  manu_acc1: 74.6094 (74.6962)  time: 0.8521  data: 0.6653  max mem: 11361
Test:  [  9/391]  eta: 0:04:59  sploss: 5.0771 (5.0868)  famloss: 1.9145 (2.0481)  manuloss: 1.2183 (1.2084)  acc1: 35.1562 (35.1562)  acc5: 59.7656 (59.2188)  family_acc1: 65.2344 (63.7109)  manu_acc1: 74.2188 (74.2188)  time: 0.7851  data: 0.5988  max mem: 11361
Test:  [ 10/391]  eta: 0:04:38  sploss: 5.1374 (5.1007)  famloss: 2.0193 (2.0714)  manuloss: 1.2299 (1.2172)  acc1: 35.1562 (35.0497)  acc5: 59.7656 (58.9134)  family_acc1: 65.2344 (63.3168)  manu_acc1: 74.6094 (74.2898)  time: 0.7310  data: 0.5444  max mem: 11361
Test:  [ 11/391]  eta: 0:04:20  sploss: 5.0771 (5.0870)  famloss: 1.9145 (2.0537)  manuloss: 1.2183 (1.2099)  acc1: 34.7656 (34.8958)  acc5: 59.3750 (58.9518)  family_acc1: 65.2344 (63.6068)  manu_acc1: 74.6094 (74.4466)  time: 0.6851  data: 0.4991  max mem: 11361
Test:  [ 12/391]  eta: 0:05:25  sploss: 5.0771 (5.0766)  famloss: 2.0193 (2.0571)  manuloss: 1.2183 (1.2078)  acc1: 35.1562 (34.9459)  acc5: 59.7656 (59.1346)  family_acc1: 65.6250 (63.7620)  manu_acc1: 75.0000 (74.6394)  time: 0.8589  data: 0.6714  max mem: 11361
Test:  [ 13/391]  eta: 0:05:06  sploss: 5.0771 (5.0890)  famloss: 2.0193 (2.0705)  manuloss: 1.2183 (1.2162)  acc1: 34.7656 (34.5145)  acc5: 59.3750 (58.8170)  family_acc1: 65.2344 (63.6161)  manu_acc1: 74.6094 (74.5257)  time: 0.8107  data: 0.6234  max mem: 11361
Test:  [ 14/391]  eta: 0:04:54  sploss: 5.0771 (5.0759)  famloss: 2.0193 (2.0572)  manuloss: 1.2183 (1.2086)  acc1: 35.1562 (34.7135)  acc5: 59.7656 (58.8802)  family_acc1: 65.6250 (63.8021)  manu_acc1: 75.0000 (74.7396)  time: 0.7799  data: 0.5934  max mem: 11361
Test:  [ 15/391]  eta: 0:04:38  sploss: 4.9529 (5.0621)  famloss: 1.9145 (2.0482)  manuloss: 1.1831 (1.2053)  acc1: 35.1562 (35.1074)  acc5: 59.7656 (59.1553)  family_acc1: 65.2344 (63.8672)  manu_acc1: 75.0000 (74.8047)  time: 0.7420  data: 0.5563  max mem: 11361
Test:  [ 16/391]  eta: 0:04:25  sploss: 4.9529 (5.0503)  famloss: 1.9145 (2.0365)  manuloss: 1.1831 (1.1984)  acc1: 35.5469 (35.4320)  acc5: 59.7656 (59.3750)  family_acc1: 65.6250 (64.0165)  manu_acc1: 75.3906 (74.8392)  time: 0.7081  data: 0.5236  max mem: 11361
Test:  [ 17/391]  eta: 0:04:13  sploss: 4.9356 (5.0412)  famloss: 1.9130 (2.0232)  manuloss: 1.1549 (1.1825)  acc1: 35.5469 (35.6988)  acc5: 59.7656 (59.6571)  family_acc1: 65.6250 (64.3229)  manu_acc1: 75.3906 (75.2170)  time: 0.6783  data: 0.4946  max mem: 11361
Test:  [ 18/391]  eta: 0:04:03  sploss: 4.9529 (5.0397)  famloss: 1.9130 (2.0171)  manuloss: 1.1831 (1.1842)  acc1: 35.5469 (35.8347)  acc5: 59.7656 (59.6834)  family_acc1: 66.0156 (64.4942)  manu_acc1: 75.3906 (75.2262)  time: 0.6521  data: 0.4685  max mem: 11361
Test:  [ 19/391]  eta: 0:03:53  sploss: 4.9529 (5.0387)  famloss: 1.9130 (2.0161)  manuloss: 1.1831 (1.1900)  acc1: 35.5469 (35.7031)  acc5: 59.7656 (59.5703)  family_acc1: 66.0156 (64.5703)  manu_acc1: 75.3906 (75.1562)  time: 0.6285  data: 0.4451  max mem: 11361
Test:  [ 20/391]  eta: 0:03:45  sploss: 5.0115 (5.0544)  famloss: 1.9145 (2.0271)  manuloss: 1.2143 (1.1980)  acc1: 35.1562 (35.5841)  acc5: 59.7656 (59.2076)  family_acc1: 65.6250 (64.4531)  manu_acc1: 75.0000 (75.0744)  time: 0.3285  data: 0.1471  max mem: 11361
Test:  [ 21/391]  eta: 0:03:37  sploss: 5.0206 (5.0678)  famloss: 1.9145 (2.0428)  manuloss: 1.2143 (1.2143)  acc1: 35.1562 (35.6357)  acc5: 59.3750 (59.2152)  family_acc1: 65.6250 (64.0447)  manu_acc1: 75.0000 (74.6626)  time: 0.3279  data: 0.1471  max mem: 11361
Test:  [ 22/391]  eta: 0:03:30  sploss: 5.0206 (5.0600)  famloss: 1.9967 (2.0410)  manuloss: 1.2143 (1.2139)  acc1: 35.1562 (35.6997)  acc5: 59.3750 (59.3750)  family_acc1: 64.8438 (63.9946)  manu_acc1: 75.0000 (74.6943)  time: 0.3266  data: 0.1459  max mem: 11361
Test:  [ 23/391]  eta: 0:03:23  sploss: 5.0115 (5.0479)  famloss: 2.0014 (2.0461)  manuloss: 1.2183 (1.2243)  acc1: 35.5469 (36.1491)  acc5: 59.7656 (59.5866)  family_acc1: 63.6719 (63.9648)  manu_acc1: 74.2188 (74.4303)  time: 0.3270  data: 0.1459  max mem: 11361
Test:  [ 24/391]  eta: 0:03:57  sploss: 4.9529 (5.0429)  famloss: 1.9967 (2.0412)  manuloss: 1.2183 (1.2247)  acc1: 35.5469 (36.2969)  acc5: 59.7656 (59.7344)  family_acc1: 64.8438 (64.0156)  manu_acc1: 74.2188 (74.3906)  time: 0.4614  data: 0.2795  max mem: 11361
Test:  [ 25/391]  eta: 0:03:52  sploss: 4.9356 (5.0383)  famloss: 1.9967 (2.0406)  manuloss: 1.2183 (1.2267)  acc1: 36.7188 (36.5535)  acc5: 59.7656 (59.7957)  family_acc1: 65.2344 (64.0925)  manu_acc1: 75.0000 (74.4291)  time: 0.4705  data: 0.2879  max mem: 11361
Test:  [ 26/391]  eta: 0:03:49  sploss: 4.9356 (5.0245)  famloss: 1.9967 (2.0375)  manuloss: 1.2196 (1.2265)  acc1: 36.7188 (36.8345)  acc5: 59.7656 (60.1707)  family_acc1: 65.2344 (64.1493)  manu_acc1: 75.0000 (74.4647)  time: 0.4828  data: 0.2879  max mem: 11361
Test:  [ 27/391]  eta: 0:03:42  sploss: 4.9356 (5.0266)  famloss: 2.0014 (2.0437)  manuloss: 1.2327 (1.2299)  acc1: 36.7188 (36.8304)  acc5: 60.1562 (60.1702)  family_acc1: 64.8438 (63.9788)  manu_acc1: 75.0000 (74.3583)  time: 0.4829  data: 0.2879  max mem: 11361
Test:  [ 28/391]  eta: 0:03:36  sploss: 4.9230 (5.0229)  famloss: 1.9967 (2.0357)  manuloss: 1.2196 (1.2219)  acc1: 37.1094 (36.9612)  acc5: 60.1562 (60.1293)  family_acc1: 65.2344 (64.0356)  manu_acc1: 75.3906 (74.5420)  time: 0.4819  data: 0.2879  max mem: 11361
Test:  [ 29/391]  eta: 0:03:30  sploss: 4.9217 (5.0177)  famloss: 1.9803 (2.0339)  manuloss: 1.2143 (1.2199)  acc1: 37.5000 (37.1224)  acc5: 60.1562 (60.1302)  family_acc1: 65.2344 (64.0104)  manu_acc1: 75.3906 (74.5703)  time: 0.4815  data: 0.2879  max mem: 11361
Test:  [ 30/391]  eta: 0:03:25  sploss: 4.9213 (5.0106)  famloss: 1.9803 (2.0329)  manuloss: 1.2064 (1.2167)  acc1: 38.2812 (37.2354)  acc5: 60.1562 (60.2823)  family_acc1: 65.2344 (64.0121)  manu_acc1: 75.3906 (74.6598)  time: 0.4810  data: 0.2879  max mem: 11361
Test:  [ 31/391]  eta: 0:03:20  sploss: 4.9213 (5.0082)  famloss: 1.9803 (2.0306)  manuloss: 1.2064 (1.2125)  acc1: 38.2812 (37.2192)  acc5: 61.3281 (60.3394)  family_acc1: 65.2344 (64.1357)  manu_acc1: 75.3906 (74.7681)  time: 0.4805  data: 0.2879  max mem: 11361
Test:  [ 32/391]  eta: 0:03:15  sploss: 4.8925 (5.0032)  famloss: 1.9587 (2.0220)  manuloss: 1.2064 (1.2027)  acc1: 39.0625 (37.2751)  acc5: 61.3281 (60.4403)  family_acc1: 65.2344 (64.2519)  manu_acc1: 75.3906 (75.0592)  time: 0.3417  data: 0.1510  max mem: 11361
Test:  [ 33/391]  eta: 0:03:11  sploss: 4.8892 (4.9969)  famloss: 1.9568 (2.0143)  manuloss: 1.1630 (1.1943)  acc1: 39.8438 (37.4426)  acc5: 62.1094 (60.6043)  family_acc1: 65.6250 (64.3727)  manu_acc1: 75.3906 (75.2642)  time: 0.3408  data: 0.1510  max mem: 11361
Test:  [ 34/391]  eta: 0:03:07  sploss: 4.8868 (4.9921)  famloss: 1.9568 (2.0125)  manuloss: 1.1630 (1.1899)  acc1: 39.8438 (37.5112)  acc5: 62.8906 (60.6920)  family_acc1: 65.2344 (64.2857)  manu_acc1: 75.3906 (75.3237)  time: 0.3320  data: 0.1423  max mem: 11361
Test:  [ 35/391]  eta: 0:03:03  sploss: 4.8868 (4.9860)  famloss: 1.9568 (2.0031)  manuloss: 1.1630 (1.1853)  acc1: 39.8438 (37.6302)  acc5: 62.1094 (60.7205)  family_acc1: 65.6250 (64.4965)  manu_acc1: 75.3906 (75.3798)  time: 0.3318  data: 0.1423  max mem: 11361
Test:  [ 36/391]  eta: 0:03:19  sploss: 4.8892 (4.9865)  famloss: 1.9587 (2.0033)  manuloss: 1.2064 (1.1863)  acc1: 39.8438 (37.6267)  acc5: 62.1094 (60.7686)  family_acc1: 65.2344 (64.4848)  manu_acc1: 75.3906 (75.3801)  time: 0.4376  data: 0.2471  max mem: 11361
Test:  [ 37/391]  eta: 0:03:18  sploss: 4.9213 (4.9919)  famloss: 1.9803 (2.0101)  manuloss: 1.2143 (1.1947)  acc1: 39.0625 (37.4589)  acc5: 61.7188 (60.5058)  family_acc1: 64.0625 (64.2373)  manu_acc1: 75.3906 (75.1645)  time: 0.4555  data: 0.2636  max mem: 11361
Test:  [ 38/391]  eta: 0:03:14  sploss: 4.9213 (4.9960)  famloss: 1.9967 (2.0125)  manuloss: 1.2196 (1.1981)  acc1: 39.0625 (37.3498)  acc5: 61.7188 (60.4768)  family_acc1: 64.0625 (64.2228)  manu_acc1: 75.3906 (75.0401)  time: 0.4555  data: 0.2636  max mem: 11361
Test:  [ 39/391]  eta: 0:03:10  sploss: 4.9213 (5.0008)  famloss: 2.0014 (2.0169)  manuloss: 1.2196 (1.2021)  acc1: 39.0625 (37.3242)  acc5: 61.7188 (60.3711)  family_acc1: 64.0625 (64.2188)  manu_acc1: 75.3906 (74.9707)  time: 0.4550  data: 0.2636  max mem: 11361
Test:  [ 40/391]  eta: 0:03:07  sploss: 4.9213 (5.0043)  famloss: 2.0014 (2.0215)  manuloss: 1.2196 (1.2034)  acc1: 39.0625 (37.1475)  acc5: 61.7188 (60.2611)  family_acc1: 64.0625 (64.0625)  manu_acc1: 75.3906 (74.9905)  time: 0.4548  data: 0.2636  max mem: 11361
Test:  [ 41/391]  eta: 0:03:03  sploss: 4.9213 (5.0083)  famloss: 1.9803 (2.0200)  manuloss: 1.2064 (1.2007)  acc1: 39.0625 (37.0443)  acc5: 61.7188 (60.1656)  family_acc1: 64.0625 (64.1183)  manu_acc1: 75.3906 (75.0465)  time: 0.4540  data: 0.2636  max mem: 11361
Test:  [ 42/391]  eta: 0:03:00  sploss: 4.9217 (5.0087)  famloss: 1.9803 (2.0195)  manuloss: 1.2196 (1.2013)  acc1: 39.0625 (37.0640)  acc5: 61.3281 (60.0654)  family_acc1: 64.0625 (64.0625)  manu_acc1: 75.3906 (75.0454)  time: 0.4544  data: 0.2636  max mem: 11361
Test:  [ 43/391]  eta: 0:02:56  sploss: 4.9230 (5.0071)  famloss: 1.9803 (2.0213)  manuloss: 1.1709 (1.2006)  acc1: 37.8906 (37.0827)  acc5: 61.3281 (60.1296)  family_acc1: 64.0625 (64.0092)  manu_acc1: 75.3906 (75.0533)  time: 0.4540  data: 0.2636  max mem: 11361
Test:  [ 44/391]  eta: 0:02:53  sploss: 4.9340 (5.0058)  famloss: 1.9803 (2.0200)  manuloss: 1.1630 (1.1967)  acc1: 37.8906 (37.1788)  acc5: 60.1562 (60.0955)  family_acc1: 64.0625 (64.0365)  manu_acc1: 75.3906 (75.0955)  time: 0.3189  data: 0.1300  max mem: 11361
Test:  [ 45/391]  eta: 0:02:50  sploss: 4.9419 (5.0099)  famloss: 1.9803 (2.0232)  manuloss: 1.1630 (1.2007)  acc1: 37.8906 (37.1179)  acc5: 60.1562 (60.0628)  family_acc1: 64.0625 (64.0115)  manu_acc1: 75.3906 (75.0170)  time: 0.3098  data: 0.1216  max mem: 11361
Test:  [ 46/391]  eta: 0:02:48  sploss: 4.9419 (5.0067)  famloss: 1.9982 (2.0236)  manuloss: 1.1208 (1.1981)  acc1: 37.8906 (37.1759)  acc5: 60.1562 (60.1479)  family_acc1: 63.6719 (63.9794)  manu_acc1: 75.7812 (75.0332)  time: 0.2978  data: 0.1216  max mem: 11361
Test:  [ 47/391]  eta: 0:02:45  sploss: 4.9419 (5.0071)  famloss: 1.9982 (2.0243)  manuloss: 1.1208 (1.1984)  acc1: 37.8906 (37.1501)  acc5: 60.1562 (60.2214)  family_acc1: 63.6719 (63.9730)  manu_acc1: 75.7812 (75.0488)  time: 0.2977  data: 0.1216  max mem: 11361
Test:  [ 48/391]  eta: 0:02:59  sploss: 4.9472 (5.0063)  famloss: 1.9982 (2.0218)  manuloss: 1.1208 (1.1954)  acc1: 37.5000 (37.1253)  acc5: 60.1562 (60.1802)  family_acc1: 63.6719 (64.0386)  manu_acc1: 75.7812 (75.0957)  time: 0.4156  data: 0.2384  max mem: 11361
Test:  [ 49/391]  eta: 0:02:59  sploss: 4.9681 (5.0065)  famloss: 1.9982 (2.0202)  manuloss: 1.1208 (1.1947)  acc1: 37.1094 (37.1250)  acc5: 61.7188 (60.2188)  family_acc1: 64.0625 (64.0391)  manu_acc1: 75.7812 (75.1094)  time: 0.4350  data: 0.2563  max mem: 11361
Test:  [ 50/391]  eta: 0:02:56  sploss: 4.9681 (5.0047)  famloss: 1.9982 (2.0217)  manuloss: 1.1588 (1.1960)  acc1: 37.1094 (37.1477)  acc5: 61.7188 (60.2482)  family_acc1: 63.6719 (63.9936)  manu_acc1: 75.7812 (75.0306)  time: 0.4356  data: 0.2563  max mem: 11361
Test:  [ 51/391]  eta: 0:02:53  sploss: 5.0033 (5.0082)  famloss: 2.0099 (2.0258)  manuloss: 1.1709 (1.2018)  acc1: 37.5000 (37.1544)  acc5: 59.3750 (60.1938)  family_acc1: 63.6719 (63.8972)  manu_acc1: 75.7812 (74.8723)  time: 0.4363  data: 0.2563  max mem: 11361
Test:  [ 52/391]  eta: 0:02:51  sploss: 5.0033 (5.0042)  famloss: 2.0099 (2.0243)  manuloss: 1.2037 (1.2018)  acc1: 37.5000 (37.2936)  acc5: 59.3750 (60.2742)  family_acc1: 63.6719 (63.9004)  manu_acc1: 75.3906 (74.8673)  time: 0.4369  data: 0.2563  max mem: 11361
Test:  [ 53/391]  eta: 0:02:48  sploss: 5.0033 (5.0015)  famloss: 2.0385 (2.0263)  manuloss: 1.2124 (1.2033)  acc1: 37.5000 (37.3119)  acc5: 59.3750 (60.3733)  family_acc1: 62.8906 (63.8455)  manu_acc1: 75.3906 (74.8047)  time: 0.4377  data: 0.2563  max mem: 11361
Test:  [ 54/391]  eta: 0:02:46  sploss: 5.0159 (5.0020)  famloss: 2.0571 (2.0285)  manuloss: 1.2124 (1.2031)  acc1: 37.1094 (37.2727)  acc5: 59.3750 (60.3693)  family_acc1: 63.2812 (63.8352)  manu_acc1: 75.3906 (74.8438)  time: 0.4381  data: 0.2563  max mem: 11361
Test:  [ 55/391]  eta: 0:02:43  sploss: 5.0159 (4.9999)  famloss: 2.0571 (2.0259)  manuloss: 1.2124 (1.2022)  acc1: 37.1094 (37.3396)  acc5: 59.3750 (60.4074)  family_acc1: 63.2812 (63.8951)  manu_acc1: 75.3906 (74.8675)  time: 0.4386  data: 0.2563  max mem: 11361
Test:  [ 56/391]  eta: 0:02:41  sploss: 5.0159 (4.9975)  famloss: 2.0571 (2.0245)  manuloss: 1.2037 (1.2008)  acc1: 36.7188 (37.3287)  acc5: 59.3750 (60.4441)  family_acc1: 63.2812 (63.9254)  manu_acc1: 75.3906 (74.9246)  time: 0.3340  data: 0.1516  max mem: 11361
Test:  [ 57/391]  eta: 0:02:39  sploss: 4.9681 (4.9953)  famloss: 2.0385 (2.0241)  manuloss: 1.1924 (1.1985)  acc1: 37.1094 (37.3518)  acc5: 60.1562 (60.5132)  family_acc1: 63.2812 (63.8941)  manu_acc1: 75.7812 (74.9596)  time: 0.3178  data: 0.1351  max mem: 11361
Test:  [ 58/391]  eta: 0:02:37  sploss: 4.9681 (4.9949)  famloss: 2.0017 (2.0218)  manuloss: 1.1709 (1.1958)  acc1: 37.1094 (37.3477)  acc5: 61.7188 (60.5403)  family_acc1: 63.2812 (63.9235)  manu_acc1: 75.7812 (75.0331)  time: 0.3176  data: 0.1351  max mem: 11361
Test:  [ 59/391]  eta: 0:02:35  sploss: 4.9472 (4.9896)  famloss: 1.9982 (2.0186)  manuloss: 1.1588 (1.1942)  acc1: 37.5000 (37.4609)  acc5: 62.1094 (60.6445)  family_acc1: 63.2812 (63.9844)  manu_acc1: 75.7812 (75.0586)  time: 0.3194  data: 0.1351  max mem: 11361
Test:  [ 60/391]  eta: 0:02:46  sploss: 4.9419 (4.9872)  famloss: 1.9635 (2.0177)  manuloss: 1.1544 (1.1925)  acc1: 37.8906 (37.4808)  acc5: 62.1094 (60.6942)  family_acc1: 63.6719 (64.0241)  manu_acc1: 75.7812 (75.1345)  time: 0.4411  data: 0.2554  max mem: 11361
Test:  [ 61/391]  eta: 0:02:45  sploss: 4.9133 (4.9854)  famloss: 1.9635 (2.0145)  manuloss: 1.1544 (1.1897)  acc1: 37.8906 (37.5000)  acc5: 62.5000 (60.7359)  family_acc1: 63.6719 (64.0751)  manu_acc1: 75.7812 (75.1638)  time: 0.4507  data: 0.2644  max mem: 11361
Test:  [ 62/391]  eta: 0:02:42  sploss: 4.9133 (4.9873)  famloss: 1.9634 (2.0136)  manuloss: 1.1544 (1.1903)  acc1: 37.8906 (37.4752)  acc5: 62.5000 (60.6771)  family_acc1: 64.0625 (64.1059)  manu_acc1: 75.7812 (75.1116)  time: 0.4505  data: 0.2644  max mem: 11361
Test:  [ 63/391]  eta: 0:02:41  sploss: 4.8872 (4.9802)  famloss: 1.9590 (2.0107)  manuloss: 1.1478 (1.1896)  acc1: 38.2812 (37.6038)  acc5: 62.5000 (60.7788)  family_acc1: 64.0625 (64.1724)  manu_acc1: 75.7812 (75.1038)  time: 0.4546  data: 0.2684  max mem: 11361
Test:  [ 64/391]  eta: 0:02:39  sploss: 4.8872 (4.9809)  famloss: 1.9590 (2.0114)  manuloss: 1.1478 (1.1870)  acc1: 37.5000 (37.5481)  acc5: 62.5000 (60.7512)  family_acc1: 64.0625 (64.0805)  manu_acc1: 75.7812 (75.1502)  time: 0.4550  data: 0.2684  max mem: 11361
Test:  [ 65/391]  eta: 0:02:37  sploss: 4.8747 (4.9766)  famloss: 1.9590 (2.0110)  manuloss: 1.1478 (1.1867)  acc1: 38.2812 (37.6361)  acc5: 62.5000 (60.8428)  family_acc1: 64.0625 (64.0743)  manu_acc1: 75.7812 (75.1598)  time: 0.4553  data: 0.2684  max mem: 11361
Test:  [ 66/391]  eta: 0:02:35  sploss: 4.8872 (4.9766)  famloss: 1.9590 (2.0110)  manuloss: 1.1478 (1.1860)  acc1: 38.2812 (37.6516)  acc5: 62.5000 (60.8442)  family_acc1: 64.0625 (64.0567)  manu_acc1: 75.7812 (75.1691)  time: 0.4554  data: 0.2684  max mem: 11361
Test:  [ 67/391]  eta: 0:02:33  sploss: 4.8747 (4.9732)  famloss: 1.9450 (2.0078)  manuloss: 1.1414 (1.1839)  acc1: 38.2812 (37.6494)  acc5: 62.5000 (60.9203)  family_acc1: 64.0625 (64.1487)  manu_acc1: 76.1719 (75.2355)  time: 0.4549  data: 0.2684  max mem: 11361
Test:  [ 68/391]  eta: 0:02:31  sploss: 4.8698 (4.9709)  famloss: 1.9450 (2.0052)  manuloss: 1.1478 (1.1836)  acc1: 38.2812 (37.7095)  acc5: 62.5000 (60.9828)  family_acc1: 64.0625 (64.1814)  manu_acc1: 76.1719 (75.2717)  time: 0.3378  data: 0.1515  max mem: 11361
Test:  [ 69/391]  eta: 0:02:29  sploss: 4.8698 (4.9698)  famloss: 1.9590 (2.0060)  manuloss: 1.1478 (1.1842)  acc1: 38.6719 (37.7679)  acc5: 63.2812 (61.0156)  family_acc1: 64.0625 (64.1518)  manu_acc1: 76.1719 (75.2400)  time: 0.3183  data: 0.1336  max mem: 11361
Test:  [ 70/391]  eta: 0:02:27  sploss: 4.8698 (4.9706)  famloss: 1.9450 (2.0043)  manuloss: 1.1414 (1.1820)  acc1: 38.6719 (37.8136)  acc5: 63.2812 (61.0145)  family_acc1: 65.6250 (64.2331)  manu_acc1: 76.5625 (75.3026)  time: 0.3175  data: 0.1336  max mem: 11361
Test:  [ 71/391]  eta: 0:02:26  sploss: 4.8633 (4.9664)  famloss: 1.9449 (1.9995)  manuloss: 1.1210 (1.1802)  acc1: 38.6719 (37.8743)  acc5: 63.2812 (61.0948)  family_acc1: 65.6250 (64.3663)  manu_acc1: 76.9531 (75.3581)  time: 0.3171  data: 0.1336  max mem: 11361
Test:  [ 72/391]  eta: 0:02:34  sploss: 4.8633 (4.9630)  famloss: 1.8899 (1.9976)  manuloss: 1.0963 (1.1778)  acc1: 38.6719 (37.8425)  acc5: 63.2812 (61.1248)  family_acc1: 65.6250 (64.3461)  manu_acc1: 76.9531 (75.4120)  time: 0.4348  data: 0.2507  max mem: 11361
Test:  [ 73/391]  eta: 0:02:33  sploss: 4.8698 (4.9627)  famloss: 1.8875 (1.9940)  manuloss: 1.0925 (1.1755)  acc1: 38.6719 (37.8695)  acc5: 63.2812 (61.1486)  family_acc1: 66.0156 (64.4478)  manu_acc1: 76.9531 (75.4487)  time: 0.4418  data: 0.2569  max mem: 11361
Test:  [ 74/391]  eta: 0:02:32  sploss: 4.8698 (4.9623)  famloss: 1.8861 (1.9913)  manuloss: 1.0693 (1.1728)  acc1: 38.6719 (37.8385)  acc5: 63.2812 (61.1302)  family_acc1: 66.0156 (64.4688)  manu_acc1: 77.7344 (75.4948)  time: 0.4468  data: 0.2616  max mem: 11361
Test:  [ 75/391]  eta: 0:02:30  sploss: 4.8698 (4.9624)  famloss: 1.8875 (1.9912)  manuloss: 1.0693 (1.1722)  acc1: 38.6719 (37.7519)  acc5: 63.2812 (61.1123)  family_acc1: 66.0156 (64.4840)  manu_acc1: 77.7344 (75.4883)  time: 0.4516  data: 0.2665  max mem: 11361
Test:  [ 76/391]  eta: 0:02:29  sploss: 4.8747 (4.9627)  famloss: 1.8875 (1.9920)  manuloss: 1.0693 (1.1728)  acc1: 38.6719 (37.7587)  acc5: 63.2812 (61.1151)  family_acc1: 66.0156 (64.4734)  manu_acc1: 76.9531 (75.4819)  time: 0.4511  data: 0.2665  max mem: 11361
Test:  [ 77/391]  eta: 0:02:27  sploss: 4.8915 (4.9642)  famloss: 1.8875 (1.9914)  manuloss: 1.0925 (1.1718)  acc1: 38.6719 (37.7153)  acc5: 62.8906 (61.0327)  family_acc1: 66.0156 (64.4782)  manu_acc1: 76.9531 (75.4657)  time: 0.4496  data: 0.2665  max mem: 11361
Test:  [ 78/391]  eta: 0:02:25  sploss: 4.8915 (4.9637)  famloss: 1.8875 (1.9916)  manuloss: 1.0952 (1.1729)  acc1: 38.6719 (37.6780)  acc5: 63.2812 (61.0710)  family_acc1: 66.0156 (64.4531)  manu_acc1: 76.5625 (75.4153)  time: 0.4493  data: 0.2665  max mem: 11361
Test:  [ 79/391]  eta: 0:02:24  sploss: 4.9226 (4.9658)  famloss: 1.9495 (1.9938)  manuloss: 1.0952 (1.1732)  acc1: 38.2812 (37.6172)  acc5: 62.8906 (61.0156)  family_acc1: 65.6250 (64.4189)  manu_acc1: 76.5625 (75.4297)  time: 0.4476  data: 0.2665  max mem: 11361
Test:  [ 80/391]  eta: 0:02:22  sploss: 4.9336 (4.9689)  famloss: 1.9495 (1.9969)  manuloss: 1.1254 (1.1735)  acc1: 37.5000 (37.5000)  acc5: 61.3281 (60.9279)  family_acc1: 64.8438 (64.3615)  manu_acc1: 76.1719 (75.4389)  time: 0.3254  data: 0.1462  max mem: 11361
Test:  [ 81/391]  eta: 0:02:21  sploss: 4.9396 (4.9695)  famloss: 1.9590 (1.9969)  manuloss: 1.1414 (1.1739)  acc1: 35.9375 (37.4714)  acc5: 60.9375 (60.8946)  family_acc1: 63.6719 (64.3197)  manu_acc1: 75.7812 (75.4335)  time: 0.3165  data: 0.1372  max mem: 11361
Test:  [ 82/391]  eta: 0:02:19  sploss: 4.9396 (4.9709)  famloss: 1.9819 (1.9995)  manuloss: 1.1414 (1.1754)  acc1: 37.5000 (37.4953)  acc5: 61.3281 (60.9187)  family_acc1: 63.6719 (64.2366)  manu_acc1: 75.7812 (75.3718)  time: 0.3166  data: 0.1372  max mem: 11361
Test:  [ 83/391]  eta: 0:02:18  sploss: 4.9697 (4.9734)  famloss: 1.9847 (2.0026)  manuloss: 1.1414 (1.1780)  acc1: 35.5469 (37.4256)  acc5: 60.9375 (60.8538)  family_acc1: 62.8906 (64.1974)  manu_acc1: 75.7812 (75.3627)  time: 0.3129  data: 0.1332  max mem: 11361
Test:  [ 84/391]  eta: 0:02:24  sploss: 4.9697 (4.9748)  famloss: 1.9847 (2.0053)  manuloss: 1.1618 (1.1790)  acc1: 35.5469 (37.3759)  acc5: 60.9375 (60.8318)  family_acc1: 62.8906 (64.0993)  manu_acc1: 75.7812 (75.3309)  time: 0.4210  data: 0.2407  max mem: 11361
Test:  [ 85/391]  eta: 0:02:24  sploss: 4.9697 (4.9739)  famloss: 1.9959 (2.0063)  manuloss: 1.1618 (1.1792)  acc1: 35.5469 (37.4001)  acc5: 60.9375 (60.8557)  family_acc1: 62.8906 (64.1215)  manu_acc1: 75.3906 (75.3316)  time: 0.4330  data: 0.2523  max mem: 11361
Test:  [ 86/391]  eta: 0:02:22  sploss: 4.9396 (4.9730)  famloss: 1.9819 (2.0051)  manuloss: 1.1618 (1.1772)  acc1: 35.5469 (37.3878)  acc5: 61.3281 (60.8881)  family_acc1: 63.6719 (64.1478)  manu_acc1: 75.3906 (75.3906)  time: 0.4386  data: 0.2579  max mem: 11361
Test:  [ 87/391]  eta: 0:02:21  sploss: 4.9697 (4.9749)  famloss: 1.9959 (2.0055)  manuloss: 1.1640 (1.1771)  acc1: 35.5469 (37.3757)  acc5: 60.9375 (60.8532)  family_acc1: 63.6719 (64.1557)  manu_acc1: 75.3906 (75.4128)  time: 0.4441  data: 0.2631  max mem: 11361
Test:  [ 88/391]  eta: 0:02:20  sploss: 4.9697 (4.9745)  famloss: 1.9959 (2.0044)  manuloss: 1.1640 (1.1766)  acc1: 35.5469 (37.3596)  acc5: 60.5469 (60.8497)  family_acc1: 63.6719 (64.2117)  manu_acc1: 75.3906 (75.4301)  time: 0.4433  data: 0.2632  max mem: 11361
Test:  [ 89/391]  eta: 0:02:18  sploss: 4.9697 (4.9735)  famloss: 1.9959 (2.0049)  manuloss: 1.1366 (1.1759)  acc1: 35.5469 (37.3611)  acc5: 60.5469 (60.8854)  family_acc1: 63.6719 (64.1797)  manu_acc1: 76.1719 (75.4557)  time: 0.4436  data: 0.2631  max mem: 11361
Test:  [ 90/391]  eta: 0:02:17  sploss: 4.9697 (4.9738)  famloss: 2.0034 (2.0058)  manuloss: 1.1572 (1.1757)  acc1: 35.5469 (37.3626)  acc5: 60.5469 (60.9075)  family_acc1: 62.8906 (64.1526)  manu_acc1: 76.1719 (75.4679)  time: 0.4435  data: 0.2631  max mem: 11361
Test:  [ 91/391]  eta: 0:02:16  sploss: 4.9854 (4.9762)  famloss: 2.0361 (2.0076)  manuloss: 1.1640 (1.1768)  acc1: 35.5469 (37.3047)  acc5: 59.7656 (60.8950)  family_acc1: 62.8906 (64.1559)  manu_acc1: 75.3906 (75.4458)  time: 0.4435  data: 0.2632  max mem: 11361
Test:  [ 92/391]  eta: 0:02:14  sploss: 4.9992 (4.9764)  famloss: 2.0446 (2.0115)  manuloss: 1.1991 (1.1788)  acc1: 35.1562 (37.2816)  acc5: 59.7656 (60.8325)  family_acc1: 62.5000 (64.0709)  manu_acc1: 75.0000 (75.3990)  time: 0.3259  data: 0.1461  max mem: 11361
Test:  [ 93/391]  eta: 0:02:13  sploss: 4.9995 (4.9779)  famloss: 2.0544 (2.0121)  manuloss: 1.1991 (1.1781)  acc1: 35.1562 (37.2299)  acc5: 59.7656 (60.7962)  family_acc1: 62.5000 (64.0916)  manu_acc1: 75.0000 (75.4239)  time: 0.3184  data: 0.1398  max mem: 11361
Test:  [ 94/391]  eta: 0:02:12  sploss: 5.0236 (4.9793)  famloss: 2.0625 (2.0137)  manuloss: 1.1993 (1.1789)  acc1: 35.1562 (37.2286)  acc5: 58.9844 (60.7689)  family_acc1: 61.7188 (64.0666)  manu_acc1: 75.0000 (75.3988)  time: 0.3132  data: 0.1351  max mem: 11361
Test:  [ 95/391]  eta: 0:02:10  sploss: 5.0236 (4.9775)  famloss: 2.0625 (2.0134)  manuloss: 1.2016 (1.1794)  acc1: 35.1562 (37.2559)  acc5: 58.9844 (60.8398)  family_acc1: 61.7188 (64.0584)  manu_acc1: 75.0000 (75.4150)  time: 0.3080  data: 0.1302  max mem: 11361
Test:  [ 96/391]  eta: 0:02:16  sploss: 5.0778 (4.9792)  famloss: 2.0702 (2.0140)  manuloss: 1.2016 (1.1799)  acc1: 35.1562 (37.2382)  acc5: 58.2031 (60.7845)  family_acc1: 61.7188 (64.0101)  manu_acc1: 75.0000 (75.3785)  time: 0.4134  data: 0.2349  max mem: 11361
Test:  [ 97/391]  eta: 0:02:16  sploss: 5.0704 (4.9801)  famloss: 2.0894 (2.0154)  manuloss: 1.2027 (1.1817)  acc1: 35.1562 (37.2090)  acc5: 58.2031 (60.7462)  family_acc1: 61.7188 (63.9908)  manu_acc1: 75.0000 (75.3229)  time: 0.4470  data: 0.2682  max mem: 11361
Test:  [ 98/391]  eta: 0:02:15  sploss: 5.0778 (4.9821)  famloss: 2.0908 (2.0186)  manuloss: 1.2027 (1.1849)  acc1: 35.5469 (37.2120)  acc5: 58.2031 (60.6929)  family_acc1: 61.7188 (63.9323)  manu_acc1: 75.0000 (75.2367)  time: 0.4475  data: 0.2682  max mem: 11361
Test:  [ 99/391]  eta: 0:02:14  sploss: 5.0704 (4.9815)  famloss: 2.0894 (2.0183)  manuloss: 1.2270 (1.1864)  acc1: 35.9375 (37.2500)  acc5: 58.2031 (60.7070)  family_acc1: 61.7188 (63.9375)  manu_acc1: 74.6094 (75.2070)  time: 0.4482  data: 0.2682  max mem: 11361
Test:  [100/391]  eta: 0:02:13  sploss: 5.0236 (4.9816)  famloss: 2.0894 (2.0192)  manuloss: 1.2316 (1.1869)  acc1: 36.3281 (37.2718)  acc5: 58.9844 (60.7016)  family_acc1: 61.7188 (63.9194)  manu_acc1: 74.6094 (75.2127)  time: 0.4492  data: 0.2682  max mem: 11361
Test:  [101/391]  eta: 0:02:11  sploss: 4.9995 (4.9809)  famloss: 2.0894 (2.0181)  manuloss: 1.2316 (1.1861)  acc1: 36.3281 (37.2817)  acc5: 59.7656 (60.7116)  family_acc1: 62.1094 (63.9668)  manu_acc1: 74.6094 (75.2336)  time: 0.4488  data: 0.2682  max mem: 11361
Test:  [102/391]  eta: 0:02:10  sploss: 4.9992 (4.9796)  famloss: 2.0894 (2.0189)  manuloss: 1.2316 (1.1879)  acc1: 36.3281 (37.3369)  acc5: 59.7656 (60.7403)  family_acc1: 62.1094 (63.9336)  manu_acc1: 74.6094 (75.1820)  time: 0.4498  data: 0.2682  max mem: 11361
Test:  [103/391]  eta: 0:02:09  sploss: 4.9860 (4.9787)  famloss: 2.0702 (2.0174)  manuloss: 1.2316 (1.1886)  acc1: 37.1094 (37.3610)  acc5: 60.1562 (60.7647)  family_acc1: 62.1094 (63.9461)  manu_acc1: 73.8281 (75.1690)  time: 0.4495  data: 0.2682  max mem: 11361
Test:  [104/391]  eta: 0:02:08  sploss: 4.9860 (4.9814)  famloss: 2.0702 (2.0204)  manuloss: 1.2316 (1.1911)  acc1: 37.1094 (37.3549)  acc5: 60.1562 (60.7254)  family_acc1: 62.1094 (63.8653)  manu_acc1: 73.8281 (75.1228)  time: 0.3411  data: 0.1607  max mem: 11361
Test:  [105/391]  eta: 0:02:06  sploss: 4.9860 (4.9812)  famloss: 2.0702 (2.0217)  manuloss: 1.2331 (1.1920)  acc1: 37.1094 (37.3894)  acc5: 60.1562 (60.7459)  family_acc1: 62.1094 (63.8451)  manu_acc1: 73.8281 (75.1179)  time: 0.3286  data: 0.1491  max mem: 11361
Test:  [106/391]  eta: 0:02:05  sploss: 4.9992 (4.9841)  famloss: 2.0894 (2.0240)  manuloss: 1.2331 (1.1923)  acc1: 37.1094 (37.3321)  acc5: 59.7656 (60.6746)  family_acc1: 61.7188 (63.7887)  manu_acc1: 73.4375 (75.0876)  time: 0.3236  data: 0.1436  max mem: 11361
Test:  [107/391]  eta: 0:02:04  sploss: 4.9992 (4.9858)  famloss: 2.1019 (2.0260)  manuloss: 1.2576 (1.1938)  acc1: 37.5000 (37.3517)  acc5: 59.7656 (60.6481)  family_acc1: 61.7188 (63.7117)  manu_acc1: 73.0469 (75.0398)  time: 0.3186  data: 0.1383  max mem: 11361
Test:  [108/391]  eta: 0:02:08  sploss: 4.9995 (4.9860)  famloss: 2.1123 (2.0290)  manuloss: 1.2686 (1.1975)  acc1: 37.5000 (37.4032)  acc5: 59.7656 (60.6723)  family_acc1: 61.7188 (63.6719)  manu_acc1: 72.2656 (74.9749)  time: 0.4118  data: 0.2304  max mem: 11361
Test:  [109/391]  eta: 0:02:09  sploss: 5.0011 (4.9867)  famloss: 2.1459 (2.0300)  manuloss: 1.2789 (1.1989)  acc1: 37.5000 (37.3757)  acc5: 58.2031 (60.6428)  family_acc1: 61.7188 (63.6506)  manu_acc1: 71.8750 (74.9467)  time: 0.4520  data: 0.2696  max mem: 11361
Test:  [110/391]  eta: 0:02:08  sploss: 5.0666 (4.9886)  famloss: 2.1459 (2.0309)  manuloss: 1.2821 (1.2020)  acc1: 37.1094 (37.3381)  acc5: 57.8125 (60.6102)  family_acc1: 61.7188 (63.6332)  manu_acc1: 71.8750 (74.8628)  time: 0.4530  data: 0.2696  max mem: 11361
Test:  [111/391]  eta: 0:02:07  sploss: 5.0341 (4.9890)  famloss: 2.1260 (2.0317)  manuloss: 1.3151 (1.2030)  acc1: 37.5000 (37.3465)  acc5: 57.8125 (60.6236)  family_acc1: 61.3281 (63.5986)  manu_acc1: 71.8750 (74.8431)  time: 0.4534  data: 0.2696  max mem: 11361
Test:  [112/391]  eta: 0:02:05  sploss: 5.0341 (4.9869)  famloss: 2.1173 (2.0311)  manuloss: 1.3151 (1.2045)  acc1: 38.2812 (37.4032)  acc5: 58.2031 (60.6679)  family_acc1: 61.7188 (63.6200)  manu_acc1: 71.8750 (74.8099)  time: 0.4534  data: 0.2696  max mem: 11361
Test:  [113/391]  eta: 0:02:04  sploss: 5.0341 (4.9875)  famloss: 2.1260 (2.0325)  manuloss: 1.3376 (1.2073)  acc1: 38.2812 (37.3698)  acc5: 58.2031 (60.6462)  family_acc1: 61.7188 (63.6033)  manu_acc1: 71.8750 (74.7533)  time: 0.4535  data: 0.2696  max mem: 11361
Test:  [114/391]  eta: 0:02:03  sploss: 5.0011 (4.9875)  famloss: 2.1173 (2.0319)  manuloss: 1.3376 (1.2079)  acc1: 38.2812 (37.3709)  acc5: 58.2031 (60.6250)  family_acc1: 61.7188 (63.5971)  manu_acc1: 71.0938 (74.7079)  time: 0.4537  data: 0.2696  max mem: 11361
Test:  [115/391]  eta: 0:02:02  sploss: 5.0011 (4.9851)  famloss: 2.1173 (2.0307)  manuloss: 1.3376 (1.2076)  acc1: 38.2812 (37.4023)  acc5: 58.2031 (60.6513)  family_acc1: 61.7188 (63.6517)  manu_acc1: 71.0938 (74.7037)  time: 0.4542  data: 0.2696  max mem: 11361
Test:  [116/391]  eta: 0:02:01  sploss: 4.9860 (4.9847)  famloss: 2.1173 (2.0301)  manuloss: 1.3376 (1.2072)  acc1: 38.2812 (37.4099)  acc5: 60.1562 (60.6804)  family_acc1: 61.7188 (63.6685)  manu_acc1: 71.0938 (74.6928)  time: 0.3488  data: 0.1650  max mem: 11361
Test:  [117/391]  eta: 0:02:00  sploss: 4.9860 (4.9859)  famloss: 2.1158 (2.0308)  manuloss: 1.3151 (1.2077)  acc1: 38.2812 (37.3974)  acc5: 61.7188 (60.7025)  family_acc1: 61.7188 (63.6619)  manu_acc1: 71.8750 (74.6822)  time: 0.3155  data: 0.1316  max mem: 11361
Test:  [118/391]  eta: 0:01:59  sploss: 4.9851 (4.9850)  famloss: 2.1123 (2.0300)  manuloss: 1.2821 (1.2067)  acc1: 38.2812 (37.4147)  acc5: 62.1094 (60.7143)  family_acc1: 61.7188 (63.6620)  manu_acc1: 71.8750 (74.6947)  time: 0.3155  data: 0.1316  max mem: 11361
Test:  [119/391]  eta: 0:01:58  sploss: 4.9851 (4.9838)  famloss: 2.1123 (2.0287)  manuloss: 1.2761 (1.2049)  acc1: 38.2812 (37.4382)  acc5: 62.1094 (60.7454)  family_acc1: 61.7188 (63.6751)  manu_acc1: 71.8750 (74.7266)  time: 0.3152  data: 0.1316  max mem: 11361
Test:  [120/391]  eta: 0:02:01  sploss: 4.9650 (4.9815)  famloss: 2.1019 (2.0271)  manuloss: 1.2761 (1.2033)  acc1: 38.2812 (37.5000)  acc5: 62.1094 (60.8116)  family_acc1: 61.7188 (63.7203)  manu_acc1: 71.8750 (74.7611)  time: 0.4026  data: 0.2189  max mem: 11361
Test:  [121/391]  eta: 0:02:02  sploss: 4.9650 (4.9790)  famloss: 2.1019 (2.0246)  manuloss: 1.2761 (1.2019)  acc1: 39.4531 (37.5192)  acc5: 62.8906 (60.8350)  family_acc1: 61.7188 (63.7423)  manu_acc1: 71.8750 (74.7855)  time: 0.4426  data: 0.2584  max mem: 11361
Test:  [122/391]  eta: 0:02:01  sploss: 4.9650 (4.9770)  famloss: 1.9719 (2.0229)  manuloss: 1.2686 (1.2012)  acc1: 39.4531 (37.5794)  acc5: 62.8906 (60.8581)  family_acc1: 62.8906 (63.7926)  manu_acc1: 72.6562 (74.7936)  time: 0.4422  data: 0.2583  max mem: 11361
Test:  [123/391]  eta: 0:02:00  sploss: 4.9650 (4.9755)  famloss: 1.9719 (2.0214)  manuloss: 1.2640 (1.1994)  acc1: 39.4531 (37.6103)  acc5: 62.1094 (60.8650)  family_acc1: 62.8906 (63.8073)  manu_acc1: 72.6562 (74.8330)  time: 0.4421  data: 0.2583  max mem: 11361
Test:  [124/391]  eta: 0:01:59  sploss: 4.9308 (4.9745)  famloss: 1.9719 (2.0211)  manuloss: 1.2206 (1.1990)  acc1: 39.4531 (37.6000)  acc5: 62.1094 (60.8594)  family_acc1: 62.8906 (63.8094)  manu_acc1: 73.4375 (74.8594)  time: 0.4419  data: 0.2583  max mem: 11361
Test:  [125/391]  eta: 0:01:58  sploss: 4.8836 (4.9730)  famloss: 1.9599 (2.0195)  manuloss: 1.1720 (1.1983)  acc1: 39.4531 (37.6302)  acc5: 62.1094 (60.8972)  family_acc1: 63.6719 (63.8579)  manu_acc1: 73.4375 (74.8791)  time: 0.4419  data: 0.2583  max mem: 11361
Test:  [126/391]  eta: 0:01:57  sploss: 4.8509 (4.9710)  famloss: 1.9541 (2.0179)  manuloss: 1.1609 (1.1952)  acc1: 39.4531 (37.6507)  acc5: 63.2812 (60.9498)  family_acc1: 64.0625 (63.8964)  manu_acc1: 73.4375 (74.9539)  time: 0.4408  data: 0.2583  max mem: 11361
Test:  [127/391]  eta: 0:01:55  sploss: 4.8341 (4.9686)  famloss: 1.9305 (2.0169)  manuloss: 1.1476 (1.1946)  acc1: 39.8438 (37.6678)  acc5: 63.2812 (60.9680)  family_acc1: 65.2344 (63.9160)  manu_acc1: 74.2188 (74.9725)  time: 0.4402  data: 0.2583  max mem: 11361
Test:  [128/391]  eta: 0:01:55  sploss: 4.7930 (4.9669)  famloss: 1.9305 (2.0171)  manuloss: 1.1476 (1.1952)  acc1: 39.8438 (37.6968)  acc5: 63.2812 (61.0102)  family_acc1: 65.2344 (63.9202)  manu_acc1: 74.2188 (74.9576)  time: 0.3470  data: 0.1662  max mem: 11361
Test:  [129/391]  eta: 0:01:54  sploss: 4.7930 (4.9677)  famloss: 1.9305 (2.0166)  manuloss: 1.1165 (1.1943)  acc1: 39.8438 (37.6833)  acc5: 63.2812 (61.0066)  family_acc1: 65.2344 (63.9093)  manu_acc1: 75.7812 (74.9940)  time: 0.3069  data: 0.1270  max mem: 11361
Test:  [130/391]  eta: 0:01:53  sploss: 4.7930 (4.9671)  famloss: 1.9305 (2.0168)  manuloss: 1.1165 (1.1950)  acc1: 39.8438 (37.6998)  acc5: 63.2812 (61.0001)  family_acc1: 65.2344 (63.9045)  manu_acc1: 75.7812 (74.9911)  time: 0.3056  data: 0.1270  max mem: 11361
Test:  [131/391]  eta: 0:01:52  sploss: 4.7792 (4.9649)  famloss: 1.8951 (2.0151)  manuloss: 1.1147 (1.1935)  acc1: 39.8438 (37.7131)  acc5: 63.6719 (61.0411)  family_acc1: 65.6250 (63.9323)  manu_acc1: 76.1719 (75.0207)  time: 0.3046  data: 0.1270  max mem: 11361
Test:  [132/391]  eta: 0:01:55  sploss: 4.7792 (4.9617)  famloss: 1.8948 (2.0129)  manuloss: 1.1147 (1.1929)  acc1: 39.8438 (37.7790)  acc5: 63.6719 (61.0873)  family_acc1: 65.6250 (63.9656)  manu_acc1: 76.1719 (75.0264)  time: 0.4045  data: 0.2266  max mem: 11361
Test:  [133/391]  eta: 0:01:55  sploss: 4.7490 (4.9595)  famloss: 1.8822 (2.0110)  manuloss: 1.1131 (1.1918)  acc1: 39.8438 (37.8119)  acc5: 63.6719 (61.1212)  family_acc1: 65.6250 (64.0013)  manu_acc1: 77.3438 (75.0496)  time: 0.4406  data: 0.2625  max mem: 11361
Test:  [134/391]  eta: 0:01:54  sploss: 4.7290 (4.9573)  famloss: 1.8369 (2.0090)  manuloss: 1.0889 (1.1904)  acc1: 40.2344 (37.8501)  acc5: 63.6719 (61.1603)  family_acc1: 66.4062 (64.0480)  manu_acc1: 77.3438 (75.0926)  time: 0.4401  data: 0.2625  max mem: 11361
Test:  [135/391]  eta: 0:01:53  sploss: 4.7290 (4.9552)  famloss: 1.8358 (2.0071)  manuloss: 1.0810 (1.1886)  acc1: 40.2344 (37.9107)  acc5: 64.0625 (61.1903)  family_acc1: 66.4062 (64.1085)  manu_acc1: 77.7344 (75.1321)  time: 0.4393  data: 0.2625  max mem: 11361
Test:  [136/391]  eta: 0:01:52  sploss: 4.7260 (4.9522)  famloss: 1.8239 (2.0054)  manuloss: 1.0507 (1.1874)  acc1: 40.2344 (37.9562)  acc5: 64.4531 (61.2597)  family_acc1: 66.4062 (64.1423)  manu_acc1: 78.1250 (75.1654)  time: 0.4386  data: 0.2625  max mem: 11361
Test:  [137/391]  eta: 0:01:51  sploss: 4.7260 (4.9506)  famloss: 1.8182 (2.0040)  manuloss: 1.0367 (1.1859)  acc1: 41.4062 (37.9869)  acc5: 64.4531 (61.2743)  family_acc1: 67.5781 (64.1729)  manu_acc1: 78.1250 (75.1897)  time: 0.4379  data: 0.2625  max mem: 11361
Test:  [138/391]  eta: 0:01:50  sploss: 4.7260 (4.9502)  famloss: 1.8182 (2.0036)  manuloss: 1.0367 (1.1853)  acc1: 41.4062 (38.0171)  acc5: 64.4531 (61.2860)  family_acc1: 67.5781 (64.1468)  manu_acc1: 78.1250 (75.1855)  time: 0.4376  data: 0.2625  max mem: 11361
Test:  [139/391]  eta: 0:01:49  sploss: 4.7260 (4.9493)  famloss: 1.8182 (2.0032)  manuloss: 1.0507 (1.1846)  acc1: 41.4062 (38.0134)  acc5: 63.6719 (61.3002)  family_acc1: 67.5781 (64.1323)  manu_acc1: 78.1250 (75.2121)  time: 0.4368  data: 0.2625  max mem: 11361
Test:  [140/391]  eta: 0:01:48  sploss: 4.7260 (4.9462)  famloss: 1.8150 (1.9999)  manuloss: 1.0507 (1.1824)  acc1: 41.4062 (38.0264)  acc5: 63.6719 (61.3808)  family_acc1: 67.5781 (64.1899)  manu_acc1: 78.1250 (75.2549)  time: 0.3482  data: 0.1751  max mem: 11361
Test:  [141/391]  eta: 0:01:48  sploss: 4.7268 (4.9452)  famloss: 1.8150 (1.9984)  manuloss: 1.0507 (1.1809)  acc1: 41.4062 (38.0089)  acc5: 63.6719 (61.3749)  family_acc1: 67.9688 (64.2165)  manu_acc1: 78.5156 (75.2833)  time: 0.3079  data: 0.1357  max mem: 11361
Test:  [142/391]  eta: 0:01:47  sploss: 4.7268 (4.9447)  famloss: 1.8150 (1.9980)  manuloss: 1.0230 (1.1796)  acc1: 40.2344 (38.0054)  acc5: 64.8438 (61.3991)  family_acc1: 67.5781 (64.2018)  manu_acc1: 78.9062 (75.3169)  time: 0.3074  data: 0.1357  max mem: 11361
Test:  [143/391]  eta: 0:01:46  sploss: 4.7260 (4.9423)  famloss: 1.8118 (1.9956)  manuloss: 1.0230 (1.1777)  acc1: 40.2344 (38.0561)  acc5: 65.2344 (61.4529)  family_acc1: 67.9688 (64.2551)  manu_acc1: 78.9062 (75.3689)  time: 0.3073  data: 0.1357  max mem: 11361
Test:  [144/391]  eta: 0:01:49  sploss: 4.7260 (4.9411)  famloss: 1.7967 (1.9939)  manuloss: 1.0038 (1.1761)  acc1: 41.0156 (38.0765)  acc5: 65.6250 (61.4871)  family_acc1: 68.3594 (64.2969)  manu_acc1: 78.9062 (75.3933)  time: 0.4164  data: 0.2437  max mem: 11361
Test:  [145/391]  eta: 0:01:49  sploss: 4.7260 (4.9397)  famloss: 1.7967 (1.9934)  manuloss: 1.0038 (1.1753)  acc1: 40.2344 (38.0645)  acc5: 65.2344 (61.4940)  family_acc1: 67.9688 (64.3140)  manu_acc1: 78.9062 (75.4227)  time: 0.4512  data: 0.2776  max mem: 11361
Test:  [146/391]  eta: 0:01:48  sploss: 4.7268 (4.9397)  famloss: 1.7967 (1.9929)  manuloss: 1.0230 (1.1750)  acc1: 39.8438 (38.0607)  acc5: 64.8438 (61.4876)  family_acc1: 67.5781 (64.3043)  manu_acc1: 78.9062 (75.4252)  time: 0.4521  data: 0.2776  max mem: 11361
Test:  [147/391]  eta: 0:01:47  sploss: 4.7431 (4.9397)  famloss: 1.7967 (1.9920)  manuloss: 1.0230 (1.1745)  acc1: 39.8438 (38.0648)  acc5: 64.8438 (61.4918)  family_acc1: 67.5781 (64.3185)  manu_acc1: 78.9062 (75.4487)  time: 0.4563  data: 0.2816  max mem: 11361
Test:  [148/391]  eta: 0:01:46  sploss: 4.7431 (4.9391)  famloss: 1.7967 (1.9908)  manuloss: 1.0106 (1.1734)  acc1: 39.8438 (38.0663)  acc5: 63.2812 (61.4907)  family_acc1: 67.5781 (64.3378)  manu_acc1: 78.9062 (75.4745)  time: 0.4561  data: 0.2816  max mem: 11361
Test:  [149/391]  eta: 0:01:46  sploss: 4.7431 (4.9381)  famloss: 1.7967 (1.9899)  manuloss: 1.0106 (1.1723)  acc1: 39.8438 (38.0781)  acc5: 64.4531 (61.5104)  family_acc1: 67.5781 (64.3438)  manu_acc1: 78.9062 (75.4870)  time: 0.4556  data: 0.2816  max mem: 11361
Test:  [150/391]  eta: 0:01:45  sploss: 4.7431 (4.9383)  famloss: 1.7967 (1.9897)  manuloss: 1.0106 (1.1716)  acc1: 39.8438 (38.0950)  acc5: 64.4531 (61.5170)  family_acc1: 67.5781 (64.3626)  manu_acc1: 78.9062 (75.5019)  time: 0.4557  data: 0.2816  max mem: 11361
Test:  [151/391]  eta: 0:01:44  sploss: 4.7686 (4.9394)  famloss: 1.8093 (1.9899)  manuloss: 1.0119 (1.1715)  acc1: 39.8438 (38.0859)  acc5: 63.2812 (61.4952)  family_acc1: 67.1875 (64.3632)  manu_acc1: 78.9062 (75.4960)  time: 0.4562  data: 0.2816  max mem: 11361
Test:  [152/391]  eta: 0:01:43  sploss: 4.7686 (4.9376)  famloss: 1.8093 (1.9885)  manuloss: 1.0106 (1.1697)  acc1: 39.8438 (38.0974)  acc5: 63.2812 (61.5171)  family_acc1: 67.1875 (64.3791)  manu_acc1: 78.9062 (75.5310)  time: 0.3557  data: 0.1820  max mem: 11361
Test:  [153/391]  eta: 0:01:42  sploss: 4.7923 (4.9380)  famloss: 1.8150 (1.9875)  manuloss: 1.0038 (1.1680)  acc1: 39.8438 (38.0758)  acc5: 63.2812 (61.5234)  family_acc1: 67.1875 (64.3999)  manu_acc1: 79.2969 (75.5656)  time: 0.3192  data: 0.1461  max mem: 11361
Test:  [154/391]  eta: 0:01:41  sploss: 4.8120 (4.9384)  famloss: 1.8421 (1.9883)  manuloss: 1.0106 (1.1693)  acc1: 38.6719 (38.0771)  acc5: 62.8906 (61.5146)  family_acc1: 66.7969 (64.3826)  manu_acc1: 78.9062 (75.5267)  time: 0.3197  data: 0.1461  max mem: 11361
Test:  [155/391]  eta: 0:01:40  sploss: 4.8245 (4.9384)  famloss: 1.8522 (1.9880)  manuloss: 1.0106 (1.1680)  acc1: 38.2812 (38.0709)  acc5: 62.5000 (61.5109)  family_acc1: 66.7969 (64.3780)  manu_acc1: 78.9062 (75.5434)  time: 0.3199  data: 0.1461  max mem: 11361
Test:  [156/391]  eta: 0:01:43  sploss: 4.8461 (4.9388)  famloss: 1.8656 (1.9877)  manuloss: 0.9853 (1.1666)  acc1: 38.2812 (38.0723)  acc5: 62.5000 (61.4849)  family_acc1: 66.4062 (64.3760)  manu_acc1: 78.9062 (75.5698)  time: 0.4167  data: 0.2414  max mem: 11361
Test:  [157/391]  eta: 0:01:43  sploss: 4.8632 (4.9406)  famloss: 1.9108 (1.9886)  manuloss: 1.0106 (1.1675)  acc1: 38.2812 (38.0340)  acc5: 62.5000 (61.4394)  family_acc1: 65.2344 (64.3715)  manu_acc1: 78.9062 (75.5414)  time: 0.4526  data: 0.2763  max mem: 11361
Test:  [158/391]  eta: 0:01:42  sploss: 4.8632 (4.9415)  famloss: 1.9108 (1.9895)  manuloss: 1.0106 (1.1680)  acc1: 37.5000 (37.9864)  acc5: 62.1094 (61.4239)  family_acc1: 65.2344 (64.3499)  manu_acc1: 78.9062 (75.5380)  time: 0.4537  data: 0.2763  max mem: 11361
Test:  [159/391]  eta: 0:01:41  sploss: 4.9309 (4.9423)  famloss: 1.9108 (1.9900)  manuloss: 1.0106 (1.1688)  acc1: 37.5000 (37.9834)  acc5: 61.3281 (61.3940)  family_acc1: 65.2344 (64.3311)  manu_acc1: 78.9062 (75.5200)  time: 0.4654  data: 0.2858  max mem: 11361
Test:  [160/391]  eta: 0:01:41  sploss: 4.9409 (4.9423)  famloss: 1.9227 (1.9908)  manuloss: 1.0119 (1.1692)  acc1: 37.5000 (37.9780)  acc5: 60.9375 (61.3815)  family_acc1: 64.4531 (64.3124)  manu_acc1: 78.1250 (75.5119)  time: 0.4655  data: 0.2858  max mem: 11361
Test:  [161/391]  eta: 0:01:40  sploss: 4.9420 (4.9438)  famloss: 1.9375 (1.9924)  manuloss: 1.0642 (1.1698)  acc1: 37.5000 (37.9340)  acc5: 60.9375 (61.3474)  family_acc1: 64.0625 (64.2819)  manu_acc1: 77.7344 (75.4919)  time: 0.4659  data: 0.2858  max mem: 11361
Test:  [162/391]  eta: 0:01:39  sploss: 4.9420 (4.9430)  famloss: 1.9408 (1.9925)  manuloss: 1.0655 (1.1697)  acc1: 37.5000 (37.9577)  acc5: 60.9375 (61.3737)  family_acc1: 64.0625 (64.2734)  manu_acc1: 77.3438 (75.4865)  time: 0.4659  data: 0.2858  max mem: 11361
Test:  [163/391]  eta: 0:01:38  sploss: 4.9506 (4.9435)  famloss: 1.9520 (1.9938)  manuloss: 1.0921 (1.1713)  acc1: 37.5000 (37.9573)  acc5: 60.5469 (61.3662)  family_acc1: 63.6719 (64.2268)  manu_acc1: 75.7812 (75.4359)  time: 0.4666  data: 0.2858  max mem: 11361
Test:  [164/391]  eta: 0:01:37  sploss: 4.9691 (4.9451)  famloss: 1.9588 (1.9946)  manuloss: 1.1203 (1.1709)  acc1: 37.5000 (37.9427)  acc5: 60.1562 (61.3352)  family_acc1: 63.6719 (64.2211)  manu_acc1: 75.7812 (75.4451)  time: 0.3575  data: 0.1778  max mem: 11361
Test:  [165/391]  eta: 0:01:37  sploss: 4.9691 (4.9447)  famloss: 1.9900 (1.9945)  manuloss: 1.1286 (1.1713)  acc1: 37.5000 (37.9424)  acc5: 60.1562 (61.3564)  family_acc1: 63.6719 (64.2225)  manu_acc1: 75.7812 (75.4495)  time: 0.3229  data: 0.1439  max mem: 11361
Test:  [166/391]  eta: 0:01:36  sploss: 4.9901 (4.9465)  famloss: 2.0118 (1.9954)  manuloss: 1.1566 (1.1723)  acc1: 37.5000 (37.9304)  acc5: 60.1562 (61.3515)  family_acc1: 63.6719 (64.2122)  manu_acc1: 75.0000 (75.4304)  time: 0.3223  data: 0.1439  max mem: 11361
Test:  [167/391]  eta: 0:01:35  sploss: 4.9993 (4.9472)  famloss: 2.0181 (1.9958)  manuloss: 1.1566 (1.1721)  acc1: 37.5000 (37.9371)  acc5: 60.1562 (61.3351)  family_acc1: 63.6719 (64.2206)  manu_acc1: 75.0000 (75.4348)  time: 0.3183  data: 0.1400  max mem: 11361
Test:  [168/391]  eta: 0:01:37  sploss: 4.9993 (4.9471)  famloss: 2.0181 (1.9949)  manuloss: 1.1566 (1.1711)  acc1: 37.1094 (37.9299)  acc5: 60.1562 (61.3304)  family_acc1: 63.6719 (64.2382)  manu_acc1: 75.0000 (75.4507)  time: 0.3989  data: 0.2198  max mem: 11361
Test:  [169/391]  eta: 0:01:37  sploss: 5.0089 (4.9488)  famloss: 2.0718 (1.9964)  manuloss: 1.1597 (1.1724)  acc1: 37.1094 (37.8975)  acc5: 59.3750 (61.3006)  family_acc1: 63.2812 (64.2233)  manu_acc1: 74.6094 (75.4159)  time: 0.4367  data: 0.2562  max mem: 11361
Test:  [170/391]  eta: 0:01:36  sploss: 5.0282 (4.9497)  famloss: 2.0741 (1.9969)  manuloss: 1.2242 (1.1729)  acc1: 36.7188 (37.8792)  acc5: 58.9844 (61.2870)  family_acc1: 62.8906 (64.2041)  manu_acc1: 74.6094 (75.4043)  time: 0.4381  data: 0.2573  max mem: 11361
Test:  [171/391]  eta: 0:01:35  sploss: 5.0282 (4.9504)  famloss: 2.0741 (1.9971)  manuloss: 1.2242 (1.1724)  acc1: 36.7188 (37.8679)  acc5: 59.3750 (61.2827)  family_acc1: 62.8906 (64.2124)  manu_acc1: 74.6094 (75.4201)  time: 0.4430  data: 0.2624  max mem: 11361
Test:  [172/391]  eta: 0:01:35  sploss: 5.0434 (4.9510)  famloss: 2.0926 (1.9983)  manuloss: 1.2247 (1.1734)  acc1: 35.9375 (37.8410)  acc5: 59.3750 (61.2943)  family_acc1: 62.5000 (64.1664)  manu_acc1: 74.2188 (75.3974)  time: 0.4433  data: 0.2624  max mem: 11361
Test:  [173/391]  eta: 0:01:34  sploss: 5.0665 (4.9516)  famloss: 2.0926 (1.9987)  manuloss: 1.2247 (1.1735)  acc1: 35.9375 (37.8098)  acc5: 58.9844 (61.2698)  family_acc1: 62.5000 (64.1725)  manu_acc1: 74.2188 (75.3906)  time: 0.4432  data: 0.2624  max mem: 11361
Test:  [174/391]  eta: 0:01:33  sploss: 5.0665 (4.9519)  famloss: 2.0741 (1.9991)  manuloss: 1.2242 (1.1737)  acc1: 35.9375 (37.7946)  acc5: 58.9844 (61.2656)  family_acc1: 62.5000 (64.1629)  manu_acc1: 74.2188 (75.3862)  time: 0.4430  data: 0.2624  max mem: 11361
Test:  [175/391]  eta: 0:01:32  sploss: 5.0665 (4.9523)  famloss: 2.0926 (2.0007)  manuloss: 1.2247 (1.1741)  acc1: 35.9375 (37.7974)  acc5: 58.9844 (61.2504)  family_acc1: 62.5000 (64.1424)  manu_acc1: 74.2188 (75.3773)  time: 0.4432  data: 0.2624  max mem: 11361
Test:  [176/391]  eta: 0:01:32  sploss: 5.0665 (4.9527)  famloss: 2.0926 (2.0006)  manuloss: 1.2247 (1.1738)  acc1: 35.5469 (37.7626)  acc5: 58.9844 (61.2376)  family_acc1: 61.7188 (64.1287)  manu_acc1: 73.8281 (75.3686)  time: 0.3470  data: 0.1672  max mem: 11361
Test:  [177/391]  eta: 0:01:31  sploss: 5.0665 (4.9559)  famloss: 2.0926 (2.0026)  manuloss: 1.2247 (1.1750)  acc1: 35.5469 (37.7304)  acc5: 58.9844 (61.1986)  family_acc1: 61.7188 (64.0866)  manu_acc1: 73.8281 (75.3314)  time: 0.3116  data: 0.1323  max mem: 11361
Test:  [178/391]  eta: 0:01:30  sploss: 5.0665 (4.9575)  famloss: 2.0926 (2.0037)  manuloss: 1.2242 (1.1750)  acc1: 35.9375 (37.7226)  acc5: 58.9844 (61.1710)  family_acc1: 61.7188 (64.0712)  manu_acc1: 73.8281 (75.3361)  time: 0.3111  data: 0.1323  max mem: 11361
Test:  [179/391]  eta: 0:01:29  sploss: 5.0434 (4.9578)  famloss: 2.1157 (2.0051)  manuloss: 1.2242 (1.1758)  acc1: 35.9375 (37.7300)  acc5: 58.9844 (61.1610)  family_acc1: 61.7188 (64.0516)  manu_acc1: 74.2188 (75.3342)  time: 0.3004  data: 0.1228  max mem: 11361
Test:  [180/391]  eta: 0:01:31  sploss: 5.0665 (4.9595)  famloss: 2.0926 (2.0053)  manuloss: 1.2242 (1.1761)  acc1: 35.9375 (37.7223)  acc5: 58.9844 (61.1382)  family_acc1: 61.7188 (64.0603)  manu_acc1: 74.2188 (75.3367)  time: 0.3840  data: 0.2058  max mem: 11361
Test:  [181/391]  eta: 0:01:31  sploss: 5.0665 (4.9611)  famloss: 2.0926 (2.0060)  manuloss: 1.2005 (1.1760)  acc1: 35.9375 (37.7039)  acc5: 58.9844 (61.1242)  family_acc1: 62.1094 (64.0496)  manu_acc1: 74.6094 (75.3498)  time: 0.4425  data: 0.2640  max mem: 11361
Test:  [182/391]  eta: 0:01:31  sploss: 5.0729 (4.9625)  famloss: 2.1157 (2.0076)  manuloss: 1.2242 (1.1772)  acc1: 35.5469 (37.6900)  acc5: 58.9844 (61.1168)  family_acc1: 61.7188 (64.0219)  manu_acc1: 74.2188 (75.3202)  time: 0.4430  data: 0.2640  max mem: 11361
Test:  [183/391]  eta: 0:01:30  sploss: 5.0730 (4.9633)  famloss: 2.0959 (2.0081)  manuloss: 1.2242 (1.1777)  acc1: 35.1562 (37.6635)  acc5: 58.5938 (61.0988)  family_acc1: 62.1094 (64.0264)  manu_acc1: 74.2188 (75.3057)  time: 0.4428  data: 0.2640  max mem: 11361
Test:  [184/391]  eta: 0:01:29  sploss: 5.0729 (4.9634)  famloss: 2.0959 (2.0087)  manuloss: 1.2357 (1.1783)  acc1: 35.1562 (37.6668)  acc5: 58.9844 (61.0980)  family_acc1: 62.1094 (64.0160)  manu_acc1: 73.8281 (75.2935)  time: 0.4428  data: 0.2640  max mem: 11361
Test:  [185/391]  eta: 0:01:28  sploss: 5.0730 (4.9641)  famloss: 2.0959 (2.0087)  manuloss: 1.2357 (1.1782)  acc1: 35.1562 (37.6344)  acc5: 58.5938 (61.0593)  family_acc1: 62.1094 (64.0205)  manu_acc1: 73.8281 (75.2982)  time: 0.4427  data: 0.2640  max mem: 11361
Test:  [186/391]  eta: 0:01:28  sploss: 5.0729 (4.9645)  famloss: 2.0926 (2.0086)  manuloss: 1.2005 (1.1781)  acc1: 35.1562 (37.6274)  acc5: 58.5938 (61.0482)  family_acc1: 61.7188 (64.0040)  manu_acc1: 73.8281 (75.2904)  time: 0.4427  data: 0.2640  max mem: 11361
Test:  [187/391]  eta: 0:01:27  sploss: 5.0665 (4.9650)  famloss: 2.0959 (2.0097)  manuloss: 1.2180 (1.1784)  acc1: 35.1562 (37.6205)  acc5: 58.9844 (61.0414)  family_acc1: 61.7188 (63.9711)  manu_acc1: 73.8281 (75.2888)  time: 0.4433  data: 0.2639  max mem: 11361
Test:  [188/391]  eta: 0:01:26  sploss: 5.0665 (4.9645)  famloss: 2.0959 (2.0101)  manuloss: 1.2357 (1.1787)  acc1: 35.1562 (37.6323)  acc5: 58.9844 (61.0491)  family_acc1: 61.7188 (63.9654)  manu_acc1: 73.8281 (75.2790)  time: 0.3630  data: 0.1842  max mem: 11361
Test:  [189/391]  eta: 0:01:26  sploss: 5.0513 (4.9641)  famloss: 2.0926 (2.0103)  manuloss: 1.2180 (1.1786)  acc1: 35.1562 (37.6501)  acc5: 58.9844 (61.0567)  family_acc1: 61.7188 (63.9576)  manu_acc1: 73.8281 (75.2775)  time: 0.3256  data: 0.1477  max mem: 11361
Test:  [190/391]  eta: 0:01:25  sploss: 5.0513 (4.9651)  famloss: 2.0959 (2.0111)  manuloss: 1.2180 (1.1794)  acc1: 35.1562 (37.6288)  acc5: 58.9844 (61.0418)  family_acc1: 62.1094 (63.9562)  manu_acc1: 74.2188 (75.2720)  time: 0.3246  data: 0.1467  max mem: 11361
Test:  [191/391]  eta: 0:01:24  sploss: 5.0497 (4.9648)  famloss: 2.0959 (2.0107)  manuloss: 1.2180 (1.1794)  acc1: 35.1562 (37.6180)  acc5: 58.9844 (61.0616)  family_acc1: 62.1094 (63.9669)  manu_acc1: 74.2188 (75.2726)  time: 0.3195  data: 0.1415  max mem: 11361
Test:  [192/391]  eta: 0:01:25  sploss: 5.0497 (4.9648)  famloss: 2.0839 (2.0108)  manuloss: 1.2180 (1.1797)  acc1: 35.5469 (37.6376)  acc5: 58.9844 (61.0569)  family_acc1: 62.1094 (63.9653)  manu_acc1: 74.2188 (75.2651)  time: 0.3954  data: 0.2171  max mem: 11361
Test:  [193/391]  eta: 0:01:26  sploss: 5.0293 (4.9649)  famloss: 2.0959 (2.0116)  manuloss: 1.2357 (1.1808)  acc1: 36.3281 (37.6309)  acc5: 58.9844 (61.0543)  family_acc1: 62.1094 (63.9598)  manu_acc1: 73.8281 (75.2436)  time: 0.4557  data: 0.2762  max mem: 11361
Test:  [194/391]  eta: 0:01:25  sploss: 5.0497 (4.9656)  famloss: 2.1178 (2.0124)  manuloss: 1.2374 (1.1819)  acc1: 36.3281 (37.6122)  acc5: 58.9844 (61.0697)  family_acc1: 62.1094 (63.9563)  manu_acc1: 73.8281 (75.2264)  time: 0.4561  data: 0.2762  max mem: 11361
Test:  [195/391]  eta: 0:01:24  sploss: 5.0497 (4.9655)  famloss: 2.0959 (2.0127)  manuloss: 1.2357 (1.1815)  acc1: 36.3281 (37.6136)  acc5: 59.3750 (61.0611)  family_acc1: 62.1094 (63.9349)  manu_acc1: 73.8281 (75.2312)  time: 0.4563  data: 0.2762  max mem: 11361
Test:  [196/391]  eta: 0:01:24  sploss: 5.0497 (4.9654)  famloss: 2.0959 (2.0126)  manuloss: 1.2357 (1.1816)  acc1: 36.3281 (37.6170)  acc5: 59.3750 (61.0466)  family_acc1: 62.1094 (63.9197)  manu_acc1: 73.8281 (75.2201)  time: 0.4565  data: 0.2762  max mem: 11361
Test:  [197/391]  eta: 0:01:23  sploss: 5.0497 (4.9660)  famloss: 2.0959 (2.0136)  manuloss: 1.2357 (1.1827)  acc1: 36.3281 (37.6085)  acc5: 59.3750 (61.0401)  family_acc1: 62.1094 (63.9047)  manu_acc1: 73.8281 (75.1933)  time: 0.4563  data: 0.2762  max mem: 11361
Test:  [198/391]  eta: 0:01:22  sploss: 5.0191 (4.9639)  famloss: 2.0839 (2.0131)  manuloss: 1.2357 (1.1823)  acc1: 36.3281 (37.6296)  acc5: 59.7656 (61.0847)  family_acc1: 62.5000 (63.9329)  manu_acc1: 73.8281 (75.1983)  time: 0.4556  data: 0.2762  max mem: 11361
Test:  [199/391]  eta: 0:01:22  sploss: 4.9733 (4.9632)  famloss: 2.0839 (2.0139)  manuloss: 1.2357 (1.1829)  acc1: 36.3281 (37.6484)  acc5: 59.7656 (61.1055)  family_acc1: 62.5000 (63.8965)  manu_acc1: 73.8281 (75.1875)  time: 0.4557  data: 0.2762  max mem: 11361
Test:  [200/391]  eta: 0:01:21  sploss: 4.9722 (4.9631)  famloss: 2.0839 (2.0139)  manuloss: 1.2241 (1.1831)  acc1: 36.3281 (37.6769)  acc5: 59.7656 (61.1124)  family_acc1: 62.5000 (63.8934)  manu_acc1: 73.8281 (75.1866)  time: 0.3723  data: 0.1932  max mem: 11361
Test:  [201/391]  eta: 0:01:20  sploss: 4.9612 (4.9617)  famloss: 2.0761 (2.0126)  manuloss: 1.2241 (1.1824)  acc1: 36.3281 (37.7205)  acc5: 60.1562 (61.1444)  family_acc1: 62.8906 (63.9329)  manu_acc1: 73.8281 (75.2011)  time: 0.3139  data: 0.1351  max mem: 11361
Test:  [202/391]  eta: 0:01:20  sploss: 4.9457 (4.9613)  famloss: 2.0485 (2.0125)  manuloss: 1.2180 (1.1826)  acc1: 37.8906 (37.7367)  acc5: 60.5469 (61.1530)  family_acc1: 62.8906 (63.9413)  manu_acc1: 73.8281 (75.1924)  time: 0.3135  data: 0.1351  max mem: 11361
Test:  [203/391]  eta: 0:01:19  sploss: 4.9425 (4.9606)  famloss: 2.0485 (2.0127)  manuloss: 1.2177 (1.1823)  acc1: 38.2812 (37.7681)  acc5: 60.9375 (61.1730)  family_acc1: 62.8906 (63.9419)  manu_acc1: 73.8281 (75.1972)  time: 0.3133  data: 0.1351  max mem: 11361
Test:  [204/391]  eta: 0:01:20  sploss: 4.9370 (4.9601)  famloss: 2.0353 (2.0122)  manuloss: 1.2161 (1.1822)  acc1: 38.2812 (37.7858)  acc5: 60.9375 (61.1719)  family_acc1: 63.2812 (63.9653)  manu_acc1: 74.2188 (75.1925)  time: 0.3855  data: 0.2075  max mem: 11361
Test:  [205/391]  eta: 0:01:20  sploss: 4.9200 (4.9596)  famloss: 2.0485 (2.0125)  manuloss: 1.2177 (1.1832)  acc1: 39.8438 (37.8072)  acc5: 62.5000 (61.1878)  family_acc1: 63.2812 (63.9791)  manu_acc1: 73.8281 (75.1801)  time: 0.4405  data: 0.2613  max mem: 11361
Test:  [206/391]  eta: 0:01:19  sploss: 4.8838 (4.9581)  famloss: 2.0485 (2.0117)  manuloss: 1.2177 (1.1830)  acc1: 41.0156 (37.8416)  acc5: 62.5000 (61.2168)  family_acc1: 63.2812 (64.0134)  manu_acc1: 74.2188 (75.1944)  time: 0.4407  data: 0.2613  max mem: 11361
Test:  [207/391]  eta: 0:01:19  sploss: 4.8838 (4.9580)  famloss: 2.0353 (2.0116)  manuloss: 1.2161 (1.1830)  acc1: 41.0156 (37.8512)  acc5: 62.5000 (61.2117)  family_acc1: 63.6719 (64.0193)  manu_acc1: 74.2188 (75.2028)  time: 0.4410  data: 0.2613  max mem: 11361
Test:  [208/391]  eta: 0:01:18  sploss: 4.9200 (4.9578)  famloss: 2.0133 (2.0109)  manuloss: 1.1883 (1.1828)  acc1: 41.0156 (37.8551)  acc5: 62.5000 (61.2160)  family_acc1: 63.6719 (64.0457)  manu_acc1: 74.2188 (75.2037)  time: 0.4417  data: 0.2613  max mem: 11361
Test:  [209/391]  eta: 0:01:17  sploss: 4.9200 (4.9570)  famloss: 2.0004 (2.0105)  manuloss: 1.2037 (1.1829)  acc1: 41.0156 (37.8757)  acc5: 62.5000 (61.2277)  family_acc1: 64.0625 (64.0513)  manu_acc1: 74.2188 (75.2139)  time: 0.4421  data: 0.2613  max mem: 11361
Test:  [210/391]  eta: 0:01:17  sploss: 4.9200 (4.9575)  famloss: 2.0004 (2.0106)  manuloss: 1.1883 (1.1829)  acc1: 41.0156 (37.8684)  acc5: 62.5000 (61.2170)  family_acc1: 64.4531 (64.0532)  manu_acc1: 75.0000 (75.2185)  time: 0.4423  data: 0.2613  max mem: 11361
Test:  [211/391]  eta: 0:01:16  sploss: 4.8854 (4.9572)  famloss: 2.0004 (2.0102)  manuloss: 1.1828 (1.1828)  acc1: 41.0156 (37.8796)  acc5: 62.5000 (61.2268)  family_acc1: 64.4531 (64.0662)  manu_acc1: 75.0000 (75.2230)  time: 0.4434  data: 0.2613  max mem: 11361
Test:  [212/391]  eta: 0:01:15  sploss: 4.8838 (4.9564)  famloss: 1.9910 (2.0099)  manuloss: 1.1828 (1.1833)  acc1: 41.0156 (37.9016)  acc5: 62.8906 (61.2493)  family_acc1: 64.4531 (64.0607)  manu_acc1: 75.0000 (75.2127)  time: 0.3683  data: 0.1857  max mem: 11361
Test:  [213/391]  eta: 0:01:15  sploss: 4.8838 (4.9568)  famloss: 1.9910 (2.0100)  manuloss: 1.1828 (1.1835)  acc1: 41.0156 (37.9107)  acc5: 62.8906 (61.2423)  family_acc1: 64.8438 (64.0643)  manu_acc1: 75.0000 (75.2099)  time: 0.3086  data: 0.1266  max mem: 11361
Test:  [214/391]  eta: 0:01:14  sploss: 4.8660 (4.9563)  famloss: 1.9858 (2.0099)  manuloss: 1.1828 (1.1835)  acc1: 41.0156 (37.9233)  acc5: 62.8906 (61.2609)  family_acc1: 64.8438 (64.0625)  manu_acc1: 75.0000 (75.2035)  time: 0.3085  data: 0.1266  max mem: 11361
Test:  [215/391]  eta: 0:01:14  sploss: 4.8606 (4.9557)  famloss: 1.9858 (2.0100)  manuloss: 1.1927 (1.1837)  acc1: 41.4062 (37.9503)  acc5: 63.2812 (61.2739)  family_acc1: 65.2344 (64.0679)  manu_acc1: 74.6094 (75.1989)  time: 0.3086  data: 0.1266  max mem: 11361
Test:  [216/391]  eta: 0:01:14  sploss: 4.8606 (4.9556)  famloss: 1.9858 (2.0100)  manuloss: 1.1828 (1.1837)  acc1: 41.4062 (37.9716)  acc5: 63.2812 (61.2831)  family_acc1: 65.2344 (64.0679)  manu_acc1: 74.6094 (75.1926)  time: 0.3852  data: 0.2033  max mem: 11361
Test:  [217/391]  eta: 0:01:15  sploss: 4.8606 (4.9552)  famloss: 1.9845 (2.0096)  manuloss: 1.1822 (1.1829)  acc1: 41.7969 (37.9946)  acc5: 63.6719 (61.3048)  family_acc1: 65.2344 (64.0768)  manu_acc1: 75.0000 (75.2114)  time: 0.4451  data: 0.2613  max mem: 11361
Test:  [218/391]  eta: 0:01:14  sploss: 4.8660 (4.9553)  famloss: 1.9858 (2.0097)  manuloss: 1.1828 (1.1838)  acc1: 41.4062 (37.9905)  acc5: 63.2812 (61.2942)  family_acc1: 65.2344 (64.0768)  manu_acc1: 74.6094 (75.1873)  time: 0.4464  data: 0.2613  max mem: 11361
Test:  [219/391]  eta: 0:01:13  sploss: 4.8782 (4.9552)  famloss: 1.9858 (2.0097)  manuloss: 1.1822 (1.1838)  acc1: 41.4062 (37.9989)  acc5: 63.2812 (61.2962)  family_acc1: 65.2344 (64.0767)  manu_acc1: 74.6094 (75.1811)  time: 0.4459  data: 0.2613  max mem: 11361
Test:  [220/391]  eta: 0:01:13  sploss: 4.8782 (4.9561)  famloss: 1.9858 (2.0110)  manuloss: 1.1822 (1.1848)  acc1: 41.0156 (37.9772)  acc5: 63.2812 (61.2769)  family_acc1: 65.2344 (64.0590)  manu_acc1: 74.2188 (75.1626)  time: 0.4464  data: 0.2613  max mem: 11361
Test:  [221/391]  eta: 0:01:12  sploss: 4.8838 (4.9570)  famloss: 2.0004 (2.0124)  manuloss: 1.1828 (1.1861)  acc1: 40.6250 (37.9610)  acc5: 62.8906 (61.2507)  family_acc1: 64.8438 (64.0326)  manu_acc1: 74.2188 (75.1302)  time: 0.4467  data: 0.2612  max mem: 11361
Test:  [222/391]  eta: 0:01:11  sploss: 4.8854 (4.9573)  famloss: 2.0061 (2.0131)  manuloss: 1.1828 (1.1873)  acc1: 40.2344 (37.9659)  acc5: 62.1094 (61.2493)  family_acc1: 64.4531 (64.0152)  manu_acc1: 74.2188 (75.1033)  time: 0.4482  data: 0.2612  max mem: 11361
Test:  [223/391]  eta: 0:01:11  sploss: 4.9270 (4.9577)  famloss: 2.0061 (2.0148)  manuloss: 1.1927 (1.1892)  acc1: 39.8438 (37.9656)  acc5: 61.7188 (61.2374)  family_acc1: 64.4531 (63.9701)  manu_acc1: 73.8281 (75.0471)  time: 0.4490  data: 0.2612  max mem: 11361
Test:  [224/391]  eta: 0:01:10  sploss: 4.9321 (4.9580)  famloss: 2.0174 (2.0160)  manuloss: 1.2037 (1.1906)  acc1: 39.8438 (37.9688)  acc5: 61.7188 (61.2274)  family_acc1: 64.0625 (63.9427)  manu_acc1: 73.8281 (75.0139)  time: 0.3771  data: 0.1888  max mem: 11361
Test:  [225/391]  eta: 0:01:10  sploss: 4.9397 (4.9587)  famloss: 2.0174 (2.0177)  manuloss: 1.2037 (1.1920)  acc1: 39.8438 (37.9667)  acc5: 60.9375 (61.2192)  family_acc1: 64.0625 (63.9052)  manu_acc1: 73.8281 (74.9844)  time: 0.3243  data: 0.1350  max mem: 11361
Test:  [226/391]  eta: 0:01:09  sploss: 4.9397 (4.9572)  famloss: 2.0174 (2.0172)  manuloss: 1.2271 (1.1922)  acc1: 39.8438 (37.9939)  acc5: 60.9375 (61.2524)  family_acc1: 64.0625 (63.9145)  manu_acc1: 73.8281 (74.9742)  time: 0.3268  data: 0.1350  max mem: 11361
Test:  [227/391]  eta: 0:01:09  sploss: 4.9447 (4.9587)  famloss: 2.0214 (2.0179)  manuloss: 1.2299 (1.1931)  acc1: 39.0625 (37.9780)  acc5: 60.9375 (61.2425)  family_acc1: 64.0625 (63.9100)  manu_acc1: 73.0469 (74.9555)  time: 0.3282  data: 0.1350  max mem: 11361
Test:  [228/391]  eta: 0:01:09  sploss: 4.9653 (4.9598)  famloss: 2.0284 (2.0194)  manuloss: 1.2378 (1.1945)  acc1: 39.0625 (37.9606)  acc5: 59.7656 (61.2155)  family_acc1: 63.6719 (63.8680)  manu_acc1: 72.6562 (74.9181)  time: 0.3959  data: 0.2032  max mem: 11361
Test:  [229/391]  eta: 0:01:09  sploss: 5.0130 (4.9603)  famloss: 2.0358 (2.0205)  manuloss: 1.2765 (1.1962)  acc1: 38.6719 (37.9569)  acc5: 59.7656 (61.2092)  family_acc1: 62.8906 (63.8451)  manu_acc1: 71.0938 (74.8743)  time: 0.4611  data: 0.2681  max mem: 11361
Test:  [230/391]  eta: 0:01:09  sploss: 5.0130 (4.9615)  famloss: 2.0389 (2.0216)  manuloss: 1.3966 (1.1978)  acc1: 38.6719 (37.9498)  acc5: 59.7656 (61.1827)  family_acc1: 62.8906 (63.8241)  manu_acc1: 70.7031 (74.8343)  time: 0.4618  data: 0.2681  max mem: 11361
Test:  [231/391]  eta: 0:01:08  sploss: 5.0283 (4.9621)  famloss: 2.1040 (2.0219)  manuloss: 1.3966 (1.1980)  acc1: 37.8906 (37.9496)  acc5: 59.3750 (61.1749)  family_acc1: 60.1562 (63.7998)  manu_acc1: 70.7031 (74.8283)  time: 0.4617  data: 0.2681  max mem: 11361
Test:  [232/391]  eta: 0:01:07  sploss: 5.0360 (4.9626)  famloss: 2.1271 (2.0224)  manuloss: 1.4007 (1.1989)  acc1: 37.8906 (37.9309)  acc5: 59.3750 (61.1638)  family_acc1: 60.1562 (63.7976)  manu_acc1: 70.7031 (74.8122)  time: 0.4613  data: 0.2681  max mem: 11361
Test:  [233/391]  eta: 0:01:07  sploss: 5.0540 (4.9632)  famloss: 2.1746 (2.0231)  manuloss: 1.4015 (1.1999)  acc1: 37.5000 (37.9190)  acc5: 58.9844 (61.1412)  family_acc1: 60.1562 (63.7854)  manu_acc1: 70.7031 (74.7947)  time: 0.4611  data: 0.2681  max mem: 11361
Test:  [234/391]  eta: 0:01:06  sploss: 5.0540 (4.9633)  famloss: 2.1746 (2.0229)  manuloss: 1.4015 (1.1997)  acc1: 37.5000 (37.9372)  acc5: 58.9844 (61.1420)  family_acc1: 60.1562 (63.7849)  manu_acc1: 70.7031 (74.7972)  time: 0.4621  data: 0.2681  max mem: 11361
Test:  [235/391]  eta: 0:01:06  sploss: 5.0540 (4.9625)  famloss: 2.1746 (2.0224)  manuloss: 1.4015 (1.1997)  acc1: 37.5000 (37.9519)  acc5: 58.9844 (61.1775)  family_acc1: 60.1562 (63.7993)  manu_acc1: 70.7031 (74.7997)  time: 0.4621  data: 0.2681  max mem: 11361
Test:  [236/391]  eta: 0:01:05  sploss: 5.0540 (4.9622)  famloss: 2.1746 (2.0222)  manuloss: 1.4015 (1.1997)  acc1: 37.5000 (37.9697)  acc5: 58.9844 (61.2062)  family_acc1: 60.1562 (63.8054)  manu_acc1: 70.7031 (74.7874)  time: 0.3863  data: 0.1913  max mem: 11361
Test:  [237/391]  eta: 0:01:05  sploss: 5.0540 (4.9609)  famloss: 2.1746 (2.0217)  manuloss: 1.4015 (1.1996)  acc1: 37.5000 (38.0006)  acc5: 58.9844 (61.2395)  family_acc1: 60.1562 (63.8229)  manu_acc1: 70.7031 (74.7850)  time: 0.3270  data: 0.1334  max mem: 11361
Test:  [238/391]  eta: 0:01:04  sploss: 5.0540 (4.9603)  famloss: 2.1746 (2.0218)  manuloss: 1.4015 (1.1997)  acc1: 37.8906 (38.0132)  acc5: 59.3750 (61.2431)  family_acc1: 60.1562 (63.8222)  manu_acc1: 70.7031 (74.7777)  time: 0.3262  data: 0.1334  max mem: 11361
Test:  [239/391]  eta: 0:01:03  sploss: 5.0540 (4.9593)  famloss: 2.1746 (2.0218)  manuloss: 1.4015 (1.1998)  acc1: 37.8906 (38.0273)  acc5: 59.3750 (61.2646)  family_acc1: 60.1562 (63.8184)  manu_acc1: 70.7031 (74.7705)  time: 0.3268  data: 0.1334  max mem: 11361
Test:  [240/391]  eta: 0:01:04  sploss: 5.0540 (4.9601)  famloss: 2.1460 (2.0223)  manuloss: 1.4007 (1.1997)  acc1: 37.8906 (38.0187)  acc5: 59.3750 (61.2519)  family_acc1: 60.9375 (63.8096)  manu_acc1: 70.7031 (74.7666)  time: 0.3849  data: 0.1918  max mem: 11361
Test:  [241/391]  eta: 0:01:04  sploss: 5.0360 (4.9591)  famloss: 2.1271 (2.0212)  manuloss: 1.2378 (1.1990)  acc1: 37.8906 (38.0246)  acc5: 59.3750 (61.2765)  family_acc1: 61.7188 (63.8365)  manu_acc1: 71.0938 (74.7853)  time: 0.4564  data: 0.2636  max mem: 11361
Test:  [242/391]  eta: 0:01:03  sploss: 5.0130 (4.9590)  famloss: 2.1040 (2.0212)  manuloss: 1.2378 (1.1994)  acc1: 37.8906 (38.0176)  acc5: 59.3750 (61.2767)  family_acc1: 62.8906 (63.8342)  manu_acc1: 71.4844 (74.7717)  time: 0.4552  data: 0.2636  max mem: 11361
Test:  [243/391]  eta: 0:01:03  sploss: 4.9885 (4.9587)  famloss: 2.0364 (2.0210)  manuloss: 1.2378 (1.1993)  acc1: 37.8906 (38.0219)  acc5: 59.7656 (61.2833)  family_acc1: 62.8906 (63.8320)  manu_acc1: 71.8750 (74.7743)  time: 0.4543  data: 0.2636  max mem: 11361
Test:  [244/391]  eta: 0:01:02  sploss: 4.9474 (4.9579)  famloss: 2.0364 (2.0215)  manuloss: 1.2378 (1.1997)  acc1: 37.8906 (38.0325)  acc5: 61.3281 (61.2962)  family_acc1: 62.8906 (63.8170)  manu_acc1: 71.8750 (74.7545)  time: 0.4540  data: 0.2636  max mem: 11361
Test:  [245/391]  eta: 0:01:02  sploss: 4.9099 (4.9577)  famloss: 2.0317 (2.0209)  manuloss: 1.2214 (1.1997)  acc1: 39.0625 (38.0447)  acc5: 61.3281 (61.3059)  family_acc1: 63.2812 (63.8354)  manu_acc1: 72.6562 (74.7523)  time: 0.4521  data: 0.2636  max mem: 11361
Test:  [246/391]  eta: 0:01:01  sploss: 4.9214 (4.9576)  famloss: 2.0364 (2.0215)  manuloss: 1.2214 (1.1999)  acc1: 39.0625 (38.0504)  acc5: 61.3281 (61.3028)  family_acc1: 62.8906 (63.8237)  manu_acc1: 73.0469 (74.7517)  time: 0.4494  data: 0.2636  max mem: 11361
Test:  [247/391]  eta: 0:01:00  sploss: 4.9099 (4.9567)  famloss: 2.0317 (2.0213)  manuloss: 1.2081 (1.1997)  acc1: 39.4531 (38.0655)  acc5: 61.3281 (61.3139)  family_acc1: 63.2812 (63.8215)  manu_acc1: 73.0469 (74.7590)  time: 0.4473  data: 0.2636  max mem: 11361
Test:  [248/391]  eta: 0:01:00  sploss: 4.9030 (4.9564)  famloss: 2.0264 (2.0213)  manuloss: 1.2081 (1.1998)  acc1: 39.4531 (38.0632)  acc5: 61.3281 (61.3109)  family_acc1: 63.2812 (63.8131)  manu_acc1: 73.4375 (74.7568)  time: 0.3789  data: 0.1954  max mem: 11361
Test:  [249/391]  eta: 0:00:59  sploss: 4.9030 (4.9566)  famloss: 2.0168 (2.0209)  manuloss: 1.2006 (1.1988)  acc1: 39.4531 (38.0547)  acc5: 61.3281 (61.3094)  family_acc1: 63.2812 (63.8172)  manu_acc1: 73.8281 (74.7703)  time: 0.3133  data: 0.1305  max mem: 11361
Test:  [250/391]  eta: 0:00:59  sploss: 4.8936 (4.9555)  famloss: 1.9751 (2.0203)  manuloss: 1.2006 (1.1989)  acc1: 39.4531 (38.0805)  acc5: 62.1094 (61.3328)  family_acc1: 63.2812 (63.8259)  manu_acc1: 73.8281 (74.7619)  time: 0.3124  data: 0.1305  max mem: 11361
Test:  [251/391]  eta: 0:00:58  sploss: 4.8936 (4.9558)  famloss: 1.9751 (2.0203)  manuloss: 1.1950 (1.1987)  acc1: 39.4531 (38.0751)  acc5: 62.1094 (61.3266)  family_acc1: 63.2812 (63.8207)  manu_acc1: 74.2188 (74.7597)  time: 0.3116  data: 0.1305  max mem: 11361
Test:  [252/391]  eta: 0:00:58  sploss: 4.8768 (4.9546)  famloss: 1.9719 (2.0195)  manuloss: 1.1927 (1.1982)  acc1: 40.6250 (38.0929)  acc5: 62.8906 (61.3575)  family_acc1: 63.2812 (63.8371)  manu_acc1: 74.2188 (74.7669)  time: 0.3712  data: 0.1895  max mem: 11361
Test:  [253/391]  eta: 0:00:59  sploss: 4.8697 (4.9542)  famloss: 1.9719 (2.0195)  manuloss: 1.1811 (1.1980)  acc1: 40.6250 (38.0936)  acc5: 63.6719 (61.3696)  family_acc1: 63.2812 (63.8303)  manu_acc1: 74.2188 (74.7739)  time: 0.4470  data: 0.2632  max mem: 11361
Test:  [254/391]  eta: 0:00:58  sploss: 4.8201 (4.9536)  famloss: 1.9719 (2.0192)  manuloss: 1.1811 (1.1976)  acc1: 39.8438 (38.1005)  acc5: 64.0625 (61.3802)  family_acc1: 63.2812 (63.8434)  manu_acc1: 74.2188 (74.7702)  time: 0.4459  data: 0.2632  max mem: 11361
Test:  [255/391]  eta: 0:00:57  sploss: 4.8697 (4.9536)  famloss: 1.9751 (2.0192)  manuloss: 1.1811 (1.1978)  acc1: 39.4531 (38.1058)  acc5: 63.6719 (61.3861)  family_acc1: 63.2812 (63.8382)  manu_acc1: 74.2188 (74.7635)  time: 0.4455  data: 0.2632  max mem: 11361
Test:  [256/391]  eta: 0:00:57  sploss: 4.8697 (4.9533)  famloss: 1.9719 (2.0185)  manuloss: 1.1811 (1.1975)  acc1: 39.4531 (38.1049)  acc5: 63.6719 (61.3950)  family_acc1: 63.2812 (63.8360)  manu_acc1: 74.2188 (74.7659)  time: 0.4446  data: 0.2632  max mem: 11361
Test:  [257/391]  eta: 0:00:56  sploss: 4.8697 (4.9523)  famloss: 1.9719 (2.0176)  manuloss: 1.1682 (1.1966)  acc1: 39.4531 (38.1132)  acc5: 63.6719 (61.4220)  family_acc1: 63.2812 (63.8551)  manu_acc1: 74.2188 (74.7895)  time: 0.4444  data: 0.2632  max mem: 11361
Test:  [258/391]  eta: 0:00:56  sploss: 4.8726 (4.9520)  famloss: 1.9687 (2.0172)  manuloss: 1.1682 (1.1967)  acc1: 39.4531 (38.1365)  acc5: 63.6719 (61.4367)  family_acc1: 63.2812 (63.8710)  manu_acc1: 74.2188 (74.7889)  time: 0.4438  data: 0.2632  max mem: 11361
Test:  [259/391]  eta: 0:00:55  sploss: 4.8730 (4.9519)  famloss: 1.9687 (2.0177)  manuloss: 1.1682 (1.1970)  acc1: 39.4531 (38.1445)  acc5: 63.6719 (61.4468)  family_acc1: 63.2812 (63.8642)  manu_acc1: 74.6094 (74.7897)  time: 0.4431  data: 0.2632  max mem: 11361
Test:  [260/391]  eta: 0:00:55  sploss: 4.8726 (4.9509)  famloss: 1.9639 (2.0175)  manuloss: 1.1522 (1.1965)  acc1: 39.4531 (38.1525)  acc5: 64.0625 (61.4568)  family_acc1: 63.2812 (63.8619)  manu_acc1: 74.6094 (74.7935)  time: 0.3843  data: 0.2048  max mem: 11361
Test:  [261/391]  eta: 0:00:54  sploss: 4.8726 (4.9500)  famloss: 1.9639 (2.0164)  manuloss: 1.1522 (1.1958)  acc1: 39.8438 (38.1664)  acc5: 63.6719 (61.4623)  family_acc1: 63.2812 (63.8866)  manu_acc1: 74.6094 (74.8077)  time: 0.3125  data: 0.1330  max mem: 11361
Test:  [262/391]  eta: 0:00:54  sploss: 4.8697 (4.9482)  famloss: 1.9312 (2.0153)  manuloss: 1.1508 (1.1951)  acc1: 40.2344 (38.2010)  acc5: 64.0625 (61.4989)  family_acc1: 63.2812 (63.9080)  manu_acc1: 75.0000 (74.8158)  time: 0.3123  data: 0.1330  max mem: 11361
Test:  [263/391]  eta: 0:00:53  sploss: 4.7853 (4.9474)  famloss: 1.9168 (2.0144)  manuloss: 1.1385 (1.1939)  acc1: 40.2344 (38.2161)  acc5: 64.0625 (61.5175)  family_acc1: 63.2812 (63.9205)  manu_acc1: 75.0000 (74.8432)  time: 0.3122  data: 0.1330  max mem: 11361
Test:  [264/391]  eta: 0:00:53  sploss: 4.7853 (4.9466)  famloss: 1.9126 (2.0139)  manuloss: 1.1253 (1.1936)  acc1: 40.2344 (38.2120)  acc5: 64.0625 (61.5286)  family_acc1: 64.8438 (63.9328)  manu_acc1: 75.0000 (74.8408)  time: 0.3738  data: 0.1948  max mem: 11361
Test:  [265/391]  eta: 0:00:53  sploss: 4.7853 (4.9461)  famloss: 1.9168 (2.0138)  manuloss: 1.1253 (1.1936)  acc1: 39.8438 (38.2137)  acc5: 64.0625 (61.5455)  family_acc1: 63.2812 (63.9259)  manu_acc1: 75.0000 (74.8341)  time: 0.4513  data: 0.2722  max mem: 11361
Test:  [266/391]  eta: 0:00:53  sploss: 4.7853 (4.9459)  famloss: 1.9168 (2.0137)  manuloss: 1.1253 (1.1934)  acc1: 39.8438 (38.2169)  acc5: 64.0625 (61.5432)  family_acc1: 63.2812 (63.9177)  manu_acc1: 75.3906 (74.8420)  time: 0.4510  data: 0.2722  max mem: 11361
Test:  [267/391]  eta: 0:00:52  sploss: 4.7912 (4.9455)  famloss: 1.9126 (2.0129)  manuloss: 1.1085 (1.1928)  acc1: 39.4531 (38.2200)  acc5: 64.0625 (61.5453)  family_acc1: 64.8438 (63.9328)  manu_acc1: 75.3906 (74.8557)  time: 0.4510  data: 0.2722  max mem: 11361
Test:  [268/391]  eta: 0:00:52  sploss: 4.7912 (4.9452)  famloss: 1.8793 (2.0123)  manuloss: 1.1081 (1.1921)  acc1: 39.4531 (38.2188)  acc5: 64.0625 (61.5459)  family_acc1: 66.0156 (63.9492)  manu_acc1: 75.7812 (74.8708)  time: 0.4507  data: 0.2722  max mem: 11361
Test:  [269/391]  eta: 0:00:51  sploss: 4.7912 (4.9447)  famloss: 1.8720 (2.0114)  manuloss: 1.1081 (1.1917)  acc1: 39.8438 (38.2248)  acc5: 64.0625 (61.5524)  family_acc1: 67.1875 (63.9714)  manu_acc1: 75.7812 (74.8785)  time: 0.4507  data: 0.2722  max mem: 11361
Test:  [270/391]  eta: 0:00:51  sploss: 4.7912 (4.9438)  famloss: 1.8576 (2.0102)  manuloss: 1.0796 (1.1905)  acc1: 39.4531 (38.2294)  acc5: 64.0625 (61.5688)  family_acc1: 67.1875 (63.9976)  manu_acc1: 76.5625 (74.9049)  time: 0.4503  data: 0.2722  max mem: 11361
Test:  [271/391]  eta: 0:00:50  sploss: 4.7912 (4.9435)  famloss: 1.8576 (2.0104)  manuloss: 1.0796 (1.1909)  acc1: 39.8438 (38.2439)  acc5: 64.0625 (61.5881)  family_acc1: 67.1875 (63.9921)  manu_acc1: 76.5625 (74.8937)  time: 0.4506  data: 0.2722  max mem: 11361
Test:  [272/391]  eta: 0:00:50  sploss: 4.7912 (4.9422)  famloss: 1.8576 (2.0092)  manuloss: 1.0796 (1.1900)  acc1: 39.8438 (38.2498)  acc5: 64.0625 (61.6086)  family_acc1: 67.1875 (64.0224)  manu_acc1: 76.5625 (74.9199)  time: 0.3911  data: 0.2133  max mem: 11361
Test:  [273/391]  eta: 0:00:49  sploss: 4.7853 (4.9400)  famloss: 1.8321 (2.0073)  manuloss: 1.0693 (1.1887)  acc1: 39.8438 (38.2855)  acc5: 64.0625 (61.6532)  family_acc1: 67.1875 (64.0654)  manu_acc1: 76.9531 (74.9572)  time: 0.3150  data: 0.1395  max mem: 11361
Test:  [274/391]  eta: 0:00:49  sploss: 4.7912 (4.9401)  famloss: 1.8321 (2.0070)  manuloss: 1.0693 (1.1883)  acc1: 39.8438 (38.2940)  acc5: 64.0625 (61.6548)  family_acc1: 67.1875 (64.0710)  manu_acc1: 76.9531 (74.9645)  time: 0.3153  data: 0.1395  max mem: 11361
Test:  [275/391]  eta: 0:00:48  sploss: 4.7579 (4.9392)  famloss: 1.8122 (2.0060)  manuloss: 1.0350 (1.1877)  acc1: 40.2344 (38.3053)  acc5: 64.4531 (61.6735)  family_acc1: 67.9688 (64.0880)  manu_acc1: 76.9531 (74.9759)  time: 0.3155  data: 0.1396  max mem: 11361
Test:  [276/391]  eta: 0:00:48  sploss: 4.7579 (4.9386)  famloss: 1.8101 (2.0053)  manuloss: 1.0350 (1.1874)  acc1: 40.2344 (38.3250)  acc5: 65.2344 (61.7004)  family_acc1: 67.9688 (64.1020)  manu_acc1: 76.9531 (74.9817)  time: 0.3710  data: 0.1946  max mem: 11361
Test:  [277/391]  eta: 0:00:48  sploss: 4.7579 (4.9369)  famloss: 1.8101 (2.0041)  manuloss: 1.0444 (1.1869)  acc1: 40.2344 (38.3473)  acc5: 65.2344 (61.7272)  family_acc1: 67.9688 (64.1271)  manu_acc1: 76.9531 (74.9972)  time: 0.4513  data: 0.2743  max mem: 11361
Test:  [278/391]  eta: 0:00:48  sploss: 4.7320 (4.9361)  famloss: 1.8101 (2.0036)  manuloss: 1.0444 (1.1864)  acc1: 40.2344 (38.3555)  acc5: 66.0156 (61.7510)  family_acc1: 67.9688 (64.1311)  manu_acc1: 76.9531 (75.0070)  time: 0.4520  data: 0.2743  max mem: 11361
Test:  [279/391]  eta: 0:00:47  sploss: 4.7226 (4.9353)  famloss: 1.7874 (2.0028)  manuloss: 1.0444 (1.1862)  acc1: 40.6250 (38.3775)  acc5: 66.0156 (61.7606)  family_acc1: 67.9688 (64.1462)  manu_acc1: 76.9531 (75.0112)  time: 0.4522  data: 0.2743  max mem: 11361
Test:  [280/391]  eta: 0:00:46  sploss: 4.7226 (4.9340)  famloss: 1.7700 (2.0013)  manuloss: 1.0350 (1.1850)  acc1: 40.6250 (38.3994)  acc5: 66.0156 (61.7952)  family_acc1: 68.3594 (64.1890)  manu_acc1: 77.7344 (75.0417)  time: 0.4521  data: 0.2743  max mem: 11361
Test:  [281/391]  eta: 0:00:46  sploss: 4.7163 (4.9330)  famloss: 1.7700 (2.0005)  manuloss: 1.0350 (1.1845)  acc1: 40.6250 (38.4225)  acc5: 66.4062 (61.8143)  family_acc1: 68.3594 (64.2066)  manu_acc1: 77.7344 (75.0526)  time: 0.4517  data: 0.2743  max mem: 11361
Test:  [282/391]  eta: 0:00:45  sploss: 4.7226 (4.9329)  famloss: 1.7874 (2.0004)  manuloss: 1.0444 (1.1840)  acc1: 40.6250 (38.4262)  acc5: 66.0156 (61.8278)  family_acc1: 67.9688 (64.2047)  manu_acc1: 77.7344 (75.0566)  time: 0.4518  data: 0.2743  max mem: 11361
Test:  [283/391]  eta: 0:00:45  sploss: 4.7579 (4.9324)  famloss: 1.8101 (2.0002)  manuloss: 1.0503 (1.1835)  acc1: 39.8438 (38.4298)  acc5: 66.0156 (61.8412)  family_acc1: 67.9688 (64.2055)  manu_acc1: 77.7344 (75.0701)  time: 0.4513  data: 0.2743  max mem: 11361
Test:  [284/391]  eta: 0:00:44  sploss: 4.7466 (4.9317)  famloss: 1.8101 (2.0000)  manuloss: 1.0503 (1.1833)  acc1: 39.8438 (38.4279)  acc5: 66.0156 (61.8448)  family_acc1: 67.9688 (64.2050)  manu_acc1: 77.7344 (75.0713)  time: 0.3896  data: 0.2125  max mem: 11361
Test:  [285/391]  eta: 0:00:44  sploss: 4.7466 (4.9312)  famloss: 1.8101 (1.9997)  manuloss: 1.0503 (1.1835)  acc1: 40.6250 (38.4561)  acc5: 66.0156 (61.8649)  family_acc1: 67.9688 (64.2141)  manu_acc1: 77.7344 (75.0669)  time: 0.3116  data: 0.1351  max mem: 11361
Test:  [286/391]  eta: 0:00:43  sploss: 4.7400 (4.9305)  famloss: 1.7874 (1.9985)  manuloss: 1.0444 (1.1825)  acc1: 40.6250 (38.4623)  acc5: 66.0156 (61.8739)  family_acc1: 68.3594 (64.2394)  manu_acc1: 78.1250 (75.0871)  time: 0.3113  data: 0.1351  max mem: 11361
Test:  [287/391]  eta: 0:00:43  sploss: 4.7400 (4.9302)  famloss: 1.7874 (1.9982)  manuloss: 1.0503 (1.1821)  acc1: 40.6250 (38.4738)  acc5: 66.7969 (61.8951)  family_acc1: 68.3594 (64.2524)  manu_acc1: 77.7344 (75.0949)  time: 0.3112  data: 0.1351  max mem: 11361
Test:  [288/391]  eta: 0:00:43  sploss: 4.7164 (4.9294)  famloss: 1.7874 (1.9977)  manuloss: 1.0516 (1.1817)  acc1: 40.6250 (38.4664)  acc5: 66.7969 (61.9161)  family_acc1: 67.9688 (64.2571)  manu_acc1: 77.3438 (75.1014)  time: 0.3626  data: 0.1864  max mem: 11361
Test:  [289/391]  eta: 0:00:43  sploss: 4.7163 (4.9283)  famloss: 1.7681 (1.9964)  manuloss: 1.0503 (1.1807)  acc1: 41.4062 (38.4779)  acc5: 67.1875 (61.9491)  family_acc1: 67.9688 (64.2915)  manu_acc1: 77.7344 (75.1266)  time: 0.4513  data: 0.2737  max mem: 11361
Test:  [290/391]  eta: 0:00:42  sploss: 4.7164 (4.9276)  famloss: 1.7681 (1.9956)  manuloss: 1.0503 (1.1801)  acc1: 41.4062 (38.4839)  acc5: 67.1875 (61.9671)  family_acc1: 67.9688 (64.3068)  manu_acc1: 77.7344 (75.1383)  time: 0.4520  data: 0.2737  max mem: 11361
Test:  [291/391]  eta: 0:00:42  sploss: 4.7163 (4.9267)  famloss: 1.7681 (1.9949)  manuloss: 1.0444 (1.1796)  acc1: 40.6250 (38.4886)  acc5: 67.1875 (61.9783)  family_acc1: 68.3594 (64.3234)  manu_acc1: 77.7344 (75.1472)  time: 0.4522  data: 0.2737  max mem: 11361
Test:  [292/391]  eta: 0:00:41  sploss: 4.7163 (4.9252)  famloss: 1.7681 (1.9938)  manuloss: 1.0444 (1.1789)  acc1: 41.4062 (38.5212)  acc5: 67.1875 (62.0041)  family_acc1: 68.3594 (64.3411)  manu_acc1: 77.7344 (75.1626)  time: 0.4514  data: 0.2737  max mem: 11361
Test:  [293/391]  eta: 0:00:41  sploss: 4.7164 (4.9252)  famloss: 1.7964 (1.9934)  manuloss: 1.0503 (1.1788)  acc1: 40.6250 (38.5204)  acc5: 67.1875 (61.9938)  family_acc1: 67.9688 (64.3389)  manu_acc1: 77.7344 (75.1714)  time: 0.4519  data: 0.2737  max mem: 11361
Test:  [294/391]  eta: 0:00:40  sploss: 4.7163 (4.9244)  famloss: 1.7681 (1.9926)  manuloss: 1.0444 (1.1778)  acc1: 41.4062 (38.5434)  acc5: 67.1875 (62.0087)  family_acc1: 68.3594 (64.3591)  manu_acc1: 77.7344 (75.1907)  time: 0.4512  data: 0.2737  max mem: 11361
Test:  [295/391]  eta: 0:00:40  sploss: 4.7164 (4.9242)  famloss: 1.7964 (1.9920)  manuloss: 1.0444 (1.1772)  acc1: 40.6250 (38.5425)  acc5: 67.1875 (62.0157)  family_acc1: 67.9688 (64.3687)  manu_acc1: 77.7344 (75.2059)  time: 0.4510  data: 0.2737  max mem: 11361
Test:  [296/391]  eta: 0:00:39  sploss: 4.7164 (4.9239)  famloss: 1.7903 (1.9913)  manuloss: 1.0444 (1.1768)  acc1: 40.6250 (38.5509)  acc5: 66.4062 (62.0252)  family_acc1: 68.3594 (64.3926)  manu_acc1: 78.1250 (75.2157)  time: 0.3947  data: 0.2187  max mem: 11361
Test:  [297/391]  eta: 0:00:39  sploss: 4.7164 (4.9221)  famloss: 1.7903 (1.9900)  manuloss: 1.0326 (1.1757)  acc1: 40.6250 (38.5775)  acc5: 66.4062 (62.0517)  family_acc1: 68.3594 (64.4243)  manu_acc1: 78.1250 (75.2464)  time: 0.3136  data: 0.1390  max mem: 11361
Test:  [298/391]  eta: 0:00:38  sploss: 4.7164 (4.9210)  famloss: 1.7681 (1.9891)  manuloss: 1.0325 (1.1751)  acc1: 41.0156 (38.5922)  acc5: 65.6250 (62.0597)  family_acc1: 68.7500 (64.4492)  manu_acc1: 78.1250 (75.2600)  time: 0.3125  data: 0.1390  max mem: 11361
Test:  [299/391]  eta: 0:00:38  sploss: 4.7164 (4.9200)  famloss: 1.7681 (1.9882)  manuloss: 1.0065 (1.1744)  acc1: 41.0156 (38.6159)  acc5: 66.4062 (62.0742)  family_acc1: 69.1406 (64.4714)  manu_acc1: 78.1250 (75.2695)  time: 0.3122  data: 0.1390  max mem: 11361
Test:  [300/391]  eta: 0:00:38  sploss: 4.7323 (4.9199)  famloss: 1.7903 (1.9879)  manuloss: 1.0325 (1.1742)  acc1: 40.2344 (38.6057)  acc5: 65.6250 (62.0795)  family_acc1: 68.7500 (64.4687)  manu_acc1: 78.1250 (75.2725)  time: 0.3586  data: 0.1854  max mem: 11361
Test:  [301/391]  eta: 0:00:38  sploss: 4.7400 (4.9194)  famloss: 1.7903 (1.9868)  manuloss: 1.0065 (1.1734)  acc1: 40.2344 (38.6059)  acc5: 65.6250 (62.0874)  family_acc1: 68.7500 (64.4868)  manu_acc1: 78.1250 (75.2859)  time: 0.4463  data: 0.2714  max mem: 11361
Test:  [302/391]  eta: 0:00:37  sploss: 4.7323 (4.9187)  famloss: 1.7626 (1.9859)  manuloss: 1.0027 (1.1726)  acc1: 40.2344 (38.6048)  acc5: 65.6250 (62.0991)  family_acc1: 68.7500 (64.4944)  manu_acc1: 78.5156 (75.3068)  time: 0.4464  data: 0.2714  max mem: 11361
Test:  [303/391]  eta: 0:00:37  sploss: 4.7323 (4.9184)  famloss: 1.7461 (1.9851)  manuloss: 0.9941 (1.1719)  acc1: 40.2344 (38.6153)  acc5: 65.6250 (62.1222)  family_acc1: 69.1406 (64.5135)  manu_acc1: 78.5156 (75.3212)  time: 0.4467  data: 0.2714  max mem: 11361
Test:  [304/391]  eta: 0:00:36  sploss: 4.7164 (4.9177)  famloss: 1.7340 (1.9842)  manuloss: 0.9805 (1.1709)  acc1: 40.2344 (38.6117)  acc5: 66.4062 (62.1427)  family_acc1: 69.5312 (64.5300)  manu_acc1: 79.2969 (75.3394)  time: 0.4476  data: 0.2714  max mem: 11361
Test:  [305/391]  eta: 0:00:36  sploss: 4.7164 (4.9174)  famloss: 1.7340 (1.9835)  manuloss: 0.9805 (1.1704)  acc1: 40.2344 (38.6195)  acc5: 65.6250 (62.1400)  family_acc1: 69.5312 (64.5514)  manu_acc1: 79.2969 (75.3562)  time: 0.4501  data: 0.2714  max mem: 11361
Test:  [306/391]  eta: 0:00:35  sploss: 4.7164 (4.9169)  famloss: 1.7461 (1.9832)  manuloss: 0.9941 (1.1701)  acc1: 41.0156 (38.6324)  acc5: 66.4062 (62.1539)  family_acc1: 69.5312 (64.5613)  manu_acc1: 79.2969 (75.3614)  time: 0.4535  data: 0.2714  max mem: 11361
Test:  [307/391]  eta: 0:00:35  sploss: 4.7164 (4.9170)  famloss: 1.7461 (1.9829)  manuloss: 0.9941 (1.1699)  acc1: 40.2344 (38.6173)  acc5: 65.6250 (62.1462)  family_acc1: 69.5312 (64.5647)  manu_acc1: 79.2969 (75.3665)  time: 0.4553  data: 0.2715  max mem: 11361
Test:  [308/391]  eta: 0:00:34  sploss: 4.7323 (4.9171)  famloss: 1.7461 (1.9826)  manuloss: 0.9941 (1.1697)  acc1: 40.2344 (38.6175)  acc5: 65.2344 (62.1561)  family_acc1: 69.5312 (64.5707)  manu_acc1: 79.2969 (75.3679)  time: 0.4044  data: 0.2201  max mem: 11361
Test:  [309/391]  eta: 0:00:34  sploss: 4.7531 (4.9170)  famloss: 1.7626 (1.9822)  manuloss: 0.9941 (1.1690)  acc1: 39.8438 (38.6101)  acc5: 65.2344 (62.1522)  family_acc1: 69.1406 (64.5728)  manu_acc1: 79.2969 (75.3805)  time: 0.3156  data: 0.1328  max mem: 11361
Test:  [310/391]  eta: 0:00:33  sploss: 4.7883 (4.9170)  famloss: 1.7634 (1.9818)  manuloss: 0.9941 (1.1690)  acc1: 38.6719 (38.6066)  acc5: 64.8438 (62.1584)  family_acc1: 69.1406 (64.5850)  manu_acc1: 79.2969 (75.3831)  time: 0.3152  data: 0.1328  max mem: 11361
Test:  [311/391]  eta: 0:00:33  sploss: 4.8150 (4.9169)  famloss: 1.7634 (1.9812)  manuloss: 0.9941 (1.1684)  acc1: 38.6719 (38.5980)  acc5: 64.4531 (62.1532)  family_acc1: 69.5312 (64.6021)  manu_acc1: 79.2969 (75.3894)  time: 0.3140  data: 0.1328  max mem: 11361
Test:  [312/391]  eta: 0:00:33  sploss: 4.8278 (4.9172)  famloss: 1.7903 (1.9811)  manuloss: 1.0005 (1.1680)  acc1: 38.6719 (38.5982)  acc5: 64.4531 (62.1568)  family_acc1: 68.3594 (64.5954)  manu_acc1: 78.5156 (75.3994)  time: 0.3603  data: 0.1792  max mem: 11361
Test:  [313/391]  eta: 0:00:33  sploss: 4.8278 (4.9170)  famloss: 1.7634 (1.9804)  manuloss: 0.9941 (1.1672)  acc1: 38.6719 (38.5960)  acc5: 64.4531 (62.1616)  family_acc1: 68.3594 (64.5999)  manu_acc1: 79.2969 (75.4192)  time: 0.4486  data: 0.2656  max mem: 11361
Test:  [314/391]  eta: 0:00:32  sploss: 4.8278 (4.9163)  famloss: 1.7634 (1.9796)  manuloss: 1.0005 (1.1667)  acc1: 38.6719 (38.6260)  acc5: 64.4531 (62.1788)  family_acc1: 68.3594 (64.6168)  manu_acc1: 78.5156 (75.4204)  time: 0.4492  data: 0.2656  max mem: 11361
Test:  [315/391]  eta: 0:00:32  sploss: 4.8150 (4.9157)  famloss: 1.7634 (1.9793)  manuloss: 1.0005 (1.1665)  acc1: 38.6719 (38.6237)  acc5: 64.4531 (62.1885)  family_acc1: 68.3594 (64.6175)  manu_acc1: 78.1250 (75.4203)  time: 0.4502  data: 0.2656  max mem: 11361
Test:  [316/391]  eta: 0:00:31  sploss: 4.8150 (4.9156)  famloss: 1.7634 (1.9790)  manuloss: 0.9941 (1.1660)  acc1: 38.2812 (38.6177)  acc5: 64.4531 (62.1870)  family_acc1: 67.5781 (64.6182)  manu_acc1: 78.5156 (75.4301)  time: 0.4503  data: 0.2656  max mem: 11361
Test:  [317/391]  eta: 0:00:31  sploss: 4.8279 (4.9154)  famloss: 1.7977 (1.9785)  manuloss: 0.9941 (1.1653)  acc1: 38.2812 (38.6203)  acc5: 64.0625 (62.1880)  family_acc1: 67.5781 (64.6276)  manu_acc1: 78.5156 (75.4422)  time: 0.4508  data: 0.2656  max mem: 11361
Test:  [318/391]  eta: 0:00:30  sploss: 4.8283 (4.9151)  famloss: 1.8036 (1.9782)  manuloss: 1.0005 (1.1648)  acc1: 37.8906 (38.6168)  acc5: 64.0625 (62.1939)  family_acc1: 66.7969 (64.6295)  manu_acc1: 78.1250 (75.4494)  time: 0.4512  data: 0.2656  max mem: 11361
Test:  [319/391]  eta: 0:00:30  sploss: 4.8283 (4.9148)  famloss: 1.8518 (1.9779)  manuloss: 1.0163 (1.1645)  acc1: 37.8906 (38.6267)  acc5: 64.0625 (62.1997)  family_acc1: 66.4062 (64.6338)  manu_acc1: 77.7344 (75.4553)  time: 0.4511  data: 0.2656  max mem: 11361
Test:  [320/391]  eta: 0:00:29  sploss: 4.8283 (4.9153)  famloss: 1.8518 (1.9776)  manuloss: 1.0163 (1.1642)  acc1: 37.8906 (38.6208)  acc5: 64.0625 (62.1873)  family_acc1: 66.4062 (64.6332)  manu_acc1: 77.7344 (75.4539)  time: 0.4047  data: 0.2192  max mem: 11361
Test:  [321/391]  eta: 0:00:29  sploss: 4.8283 (4.9145)  famloss: 1.8518 (1.9769)  manuloss: 1.0163 (1.1636)  acc1: 37.8906 (38.6355)  acc5: 64.0625 (62.2101)  family_acc1: 66.4062 (64.6412)  manu_acc1: 77.7344 (75.4658)  time: 0.3167  data: 0.1333  max mem: 11361
Test:  [322/391]  eta: 0:00:28  sploss: 4.8460 (4.9150)  famloss: 1.8629 (1.9767)  manuloss: 1.0182 (1.1635)  acc1: 37.8906 (38.6259)  acc5: 63.6719 (62.1989)  family_acc1: 66.4062 (64.6478)  manu_acc1: 77.3438 (75.4644)  time: 0.3161  data: 0.1333  max mem: 11361
Test:  [323/391]  eta: 0:00:28  sploss: 4.8561 (4.9154)  famloss: 1.8629 (1.9762)  manuloss: 1.0207 (1.1631)  acc1: 37.8906 (38.6261)  acc5: 63.2812 (62.1938)  family_acc1: 66.4062 (64.6569)  manu_acc1: 77.3438 (75.4738)  time: 0.3156  data: 0.1332  max mem: 11361
Test:  [324/391]  eta: 0:00:28  sploss: 4.8796 (4.9153)  famloss: 1.8629 (1.9758)  manuloss: 1.0270 (1.1627)  acc1: 37.8906 (38.6142)  acc5: 62.5000 (62.1923)  family_acc1: 66.0156 (64.6575)  manu_acc1: 77.3438 (75.4832)  time: 0.3651  data: 0.1836  max mem: 11361
Test:  [325/391]  eta: 0:00:27  sploss: 4.8796 (4.9149)  famloss: 1.8629 (1.9753)  manuloss: 1.0405 (1.1627)  acc1: 37.8906 (38.6156)  acc5: 63.2812 (62.1992)  family_acc1: 66.0156 (64.6688)  manu_acc1: 77.3438 (75.4865)  time: 0.4517  data: 0.2716  max mem: 11361
Test:  [326/391]  eta: 0:00:27  sploss: 4.8806 (4.9156)  famloss: 1.8629 (1.9755)  manuloss: 1.0405 (1.1625)  acc1: 37.5000 (38.5954)  acc5: 62.5000 (62.1846)  family_acc1: 66.0156 (64.6658)  manu_acc1: 77.3438 (75.4886)  time: 0.4490  data: 0.2716  max mem: 11361
Test:  [327/391]  eta: 0:00:26  sploss: 4.8796 (4.9155)  famloss: 1.8629 (1.9752)  manuloss: 1.0405 (1.1623)  acc1: 37.5000 (38.5909)  acc5: 62.5000 (62.1856)  family_acc1: 66.0156 (64.6687)  manu_acc1: 77.3438 (75.4871)  time: 0.4492  data: 0.2731  max mem: 11361
Test:  [328/391]  eta: 0:00:26  sploss: 4.8666 (4.9150)  famloss: 1.8561 (1.9748)  manuloss: 1.0384 (1.1620)  acc1: 37.5000 (38.5994)  acc5: 62.5000 (62.1806)  family_acc1: 66.0156 (64.6763)  manu_acc1: 77.3438 (75.4939)  time: 0.4490  data: 0.2731  max mem: 11361
Test:  [329/391]  eta: 0:00:26  sploss: 4.8666 (4.9150)  famloss: 1.8518 (1.9744)  manuloss: 1.0405 (1.1616)  acc1: 37.8906 (38.6044)  acc5: 62.5000 (62.1946)  family_acc1: 66.0156 (64.6934)  manu_acc1: 77.3438 (75.5019)  time: 0.4488  data: 0.2731  max mem: 11361
Test:  [330/391]  eta: 0:00:25  sploss: 4.8630 (4.9149)  famloss: 1.8501 (1.9740)  manuloss: 1.0405 (1.1613)  acc1: 37.8906 (38.5963)  acc5: 62.5000 (62.1908)  family_acc1: 66.0156 (64.7021)  manu_acc1: 77.3438 (75.5051)  time: 0.4486  data: 0.2731  max mem: 11361
Test:  [331/391]  eta: 0:00:25  sploss: 4.8630 (4.9153)  famloss: 1.8561 (1.9742)  manuloss: 1.0459 (1.1615)  acc1: 37.8906 (38.5930)  acc5: 62.5000 (62.1894)  family_acc1: 66.0156 (64.7014)  manu_acc1: 77.3438 (75.5012)  time: 0.4492  data: 0.2731  max mem: 11361
Test:  [332/391]  eta: 0:00:24  sploss: 4.8630 (4.9152)  famloss: 1.8561 (1.9743)  manuloss: 1.0540 (1.1617)  acc1: 37.8906 (38.5921)  acc5: 61.7188 (62.1868)  family_acc1: 66.0156 (64.6959)  manu_acc1: 76.5625 (75.4927)  time: 0.4034  data: 0.2268  max mem: 11361
Test:  [333/391]  eta: 0:00:24  sploss: 4.8666 (4.9155)  famloss: 1.8684 (1.9747)  manuloss: 1.0659 (1.1620)  acc1: 37.5000 (38.5877)  acc5: 61.7188 (62.1854)  family_acc1: 65.6250 (64.6859)  manu_acc1: 76.5625 (75.4807)  time: 0.3151  data: 0.1403  max mem: 11361
Test:  [334/391]  eta: 0:00:23  sploss: 4.8806 (4.9160)  famloss: 1.8736 (1.9749)  manuloss: 1.0672 (1.1618)  acc1: 37.5000 (38.5868)  acc5: 61.7188 (62.1758)  family_acc1: 65.6250 (64.6887)  manu_acc1: 76.5625 (75.4909)  time: 0.3148  data: 0.1403  max mem: 11361
Test:  [335/391]  eta: 0:00:23  sploss: 4.8944 (4.9164)  famloss: 1.8736 (1.9752)  manuloss: 1.0672 (1.1619)  acc1: 37.5000 (38.5789)  acc5: 61.7188 (62.1733)  family_acc1: 65.6250 (64.6903)  manu_acc1: 76.5625 (75.4894)  time: 0.3141  data: 0.1403  max mem: 11361
Test:  [336/391]  eta: 0:00:22  sploss: 4.8806 (4.9163)  famloss: 1.8736 (1.9754)  manuloss: 1.0753 (1.1622)  acc1: 37.5000 (38.5815)  acc5: 61.7188 (62.1754)  family_acc1: 65.6250 (64.6919)  manu_acc1: 76.5625 (75.4915)  time: 0.3599  data: 0.1857  max mem: 11361
Test:  [337/391]  eta: 0:00:22  sploss: 4.8954 (4.9170)  famloss: 1.8819 (1.9757)  manuloss: 1.0990 (1.1625)  acc1: 37.5000 (38.5736)  acc5: 61.3281 (62.1648)  family_acc1: 65.2344 (64.6808)  manu_acc1: 76.1719 (75.4773)  time: 0.4618  data: 0.2833  max mem: 11361
Test:  [338/391]  eta: 0:00:22  sploss: 4.9196 (4.9171)  famloss: 1.8991 (1.9758)  manuloss: 1.1065 (1.1626)  acc1: 37.5000 (38.5705)  acc5: 61.3281 (62.1635)  family_acc1: 65.2344 (64.6824)  manu_acc1: 76.1719 (75.4724)  time: 0.4624  data: 0.2833  max mem: 11361
Test:  [339/391]  eta: 0:00:21  sploss: 4.9481 (4.9173)  famloss: 1.9084 (1.9759)  manuloss: 1.1204 (1.1625)  acc1: 37.5000 (38.5719)  acc5: 61.3281 (62.1530)  family_acc1: 65.2344 (64.6875)  manu_acc1: 75.7812 (75.4733)  time: 0.4628  data: 0.2833  max mem: 11361
Test:  [340/391]  eta: 0:00:21  sploss: 4.9196 (4.9166)  famloss: 1.9381 (1.9758)  manuloss: 1.1274 (1.1625)  acc1: 37.5000 (38.5848)  acc5: 61.3281 (62.1667)  family_acc1: 65.2344 (64.6857)  manu_acc1: 75.7812 (75.4685)  time: 0.4630  data: 0.2833  max mem: 11361
Test:  [341/391]  eta: 0:00:21  sploss: 4.9196 (4.9166)  famloss: 1.9381 (1.9753)  manuloss: 1.1274 (1.1618)  acc1: 37.5000 (38.5908)  acc5: 61.3281 (62.1756)  family_acc1: 65.2344 (64.6941)  manu_acc1: 75.7812 (75.4923)  time: 0.4635  data: 0.2833  max mem: 11361
Test:  [342/391]  eta: 0:00:20  sploss: 4.9196 (4.9169)  famloss: 1.9381 (1.9751)  manuloss: 1.1204 (1.1614)  acc1: 37.5000 (38.5853)  acc5: 61.3281 (62.1697)  family_acc1: 65.2344 (64.6980)  manu_acc1: 76.1719 (75.5022)  time: 0.4634  data: 0.2833  max mem: 11361
Test:  [343/391]  eta: 0:00:20  sploss: 4.9196 (4.9170)  famloss: 1.9381 (1.9747)  manuloss: 1.1204 (1.1610)  acc1: 37.5000 (38.5742)  acc5: 61.7188 (62.1696)  family_acc1: 65.2344 (64.7007)  manu_acc1: 76.1719 (75.5099)  time: 0.4641  data: 0.2833  max mem: 11361
Test:  [344/391]  eta: 0:00:19  sploss: 4.9196 (4.9168)  famloss: 1.9381 (1.9744)  manuloss: 1.1204 (1.1606)  acc1: 37.5000 (38.5790)  acc5: 61.7188 (62.1750)  family_acc1: 65.6250 (64.7169)  manu_acc1: 76.1719 (75.5197)  time: 0.4133  data: 0.2329  max mem: 11361
Test:  [345/391]  eta: 0:00:19  sploss: 4.9358 (4.9169)  famloss: 1.9803 (1.9748)  manuloss: 1.1065 (1.1604)  acc1: 37.5000 (38.5759)  acc5: 61.7188 (62.1794)  family_acc1: 65.2344 (64.7117)  manu_acc1: 76.1719 (75.5272)  time: 0.3243  data: 0.1449  max mem: 11361
Test:  [346/391]  eta: 0:00:18  sploss: 4.9196 (4.9163)  famloss: 1.9381 (1.9741)  manuloss: 1.1065 (1.1595)  acc1: 37.5000 (38.5784)  acc5: 61.7188 (62.1780)  family_acc1: 65.6250 (64.7255)  manu_acc1: 76.1719 (75.5482)  time: 0.3238  data: 0.1449  max mem: 11361
Test:  [347/391]  eta: 0:00:18  sploss: 4.9196 (4.9156)  famloss: 1.9381 (1.9734)  manuloss: 1.0938 (1.1586)  acc1: 38.2812 (38.5955)  acc5: 61.7188 (62.1868)  family_acc1: 65.6250 (64.7405)  manu_acc1: 76.5625 (75.5725)  time: 0.3212  data: 0.1433  max mem: 11361
Test:  [348/391]  eta: 0:00:17  sploss: 4.9358 (4.9160)  famloss: 1.9520 (1.9734)  manuloss: 1.0938 (1.1581)  acc1: 37.5000 (38.5857)  acc5: 61.7188 (62.1698)  family_acc1: 65.6250 (64.7430)  manu_acc1: 76.5625 (75.5831)  time: 0.3667  data: 0.1885  max mem: 11361
Test:  [349/391]  eta: 0:00:17  sploss: 4.9358 (4.9155)  famloss: 1.9520 (1.9728)  manuloss: 1.0938 (1.1574)  acc1: 37.5000 (38.5904)  acc5: 61.7188 (62.1752)  family_acc1: 65.6250 (64.7612)  manu_acc1: 76.5625 (75.6060)  time: 0.4507  data: 0.2699  max mem: 11361
Test:  [350/391]  eta: 0:00:17  sploss: 4.9358 (4.9150)  famloss: 1.9520 (1.9726)  manuloss: 1.0938 (1.1571)  acc1: 38.2812 (38.6084)  acc5: 61.7188 (62.1928)  family_acc1: 65.6250 (64.7636)  manu_acc1: 76.5625 (75.6088)  time: 0.4510  data: 0.2699  max mem: 11361
Test:  [351/391]  eta: 0:00:16  sploss: 4.9358 (4.9153)  famloss: 1.9520 (1.9727)  manuloss: 1.0415 (1.1567)  acc1: 38.2812 (38.5997)  acc5: 61.7188 (62.1959)  family_acc1: 65.6250 (64.7550)  manu_acc1: 78.1250 (75.6237)  time: 0.4518  data: 0.2709  max mem: 11361
Test:  [352/391]  eta: 0:00:16  sploss: 4.9358 (4.9150)  famloss: 1.9433 (1.9726)  manuloss: 1.0394 (1.1562)  acc1: 38.2812 (38.6033)  acc5: 62.1094 (62.2034)  family_acc1: 65.6250 (64.7508)  manu_acc1: 78.1250 (75.6374)  time: 0.4516  data: 0.2709  max mem: 11361
Test:  [353/391]  eta: 0:00:15  sploss: 4.9228 (4.9150)  famloss: 1.9381 (1.9723)  manuloss: 1.0227 (1.1556)  acc1: 38.2812 (38.5946)  acc5: 62.1094 (62.1977)  family_acc1: 65.6250 (64.7500)  manu_acc1: 78.9062 (75.6532)  time: 0.4519  data: 0.2709  max mem: 11361
Test:  [354/391]  eta: 0:00:15  sploss: 4.9228 (4.9154)  famloss: 1.9381 (1.9725)  manuloss: 1.0227 (1.1554)  acc1: 37.5000 (38.5838)  acc5: 62.1094 (62.1952)  family_acc1: 65.2344 (64.7403)  manu_acc1: 78.9062 (75.6668)  time: 0.4520  data: 0.2709  max mem: 11361
Test:  [355/391]  eta: 0:00:15  sploss: 4.9110 (4.9154)  famloss: 1.9347 (1.9724)  manuloss: 1.0221 (1.1548)  acc1: 37.5000 (38.5764)  acc5: 62.1094 (62.1950)  family_acc1: 65.2344 (64.7351)  manu_acc1: 78.9062 (75.6836)  time: 0.4519  data: 0.2709  max mem: 11361
Test:  [356/391]  eta: 0:00:14  sploss: 4.9110 (4.9152)  famloss: 1.9051 (1.9721)  manuloss: 1.0221 (1.1544)  acc1: 37.5000 (38.5832)  acc5: 62.1094 (62.1958)  family_acc1: 65.6250 (64.7431)  manu_acc1: 78.9062 (75.6915)  time: 0.4062  data: 0.2255  max mem: 11361
Test:  [357/391]  eta: 0:00:14  sploss: 4.9028 (4.9145)  famloss: 1.8980 (1.9714)  manuloss: 1.0105 (1.1538)  acc1: 39.0625 (38.5944)  acc5: 62.5000 (62.2065)  family_acc1: 65.6250 (64.7554)  manu_acc1: 79.2969 (75.7038)  time: 0.3043  data: 0.1279  max mem: 11361
Test:  [358/391]  eta: 0:00:13  sploss: 4.8606 (4.9143)  famloss: 1.8726 (1.9711)  manuloss: 0.9947 (1.1532)  acc1: 39.0625 (38.5881)  acc5: 62.5000 (62.2030)  family_acc1: 65.6250 (64.7611)  manu_acc1: 80.0781 (75.7181)  time: 0.3048  data: 0.1279  max mem: 11361
Test:  [359/391]  eta: 0:00:13  sploss: 4.8451 (4.9138)  famloss: 1.8668 (1.9703)  manuloss: 0.9778 (1.1526)  acc1: 39.4531 (38.5905)  acc5: 63.2812 (62.2146)  family_acc1: 65.6250 (64.7841)  manu_acc1: 80.4688 (75.7357)  time: 0.3046  data: 0.1279  max mem: 11361
Test:  [360/391]  eta: 0:00:12  sploss: 4.8606 (4.9141)  famloss: 1.8668 (1.9700)  manuloss: 0.9778 (1.1524)  acc1: 39.0625 (38.5918)  acc5: 62.5000 (62.2154)  family_acc1: 66.0156 (64.7972)  manu_acc1: 80.4688 (75.7445)  time: 0.3534  data: 0.1770  max mem: 11361
Test:  [361/391]  eta: 0:00:12  sploss: 4.8451 (4.9133)  famloss: 1.8668 (1.9691)  manuloss: 0.9778 (1.1517)  acc1: 39.0625 (38.5953)  acc5: 62.5000 (62.2248)  family_acc1: 66.0156 (64.8125)  manu_acc1: 80.4688 (75.7597)  time: 0.4400  data: 0.2596  max mem: 11361
Test:  [362/391]  eta: 0:00:12  sploss: 4.8325 (4.9126)  famloss: 1.8522 (1.9684)  manuloss: 0.9514 (1.1511)  acc1: 39.4531 (38.6159)  acc5: 63.2812 (62.2439)  family_acc1: 66.7969 (64.8212)  manu_acc1: 80.4688 (75.7759)  time: 0.4400  data: 0.2596  max mem: 11361
Test:  [363/391]  eta: 0:00:11  sploss: 4.8325 (4.9126)  famloss: 1.8668 (1.9687)  manuloss: 0.9514 (1.1507)  acc1: 39.4531 (38.6161)  acc5: 63.6719 (62.2478)  family_acc1: 66.7969 (64.8126)  manu_acc1: 80.4688 (75.7812)  time: 0.4394  data: 0.2596  max mem: 11361
Test:  [364/391]  eta: 0:00:11  sploss: 4.8128 (4.9123)  famloss: 1.8522 (1.9683)  manuloss: 0.9514 (1.1506)  acc1: 39.0625 (38.6173)  acc5: 63.2812 (62.2496)  family_acc1: 66.7969 (64.8213)  manu_acc1: 80.4688 (75.7855)  time: 0.4397  data: 0.2596  max mem: 11361
Test:  [365/391]  eta: 0:00:10  sploss: 4.8077 (4.9120)  famloss: 1.8490 (1.9676)  manuloss: 0.9514 (1.1501)  acc1: 39.4531 (38.6238)  acc5: 62.8906 (62.2513)  family_acc1: 67.5781 (64.8373)  manu_acc1: 80.4688 (75.7983)  time: 0.4395  data: 0.2596  max mem: 11361
Test:  [366/391]  eta: 0:00:10  sploss: 4.8128 (4.9125)  famloss: 1.8522 (1.9674)  manuloss: 0.9778 (1.1497)  acc1: 39.0625 (38.6187)  acc5: 62.8906 (62.2392)  family_acc1: 67.1875 (64.8438)  manu_acc1: 80.4688 (75.8068)  time: 0.4396  data: 0.2596  max mem: 11361
Test:  [367/391]  eta: 0:00:10  sploss: 4.8325 (4.9124)  famloss: 1.8594 (1.9671)  manuloss: 0.9778 (1.1490)  acc1: 39.0625 (38.6209)  acc5: 62.8906 (62.2442)  family_acc1: 66.7969 (64.8469)  manu_acc1: 80.4688 (75.8258)  time: 0.4399  data: 0.2596  max mem: 11361
Test:  [368/391]  eta: 0:00:09  sploss: 4.8325 (4.9123)  famloss: 1.8522 (1.9665)  manuloss: 0.9778 (1.1485)  acc1: 39.4531 (38.6264)  acc5: 62.8906 (62.2449)  family_acc1: 67.1875 (64.8628)  manu_acc1: 80.4688 (75.8395)  time: 0.3944  data: 0.2144  max mem: 11361
Test:  [369/391]  eta: 0:00:09  sploss: 4.8325 (4.9119)  famloss: 1.8522 (1.9657)  manuloss: 0.9778 (1.1473)  acc1: 39.4531 (38.6286)  acc5: 62.8906 (62.2582)  family_acc1: 67.1875 (64.8723)  manu_acc1: 80.4688 (75.8594)  time: 0.3104  data: 0.1330  max mem: 11361
Test:  [370/391]  eta: 0:00:08  sploss: 4.8325 (4.9116)  famloss: 1.8522 (1.9657)  manuloss: 0.9778 (1.1474)  acc1: 39.0625 (38.6298)  acc5: 62.8906 (62.2494)  family_acc1: 67.1875 (64.8743)  manu_acc1: 80.4688 (75.8560)  time: 0.3104  data: 0.1330  max mem: 11361
Test:  [371/391]  eta: 0:00:08  sploss: 4.8208 (4.9112)  famloss: 1.8490 (1.9653)  manuloss: 0.9778 (1.1469)  acc1: 39.4531 (38.6393)  acc5: 62.8906 (62.2669)  family_acc1: 67.1875 (64.8795)  manu_acc1: 80.4688 (75.8705)  time: 0.3092  data: 0.1320  max mem: 11361
Test:  [372/391]  eta: 0:00:07  sploss: 4.8325 (4.9112)  famloss: 1.8490 (1.9651)  manuloss: 0.9782 (1.1466)  acc1: 39.0625 (38.6363)  acc5: 62.5000 (62.2654)  family_acc1: 67.5781 (64.8888)  manu_acc1: 80.4688 (75.8818)  time: 0.3778  data: 0.1904  max mem: 11361
Test:  [373/391]  eta: 0:00:07  sploss: 4.8325 (4.9113)  famloss: 1.8294 (1.9644)  manuloss: 0.9782 (1.1455)  acc1: 39.0625 (38.6249)  acc5: 62.5000 (62.2660)  family_acc1: 67.9688 (64.8991)  manu_acc1: 80.4688 (75.9035)  time: 0.4338  data: 0.2461  max mem: 11361
Test:  [374/391]  eta: 0:00:07  sploss: 4.8325 (4.9112)  famloss: 1.8294 (1.9643)  manuloss: 0.9782 (1.1454)  acc1: 39.4531 (38.6281)  acc5: 62.5000 (62.2646)  family_acc1: 67.9688 (64.8969)  manu_acc1: 80.4688 (75.9083)  time: 0.4336  data: 0.2461  max mem: 11361
Test:  [375/391]  eta: 0:00:06  sploss: 4.8208 (4.9107)  famloss: 1.8294 (1.9643)  manuloss: 0.9782 (1.1450)  acc1: 39.4531 (38.6366)  acc5: 62.8906 (62.2694)  family_acc1: 67.9688 (64.8905)  manu_acc1: 80.0781 (75.9184)  time: 0.4379  data: 0.2508  max mem: 11361
Test:  [376/391]  eta: 0:00:06  sploss: 4.8077 (4.9102)  famloss: 1.8170 (1.9637)  manuloss: 0.9721 (1.1444)  acc1: 39.4531 (38.6356)  acc5: 62.8906 (62.2814)  family_acc1: 67.9688 (64.8987)  manu_acc1: 80.4688 (75.9336)  time: 0.4380  data: 0.2508  max mem: 11361
Test:  [377/391]  eta: 0:00:05  sploss: 4.8077 (4.9098)  famloss: 1.8221 (1.9633)  manuloss: 0.9721 (1.1435)  acc1: 39.4531 (38.6398)  acc5: 62.8906 (62.2892)  family_acc1: 67.9688 (64.8996)  manu_acc1: 80.8594 (75.9538)  time: 0.4376  data: 0.2508  max mem: 11361
Test:  [378/391]  eta: 0:00:05  sploss: 4.8060 (4.9093)  famloss: 1.8170 (1.9629)  manuloss: 0.9721 (1.1427)  acc1: 39.4531 (38.6348)  acc5: 63.6719 (62.3021)  family_acc1: 67.9688 (64.9046)  manu_acc1: 80.8594 (75.9771)  time: 0.4361  data: 0.2508  max mem: 11361
Test:  [379/391]  eta: 0:00:04  sploss: 4.8077 (4.9092)  famloss: 1.8221 (1.9628)  manuloss: 0.9758 (1.1422)  acc1: 39.4531 (38.6369)  acc5: 63.6719 (62.3078)  family_acc1: 67.9688 (64.9178)  manu_acc1: 80.8594 (75.9920)  time: 0.4359  data: 0.2507  max mem: 11361
Test:  [380/391]  eta: 0:00:04  sploss: 4.8060 (4.9084)  famloss: 1.8170 (1.9623)  manuloss: 0.9721 (1.1414)  acc1: 39.4531 (38.6401)  acc5: 63.6719 (62.3114)  family_acc1: 67.1875 (64.9196)  manu_acc1: 81.2500 (76.0109)  time: 0.3867  data: 0.2016  max mem: 11361
Test:  [381/391]  eta: 0:00:04  sploss: 4.8060 (4.9081)  famloss: 1.8221 (1.9620)  manuloss: 0.9758 (1.1411)  acc1: 39.4531 (38.6392)  acc5: 63.6719 (62.3221)  family_acc1: 67.1875 (64.9307)  manu_acc1: 80.8594 (76.0195)  time: 0.2998  data: 0.1190  max mem: 11361
Test:  [382/391]  eta: 0:00:03  sploss: 4.8077 (4.9080)  famloss: 1.8221 (1.9616)  manuloss: 0.9758 (1.1404)  acc1: 39.0625 (38.6341)  acc5: 63.6719 (62.3236)  family_acc1: 67.1875 (64.9447)  manu_acc1: 80.8594 (76.0403)  time: 0.2996  data: 0.1190  max mem: 11361
Test:  [383/391]  eta: 0:00:03  sploss: 4.8077 (4.9079)  famloss: 1.8221 (1.9613)  manuloss: 0.9721 (1.1399)  acc1: 39.0625 (38.6322)  acc5: 62.8906 (62.3240)  family_acc1: 67.9688 (64.9577)  manu_acc1: 81.2500 (76.0549)  time: 0.2993  data: 0.1190  max mem: 11361
Test:  [384/391]  eta: 0:00:02  sploss: 4.8060 (4.9076)  famloss: 1.8170 (1.9605)  manuloss: 0.9335 (1.1388)  acc1: 39.0625 (38.6252)  acc5: 63.6719 (62.3285)  family_acc1: 67.9688 (64.9797)  manu_acc1: 81.6406 (76.0826)  time: 0.3575  data: 0.1778  max mem: 11361
Test:  [385/391]  eta: 0:00:02  sploss: 4.8208 (4.9078)  famloss: 1.8221 (1.9602)  manuloss: 0.9155 (1.1382)  acc1: 39.0625 (38.6304)  acc5: 63.6719 (62.3310)  family_acc1: 67.9688 (64.9885)  manu_acc1: 81.6406 (76.1041)  time: 0.4132  data: 0.2331  max mem: 11361
Test:  [386/391]  eta: 0:00:02  sploss: 4.8208 (4.9077)  famloss: 1.8221 (1.9600)  manuloss: 0.8909 (1.1374)  acc1: 39.0625 (38.6305)  acc5: 63.6719 (62.3345)  family_acc1: 67.9688 (64.9881)  manu_acc1: 81.6406 (76.1265)  time: 0.4128  data: 0.2331  max mem: 11361
Test:  [387/391]  eta: 0:00:01  sploss: 4.8208 (4.9075)  famloss: 1.8221 (1.9599)  manuloss: 0.9155 (1.1370)  acc1: 39.0625 (38.6356)  acc5: 63.6719 (62.3419)  family_acc1: 67.9688 (64.9847)  manu_acc1: 81.6406 (76.1366)  time: 0.4124  data: 0.2331  max mem: 11361
Test:  [388/391]  eta: 0:00:01  sploss: 4.8029 (4.9072)  famloss: 1.8221 (1.9594)  manuloss: 0.9155 (1.1365)  acc1: 39.0625 (38.6417)  acc5: 64.0625 (62.3574)  family_acc1: 67.9688 (64.9994)  manu_acc1: 81.6406 (76.1498)  time: 0.4115  data: 0.2330  max mem: 11361
Test:  [389/391]  eta: 0:00:00  sploss: 4.8049 (4.9069)  famloss: 1.8454 (1.9592)  manuloss: 0.9257 (1.1361)  acc1: 38.6719 (38.6398)  acc5: 63.6719 (62.3588)  family_acc1: 66.7969 (65.0040)  manu_acc1: 81.6406 (76.1629)  time: 0.4109  data: 0.2330  max mem: 11361
Test:  [390/391]  eta: 0:00:00  sploss: 4.8049 (4.9069)  famloss: 1.8453 (1.9589)  manuloss: 0.9155 (1.1354)  acc1: 38.6719 (38.6400)  acc5: 63.6719 (62.3590)  family_acc1: 66.7969 (65.0060)  manu_acc1: 81.6406 (76.1730)  time: 0.4073  data: 0.2330  max mem: 11361
Test: Total time: 0:02:42 (0.4161 s / it)
* Acc@1 38.640 Acc@5 62.359 family@1 65.006 manu@1 76.173 sploss 4.907 fmloss 1.959 mfloss 1.135
FPA: 31.223% | TICE: 39.832% 
