Namespace(batch_size=256, epochs=100, bce_loss=False, unscale_lr=False, few_shot=4, model='cast_small', input_size=224, drop=0.0, drop_path=0.1, model_ema=True, model_ema_decay=0.99996, model_ema_force_cpu=False, num_superpixels=196, opt='adamw', opt_eps=1e-08, opt_betas=None, clip_grad=None, momentum=0.9, weight_decay=0.05, sched='cosine', lr=0.0005, lr_noise=None, lr_noise_pct=0.67, lr_noise_std=1.0, warmup_lr=1e-06, min_lr=1e-05, decay_epochs=30, warmup_epochs=5, cooldown_epochs=10, patience_epochs=10, decay_rate=0.1, color_jitter=0.3, aa='rand-m9-mstd0.5-inc1', smoothing=0.1, train_interpolation='bicubic', repeated_aug=True, train_mode=True, ThreeAugment=False, src=False, reprob=0.25, remode='pixel', recount=1, resplit=False, mixup=0.8, cutmix=1.0, cutmix_minmax=None, mixup_prob=1.0, mixup_switch_prob=0.5, mixup_mode='batch', teacher_model='regnety_160', teacher_path='', distillation_type='none', distillation_alpha=0.5, distillation_tau=1.0, cosub=False, finetune='best_checkpoint.pth', attn_only=False, data_path='../dataset/', data_set='INAT21-MINI-HIER-SUPERPIXEL', path_yn=False, inat_category='name', output_dir='./output/few_shot/four/', device='cuda', seed=0, resume='', start_epoch=0, eval=False, eval_crop_ratio=0.875, dist_eval=False, num_workers=12, pin_mem=True, distributed=True, world_size=1, dist_url='env://', globalkl=True, ot_loss=False, learnable_ot=False, ot_weight=1, base_weight=1, globalbce=False, gk_weight=0.5, filename='results.csv', breeds_sort='entity13', random_seed=1, local_rank=-1, tree_path='./tree.json', label_weight=[1, 2, 3])
| distributed init (rank 0): env://
seed 0
args.nb_classes [10000, 1103, 273]
Creating model: cast_small
dict_keys(['model', 'optimizer', 'lr_scheduler', 'epoch', 'model_ema', 'scaler', 'args'])
Removing key head.weight from pretrained checkpoint
Removing key head.bias from pretrained checkpoint
number of params: 30556704
Start training for 100 epochs
Do not use OT loss
Epoch: [0]  [  0/156]  eta: 0:29:54  lr: 0.000001  sp_loss: 9.2760 (9.2760)  fam_loss: 7.1308 (7.1308)  manu_loss: 5.6553 (5.6553)  gk_loss: 6.6556 (6.6556)  time: 11.5006  data: 5.9035  max mem: 10476
Epoch: [0]  [155/156]  eta: 0:00:00  lr: 0.000001  sp_loss: 9.2732 (9.2694)  fam_loss: 7.0370 (7.0658)  manu_loss: 5.5143 (5.5724)  gk_loss: 6.7060 (6.7331)  time: 0.3545  data: 0.1241  max mem: 10887
Epoch: [0] Total time: 0:01:06 (0.4260 s / it)
Averaged stats: lr: 0.000001  sp_loss: 9.2732 (9.2694)  fam_loss: 7.0370 (7.0658)  manu_loss: 5.5143 (5.5724)  gk_loss: 6.7060 (6.7331)
Do not use OT loss
Epoch: [1]  [  0/156]  eta: 0:15:32  lr: 0.000001  sp_loss: 9.2895 (9.2895)  fam_loss: 7.0963 (7.0963)  manu_loss: 5.5273 (5.5273)  gk_loss: 6.8351 (6.8351)  time: 5.9796  data: 5.7107  max mem: 10887
Epoch: [1]  [155/156]  eta: 0:00:00  lr: 0.000001  sp_loss: 9.2564 (9.2650)  fam_loss: 7.0172 (7.0232)  manu_loss: 5.3372 (5.4204)  gk_loss: 6.6945 (6.7232)  time: 0.3320  data: 0.0970  max mem: 10887
Epoch: [1] Total time: 0:01:04 (0.4120 s / it)
Averaged stats: lr: 0.000001  sp_loss: 9.2564 (9.2650)  fam_loss: 7.0172 (7.0232)  manu_loss: 5.3372 (5.4204)  gk_loss: 6.6945 (6.7232)
Do not use OT loss
Epoch: [2]  [  0/156]  eta: 0:14:56  lr: 0.000051  sp_loss: 9.2559 (9.2559)  fam_loss: 6.9972 (6.9972)  manu_loss: 5.3659 (5.3659)  gk_loss: 6.5051 (6.5051)  time: 5.7499  data: 5.4692  max mem: 10887
Epoch: [2]  [155/156]  eta: 0:00:00  lr: 0.000051  sp_loss: 9.2522 (9.2570)  fam_loss: 5.7092 (6.0502)  manu_loss: 3.7449 (4.1752)  gk_loss: 5.4089 (5.7317)  time: 0.3124  data: 0.0870  max mem: 10887
Epoch: [2] Total time: 0:01:04 (0.4103 s / it)
Averaged stats: lr: 0.000051  sp_loss: 9.2522 (9.2570)  fam_loss: 5.7092 (6.0502)  manu_loss: 3.7449 (4.1752)  gk_loss: 5.4089 (5.7317)
Do not use OT loss
Epoch: [3]  [  0/156]  eta: 0:16:30  lr: 0.000101  sp_loss: 9.2229 (9.2229)  fam_loss: 5.5824 (5.5824)  manu_loss: 3.3068 (3.3068)  gk_loss: 5.5827 (5.5827)  time: 6.3489  data: 6.0899  max mem: 10887
Epoch: [3]  [155/156]  eta: 0:00:00  lr: 0.000101  sp_loss: 9.2331 (9.2334)  fam_loss: 5.3398 (5.4733)  manu_loss: 3.6493 (3.6657)  gk_loss: 4.9525 (5.0965)  time: 0.3184  data: 0.0914  max mem: 10887
Epoch: [3] Total time: 0:01:04 (0.4113 s / it)
Averaged stats: lr: 0.000101  sp_loss: 9.2331 (9.2334)  fam_loss: 5.3398 (5.4733)  manu_loss: 3.6493 (3.6657)  gk_loss: 4.9525 (5.0965)
Do not use OT loss
Epoch: [4]  [  0/156]  eta: 0:15:54  lr: 0.000150  sp_loss: 9.2141 (9.2141)  fam_loss: 5.5937 (5.5937)  manu_loss: 3.7688 (3.7688)  gk_loss: 4.9499 (4.9499)  time: 6.1160  data: 5.8425  max mem: 10887
Epoch: [4]  [155/156]  eta: 0:00:00  lr: 0.000150  sp_loss: 9.1751 (9.1961)  fam_loss: 5.1489 (5.1441)  manu_loss: 3.4659 (3.4711)  gk_loss: 4.6136 (4.7467)  time: 0.3142  data: 0.0888  max mem: 10887
Epoch: [4] Total time: 0:01:04 (0.4144 s / it)
Averaged stats: lr: 0.000150  sp_loss: 9.1751 (9.1961)  fam_loss: 5.1489 (5.1441)  manu_loss: 3.4659 (3.4711)  gk_loss: 4.6136 (4.7467)
Do not use OT loss
Epoch: [5]  [  0/156]  eta: 0:15:02  lr: 0.000200  sp_loss: 9.1304 (9.1304)  fam_loss: 5.2001 (5.2001)  manu_loss: 3.6390 (3.6390)  gk_loss: 4.6007 (4.6007)  time: 5.7852  data: 5.5145  max mem: 10887
Epoch: [5]  [155/156]  eta: 0:00:00  lr: 0.000200  sp_loss: 9.0145 (9.0580)  fam_loss: 5.0302 (4.9799)  manu_loss: 3.4211 (3.3944)  gk_loss: 4.4376 (4.5179)  time: 0.3202  data: 0.0886  max mem: 10887
Epoch: [5] Total time: 0:01:04 (0.4137 s / it)
Averaged stats: lr: 0.000200  sp_loss: 9.0145 (9.0580)  fam_loss: 5.0302 (4.9799)  manu_loss: 3.4211 (3.3944)  gk_loss: 4.4376 (4.5179)
Do not use OT loss
Epoch: [6]  [  0/156]  eta: 0:16:15  lr: 0.000249  sp_loss: 9.0252 (9.0252)  fam_loss: 5.1482 (5.1482)  manu_loss: 3.6062 (3.6062)  gk_loss: 4.3934 (4.3934)  time: 6.2550  data: 5.9919  max mem: 10887
Epoch: [6]  [155/156]  eta: 0:00:00  lr: 0.000249  sp_loss: 8.7169 (8.7983)  fam_loss: 4.8589 (4.8814)  manu_loss: 3.4040 (3.3482)  gk_loss: 4.2882 (4.3103)  time: 0.3115  data: 0.0863  max mem: 10887
Epoch: [6] Total time: 0:01:04 (0.4125 s / it)
Averaged stats: lr: 0.000249  sp_loss: 8.7169 (8.7983)  fam_loss: 4.8589 (4.8814)  manu_loss: 3.4040 (3.3482)  gk_loss: 4.2882 (4.3103)
Do not use OT loss
Epoch: [7]  [  0/156]  eta: 0:15:25  lr: 0.000248  sp_loss: 8.7135 (8.7135)  fam_loss: 5.2451 (5.2451)  manu_loss: 3.4863 (3.4863)  gk_loss: 4.3215 (4.3215)  time: 5.9300  data: 5.6637  max mem: 10887
Epoch: [7]  [155/156]  eta: 0:00:00  lr: 0.000248  sp_loss: 8.5486 (8.5027)  fam_loss: 4.7529 (4.7987)  manu_loss: 3.3260 (3.3168)  gk_loss: 4.1126 (4.1333)  time: 0.3247  data: 0.0968  max mem: 10887
Epoch: [7] Total time: 0:01:05 (0.4178 s / it)
Averaged stats: lr: 0.000248  sp_loss: 8.5486 (8.5027)  fam_loss: 4.7529 (4.7987)  manu_loss: 3.3260 (3.3168)  gk_loss: 4.1126 (4.1333)
Do not use OT loss
Epoch: [8]  [  0/156]  eta: 0:15:15  lr: 0.000247  sp_loss: 7.6528 (7.6528)  fam_loss: 3.9827 (3.9827)  manu_loss: 2.5666 (2.5666)  gk_loss: 3.7572 (3.7572)  time: 5.8672  data: 5.5980  max mem: 10887
Epoch: [8]  [155/156]  eta: 0:00:00  lr: 0.000247  sp_loss: 8.3068 (8.2292)  fam_loss: 4.8808 (4.7124)  manu_loss: 3.4743 (3.2861)  gk_loss: 4.0666 (3.9864)  time: 0.3188  data: 0.0919  max mem: 10887
Epoch: [8] Total time: 0:01:03 (0.4081 s / it)
Averaged stats: lr: 0.000247  sp_loss: 8.3068 (8.2292)  fam_loss: 4.8808 (4.7124)  manu_loss: 3.4743 (3.2861)  gk_loss: 4.0666 (3.9864)
Do not use OT loss
Epoch: [9]  [  0/156]  eta: 0:14:33  lr: 0.000246  sp_loss: 8.4035 (8.4035)  fam_loss: 5.0862 (5.0862)  manu_loss: 3.4581 (3.4581)  gk_loss: 4.0742 (4.0742)  time: 5.6016  data: 5.3261  max mem: 10887
Epoch: [9]  [155/156]  eta: 0:00:00  lr: 0.000246  sp_loss: 7.6936 (7.8962)  fam_loss: 4.4731 (4.5757)  manu_loss: 3.2165 (3.2049)  gk_loss: 3.7635 (3.8259)  time: 0.3118  data: 0.0840  max mem: 10887
Epoch: [9] Total time: 0:01:04 (0.4143 s / it)
Averaged stats: lr: 0.000246  sp_loss: 7.6936 (7.8962)  fam_loss: 4.4731 (4.5757)  manu_loss: 3.2165 (3.2049)  gk_loss: 3.7635 (3.8259)
Do not use OT loss
Epoch: [10]  [  0/156]  eta: 0:14:43  lr: 0.000245  sp_loss: 6.7838 (6.7838)  fam_loss: 3.5746 (3.5746)  manu_loss: 2.4965 (2.4965)  gk_loss: 3.3080 (3.3080)  time: 5.6662  data: 5.3866  max mem: 10887
Epoch: [10]  [155/156]  eta: 0:00:00  lr: 0.000245  sp_loss: 7.7395 (7.6230)  fam_loss: 4.5581 (4.4946)  manu_loss: 3.1585 (3.1535)  gk_loss: 3.6648 (3.6934)  time: 0.3128  data: 0.0856  max mem: 10887
Epoch: [10] Total time: 0:01:03 (0.4089 s / it)
Averaged stats: lr: 0.000245  sp_loss: 7.7395 (7.6230)  fam_loss: 4.5581 (4.4946)  manu_loss: 3.1585 (3.1535)  gk_loss: 3.6648 (3.6934)
Do not use OT loss
Epoch: [11]  [  0/156]  eta: 0:16:04  lr: 0.000244  sp_loss: 7.7390 (7.7390)  fam_loss: 4.8562 (4.8562)  manu_loss: 3.3992 (3.3992)  gk_loss: 3.7376 (3.7376)  time: 6.1839  data: 5.9120  max mem: 10887
Epoch: [11]  [155/156]  eta: 0:00:00  lr: 0.000244  sp_loss: 7.4213 (7.3914)  fam_loss: 4.3661 (4.4386)  manu_loss: 3.1379 (3.1230)  gk_loss: 3.5509 (3.5761)  time: 0.3139  data: 0.0852  max mem: 10887
Epoch: [11] Total time: 0:01:04 (0.4107 s / it)
Averaged stats: lr: 0.000244  sp_loss: 7.4213 (7.3914)  fam_loss: 4.3661 (4.4386)  manu_loss: 3.1379 (3.1230)  gk_loss: 3.5509 (3.5761)
Do not use OT loss
Epoch: [12]  [  0/156]  eta: 0:16:22  lr: 0.000243  sp_loss: 7.7023 (7.7023)  fam_loss: 5.1007 (5.1007)  manu_loss: 3.7419 (3.7419)  gk_loss: 3.9308 (3.9308)  time: 6.2957  data: 6.0277  max mem: 10887
Epoch: [12]  [155/156]  eta: 0:00:00  lr: 0.000243  sp_loss: 7.4329 (7.1143)  fam_loss: 4.4882 (4.3294)  manu_loss: 3.1671 (3.0548)  gk_loss: 3.5191 (3.4404)  time: 0.3102  data: 0.0841  max mem: 10887
Epoch: [12] Total time: 0:01:03 (0.4093 s / it)
Averaged stats: lr: 0.000243  sp_loss: 7.4329 (7.1143)  fam_loss: 4.4882 (4.3294)  manu_loss: 3.1671 (3.0548)  gk_loss: 3.5191 (3.4404)
Do not use OT loss
Epoch: [13]  [  0/156]  eta: 0:16:24  lr: 0.000242  sp_loss: 7.3338 (7.3338)  fam_loss: 4.4724 (4.4724)  manu_loss: 3.3561 (3.3561)  gk_loss: 3.5343 (3.5343)  time: 6.3108  data: 6.0508  max mem: 10887
Epoch: [13]  [155/156]  eta: 0:00:00  lr: 0.000242  sp_loss: 7.0536 (7.0083)  fam_loss: 4.3677 (4.3503)  manu_loss: 3.1232 (3.0811)  gk_loss: 3.3793 (3.3829)  time: 0.3170  data: 0.0917  max mem: 10887
Epoch: [13] Total time: 0:01:04 (0.4109 s / it)
Averaged stats: lr: 0.000242  sp_loss: 7.0536 (7.0083)  fam_loss: 4.3677 (4.3503)  manu_loss: 3.1232 (3.0811)  gk_loss: 3.3793 (3.3829)
Do not use OT loss
Epoch: [14]  [  0/156]  eta: 0:14:50  lr: 0.000240  sp_loss: 7.5085 (7.5085)  fam_loss: 4.8091 (4.8091)  manu_loss: 3.3700 (3.3700)  gk_loss: 3.6374 (3.6374)  time: 5.7057  data: 5.4359  max mem: 10887
Epoch: [14]  [155/156]  eta: 0:00:00  lr: 0.000240  sp_loss: 7.1561 (6.7538)  fam_loss: 4.6267 (4.2259)  manu_loss: 3.2769 (3.0301)  gk_loss: 3.5572 (3.2633)  time: 0.3133  data: 0.0857  max mem: 10887
Epoch: [14] Total time: 0:01:03 (0.4092 s / it)
Averaged stats: lr: 0.000240  sp_loss: 7.1561 (6.7538)  fam_loss: 4.6267 (4.2259)  manu_loss: 3.2769 (3.0301)  gk_loss: 3.5572 (3.2633)
Do not use OT loss
Epoch: [15]  [  0/156]  eta: 0:16:00  lr: 0.000239  sp_loss: 6.7349 (6.7349)  fam_loss: 4.6873 (4.6873)  manu_loss: 3.3346 (3.3346)  gk_loss: 3.4373 (3.4373)  time: 6.1562  data: 5.8744  max mem: 10887
Epoch: [15]  [155/156]  eta: 0:00:00  lr: 0.000239  sp_loss: 6.7523 (6.6183)  fam_loss: 4.2602 (4.2002)  manu_loss: 3.0392 (3.0063)  gk_loss: 3.2223 (3.1937)  time: 0.3030  data: 0.0765  max mem: 10887
Epoch: [15] Total time: 0:01:03 (0.4076 s / it)
Averaged stats: lr: 0.000239  sp_loss: 6.7523 (6.6183)  fam_loss: 4.2602 (4.2002)  manu_loss: 3.0392 (3.0063)  gk_loss: 3.2223 (3.1937)
Do not use OT loss
Epoch: [16]  [  0/156]  eta: 0:15:07  lr: 0.000237  sp_loss: 5.8191 (5.8191)  fam_loss: 3.9345 (3.9345)  manu_loss: 2.9271 (2.9271)  gk_loss: 2.9530 (2.9530)  time: 5.8152  data: 5.5424  max mem: 10887
Epoch: [16]  [155/156]  eta: 0:00:00  lr: 0.000237  sp_loss: 7.1271 (6.5881)  fam_loss: 4.4961 (4.2410)  manu_loss: 3.2414 (3.0361)  gk_loss: 3.3519 (3.1771)  time: 0.3145  data: 0.0882  max mem: 10887
Epoch: [16] Total time: 0:01:03 (0.4095 s / it)
Averaged stats: lr: 0.000237  sp_loss: 7.1271 (6.5881)  fam_loss: 4.4961 (4.2410)  manu_loss: 3.2414 (3.0361)  gk_loss: 3.3519 (3.1771)
Do not use OT loss
Epoch: [17]  [  0/156]  eta: 0:15:45  lr: 0.000235  sp_loss: 4.9232 (4.9232)  fam_loss: 3.2318 (3.2318)  manu_loss: 2.3621 (2.3621)  gk_loss: 2.4286 (2.4286)  time: 6.0599  data: 5.7799  max mem: 10887
Epoch: [17]  [155/156]  eta: 0:00:00  lr: 0.000235  sp_loss: 6.4513 (6.4183)  fam_loss: 4.0181 (4.1394)  manu_loss: 2.9060 (2.9896)  gk_loss: 3.0464 (3.0791)  time: 0.3120  data: 0.0853  max mem: 10887
Epoch: [17] Total time: 0:01:04 (0.4112 s / it)
Averaged stats: lr: 0.000235  sp_loss: 6.4513 (6.4183)  fam_loss: 4.0181 (4.1394)  manu_loss: 2.9060 (2.9896)  gk_loss: 3.0464 (3.0791)
Do not use OT loss
Epoch: [18]  [  0/156]  eta: 0:15:23  lr: 0.000233  sp_loss: 6.3832 (6.3832)  fam_loss: 4.2873 (4.2873)  manu_loss: 3.0134 (3.0134)  gk_loss: 3.0459 (3.0459)  time: 5.9204  data: 5.6462  max mem: 10887
Epoch: [18]  [155/156]  eta: 0:00:00  lr: 0.000233  sp_loss: 6.1756 (6.1447)  fam_loss: 4.1203 (4.0196)  manu_loss: 2.9501 (2.9011)  gk_loss: 3.0122 (2.9595)  time: 0.3161  data: 0.0899  max mem: 10887
Epoch: [18] Total time: 0:01:04 (0.4125 s / it)
Averaged stats: lr: 0.000233  sp_loss: 6.1756 (6.1447)  fam_loss: 4.1203 (4.0196)  manu_loss: 2.9501 (2.9011)  gk_loss: 3.0122 (2.9595)
Do not use OT loss
Epoch: [19]  [  0/156]  eta: 0:15:22  lr: 0.000231  sp_loss: 5.2684 (5.2684)  fam_loss: 3.4353 (3.4353)  manu_loss: 2.4416 (2.4416)  gk_loss: 2.5172 (2.5172)  time: 5.9138  data: 5.6364  max mem: 10887
Epoch: [19]  [155/156]  eta: 0:00:00  lr: 0.000231  sp_loss: 6.2602 (6.1355)  fam_loss: 4.1324 (4.0028)  manu_loss: 3.0343 (2.8878)  gk_loss: 3.0535 (2.9194)  time: 0.3056  data: 0.0793  max mem: 10887
Epoch: [19] Total time: 0:01:04 (0.4122 s / it)
Averaged stats: lr: 0.000231  sp_loss: 6.2602 (6.1355)  fam_loss: 4.1324 (4.0028)  manu_loss: 3.0343 (2.8878)  gk_loss: 3.0535 (2.9194)
Do not use OT loss
Epoch: [20]  [  0/156]  eta: 0:15:06  lr: 0.000229  sp_loss: 6.0648 (6.0648)  fam_loss: 4.1390 (4.1390)  manu_loss: 3.1005 (3.1005)  gk_loss: 3.0111 (3.0111)  time: 5.8099  data: 5.5448  max mem: 10887
Epoch: [20]  [155/156]  eta: 0:00:00  lr: 0.000229  sp_loss: 5.8839 (6.0762)  fam_loss: 4.0444 (4.0337)  manu_loss: 2.7946 (2.9164)  gk_loss: 2.7722 (2.9198)  time: 0.3201  data: 0.0899  max mem: 10887
Epoch: [20] Total time: 0:01:04 (0.4111 s / it)
Averaged stats: lr: 0.000229  sp_loss: 5.8839 (6.0762)  fam_loss: 4.0444 (4.0337)  manu_loss: 2.7946 (2.9164)  gk_loss: 2.7722 (2.9198)
Do not use OT loss
Epoch: [21]  [  0/156]  eta: 0:16:19  lr: 0.000227  sp_loss: 6.5327 (6.5327)  fam_loss: 3.9570 (3.9570)  manu_loss: 3.0890 (3.0890)  gk_loss: 2.9527 (2.9527)  time: 6.2792  data: 6.0126  max mem: 10887
Epoch: [21]  [155/156]  eta: 0:00:00  lr: 0.000227  sp_loss: 6.0768 (5.9354)  fam_loss: 4.0842 (3.9711)  manu_loss: 2.8679 (2.8689)  gk_loss: 2.8513 (2.8458)  time: 0.3068  data: 0.0802  max mem: 10887
Epoch: [21] Total time: 0:01:03 (0.4099 s / it)
Averaged stats: lr: 0.000227  sp_loss: 6.0768 (5.9354)  fam_loss: 4.0842 (3.9711)  manu_loss: 2.8679 (2.8689)  gk_loss: 2.8513 (2.8458)
Do not use OT loss
Epoch: [22]  [  0/156]  eta: 0:15:16  lr: 0.000225  sp_loss: 6.6238 (6.6238)  fam_loss: 4.4157 (4.4157)  manu_loss: 3.0526 (3.0526)  gk_loss: 3.0865 (3.0865)  time: 5.8719  data: 5.6052  max mem: 10887
Epoch: [22]  [155/156]  eta: 0:00:00  lr: 0.000225  sp_loss: 6.3735 (5.8265)  fam_loss: 4.1598 (3.9233)  manu_loss: 3.0121 (2.8410)  gk_loss: 2.9282 (2.7852)  time: 0.3131  data: 0.0860  max mem: 10887
Epoch: [22] Total time: 0:01:03 (0.4085 s / it)
Averaged stats: lr: 0.000225  sp_loss: 6.3735 (5.8265)  fam_loss: 4.1598 (3.9233)  manu_loss: 3.0121 (2.8410)  gk_loss: 2.9282 (2.7852)
Do not use OT loss
Epoch: [23]  [  0/156]  eta: 0:15:06  lr: 0.000222  sp_loss: 6.2483 (6.2483)  fam_loss: 4.1925 (4.1925)  manu_loss: 2.9872 (2.9872)  gk_loss: 2.9139 (2.9139)  time: 5.8120  data: 5.5427  max mem: 10887
Epoch: [23]  [155/156]  eta: 0:00:00  lr: 0.000222  sp_loss: 6.4473 (5.8953)  fam_loss: 4.2721 (3.9703)  manu_loss: 2.9997 (2.8701)  gk_loss: 2.9656 (2.7975)  time: 0.3100  data: 0.0835  max mem: 10887
Epoch: [23] Total time: 0:01:03 (0.4079 s / it)
Averaged stats: lr: 0.000222  sp_loss: 6.4473 (5.8953)  fam_loss: 4.2721 (3.9703)  manu_loss: 2.9997 (2.8701)  gk_loss: 2.9656 (2.7975)
Do not use OT loss
Epoch: [24]  [  0/156]  eta: 0:16:23  lr: 0.000220  sp_loss: 5.8846 (5.8846)  fam_loss: 4.0045 (4.0045)  manu_loss: 2.9599 (2.9599)  gk_loss: 2.7701 (2.7701)  time: 6.3025  data: 6.0430  max mem: 10887
Epoch: [24]  [155/156]  eta: 0:00:00  lr: 0.000220  sp_loss: 5.9605 (5.6614)  fam_loss: 4.0315 (3.8424)  manu_loss: 2.8801 (2.7961)  gk_loss: 2.8151 (2.6958)  time: 0.3119  data: 0.0861  max mem: 10887
Epoch: [24] Total time: 0:01:03 (0.4074 s / it)
Averaged stats: lr: 0.000220  sp_loss: 5.9605 (5.6614)  fam_loss: 4.0315 (3.8424)  manu_loss: 2.8801 (2.7961)  gk_loss: 2.8151 (2.6958)
Do not use OT loss
Epoch: [25]  [  0/156]  eta: 0:14:57  lr: 0.000217  sp_loss: 5.9037 (5.9037)  fam_loss: 4.0207 (4.0207)  manu_loss: 2.9883 (2.9883)  gk_loss: 2.7991 (2.7991)  time: 5.7558  data: 5.4799  max mem: 10887
Epoch: [25]  [155/156]  eta: 0:00:00  lr: 0.000217  sp_loss: 6.2706 (5.6594)  fam_loss: 4.2122 (3.8496)  manu_loss: 2.9901 (2.7971)  gk_loss: 2.9471 (2.6779)  time: 0.3114  data: 0.0855  max mem: 10887
Epoch: [25] Total time: 0:01:04 (0.4112 s / it)
Averaged stats: lr: 0.000217  sp_loss: 6.2706 (5.6594)  fam_loss: 4.2122 (3.8496)  manu_loss: 2.9901 (2.7971)  gk_loss: 2.9471 (2.6779)
Do not use OT loss
Epoch: [26]  [  0/156]  eta: 0:15:01  lr: 0.000215  sp_loss: 6.0470 (6.0470)  fam_loss: 3.8703 (3.8703)  manu_loss: 2.7526 (2.7526)  gk_loss: 2.6636 (2.6636)  time: 5.7804  data: 5.5041  max mem: 10887
Epoch: [26]  [155/156]  eta: 0:00:00  lr: 0.000215  sp_loss: 5.6739 (5.4639)  fam_loss: 3.9298 (3.7601)  manu_loss: 2.8716 (2.7348)  gk_loss: 2.7431 (2.5953)  time: 0.3138  data: 0.0887  max mem: 10887
Epoch: [26] Total time: 0:01:04 (0.4126 s / it)
Averaged stats: lr: 0.000215  sp_loss: 5.6739 (5.4639)  fam_loss: 3.9298 (3.7601)  manu_loss: 2.8716 (2.7348)  gk_loss: 2.7431 (2.5953)
Do not use OT loss
Epoch: [27]  [  0/156]  eta: 0:16:19  lr: 0.000212  sp_loss: 4.2207 (4.2207)  fam_loss: 3.0813 (3.0813)  manu_loss: 2.4492 (2.4492)  gk_loss: 2.0755 (2.0755)  time: 6.2766  data: 6.0065  max mem: 10887
Epoch: [27]  [155/156]  eta: 0:00:00  lr: 0.000212  sp_loss: 5.7903 (5.4354)  fam_loss: 4.0447 (3.7351)  manu_loss: 2.9242 (2.7268)  gk_loss: 2.7718 (2.5630)  time: 0.3062  data: 0.0814  max mem: 10887
Epoch: [27] Total time: 0:01:04 (0.4124 s / it)
Averaged stats: lr: 0.000212  sp_loss: 5.7903 (5.4354)  fam_loss: 4.0447 (3.7351)  manu_loss: 2.9242 (2.7268)  gk_loss: 2.7718 (2.5630)
Do not use OT loss
Epoch: [28]  [  0/156]  eta: 0:15:47  lr: 0.000209  sp_loss: 5.5948 (5.5948)  fam_loss: 3.7598 (3.7598)  manu_loss: 2.9288 (2.9288)  gk_loss: 2.5549 (2.5549)  time: 6.0754  data: 5.8126  max mem: 10887
Epoch: [28]  [155/156]  eta: 0:00:00  lr: 0.000209  sp_loss: 6.0003 (5.4778)  fam_loss: 3.9263 (3.7759)  manu_loss: 2.8922 (2.7632)  gk_loss: 2.7479 (2.5798)  time: 0.3131  data: 0.0870  max mem: 10887
Epoch: [28] Total time: 0:01:03 (0.4095 s / it)
Averaged stats: lr: 0.000209  sp_loss: 6.0003 (5.4778)  fam_loss: 3.9263 (3.7759)  manu_loss: 2.8922 (2.7632)  gk_loss: 2.7479 (2.5798)
Do not use OT loss
Epoch: [29]  [  0/156]  eta: 0:15:47  lr: 0.000206  sp_loss: 3.8023 (3.8023)  fam_loss: 2.7713 (2.7713)  manu_loss: 1.9659 (1.9659)  gk_loss: 1.8595 (1.8595)  time: 6.0718  data: 5.7980  max mem: 10887
Epoch: [29]  [155/156]  eta: 0:00:00  lr: 0.000206  sp_loss: 5.7208 (5.4987)  fam_loss: 4.0231 (3.7910)  manu_loss: 2.9095 (2.7763)  gk_loss: 2.7261 (2.5840)  time: 0.3176  data: 0.0918  max mem: 10887
Epoch: [29] Total time: 0:01:04 (0.4143 s / it)
Averaged stats: lr: 0.000206  sp_loss: 5.7208 (5.4987)  fam_loss: 4.0231 (3.7910)  manu_loss: 2.9095 (2.7763)  gk_loss: 2.7261 (2.5840)
Do not use OT loss
Epoch: [30]  [  0/156]  eta: 0:16:16  lr: 0.000204  sp_loss: 5.1707 (5.1707)  fam_loss: 3.6631 (3.6631)  manu_loss: 2.7017 (2.7017)  gk_loss: 2.4445 (2.4445)  time: 6.2623  data: 5.9981  max mem: 10887
Epoch: [30]  [155/156]  eta: 0:00:00  lr: 0.000204  sp_loss: 5.5479 (5.3908)  fam_loss: 3.8550 (3.7269)  manu_loss: 2.7010 (2.7238)  gk_loss: 2.5783 (2.5189)  time: 0.3166  data: 0.0857  max mem: 10887
Epoch: [30] Total time: 0:01:04 (0.4131 s / it)
Averaged stats: lr: 0.000204  sp_loss: 5.5479 (5.3908)  fam_loss: 3.8550 (3.7269)  manu_loss: 2.7010 (2.7238)  gk_loss: 2.5783 (2.5189)
Do not use OT loss
Epoch: [31]  [  0/156]  eta: 0:15:32  lr: 0.000201  sp_loss: 6.2431 (6.2431)  fam_loss: 4.3177 (4.3177)  manu_loss: 3.2213 (3.2213)  gk_loss: 2.9848 (2.9848)  time: 5.9764  data: 5.7041  max mem: 10887
Epoch: [31]  [155/156]  eta: 0:00:00  lr: 0.000201  sp_loss: 5.8865 (5.2234)  fam_loss: 3.8816 (3.6420)  manu_loss: 2.8451 (2.6590)  gk_loss: 2.6571 (2.4363)  time: 0.3236  data: 0.0963  max mem: 10887
Epoch: [31] Total time: 0:01:04 (0.4140 s / it)
Averaged stats: lr: 0.000201  sp_loss: 5.8865 (5.2234)  fam_loss: 3.8816 (3.6420)  manu_loss: 2.8451 (2.6590)  gk_loss: 2.6571 (2.4363)
Do not use OT loss
Epoch: [32]  [  0/156]  eta: 0:14:53  lr: 0.000197  sp_loss: 4.8547 (4.8547)  fam_loss: 3.4949 (3.4949)  manu_loss: 2.5971 (2.5971)  gk_loss: 2.2224 (2.2224)  time: 5.7274  data: 5.4534  max mem: 10887
Epoch: [32]  [155/156]  eta: 0:00:00  lr: 0.000197  sp_loss: 5.7095 (5.2067)  fam_loss: 3.9122 (3.6362)  manu_loss: 2.7617 (2.6540)  gk_loss: 2.6243 (2.4211)  time: 0.3270  data: 0.1002  max mem: 10887
Epoch: [32] Total time: 0:01:03 (0.4086 s / it)
Averaged stats: lr: 0.000197  sp_loss: 5.7095 (5.2067)  fam_loss: 3.9122 (3.6362)  manu_loss: 2.7617 (2.6540)  gk_loss: 2.6243 (2.4211)
Do not use OT loss
Epoch: [33]  [  0/156]  eta: 0:15:02  lr: 0.000194  sp_loss: 6.1115 (6.1115)  fam_loss: 4.1264 (4.1264)  manu_loss: 2.9716 (2.9716)  gk_loss: 2.8471 (2.8471)  time: 5.7864  data: 5.5131  max mem: 10887
Epoch: [33]  [155/156]  eta: 0:00:00  lr: 0.000194  sp_loss: 5.6246 (5.3544)  fam_loss: 3.8286 (3.7161)  manu_loss: 2.8131 (2.7134)  gk_loss: 2.6628 (2.4812)  time: 0.3118  data: 0.0862  max mem: 10888
Epoch: [33] Total time: 0:01:03 (0.4078 s / it)
Averaged stats: lr: 0.000194  sp_loss: 5.6246 (5.3544)  fam_loss: 3.8286 (3.7161)  manu_loss: 2.8131 (2.7134)  gk_loss: 2.6628 (2.4812)
Do not use OT loss
Epoch: [34]  [  0/156]  eta: 0:15:31  lr: 0.000191  sp_loss: 4.5002 (4.5002)  fam_loss: 3.0974 (3.0974)  manu_loss: 2.3840 (2.3840)  gk_loss: 2.0284 (2.0284)  time: 5.9735  data: 5.6959  max mem: 10888
Epoch: [34]  [155/156]  eta: 0:00:00  lr: 0.000191  sp_loss: 5.8149 (5.1073)  fam_loss: 3.8848 (3.5886)  manu_loss: 2.8302 (2.6343)  gk_loss: 2.5875 (2.3727)  time: 0.3130  data: 0.0863  max mem: 10888
Epoch: [34] Total time: 0:01:03 (0.4094 s / it)
Averaged stats: lr: 0.000191  sp_loss: 5.8149 (5.1073)  fam_loss: 3.8848 (3.5886)  manu_loss: 2.8302 (2.6343)  gk_loss: 2.5875 (2.3727)
Do not use OT loss
Epoch: [35]  [  0/156]  eta: 0:15:29  lr: 0.000188  sp_loss: 5.9006 (5.9006)  fam_loss: 4.0106 (4.0106)  manu_loss: 2.9768 (2.9768)  gk_loss: 2.7342 (2.7342)  time: 5.9606  data: 5.6978  max mem: 10888
Epoch: [35]  [155/156]  eta: 0:00:00  lr: 0.000188  sp_loss: 5.2504 (5.0662)  fam_loss: 3.7348 (3.5755)  manu_loss: 2.7683 (2.6281)  gk_loss: 2.4404 (2.3567)  time: 0.3093  data: 0.0840  max mem: 10888
Epoch: [35] Total time: 0:01:04 (0.4152 s / it)
Averaged stats: lr: 0.000188  sp_loss: 5.2504 (5.0662)  fam_loss: 3.7348 (3.5755)  manu_loss: 2.7683 (2.6281)  gk_loss: 2.4404 (2.3567)
Do not use OT loss
Epoch: [36]  [  0/156]  eta: 0:16:05  lr: 0.000184  sp_loss: 3.4399 (3.4399)  fam_loss: 2.6062 (2.6062)  manu_loss: 1.9830 (1.9830)  gk_loss: 1.5623 (1.5623)  time: 6.1865  data: 5.9146  max mem: 10888
Epoch: [36]  [155/156]  eta: 0:00:00  lr: 0.000184  sp_loss: 5.3063 (5.0925)  fam_loss: 3.6230 (3.5801)  manu_loss: 2.6894 (2.6183)  gk_loss: 2.4165 (2.3450)  time: 0.3138  data: 0.0875  max mem: 10888
Epoch: [36] Total time: 0:01:04 (0.4121 s / it)
Averaged stats: lr: 0.000184  sp_loss: 5.3063 (5.0925)  fam_loss: 3.6230 (3.5801)  manu_loss: 2.6894 (2.6183)  gk_loss: 2.4165 (2.3450)
Do not use OT loss
Epoch: [37]  [  0/156]  eta: 0:15:06  lr: 0.000181  sp_loss: 3.3835 (3.3835)  fam_loss: 2.6915 (2.6915)  manu_loss: 2.0164 (2.0164)  gk_loss: 1.6454 (1.6454)  time: 5.8078  data: 5.5264  max mem: 10888
Epoch: [37]  [155/156]  eta: 0:00:00  lr: 0.000181  sp_loss: 5.5714 (5.1183)  fam_loss: 3.9098 (3.6062)  manu_loss: 2.8627 (2.6436)  gk_loss: 2.6117 (2.3574)  time: 0.3126  data: 0.0841  max mem: 10888
Epoch: [37] Total time: 0:01:03 (0.4096 s / it)
Averaged stats: lr: 0.000181  sp_loss: 5.5714 (5.1183)  fam_loss: 3.9098 (3.6062)  manu_loss: 2.8627 (2.6436)  gk_loss: 2.6117 (2.3574)
Do not use OT loss
Epoch: [38]  [  0/156]  eta: 0:15:07  lr: 0.000178  sp_loss: 5.7075 (5.7075)  fam_loss: 3.9482 (3.9482)  manu_loss: 2.7900 (2.7900)  gk_loss: 2.6229 (2.6229)  time: 5.8193  data: 5.5551  max mem: 10888
Epoch: [38]  [155/156]  eta: 0:00:00  lr: 0.000178  sp_loss: 5.5551 (5.0823)  fam_loss: 3.8478 (3.5720)  manu_loss: 2.8772 (2.6140)  gk_loss: 2.5204 (2.3217)  time: 0.3139  data: 0.0868  max mem: 10888
Epoch: [38] Total time: 0:01:04 (0.4132 s / it)
Averaged stats: lr: 0.000178  sp_loss: 5.5551 (5.0823)  fam_loss: 3.8478 (3.5720)  manu_loss: 2.8772 (2.6140)  gk_loss: 2.5204 (2.3217)
Do not use OT loss
Epoch: [39]  [  0/156]  eta: 0:15:43  lr: 0.000174  sp_loss: 3.7282 (3.7282)  fam_loss: 2.7901 (2.7901)  manu_loss: 2.0754 (2.0754)  gk_loss: 1.6353 (1.6353)  time: 6.0495  data: 5.7777  max mem: 10888
Epoch: [39]  [155/156]  eta: 0:00:00  lr: 0.000174  sp_loss: 5.1785 (4.9028)  fam_loss: 3.6856 (3.4736)  manu_loss: 2.6645 (2.5533)  gk_loss: 2.4110 (2.2417)  time: 0.3214  data: 0.0926  max mem: 10889
Epoch: [39] Total time: 0:01:04 (0.4113 s / it)
Averaged stats: lr: 0.000174  sp_loss: 5.1785 (4.9028)  fam_loss: 3.6856 (3.4736)  manu_loss: 2.6645 (2.5533)  gk_loss: 2.4110 (2.2417)
Do not use OT loss
Epoch: [40]  [  0/156]  eta: 0:14:54  lr: 0.000171  sp_loss: 5.0932 (5.0932)  fam_loss: 3.6838 (3.6838)  manu_loss: 2.5950 (2.5950)  gk_loss: 2.2843 (2.2843)  time: 5.7308  data: 5.4680  max mem: 10889
Epoch: [40]  [155/156]  eta: 0:00:00  lr: 0.000171  sp_loss: 5.0985 (5.1319)  fam_loss: 3.3651 (3.6148)  manu_loss: 2.5204 (2.6352)  gk_loss: 2.1022 (2.3369)  time: 0.3221  data: 0.0918  max mem: 10889
Epoch: [40] Total time: 0:01:03 (0.4087 s / it)
Averaged stats: lr: 0.000171  sp_loss: 5.0985 (5.1319)  fam_loss: 3.3651 (3.6148)  manu_loss: 2.5204 (2.6352)  gk_loss: 2.1022 (2.3369)
Do not use OT loss
Epoch: [41]  [  0/156]  eta: 0:16:14  lr: 0.000167  sp_loss: 5.7484 (5.7484)  fam_loss: 4.0350 (4.0350)  manu_loss: 2.8425 (2.8425)  gk_loss: 2.6268 (2.6268)  time: 6.2496  data: 5.9848  max mem: 10889
Epoch: [41]  [155/156]  eta: 0:00:00  lr: 0.000167  sp_loss: 5.4061 (4.8251)  fam_loss: 3.6661 (3.4341)  manu_loss: 2.7554 (2.5300)  gk_loss: 2.3954 (2.1922)  time: 0.3193  data: 0.0929  max mem: 10889
Epoch: [41] Total time: 0:01:05 (0.4170 s / it)
Averaged stats: lr: 0.000167  sp_loss: 5.4061 (4.8251)  fam_loss: 3.6661 (3.4341)  manu_loss: 2.7554 (2.5300)  gk_loss: 2.3954 (2.1922)
Test:  [  0/391]  eta: 0:41:56  sploss: 5.2496 (5.2496)  famloss: 2.1773 (2.1773)  manuloss: 1.3226 (1.3226)  acc1: 17.9688 (17.9688)  acc5: 36.3281 (36.3281)  family_acc1: 56.6406 (56.6406)  manu_acc1: 73.0469 (73.0469)  time: 6.4371  data: 6.1185  max mem: 10889
Test:  [250/391]  eta: 0:00:57  sploss: 5.2105 (5.3325)  famloss: 2.3884 (2.4300)  manuloss: 1.6163 (1.5760)  acc1: 18.7500 (17.4567)  acc5: 35.5469 (34.7205)  family_acc1: 49.2188 (49.0911)  manu_acc1: 62.8906 (64.5263)  time: 0.3098  data: 0.1121  max mem: 10889
Test:  [390/391]  eta: 0:00:00  sploss: 5.1090 (5.2828)  famloss: 2.1787 (2.3599)  manuloss: 1.2609 (1.5089)  acc1: 19.1406 (17.7560)  acc5: 37.5000 (35.3700)  family_acc1: 52.7344 (50.3450)  manu_acc1: 73.4375 (66.1370)  time: 0.4106  data: 0.2155  max mem: 10889
Test: Total time: 0:02:37 (0.4027 s / it)
* Acc@1 17.756 Acc@5 35.370 family@1 50.345 manu@1 66.137 sploss 5.283 fmloss 2.360 mfloss 1.509
FPA: 12.015% | TICE: 60.030%   
 wAP: 22.077  |  LCA: 186.692   |   Precision and Recall: 35.447%
Accuracy of the network on the 100000 test images: 17.8%
Max accuracy: 17.76%
Do not use OT loss
Epoch: [42]  [  0/156]  eta: 0:15:34  lr: 0.000163  sp_loss: 3.7883 (3.7883)  fam_loss: 2.6974 (2.6974)  manu_loss: 2.0199 (2.0199)  gk_loss: 1.6341 (1.6341)  time: 5.9879  data: 5.6496  max mem: 10889
Epoch: [42]  [155/156]  eta: 0:00:00  lr: 0.000163  sp_loss: 5.3778 (4.8133)  fam_loss: 3.7732 (3.4253)  manu_loss: 2.6756 (2.4991)  gk_loss: 2.4182 (2.1720)  time: 0.3120  data: 0.0853  max mem: 10889
Epoch: [42] Total time: 0:01:03 (0.4081 s / it)
Averaged stats: lr: 0.000163  sp_loss: 5.3778 (4.8133)  fam_loss: 3.7732 (3.4253)  manu_loss: 2.6756 (2.4991)  gk_loss: 2.4182 (2.1720)
Test:  [  0/391]  eta: 0:36:59  sploss: 5.2811 (5.2811)  famloss: 2.2207 (2.2207)  manuloss: 1.3342 (1.3342)  acc1: 16.0156 (16.0156)  acc5: 32.4219 (32.4219)  family_acc1: 50.0000 (50.0000)  manu_acc1: 71.8750 (71.8750)  time: 5.6776  data: 5.4193  max mem: 10889
Test:  [250/391]  eta: 0:00:57  sploss: 5.1360 (5.2704)  famloss: 2.4025 (2.3898)  manuloss: 1.5629 (1.5384)  acc1: 19.1406 (17.9158)  acc5: 36.3281 (35.4986)  family_acc1: 48.0469 (49.8755)  manu_acc1: 63.2812 (64.8391)  time: 0.3085  data: 0.1139  max mem: 10889
Test:  [390/391]  eta: 0:00:00  sploss: 5.0431 (5.2190)  famloss: 2.1610 (2.3188)  manuloss: 1.2195 (1.4686)  acc1: 20.3125 (18.3830)  acc5: 38.2812 (36.2060)  family_acc1: 53.9062 (51.1140)  manu_acc1: 73.0469 (66.4880)  time: 0.4148  data: 0.2277  max mem: 10889
Test: Total time: 0:02:38 (0.4063 s / it)
* Acc@1 18.383 Acc@5 36.206 family@1 51.114 manu@1 66.488 sploss 5.219 fmloss 2.319 mfloss 1.469
FPA: 12.642% | TICE: 59.772%   
 wAP: 22.711  |  LCA: 185.085   |   Precision and Recall: 36.045%
Accuracy of the network on the 100000 test images: 18.4%
Max accuracy: 18.38%
Do not use OT loss
Epoch: [43]  [  0/156]  eta: 0:14:42  lr: 0.000160  sp_loss: 4.3489 (4.3489)  fam_loss: 3.0976 (3.0976)  manu_loss: 2.2554 (2.2554)  gk_loss: 1.9279 (1.9279)  time: 5.6589  data: 5.3815  max mem: 10889
Epoch: [43]  [155/156]  eta: 0:00:00  lr: 0.000160  sp_loss: 4.1977 (4.7742)  fam_loss: 3.1090 (3.4005)  manu_loss: 2.2244 (2.4956)  gk_loss: 1.9209 (2.1559)  time: 0.3282  data: 0.1018  max mem: 10889
Epoch: [43] Total time: 0:01:04 (0.4119 s / it)
Averaged stats: lr: 0.000160  sp_loss: 4.1977 (4.7742)  fam_loss: 3.1090 (3.4005)  manu_loss: 2.2244 (2.4956)  gk_loss: 1.9209 (2.1559)
Test:  [  0/391]  eta: 0:38:35  sploss: 5.2506 (5.2506)  famloss: 2.1948 (2.1948)  manuloss: 1.3067 (1.3067)  acc1: 18.7500 (18.7500)  acc5: 32.4219 (32.4219)  family_acc1: 53.9062 (53.9062)  manu_acc1: 72.2656 (72.2656)  time: 5.9208  data: 5.6863  max mem: 10889
Test:  [250/391]  eta: 0:00:57  sploss: 5.1874 (5.3117)  famloss: 2.3795 (2.4159)  manuloss: 1.5452 (1.5563)  acc1: 19.9219 (17.8520)  acc5: 36.7188 (35.4753)  family_acc1: 48.8281 (49.8708)  manu_acc1: 64.0625 (64.8562)  time: 0.3196  data: 0.1216  max mem: 10889
Test:  [390/391]  eta: 0:00:00  sploss: 5.1304 (5.2646)  famloss: 2.2151 (2.3500)  manuloss: 1.2484 (1.4881)  acc1: 19.5312 (18.2250)  acc5: 37.1094 (36.0120)  family_acc1: 53.9062 (50.8710)  manu_acc1: 73.4375 (66.4690)  time: 0.3986  data: 0.2167  max mem: 10889
Test: Total time: 0:02:36 (0.4006 s / it)
* Acc@1 18.225 Acc@5 36.012 family@1 50.871 manu@1 66.469 sploss 5.265 fmloss 2.350 mfloss 1.488
FPA: 12.506% | TICE: 59.852%   
 wAP: 22.548  |  LCA: 185.616   |   Precision and Recall: 35.834%
Accuracy of the network on the 100000 test images: 18.2%
Max accuracy: 18.38%
Do not use OT loss
Epoch: [44]  [  0/156]  eta: 0:16:19  lr: 0.000156  sp_loss: 4.4154 (4.4154)  fam_loss: 3.2286 (3.2286)  manu_loss: 2.3685 (2.3685)  gk_loss: 2.0041 (2.0041)  time: 6.2792  data: 6.0195  max mem: 10889
Epoch: [44]  [155/156]  eta: 0:00:00  lr: 0.000156  sp_loss: 4.9041 (4.6501)  fam_loss: 3.4819 (3.3266)  manu_loss: 2.5184 (2.4327)  gk_loss: 2.1894 (2.0894)  time: 0.3046  data: 0.0779  max mem: 10889
Epoch: [44] Total time: 0:01:03 (0.4099 s / it)
Averaged stats: lr: 0.000156  sp_loss: 4.9041 (4.6501)  fam_loss: 3.4819 (3.3266)  manu_loss: 2.5184 (2.4327)  gk_loss: 2.1894 (2.0894)
Test:  [  0/391]  eta: 0:37:30  sploss: 5.2230 (5.2230)  famloss: 2.1663 (2.1663)  manuloss: 1.2638 (1.2638)  acc1: 18.7500 (18.7500)  acc5: 32.8125 (32.8125)  family_acc1: 53.9062 (53.9062)  manu_acc1: 72.6562 (72.6562)  time: 5.7547  data: 5.5415  max mem: 10889
Test:  [250/391]  eta: 0:00:58  sploss: 5.0700 (5.2290)  famloss: 2.2831 (2.3277)  manuloss: 1.5168 (1.5075)  acc1: 19.5312 (18.2427)  acc5: 38.2812 (35.9811)  family_acc1: 50.7812 (50.4638)  manu_acc1: 63.2812 (65.0632)  time: 0.3131  data: 0.1179  max mem: 10889
Test:  [390/391]  eta: 0:00:00  sploss: 5.0290 (5.1817)  famloss: 2.1040 (2.2584)  manuloss: 1.1744 (1.4376)  acc1: 20.3125 (18.6180)  acc5: 38.2812 (36.5220)  family_acc1: 54.2969 (51.6480)  manu_acc1: 74.2188 (66.7500)  time: 0.4265  data: 0.2401  max mem: 10889
Test: Total time: 0:02:39 (0.4068 s / it)
* Acc@1 18.618 Acc@5 36.522 family@1 51.648 manu@1 66.750 sploss 5.182 fmloss 2.258 mfloss 1.438
FPA: 13.017% | TICE: 59.148%   
 wAP: 22.976  |  LCA: 183.924   |   Precision and Recall: 36.400%
Accuracy of the network on the 100000 test images: 18.6%
Max accuracy: 18.62%
Do not use OT loss
Epoch: [45]  [  0/156]  eta: 0:15:55  lr: 0.000152  sp_loss: 3.8645 (3.8645)  fam_loss: 2.9280 (2.9280)  manu_loss: 2.1203 (2.1203)  gk_loss: 1.6777 (1.6777)  time: 6.1228  data: 5.8434  max mem: 10889
Epoch: [45]  [155/156]  eta: 0:00:00  lr: 0.000152  sp_loss: 5.6389 (4.8108)  fam_loss: 3.7849 (3.4137)  manu_loss: 2.7172 (2.5057)  gk_loss: 2.4421 (2.1516)  time: 0.3204  data: 0.0926  max mem: 10889
Epoch: [45] Total time: 0:01:04 (0.4109 s / it)
Averaged stats: lr: 0.000152  sp_loss: 5.6389 (4.8108)  fam_loss: 3.7849 (3.4137)  manu_loss: 2.7172 (2.5057)  gk_loss: 2.4421 (2.1516)
Test:  [  0/391]  eta: 0:38:44  sploss: 5.2744 (5.2744)  famloss: 2.2101 (2.2101)  manuloss: 1.3263 (1.3263)  acc1: 17.9688 (17.9688)  acc5: 32.0312 (32.0312)  family_acc1: 53.1250 (53.1250)  manu_acc1: 73.4375 (73.4375)  time: 5.9461  data: 5.7225  max mem: 10889
Test:  [250/391]  eta: 0:00:57  sploss: 5.1949 (5.3343)  famloss: 2.3990 (2.4532)  manuloss: 1.5974 (1.5932)  acc1: 19.1406 (17.6699)  acc5: 37.1094 (34.9913)  family_acc1: 49.2188 (49.4584)  manu_acc1: 64.0625 (64.6881)  time: 0.3104  data: 0.1142  max mem: 10889
Test:  [390/391]  eta: 0:00:00  sploss: 5.1425 (5.2872)  famloss: 2.2141 (2.3843)  manuloss: 1.2962 (1.5254)  acc1: 18.3594 (17.9740)  acc5: 37.5000 (35.6170)  family_acc1: 54.2969 (50.6830)  manu_acc1: 73.1250 (66.2520)  time: 0.3935  data: 0.2137  max mem: 10889
Test: Total time: 0:02:39 (0.4071 s / it)
* Acc@1 17.974 Acc@5 35.617 family@1 50.683 manu@1 66.252 sploss 5.287 fmloss 2.384 mfloss 1.525
FPA: 12.307% | TICE: 60.200%   
 wAP: 22.304  |  LCA: 186.893   |   Precision and Recall: 35.413%
Accuracy of the network on the 100000 test images: 18.0%
Max accuracy: 18.62%
Do not use OT loss
Epoch: [46]  [  0/156]  eta: 0:15:49  lr: 0.000149  sp_loss: 4.7780 (4.7780)  fam_loss: 3.5459 (3.5459)  manu_loss: 2.6030 (2.6030)  gk_loss: 2.1773 (2.1773)  time: 6.0861  data: 5.8170  max mem: 10889
Epoch: [46]  [155/156]  eta: 0:00:00  lr: 0.000149  sp_loss: 4.3112 (4.7054)  fam_loss: 3.2002 (3.3620)  manu_loss: 2.4486 (2.4710)  gk_loss: 2.0047 (2.1057)  time: 0.3071  data: 0.0812  max mem: 10889
Epoch: [46] Total time: 0:01:03 (0.4085 s / it)
Averaged stats: lr: 0.000149  sp_loss: 4.3112 (4.7054)  fam_loss: 3.2002 (3.3620)  manu_loss: 2.4486 (2.4710)  gk_loss: 2.0047 (2.1057)
Test:  [  0/391]  eta: 0:37:50  sploss: 5.2605 (5.2605)  famloss: 2.1404 (2.1404)  manuloss: 1.3065 (1.3065)  acc1: 16.0156 (16.0156)  acc5: 31.6406 (31.6406)  family_acc1: 53.1250 (53.1250)  manu_acc1: 71.0938 (71.0938)  time: 5.8061  data: 5.5863  max mem: 10889
Test:  [250/391]  eta: 0:00:57  sploss: 5.1078 (5.2761)  famloss: 2.2683 (2.3461)  manuloss: 1.5252 (1.5194)  acc1: 20.3125 (18.0481)  acc5: 38.2812 (35.4379)  family_acc1: 49.6094 (50.2350)  manu_acc1: 63.6719 (65.2453)  time: 0.3086  data: 0.1118  max mem: 10889
Test:  [390/391]  eta: 0:00:00  sploss: 5.0461 (5.2241)  famloss: 2.1208 (2.2761)  manuloss: 1.2128 (1.4493)  acc1: 19.9219 (18.4200)  acc5: 38.2812 (36.1890)  family_acc1: 54.6875 (51.3790)  manu_acc1: 73.4375 (66.9230)  time: 0.3948  data: 0.2160  max mem: 10889
Test: Total time: 0:02:36 (0.4008 s / it)
* Acc@1 18.420 Acc@5 36.189 family@1 51.379 manu@1 66.923 sploss 5.224 fmloss 2.276 mfloss 1.449
FPA: 12.945% | TICE: 59.203%   
 wAP: 22.780  |  LCA: 185.573   |   Precision and Recall: 35.819%
Accuracy of the network on the 100000 test images: 18.4%
Max accuracy: 18.62%
Do not use OT loss
Epoch: [47]  [  0/156]  eta: 0:14:38  lr: 0.000145  sp_loss: 4.7725 (4.7725)  fam_loss: 3.4612 (3.4612)  manu_loss: 2.3341 (2.3341)  gk_loss: 2.0856 (2.0856)  time: 5.6324  data: 5.3665  max mem: 10889
Epoch: [47]  [155/156]  eta: 0:00:00  lr: 0.000145  sp_loss: 4.6431 (4.6771)  fam_loss: 3.3022 (3.3367)  manu_loss: 2.5148 (2.4551)  gk_loss: 2.0969 (2.0822)  time: 0.3061  data: 0.0797  max mem: 10889
Epoch: [47] Total time: 0:01:02 (0.4030 s / it)
Averaged stats: lr: 0.000145  sp_loss: 4.6431 (4.6771)  fam_loss: 3.3022 (3.3367)  manu_loss: 2.5148 (2.4551)  gk_loss: 2.0969 (2.0822)
Test:  [  0/391]  eta: 0:40:41  sploss: 5.2008 (5.2008)  famloss: 2.0915 (2.0915)  manuloss: 1.2594 (1.2594)  acc1: 19.9219 (19.9219)  acc5: 30.8594 (30.8594)  family_acc1: 53.5156 (53.5156)  manu_acc1: 73.4375 (73.4375)  time: 6.2431  data: 6.0258  max mem: 10889
Test:  [250/391]  eta: 0:00:57  sploss: 5.1470 (5.2876)  famloss: 2.2798 (2.3633)  manuloss: 1.5253 (1.5236)  acc1: 20.3125 (17.8785)  acc5: 37.1094 (35.4893)  family_acc1: 49.6094 (50.1743)  manu_acc1: 64.0625 (64.9418)  time: 0.3102  data: 0.1128  max mem: 10889
Test:  [390/391]  eta: 0:00:00  sploss: 5.0594 (5.2340)  famloss: 2.1085 (2.2902)  manuloss: 1.2231 (1.4512)  acc1: 20.3125 (18.2800)  acc5: 37.5000 (36.1430)  family_acc1: 55.8594 (51.4140)  manu_acc1: 73.4375 (66.6890)  time: 0.3601  data: 0.1789  max mem: 10889
Test: Total time: 0:02:37 (0.4025 s / it)
* Acc@1 18.280 Acc@5 36.143 family@1 51.414 manu@1 66.689 sploss 5.234 fmloss 2.290 mfloss 1.451
FPA: 12.810% | TICE: 59.255%   
 wAP: 22.654  |  LCA: 185.663   |   Precision and Recall: 35.801%
Accuracy of the network on the 100000 test images: 18.3%
Max accuracy: 18.62%
Do not use OT loss
Epoch: [48]  [  0/156]  eta: 0:16:07  lr: 0.000141  sp_loss: 5.4448 (5.4448)  fam_loss: 3.6768 (3.6768)  manu_loss: 2.7276 (2.7276)  gk_loss: 2.3623 (2.3623)  time: 6.2023  data: 5.9242  max mem: 10889
Epoch: [48]  [155/156]  eta: 0:00:00  lr: 0.000141  sp_loss: 4.8947 (4.5911)  fam_loss: 3.4790 (3.2717)  manu_loss: 2.4761 (2.4035)  gk_loss: 2.1960 (2.0258)  time: 0.3072  data: 0.0816  max mem: 10889
Epoch: [48] Total time: 0:01:03 (0.4092 s / it)
Averaged stats: lr: 0.000141  sp_loss: 4.8947 (4.5911)  fam_loss: 3.4790 (3.2717)  manu_loss: 2.4761 (2.4035)  gk_loss: 2.1960 (2.0258)
Test:  [  0/391]  eta: 0:36:53  sploss: 5.2561 (5.2561)  famloss: 2.1527 (2.1527)  manuloss: 1.2534 (1.2534)  acc1: 18.3594 (18.3594)  acc5: 32.4219 (32.4219)  family_acc1: 51.9531 (51.9531)  manu_acc1: 72.2656 (72.2656)  time: 5.6614  data: 5.4480  max mem: 10889
Test:  [250/391]  eta: 0:00:57  sploss: 5.0773 (5.2160)  famloss: 2.3100 (2.3233)  manuloss: 1.5167 (1.5028)  acc1: 20.3125 (18.6162)  acc5: 37.5000 (36.1974)  family_acc1: 50.0000 (50.9898)  manu_acc1: 63.2812 (65.5098)  time: 0.3106  data: 0.1120  max mem: 10889
Test:  [390/391]  eta: 0:00:00  sploss: 4.9690 (5.1630)  famloss: 2.0953 (2.2525)  manuloss: 1.2069 (1.4307)  acc1: 21.0938 (19.0630)  acc5: 39.4531 (36.9240)  family_acc1: 57.0312 (52.1720)  manu_acc1: 73.4375 (67.2410)  time: 0.4116  data: 0.2344  max mem: 10889
Test: Total time: 0:02:37 (0.4022 s / it)
* Acc@1 19.063 Acc@5 36.924 family@1 52.172 manu@1 67.241 sploss 5.163 fmloss 2.252 mfloss 1.431
FPA: 13.550% | TICE: 58.609%   
 wAP: 23.429  |  LCA: 182.994   |   Precision and Recall: 36.741%
Accuracy of the network on the 100000 test images: 19.1%
Max accuracy: 19.06%
Do not use OT loss
Epoch: [49]  [  0/156]  eta: 0:15:32  lr: 0.000138  sp_loss: 4.5475 (4.5475)  fam_loss: 3.3656 (3.3656)  manu_loss: 2.4264 (2.4264)  gk_loss: 2.0223 (2.0223)  time: 5.9780  data: 5.7091  max mem: 10889
Epoch: [49]  [155/156]  eta: 0:00:00  lr: 0.000138  sp_loss: 4.3685 (4.5948)  fam_loss: 3.1395 (3.2974)  manu_loss: 2.3896 (2.4251)  gk_loss: 1.9391 (2.0364)  time: 0.3099  data: 0.0861  max mem: 10889
Epoch: [49] Total time: 0:01:02 (0.4027 s / it)
Averaged stats: lr: 0.000138  sp_loss: 4.3685 (4.5948)  fam_loss: 3.1395 (3.2974)  manu_loss: 2.3896 (2.4251)  gk_loss: 1.9391 (2.0364)
Test:  [  0/391]  eta: 0:38:12  sploss: 5.3571 (5.3571)  famloss: 2.2323 (2.2323)  manuloss: 1.3413 (1.3413)  acc1: 17.1875 (17.1875)  acc5: 31.6406 (31.6406)  family_acc1: 51.1719 (51.1719)  manu_acc1: 72.2656 (72.2656)  time: 5.8631  data: 5.6448  max mem: 10889
Test:  [250/391]  eta: 0:00:59  sploss: 5.1833 (5.3439)  famloss: 2.3405 (2.3969)  manuloss: 1.5638 (1.5660)  acc1: 19.1406 (17.6606)  acc5: 37.5000 (35.3446)  family_acc1: 49.6094 (50.1012)  manu_acc1: 63.2812 (64.9013)  time: 0.3191  data: 0.1199  max mem: 10889
Test:  [390/391]  eta: 0:00:00  sploss: 5.1066 (5.2905)  famloss: 2.1578 (2.3257)  manuloss: 1.2427 (1.4923)  acc1: 19.1406 (18.1510)  acc5: 38.2812 (36.0520)  family_acc1: 55.4688 (51.3310)  manu_acc1: 73.7500 (66.6660)  time: 0.4017  data: 0.2226  max mem: 10889
Test: Total time: 0:02:39 (0.4082 s / it)
* Acc@1 18.151 Acc@5 36.052 family@1 51.331 manu@1 66.666 sploss 5.291 fmloss 2.326 mfloss 1.492
FPA: 12.766% | TICE: 59.755%   
 wAP: 22.532  |  LCA: 186.247   |   Precision and Recall: 35.634%
Accuracy of the network on the 100000 test images: 18.2%
Max accuracy: 19.06%
Do not use OT loss
Epoch: [50]  [  0/156]  eta: 0:15:14  lr: 0.000134  sp_loss: 6.2149 (6.2149)  fam_loss: 4.3151 (4.3151)  manu_loss: 3.1367 (3.1367)  gk_loss: 2.9167 (2.9167)  time: 5.8629  data: 5.5838  max mem: 10889
Epoch: [50]  [155/156]  eta: 0:00:00  lr: 0.000134  sp_loss: 4.8191 (4.6810)  fam_loss: 3.3726 (3.3393)  manu_loss: 2.4651 (2.4551)  gk_loss: 2.1182 (2.0718)  time: 0.3147  data: 0.0893  max mem: 10889
Epoch: [50] Total time: 0:01:02 (0.4008 s / it)
Averaged stats: lr: 0.000134  sp_loss: 4.8191 (4.6810)  fam_loss: 3.3726 (3.3393)  manu_loss: 2.4651 (2.4551)  gk_loss: 2.1182 (2.0718)
Test:  [  0/391]  eta: 0:36:47  sploss: 5.2337 (5.2337)  famloss: 2.1472 (2.1472)  manuloss: 1.2734 (1.2734)  acc1: 17.5781 (17.5781)  acc5: 30.8594 (30.8594)  family_acc1: 52.3438 (52.3438)  manu_acc1: 72.6562 (72.6562)  time: 5.6462  data: 5.4303  max mem: 10889
Test:  [250/391]  eta: 0:00:56  sploss: 5.0281 (5.2096)  famloss: 2.3254 (2.3248)  manuloss: 1.5378 (1.5063)  acc1: 20.3125 (18.8231)  acc5: 38.2812 (36.4199)  family_acc1: 49.2188 (50.9229)  manu_acc1: 63.6719 (65.5845)  time: 0.3203  data: 0.1255  max mem: 10889
Test:  [390/391]  eta: 0:00:00  sploss: 4.9920 (5.1542)  famloss: 2.0740 (2.2511)  manuloss: 1.1744 (1.4324)  acc1: 20.3125 (19.2280)  acc5: 38.2812 (37.1620)  family_acc1: 55.0781 (52.0810)  manu_acc1: 73.4375 (67.2420)  time: 0.3971  data: 0.2177  max mem: 10889
Test: Total time: 0:02:34 (0.3964 s / it)
* Acc@1 19.228 Acc@5 37.162 family@1 52.081 manu@1 67.242 sploss 5.154 fmloss 2.251 mfloss 1.432
FPA: 13.529% | TICE: 58.197%   
 wAP: 23.566  |  LCA: 182.405   |   Precision and Recall: 36.865%
Accuracy of the network on the 100000 test images: 19.2%
Max accuracy: 19.23%
Do not use OT loss
Epoch: [51]  [  0/156]  eta: 0:14:10  lr: 0.000130  sp_loss: 4.8310 (4.8310)  fam_loss: 3.6529 (3.6529)  manu_loss: 2.7434 (2.7434)  gk_loss: 2.2623 (2.2623)  time: 5.4510  data: 5.1696  max mem: 10889
Epoch: [51]  [155/156]  eta: 0:00:00  lr: 0.000130  sp_loss: 4.6411 (4.5301)  fam_loss: 3.4000 (3.2448)  manu_loss: 2.4976 (2.3745)  gk_loss: 2.0444 (1.9861)  time: 0.3056  data: 0.0811  max mem: 10889
Epoch: [51] Total time: 0:01:01 (0.3969 s / it)
Averaged stats: lr: 0.000130  sp_loss: 4.6411 (4.5301)  fam_loss: 3.4000 (3.2448)  manu_loss: 2.4976 (2.3745)  gk_loss: 2.0444 (1.9861)
Test:  [  0/391]  eta: 0:36:28  sploss: 5.2779 (5.2779)  famloss: 2.1707 (2.1707)  manuloss: 1.3384 (1.3384)  acc1: 18.7500 (18.7500)  acc5: 32.0312 (32.0312)  family_acc1: 51.5625 (51.5625)  manu_acc1: 69.9219 (69.9219)  time: 5.5963  data: 5.3529  max mem: 10889
Test:  [250/391]  eta: 0:00:56  sploss: 5.1477 (5.2988)  famloss: 2.3336 (2.3672)  manuloss: 1.5608 (1.5472)  acc1: 19.1406 (17.8785)  acc5: 37.8906 (35.4862)  family_acc1: 48.8281 (50.0156)  manu_acc1: 62.5000 (64.8624)  time: 0.3107  data: 0.1132  max mem: 10889
Test:  [390/391]  eta: 0:00:00  sploss: 5.0511 (5.2459)  famloss: 2.1165 (2.2924)  manuloss: 1.1884 (1.4736)  acc1: 19.5312 (18.3640)  acc5: 37.8906 (36.2020)  family_acc1: 55.0781 (51.2570)  manu_acc1: 72.6562 (66.6020)  time: 0.4044  data: 0.2241  max mem: 10889
Test: Total time: 0:02:35 (0.3965 s / it)
* Acc@1 18.364 Acc@5 36.202 family@1 51.257 manu@1 66.602 sploss 5.246 fmloss 2.292 mfloss 1.474
FPA: 12.783% | TICE: 59.379%   
 wAP: 22.711  |  LCA: 185.263   |   Precision and Recall: 35.887%
Accuracy of the network on the 100000 test images: 18.4%
Max accuracy: 19.23%
Do not use OT loss
Epoch: [52]  [  0/156]  eta: 0:15:19  lr: 0.000126  sp_loss: 5.3771 (5.3771)  fam_loss: 3.8367 (3.8367)  manu_loss: 2.7764 (2.7764)  gk_loss: 2.3757 (2.3757)  time: 5.8968  data: 5.6276  max mem: 10889
Epoch: [52]  [155/156]  eta: 0:00:00  lr: 0.000126  sp_loss: 5.3128 (4.5732)  fam_loss: 3.6281 (3.2557)  manu_loss: 2.5939 (2.3939)  gk_loss: 2.2616 (1.9969)  time: 0.3158  data: 0.0913  max mem: 10889
Epoch: [52] Total time: 0:01:02 (0.3998 s / it)
Averaged stats: lr: 0.000126  sp_loss: 5.3128 (4.5732)  fam_loss: 3.6281 (3.2557)  manu_loss: 2.5939 (2.3939)  gk_loss: 2.2616 (1.9969)
Test:  [  0/391]  eta: 0:38:42  sploss: 5.2433 (5.2433)  famloss: 2.2336 (2.2336)  manuloss: 1.3894 (1.3894)  acc1: 18.3594 (18.3594)  acc5: 33.9844 (33.9844)  family_acc1: 52.3438 (52.3438)  manu_acc1: 72.6562 (72.6562)  time: 5.9399  data: 5.7174  max mem: 10889
Test:  [250/391]  eta: 0:00:56  sploss: 5.1552 (5.3045)  famloss: 2.4008 (2.4257)  manuloss: 1.5714 (1.5706)  acc1: 19.5312 (18.0730)  acc5: 36.3281 (35.5967)  family_acc1: 49.6094 (50.1447)  manu_acc1: 64.8438 (65.1550)  time: 0.3027  data: 0.1078  max mem: 10889
Test:  [390/391]  eta: 0:00:00  sploss: 5.0662 (5.2533)  famloss: 2.1710 (2.3544)  manuloss: 1.2426 (1.4996)  acc1: 19.5312 (18.4990)  acc5: 39.0625 (36.3310)  family_acc1: 55.4688 (51.3390)  manu_acc1: 73.8281 (66.9180)  time: 0.3880  data: 0.2079  max mem: 10889
Test: Total time: 0:02:34 (0.3950 s / it)
* Acc@1 18.499 Acc@5 36.331 family@1 51.339 manu@1 66.918 sploss 5.253 fmloss 2.354 mfloss 1.500
FPA: 13.061% | TICE: 59.015%   
 wAP: 22.845  |  LCA: 185.253   |   Precision and Recall: 35.981%
Accuracy of the network on the 100000 test images: 18.5%
Max accuracy: 19.23%
Do not use OT loss
Epoch: [53]  [  0/156]  eta: 0:15:24  lr: 0.000122  sp_loss: 4.9198 (4.9198)  fam_loss: 3.5260 (3.5260)  manu_loss: 2.4356 (2.4356)  gk_loss: 2.1341 (2.1341)  time: 5.9233  data: 5.6498  max mem: 10889
Epoch: [53]  [155/156]  eta: 0:00:00  lr: 0.000122  sp_loss: 4.3676 (4.5726)  fam_loss: 3.2185 (3.2670)  manu_loss: 2.3196 (2.3973)  gk_loss: 1.9424 (1.9968)  time: 0.3078  data: 0.0833  max mem: 10889
Epoch: [53] Total time: 0:01:02 (0.4032 s / it)
Averaged stats: lr: 0.000122  sp_loss: 4.3676 (4.5726)  fam_loss: 3.2185 (3.2670)  manu_loss: 2.3196 (2.3973)  gk_loss: 1.9424 (1.9968)
Test:  [  0/391]  eta: 0:35:52  sploss: 5.2706 (5.2706)  famloss: 2.2230 (2.2230)  manuloss: 1.3291 (1.3291)  acc1: 17.1875 (17.1875)  acc5: 32.8125 (32.8125)  family_acc1: 50.7812 (50.7812)  manu_acc1: 71.8750 (71.8750)  time: 5.5045  data: 5.2848  max mem: 10889
Test:  [250/391]  eta: 0:00:56  sploss: 5.1223 (5.2287)  famloss: 2.3127 (2.3421)  manuloss: 1.5638 (1.5274)  acc1: 20.7031 (18.6130)  acc5: 37.1094 (36.4869)  family_acc1: 50.0000 (50.9369)  manu_acc1: 64.0625 (65.6203)  time: 0.3005  data: 0.1008  max mem: 10889
Test:  [390/391]  eta: 0:00:00  sploss: 5.0078 (5.1752)  famloss: 2.1050 (2.2700)  manuloss: 1.1954 (1.4547)  acc1: 20.7031 (19.1140)  acc5: 39.8438 (37.2540)  family_acc1: 55.4688 (52.0990)  manu_acc1: 73.8281 (67.2830)  time: 0.4028  data: 0.2165  max mem: 10889
Test: Total time: 0:02:35 (0.3968 s / it)
* Acc@1 19.114 Acc@5 37.254 family@1 52.099 manu@1 67.283 sploss 5.175 fmloss 2.270 mfloss 1.455
FPA: 13.575% | TICE: 58.090%   
 wAP: 23.468  |  LCA: 182.625   |   Precision and Recall: 36.801%
Accuracy of the network on the 100000 test images: 19.1%
Max accuracy: 19.23%
Do not use OT loss
Epoch: [54]  [  0/156]  eta: 0:14:31  lr: 0.000119  sp_loss: 4.3788 (4.3788)  fam_loss: 3.0695 (3.0695)  manu_loss: 2.2240 (2.2240)  gk_loss: 1.8121 (1.8121)  time: 5.5879  data: 5.3175  max mem: 10889
Epoch: [54]  [155/156]  eta: 0:00:00  lr: 0.000119  sp_loss: 4.7358 (4.6434)  fam_loss: 3.4082 (3.3182)  manu_loss: 2.5239 (2.4318)  gk_loss: 2.1421 (2.0295)  time: 0.3206  data: 0.0915  max mem: 10889
Epoch: [54] Total time: 0:01:03 (0.4073 s / it)
Averaged stats: lr: 0.000119  sp_loss: 4.7358 (4.6434)  fam_loss: 3.4082 (3.3182)  manu_loss: 2.5239 (2.4318)  gk_loss: 2.1421 (2.0295)
Test:  [  0/391]  eta: 0:37:50  sploss: 5.1719 (5.1719)  famloss: 2.1117 (2.1117)  manuloss: 1.3030 (1.3030)  acc1: 19.1406 (19.1406)  acc5: 31.2500 (31.2500)  family_acc1: 54.6875 (54.6875)  manu_acc1: 70.3125 (70.3125)  time: 5.8080  data: 5.5927  max mem: 10889
Test:  [250/391]  eta: 0:00:56  sploss: 5.0579 (5.1970)  famloss: 2.2821 (2.3108)  manuloss: 1.5155 (1.4972)  acc1: 20.7031 (18.8667)  acc5: 37.8906 (36.8152)  family_acc1: 49.2188 (51.1906)  manu_acc1: 64.8438 (65.7760)  time: 0.3100  data: 0.1096  max mem: 10889
Test:  [390/391]  eta: 0:00:00  sploss: 4.9570 (5.1510)  famloss: 2.0584 (2.2415)  manuloss: 1.1755 (1.4270)  acc1: 21.8750 (19.2950)  acc5: 39.4531 (37.4420)  family_acc1: 54.6875 (52.3710)  manu_acc1: 74.2188 (67.4130)  time: 0.3901  data: 0.2109  max mem: 10889
Test: Total time: 0:02:34 (0.3954 s / it)
* Acc@1 19.295 Acc@5 37.442 family@1 52.371 manu@1 67.413 sploss 5.151 fmloss 2.242 mfloss 1.427
FPA: 13.839% | TICE: 58.357%   
 wAP: 23.657  |  LCA: 182.418   |   Precision and Recall: 36.910%
Accuracy of the network on the 100000 test images: 19.3%
Max accuracy: 19.30%
Do not use OT loss
Epoch: [55]  [  0/156]  eta: 0:15:24  lr: 0.000115  sp_loss: 4.9028 (4.9028)  fam_loss: 3.4893 (3.4893)  manu_loss: 2.5275 (2.5275)  gk_loss: 2.1757 (2.1757)  time: 5.9257  data: 5.6632  max mem: 10889
Epoch: [55]  [155/156]  eta: 0:00:00  lr: 0.000115  sp_loss: 5.0208 (4.5227)  fam_loss: 3.3409 (3.2435)  manu_loss: 2.4387 (2.3885)  gk_loss: 2.1084 (1.9716)  time: 0.3171  data: 0.0921  max mem: 10889
Epoch: [55] Total time: 0:01:03 (0.4066 s / it)
Averaged stats: lr: 0.000115  sp_loss: 5.0208 (4.5227)  fam_loss: 3.3409 (3.2435)  manu_loss: 2.4387 (2.3885)  gk_loss: 2.1084 (1.9716)
Test:  [  0/391]  eta: 0:35:49  sploss: 5.2928 (5.2928)  famloss: 2.1817 (2.1817)  manuloss: 1.3408 (1.3408)  acc1: 18.3594 (18.3594)  acc5: 35.1562 (35.1562)  family_acc1: 55.4688 (55.4688)  manu_acc1: 71.4844 (71.4844)  time: 5.4974  data: 5.2802  max mem: 10889
Test:  [250/391]  eta: 0:00:56  sploss: 5.1489 (5.2790)  famloss: 2.3435 (2.3772)  manuloss: 1.5541 (1.5475)  acc1: 20.7031 (18.6628)  acc5: 38.2812 (36.4091)  family_acc1: 50.3906 (51.3213)  manu_acc1: 64.8438 (66.1386)  time: 0.3087  data: 0.1121  max mem: 10889
Test:  [390/391]  eta: 0:00:00  sploss: 5.0293 (5.2303)  famloss: 2.1675 (2.3098)  manuloss: 1.2289 (1.4799)  acc1: 20.7031 (19.1450)  acc5: 38.6719 (37.1180)  family_acc1: 55.4688 (52.4290)  manu_acc1: 73.8281 (67.6640)  time: 0.3952  data: 0.2178  max mem: 10889
Test: Total time: 0:02:34 (0.3960 s / it)
* Acc@1 19.145 Acc@5 37.118 family@1 52.429 manu@1 67.664 sploss 5.230 fmloss 2.310 mfloss 1.480
FPA: 13.633% | TICE: 58.704%   
 wAP: 23.537  |  LCA: 183.088   |   Precision and Recall: 36.724%
Accuracy of the network on the 100000 test images: 19.1%
Max accuracy: 19.30%
Do not use OT loss
Epoch: [56]  [  0/156]  eta: 0:15:20  lr: 0.000111  sp_loss: 5.6195 (5.6195)  fam_loss: 3.8677 (3.8677)  manu_loss: 2.8362 (2.8362)  gk_loss: 2.4850 (2.4850)  time: 5.9000  data: 5.6369  max mem: 10889
Epoch: [56]  [155/156]  eta: 0:00:00  lr: 0.000111  sp_loss: 4.7500 (4.5595)  fam_loss: 3.3203 (3.2577)  manu_loss: 2.3796 (2.3852)  gk_loss: 1.9809 (1.9660)  time: 0.3050  data: 0.0812  max mem: 10889
Epoch: [56] Total time: 0:01:01 (0.3972 s / it)
Averaged stats: lr: 0.000111  sp_loss: 4.7500 (4.5595)  fam_loss: 3.3203 (3.2577)  manu_loss: 2.3796 (2.3852)  gk_loss: 1.9809 (1.9660)
Test:  [  0/391]  eta: 0:36:33  sploss: 5.2543 (5.2543)  famloss: 2.1414 (2.1414)  manuloss: 1.2898 (1.2898)  acc1: 20.7031 (20.7031)  acc5: 33.9844 (33.9844)  family_acc1: 52.3438 (52.3438)  manu_acc1: 73.0469 (73.0469)  time: 5.6106  data: 5.3961  max mem: 10889
Test:  [250/391]  eta: 0:00:56  sploss: 5.1398 (5.2874)  famloss: 2.3580 (2.3578)  manuloss: 1.5268 (1.5291)  acc1: 20.3125 (18.4932)  acc5: 38.6719 (36.3375)  family_acc1: 49.6094 (50.7579)  manu_acc1: 64.0625 (65.4600)  time: 0.3212  data: 0.1261  max mem: 10889
Test:  [390/391]  eta: 0:00:00  sploss: 5.0710 (5.2354)  famloss: 2.1162 (2.2894)  manuloss: 1.1825 (1.4590)  acc1: 21.0938 (18.9830)  acc5: 38.6719 (37.1100)  family_acc1: 55.6250 (51.8490)  manu_acc1: 74.2188 (67.0450)  time: 0.3918  data: 0.2147  max mem: 10889
Test: Total time: 0:02:35 (0.3965 s / it)
* Acc@1 18.983 Acc@5 37.110 family@1 51.849 manu@1 67.045 sploss 5.235 fmloss 2.289 mfloss 1.459
FPA: 13.507% | TICE: 58.343%   
 wAP: 23.323  |  LCA: 183.559   |   Precision and Recall: 36.542%
Accuracy of the network on the 100000 test images: 19.0%
Max accuracy: 19.30%
Do not use OT loss
Epoch: [57]  [  0/156]  eta: 0:15:09  lr: 0.000108  sp_loss: 3.2436 (3.2436)  fam_loss: 2.5336 (2.5336)  manu_loss: 1.8403 (1.8403)  gk_loss: 1.4064 (1.4064)  time: 5.8331  data: 5.5636  max mem: 10889
Epoch: [57]  [155/156]  eta: 0:00:00  lr: 0.000108  sp_loss: 3.9338 (4.4555)  fam_loss: 2.9272 (3.1913)  manu_loss: 2.2330 (2.3438)  gk_loss: 1.7115 (1.9213)  time: 0.3112  data: 0.0875  max mem: 10889
Epoch: [57] Total time: 0:01:02 (0.4032 s / it)
Averaged stats: lr: 0.000108  sp_loss: 3.9338 (4.4555)  fam_loss: 2.9272 (3.1913)  manu_loss: 2.2330 (2.3438)  gk_loss: 1.7115 (1.9213)
Test:  [  0/391]  eta: 0:38:01  sploss: 5.2785 (5.2785)  famloss: 2.1800 (2.1800)  manuloss: 1.3295 (1.3295)  acc1: 20.3125 (20.3125)  acc5: 33.2031 (33.2031)  family_acc1: 52.3438 (52.3438)  manu_acc1: 71.0938 (71.0938)  time: 5.8349  data: 5.5956  max mem: 10889
Test:  [250/391]  eta: 0:00:57  sploss: 5.0817 (5.2546)  famloss: 2.2885 (2.3293)  manuloss: 1.4950 (1.5030)  acc1: 19.9219 (18.6130)  acc5: 38.6719 (36.5942)  family_acc1: 49.6094 (51.3291)  manu_acc1: 64.4531 (66.0685)  time: 0.3614  data: 0.1640  max mem: 10889
Test:  [390/391]  eta: 0:00:00  sploss: 5.0289 (5.2014)  famloss: 2.1049 (2.2588)  manuloss: 1.1898 (1.4313)  acc1: 21.2500 (19.1870)  acc5: 38.2812 (37.2620)  family_acc1: 55.8594 (52.5050)  manu_acc1: 73.8281 (67.7060)  time: 0.3898  data: 0.2096  max mem: 10889
Test: Total time: 0:02:35 (0.3977 s / it)
* Acc@1 19.187 Acc@5 37.262 family@1 52.505 manu@1 67.706 sploss 5.201 fmloss 2.259 mfloss 1.431
FPA: 13.761% | TICE: 58.613%   
 wAP: 23.582  |  LCA: 183.173   |   Precision and Recall: 36.705%
Accuracy of the network on the 100000 test images: 19.2%
Max accuracy: 19.30%
Do not use OT loss
Epoch: [58]  [  0/156]  eta: 0:16:00  lr: 0.000104  sp_loss: 3.0846 (3.0846)  fam_loss: 2.3366 (2.3366)  manu_loss: 1.8515 (1.8515)  gk_loss: 1.3022 (1.3022)  time: 6.1598  data: 5.8852  max mem: 10889
Epoch: [58]  [155/156]  eta: 0:00:00  lr: 0.000104  sp_loss: 4.3714 (4.3695)  fam_loss: 3.0770 (3.1401)  manu_loss: 2.2766 (2.3049)  gk_loss: 1.8205 (1.8749)  time: 0.3011  data: 0.0774  max mem: 10889
Epoch: [58] Total time: 0:01:02 (0.3976 s / it)
Averaged stats: lr: 0.000104  sp_loss: 4.3714 (4.3695)  fam_loss: 3.0770 (3.1401)  manu_loss: 2.2766 (2.3049)  gk_loss: 1.8205 (1.8749)
Test:  [  0/391]  eta: 0:37:54  sploss: 5.2885 (5.2885)  famloss: 2.2043 (2.2043)  manuloss: 1.3844 (1.3844)  acc1: 18.7500 (18.7500)  acc5: 34.3750 (34.3750)  family_acc1: 53.1250 (53.1250)  manu_acc1: 71.0938 (71.0938)  time: 5.8173  data: 5.5940  max mem: 10889
Test:  [250/391]  eta: 0:00:56  sploss: 5.1436 (5.2867)  famloss: 2.3648 (2.3724)  manuloss: 1.5587 (1.5438)  acc1: 19.9219 (18.8309)  acc5: 37.1094 (36.5289)  family_acc1: 50.3906 (51.4660)  manu_acc1: 63.6719 (66.0374)  time: 0.3388  data: 0.1285  max mem: 10889
Test:  [390/391]  eta: 0:00:00  sploss: 5.0721 (5.2377)  famloss: 2.1265 (2.3022)  manuloss: 1.2035 (1.4707)  acc1: 19.9219 (19.2330)  acc5: 39.0625 (37.2460)  family_acc1: 56.8750 (52.6790)  manu_acc1: 73.8281 (67.7560)  time: 0.3907  data: 0.2146  max mem: 10889
Test: Total time: 0:02:35 (0.3968 s / it)
* Acc@1 19.233 Acc@5 37.246 family@1 52.679 manu@1 67.756 sploss 5.238 fmloss 2.302 mfloss 1.471
FPA: 13.758% | TICE: 58.311%   
 wAP: 23.640  |  LCA: 183.001   |   Precision and Recall: 36.741%
Accuracy of the network on the 100000 test images: 19.2%
Max accuracy: 19.30%
Do not use OT loss
Epoch: [59]  [  0/156]  eta: 0:14:42  lr: 0.000100  sp_loss: 5.0130 (5.0130)  fam_loss: 3.5331 (3.5331)  manu_loss: 2.5987 (2.5987)  gk_loss: 2.1395 (2.1395)  time: 5.6544  data: 5.3864  max mem: 10889
Epoch: [59]  [155/156]  eta: 0:00:00  lr: 0.000100  sp_loss: 4.5247 (4.4079)  fam_loss: 3.2713 (3.1692)  manu_loss: 2.3069 (2.3315)  gk_loss: 1.9365 (1.8952)  time: 0.3154  data: 0.0913  max mem: 10889
Epoch: [59] Total time: 0:01:02 (0.4026 s / it)
Averaged stats: lr: 0.000100  sp_loss: 4.5247 (4.4079)  fam_loss: 3.2713 (3.1692)  manu_loss: 2.3069 (2.3315)  gk_loss: 1.9365 (1.8952)
Test:  [  0/391]  eta: 0:36:24  sploss: 5.3042 (5.3042)  famloss: 2.1326 (2.1326)  manuloss: 1.3006 (1.3006)  acc1: 16.7969 (16.7969)  acc5: 31.2500 (31.2500)  family_acc1: 54.6875 (54.6875)  manu_acc1: 71.8750 (71.8750)  time: 5.5859  data: 5.3703  max mem: 10889
Test:  [250/391]  eta: 0:00:56  sploss: 5.0956 (5.2752)  famloss: 2.3207 (2.3488)  manuloss: 1.5331 (1.5211)  acc1: 21.4844 (18.7609)  acc5: 37.8906 (36.4651)  family_acc1: 50.7812 (51.4956)  manu_acc1: 65.2344 (65.9612)  time: 0.3149  data: 0.1182  max mem: 10889
Test:  [390/391]  eta: 0:00:00  sploss: 5.0909 (5.2239)  famloss: 2.1262 (2.2786)  manuloss: 1.1970 (1.4500)  acc1: 20.3125 (19.2190)  acc5: 38.6719 (37.1640)  family_acc1: 55.8594 (52.5920)  manu_acc1: 74.2188 (67.6090)  time: 0.4079  data: 0.2290  max mem: 10889
Test: Total time: 0:02:35 (0.3973 s / it)
* Acc@1 19.219 Acc@5 37.164 family@1 52.592 manu@1 67.609 sploss 5.224 fmloss 2.279 mfloss 1.450
FPA: 13.754% | TICE: 58.279%   
 wAP: 23.616  |  LCA: 182.771   |   Precision and Recall: 36.785%
Accuracy of the network on the 100000 test images: 19.2%
Max accuracy: 19.30%
Do not use OT loss
Epoch: [60]  [  0/156]  eta: 0:14:24  lr: 0.000097  sp_loss: 5.6459 (5.6459)  fam_loss: 4.0581 (4.0581)  manu_loss: 2.9093 (2.9093)  gk_loss: 2.5982 (2.5982)  time: 5.5436  data: 5.2465  max mem: 10889
Epoch: [60]  [155/156]  eta: 0:00:00  lr: 0.000097  sp_loss: 3.4349 (4.4633)  fam_loss: 2.5693 (3.2158)  manu_loss: 1.9466 (2.3612)  gk_loss: 1.4243 (1.9222)  time: 0.3132  data: 0.0885  max mem: 10889
Epoch: [60] Total time: 0:01:02 (0.4024 s / it)
Averaged stats: lr: 0.000097  sp_loss: 3.4349 (4.4633)  fam_loss: 2.5693 (3.2158)  manu_loss: 1.9466 (2.3612)  gk_loss: 1.4243 (1.9222)
Test:  [  0/391]  eta: 0:40:32  sploss: 5.2523 (5.2523)  famloss: 2.0865 (2.0865)  manuloss: 1.2905 (1.2905)  acc1: 17.1875 (17.1875)  acc5: 31.6406 (31.6406)  family_acc1: 55.0781 (55.0781)  manu_acc1: 71.8750 (71.8750)  time: 6.2221  data: 6.0040  max mem: 10889
Test:  [250/391]  eta: 0:00:57  sploss: 5.0402 (5.2198)  famloss: 2.2315 (2.2890)  manuloss: 1.5050 (1.4905)  acc1: 21.0938 (19.0675)  acc5: 38.6719 (36.9522)  family_acc1: 51.5625 (51.8644)  manu_acc1: 66.0156 (66.2662)  time: 0.3131  data: 0.1128  max mem: 10889
Test:  [390/391]  eta: 0:00:00  sploss: 5.0059 (5.1661)  famloss: 2.0534 (2.2189)  manuloss: 1.1832 (1.4186)  acc1: 20.3125 (19.5210)  acc5: 39.8438 (37.7200)  family_acc1: 55.8594 (52.9340)  manu_acc1: 74.2188 (67.8370)  time: 0.3855  data: 0.2094  max mem: 10889
Test: Total time: 0:02:35 (0.3969 s / it)
* Acc@1 19.521 Acc@5 37.720 family@1 52.934 manu@1 67.837 sploss 5.166 fmloss 2.219 mfloss 1.419
FPA: 14.133% | TICE: 57.961%   
 wAP: 23.920  |  LCA: 181.913   |   Precision and Recall: 37.086%
Accuracy of the network on the 100000 test images: 19.5%
Max accuracy: 19.52%
Do not use OT loss
Epoch: [61]  [  0/156]  eta: 0:14:52  lr: 0.000093  sp_loss: 5.0112 (5.0112)  fam_loss: 3.5634 (3.5634)  manu_loss: 2.6451 (2.6451)  gk_loss: 2.2068 (2.2068)  time: 5.7211  data: 5.4579  max mem: 10889
Epoch: [61]  [155/156]  eta: 0:00:00  lr: 0.000093  sp_loss: 4.9729 (4.4211)  fam_loss: 3.4649 (3.1801)  manu_loss: 2.5612 (2.3452)  gk_loss: 2.1519 (1.8984)  time: 0.3049  data: 0.0803  max mem: 10889
Epoch: [61] Total time: 0:01:03 (0.4079 s / it)
Averaged stats: lr: 0.000093  sp_loss: 4.9729 (4.4211)  fam_loss: 3.4649 (3.1801)  manu_loss: 2.5612 (2.3452)  gk_loss: 2.1519 (1.8984)
Test:  [  0/391]  eta: 0:39:35  sploss: 5.3736 (5.3736)  famloss: 2.2346 (2.2346)  manuloss: 1.3571 (1.3571)  acc1: 16.7969 (16.7969)  acc5: 32.4219 (32.4219)  family_acc1: 53.9062 (53.9062)  manu_acc1: 72.6562 (72.6562)  time: 6.0758  data: 5.8308  max mem: 10889
Test:  [250/391]  eta: 0:00:56  sploss: 5.2209 (5.3693)  famloss: 2.4186 (2.4461)  manuloss: 1.6022 (1.5854)  acc1: 20.3125 (18.5103)  acc5: 37.5000 (36.1118)  family_acc1: 52.3438 (51.1003)  manu_acc1: 64.8438 (65.7837)  time: 0.3136  data: 0.1113  max mem: 10889
Test:  [390/391]  eta: 0:00:00  sploss: 5.1379 (5.3194)  famloss: 2.2226 (2.3773)  manuloss: 1.2636 (1.5156)  acc1: 19.9219 (19.0180)  acc5: 39.0625 (36.8230)  family_acc1: 55.0781 (52.1980)  manu_acc1: 74.2188 (67.3360)  time: 0.3912  data: 0.2127  max mem: 10889
Test: Total time: 0:02:34 (0.3944 s / it)
* Acc@1 19.018 Acc@5 36.823 family@1 52.198 manu@1 67.336 sploss 5.319 fmloss 2.377 mfloss 1.516
FPA: 13.609% | TICE: 58.776%   
 wAP: 23.395  |  LCA: 184.236   |   Precision and Recall: 36.318%
Accuracy of the network on the 100000 test images: 19.0%
Max accuracy: 19.52%
Do not use OT loss
Epoch: [62]  [  0/156]  eta: 0:14:44  lr: 0.000089  sp_loss: 3.7297 (3.7297)  fam_loss: 2.6829 (2.6829)  manu_loss: 2.0384 (2.0384)  gk_loss: 1.5204 (1.5204)  time: 5.6708  data: 5.3948  max mem: 10889
Epoch: [62]  [155/156]  eta: 0:00:00  lr: 0.000089  sp_loss: 4.8733 (4.4327)  fam_loss: 3.2610 (3.1726)  manu_loss: 2.3746 (2.3261)  gk_loss: 1.9400 (1.8825)  time: 0.3126  data: 0.0883  max mem: 10889
Epoch: [62] Total time: 0:01:02 (0.3978 s / it)
Averaged stats: lr: 0.000089  sp_loss: 4.8733 (4.4327)  fam_loss: 3.2610 (3.1726)  manu_loss: 2.3746 (2.3261)  gk_loss: 1.9400 (1.8825)
Test:  [  0/391]  eta: 0:38:34  sploss: 5.3086 (5.3086)  famloss: 2.1738 (2.1738)  manuloss: 1.3151 (1.3151)  acc1: 18.7500 (18.7500)  acc5: 34.3750 (34.3750)  family_acc1: 52.7344 (52.7344)  manu_acc1: 73.0469 (73.0469)  time: 5.9189  data: 5.6879  max mem: 10889
Test:  [250/391]  eta: 0:00:57  sploss: 5.1588 (5.3062)  famloss: 2.3248 (2.3959)  manuloss: 1.5464 (1.5669)  acc1: 20.3125 (18.7453)  acc5: 38.6719 (36.4993)  family_acc1: 51.1719 (51.4178)  manu_acc1: 64.8438 (65.7884)  time: 0.4070  data: 0.2047  max mem: 10889
Test:  [390/391]  eta: 0:00:00  sploss: 5.0859 (5.2548)  famloss: 2.1781 (2.3241)  manuloss: 1.2241 (1.4919)  acc1: 19.9219 (19.1810)  acc5: 38.6719 (37.2390)  family_acc1: 55.8594 (52.5750)  manu_acc1: 73.8281 (67.3910)  time: 0.3617  data: 0.1783  max mem: 10889
Test: Total time: 0:02:34 (0.3954 s / it)
* Acc@1 19.181 Acc@5 37.239 family@1 52.575 manu@1 67.391 sploss 5.255 fmloss 2.324 mfloss 1.492
FPA: 13.765% | TICE: 58.447%   
 wAP: 23.576  |  LCA: 183.432   |   Precision and Recall: 36.595%
Accuracy of the network on the 100000 test images: 19.2%
Max accuracy: 19.52%
Do not use OT loss
Epoch: [63]  [  0/156]  eta: 0:14:52  lr: 0.000086  sp_loss: 2.7964 (2.7964)  fam_loss: 2.2039 (2.2039)  manu_loss: 1.6017 (1.6017)  gk_loss: 1.1513 (1.1513)  time: 5.7212  data: 5.4522  max mem: 10889
Epoch: [63]  [155/156]  eta: 0:00:00  lr: 0.000086  sp_loss: 4.6140 (4.3276)  fam_loss: 3.3427 (3.1118)  manu_loss: 2.3234 (2.2825)  gk_loss: 1.9586 (1.8317)  time: 0.3077  data: 0.0821  max mem: 10889
Epoch: [63] Total time: 0:01:02 (0.4025 s / it)
Averaged stats: lr: 0.000086  sp_loss: 4.6140 (4.3276)  fam_loss: 3.3427 (3.1118)  manu_loss: 2.3234 (2.2825)  gk_loss: 1.9586 (1.8317)
Test:  [  0/391]  eta: 0:39:12  sploss: 5.3238 (5.3238)  famloss: 2.2119 (2.2119)  manuloss: 1.3338 (1.3338)  acc1: 18.7500 (18.7500)  acc5: 34.3750 (34.3750)  family_acc1: 53.9062 (53.9062)  manu_acc1: 72.2656 (72.2656)  time: 6.0169  data: 5.7978  max mem: 10889
Test:  [250/391]  eta: 0:00:56  sploss: 5.1721 (5.3281)  famloss: 2.3818 (2.4177)  manuloss: 1.5727 (1.5756)  acc1: 20.3125 (18.9430)  acc5: 38.6719 (36.6689)  family_acc1: 50.3906 (51.1797)  manu_acc1: 64.4531 (65.5908)  time: 0.3056  data: 0.1081  max mem: 10889
Test:  [390/391]  eta: 0:00:00  sploss: 5.1061 (5.2810)  famloss: 2.1979 (2.3480)  manuloss: 1.2490 (1.5037)  acc1: 20.3125 (19.2570)  acc5: 38.6719 (37.2600)  family_acc1: 55.8594 (52.3350)  manu_acc1: 73.4375 (67.2280)  time: 0.3948  data: 0.2111  max mem: 10889
Test: Total time: 0:02:33 (0.3929 s / it)
* Acc@1 19.257 Acc@5 37.260 family@1 52.335 manu@1 67.228 sploss 5.281 fmloss 2.348 mfloss 1.504
FPA: 13.806% | TICE: 58.532%   
 wAP: 23.615  |  LCA: 183.363   |   Precision and Recall: 36.625%
Accuracy of the network on the 100000 test images: 19.3%
Max accuracy: 19.52%
Do not use OT loss
Epoch: [64]  [  0/156]  eta: 0:15:00  lr: 0.000082  sp_loss: 3.5876 (3.5876)  fam_loss: 2.6322 (2.6322)  manu_loss: 2.0001 (2.0001)  gk_loss: 1.4669 (1.4669)  time: 5.7725  data: 5.5071  max mem: 10889
Epoch: [64]  [155/156]  eta: 0:00:00  lr: 0.000082  sp_loss: 4.4738 (4.4694)  fam_loss: 3.2004 (3.2082)  manu_loss: 2.3343 (2.3465)  gk_loss: 1.9081 (1.9015)  time: 0.3038  data: 0.0793  max mem: 10889
Epoch: [64] Total time: 0:01:02 (0.4011 s / it)
Averaged stats: lr: 0.000082  sp_loss: 4.4738 (4.4694)  fam_loss: 3.2004 (3.2082)  manu_loss: 2.3343 (2.3465)  gk_loss: 1.9081 (1.9015)
Test:  [  0/391]  eta: 0:38:43  sploss: 5.2906 (5.2906)  famloss: 2.1713 (2.1713)  manuloss: 1.3149 (1.3149)  acc1: 18.3594 (18.3594)  acc5: 33.9844 (33.9844)  family_acc1: 54.2969 (54.2969)  manu_acc1: 74.2188 (74.2188)  time: 5.9437  data: 5.7274  max mem: 10889
Test:  [250/391]  eta: 0:00:56  sploss: 5.1526 (5.2976)  famloss: 2.3333 (2.3773)  manuloss: 1.5405 (1.5506)  acc1: 21.0938 (18.9492)  acc5: 38.6719 (36.6814)  family_acc1: 51.1719 (51.5781)  manu_acc1: 65.2344 (65.8647)  time: 0.3050  data: 0.1110  max mem: 10889
Test:  [390/391]  eta: 0:00:00  sploss: 5.1074 (5.2475)  famloss: 2.1317 (2.3061)  manuloss: 1.2044 (1.4751)  acc1: 20.7031 (19.3200)  acc5: 39.0625 (37.4280)  family_acc1: 57.0312 (52.7280)  manu_acc1: 74.2188 (67.5130)  time: 0.3914  data: 0.2143  max mem: 10889
Test: Total time: 0:02:34 (0.3958 s / it)
* Acc@1 19.320 Acc@5 37.428 family@1 52.728 manu@1 67.513 sploss 5.248 fmloss 2.306 mfloss 1.475
FPA: 14.005% | TICE: 58.261%   
 wAP: 23.716  |  LCA: 182.648   |   Precision and Recall: 36.833%
Accuracy of the network on the 100000 test images: 19.3%
Max accuracy: 19.52%
Do not use OT loss
Epoch: [65]  [  0/156]  eta: 0:15:33  lr: 0.000079  sp_loss: 5.0201 (5.0201)  fam_loss: 3.5315 (3.5315)  manu_loss: 2.5628 (2.5628)  gk_loss: 2.1650 (2.1650)  time: 5.9865  data: 5.7252  max mem: 10889
Epoch: [65]  [155/156]  eta: 0:00:00  lr: 0.000079  sp_loss: 4.5577 (4.3895)  fam_loss: 3.2845 (3.1507)  manu_loss: 2.2795 (2.3091)  gk_loss: 1.9615 (1.8590)  time: 0.3081  data: 0.0830  max mem: 10889
Epoch: [65] Total time: 0:01:02 (0.3982 s / it)
Averaged stats: lr: 0.000079  sp_loss: 4.5577 (4.3895)  fam_loss: 3.2845 (3.1507)  manu_loss: 2.2795 (2.3091)  gk_loss: 1.9615 (1.8590)
Test:  [  0/391]  eta: 0:38:01  sploss: 5.3233 (5.3233)  famloss: 2.2166 (2.2166)  manuloss: 1.3570 (1.3570)  acc1: 17.5781 (17.5781)  acc5: 33.2031 (33.2031)  family_acc1: 53.1250 (53.1250)  manu_acc1: 72.6562 (72.6562)  time: 5.8341  data: 5.5982  max mem: 10889
Test:  [250/391]  eta: 0:00:56  sploss: 5.1448 (5.3208)  famloss: 2.3663 (2.4040)  manuloss: 1.5871 (1.5690)  acc1: 20.7031 (18.8698)  acc5: 37.8906 (36.6658)  family_acc1: 50.7812 (51.3259)  manu_acc1: 64.0625 (65.9378)  time: 0.3253  data: 0.1201  max mem: 10889
Test:  [390/391]  eta: 0:00:00  sploss: 5.1245 (5.2719)  famloss: 2.2002 (2.3361)  manuloss: 1.2620 (1.4964)  acc1: 20.7031 (19.2370)  acc5: 39.8438 (37.3250)  family_acc1: 55.4688 (52.4000)  manu_acc1: 73.7500 (67.5830)  time: 0.3920  data: 0.2140  max mem: 10889
Test: Total time: 0:02:34 (0.3956 s / it)
* Acc@1 19.237 Acc@5 37.325 family@1 52.400 manu@1 67.583 sploss 5.272 fmloss 2.336 mfloss 1.496
FPA: 13.776% | TICE: 58.228%   
 wAP: 23.613  |  LCA: 182.828   |   Precision and Recall: 36.777%
Accuracy of the network on the 100000 test images: 19.2%
Max accuracy: 19.52%
Do not use OT loss
Epoch: [66]  [  0/156]  eta: 0:14:55  lr: 0.000076  sp_loss: 3.9858 (3.9858)  fam_loss: 2.8489 (2.8489)  manu_loss: 2.1239 (2.1239)  gk_loss: 1.6244 (1.6244)  time: 5.7377  data: 5.4696  max mem: 10889
Epoch: [66]  [155/156]  eta: 0:00:00  lr: 0.000076  sp_loss: 4.1801 (4.2569)  fam_loss: 3.0006 (3.0588)  manu_loss: 2.2252 (2.2465)  gk_loss: 1.7440 (1.7872)  time: 0.3111  data: 0.0848  max mem: 10889
Epoch: [66] Total time: 0:01:02 (0.4038 s / it)
Averaged stats: lr: 0.000076  sp_loss: 4.1801 (4.2569)  fam_loss: 3.0006 (3.0588)  manu_loss: 2.2252 (2.2465)  gk_loss: 1.7440 (1.7872)
Test:  [  0/391]  eta: 0:35:55  sploss: 5.3333 (5.3333)  famloss: 2.1952 (2.1952)  manuloss: 1.3342 (1.3342)  acc1: 16.4062 (16.4062)  acc5: 33.5938 (33.5938)  family_acc1: 54.2969 (54.2969)  manu_acc1: 73.0469 (73.0469)  time: 5.5116  data: 5.2966  max mem: 10889
Test:  [250/391]  eta: 0:00:56  sploss: 5.1605 (5.3218)  famloss: 2.3531 (2.4056)  manuloss: 1.5420 (1.5592)  acc1: 20.3125 (18.9259)  acc5: 38.6719 (36.6767)  family_acc1: 51.1719 (51.4100)  manu_acc1: 64.4531 (66.1152)  time: 0.3055  data: 0.1095  max mem: 10889
Test:  [390/391]  eta: 0:00:00  sploss: 5.1239 (5.2727)  famloss: 2.1892 (2.3354)  manuloss: 1.2432 (1.4855)  acc1: 21.4844 (19.3370)  acc5: 39.0625 (37.3800)  family_acc1: 56.6406 (52.5830)  manu_acc1: 73.4375 (67.7050)  time: 0.3890  data: 0.2119  max mem: 10889
Test: Total time: 0:02:34 (0.3944 s / it)
* Acc@1 19.337 Acc@5 37.380 family@1 52.583 manu@1 67.705 sploss 5.273 fmloss 2.335 mfloss 1.485
FPA: 13.913% | TICE: 58.393%   
 wAP: 23.721  |  LCA: 182.841   |   Precision and Recall: 36.810%
Accuracy of the network on the 100000 test images: 19.3%
Max accuracy: 19.52%
Do not use OT loss
Epoch: [67]  [  0/156]  eta: 0:14:56  lr: 0.000072  sp_loss: 3.9800 (3.9800)  fam_loss: 2.8679 (2.8679)  manu_loss: 2.1017 (2.1017)  gk_loss: 1.6421 (1.6421)  time: 5.7492  data: 5.4509  max mem: 10889
Epoch: [67]  [155/156]  eta: 0:00:00  lr: 0.000072  sp_loss: 4.0123 (4.2081)  fam_loss: 2.9428 (3.0311)  manu_loss: 2.1369 (2.2241)  gk_loss: 1.6981 (1.7592)  time: 0.3089  data: 0.0855  max mem: 10889
Epoch: [67] Total time: 0:01:02 (0.4022 s / it)
Averaged stats: lr: 0.000072  sp_loss: 4.0123 (4.2081)  fam_loss: 2.9428 (3.0311)  manu_loss: 2.1369 (2.2241)  gk_loss: 1.6981 (1.7592)
Test:  [  0/391]  eta: 0:38:27  sploss: 5.2939 (5.2939)  famloss: 2.1114 (2.1114)  manuloss: 1.3178 (1.3178)  acc1: 19.1406 (19.1406)  acc5: 34.3750 (34.3750)  family_acc1: 55.4688 (55.4688)  manu_acc1: 71.0938 (71.0938)  time: 5.9004  data: 5.6778  max mem: 10889
Test:  [250/391]  eta: 0:00:56  sploss: 5.0996 (5.2603)  famloss: 2.2665 (2.3189)  manuloss: 1.5120 (1.5190)  acc1: 21.0938 (19.1360)  acc5: 39.4531 (37.0253)  family_acc1: 51.9531 (52.0029)  manu_acc1: 64.8438 (66.2989)  time: 0.3040  data: 0.1059  max mem: 10889
Test:  [390/391]  eta: 0:00:00  sploss: 5.0459 (5.2076)  famloss: 2.1084 (2.2477)  manuloss: 1.1570 (1.4425)  acc1: 21.0938 (19.6150)  acc5: 39.4531 (37.7220)  family_acc1: 56.2500 (53.1020)  manu_acc1: 73.8281 (67.9820)  time: 0.3949  data: 0.2182  max mem: 10889
Test: Total time: 0:02:34 (0.3947 s / it)
* Acc@1 19.615 Acc@5 37.722 family@1 53.102 manu@1 67.982 sploss 5.208 fmloss 2.248 mfloss 1.442
FPA: 14.320% | TICE: 57.727%   
 wAP: 24.023  |  LCA: 181.637   |   Precision and Recall: 37.177%
Accuracy of the network on the 100000 test images: 19.6%
Max accuracy: 19.61%
Do not use OT loss
Epoch: [68]  [  0/156]  eta: 0:14:35  lr: 0.000069  sp_loss: 4.9713 (4.9713)  fam_loss: 3.5496 (3.5496)  manu_loss: 2.5083 (2.5083)  gk_loss: 2.0823 (2.0823)  time: 5.6117  data: 5.3474  max mem: 10889
Epoch: [68]  [155/156]  eta: 0:00:00  lr: 0.000069  sp_loss: 4.1909 (4.3350)  fam_loss: 3.0390 (3.1110)  manu_loss: 2.2498 (2.2854)  gk_loss: 1.6725 (1.8226)  time: 0.3151  data: 0.0898  max mem: 10889
Epoch: [68] Total time: 0:01:02 (0.4014 s / it)
Averaged stats: lr: 0.000069  sp_loss: 4.1909 (4.3350)  fam_loss: 3.0390 (3.1110)  manu_loss: 2.2498 (2.2854)  gk_loss: 1.6725 (1.8226)
Test:  [  0/391]  eta: 0:37:43  sploss: 5.3798 (5.3798)  famloss: 2.1744 (2.1744)  manuloss: 1.2949 (1.2949)  acc1: 17.1875 (17.1875)  acc5: 32.8125 (32.8125)  family_acc1: 56.6406 (56.6406)  manu_acc1: 74.2188 (74.2188)  time: 5.7887  data: 5.5719  max mem: 10889
Test:  [250/391]  eta: 0:00:56  sploss: 5.1882 (5.3612)  famloss: 2.3916 (2.4108)  manuloss: 1.5632 (1.5527)  acc1: 20.3125 (18.7625)  acc5: 38.6719 (36.5195)  family_acc1: 52.7344 (51.6574)  manu_acc1: 65.6250 (66.4669)  time: 0.3209  data: 0.1186  max mem: 10889
Test:  [390/391]  eta: 0:00:00  sploss: 5.1575 (5.3128)  famloss: 2.1726 (2.3407)  manuloss: 1.2182 (1.4802)  acc1: 20.7031 (19.1850)  acc5: 39.0625 (37.2340)  family_acc1: 55.8594 (52.7740)  manu_acc1: 73.8281 (68.0150)  time: 0.4118  data: 0.2318  max mem: 10889
Test: Total time: 0:02:35 (0.3971 s / it)
* Acc@1 19.185 Acc@5 37.234 family@1 52.774 manu@1 68.015 sploss 5.313 fmloss 2.341 mfloss 1.480
FPA: 13.887% | TICE: 58.378%   
 wAP: 23.614  |  LCA: 183.260   |   Precision and Recall: 36.683%
Accuracy of the network on the 100000 test images: 19.2%
Max accuracy: 19.61%
Do not use OT loss
Epoch: [69]  [  0/156]  eta: 0:15:10  lr: 0.000066  sp_loss: 3.5910 (3.5910)  fam_loss: 2.5997 (2.5997)  manu_loss: 2.0108 (2.0108)  gk_loss: 1.4300 (1.4300)  time: 5.8346  data: 5.5681  max mem: 10889
Epoch: [69]  [155/156]  eta: 0:00:00  lr: 0.000066  sp_loss: 4.5003 (4.2528)  fam_loss: 3.1450 (3.0598)  manu_loss: 2.3200 (2.2404)  gk_loss: 1.8120 (1.7753)  time: 0.2991  data: 0.0747  max mem: 10889
Epoch: [69] Total time: 0:01:02 (0.4028 s / it)
Averaged stats: lr: 0.000066  sp_loss: 4.5003 (4.2528)  fam_loss: 3.1450 (3.0598)  manu_loss: 2.3200 (2.2404)  gk_loss: 1.8120 (1.7753)
Test:  [  0/391]  eta: 0:36:25  sploss: 5.2374 (5.2374)  famloss: 2.1301 (2.1301)  manuloss: 1.2776 (1.2776)  acc1: 19.1406 (19.1406)  acc5: 33.9844 (33.9844)  family_acc1: 56.2500 (56.2500)  manu_acc1: 71.8750 (71.8750)  time: 5.5898  data: 5.3688  max mem: 10889
Test:  [250/391]  eta: 0:00:57  sploss: 5.1066 (5.2492)  famloss: 2.2866 (2.3283)  manuloss: 1.4976 (1.5194)  acc1: 21.4844 (19.3601)  acc5: 38.6719 (37.2292)  family_acc1: 51.5625 (52.1866)  manu_acc1: 66.4062 (66.5276)  time: 0.3075  data: 0.1095  max mem: 10889
Test:  [390/391]  eta: 0:00:00  sploss: 5.0452 (5.1989)  famloss: 2.0772 (2.2575)  manuloss: 1.1677 (1.4446)  acc1: 20.7031 (19.7920)  acc5: 39.4531 (37.9640)  family_acc1: 57.0312 (53.3440)  manu_acc1: 74.2188 (68.2070)  time: 0.3933  data: 0.2150  max mem: 10889
Test: Total time: 0:02:36 (0.3997 s / it)
* Acc@1 19.792 Acc@5 37.964 family@1 53.344 manu@1 68.207 sploss 5.199 fmloss 2.258 mfloss 1.445
FPA: 14.463% | TICE: 57.324%   
 wAP: 24.207  |  LCA: 180.940   |   Precision and Recall: 37.371%
Accuracy of the network on the 100000 test images: 19.8%
Max accuracy: 19.79%
Do not use OT loss
Epoch: [70]  [  0/156]  eta: 0:14:52  lr: 0.000063  sp_loss: 3.2235 (3.2235)  fam_loss: 2.3920 (2.3920)  manu_loss: 1.7489 (1.7489)  gk_loss: 1.2314 (1.2314)  time: 5.7238  data: 5.4652  max mem: 10889
Epoch: [70]  [155/156]  eta: 0:00:00  lr: 0.000063  sp_loss: 4.6736 (4.3320)  fam_loss: 3.3469 (3.1098)  manu_loss: 2.4833 (2.2848)  gk_loss: 1.9666 (1.8120)  time: 0.3119  data: 0.0868  max mem: 10889
Epoch: [70] Total time: 0:01:02 (0.4022 s / it)
Averaged stats: lr: 0.000063  sp_loss: 4.6736 (4.3320)  fam_loss: 3.3469 (3.1098)  manu_loss: 2.4833 (2.2848)  gk_loss: 1.9666 (1.8120)
Test:  [  0/391]  eta: 0:36:57  sploss: 5.3565 (5.3565)  famloss: 2.1749 (2.1749)  manuloss: 1.2596 (1.2596)  acc1: 19.9219 (19.9219)  acc5: 33.2031 (33.2031)  family_acc1: 55.8594 (55.8594)  manu_acc1: 76.1719 (76.1719)  time: 5.6724  data: 5.4504  max mem: 10889
Test:  [250/391]  eta: 0:00:57  sploss: 5.1922 (5.3461)  famloss: 2.3636 (2.4112)  manuloss: 1.5184 (1.5562)  acc1: 21.0938 (18.9103)  acc5: 39.0625 (36.5616)  family_acc1: 52.3438 (51.6870)  manu_acc1: 66.0156 (66.3409)  time: 0.3683  data: 0.1702  max mem: 10889
Test:  [390/391]  eta: 0:00:00  sploss: 5.1141 (5.2982)  famloss: 2.1886 (2.3430)  manuloss: 1.2189 (1.4838)  acc1: 20.7031 (19.3500)  acc5: 39.4531 (37.2790)  family_acc1: 56.2500 (52.7930)  manu_acc1: 75.0000 (67.9890)  time: 0.3936  data: 0.2107  max mem: 10889
Test: Total time: 0:02:37 (0.4032 s / it)
* Acc@1 19.350 Acc@5 37.279 family@1 52.793 manu@1 67.989 sploss 5.298 fmloss 2.343 mfloss 1.484
FPA: 14.021% | TICE: 58.206%   
 wAP: 23.760  |  LCA: 183.023   |   Precision and Recall: 36.704%
Accuracy of the network on the 100000 test images: 19.4%
Max accuracy: 19.79%
Do not use OT loss
Epoch: [71]  [  0/156]  eta: 0:15:59  lr: 0.000059  sp_loss: 4.8689 (4.8689)  fam_loss: 3.5343 (3.5343)  manu_loss: 2.6033 (2.6033)  gk_loss: 2.1009 (2.1009)  time: 6.1527  data: 5.8808  max mem: 10889
Epoch: [71]  [155/156]  eta: 0:00:00  lr: 0.000059  sp_loss: 4.7859 (4.2603)  fam_loss: 3.3081 (3.0688)  manu_loss: 2.5133 (2.2495)  gk_loss: 1.9836 (1.7818)  time: 0.3062  data: 0.0809  max mem: 10889
Epoch: [71] Total time: 0:01:02 (0.4000 s / it)
Averaged stats: lr: 0.000059  sp_loss: 4.7859 (4.2603)  fam_loss: 3.3081 (3.0688)  manu_loss: 2.5133 (2.2495)  gk_loss: 1.9836 (1.7818)
Test:  [  0/391]  eta: 0:38:07  sploss: 5.4705 (5.4705)  famloss: 2.3026 (2.3026)  manuloss: 1.3565 (1.3565)  acc1: 17.9688 (17.9688)  acc5: 34.3750 (34.3750)  family_acc1: 56.6406 (56.6406)  manu_acc1: 73.8281 (73.8281)  time: 5.8515  data: 5.6351  max mem: 10889
Test:  [250/391]  eta: 0:00:56  sploss: 5.2785 (5.4558)  famloss: 2.4859 (2.5104)  manuloss: 1.6178 (1.6188)  acc1: 19.9219 (18.3018)  acc5: 37.8906 (35.6107)  family_acc1: 51.5625 (51.0505)  manu_acc1: 65.2344 (65.8678)  time: 0.3057  data: 0.1081  max mem: 10889
Test:  [390/391]  eta: 0:00:00  sploss: 5.2646 (5.4121)  famloss: 2.2684 (2.4408)  manuloss: 1.2800 (1.5450)  acc1: 20.7031 (18.6380)  acc5: 38.2812 (36.2750)  family_acc1: 56.2500 (52.1680)  manu_acc1: 74.2188 (67.6030)  time: 0.3857  data: 0.2073  max mem: 10889
Test: Total time: 0:02:35 (0.3966 s / it)
* Acc@1 18.638 Acc@5 36.275 family@1 52.168 manu@1 67.603 sploss 5.412 fmloss 2.441 mfloss 1.545
FPA: 13.350% | TICE: 59.551%   
 wAP: 23.064  |  LCA: 185.573   |   Precision and Recall: 35.886%
Accuracy of the network on the 100000 test images: 18.6%
Max accuracy: 19.79%
Do not use OT loss
Epoch: [72]  [  0/156]  eta: 0:14:50  lr: 0.000056  sp_loss: 4.8107 (4.8107)  fam_loss: 3.2085 (3.2085)  manu_loss: 2.2808 (2.2808)  gk_loss: 1.8752 (1.8752)  time: 5.7069  data: 5.4290  max mem: 10889
Epoch: [72]  [155/156]  eta: 0:00:00  lr: 0.000056  sp_loss: 4.4810 (4.2598)  fam_loss: 3.1729 (3.0611)  manu_loss: 2.3182 (2.2372)  gk_loss: 1.8670 (1.7636)  time: 0.3013  data: 0.0776  max mem: 10889
Epoch: [72] Total time: 0:01:02 (0.4007 s / it)
Averaged stats: lr: 0.000056  sp_loss: 4.4810 (4.2598)  fam_loss: 3.1729 (3.0611)  manu_loss: 2.3182 (2.2372)  gk_loss: 1.8670 (1.7636)
Test:  [  0/391]  eta: 0:36:14  sploss: 5.3868 (5.3868)  famloss: 2.1688 (2.1688)  manuloss: 1.2924 (1.2924)  acc1: 17.5781 (17.5781)  acc5: 34.7656 (34.7656)  family_acc1: 53.9062 (53.9062)  manu_acc1: 73.0469 (73.0469)  time: 5.5607  data: 5.3107  max mem: 10889
Test:  [250/391]  eta: 0:00:56  sploss: 5.1717 (5.3318)  famloss: 2.3700 (2.3980)  manuloss: 1.5339 (1.5518)  acc1: 20.7031 (19.2013)  acc5: 39.0625 (36.9335)  family_acc1: 51.9531 (51.9095)  manu_acc1: 66.4062 (66.4747)  time: 0.3023  data: 0.1051  max mem: 10889
Test:  [390/391]  eta: 0:00:00  sploss: 5.1081 (5.2820)  famloss: 2.1787 (2.3279)  manuloss: 1.2381 (1.4780)  acc1: 20.6250 (19.6200)  acc5: 39.0625 (37.6860)  family_acc1: 55.8594 (53.0440)  manu_acc1: 75.0000 (68.1060)  time: 0.3764  data: 0.1984  max mem: 10889
Test: Total time: 0:02:33 (0.3919 s / it)
* Acc@1 19.620 Acc@5 37.686 family@1 53.044 manu@1 68.106 sploss 5.282 fmloss 2.328 mfloss 1.478
FPA: 14.281% | TICE: 57.831%   
 wAP: 24.024  |  LCA: 181.861   |   Precision and Recall: 37.117%
Accuracy of the network on the 100000 test images: 19.6%
Max accuracy: 19.79%
Do not use OT loss
Epoch: [73]  [  0/156]  eta: 0:15:19  lr: 0.000054  sp_loss: 4.7302 (4.7302)  fam_loss: 3.1972 (3.1972)  manu_loss: 2.2979 (2.2979)  gk_loss: 1.9097 (1.9097)  time: 5.8938  data: 5.6222  max mem: 10889
Epoch: [73]  [155/156]  eta: 0:00:00  lr: 0.000054  sp_loss: 4.1244 (4.3664)  fam_loss: 2.9976 (3.1184)  manu_loss: 2.2202 (2.2829)  gk_loss: 1.7563 (1.8092)  time: 0.3041  data: 0.0796  max mem: 10889
Epoch: [73] Total time: 0:01:02 (0.3984 s / it)
Averaged stats: lr: 0.000054  sp_loss: 4.1244 (4.3664)  fam_loss: 2.9976 (3.1184)  manu_loss: 2.2202 (2.2829)  gk_loss: 1.7563 (1.8092)
Test:  [  0/391]  eta: 0:36:43  sploss: 5.3719 (5.3719)  famloss: 2.1982 (2.1982)  manuloss: 1.3158 (1.3158)  acc1: 18.3594 (18.3594)  acc5: 34.7656 (34.7656)  family_acc1: 54.6875 (54.6875)  manu_acc1: 70.7031 (70.7031)  time: 5.6351  data: 5.4158  max mem: 10889
Test:  [250/391]  eta: 0:00:57  sploss: 5.1846 (5.3439)  famloss: 2.3563 (2.3933)  manuloss: 1.5115 (1.5492)  acc1: 20.3125 (18.9679)  acc5: 37.8906 (36.6145)  family_acc1: 51.5625 (51.8909)  manu_acc1: 65.6250 (66.3409)  time: 0.3623  data: 0.1683  max mem: 10889
Test:  [390/391]  eta: 0:00:00  sploss: 5.1160 (5.2942)  famloss: 2.1416 (2.3226)  manuloss: 1.2280 (1.4743)  acc1: 21.0938 (19.3430)  acc5: 39.8438 (37.3370)  family_acc1: 57.0312 (53.0300)  manu_acc1: 74.3750 (67.9610)  time: 0.3912  data: 0.2155  max mem: 10889
Test: Total time: 0:02:36 (0.3991 s / it)
* Acc@1 19.343 Acc@5 37.337 family@1 53.030 manu@1 67.961 sploss 5.294 fmloss 2.323 mfloss 1.474
FPA: 14.087% | TICE: 58.025%   
 wAP: 23.776  |  LCA: 182.789   |   Precision and Recall: 36.788%
Accuracy of the network on the 100000 test images: 19.3%
Max accuracy: 19.79%
Do not use OT loss
Epoch: [74]  [  0/156]  eta: 0:15:53  lr: 0.000051  sp_loss: 5.4631 (5.4631)  fam_loss: 3.8210 (3.8210)  manu_loss: 2.6595 (2.6595)  gk_loss: 2.3658 (2.3658)  time: 6.1142  data: 5.8548  max mem: 10889
Epoch: [74]  [155/156]  eta: 0:00:00  lr: 0.000051  sp_loss: 4.2121 (4.1601)  fam_loss: 3.0421 (2.9973)  manu_loss: 2.2260 (2.2072)  gk_loss: 1.7052 (1.7186)  time: 0.3108  data: 0.0865  max mem: 10889
Epoch: [74] Total time: 0:01:02 (0.4033 s / it)
Averaged stats: lr: 0.000051  sp_loss: 4.2121 (4.1601)  fam_loss: 3.0421 (2.9973)  manu_loss: 2.2260 (2.2072)  gk_loss: 1.7052 (1.7186)
Test:  [  0/391]  eta: 0:35:48  sploss: 5.3487 (5.3487)  famloss: 2.2033 (2.2033)  manuloss: 1.3462 (1.3462)  acc1: 18.3594 (18.3594)  acc5: 34.3750 (34.3750)  family_acc1: 55.8594 (55.8594)  manu_acc1: 73.0469 (73.0469)  time: 5.4949  data: 5.2754  max mem: 10889
Test:  [250/391]  eta: 0:00:56  sploss: 5.1675 (5.3140)  famloss: 2.3501 (2.4047)  manuloss: 1.5447 (1.5550)  acc1: 21.4844 (19.3678)  acc5: 38.2812 (37.1965)  family_acc1: 51.5625 (52.2971)  manu_acc1: 65.6250 (66.8187)  time: 0.3020  data: 0.0958  max mem: 10889
Test:  [390/391]  eta: 0:00:00  sploss: 5.1004 (5.2662)  famloss: 2.1917 (2.3349)  manuloss: 1.2393 (1.4828)  acc1: 20.7031 (19.7200)  acc5: 39.8438 (37.9100)  family_acc1: 56.6406 (53.2780)  manu_acc1: 75.0000 (68.3510)  time: 0.3962  data: 0.2171  max mem: 10889
Test: Total time: 0:02:35 (0.3969 s / it)
* Acc@1 19.720 Acc@5 37.910 family@1 53.278 manu@1 68.351 sploss 5.266 fmloss 2.335 mfloss 1.483
FPA: 14.348% | TICE: 57.599%   
 wAP: 24.141  |  LCA: 181.400   |   Precision and Recall: 37.270%
Accuracy of the network on the 100000 test images: 19.7%
Max accuracy: 19.79%
Do not use OT loss
Epoch: [75]  [  0/156]  eta: 0:14:39  lr: 0.000048  sp_loss: 5.0349 (5.0349)  fam_loss: 3.4783 (3.4783)  manu_loss: 2.5953 (2.5953)  gk_loss: 2.0964 (2.0964)  time: 5.6350  data: 5.3566  max mem: 10889
Epoch: [75]  [155/156]  eta: 0:00:00  lr: 0.000048  sp_loss: 4.5865 (4.1740)  fam_loss: 3.1980 (2.9979)  manu_loss: 2.3792 (2.2002)  gk_loss: 1.8966 (1.7116)  time: 0.3076  data: 0.0824  max mem: 10889
Epoch: [75] Total time: 0:01:02 (0.3984 s / it)
Averaged stats: lr: 0.000048  sp_loss: 4.5865 (4.1740)  fam_loss: 3.1980 (2.9979)  manu_loss: 2.3792 (2.2002)  gk_loss: 1.8966 (1.7116)
Test:  [  0/391]  eta: 0:37:21  sploss: 5.4352 (5.4352)  famloss: 2.2144 (2.2144)  manuloss: 1.3515 (1.3515)  acc1: 17.9688 (17.9688)  acc5: 33.2031 (33.2031)  family_acc1: 56.2500 (56.2500)  manu_acc1: 73.8281 (73.8281)  time: 5.7336  data: 5.5190  max mem: 10889
Test:  [250/391]  eta: 0:00:56  sploss: 5.2453 (5.3985)  famloss: 2.4204 (2.4596)  manuloss: 1.5850 (1.5985)  acc1: 20.7031 (19.0301)  acc5: 39.4531 (36.7717)  family_acc1: 52.7344 (51.8909)  manu_acc1: 65.6250 (66.4841)  time: 0.3429  data: 0.1467  max mem: 10889
Test:  [390/391]  eta: 0:00:00  sploss: 5.1829 (5.3520)  famloss: 2.2607 (2.3921)  manuloss: 1.3057 (1.5272)  acc1: 20.7031 (19.4120)  acc5: 39.4531 (37.4800)  family_acc1: 55.4688 (52.9030)  manu_acc1: 73.4375 (68.0220)  time: 0.3924  data: 0.2144  max mem: 10889
Test: Total time: 0:02:34 (0.3958 s / it)
* Acc@1 19.412 Acc@5 37.480 family@1 52.903 manu@1 68.022 sploss 5.352 fmloss 2.392 mfloss 1.527
FPA: 13.983% | TICE: 58.438%   
 wAP: 23.826  |  LCA: 182.632   |   Precision and Recall: 36.872%
Accuracy of the network on the 100000 test images: 19.4%
Max accuracy: 19.79%
Do not use OT loss
Epoch: [76]  [  0/156]  eta: 0:16:09  lr: 0.000045  sp_loss: 2.9002 (2.9002)  fam_loss: 2.2647 (2.2647)  manu_loss: 1.7419 (1.7419)  gk_loss: 1.2003 (1.2003)  time: 6.2130  data: 5.9557  max mem: 10889
Epoch: [76]  [155/156]  eta: 0:00:00  lr: 0.000045  sp_loss: 4.9295 (4.1681)  fam_loss: 3.4173 (2.9967)  manu_loss: 2.4073 (2.1887)  gk_loss: 1.9982 (1.7050)  time: 0.3152  data: 0.0867  max mem: 10889
Epoch: [76] Total time: 0:01:02 (0.4021 s / it)
Averaged stats: lr: 0.000045  sp_loss: 4.9295 (4.1681)  fam_loss: 3.4173 (2.9967)  manu_loss: 2.4073 (2.1887)  gk_loss: 1.9982 (1.7050)
Test:  [  0/391]  eta: 0:36:11  sploss: 5.3083 (5.3083)  famloss: 2.1284 (2.1284)  manuloss: 1.2636 (1.2636)  acc1: 18.7500 (18.7500)  acc5: 33.9844 (33.9844)  family_acc1: 56.2500 (56.2500)  manu_acc1: 74.2188 (74.2188)  time: 5.5530  data: 5.3379  max mem: 10889
Test:  [250/391]  eta: 0:00:57  sploss: 5.1380 (5.2936)  famloss: 2.2907 (2.3536)  manuloss: 1.4977 (1.5264)  acc1: 21.8750 (19.5079)  acc5: 39.0625 (37.3288)  family_acc1: 52.3438 (52.4496)  manu_acc1: 66.4062 (66.8311)  time: 0.3654  data: 0.1694  max mem: 10889
Test:  [390/391]  eta: 0:00:00  sploss: 5.0899 (5.2473)  famloss: 2.1429 (2.2848)  manuloss: 1.2170 (1.4531)  acc1: 21.0938 (19.9010)  acc5: 39.4531 (37.9680)  family_acc1: 57.4219 (53.5230)  manu_acc1: 73.8281 (68.4540)  time: 0.3472  data: 0.1694  max mem: 10889
Test: Total time: 0:02:36 (0.3992 s / it)
* Acc@1 19.901 Acc@5 37.968 family@1 53.523 manu@1 68.454 sploss 5.247 fmloss 2.285 mfloss 1.453
FPA: 14.583% | TICE: 57.409%   
 wAP: 24.326  |  LCA: 180.797   |   Precision and Recall: 37.458%
Accuracy of the network on the 100000 test images: 19.9%
Max accuracy: 19.90%
Do not use OT loss
Epoch: [77]  [  0/156]  eta: 0:16:32  lr: 0.000043  sp_loss: 3.6817 (3.6817)  fam_loss: 2.6751 (2.6751)  manu_loss: 1.9885 (1.9885)  gk_loss: 1.4715 (1.4715)  time: 6.3610  data: 6.0960  max mem: 10889
Epoch: [77]  [155/156]  eta: 0:00:00  lr: 0.000043  sp_loss: 4.3956 (4.1050)  fam_loss: 3.1118 (2.9663)  manu_loss: 2.2369 (2.1793)  gk_loss: 1.7729 (1.6840)  time: 0.3218  data: 0.0961  max mem: 10889
Epoch: [77] Total time: 0:01:03 (0.4075 s / it)
Averaged stats: lr: 0.000043  sp_loss: 4.3956 (4.1050)  fam_loss: 3.1118 (2.9663)  manu_loss: 2.2369 (2.1793)  gk_loss: 1.7729 (1.6840)
Test:  [  0/391]  eta: 0:36:45  sploss: 5.3610 (5.3610)  famloss: 2.1643 (2.1643)  manuloss: 1.2952 (1.2952)  acc1: 18.7500 (18.7500)  acc5: 35.9375 (35.9375)  family_acc1: 58.2031 (58.2031)  manu_acc1: 74.2188 (74.2188)  time: 5.6405  data: 5.3383  max mem: 10889
Test:  [250/391]  eta: 0:00:57  sploss: 5.1624 (5.3192)  famloss: 2.3307 (2.3957)  manuloss: 1.5176 (1.5444)  acc1: 21.0938 (19.3134)  acc5: 38.6719 (37.2775)  family_acc1: 52.7344 (52.2379)  manu_acc1: 67.1875 (66.6210)  time: 0.3682  data: 0.1715  max mem: 10889
Test:  [390/391]  eta: 0:00:00  sploss: 5.1182 (5.2714)  famloss: 2.1777 (2.3270)  manuloss: 1.2138 (1.4707)  acc1: 21.4844 (19.7750)  acc5: 39.4531 (37.9300)  family_acc1: 56.6406 (53.2990)  manu_acc1: 74.2188 (68.2510)  time: 0.3896  data: 0.2101  max mem: 10889
Test: Total time: 0:02:36 (0.3998 s / it)
* Acc@1 19.775 Acc@5 37.930 family@1 53.299 manu@1 68.251 sploss 5.271 fmloss 2.327 mfloss 1.471
FPA: 14.432% | TICE: 57.615%   
 wAP: 24.189  |  LCA: 181.385   |   Precision and Recall: 37.281%
Accuracy of the network on the 100000 test images: 19.8%
Max accuracy: 19.90%
Do not use OT loss
Epoch: [78]  [  0/156]  eta: 0:14:56  lr: 0.000040  sp_loss: 4.7407 (4.7407)  fam_loss: 3.2902 (3.2902)  manu_loss: 2.3636 (2.3636)  gk_loss: 1.8970 (1.8970)  time: 5.7440  data: 5.4734  max mem: 10889
Epoch: [78]  [155/156]  eta: 0:00:00  lr: 0.000040  sp_loss: 4.2683 (4.0996)  fam_loss: 3.0561 (2.9710)  manu_loss: 2.2260 (2.1822)  gk_loss: 1.7337 (1.6797)  time: 0.3096  data: 0.0860  max mem: 10889
Epoch: [78] Total time: 0:01:02 (0.4003 s / it)
Averaged stats: lr: 0.000040  sp_loss: 4.2683 (4.0996)  fam_loss: 3.0561 (2.9710)  manu_loss: 2.2260 (2.1822)  gk_loss: 1.7337 (1.6797)
Test:  [  0/391]  eta: 0:40:33  sploss: 5.4022 (5.4022)  famloss: 2.1923 (2.1923)  manuloss: 1.3227 (1.3227)  acc1: 17.1875 (17.1875)  acc5: 34.7656 (34.7656)  family_acc1: 57.0312 (57.0312)  manu_acc1: 72.6562 (72.6562)  time: 6.2240  data: 5.9874  max mem: 10889
Test:  [250/391]  eta: 0:00:56  sploss: 5.1828 (5.3508)  famloss: 2.3425 (2.3978)  manuloss: 1.5232 (1.5459)  acc1: 21.4844 (19.3787)  acc5: 39.0625 (37.0362)  family_acc1: 52.7344 (52.3173)  manu_acc1: 66.0156 (66.6739)  time: 0.3204  data: 0.1146  max mem: 10889
Test:  [390/391]  eta: 0:00:00  sploss: 5.1661 (5.3040)  famloss: 2.1838 (2.3284)  manuloss: 1.1927 (1.4710)  acc1: 21.0938 (19.8200)  acc5: 39.0625 (37.7190)  family_acc1: 56.6406 (53.4270)  manu_acc1: 75.0000 (68.3580)  time: 0.3920  data: 0.2138  max mem: 10889
Test: Total time: 0:02:35 (0.3970 s / it)
* Acc@1 19.820 Acc@5 37.719 family@1 53.427 manu@1 68.358 sploss 5.304 fmloss 2.328 mfloss 1.471
FPA: 14.515% | TICE: 57.685%   
 wAP: 24.243  |  LCA: 181.335   |   Precision and Recall: 37.296%
Accuracy of the network on the 100000 test images: 19.8%
Max accuracy: 19.90%
Do not use OT loss
Epoch: [79]  [  0/156]  eta: 0:15:06  lr: 0.000038  sp_loss: 4.8404 (4.8404)  fam_loss: 3.4798 (3.4798)  manu_loss: 2.4045 (2.4045)  gk_loss: 1.9771 (1.9771)  time: 5.8130  data: 5.5410  max mem: 10889
Epoch: [79]  [155/156]  eta: 0:00:00  lr: 0.000038  sp_loss: 4.3410 (4.0011)  fam_loss: 3.0355 (2.8941)  manu_loss: 2.2448 (2.1256)  gk_loss: 1.7501 (1.6192)  time: 0.3079  data: 0.0836  max mem: 10889
Epoch: [79] Total time: 0:01:03 (0.4041 s / it)
Averaged stats: lr: 0.000038  sp_loss: 4.3410 (4.0011)  fam_loss: 3.0355 (2.8941)  manu_loss: 2.2448 (2.1256)  gk_loss: 1.7501 (1.6192)
Test:  [  0/391]  eta: 0:43:18  sploss: 5.4066 (5.4066)  famloss: 2.1987 (2.1987)  manuloss: 1.3027 (1.3027)  acc1: 16.7969 (16.7969)  acc5: 34.7656 (34.7656)  family_acc1: 55.4688 (55.4688)  manu_acc1: 72.6562 (72.6562)  time: 6.6463  data: 6.4123  max mem: 10889
Test:  [250/391]  eta: 0:00:56  sploss: 5.2149 (5.3542)  famloss: 2.3544 (2.4046)  manuloss: 1.5439 (1.5541)  acc1: 21.0938 (19.2838)  acc5: 38.2812 (37.2105)  family_acc1: 52.3438 (52.3095)  manu_acc1: 66.7969 (66.6288)  time: 0.3074  data: 0.1110  max mem: 10889
Test:  [390/391]  eta: 0:00:00  sploss: 5.1692 (5.3086)  famloss: 2.1847 (2.3353)  manuloss: 1.2131 (1.4806)  acc1: 21.0938 (19.7320)  acc5: 39.4531 (37.8640)  family_acc1: 55.8594 (53.3760)  manu_acc1: 74.6094 (68.2660)  time: 0.3940  data: 0.2160  max mem: 10889
Test: Total time: 0:02:34 (0.3964 s / it)
* Acc@1 19.732 Acc@5 37.864 family@1 53.376 manu@1 68.266 sploss 5.309 fmloss 2.335 mfloss 1.481
FPA: 14.471% | TICE: 57.823%   
 wAP: 24.159  |  LCA: 181.782   |   Precision and Recall: 37.133%
Accuracy of the network on the 100000 test images: 19.7%
Max accuracy: 19.90%
Do not use OT loss
Epoch: [80]  [  0/156]  eta: 0:14:46  lr: 0.000035  sp_loss: 3.5375 (3.5375)  fam_loss: 2.7233 (2.7233)  manu_loss: 1.9595 (1.9595)  gk_loss: 1.4172 (1.4172)  time: 5.6854  data: 5.4091  max mem: 10889
Epoch: [80]  [155/156]  eta: 0:00:00  lr: 0.000035  sp_loss: 4.3735 (4.2006)  fam_loss: 3.1432 (3.0277)  manu_loss: 2.3288 (2.2174)  gk_loss: 1.7518 (1.7250)  time: 0.3104  data: 0.0821  max mem: 10889
Epoch: [80] Total time: 0:01:02 (0.3997 s / it)
Averaged stats: lr: 0.000035  sp_loss: 4.3735 (4.2006)  fam_loss: 3.1432 (3.0277)  manu_loss: 2.3288 (2.2174)  gk_loss: 1.7518 (1.7250)
Test:  [  0/391]  eta: 0:35:55  sploss: 5.3295 (5.3295)  famloss: 2.1482 (2.1482)  manuloss: 1.2770 (1.2770)  acc1: 18.3594 (18.3594)  acc5: 36.3281 (36.3281)  family_acc1: 57.0312 (57.0312)  manu_acc1: 74.6094 (74.6094)  time: 5.5126  data: 5.2842  max mem: 10889
Test:  [250/391]  eta: 0:00:56  sploss: 5.1619 (5.3127)  famloss: 2.3417 (2.3824)  manuloss: 1.5541 (1.5468)  acc1: 21.8750 (19.5063)  acc5: 38.6719 (37.3926)  family_acc1: 52.7344 (52.4107)  manu_acc1: 66.0156 (66.6973)  time: 0.3205  data: 0.1178  max mem: 10889
Test:  [390/391]  eta: 0:00:00  sploss: 5.1220 (5.2645)  famloss: 2.1529 (2.3106)  manuloss: 1.2204 (1.4706)  acc1: 21.8750 (19.9570)  acc5: 39.4531 (38.1060)  family_acc1: 56.2500 (53.5560)  manu_acc1: 74.2188 (68.3640)  time: 0.3992  data: 0.2161  max mem: 10889
Test: Total time: 0:02:34 (0.3949 s / it)
* Acc@1 19.957 Acc@5 38.106 family@1 53.556 manu@1 68.364 sploss 5.265 fmloss 2.311 mfloss 1.471
FPA: 14.736% | TICE: 57.410%   
 wAP: 24.376  |  LCA: 180.788   |   Precision and Recall: 37.478%
Accuracy of the network on the 100000 test images: 20.0%
Max accuracy: 19.96%
Do not use OT loss
Epoch: [81]  [  0/156]  eta: 0:15:34  lr: 0.000033  sp_loss: 2.6373 (2.6373)  fam_loss: 2.0845 (2.0845)  manu_loss: 1.6560 (1.6560)  gk_loss: 1.0324 (1.0324)  time: 5.9895  data: 5.7150  max mem: 10889
Epoch: [81]  [155/156]  eta: 0:00:00  lr: 0.000033  sp_loss: 3.7060 (4.2161)  fam_loss: 2.6871 (3.0167)  manu_loss: 1.9896 (2.2151)  gk_loss: 1.4334 (1.7177)  time: 0.3039  data: 0.0793  max mem: 10889
Epoch: [81] Total time: 0:01:02 (0.4025 s / it)
Averaged stats: lr: 0.000033  sp_loss: 3.7060 (4.2161)  fam_loss: 2.6871 (3.0167)  manu_loss: 1.9896 (2.2151)  gk_loss: 1.4334 (1.7177)
Test:  [  0/391]  eta: 0:38:21  sploss: 5.3288 (5.3288)  famloss: 2.1367 (2.1367)  manuloss: 1.2825 (1.2825)  acc1: 17.9688 (17.9688)  acc5: 37.1094 (37.1094)  family_acc1: 56.2500 (56.2500)  manu_acc1: 73.4375 (73.4375)  time: 5.8851  data: 5.6668  max mem: 10889
Test:  [250/391]  eta: 0:00:56  sploss: 5.1491 (5.2881)  famloss: 2.3077 (2.3593)  manuloss: 1.5084 (1.5344)  acc1: 21.4844 (19.6402)  acc5: 39.0625 (37.7646)  family_acc1: 52.7344 (52.6394)  manu_acc1: 66.4062 (66.7704)  time: 0.3070  data: 0.1087  max mem: 10889
Test:  [390/391]  eta: 0:00:00  sploss: 5.0945 (5.2387)  famloss: 2.1175 (2.2870)  manuloss: 1.2008 (1.4580)  acc1: 21.4844 (20.0710)  acc5: 39.8438 (38.4290)  family_acc1: 57.0312 (53.7530)  manu_acc1: 74.6094 (68.4020)  time: 0.4007  data: 0.2177  max mem: 10889
Test: Total time: 0:02:35 (0.3970 s / it)
* Acc@1 20.071 Acc@5 38.429 family@1 53.753 manu@1 68.402 sploss 5.239 fmloss 2.287 mfloss 1.458
FPA: 14.797% | TICE: 57.175%   
 wAP: 24.497  |  LCA: 180.121   |   Precision and Recall: 37.673%
Accuracy of the network on the 100000 test images: 20.1%
Max accuracy: 20.07%
Do not use OT loss
Epoch: [82]  [  0/156]  eta: 0:14:38  lr: 0.000031  sp_loss: 2.8648 (2.8648)  fam_loss: 2.1967 (2.1967)  manu_loss: 1.6303 (1.6303)  gk_loss: 1.0580 (1.0580)  time: 5.6341  data: 5.3577  max mem: 10889
Epoch: [82]  [155/156]  eta: 0:00:00  lr: 0.000031  sp_loss: 4.0058 (4.2176)  fam_loss: 2.9786 (3.0204)  manu_loss: 2.2007 (2.2185)  gk_loss: 1.6841 (1.7235)  time: 0.3133  data: 0.0862  max mem: 10889
Epoch: [82] Total time: 0:01:02 (0.4036 s / it)
Averaged stats: lr: 0.000031  sp_loss: 4.0058 (4.2176)  fam_loss: 2.9786 (3.0204)  manu_loss: 2.2007 (2.2185)  gk_loss: 1.6841 (1.7235)
Test:  [  0/391]  eta: 0:40:02  sploss: 5.4166 (5.4166)  famloss: 2.2123 (2.2123)  manuloss: 1.3170 (1.3170)  acc1: 18.7500 (18.7500)  acc5: 35.9375 (35.9375)  family_acc1: 56.2500 (56.2500)  manu_acc1: 75.3906 (75.3906)  time: 6.1446  data: 5.9129  max mem: 10889
Test:  [250/391]  eta: 0:00:57  sploss: 5.2145 (5.3567)  famloss: 2.3882 (2.4326)  manuloss: 1.5524 (1.5671)  acc1: 21.0938 (19.4379)  acc5: 39.0625 (37.2277)  family_acc1: 52.3438 (52.3515)  manu_acc1: 66.4062 (66.7066)  time: 0.3263  data: 0.1131  max mem: 10889
Test:  [390/391]  eta: 0:00:00  sploss: 5.1445 (5.3109)  famloss: 2.2076 (2.3633)  manuloss: 1.2375 (1.4940)  acc1: 21.2500 (19.7890)  acc5: 39.8438 (37.8840)  family_acc1: 55.8594 (53.3500)  manu_acc1: 73.8281 (68.3420)  time: 0.3816  data: 0.2033  max mem: 10889
Test: Total time: 0:02:37 (0.4016 s / it)
* Acc@1 19.789 Acc@5 37.884 family@1 53.350 manu@1 68.342 sploss 5.311 fmloss 2.363 mfloss 1.494
FPA: 14.452% | TICE: 57.653%   
 wAP: 24.208  |  LCA: 181.405   |   Precision and Recall: 37.246%
Accuracy of the network on the 100000 test images: 19.8%
Max accuracy: 20.07%
Do not use OT loss
Epoch: [83]  [  0/156]  eta: 0:15:26  lr: 0.000029  sp_loss: 2.3377 (2.3377)  fam_loss: 1.8271 (1.8271)  manu_loss: 1.3434 (1.3434)  gk_loss: 0.8382 (0.8382)  time: 5.9364  data: 5.6705  max mem: 10889
Epoch: [83]  [155/156]  eta: 0:00:00  lr: 0.000029  sp_loss: 4.7907 (4.1645)  fam_loss: 3.2775 (2.9910)  manu_loss: 2.4998 (2.2065)  gk_loss: 1.9111 (1.6998)  time: 0.3032  data: 0.0798  max mem: 10889
Epoch: [83] Total time: 0:01:03 (0.4046 s / it)
Averaged stats: lr: 0.000029  sp_loss: 4.7907 (4.1645)  fam_loss: 3.2775 (2.9910)  manu_loss: 2.4998 (2.2065)  gk_loss: 1.9111 (1.6998)
Test:  [  0/391]  eta: 0:40:54  sploss: 5.4535 (5.4535)  famloss: 2.3063 (2.3063)  manuloss: 1.4081 (1.4081)  acc1: 17.9688 (17.9688)  acc5: 35.1562 (35.1562)  family_acc1: 55.0781 (55.0781)  manu_acc1: 73.4375 (73.4375)  time: 6.2765  data: 6.0521  max mem: 10889
Test:  [250/391]  eta: 0:00:57  sploss: 5.2302 (5.4004)  famloss: 2.4607 (2.5021)  manuloss: 1.6239 (1.6218)  acc1: 20.7031 (18.9834)  acc5: 37.8906 (36.5242)  family_acc1: 51.1719 (51.6668)  manu_acc1: 66.0156 (66.3207)  time: 0.3086  data: 0.1114  max mem: 10889
Test:  [390/391]  eta: 0:00:00  sploss: 5.1928 (5.3545)  famloss: 2.2962 (2.4337)  manuloss: 1.3370 (1.5490)  acc1: 21.0938 (19.3360)  acc5: 39.0625 (37.1650)  family_acc1: 55.4688 (52.7530)  manu_acc1: 74.3750 (68.0020)  time: 0.3960  data: 0.2177  max mem: 10889
Test: Total time: 0:02:36 (0.3997 s / it)
* Acc@1 19.336 Acc@5 37.165 family@1 52.753 manu@1 68.002 sploss 5.355 fmloss 2.434 mfloss 1.549
FPA: 13.998% | TICE: 58.519%   
 wAP: 23.744  |  LCA: 183.092   |   Precision and Recall: 36.737%
Accuracy of the network on the 100000 test images: 19.3%
Max accuracy: 20.07%
Do not use OT loss
Epoch: [84]  [  0/156]  eta: 0:14:37  lr: 0.000027  sp_loss: 5.4467 (5.4467)  fam_loss: 3.7898 (3.7898)  manu_loss: 2.7618 (2.7618)  gk_loss: 2.4016 (2.4016)  time: 5.6236  data: 5.3590  max mem: 10889
Epoch: [84]  [155/156]  eta: 0:00:00  lr: 0.000027  sp_loss: 3.8233 (4.1326)  fam_loss: 2.8652 (2.9684)  manu_loss: 2.0901 (2.1839)  gk_loss: 1.6073 (1.6787)  time: 0.3171  data: 0.0916  max mem: 10889
Epoch: [84] Total time: 0:01:03 (0.4043 s / it)
Averaged stats: lr: 0.000027  sp_loss: 3.8233 (4.1326)  fam_loss: 2.8652 (2.9684)  manu_loss: 2.0901 (2.1839)  gk_loss: 1.6073 (1.6787)
Test:  [  0/391]  eta: 0:37:23  sploss: 5.4091 (5.4091)  famloss: 2.1881 (2.1881)  manuloss: 1.2893 (1.2893)  acc1: 17.1875 (17.1875)  acc5: 34.3750 (34.3750)  family_acc1: 56.2500 (56.2500)  manu_acc1: 74.2188 (74.2188)  time: 5.7384  data: 5.5168  max mem: 10889
Test:  [250/391]  eta: 0:00:56  sploss: 5.2049 (5.3545)  famloss: 2.3701 (2.4244)  manuloss: 1.5566 (1.5648)  acc1: 21.8750 (19.5079)  acc5: 38.2812 (37.2915)  family_acc1: 52.7344 (52.4791)  manu_acc1: 66.7969 (66.7533)  time: 0.3089  data: 0.1119  max mem: 10889
Test:  [390/391]  eta: 0:00:00  sploss: 5.1537 (5.3086)  famloss: 2.2117 (2.3555)  manuloss: 1.2602 (1.4900)  acc1: 21.4844 (19.8540)  acc5: 39.8438 (37.9110)  family_acc1: 55.8594 (53.4830)  manu_acc1: 74.2188 (68.3850)  time: 0.4025  data: 0.2254  max mem: 10889
Test: Total time: 0:02:36 (0.3997 s / it)
* Acc@1 19.854 Acc@5 37.911 family@1 53.483 manu@1 68.385 sploss 5.309 fmloss 2.356 mfloss 1.490
FPA: 14.554% | TICE: 57.662%   
 wAP: 24.279  |  LCA: 181.176   |   Precision and Recall: 37.339%
Accuracy of the network on the 100000 test images: 19.9%
Max accuracy: 20.07%
Do not use OT loss
Epoch: [85]  [  0/156]  eta: 0:14:12  lr: 0.000025  sp_loss: 4.0524 (4.0524)  fam_loss: 2.8505 (2.8505)  manu_loss: 2.1646 (2.1646)  gk_loss: 1.6194 (1.6194)  time: 5.4624  data: 5.1789  max mem: 10889
Epoch: [85]  [155/156]  eta: 0:00:00  lr: 0.000025  sp_loss: 3.6553 (4.0196)  fam_loss: 2.7015 (2.9019)  manu_loss: 2.0291 (2.1375)  gk_loss: 1.4856 (1.6247)  time: 0.3055  data: 0.0805  max mem: 10889
Epoch: [85] Total time: 0:01:02 (0.4008 s / it)
Averaged stats: lr: 0.000025  sp_loss: 3.6553 (4.0196)  fam_loss: 2.7015 (2.9019)  manu_loss: 2.0291 (2.1375)  gk_loss: 1.4856 (1.6247)
Test:  [  0/391]  eta: 0:38:22  sploss: 5.4397 (5.4397)  famloss: 2.2164 (2.2164)  manuloss: 1.3122 (1.3122)  acc1: 18.7500 (18.7500)  acc5: 33.9844 (33.9844)  family_acc1: 54.6875 (54.6875)  manu_acc1: 73.8281 (73.8281)  time: 5.8896  data: 5.6701  max mem: 10889
Test:  [250/391]  eta: 0:00:56  sploss: 5.2387 (5.3971)  famloss: 2.4037 (2.4513)  manuloss: 1.5738 (1.5683)  acc1: 21.8750 (19.2262)  acc5: 38.2812 (36.8977)  family_acc1: 53.1250 (52.2224)  manu_acc1: 65.2344 (66.6070)  time: 0.3082  data: 0.1101  max mem: 10889
Test:  [390/391]  eta: 0:00:00  sploss: 5.2104 (5.3513)  famloss: 2.2547 (2.3827)  manuloss: 1.2342 (1.4952)  acc1: 21.2500 (19.6590)  acc5: 39.0625 (37.5840)  family_acc1: 55.8594 (53.2960)  manu_acc1: 75.0000 (68.2410)  time: 0.3999  data: 0.2194  max mem: 10889
Test: Total time: 0:02:34 (0.3957 s / it)
* Acc@1 19.659 Acc@5 37.584 family@1 53.296 manu@1 68.241 sploss 5.351 fmloss 2.383 mfloss 1.495
FPA: 14.456% | TICE: 57.824%   
 wAP: 24.086  |  LCA: 182.324   |   Precision and Recall: 36.953%
Accuracy of the network on the 100000 test images: 19.7%
Max accuracy: 20.07%
Do not use OT loss
Epoch: [86]  [  0/156]  eta: 0:15:13  lr: 0.000023  sp_loss: 4.7266 (4.7266)  fam_loss: 3.2162 (3.2162)  manu_loss: 2.3395 (2.3395)  gk_loss: 1.8777 (1.8777)  time: 5.8542  data: 5.5741  max mem: 10889
Epoch: [86]  [155/156]  eta: 0:00:00  lr: 0.000023  sp_loss: 3.9759 (4.0622)  fam_loss: 2.9172 (2.9277)  manu_loss: 2.0808 (2.1536)  gk_loss: 1.5878 (1.6386)  time: 0.3050  data: 0.0811  max mem: 10889
Epoch: [86] Total time: 0:01:03 (0.4040 s / it)
Averaged stats: lr: 0.000023  sp_loss: 3.9759 (4.0622)  fam_loss: 2.9172 (2.9277)  manu_loss: 2.0808 (2.1536)  gk_loss: 1.5878 (1.6386)
Test:  [  0/391]  eta: 0:36:17  sploss: 5.3778 (5.3778)  famloss: 2.1839 (2.1839)  manuloss: 1.3136 (1.3136)  acc1: 18.3594 (18.3594)  acc5: 35.1562 (35.1562)  family_acc1: 54.2969 (54.2969)  manu_acc1: 73.0469 (73.0469)  time: 5.5700  data: 5.3508  max mem: 10889
Test:  [250/391]  eta: 0:00:56  sploss: 5.1707 (5.3194)  famloss: 2.3383 (2.3930)  manuloss: 1.5270 (1.5441)  acc1: 22.6562 (19.7227)  acc5: 39.0625 (37.5451)  family_acc1: 53.9062 (52.7608)  manu_acc1: 66.7969 (66.9214)  time: 0.3161  data: 0.1123  max mem: 10889
Test:  [390/391]  eta: 0:00:00  sploss: 5.1244 (5.2717)  famloss: 2.1803 (2.3225)  manuloss: 1.2212 (1.4693)  acc1: 21.8750 (20.0970)  acc5: 39.8438 (38.2750)  family_acc1: 56.6406 (53.8360)  manu_acc1: 73.8281 (68.5640)  time: 0.3966  data: 0.2183  max mem: 10889
Test: Total time: 0:02:35 (0.3977 s / it)
* Acc@1 20.097 Acc@5 38.275 family@1 53.836 manu@1 68.564 sploss 5.272 fmloss 2.323 mfloss 1.469
FPA: 14.841% | TICE: 57.194%   
 wAP: 24.531  |  LCA: 180.236   |   Precision and Recall: 37.641%
Accuracy of the network on the 100000 test images: 20.1%
Max accuracy: 20.10%
Do not use OT loss
Epoch: [87]  [  0/156]  eta: 0:14:59  lr: 0.000021  sp_loss: 5.2271 (5.2271)  fam_loss: 3.6992 (3.6992)  manu_loss: 2.8219 (2.8219)  gk_loss: 2.3063 (2.3063)  time: 5.7666  data: 5.4910  max mem: 10889
Epoch: [87]  [155/156]  eta: 0:00:00  lr: 0.000021  sp_loss: 4.3305 (4.0119)  fam_loss: 2.9609 (2.8840)  manu_loss: 2.2286 (2.1245)  gk_loss: 1.7176 (1.6086)  time: 0.3053  data: 0.0810  max mem: 10889
Epoch: [87] Total time: 0:01:03 (0.4046 s / it)
Averaged stats: lr: 0.000021  sp_loss: 4.3305 (4.0119)  fam_loss: 2.9609 (2.8840)  manu_loss: 2.2286 (2.1245)  gk_loss: 1.7176 (1.6086)
Test:  [  0/391]  eta: 0:36:24  sploss: 5.3862 (5.3862)  famloss: 2.1614 (2.1614)  manuloss: 1.3083 (1.3083)  acc1: 17.9688 (17.9688)  acc5: 34.7656 (34.7656)  family_acc1: 55.0781 (55.0781)  manu_acc1: 72.6562 (72.6562)  time: 5.5863  data: 5.3647  max mem: 10889
Test:  [250/391]  eta: 0:00:57  sploss: 5.1874 (5.3311)  famloss: 2.3333 (2.3822)  manuloss: 1.5290 (1.5383)  acc1: 22.2656 (19.7647)  acc5: 38.6719 (37.6261)  family_acc1: 53.1250 (52.7608)  manu_acc1: 66.4062 (66.9634)  time: 0.3288  data: 0.1323  max mem: 10889
Test:  [390/391]  eta: 0:00:00  sploss: 5.1427 (5.2838)  famloss: 2.1570 (2.3117)  manuloss: 1.1909 (1.4625)  acc1: 21.8750 (20.1250)  acc5: 40.2344 (38.3470)  family_acc1: 56.6406 (53.8870)  manu_acc1: 74.6094 (68.6130)  time: 0.3927  data: 0.2142  max mem: 10889
Test: Total time: 0:02:35 (0.3986 s / it)
* Acc@1 20.125 Acc@5 38.347 family@1 53.887 manu@1 68.613 sploss 5.284 fmloss 2.312 mfloss 1.463
FPA: 14.891% | TICE: 57.136%   
 wAP: 24.562  |  LCA: 180.195   |   Precision and Recall: 37.661%
Accuracy of the network on the 100000 test images: 20.1%
Max accuracy: 20.12%
Do not use OT loss
Epoch: [88]  [  0/156]  eta: 0:15:29  lr: 0.000020  sp_loss: 4.4097 (4.4097)  fam_loss: 3.0910 (3.0910)  manu_loss: 2.2680 (2.2680)  gk_loss: 1.6980 (1.6980)  time: 5.9562  data: 5.6832  max mem: 10889
Epoch: [88]  [155/156]  eta: 0:00:00  lr: 0.000020  sp_loss: 4.2243 (4.1262)  fam_loss: 3.0193 (2.9728)  manu_loss: 2.1695 (2.1852)  gk_loss: 1.6803 (1.6746)  time: 0.3140  data: 0.0850  max mem: 10889
Epoch: [88] Total time: 0:01:02 (0.4013 s / it)
Averaged stats: lr: 0.000020  sp_loss: 4.2243 (4.1262)  fam_loss: 3.0193 (2.9728)  manu_loss: 2.1695 (2.1852)  gk_loss: 1.6803 (1.6746)
Test:  [  0/391]  eta: 0:37:27  sploss: 5.4372 (5.4372)  famloss: 2.2140 (2.2140)  manuloss: 1.3291 (1.3291)  acc1: 17.9688 (17.9688)  acc5: 35.1562 (35.1562)  family_acc1: 53.9062 (53.9062)  manu_acc1: 73.0469 (73.0469)  time: 5.7493  data: 5.5345  max mem: 10889
Test:  [250/391]  eta: 0:00:56  sploss: 5.2276 (5.3888)  famloss: 2.4101 (2.4466)  manuloss: 1.5628 (1.5697)  acc1: 22.2656 (19.4192)  acc5: 38.6719 (37.0814)  family_acc1: 52.3438 (52.4185)  manu_acc1: 66.4062 (66.7502)  time: 0.3218  data: 0.1098  max mem: 10889
Test:  [390/391]  eta: 0:00:00  sploss: 5.1722 (5.3428)  famloss: 2.2513 (2.3781)  manuloss: 1.2797 (1.4969)  acc1: 21.2500 (19.8020)  acc5: 39.8438 (37.7340)  family_acc1: 57.0312 (53.4420)  manu_acc1: 75.0000 (68.3670)  time: 0.3939  data: 0.2131  max mem: 10889
Test: Total time: 0:02:34 (0.3961 s / it)
* Acc@1 19.802 Acc@5 37.734 family@1 53.442 manu@1 68.367 sploss 5.343 fmloss 2.378 mfloss 1.497
FPA: 14.513% | TICE: 57.669%   
 wAP: 24.229  |  LCA: 181.581   |   Precision and Recall: 37.207%
Accuracy of the network on the 100000 test images: 19.8%
Max accuracy: 20.12%
Do not use OT loss
Epoch: [89]  [  0/156]  eta: 0:14:37  lr: 0.000018  sp_loss: 2.6557 (2.6557)  fam_loss: 1.9565 (1.9565)  manu_loss: 1.5552 (1.5552)  gk_loss: 0.9455 (0.9455)  time: 5.6218  data: 5.3472  max mem: 10889
Epoch: [89]  [155/156]  eta: 0:00:00  lr: 0.000018  sp_loss: 4.1464 (4.1121)  fam_loss: 3.0810 (2.9590)  manu_loss: 2.2118 (2.1703)  gk_loss: 1.7047 (1.6599)  time: 0.3046  data: 0.0797  max mem: 10889
Epoch: [89] Total time: 0:01:02 (0.4000 s / it)
Averaged stats: lr: 0.000018  sp_loss: 4.1464 (4.1121)  fam_loss: 3.0810 (2.9590)  manu_loss: 2.2118 (2.1703)  gk_loss: 1.7047 (1.6599)
Test:  [  0/391]  eta: 0:38:03  sploss: 5.4230 (5.4230)  famloss: 2.2060 (2.2060)  manuloss: 1.3182 (1.3182)  acc1: 19.5312 (19.5312)  acc5: 35.1562 (35.1562)  family_acc1: 54.6875 (54.6875)  manu_acc1: 72.6562 (72.6562)  time: 5.8399  data: 5.6005  max mem: 10889
Test:  [250/391]  eta: 0:00:57  sploss: 5.2139 (5.3715)  famloss: 2.4014 (2.4386)  manuloss: 1.5621 (1.5672)  acc1: 21.0938 (19.4706)  acc5: 37.8906 (37.2526)  family_acc1: 52.3438 (52.4932)  manu_acc1: 66.0156 (66.8700)  time: 0.3061  data: 0.1126  max mem: 10889
Test:  [390/391]  eta: 0:00:00  sploss: 5.1816 (5.3255)  famloss: 2.2410 (2.3693)  manuloss: 1.2439 (1.4930)  acc1: 21.8750 (19.8460)  acc5: 39.8438 (37.9140)  family_acc1: 56.2500 (53.5990)  manu_acc1: 75.0000 (68.4760)  time: 0.3960  data: 0.2175  max mem: 10889
Test: Total time: 0:02:36 (0.3997 s / it)
* Acc@1 19.846 Acc@5 37.914 family@1 53.599 manu@1 68.476 sploss 5.326 fmloss 2.369 mfloss 1.493
FPA: 14.549% | TICE: 57.563%   
 wAP: 24.286  |  LCA: 181.205   |   Precision and Recall: 37.318%
Accuracy of the network on the 100000 test images: 19.8%
Max accuracy: 20.12%
