Namespace(batch_size=256, epochs=100, bce_loss=False, unscale_lr=False, few_shot=2, model='cast_small', input_size=224, drop=0.0, drop_path=0.1, model_ema=True, model_ema_decay=0.99996, model_ema_force_cpu=False, num_superpixels=196, opt='adamw', opt_eps=1e-08, opt_betas=None, clip_grad=None, momentum=0.9, weight_decay=0.05, sched='cosine', lr=0.0005, lr_noise=None, lr_noise_pct=0.67, lr_noise_std=1.0, warmup_lr=1e-06, min_lr=1e-05, decay_epochs=30, warmup_epochs=5, cooldown_epochs=10, patience_epochs=10, decay_rate=0.1, color_jitter=0.3, aa='rand-m9-mstd0.5-inc1', smoothing=0.1, train_interpolation='bicubic', repeated_aug=True, train_mode=True, ThreeAugment=False, src=False, reprob=0.25, remode='pixel', recount=1, resplit=False, mixup=0.8, cutmix=1.0, cutmix_minmax=None, mixup_prob=1.0, mixup_switch_prob=0.5, mixup_mode='batch', teacher_model='regnety_160', teacher_path='', distillation_type='none', distillation_alpha=0.5, distillation_tau=1.0, cosub=False, finetune='best_checkpoint.pth', attn_only=False, data_path='../dataset/', data_set='INAT21-MINI-HIER-SUPERPIXEL', path_yn=False, inat_category='name', output_dir='./output/few_shot/two/0.5base0.5ot', device='cuda', seed=0, resume='', start_epoch=0, eval=False, eval_crop_ratio=0.875, dist_eval=False, num_workers=12, pin_mem=True, distributed=True, world_size=1, dist_url='env://', globalkl=False, ot_loss=True, learnable_ot=False, ot_weight=0.5, base_weight=0.5, globalbce=False, gk_weight=1, filename='results.csv', breeds_sort='entity13', random_seed=1, local_rank=-1, tree_path='./data/inat21_3tree.json', label_weight=[1, 2, 3])
| distributed init (rank 0): env://
seed 0
args.nb_classes [10000, 1103, 273]
Creating model: cast_small
dict_keys(['model', 'optimizer', 'lr_scheduler', 'epoch', 'model_ema', 'scaler', 'args'])
Removing key head.weight from pretrained checkpoint
Removing key head.bias from pretrained checkpoint
number of params: 30556704
Start training for 100 epochs
Epoch: [0]  [ 0/78]  eta: 0:15:58  lr: 0.000001  sp_loss: 9.2809 (9.2809)  fam_loss: 7.1254 (7.1254)  manu_loss: 5.6107 (5.6107)  ot_loss: 0.5587 (0.5587)  base_loss: 9.4033 (9.4033)  time: 12.2860  data: 6.5757  max mem: 10976
Epoch: [0]  [50/78]  eta: 0:00:15  lr: 0.000001  sp_loss: 9.2733 (9.2697)  fam_loss: 7.0675 (7.0809)  manu_loss: 5.5955 (5.6180)  ot_loss: 0.5584 (0.5585)  base_loss: 9.3822 (9.3867)  time: 0.2995  data: 0.0004  max mem: 11360
Epoch: [0]  [77/78]  eta: 0:00:00  lr: 0.000001  sp_loss: 9.2784 (9.2722)  fam_loss: 7.0623 (7.0754)  manu_loss: 5.5887 (5.6070)  ot_loss: 0.5583 (0.5584)  base_loss: 9.3924 (9.3853)  time: 0.3910  data: 0.1004  max mem: 11360
Epoch: [0] Total time: 0:00:37 (0.4871 s / it)
Averaged stats: lr: 0.000001  sp_loss: 9.2784 (9.2722)  fam_loss: 7.0623 (7.0754)  manu_loss: 5.5887 (5.6070)  ot_loss: 0.5583 (0.5584)  base_loss: 9.3924 (9.3853)
Epoch: [1]  [ 0/78]  eta: 0:07:37  lr: 0.000001  sp_loss: 9.2489 (9.2489)  fam_loss: 7.0869 (7.0869)  manu_loss: 5.5885 (5.5885)  ot_loss: 0.5583 (0.5583)  base_loss: 9.3707 (9.3707)  time: 5.8694  data: 5.5424  max mem: 11360
Epoch: [1]  [50/78]  eta: 0:00:13  lr: 0.000001  sp_loss: 9.2725 (9.2722)  fam_loss: 7.0418 (7.0530)  manu_loss: 5.5168 (5.5446)  ot_loss: 0.5581 (0.5582)  base_loss: 9.3658 (9.3703)  time: 0.3791  data: 0.0801  max mem: 11360
Epoch: [1]  [77/78]  eta: 0:00:00  lr: 0.000001  sp_loss: 9.2716 (9.2703)  fam_loss: 7.0345 (7.0522)  manu_loss: 5.5174 (5.5366)  ot_loss: 0.5581 (0.5581)  base_loss: 9.3616 (9.3678)  time: 0.3925  data: 0.1124  max mem: 11360
Epoch: [1] Total time: 0:00:35 (0.4521 s / it)
Averaged stats: lr: 0.000001  sp_loss: 9.2716 (9.2703)  fam_loss: 7.0345 (7.0522)  manu_loss: 5.5174 (5.5366)  ot_loss: 0.5581 (0.5581)  base_loss: 9.3616 (9.3678)
Epoch: [2]  [ 0/78]  eta: 0:07:40  lr: 0.000051  sp_loss: 9.3062 (9.3062)  fam_loss: 6.8987 (6.8987)  manu_loss: 5.4659 (5.4659)  ot_loss: 0.5581 (0.5581)  base_loss: 9.3406 (9.3406)  time: 5.9079  data: 5.5874  max mem: 11360
Epoch: [2]  [50/78]  eta: 0:00:14  lr: 0.000051  sp_loss: 9.2667 (9.2681)  fam_loss: 6.2032 (6.5559)  manu_loss: 4.2791 (4.6292)  ot_loss: 0.5614 (0.5591)  base_loss: 8.9223 (9.0779)  time: 0.4014  data: 0.0986  max mem: 11360
Epoch: [2]  [77/78]  eta: 0:00:00  lr: 0.000051  sp_loss: 9.2701 (9.2666)  fam_loss: 5.9634 (6.3668)  manu_loss: 4.0893 (4.4535)  ot_loss: 0.5645 (0.5608)  base_loss: 8.8208 (8.9913)  time: 0.3501  data: 0.0715  max mem: 11360
Epoch: [2] Total time: 0:00:35 (0.4501 s / it)
Averaged stats: lr: 0.000051  sp_loss: 9.2701 (9.2666)  fam_loss: 5.9634 (6.3668)  manu_loss: 4.0893 (4.4535)  ot_loss: 0.5645 (0.5608)  base_loss: 8.8208 (8.9913)
Epoch: [3]  [ 0/78]  eta: 0:08:18  lr: 0.000101  sp_loss: 9.2666 (9.2666)  fam_loss: 6.1184 (6.1184)  manu_loss: 4.1934 (4.1934)  ot_loss: 0.5637 (0.5637)  base_loss: 8.8672 (8.8672)  time: 6.3878  data: 6.0613  max mem: 11360
Epoch: [3]  [50/78]  eta: 0:00:13  lr: 0.000101  sp_loss: 9.2389 (9.2461)  fam_loss: 5.7488 (5.7593)  manu_loss: 3.7974 (3.8640)  ot_loss: 0.5682 (0.5674)  base_loss: 8.6583 (8.6899)  time: 0.3978  data: 0.0933  max mem: 11360
Epoch: [3]  [77/78]  eta: 0:00:00  lr: 0.000101  sp_loss: 9.2498 (9.2458)  fam_loss: 5.5660 (5.6930)  manu_loss: 3.6102 (3.7884)  ot_loss: 0.5690 (0.5682)  base_loss: 8.6173 (8.6551)  time: 0.3658  data: 0.0817  max mem: 11360
Epoch: [3] Total time: 0:00:34 (0.4422 s / it)
Averaged stats: lr: 0.000101  sp_loss: 9.2498 (9.2458)  fam_loss: 5.5660 (5.6930)  manu_loss: 3.6102 (3.7884)  ot_loss: 0.5690 (0.5682)  base_loss: 8.6173 (8.6551)
Epoch: [4]  [ 0/78]  eta: 0:07:56  lr: 0.000150  sp_loss: 9.2143 (9.2143)  fam_loss: 5.8439 (5.8439)  manu_loss: 3.9021 (3.9021)  ot_loss: 0.5687 (0.5687)  base_loss: 8.6804 (8.6804)  time: 6.1104  data: 5.7731  max mem: 11360
Epoch: [4]  [50/78]  eta: 0:00:13  lr: 0.000150  sp_loss: 9.2220 (9.2280)  fam_loss: 5.4211 (5.5162)  manu_loss: 3.5868 (3.6563)  ot_loss: 0.5717 (0.5708)  base_loss: 8.4938 (8.5513)  time: 0.4177  data: 0.1199  max mem: 11360
Epoch: [4]  [77/78]  eta: 0:00:00  lr: 0.000150  sp_loss: 9.2172 (9.2260)  fam_loss: 5.3051 (5.4474)  manu_loss: 3.5878 (3.6143)  ot_loss: 0.5734 (0.5717)  base_loss: 8.4396 (8.5213)  time: 0.3665  data: 0.0879  max mem: 11360
Epoch: [4] Total time: 0:00:35 (0.4493 s / it)
Averaged stats: lr: 0.000150  sp_loss: 9.2172 (9.2260)  fam_loss: 5.3051 (5.4474)  manu_loss: 3.5878 (3.6143)  ot_loss: 0.5734 (0.5717)  base_loss: 8.4396 (8.5213)
Epoch: [5]  [ 0/78]  eta: 0:08:03  lr: 0.000200  sp_loss: 9.2314 (9.2314)  fam_loss: 5.6120 (5.6120)  manu_loss: 3.8829 (3.8829)  ot_loss: 0.5719 (0.5719)  base_loss: 8.5934 (8.5934)  time: 6.1971  data: 5.8713  max mem: 11360
Epoch: [5]  [50/78]  eta: 0:00:14  lr: 0.000200  sp_loss: 9.2083 (9.2003)  fam_loss: 5.3842 (5.3609)  manu_loss: 3.7009 (3.6046)  ot_loss: 0.5734 (0.5740)  base_loss: 8.5073 (8.4614)  time: 0.3995  data: 0.1033  max mem: 11360
Epoch: [5]  [77/78]  eta: 0:00:00  lr: 0.000200  sp_loss: 9.1796 (9.1937)  fam_loss: 5.0261 (5.2758)  manu_loss: 3.3636 (3.5342)  ot_loss: 0.5791 (0.5753)  base_loss: 8.3177 (8.4202)  time: 0.3605  data: 0.0848  max mem: 11360
Epoch: [5] Total time: 0:00:35 (0.4496 s / it)
Averaged stats: lr: 0.000200  sp_loss: 9.1796 (9.1937)  fam_loss: 5.0261 (5.2758)  manu_loss: 3.3636 (3.5342)  ot_loss: 0.5791 (0.5753)  base_loss: 8.3177 (8.4202)
Epoch: [6]  [ 0/78]  eta: 0:07:43  lr: 0.000249  sp_loss: 9.1539 (9.1539)  fam_loss: 4.5989 (4.5989)  manu_loss: 2.7690 (2.7690)  ot_loss: 0.5793 (0.5793)  base_loss: 8.0964 (8.0964)  time: 5.9397  data: 5.5533  max mem: 11360
Epoch: [6]  [50/78]  eta: 0:00:13  lr: 0.000249  sp_loss: 9.1264 (9.1335)  fam_loss: 5.1804 (5.1622)  manu_loss: 3.5509 (3.4955)  ot_loss: 0.5786 (0.5787)  base_loss: 8.3429 (8.3343)  time: 0.4003  data: 0.1021  max mem: 11360
Epoch: [6]  [77/78]  eta: 0:00:00  lr: 0.000249  sp_loss: 9.1040 (9.1223)  fam_loss: 5.0831 (5.0967)  manu_loss: 3.4144 (3.4502)  ot_loss: 0.5824 (0.5808)  base_loss: 8.3252 (8.3009)  time: 0.3537  data: 0.0752  max mem: 11360
Epoch: [6] Total time: 0:00:34 (0.4418 s / it)
Averaged stats: lr: 0.000249  sp_loss: 9.1040 (9.1223)  fam_loss: 5.0831 (5.0967)  manu_loss: 3.4144 (3.4502)  ot_loss: 0.5824 (0.5808)  base_loss: 8.3252 (8.3009)
Epoch: [7]  [ 0/78]  eta: 0:07:25  lr: 0.000248  sp_loss: 8.9551 (8.9551)  fam_loss: 5.6695 (5.6695)  manu_loss: 3.8439 (3.8439)  ot_loss: 0.5811 (0.5811)  base_loss: 8.4114 (8.4114)  time: 5.7057  data: 5.3774  max mem: 11360
Epoch: [7]  [50/78]  eta: 0:00:13  lr: 0.000248  sp_loss: 9.0019 (8.9943)  fam_loss: 5.1404 (5.0964)  manu_loss: 3.5148 (3.4763)  ot_loss: 0.5837 (0.5853)  base_loss: 8.2644 (8.2241)  time: 0.3987  data: 0.0897  max mem: 11360
Epoch: [7]  [77/78]  eta: 0:00:00  lr: 0.000248  sp_loss: 8.9809 (8.9805)  fam_loss: 4.9955 (5.0493)  manu_loss: 3.3836 (3.4547)  ot_loss: 0.5902 (0.5875)  base_loss: 8.1883 (8.1975)  time: 0.3621  data: 0.0831  max mem: 11360
Epoch: [7] Total time: 0:00:34 (0.4428 s / it)
Averaged stats: lr: 0.000248  sp_loss: 8.9809 (8.9805)  fam_loss: 4.9955 (5.0493)  manu_loss: 3.3836 (3.4547)  ot_loss: 0.5902 (0.5875)  base_loss: 8.1883 (8.1975)
Epoch: [8]  [ 0/78]  eta: 0:07:36  lr: 0.000247  sp_loss: 8.9098 (8.9098)  fam_loss: 4.8509 (4.8509)  manu_loss: 3.5552 (3.5552)  ot_loss: 0.5918 (0.5918)  base_loss: 8.1164 (8.1164)  time: 5.8542  data: 5.5158  max mem: 11360
Epoch: [8]  [50/78]  eta: 0:00:13  lr: 0.000247  sp_loss: 8.8514 (8.7526)  fam_loss: 4.8991 (4.8543)  manu_loss: 3.3082 (3.3398)  ot_loss: 0.6009 (0.6000)  base_loss: 8.0534 (7.9863)  time: 0.3988  data: 0.1003  max mem: 11360
Epoch: [8]  [77/78]  eta: 0:00:00  lr: 0.000247  sp_loss: 8.6559 (8.7429)  fam_loss: 4.6410 (4.8324)  manu_loss: 3.2160 (3.3282)  ot_loss: 0.6039 (0.6009)  base_loss: 7.8657 (7.9731)  time: 0.3577  data: 0.0810  max mem: 11360
Epoch: [8] Total time: 0:00:34 (0.4452 s / it)
Averaged stats: lr: 0.000247  sp_loss: 8.6559 (8.7429)  fam_loss: 4.6410 (4.8324)  manu_loss: 3.2160 (3.3282)  ot_loss: 0.6039 (0.6009)  base_loss: 7.8657 (7.9731)
Epoch: [9]  [ 0/78]  eta: 0:07:58  lr: 0.000246  sp_loss: 8.6785 (8.6785)  fam_loss: 4.9467 (4.9467)  manu_loss: 3.5223 (3.5223)  ot_loss: 0.5952 (0.5952)  base_loss: 7.9998 (7.9998)  time: 6.1400  data: 5.8015  max mem: 11360
Epoch: [9]  [50/78]  eta: 0:00:13  lr: 0.000246  sp_loss: 8.6404 (8.5108)  fam_loss: 4.9765 (4.7878)  manu_loss: 3.3954 (3.3042)  ot_loss: 0.6079 (0.6120)  base_loss: 7.9725 (7.8261)  time: 0.4160  data: 0.1165  max mem: 11360
Epoch: [9]  [77/78]  eta: 0:00:00  lr: 0.000246  sp_loss: 8.5439 (8.5137)  fam_loss: 5.0284 (4.8119)  manu_loss: 3.4649 (3.3179)  ot_loss: 0.6078 (0.6128)  base_loss: 7.9800 (7.8355)  time: 0.3526  data: 0.0720  max mem: 11360
Epoch: [9] Total time: 0:00:34 (0.4418 s / it)
Averaged stats: lr: 0.000246  sp_loss: 8.5439 (8.5137)  fam_loss: 5.0284 (4.8119)  manu_loss: 3.4649 (3.3179)  ot_loss: 0.6078 (0.6128)  base_loss: 7.9800 (7.8355)
Epoch: [10]  [ 0/78]  eta: 0:08:00  lr: 0.000245  sp_loss: 8.3287 (8.3287)  fam_loss: 4.9012 (4.9012)  manu_loss: 3.4040 (3.4040)  ot_loss: 0.6152 (0.6152)  base_loss: 7.7543 (7.7543)  time: 6.1561  data: 5.8192  max mem: 11360
Epoch: [10]  [50/78]  eta: 0:00:13  lr: 0.000245  sp_loss: 8.3772 (8.1789)  fam_loss: 4.8758 (4.6012)  manu_loss: 3.3585 (3.1671)  ot_loss: 0.6281 (0.6294)  base_loss: 7.8052 (7.5602)  time: 0.4066  data: 0.1089  max mem: 11360
Epoch: [10]  [77/78]  eta: 0:00:00  lr: 0.000245  sp_loss: 8.1710 (8.1888)  fam_loss: 4.7040 (4.6269)  manu_loss: 3.1527 (3.1940)  ot_loss: 0.6309 (0.6308)  base_loss: 7.5523 (7.5771)  time: 0.3596  data: 0.0837  max mem: 11360
Epoch: [10] Total time: 0:00:34 (0.4432 s / it)
Averaged stats: lr: 0.000245  sp_loss: 8.1710 (8.1888)  fam_loss: 4.7040 (4.6269)  manu_loss: 3.1527 (3.1940)  ot_loss: 0.6309 (0.6308)  base_loss: 7.5523 (7.5771)
Epoch: [11]  [ 0/78]  eta: 0:07:42  lr: 0.000244  sp_loss: 8.1210 (8.1210)  fam_loss: 4.7461 (4.7461)  manu_loss: 3.4127 (3.4127)  ot_loss: 0.6303 (0.6303)  base_loss: 7.6103 (7.6103)  time: 5.9277  data: 5.5924  max mem: 11360
Epoch: [11]  [50/78]  eta: 0:00:13  lr: 0.000244  sp_loss: 8.1467 (7.9333)  fam_loss: 4.6734 (4.5447)  manu_loss: 3.1915 (3.1776)  ot_loss: 0.6447 (0.6454)  base_loss: 7.5667 (7.4038)  time: 0.4014  data: 0.1069  max mem: 11360
Epoch: [11]  [77/78]  eta: 0:00:00  lr: 0.000244  sp_loss: 7.9868 (7.9731)  fam_loss: 4.7500 (4.5869)  manu_loss: 3.3211 (3.1952)  ot_loss: 0.6367 (0.6448)  base_loss: 7.5174 (7.4414)  time: 0.3578  data: 0.0815  max mem: 11360
Epoch: [11] Total time: 0:00:34 (0.4470 s / it)
Averaged stats: lr: 0.000244  sp_loss: 7.9868 (7.9731)  fam_loss: 4.7500 (4.5869)  manu_loss: 3.3211 (3.1952)  ot_loss: 0.6367 (0.6448)  base_loss: 7.5174 (7.4414)
Epoch: [12]  [ 0/78]  eta: 0:08:30  lr: 0.000243  sp_loss: 8.2107 (8.2107)  fam_loss: 5.0482 (5.0482)  manu_loss: 3.5032 (3.5032)  ot_loss: 0.6350 (0.6350)  base_loss: 7.7305 (7.7305)  time: 6.5389  data: 6.2126  max mem: 11360
Epoch: [12]  [50/78]  eta: 0:00:13  lr: 0.000243  sp_loss: 7.9683 (7.6712)  fam_loss: 4.8625 (4.5089)  manu_loss: 3.3439 (3.1720)  ot_loss: 0.6473 (0.6594)  base_loss: 7.5294 (7.2410)  time: 0.3919  data: 0.0943  max mem: 11360
Epoch: [12]  [77/78]  eta: 0:00:00  lr: 0.000243  sp_loss: 7.8586 (7.7355)  fam_loss: 4.6557 (4.5398)  manu_loss: 3.2913 (3.1867)  ot_loss: 0.6518 (0.6586)  base_loss: 7.3538 (7.2890)  time: 0.3621  data: 0.0845  max mem: 11360
Epoch: [12] Total time: 0:00:34 (0.4433 s / it)
Averaged stats: lr: 0.000243  sp_loss: 7.8586 (7.7355)  fam_loss: 4.6557 (4.5398)  manu_loss: 3.2913 (3.1867)  ot_loss: 0.6518 (0.6586)  base_loss: 7.3538 (7.2890)
Epoch: [13]  [ 0/78]  eta: 0:07:44  lr: 0.000242  sp_loss: 7.8593 (7.8593)  fam_loss: 4.7050 (4.7050)  manu_loss: 3.3393 (3.3393)  ot_loss: 0.6507 (0.6507)  base_loss: 7.4073 (7.4073)  time: 5.9518  data: 5.6098  max mem: 11360
Epoch: [13]  [50/78]  eta: 0:00:13  lr: 0.000242  sp_loss: 7.6538 (7.4447)  fam_loss: 4.6406 (4.4793)  manu_loss: 3.3350 (3.1791)  ot_loss: 0.6611 (0.6732)  base_loss: 7.3301 (7.1046)  time: 0.4065  data: 0.1081  max mem: 11360
Epoch: [13]  [77/78]  eta: 0:00:00  lr: 0.000242  sp_loss: 7.5416 (7.4312)  fam_loss: 4.5175 (4.4334)  manu_loss: 3.1451 (3.1365)  ot_loss: 0.6777 (0.6755)  base_loss: 7.1423 (7.0772)  time: 0.3594  data: 0.0825  max mem: 11360
Epoch: [13] Total time: 0:00:34 (0.4442 s / it)
Averaged stats: lr: 0.000242  sp_loss: 7.5416 (7.4312)  fam_loss: 4.5175 (4.4334)  manu_loss: 3.1451 (3.1365)  ot_loss: 0.6777 (0.6755)  base_loss: 7.1423 (7.0772)
Epoch: [14]  [ 0/78]  eta: 0:07:54  lr: 0.000240  sp_loss: 7.7398 (7.7398)  fam_loss: 4.4020 (4.4020)  manu_loss: 3.1701 (3.1701)  ot_loss: 0.6664 (0.6664)  base_loss: 7.2468 (7.2468)  time: 6.0886  data: 5.7432  max mem: 11360
Epoch: [14]  [50/78]  eta: 0:00:13  lr: 0.000240  sp_loss: 7.4366 (7.2745)  fam_loss: 4.6244 (4.4449)  manu_loss: 3.1533 (3.1396)  ot_loss: 0.6794 (0.6844)  base_loss: 7.1414 (6.9903)  time: 0.4057  data: 0.1068  max mem: 11360
Epoch: [14]  [77/78]  eta: 0:00:00  lr: 0.000240  sp_loss: 7.6385 (7.2581)  fam_loss: 4.5547 (4.4257)  manu_loss: 3.1800 (3.1248)  ot_loss: 0.6722 (0.6867)  base_loss: 7.2562 (6.9721)  time: 0.3662  data: 0.0847  max mem: 11360
Epoch: [14] Total time: 0:00:34 (0.4473 s / it)
Averaged stats: lr: 0.000240  sp_loss: 7.6385 (7.2581)  fam_loss: 4.5547 (4.4257)  manu_loss: 3.1800 (3.1248)  ot_loss: 0.6722 (0.6867)  base_loss: 7.2562 (6.9721)
Epoch: [15]  [ 0/78]  eta: 0:08:10  lr: 0.000239  sp_loss: 7.0996 (7.0996)  fam_loss: 4.3403 (4.3403)  manu_loss: 3.1432 (3.1432)  ot_loss: 0.6906 (0.6906)  base_loss: 6.8606 (6.8606)  time: 6.2868  data: 5.9349  max mem: 11360
Epoch: [15]  [50/78]  eta: 0:00:13  lr: 0.000239  sp_loss: 6.9782 (7.0901)  fam_loss: 4.2679 (4.4111)  manu_loss: 2.9939 (3.1288)  ot_loss: 0.7083 (0.6978)  base_loss: 6.7562 (6.8680)  time: 0.3866  data: 0.0883  max mem: 11360
Epoch: [15]  [77/78]  eta: 0:00:00  lr: 0.000239  sp_loss: 7.2141 (7.0909)  fam_loss: 4.4935 (4.3984)  manu_loss: 3.1733 (3.1218)  ot_loss: 0.6908 (0.6999)  base_loss: 6.9632 (6.8633)  time: 0.3674  data: 0.0901  max mem: 11360
Epoch: [15] Total time: 0:00:34 (0.4451 s / it)
Averaged stats: lr: 0.000239  sp_loss: 7.2141 (7.0909)  fam_loss: 4.4935 (4.3984)  manu_loss: 3.1733 (3.1218)  ot_loss: 0.6908 (0.6999)  base_loss: 6.9632 (6.8633)
Epoch: [16]  [ 0/78]  eta: 0:07:28  lr: 0.000237  sp_loss: 5.4888 (5.4888)  fam_loss: 3.3941 (3.3941)  manu_loss: 2.4538 (2.4538)  ot_loss: 0.7554 (0.7554)  base_loss: 5.5761 (5.5761)  time: 5.7479  data: 5.4124  max mem: 11360
Epoch: [16]  [50/78]  eta: 0:00:13  lr: 0.000237  sp_loss: 7.0811 (6.8985)  fam_loss: 4.4570 (4.3661)  manu_loss: 3.1412 (3.1294)  ot_loss: 0.6956 (0.7108)  base_loss: 6.8906 (6.7416)  time: 0.4120  data: 0.1120  max mem: 11360
Epoch: [16]  [77/78]  eta: 0:00:00  lr: 0.000237  sp_loss: 6.4397 (6.8201)  fam_loss: 4.0699 (4.3156)  manu_loss: 2.8712 (3.0901)  ot_loss: 0.7435 (0.7163)  base_loss: 6.3491 (6.6771)  time: 0.3665  data: 0.0878  max mem: 11360
Epoch: [16] Total time: 0:00:34 (0.4484 s / it)
Averaged stats: lr: 0.000237  sp_loss: 6.4397 (6.8201)  fam_loss: 4.0699 (4.3156)  manu_loss: 2.8712 (3.0901)  ot_loss: 0.7435 (0.7163)  base_loss: 6.3491 (6.6771)
Epoch: [17]  [ 0/78]  eta: 0:08:18  lr: 0.000235  sp_loss: 5.7112 (5.7112)  fam_loss: 3.6772 (3.6772)  manu_loss: 2.6322 (2.6322)  ot_loss: 0.7663 (0.7663)  base_loss: 5.8081 (5.8081)  time: 6.3931  data: 6.0530  max mem: 11360
Epoch: [17]  [50/78]  eta: 0:00:13  lr: 0.000235  sp_loss: 7.0558 (6.7671)  fam_loss: 4.5129 (4.3563)  manu_loss: 3.1863 (3.0987)  ot_loss: 0.7088 (0.7215)  base_loss: 6.8741 (6.6543)  time: 0.3928  data: 0.0952  max mem: 11360
Epoch: [17]  [77/78]  eta: 0:00:00  lr: 0.000235  sp_loss: 7.0068 (6.7945)  fam_loss: 4.4138 (4.3502)  manu_loss: 3.2237 (3.0928)  ot_loss: 0.7162 (0.7218)  base_loss: 6.7713 (6.6663)  time: 0.3751  data: 0.0983  max mem: 11360
Epoch: [17] Total time: 0:00:34 (0.4487 s / it)
Averaged stats: lr: 0.000235  sp_loss: 7.0068 (6.7945)  fam_loss: 4.4138 (4.3502)  manu_loss: 3.2237 (3.0928)  ot_loss: 0.7162 (0.7218)  base_loss: 6.7713 (6.6663)
Epoch: [18]  [ 0/78]  eta: 0:07:43  lr: 0.000233  sp_loss: 7.0357 (7.0357)  fam_loss: 4.5414 (4.5414)  manu_loss: 3.3591 (3.3591)  ot_loss: 0.6862 (0.6862)  base_loss: 6.8645 (6.8645)  time: 5.9418  data: 5.6172  max mem: 11360
Epoch: [18]  [50/78]  eta: 0:00:13  lr: 0.000233  sp_loss: 6.3193 (6.4413)  fam_loss: 4.0858 (4.1778)  manu_loss: 3.0025 (3.0288)  ot_loss: 0.7297 (0.7426)  base_loss: 6.2520 (6.4114)  time: 0.4058  data: 0.1070  max mem: 11360
Epoch: [18]  [77/78]  eta: 0:00:00  lr: 0.000233  sp_loss: 5.9527 (6.4162)  fam_loss: 3.8738 (4.1659)  manu_loss: 2.9959 (3.0172)  ot_loss: 0.7562 (0.7449)  base_loss: 6.0237 (6.3915)  time: 0.3757  data: 0.0981  max mem: 11360
Epoch: [18] Total time: 0:00:34 (0.4480 s / it)
Averaged stats: lr: 0.000233  sp_loss: 5.9527 (6.4162)  fam_loss: 3.8738 (4.1659)  manu_loss: 2.9959 (3.0172)  ot_loss: 0.7562 (0.7449)  base_loss: 6.0237 (6.3915)
Epoch: [19]  [ 0/78]  eta: 0:08:04  lr: 0.000231  sp_loss: 4.1335 (4.1335)  fam_loss: 2.8299 (2.8299)  manu_loss: 2.1853 (2.1853)  ot_loss: 0.8287 (0.8287)  base_loss: 4.6047 (4.6047)  time: 6.2148  data: 5.8729  max mem: 11360
Epoch: [19]  [50/78]  eta: 0:00:13  lr: 0.000231  sp_loss: 6.3605 (6.1614)  fam_loss: 4.1376 (4.0694)  manu_loss: 2.9417 (2.9299)  ot_loss: 0.7487 (0.7613)  base_loss: 6.3299 (6.2046)  time: 0.4060  data: 0.1030  max mem: 11360
Epoch: [19]  [77/78]  eta: 0:00:00  lr: 0.000231  sp_loss: 6.1878 (6.1976)  fam_loss: 4.1269 (4.0837)  manu_loss: 2.8658 (2.9400)  ot_loss: 0.7636 (0.7605)  base_loss: 6.1810 (6.2285)  time: 0.3492  data: 0.0703  max mem: 11360
Epoch: [19] Total time: 0:00:34 (0.4434 s / it)
Averaged stats: lr: 0.000231  sp_loss: 6.1878 (6.1976)  fam_loss: 4.1269 (4.0837)  manu_loss: 2.8658 (2.9400)  ot_loss: 0.7636 (0.7605)  base_loss: 6.1810 (6.2285)
Epoch: [20]  [ 0/78]  eta: 0:07:39  lr: 0.000229  sp_loss: 4.6643 (4.6643)  fam_loss: 3.2034 (3.2034)  manu_loss: 2.4845 (2.4845)  ot_loss: 0.8083 (0.8083)  base_loss: 5.0601 (5.0601)  time: 5.8952  data: 5.5679  max mem: 11360
Epoch: [20]  [50/78]  eta: 0:00:13  lr: 0.000229  sp_loss: 6.3954 (6.0998)  fam_loss: 4.3020 (4.0953)  manu_loss: 3.0440 (2.9620)  ot_loss: 0.7366 (0.7653)  base_loss: 6.3855 (6.1827)  time: 0.3948  data: 0.0973  max mem: 11360
Epoch: [20]  [77/78]  eta: 0:00:00  lr: 0.000229  sp_loss: 6.2866 (6.1637)  fam_loss: 4.2404 (4.1317)  manu_loss: 3.0512 (2.9815)  ot_loss: 0.7539 (0.7633)  base_loss: 6.3513 (6.2269)  time: 0.3627  data: 0.0839  max mem: 11360
Epoch: [20] Total time: 0:00:34 (0.4400 s / it)
Averaged stats: lr: 0.000229  sp_loss: 6.2866 (6.1637)  fam_loss: 4.2404 (4.1317)  manu_loss: 3.0512 (2.9815)  ot_loss: 0.7539 (0.7633)  base_loss: 6.3513 (6.2269)
Epoch: [21]  [ 0/78]  eta: 0:07:29  lr: 0.000227  sp_loss: 4.8439 (4.8439)  fam_loss: 3.4477 (3.4477)  manu_loss: 2.3895 (2.3895)  ot_loss: 0.8271 (0.8271)  base_loss: 5.2101 (5.2101)  time: 5.7576  data: 5.4177  max mem: 11360
Epoch: [21]  [50/78]  eta: 0:00:13  lr: 0.000227  sp_loss: 6.3915 (5.6122)  fam_loss: 4.3460 (3.8612)  manu_loss: 3.0412 (2.8124)  ot_loss: 0.7581 (0.7958)  base_loss: 6.4397 (5.8195)  time: 0.4092  data: 0.1065  max mem: 11360
Epoch: [21]  [77/78]  eta: 0:00:00  lr: 0.000227  sp_loss: 6.0346 (5.7959)  fam_loss: 4.0597 (3.9446)  manu_loss: 3.0126 (2.8660)  ot_loss: 0.7484 (0.7863)  base_loss: 6.0825 (5.9487)  time: 0.3631  data: 0.0834  max mem: 11360
Epoch: [21] Total time: 0:00:34 (0.4429 s / it)
Averaged stats: lr: 0.000227  sp_loss: 6.0346 (5.7959)  fam_loss: 4.0597 (3.9446)  manu_loss: 3.0126 (2.8660)  ot_loss: 0.7484 (0.7863)  base_loss: 6.0825 (5.9487)
Test:  [  0/391]  eta: 0:38:47  sploss: 6.9655 (6.9655)  famloss: 2.7361 (2.7361)  manuloss: 1.5699 (1.5699)  acc1: 4.6875 (4.6875)  acc5: 14.8438 (14.8438)  family_acc1: 40.6250 (40.6250)  manu_acc1: 59.3750 (59.3750)  time: 5.9530  data: 5.7262  max mem: 11360
Test:  [ 50/391]  eta: 0:02:50  sploss: 6.8835 (6.9392)  famloss: 2.8533 (2.8648)  manuloss: 1.6851 (1.7465)  acc1: 5.8594 (5.9360)  acc5: 13.6719 (14.2540)  family_acc1: 39.0625 (38.2889)  manu_acc1: 58.2031 (57.9810)  time: 0.4582  data: 0.3607  max mem: 11360
Test:  [100/391]  eta: 0:02:09  sploss: 6.8777 (6.9295)  famloss: 3.0050 (2.8801)  manuloss: 1.8073 (1.7492)  acc1: 5.4688 (5.8362)  acc5: 14.0625 (14.0393)  family_acc1: 35.5469 (37.9680)  manu_acc1: 55.8594 (57.7351)  time: 0.4657  data: 0.3695  max mem: 11360
Test:  [150/391]  eta: 0:01:43  sploss: 6.7739 (6.9002)  famloss: 2.6853 (2.8593)  manuloss: 1.6023 (1.7534)  acc1: 5.0781 (5.8620)  acc5: 14.4531 (14.1841)  family_acc1: 40.2344 (38.1002)  manu_acc1: 59.7656 (57.1994)  time: 0.4594  data: 0.3643  max mem: 11360
Test:  [200/391]  eta: 0:01:19  sploss: 6.8917 (6.9035)  famloss: 2.9823 (2.8862)  manuloss: 1.8363 (1.7626)  acc1: 6.6406 (5.9488)  acc5: 14.8438 (14.2607)  family_acc1: 36.3281 (37.8848)  manu_acc1: 55.8594 (57.0546)  time: 0.3047  data: 0.2095  max mem: 11360
Test:  [250/391]  eta: 0:00:58  sploss: 6.8245 (6.8979)  famloss: 2.8699 (2.9033)  manuloss: 1.8529 (1.7960)  acc1: 7.0312 (6.0088)  acc5: 15.2344 (14.3971)  family_acc1: 35.9375 (37.4393)  manu_acc1: 52.7344 (55.9668)  time: 0.2666  data: 0.1730  max mem: 11360
Test:  [300/391]  eta: 0:00:38  sploss: 6.8590 (6.8796)  famloss: 2.6569 (2.8734)  manuloss: 1.6111 (1.7747)  acc1: 5.4688 (6.0398)  acc5: 14.0625 (14.4440)  family_acc1: 41.0156 (37.7621)  manu_acc1: 59.7656 (56.3032)  time: 0.4310  data: 0.3358  max mem: 11360
Test:  [350/391]  eta: 0:00:17  sploss: 6.9179 (6.8790)  famloss: 2.8688 (2.8600)  manuloss: 1.6507 (1.7576)  acc1: 5.8594 (6.0118)  acc5: 14.8438 (14.4119)  family_acc1: 38.6719 (37.9752)  manu_acc1: 57.4219 (56.6518)  time: 0.4590  data: 0.3647  max mem: 11360
Test:  [390/391]  eta: 0:00:00  sploss: 6.6853 (6.8629)  famloss: 2.6340 (2.8396)  manuloss: 1.3786 (1.7273)  acc1: 6.6406 (6.0140)  acc5: 16.7969 (14.5560)  family_acc1: 42.5781 (38.3390)  manu_acc1: 67.1875 (57.5160)  time: 0.4614  data: 0.3490  max mem: 11360
Test: Total time: 0:02:41 (0.4120 s / it)
* Acc@1 6.014 Acc@5 14.556 family@1 38.339 manu@1 57.516 sploss 6.863 fmloss 2.840 mfloss 1.727
Accuracy of the network on the 100000 test images: 6.0%
Max accuracy: 6.01%
Epoch: [22]  [ 0/78]  eta: 0:07:42  lr: 0.000225  sp_loss: 6.6382 (6.6382)  fam_loss: 4.5467 (4.5467)  manu_loss: 3.3536 (3.3536)  ot_loss: 0.7286 (0.7286)  base_loss: 6.6295 (6.6295)  time: 5.9346  data: 5.3716  max mem: 11360
Epoch: [22]  [50/78]  eta: 0:00:13  lr: 0.000225  sp_loss: 5.7793 (5.7597)  fam_loss: 4.1009 (3.9624)  manu_loss: 3.0394 (2.8911)  ot_loss: 0.7552 (0.7898)  base_loss: 6.0021 (5.9301)  time: 0.4190  data: 0.1234  max mem: 11360
Epoch: [22]  [77/78]  eta: 0:00:00  lr: 0.000225  sp_loss: 6.3108 (5.8239)  fam_loss: 4.2068 (4.0057)  manu_loss: 3.0567 (2.9166)  ot_loss: 0.7628 (0.7880)  base_loss: 6.3714 (5.9818)  time: 0.3592  data: 0.0838  max mem: 11360
Epoch: [22] Total time: 0:00:34 (0.4465 s / it)
Averaged stats: lr: 0.000225  sp_loss: 6.3108 (5.8239)  fam_loss: 4.2068 (4.0057)  manu_loss: 3.0567 (2.9166)  ot_loss: 0.7628 (0.7880)  base_loss: 6.3714 (5.9818)
Epoch: [23]  [ 0/78]  eta: 0:07:31  lr: 0.000222  sp_loss: 6.5010 (6.5010)  fam_loss: 4.5945 (4.5945)  manu_loss: 3.4049 (3.4049)  ot_loss: 0.7406 (0.7406)  base_loss: 6.5797 (6.5797)  time: 5.7841  data: 5.4566  max mem: 11360
Epoch: [23]  [50/78]  eta: 0:00:13  lr: 0.000222  sp_loss: 5.9570 (5.6987)  fam_loss: 4.1115 (3.9320)  manu_loss: 2.8211 (2.8643)  ot_loss: 0.7736 (0.7947)  base_loss: 6.0364 (5.8769)  time: 0.4208  data: 0.1195  max mem: 11360
Epoch: [23]  [77/78]  eta: 0:00:00  lr: 0.000222  sp_loss: 5.6907 (5.6315)  fam_loss: 3.9074 (3.8896)  manu_loss: 2.8605 (2.8342)  ot_loss: 0.7904 (0.7995)  base_loss: 5.8646 (5.8243)  time: 0.3702  data: 0.0927  max mem: 11360
Epoch: [23] Total time: 0:00:34 (0.4478 s / it)
Averaged stats: lr: 0.000222  sp_loss: 5.6907 (5.6315)  fam_loss: 3.9074 (3.8896)  manu_loss: 2.8605 (2.8342)  ot_loss: 0.7904 (0.7995)  base_loss: 5.8646 (5.8243)
Epoch: [24]  [ 0/78]  eta: 0:07:31  lr: 0.000220  sp_loss: 6.6228 (6.6228)  fam_loss: 4.8584 (4.8584)  manu_loss: 3.4888 (3.4888)  ot_loss: 0.7486 (0.7486)  base_loss: 6.7348 (6.7348)  time: 5.7906  data: 5.4604  max mem: 11360
Epoch: [24]  [50/78]  eta: 0:00:13  lr: 0.000220  sp_loss: 5.0004 (5.4336)  fam_loss: 3.5185 (3.8256)  manu_loss: 2.6060 (2.8051)  ot_loss: 0.8307 (0.8123)  base_loss: 5.3361 (5.6917)  time: 0.4106  data: 0.1027  max mem: 11360
Epoch: [24]  [77/78]  eta: 0:00:00  lr: 0.000220  sp_loss: 5.3122 (5.4233)  fam_loss: 3.7330 (3.8160)  manu_loss: 2.7618 (2.7962)  ot_loss: 0.8264 (0.8127)  base_loss: 5.5825 (5.6809)  time: 0.3633  data: 0.0825  max mem: 11360
Epoch: [24] Total time: 0:00:34 (0.4442 s / it)
Averaged stats: lr: 0.000220  sp_loss: 5.3122 (5.4233)  fam_loss: 3.7330 (3.8160)  manu_loss: 2.7618 (2.7962)  ot_loss: 0.8264 (0.8127)  base_loss: 5.5825 (5.6809)
Test:  [  0/391]  eta: 0:35:43  sploss: 6.8450 (6.8450)  famloss: 2.6569 (2.6569)  manuloss: 1.5804 (1.5804)  acc1: 7.8125 (7.8125)  acc5: 16.0156 (16.0156)  family_acc1: 42.5781 (42.5781)  manu_acc1: 62.1094 (62.1094)  time: 5.4819  data: 5.3659  max mem: 11360
Test:  [ 50/391]  eta: 0:02:45  sploss: 6.8254 (6.8711)  famloss: 2.8109 (2.8081)  manuloss: 1.6724 (1.7049)  acc1: 6.6406 (6.6330)  acc5: 15.2344 (15.2727)  family_acc1: 38.6719 (38.9323)  manu_acc1: 58.9844 (58.3716)  time: 0.4578  data: 0.3629  max mem: 11360
Test:  [100/391]  eta: 0:02:05  sploss: 6.8447 (6.8529)  famloss: 2.9470 (2.8187)  manuloss: 1.7391 (1.7063)  acc1: 6.2500 (6.6252)  acc5: 16.0156 (15.3272)  family_acc1: 35.9375 (38.8730)  manu_acc1: 57.0312 (58.3733)  time: 0.4413  data: 0.3451  max mem: 11360
Test:  [150/391]  eta: 0:01:39  sploss: 6.7262 (6.8270)  famloss: 2.6240 (2.7985)  manuloss: 1.5440 (1.7053)  acc1: 6.2500 (6.5346)  acc5: 15.2344 (15.4258)  family_acc1: 41.4062 (39.1142)  manu_acc1: 60.5469 (58.0531)  time: 0.4355  data: 0.3412  max mem: 11360
Test:  [200/391]  eta: 0:01:16  sploss: 6.8104 (6.8322)  famloss: 2.9043 (2.8220)  manuloss: 1.7852 (1.7130)  acc1: 7.0312 (6.6270)  acc5: 15.2344 (15.5103)  family_acc1: 37.5000 (38.9653)  manu_acc1: 55.8594 (57.9680)  time: 0.2931  data: 0.1980  max mem: 11360
Test:  [250/391]  eta: 0:00:55  sploss: 6.7449 (6.8246)  famloss: 2.8205 (2.8374)  manuloss: 1.8023 (1.7486)  acc1: 6.6406 (6.6219)  acc5: 16.7969 (15.6343)  family_acc1: 37.8906 (38.4742)  manu_acc1: 53.5156 (56.7963)  time: 0.2823  data: 0.1880  max mem: 11360
Test:  [300/391]  eta: 0:00:36  sploss: 6.7340 (6.7993)  famloss: 2.5697 (2.8038)  manuloss: 1.5527 (1.7230)  acc1: 6.6406 (6.7003)  acc5: 15.6250 (15.7846)  family_acc1: 42.5781 (38.8730)  manu_acc1: 60.9375 (57.2713)  time: 0.4151  data: 0.3209  max mem: 11360
Test:  [350/391]  eta: 0:00:16  sploss: 6.8227 (6.7962)  famloss: 2.8161 (2.7894)  manuloss: 1.6189 (1.7039)  acc1: 6.2500 (6.6751)  acc5: 16.0156 (15.7463)  family_acc1: 39.4531 (39.2027)  manu_acc1: 60.1562 (57.7368)  time: 0.4165  data: 0.3206  max mem: 11360
Test:  [390/391]  eta: 0:00:00  sploss: 6.6462 (6.7804)  famloss: 2.5938 (2.7707)  manuloss: 1.3781 (1.6747)  acc1: 6.8750 (6.7160)  acc5: 16.7969 (15.8550)  family_acc1: 42.1875 (39.5590)  manu_acc1: 67.1875 (58.5830)  time: 0.4073  data: 0.3145  max mem: 11360
Test: Total time: 0:02:33 (0.3919 s / it)
* Acc@1 6.716 Acc@5 15.855 family@1 39.559 manu@1 58.583 sploss 6.780 fmloss 2.771 mfloss 1.675
Accuracy of the network on the 100000 test images: 6.7%
Max accuracy: 6.72%
Epoch: [25]  [ 0/78]  eta: 0:08:05  lr: 0.000217  sp_loss: 5.2402 (5.2402)  fam_loss: 3.7189 (3.7189)  manu_loss: 2.8343 (2.8343)  ot_loss: 0.8280 (0.8280)  base_loss: 5.5601 (5.5601)  time: 6.2238  data: 5.8866  max mem: 11360
Epoch: [25]  [50/78]  eta: 0:00:13  lr: 0.000217  sp_loss: 5.5790 (5.2264)  fam_loss: 3.9874 (3.7021)  manu_loss: 2.8751 (2.7227)  ot_loss: 0.8103 (0.8290)  base_loss: 5.8475 (5.5281)  time: 0.3943  data: 0.0935  max mem: 11360
Epoch: [25]  [77/78]  eta: 0:00:00  lr: 0.000217  sp_loss: 5.7230 (5.4271)  fam_loss: 4.0168 (3.8287)  manu_loss: 2.9216 (2.8023)  ot_loss: 0.7908 (0.8174)  base_loss: 5.9006 (5.6838)  time: 0.3704  data: 0.0912  max mem: 11360
Epoch: [25] Total time: 0:00:34 (0.4415 s / it)
Averaged stats: lr: 0.000217  sp_loss: 5.7230 (5.4271)  fam_loss: 4.0168 (3.8287)  manu_loss: 2.9216 (2.8023)  ot_loss: 0.7908 (0.8174)  base_loss: 5.9006 (5.6838)
Epoch: [26]  [ 0/78]  eta: 0:08:26  lr: 0.000215  sp_loss: 5.6564 (5.6564)  fam_loss: 4.0469 (4.0469)  manu_loss: 3.0686 (3.0686)  ot_loss: 0.8030 (0.8030)  base_loss: 5.9007 (5.9007)  time: 6.4986  data: 6.1680  max mem: 11360
Epoch: [26]  [50/78]  eta: 0:00:13  lr: 0.000215  sp_loss: 5.6582 (5.3898)  fam_loss: 4.0214 (3.8814)  manu_loss: 2.9144 (2.8564)  ot_loss: 0.8016 (0.8165)  base_loss: 5.8832 (5.6828)  time: 0.4082  data: 0.1078  max mem: 11360
Epoch: [26]  [77/78]  eta: 0:00:00  lr: 0.000215  sp_loss: 5.8837 (5.4302)  fam_loss: 4.2765 (3.8826)  manu_loss: 3.0096 (2.8471)  ot_loss: 0.7739 (0.8152)  base_loss: 6.1099 (5.7024)  time: 0.3582  data: 0.0810  max mem: 11360
Epoch: [26] Total time: 0:00:34 (0.4459 s / it)
Averaged stats: lr: 0.000215  sp_loss: 5.8837 (5.4302)  fam_loss: 4.2765 (3.8826)  manu_loss: 3.0096 (2.8471)  ot_loss: 0.7739 (0.8152)  base_loss: 6.1099 (5.7024)
Epoch: [27]  [ 0/78]  eta: 0:07:26  lr: 0.000212  sp_loss: 6.3387 (6.3387)  fam_loss: 4.2760 (4.2760)  manu_loss: 3.2030 (3.2030)  ot_loss: 0.7501 (0.7501)  base_loss: 6.3460 (6.3460)  time: 5.7265  data: 5.3944  max mem: 11360
Epoch: [27]  [50/78]  eta: 0:00:13  lr: 0.000212  sp_loss: 5.7219 (5.4523)  fam_loss: 4.0673 (3.8713)  manu_loss: 3.0309 (2.8507)  ot_loss: 0.7822 (0.8153)  base_loss: 5.9448 (5.7067)  time: 0.3937  data: 0.0963  max mem: 11360
Epoch: [27]  [77/78]  eta: 0:00:00  lr: 0.000212  sp_loss: 5.3783 (5.4073)  fam_loss: 3.8364 (3.8400)  manu_loss: 2.7748 (2.8128)  ot_loss: 0.8302 (0.8204)  base_loss: 5.6860 (5.6678)  time: 0.3667  data: 0.0846  max mem: 11360
Epoch: [27] Total time: 0:00:34 (0.4394 s / it)
Averaged stats: lr: 0.000212  sp_loss: 5.3783 (5.4073)  fam_loss: 3.8364 (3.8400)  manu_loss: 2.7748 (2.8128)  ot_loss: 0.8302 (0.8204)  base_loss: 5.6860 (5.6678)
Test:  [  0/391]  eta: 0:36:07  sploss: 6.7747 (6.7747)  famloss: 2.5946 (2.5946)  manuloss: 1.4888 (1.4888)  acc1: 8.9844 (8.9844)  acc5: 17.5781 (17.5781)  family_acc1: 46.8750 (46.8750)  manu_acc1: 64.0625 (64.0625)  time: 5.5427  data: 5.4321  max mem: 11360
Test:  [ 50/391]  eta: 0:02:45  sploss: 6.7213 (6.7754)  famloss: 2.7171 (2.7524)  manuloss: 1.6224 (1.6690)  acc1: 7.4219 (7.2993)  acc5: 17.1875 (16.4369)  family_acc1: 40.6250 (40.0123)  manu_acc1: 61.3281 (59.9571)  time: 0.4377  data: 0.3428  max mem: 11360
Test:  [100/391]  eta: 0:02:04  sploss: 6.7444 (6.7671)  famloss: 2.8787 (2.7605)  manuloss: 1.7475 (1.6693)  acc1: 7.0312 (7.3755)  acc5: 16.4062 (16.5029)  family_acc1: 37.8906 (40.0990)  manu_acc1: 58.2031 (59.8971)  time: 0.4310  data: 0.3359  max mem: 11360
Test:  [150/391]  eta: 0:01:38  sploss: 6.5909 (6.7377)  famloss: 2.5442 (2.7410)  manuloss: 1.5122 (1.6699)  acc1: 7.0312 (7.2537)  acc5: 16.0156 (16.6572)  family_acc1: 42.5781 (40.2887)  manu_acc1: 62.8906 (59.5897)  time: 0.4512  data: 0.3539  max mem: 11360
Test:  [200/391]  eta: 0:01:16  sploss: 6.7764 (6.7422)  famloss: 2.8570 (2.7656)  manuloss: 1.7716 (1.6826)  acc1: 7.8125 (7.3014)  acc5: 17.5781 (16.7619)  family_acc1: 38.6719 (40.0808)  manu_acc1: 55.4688 (59.3322)  time: 0.2888  data: 0.1937  max mem: 11360
Test:  [250/391]  eta: 0:00:55  sploss: 6.6110 (6.7335)  famloss: 2.7676 (2.7832)  manuloss: 1.7828 (1.7191)  acc1: 7.8125 (7.3534)  acc5: 17.1875 (16.9058)  family_acc1: 39.0625 (39.6586)  manu_acc1: 54.6875 (58.1455)  time: 0.2718  data: 0.1766  max mem: 11360
Test:  [300/391]  eta: 0:00:36  sploss: 6.6538 (6.7105)  famloss: 2.5174 (2.7502)  manuloss: 1.5055 (1.6933)  acc1: 7.0312 (7.4193)  acc5: 17.5781 (17.0707)  family_acc1: 44.5312 (40.1150)  manu_acc1: 63.2812 (58.5782)  time: 0.4153  data: 0.3198  max mem: 11360
Test:  [350/391]  eta: 0:00:16  sploss: 6.7392 (6.7081)  famloss: 2.7621 (2.7358)  manuloss: 1.5820 (1.6735)  acc1: 7.4219 (7.3762)  acc5: 16.7969 (16.9983)  family_acc1: 40.2344 (40.4169)  manu_acc1: 61.3281 (58.9699)  time: 0.4401  data: 0.3455  max mem: 11360
Test:  [390/391]  eta: 0:00:00  sploss: 6.5708 (6.6937)  famloss: 2.5481 (2.7156)  manuloss: 1.3773 (1.6453)  acc1: 7.8125 (7.3940)  acc5: 17.1875 (17.0460)  family_acc1: 44.1406 (40.7910)  manu_acc1: 67.9688 (59.7320)  time: 0.4052  data: 0.3136  max mem: 11360
Test: Total time: 0:02:32 (0.3911 s / it)
* Acc@1 7.394 Acc@5 17.046 family@1 40.791 manu@1 59.732 sploss 6.694 fmloss 2.716 mfloss 1.645
Accuracy of the network on the 100000 test images: 7.4%
Max accuracy: 7.39%
Epoch: [28]  [ 0/78]  eta: 0:08:01  lr: 0.000209  sp_loss: 6.0489 (6.0489)  fam_loss: 4.2236 (4.2236)  manu_loss: 2.9735 (2.9735)  ot_loss: 0.7748 (0.7748)  base_loss: 6.1297 (6.1297)  time: 6.1687  data: 5.8301  max mem: 11360
Epoch: [28]  [50/78]  eta: 0:00:13  lr: 0.000209  sp_loss: 4.7971 (5.0238)  fam_loss: 3.5243 (3.6611)  manu_loss: 2.5985 (2.6987)  ot_loss: 0.8568 (0.8414)  base_loss: 5.2079 (5.3900)  time: 0.4043  data: 0.0882  max mem: 11360
Epoch: [28]  [77/78]  eta: 0:00:00  lr: 0.000209  sp_loss: 4.5249 (5.0489)  fam_loss: 3.3933 (3.6763)  manu_loss: 2.5435 (2.7041)  ot_loss: 0.8447 (0.8393)  base_loss: 4.9974 (5.4058)  time: 0.3650  data: 0.0835  max mem: 11360
Epoch: [28] Total time: 0:00:34 (0.4406 s / it)
Averaged stats: lr: 0.000209  sp_loss: 4.5249 (5.0489)  fam_loss: 3.3933 (3.6763)  manu_loss: 2.5435 (2.7041)  ot_loss: 0.8447 (0.8393)  base_loss: 4.9974 (5.4058)
Epoch: [29]  [ 0/78]  eta: 0:08:25  lr: 0.000206  sp_loss: 4.5521 (4.5521)  fam_loss: 3.4781 (3.4781)  manu_loss: 2.4579 (2.4579)  ot_loss: 0.8835 (0.8835)  base_loss: 5.0405 (5.0405)  time: 6.4784  data: 6.1364  max mem: 11360
Epoch: [29]  [50/78]  eta: 0:00:14  lr: 0.000206  sp_loss: 5.1400 (5.0819)  fam_loss: 3.7413 (3.7028)  manu_loss: 2.6788 (2.7283)  ot_loss: 0.8284 (0.8364)  base_loss: 5.4653 (5.4305)  time: 0.4198  data: 0.1187  max mem: 11360
Epoch: [29]  [77/78]  eta: 0:00:00  lr: 0.000206  sp_loss: 5.6156 (5.1969)  fam_loss: 3.9223 (3.7663)  manu_loss: 2.8642 (2.7678)  ot_loss: 0.7877 (0.8293)  base_loss: 5.8586 (5.5161)  time: 0.3488  data: 0.0708  max mem: 11360
Epoch: [29] Total time: 0:00:35 (0.4490 s / it)
Averaged stats: lr: 0.000206  sp_loss: 5.6156 (5.1969)  fam_loss: 3.9223 (3.7663)  manu_loss: 2.8642 (2.7678)  ot_loss: 0.7877 (0.8293)  base_loss: 5.8586 (5.5161)
Epoch: [30]  [ 0/78]  eta: 0:07:39  lr: 0.000204  sp_loss: 5.2451 (5.2451)  fam_loss: 3.7698 (3.7698)  manu_loss: 2.6838 (2.6838)  ot_loss: 0.8362 (0.8362)  base_loss: 5.5417 (5.5417)  time: 5.8929  data: 5.5577  max mem: 11360
Epoch: [30]  [50/78]  eta: 0:00:13  lr: 0.000204  sp_loss: 5.2732 (4.9361)  fam_loss: 3.7143 (3.6295)  manu_loss: 2.7617 (2.6792)  ot_loss: 0.8178 (0.8487)  base_loss: 5.5211 (5.3235)  time: 0.3931  data: 0.0903  max mem: 11360
Epoch: [30]  [77/78]  eta: 0:00:00  lr: 0.000204  sp_loss: 5.7798 (4.9689)  fam_loss: 3.9370 (3.6390)  manu_loss: 2.8648 (2.6804)  ot_loss: 0.7944 (0.8459)  base_loss: 5.9020 (5.3421)  time: 0.3769  data: 0.0942  max mem: 11360
Epoch: [30] Total time: 0:00:34 (0.4412 s / it)
Averaged stats: lr: 0.000204  sp_loss: 5.7798 (4.9689)  fam_loss: 3.9370 (3.6390)  manu_loss: 2.8648 (2.6804)  ot_loss: 0.7944 (0.8459)  base_loss: 5.9020 (5.3421)
Test:  [  0/391]  eta: 0:36:28  sploss: 6.8059 (6.8059)  famloss: 2.6864 (2.6864)  manuloss: 1.5814 (1.5814)  acc1: 5.8594 (5.8594)  acc5: 15.2344 (15.2344)  family_acc1: 42.5781 (42.5781)  manu_acc1: 59.7656 (59.7656)  time: 5.5960  data: 5.4859  max mem: 11360
Test:  [ 50/391]  eta: 0:02:45  sploss: 6.7059 (6.7780)  famloss: 2.7767 (2.7867)  manuloss: 1.5906 (1.6907)  acc1: 7.4219 (7.7436)  acc5: 17.1875 (17.1722)  family_acc1: 41.4062 (40.6556)  manu_acc1: 61.7188 (59.8499)  time: 0.4522  data: 0.3565  max mem: 11360
Test:  [100/391]  eta: 0:02:04  sploss: 6.7523 (6.7651)  famloss: 2.9207 (2.7953)  manuloss: 1.7823 (1.6945)  acc1: 7.0312 (7.4683)  acc5: 16.0156 (16.9245)  family_acc1: 37.5000 (40.2034)  manu_acc1: 57.0312 (59.8468)  time: 0.4397  data: 0.3432  max mem: 11360
Test:  [150/391]  eta: 0:01:38  sploss: 6.6277 (6.7381)  famloss: 2.5933 (2.7734)  manuloss: 1.5374 (1.6918)  acc1: 7.4219 (7.3857)  acc5: 16.4062 (16.9909)  family_acc1: 42.1875 (40.4982)  manu_acc1: 62.1094 (59.4966)  time: 0.4432  data: 0.3481  max mem: 11360
Test:  [200/391]  eta: 0:01:16  sploss: 6.7099 (6.7420)  famloss: 2.8985 (2.7988)  manuloss: 1.7725 (1.7042)  acc1: 7.4219 (7.4646)  acc5: 17.5781 (17.0417)  family_acc1: 37.8906 (40.1877)  manu_acc1: 56.6406 (59.2681)  time: 0.2691  data: 0.1760  max mem: 11360
Test:  [250/391]  eta: 0:00:55  sploss: 6.5954 (6.7331)  famloss: 2.7941 (2.8174)  manuloss: 1.7745 (1.7395)  acc1: 8.5938 (7.5215)  acc5: 16.4062 (17.1984)  family_acc1: 39.0625 (39.8048)  manu_acc1: 55.0781 (58.0957)  time: 0.2687  data: 0.1753  max mem: 11360
Test:  [300/391]  eta: 0:00:36  sploss: 6.6162 (6.7062)  famloss: 2.5486 (2.7822)  manuloss: 1.5439 (1.7107)  acc1: 7.8125 (7.5906)  acc5: 18.7500 (17.4393)  family_acc1: 43.7500 (40.1980)  manu_acc1: 62.8906 (58.6171)  time: 0.4462  data: 0.3494  max mem: 11360
Test:  [350/391]  eta: 0:00:16  sploss: 6.7627 (6.7019)  famloss: 2.7833 (2.7680)  manuloss: 1.5835 (1.6925)  acc1: 7.8125 (7.5777)  acc5: 17.1875 (17.3923)  family_acc1: 40.6250 (40.4603)  manu_acc1: 60.9375 (58.9532)  time: 0.4499  data: 0.3540  max mem: 11360
Test:  [390/391]  eta: 0:00:00  sploss: 6.5997 (6.6878)  famloss: 2.5807 (2.7468)  manuloss: 1.3760 (1.6616)  acc1: 8.5938 (7.6220)  acc5: 17.5781 (17.4580)  family_acc1: 44.3750 (40.8490)  manu_acc1: 66.7969 (59.7380)  time: 0.4235  data: 0.3289  max mem: 11360
Test: Total time: 0:02:35 (0.3989 s / it)
* Acc@1 7.622 Acc@5 17.458 family@1 40.849 manu@1 59.738 sploss 6.688 fmloss 2.747 mfloss 1.662
Accuracy of the network on the 100000 test images: 7.6%
Max accuracy: 7.62%
Epoch: [31]  [ 0/78]  eta: 0:07:39  lr: 0.000201  sp_loss: 4.3913 (4.3913)  fam_loss: 3.3819 (3.3819)  manu_loss: 2.4743 (2.4743)  ot_loss: 0.8821 (0.8821)  base_loss: 4.9206 (4.9206)  time: 5.8967  data: 5.5565  max mem: 11360
Epoch: [31]  [50/78]  eta: 0:00:13  lr: 0.000201  sp_loss: 5.4744 (5.0498)  fam_loss: 3.9836 (3.7301)  manu_loss: 2.8959 (2.7657)  ot_loss: 0.8176 (0.8397)  base_loss: 5.7744 (5.4202)  time: 0.3988  data: 0.0883  max mem: 11360
Epoch: [31]  [77/78]  eta: 0:00:00  lr: 0.000201  sp_loss: 5.0632 (5.0457)  fam_loss: 3.6195 (3.7003)  manu_loss: 2.6973 (2.7401)  ot_loss: 0.8283 (0.8394)  base_loss: 5.4022 (5.4053)  time: 0.3741  data: 0.0940  max mem: 11360
Epoch: [31] Total time: 0:00:34 (0.4461 s / it)
Averaged stats: lr: 0.000201  sp_loss: 5.0632 (5.0457)  fam_loss: 3.6195 (3.7003)  manu_loss: 2.6973 (2.7401)  ot_loss: 0.8283 (0.8394)  base_loss: 5.4022 (5.4053)
Epoch: [32]  [ 0/78]  eta: 0:07:35  lr: 0.000197  sp_loss: 4.0940 (4.0940)  fam_loss: 3.1609 (3.1609)  manu_loss: 2.4446 (2.4446)  ot_loss: 0.9276 (0.9276)  base_loss: 4.7418 (4.7418)  time: 5.8441  data: 5.5125  max mem: 11360
Epoch: [32]  [50/78]  eta: 0:00:13  lr: 0.000197  sp_loss: 4.8796 (4.9904)  fam_loss: 3.6748 (3.6426)  manu_loss: 2.7434 (2.6901)  ot_loss: 0.8471 (0.8462)  base_loss: 5.3340 (5.3503)  time: 0.3835  data: 0.0838  max mem: 11360
Epoch: [32]  [77/78]  eta: 0:00:00  lr: 0.000197  sp_loss: 5.7509 (5.1753)  fam_loss: 4.0175 (3.7509)  manu_loss: 2.8698 (2.7570)  ot_loss: 0.7906 (0.8331)  base_loss: 5.8623 (5.4883)  time: 0.3824  data: 0.1005  max mem: 11360
Epoch: [32] Total time: 0:00:34 (0.4482 s / it)
Averaged stats: lr: 0.000197  sp_loss: 5.7509 (5.1753)  fam_loss: 4.0175 (3.7509)  manu_loss: 2.8698 (2.7570)  ot_loss: 0.7906 (0.8331)  base_loss: 5.8623 (5.4883)
Epoch: [33]  [ 0/78]  eta: 0:08:09  lr: 0.000194  sp_loss: 4.0642 (4.0642)  fam_loss: 3.3084 (3.3084)  manu_loss: 2.4466 (2.4466)  ot_loss: 0.9037 (0.9037)  base_loss: 4.7309 (4.7309)  time: 6.2798  data: 5.9405  max mem: 11360
Epoch: [33]  [50/78]  eta: 0:00:13  lr: 0.000194  sp_loss: 4.8682 (4.8502)  fam_loss: 3.6601 (3.5848)  manu_loss: 2.7679 (2.6616)  ot_loss: 0.8413 (0.8517)  base_loss: 5.3223 (5.2516)  time: 0.3900  data: 0.0913  max mem: 11360
Epoch: [33]  [77/78]  eta: 0:00:00  lr: 0.000194  sp_loss: 5.7340 (4.9467)  fam_loss: 3.9837 (3.6344)  manu_loss: 2.8810 (2.6842)  ot_loss: 0.7884 (0.8456)  base_loss: 5.8462 (5.3201)  time: 0.3662  data: 0.0900  max mem: 11360
Epoch: [33] Total time: 0:00:34 (0.4444 s / it)
Averaged stats: lr: 0.000194  sp_loss: 5.7340 (4.9467)  fam_loss: 3.9837 (3.6344)  manu_loss: 2.8810 (2.6842)  ot_loss: 0.7884 (0.8456)  base_loss: 5.8462 (5.3201)
Test:  [  0/391]  eta: 0:38:42  sploss: 6.7241 (6.7241)  famloss: 2.5547 (2.5547)  manuloss: 1.5553 (1.5553)  acc1: 9.7656 (9.7656)  acc5: 20.7031 (20.7031)  family_acc1: 46.4844 (46.4844)  manu_acc1: 64.0625 (64.0625)  time: 5.9395  data: 5.8160  max mem: 11360
Test:  [ 50/391]  eta: 0:02:47  sploss: 6.7082 (6.7397)  famloss: 2.7779 (2.7912)  manuloss: 1.6725 (1.7231)  acc1: 7.0312 (7.8125)  acc5: 17.9688 (17.8309)  family_acc1: 41.7969 (41.4752)  manu_acc1: 59.7656 (60.2252)  time: 0.4512  data: 0.3552  max mem: 11360
Test:  [100/391]  eta: 0:02:05  sploss: 6.7309 (6.7256)  famloss: 2.9355 (2.7965)  manuloss: 1.7407 (1.7250)  acc1: 7.4219 (7.7429)  acc5: 16.7969 (17.7096)  family_acc1: 38.2812 (41.2709)  manu_acc1: 58.9844 (60.0905)  time: 0.4416  data: 0.3447  max mem: 11360
Test:  [150/391]  eta: 0:01:39  sploss: 6.5993 (6.6972)  famloss: 2.5650 (2.7779)  manuloss: 1.5381 (1.7197)  acc1: 7.8125 (7.7349)  acc5: 18.3594 (17.7825)  family_acc1: 42.9688 (41.4425)  manu_acc1: 62.5000 (59.9079)  time: 0.4401  data: 0.3451  max mem: 11360
Test:  [200/391]  eta: 0:01:16  sploss: 6.7045 (6.7061)  famloss: 2.8805 (2.8019)  manuloss: 1.8489 (1.7288)  acc1: 8.2031 (7.8222)  acc5: 18.3594 (17.7841)  family_acc1: 39.8438 (41.0720)  manu_acc1: 57.0312 (59.6782)  time: 0.2696  data: 0.1741  max mem: 11360
Test:  [250/391]  eta: 0:00:55  sploss: 6.5684 (6.6956)  famloss: 2.7642 (2.8189)  manuloss: 1.8207 (1.7647)  acc1: 8.2031 (7.9261)  acc5: 18.3594 (17.9563)  family_acc1: 41.4062 (40.6997)  manu_acc1: 54.6875 (58.5190)  time: 0.2617  data: 0.1685  max mem: 11360
Test:  [300/391]  eta: 0:00:36  sploss: 6.5695 (6.6676)  famloss: 2.6049 (2.7854)  manuloss: 1.5848 (1.7407)  acc1: 7.8125 (8.0292)  acc5: 19.1406 (18.1686)  family_acc1: 43.7500 (41.1337)  manu_acc1: 61.3281 (58.9338)  time: 0.4293  data: 0.3343  max mem: 11360
Test:  [350/391]  eta: 0:00:16  sploss: 6.6904 (6.6649)  famloss: 2.8028 (2.7713)  manuloss: 1.6155 (1.7227)  acc1: 7.4219 (8.0028)  acc5: 17.5781 (18.1279)  family_acc1: 42.5781 (41.3562)  manu_acc1: 62.5000 (59.3149)  time: 0.4414  data: 0.3459  max mem: 11360
Test:  [390/391]  eta: 0:00:00  sploss: 6.5298 (6.6523)  famloss: 2.5797 (2.7504)  manuloss: 1.3984 (1.6942)  acc1: 8.2031 (8.0020)  acc5: 19.1406 (18.1970)  family_acc1: 45.3125 (41.7560)  manu_acc1: 67.9688 (60.1140)  time: 0.4289  data: 0.3367  max mem: 11360
Test: Total time: 0:02:33 (0.3925 s / it)
* Acc@1 8.002 Acc@5 18.197 family@1 41.756 manu@1 60.114 sploss 6.652 fmloss 2.750 mfloss 1.694
Accuracy of the network on the 100000 test images: 8.0%
Max accuracy: 8.00%
Epoch: [34]  [ 0/78]  eta: 0:07:35  lr: 0.000191  sp_loss: 3.3923 (3.3923)  fam_loss: 2.6350 (2.6350)  manu_loss: 2.0703 (2.0703)  ot_loss: 0.9764 (0.9764)  base_loss: 4.1701 (4.1701)  time: 5.8373  data: 5.5013  max mem: 11360
Epoch: [34]  [50/78]  eta: 0:00:13  lr: 0.000191  sp_loss: 5.5354 (5.1555)  fam_loss: 3.9907 (3.7743)  manu_loss: 2.8636 (2.7956)  ot_loss: 0.8087 (0.8377)  base_loss: 5.7483 (5.4888)  time: 0.4113  data: 0.1061  max mem: 11360
Epoch: [34]  [77/78]  eta: 0:00:00  lr: 0.000191  sp_loss: 5.4070 (5.1728)  fam_loss: 3.9820 (3.7934)  manu_loss: 2.8240 (2.7992)  ot_loss: 0.8199 (0.8351)  base_loss: 5.6578 (5.5025)  time: 0.3438  data: 0.0646  max mem: 11360
Epoch: [34] Total time: 0:00:34 (0.4420 s / it)
Averaged stats: lr: 0.000191  sp_loss: 5.4070 (5.1728)  fam_loss: 3.9820 (3.7934)  manu_loss: 2.8240 (2.7992)  ot_loss: 0.8199 (0.8351)  base_loss: 5.6578 (5.5025)
Epoch: [35]  [ 0/78]  eta: 0:08:00  lr: 0.000188  sp_loss: 4.4596 (4.4596)  fam_loss: 3.3711 (3.3711)  manu_loss: 2.4752 (2.4752)  ot_loss: 0.8673 (0.8673)  base_loss: 4.9491 (4.9491)  time: 6.1596  data: 5.8275  max mem: 11360
Epoch: [35]  [50/78]  eta: 0:00:13  lr: 0.000188  sp_loss: 5.4648 (4.6423)  fam_loss: 3.9718 (3.4906)  manu_loss: 2.8440 (2.5957)  ot_loss: 0.8091 (0.8643)  base_loss: 5.7596 (5.0972)  time: 0.3926  data: 0.0912  max mem: 11360
Epoch: [35]  [77/78]  eta: 0:00:00  lr: 0.000188  sp_loss: 4.9960 (4.6365)  fam_loss: 3.6407 (3.4863)  manu_loss: 2.5988 (2.5918)  ot_loss: 0.8328 (0.8639)  base_loss: 5.3100 (5.0891)  time: 0.3537  data: 0.0764  max mem: 11360
Epoch: [35] Total time: 0:00:34 (0.4433 s / it)
Averaged stats: lr: 0.000188  sp_loss: 4.9960 (4.6365)  fam_loss: 3.6407 (3.4863)  manu_loss: 2.5988 (2.5918)  ot_loss: 0.8328 (0.8639)  base_loss: 5.3100 (5.0891)
Epoch: [36]  [ 0/78]  eta: 0:07:47  lr: 0.000184  sp_loss: 4.9525 (4.9525)  fam_loss: 3.7174 (3.7174)  manu_loss: 2.7560 (2.7560)  ot_loss: 0.8368 (0.8368)  base_loss: 5.3543 (5.3543)  time: 5.9981  data: 5.6613  max mem: 11360
Epoch: [36]  [50/78]  eta: 0:00:13  lr: 0.000184  sp_loss: 3.8792 (4.4960)  fam_loss: 3.0158 (3.3902)  manu_loss: 2.2522 (2.5327)  ot_loss: 0.9018 (0.8708)  base_loss: 4.4489 (4.9726)  time: 0.3991  data: 0.0952  max mem: 11360
Epoch: [36]  [77/78]  eta: 0:00:00  lr: 0.000184  sp_loss: 4.2470 (4.4762)  fam_loss: 3.2864 (3.3667)  manu_loss: 2.5237 (2.5132)  ot_loss: 0.8593 (0.8720)  base_loss: 4.8247 (4.9529)  time: 0.3682  data: 0.0850  max mem: 11360
Epoch: [36] Total time: 0:00:34 (0.4433 s / it)
Averaged stats: lr: 0.000184  sp_loss: 4.2470 (4.4762)  fam_loss: 3.2864 (3.3667)  manu_loss: 2.5237 (2.5132)  ot_loss: 0.8593 (0.8720)  base_loss: 4.8247 (4.9529)
Test:  [  0/391]  eta: 0:39:51  sploss: 6.6985 (6.6985)  famloss: 2.5197 (2.5197)  manuloss: 1.5044 (1.5044)  acc1: 7.0312 (7.0312)  acc5: 19.9219 (19.9219)  family_acc1: 43.3594 (43.3594)  manu_acc1: 63.6719 (63.6719)  time: 6.1160  data: 6.0024  max mem: 11360
Test:  [ 50/391]  eta: 0:02:48  sploss: 6.6713 (6.7269)  famloss: 2.7700 (2.7566)  manuloss: 1.6494 (1.6794)  acc1: 7.8125 (8.0423)  acc5: 17.5781 (18.2062)  family_acc1: 41.4062 (41.5441)  manu_acc1: 60.9375 (60.4626)  time: 0.4432  data: 0.3491  max mem: 11360
Test:  [100/391]  eta: 0:02:06  sploss: 6.7570 (6.7120)  famloss: 2.9411 (2.7666)  manuloss: 1.7743 (1.6855)  acc1: 7.0312 (7.9053)  acc5: 17.9688 (18.2317)  family_acc1: 37.5000 (41.2206)  manu_acc1: 58.9844 (60.2065)  time: 0.4394  data: 0.3436  max mem: 11360
Test:  [150/391]  eta: 0:01:39  sploss: 6.5798 (6.6842)  famloss: 2.5284 (2.7435)  manuloss: 1.5248 (1.6837)  acc1: 7.8125 (7.8953)  acc5: 17.9688 (18.1938)  family_acc1: 44.5312 (41.3804)  manu_acc1: 62.8906 (59.8536)  time: 0.4426  data: 0.3467  max mem: 11360
Test:  [200/391]  eta: 0:01:16  sploss: 6.6789 (6.6890)  famloss: 2.8403 (2.7691)  manuloss: 1.7408 (1.6927)  acc1: 8.2031 (7.9816)  acc5: 18.7500 (18.2583)  family_acc1: 38.6719 (41.1303)  manu_acc1: 57.8125 (59.7015)  time: 0.2654  data: 0.1707  max mem: 11360
Test:  [250/391]  eta: 0:00:55  sploss: 6.6025 (6.6783)  famloss: 2.7570 (2.7838)  manuloss: 1.7668 (1.7249)  acc1: 8.5938 (8.1206)  acc5: 19.1406 (18.4123)  family_acc1: 41.0156 (40.7433)  manu_acc1: 55.8594 (58.6700)  time: 0.2675  data: 0.1737  max mem: 11360
Test:  [300/391]  eta: 0:00:36  sploss: 6.5959 (6.6509)  famloss: 2.5505 (2.7474)  manuloss: 1.4901 (1.6986)  acc1: 8.2031 (8.1837)  acc5: 17.9688 (18.6098)  family_acc1: 45.3125 (41.2505)  manu_acc1: 63.2812 (59.1336)  time: 0.4399  data: 0.3454  max mem: 11360
Test:  [350/391]  eta: 0:00:16  sploss: 6.7178 (6.6481)  famloss: 2.7859 (2.7302)  manuloss: 1.5449 (1.6789)  acc1: 7.4219 (8.2020)  acc5: 17.5781 (18.5697)  family_acc1: 41.4062 (41.5298)  manu_acc1: 60.5469 (59.5675)  time: 0.4379  data: 0.3430  max mem: 11360
Test:  [390/391]  eta: 0:00:00  sploss: 6.5070 (6.6350)  famloss: 2.5465 (2.7104)  manuloss: 1.3639 (1.6490)  acc1: 8.2031 (8.2490)  acc5: 19.5312 (18.6840)  family_acc1: 45.3125 (41.8980)  manu_acc1: 67.5781 (60.3150)  time: 0.4130  data: 0.3189  max mem: 11360
Test: Total time: 0:02:33 (0.3936 s / it)
* Acc@1 8.249 Acc@5 18.684 family@1 41.898 manu@1 60.315 sploss 6.635 fmloss 2.710 mfloss 1.649
Accuracy of the network on the 100000 test images: 8.2%
Max accuracy: 8.25%
Epoch: [37]  [ 0/78]  eta: 0:08:03  lr: 0.000181  sp_loss: 3.0609 (3.0609)  fam_loss: 2.6163 (2.6163)  manu_loss: 2.0663 (2.0663)  ot_loss: 0.9680 (0.9680)  base_loss: 3.9087 (3.9087)  time: 6.1924  data: 5.8528  max mem: 11360
Epoch: [37]  [50/78]  eta: 0:00:14  lr: 0.000181  sp_loss: 5.2110 (4.7797)  fam_loss: 3.8733 (3.5628)  manu_loss: 2.8170 (2.6284)  ot_loss: 0.8219 (0.8555)  base_loss: 5.5669 (5.1888)  time: 0.4100  data: 0.1125  max mem: 11360
Epoch: [37]  [77/78]  eta: 0:00:00  lr: 0.000181  sp_loss: 4.6027 (4.7010)  fam_loss: 3.3462 (3.5034)  manu_loss: 2.4561 (2.5917)  ot_loss: 0.8622 (0.8596)  base_loss: 4.9964 (5.1216)  time: 0.3707  data: 0.0842  max mem: 11360
Epoch: [37] Total time: 0:00:35 (0.4513 s / it)
Averaged stats: lr: 0.000181  sp_loss: 4.6027 (4.7010)  fam_loss: 3.3462 (3.5034)  manu_loss: 2.4561 (2.5917)  ot_loss: 0.8622 (0.8596)  base_loss: 4.9964 (5.1216)
Epoch: [38]  [ 0/78]  eta: 0:08:15  lr: 0.000178  sp_loss: 3.4791 (3.4791)  fam_loss: 2.7331 (2.7331)  manu_loss: 2.0825 (2.0825)  ot_loss: 0.9627 (0.9627)  base_loss: 4.1876 (4.1876)  time: 6.3549  data: 6.0048  max mem: 11360
Epoch: [38]  [50/78]  eta: 0:00:13  lr: 0.000178  sp_loss: 4.5409 (4.7031)  fam_loss: 3.4695 (3.5027)  manu_loss: 2.7242 (2.6250)  ot_loss: 0.8439 (0.8600)  base_loss: 5.0466 (5.1276)  time: 0.3883  data: 0.0896  max mem: 11360
Epoch: [38]  [77/78]  eta: 0:00:00  lr: 0.000178  sp_loss: 4.7908 (4.6425)  fam_loss: 3.5195 (3.4767)  manu_loss: 2.5329 (2.5858)  ot_loss: 0.8582 (0.8618)  base_loss: 5.1806 (5.0806)  time: 0.3610  data: 0.0820  max mem: 11360
Epoch: [38] Total time: 0:00:34 (0.4430 s / it)
Averaged stats: lr: 0.000178  sp_loss: 4.7908 (4.6425)  fam_loss: 3.5195 (3.4767)  manu_loss: 2.5329 (2.5858)  ot_loss: 0.8582 (0.8618)  base_loss: 5.1806 (5.0806)
Epoch: [39]  [ 0/78]  eta: 0:07:31  lr: 0.000174  sp_loss: 4.8560 (4.8560)  fam_loss: 3.5979 (3.5979)  manu_loss: 2.6414 (2.6414)  ot_loss: 0.8365 (0.8365)  base_loss: 5.2221 (5.2221)  time: 5.7914  data: 5.4530  max mem: 11360
Epoch: [39]  [50/78]  eta: 0:00:13  lr: 0.000174  sp_loss: 4.5137 (4.4825)  fam_loss: 3.4481 (3.3891)  manu_loss: 2.6103 (2.5187)  ot_loss: 0.8375 (0.8712)  base_loss: 5.0273 (4.9540)  time: 0.4029  data: 0.1034  max mem: 11360
Epoch: [39]  [77/78]  eta: 0:00:00  lr: 0.000174  sp_loss: 4.5538 (4.5727)  fam_loss: 3.5025 (3.4459)  manu_loss: 2.6765 (2.5613)  ot_loss: 0.8548 (0.8669)  base_loss: 5.0446 (5.0276)  time: 0.3814  data: 0.1023  max mem: 11360
Epoch: [39] Total time: 0:00:35 (0.4499 s / it)
Averaged stats: lr: 0.000174  sp_loss: 4.5538 (4.5727)  fam_loss: 3.5025 (3.4459)  manu_loss: 2.6765 (2.5613)  ot_loss: 0.8548 (0.8669)  base_loss: 5.0446 (5.0276)
Test:  [  0/391]  eta: 0:35:54  sploss: 6.7241 (6.7241)  famloss: 2.5535 (2.5535)  manuloss: 1.5300 (1.5300)  acc1: 7.4219 (7.4219)  acc5: 19.9219 (19.9219)  family_acc1: 44.1406 (44.1406)  manu_acc1: 62.1094 (62.1094)  time: 5.5112  data: 5.4006  max mem: 11360
Test:  [ 50/391]  eta: 0:02:47  sploss: 6.7096 (6.7691)  famloss: 2.8504 (2.8291)  manuloss: 1.6702 (1.7270)  acc1: 7.4219 (8.3333)  acc5: 18.3594 (18.3211)  family_acc1: 41.4062 (41.2837)  manu_acc1: 59.7656 (59.8116)  time: 0.4418  data: 0.3459  max mem: 11360
Test:  [100/391]  eta: 0:02:06  sploss: 6.7718 (6.7630)  famloss: 2.9810 (2.8347)  manuloss: 1.7877 (1.7319)  acc1: 7.4219 (8.3346)  acc5: 17.1875 (18.1544)  family_acc1: 38.2812 (41.1471)  manu_acc1: 58.2031 (59.6496)  time: 0.4474  data: 0.3515  max mem: 11360
Test:  [150/391]  eta: 0:01:40  sploss: 6.6382 (6.7354)  famloss: 2.6230 (2.8133)  manuloss: 1.5867 (1.7326)  acc1: 8.2031 (8.2600)  acc5: 17.9688 (18.0826)  family_acc1: 43.7500 (41.4192)  manu_acc1: 62.8906 (59.4500)  time: 0.4567  data: 0.3596  max mem: 11360
Test:  [200/391]  eta: 0:01:18  sploss: 6.7421 (6.7423)  famloss: 2.8844 (2.8386)  manuloss: 1.8336 (1.7431)  acc1: 8.9844 (8.2886)  acc5: 19.1406 (18.1786)  family_acc1: 41.0156 (41.1847)  manu_acc1: 57.8125 (59.2992)  time: 0.3182  data: 0.2238  max mem: 11360
Test:  [250/391]  eta: 0:00:56  sploss: 6.5605 (6.7297)  famloss: 2.8248 (2.8561)  manuloss: 1.8184 (1.7778)  acc1: 8.5938 (8.3307)  acc5: 18.3594 (18.2504)  family_acc1: 39.8438 (40.7215)  manu_acc1: 56.2500 (58.2623)  time: 0.2955  data: 0.2018  max mem: 11360
Test:  [300/391]  eta: 0:00:37  sploss: 6.6777 (6.7024)  famloss: 2.6008 (2.8232)  manuloss: 1.5560 (1.7516)  acc1: 8.5938 (8.4121)  acc5: 18.3594 (18.5216)  family_acc1: 43.7500 (41.1493)  manu_acc1: 63.6719 (58.7352)  time: 0.3980  data: 0.3030  max mem: 11360
Test:  [350/391]  eta: 0:00:16  sploss: 6.7740 (6.6989)  famloss: 2.8698 (2.8099)  manuloss: 1.6318 (1.7346)  acc1: 7.8125 (8.3845)  acc5: 18.3594 (18.4918)  family_acc1: 41.7969 (41.3973)  manu_acc1: 60.5469 (59.1302)  time: 0.3995  data: 0.3050  max mem: 11360
Test:  [390/391]  eta: 0:00:00  sploss: 6.5582 (6.6851)  famloss: 2.6181 (2.7891)  manuloss: 1.3861 (1.7034)  acc1: 8.9844 (8.4160)  acc5: 18.7500 (18.5680)  family_acc1: 45.7031 (41.8390)  manu_acc1: 67.5781 (59.9320)  time: 0.4099  data: 0.3171  max mem: 11360
Test: Total time: 0:02:35 (0.3977 s / it)
* Acc@1 8.416 Acc@5 18.568 family@1 41.839 manu@1 59.932 sploss 6.685 fmloss 2.789 mfloss 1.703
Accuracy of the network on the 100000 test images: 8.4%
Max accuracy: 8.42%
Epoch: [40]  [ 0/78]  eta: 0:10:22  lr: 0.000171  sp_loss: 4.5896 (4.5896)  fam_loss: 3.5648 (3.5648)  manu_loss: 2.5638 (2.5638)  ot_loss: 0.8449 (0.8449)  base_loss: 5.0594 (5.0594)  time: 7.9766  data: 7.6590  max mem: 11360
Epoch: [40]  [50/78]  eta: 0:00:14  lr: 0.000171  sp_loss: 4.7641 (4.4476)  fam_loss: 3.5294 (3.3706)  manu_loss: 2.6615 (2.5239)  ot_loss: 0.8394 (0.8723)  base_loss: 5.1649 (4.9334)  time: 0.4031  data: 0.0908  max mem: 11360
Epoch: [40]  [77/78]  eta: 0:00:00  lr: 0.000171  sp_loss: 4.6289 (4.4747)  fam_loss: 3.4414 (3.3800)  manu_loss: 2.6235 (2.5185)  ot_loss: 0.8293 (0.8714)  base_loss: 5.0767 (4.9494)  time: 0.3612  data: 0.0851  max mem: 11360
Epoch: [40] Total time: 0:00:36 (0.4684 s / it)
Averaged stats: lr: 0.000171  sp_loss: 4.6289 (4.4747)  fam_loss: 3.4414 (3.3800)  manu_loss: 2.6235 (2.5185)  ot_loss: 0.8293 (0.8714)  base_loss: 5.0767 (4.9494)
Epoch: [41]  [ 0/78]  eta: 0:07:30  lr: 0.000167  sp_loss: 5.3969 (5.3969)  fam_loss: 4.1167 (4.1167)  manu_loss: 2.8265 (2.8265)  ot_loss: 0.8092 (0.8092)  base_loss: 5.6882 (5.6882)  time: 5.7785  data: 5.4493  max mem: 11360
Epoch: [41]  [50/78]  eta: 0:00:13  lr: 0.000167  sp_loss: 5.3854 (4.8064)  fam_loss: 3.8874 (3.5898)  manu_loss: 2.8024 (2.6598)  ot_loss: 0.8121 (0.8499)  base_loss: 5.6272 (5.2051)  time: 0.4169  data: 0.1136  max mem: 11360
Epoch: [41]  [77/78]  eta: 0:00:00  lr: 0.000167  sp_loss: 4.5962 (4.7306)  fam_loss: 3.4583 (3.5320)  manu_loss: 2.4942 (2.6298)  ot_loss: 0.8593 (0.8554)  base_loss: 5.0137 (5.1444)  time: 0.3459  data: 0.0680  max mem: 11360
Epoch: [41] Total time: 0:00:34 (0.4412 s / it)
Averaged stats: lr: 0.000167  sp_loss: 4.5962 (4.7306)  fam_loss: 3.4583 (3.5320)  manu_loss: 2.4942 (2.6298)  ot_loss: 0.8593 (0.8554)  base_loss: 5.0137 (5.1444)
Epoch: [42]  [ 0/78]  eta: 0:08:04  lr: 0.000163  sp_loss: 5.0744 (5.0744)  fam_loss: 3.8173 (3.8173)  manu_loss: 2.7743 (2.7743)  ot_loss: 0.8364 (0.8364)  base_loss: 5.4291 (5.4291)  time: 6.2160  data: 5.8709  max mem: 11360
Epoch: [42]  [50/78]  eta: 0:00:13  lr: 0.000163  sp_loss: 4.2282 (4.4795)  fam_loss: 3.2398 (3.3798)  manu_loss: 2.5095 (2.5168)  ot_loss: 0.8587 (0.8725)  base_loss: 4.7392 (4.9478)  time: 0.4079  data: 0.1098  max mem: 11360
Epoch: [42]  [77/78]  eta: 0:00:00  lr: 0.000163  sp_loss: 4.8275 (4.4706)  fam_loss: 3.5663 (3.3716)  manu_loss: 2.6751 (2.5087)  ot_loss: 0.8495 (0.8726)  base_loss: 5.2281 (4.9391)  time: 0.3549  data: 0.0765  max mem: 11360
Epoch: [42] Total time: 0:00:34 (0.4451 s / it)
Averaged stats: lr: 0.000163  sp_loss: 4.8275 (4.4706)  fam_loss: 3.5663 (3.3716)  manu_loss: 2.6751 (2.5087)  ot_loss: 0.8495 (0.8726)  base_loss: 5.2281 (4.9391)
Test:  [  0/391]  eta: 0:37:34  sploss: 6.8145 (6.8145)  famloss: 2.7004 (2.7004)  manuloss: 1.6269 (1.6269)  acc1: 7.0312 (7.0312)  acc5: 19.9219 (19.9219)  family_acc1: 45.7031 (45.7031)  manu_acc1: 61.3281 (61.3281)  time: 5.7650  data: 5.6547  max mem: 11360
Test:  [ 50/391]  eta: 0:02:46  sploss: 6.7923 (6.8500)  famloss: 2.8522 (2.8594)  manuloss: 1.6963 (1.7498)  acc1: 7.4219 (7.6210)  acc5: 17.5781 (17.5398)  family_acc1: 42.1875 (41.7892)  manu_acc1: 61.3281 (60.3707)  time: 0.4429  data: 0.3476  max mem: 11360
Test:  [100/391]  eta: 0:02:04  sploss: 6.8744 (6.8455)  famloss: 3.0096 (2.8803)  manuloss: 1.8276 (1.7564)  acc1: 7.0312 (7.7970)  acc5: 16.0156 (17.5588)  family_acc1: 39.0625 (41.1510)  manu_acc1: 57.8125 (60.0673)  time: 0.4307  data: 0.3359  max mem: 11360
Test:  [150/391]  eta: 0:01:38  sploss: 6.7491 (6.8266)  famloss: 2.6578 (2.8637)  manuloss: 1.6130 (1.7597)  acc1: 7.4219 (7.6599)  acc5: 18.3594 (17.5833)  family_acc1: 44.1406 (41.3364)  manu_acc1: 62.1094 (59.8174)  time: 0.4359  data: 0.3396  max mem: 11360
Test:  [200/391]  eta: 0:01:16  sploss: 6.7842 (6.8333)  famloss: 2.9591 (2.8867)  manuloss: 1.8525 (1.7671)  acc1: 8.9844 (7.7833)  acc5: 18.3594 (17.5606)  family_acc1: 39.0625 (41.0098)  manu_acc1: 57.4219 (59.6898)  time: 0.2773  data: 0.1828  max mem: 11360
Test:  [250/391]  eta: 0:00:55  sploss: 6.7505 (6.8256)  famloss: 2.9254 (2.9076)  manuloss: 1.8786 (1.8081)  acc1: 8.2031 (7.8063)  acc5: 17.1875 (17.5750)  family_acc1: 39.8438 (40.5627)  manu_acc1: 55.4688 (58.5657)  time: 0.2655  data: 0.1713  max mem: 11360
Test:  [300/391]  eta: 0:00:36  sploss: 6.7443 (6.7997)  famloss: 2.6478 (2.8756)  manuloss: 1.5858 (1.7846)  acc1: 8.2031 (7.8826)  acc5: 18.7500 (17.8507)  family_acc1: 44.9219 (40.9481)  manu_acc1: 63.2812 (58.9714)  time: 0.4333  data: 0.3399  max mem: 11360
Test:  [350/391]  eta: 0:00:16  sploss: 6.8190 (6.7971)  famloss: 2.8578 (2.8626)  manuloss: 1.7033 (1.7674)  acc1: 7.8125 (7.8626)  acc5: 17.1875 (17.8230)  family_acc1: 41.7969 (41.1892)  manu_acc1: 59.7656 (59.2960)  time: 0.4492  data: 0.3535  max mem: 11360
Test:  [390/391]  eta: 0:00:00  sploss: 6.6842 (6.7861)  famloss: 2.6726 (2.8428)  manuloss: 1.4188 (1.7372)  acc1: 7.8125 (7.8800)  acc5: 18.3594 (17.9010)  family_acc1: 44.5312 (41.5350)  manu_acc1: 67.5781 (60.0730)  time: 0.4187  data: 0.3265  max mem: 11360
Test: Total time: 0:02:33 (0.3929 s / it)
* Acc@1 7.880 Acc@5 17.901 family@1 41.535 manu@1 60.073 sploss 6.786 fmloss 2.843 mfloss 1.737
Accuracy of the network on the 100000 test images: 7.9%
Max accuracy: 8.42%
Epoch: [43]  [ 0/78]  eta: 0:07:27  lr: 0.000160  sp_loss: 2.4595 (2.4595)  fam_loss: 2.0614 (2.0614)  manu_loss: 1.6321 (1.6321)  ot_loss: 1.0005 (1.0005)  base_loss: 3.3575 (3.3575)  time: 5.7351  data: 5.4044  max mem: 11360
Epoch: [43]  [50/78]  eta: 0:00:13  lr: 0.000160  sp_loss: 4.5228 (4.5241)  fam_loss: 3.3727 (3.4007)  manu_loss: 2.4645 (2.5090)  ot_loss: 0.8387 (0.8673)  base_loss: 4.9682 (4.9738)  time: 0.3987  data: 0.0989  max mem: 11360
Epoch: [43]  [77/78]  eta: 0:00:00  lr: 0.000160  sp_loss: 4.5502 (4.4951)  fam_loss: 3.3606 (3.3814)  manu_loss: 2.4392 (2.5067)  ot_loss: 0.8549 (0.8715)  base_loss: 4.9846 (4.9526)  time: 0.3870  data: 0.1062  max mem: 11360
Epoch: [43] Total time: 0:00:34 (0.4486 s / it)
Averaged stats: lr: 0.000160  sp_loss: 4.5502 (4.4951)  fam_loss: 3.3606 (3.3814)  manu_loss: 2.4392 (2.5067)  ot_loss: 0.8549 (0.8715)  base_loss: 4.9846 (4.9526)
Epoch: [44]  [ 0/78]  eta: 0:07:46  lr: 0.000156  sp_loss: 5.3050 (5.3050)  fam_loss: 4.0352 (4.0352)  manu_loss: 2.7126 (2.7126)  ot_loss: 0.8175 (0.8175)  base_loss: 5.5861 (5.5861)  time: 5.9844  data: 5.6563  max mem: 11360
Epoch: [44]  [50/78]  eta: 0:00:13  lr: 0.000156  sp_loss: 4.1947 (4.2681)  fam_loss: 3.2289 (3.2234)  manu_loss: 2.3370 (2.4124)  ot_loss: 0.8921 (0.8805)  base_loss: 4.7634 (4.7700)  time: 0.4021  data: 0.1044  max mem: 11360
Epoch: [44]  [77/78]  eta: 0:00:00  lr: 0.000156  sp_loss: 4.9858 (4.3526)  fam_loss: 3.6388 (3.2855)  manu_loss: 2.7089 (2.4496)  ot_loss: 0.8342 (0.8761)  base_loss: 5.3378 (4.8375)  time: 0.3515  data: 0.0741  max mem: 11360
Epoch: [44] Total time: 0:00:34 (0.4463 s / it)
Averaged stats: lr: 0.000156  sp_loss: 4.9858 (4.3526)  fam_loss: 3.6388 (3.2855)  manu_loss: 2.7089 (2.4496)  ot_loss: 0.8342 (0.8761)  base_loss: 5.3378 (4.8375)
Epoch: [45]  [ 0/78]  eta: 0:07:54  lr: 0.000152  sp_loss: 2.9555 (2.9555)  fam_loss: 2.4285 (2.4285)  manu_loss: 1.8967 (1.8967)  ot_loss: 0.9670 (0.9670)  base_loss: 3.7700 (3.7700)  time: 6.0894  data: 5.7390  max mem: 11360
Epoch: [45]  [50/78]  eta: 0:00:13  lr: 0.000152  sp_loss: 4.9782 (4.3139)  fam_loss: 3.7892 (3.2811)  manu_loss: 2.5963 (2.4372)  ot_loss: 0.8426 (0.8787)  base_loss: 5.3810 (4.8115)  time: 0.3973  data: 0.0916  max mem: 11360
Epoch: [45]  [77/78]  eta: 0:00:00  lr: 0.000152  sp_loss: 4.8851 (4.4603)  fam_loss: 3.5868 (3.3823)  manu_loss: 2.5642 (2.4991)  ot_loss: 0.8314 (0.8704)  base_loss: 5.2062 (4.9273)  time: 0.3772  data: 0.0956  max mem: 11360
Epoch: [45] Total time: 0:00:34 (0.4438 s / it)
Averaged stats: lr: 0.000152  sp_loss: 4.8851 (4.4603)  fam_loss: 3.5868 (3.3823)  manu_loss: 2.5642 (2.4991)  ot_loss: 0.8314 (0.8704)  base_loss: 5.2062 (4.9273)
Test:  [  0/391]  eta: 0:38:03  sploss: 6.7679 (6.7679)  famloss: 2.6472 (2.6472)  manuloss: 1.5169 (1.5169)  acc1: 9.7656 (9.7656)  acc5: 18.7500 (18.7500)  family_acc1: 42.5781 (42.5781)  manu_acc1: 63.2812 (63.2812)  time: 5.8398  data: 5.7104  max mem: 11360
Test:  [ 50/391]  eta: 0:02:44  sploss: 6.7828 (6.8082)  famloss: 2.8218 (2.8426)  manuloss: 1.6950 (1.7473)  acc1: 8.2031 (8.5631)  acc5: 17.5781 (18.0224)  family_acc1: 42.5781 (41.9041)  manu_acc1: 60.5469 (60.7920)  time: 0.4294  data: 0.3322  max mem: 11360
Test:  [100/391]  eta: 0:02:04  sploss: 6.8144 (6.8000)  famloss: 2.9503 (2.8528)  manuloss: 1.7894 (1.7484)  acc1: 7.8125 (8.2225)  acc5: 17.9688 (18.0345)  family_acc1: 39.0625 (41.7389)  manu_acc1: 59.3750 (60.6165)  time: 0.4410  data: 0.3454  max mem: 11360
Test:  [150/391]  eta: 0:01:38  sploss: 6.6359 (6.7704)  famloss: 2.6148 (2.8329)  manuloss: 1.5811 (1.7484)  acc1: 8.2031 (8.2368)  acc5: 19.1406 (18.1654)  family_acc1: 44.1406 (41.9029)  manu_acc1: 63.2812 (60.3736)  time: 0.4390  data: 0.3437  max mem: 11360
Test:  [200/391]  eta: 0:01:16  sploss: 6.7460 (6.7760)  famloss: 2.9296 (2.8565)  manuloss: 1.8340 (1.7578)  acc1: 9.7656 (8.3528)  acc5: 19.1406 (18.2428)  family_acc1: 39.8438 (41.6356)  manu_acc1: 58.5938 (60.2418)  time: 0.2915  data: 0.1976  max mem: 11360
Test:  [250/391]  eta: 0:00:55  sploss: 6.6461 (6.7682)  famloss: 2.8855 (2.8771)  manuloss: 1.8530 (1.7964)  acc1: 8.9844 (8.3665)  acc5: 18.7500 (18.3672)  family_acc1: 40.2344 (41.1526)  manu_acc1: 55.8594 (59.0762)  time: 0.2772  data: 0.1832  max mem: 11360
Test:  [300/391]  eta: 0:00:36  sploss: 6.6574 (6.7410)  famloss: 2.6621 (2.8436)  manuloss: 1.5472 (1.7700)  acc1: 8.9844 (8.4380)  acc5: 19.1406 (18.6423)  family_acc1: 45.7031 (41.6645)  manu_acc1: 63.6719 (59.5813)  time: 0.4229  data: 0.3288  max mem: 11360
Test:  [350/391]  eta: 0:00:16  sploss: 6.7609 (6.7373)  famloss: 2.7797 (2.8281)  manuloss: 1.6306 (1.7515)  acc1: 7.8125 (8.4268)  acc5: 18.3594 (18.6198)  family_acc1: 42.9688 (41.9482)  manu_acc1: 62.1094 (59.9615)  time: 0.4338  data: 0.3370  max mem: 11360
Test:  [390/391]  eta: 0:00:00  sploss: 6.5997 (6.7264)  famloss: 2.6847 (2.8089)  manuloss: 1.4292 (1.7213)  acc1: 8.5938 (8.4210)  acc5: 19.5312 (18.7120)  family_acc1: 45.3125 (42.3290)  manu_acc1: 67.9688 (60.7620)  time: 0.4344  data: 0.3423  max mem: 11360
Test: Total time: 0:02:35 (0.3969 s / it)
* Acc@1 8.421 Acc@5 18.712 family@1 42.329 manu@1 60.762 sploss 6.726 fmloss 2.809 mfloss 1.721
Accuracy of the network on the 100000 test images: 8.4%
Max accuracy: 8.42%
Epoch: [46]  [ 0/78]  eta: 0:07:31  lr: 0.000149  sp_loss: 5.0796 (5.0796)  fam_loss: 3.6199 (3.6199)  manu_loss: 2.7203 (2.7203)  ot_loss: 0.8401 (0.8401)  base_loss: 5.3641 (5.3641)  time: 5.7914  data: 5.3893  max mem: 11360
Epoch: [46]  [50/78]  eta: 0:00:13  lr: 0.000149  sp_loss: 4.7278 (4.4645)  fam_loss: 3.5888 (3.3555)  manu_loss: 2.5881 (2.4880)  ot_loss: 0.8542 (0.8692)  base_loss: 5.1661 (4.9206)  time: 0.4035  data: 0.1051  max mem: 11360
Epoch: [46]  [77/78]  eta: 0:00:00  lr: 0.000149  sp_loss: 4.8450 (4.5249)  fam_loss: 3.5652 (3.3983)  manu_loss: 2.6434 (2.5120)  ot_loss: 0.8397 (0.8646)  base_loss: 5.1812 (4.9676)  time: 0.3568  data: 0.0791  max mem: 11360
Epoch: [46] Total time: 0:00:34 (0.4430 s / it)
Averaged stats: lr: 0.000149  sp_loss: 4.8450 (4.5249)  fam_loss: 3.5652 (3.3983)  manu_loss: 2.6434 (2.5120)  ot_loss: 0.8397 (0.8646)  base_loss: 5.1812 (4.9676)
Epoch: [47]  [ 0/78]  eta: 0:07:50  lr: 0.000145  sp_loss: 4.6327 (4.6327)  fam_loss: 3.5283 (3.5283)  manu_loss: 2.5767 (2.5767)  ot_loss: 0.8575 (0.8575)  base_loss: 5.0699 (5.0699)  time: 6.0348  data: 5.6621  max mem: 11360
Epoch: [47]  [50/78]  eta: 0:00:13  lr: 0.000145  sp_loss: 4.5670 (4.4007)  fam_loss: 3.5103 (3.3395)  manu_loss: 2.6352 (2.4728)  ot_loss: 0.8521 (0.8758)  base_loss: 5.0326 (4.8786)  time: 0.3842  data: 0.0856  max mem: 11360
Epoch: [47]  [77/78]  eta: 0:00:00  lr: 0.000145  sp_loss: 4.9564 (4.4835)  fam_loss: 3.6553 (3.3944)  manu_loss: 2.7501 (2.5150)  ot_loss: 0.8373 (0.8692)  base_loss: 5.3339 (4.9444)  time: 0.3677  data: 0.0901  max mem: 11360
Epoch: [47] Total time: 0:00:34 (0.4441 s / it)
Averaged stats: lr: 0.000145  sp_loss: 4.9564 (4.4835)  fam_loss: 3.6553 (3.3944)  manu_loss: 2.7501 (2.5150)  ot_loss: 0.8373 (0.8692)  base_loss: 5.3339 (4.9444)
Epoch: [48]  [ 0/78]  eta: 0:07:40  lr: 0.000141  sp_loss: 4.5452 (4.5452)  fam_loss: 3.4682 (3.4682)  manu_loss: 2.5155 (2.5155)  ot_loss: 0.8561 (0.8561)  base_loss: 4.9807 (4.9807)  time: 5.9026  data: 5.5717  max mem: 11360
Epoch: [48]  [50/78]  eta: 0:00:13  lr: 0.000141  sp_loss: 4.6538 (4.3620)  fam_loss: 3.4237 (3.3195)  manu_loss: 2.5335 (2.4697)  ot_loss: 0.8548 (0.8752)  base_loss: 5.0289 (4.8507)  time: 0.4107  data: 0.1124  max mem: 11360
Epoch: [48]  [77/78]  eta: 0:00:00  lr: 0.000141  sp_loss: 4.2938 (4.3337)  fam_loss: 3.3003 (3.2995)  manu_loss: 2.3336 (2.4473)  ot_loss: 0.8658 (0.8760)  base_loss: 4.8227 (4.8243)  time: 0.3523  data: 0.0732  max mem: 11360
Epoch: [48] Total time: 0:00:34 (0.4442 s / it)
Averaged stats: lr: 0.000141  sp_loss: 4.2938 (4.3337)  fam_loss: 3.3003 (3.2995)  manu_loss: 2.3336 (2.4473)  ot_loss: 0.8658 (0.8760)  base_loss: 4.8227 (4.8243)
Test:  [  0/391]  eta: 0:39:37  sploss: 6.7112 (6.7112)  famloss: 2.6686 (2.6686)  manuloss: 1.5699 (1.5699)  acc1: 7.8125 (7.8125)  acc5: 19.9219 (19.9219)  family_acc1: 43.3594 (43.3594)  manu_acc1: 59.3750 (59.3750)  time: 6.0794  data: 5.9669  max mem: 11360
Test:  [ 50/391]  eta: 0:02:47  sploss: 6.7180 (6.7659)  famloss: 2.7916 (2.7919)  manuloss: 1.6473 (1.7103)  acc1: 7.4219 (8.4176)  acc5: 18.3594 (18.6811)  family_acc1: 43.7500 (42.8845)  manu_acc1: 62.1094 (60.7767)  time: 0.4466  data: 0.3524  max mem: 11360
Test:  [100/391]  eta: 0:02:05  sploss: 6.7541 (6.7556)  famloss: 2.9548 (2.8029)  manuloss: 1.7728 (1.7161)  acc1: 8.2031 (8.3772)  acc5: 18.7500 (18.6378)  family_acc1: 39.8438 (42.5201)  manu_acc1: 60.1562 (60.5275)  time: 0.4397  data: 0.3442  max mem: 11360
Test:  [150/391]  eta: 0:01:38  sploss: 6.6375 (6.7271)  famloss: 2.5617 (2.7771)  manuloss: 1.5113 (1.7115)  acc1: 8.5938 (8.3868)  acc5: 18.3594 (18.7008)  family_acc1: 46.0938 (42.7851)  manu_acc1: 64.0625 (60.3736)  time: 0.4324  data: 0.3372  max mem: 11360
Test:  [200/391]  eta: 0:01:16  sploss: 6.7017 (6.7340)  famloss: 2.8577 (2.8032)  manuloss: 1.8044 (1.7224)  acc1: 8.9844 (8.5063)  acc5: 18.7500 (18.6606)  family_acc1: 41.4062 (42.4848)  manu_acc1: 59.7656 (60.2826)  time: 0.2879  data: 0.1927  max mem: 11360
Test:  [250/391]  eta: 0:00:55  sploss: 6.6183 (6.7216)  famloss: 2.8020 (2.8212)  manuloss: 1.8170 (1.7583)  acc1: 8.9844 (8.5844)  acc5: 19.5312 (18.8029)  family_acc1: 41.4062 (42.0630)  manu_acc1: 55.8594 (59.2863)  time: 0.2633  data: 0.1694  max mem: 11360
Test:  [300/391]  eta: 0:00:36  sploss: 6.6095 (6.6933)  famloss: 2.5493 (2.7857)  manuloss: 1.5207 (1.7315)  acc1: 8.5938 (8.7378)  acc5: 19.9219 (19.0900)  family_acc1: 46.4844 (42.5210)  manu_acc1: 63.2812 (59.8357)  time: 0.4156  data: 0.3209  max mem: 11360
Test:  [350/391]  eta: 0:00:16  sploss: 6.7458 (6.6906)  famloss: 2.7814 (2.7718)  manuloss: 1.5939 (1.7143)  acc1: 8.9844 (8.7451)  acc5: 17.9688 (19.0560)  family_acc1: 42.5781 (42.7228)  manu_acc1: 61.3281 (60.2175)  time: 0.4436  data: 0.3479  max mem: 11360
Test:  [390/391]  eta: 0:00:00  sploss: 6.5579 (6.6781)  famloss: 2.5674 (2.7507)  manuloss: 1.3540 (1.6826)  acc1: 8.2031 (8.7510)  acc5: 20.7031 (19.1600)  family_acc1: 46.0938 (43.1200)  manu_acc1: 68.7500 (61.0130)  time: 0.4147  data: 0.3220  max mem: 11360
Test: Total time: 0:02:33 (0.3919 s / it)
* Acc@1 8.751 Acc@5 19.160 family@1 43.120 manu@1 61.013 sploss 6.678 fmloss 2.751 mfloss 1.683
Accuracy of the network on the 100000 test images: 8.8%
Max accuracy: 8.75%
Epoch: [49]  [ 0/78]  eta: 0:08:06  lr: 0.000138  sp_loss: 5.0460 (5.0460)  fam_loss: 3.7121 (3.7121)  manu_loss: 2.9265 (2.9265)  ot_loss: 0.8262 (0.8262)  base_loss: 5.3938 (5.3938)  time: 6.2408  data: 5.9162  max mem: 11360
Epoch: [49]  [50/78]  eta: 0:00:13  lr: 0.000138  sp_loss: 4.0836 (4.2702)  fam_loss: 3.1274 (3.2417)  manu_loss: 2.2870 (2.4025)  ot_loss: 0.8894 (0.8828)  base_loss: 4.5732 (4.7650)  time: 0.3975  data: 0.0967  max mem: 11360
Epoch: [49]  [77/78]  eta: 0:00:00  lr: 0.000138  sp_loss: 4.5288 (4.1998)  fam_loss: 3.3612 (3.1977)  manu_loss: 2.5362 (2.3772)  ot_loss: 0.8606 (0.8869)  base_loss: 4.9678 (4.7100)  time: 0.3739  data: 0.0965  max mem: 11360
Epoch: [49] Total time: 0:00:35 (0.4505 s / it)
Averaged stats: lr: 0.000138  sp_loss: 4.5288 (4.1998)  fam_loss: 3.3612 (3.1977)  manu_loss: 2.5362 (2.3772)  ot_loss: 0.8606 (0.8869)  base_loss: 4.9678 (4.7100)
Epoch: [50]  [ 0/78]  eta: 0:08:15  lr: 0.000134  sp_loss: 4.6630 (4.6630)  fam_loss: 3.5291 (3.5291)  manu_loss: 2.5907 (2.5907)  ot_loss: 0.8453 (0.8453)  base_loss: 5.0763 (5.0763)  time: 6.3484  data: 6.0125  max mem: 11360
Epoch: [50]  [50/78]  eta: 0:00:13  lr: 0.000134  sp_loss: 4.2740 (4.0934)  fam_loss: 3.2677 (3.1373)  manu_loss: 2.4218 (2.3464)  ot_loss: 0.8748 (0.8867)  base_loss: 4.7657 (4.6270)  time: 0.3856  data: 0.0858  max mem: 11360
Epoch: [50]  [77/78]  eta: 0:00:00  lr: 0.000134  sp_loss: 4.4393 (4.2492)  fam_loss: 3.3420 (3.2314)  manu_loss: 2.4871 (2.4106)  ot_loss: 0.8517 (0.8781)  base_loss: 4.9118 (4.7488)  time: 0.3602  data: 0.0814  max mem: 11360
Epoch: [50] Total time: 0:00:34 (0.4417 s / it)
Averaged stats: lr: 0.000134  sp_loss: 4.4393 (4.2492)  fam_loss: 3.3420 (3.2314)  manu_loss: 2.4871 (2.4106)  ot_loss: 0.8517 (0.8781)  base_loss: 4.9118 (4.7488)
Epoch: [51]  [ 0/78]  eta: 0:07:44  lr: 0.000130  sp_loss: 5.6452 (5.6452)  fam_loss: 4.0027 (4.0027)  manu_loss: 2.7668 (2.7668)  ot_loss: 0.8145 (0.8145)  base_loss: 5.7846 (5.7846)  time: 5.9547  data: 5.6013  max mem: 11360
Epoch: [51]  [50/78]  eta: 0:00:13  lr: 0.000130  sp_loss: 4.4739 (4.2130)  fam_loss: 3.3499 (3.1900)  manu_loss: 2.5142 (2.3708)  ot_loss: 0.8553 (0.8803)  base_loss: 4.9305 (4.7081)  time: 0.3956  data: 0.0962  max mem: 11360
Epoch: [51]  [77/78]  eta: 0:00:00  lr: 0.000130  sp_loss: 4.8533 (4.3746)  fam_loss: 3.5781 (3.3001)  manu_loss: 2.6277 (2.4438)  ot_loss: 0.8428 (0.8719)  base_loss: 5.2386 (4.8391)  time: 0.3628  data: 0.0845  max mem: 11360
Epoch: [51] Total time: 0:00:34 (0.4419 s / it)
Averaged stats: lr: 0.000130  sp_loss: 4.8533 (4.3746)  fam_loss: 3.5781 (3.3001)  manu_loss: 2.6277 (2.4438)  ot_loss: 0.8428 (0.8719)  base_loss: 5.2386 (4.8391)
Test:  [  0/391]  eta: 0:35:49  sploss: 6.7979 (6.7979)  famloss: 2.8194 (2.8194)  manuloss: 1.6482 (1.6482)  acc1: 9.7656 (9.7656)  acc5: 20.3125 (20.3125)  family_acc1: 41.0156 (41.0156)  manu_acc1: 62.5000 (62.5000)  time: 5.4978  data: 5.3835  max mem: 11360
Test:  [ 50/391]  eta: 0:02:45  sploss: 6.7812 (6.8514)  famloss: 2.8813 (2.9115)  manuloss: 1.7351 (1.7949)  acc1: 7.4219 (8.1648)  acc5: 17.5781 (18.4436)  family_acc1: 42.9688 (42.0037)  manu_acc1: 61.7188 (60.7767)  time: 0.4473  data: 0.3501  max mem: 11360
Test:  [100/391]  eta: 0:02:05  sploss: 6.8283 (6.8459)  famloss: 3.0349 (2.9231)  manuloss: 1.8994 (1.8049)  acc1: 8.2031 (8.1799)  acc5: 18.3594 (18.2782)  family_acc1: 38.6719 (41.6190)  manu_acc1: 57.8125 (60.3148)  time: 0.4469  data: 0.3527  max mem: 11360
Test:  [150/391]  eta: 0:01:39  sploss: 6.7318 (6.8211)  famloss: 2.7129 (2.9020)  manuloss: 1.6199 (1.8014)  acc1: 8.2031 (8.0919)  acc5: 17.9688 (18.2637)  family_acc1: 44.5312 (41.7167)  manu_acc1: 63.2812 (60.0735)  time: 0.4459  data: 0.3491  max mem: 11360
Test:  [200/391]  eta: 0:01:17  sploss: 6.7833 (6.8272)  famloss: 3.0181 (2.9266)  manuloss: 1.9000 (1.8122)  acc1: 9.3750 (8.2187)  acc5: 18.7500 (18.2778)  family_acc1: 39.8438 (41.4315)  manu_acc1: 57.0312 (59.8803)  time: 0.2793  data: 0.1836  max mem: 11360
Test:  [250/391]  eta: 0:00:55  sploss: 6.6844 (6.8141)  famloss: 2.9550 (2.9448)  manuloss: 1.9346 (1.8482)  acc1: 8.2031 (8.2841)  acc5: 19.9219 (18.4403)  family_acc1: 40.6250 (41.0265)  manu_acc1: 55.0781 (58.8459)  time: 0.2636  data: 0.1697  max mem: 11360
Test:  [300/391]  eta: 0:00:36  sploss: 6.7180 (6.7885)  famloss: 2.7122 (2.9097)  manuloss: 1.6354 (1.8214)  acc1: 8.5938 (8.4056)  acc5: 19.1406 (18.6877)  family_acc1: 45.3125 (41.4815)  manu_acc1: 63.6719 (59.3633)  time: 0.4299  data: 0.3350  max mem: 11360
Test:  [350/391]  eta: 0:00:16  sploss: 6.8349 (6.7859)  famloss: 2.8564 (2.8958)  manuloss: 1.7152 (1.8029)  acc1: 7.4219 (8.3567)  acc5: 17.5781 (18.6131)  family_acc1: 42.1875 (41.6789)  manu_acc1: 60.5469 (59.7089)  time: 0.4337  data: 0.3387  max mem: 11360
Test:  [390/391]  eta: 0:00:00  sploss: 6.6821 (6.7749)  famloss: 2.7130 (2.8757)  manuloss: 1.5155 (1.7729)  acc1: 8.9844 (8.3600)  acc5: 18.7500 (18.6820)  family_acc1: 46.0938 (42.0780)  manu_acc1: 67.1875 (60.4580)  time: 0.4263  data: 0.3328  max mem: 11360
Test: Total time: 0:02:33 (0.3923 s / it)
* Acc@1 8.360 Acc@5 18.682 family@1 42.078 manu@1 60.458 sploss 6.775 fmloss 2.876 mfloss 1.773
Accuracy of the network on the 100000 test images: 8.4%
Max accuracy: 8.75%
Epoch: [52]  [ 0/78]  eta: 0:07:41  lr: 0.000126  sp_loss: 4.8804 (4.8804)  fam_loss: 3.5958 (3.5958)  manu_loss: 2.6260 (2.6260)  ot_loss: 0.8533 (0.8533)  base_loss: 5.2318 (5.2318)  time: 5.9181  data: 5.5852  max mem: 11360
Epoch: [52]  [50/78]  eta: 0:00:13  lr: 0.000126  sp_loss: 4.1216 (3.8287)  fam_loss: 3.1358 (2.9464)  manu_loss: 2.2919 (2.2106)  ot_loss: 0.8658 (0.9019)  base_loss: 4.6316 (4.4082)  time: 0.4056  data: 0.0992  max mem: 11360
Epoch: [52]  [77/78]  eta: 0:00:00  lr: 0.000126  sp_loss: 4.2924 (3.9553)  fam_loss: 3.1801 (3.0351)  manu_loss: 2.2898 (2.2697)  ot_loss: 0.8733 (0.8930)  base_loss: 4.7848 (4.5107)  time: 0.3549  data: 0.0755  max mem: 11360
Epoch: [52] Total time: 0:00:34 (0.4440 s / it)
Averaged stats: lr: 0.000126  sp_loss: 4.2924 (3.9553)  fam_loss: 3.1801 (3.0351)  manu_loss: 2.2898 (2.2697)  ot_loss: 0.8733 (0.8930)  base_loss: 4.7848 (4.5107)
Epoch: [53]  [ 0/78]  eta: 0:08:01  lr: 0.000122  sp_loss: 4.5296 (4.5296)  fam_loss: 3.4302 (3.4302)  manu_loss: 2.4968 (2.4968)  ot_loss: 0.8642 (0.8642)  base_loss: 4.9673 (4.9673)  time: 6.1704  data: 5.8222  max mem: 11360
Epoch: [53]  [50/78]  eta: 0:00:13  lr: 0.000122  sp_loss: 4.8618 (4.3832)  fam_loss: 3.5645 (3.3150)  manu_loss: 2.5898 (2.4563)  ot_loss: 0.8443 (0.8680)  base_loss: 5.1234 (4.8477)  time: 0.3970  data: 0.0947  max mem: 11360
Epoch: [53]  [77/78]  eta: 0:00:00  lr: 0.000122  sp_loss: 4.4063 (4.2940)  fam_loss: 3.3430 (3.2575)  manu_loss: 2.4101 (2.4147)  ot_loss: 0.8542 (0.8740)  base_loss: 4.8475 (4.7770)  time: 0.3629  data: 0.0840  max mem: 11360
Epoch: [53] Total time: 0:00:34 (0.4452 s / it)
Averaged stats: lr: 0.000122  sp_loss: 4.4063 (4.2940)  fam_loss: 3.3430 (3.2575)  manu_loss: 2.4101 (2.4147)  ot_loss: 0.8542 (0.8740)  base_loss: 4.8475 (4.7770)
Epoch: [54]  [ 0/78]  eta: 0:07:48  lr: 0.000119  sp_loss: 3.0352 (3.0352)  fam_loss: 2.4454 (2.4454)  manu_loss: 1.8494 (1.8494)  ot_loss: 0.9532 (0.9532)  base_loss: 3.7688 (3.7688)  time: 6.0128  data: 5.6847  max mem: 11360
Epoch: [54]  [50/78]  eta: 0:00:13  lr: 0.000119  sp_loss: 4.5435 (4.1507)  fam_loss: 3.4727 (3.1720)  manu_loss: 2.5109 (2.3572)  ot_loss: 0.8469 (0.8864)  base_loss: 4.9948 (4.6683)  time: 0.3983  data: 0.0957  max mem: 11360
Epoch: [54]  [77/78]  eta: 0:00:00  lr: 0.000119  sp_loss: 4.1093 (4.1192)  fam_loss: 3.1117 (3.1427)  manu_loss: 2.3732 (2.3466)  ot_loss: 0.8743 (0.8864)  base_loss: 4.6349 (4.6398)  time: 0.3465  data: 0.0693  max mem: 11360
Epoch: [54] Total time: 0:00:34 (0.4431 s / it)
Averaged stats: lr: 0.000119  sp_loss: 4.1093 (4.1192)  fam_loss: 3.1117 (3.1427)  manu_loss: 2.3732 (2.3466)  ot_loss: 0.8743 (0.8864)  base_loss: 4.6349 (4.6398)
Test:  [  0/391]  eta: 0:36:29  sploss: 6.7783 (6.7783)  famloss: 2.7228 (2.7228)  manuloss: 1.6369 (1.6369)  acc1: 9.3750 (9.3750)  acc5: 20.7031 (20.7031)  family_acc1: 43.3594 (43.3594)  manu_acc1: 60.9375 (60.9375)  time: 5.6001  data: 5.4893  max mem: 11360
Test:  [ 50/391]  eta: 0:02:48  sploss: 6.7888 (6.8362)  famloss: 2.8608 (2.8751)  manuloss: 1.7376 (1.7721)  acc1: 7.8125 (8.4023)  acc5: 17.5781 (18.5968)  family_acc1: 42.5781 (42.2718)  manu_acc1: 61.3281 (60.8150)  time: 0.4561  data: 0.3611  max mem: 11360
Test:  [100/391]  eta: 0:02:04  sploss: 6.8452 (6.8328)  famloss: 2.9993 (2.8857)  manuloss: 1.8670 (1.7840)  acc1: 7.4219 (8.3462)  acc5: 18.7500 (18.5605)  family_acc1: 38.6719 (41.9400)  manu_acc1: 58.9844 (60.4579)  time: 0.4278  data: 0.3315  max mem: 11360
Test:  [150/391]  eta: 0:01:38  sploss: 6.7341 (6.8073)  famloss: 2.6322 (2.8630)  manuloss: 1.5920 (1.7807)  acc1: 8.5938 (8.2963)  acc5: 19.1406 (18.4318)  family_acc1: 45.7031 (42.2444)  manu_acc1: 62.8906 (60.1976)  time: 0.4398  data: 0.3433  max mem: 11360
Test:  [200/391]  eta: 0:01:16  sploss: 6.7968 (6.8135)  famloss: 2.9330 (2.8854)  manuloss: 1.8767 (1.7886)  acc1: 8.5938 (8.4033)  acc5: 18.3594 (18.4585)  family_acc1: 40.2344 (42.0184)  manu_acc1: 58.2031 (60.1038)  time: 0.2626  data: 0.1685  max mem: 11360
Test:  [250/391]  eta: 0:00:55  sploss: 6.6602 (6.7992)  famloss: 2.8655 (2.9035)  manuloss: 1.8823 (1.8254)  acc1: 8.9844 (8.4910)  acc5: 19.5312 (18.6800)  family_acc1: 41.4062 (41.6537)  manu_acc1: 55.8594 (59.0778)  time: 0.2645  data: 0.1714  max mem: 11360
Test:  [300/391]  eta: 0:00:36  sploss: 6.6924 (6.7728)  famloss: 2.6639 (2.8688)  manuloss: 1.6211 (1.7979)  acc1: 8.5938 (8.5821)  acc5: 19.1406 (18.9174)  family_acc1: 46.4844 (42.1602)  manu_acc1: 64.0625 (59.6657)  time: 0.4270  data: 0.3325  max mem: 11360
Test:  [350/391]  eta: 0:00:16  sploss: 6.8035 (6.7700)  famloss: 2.8496 (2.8544)  manuloss: 1.6816 (1.7786)  acc1: 7.8125 (8.5693)  acc5: 17.9688 (18.8268)  family_acc1: 41.7969 (42.4190)  manu_acc1: 61.3281 (60.0783)  time: 0.4296  data: 0.3341  max mem: 11360
Test:  [390/391]  eta: 0:00:00  sploss: 6.6401 (6.7582)  famloss: 2.6584 (2.8334)  manuloss: 1.4103 (1.7475)  acc1: 8.2031 (8.5470)  acc5: 19.5312 (18.9080)  family_acc1: 46.4844 (42.8510)  manu_acc1: 68.3594 (60.8240)  time: 0.4076  data: 0.3150  max mem: 11360
Test: Total time: 0:02:32 (0.3908 s / it)
* Acc@1 8.547 Acc@5 18.908 family@1 42.851 manu@1 60.824 sploss 6.758 fmloss 2.833 mfloss 1.748
Accuracy of the network on the 100000 test images: 8.5%
Max accuracy: 8.75%
Epoch: [55]  [ 0/78]  eta: 0:08:13  lr: 0.000115  sp_loss: 4.9060 (4.9060)  fam_loss: 3.6065 (3.6065)  manu_loss: 2.6480 (2.6480)  ot_loss: 0.8474 (0.8474)  base_loss: 5.2480 (5.2480)  time: 6.3286  data: 5.9816  max mem: 11360
Epoch: [55]  [50/78]  eta: 0:00:14  lr: 0.000115  sp_loss: 4.2357 (4.1560)  fam_loss: 3.3081 (3.1517)  manu_loss: 2.2977 (2.3340)  ot_loss: 0.8733 (0.8830)  base_loss: 4.7339 (4.6604)  time: 0.4148  data: 0.1147  max mem: 11360
Epoch: [55]  [77/78]  eta: 0:00:00  lr: 0.000115  sp_loss: 4.5783 (4.1490)  fam_loss: 3.4637 (3.1472)  manu_loss: 2.5360 (2.3384)  ot_loss: 0.8562 (0.8841)  base_loss: 4.9970 (4.6565)  time: 0.3463  data: 0.0678  max mem: 11360
Epoch: [55] Total time: 0:00:35 (0.4491 s / it)
Averaged stats: lr: 0.000115  sp_loss: 4.5783 (4.1490)  fam_loss: 3.4637 (3.1472)  manu_loss: 2.5360 (2.3384)  ot_loss: 0.8562 (0.8841)  base_loss: 4.9970 (4.6565)
Epoch: [56]  [ 0/78]  eta: 0:07:36  lr: 0.000111  sp_loss: 4.6082 (4.6082)  fam_loss: 3.5141 (3.5141)  manu_loss: 2.5569 (2.5569)  ot_loss: 0.8452 (0.8452)  base_loss: 5.0243 (5.0243)  time: 5.8471  data: 5.4638  max mem: 11360
Epoch: [56]  [50/78]  eta: 0:00:13  lr: 0.000111  sp_loss: 4.2296 (4.1794)  fam_loss: 3.2142 (3.1719)  manu_loss: 2.4102 (2.3554)  ot_loss: 0.8642 (0.8821)  base_loss: 4.7278 (4.6800)  time: 0.4040  data: 0.1038  max mem: 11360
Epoch: [56]  [77/78]  eta: 0:00:00  lr: 0.000111  sp_loss: 4.6772 (4.2124)  fam_loss: 3.5934 (3.1935)  manu_loss: 2.5835 (2.3717)  ot_loss: 0.8482 (0.8800)  base_loss: 5.0946 (4.7060)  time: 0.3718  data: 0.0939  max mem: 11360
Epoch: [56] Total time: 0:00:34 (0.4436 s / it)
Averaged stats: lr: 0.000111  sp_loss: 4.6772 (4.2124)  fam_loss: 3.5934 (3.1935)  manu_loss: 2.5835 (2.3717)  ot_loss: 0.8482 (0.8800)  base_loss: 5.0946 (4.7060)
Epoch: [57]  [ 0/78]  eta: 0:07:49  lr: 0.000108  sp_loss: 3.2382 (3.2382)  fam_loss: 2.6234 (2.6234)  manu_loss: 2.0268 (2.0268)  ot_loss: 0.9488 (0.9488)  base_loss: 3.9754 (3.9754)  time: 6.0232  data: 5.6924  max mem: 11360
Epoch: [57]  [50/78]  eta: 0:00:13  lr: 0.000108  sp_loss: 4.3728 (4.0953)  fam_loss: 3.3554 (3.1546)  manu_loss: 2.4044 (2.3413)  ot_loss: 0.8767 (0.8853)  base_loss: 4.8427 (4.6241)  time: 0.3819  data: 0.0837  max mem: 11360
Epoch: [57]  [77/78]  eta: 0:00:00  lr: 0.000108  sp_loss: 4.5292 (4.1047)  fam_loss: 3.4680 (3.1533)  manu_loss: 2.4458 (2.3397)  ot_loss: 0.8545 (0.8854)  base_loss: 4.9666 (4.6281)  time: 0.3758  data: 0.0983  max mem: 11360
Epoch: [57] Total time: 0:00:34 (0.4467 s / it)
Averaged stats: lr: 0.000108  sp_loss: 4.5292 (4.1047)  fam_loss: 3.4680 (3.1533)  manu_loss: 2.4458 (2.3397)  ot_loss: 0.8545 (0.8854)  base_loss: 4.9666 (4.6281)
Test:  [  0/391]  eta: 0:38:16  sploss: 6.7677 (6.7677)  famloss: 2.7345 (2.7345)  manuloss: 1.6392 (1.6392)  acc1: 8.5938 (8.5938)  acc5: 21.4844 (21.4844)  family_acc1: 43.3594 (43.3594)  manu_acc1: 62.5000 (62.5000)  time: 5.8742  data: 5.7613  max mem: 11360
Test:  [ 50/391]  eta: 0:02:47  sploss: 6.7575 (6.7806)  famloss: 2.8745 (2.8777)  manuloss: 1.7172 (1.7752)  acc1: 8.5938 (8.9308)  acc5: 18.7500 (19.1253)  family_acc1: 43.3594 (42.9534)  manu_acc1: 61.7188 (61.4354)  time: 0.4414  data: 0.3443  max mem: 11360
Test:  [100/391]  eta: 0:02:06  sploss: 6.7817 (6.7749)  famloss: 3.0166 (2.8905)  manuloss: 1.8282 (1.7833)  acc1: 8.2031 (8.8722)  acc5: 18.7500 (19.0671)  family_acc1: 39.4531 (42.4312)  manu_acc1: 60.1562 (61.0574)  time: 0.4514  data: 0.3543  max mem: 11360
Test:  [150/391]  eta: 0:01:39  sploss: 6.6138 (6.7493)  famloss: 2.6613 (2.8647)  manuloss: 1.5923 (1.7778)  acc1: 8.9844 (8.7438)  acc5: 19.9219 (19.0630)  family_acc1: 46.4844 (42.8704)  manu_acc1: 64.0625 (60.8754)  time: 0.4318  data: 0.3359  max mem: 11360
Test:  [200/391]  eta: 0:01:16  sploss: 6.7399 (6.7577)  famloss: 3.0075 (2.8933)  manuloss: 1.9107 (1.7909)  acc1: 8.9844 (8.7764)  acc5: 19.1406 (19.0571)  family_acc1: 39.8438 (42.4946)  manu_acc1: 58.2031 (60.6266)  time: 0.2831  data: 0.1885  max mem: 11360
Test:  [250/391]  eta: 0:00:55  sploss: 6.6175 (6.7448)  famloss: 2.9035 (2.9091)  manuloss: 1.8980 (1.8237)  acc1: 9.3750 (8.8334)  acc5: 20.3125 (19.1998)  family_acc1: 42.1875 (42.1393)  manu_acc1: 57.8125 (59.7049)  time: 0.2673  data: 0.1739  max mem: 11360
Test:  [300/391]  eta: 0:00:36  sploss: 6.6447 (6.7176)  famloss: 2.6609 (2.8732)  manuloss: 1.5705 (1.7962)  acc1: 9.3750 (8.9935)  acc5: 20.3125 (19.4949)  family_acc1: 46.0938 (42.5651)  manu_acc1: 64.0625 (60.1913)  time: 0.4191  data: 0.3244  max mem: 11360
Test:  [350/391]  eta: 0:00:16  sploss: 6.7737 (6.7157)  famloss: 2.8400 (2.8590)  manuloss: 1.6821 (1.7784)  acc1: 8.2031 (8.9810)  acc5: 18.7500 (19.3799)  family_acc1: 42.1875 (42.7606)  manu_acc1: 62.5000 (60.5547)  time: 0.4382  data: 0.3416  max mem: 11360
Test:  [390/391]  eta: 0:00:00  sploss: 6.5932 (6.7048)  famloss: 2.6787 (2.8387)  manuloss: 1.4505 (1.7473)  acc1: 8.9844 (9.0090)  acc5: 19.5312 (19.4530)  family_acc1: 46.4844 (43.1490)  manu_acc1: 69.5312 (61.3750)  time: 0.4110  data: 0.3178  max mem: 11360
Test: Total time: 0:02:32 (0.3913 s / it)
* Acc@1 9.009 Acc@5 19.453 family@1 43.149 manu@1 61.375 sploss 6.705 fmloss 2.839 mfloss 1.747
Accuracy of the network on the 100000 test images: 9.0%
Max accuracy: 9.01%
Epoch: [58]  [ 0/78]  eta: 0:07:55  lr: 0.000104  sp_loss: 2.1776 (2.1776)  fam_loss: 1.8245 (1.8245)  manu_loss: 1.5201 (1.5201)  ot_loss: 1.0166 (1.0166)  base_loss: 3.1006 (3.1006)  time: 6.0919  data: 5.7545  max mem: 11360
Epoch: [58]  [50/78]  eta: 0:00:13  lr: 0.000104  sp_loss: 4.5539 (4.1500)  fam_loss: 3.2966 (3.1656)  manu_loss: 2.4208 (2.3210)  ot_loss: 0.8607 (0.8854)  base_loss: 4.9607 (4.6565)  time: 0.4083  data: 0.1056  max mem: 11360
Epoch: [58]  [77/78]  eta: 0:00:00  lr: 0.000104  sp_loss: 4.2794 (4.2223)  fam_loss: 3.2702 (3.2180)  manu_loss: 2.3632 (2.3594)  ot_loss: 0.8753 (0.8811)  base_loss: 4.8017 (4.7171)  time: 0.3604  data: 0.0833  max mem: 11360
Epoch: [58] Total time: 0:00:34 (0.4419 s / it)
Averaged stats: lr: 0.000104  sp_loss: 4.2794 (4.2223)  fam_loss: 3.2702 (3.2180)  manu_loss: 2.3632 (2.3594)  ot_loss: 0.8753 (0.8811)  base_loss: 4.8017 (4.7171)
Epoch: [59]  [ 0/78]  eta: 0:08:08  lr: 0.000100  sp_loss: 5.0925 (5.0925)  fam_loss: 3.7508 (3.7508)  manu_loss: 2.7717 (2.7717)  ot_loss: 0.8337 (0.8337)  base_loss: 5.4060 (5.4060)  time: 6.2661  data: 5.9175  max mem: 11360
Epoch: [59]  [50/78]  eta: 0:00:13  lr: 0.000100  sp_loss: 4.3966 (4.1406)  fam_loss: 3.3841 (3.1379)  manu_loss: 2.5257 (2.3231)  ot_loss: 0.8630 (0.8832)  base_loss: 4.8969 (4.6425)  time: 0.4045  data: 0.1011  max mem: 11360
Epoch: [59]  [77/78]  eta: 0:00:00  lr: 0.000100  sp_loss: 4.3752 (4.2200)  fam_loss: 3.4124 (3.1960)  manu_loss: 2.4973 (2.3680)  ot_loss: 0.8512 (0.8787)  base_loss: 4.8488 (4.7080)  time: 0.3523  data: 0.0752  max mem: 11360
Epoch: [59] Total time: 0:00:34 (0.4452 s / it)
Averaged stats: lr: 0.000100  sp_loss: 4.3752 (4.2200)  fam_loss: 3.4124 (3.1960)  manu_loss: 2.4973 (2.3680)  ot_loss: 0.8512 (0.8787)  base_loss: 4.8488 (4.7080)
Epoch: [60]  [ 0/78]  eta: 0:07:55  lr: 0.000097  sp_loss: 4.0079 (4.0079)  fam_loss: 3.0948 (3.0948)  manu_loss: 2.3007 (2.3007)  ot_loss: 0.9173 (0.9173)  base_loss: 4.5726 (4.5726)  time: 6.0981  data: 5.7631  max mem: 11360
Epoch: [60]  [50/78]  eta: 0:00:13  lr: 0.000097  sp_loss: 4.4000 (4.1642)  fam_loss: 3.3000 (3.1777)  manu_loss: 2.4706 (2.3512)  ot_loss: 0.8632 (0.8823)  base_loss: 4.8621 (4.6696)  time: 0.4010  data: 0.1034  max mem: 11360
Epoch: [60]  [77/78]  eta: 0:00:00  lr: 0.000097  sp_loss: 4.3913 (4.1798)  fam_loss: 3.3393 (3.1798)  manu_loss: 2.4918 (2.3522)  ot_loss: 0.8596 (0.8817)  base_loss: 4.8759 (4.6780)  time: 0.3693  data: 0.0923  max mem: 11360
Epoch: [60] Total time: 0:00:34 (0.4444 s / it)
Averaged stats: lr: 0.000097  sp_loss: 4.3913 (4.1798)  fam_loss: 3.3393 (3.1798)  manu_loss: 2.4918 (2.3522)  ot_loss: 0.8596 (0.8817)  base_loss: 4.8759 (4.6780)
Test:  [  0/391]  eta: 0:35:51  sploss: 6.7563 (6.7563)  famloss: 2.6589 (2.6589)  manuloss: 1.5869 (1.5869)  acc1: 10.9375 (10.9375)  acc5: 20.3125 (20.3125)  family_acc1: 44.1406 (44.1406)  manu_acc1: 63.6719 (63.6719)  time: 5.5027  data: 5.3881  max mem: 11360
Test:  [ 50/391]  eta: 0:02:44  sploss: 6.7553 (6.7874)  famloss: 2.8248 (2.8212)  manuloss: 1.6979 (1.7497)  acc1: 8.2031 (8.8925)  acc5: 17.9688 (19.1253)  family_acc1: 42.9688 (43.6198)  manu_acc1: 62.1094 (61.7647)  time: 0.4418  data: 0.3466  max mem: 11360
Test:  [100/391]  eta: 0:02:04  sploss: 6.7922 (6.7820)  famloss: 2.9668 (2.8309)  manuloss: 1.8030 (1.7543)  acc1: 8.5938 (8.8567)  acc5: 18.3594 (19.1290)  family_acc1: 39.8438 (43.0770)  manu_acc1: 59.7656 (61.3165)  time: 0.4384  data: 0.3432  max mem: 11360
Test:  [150/391]  eta: 0:01:38  sploss: 6.6376 (6.7521)  famloss: 2.5816 (2.8061)  manuloss: 1.5722 (1.7498)  acc1: 8.5938 (8.7567)  acc5: 19.1406 (19.0708)  family_acc1: 45.7031 (43.3128)  manu_acc1: 64.0625 (61.0746)  time: 0.4460  data: 0.3510  max mem: 11360
Test:  [200/391]  eta: 0:01:16  sploss: 6.7166 (6.7588)  famloss: 2.9294 (2.8326)  manuloss: 1.8601 (1.7602)  acc1: 9.7656 (8.8367)  acc5: 19.5312 (19.1290)  family_acc1: 41.4062 (42.9668)  manu_acc1: 59.3750 (60.9880)  time: 0.2839  data: 0.1888  max mem: 11360
Test:  [250/391]  eta: 0:00:55  sploss: 6.6034 (6.7447)  famloss: 2.8367 (2.8513)  manuloss: 1.8832 (1.7978)  acc1: 8.5938 (8.8723)  acc5: 20.3125 (19.2916)  family_acc1: 42.5781 (42.5237)  manu_acc1: 57.0312 (59.9679)  time: 0.2675  data: 0.1738  max mem: 11360
Test:  [300/391]  eta: 0:00:36  sploss: 6.6335 (6.7166)  famloss: 2.5722 (2.8149)  manuloss: 1.5377 (1.7697)  acc1: 8.9844 (8.9883)  acc5: 19.9219 (19.5468)  family_acc1: 46.8750 (43.0116)  manu_acc1: 65.6250 (60.4950)  time: 0.4357  data: 0.3395  max mem: 11360
Test:  [350/391]  eta: 0:00:16  sploss: 6.7640 (6.7137)  famloss: 2.8115 (2.7993)  manuloss: 1.6459 (1.7512)  acc1: 7.8125 (8.9599)  acc5: 17.9688 (19.4834)  family_acc1: 42.5781 (43.2447)  manu_acc1: 61.7188 (60.8429)  time: 0.4193  data: 0.3248  max mem: 11360
Test:  [390/391]  eta: 0:00:00  sploss: 6.5977 (6.7027)  famloss: 2.5954 (2.7785)  manuloss: 1.4115 (1.7185)  acc1: 8.5938 (8.9700)  acc5: 20.7031 (19.5510)  family_acc1: 46.8750 (43.6540)  manu_acc1: 69.1406 (61.6250)  time: 0.4211  data: 0.3279  max mem: 11360
Test: Total time: 0:02:33 (0.3914 s / it)
* Acc@1 8.970 Acc@5 19.551 family@1 43.654 manu@1 61.625 sploss 6.703 fmloss 2.778 mfloss 1.718
Accuracy of the network on the 100000 test images: 9.0%
Max accuracy: 9.01%
Epoch: [61]  [ 0/78]  eta: 0:07:43  lr: 0.000093  sp_loss: 2.6957 (2.6957)  fam_loss: 2.2714 (2.2714)  manu_loss: 1.6947 (1.6947)  ot_loss: 0.9645 (0.9645)  base_loss: 3.5259 (3.5259)  time: 5.9463  data: 5.6116  max mem: 11360
Epoch: [61]  [50/78]  eta: 0:00:13  lr: 0.000093  sp_loss: 4.3677 (4.0073)  fam_loss: 3.3302 (3.0713)  manu_loss: 2.4156 (2.2620)  ot_loss: 0.8687 (0.8891)  base_loss: 4.8279 (4.5412)  time: 0.4003  data: 0.1013  max mem: 11360
Epoch: [61]  [77/78]  eta: 0:00:00  lr: 0.000093  sp_loss: 4.1195 (4.0299)  fam_loss: 3.1250 (3.0783)  manu_loss: 2.3170 (2.2692)  ot_loss: 0.8663 (0.8875)  base_loss: 4.6301 (4.5565)  time: 0.3568  data: 0.0797  max mem: 11360
Epoch: [61] Total time: 0:00:34 (0.4480 s / it)
Averaged stats: lr: 0.000093  sp_loss: 4.1195 (4.0299)  fam_loss: 3.1250 (3.0783)  manu_loss: 2.3170 (2.2692)  ot_loss: 0.8663 (0.8875)  base_loss: 4.6301 (4.5565)
Epoch: [62]  [ 0/78]  eta: 0:07:54  lr: 0.000089  sp_loss: 5.2527 (5.2527)  fam_loss: 3.9152 (3.9152)  manu_loss: 3.0237 (3.0237)  ot_loss: 0.8146 (0.8146)  base_loss: 5.5732 (5.5732)  time: 6.0841  data: 5.7446  max mem: 11360
Epoch: [62]  [50/78]  eta: 0:00:13  lr: 0.000089  sp_loss: 3.9706 (3.7839)  fam_loss: 2.9239 (2.9111)  manu_loss: 2.2223 (2.1711)  ot_loss: 0.8830 (0.9001)  base_loss: 4.4762 (4.3560)  time: 0.4060  data: 0.1014  max mem: 11360
Epoch: [62]  [77/78]  eta: 0:00:00  lr: 0.000089  sp_loss: 3.6910 (3.8157)  fam_loss: 2.8302 (2.9302)  manu_loss: 2.1229 (2.1836)  ot_loss: 0.8829 (0.8968)  base_loss: 4.2831 (4.3797)  time: 0.3642  data: 0.0809  max mem: 11360
Epoch: [62] Total time: 0:00:34 (0.4414 s / it)
Averaged stats: lr: 0.000089  sp_loss: 3.6910 (3.8157)  fam_loss: 2.8302 (2.9302)  manu_loss: 2.1229 (2.1836)  ot_loss: 0.8829 (0.8968)  base_loss: 4.2831 (4.3797)
Epoch: [63]  [ 0/78]  eta: 0:08:03  lr: 0.000086  sp_loss: 5.2126 (5.2126)  fam_loss: 4.0111 (4.0111)  manu_loss: 2.8474 (2.8474)  ot_loss: 0.8289 (0.8289)  base_loss: 5.5550 (5.5550)  time: 6.1971  data: 5.8615  max mem: 11360
Epoch: [63]  [50/78]  eta: 0:00:14  lr: 0.000086  sp_loss: 4.0542 (4.0934)  fam_loss: 3.0954 (3.1365)  manu_loss: 2.2685 (2.3294)  ot_loss: 0.8890 (0.8839)  base_loss: 4.6065 (4.6144)  time: 0.4155  data: 0.1179  max mem: 11360
Epoch: [63]  [77/78]  eta: 0:00:00  lr: 0.000086  sp_loss: 4.6223 (4.1601)  fam_loss: 3.3384 (3.1755)  manu_loss: 2.4774 (2.3469)  ot_loss: 0.8644 (0.8798)  base_loss: 4.9922 (4.6629)  time: 0.3555  data: 0.0790  max mem: 11360
Epoch: [63] Total time: 0:00:34 (0.4485 s / it)
Averaged stats: lr: 0.000086  sp_loss: 4.6223 (4.1601)  fam_loss: 3.3384 (3.1755)  manu_loss: 2.4774 (2.3469)  ot_loss: 0.8644 (0.8798)  base_loss: 4.9922 (4.6629)
Test:  [  0/391]  eta: 0:39:36  sploss: 6.8301 (6.8301)  famloss: 2.7880 (2.7880)  manuloss: 1.6910 (1.6910)  acc1: 9.7656 (9.7656)  acc5: 20.3125 (20.3125)  family_acc1: 41.7969 (41.7969)  manu_acc1: 61.7188 (61.7188)  time: 6.0791  data: 5.9692  max mem: 11360
Test:  [ 50/391]  eta: 0:02:47  sploss: 6.8002 (6.8395)  famloss: 2.8934 (2.8928)  manuloss: 1.7102 (1.7883)  acc1: 8.5938 (8.6627)  acc5: 17.9688 (18.9798)  family_acc1: 43.3594 (42.8539)  manu_acc1: 63.2812 (61.5885)  time: 0.4562  data: 0.3605  max mem: 11360
Test:  [100/391]  eta: 0:02:05  sploss: 6.8350 (6.8332)  famloss: 3.0104 (2.8984)  manuloss: 1.8395 (1.7877)  acc1: 7.8125 (8.6904)  acc5: 18.7500 (18.9937)  family_acc1: 39.0625 (42.5046)  manu_acc1: 61.3281 (61.4093)  time: 0.4407  data: 0.3440  max mem: 11360
Test:  [150/391]  eta: 0:01:38  sploss: 6.7108 (6.8062)  famloss: 2.6626 (2.8746)  manuloss: 1.6291 (1.7896)  acc1: 9.3750 (8.7153)  acc5: 19.5312 (18.9880)  family_acc1: 45.7031 (42.7825)  manu_acc1: 64.0625 (61.0798)  time: 0.4378  data: 0.3417  max mem: 11360
Test:  [200/391]  eta: 0:01:17  sploss: 6.7830 (6.8139)  famloss: 2.9838 (2.9001)  manuloss: 1.8945 (1.7994)  acc1: 10.1562 (8.7920)  acc5: 19.5312 (18.9288)  family_acc1: 41.4062 (42.5801)  manu_acc1: 58.5938 (60.9569)  time: 0.3090  data: 0.2138  max mem: 11360
Test:  [250/391]  eta: 0:00:56  sploss: 6.6774 (6.7992)  famloss: 2.9222 (2.9186)  manuloss: 1.9506 (1.8382)  acc1: 8.9844 (8.8754)  acc5: 20.3125 (19.0877)  family_acc1: 41.7969 (42.1299)  manu_acc1: 56.2500 (59.8901)  time: 0.2657  data: 0.1718  max mem: 11360
Test:  [300/391]  eta: 0:00:36  sploss: 6.7114 (6.7719)  famloss: 2.6541 (2.8830)  manuloss: 1.5616 (1.8115)  acc1: 8.5938 (8.9506)  acc5: 20.7031 (19.3431)  family_acc1: 46.4844 (42.5872)  manu_acc1: 64.4531 (60.3963)  time: 0.3987  data: 0.3043  max mem: 11360
Test:  [350/391]  eta: 0:00:16  sploss: 6.8370 (6.7692)  famloss: 2.8377 (2.8671)  manuloss: 1.6982 (1.7929)  acc1: 7.8125 (8.9287)  acc5: 18.3594 (19.2731)  family_acc1: 42.9688 (42.8207)  manu_acc1: 61.3281 (60.7539)  time: 0.4245  data: 0.3305  max mem: 11360
Test:  [390/391]  eta: 0:00:00  sploss: 6.6647 (6.7593)  famloss: 2.6651 (2.8475)  manuloss: 1.4319 (1.7611)  acc1: 8.9844 (8.9520)  acc5: 19.5312 (19.3240)  family_acc1: 45.7031 (43.1820)  manu_acc1: 68.7500 (61.5370)  time: 0.4072  data: 0.3144  max mem: 11360
Test: Total time: 0:02:33 (0.3930 s / it)
* Acc@1 8.952 Acc@5 19.324 family@1 43.182 manu@1 61.537 sploss 6.759 fmloss 2.847 mfloss 1.761
Accuracy of the network on the 100000 test images: 9.0%
Max accuracy: 9.01%
Epoch: [64]  [ 0/78]  eta: 0:07:51  lr: 0.000082  sp_loss: 3.8816 (3.8816)  fam_loss: 2.9676 (2.9676)  manu_loss: 2.2077 (2.2077)  ot_loss: 0.9038 (0.9038)  base_loss: 4.4445 (4.4445)  time: 6.0504  data: 5.7218  max mem: 11360
Epoch: [64]  [50/78]  eta: 0:00:13  lr: 0.000082  sp_loss: 4.1136 (4.0042)  fam_loss: 3.1726 (3.0601)  manu_loss: 2.3343 (2.2784)  ot_loss: 0.8835 (0.8890)  base_loss: 4.6450 (4.5346)  time: 0.3955  data: 0.0980  max mem: 11360
Epoch: [64]  [77/78]  eta: 0:00:00  lr: 0.000082  sp_loss: 4.2565 (4.0112)  fam_loss: 3.0328 (3.0754)  manu_loss: 2.3639 (2.2888)  ot_loss: 0.8607 (0.8858)  base_loss: 4.6676 (4.5435)  time: 0.3580  data: 0.0747  max mem: 11360
Epoch: [64] Total time: 0:00:34 (0.4414 s / it)
Averaged stats: lr: 0.000082  sp_loss: 4.2565 (4.0112)  fam_loss: 3.0328 (3.0754)  manu_loss: 2.3639 (2.2888)  ot_loss: 0.8607 (0.8858)  base_loss: 4.6676 (4.5435)
Epoch: [65]  [ 0/78]  eta: 0:07:30  lr: 0.000079  sp_loss: 2.3718 (2.3718)  fam_loss: 1.9997 (1.9997)  manu_loss: 1.5393 (1.5393)  ot_loss: 0.9666 (0.9666)  base_loss: 3.2278 (3.2278)  time: 5.7739  data: 5.4450  max mem: 11360
Epoch: [65]  [50/78]  eta: 0:00:13  lr: 0.000079  sp_loss: 4.0458 (3.8601)  fam_loss: 3.0908 (2.9631)  manu_loss: 2.3030 (2.2203)  ot_loss: 0.8780 (0.8977)  base_loss: 4.5651 (4.4188)  time: 0.4101  data: 0.1063  max mem: 11360
Epoch: [65]  [77/78]  eta: 0:00:00  lr: 0.000079  sp_loss: 4.2102 (3.9567)  fam_loss: 3.3563 (3.0217)  manu_loss: 2.4744 (2.2554)  ot_loss: 0.8553 (0.8900)  base_loss: 4.7485 (4.4928)  time: 0.3671  data: 0.0860  max mem: 11360
Epoch: [65] Total time: 0:00:34 (0.4460 s / it)
Averaged stats: lr: 0.000079  sp_loss: 4.2102 (3.9567)  fam_loss: 3.3563 (3.0217)  manu_loss: 2.4744 (2.2554)  ot_loss: 0.8553 (0.8900)  base_loss: 4.7485 (4.4928)
Epoch: [66]  [ 0/78]  eta: 0:07:23  lr: 0.000076  sp_loss: 4.8010 (4.8010)  fam_loss: 3.6748 (3.6748)  manu_loss: 2.7788 (2.7788)  ot_loss: 0.8577 (0.8577)  base_loss: 5.2301 (5.2301)  time: 5.6912  data: 5.3627  max mem: 11360
Epoch: [66]  [50/78]  eta: 0:00:13  lr: 0.000076  sp_loss: 4.1696 (4.0587)  fam_loss: 3.0618 (3.1017)  manu_loss: 2.2747 (2.2839)  ot_loss: 0.8702 (0.8828)  base_loss: 4.7015 (4.5730)  time: 0.3911  data: 0.0910  max mem: 11360
Epoch: [66]  [77/78]  eta: 0:00:00  lr: 0.000076  sp_loss: 4.3817 (4.1086)  fam_loss: 3.3390 (3.1321)  manu_loss: 2.4201 (2.3148)  ot_loss: 0.8704 (0.8825)  base_loss: 4.8350 (4.6152)  time: 0.3817  data: 0.0995  max mem: 11360
Epoch: [66] Total time: 0:00:34 (0.4462 s / it)
Averaged stats: lr: 0.000076  sp_loss: 4.3817 (4.1086)  fam_loss: 3.3390 (3.1321)  manu_loss: 2.4201 (2.3148)  ot_loss: 0.8704 (0.8825)  base_loss: 4.8350 (4.6152)
Test:  [  0/391]  eta: 0:39:45  sploss: 6.8262 (6.8262)  famloss: 2.8064 (2.8064)  manuloss: 1.7083 (1.7083)  acc1: 9.3750 (9.3750)  acc5: 21.0938 (21.0938)  family_acc1: 43.7500 (43.7500)  manu_acc1: 62.1094 (62.1094)  time: 6.1010  data: 5.9848  max mem: 11360
Test:  [ 50/391]  eta: 0:02:47  sploss: 6.8040 (6.8539)  famloss: 2.9021 (2.9077)  manuloss: 1.7315 (1.7970)  acc1: 8.2031 (8.8848)  acc5: 18.7500 (18.7117)  family_acc1: 44.1406 (43.0836)  manu_acc1: 61.7188 (61.6958)  time: 0.4561  data: 0.3608  max mem: 11360
Test:  [100/391]  eta: 0:02:06  sploss: 6.8459 (6.8508)  famloss: 3.0241 (2.9167)  manuloss: 1.8649 (1.8057)  acc1: 7.8125 (8.7639)  acc5: 18.7500 (18.7693)  family_acc1: 40.2344 (42.8837)  manu_acc1: 59.7656 (61.3359)  time: 0.4361  data: 0.3414  max mem: 11360
Test:  [150/391]  eta: 0:01:39  sploss: 6.7498 (6.8271)  famloss: 2.6936 (2.8955)  manuloss: 1.6345 (1.8079)  acc1: 8.5938 (8.5989)  acc5: 18.7500 (18.7655)  family_acc1: 45.7031 (43.0231)  manu_acc1: 63.6719 (60.9608)  time: 0.4349  data: 0.3385  max mem: 11360
Test:  [200/391]  eta: 0:01:16  sploss: 6.8096 (6.8336)  famloss: 2.9672 (2.9206)  manuloss: 1.9011 (1.8166)  acc1: 9.3750 (8.6734)  acc5: 18.7500 (18.7422)  family_acc1: 41.0156 (42.7200)  manu_acc1: 58.5938 (60.8481)  time: 0.2657  data: 0.1714  max mem: 11360
Test:  [250/391]  eta: 0:00:55  sploss: 6.6849 (6.8184)  famloss: 2.9516 (2.9377)  manuloss: 1.9281 (1.8535)  acc1: 8.5938 (8.7198)  acc5: 19.5312 (18.8994)  family_acc1: 42.1875 (42.3929)  manu_acc1: 56.6406 (59.8357)  time: 0.2713  data: 0.1770  max mem: 11360
Test:  [300/391]  eta: 0:00:36  sploss: 6.7173 (6.7935)  famloss: 2.7015 (2.9039)  manuloss: 1.5626 (1.8259)  acc1: 8.5938 (8.8273)  acc5: 20.3125 (19.1497)  family_acc1: 46.8750 (42.8273)  manu_acc1: 65.6250 (60.3639)  time: 0.4295  data: 0.3356  max mem: 11360
Test:  [350/391]  eta: 0:00:16  sploss: 6.8456 (6.7928)  famloss: 2.8955 (2.8906)  manuloss: 1.7224 (1.8086)  acc1: 8.2031 (8.7752)  acc5: 17.5781 (19.0616)  family_acc1: 42.5781 (43.0422)  manu_acc1: 61.7188 (60.7194)  time: 0.4282  data: 0.3338  max mem: 11360
Test:  [390/391]  eta: 0:00:00  sploss: 6.6848 (6.7830)  famloss: 2.6855 (2.8713)  manuloss: 1.4574 (1.7770)  acc1: 8.9844 (8.7820)  acc5: 18.7500 (19.1100)  family_acc1: 45.7031 (43.4190)  manu_acc1: 67.9688 (61.5070)  time: 0.4181  data: 0.3254  max mem: 11360
Test: Total time: 0:02:33 (0.3928 s / it)
* Acc@1 8.782 Acc@5 19.110 family@1 43.419 manu@1 61.507 sploss 6.783 fmloss 2.871 mfloss 1.777
Accuracy of the network on the 100000 test images: 8.8%
Max accuracy: 9.01%
Epoch: [67]  [ 0/78]  eta: 0:07:31  lr: 0.000072  sp_loss: 2.1463 (2.1463)  fam_loss: 1.8465 (1.8465)  manu_loss: 1.4004 (1.4004)  ot_loss: 0.9841 (0.9841)  base_loss: 3.0339 (3.0339)  time: 5.7846  data: 5.4498  max mem: 11360
Epoch: [67]  [50/78]  eta: 0:00:13  lr: 0.000072  sp_loss: 4.2195 (4.0716)  fam_loss: 3.1559 (3.1129)  manu_loss: 2.3278 (2.3164)  ot_loss: 0.8806 (0.8847)  base_loss: 4.6877 (4.5889)  time: 0.4079  data: 0.1079  max mem: 11360
Epoch: [67]  [77/78]  eta: 0:00:00  lr: 0.000072  sp_loss: 4.4627 (4.1367)  fam_loss: 3.2893 (3.1526)  manu_loss: 2.4896 (2.3440)  ot_loss: 0.8622 (0.8821)  base_loss: 4.8891 (4.6418)  time: 0.3674  data: 0.0889  max mem: 11360
Epoch: [67] Total time: 0:00:34 (0.4458 s / it)
Averaged stats: lr: 0.000072  sp_loss: 4.4627 (4.1367)  fam_loss: 3.2893 (3.1526)  manu_loss: 2.4896 (2.3440)  ot_loss: 0.8622 (0.8821)  base_loss: 4.8891 (4.6418)
Epoch: [68]  [ 0/78]  eta: 0:08:01  lr: 0.000069  sp_loss: 3.6054 (3.6054)  fam_loss: 2.7092 (2.7092)  manu_loss: 2.0159 (2.0159)  ot_loss: 0.9063 (0.9063)  base_loss: 4.1872 (4.1872)  time: 6.1768  data: 5.8357  max mem: 11360
Epoch: [68]  [50/78]  eta: 0:00:13  lr: 0.000069  sp_loss: 4.5809 (3.9026)  fam_loss: 3.3955 (2.9946)  manu_loss: 2.5169 (2.2311)  ot_loss: 0.8532 (0.8949)  base_loss: 4.9621 (4.4510)  time: 0.3942  data: 0.0974  max mem: 11360
Epoch: [68]  [77/78]  eta: 0:00:00  lr: 0.000069  sp_loss: 3.7711 (3.8530)  fam_loss: 2.7972 (2.9547)  manu_loss: 2.0766 (2.1996)  ot_loss: 0.9036 (0.8950)  base_loss: 4.3132 (4.4067)  time: 0.3558  data: 0.0782  max mem: 11360
Epoch: [68] Total time: 0:00:34 (0.4447 s / it)
Averaged stats: lr: 0.000069  sp_loss: 3.7711 (3.8530)  fam_loss: 2.7972 (2.9547)  manu_loss: 2.0766 (2.1996)  ot_loss: 0.9036 (0.8950)  base_loss: 4.3132 (4.4067)
Epoch: [69]  [ 0/78]  eta: 0:07:50  lr: 0.000066  sp_loss: 2.9799 (2.9799)  fam_loss: 2.3905 (2.3905)  manu_loss: 1.7535 (1.7535)  ot_loss: 0.9465 (0.9465)  base_loss: 3.6913 (3.6913)  time: 6.0269  data: 5.6556  max mem: 11360
Epoch: [69]  [50/78]  eta: 0:00:14  lr: 0.000066  sp_loss: 3.9575 (3.9718)  fam_loss: 3.1108 (3.0334)  manu_loss: 2.3300 (2.2448)  ot_loss: 0.8657 (0.8899)  base_loss: 4.5222 (4.4980)  time: 0.4394  data: 0.1409  max mem: 11360
Epoch: [69]  [77/78]  eta: 0:00:00  lr: 0.000066  sp_loss: 4.4371 (3.9778)  fam_loss: 3.3187 (3.0459)  manu_loss: 2.3485 (2.2577)  ot_loss: 0.8571 (0.8875)  base_loss: 4.8322 (4.5058)  time: 0.3758  data: 0.0964  max mem: 11360
Epoch: [69] Total time: 0:00:35 (0.4591 s / it)
Averaged stats: lr: 0.000066  sp_loss: 4.4371 (3.9778)  fam_loss: 3.3187 (3.0459)  manu_loss: 2.3485 (2.2577)  ot_loss: 0.8571 (0.8875)  base_loss: 4.8322 (4.5058)
Test:  [  0/391]  eta: 0:37:30  sploss: 6.8109 (6.8109)  famloss: 2.8141 (2.8141)  manuloss: 1.6660 (1.6660)  acc1: 9.3750 (9.3750)  acc5: 21.0938 (21.0938)  family_acc1: 44.5312 (44.5312)  manu_acc1: 60.5469 (60.5469)  time: 5.7546  data: 5.6445  max mem: 11360
Test:  [ 50/391]  eta: 0:02:47  sploss: 6.7805 (6.8357)  famloss: 2.9359 (2.9109)  manuloss: 1.7664 (1.8038)  acc1: 8.2031 (8.7623)  acc5: 18.3594 (18.9951)  family_acc1: 43.7500 (43.5432)  manu_acc1: 62.1094 (62.0558)  time: 0.4448  data: 0.3493  max mem: 11360
Test:  [100/391]  eta: 0:02:05  sploss: 6.8293 (6.8303)  famloss: 3.0494 (2.9215)  manuloss: 1.8912 (1.8105)  acc1: 8.2031 (8.7214)  acc5: 19.1406 (19.0671)  family_acc1: 39.0625 (43.0654)  manu_acc1: 60.5469 (61.6453)  time: 0.4404  data: 0.3413  max mem: 11360
Test:  [150/391]  eta: 0:01:38  sploss: 6.7479 (6.8081)  famloss: 2.7186 (2.8968)  manuloss: 1.6478 (1.8082)  acc1: 8.5938 (8.6714)  acc5: 19.5312 (19.0708)  family_acc1: 46.0938 (43.2921)  manu_acc1: 64.0625 (61.2893)  time: 0.4358  data: 0.3409  max mem: 11360
Test:  [200/391]  eta: 0:01:16  sploss: 6.8070 (6.8159)  famloss: 3.0112 (2.9238)  manuloss: 1.9026 (1.8172)  acc1: 10.1562 (8.7725)  acc5: 19.9219 (19.0668)  family_acc1: 41.4062 (42.9610)  manu_acc1: 58.9844 (61.1765)  time: 0.2734  data: 0.1788  max mem: 11360
Test:  [250/391]  eta: 0:00:55  sploss: 6.6701 (6.8025)  famloss: 2.9493 (2.9403)  manuloss: 1.9334 (1.8540)  acc1: 8.9844 (8.8536)  acc5: 20.3125 (19.2247)  family_acc1: 42.5781 (42.6326)  manu_acc1: 57.4219 (60.1952)  time: 0.2686  data: 0.1744  max mem: 11360
Test:  [300/391]  eta: 0:00:36  sploss: 6.7289 (6.7773)  famloss: 2.6980 (2.9054)  manuloss: 1.5971 (1.8271)  acc1: 8.9844 (8.9636)  acc5: 20.7031 (19.4703)  family_acc1: 48.0469 (43.1323)  manu_acc1: 65.6250 (60.7195)  time: 0.4263  data: 0.3306  max mem: 11360
Test:  [350/391]  eta: 0:00:16  sploss: 6.8259 (6.7754)  famloss: 2.8854 (2.8913)  manuloss: 1.7167 (1.8089)  acc1: 7.8125 (8.9476)  acc5: 17.9688 (19.4022)  family_acc1: 41.7969 (43.3560)  manu_acc1: 62.5000 (61.0844)  time: 0.4396  data: 0.3452  max mem: 11360
Test:  [390/391]  eta: 0:00:00  sploss: 6.6540 (6.7650)  famloss: 2.6901 (2.8720)  manuloss: 1.4569 (1.7774)  acc1: 8.9844 (8.9470)  acc5: 19.5312 (19.4490)  family_acc1: 45.7031 (43.7210)  manu_acc1: 68.3594 (61.8500)  time: 0.4101  data: 0.3181  max mem: 11360
Test: Total time: 0:02:33 (0.3918 s / it)
* Acc@1 8.947 Acc@5 19.449 family@1 43.721 manu@1 61.850 sploss 6.765 fmloss 2.872 mfloss 1.777
Accuracy of the network on the 100000 test images: 8.9%
Max accuracy: 9.01%
Epoch: [70]  [ 0/78]  eta: 0:07:48  lr: 0.000063  sp_loss: 4.7185 (4.7185)  fam_loss: 3.3765 (3.3765)  manu_loss: 2.5508 (2.5508)  ot_loss: 0.8594 (0.8594)  base_loss: 5.0690 (5.0690)  time: 6.0093  data: 5.6791  max mem: 11360
Epoch: [70]  [50/78]  eta: 0:00:13  lr: 0.000063  sp_loss: 4.3465 (4.0065)  fam_loss: 3.2828 (3.0607)  manu_loss: 2.3775 (2.2457)  ot_loss: 0.8604 (0.8871)  base_loss: 4.8219 (4.5274)  time: 0.3898  data: 0.0905  max mem: 11360
Epoch: [70]  [77/78]  eta: 0:00:00  lr: 0.000063  sp_loss: 4.1446 (3.9309)  fam_loss: 3.1671 (3.0080)  manu_loss: 2.3249 (2.2222)  ot_loss: 0.8869 (0.8920)  base_loss: 4.6832 (4.4675)  time: 0.3675  data: 0.0906  max mem: 11360
Epoch: [70] Total time: 0:00:34 (0.4476 s / it)
Averaged stats: lr: 0.000063  sp_loss: 4.1446 (3.9309)  fam_loss: 3.1671 (3.0080)  manu_loss: 2.3249 (2.2222)  ot_loss: 0.8869 (0.8920)  base_loss: 4.6832 (4.4675)
Epoch: [71]  [ 0/78]  eta: 0:08:07  lr: 0.000059  sp_loss: 3.7027 (3.7027)  fam_loss: 2.9512 (2.9512)  manu_loss: 2.1794 (2.1794)  ot_loss: 0.8796 (0.8796)  base_loss: 4.3041 (4.3041)  time: 6.2467  data: 5.9129  max mem: 11360
Epoch: [71]  [50/78]  eta: 0:00:13  lr: 0.000059  sp_loss: 4.2267 (3.8535)  fam_loss: 3.2733 (2.9735)  manu_loss: 2.3369 (2.2115)  ot_loss: 0.8641 (0.8948)  base_loss: 4.7304 (4.4125)  time: 0.3918  data: 0.0904  max mem: 11360
Epoch: [71]  [77/78]  eta: 0:00:00  lr: 0.000059  sp_loss: 4.0747 (3.8446)  fam_loss: 3.1356 (2.9704)  manu_loss: 2.3325 (2.2037)  ot_loss: 0.8705 (0.8941)  base_loss: 4.5916 (4.4044)  time: 0.3779  data: 0.0921  max mem: 11360
Epoch: [71] Total time: 0:00:34 (0.4410 s / it)
Averaged stats: lr: 0.000059  sp_loss: 4.0747 (3.8446)  fam_loss: 3.1356 (2.9704)  manu_loss: 2.3325 (2.2037)  ot_loss: 0.8705 (0.8941)  base_loss: 4.5916 (4.4044)
Epoch: [72]  [ 0/78]  eta: 0:08:13  lr: 0.000056  sp_loss: 2.6430 (2.6430)  fam_loss: 2.1482 (2.1482)  manu_loss: 1.6903 (1.6903)  ot_loss: 0.9679 (0.9679)  base_loss: 3.4384 (3.4384)  time: 6.3324  data: 6.0012  max mem: 11360
Epoch: [72]  [50/78]  eta: 0:00:13  lr: 0.000056  sp_loss: 3.9203 (3.9700)  fam_loss: 2.9712 (3.0063)  manu_loss: 2.2248 (2.2310)  ot_loss: 0.8735 (0.8883)  base_loss: 4.4517 (4.4880)  time: 0.3910  data: 0.0913  max mem: 11360
Epoch: [72]  [77/78]  eta: 0:00:00  lr: 0.000056  sp_loss: 4.1804 (4.0007)  fam_loss: 3.2595 (3.0405)  manu_loss: 2.3787 (2.2461)  ot_loss: 0.8711 (0.8867)  base_loss: 4.6876 (4.5166)  time: 0.3631  data: 0.0817  max mem: 11360
Epoch: [72] Total time: 0:00:34 (0.4419 s / it)
Averaged stats: lr: 0.000056  sp_loss: 4.1804 (4.0007)  fam_loss: 3.2595 (3.0405)  manu_loss: 2.3787 (2.2461)  ot_loss: 0.8711 (0.8867)  base_loss: 4.6876 (4.5166)
Test:  [  0/391]  eta: 0:36:44  sploss: 6.8138 (6.8138)  famloss: 2.8196 (2.8196)  manuloss: 1.6729 (1.6729)  acc1: 8.9844 (8.9844)  acc5: 19.9219 (19.9219)  family_acc1: 44.1406 (44.1406)  manu_acc1: 62.1094 (62.1094)  time: 5.6385  data: 5.5121  max mem: 11360
Test:  [ 50/391]  eta: 0:02:49  sploss: 6.7819 (6.8329)  famloss: 2.9128 (2.9316)  manuloss: 1.7571 (1.8114)  acc1: 8.5938 (8.8542)  acc5: 18.3594 (19.1942)  family_acc1: 43.3594 (43.3058)  manu_acc1: 62.5000 (61.7647)  time: 0.4502  data: 0.3524  max mem: 11360
Test:  [100/391]  eta: 0:02:07  sploss: 6.8274 (6.8294)  famloss: 3.0651 (2.9385)  manuloss: 1.9342 (1.8159)  acc1: 8.5938 (8.8335)  acc5: 19.5312 (19.1445)  family_acc1: 39.4531 (42.9881)  manu_acc1: 60.1562 (61.5176)  time: 0.4361  data: 0.3416  max mem: 11360
Test:  [150/391]  eta: 0:01:40  sploss: 6.7597 (6.8066)  famloss: 2.7016 (2.9146)  manuloss: 1.6550 (1.8141)  acc1: 8.2031 (8.7619)  acc5: 19.5312 (19.1872)  family_acc1: 46.0938 (43.2171)  manu_acc1: 63.6719 (61.2169)  time: 0.4489  data: 0.3500  max mem: 11360
Test:  [200/391]  eta: 0:01:16  sploss: 6.8215 (6.8130)  famloss: 3.0288 (2.9406)  manuloss: 1.9536 (1.8252)  acc1: 10.1562 (8.8833)  acc5: 19.5312 (19.1698)  family_acc1: 41.0156 (42.9454)  manu_acc1: 59.7656 (61.0677)  time: 0.2883  data: 0.1934  max mem: 11360
Test:  [250/391]  eta: 0:00:56  sploss: 6.6592 (6.7981)  famloss: 2.9485 (2.9559)  manuloss: 1.9252 (1.8622)  acc1: 9.3750 (8.9517)  acc5: 19.9219 (19.3663)  family_acc1: 42.5781 (42.6342)  manu_acc1: 57.0312 (60.0862)  time: 0.2643  data: 0.1702  max mem: 11360
Test:  [300/391]  eta: 0:00:36  sploss: 6.7188 (6.7733)  famloss: 2.7039 (2.9188)  manuloss: 1.5668 (1.8325)  acc1: 8.5938 (9.0493)  acc5: 20.3125 (19.5896)  family_acc1: 48.4375 (43.1582)  manu_acc1: 65.2344 (60.6779)  time: 0.4419  data: 0.3478  max mem: 11360
Test:  [350/391]  eta: 0:00:16  sploss: 6.8222 (6.7714)  famloss: 2.8799 (2.9037)  manuloss: 1.7406 (1.8135)  acc1: 8.2031 (9.0211)  acc5: 18.3594 (19.4901)  family_acc1: 43.7500 (43.4351)  manu_acc1: 61.3281 (61.0510)  time: 0.4347  data: 0.3390  max mem: 11360
Test:  [390/391]  eta: 0:00:00  sploss: 6.6386 (6.7628)  famloss: 2.7125 (2.8852)  manuloss: 1.4570 (1.7821)  acc1: 8.5938 (9.0360)  acc5: 20.3125 (19.5730)  family_acc1: 46.0938 (43.8170)  manu_acc1: 69.1406 (61.8210)  time: 0.4058  data: 0.3129  max mem: 11360
Test: Total time: 0:02:34 (0.3947 s / it)
* Acc@1 9.036 Acc@5 19.573 family@1 43.817 manu@1 61.821 sploss 6.763 fmloss 2.885 mfloss 1.782
Accuracy of the network on the 100000 test images: 9.0%
Max accuracy: 9.04%
Epoch: [73]  [ 0/78]  eta: 0:08:02  lr: 0.000054  sp_loss: 2.0031 (2.0031)  fam_loss: 1.7373 (1.7373)  manu_loss: 1.2539 (1.2539)  ot_loss: 0.9917 (0.9917)  base_loss: 2.8913 (2.8913)  time: 6.1816  data: 5.7658  max mem: 11360
Epoch: [73]  [50/78]  eta: 0:00:14  lr: 0.000054  sp_loss: 3.8969 (3.7352)  fam_loss: 3.0795 (2.8674)  manu_loss: 2.2017 (2.1464)  ot_loss: 0.8802 (0.8983)  base_loss: 4.4688 (4.3045)  time: 0.4053  data: 0.1062  max mem: 11360
Epoch: [73]  [77/78]  eta: 0:00:00  lr: 0.000054  sp_loss: 4.1998 (3.8640)  fam_loss: 3.0712 (2.9605)  manu_loss: 2.2876 (2.2097)  ot_loss: 0.8741 (0.8917)  base_loss: 4.6446 (4.4118)  time: 0.3478  data: 0.0711  max mem: 11360
Epoch: [73] Total time: 0:00:34 (0.4451 s / it)
Averaged stats: lr: 0.000054  sp_loss: 4.1998 (3.8640)  fam_loss: 3.0712 (2.9605)  manu_loss: 2.2876 (2.2097)  ot_loss: 0.8741 (0.8917)  base_loss: 4.6446 (4.4118)
Epoch: [74]  [ 0/78]  eta: 0:07:33  lr: 0.000051  sp_loss: 2.5089 (2.5089)  fam_loss: 2.0185 (2.0185)  manu_loss: 1.5031 (1.5031)  ot_loss: 0.9580 (0.9580)  base_loss: 3.2944 (3.2944)  time: 5.8098  data: 5.4799  max mem: 11360
Epoch: [74]  [50/78]  eta: 0:00:13  lr: 0.000051  sp_loss: 4.5412 (3.8653)  fam_loss: 3.2360 (2.9661)  manu_loss: 2.3427 (2.2117)  ot_loss: 0.8636 (0.8904)  base_loss: 4.8823 (4.4142)  time: 0.4121  data: 0.1124  max mem: 11360
Epoch: [74]  [77/78]  eta: 0:00:00  lr: 0.000051  sp_loss: 3.8791 (3.9202)  fam_loss: 2.9647 (2.9993)  manu_loss: 2.2528 (2.2281)  ot_loss: 0.8766 (0.8884)  base_loss: 4.4363 (4.4558)  time: 0.3684  data: 0.0910  max mem: 11360
Epoch: [74] Total time: 0:00:34 (0.4487 s / it)
Averaged stats: lr: 0.000051  sp_loss: 3.8791 (3.9202)  fam_loss: 2.9647 (2.9993)  manu_loss: 2.2528 (2.2281)  ot_loss: 0.8766 (0.8884)  base_loss: 4.4363 (4.4558)
Epoch: [75]  [ 0/78]  eta: 0:07:44  lr: 0.000048  sp_loss: 2.7479 (2.7479)  fam_loss: 2.1388 (2.1388)  manu_loss: 1.7014 (1.7014)  ot_loss: 0.9440 (0.9440)  base_loss: 3.4865 (3.4865)  time: 5.9612  data: 5.6353  max mem: 11360
Epoch: [75]  [50/78]  eta: 0:00:13  lr: 0.000048  sp_loss: 3.0523 (3.9597)  fam_loss: 2.4017 (3.0317)  manu_loss: 1.9232 (2.2393)  ot_loss: 0.9094 (0.8871)  base_loss: 3.7627 (4.4890)  time: 0.4017  data: 0.0964  max mem: 11360
Epoch: [75]  [77/78]  eta: 0:00:00  lr: 0.000048  sp_loss: 4.4001 (4.0003)  fam_loss: 3.2837 (3.0384)  manu_loss: 2.4442 (2.2466)  ot_loss: 0.8626 (0.8863)  base_loss: 4.8743 (4.5146)  time: 0.3695  data: 0.0890  max mem: 11360
Epoch: [75] Total time: 0:00:34 (0.4425 s / it)
Averaged stats: lr: 0.000048  sp_loss: 4.4001 (4.0003)  fam_loss: 3.2837 (3.0384)  manu_loss: 2.4442 (2.2466)  ot_loss: 0.8626 (0.8863)  base_loss: 4.8743 (4.5146)
Test:  [  0/391]  eta: 0:37:25  sploss: 6.8453 (6.8453)  famloss: 2.8074 (2.8074)  manuloss: 1.6883 (1.6883)  acc1: 8.9844 (8.9844)  acc5: 19.5312 (19.5312)  family_acc1: 42.9688 (42.9688)  manu_acc1: 62.8906 (62.8906)  time: 5.7437  data: 5.6326  max mem: 11360
Test:  [ 50/391]  eta: 0:02:45  sploss: 6.8142 (6.8616)  famloss: 2.9467 (2.9367)  manuloss: 1.7622 (1.8053)  acc1: 8.5938 (8.7163)  acc5: 17.9688 (18.7960)  family_acc1: 43.3594 (43.5738)  manu_acc1: 62.8906 (61.8336)  time: 0.4334  data: 0.3389  max mem: 11360
Test:  [100/391]  eta: 0:02:04  sploss: 6.8742 (6.8576)  famloss: 3.0466 (2.9421)  manuloss: 1.8577 (1.8083)  acc1: 8.5938 (8.8258)  acc5: 18.7500 (18.9086)  family_acc1: 39.4531 (43.1969)  manu_acc1: 58.9844 (61.6221)  time: 0.4439  data: 0.3466  max mem: 11360
Test:  [150/391]  eta: 0:01:38  sploss: 6.7780 (6.8345)  famloss: 2.7146 (2.9192)  manuloss: 1.6355 (1.8068)  acc1: 8.2031 (8.6998)  acc5: 19.5312 (18.9466)  family_acc1: 46.0938 (43.4422)  manu_acc1: 64.0625 (61.3204)  time: 0.4377  data: 0.3421  max mem: 11360
Test:  [200/391]  eta: 0:01:16  sploss: 6.8357 (6.8409)  famloss: 3.0159 (2.9438)  manuloss: 1.9127 (1.8155)  acc1: 9.7656 (8.8095)  acc5: 19.9219 (18.9132)  family_acc1: 41.7969 (43.2000)  manu_acc1: 59.3750 (61.2310)  time: 0.2801  data: 0.1856  max mem: 11360
Test:  [250/391]  eta: 0:00:55  sploss: 6.6832 (6.8258)  famloss: 2.9334 (2.9599)  manuloss: 1.9351 (1.8531)  acc1: 9.7656 (8.8739)  acc5: 20.3125 (19.0799)  family_acc1: 42.1875 (42.8442)  manu_acc1: 57.8125 (60.2776)  time: 0.2598  data: 0.1668  max mem: 11360
Test:  [300/391]  eta: 0:00:36  sploss: 6.7560 (6.8000)  famloss: 2.6596 (2.9236)  manuloss: 1.5721 (1.8241)  acc1: 8.9844 (8.9610)  acc5: 20.3125 (19.3457)  family_acc1: 47.2656 (43.3762)  manu_acc1: 65.2344 (60.8285)  time: 0.4061  data: 0.3106  max mem: 11360
Test:  [350/391]  eta: 0:00:16  sploss: 6.8489 (6.7977)  famloss: 2.9085 (2.9091)  manuloss: 1.7668 (1.8057)  acc1: 8.2031 (8.9432)  acc5: 18.7500 (19.2719)  family_acc1: 42.9688 (43.5897)  manu_acc1: 62.5000 (61.1757)  time: 0.4452  data: 0.3496  max mem: 11360
Test:  [390/391]  eta: 0:00:00  sploss: 6.6725 (6.7888)  famloss: 2.7160 (2.8898)  manuloss: 1.4263 (1.7731)  acc1: 8.5938 (8.9450)  acc5: 20.3125 (19.3560)  family_acc1: 46.4844 (43.9710)  manu_acc1: 69.1406 (61.9700)  time: 0.4140  data: 0.3206  max mem: 11360
Test: Total time: 0:02:32 (0.3895 s / it)
* Acc@1 8.945 Acc@5 19.356 family@1 43.971 manu@1 61.970 sploss 6.789 fmloss 2.890 mfloss 1.773
Accuracy of the network on the 100000 test images: 8.9%
Max accuracy: 9.04%
Epoch: [76]  [ 0/78]  eta: 0:08:12  lr: 0.000045  sp_loss: 4.6644 (4.6644)  fam_loss: 3.3846 (3.3846)  manu_loss: 2.4937 (2.4937)  ot_loss: 0.8432 (0.8432)  base_loss: 5.0233 (5.0233)  time: 6.3120  data: 5.9690  max mem: 11360
Epoch: [76]  [50/78]  eta: 0:00:14  lr: 0.000045  sp_loss: 4.4333 (4.0030)  fam_loss: 3.3659 (3.0555)  manu_loss: 2.4737 (2.2731)  ot_loss: 0.8655 (0.8854)  base_loss: 4.8575 (4.5255)  time: 0.4034  data: 0.1045  max mem: 11360
Epoch: [76]  [77/78]  eta: 0:00:00  lr: 0.000045  sp_loss: 3.9587 (3.9842)  fam_loss: 3.0238 (3.0426)  manu_loss: 2.1778 (2.2620)  ot_loss: 0.8863 (0.8859)  base_loss: 4.4576 (4.5091)  time: 0.3610  data: 0.0834  max mem: 11360
Epoch: [76] Total time: 0:00:34 (0.4485 s / it)
Averaged stats: lr: 0.000045  sp_loss: 3.9587 (3.9842)  fam_loss: 3.0238 (3.0426)  manu_loss: 2.1778 (2.2620)  ot_loss: 0.8863 (0.8859)  base_loss: 4.4576 (4.5091)
Epoch: [77]  [ 0/78]  eta: 0:07:37  lr: 0.000043  sp_loss: 4.2818 (4.2818)  fam_loss: 3.3186 (3.3186)  manu_loss: 2.4705 (2.4705)  ot_loss: 0.8584 (0.8584)  base_loss: 4.7641 (4.7641)  time: 5.8669  data: 5.5366  max mem: 11360
Epoch: [77]  [50/78]  eta: 0:00:13  lr: 0.000043  sp_loss: 4.0058 (3.8156)  fam_loss: 3.1016 (2.9318)  manu_loss: 2.2425 (2.1788)  ot_loss: 0.8740 (0.8916)  base_loss: 4.5399 (4.3689)  time: 0.3889  data: 0.0892  max mem: 11360
Epoch: [77]  [77/78]  eta: 0:00:00  lr: 0.000043  sp_loss: 4.3159 (3.9167)  fam_loss: 3.4119 (3.0022)  manu_loss: 2.4463 (2.2270)  ot_loss: 0.8656 (0.8863)  base_loss: 4.8073 (4.4529)  time: 0.3704  data: 0.0937  max mem: 11360
Epoch: [77] Total time: 0:00:35 (0.4500 s / it)
Averaged stats: lr: 0.000043  sp_loss: 4.3159 (3.9167)  fam_loss: 3.4119 (3.0022)  manu_loss: 2.4463 (2.2270)  ot_loss: 0.8656 (0.8863)  base_loss: 4.8073 (4.4529)
Epoch: [78]  [ 0/78]  eta: 0:08:11  lr: 0.000040  sp_loss: 3.1129 (3.1129)  fam_loss: 2.4363 (2.4363)  manu_loss: 1.8689 (1.8689)  ot_loss: 0.9128 (0.9128)  base_loss: 3.7833 (3.7833)  time: 6.3069  data: 5.9639  max mem: 11360
Epoch: [78]  [50/78]  eta: 0:00:14  lr: 0.000040  sp_loss: 4.0993 (3.7334)  fam_loss: 3.0187 (2.8820)  manu_loss: 2.2239 (2.1566)  ot_loss: 0.8836 (0.8966)  base_loss: 4.5841 (4.3083)  time: 0.3992  data: 0.1013  max mem: 11360
Epoch: [78]  [77/78]  eta: 0:00:00  lr: 0.000040  sp_loss: 3.6885 (3.7081)  fam_loss: 2.8163 (2.8568)  manu_loss: 2.1089 (2.1381)  ot_loss: 0.8826 (0.8966)  base_loss: 4.2314 (4.2834)  time: 0.3482  data: 0.0704  max mem: 11360
Epoch: [78] Total time: 0:00:34 (0.4474 s / it)
Averaged stats: lr: 0.000040  sp_loss: 3.6885 (3.7081)  fam_loss: 2.8163 (2.8568)  manu_loss: 2.1089 (2.1381)  ot_loss: 0.8826 (0.8966)  base_loss: 4.2314 (4.2834)
Test:  [  0/391]  eta: 0:36:04  sploss: 6.8363 (6.8363)  famloss: 2.8069 (2.8069)  manuloss: 1.6793 (1.6793)  acc1: 9.3750 (9.3750)  acc5: 18.7500 (18.7500)  family_acc1: 42.9688 (42.9688)  manu_acc1: 61.7188 (61.7188)  time: 5.5350  data: 5.4256  max mem: 11360
Test:  [ 50/391]  eta: 0:02:45  sploss: 6.7996 (6.8413)  famloss: 2.9363 (2.9356)  manuloss: 1.7420 (1.8078)  acc1: 8.9844 (8.9308)  acc5: 17.9688 (19.1023)  family_acc1: 44.1406 (43.7347)  manu_acc1: 63.6719 (61.9562)  time: 0.4303  data: 0.3333  max mem: 11360
Test:  [100/391]  eta: 0:02:04  sploss: 6.8557 (6.8341)  famloss: 3.0511 (2.9400)  manuloss: 1.8847 (1.8106)  acc1: 8.5938 (9.0037)  acc5: 19.1406 (19.2760)  family_acc1: 39.8438 (43.3323)  manu_acc1: 59.7656 (61.6878)  time: 0.4313  data: 0.3373  max mem: 11360
Test:  [150/391]  eta: 0:01:38  sploss: 6.7497 (6.8112)  famloss: 2.7115 (2.9168)  manuloss: 1.6382 (1.8084)  acc1: 8.2031 (8.9404)  acc5: 19.9219 (19.3243)  family_acc1: 46.8750 (43.5663)  manu_acc1: 64.0625 (61.3566)  time: 0.4350  data: 0.3406  max mem: 11360
Test:  [200/391]  eta: 0:01:16  sploss: 6.8174 (6.8168)  famloss: 2.9997 (2.9424)  manuloss: 1.9159 (1.8167)  acc1: 9.7656 (8.9960)  acc5: 20.7031 (19.2708)  family_acc1: 41.4062 (43.3380)  manu_acc1: 58.5938 (61.2795)  time: 0.3082  data: 0.2141  max mem: 11360
Test:  [250/391]  eta: 0:00:55  sploss: 6.6790 (6.8030)  famloss: 2.9681 (2.9599)  manuloss: 1.9144 (1.8549)  acc1: 9.3750 (9.0824)  acc5: 19.9219 (19.4550)  family_acc1: 42.1875 (42.9236)  manu_acc1: 58.5938 (60.2761)  time: 0.2627  data: 0.1694  max mem: 11360
Test:  [300/391]  eta: 0:00:36  sploss: 6.7142 (6.7772)  famloss: 2.6843 (2.9232)  manuloss: 1.5667 (1.8263)  acc1: 8.9844 (9.1959)  acc5: 20.7031 (19.7324)  family_acc1: 48.0469 (43.4256)  manu_acc1: 66.0156 (60.8635)  time: 0.4038  data: 0.3098  max mem: 11360
Test:  [350/391]  eta: 0:00:16  sploss: 6.8188 (6.7747)  famloss: 2.9084 (2.9077)  manuloss: 1.7705 (1.8074)  acc1: 8.2031 (9.1802)  acc5: 18.7500 (19.6793)  family_acc1: 42.1875 (43.6220)  manu_acc1: 63.6719 (61.2558)  time: 0.4359  data: 0.3404  max mem: 11360
Test:  [390/391]  eta: 0:00:00  sploss: 6.6475 (6.7649)  famloss: 2.7201 (2.8883)  manuloss: 1.4314 (1.7756)  acc1: 8.9844 (9.1840)  acc5: 19.9219 (19.7380)  family_acc1: 47.2656 (44.0110)  manu_acc1: 69.9219 (62.0310)  time: 0.4200  data: 0.3256  max mem: 11360
Test: Total time: 0:02:32 (0.3906 s / it)
* Acc@1 9.184 Acc@5 19.738 family@1 44.011 manu@1 62.031 sploss 6.765 fmloss 2.888 mfloss 1.776
Accuracy of the network on the 100000 test images: 9.2%
Max accuracy: 9.18%
Epoch: [79]  [ 0/78]  eta: 0:07:40  lr: 0.000038  sp_loss: 4.2053 (4.2053)  fam_loss: 3.2256 (3.2256)  manu_loss: 2.2748 (2.2748)  ot_loss: 0.8863 (0.8863)  base_loss: 4.6804 (4.6804)  time: 5.8986  data: 5.5509  max mem: 11360
Epoch: [79]  [50/78]  eta: 0:00:13  lr: 0.000038  sp_loss: 3.4237 (3.8522)  fam_loss: 2.6244 (2.9492)  manu_loss: 2.0322 (2.1822)  ot_loss: 0.9067 (0.8929)  base_loss: 4.0773 (4.3960)  time: 0.4099  data: 0.1113  max mem: 11360
Epoch: [79]  [77/78]  eta: 0:00:00  lr: 0.000038  sp_loss: 4.0433 (3.8708)  fam_loss: 2.9844 (2.9613)  manu_loss: 2.2631 (2.1894)  ot_loss: 0.8797 (0.8912)  base_loss: 4.5264 (4.4110)  time: 0.3592  data: 0.0822  max mem: 11360
Epoch: [79] Total time: 0:00:34 (0.4455 s / it)
Averaged stats: lr: 0.000038  sp_loss: 4.0433 (3.8708)  fam_loss: 2.9844 (2.9613)  manu_loss: 2.2631 (2.1894)  ot_loss: 0.8797 (0.8912)  base_loss: 4.5264 (4.4110)
Epoch: [80]  [ 0/78]  eta: 0:07:53  lr: 0.000035  sp_loss: 4.0515 (4.0515)  fam_loss: 3.1597 (3.1597)  manu_loss: 2.3199 (2.3199)  ot_loss: 0.8814 (0.8814)  base_loss: 4.5826 (4.5826)  time: 6.0673  data: 5.7315  max mem: 11360
Epoch: [80]  [50/78]  eta: 0:00:14  lr: 0.000035  sp_loss: 4.2111 (4.1099)  fam_loss: 3.1280 (3.1213)  manu_loss: 2.2552 (2.3069)  ot_loss: 0.8741 (0.8808)  base_loss: 4.6879 (4.6063)  time: 0.4144  data: 0.1126  max mem: 11360
Epoch: [80]  [77/78]  eta: 0:00:00  lr: 0.000035  sp_loss: 4.3729 (4.1521)  fam_loss: 3.4034 (3.1544)  manu_loss: 2.4849 (2.3291)  ot_loss: 0.8667 (0.8786)  base_loss: 4.8833 (4.6414)  time: 0.3584  data: 0.0789  max mem: 11360
Epoch: [80] Total time: 0:00:34 (0.4477 s / it)
Averaged stats: lr: 0.000035  sp_loss: 4.3729 (4.1521)  fam_loss: 3.4034 (3.1544)  manu_loss: 2.4849 (2.3291)  ot_loss: 0.8667 (0.8786)  base_loss: 4.8833 (4.6414)
Epoch: [81]  [ 0/78]  eta: 0:08:17  lr: 0.000033  sp_loss: 4.3855 (4.3855)  fam_loss: 3.3733 (3.3733)  manu_loss: 2.3946 (2.3946)  ot_loss: 0.8727 (0.8727)  base_loss: 4.8515 (4.8515)  time: 6.3724  data: 6.0384  max mem: 11360
Epoch: [81]  [50/78]  eta: 0:00:13  lr: 0.000033  sp_loss: 3.6038 (3.8409)  fam_loss: 2.7281 (2.9636)  manu_loss: 2.0216 (2.1842)  ot_loss: 0.8781 (0.8920)  base_loss: 4.1683 (4.3933)  time: 0.3924  data: 0.0844  max mem: 11360
Epoch: [81]  [77/78]  eta: 0:00:00  lr: 0.000033  sp_loss: 4.0859 (3.9104)  fam_loss: 2.9955 (3.0017)  manu_loss: 2.1448 (2.2131)  ot_loss: 0.8678 (0.8885)  base_loss: 4.5361 (4.4468)  time: 0.3670  data: 0.0865  max mem: 11360
Epoch: [81] Total time: 0:00:34 (0.4407 s / it)
Averaged stats: lr: 0.000033  sp_loss: 4.0859 (3.9104)  fam_loss: 2.9955 (3.0017)  manu_loss: 2.1448 (2.2131)  ot_loss: 0.8678 (0.8885)  base_loss: 4.5361 (4.4468)
Test:  [  0/391]  eta: 0:36:40  sploss: 6.8755 (6.8755)  famloss: 2.8435 (2.8435)  manuloss: 1.6951 (1.6951)  acc1: 9.3750 (9.3750)  acc5: 19.9219 (19.9219)  family_acc1: 44.9219 (44.9219)  manu_acc1: 64.8438 (64.8438)  time: 5.6272  data: 5.5167  max mem: 11360
Test:  [ 50/391]  eta: 0:02:47  sploss: 6.8545 (6.8920)  famloss: 2.9933 (2.9896)  manuloss: 1.7663 (1.8305)  acc1: 8.2031 (8.8006)  acc5: 17.1875 (18.5892)  family_acc1: 43.7500 (42.9305)  manu_acc1: 62.8906 (61.6651)  time: 0.4652  data: 0.3700  max mem: 11360
Test:  [100/391]  eta: 0:02:04  sploss: 6.8881 (6.8861)  famloss: 3.1014 (2.9953)  manuloss: 1.8934 (1.8346)  acc1: 8.2031 (8.7562)  acc5: 18.3594 (18.7655)  family_acc1: 39.4531 (42.5781)  manu_acc1: 59.7656 (61.5176)  time: 0.4341  data: 0.3373  max mem: 11360
Test:  [150/391]  eta: 0:01:38  sploss: 6.7790 (6.8652)  famloss: 2.7864 (2.9732)  manuloss: 1.6828 (1.8332)  acc1: 7.8125 (8.6584)  acc5: 18.7500 (18.7552)  family_acc1: 45.7031 (42.8472)  manu_acc1: 64.8438 (61.2505)  time: 0.4325  data: 0.3380  max mem: 11360
Test:  [200/391]  eta: 0:01:16  sploss: 6.8766 (6.8716)  famloss: 3.0635 (2.9994)  manuloss: 1.9314 (1.8429)  acc1: 9.7656 (8.7084)  acc5: 19.1406 (18.8238)  family_acc1: 40.6250 (42.6092)  manu_acc1: 58.5938 (61.0852)  time: 0.3077  data: 0.2127  max mem: 11360
Test:  [250/391]  eta: 0:00:55  sploss: 6.7183 (6.8587)  famloss: 3.0104 (3.0164)  manuloss: 1.9459 (1.8806)  acc1: 8.9844 (8.7634)  acc5: 20.3125 (18.9601)  family_acc1: 42.5781 (42.3011)  manu_acc1: 58.2031 (60.1345)  time: 0.2650  data: 0.1717  max mem: 11360
Test:  [300/391]  eta: 0:00:36  sploss: 6.8011 (6.8342)  famloss: 2.7784 (2.9810)  manuloss: 1.6080 (1.8519)  acc1: 9.3750 (8.9039)  acc5: 20.7031 (19.2354)  family_acc1: 47.6562 (42.8636)  manu_acc1: 65.2344 (60.7312)  time: 0.4050  data: 0.3119  max mem: 11360
Test:  [350/391]  eta: 0:00:16  sploss: 6.8948 (6.8323)  famloss: 2.9547 (2.9663)  manuloss: 1.7704 (1.8332)  acc1: 8.2031 (8.8709)  acc5: 18.3594 (19.1751)  family_acc1: 41.7969 (43.1079)  manu_acc1: 62.1094 (61.1011)  time: 0.4345  data: 0.3380  max mem: 11360
Test:  [390/391]  eta: 0:00:00  sploss: 6.7158 (6.8226)  famloss: 2.7901 (2.9473)  manuloss: 1.4843 (1.8023)  acc1: 8.5938 (8.8600)  acc5: 19.5312 (19.2370)  family_acc1: 45.7031 (43.4940)  manu_acc1: 69.9219 (61.8850)  time: 0.4170  data: 0.3246  max mem: 11360
Test: Total time: 0:02:32 (0.3909 s / it)
* Acc@1 8.860 Acc@5 19.237 family@1 43.494 manu@1 61.885 sploss 6.823 fmloss 2.947 mfloss 1.802
Accuracy of the network on the 100000 test images: 8.9%
Max accuracy: 9.18%
Epoch: [82]  [ 0/78]  eta: 0:08:16  lr: 0.000031  sp_loss: 4.4409 (4.4409)  fam_loss: 3.2992 (3.2992)  manu_loss: 2.4010 (2.4010)  ot_loss: 0.8638 (0.8638)  base_loss: 4.8520 (4.8520)  time: 6.3697  data: 6.0041  max mem: 11360
Epoch: [82]  [50/78]  eta: 0:00:13  lr: 0.000031  sp_loss: 3.5275 (3.7600)  fam_loss: 2.6602 (2.8836)  manu_loss: 2.0141 (2.1388)  ot_loss: 0.8887 (0.8913)  base_loss: 4.1136 (4.3184)  time: 0.3999  data: 0.1017  max mem: 11360
Epoch: [82]  [77/78]  eta: 0:00:00  lr: 0.000031  sp_loss: 3.0506 (3.6876)  fam_loss: 2.4015 (2.8387)  manu_loss: 1.8270 (2.1086)  ot_loss: 0.9186 (0.8957)  base_loss: 3.7230 (4.2600)  time: 0.3669  data: 0.0839  max mem: 11360
Epoch: [82] Total time: 0:00:34 (0.4447 s / it)
Averaged stats: lr: 0.000031  sp_loss: 3.0506 (3.6876)  fam_loss: 2.4015 (2.8387)  manu_loss: 1.8270 (2.1086)  ot_loss: 0.9186 (0.8957)  base_loss: 3.7230 (4.2600)
Epoch: [83]  [ 0/78]  eta: 0:07:24  lr: 0.000029  sp_loss: 4.3313 (4.3313)  fam_loss: 3.3417 (3.3417)  manu_loss: 2.4602 (2.4602)  ot_loss: 0.8786 (0.8786)  base_loss: 4.8225 (4.8225)  time: 5.6953  data: 5.3684  max mem: 11360
Epoch: [83]  [50/78]  eta: 0:00:13  lr: 0.000029  sp_loss: 4.1236 (3.7920)  fam_loss: 3.0529 (2.8938)  manu_loss: 2.2329 (2.1432)  ot_loss: 0.8781 (0.8901)  base_loss: 4.5680 (4.3376)  time: 0.4031  data: 0.0980  max mem: 11360
Epoch: [83]  [77/78]  eta: 0:00:00  lr: 0.000029  sp_loss: 4.2303 (3.8644)  fam_loss: 3.2223 (2.9521)  manu_loss: 2.3146 (2.1901)  ot_loss: 0.8690 (0.8883)  base_loss: 4.7128 (4.4021)  time: 0.3762  data: 0.0891  max mem: 11360
Epoch: [83] Total time: 0:00:34 (0.4398 s / it)
Averaged stats: lr: 0.000029  sp_loss: 4.2303 (3.8644)  fam_loss: 3.2223 (2.9521)  manu_loss: 2.3146 (2.1901)  ot_loss: 0.8690 (0.8883)  base_loss: 4.7128 (4.4021)
Epoch: [84]  [ 0/78]  eta: 0:07:58  lr: 0.000027  sp_loss: 3.1716 (3.1716)  fam_loss: 2.4140 (2.4140)  manu_loss: 1.9059 (1.9059)  ot_loss: 0.9198 (0.9198)  base_loss: 3.8261 (3.8261)  time: 6.1372  data: 5.8009  max mem: 11360
Epoch: [84]  [50/78]  eta: 0:00:13  lr: 0.000027  sp_loss: 4.1777 (3.8278)  fam_loss: 3.1516 (2.9302)  manu_loss: 2.3422 (2.1727)  ot_loss: 0.8720 (0.8900)  base_loss: 4.6437 (4.3751)  time: 0.4011  data: 0.1022  max mem: 11360
Epoch: [84]  [77/78]  eta: 0:00:00  lr: 0.000027  sp_loss: 4.2223 (3.8139)  fam_loss: 3.1465 (2.9155)  manu_loss: 2.2758 (2.1632)  ot_loss: 0.8652 (0.8911)  base_loss: 4.6674 (4.3606)  time: 0.3698  data: 0.0881  max mem: 11360
Epoch: [84] Total time: 0:00:34 (0.4451 s / it)
Averaged stats: lr: 0.000027  sp_loss: 4.2223 (3.8139)  fam_loss: 3.1465 (2.9155)  manu_loss: 2.2758 (2.1632)  ot_loss: 0.8652 (0.8911)  base_loss: 4.6674 (4.3606)
Test:  [  0/391]  eta: 0:36:09  sploss: 6.8448 (6.8448)  famloss: 2.7841 (2.7841)  manuloss: 1.6836 (1.6836)  acc1: 9.7656 (9.7656)  acc5: 19.9219 (19.9219)  family_acc1: 44.5312 (44.5312)  manu_acc1: 61.7188 (61.7188)  time: 5.5492  data: 5.4345  max mem: 11360
Test:  [ 50/391]  eta: 0:02:46  sploss: 6.8020 (6.8505)  famloss: 2.9433 (2.9306)  manuloss: 1.7347 (1.8073)  acc1: 8.2031 (8.9231)  acc5: 17.9688 (19.1176)  family_acc1: 43.7500 (43.7270)  manu_acc1: 63.6719 (61.9179)  time: 0.4540  data: 0.3590  max mem: 11360
Test:  [100/391]  eta: 0:02:06  sploss: 6.8587 (6.8446)  famloss: 3.0628 (2.9372)  manuloss: 1.8929 (1.8115)  acc1: 8.5938 (8.9766)  acc5: 19.1406 (19.2799)  family_acc1: 40.6250 (43.3671)  manu_acc1: 60.5469 (61.7071)  time: 0.4485  data: 0.3534  max mem: 11360
Test:  [150/391]  eta: 0:01:39  sploss: 6.7470 (6.8223)  famloss: 2.7087 (2.9149)  manuloss: 1.6498 (1.8104)  acc1: 8.2031 (8.8162)  acc5: 19.9219 (19.2674)  family_acc1: 46.4844 (43.6155)  manu_acc1: 64.0625 (61.4135)  time: 0.4446  data: 0.3490  max mem: 11360
Test:  [200/391]  eta: 0:01:16  sploss: 6.8412 (6.8284)  famloss: 3.0148 (2.9418)  manuloss: 1.9028 (1.8203)  acc1: 10.1562 (8.9630)  acc5: 19.5312 (19.2436)  family_acc1: 41.4062 (43.2583)  manu_acc1: 59.3750 (61.2154)  time: 0.2716  data: 0.1772  max mem: 11360
Test:  [250/391]  eta: 0:00:55  sploss: 6.6895 (6.8163)  famloss: 2.9643 (2.9598)  manuloss: 1.9180 (1.8586)  acc1: 9.3750 (9.0264)  acc5: 19.9219 (19.3865)  family_acc1: 42.1875 (42.9065)  manu_acc1: 58.5938 (60.2169)  time: 0.2674  data: 0.1740  max mem: 11360
Test:  [300/391]  eta: 0:00:36  sploss: 6.7391 (6.7915)  famloss: 2.6977 (2.9234)  manuloss: 1.5607 (1.8302)  acc1: 8.9844 (9.1518)  acc5: 20.7031 (19.6584)  family_acc1: 48.0469 (43.4191)  manu_acc1: 65.2344 (60.7623)  time: 0.4371  data: 0.3419  max mem: 11360
Test:  [350/391]  eta: 0:00:16  sploss: 6.8584 (6.7895)  famloss: 2.9149 (2.9094)  manuloss: 1.7679 (1.8120)  acc1: 8.5938 (9.1402)  acc5: 18.7500 (19.5958)  family_acc1: 42.5781 (43.6265)  manu_acc1: 61.7188 (61.1345)  time: 0.4470  data: 0.3512  max mem: 11360
Test:  [390/391]  eta: 0:00:00  sploss: 6.6650 (6.7799)  famloss: 2.7247 (2.8901)  manuloss: 1.4527 (1.7801)  acc1: 8.9844 (9.1460)  acc5: 20.3125 (19.6760)  family_acc1: 47.2656 (44.0190)  manu_acc1: 69.1406 (61.9160)  time: 0.4168  data: 0.3242  max mem: 11360
Test: Total time: 0:02:33 (0.3933 s / it)
* Acc@1 9.146 Acc@5 19.676 family@1 44.019 manu@1 61.916 sploss 6.780 fmloss 2.890 mfloss 1.780
Accuracy of the network on the 100000 test images: 9.1%
Max accuracy: 9.18%
Epoch: [85]  [ 0/78]  eta: 0:08:18  lr: 0.000025  sp_loss: 2.2251 (2.2251)  fam_loss: 1.8079 (1.8079)  manu_loss: 1.4134 (1.4134)  ot_loss: 0.9493 (0.9493)  base_loss: 3.0487 (3.0487)  time: 6.3870  data: 6.0546  max mem: 11360
Epoch: [85]  [50/78]  eta: 0:00:14  lr: 0.000025  sp_loss: 3.2732 (3.6777)  fam_loss: 2.5193 (2.8069)  manu_loss: 1.9235 (2.1052)  ot_loss: 0.8882 (0.8982)  base_loss: 3.9127 (4.2469)  time: 0.3980  data: 0.1005  max mem: 11360
Epoch: [85]  [77/78]  eta: 0:00:00  lr: 0.000025  sp_loss: 4.2010 (3.7727)  fam_loss: 3.2321 (2.8779)  manu_loss: 2.3751 (2.1482)  ot_loss: 0.8712 (0.8935)  base_loss: 4.7217 (4.3250)  time: 0.3485  data: 0.0702  max mem: 11360
Epoch: [85] Total time: 0:00:34 (0.4463 s / it)
Averaged stats: lr: 0.000025  sp_loss: 4.2010 (3.7727)  fam_loss: 3.2321 (2.8779)  manu_loss: 2.3751 (2.1482)  ot_loss: 0.8712 (0.8935)  base_loss: 4.7217 (4.3250)
Epoch: [86]  [ 0/78]  eta: 0:08:17  lr: 0.000023  sp_loss: 3.3547 (3.3547)  fam_loss: 2.6841 (2.6841)  manu_loss: 1.9968 (1.9968)  ot_loss: 0.9089 (0.9089)  base_loss: 4.0250 (4.0250)  time: 6.3829  data: 6.0521  max mem: 11360
Epoch: [86]  [50/78]  eta: 0:00:13  lr: 0.000023  sp_loss: 2.9541 (3.7037)  fam_loss: 2.3222 (2.8534)  manu_loss: 1.8027 (2.1153)  ot_loss: 0.9295 (0.8965)  base_loss: 3.6730 (4.2728)  time: 0.3859  data: 0.0868  max mem: 11360
Epoch: [86]  [77/78]  eta: 0:00:00  lr: 0.000023  sp_loss: 4.3599 (3.7458)  fam_loss: 3.3550 (2.8849)  manu_loss: 2.4228 (2.1445)  ot_loss: 0.8659 (0.8942)  base_loss: 4.8322 (4.3096)  time: 0.3558  data: 0.0785  max mem: 11360
Epoch: [86] Total time: 0:00:34 (0.4454 s / it)
Averaged stats: lr: 0.000023  sp_loss: 4.3599 (3.7458)  fam_loss: 3.3550 (2.8849)  manu_loss: 2.4228 (2.1445)  ot_loss: 0.8659 (0.8942)  base_loss: 4.8322 (4.3096)
Epoch: [87]  [ 0/78]  eta: 0:07:42  lr: 0.000021  sp_loss: 3.8495 (3.8495)  fam_loss: 3.0010 (3.0010)  manu_loss: 2.2456 (2.2456)  ot_loss: 0.8673 (0.8673)  base_loss: 4.3975 (4.3975)  time: 5.9338  data: 5.5975  max mem: 11360
Epoch: [87]  [50/78]  eta: 0:00:13  lr: 0.000021  sp_loss: 3.6448 (3.7844)  fam_loss: 2.8409 (2.9110)  manu_loss: 2.1369 (2.1533)  ot_loss: 0.8939 (0.8973)  base_loss: 4.2170 (4.3406)  time: 0.4013  data: 0.0940  max mem: 11360
Epoch: [87]  [77/78]  eta: 0:00:00  lr: 0.000021  sp_loss: 3.2536 (3.7337)  fam_loss: 2.4990 (2.8783)  manu_loss: 1.8411 (2.1286)  ot_loss: 0.9174 (0.8983)  base_loss: 3.8860 (4.2989)  time: 0.3555  data: 0.0781  max mem: 11360
Epoch: [87] Total time: 0:00:34 (0.4459 s / it)
Averaged stats: lr: 0.000021  sp_loss: 3.2536 (3.7337)  fam_loss: 2.4990 (2.8783)  manu_loss: 1.8411 (2.1286)  ot_loss: 0.9174 (0.8983)  base_loss: 3.8860 (4.2989)
Test:  [  0/391]  eta: 0:39:32  sploss: 6.8752 (6.8752)  famloss: 2.8530 (2.8530)  manuloss: 1.7207 (1.7207)  acc1: 8.9844 (8.9844)  acc5: 19.9219 (19.9219)  family_acc1: 43.7500 (43.7500)  manu_acc1: 62.5000 (62.5000)  time: 6.0676  data: 5.9578  max mem: 11360
Test:  [ 50/391]  eta: 0:02:46  sploss: 6.8301 (6.8713)  famloss: 2.9949 (2.9812)  manuloss: 1.7616 (1.8353)  acc1: 8.2031 (8.9001)  acc5: 18.3594 (19.0411)  family_acc1: 42.9688 (43.3824)  manu_acc1: 61.7188 (61.6575)  time: 0.4383  data: 0.3433  max mem: 11360
Test:  [100/391]  eta: 0:02:05  sploss: 6.8755 (6.8653)  famloss: 3.1127 (2.9866)  manuloss: 1.8935 (1.8396)  acc1: 8.5938 (8.9109)  acc5: 18.7500 (19.0517)  family_acc1: 39.8438 (43.0422)  manu_acc1: 59.3750 (61.4635)  time: 0.4458  data: 0.3502  max mem: 11360
Test:  [150/391]  eta: 0:01:39  sploss: 6.7464 (6.8439)  famloss: 2.7573 (2.9644)  manuloss: 1.6670 (1.8393)  acc1: 8.5938 (8.7748)  acc5: 19.5312 (19.0320)  family_acc1: 46.4844 (43.3102)  manu_acc1: 64.4531 (61.1574)  time: 0.4346  data: 0.3391  max mem: 11360
Test:  [200/391]  eta: 0:01:16  sploss: 6.8583 (6.8501)  famloss: 3.0534 (2.9912)  manuloss: 1.9522 (1.8487)  acc1: 9.3750 (8.8814)  acc5: 18.7500 (18.9735)  family_acc1: 40.6250 (42.9338)  manu_acc1: 58.9844 (60.9647)  time: 0.2723  data: 0.1779  max mem: 11360
Test:  [250/391]  eta: 0:00:55  sploss: 6.6962 (6.8378)  famloss: 2.9968 (3.0087)  manuloss: 1.9597 (1.8868)  acc1: 9.3750 (8.9346)  acc5: 19.9219 (19.1204)  family_acc1: 42.1875 (42.5952)  manu_acc1: 58.2031 (59.9353)  time: 0.2631  data: 0.1703  max mem: 11360
Test:  [300/391]  eta: 0:00:36  sploss: 6.7546 (6.8118)  famloss: 2.7338 (2.9714)  manuloss: 1.5908 (1.8572)  acc1: 8.5938 (9.0674)  acc5: 20.7031 (19.4196)  family_acc1: 47.6562 (43.1375)  manu_acc1: 65.2344 (60.5287)  time: 0.4358  data: 0.3409  max mem: 11360
Test:  [350/391]  eta: 0:00:16  sploss: 6.8801 (6.8094)  famloss: 2.9508 (2.9567)  manuloss: 1.7878 (1.8379)  acc1: 8.5938 (9.0567)  acc5: 18.7500 (19.3665)  family_acc1: 42.5781 (43.3527)  manu_acc1: 62.5000 (60.8997)  time: 0.4264  data: 0.3324  max mem: 11360
Test:  [390/391]  eta: 0:00:00  sploss: 6.6883 (6.7999)  famloss: 2.7617 (2.9375)  manuloss: 1.4828 (1.8060)  acc1: 8.9844 (9.0460)  acc5: 19.9219 (19.4550)  family_acc1: 45.3125 (43.7180)  manu_acc1: 69.5312 (61.6990)  time: 0.4189  data: 0.3254  max mem: 11360
Test: Total time: 0:02:33 (0.3918 s / it)
* Acc@1 9.046 Acc@5 19.455 family@1 43.718 manu@1 61.699 sploss 6.800 fmloss 2.938 mfloss 1.806
Accuracy of the network on the 100000 test images: 9.0%
Max accuracy: 9.18%
Epoch: [88]  [ 0/78]  eta: 0:07:35  lr: 0.000020  sp_loss: 3.4202 (3.4202)  fam_loss: 2.6746 (2.6746)  manu_loss: 2.0096 (2.0096)  ot_loss: 0.8892 (0.8892)  base_loss: 4.0492 (4.0492)  time: 5.8408  data: 5.5001  max mem: 11360
Epoch: [88]  [50/78]  eta: 0:00:13  lr: 0.000020  sp_loss: 3.6145 (3.6962)  fam_loss: 2.8041 (2.8091)  manu_loss: 2.0605 (2.1086)  ot_loss: 0.8983 (0.8960)  base_loss: 4.2331 (4.2569)  time: 0.4183  data: 0.1154  max mem: 11360
Epoch: [88]  [77/78]  eta: 0:00:00  lr: 0.000020  sp_loss: 3.5748 (3.6944)  fam_loss: 2.7269 (2.8226)  manu_loss: 2.0158 (2.1147)  ot_loss: 0.8945 (0.8956)  base_loss: 4.1848 (4.2594)  time: 0.3570  data: 0.0781  max mem: 11360
Epoch: [88] Total time: 0:00:34 (0.4459 s / it)
Averaged stats: lr: 0.000020  sp_loss: 3.5748 (3.6944)  fam_loss: 2.7269 (2.8226)  manu_loss: 2.0158 (2.1147)  ot_loss: 0.8945 (0.8956)  base_loss: 4.1848 (4.2594)
Epoch: [89]  [ 0/78]  eta: 0:07:36  lr: 0.000018  sp_loss: 3.7802 (3.7802)  fam_loss: 2.9586 (2.9586)  manu_loss: 2.2276 (2.2276)  ot_loss: 0.8987 (0.8987)  base_loss: 4.3679 (4.3679)  time: 5.8491  data: 5.5129  max mem: 11360
Epoch: [89]  [50/78]  eta: 0:00:13  lr: 0.000018  sp_loss: 3.7722 (3.6892)  fam_loss: 2.8753 (2.8480)  manu_loss: 2.1348 (2.1038)  ot_loss: 0.8862 (0.8969)  base_loss: 4.3158 (4.2621)  time: 0.4047  data: 0.1015  max mem: 11360
Epoch: [89]  [77/78]  eta: 0:00:00  lr: 0.000018  sp_loss: 3.7888 (3.6285)  fam_loss: 2.8694 (2.8073)  manu_loss: 2.1737 (2.0806)  ot_loss: 0.8918 (0.9009)  base_loss: 4.3233 (4.2138)  time: 0.3611  data: 0.0843  max mem: 11360
Epoch: [89] Total time: 0:00:34 (0.4469 s / it)
Averaged stats: lr: 0.000018  sp_loss: 3.7888 (3.6285)  fam_loss: 2.8694 (2.8073)  manu_loss: 2.1737 (2.0806)  ot_loss: 0.8918 (0.9009)  base_loss: 4.3233 (4.2138)
Epoch: [90]  [ 0/78]  eta: 0:08:27  lr: 0.000017  sp_loss: 3.2038 (3.2038)  fam_loss: 2.3407 (2.3407)  manu_loss: 1.9014 (1.9014)  ot_loss: 0.9003 (0.9003)  base_loss: 3.8143 (3.8143)  time: 6.5058  data: 6.1766  max mem: 11360
Epoch: [90]  [50/78]  eta: 0:00:13  lr: 0.000017  sp_loss: 4.2229 (3.7830)  fam_loss: 3.1112 (2.8901)  manu_loss: 2.2107 (2.1306)  ot_loss: 0.8702 (0.8922)  base_loss: 4.7068 (4.3276)  time: 0.3999  data: 0.0985  max mem: 11360
Epoch: [90]  [77/78]  eta: 0:00:00  lr: 0.000017  sp_loss: 3.9335 (3.7184)  fam_loss: 2.9812 (2.8493)  manu_loss: 2.1919 (2.1078)  ot_loss: 0.8768 (0.8945)  base_loss: 4.4531 (4.2762)  time: 0.3552  data: 0.0781  max mem: 11360
Epoch: [90] Total time: 0:00:34 (0.4448 s / it)
Averaged stats: lr: 0.000017  sp_loss: 3.9335 (3.7184)  fam_loss: 2.9812 (2.8493)  manu_loss: 2.1919 (2.1078)  ot_loss: 0.8768 (0.8945)  base_loss: 4.4531 (4.2762)
Test:  [  0/391]  eta: 0:35:38  sploss: 6.8500 (6.8500)  famloss: 2.8108 (2.8108)  manuloss: 1.7019 (1.7019)  acc1: 9.7656 (9.7656)  acc5: 19.9219 (19.9219)  family_acc1: 44.9219 (44.9219)  manu_acc1: 62.1094 (62.1094)  time: 5.4689  data: 5.3605  max mem: 11360
Test:  [ 50/391]  eta: 0:02:46  sploss: 6.8121 (6.8562)  famloss: 2.9685 (2.9564)  manuloss: 1.7567 (1.8193)  acc1: 7.8125 (8.9154)  acc5: 18.3594 (19.0870)  family_acc1: 45.3125 (43.6581)  manu_acc1: 62.5000 (61.8336)  time: 0.4475  data: 0.3530  max mem: 11360
Test:  [100/391]  eta: 0:02:06  sploss: 6.8592 (6.8505)  famloss: 3.0816 (2.9627)  manuloss: 1.8804 (1.8231)  acc1: 8.5938 (9.0231)  acc5: 19.1406 (19.1677)  family_acc1: 39.4531 (43.2936)  manu_acc1: 60.5469 (61.6762)  time: 0.4384  data: 0.3421  max mem: 11360
Test:  [150/391]  eta: 0:01:39  sploss: 6.7355 (6.8285)  famloss: 2.7295 (2.9414)  manuloss: 1.6778 (1.8232)  acc1: 8.9844 (8.9352)  acc5: 19.9219 (19.1846)  family_acc1: 46.4844 (43.4810)  manu_acc1: 64.4531 (61.3850)  time: 0.4368  data: 0.3427  max mem: 11360
Test:  [200/391]  eta: 0:01:17  sploss: 6.8314 (6.8337)  famloss: 3.0309 (2.9669)  manuloss: 1.9273 (1.8323)  acc1: 9.7656 (9.0232)  acc5: 20.3125 (19.1795)  family_acc1: 41.4062 (43.1359)  manu_acc1: 58.9844 (61.2426)  time: 0.2753  data: 0.1811  max mem: 11360
Test:  [250/391]  eta: 0:00:55  sploss: 6.6807 (6.8212)  famloss: 2.9758 (2.9845)  manuloss: 1.9399 (1.8698)  acc1: 9.7656 (9.0560)  acc5: 20.3125 (19.3274)  family_acc1: 42.5781 (42.8396)  manu_acc1: 57.8125 (60.2247)  time: 0.2594  data: 0.1666  max mem: 11360
Test:  [300/391]  eta: 0:00:36  sploss: 6.7316 (6.7957)  famloss: 2.7145 (2.9485)  manuloss: 1.6018 (1.8415)  acc1: 9.3750 (9.2089)  acc5: 20.3125 (19.5935)  family_acc1: 48.0469 (43.3386)  manu_acc1: 64.8438 (60.7467)  time: 0.4410  data: 0.3468  max mem: 11360
Test:  [350/391]  eta: 0:00:16  sploss: 6.8553 (6.7933)  famloss: 2.9293 (2.9337)  manuloss: 1.7583 (1.8228)  acc1: 8.5938 (9.1669)  acc5: 17.9688 (19.5179)  family_acc1: 42.1875 (43.5386)  manu_acc1: 62.1094 (61.1100)  time: 0.4312  data: 0.3373  max mem: 11360
Test:  [390/391]  eta: 0:00:00  sploss: 6.6780 (6.7835)  famloss: 2.7365 (2.9139)  manuloss: 1.4696 (1.7907)  acc1: 8.9844 (9.1570)  acc5: 20.3125 (19.6040)  family_acc1: 46.8750 (43.9250)  manu_acc1: 69.9219 (61.9070)  time: 0.4215  data: 0.3274  max mem: 11360
Test: Total time: 0:02:33 (0.3930 s / it)
* Acc@1 9.157 Acc@5 19.604 family@1 43.925 manu@1 61.907 sploss 6.784 fmloss 2.914 mfloss 1.791
Accuracy of the network on the 100000 test images: 9.2%
Max accuracy: 9.18%
Epoch: [91]  [ 0/78]  eta: 0:08:14  lr: 0.000016  sp_loss: 4.2692 (4.2692)  fam_loss: 3.2487 (3.2487)  manu_loss: 2.5118 (2.5118)  ot_loss: 0.8755 (0.8755)  base_loss: 4.7714 (4.7714)  time: 6.3419  data: 6.0030  max mem: 11360
Epoch: [91]  [50/78]  eta: 0:00:14  lr: 0.000016  sp_loss: 4.2012 (3.7635)  fam_loss: 3.1836 (2.9004)  manu_loss: 2.2034 (2.1443)  ot_loss: 0.8777 (0.8917)  base_loss: 4.6668 (4.3214)  time: 0.4190  data: 0.1198  max mem: 11360
Epoch: [91]  [77/78]  eta: 0:00:00  lr: 0.000016  sp_loss: 4.4211 (3.9095)  fam_loss: 3.3236 (2.9864)  manu_loss: 2.3688 (2.2140)  ot_loss: 0.8729 (0.8881)  base_loss: 4.8732 (4.4395)  time: 0.3624  data: 0.0784  max mem: 11360
Epoch: [91] Total time: 0:00:35 (0.4489 s / it)
Averaged stats: lr: 0.000016  sp_loss: 4.4211 (3.9095)  fam_loss: 3.3236 (2.9864)  manu_loss: 2.3688 (2.2140)  ot_loss: 0.8729 (0.8881)  base_loss: 4.8732 (4.4395)
Epoch: [92]  [ 0/78]  eta: 0:07:50  lr: 0.000015  sp_loss: 3.8008 (3.8008)  fam_loss: 2.9140 (2.9140)  manu_loss: 2.0818 (2.0818)  ot_loss: 0.9028 (0.9028)  base_loss: 4.3409 (4.3409)  time: 6.0366  data: 5.7040  max mem: 11360
Epoch: [92]  [50/78]  eta: 0:00:13  lr: 0.000015  sp_loss: 4.0000 (3.6895)  fam_loss: 2.9536 (2.8298)  manu_loss: 2.2121 (2.0917)  ot_loss: 0.8750 (0.8962)  base_loss: 4.4546 (4.2547)  time: 0.4010  data: 0.0993  max mem: 11360
Epoch: [92]  [77/78]  eta: 0:00:00  lr: 0.000015  sp_loss: 4.1199 (3.7554)  fam_loss: 3.0955 (2.8698)  manu_loss: 2.2846 (2.1279)  ot_loss: 0.8757 (0.8929)  base_loss: 4.5787 (4.3077)  time: 0.3657  data: 0.0837  max mem: 11360
Epoch: [92] Total time: 0:00:34 (0.4414 s / it)
Averaged stats: lr: 0.000015  sp_loss: 4.1199 (3.7554)  fam_loss: 3.0955 (2.8698)  manu_loss: 2.2846 (2.1279)  ot_loss: 0.8757 (0.8929)  base_loss: 4.5787 (4.3077)
Epoch: [93]  [ 0/78]  eta: 0:08:04  lr: 0.000014  sp_loss: 2.8975 (2.8975)  fam_loss: 2.2236 (2.2236)  manu_loss: 1.6824 (1.6824)  ot_loss: 0.9040 (0.9040)  base_loss: 3.5695 (3.5695)  time: 6.2066  data: 5.8633  max mem: 11360
Epoch: [93]  [50/78]  eta: 0:00:13  lr: 0.000014  sp_loss: 3.9728 (3.8434)  fam_loss: 2.9869 (2.9479)  manu_loss: 2.2264 (2.1827)  ot_loss: 0.8771 (0.8891)  base_loss: 4.4700 (4.3865)  time: 0.3967  data: 0.0975  max mem: 11360
Epoch: [93]  [77/78]  eta: 0:00:00  lr: 0.000014  sp_loss: 3.4875 (3.7775)  fam_loss: 2.6224 (2.8989)  manu_loss: 2.0070 (2.1506)  ot_loss: 0.8959 (0.8911)  base_loss: 4.0779 (4.3316)  time: 0.3605  data: 0.0801  max mem: 11360
Epoch: [93] Total time: 0:00:34 (0.4472 s / it)
Averaged stats: lr: 0.000014  sp_loss: 3.4875 (3.7775)  fam_loss: 2.6224 (2.8989)  manu_loss: 2.0070 (2.1506)  ot_loss: 0.8959 (0.8911)  base_loss: 4.0779 (4.3316)
Test:  [  0/391]  eta: 0:37:49  sploss: 6.8506 (6.8506)  famloss: 2.8156 (2.8156)  manuloss: 1.6862 (1.6862)  acc1: 10.5469 (10.5469)  acc5: 19.5312 (19.5312)  family_acc1: 45.7031 (45.7031)  manu_acc1: 62.5000 (62.5000)  time: 5.8034  data: 5.6947  max mem: 11360
Test:  [ 50/391]  eta: 0:02:45  sploss: 6.8120 (6.8554)  famloss: 2.9413 (2.9374)  manuloss: 1.7403 (1.8118)  acc1: 8.2031 (8.9920)  acc5: 18.3594 (19.0640)  family_acc1: 43.7500 (43.5355)  manu_acc1: 63.2812 (61.6881)  time: 0.4309  data: 0.3362  max mem: 11360
Test:  [100/391]  eta: 0:02:04  sploss: 6.8546 (6.8504)  famloss: 3.0640 (2.9431)  manuloss: 1.8807 (1.8146)  acc1: 8.9844 (8.9805)  acc5: 19.5312 (19.2567)  family_acc1: 39.4531 (43.2859)  manu_acc1: 59.3750 (61.4596)  time: 0.4369  data: 0.3413  max mem: 11360
Test:  [150/391]  eta: 0:01:39  sploss: 6.7376 (6.8285)  famloss: 2.7032 (2.9220)  manuloss: 1.6701 (1.8149)  acc1: 8.2031 (8.8809)  acc5: 20.7031 (19.2984)  family_acc1: 46.0938 (43.4318)  manu_acc1: 64.0625 (61.1703)  time: 0.4582  data: 0.3622  max mem: 11360
Test:  [200/391]  eta: 0:01:16  sploss: 6.8272 (6.8345)  famloss: 2.9923 (2.9483)  manuloss: 1.9081 (1.8250)  acc1: 9.7656 (8.9552)  acc5: 19.5312 (19.2203)  family_acc1: 40.6250 (43.0407)  manu_acc1: 58.5938 (61.0075)  time: 0.2635  data: 0.1688  max mem: 11360
Test:  [250/391]  eta: 0:00:55  sploss: 6.7011 (6.8220)  famloss: 2.9607 (2.9663)  manuloss: 1.9309 (1.8636)  acc1: 8.9844 (9.0295)  acc5: 19.9219 (19.3601)  family_acc1: 42.9688 (42.7120)  manu_acc1: 58.5938 (60.0333)  time: 0.2711  data: 0.1757  max mem: 11360
Test:  [300/391]  eta: 0:00:36  sploss: 6.7363 (6.7962)  famloss: 2.6966 (2.9290)  manuloss: 1.5927 (1.8343)  acc1: 9.3750 (9.1855)  acc5: 21.0938 (19.6169)  family_acc1: 48.8281 (43.2997)  manu_acc1: 65.6250 (60.6325)  time: 0.4321  data: 0.3378  max mem: 11360
Test:  [350/391]  eta: 0:00:16  sploss: 6.8534 (6.7941)  famloss: 2.9251 (2.9139)  manuloss: 1.7169 (1.8153)  acc1: 8.5938 (9.1491)  acc5: 17.9688 (19.5424)  family_acc1: 42.5781 (43.5107)  manu_acc1: 62.5000 (61.0043)  time: 0.4243  data: 0.3295  max mem: 11360
Test:  [390/391]  eta: 0:00:00  sploss: 6.6729 (6.7843)  famloss: 2.7195 (2.8942)  manuloss: 1.4495 (1.7824)  acc1: 8.9844 (9.1400)  acc5: 20.3125 (19.6290)  family_acc1: 47.2656 (43.9210)  manu_acc1: 70.3125 (61.8100)  time: 0.4148  data: 0.3223  max mem: 11360
Test: Total time: 0:02:32 (0.3900 s / it)
* Acc@1 9.140 Acc@5 19.629 family@1 43.921 manu@1 61.810 sploss 6.784 fmloss 2.894 mfloss 1.782
Accuracy of the network on the 100000 test images: 9.1%
Max accuracy: 9.18%
Epoch: [94]  [ 0/78]  eta: 0:07:45  lr: 0.000013  sp_loss: 3.8594 (3.8594)  fam_loss: 2.9818 (2.9818)  manu_loss: 2.1134 (2.1134)  ot_loss: 0.8865 (0.8865)  base_loss: 4.3941 (4.3941)  time: 5.9623  data: 5.6295  max mem: 11360
Epoch: [94]  [50/78]  eta: 0:00:13  lr: 0.000013  sp_loss: 3.8845 (3.8286)  fam_loss: 2.9743 (2.9448)  manu_loss: 2.1193 (2.1784)  ot_loss: 0.8899 (0.8900)  base_loss: 4.4099 (4.3773)  time: 0.3965  data: 0.0995  max mem: 11360
Epoch: [94]  [77/78]  eta: 0:00:00  lr: 0.000013  sp_loss: 3.6749 (3.7630)  fam_loss: 2.7708 (2.8932)  manu_loss: 2.0389 (2.1383)  ot_loss: 0.8885 (0.8933)  base_loss: 4.2398 (4.3199)  time: 0.3586  data: 0.0810  max mem: 11360
Epoch: [94] Total time: 0:00:34 (0.4399 s / it)
Averaged stats: lr: 0.000013  sp_loss: 3.6749 (3.7630)  fam_loss: 2.7708 (2.8932)  manu_loss: 2.0389 (2.1383)  ot_loss: 0.8885 (0.8933)  base_loss: 4.2398 (4.3199)
Epoch: [95]  [ 0/78]  eta: 0:08:05  lr: 0.000012  sp_loss: 3.8179 (3.8179)  fam_loss: 2.9302 (2.9302)  manu_loss: 2.1048 (2.1048)  ot_loss: 0.8818 (0.8818)  base_loss: 4.3565 (4.3565)  time: 6.2248  data: 5.8479  max mem: 11360
Epoch: [95]  [50/78]  eta: 0:00:13  lr: 0.000012  sp_loss: 3.4435 (3.6459)  fam_loss: 2.6151 (2.7969)  manu_loss: 1.9737 (2.0772)  ot_loss: 0.8915 (0.8992)  base_loss: 4.0390 (4.2198)  time: 0.4027  data: 0.1026  max mem: 11360
Epoch: [95]  [77/78]  eta: 0:00:00  lr: 0.000012  sp_loss: 3.7419 (3.7234)  fam_loss: 2.8147 (2.8517)  manu_loss: 2.1234 (2.1138)  ot_loss: 0.8818 (0.8947)  base_loss: 4.2746 (4.2827)  time: 0.3663  data: 0.0870  max mem: 11360
Epoch: [95] Total time: 0:00:35 (0.4497 s / it)
Averaged stats: lr: 0.000012  sp_loss: 3.7419 (3.7234)  fam_loss: 2.8147 (2.8517)  manu_loss: 2.1234 (2.1138)  ot_loss: 0.8818 (0.8947)  base_loss: 4.2746 (4.2827)
Epoch: [96]  [ 0/78]  eta: 0:07:52  lr: 0.000011  sp_loss: 4.3397 (4.3397)  fam_loss: 3.4116 (3.4116)  manu_loss: 2.4839 (2.4839)  ot_loss: 0.8644 (0.8644)  base_loss: 4.8242 (4.8242)  time: 6.0617  data: 5.7274  max mem: 11360
Epoch: [96]  [50/78]  eta: 0:00:13  lr: 0.000011  sp_loss: 3.6566 (3.6702)  fam_loss: 2.8276 (2.8154)  manu_loss: 2.1537 (2.0837)  ot_loss: 0.8949 (0.8971)  base_loss: 4.2143 (4.2393)  time: 0.3922  data: 0.0916  max mem: 11360
Epoch: [96]  [77/78]  eta: 0:00:00  lr: 0.000011  sp_loss: 3.3664 (3.5969)  fam_loss: 2.5301 (2.7691)  manu_loss: 1.8668 (2.0494)  ot_loss: 0.9160 (0.9009)  base_loss: 3.9690 (4.1805)  time: 0.3517  data: 0.0731  max mem: 11360
Epoch: [96] Total time: 0:00:34 (0.4418 s / it)
Averaged stats: lr: 0.000011  sp_loss: 3.3664 (3.5969)  fam_loss: 2.5301 (2.7691)  manu_loss: 1.8668 (2.0494)  ot_loss: 0.9160 (0.9009)  base_loss: 3.9690 (4.1805)
Test:  [  0/391]  eta: 0:41:03  sploss: 6.8046 (6.8046)  famloss: 2.7273 (2.7273)  manuloss: 1.6511 (1.6511)  acc1: 10.1562 (10.1562)  acc5: 20.3125 (20.3125)  family_acc1: 46.0938 (46.0938)  manu_acc1: 62.8906 (62.8906)  time: 6.3001  data: 6.1885  max mem: 11360
Test:  [ 50/391]  eta: 0:02:45  sploss: 6.7723 (6.8121)  famloss: 2.8787 (2.8628)  manuloss: 1.7014 (1.7758)  acc1: 8.5938 (9.2448)  acc5: 17.9688 (19.4853)  family_acc1: 43.7500 (43.9874)  manu_acc1: 62.8906 (61.7800)  time: 0.4411  data: 0.3441  max mem: 11360
Test:  [100/391]  eta: 0:02:05  sploss: 6.8145 (6.8057)  famloss: 2.9781 (2.8660)  manuloss: 1.8116 (1.7766)  acc1: 9.3750 (9.2280)  acc5: 19.9219 (19.6163)  family_acc1: 39.4531 (43.6494)  manu_acc1: 59.7656 (61.6994)  time: 0.4467  data: 0.3479  max mem: 11360
Test:  [150/391]  eta: 0:01:39  sploss: 6.6968 (6.7814)  famloss: 2.6305 (2.8444)  manuloss: 1.6122 (1.7797)  acc1: 8.9844 (9.1396)  acc5: 20.3125 (19.6502)  family_acc1: 46.8750 (43.7862)  manu_acc1: 64.0625 (61.3669)  time: 0.4433  data: 0.3477  max mem: 11360
Test:  [200/391]  eta: 0:01:16  sploss: 6.7580 (6.7877)  famloss: 2.9169 (2.8701)  manuloss: 1.8751 (1.7893)  acc1: 9.7656 (9.1962)  acc5: 20.7031 (19.5915)  family_acc1: 41.7969 (43.4721)  manu_acc1: 58.9844 (61.2174)  time: 0.2933  data: 0.1975  max mem: 11360
Test:  [250/391]  eta: 0:00:55  sploss: 6.6543 (6.7746)  famloss: 2.8879 (2.8887)  manuloss: 1.8965 (1.8286)  acc1: 9.3750 (9.2583)  acc5: 20.7031 (19.7398)  family_acc1: 43.3594 (43.1135)  manu_acc1: 58.2031 (60.2107)  time: 0.2668  data: 0.1712  max mem: 11360
Test:  [300/391]  eta: 0:00:36  sploss: 6.6931 (6.7474)  famloss: 2.6264 (2.8514)  manuloss: 1.5482 (1.7993)  acc1: 9.7656 (9.3919)  acc5: 21.0938 (20.0179)  family_acc1: 48.4375 (43.6799)  manu_acc1: 66.0156 (60.8129)  time: 0.4144  data: 0.3191  max mem: 11360
Test:  [350/391]  eta: 0:00:16  sploss: 6.7933 (6.7452)  famloss: 2.8453 (2.8365)  manuloss: 1.6904 (1.7801)  acc1: 8.5938 (9.3605)  acc5: 18.7500 (19.9697)  family_acc1: 42.9688 (43.8958)  manu_acc1: 62.8906 (61.2313)  time: 0.4435  data: 0.3481  max mem: 11360
Test:  [390/391]  eta: 0:00:00  sploss: 6.6321 (6.7356)  famloss: 2.6388 (2.8164)  manuloss: 1.4118 (1.7464)  acc1: 9.3750 (9.3590)  acc5: 21.0938 (20.0400)  family_acc1: 47.6562 (44.2950)  manu_acc1: 69.5312 (62.0340)  time: 0.4080  data: 0.3168  max mem: 11360
Test: Total time: 0:02:33 (0.3931 s / it)
* Acc@1 9.359 Acc@5 20.040 family@1 44.295 manu@1 62.034 sploss 6.736 fmloss 2.816 mfloss 1.746
Accuracy of the network on the 100000 test images: 9.4%
Max accuracy: 9.36%
Epoch: [97]  [ 0/78]  eta: 0:08:21  lr: 0.000011  sp_loss: 3.7740 (3.7740)  fam_loss: 3.0343 (3.0343)  manu_loss: 2.2333 (2.2333)  ot_loss: 0.9030 (0.9030)  base_loss: 4.3818 (4.3818)  time: 6.4295  data: 6.1080  max mem: 11360
Epoch: [97]  [50/78]  eta: 0:00:13  lr: 0.000011  sp_loss: 4.0604 (3.7490)  fam_loss: 3.0164 (2.8975)  manu_loss: 2.2782 (2.1487)  ot_loss: 0.8724 (0.8906)  base_loss: 4.6112 (4.3131)  time: 0.4052  data: 0.1018  max mem: 11360
Epoch: [97]  [77/78]  eta: 0:00:00  lr: 0.000011  sp_loss: 3.9079 (3.7710)  fam_loss: 3.0266 (2.9051)  manu_loss: 2.1324 (2.1483)  ot_loss: 0.8814 (0.8918)  base_loss: 4.4405 (4.3278)  time: 0.3569  data: 0.0795  max mem: 11360
Epoch: [97] Total time: 0:00:34 (0.4439 s / it)
Averaged stats: lr: 0.000011  sp_loss: 3.9079 (3.7710)  fam_loss: 3.0266 (2.9051)  manu_loss: 2.1324 (2.1483)  ot_loss: 0.8814 (0.8918)  base_loss: 4.4405 (4.3278)
Epoch: [98]  [ 0/78]  eta: 0:08:01  lr: 0.000011  sp_loss: 3.5231 (3.5231)  fam_loss: 2.6036 (2.6036)  manu_loss: 1.9669 (1.9669)  ot_loss: 0.9188 (0.9188)  base_loss: 4.0898 (4.0898)  time: 6.1742  data: 5.8470  max mem: 11360
Epoch: [98]  [50/78]  eta: 0:00:13  lr: 0.000011  sp_loss: 3.6675 (3.8615)  fam_loss: 2.7772 (2.9693)  manu_loss: 2.1157 (2.2009)  ot_loss: 0.8872 (0.8891)  base_loss: 4.2294 (4.4046)  time: 0.3977  data: 0.0982  max mem: 11360
Epoch: [98]  [77/78]  eta: 0:00:00  lr: 0.000011  sp_loss: 3.1974 (3.7461)  fam_loss: 2.4629 (2.8884)  manu_loss: 1.8827 (2.1413)  ot_loss: 0.9101 (0.8938)  base_loss: 3.8761 (4.3076)  time: 0.3701  data: 0.0896  max mem: 11360
Epoch: [98] Total time: 0:00:34 (0.4417 s / it)
Averaged stats: lr: 0.000011  sp_loss: 3.1974 (3.7461)  fam_loss: 2.4629 (2.8884)  manu_loss: 1.8827 (2.1413)  ot_loss: 0.9101 (0.8938)  base_loss: 3.8761 (4.3076)
Epoch: [99]  [ 0/78]  eta: 0:08:31  lr: 0.000010  sp_loss: 3.7300 (3.7300)  fam_loss: 2.6377 (2.6377)  manu_loss: 2.0602 (2.0602)  ot_loss: 0.8847 (0.8847)  base_loss: 4.2243 (4.2243)  time: 6.5587  data: 6.2284  max mem: 11360
Epoch: [99]  [50/78]  eta: 0:00:13  lr: 0.000010  sp_loss: 3.8073 (3.6550)  fam_loss: 2.8602 (2.8128)  manu_loss: 2.1811 (2.0842)  ot_loss: 0.8910 (0.8978)  base_loss: 4.3454 (4.2285)  time: 0.3929  data: 0.0954  max mem: 11360
Epoch: [99]  [77/78]  eta: 0:00:00  lr: 0.000010  sp_loss: 3.6258 (3.6679)  fam_loss: 2.7135 (2.8229)  manu_loss: 2.0678 (2.1012)  ot_loss: 0.8813 (0.8963)  base_loss: 4.1859 (4.2406)  time: 0.3542  data: 0.0784  max mem: 11360
Epoch: [99] Total time: 0:00:34 (0.4422 s / it)
Averaged stats: lr: 0.000010  sp_loss: 3.6258 (3.6679)  fam_loss: 2.7135 (2.8229)  manu_loss: 2.0678 (2.1012)  ot_loss: 0.8813 (0.8963)  base_loss: 4.1859 (4.2406)
Test:  [  0/391]  eta: 0:35:53  sploss: 6.8730 (6.8730)  famloss: 2.8465 (2.8465)  manuloss: 1.7110 (1.7110)  acc1: 10.1562 (10.1562)  acc5: 20.7031 (20.7031)  family_acc1: 44.1406 (44.1406)  manu_acc1: 63.2812 (63.2812)  time: 5.5069  data: 5.3974  max mem: 11360
Test:  [ 50/391]  eta: 0:02:44  sploss: 6.8216 (6.8680)  famloss: 2.9778 (2.9696)  manuloss: 1.7617 (1.8244)  acc1: 8.5938 (9.0533)  acc5: 18.3594 (18.9338)  family_acc1: 44.5312 (43.7653)  manu_acc1: 62.8906 (61.7570)  time: 0.4336  data: 0.3395  max mem: 11360
Test:  [100/391]  eta: 0:02:04  sploss: 6.8649 (6.8627)  famloss: 3.0964 (2.9746)  manuloss: 1.8822 (1.8271)  acc1: 8.5938 (9.0424)  acc5: 18.7500 (19.0710)  family_acc1: 39.8438 (43.3981)  manu_acc1: 59.7656 (61.6027)  time: 0.4394  data: 0.3459  max mem: 11360
Test:  [150/391]  eta: 0:01:38  sploss: 6.7487 (6.8410)  famloss: 2.7612 (2.9528)  manuloss: 1.6704 (1.8276)  acc1: 8.5938 (8.9533)  acc5: 20.7031 (19.1639)  family_acc1: 46.8750 (43.5172)  manu_acc1: 64.0625 (61.2583)  time: 0.4356  data: 0.3401  max mem: 11360
Test:  [200/391]  eta: 0:01:16  sploss: 6.8448 (6.8473)  famloss: 3.0333 (2.9796)  manuloss: 1.9270 (1.8372)  acc1: 9.3750 (9.0135)  acc5: 19.9219 (19.1426)  family_acc1: 41.4062 (43.1806)  manu_acc1: 59.3750 (61.1085)  time: 0.2818  data: 0.1858  max mem: 11360
Test:  [250/391]  eta: 0:00:55  sploss: 6.7024 (6.8345)  famloss: 2.9971 (2.9976)  manuloss: 1.9566 (1.8752)  acc1: 9.7656 (9.0793)  acc5: 20.3125 (19.2838)  family_acc1: 42.5781 (42.8427)  manu_acc1: 58.5938 (60.1173)  time: 0.2722  data: 0.1779  max mem: 11360
Test:  [300/391]  eta: 0:00:36  sploss: 6.7661 (6.8094)  famloss: 2.7472 (2.9608)  manuloss: 1.5877 (1.8460)  acc1: 9.3750 (9.1894)  acc5: 20.3125 (19.5559)  family_acc1: 48.4375 (43.4308)  manu_acc1: 65.6250 (60.7026)  time: 0.4426  data: 0.3479  max mem: 11360
Test:  [350/391]  eta: 0:00:16  sploss: 6.8730 (6.8077)  famloss: 2.9401 (2.9461)  manuloss: 1.7457 (1.8271)  acc1: 8.5938 (9.1524)  acc5: 17.9688 (19.4712)  family_acc1: 42.5781 (43.6176)  manu_acc1: 62.5000 (61.1044)  time: 0.4319  data: 0.3363  max mem: 11360
Test:  [390/391]  eta: 0:00:00  sploss: 6.6900 (6.7982)  famloss: 2.7514 (2.9270)  manuloss: 1.4731 (1.7953)  acc1: 8.9844 (9.1440)  acc5: 20.3125 (19.5590)  family_acc1: 46.8750 (43.9900)  manu_acc1: 69.9219 (61.8880)  time: 0.4215  data: 0.3280  max mem: 11360
Test: Total time: 0:02:33 (0.3917 s / it)
* Acc@1 9.144 Acc@5 19.559 family@1 43.990 manu@1 61.888 sploss 6.798 fmloss 2.927 mfloss 1.795
Accuracy of the network on the 100000 test images: 9.1%
Max accuracy: 9.36%
Training time 2:08:47
Test:  [  0/391]  eta: 0:40:19  sploss: 6.8728 (6.8728)  famloss: 2.8463 (2.8463)  manuloss: 1.7112 (1.7112)  acc1: 10.1562 (10.1562)  acc5: 21.0938 (21.0938)  family_acc1: 44.1406 (44.1406)  manu_acc1: 63.2812 (63.2812)  time: 6.1880  data: 5.9703  max mem: 11360
Test:  [  1/391]  eta: 0:20:46  sploss: 6.6978 (6.7853)  famloss: 2.8463 (2.9164)  manuloss: 1.7112 (1.8121)  acc1: 10.1562 (12.6953)  acc5: 21.0938 (22.2656)  family_acc1: 43.7500 (43.9453)  manu_acc1: 57.4219 (60.3516)  time: 3.1960  data: 2.9854  max mem: 11360
Test:  [  2/391]  eta: 0:14:13  sploss: 6.7041 (6.7582)  famloss: 2.8463 (2.8022)  manuloss: 1.7112 (1.6722)  acc1: 10.1562 (11.3281)  acc5: 21.0938 (21.2240)  family_acc1: 44.1406 (45.8333)  manu_acc1: 63.2812 (63.6719)  time: 2.1953  data: 1.9904  max mem: 11360
Test:  [  3/391]  eta: 0:10:57  sploss: 6.7041 (6.7968)  famloss: 2.8130 (2.8049)  manuloss: 1.6601 (1.6691)  acc1: 8.5938 (10.2539)  acc5: 19.1406 (20.5078)  family_acc1: 43.7500 (45.3125)  manu_acc1: 63.2812 (63.6719)  time: 1.6950  data: 1.4929  max mem: 11360
Test:  [  4/391]  eta: 0:08:59  sploss: 6.8728 (6.8126)  famloss: 2.8463 (2.8599)  manuloss: 1.7112 (1.7300)  acc1: 9.3750 (10.0781)  acc5: 19.1406 (20.0781)  family_acc1: 43.7500 (44.2969)  manu_acc1: 63.2812 (62.6562)  time: 1.3947  data: 1.1944  max mem: 11360
Test:  [  5/391]  eta: 0:07:41  sploss: 6.8591 (6.8204)  famloss: 2.8463 (2.8903)  manuloss: 1.7112 (1.7591)  acc1: 8.5938 (9.7005)  acc5: 18.3594 (19.5964)  family_acc1: 43.7500 (43.8151)  manu_acc1: 60.5469 (62.3047)  time: 1.1944  data: 0.9954  max mem: 11360
Test:  [  6/391]  eta: 0:06:44  sploss: 6.8591 (6.7916)  famloss: 2.8463 (2.8662)  manuloss: 1.7112 (1.7369)  acc1: 8.5938 (9.5424)  acc5: 19.1406 (19.5312)  family_acc1: 43.7500 (45.0335)  manu_acc1: 63.2812 (63.1696)  time: 1.0508  data: 0.8532  max mem: 11360
Test:  [  7/391]  eta: 0:06:02  sploss: 6.8591 (6.8031)  famloss: 2.8130 (2.8458)  manuloss: 1.7112 (1.7450)  acc1: 8.5938 (9.6191)  acc5: 19.1406 (19.7266)  family_acc1: 43.7500 (44.9707)  manu_acc1: 61.7188 (62.9883)  time: 0.9432  data: 0.7466  max mem: 11360
Test:  [  8/391]  eta: 0:05:29  sploss: 6.8728 (6.8468)  famloss: 2.8463 (2.9498)  manuloss: 1.8016 (1.8438)  acc1: 9.3750 (9.7222)  acc5: 19.1406 (19.4878)  family_acc1: 43.7500 (43.7934)  manu_acc1: 61.7188 (61.5885)  time: 0.8607  data: 0.6637  max mem: 11360
Test:  [  9/391]  eta: 0:05:03  sploss: 6.8728 (6.8678)  famloss: 2.8463 (2.9867)  manuloss: 1.8016 (1.8731)  acc1: 8.5938 (9.4922)  acc5: 18.3594 (18.9453)  family_acc1: 43.7500 (43.2422)  manu_acc1: 60.5469 (61.0938)  time: 0.7949  data: 0.5974  max mem: 11360
Test:  [ 10/391]  eta: 0:04:41  sploss: 6.8760 (6.8693)  famloss: 2.9608 (2.9844)  manuloss: 1.8016 (1.8599)  acc1: 9.3750 (9.7301)  acc5: 19.1406 (19.1406)  family_acc1: 43.7500 (43.1818)  manu_acc1: 61.7188 (61.2571)  time: 0.7401  data: 0.5431  max mem: 11360
Test:  [ 11/391]  eta: 0:04:24  sploss: 6.8728 (6.8559)  famloss: 2.8463 (2.9710)  manuloss: 1.8016 (1.8552)  acc1: 9.3750 (9.7005)  acc5: 19.1406 (19.4336)  family_acc1: 43.7500 (43.4896)  manu_acc1: 61.3281 (61.2630)  time: 0.6951  data: 0.4979  max mem: 11360
Test:  [ 12/391]  eta: 0:05:10  sploss: 6.8760 (6.8646)  famloss: 2.9608 (2.9724)  manuloss: 1.8042 (1.8554)  acc1: 9.3750 (9.4351)  acc5: 19.1406 (19.1106)  family_acc1: 43.7500 (43.4495)  manu_acc1: 61.3281 (61.0577)  time: 0.8181  data: 0.6196  max mem: 11360
Test:  [ 13/391]  eta: 0:04:52  sploss: 6.8760 (6.8903)  famloss: 2.9608 (2.9807)  manuloss: 1.8042 (1.8586)  acc1: 8.5938 (9.1518)  acc5: 18.3594 (18.8616)  family_acc1: 42.9688 (43.2478)  manu_acc1: 60.9375 (61.0491)  time: 0.7739  data: 0.5754  max mem: 11360
Test:  [ 14/391]  eta: 0:04:37  sploss: 6.8799 (6.8896)  famloss: 2.9608 (2.9705)  manuloss: 1.8042 (1.8381)  acc1: 8.9844 (9.1406)  acc5: 19.1406 (19.0104)  family_acc1: 43.7500 (43.3073)  manu_acc1: 61.3281 (61.5625)  time: 0.7351  data: 0.5370  max mem: 11360
Test:  [ 15/391]  eta: 0:04:23  sploss: 6.8799 (6.8940)  famloss: 2.8463 (2.9585)  manuloss: 1.8016 (1.8322)  acc1: 8.5938 (8.9600)  acc5: 18.3594 (18.9209)  family_acc1: 43.7500 (43.7988)  manu_acc1: 61.3281 (61.7920)  time: 0.7010  data: 0.5035  max mem: 11360
Test:  [ 16/391]  eta: 0:04:11  sploss: 6.8799 (6.8930)  famloss: 2.8983 (2.9549)  manuloss: 1.8016 (1.8240)  acc1: 8.9844 (9.0074)  acc5: 18.7500 (18.9108)  family_acc1: 43.7500 (43.8419)  manu_acc1: 61.7188 (62.0175)  time: 0.6712  data: 0.4739  max mem: 11360
Test:  [ 17/391]  eta: 0:04:01  sploss: 6.8784 (6.8823)  famloss: 2.8863 (2.9511)  manuloss: 1.7430 (1.8135)  acc1: 8.9844 (9.0061)  acc5: 18.7500 (18.9236)  family_acc1: 43.7500 (43.9019)  manu_acc1: 61.7188 (62.0226)  time: 0.6449  data: 0.4476  max mem: 11360
Test:  [ 18/391]  eta: 0:03:51  sploss: 6.8784 (6.8791)  famloss: 2.8863 (2.9442)  manuloss: 1.8016 (1.8207)  acc1: 8.9844 (9.0872)  acc5: 19.1406 (19.0378)  family_acc1: 44.1406 (44.1201)  manu_acc1: 61.7188 (61.8421)  time: 0.6210  data: 0.4240  max mem: 11360
Test:  [ 19/391]  eta: 0:03:43  sploss: 6.8784 (6.8904)  famloss: 2.8863 (2.9505)  manuloss: 1.8016 (1.8330)  acc1: 8.9844 (8.9453)  acc5: 18.7500 (18.8281)  family_acc1: 43.7500 (43.8477)  manu_acc1: 61.3281 (61.6211)  time: 0.5996  data: 0.4029  max mem: 11360
Test:  [ 20/391]  eta: 0:03:35  sploss: 6.8799 (6.9018)  famloss: 2.8983 (2.9632)  manuloss: 1.8042 (1.8415)  acc1: 8.5938 (8.9100)  acc5: 18.3594 (18.7314)  family_acc1: 43.7500 (43.6570)  manu_acc1: 60.9375 (61.4025)  time: 0.2998  data: 0.1044  max mem: 11360
Test:  [ 21/391]  eta: 0:03:28  sploss: 6.8831 (6.9155)  famloss: 2.8983 (2.9764)  manuloss: 1.8042 (1.8506)  acc1: 8.5938 (8.8601)  acc5: 18.3594 (18.6257)  family_acc1: 42.9688 (43.4482)  manu_acc1: 60.9375 (61.2038)  time: 0.2989  data: 0.1043  max mem: 11360
Test:  [ 22/391]  eta: 0:03:21  sploss: 6.8831 (6.9117)  famloss: 2.9608 (2.9831)  manuloss: 1.8339 (1.8499)  acc1: 8.5938 (8.8995)  acc5: 18.3594 (18.6651)  family_acc1: 42.5781 (43.3764)  manu_acc1: 60.5469 (61.1413)  time: 0.2989  data: 0.1043  max mem: 11360
Test:  [ 23/391]  eta: 0:03:15  sploss: 6.8799 (6.9030)  famloss: 2.9892 (2.9890)  manuloss: 1.8572 (1.8637)  acc1: 8.9844 (9.1309)  acc5: 18.3594 (18.9290)  family_acc1: 41.7969 (43.2780)  manu_acc1: 59.7656 (60.8236)  time: 0.2992  data: 0.1043  max mem: 11360
Test:  [ 24/391]  eta: 0:03:48  sploss: 6.8799 (6.9016)  famloss: 2.9892 (2.9922)  manuloss: 1.8572 (1.8699)  acc1: 8.5938 (9.0938)  acc5: 17.5781 (18.8438)  family_acc1: 41.7969 (43.1719)  manu_acc1: 59.7656 (60.7188)  time: 0.4286  data: 0.2320  max mem: 11360
Test:  [ 25/391]  eta: 0:03:41  sploss: 6.8799 (6.8967)  famloss: 2.9892 (2.9926)  manuloss: 1.8572 (1.8733)  acc1: 8.9844 (9.1046)  acc5: 18.7500 (18.9904)  family_acc1: 41.7969 (43.0589)  manu_acc1: 59.7656 (60.7121)  time: 0.4290  data: 0.2320  max mem: 11360
Test:  [ 26/391]  eta: 0:03:35  sploss: 6.8799 (6.8769)  famloss: 2.9892 (2.9846)  manuloss: 1.8572 (1.8688)  acc1: 8.9844 (9.1146)  acc5: 18.7500 (19.1551)  family_acc1: 41.7969 (43.1568)  manu_acc1: 59.7656 (60.7060)  time: 0.4293  data: 0.2320  max mem: 11360
Test:  [ 27/391]  eta: 0:03:29  sploss: 6.8784 (6.8756)  famloss: 3.0024 (2.9928)  manuloss: 1.9005 (1.8739)  acc1: 8.9844 (9.1657)  acc5: 18.7500 (19.1825)  family_acc1: 41.0156 (43.0246)  manu_acc1: 59.3750 (60.6585)  time: 0.4294  data: 0.2320  max mem: 11360
Test:  [ 28/391]  eta: 0:03:24  sploss: 6.8681 (6.8739)  famloss: 2.9892 (2.9858)  manuloss: 1.8572 (1.8687)  acc1: 8.9844 (9.2134)  acc5: 19.1406 (19.2080)  family_acc1: 41.7969 (43.1573)  manu_acc1: 59.7656 (60.7893)  time: 0.4288  data: 0.2320  max mem: 11360
Test:  [ 29/391]  eta: 0:03:19  sploss: 6.8398 (6.8703)  famloss: 2.9608 (2.9838)  manuloss: 1.8572 (1.8695)  acc1: 9.3750 (9.2188)  acc5: 19.1406 (19.1927)  family_acc1: 42.5781 (43.1901)  manu_acc1: 59.7656 (60.7422)  time: 0.4282  data: 0.2320  max mem: 11360
Test:  [ 30/391]  eta: 0:03:14  sploss: 6.8288 (6.8653)  famloss: 2.9264 (2.9798)  manuloss: 1.8572 (1.8633)  acc1: 9.3750 (9.3120)  acc5: 19.1406 (19.2036)  family_acc1: 42.9688 (43.2964)  manu_acc1: 59.7656 (60.8997)  time: 0.4279  data: 0.2320  max mem: 11360
Test:  [ 31/391]  eta: 0:03:09  sploss: 6.8398 (6.8721)  famloss: 2.9892 (2.9808)  manuloss: 1.8572 (1.8570)  acc1: 8.9844 (9.1797)  acc5: 18.7500 (19.0796)  family_acc1: 42.9688 (43.3472)  manu_acc1: 59.7656 (61.0107)  time: 0.4272  data: 0.2320  max mem: 11360
Test:  [ 32/391]  eta: 0:03:05  sploss: 6.8398 (6.8744)  famloss: 2.9264 (2.9716)  manuloss: 1.8339 (1.8441)  acc1: 8.9844 (9.1619)  acc5: 18.7500 (18.9867)  family_acc1: 44.1406 (43.4541)  manu_acc1: 60.5469 (61.3873)  time: 0.3219  data: 0.1280  max mem: 11360
Test:  [ 33/391]  eta: 0:03:01  sploss: 6.8288 (6.8718)  famloss: 2.8983 (2.9635)  manuloss: 1.7514 (1.8356)  acc1: 9.3750 (9.1912)  acc5: 19.1406 (18.9913)  family_acc1: 44.1406 (43.6466)  manu_acc1: 60.5469 (61.6498)  time: 0.3214  data: 0.1280  max mem: 11360
Test:  [ 34/391]  eta: 0:02:57  sploss: 6.8281 (6.8686)  famloss: 2.8983 (2.9587)  manuloss: 1.7514 (1.8274)  acc1: 9.3750 (9.2411)  acc5: 19.1406 (19.0067)  family_acc1: 44.5312 (43.7946)  manu_acc1: 60.5469 (61.8080)  time: 0.3210  data: 0.1280  max mem: 11360
Test:  [ 35/391]  eta: 0:02:54  sploss: 6.8229 (6.8654)  famloss: 2.8983 (2.9516)  manuloss: 1.7514 (1.8216)  acc1: 9.3750 (9.2773)  acc5: 19.1406 (19.1189)  family_acc1: 44.5312 (43.9345)  manu_acc1: 60.5469 (61.9466)  time: 0.3209  data: 0.1280  max mem: 11360
Test:  [ 36/391]  eta: 0:03:13  sploss: 6.8110 (6.8640)  famloss: 2.8863 (2.9483)  manuloss: 1.7514 (1.8191)  acc1: 9.3750 (9.2694)  acc5: 19.5312 (19.1512)  family_acc1: 44.9219 (44.0456)  manu_acc1: 60.5469 (61.9827)  time: 0.4395  data: 0.2460  max mem: 11360
Test:  [ 37/391]  eta: 0:03:10  sploss: 6.8229 (6.8706)  famloss: 2.9264 (2.9523)  manuloss: 1.8339 (1.8233)  acc1: 9.3750 (9.2414)  acc5: 19.5312 (19.0584)  family_acc1: 44.1406 (43.9864)  manu_acc1: 59.7656 (61.8729)  time: 0.4396  data: 0.2460  max mem: 11360
Test:  [ 38/391]  eta: 0:03:06  sploss: 6.8281 (6.8805)  famloss: 3.0024 (2.9538)  manuloss: 1.8339 (1.8252)  acc1: 9.3750 (9.2147)  acc5: 19.1406 (18.9303)  family_acc1: 44.1406 (44.0004)  manu_acc1: 60.1562 (61.8289)  time: 0.4397  data: 0.2460  max mem: 11360
Test:  [ 39/391]  eta: 0:03:02  sploss: 6.8281 (6.8859)  famloss: 3.0024 (2.9603)  manuloss: 1.8339 (1.8276)  acc1: 9.3750 (9.1992)  acc5: 19.1406 (18.8770)  family_acc1: 44.1406 (43.9062)  manu_acc1: 60.5469 (61.8066)  time: 0.4397  data: 0.2460  max mem: 11360
Test:  [ 40/391]  eta: 0:02:59  sploss: 6.8110 (6.8821)  famloss: 3.0021 (2.9613)  manuloss: 1.7616 (1.8260)  acc1: 9.3750 (9.1940)  acc5: 19.5312 (18.9024)  family_acc1: 44.1406 (43.9024)  manu_acc1: 60.5469 (61.8331)  time: 0.4396  data: 0.2460  max mem: 11360
Test:  [ 41/391]  eta: 0:02:56  sploss: 6.8110 (6.8840)  famloss: 2.9264 (2.9599)  manuloss: 1.7514 (1.8221)  acc1: 9.3750 (9.1518)  acc5: 19.5312 (18.8988)  family_acc1: 44.5312 (43.9174)  manu_acc1: 60.9375 (61.9048)  time: 0.4400  data: 0.2460  max mem: 11360
Test:  [ 42/391]  eta: 0:02:53  sploss: 6.8110 (6.8826)  famloss: 2.9069 (2.9587)  manuloss: 1.7292 (1.8199)  acc1: 9.3750 (9.1661)  acc5: 19.1406 (18.8953)  family_acc1: 44.5312 (43.9771)  manu_acc1: 62.8906 (61.9822)  time: 0.4401  data: 0.2460  max mem: 11360
Test:  [ 43/391]  eta: 0:02:50  sploss: 6.8110 (6.8808)  famloss: 2.9069 (2.9621)  manuloss: 1.7292 (1.8218)  acc1: 8.9844 (9.1087)  acc5: 18.7500 (18.8832)  family_acc1: 44.5312 (43.9364)  manu_acc1: 62.8906 (61.9407)  time: 0.4397  data: 0.2460  max mem: 11360
Test:  [ 44/391]  eta: 0:02:47  sploss: 6.8058 (6.8770)  famloss: 2.9069 (2.9625)  manuloss: 1.7292 (1.8201)  acc1: 9.3750 (9.1667)  acc5: 19.1406 (18.9583)  family_acc1: 44.5312 (43.9149)  manu_acc1: 62.8906 (61.9531)  time: 0.3105  data: 0.1184  max mem: 11360
Test:  [ 45/391]  eta: 0:02:45  sploss: 6.8110 (6.8774)  famloss: 2.9069 (2.9677)  manuloss: 1.7292 (1.8213)  acc1: 8.9844 (9.1287)  acc5: 19.1406 (19.0048)  family_acc1: 44.5312 (43.8774)  manu_acc1: 62.8906 (61.9310)  time: 0.3103  data: 0.1184  max mem: 11360
Test:  [ 46/391]  eta: 0:02:42  sploss: 6.8216 (6.8764)  famloss: 2.9264 (2.9694)  manuloss: 1.7292 (1.8220)  acc1: 8.9844 (9.1007)  acc5: 18.7500 (18.9744)  family_acc1: 44.5312 (43.8082)  manu_acc1: 62.8906 (61.9016)  time: 0.3102  data: 0.1184  max mem: 11360
Test:  [ 47/391]  eta: 0:02:40  sploss: 6.8216 (6.8763)  famloss: 2.9264 (2.9706)  manuloss: 1.7292 (1.8229)  acc1: 8.5938 (9.0902)  acc5: 18.7500 (18.9128)  family_acc1: 44.5312 (43.7744)  manu_acc1: 62.8906 (61.9059)  time: 0.3105  data: 0.1184  max mem: 11360
Test:  [ 48/391]  eta: 0:02:52  sploss: 6.8216 (6.8763)  famloss: 2.9264 (2.9693)  manuloss: 1.7481 (1.8217)  acc1: 8.5938 (9.0561)  acc5: 18.7500 (18.8935)  family_acc1: 44.5312 (43.8297)  manu_acc1: 62.8906 (61.9739)  time: 0.4146  data: 0.2209  max mem: 11360
Test:  [ 49/391]  eta: 0:02:49  sploss: 6.8216 (6.8694)  famloss: 2.9101 (2.9664)  manuloss: 1.7481 (1.8205)  acc1: 8.5938 (9.0938)  acc5: 18.7500 (19.0078)  family_acc1: 44.5312 (43.8750)  manu_acc1: 62.8906 (61.9453)  time: 0.4152  data: 0.2209  max mem: 11360
Test:  [ 50/391]  eta: 0:02:47  sploss: 6.8216 (6.8680)  famloss: 2.9766 (2.9696)  manuloss: 1.7609 (1.8245)  acc1: 8.5938 (9.0456)  acc5: 18.3594 (18.9721)  family_acc1: 44.5312 (43.7653)  manu_acc1: 62.5000 (61.7877)  time: 0.4159  data: 0.2209  max mem: 11360
Test:  [ 51/391]  eta: 0:02:44  sploss: 6.8216 (6.8709)  famloss: 2.9766 (2.9753)  manuloss: 1.7616 (1.8324)  acc1: 8.5938 (9.0069)  acc5: 18.3594 (18.9078)  family_acc1: 43.7500 (43.6148)  manu_acc1: 62.1094 (61.6136)  time: 0.4163  data: 0.2209  max mem: 11360
Test:  [ 52/391]  eta: 0:02:43  sploss: 6.8216 (6.8702)  famloss: 3.0021 (2.9779)  manuloss: 1.7654 (1.8384)  acc1: 8.5938 (9.0433)  acc5: 18.7500 (18.9416)  family_acc1: 42.9688 (43.4331)  manu_acc1: 60.9375 (61.4682)  time: 0.4257  data: 0.2209  max mem: 11360
Test:  [ 53/391]  eta: 0:02:41  sploss: 6.8216 (6.8687)  famloss: 3.0097 (2.9792)  manuloss: 1.8562 (1.8414)  acc1: 8.2031 (9.0205)  acc5: 18.3594 (18.9308)  family_acc1: 42.9688 (43.4317)  manu_acc1: 60.9375 (61.3426)  time: 0.4264  data: 0.2209  max mem: 11360
Test:  [ 54/391]  eta: 0:02:39  sploss: 6.8216 (6.8648)  famloss: 3.0238 (2.9813)  manuloss: 1.8562 (1.8414)  acc1: 8.2031 (9.0625)  acc5: 18.3594 (19.0128)  family_acc1: 42.1875 (43.3381)  manu_acc1: 60.9375 (61.3849)  time: 0.4272  data: 0.2209  max mem: 11360
Test:  [ 55/391]  eta: 0:02:37  sploss: 6.8216 (6.8625)  famloss: 3.0238 (2.9788)  manuloss: 1.8657 (1.8450)  acc1: 8.2031 (9.1099)  acc5: 18.3594 (19.0499)  family_acc1: 42.1875 (43.3454)  manu_acc1: 60.5469 (61.3142)  time: 0.4272  data: 0.2209  max mem: 11360
Test:  [ 56/391]  eta: 0:02:34  sploss: 6.8285 (6.8641)  famloss: 3.0238 (2.9758)  manuloss: 1.8657 (1.8449)  acc1: 8.2031 (9.1420)  acc5: 18.3594 (19.1132)  family_acc1: 42.1875 (43.4279)  manu_acc1: 60.5469 (61.2664)  time: 0.3084  data: 0.1029  max mem: 11360
Test:  [ 57/391]  eta: 0:02:32  sploss: 6.8216 (6.8621)  famloss: 3.0238 (2.9767)  manuloss: 1.8562 (1.8442)  acc1: 8.5938 (9.1999)  acc5: 18.7500 (19.1945)  family_acc1: 42.1875 (43.3998)  manu_acc1: 60.5469 (61.2540)  time: 0.3078  data: 0.1029  max mem: 11360
Test:  [ 58/391]  eta: 0:02:30  sploss: 6.8058 (6.8579)  famloss: 3.0238 (2.9723)  manuloss: 1.8432 (1.8417)  acc1: 8.5938 (9.2293)  acc5: 18.7500 (19.2333)  family_acc1: 42.1875 (43.4653)  manu_acc1: 60.5469 (61.3281)  time: 0.3078  data: 0.1029  max mem: 11360
Test:  [ 59/391]  eta: 0:02:29  sploss: 6.7990 (6.8566)  famloss: 3.0021 (2.9684)  manuloss: 1.8363 (1.8401)  acc1: 8.5938 (9.1797)  acc5: 19.9219 (19.2773)  family_acc1: 42.9688 (43.4701)  manu_acc1: 60.5469 (61.3411)  time: 0.3078  data: 0.1029  max mem: 11360
Test:  [ 60/391]  eta: 0:02:39  sploss: 6.7990 (6.8545)  famloss: 2.9766 (2.9670)  manuloss: 1.8363 (1.8393)  acc1: 8.5938 (9.1893)  acc5: 20.7031 (19.3007)  family_acc1: 42.1875 (43.4362)  manu_acc1: 60.5469 (61.3217)  time: 0.4252  data: 0.2191  max mem: 11360
Test:  [ 61/391]  eta: 0:02:37  sploss: 6.7906 (6.8506)  famloss: 2.9766 (2.9628)  manuloss: 1.8363 (1.8360)  acc1: 9.7656 (9.1986)  acc5: 20.7031 (19.3296)  family_acc1: 42.1875 (43.5232)  manu_acc1: 60.5469 (61.3785)  time: 0.4255  data: 0.2191  max mem: 11360
Test:  [ 62/391]  eta: 0:02:35  sploss: 6.7906 (6.8508)  famloss: 2.9766 (2.9600)  manuloss: 1.8363 (1.8360)  acc1: 9.3750 (9.2014)  acc5: 21.0938 (19.3576)  family_acc1: 42.1875 (43.5702)  manu_acc1: 60.5469 (61.3963)  time: 0.4251  data: 0.2191  max mem: 11360
Test:  [ 63/391]  eta: 0:02:34  sploss: 6.7841 (6.8494)  famloss: 2.9766 (2.9610)  manuloss: 1.8363 (1.8369)  acc1: 9.7656 (9.2346)  acc5: 21.0938 (19.4092)  family_acc1: 42.9688 (43.5974)  manu_acc1: 60.5469 (61.3708)  time: 0.4250  data: 0.2191  max mem: 11360
Test:  [ 64/391]  eta: 0:02:32  sploss: 6.7906 (6.8529)  famloss: 3.0238 (2.9647)  manuloss: 1.8432 (1.8385)  acc1: 9.3750 (9.1887)  acc5: 21.0938 (19.3329)  family_acc1: 42.1875 (43.4796)  manu_acc1: 60.5469 (61.3161)  time: 0.4251  data: 0.2191  max mem: 11360
Test:  [ 65/391]  eta: 0:02:30  sploss: 6.7906 (6.8520)  famloss: 2.9393 (2.9644)  manuloss: 1.8432 (1.8402)  acc1: 9.7656 (9.2093)  acc5: 20.7031 (19.3419)  family_acc1: 43.3594 (43.4837)  manu_acc1: 60.1562 (61.2689)  time: 0.4245  data: 0.2191  max mem: 11360
Test:  [ 66/391]  eta: 0:02:28  sploss: 6.7841 (6.8508)  famloss: 2.9229 (2.9637)  manuloss: 1.8363 (1.8384)  acc1: 9.7656 (9.2001)  acc5: 20.7031 (19.3447)  family_acc1: 43.7500 (43.5110)  manu_acc1: 60.1562 (61.3398)  time: 0.4241  data: 0.2191  max mem: 11360
Test:  [ 67/391]  eta: 0:02:26  sploss: 6.7841 (6.8501)  famloss: 2.9101 (2.9610)  manuloss: 1.8358 (1.8359)  acc1: 9.7656 (9.1854)  acc5: 20.7031 (19.2613)  family_acc1: 43.7500 (43.5375)  manu_acc1: 60.1562 (61.3741)  time: 0.4239  data: 0.2191  max mem: 11360
Test:  [ 68/391]  eta: 0:02:25  sploss: 6.7711 (6.8482)  famloss: 2.8812 (2.9568)  manuloss: 1.8358 (1.8327)  acc1: 9.7656 (9.1825)  acc5: 21.0938 (19.2935)  family_acc1: 43.7500 (43.6085)  manu_acc1: 60.1562 (61.4300)  time: 0.3201  data: 0.1166  max mem: 11360
Test:  [ 69/391]  eta: 0:02:23  sploss: 6.7841 (6.8475)  famloss: 2.9229 (2.9574)  manuloss: 1.8358 (1.8310)  acc1: 9.3750 (9.1853)  acc5: 20.7031 (19.3025)  family_acc1: 43.7500 (43.6328)  manu_acc1: 60.1562 (61.4342)  time: 0.3195  data: 0.1166  max mem: 11360
Test:  [ 70/391]  eta: 0:02:21  sploss: 6.7841 (6.8498)  famloss: 2.8895 (2.9565)  manuloss: 1.8071 (1.8299)  acc1: 9.3750 (9.1549)  acc5: 20.7031 (19.2342)  family_acc1: 43.7500 (43.6455)  manu_acc1: 60.5469 (61.4657)  time: 0.3192  data: 0.1166  max mem: 11360
Test:  [ 71/391]  eta: 0:02:20  sploss: 6.7711 (6.8474)  famloss: 2.8812 (2.9508)  manuloss: 1.7913 (1.8263)  acc1: 9.7656 (9.1688)  acc5: 20.7031 (19.2003)  family_acc1: 44.5312 (43.7609)  manu_acc1: 61.7188 (61.5831)  time: 0.3187  data: 0.1166  max mem: 11360
Test:  [ 72/391]  eta: 0:02:28  sploss: 6.7711 (6.8469)  famloss: 2.8440 (2.9493)  manuloss: 1.7556 (1.8223)  acc1: 9.3750 (9.1610)  acc5: 20.7031 (19.2155)  family_acc1: 45.3125 (43.7875)  manu_acc1: 62.1094 (61.6813)  time: 0.4212  data: 0.2275  max mem: 11360
Test:  [ 73/391]  eta: 0:02:27  sploss: 6.7711 (6.8482)  famloss: 2.8412 (2.9455)  manuloss: 1.7461 (1.8190)  acc1: 9.3750 (9.1322)  acc5: 20.7031 (19.1670)  family_acc1: 45.3125 (43.8661)  manu_acc1: 62.5000 (61.7663)  time: 0.4210  data: 0.2274  max mem: 11360
Test:  [ 74/391]  eta: 0:02:25  sploss: 6.7711 (6.8454)  famloss: 2.8079 (2.9429)  manuloss: 1.7251 (1.8165)  acc1: 9.3750 (9.1458)  acc5: 20.7031 (19.2292)  family_acc1: 45.3125 (43.9531)  manu_acc1: 62.5000 (61.8177)  time: 0.4205  data: 0.2274  max mem: 11360
Test:  [ 75/391]  eta: 0:02:23  sploss: 6.7841 (6.8462)  famloss: 2.8079 (2.9442)  manuloss: 1.7251 (1.8176)  acc1: 9.3750 (9.1540)  acc5: 20.3125 (19.2126)  family_acc1: 45.3125 (43.9350)  manu_acc1: 62.5000 (61.7547)  time: 0.4210  data: 0.2274  max mem: 11360
Test:  [ 76/391]  eta: 0:02:22  sploss: 6.7841 (6.8460)  famloss: 2.7891 (2.9421)  manuloss: 1.7152 (1.8157)  acc1: 9.3750 (9.1670)  acc5: 20.3125 (19.2522)  family_acc1: 45.3125 (43.9986)  manu_acc1: 63.6719 (61.7898)  time: 0.4211  data: 0.2274  max mem: 11360
Test:  [ 77/391]  eta: 0:02:20  sploss: 6.7929 (6.8482)  famloss: 2.7891 (2.9409)  manuloss: 1.6954 (1.8133)  acc1: 9.3750 (9.1396)  acc5: 19.9219 (19.2408)  family_acc1: 45.3125 (44.0605)  manu_acc1: 63.6719 (61.8289)  time: 0.4214  data: 0.2274  max mem: 11360
Test:  [ 78/391]  eta: 0:02:19  sploss: 6.7970 (6.8496)  famloss: 2.8412 (2.9411)  manuloss: 1.7152 (1.8151)  acc1: 8.9844 (9.1129)  acc5: 19.9219 (19.2395)  family_acc1: 45.3125 (44.0862)  manu_acc1: 63.6719 (61.7781)  time: 0.4215  data: 0.2274  max mem: 11360
Test:  [ 79/391]  eta: 0:02:17  sploss: 6.8033 (6.8503)  famloss: 2.8472 (2.9418)  manuloss: 1.7152 (1.8141)  acc1: 9.3750 (9.1162)  acc5: 19.5312 (19.2383)  family_acc1: 45.3125 (44.0869)  manu_acc1: 63.6719 (61.7871)  time: 0.4217  data: 0.2274  max mem: 11360
Test:  [ 80/391]  eta: 0:02:16  sploss: 6.8074 (6.8508)  famloss: 2.8472 (2.9442)  manuloss: 1.7152 (1.8136)  acc1: 8.9844 (9.1098)  acc5: 19.5312 (19.2419)  family_acc1: 45.3125 (44.0394)  manu_acc1: 63.6719 (61.8248)  time: 0.3046  data: 0.1112  max mem: 11360
Test:  [ 81/391]  eta: 0:02:15  sploss: 6.8291 (6.8505)  famloss: 2.8895 (2.9438)  manuloss: 1.7251 (1.8126)  acc1: 8.9844 (9.1273)  acc5: 19.5312 (19.2454)  family_acc1: 45.3125 (44.0549)  manu_acc1: 63.6719 (61.8712)  time: 0.3042  data: 0.1112  max mem: 11360
Test:  [ 82/391]  eta: 0:02:13  sploss: 6.8291 (6.8549)  famloss: 2.9074 (2.9461)  manuloss: 1.7251 (1.8132)  acc1: 8.5938 (9.0926)  acc5: 19.1406 (19.1830)  family_acc1: 45.3125 (44.0041)  manu_acc1: 63.6719 (61.8552)  time: 0.3048  data: 0.1112  max mem: 11360
Test:  [ 83/391]  eta: 0:02:12  sploss: 6.8295 (6.8564)  famloss: 2.9074 (2.9487)  manuloss: 1.7251 (1.8156)  acc1: 8.5938 (9.0960)  acc5: 19.1406 (19.1871)  family_acc1: 45.3125 (43.9453)  manu_acc1: 63.6719 (61.7978)  time: 0.3051  data: 0.1112  max mem: 11360
Test:  [ 84/391]  eta: 0:02:19  sploss: 6.8291 (6.8552)  famloss: 2.9074 (2.9503)  manuloss: 1.7152 (1.8143)  acc1: 8.5938 (9.0901)  acc5: 19.5312 (19.2188)  family_acc1: 45.3125 (43.8833)  manu_acc1: 63.6719 (61.8153)  time: 0.4191  data: 0.2247  max mem: 11360
Test:  [ 85/391]  eta: 0:02:18  sploss: 6.8291 (6.8547)  famloss: 2.9074 (2.9532)  manuloss: 1.7152 (1.8156)  acc1: 8.5938 (9.0979)  acc5: 19.1406 (19.1997)  family_acc1: 45.3125 (43.8318)  manu_acc1: 63.6719 (61.8187)  time: 0.4201  data: 0.2247  max mem: 11360
Test:  [ 86/391]  eta: 0:02:16  sploss: 6.8291 (6.8526)  famloss: 2.9074 (2.9529)  manuloss: 1.7063 (1.8142)  acc1: 8.9844 (9.1325)  acc5: 19.1406 (19.2125)  family_acc1: 45.3125 (43.8084)  manu_acc1: 63.6719 (61.8579)  time: 0.4206  data: 0.2246  max mem: 11360
Test:  [ 87/391]  eta: 0:02:15  sploss: 6.8295 (6.8543)  famloss: 2.9220 (2.9544)  manuloss: 1.7152 (1.8150)  acc1: 8.9844 (9.1264)  acc5: 19.1406 (19.1850)  family_acc1: 44.5312 (43.7544)  manu_acc1: 63.6719 (61.8741)  time: 0.4203  data: 0.2246  max mem: 11360
Test:  [ 88/391]  eta: 0:02:14  sploss: 6.8295 (6.8529)  famloss: 2.9220 (2.9534)  manuloss: 1.7210 (1.8139)  acc1: 8.9844 (9.1248)  acc5: 19.1406 (19.2108)  family_acc1: 44.5312 (43.7851)  manu_acc1: 63.6719 (61.9031)  time: 0.4203  data: 0.2246  max mem: 11360
Test:  [ 89/391]  eta: 0:02:12  sploss: 6.8887 (6.8544)  famloss: 2.9220 (2.9533)  manuloss: 1.7210 (1.8115)  acc1: 8.9844 (9.1233)  acc5: 19.1406 (19.2057)  family_acc1: 44.5312 (43.8064)  manu_acc1: 64.4531 (61.9618)  time: 0.4202  data: 0.2246  max mem: 11360
Test:  [ 90/391]  eta: 0:02:11  sploss: 6.8295 (6.8539)  famloss: 2.9491 (2.9551)  manuloss: 1.7210 (1.8117)  acc1: 8.9844 (9.0960)  acc5: 19.1406 (19.1964)  family_acc1: 44.1406 (43.7414)  manu_acc1: 64.4531 (61.9291)  time: 0.4203  data: 0.2246  max mem: 11360
Test:  [ 91/391]  eta: 0:02:10  sploss: 6.8887 (6.8562)  famloss: 2.9580 (2.9583)  manuloss: 1.7302 (1.8134)  acc1: 8.5938 (9.0905)  acc5: 19.1406 (19.1491)  family_acc1: 42.5781 (43.6821)  manu_acc1: 63.2812 (61.8971)  time: 0.4206  data: 0.2246  max mem: 11360
Test:  [ 92/391]  eta: 0:02:09  sploss: 6.9029 (6.8582)  famloss: 2.9984 (2.9622)  manuloss: 1.7348 (1.8154)  acc1: 8.5938 (9.0432)  acc5: 18.7500 (19.1280)  family_acc1: 41.7969 (43.6072)  manu_acc1: 63.2812 (61.8826)  time: 0.3094  data: 0.1138  max mem: 11360
Test:  [ 93/391]  eta: 0:02:08  sploss: 6.8966 (6.8586)  famloss: 3.0390 (2.9636)  manuloss: 1.7348 (1.8145)  acc1: 8.9844 (9.0550)  acc5: 18.7500 (19.1032)  family_acc1: 40.2344 (43.5547)  manu_acc1: 63.2812 (61.9307)  time: 0.3090  data: 0.1138  max mem: 11360
Test:  [ 94/391]  eta: 0:02:06  sploss: 6.9029 (6.8617)  famloss: 3.0619 (2.9646)  manuloss: 1.7780 (1.8145)  acc1: 8.5938 (9.0461)  acc5: 18.3594 (19.0831)  family_acc1: 40.2344 (43.5567)  manu_acc1: 62.5000 (61.9079)  time: 0.3090  data: 0.1138  max mem: 11360
Test:  [ 95/391]  eta: 0:02:05  sploss: 6.8966 (6.8617)  famloss: 3.0832 (2.9664)  manuloss: 1.7780 (1.8160)  acc1: 8.5938 (9.0413)  acc5: 18.7500 (19.0877)  family_acc1: 40.2344 (43.5425)  manu_acc1: 62.5000 (61.8856)  time: 0.3084  data: 0.1138  max mem: 11360
Test:  [ 96/391]  eta: 0:02:11  sploss: 6.9029 (6.8624)  famloss: 3.0832 (2.9671)  manuloss: 1.8225 (1.8180)  acc1: 8.5938 (9.0488)  acc5: 18.7500 (19.0883)  family_acc1: 39.8438 (43.4963)  manu_acc1: 62.1094 (61.8275)  time: 0.4216  data: 0.2265  max mem: 11360
Test:  [ 97/391]  eta: 0:02:10  sploss: 6.8966 (6.8622)  famloss: 3.0833 (2.9687)  manuloss: 1.8283 (1.8198)  acc1: 8.5938 (9.0402)  acc5: 18.7500 (19.0689)  family_acc1: 39.8438 (43.4710)  manu_acc1: 60.5469 (61.7746)  time: 0.4218  data: 0.2265  max mem: 11360
Test:  [ 98/391]  eta: 0:02:09  sploss: 6.8966 (6.8629)  famloss: 3.0976 (2.9719)  manuloss: 1.8283 (1.8228)  acc1: 8.5938 (9.0515)  acc5: 18.7500 (19.0775)  family_acc1: 39.4531 (43.4146)  manu_acc1: 60.5469 (61.7345)  time: 0.4216  data: 0.2265  max mem: 11360
Test:  [ 99/391]  eta: 0:02:07  sploss: 6.8887 (6.8627)  famloss: 3.0976 (2.9727)  manuloss: 1.8638 (1.8253)  acc1: 8.5938 (9.0508)  acc5: 18.7500 (19.0977)  family_acc1: 39.4531 (43.4336)  manu_acc1: 60.5469 (61.6680)  time: 0.4215  data: 0.2265  max mem: 11360
Test:  [100/391]  eta: 0:02:06  sploss: 6.8642 (6.8627)  famloss: 3.0976 (2.9746)  manuloss: 1.8829 (1.8272)  acc1: 8.5938 (9.0385)  acc5: 18.7500 (19.0981)  family_acc1: 39.4531 (43.4019)  manu_acc1: 59.7656 (61.6259)  time: 0.4211  data: 0.2265  max mem: 11360
Test:  [101/391]  eta: 0:02:05  sploss: 6.8966 (6.8631)  famloss: 3.0976 (2.9756)  manuloss: 1.9285 (1.8294)  acc1: 8.5938 (9.0418)  acc5: 18.3594 (19.0794)  family_acc1: 39.4531 (43.4168)  manu_acc1: 59.7656 (61.5771)  time: 0.4212  data: 0.2265  max mem: 11360
Test:  [102/391]  eta: 0:02:04  sploss: 6.8966 (6.8635)  famloss: 3.0976 (2.9775)  manuloss: 1.9506 (1.8322)  acc1: 8.5938 (9.0185)  acc5: 18.3594 (19.0534)  family_acc1: 39.0625 (43.3518)  manu_acc1: 58.9844 (61.5140)  time: 0.4230  data: 0.2265  max mem: 11360
Test:  [103/391]  eta: 0:02:03  sploss: 6.8730 (6.8636)  famloss: 3.0833 (2.9780)  manuloss: 1.9506 (1.8337)  acc1: 8.5938 (9.0257)  acc5: 18.3594 (19.0505)  family_acc1: 39.4531 (43.3444)  manu_acc1: 58.9844 (61.4821)  time: 0.4230  data: 0.2265  max mem: 11360
Test:  [104/391]  eta: 0:02:02  sploss: 6.8730 (6.8635)  famloss: 3.0976 (2.9816)  manuloss: 1.9721 (1.8364)  acc1: 8.5938 (9.0141)  acc5: 18.3594 (19.0588)  family_acc1: 39.4531 (43.2961)  manu_acc1: 58.9844 (61.4360)  time: 0.3095  data: 0.1131  max mem: 11360
Test:  [105/391]  eta: 0:02:01  sploss: 6.8730 (6.8632)  famloss: 3.0976 (2.9836)  manuloss: 1.9721 (1.8373)  acc1: 8.5938 (9.0212)  acc5: 18.7500 (19.0632)  family_acc1: 40.2344 (43.2746)  manu_acc1: 58.9844 (61.4129)  time: 0.3088  data: 0.1131  max mem: 11360
Test:  [106/391]  eta: 0:02:00  sploss: 6.8966 (6.8661)  famloss: 3.1129 (2.9867)  manuloss: 1.9721 (1.8379)  acc1: 8.5938 (9.0099)  acc5: 18.3594 (19.0311)  family_acc1: 40.2344 (43.2462)  manu_acc1: 58.9844 (61.4267)  time: 0.3086  data: 0.1131  max mem: 11360
Test:  [107/391]  eta: 0:01:59  sploss: 6.8966 (6.8672)  famloss: 3.1145 (2.9879)  manuloss: 1.9721 (1.8385)  acc1: 8.5938 (8.9808)  acc5: 18.3594 (18.9923)  family_acc1: 40.2344 (43.2147)  manu_acc1: 58.2031 (61.3932)  time: 0.3091  data: 0.1131  max mem: 11360
Test:  [108/391]  eta: 0:02:04  sploss: 6.8990 (6.8693)  famloss: 3.1204 (2.9916)  manuloss: 1.9821 (1.8430)  acc1: 8.2031 (8.9629)  acc5: 17.1875 (18.9543)  family_acc1: 39.8438 (43.1838)  manu_acc1: 57.8125 (61.3138)  time: 0.4249  data: 0.2275  max mem: 11360
Test:  [109/391]  eta: 0:02:03  sploss: 6.8990 (6.8703)  famloss: 3.1296 (2.9930)  manuloss: 1.9925 (1.8462)  acc1: 8.2031 (8.9702)  acc5: 17.1875 (18.9489)  family_acc1: 39.8438 (43.1143)  manu_acc1: 57.8125 (61.2464)  time: 0.4258  data: 0.2275  max mem: 11360
Test:  [110/391]  eta: 0:02:02  sploss: 6.8990 (6.8697)  famloss: 3.1296 (2.9940)  manuloss: 1.9956 (1.8500)  acc1: 8.2031 (8.9421)  acc5: 17.1875 (18.9471)  family_acc1: 39.8438 (43.0602)  manu_acc1: 57.4219 (61.1240)  time: 0.4260  data: 0.2275  max mem: 11360
Test:  [111/391]  eta: 0:02:01  sploss: 6.8990 (6.8704)  famloss: 3.1296 (2.9964)  manuloss: 2.0089 (1.8546)  acc1: 8.2031 (8.9181)  acc5: 17.1875 (18.9244)  family_acc1: 39.8438 (42.9792)  manu_acc1: 56.6406 (61.0073)  time: 0.4265  data: 0.2275  max mem: 11360
Test:  [112/391]  eta: 0:02:00  sploss: 6.8966 (6.8697)  famloss: 3.1296 (2.9979)  manuloss: 2.0161 (1.8577)  acc1: 8.2031 (8.9187)  acc5: 18.3594 (18.9228)  family_acc1: 39.8438 (42.9411)  manu_acc1: 56.6406 (60.8995)  time: 0.4263  data: 0.2275  max mem: 11360
Test:  [113/391]  eta: 0:01:59  sploss: 6.8730 (6.8696)  famloss: 3.1395 (2.9991)  manuloss: 2.0554 (1.8597)  acc1: 8.2031 (8.9296)  acc5: 18.7500 (18.9213)  family_acc1: 39.8438 (42.8968)  manu_acc1: 56.6406 (60.8381)  time: 0.4268  data: 0.2275  max mem: 11360
Test:  [114/391]  eta: 0:01:58  sploss: 6.8642 (6.8684)  famloss: 3.1395 (2.9986)  manuloss: 2.0554 (1.8613)  acc1: 8.2031 (8.9164)  acc5: 18.7500 (18.8893)  family_acc1: 39.8438 (42.8906)  manu_acc1: 56.6406 (60.8050)  time: 0.4269  data: 0.2275  max mem: 11360
Test:  [115/391]  eta: 0:01:57  sploss: 6.8642 (6.8671)  famloss: 3.1395 (2.9977)  manuloss: 2.0554 (1.8603)  acc1: 8.2031 (8.9271)  acc5: 18.7500 (18.9049)  family_acc1: 39.8438 (42.9048)  manu_acc1: 56.6406 (60.7994)  time: 0.4272  data: 0.2275  max mem: 11360
Test:  [116/391]  eta: 0:01:56  sploss: 6.8642 (6.8671)  famloss: 3.1395 (2.9972)  manuloss: 2.0554 (1.8609)  acc1: 8.2031 (8.9310)  acc5: 18.7500 (18.9069)  family_acc1: 39.8438 (42.9187)  manu_acc1: 56.6406 (60.7973)  time: 0.3146  data: 0.1148  max mem: 11360
Test:  [117/391]  eta: 0:01:55  sploss: 6.8668 (6.8682)  famloss: 3.1395 (2.9975)  manuloss: 2.0554 (1.8612)  acc1: 8.5938 (8.9281)  acc5: 18.7500 (18.9122)  family_acc1: 39.8438 (42.9025)  manu_acc1: 56.6406 (60.7753)  time: 0.3143  data: 0.1148  max mem: 11360
Test:  [118/391]  eta: 0:01:54  sploss: 6.8642 (6.8676)  famloss: 3.1191 (2.9985)  manuloss: 2.0498 (1.8623)  acc1: 8.5938 (8.9417)  acc5: 18.7500 (18.9371)  family_acc1: 39.8438 (42.8736)  manu_acc1: 56.6406 (60.7438)  time: 0.3144  data: 0.1148  max mem: 11360
Test:  [119/391]  eta: 0:01:53  sploss: 6.8642 (6.8654)  famloss: 3.1191 (2.9969)  manuloss: 2.0089 (1.8611)  acc1: 8.5938 (8.9518)  acc5: 18.7500 (18.9583)  family_acc1: 39.8438 (42.8971)  manu_acc1: 57.0312 (60.7715)  time: 0.3142  data: 0.1148  max mem: 11360
Test:  [120/391]  eta: 0:01:57  sploss: 6.8531 (6.8651)  famloss: 3.1145 (2.9956)  manuloss: 1.9935 (1.8609)  acc1: 8.5938 (8.9456)  acc5: 18.7500 (18.9695)  family_acc1: 39.8438 (42.9268)  manu_acc1: 57.0312 (60.7729)  time: 0.4247  data: 0.2243  max mem: 11360
Test:  [121/391]  eta: 0:01:56  sploss: 6.8524 (6.8633)  famloss: 3.1145 (2.9948)  manuloss: 1.9821 (1.8612)  acc1: 8.5938 (8.9588)  acc5: 18.7500 (18.9805)  family_acc1: 39.8438 (42.9303)  manu_acc1: 57.0312 (60.7646)  time: 0.4251  data: 0.2243  max mem: 11360
Test:  [122/391]  eta: 0:01:55  sploss: 6.8319 (6.8615)  famloss: 3.1030 (2.9934)  manuloss: 1.9269 (1.8604)  acc1: 8.5938 (8.9494)  acc5: 18.7500 (18.9977)  family_acc1: 40.2344 (42.9624)  manu_acc1: 57.8125 (60.7597)  time: 0.4228  data: 0.2243  max mem: 11360
Test:  [123/391]  eta: 0:01:54  sploss: 6.8302 (6.8605)  famloss: 3.1030 (2.9916)  manuloss: 1.9257 (1.8587)  acc1: 8.5938 (8.9718)  acc5: 19.1406 (19.0304)  family_acc1: 40.2344 (42.9435)  manu_acc1: 57.8125 (60.7894)  time: 0.4229  data: 0.2243  max mem: 11360
Test:  [124/391]  eta: 0:01:53  sploss: 6.8073 (6.8595)  famloss: 3.0341 (2.9910)  manuloss: 1.9066 (1.8581)  acc1: 8.9844 (8.9844)  acc5: 19.1406 (19.0781)  family_acc1: 40.6250 (42.9500)  manu_acc1: 58.2031 (60.7969)  time: 0.4220  data: 0.2243  max mem: 11360
Test:  [125/391]  eta: 0:01:52  sploss: 6.7985 (6.8575)  famloss: 2.9427 (2.9900)  manuloss: 1.9066 (1.8586)  acc1: 8.9844 (8.9875)  acc5: 18.7500 (19.0724)  family_acc1: 40.6250 (42.9719)  manu_acc1: 57.8125 (60.7639)  time: 0.4223  data: 0.2243  max mem: 11360
Test:  [126/391]  eta: 0:01:51  sploss: 6.7985 (6.8580)  famloss: 2.9315 (2.9879)  manuloss: 1.9066 (1.8559)  acc1: 8.9844 (8.9751)  acc5: 19.1406 (19.0730)  family_acc1: 41.0156 (42.9841)  manu_acc1: 57.8125 (60.7960)  time: 0.4223  data: 0.2243  max mem: 11360
Test:  [127/391]  eta: 0:01:51  sploss: 6.7949 (6.8554)  famloss: 2.9138 (2.9859)  manuloss: 1.9035 (1.8548)  acc1: 9.3750 (8.9966)  acc5: 19.1406 (19.0796)  family_acc1: 42.1875 (43.0023)  manu_acc1: 58.2031 (60.8246)  time: 0.4218  data: 0.2243  max mem: 11360
Test:  [128/391]  eta: 0:01:50  sploss: 6.7363 (6.8534)  famloss: 2.9138 (2.9859)  manuloss: 1.9035 (1.8557)  acc1: 9.3750 (9.0086)  acc5: 19.5312 (19.0982)  family_acc1: 43.3594 (43.0172)  manu_acc1: 58.2031 (60.8012)  time: 0.3063  data: 0.1099  max mem: 11360
Test:  [129/391]  eta: 0:01:49  sploss: 6.7363 (6.8532)  famloss: 2.8969 (2.9850)  manuloss: 1.9001 (1.8553)  acc1: 9.3750 (9.0054)  acc5: 19.5312 (19.1016)  family_acc1: 43.3594 (43.0108)  manu_acc1: 59.7656 (60.7963)  time: 0.3056  data: 0.1099  max mem: 11360
Test:  [130/391]  eta: 0:01:48  sploss: 6.7363 (6.8544)  famloss: 2.8948 (2.9835)  manuloss: 1.8255 (1.8545)  acc1: 9.3750 (9.0052)  acc5: 19.5312 (19.0750)  family_acc1: 43.7500 (43.0314)  manu_acc1: 60.1562 (60.8003)  time: 0.3048  data: 0.1099  max mem: 11360
Test:  [131/391]  eta: 0:01:47  sploss: 6.7351 (6.8523)  famloss: 2.8719 (2.9811)  manuloss: 1.7962 (1.8524)  acc1: 9.3750 (9.0169)  acc5: 19.9219 (19.1022)  family_acc1: 44.5312 (43.0664)  manu_acc1: 60.1562 (60.8458)  time: 0.3041  data: 0.1099  max mem: 11360
Test:  [132/391]  eta: 0:01:51  sploss: 6.7314 (6.8505)  famloss: 2.8671 (2.9796)  manuloss: 1.7799 (1.8515)  acc1: 9.3750 (9.0137)  acc5: 19.9219 (19.1054)  family_acc1: 44.5312 (43.0862)  manu_acc1: 60.1562 (60.8699)  time: 0.4141  data: 0.2187  max mem: 11360
Test:  [133/391]  eta: 0:01:50  sploss: 6.7211 (6.8496)  famloss: 2.8487 (2.9771)  manuloss: 1.7592 (1.8502)  acc1: 9.3750 (9.0135)  acc5: 20.3125 (19.1173)  family_acc1: 44.5312 (43.1233)  manu_acc1: 60.1562 (60.8471)  time: 0.4138  data: 0.2187  max mem: 11360
Test:  [134/391]  eta: 0:01:49  sploss: 6.7199 (6.8482)  famloss: 2.8122 (2.9751)  manuloss: 1.7459 (1.8490)  acc1: 9.3750 (9.0046)  acc5: 20.3125 (19.1464)  family_acc1: 44.9219 (43.1568)  manu_acc1: 60.5469 (60.8709)  time: 0.4137  data: 0.2187  max mem: 11360
Test:  [135/391]  eta: 0:01:48  sploss: 6.6637 (6.8461)  famloss: 2.8042 (2.9725)  manuloss: 1.7459 (1.8469)  acc1: 9.3750 (9.0074)  acc5: 20.3125 (19.1693)  family_acc1: 45.3125 (43.2100)  manu_acc1: 60.9375 (60.9318)  time: 0.4135  data: 0.2187  max mem: 11360
Test:  [136/391]  eta: 0:01:47  sploss: 6.6482 (6.8434)  famloss: 2.7918 (2.9710)  manuloss: 1.7319 (1.8449)  acc1: 9.3750 (9.0243)  acc5: 20.7031 (19.1948)  family_acc1: 45.3125 (43.2168)  manu_acc1: 61.3281 (60.9546)  time: 0.4130  data: 0.2187  max mem: 11360
Test:  [137/391]  eta: 0:01:46  sploss: 6.6482 (6.8431)  famloss: 2.7885 (2.9695)  manuloss: 1.7218 (1.8437)  acc1: 9.3750 (9.0353)  acc5: 21.0938 (19.2142)  family_acc1: 45.7031 (43.2405)  manu_acc1: 61.7188 (60.9715)  time: 0.4131  data: 0.2187  max mem: 11360
Test:  [138/391]  eta: 0:01:45  sploss: 6.6482 (6.8443)  famloss: 2.7885 (2.9683)  manuloss: 1.7205 (1.8421)  acc1: 9.3750 (9.0069)  acc5: 20.7031 (19.1743)  family_acc1: 45.7031 (43.2470)  manu_acc1: 63.2812 (61.0049)  time: 0.4130  data: 0.2187  max mem: 11360
Test:  [139/391]  eta: 0:01:45  sploss: 6.6637 (6.8444)  famloss: 2.7885 (2.9671)  manuloss: 1.6913 (1.8400)  acc1: 8.9844 (8.9955)  acc5: 20.7031 (19.1881)  family_acc1: 45.7031 (43.2757)  manu_acc1: 63.2812 (61.0547)  time: 0.4130  data: 0.2187  max mem: 11360
Test:  [140/391]  eta: 0:01:44  sploss: 6.6482 (6.8426)  famloss: 2.7760 (2.9638)  manuloss: 1.6793 (1.8379)  acc1: 8.9844 (8.9927)  acc5: 21.0938 (19.2127)  family_acc1: 45.7031 (43.3095)  manu_acc1: 64.0625 (61.0760)  time: 0.3025  data: 0.1091  max mem: 11360
Test:  [141/391]  eta: 0:01:43  sploss: 6.6637 (6.8420)  famloss: 2.7659 (2.9622)  manuloss: 1.6793 (1.8370)  acc1: 8.9844 (8.9844)  acc5: 21.0938 (19.2121)  family_acc1: 45.7031 (43.3346)  manu_acc1: 64.0625 (61.1026)  time: 0.3018  data: 0.1091  max mem: 11360
Test:  [142/391]  eta: 0:01:42  sploss: 6.7199 (6.8422)  famloss: 2.7659 (2.9623)  manuloss: 1.6793 (1.8370)  acc1: 8.9844 (8.9734)  acc5: 20.7031 (19.2116)  family_acc1: 45.7031 (43.3211)  manu_acc1: 64.0625 (61.0795)  time: 0.3019  data: 0.1091  max mem: 11360
Test:  [143/391]  eta: 0:01:41  sploss: 6.7010 (6.8413)  famloss: 2.7611 (2.9600)  manuloss: 1.6793 (1.8350)  acc1: 8.9844 (8.9789)  acc5: 20.7031 (19.2247)  family_acc1: 45.7031 (43.3838)  manu_acc1: 64.0625 (61.1192)  time: 0.3014  data: 0.1091  max mem: 11360
Test:  [144/391]  eta: 0:01:44  sploss: 6.7010 (6.8412)  famloss: 2.7611 (2.9587)  manuloss: 1.6761 (1.8335)  acc1: 8.5938 (8.9736)  acc5: 20.7031 (19.2349)  family_acc1: 45.7031 (43.3998)  manu_acc1: 64.0625 (61.1638)  time: 0.4104  data: 0.2171  max mem: 11360
Test:  [145/391]  eta: 0:01:43  sploss: 6.7199 (6.8411)  famloss: 2.7611 (2.9584)  manuloss: 1.6761 (1.8326)  acc1: 8.5938 (8.9603)  acc5: 20.7031 (19.2343)  family_acc1: 45.7031 (43.4129)  manu_acc1: 64.0625 (61.1836)  time: 0.4106  data: 0.2171  max mem: 11360
Test:  [146/391]  eta: 0:01:43  sploss: 6.7199 (6.8414)  famloss: 2.7659 (2.9575)  manuloss: 1.6793 (1.8318)  acc1: 8.5938 (8.9551)  acc5: 20.7031 (19.2044)  family_acc1: 45.7031 (43.4311)  manu_acc1: 64.0625 (61.1873)  time: 0.4121  data: 0.2171  max mem: 11360
Test:  [147/391]  eta: 0:01:42  sploss: 6.7487 (6.8415)  famloss: 2.7659 (2.9552)  manuloss: 1.6761 (1.8304)  acc1: 8.5938 (8.9553)  acc5: 20.7031 (19.1881)  family_acc1: 46.0938 (43.4781)  manu_acc1: 64.0625 (61.2252)  time: 0.4152  data: 0.2171  max mem: 11360
Test:  [148/391]  eta: 0:01:41  sploss: 6.7487 (6.8399)  famloss: 2.7611 (2.9535)  manuloss: 1.6682 (1.8293)  acc1: 8.5938 (8.9634)  acc5: 20.7031 (19.2140)  family_acc1: 46.4844 (43.5193)  manu_acc1: 64.0625 (61.2285)  time: 0.4178  data: 0.2171  max mem: 11360
Test:  [149/391]  eta: 0:01:40  sploss: 6.7487 (6.8395)  famloss: 2.7611 (2.9528)  manuloss: 1.6682 (1.8285)  acc1: 8.5938 (8.9583)  acc5: 20.7031 (19.2083)  family_acc1: 46.8750 (43.5521)  manu_acc1: 64.0625 (61.2526)  time: 0.4177  data: 0.2171  max mem: 11360
Test:  [150/391]  eta: 0:01:40  sploss: 6.7487 (6.8410)  famloss: 2.7611 (2.9529)  manuloss: 1.6682 (1.8276)  acc1: 8.2031 (8.9482)  acc5: 20.7031 (19.1743)  family_acc1: 46.8750 (43.5172)  manu_acc1: 64.0625 (61.2660)  time: 0.4181  data: 0.2171  max mem: 11360
Test:  [151/391]  eta: 0:01:39  sploss: 6.7775 (6.8415)  famloss: 2.7659 (2.9522)  manuloss: 1.6682 (1.8264)  acc1: 8.2031 (8.9484)  acc5: 19.5312 (19.1740)  family_acc1: 46.8750 (43.5495)  manu_acc1: 64.0625 (61.2973)  time: 0.4181  data: 0.2171  max mem: 11360
Test:  [152/391]  eta: 0:01:38  sploss: 6.7775 (6.8399)  famloss: 2.7611 (2.9509)  manuloss: 1.6354 (1.8250)  acc1: 8.2031 (8.9588)  acc5: 20.7031 (19.2070)  family_acc1: 46.8750 (43.5662)  manu_acc1: 64.0625 (61.3230)  time: 0.3081  data: 0.1083  max mem: 11360
Test:  [153/391]  eta: 0:01:37  sploss: 6.7944 (6.8402)  famloss: 2.7659 (2.9500)  manuloss: 1.6354 (1.8239)  acc1: 8.2031 (8.9565)  acc5: 19.1406 (19.2015)  family_acc1: 46.4844 (43.5826)  manu_acc1: 64.8438 (61.3459)  time: 0.3082  data: 0.1083  max mem: 11360
Test:  [154/391]  eta: 0:01:37  sploss: 6.8223 (6.8414)  famloss: 2.7709 (2.9511)  manuloss: 1.6354 (1.8249)  acc1: 8.5938 (8.9642)  acc5: 19.1406 (19.2087)  family_acc1: 46.0938 (43.5938)  manu_acc1: 64.8438 (61.3281)  time: 0.3082  data: 0.1083  max mem: 11360
Test:  [155/391]  eta: 0:01:36  sploss: 6.8304 (6.8415)  famloss: 2.7920 (2.9508)  manuloss: 1.6354 (1.8234)  acc1: 8.5938 (8.9694)  acc5: 19.1406 (19.2057)  family_acc1: 46.0938 (43.6048)  manu_acc1: 64.4531 (61.3482)  time: 0.3085  data: 0.1083  max mem: 11360
Test:  [156/391]  eta: 0:01:38  sploss: 6.8472 (6.8415)  famloss: 2.8044 (2.9518)  manuloss: 1.6533 (1.8236)  acc1: 8.5938 (8.9719)  acc5: 19.1406 (19.2178)  family_acc1: 46.0938 (43.5957)  manu_acc1: 64.4531 (61.3455)  time: 0.4156  data: 0.2142  max mem: 11360
Test:  [157/391]  eta: 0:01:38  sploss: 6.8481 (6.8431)  famloss: 2.8160 (2.9525)  manuloss: 1.6533 (1.8242)  acc1: 8.2031 (8.9572)  acc5: 19.1406 (19.2000)  family_acc1: 46.0938 (43.5695)  manu_acc1: 64.4531 (61.3454)  time: 0.4161  data: 0.2143  max mem: 11360
Test:  [158/391]  eta: 0:01:37  sploss: 6.8481 (6.8433)  famloss: 2.8248 (2.9540)  manuloss: 1.6682 (1.8253)  acc1: 8.2031 (8.9451)  acc5: 19.1406 (19.1824)  family_acc1: 46.0938 (43.5485)  manu_acc1: 64.0625 (61.3330)  time: 0.4164  data: 0.2143  max mem: 11360
Test:  [159/391]  eta: 0:01:36  sploss: 6.8472 (6.8433)  famloss: 2.8497 (2.9536)  manuloss: 1.7014 (1.8250)  acc1: 8.5938 (8.9478)  acc5: 19.1406 (19.1772)  family_acc1: 46.0938 (43.5840)  manu_acc1: 64.0625 (61.3428)  time: 0.4167  data: 0.2143  max mem: 11360
Test:  [160/391]  eta: 0:01:35  sploss: 6.8472 (6.8428)  famloss: 2.8508 (2.9545)  manuloss: 1.7022 (1.8254)  acc1: 8.5938 (8.9528)  acc5: 19.1406 (19.1891)  family_acc1: 45.7031 (43.5680)  manu_acc1: 63.2812 (61.3306)  time: 0.4168  data: 0.2143  max mem: 11360
Test:  [161/391]  eta: 0:01:35  sploss: 6.8472 (6.8425)  famloss: 2.8806 (2.9553)  manuloss: 1.7029 (1.8260)  acc1: 8.5938 (8.9410)  acc5: 18.7500 (19.1768)  family_acc1: 45.3125 (43.5571)  manu_acc1: 62.8906 (61.3305)  time: 0.4177  data: 0.2143  max mem: 11360
Test:  [162/391]  eta: 0:01:34  sploss: 6.8467 (6.8422)  famloss: 2.8806 (2.9553)  manuloss: 1.7029 (1.8257)  acc1: 8.5938 (8.9364)  acc5: 18.7500 (19.1814)  family_acc1: 45.3125 (43.5559)  manu_acc1: 63.2812 (61.3449)  time: 0.4179  data: 0.2143  max mem: 11360
Test:  [163/391]  eta: 0:01:33  sploss: 6.8472 (6.8432)  famloss: 2.9074 (2.9573)  manuloss: 1.7035 (1.8272)  acc1: 8.2031 (8.9296)  acc5: 18.7500 (19.1930)  family_acc1: 45.3125 (43.5047)  manu_acc1: 62.8906 (61.3115)  time: 0.4184  data: 0.2143  max mem: 11360
Test:  [164/391]  eta: 0:01:33  sploss: 6.8481 (6.8440)  famloss: 2.9152 (2.9588)  manuloss: 1.7148 (1.8275)  acc1: 8.5938 (8.9276)  acc5: 18.3594 (19.1832)  family_acc1: 45.3125 (43.4848)  manu_acc1: 62.8906 (61.3258)  time: 0.3095  data: 0.1063  max mem: 11360
Test:  [165/391]  eta: 0:01:32  sploss: 6.8481 (6.8424)  famloss: 2.9074 (2.9583)  manuloss: 1.7686 (1.8272)  acc1: 8.5938 (8.9279)  acc5: 18.3594 (19.2136)  family_acc1: 45.3125 (43.5006)  manu_acc1: 61.7188 (61.3211)  time: 0.3090  data: 0.1063  max mem: 11360
Test:  [166/391]  eta: 0:01:31  sploss: 6.8481 (6.8437)  famloss: 2.9468 (2.9595)  manuloss: 1.7879 (1.8292)  acc1: 8.9844 (8.9306)  acc5: 18.3594 (19.2038)  family_acc1: 43.3594 (43.4857)  manu_acc1: 61.7188 (61.2907)  time: 0.3081  data: 0.1063  max mem: 11360
Test:  [167/391]  eta: 0:01:31  sploss: 6.8568 (6.8448)  famloss: 2.9718 (2.9604)  manuloss: 1.7879 (1.8287)  acc1: 8.5938 (8.9100)  acc5: 18.3594 (19.1802)  family_acc1: 42.1875 (43.4594)  manu_acc1: 61.7188 (61.3025)  time: 0.3054  data: 0.1063  max mem: 11360
Test:  [168/391]  eta: 0:01:33  sploss: 6.8568 (6.8447)  famloss: 2.9718 (2.9598)  manuloss: 1.7879 (1.8277)  acc1: 8.5938 (8.8989)  acc5: 18.3594 (19.1776)  family_acc1: 42.1875 (43.4703)  manu_acc1: 62.8906 (61.3258)  time: 0.4055  data: 0.2083  max mem: 11360
Test:  [169/391]  eta: 0:01:32  sploss: 6.8707 (6.8466)  famloss: 3.0633 (2.9619)  manuloss: 1.7887 (1.8289)  acc1: 8.5938 (8.8879)  acc5: 18.3594 (19.1590)  family_acc1: 41.7969 (43.4605)  manu_acc1: 61.3281 (61.3006)  time: 0.4060  data: 0.2083  max mem: 11360
Test:  [170/391]  eta: 0:01:31  sploss: 6.8707 (6.8485)  famloss: 3.0945 (2.9633)  manuloss: 1.8515 (1.8299)  acc1: 8.5938 (8.8747)  acc5: 18.3594 (19.1406)  family_acc1: 41.7969 (43.4279)  manu_acc1: 61.3281 (61.2824)  time: 0.4064  data: 0.2083  max mem: 11360
Test:  [171/391]  eta: 0:01:30  sploss: 6.8568 (6.8480)  famloss: 3.0945 (2.9633)  manuloss: 1.8515 (1.8294)  acc1: 8.5938 (8.8754)  acc5: 18.3594 (19.1315)  family_acc1: 41.7969 (43.4434)  manu_acc1: 61.3281 (61.2963)  time: 0.4065  data: 0.2083  max mem: 11360
Test:  [172/391]  eta: 0:01:30  sploss: 6.8707 (6.8489)  famloss: 3.0951 (2.9642)  manuloss: 1.8622 (1.8301)  acc1: 8.2031 (8.8624)  acc5: 17.5781 (19.1068)  family_acc1: 41.7969 (43.4249)  manu_acc1: 60.9375 (61.2762)  time: 0.4066  data: 0.2083  max mem: 11360
Test:  [173/391]  eta: 0:01:29  sploss: 6.8568 (6.8487)  famloss: 3.0951 (2.9642)  manuloss: 1.8622 (1.8292)  acc1: 7.8125 (8.8542)  acc5: 17.5781 (19.1025)  family_acc1: 41.7969 (43.4177)  manu_acc1: 60.9375 (61.2832)  time: 0.4066  data: 0.2083  max mem: 11360
Test:  [174/391]  eta: 0:01:28  sploss: 6.8472 (6.8479)  famloss: 3.0945 (2.9639)  manuloss: 1.8515 (1.8284)  acc1: 7.8125 (8.8817)  acc5: 17.5781 (19.1094)  family_acc1: 41.7969 (43.4152)  manu_acc1: 61.3281 (61.2946)  time: 0.4068  data: 0.2083  max mem: 11360
Test:  [175/391]  eta: 0:01:28  sploss: 6.8472 (6.8481)  famloss: 3.0951 (2.9662)  manuloss: 1.8622 (1.8287)  acc1: 7.8125 (8.8912)  acc5: 17.5781 (19.0985)  family_acc1: 41.0156 (43.3816)  manu_acc1: 61.3281 (61.3059)  time: 0.4065  data: 0.2083  max mem: 11360
Test:  [176/391]  eta: 0:01:27  sploss: 6.8707 (6.8483)  famloss: 3.0945 (2.9666)  manuloss: 1.8622 (1.8284)  acc1: 7.4219 (8.8806)  acc5: 17.5781 (19.0832)  family_acc1: 41.0156 (43.3792)  manu_acc1: 61.3281 (61.3083)  time: 0.2995  data: 0.1024  max mem: 11360
Test:  [177/391]  eta: 0:01:26  sploss: 6.8707 (6.8496)  famloss: 3.0951 (2.9692)  manuloss: 1.8622 (1.8301)  acc1: 7.8125 (8.8812)  acc5: 17.5781 (19.0660)  family_acc1: 41.0156 (43.3374)  manu_acc1: 61.3281 (61.2711)  time: 0.2991  data: 0.1024  max mem: 11360
Test:  [178/391]  eta: 0:01:26  sploss: 6.8643 (6.8497)  famloss: 3.0951 (2.9699)  manuloss: 1.8356 (1.8302)  acc1: 8.2031 (8.8862)  acc5: 17.5781 (19.0817)  family_acc1: 41.7969 (43.3419)  manu_acc1: 61.3281 (61.2561)  time: 0.2989  data: 0.1024  max mem: 11360
Test:  [179/391]  eta: 0:01:25  sploss: 6.8643 (6.8493)  famloss: 3.1013 (2.9709)  manuloss: 1.8622 (1.8304)  acc1: 8.2031 (8.9041)  acc5: 17.5781 (19.0885)  family_acc1: 41.4062 (43.3312)  manu_acc1: 60.5469 (61.2457)  time: 0.2986  data: 0.1024  max mem: 11360
Test:  [180/391]  eta: 0:01:27  sploss: 6.8643 (6.8490)  famloss: 3.1013 (2.9701)  manuloss: 1.8356 (1.8299)  acc1: 8.2031 (8.9110)  acc5: 17.5781 (19.0910)  family_acc1: 41.7969 (43.3572)  manu_acc1: 61.3281 (61.2699)  time: 0.4089  data: 0.2118  max mem: 11360
Test:  [181/391]  eta: 0:01:26  sploss: 6.8861 (6.8499)  famloss: 3.1013 (2.9707)  manuloss: 1.7887 (1.8294)  acc1: 8.5938 (8.9178)  acc5: 17.5781 (19.0891)  family_acc1: 41.7969 (43.3572)  manu_acc1: 61.7188 (61.2766)  time: 0.4087  data: 0.2118  max mem: 11360
Test:  [182/391]  eta: 0:01:26  sploss: 6.8879 (6.8506)  famloss: 3.1109 (2.9717)  manuloss: 1.8356 (1.8307)  acc1: 8.9844 (8.9267)  acc5: 17.5781 (19.0958)  family_acc1: 41.4062 (43.3402)  manu_acc1: 60.5469 (61.2577)  time: 0.4085  data: 0.2118  max mem: 11360
Test:  [183/391]  eta: 0:01:25  sploss: 6.8861 (6.8495)  famloss: 3.1013 (2.9717)  manuloss: 1.8356 (1.8310)  acc1: 8.9844 (8.9334)  acc5: 17.5781 (19.1024)  family_acc1: 41.7969 (43.3573)  manu_acc1: 60.5469 (61.2538)  time: 0.4084  data: 0.2118  max mem: 11360
Test:  [184/391]  eta: 0:01:24  sploss: 6.8861 (6.8498)  famloss: 3.1013 (2.9727)  manuloss: 1.8356 (1.8316)  acc1: 8.9844 (8.9274)  acc5: 18.3594 (19.1068)  family_acc1: 41.7969 (43.3193)  manu_acc1: 60.5469 (61.2014)  time: 0.4085  data: 0.2118  max mem: 11360
Test:  [185/391]  eta: 0:01:24  sploss: 6.8879 (6.8505)  famloss: 3.1035 (2.9734)  manuloss: 1.8648 (1.8319)  acc1: 8.9844 (8.9088)  acc5: 17.5781 (19.0986)  family_acc1: 41.7969 (43.3174)  manu_acc1: 60.5469 (61.2000)  time: 0.4088  data: 0.2118  max mem: 11360
Test:  [186/391]  eta: 0:01:23  sploss: 6.8879 (6.8507)  famloss: 3.1013 (2.9733)  manuloss: 1.8648 (1.8328)  acc1: 8.9844 (8.9154)  acc5: 18.3594 (19.0947)  family_acc1: 42.1875 (43.3280)  manu_acc1: 60.5469 (61.1903)  time: 0.4082  data: 0.2118  max mem: 11360
Test:  [187/391]  eta: 0:01:22  sploss: 6.8861 (6.8499)  famloss: 3.0802 (2.9735)  manuloss: 1.8648 (1.8326)  acc1: 8.9844 (8.9220)  acc5: 18.3594 (19.0991)  family_acc1: 42.9688 (43.3282)  manu_acc1: 60.5469 (61.2014)  time: 0.4079  data: 0.2118  max mem: 11360
Test:  [188/391]  eta: 0:01:22  sploss: 6.8861 (6.8489)  famloss: 3.0802 (2.9737)  manuloss: 1.8773 (1.8334)  acc1: 9.3750 (8.9244)  acc5: 18.3594 (19.0972)  family_acc1: 42.1875 (43.3036)  manu_acc1: 59.3750 (61.1772)  time: 0.3053  data: 0.1098  max mem: 11360
Test:  [189/391]  eta: 0:01:21  sploss: 6.8861 (6.8498)  famloss: 3.0802 (2.9751)  manuloss: 1.8773 (1.8344)  acc1: 9.3750 (8.9248)  acc5: 18.3594 (19.0789)  family_acc1: 42.1875 (43.2874)  manu_acc1: 59.3750 (61.1595)  time: 0.3048  data: 0.1098  max mem: 11360
Test:  [190/391]  eta: 0:01:21  sploss: 6.8861 (6.8503)  famloss: 3.0802 (2.9759)  manuloss: 1.8773 (1.8355)  acc1: 9.3750 (8.9230)  acc5: 18.3594 (19.0650)  family_acc1: 42.9688 (43.2857)  manu_acc1: 59.3750 (61.1441)  time: 0.3044  data: 0.1097  max mem: 11360
Test:  [191/391]  eta: 0:01:20  sploss: 6.8861 (6.8503)  famloss: 3.0802 (2.9760)  manuloss: 1.8773 (1.8351)  acc1: 9.3750 (8.9213)  acc5: 18.7500 (19.0755)  family_acc1: 42.1875 (43.2760)  manu_acc1: 59.3750 (61.1532)  time: 0.3044  data: 0.1098  max mem: 11360
Test:  [192/391]  eta: 0:01:22  sploss: 6.8643 (6.8494)  famloss: 3.0496 (2.9755)  manuloss: 1.8648 (1.8342)  acc1: 9.7656 (8.9338)  acc5: 18.7500 (19.0840)  family_acc1: 42.9688 (43.2865)  manu_acc1: 60.5469 (61.1804)  time: 0.4153  data: 0.2199  max mem: 11360
Test:  [193/391]  eta: 0:01:21  sploss: 6.8861 (6.8505)  famloss: 3.0496 (2.9757)  manuloss: 1.8773 (1.8349)  acc1: 9.7656 (8.9340)  acc5: 18.7500 (19.0742)  family_acc1: 42.9688 (43.2607)  manu_acc1: 59.3750 (61.1691)  time: 0.4158  data: 0.2199  max mem: 11360
Test:  [194/391]  eta: 0:01:20  sploss: 6.8861 (6.8499)  famloss: 3.0496 (2.9760)  manuloss: 1.8780 (1.8354)  acc1: 9.7656 (8.9583)  acc5: 18.7500 (19.0885)  family_acc1: 42.9688 (43.2592)  manu_acc1: 59.3750 (61.1619)  time: 0.4163  data: 0.2198  max mem: 11360
Test:  [195/391]  eta: 0:01:20  sploss: 6.8643 (6.8483)  famloss: 3.0350 (2.9755)  manuloss: 1.8780 (1.8346)  acc1: 9.7656 (8.9724)  acc5: 19.5312 (19.1067)  family_acc1: 42.9688 (43.2577)  manu_acc1: 59.3750 (61.1687)  time: 0.4172  data: 0.2198  max mem: 11360
Test:  [196/391]  eta: 0:01:19  sploss: 6.8443 (6.8481)  famloss: 3.0259 (2.9757)  manuloss: 1.8882 (1.8350)  acc1: 9.7656 (8.9745)  acc5: 19.9219 (19.1129)  family_acc1: 42.9688 (43.2483)  manu_acc1: 59.3750 (61.1715)  time: 0.4171  data: 0.2199  max mem: 11360
Test:  [197/391]  eta: 0:01:18  sploss: 6.8443 (6.8493)  famloss: 3.0259 (2.9766)  manuloss: 1.8882 (1.8358)  acc1: 9.7656 (8.9706)  acc5: 19.9219 (19.1012)  family_acc1: 42.9688 (43.2232)  manu_acc1: 59.3750 (61.1387)  time: 0.4169  data: 0.2199  max mem: 11360
Test:  [198/391]  eta: 0:01:18  sploss: 6.8055 (6.8475)  famloss: 3.0259 (2.9771)  manuloss: 1.8882 (1.8354)  acc1: 9.3750 (8.9726)  acc5: 19.9219 (19.1171)  family_acc1: 41.4062 (43.2141)  manu_acc1: 59.7656 (61.1475)  time: 0.4169  data: 0.2199  max mem: 11360
Test:  [199/391]  eta: 0:01:17  sploss: 6.8055 (6.8468)  famloss: 3.0259 (2.9787)  manuloss: 1.9047 (1.8362)  acc1: 9.3750 (8.9902)  acc5: 19.9219 (19.1270)  family_acc1: 41.4062 (43.1973)  manu_acc1: 59.7656 (61.1387)  time: 0.4168  data: 0.2199  max mem: 11360
Test:  [200/391]  eta: 0:01:17  sploss: 6.8443 (6.8472)  famloss: 3.0350 (2.9796)  manuloss: 1.9283 (1.8372)  acc1: 9.3750 (9.0077)  acc5: 19.9219 (19.1523)  family_acc1: 41.4062 (43.1786)  manu_acc1: 59.3750 (61.1241)  time: 0.3069  data: 0.1104  max mem: 11360
Test:  [201/391]  eta: 0:01:16  sploss: 6.8055 (6.8467)  famloss: 3.0259 (2.9791)  manuloss: 1.9283 (1.8371)  acc1: 9.3750 (9.0153)  acc5: 20.3125 (19.1638)  family_acc1: 41.4062 (43.1757)  manu_acc1: 59.3750 (61.1367)  time: 0.3066  data: 0.1104  max mem: 11360
Test:  [202/391]  eta: 0:01:15  sploss: 6.7922 (6.8464)  famloss: 3.0259 (2.9795)  manuloss: 1.9283 (1.8375)  acc1: 9.3750 (9.0229)  acc5: 19.9219 (19.1560)  family_acc1: 41.4062 (43.1804)  manu_acc1: 59.7656 (61.1319)  time: 0.3067  data: 0.1104  max mem: 11360
Test:  [203/391]  eta: 0:01:15  sploss: 6.8055 (6.8462)  famloss: 3.0259 (2.9796)  manuloss: 1.9283 (1.8372)  acc1: 9.3750 (9.0074)  acc5: 19.9219 (19.1540)  family_acc1: 41.4062 (43.1909)  manu_acc1: 59.7656 (61.1366)  time: 0.3064  data: 0.1104  max mem: 11360
Test:  [204/391]  eta: 0:01:16  sploss: 6.7922 (6.8445)  famloss: 3.0199 (2.9791)  manuloss: 1.9283 (1.8378)  acc1: 9.3750 (9.0225)  acc5: 19.9219 (19.1787)  family_acc1: 42.5781 (43.2107)  manu_acc1: 59.7656 (61.1300)  time: 0.4153  data: 0.2188  max mem: 11360
Test:  [205/391]  eta: 0:01:16  sploss: 6.7922 (6.8444)  famloss: 3.0199 (2.9802)  manuloss: 1.9293 (1.8394)  acc1: 9.3750 (9.0071)  acc5: 19.9219 (19.1767)  family_acc1: 41.4062 (43.1982)  manu_acc1: 59.7656 (61.0892)  time: 0.4153  data: 0.2188  max mem: 11360
Test:  [206/391]  eta: 0:01:15  sploss: 6.7423 (6.8434)  famloss: 3.0199 (2.9800)  manuloss: 1.9293 (1.8404)  acc1: 9.3750 (9.0221)  acc5: 20.3125 (19.1859)  family_acc1: 41.4062 (43.2065)  manu_acc1: 59.7656 (61.0526)  time: 0.4159  data: 0.2188  max mem: 11360
Test:  [207/391]  eta: 0:01:14  sploss: 6.7423 (6.8428)  famloss: 3.0199 (2.9799)  manuloss: 1.9298 (1.8408)  acc1: 9.3750 (9.0370)  acc5: 20.7031 (19.2007)  family_acc1: 41.4062 (43.1997)  manu_acc1: 59.3750 (61.0370)  time: 0.4160  data: 0.2188  max mem: 11360
Test:  [208/391]  eta: 0:01:14  sploss: 6.7922 (6.8428)  famloss: 3.0259 (2.9804)  manuloss: 1.9298 (1.8422)  acc1: 10.1562 (9.0423)  acc5: 20.7031 (19.1948)  family_acc1: 41.7969 (43.1968)  manu_acc1: 59.3750 (61.0029)  time: 0.4158  data: 0.2188  max mem: 11360
Test:  [209/391]  eta: 0:01:13  sploss: 6.7423 (6.8418)  famloss: 3.0138 (2.9804)  manuloss: 1.9298 (1.8429)  acc1: 10.1562 (9.0439)  acc5: 20.7031 (19.2020)  family_acc1: 41.7969 (43.1827)  manu_acc1: 59.3750 (60.9803)  time: 0.4159  data: 0.2188  max mem: 11360
Test:  [210/391]  eta: 0:01:13  sploss: 6.7423 (6.8418)  famloss: 3.0101 (2.9805)  manuloss: 1.9293 (1.8429)  acc1: 10.1562 (9.0418)  acc5: 21.0938 (19.2128)  family_acc1: 41.7969 (43.1854)  manu_acc1: 59.7656 (60.9838)  time: 0.4163  data: 0.2188  max mem: 11360
Test:  [211/391]  eta: 0:01:12  sploss: 6.7362 (6.8412)  famloss: 3.0138 (2.9809)  manuloss: 1.9293 (1.8432)  acc1: 10.1562 (9.0433)  acc5: 20.7031 (19.2106)  family_acc1: 41.7969 (43.1733)  manu_acc1: 59.3750 (60.9651)  time: 0.4163  data: 0.2188  max mem: 11360
Test:  [212/391]  eta: 0:01:12  sploss: 6.7423 (6.8413)  famloss: 3.0259 (2.9815)  manuloss: 1.9298 (1.8447)  acc1: 9.3750 (9.0302)  acc5: 21.0938 (19.2195)  family_acc1: 41.4062 (43.1595)  manu_acc1: 58.9844 (60.9283)  time: 0.3053  data: 0.1087  max mem: 11360
Test:  [213/391]  eta: 0:01:11  sploss: 6.7362 (6.8402)  famloss: 3.0306 (2.9817)  manuloss: 1.9293 (1.8451)  acc1: 9.7656 (9.0337)  acc5: 21.0938 (19.2319)  family_acc1: 41.7969 (43.1531)  manu_acc1: 58.2031 (60.9119)  time: 0.3050  data: 0.1087  max mem: 11360
Test:  [214/391]  eta: 0:01:10  sploss: 6.7362 (6.8399)  famloss: 3.0141 (2.9819)  manuloss: 1.9293 (1.8453)  acc1: 9.3750 (9.0334)  acc5: 21.0938 (19.2224)  family_acc1: 41.7969 (43.1523)  manu_acc1: 58.2031 (60.9121)  time: 0.3044  data: 0.1087  max mem: 11360
Test:  [215/391]  eta: 0:01:10  sploss: 6.7362 (6.8394)  famloss: 3.0306 (2.9821)  manuloss: 1.9298 (1.8457)  acc1: 9.3750 (9.0386)  acc5: 21.0938 (19.2383)  family_acc1: 41.7969 (43.1478)  manu_acc1: 58.2031 (60.9031)  time: 0.3037  data: 0.1087  max mem: 11360
Test:  [216/391]  eta: 0:01:11  sploss: 6.7362 (6.8392)  famloss: 3.0306 (2.9821)  manuloss: 1.9298 (1.8457)  acc1: 9.7656 (9.0492)  acc5: 21.0938 (19.2504)  family_acc1: 41.7969 (43.1506)  manu_acc1: 58.2031 (60.8997)  time: 0.4178  data: 0.2219  max mem: 11360
Test:  [217/391]  eta: 0:01:11  sploss: 6.7325 (6.8383)  famloss: 3.0141 (2.9820)  manuloss: 1.9293 (1.8459)  acc1: 10.1562 (9.0596)  acc5: 21.0938 (19.2517)  family_acc1: 41.7969 (43.1426)  manu_acc1: 58.2031 (60.8820)  time: 0.4185  data: 0.2219  max mem: 11360
Test:  [218/391]  eta: 0:01:10  sploss: 6.7325 (6.8373)  famloss: 3.0141 (2.9824)  manuloss: 1.9298 (1.8468)  acc1: 10.1562 (9.0593)  acc5: 21.0938 (19.2637)  family_acc1: 41.7969 (43.1293)  manu_acc1: 57.8125 (60.8644)  time: 0.4189  data: 0.2219  max mem: 11360
Test:  [219/391]  eta: 0:01:09  sploss: 6.7362 (6.8378)  famloss: 3.0138 (2.9822)  manuloss: 1.9293 (1.8468)  acc1: 9.7656 (9.0465)  acc5: 21.0938 (19.2507)  family_acc1: 42.1875 (43.1321)  manu_acc1: 57.8125 (60.8629)  time: 0.4193  data: 0.2219  max mem: 11360
Test:  [220/391]  eta: 0:01:09  sploss: 6.7362 (6.8394)  famloss: 3.0138 (2.9844)  manuloss: 1.9293 (1.8489)  acc1: 9.3750 (9.0303)  acc5: 20.7031 (19.2378)  family_acc1: 42.1875 (43.1031)  manu_acc1: 57.4219 (60.8049)  time: 0.4192  data: 0.2219  max mem: 11360
Test:  [221/391]  eta: 0:01:08  sploss: 6.7618 (6.8403)  famloss: 3.0141 (2.9866)  manuloss: 1.9298 (1.8513)  acc1: 9.3750 (9.0196)  acc5: 19.5312 (19.2268)  family_acc1: 41.7969 (43.0726)  manu_acc1: 57.0312 (60.7492)  time: 0.4216  data: 0.2219  max mem: 11360
Test:  [222/391]  eta: 0:01:08  sploss: 6.7618 (6.8407)  famloss: 3.0141 (2.9883)  manuloss: 1.9413 (1.8540)  acc1: 9.3750 (9.0247)  acc5: 20.7031 (19.2352)  family_acc1: 41.7969 (43.0283)  manu_acc1: 57.0312 (60.6783)  time: 0.4217  data: 0.2219  max mem: 11360
Test:  [223/391]  eta: 0:01:07  sploss: 6.7618 (6.8423)  famloss: 3.0306 (2.9905)  manuloss: 1.9600 (1.8569)  acc1: 9.3750 (9.0227)  acc5: 20.7031 (19.2278)  family_acc1: 41.4062 (42.9949)  manu_acc1: 57.0312 (60.6219)  time: 0.4222  data: 0.2219  max mem: 11360
Test:  [224/391]  eta: 0:01:07  sploss: 6.7618 (6.8416)  famloss: 3.0338 (2.9920)  manuloss: 1.9698 (1.8591)  acc1: 9.3750 (9.0330)  acc5: 20.7031 (19.2396)  family_acc1: 41.0156 (42.9861)  manu_acc1: 56.2500 (60.5729)  time: 0.3133  data: 0.1136  max mem: 11360
Test:  [225/391]  eta: 0:01:06  sploss: 6.7618 (6.8415)  famloss: 3.0338 (2.9940)  manuloss: 1.9698 (1.8606)  acc1: 9.3750 (9.0380)  acc5: 21.0938 (19.2512)  family_acc1: 41.0156 (42.9549)  manu_acc1: 56.2500 (60.5382)  time: 0.3134  data: 0.1136  max mem: 11360
Test:  [226/391]  eta: 0:01:06  sploss: 6.7618 (6.8397)  famloss: 3.0338 (2.9936)  manuloss: 1.9698 (1.8615)  acc1: 9.3750 (9.0584)  acc5: 21.0938 (19.2714)  family_acc1: 40.6250 (42.9429)  manu_acc1: 56.2500 (60.5021)  time: 0.3131  data: 0.1136  max mem: 11360
Test:  [227/391]  eta: 0:01:05  sploss: 6.7945 (6.8407)  famloss: 3.0552 (2.9945)  manuloss: 2.0375 (1.8630)  acc1: 9.3750 (9.0478)  acc5: 20.7031 (19.2554)  family_acc1: 40.2344 (42.9242)  manu_acc1: 53.9062 (60.4578)  time: 0.3134  data: 0.1136  max mem: 11360
Test:  [228/391]  eta: 0:01:06  sploss: 6.7945 (6.8410)  famloss: 3.0552 (2.9964)  manuloss: 2.0375 (1.8647)  acc1: 8.9844 (9.0475)  acc5: 20.7031 (19.2498)  family_acc1: 40.2344 (42.8818)  manu_acc1: 53.1250 (60.4002)  time: 0.4188  data: 0.2181  max mem: 11360
Test:  [229/391]  eta: 0:01:05  sploss: 6.8193 (6.8412)  famloss: 3.0615 (2.9978)  manuloss: 2.0729 (1.8664)  acc1: 8.9844 (9.0489)  acc5: 19.5312 (19.2459)  family_acc1: 40.2344 (42.8482)  manu_acc1: 52.7344 (60.3465)  time: 0.4271  data: 0.2259  max mem: 11360
Test:  [230/391]  eta: 0:01:05  sploss: 6.8193 (6.8420)  famloss: 3.1071 (2.9993)  manuloss: 2.1667 (1.8686)  acc1: 8.9844 (9.0436)  acc5: 18.7500 (19.2286)  family_acc1: 40.2344 (42.8115)  manu_acc1: 52.3438 (60.2915)  time: 0.4316  data: 0.2259  max mem: 11360
Test:  [231/391]  eta: 0:01:04  sploss: 6.8656 (6.8426)  famloss: 3.1839 (3.0002)  manuloss: 2.1989 (1.8702)  acc1: 8.9844 (9.0349)  acc5: 18.3594 (19.2181)  family_acc1: 38.6719 (42.7920)  manu_acc1: 51.1719 (60.2522)  time: 0.4361  data: 0.2259  max mem: 11360
Test:  [232/391]  eta: 0:01:04  sploss: 6.8926 (6.8430)  famloss: 3.1839 (3.0002)  manuloss: 2.1989 (1.8711)  acc1: 8.9844 (9.0363)  acc5: 18.3594 (19.2194)  family_acc1: 38.6719 (42.7977)  manu_acc1: 51.1719 (60.2283)  time: 0.4358  data: 0.2259  max mem: 11360
Test:  [233/391]  eta: 0:01:03  sploss: 6.9165 (6.8436)  famloss: 3.1839 (3.0008)  manuloss: 2.1989 (1.8725)  acc1: 8.9844 (9.0294)  acc5: 17.9688 (19.2024)  family_acc1: 38.6719 (42.7951)  manu_acc1: 50.3906 (60.1796)  time: 0.4355  data: 0.2259  max mem: 11360
Test:  [234/391]  eta: 0:01:03  sploss: 6.9165 (6.8429)  famloss: 3.1839 (3.0009)  manuloss: 2.1989 (1.8729)  acc1: 8.9844 (9.0226)  acc5: 18.3594 (19.2055)  family_acc1: 38.6719 (42.7975)  manu_acc1: 50.3906 (60.1712)  time: 0.4358  data: 0.2259  max mem: 11360
Test:  [235/391]  eta: 0:01:02  sploss: 6.9165 (6.8414)  famloss: 3.1839 (3.0001)  manuloss: 2.1989 (1.8735)  acc1: 8.9844 (9.0307)  acc5: 18.3594 (19.2201)  family_acc1: 38.6719 (42.8115)  manu_acc1: 50.3906 (60.1546)  time: 0.4358  data: 0.2259  max mem: 11360
Test:  [236/391]  eta: 0:01:02  sploss: 6.9165 (6.8406)  famloss: 3.1839 (3.0002)  manuloss: 2.1989 (1.8739)  acc1: 8.9844 (9.0404)  acc5: 18.3594 (19.2247)  family_acc1: 38.6719 (42.8056)  manu_acc1: 50.3906 (60.1398)  time: 0.3217  data: 0.1127  max mem: 11360
Test:  [237/391]  eta: 0:01:01  sploss: 6.9165 (6.8393)  famloss: 3.1839 (3.0003)  manuloss: 2.1989 (1.8743)  acc1: 8.9844 (9.0517)  acc5: 18.3594 (19.2342)  family_acc1: 38.6719 (42.8046)  manu_acc1: 50.3906 (60.1316)  time: 0.3211  data: 0.1127  max mem: 11360
Test:  [238/391]  eta: 0:01:01  sploss: 6.9165 (6.8378)  famloss: 3.1839 (3.0001)  manuloss: 2.1989 (1.8745)  acc1: 8.9844 (9.0596)  acc5: 18.3594 (19.2501)  family_acc1: 38.6719 (42.8151)  manu_acc1: 50.3906 (60.1285)  time: 0.3210  data: 0.1127  max mem: 11360
Test:  [239/391]  eta: 0:01:00  sploss: 6.8926 (6.8365)  famloss: 3.1839 (3.0001)  manuloss: 2.1989 (1.8748)  acc1: 9.3750 (9.0658)  acc5: 19.5312 (19.2741)  family_acc1: 38.6719 (42.8109)  manu_acc1: 50.3906 (60.1237)  time: 0.3206  data: 0.1127  max mem: 11360
Test:  [240/391]  eta: 0:01:01  sploss: 6.8926 (6.8368)  famloss: 3.1431 (3.0004)  manuloss: 2.1947 (1.8750)  acc1: 9.3750 (9.0638)  acc5: 19.5312 (19.2687)  family_acc1: 40.2344 (42.8018)  manu_acc1: 51.1719 (60.1238)  time: 0.4251  data: 0.2164  max mem: 11360
Test:  [241/391]  eta: 0:01:00  sploss: 6.8193 (6.8361)  famloss: 3.0682 (2.9999)  manuloss: 2.0792 (1.8752)  acc1: 9.3750 (9.0699)  acc5: 19.9219 (19.2746)  family_acc1: 40.6250 (42.7976)  manu_acc1: 52.3438 (60.1256)  time: 0.4275  data: 0.2206  max mem: 11360
Test:  [242/391]  eta: 0:01:00  sploss: 6.8005 (6.8359)  famloss: 3.0409 (3.0001)  manuloss: 2.0729 (1.8757)  acc1: 9.3750 (9.0648)  acc5: 19.5312 (19.2692)  family_acc1: 41.0156 (42.7935)  manu_acc1: 52.7344 (60.1193)  time: 0.4276  data: 0.2206  max mem: 11360
Test:  [243/391]  eta: 0:00:59  sploss: 6.8005 (6.8358)  famloss: 3.0295 (3.0000)  manuloss: 2.0243 (1.8760)  acc1: 9.3750 (9.0676)  acc5: 19.9219 (19.2831)  family_acc1: 41.0156 (42.7846)  manu_acc1: 54.6875 (60.1034)  time: 0.4273  data: 0.2206  max mem: 11360
Test:  [244/391]  eta: 0:00:59  sploss: 6.8048 (6.8358)  famloss: 3.0295 (3.0002)  manuloss: 2.0243 (1.8766)  acc1: 9.3750 (9.0721)  acc5: 19.5312 (19.2777)  family_acc1: 41.4062 (42.7934)  manu_acc1: 56.2500 (60.1004)  time: 0.4270  data: 0.2206  max mem: 11360
Test:  [245/391]  eta: 0:00:58  sploss: 6.8005 (6.8353)  famloss: 3.0148 (2.9993)  manuloss: 2.0033 (1.8761)  acc1: 9.3750 (9.0669)  acc5: 19.5312 (19.2899)  family_acc1: 41.7969 (42.8227)  manu_acc1: 56.2500 (60.1134)  time: 0.4266  data: 0.2206  max mem: 11360
Test:  [246/391]  eta: 0:00:58  sploss: 6.8005 (6.8346)  famloss: 3.0148 (2.9991)  manuloss: 1.9691 (1.8754)  acc1: 9.3750 (9.0777)  acc5: 19.5312 (19.3098)  family_acc1: 41.7969 (42.8264)  manu_acc1: 56.6406 (60.1404)  time: 0.4262  data: 0.2206  max mem: 11360
Test:  [247/391]  eta: 0:00:57  sploss: 6.8005 (6.8347)  famloss: 3.0104 (2.9988)  manuloss: 1.9626 (1.8750)  acc1: 9.3750 (9.0647)  acc5: 19.5312 (19.2871)  family_acc1: 41.7969 (42.8301)  manu_acc1: 58.2031 (60.1405)  time: 0.4259  data: 0.2206  max mem: 11360
Test:  [248/391]  eta: 0:00:57  sploss: 6.7966 (6.8346)  famloss: 3.0104 (2.9990)  manuloss: 1.9626 (1.8757)  acc1: 9.3750 (9.0769)  acc5: 19.9219 (19.2991)  family_acc1: 41.7969 (42.8244)  manu_acc1: 58.2031 (60.1186)  time: 0.3204  data: 0.1160  max mem: 11360
Test:  [249/391]  eta: 0:00:56  sploss: 6.7023 (6.8340)  famloss: 3.0080 (2.9984)  manuloss: 1.9582 (1.8753)  acc1: 9.7656 (9.0813)  acc5: 20.3125 (19.3047)  family_acc1: 42.1875 (42.8328)  manu_acc1: 58.2031 (60.1281)  time: 0.3118  data: 0.1082  max mem: 11360
Test:  [250/391]  eta: 0:00:56  sploss: 6.7023 (6.8345)  famloss: 2.9970 (2.9976)  manuloss: 1.9566 (1.8752)  acc1: 9.7656 (9.0746)  acc5: 20.3125 (19.2916)  family_acc1: 42.5781 (42.8334)  manu_acc1: 58.5938 (60.1251)  time: 0.3073  data: 0.1082  max mem: 11360
Test:  [251/391]  eta: 0:00:55  sploss: 6.7023 (6.8344)  famloss: 2.9905 (2.9973)  manuloss: 1.9330 (1.8747)  acc1: 9.7656 (9.0696)  acc5: 20.7031 (19.3003)  family_acc1: 42.5781 (42.8308)  manu_acc1: 58.9844 (60.1299)  time: 0.3028  data: 0.1082  max mem: 11360
Test:  [252/391]  eta: 0:00:56  sploss: 6.6956 (6.8335)  famloss: 2.9653 (2.9961)  manuloss: 1.9329 (1.8736)  acc1: 10.1562 (9.0770)  acc5: 20.7031 (19.2981)  family_acc1: 42.5781 (42.8514)  manu_acc1: 59.3750 (60.1562)  time: 0.4060  data: 0.2103  max mem: 11360
Test:  [253/391]  eta: 0:00:55  sploss: 6.6948 (6.8329)  famloss: 2.9653 (2.9965)  manuloss: 1.9329 (1.8740)  acc1: 10.1562 (9.0797)  acc5: 20.7031 (19.3006)  family_acc1: 42.5781 (42.8411)  manu_acc1: 59.3750 (60.1393)  time: 0.4138  data: 0.2182  max mem: 11360
Test:  [254/391]  eta: 0:00:55  sploss: 6.6956 (6.8330)  famloss: 2.9360 (2.9960)  manuloss: 1.9207 (1.8739)  acc1: 10.1562 (9.0732)  acc5: 20.7031 (19.2938)  family_acc1: 42.5781 (42.8508)  manu_acc1: 59.3750 (60.1302)  time: 0.4138  data: 0.2182  max mem: 11360
Test:  [255/391]  eta: 0:00:54  sploss: 6.6956 (6.8324)  famloss: 2.9360 (2.9952)  manuloss: 1.9082 (1.8732)  acc1: 10.1562 (9.0836)  acc5: 20.7031 (19.3100)  family_acc1: 42.5781 (42.8574)  manu_acc1: 59.3750 (60.1486)  time: 0.4140  data: 0.2182  max mem: 11360
Test:  [256/391]  eta: 0:00:54  sploss: 6.7023 (6.8322)  famloss: 2.9238 (2.9948)  manuloss: 1.8439 (1.8729)  acc1: 9.7656 (9.0847)  acc5: 20.7031 (19.3093)  family_acc1: 42.9688 (42.8608)  manu_acc1: 59.3750 (60.1578)  time: 0.4140  data: 0.2182  max mem: 11360
Test:  [257/391]  eta: 0:00:53  sploss: 6.7040 (6.8317)  famloss: 2.9087 (2.9941)  manuloss: 1.8332 (1.8721)  acc1: 9.7656 (9.0873)  acc5: 19.9219 (19.3041)  family_acc1: 42.9688 (42.8582)  manu_acc1: 60.1562 (60.1774)  time: 0.4140  data: 0.2182  max mem: 11360
Test:  [258/391]  eta: 0:00:53  sploss: 6.7229 (6.8313)  famloss: 2.9087 (2.9943)  manuloss: 1.8332 (1.8723)  acc1: 9.7656 (9.0839)  acc5: 19.9219 (19.3080)  family_acc1: 42.1875 (42.8541)  manu_acc1: 60.1562 (60.1653)  time: 0.4139  data: 0.2182  max mem: 11360
Test:  [259/391]  eta: 0:00:52  sploss: 6.7229 (6.8306)  famloss: 2.8972 (2.9939)  manuloss: 1.8131 (1.8717)  acc1: 9.7656 (9.0910)  acc5: 19.9219 (19.3149)  family_acc1: 42.9688 (42.8546)  manu_acc1: 60.1562 (60.1728)  time: 0.4143  data: 0.2182  max mem: 11360
Test:  [260/391]  eta: 0:00:52  sploss: 6.7040 (6.8300)  famloss: 2.8972 (2.9943)  manuloss: 1.8131 (1.8718)  acc1: 9.7656 (9.0847)  acc5: 20.3125 (19.3217)  family_acc1: 42.9688 (42.8370)  manu_acc1: 60.1562 (60.1652)  time: 0.3096  data: 0.1146  max mem: 11360
Test:  [261/391]  eta: 0:00:51  sploss: 6.7040 (6.8289)  famloss: 2.8972 (2.9933)  manuloss: 1.7854 (1.8715)  acc1: 9.7656 (9.0947)  acc5: 20.3125 (19.3315)  family_acc1: 42.9688 (42.8554)  manu_acc1: 60.1562 (60.1712)  time: 0.3047  data: 0.1104  max mem: 11360
Test:  [262/391]  eta: 0:00:51  sploss: 6.7023 (6.8275)  famloss: 2.8854 (2.9923)  manuloss: 1.7792 (1.8703)  acc1: 9.7656 (9.1106)  acc5: 20.7031 (19.3515)  family_acc1: 43.7500 (42.8841)  manu_acc1: 61.3281 (60.2038)  time: 0.3042  data: 0.1104  max mem: 11360
Test:  [263/391]  eta: 0:00:50  sploss: 6.6956 (6.8262)  famloss: 2.8646 (2.9916)  manuloss: 1.7758 (1.8695)  acc1: 9.7656 (9.1190)  acc5: 20.7031 (19.3714)  family_acc1: 43.7500 (42.9036)  manu_acc1: 61.7188 (60.2288)  time: 0.3040  data: 0.1104  max mem: 11360
Test:  [264/391]  eta: 0:00:51  sploss: 6.6956 (6.8262)  famloss: 2.8561 (2.9906)  manuloss: 1.7758 (1.8694)  acc1: 9.7656 (9.1229)  acc5: 20.7031 (19.3691)  family_acc1: 43.7500 (42.9113)  manu_acc1: 61.7188 (60.2196)  time: 0.4227  data: 0.2265  max mem: 11360
Test:  [265/391]  eta: 0:00:50  sploss: 6.6948 (6.8253)  famloss: 2.8646 (2.9901)  manuloss: 1.7772 (1.8690)  acc1: 9.7656 (9.1209)  acc5: 20.3125 (19.3727)  family_acc1: 43.7500 (42.9232)  manu_acc1: 61.7188 (60.2297)  time: 0.4233  data: 0.2265  max mem: 11360
Test:  [266/391]  eta: 0:00:50  sploss: 6.6948 (6.8248)  famloss: 2.8646 (2.9905)  manuloss: 1.7792 (1.8688)  acc1: 9.7656 (9.1278)  acc5: 20.3125 (19.3864)  family_acc1: 43.7500 (42.9015)  manu_acc1: 61.3281 (60.2338)  time: 0.4235  data: 0.2265  max mem: 11360
Test:  [267/391]  eta: 0:00:49  sploss: 6.6948 (6.8244)  famloss: 2.8561 (2.9897)  manuloss: 1.7792 (1.8683)  acc1: 9.7656 (9.1170)  acc5: 20.7031 (19.3972)  family_acc1: 42.9688 (42.9002)  manu_acc1: 61.7188 (60.2452)  time: 0.4236  data: 0.2265  max mem: 11360
Test:  [268/391]  eta: 0:00:49  sploss: 6.6948 (6.8245)  famloss: 2.8106 (2.9888)  manuloss: 1.7772 (1.8677)  acc1: 9.7656 (9.1122)  acc5: 20.3125 (19.3875)  family_acc1: 43.7500 (42.9150)  manu_acc1: 62.1094 (60.2550)  time: 0.4236  data: 0.2265  max mem: 11360
Test:  [269/391]  eta: 0:00:48  sploss: 6.6948 (6.8243)  famloss: 2.8100 (2.9880)  manuloss: 1.7630 (1.8672)  acc1: 9.3750 (9.1131)  acc5: 20.3125 (19.3866)  family_acc1: 43.7500 (42.9253)  manu_acc1: 61.7188 (60.2561)  time: 0.4239  data: 0.2265  max mem: 11360
Test:  [270/391]  eta: 0:00:48  sploss: 6.6922 (6.8238)  famloss: 2.8100 (2.9871)  manuloss: 1.7413 (1.8660)  acc1: 9.3750 (9.1055)  acc5: 20.3125 (19.3900)  family_acc1: 44.5312 (42.9428)  manu_acc1: 62.1094 (60.2831)  time: 0.4236  data: 0.2265  max mem: 11360
Test:  [271/391]  eta: 0:00:47  sploss: 6.6922 (6.8234)  famloss: 2.8100 (2.9873)  manuloss: 1.7413 (1.8663)  acc1: 9.7656 (9.1208)  acc5: 20.3125 (19.3977)  family_acc1: 44.5312 (42.9386)  manu_acc1: 62.1094 (60.2726)  time: 0.4239  data: 0.2265  max mem: 11360
Test:  [272/391]  eta: 0:00:47  sploss: 6.6922 (6.8221)  famloss: 2.8100 (2.9855)  manuloss: 1.7413 (1.8656)  acc1: 9.7656 (9.1360)  acc5: 20.3125 (19.4125)  family_acc1: 44.5312 (42.9845)  manu_acc1: 62.1094 (60.2836)  time: 0.3211  data: 0.1244  max mem: 11360
Test:  [273/391]  eta: 0:00:47  sploss: 6.6912 (6.8216)  famloss: 2.8055 (2.9840)  manuloss: 1.7263 (1.8641)  acc1: 9.3750 (9.1355)  acc5: 20.3125 (19.4129)  family_acc1: 44.9219 (43.0258)  manu_acc1: 62.5000 (60.3145)  time: 0.3132  data: 0.1165  max mem: 11360
Test:  [274/391]  eta: 0:00:46  sploss: 6.6912 (6.8215)  famloss: 2.8055 (2.9837)  manuloss: 1.7263 (1.8639)  acc1: 9.3750 (9.1321)  acc5: 20.3125 (19.4091)  family_acc1: 44.5312 (43.0298)  manu_acc1: 62.5000 (60.3111)  time: 0.3130  data: 0.1165  max mem: 11360
Test:  [275/391]  eta: 0:00:46  sploss: 6.6912 (6.8215)  famloss: 2.8100 (2.9833)  manuloss: 1.7263 (1.8631)  acc1: 9.3750 (9.1302)  acc5: 20.3125 (19.4081)  family_acc1: 44.9219 (43.0381)  manu_acc1: 62.5000 (60.3346)  time: 0.3127  data: 0.1165  max mem: 11360
Test:  [276/391]  eta: 0:00:46  sploss: 6.6864 (6.8206)  famloss: 2.7854 (2.9821)  manuloss: 1.7263 (1.8627)  acc1: 9.3750 (9.1339)  acc5: 20.3125 (19.4142)  family_acc1: 45.3125 (43.0463)  manu_acc1: 62.1094 (60.3368)  time: 0.4305  data: 0.2331  max mem: 11360
Test:  [277/391]  eta: 0:00:46  sploss: 6.6854 (6.8190)  famloss: 2.7752 (2.9808)  manuloss: 1.7265 (1.8622)  acc1: 9.3750 (9.1600)  acc5: 21.0938 (19.4483)  family_acc1: 45.3125 (43.0769)  manu_acc1: 62.1094 (60.3445)  time: 0.4309  data: 0.2331  max mem: 11360
Test:  [278/391]  eta: 0:00:45  sploss: 6.6699 (6.8185)  famloss: 2.7752 (2.9804)  manuloss: 1.7263 (1.8616)  acc1: 10.1562 (9.1650)  acc5: 21.0938 (19.4528)  family_acc1: 45.3125 (43.0696)  manu_acc1: 62.1094 (60.3495)  time: 0.4309  data: 0.2331  max mem: 11360
Test:  [279/391]  eta: 0:00:45  sploss: 6.6699 (6.8173)  famloss: 2.7466 (2.9795)  manuloss: 1.7265 (1.8617)  acc1: 9.3750 (9.1616)  acc5: 21.0938 (19.4657)  family_acc1: 45.7031 (43.0818)  manu_acc1: 61.7188 (60.3530)  time: 0.4307  data: 0.2331  max mem: 11360
Test:  [280/391]  eta: 0:00:44  sploss: 6.6684 (6.8160)  famloss: 2.7396 (2.9781)  manuloss: 1.7263 (1.8612)  acc1: 10.1562 (9.1679)  acc5: 21.0938 (19.4840)  family_acc1: 46.0938 (43.0994)  manu_acc1: 61.7188 (60.3578)  time: 0.4308  data: 0.2331  max mem: 11360
Test:  [281/391]  eta: 0:00:44  sploss: 6.6854 (6.8163)  famloss: 2.7466 (2.9776)  manuloss: 1.7263 (1.8608)  acc1: 10.1562 (9.1714)  acc5: 20.7031 (19.4883)  family_acc1: 46.0938 (43.1114)  manu_acc1: 62.5000 (60.3737)  time: 0.4305  data: 0.2331  max mem: 11360
Test:  [282/391]  eta: 0:00:43  sploss: 6.6864 (6.8158)  famloss: 2.7752 (2.9774)  manuloss: 1.7263 (1.8602)  acc1: 10.1562 (9.1790)  acc5: 20.7031 (19.5009)  family_acc1: 45.7031 (43.1013)  manu_acc1: 62.5000 (60.3909)  time: 0.4307  data: 0.2331  max mem: 11360
Test:  [283/391]  eta: 0:00:43  sploss: 6.6875 (6.8161)  famloss: 2.7469 (2.9766)  manuloss: 1.7263 (1.8590)  acc1: 9.3750 (9.1687)  acc5: 20.7031 (19.4872)  family_acc1: 45.7031 (43.1173)  manu_acc1: 62.5000 (60.4203)  time: 0.4308  data: 0.2331  max mem: 11360
Test:  [284/391]  eta: 0:00:42  sploss: 6.6875 (6.8165)  famloss: 2.7752 (2.9762)  manuloss: 1.7089 (1.8585)  acc1: 9.3750 (9.1721)  acc5: 20.7031 (19.4929)  family_acc1: 46.0938 (43.1373)  manu_acc1: 62.8906 (60.4386)  time: 0.3118  data: 0.1170  max mem: 11360
Test:  [285/391]  eta: 0:00:42  sploss: 6.6912 (6.8167)  famloss: 2.7752 (2.9759)  manuloss: 1.7089 (1.8585)  acc1: 9.3750 (9.1619)  acc5: 20.7031 (19.4807)  family_acc1: 45.7031 (43.1326)  manu_acc1: 62.5000 (60.4321)  time: 0.3109  data: 0.1170  max mem: 11360
Test:  [286/391]  eta: 0:00:41  sploss: 6.7002 (6.8165)  famloss: 2.7469 (2.9744)  manuloss: 1.7082 (1.8575)  acc1: 9.3750 (9.1668)  acc5: 20.7031 (19.4823)  family_acc1: 46.4844 (43.1607)  manu_acc1: 62.8906 (60.4530)  time: 0.3106  data: 0.1170  max mem: 11360
Test:  [287/391]  eta: 0:00:41  sploss: 6.7248 (6.8165)  famloss: 2.7469 (2.9740)  manuloss: 1.7082 (1.8575)  acc1: 9.3750 (9.1553)  acc5: 20.3125 (19.4770)  family_acc1: 46.4844 (43.1749)  manu_acc1: 62.5000 (60.4519)  time: 0.3101  data: 0.1170  max mem: 11360
Test:  [288/391]  eta: 0:00:41  sploss: 6.6875 (6.8152)  famloss: 2.7854 (2.9735)  manuloss: 1.7089 (1.8572)  acc1: 10.1562 (9.1601)  acc5: 20.7031 (19.5029)  family_acc1: 46.4844 (43.1769)  manu_acc1: 62.5000 (60.4604)  time: 0.4294  data: 0.2354  max mem: 11360
Test:  [289/391]  eta: 0:00:41  sploss: 6.6864 (6.8145)  famloss: 2.7469 (2.9722)  manuloss: 1.7082 (1.8560)  acc1: 10.1562 (9.1716)  acc5: 20.7031 (19.5272)  family_acc1: 46.4844 (43.2058)  manu_acc1: 62.8906 (60.4943)  time: 0.4292  data: 0.2354  max mem: 11360
Test:  [290/391]  eta: 0:00:40  sploss: 6.6875 (6.8145)  famloss: 2.7469 (2.9711)  manuloss: 1.7082 (1.8550)  acc1: 10.1562 (9.1710)  acc5: 21.0938 (19.5339)  family_acc1: 46.4844 (43.2238)  manu_acc1: 62.8906 (60.5120)  time: 0.4293  data: 0.2354  max mem: 11360
Test:  [291/391]  eta: 0:00:40  sploss: 6.6864 (6.8139)  famloss: 2.7469 (2.9705)  manuloss: 1.6959 (1.8544)  acc1: 10.1562 (9.1824)  acc5: 21.0938 (19.5420)  family_acc1: 46.8750 (43.2363)  manu_acc1: 62.8906 (60.5134)  time: 0.4290  data: 0.2354  max mem: 11360
Test:  [292/391]  eta: 0:00:39  sploss: 6.6864 (6.8115)  famloss: 2.7469 (2.9688)  manuloss: 1.6916 (1.8533)  acc1: 10.1562 (9.1897)  acc5: 21.0938 (19.5672)  family_acc1: 46.8750 (43.2634)  manu_acc1: 62.8906 (60.5415)  time: 0.4283  data: 0.2354  max mem: 11360
Test:  [293/391]  eta: 0:00:39  sploss: 6.6875 (6.8119)  famloss: 2.7635 (2.9681)  manuloss: 1.6966 (1.8528)  acc1: 10.1562 (9.1877)  acc5: 21.0938 (19.5592)  family_acc1: 46.8750 (43.2823)  manu_acc1: 62.8906 (60.5535)  time: 0.4279  data: 0.2354  max mem: 11360
Test:  [294/391]  eta: 0:00:38  sploss: 6.6684 (6.8111)  famloss: 2.7469 (2.9671)  manuloss: 1.6916 (1.8515)  acc1: 10.1562 (9.1962)  acc5: 21.0938 (19.5683)  family_acc1: 47.2656 (43.3064)  manu_acc1: 64.0625 (60.5879)  time: 0.4278  data: 0.2355  max mem: 11360
Test:  [295/391]  eta: 0:00:38  sploss: 6.6684 (6.8113)  famloss: 2.7392 (2.9659)  manuloss: 1.6916 (1.8506)  acc1: 10.1562 (9.1889)  acc5: 21.0938 (19.5682)  family_acc1: 47.6562 (43.3343)  manu_acc1: 64.0625 (60.6142)  time: 0.4277  data: 0.2355  max mem: 11360
Test:  [296/391]  eta: 0:00:37  sploss: 6.6875 (6.8111)  famloss: 2.7469 (2.9654)  manuloss: 1.6916 (1.8503)  acc1: 10.1562 (9.1817)  acc5: 21.0938 (19.5641)  family_acc1: 47.6562 (43.3344)  manu_acc1: 64.8438 (60.6324)  time: 0.3099  data: 0.1189  max mem: 11360
Test:  [297/391]  eta: 0:00:37  sploss: 6.6875 (6.8106)  famloss: 2.7469 (2.9639)  manuloss: 1.6894 (1.8486)  acc1: 10.1562 (9.1823)  acc5: 20.7031 (19.5640)  family_acc1: 47.6562 (43.3620)  manu_acc1: 65.2344 (60.6688)  time: 0.3094  data: 0.1188  max mem: 11360
Test:  [298/391]  eta: 0:00:36  sploss: 6.6875 (6.8102)  famloss: 2.7392 (2.9627)  manuloss: 1.6814 (1.8476)  acc1: 10.1562 (9.1856)  acc5: 20.7031 (19.5678)  family_acc1: 48.0469 (43.3842)  manu_acc1: 65.6250 (60.6867)  time: 0.3092  data: 0.1188  max mem: 11360
Test:  [299/391]  eta: 0:00:36  sploss: 6.6875 (6.8091)  famloss: 2.6717 (2.9615)  manuloss: 1.5877 (1.8467)  acc1: 10.1562 (9.1836)  acc5: 20.7031 (19.5703)  family_acc1: 48.4375 (43.4115)  manu_acc1: 65.6250 (60.7005)  time: 0.3092  data: 0.1188  max mem: 11360
Test:  [300/391]  eta: 0:00:36  sploss: 6.7658 (6.8094)  famloss: 2.7469 (2.9608)  manuloss: 1.5877 (1.8460)  acc1: 9.3750 (9.1816)  acc5: 20.3125 (19.5611)  family_acc1: 48.4375 (43.4217)  manu_acc1: 65.6250 (60.7143)  time: 0.4169  data: 0.2259  max mem: 11360
Test:  [301/391]  eta: 0:00:36  sploss: 6.6875 (6.8083)  famloss: 2.6717 (2.9591)  manuloss: 1.5825 (1.8449)  acc1: 9.3750 (9.1836)  acc5: 20.3125 (19.5752)  family_acc1: 48.8281 (43.4525)  manu_acc1: 65.6250 (60.7409)  time: 0.4172  data: 0.2259  max mem: 11360
Test:  [302/391]  eta: 0:00:35  sploss: 6.7300 (6.8081)  famloss: 2.6647 (2.9582)  manuloss: 1.5726 (1.8440)  acc1: 9.3750 (9.1855)  acc5: 19.9219 (19.5764)  family_acc1: 48.8281 (43.4612)  manu_acc1: 66.0156 (60.7635)  time: 0.4172  data: 0.2259  max mem: 11360
Test:  [303/391]  eta: 0:00:35  sploss: 6.7300 (6.8085)  famloss: 2.6647 (2.9576)  manuloss: 1.5726 (1.8429)  acc1: 9.3750 (9.1861)  acc5: 19.9219 (19.5775)  family_acc1: 48.8281 (43.4699)  manu_acc1: 66.0156 (60.7859)  time: 0.4174  data: 0.2259  max mem: 11360
Test:  [304/391]  eta: 0:00:34  sploss: 6.7300 (6.8083)  famloss: 2.6583 (2.9563)  manuloss: 1.5547 (1.8416)  acc1: 9.3750 (9.1842)  acc5: 19.9219 (19.5786)  family_acc1: 48.8281 (43.4887)  manu_acc1: 66.0156 (60.8094)  time: 0.4174  data: 0.2259  max mem: 11360
Test:  [305/391]  eta: 0:00:34  sploss: 6.7300 (6.8086)  famloss: 2.6583 (2.9557)  manuloss: 1.5547 (1.8409)  acc1: 9.3750 (9.1822)  acc5: 19.9219 (19.5747)  family_acc1: 48.8281 (43.5062)  manu_acc1: 66.4062 (60.8315)  time: 0.4174  data: 0.2259  max mem: 11360
Test:  [306/391]  eta: 0:00:33  sploss: 6.7300 (6.8084)  famloss: 2.6647 (2.9554)  manuloss: 1.5726 (1.8405)  acc1: 9.3750 (9.1892)  acc5: 19.9219 (19.5834)  family_acc1: 48.8281 (43.5146)  manu_acc1: 66.0156 (60.8370)  time: 0.4177  data: 0.2259  max mem: 11360
Test:  [307/391]  eta: 0:00:33  sploss: 6.7300 (6.8083)  famloss: 2.6583 (2.9544)  manuloss: 1.5726 (1.8398)  acc1: 9.3750 (9.1924)  acc5: 20.3125 (19.5909)  family_acc1: 48.8281 (43.5306)  manu_acc1: 66.0156 (60.8538)  time: 0.4179  data: 0.2259  max mem: 11360
Test:  [308/391]  eta: 0:00:32  sploss: 6.7300 (6.8079)  famloss: 2.6583 (2.9545)  manuloss: 1.5726 (1.8397)  acc1: 9.3750 (9.2018)  acc5: 20.3125 (19.5970)  family_acc1: 48.8281 (43.5275)  manu_acc1: 66.0156 (60.8477)  time: 0.2990  data: 0.1074  max mem: 11360
Test:  [309/391]  eta: 0:00:32  sploss: 6.7401 (6.8080)  famloss: 2.6647 (2.9540)  manuloss: 1.5825 (1.8390)  acc1: 9.3750 (9.2074)  acc5: 19.9219 (19.5905)  family_acc1: 48.4375 (43.5295)  manu_acc1: 66.0156 (60.8594)  time: 0.2995  data: 0.1074  max mem: 11360
Test:  [310/391]  eta: 0:00:32  sploss: 6.7300 (6.8077)  famloss: 2.6717 (2.9535)  manuloss: 1.5877 (1.8387)  acc1: 9.3750 (9.2079)  acc5: 19.9219 (19.5853)  family_acc1: 48.4375 (43.5415)  manu_acc1: 66.0156 (60.8609)  time: 0.2995  data: 0.1074  max mem: 11360
Test:  [311/391]  eta: 0:00:31  sploss: 6.7401 (6.8075)  famloss: 2.6717 (2.9527)  manuloss: 1.5877 (1.8382)  acc1: 9.3750 (9.2047)  acc5: 19.9219 (19.5813)  family_acc1: 48.8281 (43.5609)  manu_acc1: 66.0156 (60.8711)  time: 0.2994  data: 0.1074  max mem: 11360
Test:  [312/391]  eta: 0:00:31  sploss: 6.7431 (6.8074)  famloss: 2.7175 (2.9526)  manuloss: 1.5884 (1.8374)  acc1: 9.3750 (9.2090)  acc5: 19.9219 (19.5824)  family_acc1: 48.4375 (43.5603)  manu_acc1: 66.0156 (60.8801)  time: 0.4104  data: 0.2169  max mem: 11360
Test:  [313/391]  eta: 0:00:31  sploss: 6.7431 (6.8074)  famloss: 2.7175 (2.9521)  manuloss: 1.5884 (1.8368)  acc1: 9.3750 (9.2108)  acc5: 19.9219 (19.5847)  family_acc1: 47.2656 (43.5572)  manu_acc1: 66.0156 (60.8940)  time: 0.4114  data: 0.2169  max mem: 11360
Test:  [314/391]  eta: 0:00:30  sploss: 6.7431 (6.8071)  famloss: 2.7175 (2.9513)  manuloss: 1.5884 (1.8359)  acc1: 9.3750 (9.2175)  acc5: 19.9219 (19.5945)  family_acc1: 46.4844 (43.5590)  manu_acc1: 66.0156 (60.9127)  time: 0.4117  data: 0.2169  max mem: 11360
Test:  [315/391]  eta: 0:00:30  sploss: 6.7401 (6.8062)  famloss: 2.7512 (2.9510)  manuloss: 1.6094 (1.8354)  acc1: 9.7656 (9.2205)  acc5: 19.9219 (19.6054)  family_acc1: 46.0938 (43.5510)  manu_acc1: 65.2344 (60.9128)  time: 0.4117  data: 0.2169  max mem: 11360
Test:  [316/391]  eta: 0:00:29  sploss: 6.7300 (6.8059)  famloss: 2.7512 (2.9506)  manuloss: 1.6094 (1.8349)  acc1: 9.7656 (9.2185)  acc5: 19.9219 (19.6052)  family_acc1: 46.0938 (43.5491)  manu_acc1: 64.8438 (60.9153)  time: 0.4112  data: 0.2169  max mem: 11360
Test:  [317/391]  eta: 0:00:29  sploss: 6.7401 (6.8062)  famloss: 2.7742 (2.9501)  manuloss: 1.6107 (1.8342)  acc1: 9.7656 (9.2043)  acc5: 19.9219 (19.5951)  family_acc1: 46.0938 (43.5608)  manu_acc1: 64.8438 (60.9301)  time: 0.4112  data: 0.2169  max mem: 11360
Test:  [318/391]  eta: 0:00:29  sploss: 6.7431 (6.8064)  famloss: 2.7786 (2.9500)  manuloss: 1.6254 (1.8340)  acc1: 9.3750 (9.1974)  acc5: 19.9219 (19.5778)  family_acc1: 46.0938 (43.5529)  manu_acc1: 64.8438 (60.9375)  time: 0.4111  data: 0.2169  max mem: 11360
Test:  [319/391]  eta: 0:00:28  sploss: 6.7508 (6.8068)  famloss: 2.7843 (2.9497)  manuloss: 1.6294 (1.8339)  acc1: 9.3750 (9.1895)  acc5: 19.9219 (19.5679)  family_acc1: 46.0938 (43.5620)  manu_acc1: 64.4531 (60.9399)  time: 0.4115  data: 0.2169  max mem: 11360
Test:  [320/391]  eta: 0:00:28  sploss: 6.7508 (6.8072)  famloss: 2.7843 (2.9489)  manuloss: 1.6294 (1.8334)  acc1: 9.3750 (9.1864)  acc5: 19.9219 (19.5556)  family_acc1: 46.0938 (43.5809)  manu_acc1: 64.0625 (60.9497)  time: 0.3039  data: 0.1098  max mem: 11360
Test:  [321/391]  eta: 0:00:27  sploss: 6.7508 (6.8070)  famloss: 2.7843 (2.9483)  manuloss: 1.6294 (1.8328)  acc1: 9.3750 (9.1833)  acc5: 19.9219 (19.5567)  family_acc1: 46.0938 (43.5911)  manu_acc1: 64.0625 (60.9618)  time: 0.3047  data: 0.1098  max mem: 11360
Test:  [322/391]  eta: 0:00:27  sploss: 6.7508 (6.8067)  famloss: 2.7962 (2.9483)  manuloss: 1.6475 (1.8329)  acc1: 8.5938 (9.1815)  acc5: 19.9219 (19.5591)  family_acc1: 46.0938 (43.5855)  manu_acc1: 64.0625 (60.9472)  time: 0.3047  data: 0.1098  max mem: 11360
Test:  [323/391]  eta: 0:00:26  sploss: 6.7488 (6.8063)  famloss: 2.7962 (2.9477)  manuloss: 1.6701 (1.8325)  acc1: 8.5938 (9.1833)  acc5: 19.5312 (19.5566)  family_acc1: 46.0938 (43.5981)  manu_acc1: 63.6719 (60.9532)  time: 0.3047  data: 0.1098  max mem: 11360
Test:  [324/391]  eta: 0:00:26  sploss: 6.7488 (6.8060)  famloss: 2.7962 (2.9470)  manuloss: 1.6701 (1.8319)  acc1: 8.5938 (9.1779)  acc5: 19.5312 (19.5577)  family_acc1: 44.5312 (43.6010)  manu_acc1: 63.6719 (60.9639)  time: 0.4341  data: 0.2380  max mem: 11360
Test:  [325/391]  eta: 0:00:26  sploss: 6.7488 (6.8059)  famloss: 2.7962 (2.9465)  manuloss: 1.6754 (1.8320)  acc1: 9.3750 (9.1785)  acc5: 19.9219 (19.5636)  family_acc1: 44.5312 (43.6134)  manu_acc1: 63.2812 (60.9639)  time: 0.4349  data: 0.2380  max mem: 11360
Test:  [326/391]  eta: 0:00:26  sploss: 6.7488 (6.8069)  famloss: 2.7962 (2.9472)  manuloss: 1.6754 (1.8318)  acc1: 8.5938 (9.1719)  acc5: 19.5312 (19.5456)  family_acc1: 44.1406 (43.6067)  manu_acc1: 63.6719 (60.9745)  time: 0.4354  data: 0.2380  max mem: 11360
Test:  [327/391]  eta: 0:00:25  sploss: 6.7431 (6.8065)  famloss: 2.7962 (2.9467)  manuloss: 1.6776 (1.8316)  acc1: 8.5938 (9.1654)  acc5: 18.7500 (19.5384)  family_acc1: 44.1406 (43.6178)  manu_acc1: 63.2812 (60.9732)  time: 0.4358  data: 0.2380  max mem: 11360
Test:  [328/391]  eta: 0:00:25  sploss: 6.7431 (6.8057)  famloss: 2.7962 (2.9462)  manuloss: 1.6776 (1.8315)  acc1: 8.5938 (9.1708)  acc5: 18.7500 (19.5526)  family_acc1: 44.5312 (43.6265)  manu_acc1: 63.6719 (60.9814)  time: 0.4352  data: 0.2380  max mem: 11360
Test:  [329/391]  eta: 0:00:24  sploss: 6.7060 (6.8054)  famloss: 2.7940 (2.9458)  manuloss: 1.6860 (1.8316)  acc1: 8.5938 (9.1726)  acc5: 19.5312 (19.5585)  family_acc1: 46.4844 (43.6423)  manu_acc1: 63.2812 (60.9825)  time: 0.4351  data: 0.2380  max mem: 11360
Test:  [330/391]  eta: 0:00:24  sploss: 6.7431 (6.8054)  famloss: 2.7962 (2.9457)  manuloss: 1.6860 (1.8317)  acc1: 8.5938 (9.1708)  acc5: 19.5312 (19.5525)  family_acc1: 44.5312 (43.6391)  manu_acc1: 63.2812 (60.9776)  time: 0.4353  data: 0.2380  max mem: 11360
Test:  [331/391]  eta: 0:00:23  sploss: 6.7488 (6.8057)  famloss: 2.7976 (2.9463)  manuloss: 1.6935 (1.8320)  acc1: 8.5938 (9.1667)  acc5: 19.5312 (19.5348)  family_acc1: 44.1406 (43.6347)  manu_acc1: 62.8906 (60.9752)  time: 0.4357  data: 0.2380  max mem: 11360
Test:  [332/391]  eta: 0:00:23  sploss: 6.7488 (6.8057)  famloss: 2.7976 (2.9460)  manuloss: 1.7577 (1.8320)  acc1: 8.2031 (9.1568)  acc5: 18.7500 (19.5277)  family_acc1: 44.1406 (43.6350)  manu_acc1: 62.5000 (60.9797)  time: 0.3253  data: 0.1285  max mem: 11360
Test:  [333/391]  eta: 0:00:22  sploss: 6.7488 (6.8060)  famloss: 2.8076 (2.9471)  manuloss: 1.7654 (1.8321)  acc1: 8.2031 (9.1575)  acc5: 17.9688 (19.5231)  family_acc1: 44.1406 (43.6190)  manu_acc1: 61.7188 (60.9773)  time: 0.3248  data: 0.1285  max mem: 11360
Test:  [334/391]  eta: 0:00:22  sploss: 6.8005 (6.8070)  famloss: 2.8311 (2.9481)  manuloss: 1.7657 (1.8327)  acc1: 8.2031 (9.1569)  acc5: 17.9688 (19.5196)  family_acc1: 43.7500 (43.6136)  manu_acc1: 61.7188 (60.9701)  time: 0.3245  data: 0.1285  max mem: 11360
Test:  [335/391]  eta: 0:00:22  sploss: 6.8015 (6.8076)  famloss: 2.8446 (2.9486)  manuloss: 1.8147 (1.8331)  acc1: 8.2031 (9.1495)  acc5: 17.5781 (19.5092)  family_acc1: 43.7500 (43.5977)  manu_acc1: 61.7188 (60.9584)  time: 0.3246  data: 0.1285  max mem: 11360
Test:  [336/391]  eta: 0:00:22  sploss: 6.8015 (6.8074)  famloss: 2.8457 (2.9487)  manuloss: 1.8282 (1.8335)  acc1: 8.2031 (9.1571)  acc5: 17.5781 (19.5115)  family_acc1: 43.7500 (43.5970)  manu_acc1: 61.7188 (60.9618)  time: 0.4348  data: 0.2369  max mem: 11360
Test:  [337/391]  eta: 0:00:21  sploss: 6.8015 (6.8080)  famloss: 2.8642 (2.9491)  manuloss: 1.8394 (1.8342)  acc1: 8.2031 (9.1462)  acc5: 17.5781 (19.4943)  family_acc1: 43.3594 (43.5847)  manu_acc1: 61.3281 (60.9479)  time: 0.4351  data: 0.2369  max mem: 11360
Test:  [338/391]  eta: 0:00:21  sploss: 6.8015 (6.8083)  famloss: 2.8642 (2.9491)  manuloss: 1.8394 (1.8342)  acc1: 8.2031 (9.1515)  acc5: 17.9688 (19.4967)  family_acc1: 43.7500 (43.5875)  manu_acc1: 60.9375 (60.9421)  time: 0.4353  data: 0.2369  max mem: 11360
Test:  [339/391]  eta: 0:00:20  sploss: 6.8015 (6.8083)  famloss: 2.9242 (2.9493)  manuloss: 1.8394 (1.8340)  acc1: 8.5938 (9.1544)  acc5: 18.3594 (19.5048)  family_acc1: 43.3594 (43.5765)  manu_acc1: 60.9375 (60.9432)  time: 0.4350  data: 0.2369  max mem: 11360
Test:  [340/391]  eta: 0:00:20  sploss: 6.8015 (6.8086)  famloss: 2.9247 (2.9497)  manuloss: 1.8394 (1.8338)  acc1: 8.5938 (9.1516)  acc5: 18.3594 (19.4980)  family_acc1: 42.5781 (43.5690)  manu_acc1: 60.9375 (60.9432)  time: 0.4348  data: 0.2369  max mem: 11360
Test:  [341/391]  eta: 0:00:19  sploss: 6.8048 (6.8092)  famloss: 2.9247 (2.9493)  manuloss: 1.8394 (1.8333)  acc1: 8.5938 (9.1500)  acc5: 18.3594 (19.4958)  family_acc1: 42.5781 (43.5775)  manu_acc1: 60.9375 (60.9523)  time: 0.4339  data: 0.2369  max mem: 11360
Test:  [342/391]  eta: 0:00:19  sploss: 6.8162 (6.8099)  famloss: 2.9247 (2.9492)  manuloss: 1.8376 (1.8328)  acc1: 8.5938 (9.1506)  acc5: 18.3594 (19.4937)  family_acc1: 42.5781 (43.5701)  manu_acc1: 60.9375 (60.9626)  time: 0.4339  data: 0.2369  max mem: 11360
Test:  [343/391]  eta: 0:00:19  sploss: 6.8263 (6.8100)  famloss: 2.9258 (2.9492)  manuloss: 1.8376 (1.8327)  acc1: 8.5938 (9.1490)  acc5: 17.9688 (19.4881)  family_acc1: 42.5781 (43.5672)  manu_acc1: 60.9375 (60.9693)  time: 0.4336  data: 0.2369  max mem: 11360
Test:  [344/391]  eta: 0:00:18  sploss: 6.8735 (6.8102)  famloss: 2.9258 (2.9487)  manuloss: 1.8376 (1.8322)  acc1: 8.5938 (9.1463)  acc5: 17.5781 (19.4792)  family_acc1: 42.5781 (43.5756)  manu_acc1: 60.9375 (60.9783)  time: 0.3043  data: 0.1088  max mem: 11360
Test:  [345/391]  eta: 0:00:18  sploss: 6.8735 (6.8103)  famloss: 2.9582 (2.9493)  manuloss: 1.8147 (1.8318)  acc1: 8.5938 (9.1424)  acc5: 17.5781 (19.4703)  family_acc1: 42.1875 (43.5536)  manu_acc1: 61.3281 (60.9928)  time: 0.3040  data: 0.1088  max mem: 11360
Test:  [346/391]  eta: 0:00:17  sploss: 6.8701 (6.8095)  famloss: 2.9258 (2.9483)  manuloss: 1.8147 (1.8307)  acc1: 8.5938 (9.1442)  acc5: 17.5781 (19.4716)  family_acc1: 42.5781 (43.5643)  manu_acc1: 61.3281 (61.0174)  time: 0.3032  data: 0.1088  max mem: 11360
Test:  [347/391]  eta: 0:00:17  sploss: 6.8735 (6.8097)  famloss: 2.9258 (2.9477)  manuloss: 1.8147 (1.8296)  acc1: 8.5938 (9.1393)  acc5: 17.9688 (19.4706)  family_acc1: 42.5781 (43.5850)  manu_acc1: 61.3281 (61.0453)  time: 0.3027  data: 0.1088  max mem: 11360
Test:  [348/391]  eta: 0:00:17  sploss: 6.8735 (6.8094)  famloss: 2.9392 (2.9477)  manuloss: 1.7922 (1.8289)  acc1: 8.5938 (9.1366)  acc5: 17.5781 (19.4652)  family_acc1: 42.5781 (43.5866)  manu_acc1: 61.3281 (61.0629)  time: 0.4147  data: 0.2195  max mem: 11360
Test:  [349/391]  eta: 0:00:16  sploss: 6.8735 (6.8088)  famloss: 2.9392 (2.9467)  manuloss: 1.7894 (1.8280)  acc1: 8.5938 (9.1417)  acc5: 17.5781 (19.4743)  family_acc1: 42.5781 (43.6060)  manu_acc1: 62.1094 (61.0915)  time: 0.4147  data: 0.2195  max mem: 11360
Test:  [350/391]  eta: 0:00:16  sploss: 6.8735 (6.8077)  famloss: 2.9392 (2.9461)  manuloss: 1.7463 (1.8272)  acc1: 8.5938 (9.1446)  acc5: 17.9688 (19.4778)  family_acc1: 42.5781 (43.6198)  manu_acc1: 62.5000 (61.1100)  time: 0.4149  data: 0.2195  max mem: 11360
Test:  [351/391]  eta: 0:00:15  sploss: 6.8701 (6.8072)  famloss: 2.9392 (2.9461)  manuloss: 1.6884 (1.8267)  acc1: 8.5938 (9.1464)  acc5: 18.3594 (19.4791)  family_acc1: 43.3594 (43.6257)  manu_acc1: 63.2812 (61.1239)  time: 0.4145  data: 0.2195  max mem: 11360
Test:  [352/391]  eta: 0:00:15  sploss: 6.8701 (6.8071)  famloss: 2.9392 (2.9458)  manuloss: 1.6672 (1.8261)  acc1: 8.5938 (9.1415)  acc5: 18.3594 (19.4748)  family_acc1: 43.3594 (43.6250)  manu_acc1: 64.0625 (61.1323)  time: 0.4143  data: 0.2195  max mem: 11360
Test:  [353/391]  eta: 0:00:15  sploss: 6.8701 (6.8077)  famloss: 2.9258 (2.9454)  manuloss: 1.6607 (1.8252)  acc1: 8.5938 (9.1322)  acc5: 18.3594 (19.4672)  family_acc1: 43.3594 (43.6330)  manu_acc1: 64.0625 (61.1472)  time: 0.4140  data: 0.2195  max mem: 11360
Test:  [354/391]  eta: 0:00:14  sploss: 6.8263 (6.8077)  famloss: 2.9258 (2.9455)  manuloss: 1.6594 (1.8246)  acc1: 8.2031 (9.1285)  acc5: 17.9688 (19.4553)  family_acc1: 43.3594 (43.6323)  manu_acc1: 64.0625 (61.1686)  time: 0.4138  data: 0.2195  max mem: 11360
Test:  [355/391]  eta: 0:00:14  sploss: 6.8233 (6.8075)  famloss: 2.9131 (2.9450)  manuloss: 1.6581 (1.8236)  acc1: 8.2031 (9.1226)  acc5: 18.3594 (19.4522)  family_acc1: 44.1406 (43.6370)  manu_acc1: 64.4531 (61.2041)  time: 0.4135  data: 0.2195  max mem: 11360
Test:  [356/391]  eta: 0:00:13  sploss: 6.8233 (6.8069)  famloss: 2.8474 (2.9442)  manuloss: 1.6272 (1.8226)  acc1: 8.2031 (9.1233)  acc5: 18.3594 (19.4645)  family_acc1: 44.5312 (43.6559)  manu_acc1: 66.0156 (61.2340)  time: 0.3037  data: 0.1111  max mem: 11360
Test:  [357/391]  eta: 0:00:13  sploss: 6.8048 (6.8063)  famloss: 2.8247 (2.9433)  manuloss: 1.6268 (1.8217)  acc1: 8.5938 (9.1229)  acc5: 18.7500 (19.4647)  family_acc1: 45.3125 (43.6802)  manu_acc1: 66.0156 (61.2539)  time: 0.3034  data: 0.1111  max mem: 11360
Test:  [358/391]  eta: 0:00:13  sploss: 6.8048 (6.8064)  famloss: 2.8126 (2.9429)  manuloss: 1.6043 (1.8211)  acc1: 8.5938 (9.1215)  acc5: 18.3594 (19.4562)  family_acc1: 45.7031 (43.6880)  manu_acc1: 66.0156 (61.2650)  time: 0.3031  data: 0.1111  max mem: 11360
Test:  [359/391]  eta: 0:00:12  sploss: 6.7919 (6.8056)  famloss: 2.7886 (2.9418)  manuloss: 1.6039 (1.8199)  acc1: 8.5938 (9.1254)  acc5: 18.3594 (19.4727)  family_acc1: 46.4844 (43.7109)  manu_acc1: 66.4062 (61.2945)  time: 0.3029  data: 0.1111  max mem: 11360
Test:  [360/391]  eta: 0:00:12  sploss: 6.7919 (6.8061)  famloss: 2.7886 (2.9415)  manuloss: 1.5540 (1.8192)  acc1: 8.5938 (9.1196)  acc5: 18.3594 (19.4663)  family_acc1: 46.4844 (43.7186)  manu_acc1: 67.1875 (61.3119)  time: 0.4126  data: 0.2199  max mem: 11360
Test:  [361/391]  eta: 0:00:11  sploss: 6.7357 (6.8052)  famloss: 2.7855 (2.9402)  manuloss: 1.5412 (1.8184)  acc1: 8.5938 (9.1203)  acc5: 18.3594 (19.4805)  family_acc1: 46.4844 (43.7489)  manu_acc1: 67.1875 (61.3270)  time: 0.4128  data: 0.2199  max mem: 11360
Test:  [362/391]  eta: 0:00:11  sploss: 6.6851 (6.8041)  famloss: 2.7710 (2.9392)  manuloss: 1.5333 (1.8174)  acc1: 8.5938 (9.1253)  acc5: 18.3594 (19.4914)  family_acc1: 46.4844 (43.7661)  manu_acc1: 67.5781 (61.3486)  time: 0.4130  data: 0.2199  max mem: 11360
Test:  [363/391]  eta: 0:00:11  sploss: 6.6851 (6.8041)  famloss: 2.7710 (2.9392)  manuloss: 1.5333 (1.8169)  acc1: 8.5938 (9.1292)  acc5: 18.7500 (19.4894)  family_acc1: 46.4844 (43.7629)  manu_acc1: 67.5781 (61.3625)  time: 0.4132  data: 0.2199  max mem: 11360
Test:  [364/391]  eta: 0:00:10  sploss: 6.6851 (6.8043)  famloss: 2.7710 (2.9389)  manuloss: 1.5333 (1.8164)  acc1: 8.5938 (9.1256)  acc5: 18.7500 (19.4852)  family_acc1: 46.4844 (43.7735)  manu_acc1: 67.5781 (61.3774)  time: 0.4130  data: 0.2199  max mem: 11360
Test:  [365/391]  eta: 0:00:10  sploss: 6.6782 (6.8040)  famloss: 2.7389 (2.9376)  manuloss: 1.5016 (1.8153)  acc1: 8.9844 (9.1338)  acc5: 19.1406 (19.4971)  family_acc1: 47.2656 (43.7980)  manu_acc1: 67.5781 (61.4007)  time: 0.4128  data: 0.2199  max mem: 11360
Test:  [366/391]  eta: 0:00:09  sploss: 6.6851 (6.8042)  famloss: 2.7710 (2.9372)  manuloss: 1.5333 (1.8146)  acc1: 8.9844 (9.1376)  acc5: 19.1406 (19.5036)  family_acc1: 47.6562 (43.8149)  manu_acc1: 67.5781 (61.4271)  time: 0.4132  data: 0.2199  max mem: 11360
Test:  [367/391]  eta: 0:00:09  sploss: 6.6851 (6.8040)  famloss: 2.7710 (2.9364)  manuloss: 1.5333 (1.8135)  acc1: 8.9844 (9.1351)  acc5: 18.7500 (19.5005)  family_acc1: 47.6562 (43.8349)  manu_acc1: 67.5781 (61.4534)  time: 0.4132  data: 0.2199  max mem: 11360
Test:  [368/391]  eta: 0:00:09  sploss: 6.6782 (6.8037)  famloss: 2.7710 (2.9361)  manuloss: 1.5333 (1.8129)  acc1: 9.3750 (9.1400)  acc5: 19.5312 (19.5101)  family_acc1: 47.6562 (43.8389)  manu_acc1: 67.5781 (61.4679)  time: 0.3013  data: 0.1092  max mem: 11360
Test:  [369/391]  eta: 0:00:08  sploss: 6.6782 (6.8033)  famloss: 2.7710 (2.9351)  manuloss: 1.5333 (1.8116)  acc1: 8.9844 (9.1353)  acc5: 19.5312 (19.5122)  family_acc1: 47.6562 (43.8492)  manu_acc1: 67.5781 (61.4865)  time: 0.3011  data: 0.1092  max mem: 11360
Test:  [370/391]  eta: 0:00:08  sploss: 6.7236 (6.8034)  famloss: 2.7828 (2.9350)  manuloss: 1.5412 (1.8114)  acc1: 8.9844 (9.1413)  acc5: 19.5312 (19.5144)  family_acc1: 46.4844 (43.8479)  manu_acc1: 67.5781 (61.4934)  time: 0.3006  data: 0.1092  max mem: 11360
Test:  [371/391]  eta: 0:00:07  sploss: 6.7236 (6.8030)  famloss: 2.7828 (2.9349)  manuloss: 1.5412 (1.8111)  acc1: 8.5938 (9.1398)  acc5: 19.5312 (19.5155)  family_acc1: 46.4844 (43.8466)  manu_acc1: 67.5781 (61.5014)  time: 0.3008  data: 0.1092  max mem: 11360
Test:  [372/391]  eta: 0:00:07  sploss: 6.7236 (6.8031)  famloss: 2.7828 (2.9349)  manuloss: 1.5412 (1.8104)  acc1: 8.5938 (9.1310)  acc5: 19.5312 (19.5061)  family_acc1: 46.4844 (43.8484)  manu_acc1: 68.3594 (61.5198)  time: 0.4070  data: 0.2145  max mem: 11360
Test:  [373/391]  eta: 0:00:07  sploss: 6.7236 (6.8029)  famloss: 2.7710 (2.9343)  manuloss: 1.5412 (1.8095)  acc1: 8.5938 (9.1275)  acc5: 19.5312 (19.4999)  family_acc1: 46.4844 (43.8534)  manu_acc1: 68.3594 (61.5443)  time: 0.4070  data: 0.2145  max mem: 11360
Test:  [374/391]  eta: 0:00:06  sploss: 6.7236 (6.8027)  famloss: 2.7429 (2.9336)  manuloss: 1.4996 (1.8085)  acc1: 8.9844 (9.1312)  acc5: 19.9219 (19.5021)  family_acc1: 47.6562 (43.8698)  manu_acc1: 68.3594 (61.5698)  time: 0.4072  data: 0.2145  max mem: 11360
Test:  [375/391]  eta: 0:00:06  sploss: 6.6782 (6.8015)  famloss: 2.7429 (2.9335)  manuloss: 1.5153 (1.8077)  acc1: 9.3750 (9.1350)  acc5: 20.3125 (19.5136)  family_acc1: 47.6562 (43.8612)  manu_acc1: 68.3594 (61.5878)  time: 0.4073  data: 0.2145  max mem: 11360
Test:  [376/391]  eta: 0:00:05  sploss: 6.6782 (6.8010)  famloss: 2.7429 (2.9326)  manuloss: 1.5153 (1.8064)  acc1: 8.9844 (9.1336)  acc5: 19.9219 (19.5147)  family_acc1: 47.6562 (43.8712)  manu_acc1: 68.3594 (61.6151)  time: 0.4069  data: 0.2145  max mem: 11360
Test:  [377/391]  eta: 0:00:05  sploss: 6.7236 (6.8008)  famloss: 2.7523 (2.9322)  manuloss: 1.5153 (1.8054)  acc1: 9.3750 (9.1353)  acc5: 20.3125 (19.5199)  family_acc1: 47.6562 (43.8936)  manu_acc1: 68.3594 (61.6371)  time: 0.4066  data: 0.2145  max mem: 11360
Test:  [378/391]  eta: 0:00:05  sploss: 6.6782 (6.7999)  famloss: 2.7514 (2.9317)  manuloss: 1.4797 (1.8045)  acc1: 9.7656 (9.1369)  acc5: 20.3125 (19.5251)  family_acc1: 47.6562 (43.8974)  manu_acc1: 68.3594 (61.6621)  time: 0.4065  data: 0.2145  max mem: 11360
Test:  [379/391]  eta: 0:00:04  sploss: 6.7236 (6.7999)  famloss: 2.7523 (2.9317)  manuloss: 1.5153 (1.8038)  acc1: 9.7656 (9.1406)  acc5: 20.3125 (19.5261)  family_acc1: 46.4844 (43.9032)  manu_acc1: 68.3594 (61.6715)  time: 0.4066  data: 0.2145  max mem: 11360
Test:  [380/391]  eta: 0:00:04  sploss: 6.6905 (6.7996)  famloss: 2.7523 (2.9313)  manuloss: 1.4797 (1.8029)  acc1: 9.7656 (9.1402)  acc5: 20.3125 (19.5241)  family_acc1: 46.8750 (43.9110)  manu_acc1: 68.3594 (61.6982)  time: 0.2964  data: 0.1056  max mem: 11360
Test:  [381/391]  eta: 0:00:03  sploss: 6.6905 (6.7990)  famloss: 2.7685 (2.9310)  manuloss: 1.4797 (1.8025)  acc1: 9.7656 (9.1398)  acc5: 20.3125 (19.5343)  family_acc1: 46.8750 (43.9269)  manu_acc1: 68.3594 (61.7136)  time: 0.2959  data: 0.1056  max mem: 11360
Test:  [382/391]  eta: 0:00:03  sploss: 6.7236 (6.7993)  famloss: 2.7685 (2.9305)  manuloss: 1.4797 (1.8016)  acc1: 9.3750 (9.1404)  acc5: 19.9219 (19.5282)  family_acc1: 46.8750 (43.9346)  manu_acc1: 68.3594 (61.7381)  time: 0.2954  data: 0.1056  max mem: 11360
Test:  [383/391]  eta: 0:00:03  sploss: 6.6905 (6.7989)  famloss: 2.7674 (2.9300)  manuloss: 1.4797 (1.8010)  acc1: 8.9844 (9.1390)  acc5: 20.3125 (19.5323)  family_acc1: 46.8750 (43.9443)  manu_acc1: 68.3594 (61.7462)  time: 0.2948  data: 0.1055  max mem: 11360
Test:  [384/391]  eta: 0:00:02  sploss: 6.6905 (6.7991)  famloss: 2.7523 (2.9293)  manuloss: 1.4734 (1.7998)  acc1: 9.3750 (9.1396)  acc5: 20.3125 (19.5343)  family_acc1: 46.8750 (43.9651)  manu_acc1: 69.9219 (61.7735)  time: 0.3866  data: 0.1967  max mem: 11360
Test:  [385/391]  eta: 0:00:02  sploss: 6.6905 (6.7985)  famloss: 2.7523 (2.9286)  manuloss: 1.4734 (1.7986)  acc1: 9.3750 (9.1443)  acc5: 20.3125 (19.5515)  family_acc1: 46.8750 (43.9747)  manu_acc1: 69.9219 (61.8088)  time: 0.3865  data: 0.1967  max mem: 11360
Test:  [386/391]  eta: 0:00:01  sploss: 6.6905 (6.7985)  famloss: 2.7523 (2.9285)  manuloss: 1.4679 (1.7975)  acc1: 9.3750 (9.1449)  acc5: 20.3125 (19.5535)  family_acc1: 46.8750 (43.9741)  manu_acc1: 69.9219 (61.8318)  time: 0.3861  data: 0.1967  max mem: 11360
Test:  [387/391]  eta: 0:00:01  sploss: 6.6770 (6.7982)  famloss: 2.7674 (2.9285)  manuloss: 1.4734 (1.7972)  acc1: 9.3750 (9.1414)  acc5: 20.3125 (19.5564)  family_acc1: 46.0938 (43.9735)  manu_acc1: 68.3594 (61.8476)  time: 0.3859  data: 0.1966  max mem: 11360
Test:  [388/391]  eta: 0:00:01  sploss: 6.6905 (6.7981)  famloss: 2.7523 (2.9280)  manuloss: 1.4734 (1.7968)  acc1: 8.9844 (9.1370)  acc5: 20.3125 (19.5624)  family_acc1: 46.8750 (43.9840)  manu_acc1: 68.3594 (61.8623)  time: 0.3857  data: 0.1966  max mem: 11360
Test:  [389/391]  eta: 0:00:00  sploss: 6.6905 (6.7978)  famloss: 2.7674 (2.9278)  manuloss: 1.4797 (1.7962)  acc1: 9.3750 (9.1376)  acc5: 20.3125 (19.5673)  family_acc1: 46.0938 (43.9804)  manu_acc1: 69.1406 (61.8810)  time: 0.3852  data: 0.1966  max mem: 11360
Test:  [390/391]  eta: 0:00:00  sploss: 6.6905 (6.7981)  famloss: 2.7523 (2.9270)  manuloss: 1.4734 (1.7953)  acc1: 8.9844 (9.1370)  acc5: 20.3125 (19.5650)  family_acc1: 46.8750 (43.9960)  manu_acc1: 69.9219 (61.8940)  time: 0.3817  data: 0.1966  max mem: 11360
Test: Total time: 0:02:34 (0.3947 s / it)
* Acc@1 9.137 Acc@5 19.565 family@1 43.996 manu@1 61.894 sploss 6.798 fmloss 2.927 mfloss 1.795
FPA: 6.129% | TICE: 70.769% 
