Namespace(batch_size=256, epochs=100, bce_loss=False, unscale_lr=False, few_shot=2, model='cast_small', input_size=224, drop=0.0, drop_path=0.1, model_ema=True, model_ema_decay=0.99996, model_ema_force_cpu=False, num_superpixels=196, opt='adamw', opt_eps=1e-08, opt_betas=None, clip_grad=None, momentum=0.9, weight_decay=0.05, sched='cosine', lr=0.0005, lr_noise=None, lr_noise_pct=0.67, lr_noise_std=1.0, warmup_lr=1e-06, min_lr=1e-05, decay_epochs=30, warmup_epochs=5, cooldown_epochs=10, patience_epochs=10, decay_rate=0.1, color_jitter=0.3, aa='rand-m9-mstd0.5-inc1', smoothing=0.1, train_interpolation='bicubic', repeated_aug=True, train_mode=True, ThreeAugment=False, src=False, reprob=0.25, remode='pixel', recount=1, resplit=False, mixup=0.8, cutmix=1.0, cutmix_minmax=None, mixup_prob=1.0, mixup_switch_prob=0.5, mixup_mode='batch', teacher_model='regnety_160', teacher_path='', distillation_type='none', distillation_alpha=0.5, distillation_tau=1.0, cosub=False, finetune='best_checkpoint.pth', attn_only=False, data_path='../dataset/', data_set='INAT21-MINI-HIER-SUPERPIXEL', path_yn=False, inat_category='name', output_dir='./output/few_shot/two/0.25ot', device='cuda', seed=0, resume='', start_epoch=0, eval=False, eval_crop_ratio=0.875, dist_eval=False, num_workers=12, pin_mem=True, distributed=True, world_size=1, dist_url='env://', globalkl=False, ot_loss=True, learnable_ot=False, ot_weight=0.25, base_weight=1, globalbce=False, gk_weight=1, filename='results.csv', breeds_sort='entity13', random_seed=1, local_rank=-1, tree_path='./data/inat21_3tree.json', label_weight=[1, 2, 3])
| distributed init (rank 0): env://
seed 0
args.nb_classes [10000, 1103, 273]
Creating model: cast_small
dict_keys(['model', 'optimizer', 'lr_scheduler', 'epoch', 'model_ema', 'scaler', 'args'])
Removing key head.weight from pretrained checkpoint
Removing key head.bias from pretrained checkpoint
number of params: 30556704
Start training for 100 epochs
Do not use KL loss
Epoch: [0]  [ 0/78]  eta: 0:17:29  lr: 0.000001  sp_loss: 9.2809 (9.2809)  fam_loss: 7.1259 (7.1259)  manu_loss: 5.6111 (5.6111)  ot_loss: 4.7773 (4.7773)  base_loss: 22.0178 (22.0178)  time: 13.4501  data: 5.8610  max mem: 10970
Epoch: [0]  [77/78]  eta: 0:00:00  lr: 0.000001  sp_loss: 9.2787 (9.2723)  fam_loss: 7.0623 (7.0754)  manu_loss: 5.5877 (5.6064)  ot_loss: 4.8398 (4.8433)  base_loss: 21.9456 (21.9542)  time: 0.4019  data: 0.1689  max mem: 11378
Epoch: [0] Total time: 0:00:38 (0.4972 s / it)
Averaged stats: lr: 0.000001  sp_loss: 9.2787 (9.2723)  fam_loss: 7.0623 (7.0754)  manu_loss: 5.5877 (5.6064)  ot_loss: 4.8398 (4.8433)  base_loss: 21.9456 (21.9542)
Do not use KL loss
Epoch: [1]  [ 0/78]  eta: 0:08:35  lr: 0.000001  sp_loss: 9.2492 (9.2492)  fam_loss: 7.0872 (7.0872)  manu_loss: 5.5868 (5.5868)  ot_loss: 4.8086 (4.8086)  base_loss: 21.9232 (21.9232)  time: 6.6073  data: 6.3204  max mem: 11378
Epoch: [1]  [77/78]  eta: 0:00:00  lr: 0.000001  sp_loss: 9.2722 (9.2706)  fam_loss: 7.0352 (7.0525)  manu_loss: 5.5168 (5.5351)  ot_loss: 4.8359 (4.8510)  base_loss: 21.8468 (21.8582)  time: 0.3996  data: 0.1702  max mem: 11378
Epoch: [1] Total time: 0:00:35 (0.4601 s / it)
Averaged stats: lr: 0.000001  sp_loss: 9.2722 (9.2706)  fam_loss: 7.0352 (7.0525)  manu_loss: 5.5168 (5.5351)  ot_loss: 4.8359 (4.8510)  base_loss: 21.8468 (21.8582)
Do not use KL loss
Epoch: [2]  [ 0/78]  eta: 0:07:39  lr: 0.000051  sp_loss: 9.3066 (9.3066)  fam_loss: 6.8975 (6.8975)  manu_loss: 5.4614 (5.4614)  ot_loss: 4.8789 (4.8789)  base_loss: 21.6655 (21.6655)  time: 5.8867  data: 5.5836  max mem: 11378
Epoch: [2]  [77/78]  eta: 0:00:00  lr: 0.000051  sp_loss: 9.2736 (9.2705)  fam_loss: 5.9593 (6.3642)  manu_loss: 4.0833 (4.4464)  ot_loss: 4.7539 (4.7997)  base_loss: 19.3270 (20.0810)  time: 0.3944  data: 0.1623  max mem: 11378
Epoch: [2] Total time: 0:00:35 (0.4544 s / it)
Averaged stats: lr: 0.000051  sp_loss: 9.2736 (9.2705)  fam_loss: 5.9593 (6.3642)  manu_loss: 4.0833 (4.4464)  ot_loss: 4.7539 (4.7997)  base_loss: 19.3270 (20.0810)
Do not use KL loss
Epoch: [3]  [ 0/78]  eta: 0:07:38  lr: 0.000101  sp_loss: 9.2719 (9.2719)  fam_loss: 6.1267 (6.1267)  manu_loss: 4.1934 (4.1934)  ot_loss: 4.7500 (4.7500)  base_loss: 19.5921 (19.5921)  time: 5.8726  data: 5.6002  max mem: 11378
Epoch: [3]  [77/78]  eta: 0:00:00  lr: 0.000101  sp_loss: 9.2582 (9.2502)  fam_loss: 5.5641 (5.6927)  manu_loss: 3.6124 (3.7833)  ot_loss: 4.6484 (4.6798)  base_loss: 18.5320 (18.7263)  time: 0.3976  data: 0.1674  max mem: 11378
Epoch: [3] Total time: 0:00:35 (0.4499 s / it)
Averaged stats: lr: 0.000101  sp_loss: 9.2582 (9.2502)  fam_loss: 5.5641 (5.6927)  manu_loss: 3.6124 (3.7833)  ot_loss: 4.6484 (4.6798)  base_loss: 18.5320 (18.7263)
Do not use KL loss
Epoch: [4]  [ 0/78]  eta: 0:08:02  lr: 0.000150  sp_loss: 9.2123 (9.2123)  fam_loss: 5.8446 (5.8446)  manu_loss: 3.9010 (3.9010)  ot_loss: 4.6367 (4.6367)  base_loss: 18.9579 (18.9579)  time: 6.1876  data: 5.8931  max mem: 11378
Epoch: [4]  [77/78]  eta: 0:00:00  lr: 0.000150  sp_loss: 9.2135 (9.2280)  fam_loss: 5.2842 (5.4413)  manu_loss: 3.5470 (3.6101)  ot_loss: 4.5391 (4.5913)  base_loss: 18.0491 (18.2794)  time: 0.3834  data: 0.1521  max mem: 11378
Epoch: [4] Total time: 0:00:35 (0.4531 s / it)
Averaged stats: lr: 0.000150  sp_loss: 9.2135 (9.2280)  fam_loss: 5.2842 (5.4413)  manu_loss: 3.5470 (3.6101)  ot_loss: 4.5391 (4.5913)  base_loss: 18.0491 (18.2794)
Do not use KL loss
Epoch: [5]  [ 0/78]  eta: 0:08:16  lr: 0.000200  sp_loss: 9.2237 (9.2237)  fam_loss: 5.6453 (5.6453)  manu_loss: 3.9081 (3.9081)  ot_loss: 4.5742 (4.5742)  base_loss: 18.7770 (18.7770)  time: 6.3708  data: 6.0619  max mem: 11378
Epoch: [5]  [77/78]  eta: 0:00:00  lr: 0.000200  sp_loss: 9.1778 (9.1944)  fam_loss: 5.0219 (5.2660)  manu_loss: 3.3557 (3.5248)  ot_loss: 4.4609 (4.5144)  base_loss: 17.5743 (17.9852)  time: 0.3945  data: 0.1641  max mem: 11381
Epoch: [5] Total time: 0:00:35 (0.4498 s / it)
Averaged stats: lr: 0.000200  sp_loss: 9.1778 (9.1944)  fam_loss: 5.0219 (5.2660)  manu_loss: 3.3557 (3.5248)  ot_loss: 4.4609 (4.5144)  base_loss: 17.5743 (17.9852)
Do not use KL loss
Epoch: [6]  [ 0/78]  eta: 0:07:43  lr: 0.000249  sp_loss: 9.1542 (9.1542)  fam_loss: 4.5503 (4.5503)  manu_loss: 2.7644 (2.7644)  ot_loss: 4.4219 (4.4219)  base_loss: 16.4688 (16.4688)  time: 5.9397  data: 5.6414  max mem: 11381
Epoch: [6]  [77/78]  eta: 0:00:00  lr: 0.000249  sp_loss: 9.1027 (9.1205)  fam_loss: 5.1135 (5.0978)  manu_loss: 3.4584 (3.4550)  ot_loss: 4.4141 (4.4349)  base_loss: 17.7254 (17.6734)  time: 0.3848  data: 0.1546  max mem: 11381
Epoch: [6] Total time: 0:00:34 (0.4471 s / it)
Averaged stats: lr: 0.000249  sp_loss: 9.1027 (9.1205)  fam_loss: 5.1135 (5.0978)  manu_loss: 3.4584 (3.4550)  ot_loss: 4.4141 (4.4349)  base_loss: 17.7254 (17.6734)
Do not use KL loss
Epoch: [7]  [ 0/78]  eta: 0:07:41  lr: 0.000248  sp_loss: 8.9651 (8.9651)  fam_loss: 5.6904 (5.6904)  manu_loss: 3.8289 (3.8289)  ot_loss: 4.4297 (4.4297)  base_loss: 18.4844 (18.4844)  time: 5.9195  data: 5.6100  max mem: 11381
Epoch: [7]  [77/78]  eta: 0:00:00  lr: 0.000248  sp_loss: 8.9799 (8.9816)  fam_loss: 4.9849 (5.0518)  manu_loss: 3.4127 (3.4608)  ot_loss: 4.3906 (4.3961)  base_loss: 17.4613 (17.4943)  time: 0.3936  data: 0.1612  max mem: 11381
Epoch: [7] Total time: 0:00:34 (0.4424 s / it)
Averaged stats: lr: 0.000248  sp_loss: 8.9799 (8.9816)  fam_loss: 4.9849 (5.0518)  manu_loss: 3.4127 (3.4608)  ot_loss: 4.3906 (4.3961)  base_loss: 17.4613 (17.4943)
Do not use KL loss
Epoch: [8]  [ 0/78]  eta: 0:07:46  lr: 0.000247  sp_loss: 8.8893 (8.8893)  fam_loss: 4.8507 (4.8507)  manu_loss: 3.5344 (3.5344)  ot_loss: 4.3750 (4.3750)  base_loss: 17.2743 (17.2743)  time: 5.9854  data: 5.6857  max mem: 11381
Epoch: [8]  [77/78]  eta: 0:00:00  lr: 0.000247  sp_loss: 8.7009 (8.7444)  fam_loss: 4.6476 (4.8343)  manu_loss: 3.1604 (3.3291)  ot_loss: 4.2539 (4.3035)  base_loss: 16.4253 (16.9077)  time: 0.3979  data: 0.1679  max mem: 11381
Epoch: [8] Total time: 0:00:34 (0.4448 s / it)
Averaged stats: lr: 0.000247  sp_loss: 8.7009 (8.7444)  fam_loss: 4.6476 (4.8343)  manu_loss: 3.1604 (3.3291)  ot_loss: 4.2539 (4.3035)  base_loss: 16.4253 (16.9077)
Do not use KL loss
Epoch: [9]  [ 0/78]  eta: 0:07:49  lr: 0.000246  sp_loss: 8.6682 (8.6682)  fam_loss: 4.9379 (4.9379)  manu_loss: 3.5033 (3.5033)  ot_loss: 4.4180 (4.4180)  base_loss: 17.1094 (17.1094)  time: 6.0198  data: 5.7176  max mem: 11381
Epoch: [9]  [77/78]  eta: 0:00:00  lr: 0.000246  sp_loss: 8.5631 (8.5187)  fam_loss: 5.0788 (4.8091)  manu_loss: 3.4531 (3.3200)  ot_loss: 4.2852 (4.2774)  base_loss: 17.2074 (16.6478)  time: 0.3818  data: 0.1526  max mem: 11381
Epoch: [9] Total time: 0:00:35 (0.4506 s / it)
Averaged stats: lr: 0.000246  sp_loss: 8.5631 (8.5187)  fam_loss: 5.0788 (4.8091)  manu_loss: 3.4531 (3.3200)  ot_loss: 4.2852 (4.2774)  base_loss: 17.2074 (16.6478)
Do not use KL loss
Epoch: [10]  [ 0/78]  eta: 0:07:27  lr: 0.000245  sp_loss: 8.3414 (8.3414)  fam_loss: 4.9073 (4.9073)  manu_loss: 3.4113 (3.4113)  ot_loss: 4.2969 (4.2969)  base_loss: 16.6600 (16.6600)  time: 5.7362  data: 5.4402  max mem: 11381
Epoch: [10]  [77/78]  eta: 0:00:00  lr: 0.000245  sp_loss: 8.1750 (8.1989)  fam_loss: 4.7150 (4.6285)  manu_loss: 3.1598 (3.1948)  ot_loss: 4.2109 (4.2207)  base_loss: 16.0861 (16.0223)  time: 0.3836  data: 0.1522  max mem: 11381
Epoch: [10] Total time: 0:00:34 (0.4452 s / it)
Averaged stats: lr: 0.000245  sp_loss: 8.1750 (8.1989)  fam_loss: 4.7150 (4.6285)  manu_loss: 3.1598 (3.1948)  ot_loss: 4.2109 (4.2207)  base_loss: 16.0861 (16.0223)
Do not use KL loss
Epoch: [11]  [ 0/78]  eta: 0:07:34  lr: 0.000244  sp_loss: 8.1370 (8.1370)  fam_loss: 4.7680 (4.7680)  manu_loss: 3.4340 (3.4340)  ot_loss: 4.2656 (4.2656)  base_loss: 16.3390 (16.3390)  time: 5.8250  data: 5.5428  max mem: 11381
Epoch: [11]  [77/78]  eta: 0:00:00  lr: 0.000244  sp_loss: 8.0260 (7.9858)  fam_loss: 4.7125 (4.5900)  manu_loss: 3.2837 (3.1944)  ot_loss: 4.1562 (4.1723)  base_loss: 16.1077 (15.7702)  time: 0.3815  data: 0.1519  max mem: 11381
Epoch: [11] Total time: 0:00:35 (0.4501 s / it)
Averaged stats: lr: 0.000244  sp_loss: 8.0260 (7.9858)  fam_loss: 4.7125 (4.5900)  manu_loss: 3.2837 (3.1944)  ot_loss: 4.1562 (4.1723)  base_loss: 16.1077 (15.7702)
Do not use KL loss
Epoch: [12]  [ 0/78]  eta: 0:07:47  lr: 0.000243  sp_loss: 8.2265 (8.2265)  fam_loss: 5.0210 (5.0210)  manu_loss: 3.5008 (3.5008)  ot_loss: 4.2266 (4.2266)  base_loss: 16.7483 (16.7483)  time: 5.9993  data: 5.7032  max mem: 11381
Epoch: [12]  [77/78]  eta: 0:00:00  lr: 0.000243  sp_loss: 7.8375 (7.7436)  fam_loss: 4.6366 (4.5311)  manu_loss: 3.2575 (3.1829)  ot_loss: 4.1211 (4.1321)  base_loss: 15.7971 (15.4576)  time: 0.4087  data: 0.1781  max mem: 11381
Epoch: [12] Total time: 0:00:35 (0.4567 s / it)
Averaged stats: lr: 0.000243  sp_loss: 7.8375 (7.7436)  fam_loss: 4.6366 (4.5311)  manu_loss: 3.2575 (3.1829)  ot_loss: 4.1211 (4.1321)  base_loss: 15.7971 (15.4576)
Do not use KL loss
Epoch: [13]  [ 0/78]  eta: 0:08:03  lr: 0.000242  sp_loss: 7.8900 (7.8900)  fam_loss: 4.6678 (4.6678)  manu_loss: 3.3172 (3.3172)  ot_loss: 4.1523 (4.1523)  base_loss: 15.8750 (15.8750)  time: 6.1996  data: 5.9221  max mem: 11381
Epoch: [13]  [77/78]  eta: 0:00:00  lr: 0.000242  sp_loss: 7.5801 (7.4508)  fam_loss: 4.5207 (4.4359)  manu_loss: 3.1492 (3.1356)  ot_loss: 4.0586 (4.0975)  base_loss: 15.1580 (15.0224)  time: 0.3948  data: 0.1659  max mem: 11381
Epoch: [13] Total time: 0:00:35 (0.4510 s / it)
Averaged stats: lr: 0.000242  sp_loss: 7.5801 (7.4508)  fam_loss: 4.5207 (4.4359)  manu_loss: 3.1492 (3.1356)  ot_loss: 4.0586 (4.0975)  base_loss: 15.1580 (15.0224)
Do not use KL loss
Epoch: [14]  [ 0/78]  eta: 0:07:34  lr: 0.000240  sp_loss: 7.7551 (7.7551)  fam_loss: 4.4294 (4.4294)  manu_loss: 3.1896 (3.1896)  ot_loss: 4.0195 (4.0195)  base_loss: 15.3742 (15.3742)  time: 5.8236  data: 5.3254  max mem: 11381
Epoch: [14]  [77/78]  eta: 0:00:00  lr: 0.000240  sp_loss: 7.6340 (7.2729)  fam_loss: 4.5358 (4.4308)  manu_loss: 3.1457 (3.1243)  ot_loss: 4.0547 (4.0666)  base_loss: 15.2827 (14.8280)  time: 0.4023  data: 0.1701  max mem: 11381
Epoch: [14] Total time: 0:00:34 (0.4455 s / it)
Averaged stats: lr: 0.000240  sp_loss: 7.6340 (7.2729)  fam_loss: 4.5358 (4.4308)  manu_loss: 3.1457 (3.1243)  ot_loss: 4.0547 (4.0666)  base_loss: 15.2827 (14.8280)
Do not use KL loss
Epoch: [15]  [ 0/78]  eta: 0:07:37  lr: 0.000239  sp_loss: 7.1447 (7.1447)  fam_loss: 4.3275 (4.3275)  manu_loss: 3.1285 (3.1285)  ot_loss: 4.0352 (4.0352)  base_loss: 14.6008 (14.6008)  time: 5.8610  data: 5.5746  max mem: 11381
Epoch: [15]  [77/78]  eta: 0:00:00  lr: 0.000239  sp_loss: 7.1987 (7.1130)  fam_loss: 4.4341 (4.4036)  manu_loss: 3.1450 (3.1245)  ot_loss: 4.0156 (4.0302)  base_loss: 14.6497 (14.6412)  time: 0.3967  data: 0.1681  max mem: 11381
Epoch: [15] Total time: 0:00:34 (0.4460 s / it)
Averaged stats: lr: 0.000239  sp_loss: 7.1987 (7.1130)  fam_loss: 4.4341 (4.4036)  manu_loss: 3.1450 (3.1245)  ot_loss: 4.0156 (4.0302)  base_loss: 14.6497 (14.6412)
Do not use KL loss
Epoch: [16]  [ 0/78]  eta: 0:07:59  lr: 0.000237  sp_loss: 5.4461 (5.4461)  fam_loss: 3.3691 (3.3691)  manu_loss: 2.4293 (2.4293)  ot_loss: 3.8438 (3.8438)  base_loss: 11.2446 (11.2446)  time: 6.1446  data: 5.8520  max mem: 11381
Epoch: [16]  [77/78]  eta: 0:00:00  lr: 0.000237  sp_loss: 6.4927 (6.8438)  fam_loss: 4.0715 (4.3204)  manu_loss: 2.8716 (3.0861)  ot_loss: 3.9316 (3.9760)  base_loss: 13.3886 (14.2503)  time: 0.3936  data: 0.1648  max mem: 11381
Epoch: [16] Total time: 0:00:35 (0.4527 s / it)
Averaged stats: lr: 0.000237  sp_loss: 6.4927 (6.8438)  fam_loss: 4.0715 (4.3204)  manu_loss: 2.8716 (3.0861)  ot_loss: 3.9316 (3.9760)  base_loss: 13.3886 (14.2503)
Do not use KL loss
Epoch: [17]  [ 0/78]  eta: 0:07:53  lr: 0.000235  sp_loss: 5.6497 (5.6497)  fam_loss: 3.6549 (3.6549)  manu_loss: 2.6214 (2.6214)  ot_loss: 3.6992 (3.6992)  base_loss: 11.9260 (11.9260)  time: 6.0739  data: 5.7945  max mem: 11381
Epoch: [17]  [77/78]  eta: 0:00:00  lr: 0.000235  sp_loss: 6.9655 (6.8157)  fam_loss: 4.3677 (4.3482)  manu_loss: 3.1904 (3.0891)  ot_loss: 3.9492 (3.9606)  base_loss: 14.4974 (14.2530)  time: 0.3915  data: 0.1610  max mem: 11381
Epoch: [17] Total time: 0:00:34 (0.4447 s / it)
Averaged stats: lr: 0.000235  sp_loss: 6.9655 (6.8157)  fam_loss: 4.3677 (4.3482)  manu_loss: 3.1904 (3.0891)  ot_loss: 3.9492 (3.9606)  base_loss: 14.4974 (14.2530)
Do not use KL loss
Epoch: [18]  [ 0/78]  eta: 0:07:51  lr: 0.000233  sp_loss: 7.0415 (7.0415)  fam_loss: 4.5733 (4.5733)  manu_loss: 3.3622 (3.3622)  ot_loss: 3.9902 (3.9902)  base_loss: 14.9770 (14.9770)  time: 6.0450  data: 5.7582  max mem: 11381
Epoch: [18]  [77/78]  eta: 0:00:00  lr: 0.000233  sp_loss: 5.9828 (6.4410)  fam_loss: 3.9164 (4.1728)  manu_loss: 3.0076 (3.0196)  ot_loss: 3.8262 (3.8794)  base_loss: 12.7009 (13.6334)  time: 0.3851  data: 0.1563  max mem: 11381
Epoch: [18] Total time: 0:00:35 (0.4492 s / it)
Averaged stats: lr: 0.000233  sp_loss: 5.9828 (6.4410)  fam_loss: 3.9164 (4.1728)  manu_loss: 3.0076 (3.0196)  ot_loss: 3.8262 (3.8794)  base_loss: 12.7009 (13.6334)
Do not use KL loss
Epoch: [19]  [ 0/78]  eta: 0:07:22  lr: 0.000231  sp_loss: 4.1146 (4.1146)  fam_loss: 2.8502 (2.8502)  manu_loss: 2.1866 (2.1866)  ot_loss: 3.3926 (3.3926)  base_loss: 9.1513 (9.1513)  time: 5.6678  data: 5.3787  max mem: 11381
Epoch: [19]  [77/78]  eta: 0:00:00  lr: 0.000231  sp_loss: 6.2286 (6.2256)  fam_loss: 4.0850 (4.0906)  manu_loss: 2.8171 (2.9352)  ot_loss: 3.7676 (3.8061)  base_loss: 13.0464 (13.2514)  time: 0.3957  data: 0.1628  max mem: 11381
Epoch: [19] Total time: 0:00:34 (0.4443 s / it)
Averaged stats: lr: 0.000231  sp_loss: 6.2286 (6.2256)  fam_loss: 4.0850 (4.0906)  manu_loss: 2.8171 (2.9352)  ot_loss: 3.7676 (3.8061)  base_loss: 13.0464 (13.2514)
Do not use KL loss
Epoch: [20]  [ 0/78]  eta: 0:07:42  lr: 0.000229  sp_loss: 4.6660 (4.6660)  fam_loss: 3.1893 (3.1893)  manu_loss: 2.4838 (2.4838)  ot_loss: 3.6914 (3.6914)  base_loss: 10.3391 (10.3391)  time: 5.9297  data: 5.6474  max mem: 11381
Epoch: [20]  [77/78]  eta: 0:00:00  lr: 0.000229  sp_loss: 6.2932 (6.1778)  fam_loss: 4.2420 (4.1430)  manu_loss: 3.0381 (2.9816)  ot_loss: 3.7930 (3.7950)  base_loss: 13.6197 (13.3024)  time: 0.3794  data: 0.1502  max mem: 11381
Epoch: [20] Total time: 0:00:35 (0.4511 s / it)
Averaged stats: lr: 0.000229  sp_loss: 6.2932 (6.1778)  fam_loss: 4.2420 (4.1430)  manu_loss: 3.0381 (2.9816)  ot_loss: 3.7930 (3.7950)  base_loss: 13.6197 (13.3024)
Do not use KL loss
Epoch: [21]  [ 0/78]  eta: 0:07:58  lr: 0.000227  sp_loss: 4.8429 (4.8429)  fam_loss: 3.4525 (3.4525)  manu_loss: 2.3801 (2.3801)  ot_loss: 3.5059 (3.5059)  base_loss: 10.6755 (10.6755)  time: 6.1302  data: 5.8492  max mem: 11381
Epoch: [21]  [77/78]  eta: 0:00:00  lr: 0.000227  sp_loss: 6.0429 (5.8175)  fam_loss: 4.1110 (3.9501)  manu_loss: 3.0182 (2.8660)  ot_loss: 3.6992 (3.7023)  base_loss: 13.0964 (12.6337)  time: 0.3919  data: 0.1616  max mem: 11381
Epoch: [21] Total time: 0:00:34 (0.4481 s / it)
Averaged stats: lr: 0.000227  sp_loss: 6.0429 (5.8175)  fam_loss: 4.1110 (3.9501)  manu_loss: 3.0182 (2.8660)  ot_loss: 3.6992 (3.7023)  base_loss: 13.0964 (12.6337)
Do not use KL loss
Epoch: [22]  [ 0/78]  eta: 0:07:24  lr: 0.000225  sp_loss: 6.5642 (6.5642)  fam_loss: 4.4829 (4.4829)  manu_loss: 3.3281 (3.3281)  ot_loss: 3.8711 (3.8711)  base_loss: 14.3752 (14.3752)  time: 5.7020  data: 5.4181  max mem: 11381
Epoch: [22]  [77/78]  eta: 0:00:00  lr: 0.000225  sp_loss: 6.2743 (5.8527)  fam_loss: 4.2516 (4.0159)  manu_loss: 3.0285 (2.9143)  ot_loss: 3.7559 (3.6890)  base_loss: 13.6398 (12.7829)  time: 0.3870  data: 0.1575  max mem: 11381
Epoch: [22] Total time: 0:00:34 (0.4432 s / it)
Averaged stats: lr: 0.000225  sp_loss: 6.2743 (5.8527)  fam_loss: 4.2516 (4.0159)  manu_loss: 3.0285 (2.9143)  ot_loss: 3.7559 (3.6890)  base_loss: 13.6398 (12.7829)
Do not use KL loss
Epoch: [23]  [ 0/78]  eta: 0:07:33  lr: 0.000222  sp_loss: 6.3511 (6.3511)  fam_loss: 4.6189 (4.6189)  manu_loss: 3.3882 (3.3882)  ot_loss: 3.7949 (3.7949)  base_loss: 14.3582 (14.3582)  time: 5.8126  data: 5.5218  max mem: 11381
Epoch: [23]  [77/78]  eta: 0:00:00  lr: 0.000222  sp_loss: 5.8738 (5.6354)  fam_loss: 3.9919 (3.9055)  manu_loss: 2.8928 (2.8439)  ot_loss: 3.6816 (3.6256)  base_loss: 12.7319 (12.3849)  time: 0.3969  data: 0.1680  max mem: 11381
Epoch: [23] Total time: 0:00:35 (0.4516 s / it)
Averaged stats: lr: 0.000222  sp_loss: 5.8738 (5.6354)  fam_loss: 3.9919 (3.9055)  manu_loss: 2.8928 (2.8439)  ot_loss: 3.6816 (3.6256)  base_loss: 12.7319 (12.3849)
Do not use KL loss
Epoch: [24]  [ 0/78]  eta: 0:08:09  lr: 0.000220  sp_loss: 6.6057 (6.6057)  fam_loss: 4.8051 (4.8051)  manu_loss: 3.4621 (3.4621)  ot_loss: 3.8613 (3.8613)  base_loss: 14.8730 (14.8730)  time: 6.2723  data: 5.9861  max mem: 11381
Epoch: [24]  [77/78]  eta: 0:00:00  lr: 0.000220  sp_loss: 5.3741 (5.4240)  fam_loss: 3.8452 (3.8143)  manu_loss: 2.7788 (2.7864)  ot_loss: 3.5215 (3.5411)  base_loss: 12.0037 (12.0247)  time: 0.3880  data: 0.1580  max mem: 11381
Epoch: [24] Total time: 0:00:35 (0.4501 s / it)
Averaged stats: lr: 0.000220  sp_loss: 5.3741 (5.4240)  fam_loss: 3.8452 (3.8143)  manu_loss: 2.7788 (2.7864)  ot_loss: 3.5215 (3.5411)  base_loss: 12.0037 (12.0247)
Do not use KL loss
Epoch: [25]  [ 0/78]  eta: 0:07:20  lr: 0.000217  sp_loss: 5.2481 (5.2481)  fam_loss: 3.6762 (3.6762)  manu_loss: 2.7954 (2.7954)  ot_loss: 3.4062 (3.4062)  base_loss: 11.7197 (11.7197)  time: 5.6483  data: 5.3662  max mem: 11381
Epoch: [25]  [77/78]  eta: 0:00:00  lr: 0.000217  sp_loss: 5.6560 (5.4377)  fam_loss: 4.0145 (3.8486)  manu_loss: 2.9045 (2.8072)  ot_loss: 3.6113 (3.5462)  base_loss: 12.5267 (12.0935)  time: 0.3885  data: 0.1571  max mem: 11381
Epoch: [25] Total time: 0:00:34 (0.4436 s / it)
Averaged stats: lr: 0.000217  sp_loss: 5.6560 (5.4377)  fam_loss: 4.0145 (3.8486)  manu_loss: 2.9045 (2.8072)  ot_loss: 3.6113 (3.5462)  base_loss: 12.5267 (12.0935)
Do not use KL loss
Epoch: [26]  [ 0/78]  eta: 0:07:25  lr: 0.000215  sp_loss: 5.7009 (5.7009)  fam_loss: 4.1108 (4.1108)  manu_loss: 3.0297 (3.0297)  ot_loss: 3.5430 (3.5430)  base_loss: 12.8414 (12.8414)  time: 5.7123  data: 5.4269  max mem: 11381
Epoch: [26]  [77/78]  eta: 0:00:00  lr: 0.000215  sp_loss: 5.9112 (5.4363)  fam_loss: 4.1927 (3.8816)  manu_loss: 2.9478 (2.8377)  ot_loss: 3.7266 (3.5226)  base_loss: 13.4410 (12.1555)  time: 0.3969  data: 0.1678  max mem: 11381
Epoch: [26] Total time: 0:00:34 (0.4482 s / it)
Averaged stats: lr: 0.000215  sp_loss: 5.9112 (5.4363)  fam_loss: 4.1927 (3.8816)  manu_loss: 2.9478 (2.8377)  ot_loss: 3.7266 (3.5226)  base_loss: 13.4410 (12.1555)
Do not use KL loss
Epoch: [27]  [ 0/78]  eta: 0:07:52  lr: 0.000212  sp_loss: 6.3892 (6.3892)  fam_loss: 4.4385 (4.4385)  manu_loss: 3.2961 (3.2961)  ot_loss: 3.9219 (3.9219)  base_loss: 14.1238 (14.1238)  time: 6.0627  data: 5.7792  max mem: 11381
Epoch: [27]  [77/78]  eta: 0:00:00  lr: 0.000212  sp_loss: 5.3005 (5.4062)  fam_loss: 3.7777 (3.8426)  manu_loss: 2.7746 (2.8092)  ot_loss: 3.4082 (3.4947)  base_loss: 11.8218 (12.0580)  time: 0.3976  data: 0.1665  max mem: 11381
Epoch: [27] Total time: 0:00:34 (0.4405 s / it)
Averaged stats: lr: 0.000212  sp_loss: 5.3005 (5.4062)  fam_loss: 3.7777 (3.8426)  manu_loss: 2.7746 (2.8092)  ot_loss: 3.4082 (3.4947)  base_loss: 11.8218 (12.0580)
Do not use KL loss
Epoch: [28]  [ 0/78]  eta: 0:08:02  lr: 0.000209  sp_loss: 6.0483 (6.0483)  fam_loss: 4.3114 (4.3114)  manu_loss: 3.0168 (3.0168)  ot_loss: 3.6934 (3.6934)  base_loss: 13.3764 (13.3764)  time: 6.1818  data: 5.9091  max mem: 11381
Epoch: [28]  [77/78]  eta: 0:00:00  lr: 0.000209  sp_loss: 4.4968 (5.0408)  fam_loss: 3.3601 (3.6766)  manu_loss: 2.4900 (2.6965)  ot_loss: 3.2500 (3.3798)  base_loss: 10.2555 (11.4139)  time: 0.4185  data: 0.1908  max mem: 11381
Epoch: [28] Total time: 0:00:35 (0.4523 s / it)
Averaged stats: lr: 0.000209  sp_loss: 4.4968 (5.0408)  fam_loss: 3.3601 (3.6766)  manu_loss: 2.4900 (2.6965)  ot_loss: 3.2500 (3.3798)  base_loss: 10.2555 (11.4139)
Do not use KL loss
Epoch: [29]  [ 0/78]  eta: 0:07:41  lr: 0.000206  sp_loss: 4.6844 (4.6844)  fam_loss: 3.5321 (3.5321)  manu_loss: 2.5123 (2.5123)  ot_loss: 3.1875 (3.1875)  base_loss: 10.7288 (10.7288)  time: 5.9114  data: 5.6088  max mem: 11381
Epoch: [29]  [77/78]  eta: 0:00:00  lr: 0.000206  sp_loss: 5.7369 (5.2125)  fam_loss: 3.8973 (3.7836)  manu_loss: 2.9036 (2.7735)  ot_loss: 3.5469 (3.4357)  base_loss: 12.7221 (11.7696)  time: 0.3901  data: 0.1604  max mem: 11382
Epoch: [29] Total time: 0:00:35 (0.4609 s / it)
Averaged stats: lr: 0.000206  sp_loss: 5.7369 (5.2125)  fam_loss: 3.8973 (3.7836)  manu_loss: 2.9036 (2.7735)  ot_loss: 3.5469 (3.4357)  base_loss: 12.7221 (11.7696)
Do not use KL loss
Epoch: [30]  [ 0/78]  eta: 0:07:49  lr: 0.000204  sp_loss: 5.3940 (5.3940)  fam_loss: 3.7674 (3.7674)  manu_loss: 2.6449 (2.6449)  ot_loss: 3.2656 (3.2656)  base_loss: 11.8063 (11.8063)  time: 6.0137  data: 5.7269  max mem: 11382
Epoch: [30]  [77/78]  eta: 0:00:00  lr: 0.000204  sp_loss: 5.6544 (4.9748)  fam_loss: 3.8895 (3.6506)  manu_loss: 2.8164 (2.6807)  ot_loss: 3.5098 (3.3339)  base_loss: 12.4678 (11.3060)  time: 0.3831  data: 0.1536  max mem: 11382
Epoch: [30] Total time: 0:00:35 (0.4539 s / it)
Averaged stats: lr: 0.000204  sp_loss: 5.6544 (4.9748)  fam_loss: 3.8895 (3.6506)  manu_loss: 2.8164 (2.6807)  ot_loss: 3.5098 (3.3339)  base_loss: 12.4678 (11.3060)
Do not use KL loss
Epoch: [31]  [ 0/78]  eta: 0:07:39  lr: 0.000201  sp_loss: 4.5357 (4.5357)  fam_loss: 3.3161 (3.3161)  manu_loss: 2.4455 (2.4455)  ot_loss: 3.1797 (3.1797)  base_loss: 10.2973 (10.2973)  time: 5.8933  data: 5.6027  max mem: 11382
Epoch: [31]  [77/78]  eta: 0:00:00  lr: 0.000201  sp_loss: 5.1268 (5.0543)  fam_loss: 3.6568 (3.7085)  manu_loss: 2.7523 (2.7377)  ot_loss: 3.2637 (3.3385)  base_loss: 11.5382 (11.5006)  time: 0.3918  data: 0.1622  max mem: 11382
Epoch: [31] Total time: 0:00:35 (0.4538 s / it)
Averaged stats: lr: 0.000201  sp_loss: 5.1268 (5.0543)  fam_loss: 3.6568 (3.7085)  manu_loss: 2.7523 (2.7377)  ot_loss: 3.2637 (3.3385)  base_loss: 11.5382 (11.5006)
Do not use KL loss
Epoch: [32]  [ 0/78]  eta: 0:08:17  lr: 0.000197  sp_loss: 4.0357 (4.0357)  fam_loss: 3.1249 (3.1249)  manu_loss: 2.4444 (2.4444)  ot_loss: 2.9590 (2.9590)  base_loss: 9.6050 (9.6050)  time: 6.3822  data: 6.1194  max mem: 11382
Epoch: [32]  [77/78]  eta: 0:00:00  lr: 0.000197  sp_loss: 5.6789 (5.1806)  fam_loss: 4.0132 (3.7650)  manu_loss: 2.9351 (2.7660)  ot_loss: 3.5098 (3.3740)  base_loss: 12.5603 (11.7115)  time: 0.3856  data: 0.1565  max mem: 11382
Epoch: [32] Total time: 0:00:35 (0.4582 s / it)
Averaged stats: lr: 0.000197  sp_loss: 5.6789 (5.1806)  fam_loss: 4.0132 (3.7650)  manu_loss: 2.9351 (2.7660)  ot_loss: 3.5098 (3.3740)  base_loss: 12.5603 (11.7115)
Do not use KL loss
Epoch: [33]  [ 0/78]  eta: 0:08:06  lr: 0.000194  sp_loss: 3.9913 (3.9913)  fam_loss: 3.1839 (3.1839)  manu_loss: 2.4073 (2.4073)  ot_loss: 2.9590 (2.9590)  base_loss: 9.5825 (9.5825)  time: 6.2382  data: 5.9567  max mem: 11382
Epoch: [33]  [77/78]  eta: 0:00:00  lr: 0.000194  sp_loss: 5.7837 (4.9471)  fam_loss: 4.0426 (3.6391)  manu_loss: 2.8705 (2.6871)  ot_loss: 3.5801 (3.3082)  base_loss: 12.8356 (11.2733)  time: 0.3972  data: 0.1682  max mem: 11382
Epoch: [33] Total time: 0:00:35 (0.4518 s / it)
Averaged stats: lr: 0.000194  sp_loss: 5.7837 (4.9471)  fam_loss: 4.0426 (3.6391)  manu_loss: 2.8705 (2.6871)  ot_loss: 3.5801 (3.3082)  base_loss: 12.8356 (11.2733)
Do not use KL loss
Epoch: [34]  [ 0/78]  eta: 0:07:33  lr: 0.000191  sp_loss: 3.2362 (3.2362)  fam_loss: 2.5471 (2.5471)  manu_loss: 1.9693 (1.9693)  ot_loss: 2.7793 (2.7793)  base_loss: 7.7525 (7.7525)  time: 5.8190  data: 5.5290  max mem: 11382
Epoch: [34]  [77/78]  eta: 0:00:00  lr: 0.000191  sp_loss: 5.3275 (5.1676)  fam_loss: 3.8623 (3.7861)  manu_loss: 2.8077 (2.7825)  ot_loss: 3.3770 (3.3628)  base_loss: 11.9749 (11.7362)  time: 0.3946  data: 0.1621  max mem: 11382
Epoch: [34] Total time: 0:00:34 (0.4423 s / it)
Averaged stats: lr: 0.000191  sp_loss: 5.3275 (5.1676)  fam_loss: 3.8623 (3.7861)  manu_loss: 2.8077 (2.7825)  ot_loss: 3.3770 (3.3628)  base_loss: 11.9749 (11.7362)
Do not use KL loss
Epoch: [35]  [ 0/78]  eta: 0:07:21  lr: 0.000188  sp_loss: 4.4084 (4.4084)  fam_loss: 3.3417 (3.3417)  manu_loss: 2.3976 (2.3976)  ot_loss: 3.0234 (3.0234)  base_loss: 10.1478 (10.1478)  time: 5.6645  data: 5.3801  max mem: 11382
Epoch: [35]  [77/78]  eta: 0:00:00  lr: 0.000188  sp_loss: 5.0037 (4.6565)  fam_loss: 3.5794 (3.4980)  manu_loss: 2.6323 (2.5951)  ot_loss: 3.2344 (3.1845)  base_loss: 11.1640 (10.7497)  time: 0.3830  data: 0.1534  max mem: 11382
Epoch: [35] Total time: 0:00:34 (0.4481 s / it)
Averaged stats: lr: 0.000188  sp_loss: 5.0037 (4.6565)  fam_loss: 3.5794 (3.4980)  manu_loss: 2.6323 (2.5951)  ot_loss: 3.2344 (3.1845)  base_loss: 11.1640 (10.7497)
Do not use KL loss
Epoch: [36]  [ 0/78]  eta: 0:07:18  lr: 0.000184  sp_loss: 4.9830 (4.9830)  fam_loss: 3.7115 (3.7115)  manu_loss: 2.7375 (2.7375)  ot_loss: 3.3223 (3.3223)  base_loss: 11.4320 (11.4320)  time: 5.6264  data: 5.3386  max mem: 11382
Epoch: [36]  [77/78]  eta: 0:00:00  lr: 0.000184  sp_loss: 4.2401 (4.4993)  fam_loss: 3.3385 (3.3791)  manu_loss: 2.5254 (2.5169)  ot_loss: 2.9414 (3.0982)  base_loss: 9.9906 (10.3953)  time: 0.3895  data: 0.1596  max mem: 11382
Epoch: [36] Total time: 0:00:35 (0.4521 s / it)
Averaged stats: lr: 0.000184  sp_loss: 4.2401 (4.4993)  fam_loss: 3.3385 (3.3791)  manu_loss: 2.5254 (2.5169)  ot_loss: 2.9414 (3.0982)  base_loss: 9.9906 (10.3953)
Do not use KL loss
Epoch: [37]  [ 0/78]  eta: 0:07:52  lr: 0.000181  sp_loss: 3.1839 (3.1839)  fam_loss: 2.6469 (2.6469)  manu_loss: 2.1219 (2.1219)  ot_loss: 2.8047 (2.8047)  base_loss: 7.9527 (7.9527)  time: 6.0576  data: 5.7759  max mem: 11382
Epoch: [37]  [77/78]  eta: 0:00:00  lr: 0.000181  sp_loss: 4.5686 (4.7113)  fam_loss: 3.4329 (3.5239)  manu_loss: 2.5031 (2.5984)  ot_loss: 3.0215 (3.1785)  base_loss: 10.4679 (10.8336)  time: 0.3965  data: 0.1658  max mem: 11382
Epoch: [37] Total time: 0:00:35 (0.4487 s / it)
Averaged stats: lr: 0.000181  sp_loss: 4.5686 (4.7113)  fam_loss: 3.4329 (3.5239)  manu_loss: 2.5031 (2.5984)  ot_loss: 3.0215 (3.1785)  base_loss: 10.4679 (10.8336)
Do not use KL loss
Epoch: [38]  [ 0/78]  eta: 0:07:50  lr: 0.000178  sp_loss: 3.4992 (3.4992)  fam_loss: 2.6474 (2.6474)  manu_loss: 2.0397 (2.0397)  ot_loss: 2.6152 (2.6152)  base_loss: 8.1863 (8.1863)  time: 6.0344  data: 5.7461  max mem: 11382
Epoch: [38]  [77/78]  eta: 0:00:00  lr: 0.000178  sp_loss: 4.8394 (4.6507)  fam_loss: 3.5150 (3.4873)  manu_loss: 2.5799 (2.5753)  ot_loss: 3.0723 (3.1440)  base_loss: 10.9360 (10.7133)  time: 0.3857  data: 0.1544  max mem: 11382
Epoch: [38] Total time: 0:00:34 (0.4414 s / it)
Averaged stats: lr: 0.000178  sp_loss: 4.8394 (4.6507)  fam_loss: 3.5150 (3.4873)  manu_loss: 2.5799 (2.5753)  ot_loss: 3.0723 (3.1440)  base_loss: 10.9360 (10.7133)
Do not use KL loss
Epoch: [39]  [ 0/78]  eta: 0:07:29  lr: 0.000174  sp_loss: 4.8969 (4.8969)  fam_loss: 3.6098 (3.6098)  manu_loss: 2.6185 (2.6185)  ot_loss: 3.2773 (3.2773)  base_loss: 11.1252 (11.1252)  time: 5.7678  data: 5.4708  max mem: 11382
Epoch: [39]  [77/78]  eta: 0:00:00  lr: 0.000174  sp_loss: 4.5114 (4.5772)  fam_loss: 3.4705 (3.4502)  manu_loss: 2.6088 (2.5586)  ot_loss: 3.0508 (3.1213)  base_loss: 10.6668 (10.5860)  time: 0.3909  data: 0.1612  max mem: 11382
Epoch: [39] Total time: 0:00:34 (0.4408 s / it)
Averaged stats: lr: 0.000174  sp_loss: 4.5114 (4.5772)  fam_loss: 3.4705 (3.4502)  manu_loss: 2.6088 (2.5586)  ot_loss: 3.0508 (3.1213)  base_loss: 10.6668 (10.5860)
Do not use KL loss
Epoch: [40]  [ 0/78]  eta: 0:07:59  lr: 0.000171  sp_loss: 4.6467 (4.6467)  fam_loss: 3.5953 (3.5953)  manu_loss: 2.5232 (2.5232)  ot_loss: 2.9883 (2.9883)  base_loss: 10.7652 (10.7652)  time: 6.1427  data: 5.8656  max mem: 11382
Epoch: [40]  [77/78]  eta: 0:00:00  lr: 0.000171  sp_loss: 4.8338 (4.4612)  fam_loss: 3.5715 (3.3775)  manu_loss: 2.6466 (2.5152)  ot_loss: 3.0879 (3.0605)  base_loss: 11.1651 (10.3539)  time: 0.4070  data: 0.1765  max mem: 11382
Epoch: [40] Total time: 0:00:35 (0.4559 s / it)
Averaged stats: lr: 0.000171  sp_loss: 4.8338 (4.4612)  fam_loss: 3.5715 (3.3775)  manu_loss: 2.6466 (2.5152)  ot_loss: 3.0879 (3.0605)  base_loss: 11.1651 (10.3539)
Do not use KL loss
Epoch: [41]  [ 0/78]  eta: 0:07:40  lr: 0.000167  sp_loss: 5.4457 (5.4457)  fam_loss: 4.0702 (4.0702)  manu_loss: 2.8353 (2.8353)  ot_loss: 3.5625 (3.5625)  base_loss: 12.3513 (12.3513)  time: 5.9015  data: 5.6106  max mem: 11382
Epoch: [41]  [77/78]  eta: 0:00:00  lr: 0.000167  sp_loss: 4.6336 (4.7282)  fam_loss: 3.4833 (3.5528)  manu_loss: 2.5110 (2.6192)  ot_loss: 2.9922 (3.1678)  base_loss: 10.6280 (10.9002)  time: 0.3940  data: 0.1630  max mem: 11382
Epoch: [41] Total time: 0:00:35 (0.4530 s / it)
Averaged stats: lr: 0.000167  sp_loss: 4.6336 (4.7282)  fam_loss: 3.4833 (3.5528)  manu_loss: 2.5110 (2.6192)  ot_loss: 2.9922 (3.1678)  base_loss: 10.6280 (10.9002)
Test:  [  0/391]  eta: 0:42:08  sploss: 6.6466 (6.6466)  famloss: 2.6602 (2.6602)  manuloss: 1.6293 (1.6293)  acc1: 7.4219 (7.4219)  acc5: 22.2656 (22.2656)  family_acc1: 45.7031 (45.7031)  manu_acc1: 62.5000 (62.5000)  time: 6.4665  data: 6.1088  max mem: 11382
Test:  [250/391]  eta: 0:01:00  sploss: 6.5286 (6.6747)  famloss: 2.8227 (2.8310)  manuloss: 1.8530 (1.7834)  acc1: 7.8125 (8.4117)  acc5: 19.1406 (18.7220)  family_acc1: 40.2344 (41.0312)  manu_acc1: 56.2500 (58.7712)  time: 0.3342  data: 0.1222  max mem: 11382
Test:  [390/391]  eta: 0:00:00  sploss: 6.5205 (6.6279)  famloss: 2.5907 (2.7633)  manuloss: 1.4469 (1.7101)  acc1: 8.2031 (8.5930)  acc5: 19.9219 (19.0490)  family_acc1: 46.4844 (42.1030)  manu_acc1: 67.9688 (60.4610)  time: 0.4468  data: 0.2405  max mem: 11382
Test: Total time: 0:02:47 (0.4296 s / it)
* Acc@1 8.593 Acc@5 19.049 family@1 42.103 manu@1 60.461 sploss 6.628 fmloss 2.763 mfloss 1.710
FPA: 5.380% | TICE: 71.787%   
 wAP: 13.087  |  LCA: 222.898   |   Precision and Recall: 23.563%
Accuracy of the network on the 100000 test images: 8.6%
Max accuracy: 8.59%
Do not use KL loss
Epoch: [42]  [ 0/78]  eta: 0:07:44  lr: 0.000163  sp_loss: 5.1353 (5.1353)  fam_loss: 3.9348 (3.9348)  manu_loss: 2.8188 (2.8188)  ot_loss: 3.3340 (3.3340)  base_loss: 11.8890 (11.8890)  time: 5.9575  data: 5.4005  max mem: 11382
Epoch: [42]  [77/78]  eta: 0:00:00  lr: 0.000163  sp_loss: 4.8416 (4.4860)  fam_loss: 3.5990 (3.3915)  manu_loss: 2.6345 (2.5176)  ot_loss: 3.1230 (3.0668)  base_loss: 11.2791 (10.3951)  time: 0.3914  data: 0.1618  max mem: 11382
Epoch: [42] Total time: 0:00:34 (0.4475 s / it)
Averaged stats: lr: 0.000163  sp_loss: 4.8416 (4.4860)  fam_loss: 3.5990 (3.3915)  manu_loss: 2.6345 (2.5176)  ot_loss: 3.1230 (3.0668)  base_loss: 11.2791 (10.3951)
Test:  [  0/391]  eta: 0:36:53  sploss: 6.6560 (6.6560)  famloss: 2.4994 (2.4994)  manuloss: 1.5152 (1.5152)  acc1: 9.7656 (9.7656)  acc5: 20.7031 (20.7031)  family_acc1: 48.0469 (48.0469)  manu_acc1: 65.2344 (65.2344)  time: 5.6614  data: 5.4310  max mem: 11382
Test:  [250/391]  eta: 0:00:59  sploss: 6.5817 (6.6903)  famloss: 2.8181 (2.7981)  manuloss: 1.8389 (1.7582)  acc1: 8.5938 (8.4895)  acc5: 19.1406 (18.6986)  family_acc1: 40.2344 (41.4623)  manu_acc1: 55.8594 (59.3766)  time: 0.3076  data: 0.0869  max mem: 11382
Test:  [390/391]  eta: 0:00:00  sploss: 6.4987 (6.6453)  famloss: 2.5486 (2.7328)  manuloss: 1.3966 (1.6863)  acc1: 8.9844 (8.5900)  acc5: 19.5312 (19.0050)  family_acc1: 45.3125 (42.4510)  manu_acc1: 67.9688 (60.9520)  time: 0.3658  data: 0.1764  max mem: 11382
Test: Total time: 0:02:40 (0.4107 s / it)
* Acc@1 8.590 Acc@5 19.005 family@1 42.451 manu@1 60.952 sploss 6.645 fmloss 2.733 mfloss 1.686
FPA: 5.448% | TICE: 71.442%   
 wAP: 13.130  |  LCA: 222.580   |   Precision and Recall: 23.603%
Accuracy of the network on the 100000 test images: 8.6%
Max accuracy: 8.59%
Do not use KL loss
Epoch: [43]  [ 0/78]  eta: 0:08:12  lr: 0.000160  sp_loss: 2.5290 (2.5290)  fam_loss: 2.1240 (2.1240)  manu_loss: 1.6690 (1.6690)  ot_loss: 2.3672 (2.3672)  base_loss: 6.3220 (6.3220)  time: 6.3200  data: 6.0440  max mem: 11382
Epoch: [43]  [77/78]  eta: 0:00:00  lr: 0.000160  sp_loss: 4.5766 (4.4944)  fam_loss: 3.3991 (3.3841)  manu_loss: 2.4834 (2.5051)  ot_loss: 2.9980 (3.0621)  base_loss: 10.5156 (10.3836)  time: 0.3926  data: 0.1636  max mem: 11382
Epoch: [43] Total time: 0:00:35 (0.4497 s / it)
Averaged stats: lr: 0.000160  sp_loss: 4.5766 (4.4944)  fam_loss: 3.3991 (3.3841)  manu_loss: 2.4834 (2.5051)  ot_loss: 2.9980 (3.0621)  base_loss: 10.5156 (10.3836)
Test:  [  0/391]  eta: 0:41:19  sploss: 6.6530 (6.6530)  famloss: 2.5069 (2.5069)  manuloss: 1.5451 (1.5451)  acc1: 8.9844 (8.9844)  acc5: 21.4844 (21.4844)  family_acc1: 46.8750 (46.8750)  manu_acc1: 64.4531 (64.4531)  time: 6.3424  data: 6.1042  max mem: 11382
Test:  [250/391]  eta: 0:00:58  sploss: 6.5323 (6.6729)  famloss: 2.8215 (2.8282)  manuloss: 1.8643 (1.7801)  acc1: 8.9844 (8.5938)  acc5: 19.9219 (19.0348)  family_acc1: 39.8438 (41.3502)  manu_acc1: 55.4688 (58.6218)  time: 0.3152  data: 0.1090  max mem: 11382
Test:  [390/391]  eta: 0:00:00  sploss: 6.5367 (6.6281)  famloss: 2.5649 (2.7596)  manuloss: 1.3928 (1.7021)  acc1: 9.3750 (8.7510)  acc5: 19.9219 (19.3240)  family_acc1: 46.4844 (42.4430)  manu_acc1: 68.3594 (60.3830)  time: 0.3998  data: 0.2114  max mem: 11382
Test: Total time: 0:02:38 (0.4051 s / it)
* Acc@1 8.751 Acc@5 19.324 family@1 42.443 manu@1 60.383 sploss 6.628 fmloss 2.760 mfloss 1.702
FPA: 5.563% | TICE: 71.249%   
 wAP: 13.257  |  LCA: 222.059   |   Precision and Recall: 23.756%
Accuracy of the network on the 100000 test images: 8.8%
Max accuracy: 8.75%
Do not use KL loss
Epoch: [44]  [ 0/78]  eta: 0:07:43  lr: 0.000156  sp_loss: 5.2648 (5.2648)  fam_loss: 4.0312 (4.0312)  manu_loss: 2.7597 (2.7597)  ot_loss: 3.4980 (3.4980)  base_loss: 12.0558 (12.0558)  time: 5.9366  data: 5.6484  max mem: 11382
Epoch: [44]  [77/78]  eta: 0:00:00  lr: 0.000156  sp_loss: 4.9655 (4.3430)  fam_loss: 3.6305 (3.2748)  manu_loss: 2.6982 (2.4368)  ot_loss: 3.1582 (2.9778)  base_loss: 11.4001 (10.0545)  time: 0.3816  data: 0.1513  max mem: 11382
Epoch: [44] Total time: 0:00:34 (0.4442 s / it)
Averaged stats: lr: 0.000156  sp_loss: 4.9655 (4.3430)  fam_loss: 3.6305 (3.2748)  manu_loss: 2.6982 (2.4368)  ot_loss: 3.1582 (2.9778)  base_loss: 11.4001 (10.0545)
Test:  [  0/391]  eta: 0:39:12  sploss: 6.6460 (6.6460)  famloss: 2.5880 (2.5880)  manuloss: 1.5563 (1.5563)  acc1: 7.4219 (7.4219)  acc5: 20.7031 (20.7031)  family_acc1: 46.8750 (46.8750)  manu_acc1: 64.0625 (64.0625)  time: 6.0166  data: 5.7612  max mem: 11382
Test:  [250/391]  eta: 0:00:59  sploss: 6.5400 (6.6772)  famloss: 2.8474 (2.8591)  manuloss: 1.8639 (1.8041)  acc1: 8.9844 (8.5284)  acc5: 19.1406 (18.8185)  family_acc1: 40.6250 (41.2148)  manu_acc1: 56.6406 (59.0326)  time: 0.3387  data: 0.1216  max mem: 11382
Test:  [390/391]  eta: 0:00:00  sploss: 6.5422 (6.6353)  famloss: 2.6436 (2.7930)  manuloss: 1.4161 (1.7286)  acc1: 8.9844 (8.7120)  acc5: 20.3125 (19.1160)  family_acc1: 45.3125 (42.2640)  manu_acc1: 68.3594 (60.7200)  time: 0.3833  data: 0.1887  max mem: 11382
Test: Total time: 0:02:42 (0.4151 s / it)
* Acc@1 8.712 Acc@5 19.116 family@1 42.264 manu@1 60.720 sploss 6.635 fmloss 2.793 mfloss 1.729
FPA: 5.496% | TICE: 71.387%   
 wAP: 13.213  |  LCA: 221.836   |   Precision and Recall: 23.792%
Accuracy of the network on the 100000 test images: 8.7%
Max accuracy: 8.75%
Do not use KL loss
Epoch: [45]  [ 0/78]  eta: 0:07:22  lr: 0.000152  sp_loss: 3.1457 (3.1457)  fam_loss: 2.4994 (2.4994)  manu_loss: 1.8676 (1.8676)  ot_loss: 2.5605 (2.5605)  base_loss: 7.5127 (7.5127)  time: 5.6712  data: 5.3733  max mem: 11382
Epoch: [45]  [77/78]  eta: 0:00:00  lr: 0.000152  sp_loss: 4.9287 (4.4776)  fam_loss: 3.6430 (3.3887)  manu_loss: 2.6029 (2.4896)  ot_loss: 3.2012 (3.0265)  base_loss: 11.2421 (10.3559)  time: 0.3824  data: 0.1516  max mem: 11382
Epoch: [45] Total time: 0:00:34 (0.4430 s / it)
Averaged stats: lr: 0.000152  sp_loss: 4.9287 (4.4776)  fam_loss: 3.6430 (3.3887)  manu_loss: 2.6029 (2.4896)  ot_loss: 3.2012 (3.0265)  base_loss: 11.2421 (10.3559)
Test:  [  0/391]  eta: 0:40:46  sploss: 6.6336 (6.6336)  famloss: 2.5146 (2.5146)  manuloss: 1.4965 (1.4965)  acc1: 9.3750 (9.3750)  acc5: 19.9219 (19.9219)  family_acc1: 46.0938 (46.0938)  manu_acc1: 64.4531 (64.4531)  time: 6.2569  data: 5.9803  max mem: 11382
Test:  [250/391]  eta: 0:00:59  sploss: 6.5545 (6.7114)  famloss: 2.8869 (2.8613)  manuloss: 1.8730 (1.8070)  acc1: 8.9844 (8.3152)  acc5: 19.5312 (18.5337)  family_acc1: 39.8438 (40.9471)  manu_acc1: 55.0781 (59.0202)  time: 0.3208  data: 0.1091  max mem: 11382
Test:  [390/391]  eta: 0:00:00  sploss: 6.5416 (6.6661)  famloss: 2.6205 (2.7932)  manuloss: 1.4247 (1.7329)  acc1: 8.5938 (8.4570)  acc5: 19.5312 (18.8580)  family_acc1: 45.7031 (42.1130)  manu_acc1: 69.1406 (60.7590)  time: 0.3913  data: 0.2028  max mem: 11382
Test: Total time: 0:02:42 (0.4158 s / it)
* Acc@1 8.457 Acc@5 18.858 family@1 42.113 manu@1 60.759 sploss 6.666 fmloss 2.793 mfloss 1.733
FPA: 5.344% | TICE: 71.281%   
 wAP: 12.975  |  LCA: 222.477   |   Precision and Recall: 23.577%
Accuracy of the network on the 100000 test images: 8.5%
Max accuracy: 8.75%
Do not use KL loss
Epoch: [46]  [ 0/78]  eta: 0:08:50  lr: 0.000149  sp_loss: 5.1559 (5.1559)  fam_loss: 3.6947 (3.6947)  manu_loss: 2.7387 (2.7387)  ot_loss: 3.2520 (3.2520)  base_loss: 11.5893 (11.5893)  time: 6.7993  data: 6.5247  max mem: 11382
Epoch: [46]  [77/78]  eta: 0:00:00  lr: 0.000149  sp_loss: 4.9872 (4.5445)  fam_loss: 3.6158 (3.4070)  manu_loss: 2.5964 (2.5140)  ot_loss: 3.0762 (3.0606)  base_loss: 11.2032 (10.4655)  time: 0.3872  data: 0.1565  max mem: 11382
Epoch: [46] Total time: 0:00:35 (0.4524 s / it)
Averaged stats: lr: 0.000149  sp_loss: 4.9872 (4.5445)  fam_loss: 3.6158 (3.4070)  manu_loss: 2.5964 (2.5140)  ot_loss: 3.0762 (3.0606)  base_loss: 11.2032 (10.4655)
Test:  [  0/391]  eta: 0:38:01  sploss: 6.6684 (6.6684)  famloss: 2.6395 (2.6395)  manuloss: 1.6292 (1.6292)  acc1: 7.4219 (7.4219)  acc5: 21.4844 (21.4844)  family_acc1: 45.3125 (45.3125)  manu_acc1: 61.3281 (61.3281)  time: 5.8344  data: 5.5735  max mem: 11382
Test:  [250/391]  eta: 0:00:58  sploss: 6.5564 (6.7098)  famloss: 2.9066 (2.8852)  manuloss: 1.8655 (1.8126)  acc1: 8.5938 (8.3152)  acc5: 19.9219 (18.6722)  family_acc1: 41.0156 (41.5697)  manu_acc1: 56.6406 (59.4793)  time: 0.3376  data: 0.1154  max mem: 11382
Test:  [390/391]  eta: 0:00:00  sploss: 6.5653 (6.6668)  famloss: 2.6580 (2.8170)  manuloss: 1.4597 (1.7395)  acc1: 9.3750 (8.4710)  acc5: 20.3125 (18.9720)  family_acc1: 45.3125 (42.6600)  manu_acc1: 68.3594 (61.1070)  time: 0.3718  data: 0.1814  max mem: 11382
Test: Total time: 0:02:40 (0.4101 s / it)
* Acc@1 8.471 Acc@5 18.972 family@1 42.660 manu@1 61.107 sploss 6.667 fmloss 2.817 mfloss 1.740
FPA: 5.351% | TICE: 71.454%   
 wAP: 13.049  |  LCA: 222.297   |   Precision and Recall: 23.622%
Accuracy of the network on the 100000 test images: 8.5%
Max accuracy: 8.75%
Do not use KL loss
Epoch: [47]  [ 0/78]  eta: 0:07:38  lr: 0.000145  sp_loss: 4.7589 (4.7589)  fam_loss: 3.7018 (3.7018)  manu_loss: 2.6313 (2.6313)  ot_loss: 3.1699 (3.1699)  base_loss: 11.0921 (11.0921)  time: 5.8740  data: 5.5805  max mem: 11382
Epoch: [47]  [77/78]  eta: 0:00:00  lr: 0.000145  sp_loss: 4.8693 (4.4971)  fam_loss: 3.5493 (3.3907)  manu_loss: 2.6493 (2.5049)  ot_loss: 3.2656 (3.0157)  base_loss: 11.1724 (10.3927)  time: 0.4055  data: 0.1758  max mem: 11382
Epoch: [47] Total time: 0:00:35 (0.4513 s / it)
Averaged stats: lr: 0.000145  sp_loss: 4.8693 (4.4971)  fam_loss: 3.5493 (3.3907)  manu_loss: 2.6493 (2.5049)  ot_loss: 3.2656 (3.0157)  base_loss: 11.1724 (10.3927)
Test:  [  0/391]  eta: 0:37:12  sploss: 6.6345 (6.6345)  famloss: 2.6643 (2.6643)  manuloss: 1.5898 (1.5898)  acc1: 10.1562 (10.1562)  acc5: 22.2656 (22.2656)  family_acc1: 45.7031 (45.7031)  manu_acc1: 62.5000 (62.5000)  time: 5.7106  data: 5.4797  max mem: 11382
Test:  [250/391]  eta: 0:00:58  sploss: 6.5547 (6.7095)  famloss: 2.8605 (2.8746)  manuloss: 1.8882 (1.8200)  acc1: 8.5938 (8.3945)  acc5: 19.9219 (18.6753)  family_acc1: 41.0156 (41.4436)  manu_acc1: 56.6406 (59.2240)  time: 0.3360  data: 0.1016  max mem: 11382
Test:  [390/391]  eta: 0:00:00  sploss: 6.5470 (6.6671)  famloss: 2.6306 (2.8064)  manuloss: 1.4621 (1.7476)  acc1: 8.9844 (8.5810)  acc5: 20.3125 (18.9820)  family_acc1: 46.0938 (42.5650)  manu_acc1: 68.3594 (60.8670)  time: 0.4053  data: 0.2164  max mem: 11382
Test: Total time: 0:02:40 (0.4099 s / it)
* Acc@1 8.581 Acc@5 18.982 family@1 42.565 manu@1 60.867 sploss 6.667 fmloss 2.806 mfloss 1.748
FPA: 5.462% | TICE: 71.550%   
 wAP: 13.131  |  LCA: 222.969   |   Precision and Recall: 23.416%
Accuracy of the network on the 100000 test images: 8.6%
Max accuracy: 8.75%
Do not use KL loss
Epoch: [48]  [ 0/78]  eta: 0:07:21  lr: 0.000141  sp_loss: 4.5599 (4.5599)  fam_loss: 3.5075 (3.5075)  manu_loss: 2.4485 (2.4485)  ot_loss: 3.0645 (3.0645)  base_loss: 10.5158 (10.5158)  time: 5.6644  data: 5.3960  max mem: 11382
Epoch: [48]  [77/78]  eta: 0:00:00  lr: 0.000141  sp_loss: 4.3723 (4.3311)  fam_loss: 3.2589 (3.2925)  manu_loss: 2.3634 (2.4374)  ot_loss: 2.8281 (2.9607)  base_loss: 9.9245 (10.0610)  time: 0.3874  data: 0.1557  max mem: 11382
Epoch: [48] Total time: 0:00:34 (0.4442 s / it)
Averaged stats: lr: 0.000141  sp_loss: 4.3723 (4.3311)  fam_loss: 3.2589 (3.2925)  manu_loss: 2.3634 (2.4374)  ot_loss: 2.8281 (2.9607)  base_loss: 9.9245 (10.0610)
Test:  [  0/391]  eta: 0:37:10  sploss: 6.5631 (6.5631)  famloss: 2.5607 (2.5607)  manuloss: 1.5429 (1.5429)  acc1: 8.9844 (8.9844)  acc5: 22.2656 (22.2656)  family_acc1: 44.9219 (44.9219)  manu_acc1: 62.1094 (62.1094)  time: 5.7040  data: 5.4112  max mem: 11382
Test:  [250/391]  eta: 0:00:59  sploss: 6.5120 (6.6767)  famloss: 2.8144 (2.8040)  manuloss: 1.8659 (1.7785)  acc1: 8.2031 (8.6467)  acc5: 20.3125 (19.1126)  family_acc1: 41.0156 (42.0599)  manu_acc1: 55.8594 (59.4902)  time: 0.3337  data: 0.0890  max mem: 11382
Test:  [390/391]  eta: 0:00:00  sploss: 6.5223 (6.6268)  famloss: 2.5732 (2.7346)  manuloss: 1.4021 (1.7026)  acc1: 8.9844 (8.7990)  acc5: 19.9219 (19.5170)  family_acc1: 45.7031 (43.2220)  manu_acc1: 68.7500 (61.1000)  time: 0.3977  data: 0.1941  max mem: 11382
Test: Total time: 0:02:41 (0.4121 s / it)
* Acc@1 8.799 Acc@5 19.517 family@1 43.222 manu@1 61.100 sploss 6.627 fmloss 2.735 mfloss 1.703
FPA: 5.688% | TICE: 70.762%   
 wAP: 13.392  |  LCA: 221.233   |   Precision and Recall: 23.970%
Accuracy of the network on the 100000 test images: 8.8%
Max accuracy: 8.80%
Do not use KL loss
Epoch: [49]  [ 0/78]  eta: 0:07:46  lr: 0.000138  sp_loss: 5.1431 (5.1431)  fam_loss: 3.8563 (3.8563)  manu_loss: 2.9090 (2.9090)  ot_loss: 3.3750 (3.3750)  base_loss: 11.9084 (11.9084)  time: 5.9863  data: 5.6882  max mem: 11382
Epoch: [49]  [77/78]  eta: 0:00:00  lr: 0.000138  sp_loss: 4.4484 (4.1988)  fam_loss: 3.2697 (3.1972)  manu_loss: 2.4434 (2.3791)  ot_loss: 2.8613 (2.9130)  base_loss: 10.3184 (9.7751)  time: 0.3986  data: 0.1653  max mem: 11382
Epoch: [49] Total time: 0:00:34 (0.4440 s / it)
Averaged stats: lr: 0.000138  sp_loss: 4.4484 (4.1988)  fam_loss: 3.2697 (3.1972)  manu_loss: 2.4434 (2.3791)  ot_loss: 2.8613 (2.9130)  base_loss: 10.3184 (9.7751)
Test:  [  0/391]  eta: 0:38:10  sploss: 6.6084 (6.6084)  famloss: 2.5840 (2.5840)  manuloss: 1.5961 (1.5961)  acc1: 8.9844 (8.9844)  acc5: 22.6562 (22.6562)  family_acc1: 45.7031 (45.7031)  manu_acc1: 60.1562 (60.1562)  time: 5.8582  data: 5.5738  max mem: 11382
Test:  [250/391]  eta: 0:00:59  sploss: 6.4586 (6.6636)  famloss: 2.7786 (2.7979)  manuloss: 1.8271 (1.7809)  acc1: 8.9844 (8.7914)  acc5: 20.7031 (19.3678)  family_acc1: 41.7969 (41.8560)  manu_acc1: 56.6406 (59.2816)  time: 0.3247  data: 0.1088  max mem: 11382
Test:  [390/391]  eta: 0:00:00  sploss: 6.5224 (6.6176)  famloss: 2.5617 (2.7297)  manuloss: 1.3910 (1.7046)  acc1: 9.3750 (8.9180)  acc5: 20.3125 (19.6580)  family_acc1: 45.7031 (42.9670)  manu_acc1: 68.7500 (60.9330)  time: 0.3803  data: 0.1903  max mem: 11382
Test: Total time: 0:02:41 (0.4134 s / it)
* Acc@1 8.918 Acc@5 19.658 family@1 42.967 manu@1 60.933 sploss 6.618 fmloss 2.730 mfloss 1.705
FPA: 5.770% | TICE: 71.072%   
 wAP: 13.468  |  LCA: 221.189   |   Precision and Recall: 24.043%
Accuracy of the network on the 100000 test images: 8.9%
Max accuracy: 8.92%
Do not use KL loss
Epoch: [50]  [ 0/78]  eta: 0:07:52  lr: 0.000134  sp_loss: 4.9508 (4.9508)  fam_loss: 3.5594 (3.5594)  manu_loss: 2.6392 (2.6392)  ot_loss: 3.0078 (3.0078)  base_loss: 11.1494 (11.1494)  time: 6.0592  data: 5.7802  max mem: 11382
Epoch: [50]  [77/78]  eta: 0:00:00  lr: 0.000134  sp_loss: 4.5492 (4.2770)  fam_loss: 3.4190 (3.2472)  manu_loss: 2.4551 (2.4149)  ot_loss: 2.9824 (2.8971)  base_loss: 10.3586 (9.9392)  time: 0.3824  data: 0.1502  max mem: 11382
Epoch: [50] Total time: 0:00:34 (0.4412 s / it)
Averaged stats: lr: 0.000134  sp_loss: 4.5492 (4.2770)  fam_loss: 3.4190 (3.2472)  manu_loss: 2.4551 (2.4149)  ot_loss: 2.9824 (2.8971)  base_loss: 10.3586 (9.9392)
Test:  [  0/391]  eta: 0:36:58  sploss: 6.7457 (6.7457)  famloss: 2.7612 (2.7612)  manuloss: 1.6991 (1.6991)  acc1: 7.8125 (7.8125)  acc5: 20.7031 (20.7031)  family_acc1: 44.9219 (44.9219)  manu_acc1: 60.9375 (60.9375)  time: 5.6744  data: 5.3931  max mem: 11382
Test:  [250/391]  eta: 0:00:58  sploss: 6.5796 (6.7626)  famloss: 2.9250 (2.9307)  manuloss: 1.8988 (1.8623)  acc1: 8.5938 (8.3183)  acc5: 19.5312 (18.3921)  family_acc1: 39.8438 (40.9300)  manu_acc1: 55.4688 (58.9097)  time: 0.3177  data: 0.1016  max mem: 11382
Test:  [390/391]  eta: 0:00:00  sploss: 6.5917 (6.7177)  famloss: 2.7401 (2.8615)  manuloss: 1.5129 (1.7878)  acc1: 8.5938 (8.4810)  acc5: 19.1406 (18.7220)  family_acc1: 44.5312 (42.1540)  manu_acc1: 67.5781 (60.5920)  time: 0.4012  data: 0.1997  max mem: 11382
Test: Total time: 0:02:40 (0.4108 s / it)
* Acc@1 8.481 Acc@5 18.722 family@1 42.154 manu@1 60.592 sploss 6.718 fmloss 2.862 mfloss 1.788
FPA: 5.348% | TICE: 71.922%   
 wAP: 12.996  |  LCA: 223.834   |   Precision and Recall: 23.132%
Accuracy of the network on the 100000 test images: 8.5%
Max accuracy: 8.92%
Do not use KL loss
Epoch: [51]  [ 0/78]  eta: 0:07:20  lr: 0.000130  sp_loss: 5.6631 (5.6631)  fam_loss: 4.1264 (4.1264)  manu_loss: 2.8003 (2.8003)  ot_loss: 3.5176 (3.5176)  base_loss: 12.5898 (12.5898)  time: 5.6416  data: 5.3349  max mem: 11382
Epoch: [51]  [77/78]  eta: 0:00:00  lr: 0.000130  sp_loss: 4.8381 (4.3800)  fam_loss: 3.6012 (3.3138)  manu_loss: 2.6693 (2.4411)  ot_loss: 3.2773 (2.9806)  base_loss: 11.1779 (10.1349)  time: 0.3908  data: 0.1577  max mem: 11382
Epoch: [51] Total time: 0:00:34 (0.4462 s / it)
Averaged stats: lr: 0.000130  sp_loss: 4.8381 (4.3800)  fam_loss: 3.6012 (3.3138)  manu_loss: 2.6693 (2.4411)  ot_loss: 3.2773 (2.9806)  base_loss: 11.1779 (10.1349)
Test:  [  0/391]  eta: 0:36:26  sploss: 6.6758 (6.6758)  famloss: 2.6901 (2.6901)  manuloss: 1.6651 (1.6651)  acc1: 9.7656 (9.7656)  acc5: 20.7031 (20.7031)  family_acc1: 43.7500 (43.7500)  manu_acc1: 60.9375 (60.9375)  time: 5.5933  data: 5.3650  max mem: 11382
Test:  [250/391]  eta: 0:00:58  sploss: 6.5288 (6.7281)  famloss: 2.8905 (2.8902)  manuloss: 1.8954 (1.8400)  acc1: 8.2031 (8.2841)  acc5: 20.3125 (18.8169)  family_acc1: 40.6250 (41.2895)  manu_acc1: 55.4688 (58.9237)  time: 0.3191  data: 0.1087  max mem: 11382
Test:  [390/391]  eta: 0:00:00  sploss: 6.5760 (6.6830)  famloss: 2.6592 (2.8207)  manuloss: 1.4606 (1.7634)  acc1: 8.9844 (8.4470)  acc5: 19.9219 (19.0560)  family_acc1: 45.6250 (42.4090)  manu_acc1: 67.5781 (60.6550)  time: 0.4167  data: 0.2259  max mem: 11382
Test: Total time: 0:02:39 (0.4085 s / it)
* Acc@1 8.447 Acc@5 19.056 family@1 42.409 manu@1 60.655 sploss 6.683 fmloss 2.821 mfloss 1.763
FPA: 5.417% | TICE: 71.159%   
 wAP: 12.993  |  LCA: 223.181   |   Precision and Recall: 23.362%
Accuracy of the network on the 100000 test images: 8.4%
Max accuracy: 8.92%
Do not use KL loss
Epoch: [52]  [ 0/78]  eta: 0:07:27  lr: 0.000126  sp_loss: 4.8968 (4.8968)  fam_loss: 3.6523 (3.6523)  manu_loss: 2.7097 (2.7097)  ot_loss: 3.2617 (3.2617)  base_loss: 11.2587 (11.2587)  time: 5.7418  data: 5.4409  max mem: 11382
Epoch: [52]  [77/78]  eta: 0:00:00  lr: 0.000126  sp_loss: 4.2279 (3.9589)  fam_loss: 3.2181 (3.0418)  manu_loss: 2.3359 (2.2674)  ot_loss: 2.7930 (2.7533)  base_loss: 9.8515 (9.2682)  time: 0.3900  data: 0.1596  max mem: 11382
Epoch: [52] Total time: 0:00:35 (0.4592 s / it)
Averaged stats: lr: 0.000126  sp_loss: 4.2279 (3.9589)  fam_loss: 3.2181 (3.0418)  manu_loss: 2.3359 (2.2674)  ot_loss: 2.7930 (2.7533)  base_loss: 9.8515 (9.2682)
Test:  [  0/391]  eta: 0:37:07  sploss: 6.6809 (6.6809)  famloss: 2.6494 (2.6494)  manuloss: 1.5596 (1.5596)  acc1: 8.9844 (8.9844)  acc5: 20.3125 (20.3125)  family_acc1: 44.9219 (44.9219)  manu_acc1: 62.5000 (62.5000)  time: 5.6973  data: 5.4697  max mem: 11382
Test:  [250/391]  eta: 0:00:59  sploss: 6.5369 (6.7365)  famloss: 2.8666 (2.8752)  manuloss: 1.8902 (1.8191)  acc1: 8.2031 (8.3774)  acc5: 19.1406 (18.6784)  family_acc1: 41.0156 (41.6661)  manu_acc1: 56.6406 (59.1509)  time: 0.3217  data: 0.1018  max mem: 11382
Test:  [390/391]  eta: 0:00:00  sploss: 6.6073 (6.6946)  famloss: 2.6318 (2.8072)  manuloss: 1.4292 (1.7448)  acc1: 8.9844 (8.5580)  acc5: 19.9219 (19.0130)  family_acc1: 46.4844 (42.7310)  manu_acc1: 68.1250 (60.7990)  time: 0.4044  data: 0.2086  max mem: 11382
Test: Total time: 0:02:41 (0.4134 s / it)
* Acc@1 8.558 Acc@5 19.013 family@1 42.731 manu@1 60.799 sploss 6.695 fmloss 2.807 mfloss 1.745
FPA: 5.526% | TICE: 71.145%   
 wAP: 13.125  |  LCA: 223.127   |   Precision and Recall: 23.413%
Accuracy of the network on the 100000 test images: 8.6%
Max accuracy: 8.92%
Do not use KL loss
Epoch: [53]  [ 0/78]  eta: 0:07:56  lr: 0.000122  sp_loss: 4.5023 (4.5023)  fam_loss: 3.3084 (3.3084)  manu_loss: 2.3689 (2.3689)  ot_loss: 2.8320 (2.8320)  base_loss: 10.1796 (10.1796)  time: 6.1124  data: 5.8262  max mem: 11382
Epoch: [53]  [77/78]  eta: 0:00:00  lr: 0.000122  sp_loss: 4.4909 (4.3225)  fam_loss: 3.3711 (3.2710)  manu_loss: 2.4978 (2.4215)  ot_loss: 3.0117 (2.9281)  base_loss: 10.4083 (10.0150)  time: 0.3933  data: 0.1619  max mem: 11382
Epoch: [53] Total time: 0:00:35 (0.4532 s / it)
Averaged stats: lr: 0.000122  sp_loss: 4.4909 (4.3225)  fam_loss: 3.3711 (3.2710)  manu_loss: 2.4978 (2.4215)  ot_loss: 3.0117 (2.9281)  base_loss: 10.4083 (10.0150)
Test:  [  0/391]  eta: 0:37:38  sploss: 6.6255 (6.6255)  famloss: 2.6027 (2.6027)  manuloss: 1.5784 (1.5784)  acc1: 10.9375 (10.9375)  acc5: 21.4844 (21.4844)  family_acc1: 48.4375 (48.4375)  manu_acc1: 63.2812 (63.2812)  time: 5.7771  data: 5.5430  max mem: 11382
Test:  [250/391]  eta: 0:00:59  sploss: 6.5111 (6.6697)  famloss: 2.7849 (2.8228)  manuloss: 1.8294 (1.7848)  acc1: 8.9844 (8.8194)  acc5: 19.9219 (19.3974)  family_acc1: 42.5781 (42.4116)  manu_acc1: 57.0312 (59.9010)  time: 0.3814  data: 0.1551  max mem: 11382
Test:  [390/391]  eta: 0:00:00  sploss: 6.5444 (6.6243)  famloss: 2.5614 (2.7532)  manuloss: 1.3944 (1.7122)  acc1: 8.5938 (8.9780)  acc5: 20.7031 (19.6990)  family_acc1: 46.8750 (43.4750)  manu_acc1: 68.3594 (61.5250)  time: 0.3848  data: 0.1931  max mem: 11382
Test: Total time: 0:02:41 (0.4127 s / it)
* Acc@1 8.978 Acc@5 19.699 family@1 43.475 manu@1 61.525 sploss 6.624 fmloss 2.753 mfloss 1.712
FPA: 5.855% | TICE: 70.520%   
 wAP: 13.584  |  LCA: 220.708   |   Precision and Recall: 24.182%
Accuracy of the network on the 100000 test images: 9.0%
Max accuracy: 8.98%
Do not use KL loss
Epoch: [54]  [ 0/78]  eta: 0:07:56  lr: 0.000119  sp_loss: 2.9606 (2.9606)  fam_loss: 2.3204 (2.3204)  manu_loss: 1.7824 (1.7824)  ot_loss: 2.2578 (2.2578)  base_loss: 7.0634 (7.0634)  time: 6.1083  data: 5.8077  max mem: 11382
Epoch: [54]  [77/78]  eta: 0:00:00  lr: 0.000119  sp_loss: 4.1891 (4.1325)  fam_loss: 3.1453 (3.1603)  manu_loss: 2.3899 (2.3586)  ot_loss: 2.8027 (2.8684)  base_loss: 9.5548 (9.6514)  time: 0.3901  data: 0.1614  max mem: 11382
Epoch: [54] Total time: 0:00:35 (0.4503 s / it)
Averaged stats: lr: 0.000119  sp_loss: 4.1891 (4.1325)  fam_loss: 3.1453 (3.1603)  manu_loss: 2.3899 (2.3586)  ot_loss: 2.8027 (2.8684)  base_loss: 9.5548 (9.6514)
Test:  [  0/391]  eta: 0:39:34  sploss: 6.6878 (6.6878)  famloss: 2.6278 (2.6278)  manuloss: 1.6354 (1.6354)  acc1: 10.1562 (10.1562)  acc5: 21.0938 (21.0938)  family_acc1: 46.0938 (46.0938)  manu_acc1: 61.3281 (61.3281)  time: 6.0717  data: 5.7944  max mem: 11382
Test:  [250/391]  eta: 0:00:59  sploss: 6.5449 (6.7191)  famloss: 2.8627 (2.8890)  manuloss: 1.9094 (1.8263)  acc1: 8.5938 (8.7821)  acc5: 20.7031 (19.1562)  family_acc1: 41.4062 (41.8576)  manu_acc1: 56.2500 (59.2987)  time: 0.4232  data: 0.1955  max mem: 11382
Test:  [390/391]  eta: 0:00:00  sploss: 6.6075 (6.6755)  famloss: 2.6342 (2.8174)  manuloss: 1.4449 (1.7492)  acc1: 8.9844 (8.9010)  acc5: 19.9219 (19.3940)  family_acc1: 46.8750 (43.0290)  manu_acc1: 68.3594 (60.9360)  time: 0.3045  data: 0.1144  max mem: 11382
Test: Total time: 0:02:40 (0.4101 s / it)
* Acc@1 8.901 Acc@5 19.394 family@1 43.029 manu@1 60.936 sploss 6.676 fmloss 2.817 mfloss 1.749
FPA: 5.774% | TICE: 71.041%   
 wAP: 13.459  |  LCA: 221.917   |   Precision and Recall: 23.824%
Accuracy of the network on the 100000 test images: 8.9%
Max accuracy: 8.98%
Do not use KL loss
Epoch: [55]  [ 0/78]  eta: 0:07:41  lr: 0.000115  sp_loss: 4.7488 (4.7488)  fam_loss: 3.5681 (3.5681)  manu_loss: 2.5901 (2.5901)  ot_loss: 3.3301 (3.3301)  base_loss: 10.9070 (10.9070)  time: 5.9227  data: 5.6328  max mem: 11382
Epoch: [55]  [77/78]  eta: 0:00:00  lr: 0.000115  sp_loss: 4.4560 (4.1157)  fam_loss: 3.3572 (3.1305)  manu_loss: 2.5191 (2.3186)  ot_loss: 2.9355 (2.8504)  base_loss: 10.3797 (9.5648)  time: 0.3788  data: 0.1492  max mem: 11382
Epoch: [55] Total time: 0:00:34 (0.4461 s / it)
Averaged stats: lr: 0.000115  sp_loss: 4.4560 (4.1157)  fam_loss: 3.3572 (3.1305)  manu_loss: 2.5191 (2.3186)  ot_loss: 2.9355 (2.8504)  base_loss: 10.3797 (9.5648)
Test:  [  0/391]  eta: 0:37:24  sploss: 6.6322 (6.6322)  famloss: 2.6214 (2.6214)  manuloss: 1.5722 (1.5722)  acc1: 10.1562 (10.1562)  acc5: 19.5312 (19.5312)  family_acc1: 47.2656 (47.2656)  manu_acc1: 62.8906 (62.8906)  time: 5.7397  data: 5.4917  max mem: 11382
Test:  [250/391]  eta: 0:00:58  sploss: 6.5141 (6.6775)  famloss: 2.7975 (2.8242)  manuloss: 1.8645 (1.8003)  acc1: 9.7656 (8.9237)  acc5: 20.3125 (19.4970)  family_acc1: 42.1875 (42.5081)  manu_acc1: 57.8125 (59.9602)  time: 0.3332  data: 0.1046  max mem: 11382
Test:  [390/391]  eta: 0:00:00  sploss: 6.5453 (6.6325)  famloss: 2.5928 (2.7520)  manuloss: 1.3926 (1.7240)  acc1: 9.3750 (9.0890)  acc5: 20.3125 (19.7910)  family_acc1: 47.2656 (43.7370)  manu_acc1: 68.3594 (61.6040)  time: 0.3931  data: 0.2049  max mem: 11382
Test: Total time: 0:02:39 (0.4085 s / it)
* Acc@1 9.089 Acc@5 19.791 family@1 43.737 manu@1 61.604 sploss 6.633 fmloss 2.752 mfloss 1.724
FPA: 5.921% | TICE: 70.385%   
 wAP: 13.709  |  LCA: 220.745   |   Precision and Recall: 24.173%
Accuracy of the network on the 100000 test images: 9.1%
Max accuracy: 9.09%
Do not use KL loss
Epoch: [56]  [ 0/78]  eta: 0:07:18  lr: 0.000111  sp_loss: 4.4742 (4.4742)  fam_loss: 3.3172 (3.3172)  manu_loss: 2.4899 (2.4899)  ot_loss: 3.0137 (3.0137)  base_loss: 10.2814 (10.2814)  time: 5.6180  data: 5.3448  max mem: 11382
Epoch: [56]  [77/78]  eta: 0:00:00  lr: 0.000111  sp_loss: 4.7733 (4.2151)  fam_loss: 3.4712 (3.1909)  manu_loss: 2.5537 (2.3646)  ot_loss: 3.0762 (2.9021)  base_loss: 10.7805 (9.7706)  time: 0.4007  data: 0.1710  max mem: 11382
Epoch: [56] Total time: 0:00:34 (0.4447 s / it)
Averaged stats: lr: 0.000111  sp_loss: 4.7733 (4.2151)  fam_loss: 3.4712 (3.1909)  manu_loss: 2.5537 (2.3646)  ot_loss: 3.0762 (2.9021)  base_loss: 10.7805 (9.7706)
Test:  [  0/391]  eta: 0:40:10  sploss: 6.6945 (6.6945)  famloss: 2.7382 (2.7382)  manuloss: 1.6939 (1.6939)  acc1: 9.3750 (9.3750)  acc5: 20.3125 (20.3125)  family_acc1: 44.9219 (44.9219)  manu_acc1: 64.0625 (64.0625)  time: 6.1652  data: 5.7357  max mem: 11382
Test:  [250/391]  eta: 0:00:58  sploss: 6.5622 (6.7329)  famloss: 2.8624 (2.8891)  manuloss: 1.8790 (1.8397)  acc1: 8.5938 (8.5688)  acc5: 19.5312 (19.0830)  family_acc1: 41.7969 (42.0583)  manu_acc1: 57.0312 (59.8185)  time: 0.3399  data: 0.1207  max mem: 11382
Test:  [390/391]  eta: 0:00:00  sploss: 6.5893 (6.6875)  famloss: 2.6233 (2.8201)  manuloss: 1.4555 (1.7636)  acc1: 9.7656 (8.7640)  acc5: 20.3125 (19.3850)  family_acc1: 47.6562 (43.2450)  manu_acc1: 68.7500 (61.4820)  time: 0.3903  data: 0.2004  max mem: 11382
Test: Total time: 0:02:40 (0.4105 s / it)
* Acc@1 8.764 Acc@5 19.385 family@1 43.245 manu@1 61.482 sploss 6.688 fmloss 2.820 mfloss 1.764
FPA: 5.750% | TICE: 71.073%   
 wAP: 13.372  |  LCA: 222.316   |   Precision and Recall: 23.686%
Accuracy of the network on the 100000 test images: 8.8%
Max accuracy: 9.09%
Do not use KL loss
Epoch: [57]  [ 0/78]  eta: 0:08:14  lr: 0.000108  sp_loss: 3.2394 (3.2394)  fam_loss: 2.6104 (2.6104)  manu_loss: 1.9983 (1.9983)  ot_loss: 2.3672 (2.3672)  base_loss: 7.8481 (7.8481)  time: 6.3377  data: 6.0514  max mem: 11382
Epoch: [57]  [77/78]  eta: 0:00:00  lr: 0.000108  sp_loss: 4.6535 (4.1350)  fam_loss: 3.5120 (3.1807)  manu_loss: 2.5147 (2.3467)  ot_loss: 3.0566 (2.8449)  base_loss: 10.7191 (9.6623)  time: 0.3839  data: 0.1484  max mem: 11382
Epoch: [57] Total time: 0:00:34 (0.4384 s / it)
Averaged stats: lr: 0.000108  sp_loss: 4.6535 (4.1350)  fam_loss: 3.5120 (3.1807)  manu_loss: 2.5147 (2.3467)  ot_loss: 3.0566 (2.8449)  base_loss: 10.7191 (9.6623)
Test:  [  0/391]  eta: 0:40:38  sploss: 6.6623 (6.6623)  famloss: 2.6715 (2.6715)  manuloss: 1.6200 (1.6200)  acc1: 8.5938 (8.5938)  acc5: 23.0469 (23.0469)  family_acc1: 46.8750 (46.8750)  manu_acc1: 63.6719 (63.6719)  time: 6.2358  data: 5.9574  max mem: 11382
Test:  [250/391]  eta: 0:01:00  sploss: 6.5517 (6.7205)  famloss: 2.8887 (2.9012)  manuloss: 1.9132 (1.8385)  acc1: 9.7656 (8.7945)  acc5: 21.0938 (19.0457)  family_acc1: 41.7969 (41.9214)  manu_acc1: 55.8594 (59.5337)  time: 0.3472  data: 0.1330  max mem: 11382
Test:  [390/391]  eta: 0:00:00  sploss: 6.5665 (6.6752)  famloss: 2.6315 (2.8295)  manuloss: 1.4382 (1.7610)  acc1: 8.9844 (8.8950)  acc5: 20.7031 (19.4170)  family_acc1: 46.4844 (43.0780)  manu_acc1: 68.7500 (61.2180)  time: 0.3815  data: 0.1903  max mem: 11382
Test: Total time: 0:02:43 (0.4185 s / it)
* Acc@1 8.895 Acc@5 19.417 family@1 43.078 manu@1 61.218 sploss 6.675 fmloss 2.829 mfloss 1.761
FPA: 5.825% | TICE: 70.953%   
 wAP: 13.465  |  LCA: 222.147   |   Precision and Recall: 23.773%
Accuracy of the network on the 100000 test images: 8.9%
Max accuracy: 9.09%
Do not use KL loss
Epoch: [58]  [ 0/78]  eta: 0:07:38  lr: 0.000104  sp_loss: 2.1401 (2.1401)  fam_loss: 1.8301 (1.8301)  manu_loss: 1.4982 (1.4982)  ot_loss: 2.0547 (2.0547)  base_loss: 5.4684 (5.4684)  time: 5.8805  data: 5.5852  max mem: 11382
Epoch: [58]  [77/78]  eta: 0:00:00  lr: 0.000104  sp_loss: 4.3317 (4.2314)  fam_loss: 3.2830 (3.2132)  manu_loss: 2.3432 (2.3577)  ot_loss: 2.8594 (2.8932)  base_loss: 10.0498 (9.8023)  time: 0.3782  data: 0.1460  max mem: 11382
Epoch: [58] Total time: 0:00:34 (0.4441 s / it)
Averaged stats: lr: 0.000104  sp_loss: 4.3317 (4.2314)  fam_loss: 3.2830 (3.2132)  manu_loss: 2.3432 (2.3577)  ot_loss: 2.8594 (2.8932)  base_loss: 10.0498 (9.8023)
Test:  [  0/391]  eta: 0:39:33  sploss: 6.6966 (6.6966)  famloss: 2.6685 (2.6685)  manuloss: 1.6110 (1.6110)  acc1: 10.1562 (10.1562)  acc5: 23.4375 (23.4375)  family_acc1: 44.1406 (44.1406)  manu_acc1: 64.4531 (64.4531)  time: 6.0703  data: 5.7917  max mem: 11382
Test:  [250/391]  eta: 0:00:59  sploss: 6.5621 (6.7264)  famloss: 2.8549 (2.8664)  manuloss: 1.9079 (1.8243)  acc1: 8.9844 (8.6482)  acc5: 19.1406 (18.9803)  family_acc1: 40.2344 (41.8762)  manu_acc1: 55.8594 (59.7189)  time: 0.3441  data: 0.1353  max mem: 11382
Test:  [390/391]  eta: 0:00:00  sploss: 6.5979 (6.6835)  famloss: 2.5960 (2.7962)  manuloss: 1.4101 (1.7473)  acc1: 8.9844 (8.7550)  acc5: 20.3125 (19.2560)  family_acc1: 47.2656 (43.1360)  manu_acc1: 67.9688 (61.3610)  time: 0.4183  data: 0.2249  max mem: 11382
Test: Total time: 0:02:41 (0.4123 s / it)
* Acc@1 8.755 Acc@5 19.256 family@1 43.136 manu@1 61.361 sploss 6.683 fmloss 2.796 mfloss 1.747
FPA: 5.723% | TICE: 70.937%   
 wAP: 13.351  |  LCA: 222.256   |   Precision and Recall: 23.710%
Accuracy of the network on the 100000 test images: 8.8%
Max accuracy: 9.09%
Do not use KL loss
Epoch: [59]  [ 0/78]  eta: 0:07:39  lr: 0.000100  sp_loss: 5.0756 (5.0756)  fam_loss: 3.7173 (3.7173)  manu_loss: 2.7153 (2.7153)  ot_loss: 3.1719 (3.1719)  base_loss: 11.5082 (11.5082)  time: 5.8917  data: 5.5850  max mem: 11382
Epoch: [59]  [77/78]  eta: 0:00:00  lr: 0.000100  sp_loss: 4.3266 (4.2171)  fam_loss: 3.4346 (3.1905)  manu_loss: 2.4863 (2.3640)  ot_loss: 2.9414 (2.8657)  base_loss: 10.2282 (9.7715)  time: 0.3973  data: 0.1668  max mem: 11382
Epoch: [59] Total time: 0:00:35 (0.4512 s / it)
Averaged stats: lr: 0.000100  sp_loss: 4.3266 (4.2171)  fam_loss: 3.4346 (3.1905)  manu_loss: 2.4863 (2.3640)  ot_loss: 2.9414 (2.8657)  base_loss: 10.2282 (9.7715)
Test:  [  0/391]  eta: 0:37:14  sploss: 6.6994 (6.6994)  famloss: 2.7120 (2.7120)  manuloss: 1.6972 (1.6972)  acc1: 9.3750 (9.3750)  acc5: 21.4844 (21.4844)  family_acc1: 45.7031 (45.7031)  manu_acc1: 63.6719 (63.6719)  time: 5.7157  data: 5.4473  max mem: 11382
Test:  [250/391]  eta: 0:00:59  sploss: 6.5682 (6.7228)  famloss: 2.9102 (2.9127)  manuloss: 1.9602 (1.8716)  acc1: 9.3750 (8.7369)  acc5: 19.5312 (18.9181)  family_acc1: 41.7969 (42.1175)  manu_acc1: 56.6406 (59.4295)  time: 0.3095  data: 0.0964  max mem: 11382
Test:  [390/391]  eta: 0:00:00  sploss: 6.5573 (6.6775)  famloss: 2.6638 (2.8444)  manuloss: 1.4974 (1.7962)  acc1: 8.7500 (8.8260)  acc5: 20.7031 (19.2590)  family_acc1: 47.2656 (43.2320)  manu_acc1: 69.1406 (61.0800)  time: 0.4077  data: 0.2171  max mem: 11382
Test: Total time: 0:02:40 (0.4103 s / it)
* Acc@1 8.826 Acc@5 19.259 family@1 43.232 manu@1 61.080 sploss 6.678 fmloss 2.844 mfloss 1.796
FPA: 5.697% | TICE: 70.802%   
 wAP: 13.416  |  LCA: 221.789   |   Precision and Recall: 23.804%
Accuracy of the network on the 100000 test images: 8.8%
Max accuracy: 9.09%
Do not use KL loss
Epoch: [60]  [ 0/78]  eta: 0:07:34  lr: 0.000097  sp_loss: 4.1454 (4.1454)  fam_loss: 3.0200 (3.0200)  manu_loss: 2.2693 (2.2693)  ot_loss: 2.6816 (2.6816)  base_loss: 9.4348 (9.4348)  time: 5.8246  data: 5.5224  max mem: 11382
Epoch: [60]  [77/78]  eta: 0:00:00  lr: 0.000097  sp_loss: 4.4076 (4.1912)  fam_loss: 3.3125 (3.1847)  manu_loss: 2.4475 (2.3592)  ot_loss: 2.8340 (2.8727)  base_loss: 10.1874 (9.7351)  time: 0.3714  data: 0.1426  max mem: 11382
Epoch: [60] Total time: 0:00:33 (0.4286 s / it)
Averaged stats: lr: 0.000097  sp_loss: 4.4076 (4.1912)  fam_loss: 3.3125 (3.1847)  manu_loss: 2.4475 (2.3592)  ot_loss: 2.8340 (2.8727)  base_loss: 10.1874 (9.7351)
Test:  [  0/391]  eta: 0:39:36  sploss: 6.5919 (6.5919)  famloss: 2.5763 (2.5763)  manuloss: 1.5440 (1.5440)  acc1: 10.1562 (10.1562)  acc5: 22.2656 (22.2656)  family_acc1: 45.7031 (45.7031)  manu_acc1: 61.7188 (61.7188)  time: 6.0790  data: 5.8433  max mem: 11382
Test:  [250/391]  eta: 0:00:58  sploss: 6.5320 (6.6615)  famloss: 2.7789 (2.7974)  manuloss: 1.8680 (1.7882)  acc1: 9.7656 (9.1431)  acc5: 20.3125 (19.6324)  family_acc1: 42.5781 (42.7213)  manu_acc1: 56.2500 (59.8730)  time: 0.3366  data: 0.1099  max mem: 11382
Test:  [390/391]  eta: 0:00:00  sploss: 6.4898 (6.6135)  famloss: 2.5411 (2.7249)  manuloss: 1.3722 (1.7098)  acc1: 9.3750 (9.1970)  acc5: 21.0938 (20.0270)  family_acc1: 48.0469 (43.8550)  manu_acc1: 69.1406 (61.5170)  time: 0.4270  data: 0.2269  max mem: 11382
Test: Total time: 0:02:39 (0.4070 s / it)
* Acc@1 9.197 Acc@5 20.027 family@1 43.855 manu@1 61.517 sploss 6.614 fmloss 2.725 mfloss 1.710
FPA: 6.118% | TICE: 70.076%   
 wAP: 13.813  |  LCA: 220.045   |   Precision and Recall: 24.428%
Accuracy of the network on the 100000 test images: 9.2%
Max accuracy: 9.20%
Do not use KL loss
Epoch: [61]  [ 0/78]  eta: 0:07:43  lr: 0.000093  sp_loss: 2.6681 (2.6681)  fam_loss: 2.1656 (2.1656)  manu_loss: 1.6902 (1.6902)  ot_loss: 2.1426 (2.1426)  base_loss: 6.5239 (6.5239)  time: 5.9476  data: 5.6624  max mem: 11382
Epoch: [61]  [77/78]  eta: 0:00:00  lr: 0.000093  sp_loss: 4.2091 (4.0561)  fam_loss: 3.1132 (3.0892)  manu_loss: 2.2404 (2.2805)  ot_loss: 2.8281 (2.7842)  base_loss: 9.6917 (9.4258)  time: 0.3989  data: 0.1626  max mem: 11382
Epoch: [61] Total time: 0:00:34 (0.4465 s / it)
Averaged stats: lr: 0.000093  sp_loss: 4.2091 (4.0561)  fam_loss: 3.1132 (3.0892)  manu_loss: 2.2404 (2.2805)  ot_loss: 2.8281 (2.7842)  base_loss: 9.6917 (9.4258)
Test:  [  0/391]  eta: 0:37:26  sploss: 6.6694 (6.6694)  famloss: 2.6647 (2.6647)  manuloss: 1.6691 (1.6691)  acc1: 10.1562 (10.1562)  acc5: 21.0938 (21.0938)  family_acc1: 45.3125 (45.3125)  manu_acc1: 63.2812 (63.2812)  time: 5.7468  data: 5.4529  max mem: 11382
Test:  [250/391]  eta: 0:00:58  sploss: 6.5234 (6.6909)  famloss: 2.8341 (2.8405)  manuloss: 1.9046 (1.8184)  acc1: 9.3750 (8.9906)  acc5: 21.4844 (19.5562)  family_acc1: 42.5781 (42.6824)  manu_acc1: 57.4219 (60.1874)  time: 0.3864  data: 0.1555  max mem: 11382
Test:  [390/391]  eta: 0:00:00  sploss: 6.5324 (6.6444)  famloss: 2.6008 (2.7706)  manuloss: 1.4168 (1.7430)  acc1: 8.9844 (9.1340)  acc5: 20.7031 (19.8640)  family_acc1: 46.8750 (43.7780)  manu_acc1: 69.1406 (61.7860)  time: 0.3706  data: 0.1791  max mem: 11382
Test: Total time: 0:02:39 (0.4091 s / it)
* Acc@1 9.134 Acc@5 19.864 family@1 43.778 manu@1 61.786 sploss 6.644 fmloss 2.771 mfloss 1.743
FPA: 5.991% | TICE: 70.240%   
 wAP: 13.757  |  LCA: 220.382   |   Precision and Recall: 24.290%
Accuracy of the network on the 100000 test images: 9.1%
Max accuracy: 9.20%
Do not use KL loss
Epoch: [62]  [ 0/78]  eta: 0:07:15  lr: 0.000089  sp_loss: 5.2128 (5.2128)  fam_loss: 3.8118 (3.8118)  manu_loss: 2.8906 (2.8906)  ot_loss: 3.3145 (3.3145)  base_loss: 11.9152 (11.9152)  time: 5.5849  data: 5.3055  max mem: 11382
Epoch: [62]  [77/78]  eta: 0:00:00  lr: 0.000089  sp_loss: 3.7894 (3.8383)  fam_loss: 2.8386 (2.9453)  manu_loss: 2.1026 (2.1889)  ot_loss: 2.4648 (2.6838)  base_loss: 8.7306 (8.9725)  time: 0.3795  data: 0.1495  max mem: 11382
Epoch: [62] Total time: 0:00:33 (0.4296 s / it)
Averaged stats: lr: 0.000089  sp_loss: 3.7894 (3.8383)  fam_loss: 2.8386 (2.9453)  manu_loss: 2.1026 (2.1889)  ot_loss: 2.4648 (2.6838)  base_loss: 8.7306 (8.9725)
Test:  [  0/391]  eta: 0:36:25  sploss: 6.6765 (6.6765)  famloss: 2.7002 (2.7002)  manuloss: 1.6444 (1.6444)  acc1: 8.5938 (8.5938)  acc5: 22.2656 (22.2656)  family_acc1: 44.9219 (44.9219)  manu_acc1: 64.0625 (64.0625)  time: 5.5899  data: 5.3598  max mem: 11382
Test:  [250/391]  eta: 0:00:57  sploss: 6.5998 (6.7423)  famloss: 2.9105 (2.9124)  manuloss: 1.9471 (1.8458)  acc1: 9.7656 (8.6996)  acc5: 19.9219 (19.0550)  family_acc1: 40.6250 (42.2217)  manu_acc1: 57.0312 (59.8777)  time: 0.3113  data: 0.0986  max mem: 11382
Test:  [390/391]  eta: 0:00:00  sploss: 6.6048 (6.7001)  famloss: 2.6648 (2.8420)  manuloss: 1.4415 (1.7706)  acc1: 8.5938 (8.8350)  acc5: 20.3125 (19.3620)  family_acc1: 46.8750 (43.3130)  manu_acc1: 70.3125 (61.5460)  time: 0.3881  data: 0.1964  max mem: 11382
Test: Total time: 0:02:36 (0.3997 s / it)
* Acc@1 8.835 Acc@5 19.362 family@1 43.313 manu@1 61.546 sploss 6.700 fmloss 2.842 mfloss 1.771
FPA: 5.770% | TICE: 70.948%   
 wAP: 13.443  |  LCA: 222.428   |   Precision and Recall: 23.672%
Accuracy of the network on the 100000 test images: 8.8%
Max accuracy: 9.20%
Do not use KL loss
Epoch: [63]  [ 0/78]  eta: 0:08:22  lr: 0.000086  sp_loss: 5.3657 (5.3657)  fam_loss: 4.0431 (4.0431)  manu_loss: 2.9060 (2.9060)  ot_loss: 3.4043 (3.4043)  base_loss: 12.3148 (12.3148)  time: 6.4369  data: 6.1620  max mem: 11382
Epoch: [63]  [77/78]  eta: 0:00:00  lr: 0.000086  sp_loss: 4.5862 (4.1786)  fam_loss: 3.4000 (3.1869)  manu_loss: 2.4632 (2.3539)  ot_loss: 3.0879 (2.8416)  base_loss: 10.4640 (9.7193)  time: 0.3770  data: 0.1481  max mem: 11382
Epoch: [63] Total time: 0:00:34 (0.4465 s / it)
Averaged stats: lr: 0.000086  sp_loss: 4.5862 (4.1786)  fam_loss: 3.4000 (3.1869)  manu_loss: 2.4632 (2.3539)  ot_loss: 3.0879 (2.8416)  base_loss: 10.4640 (9.7193)
Test:  [  0/391]  eta: 0:40:15  sploss: 6.6557 (6.6557)  famloss: 2.6922 (2.6922)  manuloss: 1.6197 (1.6197)  acc1: 8.5938 (8.5938)  acc5: 23.4375 (23.4375)  family_acc1: 44.1406 (44.1406)  manu_acc1: 61.7188 (61.7188)  time: 6.1767  data: 5.9239  max mem: 11382
Test:  [250/391]  eta: 0:00:59  sploss: 6.5561 (6.7227)  famloss: 2.8753 (2.8836)  manuloss: 1.9131 (1.8333)  acc1: 8.9844 (8.8926)  acc5: 20.3125 (19.2745)  family_acc1: 41.4062 (42.2855)  manu_acc1: 57.4219 (59.9010)  time: 0.4337  data: 0.1867  max mem: 11382
Test:  [390/391]  eta: 0:00:00  sploss: 6.5697 (6.6767)  famloss: 2.6128 (2.8120)  manuloss: 1.4420 (1.7560)  acc1: 8.9844 (9.0310)  acc5: 21.0938 (19.6010)  family_acc1: 47.2656 (43.4380)  manu_acc1: 69.3750 (61.5310)  time: 0.3876  data: 0.1963  max mem: 11382
Test: Total time: 0:02:41 (0.4132 s / it)
* Acc@1 9.031 Acc@5 19.601 family@1 43.438 manu@1 61.531 sploss 6.677 fmloss 2.812 mfloss 1.756
FPA: 5.952% | TICE: 70.402%   
 wAP: 13.627  |  LCA: 221.313   |   Precision and Recall: 23.961%
Accuracy of the network on the 100000 test images: 9.0%
Max accuracy: 9.20%
Do not use KL loss
Epoch: [64]  [ 0/78]  eta: 0:07:41  lr: 0.000082  sp_loss: 3.9256 (3.9256)  fam_loss: 3.0704 (3.0704)  manu_loss: 2.3146 (2.3146)  ot_loss: 2.6602 (2.6602)  base_loss: 9.3106 (9.3106)  time: 5.9127  data: 5.6173  max mem: 11382
Epoch: [64]  [77/78]  eta: 0:00:00  lr: 0.000082  sp_loss: 4.2885 (4.0116)  fam_loss: 3.0368 (3.0718)  manu_loss: 2.3193 (2.2832)  ot_loss: 2.7910 (2.7612)  base_loss: 9.6358 (9.3666)  time: 0.3880  data: 0.1579  max mem: 11382
Epoch: [64] Total time: 0:00:34 (0.4471 s / it)
Averaged stats: lr: 0.000082  sp_loss: 4.2885 (4.0116)  fam_loss: 3.0368 (3.0718)  manu_loss: 2.3193 (2.2832)  ot_loss: 2.7910 (2.7612)  base_loss: 9.6358 (9.3666)
Test:  [  0/391]  eta: 0:37:15  sploss: 6.6842 (6.6842)  famloss: 2.7647 (2.7647)  manuloss: 1.7070 (1.7070)  acc1: 10.1562 (10.1562)  acc5: 21.0938 (21.0938)  family_acc1: 42.5781 (42.5781)  manu_acc1: 62.1094 (62.1094)  time: 5.7175  data: 5.4504  max mem: 11382
Test:  [250/391]  eta: 0:00:58  sploss: 6.5894 (6.7354)  famloss: 2.8680 (2.8803)  manuloss: 1.9104 (1.8382)  acc1: 9.7656 (8.8334)  acc5: 19.9219 (19.1095)  family_acc1: 41.4062 (42.3478)  manu_acc1: 56.2500 (59.8170)  time: 0.3210  data: 0.1048  max mem: 11382
Test:  [390/391]  eta: 0:00:00  sploss: 6.6187 (6.6925)  famloss: 2.6254 (2.8092)  manuloss: 1.4370 (1.7627)  acc1: 9.3750 (8.9500)  acc5: 20.3125 (19.4300)  family_acc1: 47.2656 (43.4260)  manu_acc1: 68.7500 (61.4590)  time: 0.3902  data: 0.1984  max mem: 11382
Test: Total time: 0:02:38 (0.4043 s / it)
* Acc@1 8.950 Acc@5 19.430 family@1 43.426 manu@1 61.459 sploss 6.693 fmloss 2.809 mfloss 1.763
FPA: 5.926% | TICE: 70.665%   
 wAP: 13.553  |  LCA: 221.899   |   Precision and Recall: 23.817%
Accuracy of the network on the 100000 test images: 8.9%
Max accuracy: 9.20%
Do not use KL loss
Epoch: [65]  [ 0/78]  eta: 0:08:16  lr: 0.000079  sp_loss: 2.4536 (2.4536)  fam_loss: 2.1282 (2.1282)  manu_loss: 1.6130 (1.6130)  ot_loss: 2.1172 (2.1172)  base_loss: 6.1947 (6.1947)  time: 6.3681  data: 6.1065  max mem: 11382
Epoch: [65]  [77/78]  eta: 0:00:00  lr: 0.000079  sp_loss: 4.3882 (3.9711)  fam_loss: 3.3663 (3.0397)  manu_loss: 2.4582 (2.2569)  ot_loss: 2.9766 (2.7315)  base_loss: 10.2494 (9.2677)  time: 0.3862  data: 0.1591  max mem: 11382
Epoch: [65] Total time: 0:00:34 (0.4429 s / it)
Averaged stats: lr: 0.000079  sp_loss: 4.3882 (3.9711)  fam_loss: 3.3663 (3.0397)  manu_loss: 2.4582 (2.2569)  ot_loss: 2.9766 (2.7315)  base_loss: 10.2494 (9.2677)
Test:  [  0/391]  eta: 0:43:54  sploss: 6.7234 (6.7234)  famloss: 2.7763 (2.7763)  manuloss: 1.6745 (1.6745)  acc1: 8.5938 (8.5938)  acc5: 20.3125 (20.3125)  family_acc1: 44.5312 (44.5312)  manu_acc1: 62.5000 (62.5000)  time: 6.7368  data: 6.5130  max mem: 11382
Test:  [250/391]  eta: 0:01:09  sploss: 6.5975 (6.7497)  famloss: 2.9274 (2.9284)  manuloss: 1.9315 (1.8713)  acc1: 8.9844 (8.6996)  acc5: 20.7031 (19.0286)  family_acc1: 41.4062 (42.2980)  manu_acc1: 56.6406 (59.6411)  time: 0.3525  data: 0.1526  max mem: 11382
Test:  [390/391]  eta: 0:00:00  sploss: 6.6108 (6.7076)  famloss: 2.6490 (2.8581)  manuloss: 1.4678 (1.7942)  acc1: 8.9844 (8.8360)  acc5: 20.7031 (19.2990)  family_acc1: 46.0938 (43.3950)  manu_acc1: 67.5781 (61.2990)  time: 0.4187  data: 0.2317  max mem: 11382
Test: Total time: 0:03:07 (0.4792 s / it)
* Acc@1 8.836 Acc@5 19.299 family@1 43.395 manu@1 61.299 sploss 6.708 fmloss 2.858 mfloss 1.794
FPA: 5.782% | TICE: 70.967%   
 wAP: 13.446  |  LCA: 222.161   |   Precision and Recall: 23.738%
Accuracy of the network on the 100000 test images: 8.8%
Max accuracy: 9.20%
Do not use KL loss
Epoch: [66]  [ 0/78]  eta: 0:07:43  lr: 0.000076  sp_loss: 4.7060 (4.7060)  fam_loss: 3.4992 (3.4992)  manu_loss: 2.5741 (2.5741)  ot_loss: 3.0547 (3.0547)  base_loss: 10.7793 (10.7793)  time: 5.9380  data: 5.6606  max mem: 11382
Epoch: [66]  [77/78]  eta: 0:00:00  lr: 0.000076  sp_loss: 4.4534 (4.1066)  fam_loss: 3.3282 (3.1231)  manu_loss: 2.4261 (2.3027)  ot_loss: 2.8965 (2.8117)  base_loss: 10.1170 (9.5324)  time: 0.3808  data: 0.1533  max mem: 11382
Epoch: [66] Total time: 0:00:33 (0.4268 s / it)
Averaged stats: lr: 0.000076  sp_loss: 4.4534 (4.1066)  fam_loss: 3.3282 (3.1231)  manu_loss: 2.4261 (2.3027)  ot_loss: 2.8965 (2.8117)  base_loss: 10.1170 (9.5324)
Test:  [  0/391]  eta: 0:41:28  sploss: 6.6757 (6.6757)  famloss: 2.7613 (2.7613)  manuloss: 1.6607 (1.6607)  acc1: 8.2031 (8.2031)  acc5: 20.3125 (20.3125)  family_acc1: 46.0938 (46.0938)  manu_acc1: 64.0625 (64.0625)  time: 6.3642  data: 6.0816  max mem: 11382
Test:  [250/391]  eta: 0:00:57  sploss: 6.6116 (6.7445)  famloss: 2.8895 (2.9154)  manuloss: 1.9246 (1.8528)  acc1: 8.9844 (8.7852)  acc5: 20.3125 (19.0846)  family_acc1: 42.5781 (42.4567)  manu_acc1: 57.4219 (59.9711)  time: 0.3086  data: 0.1036  max mem: 11382
Test:  [390/391]  eta: 0:00:00  sploss: 6.6083 (6.7038)  famloss: 2.6417 (2.8467)  manuloss: 1.4688 (1.7780)  acc1: 9.3750 (8.9220)  acc5: 20.3125 (19.3260)  family_acc1: 47.6562 (43.5540)  manu_acc1: 68.7500 (61.5210)  time: 0.3996  data: 0.2094  max mem: 11382
Test: Total time: 0:02:35 (0.3989 s / it)
* Acc@1 8.922 Acc@5 19.326 family@1 43.554 manu@1 61.521 sploss 6.704 fmloss 2.847 mfloss 1.778
FPA: 5.914% | TICE: 70.866%   
 wAP: 13.542  |  LCA: 222.189   |   Precision and Recall: 23.739%
Accuracy of the network on the 100000 test images: 8.9%
Max accuracy: 9.20%
Do not use KL loss
Epoch: [67]  [ 0/78]  eta: 0:07:26  lr: 0.000072  sp_loss: 2.3379 (2.3379)  fam_loss: 1.9434 (1.9434)  manu_loss: 1.4913 (1.4913)  ot_loss: 1.9336 (1.9336)  base_loss: 5.7725 (5.7725)  time: 5.7291  data: 5.4438  max mem: 11382
Epoch: [67]  [77/78]  eta: 0:00:00  lr: 0.000072  sp_loss: 4.4781 (4.1414)  fam_loss: 3.3148 (3.1506)  manu_loss: 2.4906 (2.3381)  ot_loss: 2.9121 (2.8271)  base_loss: 10.3251 (9.6301)  time: 0.3991  data: 0.1689  max mem: 11382
Epoch: [67] Total time: 0:00:33 (0.4327 s / it)
Averaged stats: lr: 0.000072  sp_loss: 4.4781 (4.1414)  fam_loss: 3.3148 (3.1506)  manu_loss: 2.4906 (2.3381)  ot_loss: 2.9121 (2.8271)  base_loss: 10.3251 (9.6301)
Test:  [  0/391]  eta: 0:39:28  sploss: 6.7122 (6.7122)  famloss: 2.7280 (2.7280)  manuloss: 1.6606 (1.6606)  acc1: 9.7656 (9.7656)  acc5: 21.8750 (21.8750)  family_acc1: 44.9219 (44.9219)  manu_acc1: 60.5469 (60.5469)  time: 6.0573  data: 5.7857  max mem: 11382
Test:  [250/391]  eta: 0:00:56  sploss: 6.5734 (6.7150)  famloss: 2.8837 (2.8953)  manuloss: 1.9046 (1.8424)  acc1: 9.3750 (8.9813)  acc5: 20.7031 (19.3912)  family_acc1: 41.4062 (42.7618)  manu_acc1: 57.8125 (60.2263)  time: 0.3088  data: 0.1045  max mem: 11382
Test:  [390/391]  eta: 0:00:00  sploss: 6.5777 (6.6746)  famloss: 2.6278 (2.8252)  manuloss: 1.4508 (1.7648)  acc1: 8.9844 (9.0410)  acc5: 21.0938 (19.6780)  family_acc1: 46.8750 (43.8570)  manu_acc1: 68.7500 (61.9250)  time: 0.3957  data: 0.2048  max mem: 11382
Test: Total time: 0:02:34 (0.3950 s / it)
* Acc@1 9.041 Acc@5 19.678 family@1 43.857 manu@1 61.925 sploss 6.675 fmloss 2.825 mfloss 1.765
FPA: 6.005% | TICE: 70.457%   
 wAP: 13.686  |  LCA: 221.166   |   Precision and Recall: 24.079%
Accuracy of the network on the 100000 test images: 9.0%
Max accuracy: 9.20%
Do not use KL loss
Epoch: [68]  [ 0/78]  eta: 0:07:12  lr: 0.000069  sp_loss: 3.7043 (3.7043)  fam_loss: 2.8617 (2.8617)  manu_loss: 2.1521 (2.1521)  ot_loss: 2.4453 (2.4453)  base_loss: 8.7181 (8.7181)  time: 5.5508  data: 5.2710  max mem: 11382
Epoch: [68]  [77/78]  eta: 0:00:00  lr: 0.000069  sp_loss: 3.8667 (3.8640)  fam_loss: 2.8524 (2.9539)  manu_loss: 2.1046 (2.1897)  ot_loss: 2.4570 (2.6770)  base_loss: 8.8490 (9.0075)  time: 0.4176  data: 0.1903  max mem: 11382
Epoch: [68] Total time: 0:00:40 (0.5139 s / it)
Averaged stats: lr: 0.000069  sp_loss: 3.8667 (3.8640)  fam_loss: 2.8524 (2.9539)  manu_loss: 2.1046 (2.1897)  ot_loss: 2.4570 (2.6770)  base_loss: 8.8490 (9.0075)
Test:  [  0/391]  eta: 0:36:46  sploss: 6.6576 (6.6576)  famloss: 2.7279 (2.7279)  manuloss: 1.6786 (1.6786)  acc1: 9.3750 (9.3750)  acc5: 22.6562 (22.6562)  family_acc1: 44.9219 (44.9219)  manu_acc1: 62.8906 (62.8906)  time: 5.6424  data: 5.3698  max mem: 11382
Test:  [250/391]  eta: 0:01:04  sploss: 6.5536 (6.6984)  famloss: 2.8628 (2.8754)  manuloss: 1.9136 (1.8413)  acc1: 9.7656 (9.1291)  acc5: 20.7031 (19.7336)  family_acc1: 41.7969 (42.5968)  manu_acc1: 56.6406 (59.9462)  time: 0.3355  data: 0.1052  max mem: 11382
Test:  [390/391]  eta: 0:00:00  sploss: 6.5407 (6.6549)  famloss: 2.6191 (2.8048)  manuloss: 1.4605 (1.7642)  acc1: 9.3750 (9.2550)  acc5: 20.3125 (20.0160)  family_acc1: 47.6562 (43.7450)  manu_acc1: 68.7500 (61.6030)  time: 0.3786  data: 0.1846  max mem: 11382
Test: Total time: 0:02:52 (0.4415 s / it)
* Acc@1 9.255 Acc@5 20.016 family@1 43.745 manu@1 61.603 sploss 6.655 fmloss 2.805 mfloss 1.764
FPA: 6.151% | TICE: 70.292%   
 wAP: 13.855  |  LCA: 220.425   |   Precision and Recall: 24.312%
Accuracy of the network on the 100000 test images: 9.3%
Max accuracy: 9.26%
Do not use KL loss
Epoch: [69]  [ 0/78]  eta: 0:08:30  lr: 0.000066  sp_loss: 3.0297 (3.0297)  fam_loss: 2.3363 (2.3363)  manu_loss: 1.6992 (1.6992)  ot_loss: 2.1348 (2.1348)  base_loss: 7.0652 (7.0652)  time: 6.5415  data: 6.2414  max mem: 11382
Epoch: [69]  [77/78]  eta: 0:00:00  lr: 0.000066  sp_loss: 4.5221 (3.9821)  fam_loss: 3.3677 (3.0416)  manu_loss: 2.4101 (2.2393)  ot_loss: 3.0332 (2.7550)  base_loss: 10.3917 (9.2631)  time: 0.4142  data: 0.1848  max mem: 11382
Epoch: [69] Total time: 0:00:39 (0.5119 s / it)
Averaged stats: lr: 0.000066  sp_loss: 4.5221 (3.9821)  fam_loss: 3.3677 (3.0416)  manu_loss: 2.4101 (2.2393)  ot_loss: 3.0332 (2.7550)  base_loss: 10.3917 (9.2631)
Test:  [  0/391]  eta: 0:35:53  sploss: 6.7254 (6.7254)  famloss: 2.7904 (2.7904)  manuloss: 1.6788 (1.6788)  acc1: 9.3750 (9.3750)  acc5: 22.2656 (22.2656)  family_acc1: 46.4844 (46.4844)  manu_acc1: 62.5000 (62.5000)  time: 5.5077  data: 5.2650  max mem: 11382
Test:  [250/391]  eta: 0:00:57  sploss: 6.6227 (6.7428)  famloss: 2.9301 (2.9345)  manuloss: 1.9400 (1.8682)  acc1: 9.3750 (8.9175)  acc5: 19.9219 (19.0862)  family_acc1: 41.7969 (42.3696)  manu_acc1: 57.8125 (60.1718)  time: 0.3335  data: 0.1114  max mem: 11382
Test:  [390/391]  eta: 0:00:00  sploss: 6.5759 (6.7012)  famloss: 2.7045 (2.8662)  manuloss: 1.4916 (1.7940)  acc1: 8.7500 (9.0640)  acc5: 20.7031 (19.4140)  family_acc1: 47.2656 (43.5040)  manu_acc1: 68.7500 (61.8060)  time: 0.4051  data: 0.2103  max mem: 11382
Test: Total time: 0:02:41 (0.4120 s / it)
* Acc@1 9.064 Acc@5 19.414 family@1 43.504 manu@1 61.806 sploss 6.701 fmloss 2.866 mfloss 1.794
FPA: 5.988% | TICE: 70.849%   
 wAP: 13.669  |  LCA: 221.681   |   Precision and Recall: 23.913%
Accuracy of the network on the 100000 test images: 9.1%
Max accuracy: 9.26%
Do not use KL loss
Epoch: [70]  [ 0/78]  eta: 0:07:35  lr: 0.000063  sp_loss: 4.7566 (4.7566)  fam_loss: 3.4025 (3.4025)  manu_loss: 2.5727 (2.5727)  ot_loss: 3.0293 (3.0293)  base_loss: 10.7317 (10.7317)  time: 5.8373  data: 5.5565  max mem: 11382
Epoch: [70]  [77/78]  eta: 0:00:00  lr: 0.000063  sp_loss: 4.1988 (3.9456)  fam_loss: 3.1330 (3.0146)  manu_loss: 2.3476 (2.2132)  ot_loss: 2.6582 (2.7390)  base_loss: 9.6775 (9.1734)  time: 0.3963  data: 0.1657  max mem: 11382
Epoch: [70] Total time: 0:00:33 (0.4316 s / it)
Averaged stats: lr: 0.000063  sp_loss: 4.1988 (3.9456)  fam_loss: 3.1330 (3.0146)  manu_loss: 2.3476 (2.2132)  ot_loss: 2.6582 (2.7390)  base_loss: 9.6775 (9.1734)
Test:  [  0/391]  eta: 0:48:00  sploss: 6.6962 (6.6962)  famloss: 2.7062 (2.7062)  manuloss: 1.6465 (1.6465)  acc1: 9.7656 (9.7656)  acc5: 21.4844 (21.4844)  family_acc1: 46.4844 (46.4844)  manu_acc1: 62.8906 (62.8906)  time: 7.3668  data: 7.1042  max mem: 11382
Test:  [250/391]  eta: 0:01:07  sploss: 6.5959 (6.7261)  famloss: 2.8947 (2.8991)  manuloss: 1.9243 (1.8616)  acc1: 8.9844 (8.8894)  acc5: 19.9219 (19.3725)  family_acc1: 42.1875 (42.7742)  manu_acc1: 56.2500 (59.9726)  time: 0.3638  data: 0.1415  max mem: 11382
Test:  [390/391]  eta: 0:00:00  sploss: 6.5788 (6.6824)  famloss: 2.6332 (2.8274)  manuloss: 1.4559 (1.7812)  acc1: 8.5938 (9.0440)  acc5: 20.7031 (19.7430)  family_acc1: 46.8750 (43.8880)  manu_acc1: 69.1406 (61.7140)  time: 0.4120  data: 0.2197  max mem: 11382
Test: Total time: 0:03:03 (0.4705 s / it)
* Acc@1 9.044 Acc@5 19.743 family@1 43.888 manu@1 61.714 sploss 6.682 fmloss 2.827 mfloss 1.781
FPA: 6.012% | TICE: 70.465%   
 wAP: 13.686  |  LCA: 221.509   |   Precision and Recall: 23.935%
Accuracy of the network on the 100000 test images: 9.0%
Max accuracy: 9.26%
Do not use KL loss
Epoch: [71]  [ 0/78]  eta: 0:07:18  lr: 0.000059  sp_loss: 3.6145 (3.6145)  fam_loss: 2.9266 (2.9266)  manu_loss: 2.1990 (2.1990)  ot_loss: 2.4492 (2.4492)  base_loss: 8.7401 (8.7401)  time: 5.6163  data: 5.3358  max mem: 11382
Epoch: [71]  [77/78]  eta: 0:00:00  lr: 0.000059  sp_loss: 4.2214 (3.8416)  fam_loss: 3.1098 (2.9595)  manu_loss: 2.2111 (2.1889)  ot_loss: 2.8926 (2.6762)  base_loss: 9.5328 (8.9900)  time: 0.4308  data: 0.2033  max mem: 11382
Epoch: [71] Total time: 0:00:39 (0.5120 s / it)
Averaged stats: lr: 0.000059  sp_loss: 4.2214 (3.8416)  fam_loss: 3.1098 (2.9595)  manu_loss: 2.2111 (2.1889)  ot_loss: 2.8926 (2.6762)  base_loss: 9.5328 (8.9900)
Test:  [  0/391]  eta: 0:41:05  sploss: 6.7283 (6.7283)  famloss: 2.7607 (2.7607)  manuloss: 1.7095 (1.7095)  acc1: 9.3750 (9.3750)  acc5: 21.0938 (21.0938)  family_acc1: 45.3125 (45.3125)  manu_acc1: 63.2812 (63.2812)  time: 6.3066  data: 6.0082  max mem: 11382
Test:  [250/391]  eta: 0:01:04  sploss: 6.6362 (6.7340)  famloss: 2.9097 (2.9152)  manuloss: 1.9182 (1.8626)  acc1: 9.3750 (8.9424)  acc5: 19.9219 (19.1795)  family_acc1: 42.1875 (42.6886)  manu_acc1: 57.4219 (60.2232)  time: 0.3308  data: 0.1292  max mem: 11382
Test:  [390/391]  eta: 0:00:00  sploss: 6.5796 (6.6924)  famloss: 2.6898 (2.8426)  manuloss: 1.4740 (1.7841)  acc1: 9.3750 (9.0720)  acc5: 20.7031 (19.4450)  family_acc1: 46.8750 (43.8280)  manu_acc1: 68.7500 (61.9010)  time: 0.3970  data: 0.2043  max mem: 11382
Test: Total time: 0:02:55 (0.4480 s / it)
* Acc@1 9.072 Acc@5 19.445 family@1 43.828 manu@1 61.901 sploss 6.692 fmloss 2.843 mfloss 1.784
FPA: 5.982% | TICE: 70.779%   
 wAP: 13.710  |  LCA: 221.238   |   Precision and Recall: 24.027%
Accuracy of the network on the 100000 test images: 9.1%
Max accuracy: 9.26%
Do not use KL loss
Epoch: [72]  [ 0/78]  eta: 0:07:52  lr: 0.000056  sp_loss: 2.6273 (2.6273)  fam_loss: 2.1437 (2.1437)  manu_loss: 1.6561 (1.6561)  ot_loss: 2.0879 (2.0879)  base_loss: 6.4271 (6.4271)  time: 6.0570  data: 5.7722  max mem: 11382
Epoch: [72]  [77/78]  eta: 0:00:00  lr: 0.000056  sp_loss: 4.1123 (4.0102)  fam_loss: 3.2542 (3.0573)  manu_loss: 2.3360 (2.2466)  ot_loss: 2.8438 (2.7398)  base_loss: 9.6867 (9.3142)  time: 0.3853  data: 0.1539  max mem: 11382
Epoch: [72] Total time: 0:00:34 (0.4372 s / it)
Averaged stats: lr: 0.000056  sp_loss: 4.1123 (4.0102)  fam_loss: 3.2542 (3.0573)  manu_loss: 2.3360 (2.2466)  ot_loss: 2.8438 (2.7398)  base_loss: 9.6867 (9.3142)
Test:  [  0/391]  eta: 0:38:20  sploss: 6.7038 (6.7038)  famloss: 2.7807 (2.7807)  manuloss: 1.6788 (1.6788)  acc1: 9.7656 (9.7656)  acc5: 22.2656 (22.2656)  family_acc1: 47.2656 (47.2656)  manu_acc1: 62.5000 (62.5000)  time: 5.8843  data: 5.6570  max mem: 11382
Test:  [250/391]  eta: 0:00:58  sploss: 6.6202 (6.7363)  famloss: 2.9185 (2.9306)  manuloss: 1.9102 (1.8715)  acc1: 9.3750 (9.0124)  acc5: 20.7031 (19.3803)  family_acc1: 42.1875 (42.5532)  manu_acc1: 57.0312 (59.9508)  time: 0.3169  data: 0.1154  max mem: 11382
Test:  [390/391]  eta: 0:00:00  sploss: 6.5986 (6.6950)  famloss: 2.6768 (2.8587)  manuloss: 1.4933 (1.7938)  acc1: 8.9844 (9.1210)  acc5: 21.0938 (19.6640)  family_acc1: 46.4844 (43.7380)  manu_acc1: 68.7500 (61.6680)  time: 0.3944  data: 0.2030  max mem: 11382
Test: Total time: 0:02:38 (0.4062 s / it)
* Acc@1 9.121 Acc@5 19.664 family@1 43.738 manu@1 61.668 sploss 6.695 fmloss 2.859 mfloss 1.794
FPA: 6.040% | TICE: 70.556%   
 wAP: 13.738  |  LCA: 221.002   |   Precision and Recall: 24.086%
Accuracy of the network on the 100000 test images: 9.1%
Max accuracy: 9.26%
Do not use KL loss
Epoch: [73]  [ 0/78]  eta: 0:07:57  lr: 0.000054  sp_loss: 1.9936 (1.9936)  fam_loss: 1.7399 (1.7399)  manu_loss: 1.2816 (1.2816)  ot_loss: 1.9258 (1.9258)  base_loss: 5.0151 (5.0151)  time: 6.1186  data: 5.8352  max mem: 11382
Epoch: [73]  [77/78]  eta: 0:00:00  lr: 0.000054  sp_loss: 4.2708 (3.8592)  fam_loss: 3.0900 (2.9468)  manu_loss: 2.3047 (2.1933)  ot_loss: 2.6699 (2.6487)  base_loss: 9.6695 (8.9993)  time: 0.3921  data: 0.1634  max mem: 11382
Epoch: [73] Total time: 0:00:34 (0.4372 s / it)
Averaged stats: lr: 0.000054  sp_loss: 4.2708 (3.8592)  fam_loss: 3.0900 (2.9468)  manu_loss: 2.3047 (2.1933)  ot_loss: 2.6699 (2.6487)  base_loss: 9.6695 (8.9993)
Test:  [  0/391]  eta: 0:45:21  sploss: 6.7218 (6.7218)  famloss: 2.7682 (2.7682)  manuloss: 1.7176 (1.7176)  acc1: 10.1562 (10.1562)  acc5: 23.0469 (23.0469)  family_acc1: 46.8750 (46.8750)  manu_acc1: 62.1094 (62.1094)  time: 6.9594  data: 6.7243  max mem: 11382
Test:  [250/391]  eta: 0:01:09  sploss: 6.6652 (6.7483)  famloss: 2.9353 (2.9225)  manuloss: 1.9354 (1.8697)  acc1: 10.1562 (8.9641)  acc5: 20.3125 (19.3414)  family_acc1: 41.7969 (42.8053)  manu_acc1: 57.4219 (60.2061)  time: 0.3789  data: 0.1721  max mem: 11382
Test:  [390/391]  eta: 0:00:00  sploss: 6.6170 (6.7065)  famloss: 2.6885 (2.8522)  manuloss: 1.4830 (1.7926)  acc1: 9.3750 (9.0950)  acc5: 20.7031 (19.6340)  family_acc1: 47.6562 (43.9470)  manu_acc1: 69.5312 (61.8960)  time: 0.4061  data: 0.2185  max mem: 11382
Test: Total time: 0:03:07 (0.4806 s / it)
* Acc@1 9.095 Acc@5 19.634 family@1 43.947 manu@1 61.896 sploss 6.706 fmloss 2.852 mfloss 1.793
FPA: 6.042% | TICE: 70.320%   
 wAP: 13.741  |  LCA: 220.908   |   Precision and Recall: 24.136%
Accuracy of the network on the 100000 test images: 9.1%
Max accuracy: 9.26%
Do not use KL loss
Epoch: [74]  [ 0/78]  eta: 0:07:25  lr: 0.000051  sp_loss: 2.3896 (2.3896)  fam_loss: 1.9037 (1.9037)  manu_loss: 1.3963 (1.3963)  ot_loss: 1.8105 (1.8105)  base_loss: 5.6896 (5.6896)  time: 5.7163  data: 5.4225  max mem: 11382
Epoch: [74]  [77/78]  eta: 0:00:00  lr: 0.000051  sp_loss: 3.8292 (3.9300)  fam_loss: 2.8432 (3.0084)  manu_loss: 2.1891 (2.2223)  ot_loss: 2.5664 (2.7035)  base_loss: 8.8614 (9.1608)  time: 0.3966  data: 0.1698  max mem: 11382
Epoch: [74] Total time: 0:00:34 (0.4410 s / it)
Averaged stats: lr: 0.000051  sp_loss: 3.8292 (3.9300)  fam_loss: 2.8432 (3.0084)  manu_loss: 2.1891 (2.2223)  ot_loss: 2.5664 (2.7035)  base_loss: 8.8614 (9.1608)
Test:  [  0/391]  eta: 0:42:06  sploss: 6.6983 (6.6983)  famloss: 2.7453 (2.7453)  manuloss: 1.6437 (1.6437)  acc1: 9.7656 (9.7656)  acc5: 21.4844 (21.4844)  family_acc1: 47.2656 (47.2656)  manu_acc1: 64.4531 (64.4531)  time: 6.4622  data: 6.2126  max mem: 11382
Test:  [250/391]  eta: 0:00:56  sploss: 6.6155 (6.7291)  famloss: 2.9108 (2.9102)  manuloss: 1.9182 (1.8493)  acc1: 8.9844 (9.0171)  acc5: 20.7031 (19.5375)  family_acc1: 42.5781 (42.9672)  manu_acc1: 56.6406 (60.2885)  time: 0.3077  data: 0.1006  max mem: 11382
Test:  [390/391]  eta: 0:00:00  sploss: 6.5959 (6.6877)  famloss: 2.6615 (2.8395)  manuloss: 1.4606 (1.7714)  acc1: 9.3750 (9.1170)  acc5: 20.7031 (19.8170)  family_acc1: 46.0938 (44.0820)  manu_acc1: 69.5312 (62.0050)  time: 0.4018  data: 0.2027  max mem: 11382
Test: Total time: 0:02:35 (0.3971 s / it)
* Acc@1 9.117 Acc@5 19.817 family@1 44.082 manu@1 62.005 sploss 6.688 fmloss 2.840 mfloss 1.771
FPA: 6.113% | TICE: 70.402%   
 wAP: 13.776  |  LCA: 221.049   |   Precision and Recall: 24.106%
Accuracy of the network on the 100000 test images: 9.1%
Max accuracy: 9.26%
Do not use KL loss
Epoch: [75]  [ 0/78]  eta: 0:07:32  lr: 0.000048  sp_loss: 2.7196 (2.7196)  fam_loss: 2.1860 (2.1860)  manu_loss: 1.7182 (1.7182)  ot_loss: 1.9443 (1.9443)  base_loss: 6.6237 (6.6237)  time: 5.8017  data: 5.4992  max mem: 11382
Epoch: [75]  [77/78]  eta: 0:00:00  lr: 0.000048  sp_loss: 4.4203 (4.0383)  fam_loss: 3.2691 (3.0702)  manu_loss: 2.4203 (2.2628)  ot_loss: 2.8809 (2.7546)  base_loss: 10.1097 (9.3713)  time: 0.3932  data: 0.1515  max mem: 11382
Epoch: [75] Total time: 0:00:33 (0.4326 s / it)
Averaged stats: lr: 0.000048  sp_loss: 4.4203 (4.0383)  fam_loss: 3.2691 (3.0702)  manu_loss: 2.4203 (2.2628)  ot_loss: 2.8809 (2.7546)  base_loss: 10.1097 (9.3713)
Test:  [  0/391]  eta: 0:37:07  sploss: 6.7078 (6.7078)  famloss: 2.7449 (2.7449)  manuloss: 1.6518 (1.6518)  acc1: 10.5469 (10.5469)  acc5: 21.4844 (21.4844)  family_acc1: 44.5312 (44.5312)  manu_acc1: 64.8438 (64.8438)  time: 5.6974  data: 5.4383  max mem: 11382
Test:  [250/391]  eta: 0:00:56  sploss: 6.6288 (6.7548)  famloss: 2.8968 (2.9110)  manuloss: 1.9131 (1.8578)  acc1: 9.3750 (8.9252)  acc5: 21.0938 (19.2573)  family_acc1: 42.1875 (42.8972)  manu_acc1: 57.4219 (60.1298)  time: 0.3065  data: 0.1031  max mem: 11382
Test:  [390/391]  eta: 0:00:00  sploss: 6.6406 (6.7123)  famloss: 2.6686 (2.8406)  manuloss: 1.4501 (1.7794)  acc1: 9.3750 (9.0750)  acc5: 19.9219 (19.5370)  family_acc1: 46.8750 (43.9830)  manu_acc1: 69.1406 (61.8040)  time: 0.3914  data: 0.1994  max mem: 11382
Test: Total time: 0:02:35 (0.3970 s / it)
* Acc@1 9.075 Acc@5 19.537 family@1 43.983 manu@1 61.804 sploss 6.712 fmloss 2.841 mfloss 1.779
FPA: 6.091% | TICE: 70.590%   
 wAP: 13.725  |  LCA: 221.567   |   Precision and Recall: 23.963%
Accuracy of the network on the 100000 test images: 9.1%
Max accuracy: 9.26%
Do not use KL loss
Epoch: [76]  [ 0/78]  eta: 0:07:55  lr: 0.000045  sp_loss: 4.4985 (4.4985)  fam_loss: 3.2758 (3.2758)  manu_loss: 2.3773 (2.3773)  ot_loss: 2.7656 (2.7656)  base_loss: 10.1516 (10.1516)  time: 6.0999  data: 5.7971  max mem: 11382
Epoch: [76]  [77/78]  eta: 0:00:00  lr: 0.000045  sp_loss: 3.8583 (3.9907)  fam_loss: 2.9379 (3.0508)  manu_loss: 2.2399 (2.2525)  ot_loss: 2.5859 (2.7282)  base_loss: 8.9865 (9.2940)  time: 0.3960  data: 0.1677  max mem: 11382
Epoch: [76] Total time: 0:00:34 (0.4459 s / it)
Averaged stats: lr: 0.000045  sp_loss: 3.8583 (3.9907)  fam_loss: 2.9379 (3.0508)  manu_loss: 2.2399 (2.2525)  ot_loss: 2.5859 (2.7282)  base_loss: 8.9865 (9.2940)
Test:  [  0/391]  eta: 0:36:50  sploss: 6.6768 (6.6768)  famloss: 2.6643 (2.6643)  manuloss: 1.6095 (1.6095)  acc1: 8.5938 (8.5938)  acc5: 21.8750 (21.8750)  family_acc1: 46.8750 (46.8750)  manu_acc1: 62.8906 (62.8906)  time: 5.6523  data: 5.4336  max mem: 11382
Test:  [250/391]  eta: 0:00:56  sploss: 6.5986 (6.7260)  famloss: 2.8556 (2.8603)  manuloss: 1.8793 (1.8276)  acc1: 9.7656 (9.1680)  acc5: 21.0938 (19.7196)  family_acc1: 42.1875 (43.0497)  manu_acc1: 58.5938 (60.1594)  time: 0.3087  data: 0.1050  max mem: 11382
Test:  [390/391]  eta: 0:00:00  sploss: 6.5869 (6.6815)  famloss: 2.6026 (2.7889)  manuloss: 1.4147 (1.7470)  acc1: 8.9844 (9.2870)  acc5: 21.0938 (19.9390)  family_acc1: 47.6562 (44.2790)  manu_acc1: 68.7500 (61.9320)  time: 0.3770  data: 0.1899  max mem: 11382
Test: Total time: 0:02:34 (0.3949 s / it)
* Acc@1 9.287 Acc@5 19.939 family@1 44.279 manu@1 61.932 sploss 6.682 fmloss 2.789 mfloss 1.747
FPA: 6.286% | TICE: 70.362%   
 wAP: 13.943  |  LCA: 220.561   |   Precision and Recall: 24.271%
Accuracy of the network on the 100000 test images: 9.3%
Max accuracy: 9.29%
Do not use KL loss
Epoch: [77]  [ 0/78]  eta: 0:07:56  lr: 0.000043  sp_loss: 4.2755 (4.2755)  fam_loss: 3.2544 (3.2544)  manu_loss: 2.3855 (2.3855)  ot_loss: 2.8965 (2.8965)  base_loss: 9.9154 (9.9154)  time: 6.1043  data: 5.8156  max mem: 11382
Epoch: [77]  [77/78]  eta: 0:00:00  lr: 0.000043  sp_loss: 4.3334 (3.9221)  fam_loss: 3.3201 (3.0056)  manu_loss: 2.4347 (2.2193)  ot_loss: 2.9121 (2.6599)  base_loss: 10.1419 (9.1470)  time: 0.3772  data: 0.1500  max mem: 11382
Epoch: [77] Total time: 0:00:34 (0.4407 s / it)
Averaged stats: lr: 0.000043  sp_loss: 4.3334 (3.9221)  fam_loss: 3.3201 (3.0056)  manu_loss: 2.4347 (2.2193)  ot_loss: 2.9121 (2.6599)  base_loss: 10.1419 (9.1470)
Test:  [  0/391]  eta: 0:38:10  sploss: 6.7055 (6.7055)  famloss: 2.7813 (2.7813)  manuloss: 1.6998 (1.6998)  acc1: 9.3750 (9.3750)  acc5: 21.0938 (21.0938)  family_acc1: 45.7031 (45.7031)  manu_acc1: 62.5000 (62.5000)  time: 5.8583  data: 5.6226  max mem: 11382
Test:  [250/391]  eta: 0:00:56  sploss: 6.6063 (6.7227)  famloss: 2.9151 (2.9231)  manuloss: 1.9218 (1.8520)  acc1: 9.3750 (9.1820)  acc5: 20.7031 (19.7056)  family_acc1: 42.9688 (43.0014)  manu_acc1: 57.0312 (60.4021)  time: 0.3079  data: 0.1034  max mem: 11382
Test:  [390/391]  eta: 0:00:00  sploss: 6.6054 (6.6800)  famloss: 2.6958 (2.8537)  manuloss: 1.4595 (1.7773)  acc1: 8.9844 (9.3040)  acc5: 20.7031 (19.9680)  family_acc1: 46.8750 (44.1390)  manu_acc1: 69.5312 (62.0240)  time: 0.3972  data: 0.2034  max mem: 11382
Test: Total time: 0:02:33 (0.3939 s / it)
* Acc@1 9.304 Acc@5 19.968 family@1 44.139 manu@1 62.024 sploss 6.680 fmloss 2.854 mfloss 1.777
FPA: 6.266% | TICE: 70.363%   
 wAP: 13.947  |  LCA: 220.599   |   Precision and Recall: 24.280%
Accuracy of the network on the 100000 test images: 9.3%
Max accuracy: 9.30%
Do not use KL loss
Epoch: [78]  [ 0/78]  eta: 0:07:28  lr: 0.000040  sp_loss: 3.0382 (3.0382)  fam_loss: 2.3693 (2.3693)  manu_loss: 1.8347 (1.8347)  ot_loss: 2.0820 (2.0820)  base_loss: 7.2422 (7.2422)  time: 5.7461  data: 5.4753  max mem: 11382
Epoch: [78]  [77/78]  eta: 0:00:00  lr: 0.000040  sp_loss: 3.7287 (3.7329)  fam_loss: 2.8588 (2.8603)  manu_loss: 2.1183 (2.1254)  ot_loss: 2.4941 (2.5779)  base_loss: 8.7476 (8.7186)  time: 0.4153  data: 0.1832  max mem: 11382
Epoch: [78] Total time: 0:00:35 (0.4577 s / it)
Averaged stats: lr: 0.000040  sp_loss: 3.7287 (3.7329)  fam_loss: 2.8588 (2.8603)  manu_loss: 2.1183 (2.1254)  ot_loss: 2.4941 (2.5779)  base_loss: 8.7476 (8.7186)
Test:  [  0/391]  eta: 0:40:25  sploss: 6.6900 (6.6900)  famloss: 2.7594 (2.7594)  manuloss: 1.6559 (1.6559)  acc1: 10.1562 (10.1562)  acc5: 21.8750 (21.8750)  family_acc1: 47.2656 (47.2656)  manu_acc1: 62.8906 (62.8906)  time: 6.2031  data: 5.9766  max mem: 11382
Test:  [250/391]  eta: 0:00:57  sploss: 6.5963 (6.7228)  famloss: 2.9237 (2.9121)  manuloss: 1.9147 (1.8537)  acc1: 9.3750 (9.1493)  acc5: 21.0938 (19.6511)  family_acc1: 42.9688 (43.0186)  manu_acc1: 57.4219 (60.4068)  time: 0.3138  data: 0.1047  max mem: 11382
Test:  [390/391]  eta: 0:00:00  sploss: 6.5881 (6.6796)  famloss: 2.6770 (2.8420)  manuloss: 1.4709 (1.7769)  acc1: 9.3750 (9.2810)  acc5: 20.7031 (19.9200)  family_acc1: 47.6562 (44.1630)  manu_acc1: 68.7500 (62.1200)  time: 0.3982  data: 0.1994  max mem: 11382
Test: Total time: 0:02:37 (0.4030 s / it)
* Acc@1 9.281 Acc@5 19.920 family@1 44.163 manu@1 62.120 sploss 6.680 fmloss 2.842 mfloss 1.777
FPA: 6.232% | TICE: 70.028%   
 wAP: 13.931  |  LCA: 220.475   |   Precision and Recall: 24.279%
Accuracy of the network on the 100000 test images: 9.3%
Max accuracy: 9.30%
Do not use KL loss
Epoch: [79]  [ 0/78]  eta: 0:07:45  lr: 0.000038  sp_loss: 4.3068 (4.3068)  fam_loss: 3.2624 (3.2624)  manu_loss: 2.3338 (2.3338)  ot_loss: 2.9004 (2.9004)  base_loss: 9.9029 (9.9029)  time: 5.9689  data: 5.6834  max mem: 11382
Epoch: [79]  [77/78]  eta: 0:00:00  lr: 0.000038  sp_loss: 4.0507 (3.8850)  fam_loss: 3.0506 (2.9598)  manu_loss: 2.2764 (2.1850)  ot_loss: 2.5820 (2.6733)  base_loss: 9.3711 (9.0299)  time: 0.3846  data: 0.1546  max mem: 11382
Epoch: [79] Total time: 0:00:35 (0.4549 s / it)
Averaged stats: lr: 0.000038  sp_loss: 4.0507 (3.8850)  fam_loss: 3.0506 (2.9598)  manu_loss: 2.2764 (2.1850)  ot_loss: 2.5820 (2.6733)  base_loss: 9.3711 (9.0299)
Test:  [  0/391]  eta: 0:40:10  sploss: 6.7414 (6.7414)  famloss: 2.7899 (2.7899)  manuloss: 1.6862 (1.6862)  acc1: 8.9844 (8.9844)  acc5: 20.3125 (20.3125)  family_acc1: 46.4844 (46.4844)  manu_acc1: 64.4531 (64.4531)  time: 6.1654  data: 5.9061  max mem: 11382
Test:  [250/391]  eta: 0:01:00  sploss: 6.6457 (6.7611)  famloss: 2.9365 (2.9323)  manuloss: 1.9215 (1.8629)  acc1: 9.3750 (9.0093)  acc5: 19.9219 (19.2044)  family_acc1: 42.9688 (42.8909)  manu_acc1: 57.0312 (60.2948)  time: 0.3261  data: 0.1118  max mem: 11382
Test:  [390/391]  eta: 0:00:00  sploss: 6.6395 (6.7207)  famloss: 2.6914 (2.8630)  manuloss: 1.4823 (1.7872)  acc1: 8.9844 (9.1140)  acc5: 20.7031 (19.4730)  family_acc1: 46.8750 (43.9510)  manu_acc1: 70.0000 (61.9660)  time: 0.4275  data: 0.2345  max mem: 11382
Test: Total time: 0:02:44 (0.4219 s / it)
* Acc@1 9.114 Acc@5 19.473 family@1 43.951 manu@1 61.966 sploss 6.721 fmloss 2.863 mfloss 1.787
FPA: 6.096% | TICE: 70.439%   
 wAP: 13.760  |  LCA: 221.538   |   Precision and Recall: 23.971%
Accuracy of the network on the 100000 test images: 9.1%
Max accuracy: 9.30%
Do not use KL loss
Epoch: [80]  [ 0/78]  eta: 0:07:49  lr: 0.000035  sp_loss: 4.1002 (4.1002)  fam_loss: 3.0939 (3.0939)  manu_loss: 2.2709 (2.2709)  ot_loss: 2.7910 (2.7910)  base_loss: 9.4651 (9.4651)  time: 6.0189  data: 5.7210  max mem: 11382
Epoch: [80]  [77/78]  eta: 0:00:00  lr: 0.000035  sp_loss: 4.3825 (4.1782)  fam_loss: 3.3602 (3.1715)  manu_loss: 2.4401 (2.3300)  ot_loss: 3.0664 (2.8294)  base_loss: 10.2356 (9.6797)  time: 0.3916  data: 0.1619  max mem: 11382
Epoch: [80] Total time: 0:00:35 (0.4597 s / it)
Averaged stats: lr: 0.000035  sp_loss: 4.3825 (4.1782)  fam_loss: 3.3602 (3.1715)  manu_loss: 2.4401 (2.3300)  ot_loss: 3.0664 (2.8294)  base_loss: 10.2356 (9.6797)
Test:  [  0/391]  eta: 0:37:47  sploss: 6.7031 (6.7031)  famloss: 2.7409 (2.7409)  manuloss: 1.6722 (1.6722)  acc1: 10.1562 (10.1562)  acc5: 22.6562 (22.6562)  family_acc1: 46.0938 (46.0938)  manu_acc1: 64.4531 (64.4531)  time: 5.8000  data: 5.5106  max mem: 11382
Test:  [250/391]  eta: 0:00:59  sploss: 6.6137 (6.7256)  famloss: 2.9076 (2.9054)  manuloss: 1.8990 (1.8527)  acc1: 9.7656 (9.1104)  acc5: 21.4844 (19.6729)  family_acc1: 41.7969 (43.1104)  manu_acc1: 57.8125 (60.4737)  time: 0.3197  data: 0.1030  max mem: 11382
Test:  [390/391]  eta: 0:00:00  sploss: 6.6145 (6.6838)  famloss: 2.6607 (2.8356)  manuloss: 1.4713 (1.7764)  acc1: 9.3750 (9.2730)  acc5: 20.7031 (19.9020)  family_acc1: 47.2656 (44.2360)  manu_acc1: 69.9219 (62.1640)  time: 0.3924  data: 0.2019  max mem: 11382
Test: Total time: 0:02:42 (0.4157 s / it)
* Acc@1 9.273 Acc@5 19.902 family@1 44.236 manu@1 62.164 sploss 6.684 fmloss 2.836 mfloss 1.776
FPA: 6.263% | TICE: 70.041%   
 wAP: 13.932  |  LCA: 220.725   |   Precision and Recall: 24.230%
Accuracy of the network on the 100000 test images: 9.3%
Max accuracy: 9.30%
Do not use KL loss
Epoch: [81]  [ 0/78]  eta: 0:08:04  lr: 0.000033  sp_loss: 4.3430 (4.3430)  fam_loss: 3.3610 (3.3610)  manu_loss: 2.3503 (2.3503)  ot_loss: 3.0156 (3.0156)  base_loss: 10.0543 (10.0543)  time: 6.2151  data: 5.8963  max mem: 11382
Epoch: [81]  [77/78]  eta: 0:00:00  lr: 0.000033  sp_loss: 4.0107 (3.9105)  fam_loss: 3.0123 (2.9875)  manu_loss: 2.1517 (2.1992)  ot_loss: 2.6895 (2.6814)  base_loss: 9.1747 (9.0972)  time: 0.4083  data: 0.1763  max mem: 11382
Epoch: [81] Total time: 0:00:35 (0.4558 s / it)
Averaged stats: lr: 0.000033  sp_loss: 4.0107 (3.9105)  fam_loss: 3.0123 (2.9875)  manu_loss: 2.1517 (2.1992)  ot_loss: 2.6895 (2.6814)  base_loss: 9.1747 (9.0972)
Test:  [  0/391]  eta: 0:39:59  sploss: 6.7271 (6.7271)  famloss: 2.7820 (2.7820)  manuloss: 1.6940 (1.6940)  acc1: 8.5938 (8.5938)  acc5: 20.3125 (20.3125)  family_acc1: 46.4844 (46.4844)  manu_acc1: 62.1094 (62.1094)  time: 6.1371  data: 5.8812  max mem: 11382
Test:  [250/391]  eta: 0:01:00  sploss: 6.6640 (6.7519)  famloss: 2.9370 (2.9347)  manuloss: 1.9264 (1.8682)  acc1: 9.3750 (9.0778)  acc5: 19.9219 (19.3289)  family_acc1: 41.7969 (42.8505)  manu_acc1: 57.4219 (60.2341)  time: 0.3398  data: 0.1094  max mem: 11382
Test:  [390/391]  eta: 0:00:00  sploss: 6.6349 (6.7122)  famloss: 2.6932 (2.8656)  manuloss: 1.4813 (1.7918)  acc1: 9.3750 (9.2060)  acc5: 20.7031 (19.6570)  family_acc1: 46.4844 (44.0130)  manu_acc1: 68.7500 (61.9370)  time: 0.4039  data: 0.2123  max mem: 11382
Test: Total time: 0:02:43 (0.4192 s / it)
* Acc@1 9.206 Acc@5 19.657 family@1 44.013 manu@1 61.937 sploss 6.712 fmloss 2.866 mfloss 1.792
FPA: 6.168% | TICE: 70.412%   
 wAP: 13.846  |  LCA: 221.237   |   Precision and Recall: 24.099%
Accuracy of the network on the 100000 test images: 9.2%
Max accuracy: 9.30%
Do not use KL loss
Epoch: [82]  [ 0/78]  eta: 0:07:34  lr: 0.000031  sp_loss: 4.4042 (4.4042)  fam_loss: 3.2150 (3.2150)  manu_loss: 2.3665 (2.3665)  ot_loss: 3.0527 (3.0527)  base_loss: 9.9858 (9.9858)  time: 5.8293  data: 5.5477  max mem: 11382
Epoch: [82]  [77/78]  eta: 0:00:00  lr: 0.000031  sp_loss: 3.1090 (3.6958)  fam_loss: 2.4671 (2.8411)  manu_loss: 1.8399 (2.1080)  ot_loss: 2.1641 (2.5553)  base_loss: 7.3747 (8.6450)  time: 0.4120  data: 0.1828  max mem: 11382
Epoch: [82] Total time: 0:00:35 (0.4580 s / it)
Averaged stats: lr: 0.000031  sp_loss: 3.1090 (3.6958)  fam_loss: 2.4671 (2.8411)  manu_loss: 1.8399 (2.1080)  ot_loss: 2.1641 (2.5553)  base_loss: 7.3747 (8.6450)
Test:  [  0/391]  eta: 0:39:58  sploss: 6.6930 (6.6930)  famloss: 2.7306 (2.7306)  manuloss: 1.6518 (1.6518)  acc1: 8.2031 (8.2031)  acc5: 21.0938 (21.0938)  family_acc1: 45.7031 (45.7031)  manu_acc1: 63.6719 (63.6719)  time: 6.1350  data: 5.8481  max mem: 11382
Test:  [250/391]  eta: 0:01:01  sploss: 6.6167 (6.7195)  famloss: 2.8668 (2.8824)  manuloss: 1.8853 (1.8400)  acc1: 9.3750 (9.1525)  acc5: 21.4844 (19.7087)  family_acc1: 42.5781 (43.2146)  manu_acc1: 57.8125 (60.4410)  time: 0.3825  data: 0.1216  max mem: 11382
Test:  [390/391]  eta: 0:00:00  sploss: 6.6063 (6.6768)  famloss: 2.6366 (2.8122)  manuloss: 1.4502 (1.7626)  acc1: 9.3750 (9.3270)  acc5: 21.0938 (20.0160)  family_acc1: 47.2656 (44.3200)  manu_acc1: 69.5312 (62.1170)  time: 0.3773  data: 0.1822  max mem: 11382
Test: Total time: 0:02:46 (0.4255 s / it)
* Acc@1 9.327 Acc@5 20.016 family@1 44.320 manu@1 62.117 sploss 6.677 fmloss 2.812 mfloss 1.763
FPA: 6.336% | TICE: 70.037%   
 wAP: 13.987  |  LCA: 220.592   |   Precision and Recall: 24.283%
Accuracy of the network on the 100000 test images: 9.3%
Max accuracy: 9.33%
Do not use KL loss
Epoch: [83]  [ 0/78]  eta: 0:07:50  lr: 0.000029  sp_loss: 4.3544 (4.3544)  fam_loss: 3.3023 (3.3023)  manu_loss: 2.4359 (2.4359)  ot_loss: 3.0918 (3.0918)  base_loss: 10.0926 (10.0926)  time: 6.0327  data: 5.7379  max mem: 11382
Epoch: [83]  [77/78]  eta: 0:00:00  lr: 0.000029  sp_loss: 4.2989 (3.8887)  fam_loss: 3.1973 (2.9607)  manu_loss: 2.3589 (2.1960)  ot_loss: 2.8711 (2.6493)  base_loss: 9.8552 (9.0453)  time: 0.4083  data: 0.1697  max mem: 11382
Epoch: [83] Total time: 0:00:35 (0.4501 s / it)
Averaged stats: lr: 0.000029  sp_loss: 4.2989 (3.8887)  fam_loss: 3.1973 (2.9607)  manu_loss: 2.3589 (2.1960)  ot_loss: 2.8711 (2.6493)  base_loss: 9.8552 (9.0453)
Test:  [  0/391]  eta: 0:40:49  sploss: 6.7542 (6.7542)  famloss: 2.8242 (2.8242)  manuloss: 1.7082 (1.7082)  acc1: 9.3750 (9.3750)  acc5: 19.5312 (19.5312)  family_acc1: 47.2656 (47.2656)  manu_acc1: 62.8906 (62.8906)  time: 6.2652  data: 6.0330  max mem: 11382
Test:  [250/391]  eta: 0:01:00  sploss: 6.6662 (6.7631)  famloss: 2.9616 (2.9668)  manuloss: 1.9333 (1.8865)  acc1: 8.9844 (8.8941)  acc5: 21.4844 (19.3212)  family_acc1: 42.1875 (42.5812)  manu_acc1: 57.0312 (59.9415)  time: 0.3225  data: 0.0762  max mem: 11382
Test:  [390/391]  eta: 0:00:00  sploss: 6.6574 (6.7231)  famloss: 2.7286 (2.8966)  manuloss: 1.5124 (1.8099)  acc1: 8.9844 (9.0700)  acc5: 20.3125 (19.5780)  family_acc1: 46.0938 (43.7000)  manu_acc1: 68.7500 (61.6680)  time: 0.3796  data: 0.1870  max mem: 11382
Test: Total time: 0:02:43 (0.4191 s / it)
* Acc@1 9.070 Acc@5 19.578 family@1 43.700 manu@1 61.668 sploss 6.723 fmloss 2.897 mfloss 1.810
FPA: 6.048% | TICE: 70.738%   
 wAP: 13.690  |  LCA: 222.187   |   Precision and Recall: 23.780%
Accuracy of the network on the 100000 test images: 9.1%
Max accuracy: 9.33%
Do not use KL loss
Epoch: [84]  [ 0/78]  eta: 0:07:41  lr: 0.000027  sp_loss: 3.0122 (3.0122)  fam_loss: 2.3660 (2.3660)  manu_loss: 1.8404 (1.8404)  ot_loss: 2.1250 (2.1250)  base_loss: 7.2186 (7.2186)  time: 5.9206  data: 5.6339  max mem: 11382
Epoch: [84]  [77/78]  eta: 0:00:00  lr: 0.000027  sp_loss: 4.1674 (3.8271)  fam_loss: 3.1030 (2.9162)  manu_loss: 2.3177 (2.1636)  ot_loss: 2.7324 (2.6372)  base_loss: 9.5253 (8.9069)  time: 0.3910  data: 0.1589  max mem: 11382
Epoch: [84] Total time: 0:00:35 (0.4494 s / it)
Averaged stats: lr: 0.000027  sp_loss: 4.1674 (3.8271)  fam_loss: 3.1030 (2.9162)  manu_loss: 2.3177 (2.1636)  ot_loss: 2.7324 (2.6372)  base_loss: 9.5253 (8.9069)
Test:  [  0/391]  eta: 0:40:52  sploss: 6.7321 (6.7321)  famloss: 2.7620 (2.7620)  manuloss: 1.6808 (1.6808)  acc1: 9.3750 (9.3750)  acc5: 20.7031 (20.7031)  family_acc1: 47.6562 (47.6562)  manu_acc1: 63.2812 (63.2812)  time: 6.2718  data: 6.0361  max mem: 11382
Test:  [250/391]  eta: 0:01:00  sploss: 6.6297 (6.7242)  famloss: 2.9242 (2.9224)  manuloss: 1.9103 (1.8582)  acc1: 9.7656 (9.1836)  acc5: 21.0938 (19.7164)  family_acc1: 42.9688 (43.1633)  manu_acc1: 57.0312 (60.3368)  time: 0.4110  data: 0.1867  max mem: 11382
Test:  [390/391]  eta: 0:00:00  sploss: 6.6140 (6.6832)  famloss: 2.6704 (2.8527)  manuloss: 1.4761 (1.7807)  acc1: 8.9844 (9.3320)  acc5: 21.4844 (20.0050)  family_acc1: 47.2656 (44.2740)  manu_acc1: 68.7500 (62.0100)  time: 0.3777  data: 0.1874  max mem: 11382
Test: Total time: 0:02:44 (0.4213 s / it)
* Acc@1 9.332 Acc@5 20.005 family@1 44.274 manu@1 62.010 sploss 6.683 fmloss 2.853 mfloss 1.781
FPA: 6.279% | TICE: 70.079%   
 wAP: 13.984  |  LCA: 220.266   |   Precision and Recall: 24.375%
Accuracy of the network on the 100000 test images: 9.3%
Max accuracy: 9.33%
Do not use KL loss
Epoch: [85]  [ 0/78]  eta: 0:08:05  lr: 0.000025  sp_loss: 2.2906 (2.2906)  fam_loss: 1.9210 (1.9210)  manu_loss: 1.4917 (1.4917)  ot_loss: 2.0156 (2.0156)  base_loss: 5.7033 (5.7033)  time: 6.2302  data: 5.9660  max mem: 11382
Epoch: [85]  [77/78]  eta: 0:00:00  lr: 0.000025  sp_loss: 4.1930 (3.7691)  fam_loss: 3.1754 (2.8831)  manu_loss: 2.4088 (2.1395)  ot_loss: 2.8125 (2.5913)  base_loss: 9.8468 (8.7918)  time: 0.4042  data: 0.1726  max mem: 11382
Epoch: [85] Total time: 0:00:35 (0.4584 s / it)
Averaged stats: lr: 0.000025  sp_loss: 4.1930 (3.7691)  fam_loss: 3.1754 (2.8831)  manu_loss: 2.4088 (2.1395)  ot_loss: 2.8125 (2.5913)  base_loss: 9.8468 (8.7918)
Test:  [  0/391]  eta: 0:38:24  sploss: 6.6748 (6.6748)  famloss: 2.7361 (2.7361)  manuloss: 1.6515 (1.6515)  acc1: 8.9844 (8.9844)  acc5: 22.2656 (22.2656)  family_acc1: 45.7031 (45.7031)  manu_acc1: 63.2812 (63.2812)  time: 5.8935  data: 5.5820  max mem: 11382
Test:  [250/391]  eta: 0:00:59  sploss: 6.5969 (6.7061)  famloss: 2.8901 (2.9081)  manuloss: 1.9132 (1.8541)  acc1: 10.1562 (9.3190)  acc5: 21.8750 (19.9561)  family_acc1: 42.9688 (43.3438)  manu_acc1: 57.4219 (60.2418)  time: 0.3765  data: 0.1604  max mem: 11382
Test:  [390/391]  eta: 0:00:00  sploss: 6.5934 (6.6645)  famloss: 2.6654 (2.8376)  manuloss: 1.4630 (1.7758)  acc1: 9.3750 (9.4850)  acc5: 21.4844 (20.2350)  family_acc1: 47.2656 (44.4570)  manu_acc1: 68.7500 (61.9820)  time: 0.3953  data: 0.2024  max mem: 11382
Test: Total time: 0:02:43 (0.4189 s / it)
* Acc@1 9.485 Acc@5 20.235 family@1 44.457 manu@1 61.982 sploss 6.664 fmloss 2.838 mfloss 1.776
FPA: 6.435% | TICE: 69.683%   
 wAP: 14.136  |  LCA: 219.769   |   Precision and Recall: 24.555%
Accuracy of the network on the 100000 test images: 9.5%
Max accuracy: 9.48%
Do not use KL loss
Epoch: [86]  [ 0/78]  eta: 0:08:16  lr: 0.000023  sp_loss: 3.5269 (3.5269)  fam_loss: 2.8302 (2.8302)  manu_loss: 2.0681 (2.0681)  ot_loss: 2.2812 (2.2812)  base_loss: 8.4251 (8.4251)  time: 6.3704  data: 6.0864  max mem: 11382
Epoch: [86]  [77/78]  eta: 0:00:00  lr: 0.000023  sp_loss: 4.4133 (3.7639)  fam_loss: 3.2991 (2.8855)  manu_loss: 2.3997 (2.1328)  ot_loss: 2.9238 (2.6045)  base_loss: 10.1389 (8.7822)  time: 0.3885  data: 0.1587  max mem: 11382
Epoch: [86] Total time: 0:00:35 (0.4550 s / it)
Averaged stats: lr: 0.000023  sp_loss: 4.4133 (3.7639)  fam_loss: 3.2991 (2.8855)  manu_loss: 2.3997 (2.1328)  ot_loss: 2.9238 (2.6045)  base_loss: 10.1389 (8.7822)
Test:  [  0/391]  eta: 0:39:11  sploss: 6.7413 (6.7413)  famloss: 2.8092 (2.8092)  manuloss: 1.7093 (1.7093)  acc1: 10.1562 (10.1562)  acc5: 21.4844 (21.4844)  family_acc1: 46.8750 (46.8750)  manu_acc1: 63.6719 (63.6719)  time: 6.0149  data: 5.7317  max mem: 11382
Test:  [250/391]  eta: 0:01:00  sploss: 6.6402 (6.7513)  famloss: 2.9433 (2.9696)  manuloss: 1.9369 (1.8960)  acc1: 9.3750 (9.0731)  acc5: 20.3125 (19.3663)  family_acc1: 42.5781 (42.7960)  manu_acc1: 57.8125 (60.0660)  time: 0.3542  data: 0.1241  max mem: 11382
Test:  [390/391]  eta: 0:00:00  sploss: 6.6345 (6.7100)  famloss: 2.7329 (2.8998)  manuloss: 1.5197 (1.8197)  acc1: 8.9844 (9.2100)  acc5: 21.0938 (19.6610)  family_acc1: 47.6562 (43.9350)  manu_acc1: 68.7500 (61.8060)  time: 0.4054  data: 0.2155  max mem: 11382
Test: Total time: 0:02:45 (0.4229 s / it)
* Acc@1 9.210 Acc@5 19.661 family@1 43.935 manu@1 61.806 sploss 6.710 fmloss 2.900 mfloss 1.820
FPA: 6.147% | TICE: 70.416%   
 wAP: 13.839  |  LCA: 221.119   |   Precision and Recall: 24.104%
Accuracy of the network on the 100000 test images: 9.2%
Max accuracy: 9.48%
Do not use KL loss
Epoch: [87]  [ 0/78]  eta: 0:07:25  lr: 0.000021  sp_loss: 3.9498 (3.9498)  fam_loss: 3.0206 (3.0206)  manu_loss: 2.2457 (2.2457)  ot_loss: 2.5020 (2.5020)  base_loss: 9.2161 (9.2161)  time: 5.7148  data: 5.4373  max mem: 11382
Epoch: [87]  [77/78]  eta: 0:00:00  lr: 0.000021  sp_loss: 3.3755 (3.7388)  fam_loss: 2.6008 (2.8735)  manu_loss: 1.9355 (2.1173)  ot_loss: 2.2617 (2.5873)  base_loss: 7.9310 (8.7296)  time: 0.4021  data: 0.1693  max mem: 11382
Epoch: [87] Total time: 0:00:35 (0.4541 s / it)
Averaged stats: lr: 0.000021  sp_loss: 3.3755 (3.7388)  fam_loss: 2.6008 (2.8735)  manu_loss: 1.9355 (2.1173)  ot_loss: 2.2617 (2.5873)  base_loss: 7.9310 (8.7296)
Test:  [  0/391]  eta: 0:39:10  sploss: 6.7277 (6.7277)  famloss: 2.7904 (2.7904)  manuloss: 1.6961 (1.6961)  acc1: 9.3750 (9.3750)  acc5: 21.4844 (21.4844)  family_acc1: 46.4844 (46.4844)  manu_acc1: 62.1094 (62.1094)  time: 6.0127  data: 5.7214  max mem: 11382
Test:  [250/391]  eta: 0:01:01  sploss: 6.6449 (6.7433)  famloss: 2.9349 (2.9521)  manuloss: 1.9228 (1.8824)  acc1: 9.7656 (9.0357)  acc5: 20.3125 (19.5686)  family_acc1: 41.7969 (42.8334)  manu_acc1: 57.4219 (60.1080)  time: 0.4586  data: 0.2324  max mem: 11382
Test:  [390/391]  eta: 0:00:00  sploss: 6.6198 (6.7019)  famloss: 2.6999 (2.8813)  manuloss: 1.4922 (1.8049)  acc1: 8.9844 (9.2070)  acc5: 21.0938 (19.8190)  family_acc1: 47.6562 (43.9770)  manu_acc1: 69.5312 (61.8380)  time: 0.3039  data: 0.1123  max mem: 11382
Test: Total time: 0:02:44 (0.4215 s / it)
* Acc@1 9.207 Acc@5 19.819 family@1 43.977 manu@1 61.838 sploss 6.702 fmloss 2.881 mfloss 1.805
FPA: 6.188% | TICE: 70.346%   
 wAP: 13.841  |  LCA: 221.026   |   Precision and Recall: 24.143%
Accuracy of the network on the 100000 test images: 9.2%
Max accuracy: 9.48%
Do not use KL loss
Epoch: [88]  [ 0/78]  eta: 0:08:00  lr: 0.000020  sp_loss: 3.4122 (3.4122)  fam_loss: 2.6995 (2.6995)  manu_loss: 1.9350 (1.9350)  ot_loss: 2.2324 (2.2324)  base_loss: 8.0466 (8.0466)  time: 6.1620  data: 5.8652  max mem: 11382
Epoch: [88]  [77/78]  eta: 0:00:00  lr: 0.000020  sp_loss: 3.6257 (3.6978)  fam_loss: 2.7252 (2.8324)  manu_loss: 2.0625 (2.1079)  ot_loss: 2.3770 (2.5514)  base_loss: 8.3817 (8.6381)  time: 0.4169  data: 0.1845  max mem: 11382
Epoch: [88] Total time: 0:00:36 (0.4642 s / it)
Averaged stats: lr: 0.000020  sp_loss: 3.6257 (3.6978)  fam_loss: 2.7252 (2.8324)  manu_loss: 2.0625 (2.1079)  ot_loss: 2.3770 (2.5514)  base_loss: 8.3817 (8.6381)
Test:  [  0/391]  eta: 0:37:40  sploss: 6.7401 (6.7401)  famloss: 2.7758 (2.7758)  manuloss: 1.6896 (1.6896)  acc1: 9.3750 (9.3750)  acc5: 22.2656 (22.2656)  family_acc1: 47.6562 (47.6562)  manu_acc1: 62.8906 (62.8906)  time: 5.7803  data: 5.5217  max mem: 11382
Test:  [250/391]  eta: 0:01:01  sploss: 6.6392 (6.7368)  famloss: 2.9361 (2.9479)  manuloss: 1.9266 (1.8730)  acc1: 9.3750 (9.2069)  acc5: 20.7031 (19.7709)  family_acc1: 42.9688 (43.1088)  manu_acc1: 57.4219 (60.3103)  time: 0.4595  data: 0.2341  max mem: 11382
Test:  [390/391]  eta: 0:00:00  sploss: 6.6128 (6.6955)  famloss: 2.7070 (2.8770)  manuloss: 1.4928 (1.7951)  acc1: 9.3750 (9.3700)  acc5: 20.7031 (20.0090)  family_acc1: 46.4844 (44.2310)  manu_acc1: 69.3750 (62.0530)  time: 0.2866  data: 0.0956  max mem: 11382
Test: Total time: 0:02:44 (0.4204 s / it)
* Acc@1 9.370 Acc@5 20.009 family@1 44.231 manu@1 62.053 sploss 6.695 fmloss 2.877 mfloss 1.795
FPA: 6.325% | TICE: 70.047%   
 wAP: 14.014  |  LCA: 220.191   |   Precision and Recall: 24.407%
Accuracy of the network on the 100000 test images: 9.4%
Max accuracy: 9.48%
Do not use KL loss
Epoch: [89]  [ 0/78]  eta: 0:07:46  lr: 0.000018  sp_loss: 3.7111 (3.7111)  fam_loss: 2.8639 (2.8639)  manu_loss: 2.1295 (2.1295)  ot_loss: 2.5820 (2.5820)  base_loss: 8.7045 (8.7045)  time: 5.9785  data: 5.6936  max mem: 11382
Epoch: [89]  [77/78]  eta: 0:00:00  lr: 0.000018  sp_loss: 3.9376 (3.6241)  fam_loss: 2.8601 (2.7976)  manu_loss: 2.1553 (2.0692)  ot_loss: 2.6211 (2.5217)  base_loss: 8.9530 (8.4910)  time: 0.3977  data: 0.1650  max mem: 11382
Epoch: [89] Total time: 0:00:36 (0.4636 s / it)
Averaged stats: lr: 0.000018  sp_loss: 3.9376 (3.6241)  fam_loss: 2.8601 (2.7976)  manu_loss: 2.1553 (2.0692)  ot_loss: 2.6211 (2.5217)  base_loss: 8.9530 (8.4910)
Test:  [  0/391]  eta: 0:39:01  sploss: 6.6850 (6.6850)  famloss: 2.6931 (2.6931)  manuloss: 1.6463 (1.6463)  acc1: 10.1562 (10.1562)  acc5: 22.6562 (22.6562)  family_acc1: 45.3125 (45.3125)  manu_acc1: 62.8906 (62.8906)  time: 5.9872  data: 5.7581  max mem: 11382
Test:  [250/391]  eta: 0:01:02  sploss: 6.6040 (6.7110)  famloss: 2.8643 (2.8748)  manuloss: 1.8918 (1.8381)  acc1: 10.1562 (9.2318)  acc5: 20.7031 (19.9437)  family_acc1: 42.5781 (43.3345)  manu_acc1: 58.5938 (60.3197)  time: 0.3580  data: 0.1257  max mem: 11382
Test:  [390/391]  eta: 0:00:00  sploss: 6.5948 (6.6691)  famloss: 2.6136 (2.8025)  manuloss: 1.4423 (1.7578)  acc1: 9.7656 (9.4140)  acc5: 21.4844 (20.1800)  family_acc1: 48.4375 (44.4390)  manu_acc1: 69.5312 (62.0730)  time: 0.3884  data: 0.1988  max mem: 11382
Test: Total time: 0:02:46 (0.4256 s / it)
* Acc@1 9.414 Acc@5 20.180 family@1 44.439 manu@1 62.073 sploss 6.669 fmloss 2.802 mfloss 1.758
FPA: 6.425% | TICE: 69.843%   
 wAP: 14.074  |  LCA: 219.965   |   Precision and Recall: 24.482%
Accuracy of the network on the 100000 test images: 9.4%
Max accuracy: 9.48%
Do not use KL loss
Epoch: [90]  [ 0/78]  eta: 0:07:40  lr: 0.000017  sp_loss: 3.2677 (3.2677)  fam_loss: 2.5101 (2.5101)  manu_loss: 2.0133 (2.0133)  ot_loss: 2.1758 (2.1758)  base_loss: 7.7910 (7.7910)  time: 5.8979  data: 5.6062  max mem: 11382
Epoch: [90]  [77/78]  eta: 0:00:00  lr: 0.000017  sp_loss: 4.0511 (3.7284)  fam_loss: 3.0694 (2.8513)  manu_loss: 2.1521 (2.1057)  ot_loss: 2.6758 (2.5946)  base_loss: 9.2879 (8.6854)  time: 0.4193  data: 0.1866  max mem: 11382
Epoch: [90] Total time: 0:00:35 (0.4532 s / it)
Averaged stats: lr: 0.000017  sp_loss: 4.0511 (3.7284)  fam_loss: 3.0694 (2.8513)  manu_loss: 2.1521 (2.1057)  ot_loss: 2.6758 (2.5946)  base_loss: 9.2879 (8.6854)
Test:  [  0/391]  eta: 0:39:15  sploss: 6.7530 (6.7530)  famloss: 2.7818 (2.7818)  manuloss: 1.6722 (1.6722)  acc1: 9.7656 (9.7656)  acc5: 19.9219 (19.9219)  family_acc1: 47.6562 (47.6562)  manu_acc1: 63.2812 (63.2812)  time: 6.0237  data: 5.7492  max mem: 11382
Test:  [250/391]  eta: 0:01:00  sploss: 6.6444 (6.7541)  famloss: 2.9467 (2.9643)  manuloss: 1.9241 (1.8776)  acc1: 10.1562 (9.1104)  acc5: 19.9219 (19.4877)  family_acc1: 43.7500 (43.0077)  manu_acc1: 58.2031 (60.3103)  time: 0.3129  data: 0.0887  max mem: 11382
Test:  [390/391]  eta: 0:00:00  sploss: 6.6240 (6.7145)  famloss: 2.7152 (2.8943)  manuloss: 1.4869 (1.8002)  acc1: 9.7656 (9.2500)  acc5: 21.0938 (19.7320)  family_acc1: 48.0469 (44.1590)  manu_acc1: 69.5312 (61.9790)  time: 0.3902  data: 0.1942  max mem: 11382
Test: Total time: 0:02:44 (0.4199 s / it)
* Acc@1 9.250 Acc@5 19.732 family@1 44.159 manu@1 61.979 sploss 6.714 fmloss 2.894 mfloss 1.800
FPA: 6.220% | TICE: 70.396%   
 wAP: 13.900  |  LCA: 221.054   |   Precision and Recall: 24.127%
Accuracy of the network on the 100000 test images: 9.2%
Max accuracy: 9.48%
Do not use KL loss
Epoch: [91]  [ 0/78]  eta: 0:08:00  lr: 0.000016  sp_loss: 4.3133 (4.3133)  fam_loss: 3.3344 (3.3344)  manu_loss: 2.5300 (2.5300)  ot_loss: 2.9961 (2.9961)  base_loss: 10.1777 (10.1777)  time: 6.1644  data: 5.8832  max mem: 11382
Epoch: [91]  [77/78]  eta: 0:00:00  lr: 0.000016  sp_loss: 4.4028 (3.9068)  fam_loss: 3.3551 (2.9905)  manu_loss: 2.4460 (2.2129)  ot_loss: 3.0547 (2.6817)  base_loss: 10.1166 (9.1102)  time: 0.4099  data: 0.1799  max mem: 11382
Epoch: [91] Total time: 0:00:35 (0.4549 s / it)
Averaged stats: lr: 0.000016  sp_loss: 4.4028 (3.9068)  fam_loss: 3.3551 (2.9905)  manu_loss: 2.4460 (2.2129)  ot_loss: 3.0547 (2.6817)  base_loss: 10.1166 (9.1102)
Test:  [  0/391]  eta: 0:37:51  sploss: 6.7530 (6.7530)  famloss: 2.8227 (2.8227)  manuloss: 1.7190 (1.7190)  acc1: 9.7656 (9.7656)  acc5: 19.9219 (19.9219)  family_acc1: 46.0938 (46.0938)  manu_acc1: 63.6719 (63.6719)  time: 5.8099  data: 5.5758  max mem: 11382
Test:  [250/391]  eta: 0:01:00  sploss: 6.6705 (6.7660)  famloss: 2.9864 (2.9934)  manuloss: 1.9546 (1.8976)  acc1: 8.9844 (8.9766)  acc5: 19.5312 (19.2589)  family_acc1: 41.4062 (42.8287)  manu_acc1: 57.4219 (60.0115)  time: 0.3286  data: 0.1123  max mem: 11382
Test:  [390/391]  eta: 0:00:00  sploss: 6.6509 (6.7270)  famloss: 2.7512 (2.9238)  manuloss: 1.5082 (1.8214)  acc1: 8.9844 (9.1220)  acc5: 20.7031 (19.4890)  family_acc1: 46.4844 (43.9220)  manu_acc1: 69.5312 (61.7510)  time: 0.3887  data: 0.1965  max mem: 11382
Test: Total time: 0:02:41 (0.4143 s / it)
* Acc@1 9.122 Acc@5 19.489 family@1 43.922 manu@1 61.751 sploss 6.727 fmloss 2.924 mfloss 1.821
FPA: 6.094% | TICE: 70.626%   
 wAP: 13.759  |  LCA: 221.528   |   Precision and Recall: 23.972%
Accuracy of the network on the 100000 test images: 9.1%
Max accuracy: 9.48%
Do not use KL loss
Epoch: [92]  [ 0/78]  eta: 0:07:36  lr: 0.000015  sp_loss: 3.8960 (3.8960)  fam_loss: 2.9220 (2.9220)  manu_loss: 2.0987 (2.0987)  ot_loss: 2.6738 (2.6738)  base_loss: 8.9166 (8.9166)  time: 5.8551  data: 5.5645  max mem: 11382
Epoch: [92]  [77/78]  eta: 0:00:00  lr: 0.000015  sp_loss: 4.0876 (3.7487)  fam_loss: 3.1049 (2.8590)  manu_loss: 2.2685 (2.1215)  ot_loss: 2.7617 (2.5547)  base_loss: 9.5011 (8.7292)  time: 0.3873  data: 0.1450  max mem: 11382
Epoch: [92] Total time: 0:00:34 (0.4470 s / it)
Averaged stats: lr: 0.000015  sp_loss: 4.0876 (3.7487)  fam_loss: 3.1049 (2.8590)  manu_loss: 2.2685 (2.1215)  ot_loss: 2.7617 (2.5547)  base_loss: 9.5011 (8.7292)
Test:  [  0/391]  eta: 0:40:07  sploss: 6.7174 (6.7174)  famloss: 2.7604 (2.7604)  manuloss: 1.6836 (1.6836)  acc1: 9.3750 (9.3750)  acc5: 20.7031 (20.7031)  family_acc1: 46.0938 (46.0938)  manu_acc1: 62.1094 (62.1094)  time: 6.1575  data: 5.8735  max mem: 11382
Test:  [250/391]  eta: 0:00:57  sploss: 6.6223 (6.7261)  famloss: 2.9057 (2.9238)  manuloss: 1.9167 (1.8654)  acc1: 8.9844 (9.1774)  acc5: 20.3125 (19.7382)  family_acc1: 42.5781 (43.1368)  manu_acc1: 57.4219 (60.4068)  time: 0.3134  data: 0.1039  max mem: 11382
Test:  [390/391]  eta: 0:00:00  sploss: 6.6100 (6.6851)  famloss: 2.6727 (2.8534)  manuloss: 1.4788 (1.7876)  acc1: 9.3750 (9.3610)  acc5: 21.0938 (19.9850)  family_acc1: 48.0469 (44.2890)  manu_acc1: 69.9219 (62.1300)  time: 0.3978  data: 0.2050  max mem: 11382
Test: Total time: 0:02:37 (0.4040 s / it)
* Acc@1 9.361 Acc@5 19.985 family@1 44.289 manu@1 62.130 sploss 6.685 fmloss 2.853 mfloss 1.788
FPA: 6.319% | TICE: 70.052%   
 wAP: 14.014  |  LCA: 220.354   |   Precision and Recall: 24.362%
Accuracy of the network on the 100000 test images: 9.4%
Max accuracy: 9.48%
Do not use KL loss
Epoch: [93]  [ 0/78]  eta: 0:08:25  lr: 0.000014  sp_loss: 3.0291 (3.0291)  fam_loss: 2.3356 (2.3356)  manu_loss: 1.7698 (1.7698)  ot_loss: 2.0566 (2.0566)  base_loss: 7.1345 (7.1345)  time: 6.4796  data: 6.1900  max mem: 11382
Epoch: [93]  [77/78]  eta: 0:00:00  lr: 0.000014  sp_loss: 3.4896 (3.8026)  fam_loss: 2.6311 (2.9061)  manu_loss: 1.9765 (2.1564)  ot_loss: 2.2969 (2.5943)  base_loss: 8.2299 (8.8651)  time: 0.4151  data: 0.1819  max mem: 11382
Epoch: [93] Total time: 0:00:35 (0.4519 s / it)
Averaged stats: lr: 0.000014  sp_loss: 3.4896 (3.8026)  fam_loss: 2.6311 (2.9061)  manu_loss: 1.9765 (2.1564)  ot_loss: 2.2969 (2.5943)  base_loss: 8.2299 (8.8651)
Test:  [  0/391]  eta: 0:43:08  sploss: 6.7187 (6.7187)  famloss: 2.7691 (2.7691)  manuloss: 1.6903 (1.6903)  acc1: 8.9844 (8.9844)  acc5: 21.0938 (21.0938)  family_acc1: 45.3125 (45.3125)  manu_acc1: 62.5000 (62.5000)  time: 6.6213  data: 6.3398  max mem: 11382
Test:  [250/391]  eta: 0:01:01  sploss: 6.6412 (6.7415)  famloss: 2.9104 (2.9295)  manuloss: 1.9173 (1.8648)  acc1: 9.7656 (9.1758)  acc5: 20.7031 (19.6666)  family_acc1: 42.1875 (42.9454)  manu_acc1: 57.8125 (60.3383)  time: 0.3322  data: 0.1051  max mem: 11382
Test:  [390/391]  eta: 0:00:00  sploss: 6.6257 (6.7012)  famloss: 2.6733 (2.8590)  manuloss: 1.4785 (1.7865)  acc1: 9.7656 (9.2990)  acc5: 21.0938 (19.8990)  family_acc1: 47.6562 (44.1210)  manu_acc1: 69.5312 (62.0410)  time: 0.3873  data: 0.1962  max mem: 11382
Test: Total time: 0:02:44 (0.4215 s / it)
* Acc@1 9.299 Acc@5 19.899 family@1 44.121 manu@1 62.041 sploss 6.701 fmloss 2.859 mfloss 1.787
FPA: 6.298% | TICE: 70.045%   
 wAP: 13.941  |  LCA: 220.747   |   Precision and Recall: 24.226%
Accuracy of the network on the 100000 test images: 9.3%
Max accuracy: 9.48%
Do not use KL loss
Epoch: [94]  [ 0/78]  eta: 0:08:06  lr: 0.000013  sp_loss: 3.9033 (3.9033)  fam_loss: 2.9861 (2.9861)  manu_loss: 2.0610 (2.0610)  ot_loss: 2.6270 (2.6270)  base_loss: 8.9504 (8.9504)  time: 6.2325  data: 5.9449  max mem: 11382
Epoch: [94]  [77/78]  eta: 0:00:00  lr: 0.000013  sp_loss: 3.7394 (3.7691)  fam_loss: 2.8239 (2.8799)  manu_loss: 1.9966 (2.1209)  ot_loss: 2.4277 (2.5839)  base_loss: 8.5470 (8.7699)  time: 0.3850  data: 0.1536  max mem: 11382
Epoch: [94] Total time: 0:00:36 (0.4680 s / it)
Averaged stats: lr: 0.000013  sp_loss: 3.7394 (3.7691)  fam_loss: 2.8239 (2.8799)  manu_loss: 1.9966 (2.1209)  ot_loss: 2.4277 (2.5839)  base_loss: 8.5470 (8.7699)
Test:  [  0/391]  eta: 0:38:21  sploss: 6.6774 (6.6774)  famloss: 2.7080 (2.7080)  manuloss: 1.6508 (1.6508)  acc1: 9.7656 (9.7656)  acc5: 22.2656 (22.2656)  family_acc1: 46.0938 (46.0938)  manu_acc1: 62.1094 (62.1094)  time: 5.8852  data: 5.6532  max mem: 11382
Test:  [250/391]  eta: 0:00:58  sploss: 6.6090 (6.7114)  famloss: 2.8515 (2.8747)  manuloss: 1.8844 (1.8387)  acc1: 9.3750 (9.2816)  acc5: 21.4844 (19.9561)  family_acc1: 42.1875 (43.2644)  manu_acc1: 57.0312 (60.4442)  time: 0.3185  data: 0.1026  max mem: 11382
Test:  [390/391]  eta: 0:00:00  sploss: 6.5813 (6.6688)  famloss: 2.6255 (2.8029)  manuloss: 1.4331 (1.7586)  acc1: 9.3750 (9.4770)  acc5: 21.0938 (20.1990)  family_acc1: 48.0469 (44.4500)  manu_acc1: 69.1406 (62.1650)  time: 0.4209  data: 0.2267  max mem: 11382
Test: Total time: 0:02:39 (0.4072 s / it)
* Acc@1 9.477 Acc@5 20.199 family@1 44.450 manu@1 62.165 sploss 6.669 fmloss 2.803 mfloss 1.759
FPA: 6.461% | TICE: 69.787%   
 wAP: 14.132  |  LCA: 219.869   |   Precision and Recall: 24.510%
Accuracy of the network on the 100000 test images: 9.5%
Max accuracy: 9.48%
Do not use KL loss
Epoch: [95]  [ 0/78]  eta: 0:08:02  lr: 0.000012  sp_loss: 3.8731 (3.8731)  fam_loss: 2.9437 (2.9437)  manu_loss: 2.1894 (2.1894)  ot_loss: 2.5312 (2.5312)  base_loss: 9.0062 (9.0062)  time: 6.1879  data: 5.8937  max mem: 11382
Epoch: [95]  [77/78]  eta: 0:00:00  lr: 0.000012  sp_loss: 3.6561 (3.7413)  fam_loss: 2.7645 (2.8656)  manu_loss: 2.0487 (2.1197)  ot_loss: 2.4102 (2.5652)  base_loss: 8.5936 (8.7266)  time: 0.3994  data: 0.1643  max mem: 11382
Epoch: [95] Total time: 0:00:34 (0.4436 s / it)
Averaged stats: lr: 0.000012  sp_loss: 3.6561 (3.7413)  fam_loss: 2.7645 (2.8656)  manu_loss: 2.0487 (2.1197)  ot_loss: 2.4102 (2.5652)  base_loss: 8.5936 (8.7266)
Test:  [  0/391]  eta: 0:39:54  sploss: 6.7269 (6.7269)  famloss: 2.7879 (2.7879)  manuloss: 1.7065 (1.7065)  acc1: 9.3750 (9.3750)  acc5: 21.8750 (21.8750)  family_acc1: 46.0938 (46.0938)  manu_acc1: 62.5000 (62.5000)  time: 6.1248  data: 5.8346  max mem: 11382
Test:  [250/391]  eta: 0:01:00  sploss: 6.6315 (6.7427)  famloss: 2.9175 (2.9409)  manuloss: 1.9212 (1.8739)  acc1: 8.9844 (9.1898)  acc5: 21.0938 (19.5608)  family_acc1: 42.1875 (42.9283)  manu_acc1: 57.8125 (60.2916)  time: 0.3831  data: 0.1388  max mem: 11382
Test:  [390/391]  eta: 0:00:00  sploss: 6.6092 (6.7017)  famloss: 2.6853 (2.8703)  manuloss: 1.4808 (1.7951)  acc1: 9.7656 (9.3540)  acc5: 21.0938 (19.8580)  family_acc1: 47.6562 (44.1250)  manu_acc1: 68.7500 (62.0270)  time: 0.3893  data: 0.1843  max mem: 11382
Test: Total time: 0:02:44 (0.4217 s / it)
* Acc@1 9.354 Acc@5 19.858 family@1 44.125 manu@1 62.027 sploss 6.702 fmloss 2.870 mfloss 1.795
FPA: 6.317% | TICE: 70.053%   
 wAP: 13.989  |  LCA: 220.338   |   Precision and Recall: 24.360%
Accuracy of the network on the 100000 test images: 9.4%
Max accuracy: 9.48%
Do not use KL loss
Epoch: [96]  [ 0/78]  eta: 0:07:58  lr: 0.000011  sp_loss: 4.2606 (4.2606)  fam_loss: 3.4586 (3.4586)  manu_loss: 2.4916 (2.4916)  ot_loss: 3.0234 (3.0234)  base_loss: 10.2109 (10.2109)  time: 6.1352  data: 5.8510  max mem: 11382
Epoch: [96]  [77/78]  eta: 0:00:00  lr: 0.000011  sp_loss: 3.3840 (3.6099)  fam_loss: 2.5757 (2.7708)  manu_loss: 1.9145 (2.0518)  ot_loss: 2.2754 (2.5076)  base_loss: 7.8742 (8.4325)  time: 0.3920  data: 0.1594  max mem: 11382
Epoch: [96] Total time: 0:00:35 (0.4508 s / it)
Averaged stats: lr: 0.000011  sp_loss: 3.3840 (3.6099)  fam_loss: 2.5757 (2.7708)  manu_loss: 1.9145 (2.0518)  ot_loss: 2.2754 (2.5076)  base_loss: 7.8742 (8.4325)
Test:  [  0/391]  eta: 0:38:55  sploss: 6.6618 (6.6618)  famloss: 2.6780 (2.6780)  manuloss: 1.6101 (1.6101)  acc1: 10.5469 (10.5469)  acc5: 21.8750 (21.8750)  family_acc1: 46.0938 (46.0938)  manu_acc1: 63.2812 (63.2812)  time: 5.9721  data: 5.6978  max mem: 11382
Test:  [250/391]  eta: 0:00:58  sploss: 6.6026 (6.7033)  famloss: 2.8259 (2.8515)  manuloss: 1.8758 (1.8249)  acc1: 9.3750 (9.3314)  acc5: 21.4844 (20.0230)  family_acc1: 42.5781 (43.4014)  manu_acc1: 57.8125 (60.5095)  time: 0.3238  data: 0.1219  max mem: 11382
Test:  [390/391]  eta: 0:00:00  sploss: 6.5757 (6.6603)  famloss: 2.6075 (2.7798)  manuloss: 1.4263 (1.7453)  acc1: 9.7656 (9.4860)  acc5: 21.4844 (20.2630)  family_acc1: 48.0469 (44.5700)  manu_acc1: 69.5312 (62.2070)  time: 0.4088  data: 0.2125  max mem: 11382
Test: Total time: 0:02:40 (0.4117 s / it)
* Acc@1 9.486 Acc@5 20.263 family@1 44.570 manu@1 62.207 sploss 6.660 fmloss 2.780 mfloss 1.745
FPA: 6.497% | TICE: 69.779%   
 wAP: 14.153  |  LCA: 219.807   |   Precision and Recall: 24.545%
Accuracy of the network on the 100000 test images: 9.5%
Max accuracy: 9.49%
Do not use KL loss
Epoch: [97]  [ 0/78]  eta: 0:07:56  lr: 0.000011  sp_loss: 3.7805 (3.7805)  fam_loss: 2.9542 (2.9542)  manu_loss: 2.1904 (2.1904)  ot_loss: 2.6270 (2.6270)  base_loss: 8.9252 (8.9252)  time: 6.1041  data: 5.8349  max mem: 11382
Epoch: [97]  [77/78]  eta: 0:00:00  lr: 0.000011  sp_loss: 4.0014 (3.7890)  fam_loss: 3.0432 (2.9062)  manu_loss: 2.1900 (2.1418)  ot_loss: 2.5508 (2.6073)  base_loss: 9.2345 (8.8369)  time: 0.3850  data: 0.1577  max mem: 11382
Epoch: [97] Total time: 0:00:34 (0.4412 s / it)
Averaged stats: lr: 0.000011  sp_loss: 4.0014 (3.7890)  fam_loss: 3.0432 (2.9062)  manu_loss: 2.1900 (2.1418)  ot_loss: 2.5508 (2.6073)  base_loss: 9.2345 (8.8369)
Test:  [  0/391]  eta: 0:48:04  sploss: 6.7063 (6.7063)  famloss: 2.7528 (2.7528)  manuloss: 1.6655 (1.6655)  acc1: 9.7656 (9.7656)  acc5: 21.4844 (21.4844)  family_acc1: 46.0938 (46.0938)  manu_acc1: 62.1094 (62.1094)  time: 7.3766  data: 7.0995  max mem: 11382
Test:  [250/391]  eta: 0:01:00  sploss: 6.6197 (6.7288)  famloss: 2.8977 (2.9098)  manuloss: 1.8997 (1.8526)  acc1: 9.3750 (9.2007)  acc5: 21.4844 (19.6884)  family_acc1: 42.1875 (43.1555)  manu_acc1: 58.2031 (60.5017)  time: 0.3316  data: 0.1242  max mem: 11382
Test:  [390/391]  eta: 0:00:00  sploss: 6.6065 (6.6873)  famloss: 2.6583 (2.8392)  manuloss: 1.4549 (1.7735)  acc1: 9.7656 (9.3660)  acc5: 21.0938 (19.9990)  family_acc1: 48.0469 (44.3450)  manu_acc1: 69.9219 (62.1860)  time: 0.4015  data: 0.2143  max mem: 11382
Test: Total time: 0:02:45 (0.4221 s / it)
* Acc@1 9.366 Acc@5 19.999 family@1 44.345 manu@1 62.186 sploss 6.687 fmloss 2.839 mfloss 1.773
FPA: 6.366% | TICE: 69.964%   
 wAP: 14.025  |  LCA: 220.282   |   Precision and Recall: 24.380%
Accuracy of the network on the 100000 test images: 9.4%
Max accuracy: 9.49%
Do not use KL loss
Epoch: [98]  [ 0/78]  eta: 0:08:01  lr: 0.000011  sp_loss: 3.5708 (3.5708)  fam_loss: 2.6354 (2.6354)  manu_loss: 1.9609 (1.9609)  ot_loss: 2.3516 (2.3516)  base_loss: 8.1671 (8.1671)  time: 6.1672  data: 5.8747  max mem: 11382
Epoch: [98]  [77/78]  eta: 0:00:00  lr: 0.000011  sp_loss: 3.2667 (3.7631)  fam_loss: 2.4331 (2.8903)  manu_loss: 1.8356 (2.1328)  ot_loss: 2.2363 (2.5996)  base_loss: 7.5566 (8.7862)  time: 0.3966  data: 0.1642  max mem: 11382
Epoch: [98] Total time: 0:00:35 (0.4491 s / it)
Averaged stats: lr: 0.000011  sp_loss: 3.2667 (3.7631)  fam_loss: 2.4331 (2.8903)  manu_loss: 1.8356 (2.1328)  ot_loss: 2.2363 (2.5996)  base_loss: 7.5566 (8.7862)
Test:  [  0/391]  eta: 0:39:01  sploss: 6.6769 (6.6769)  famloss: 2.7164 (2.7164)  manuloss: 1.6311 (1.6311)  acc1: 9.7656 (9.7656)  acc5: 22.2656 (22.2656)  family_acc1: 46.4844 (46.4844)  manu_acc1: 62.8906 (62.8906)  time: 5.9879  data: 5.7403  max mem: 11382
Test:  [250/391]  eta: 0:00:58  sploss: 6.6024 (6.7117)  famloss: 2.8698 (2.8832)  manuloss: 1.9045 (1.8415)  acc1: 9.7656 (9.2832)  acc5: 21.4844 (19.9561)  family_acc1: 42.9688 (43.3205)  manu_acc1: 57.8125 (60.5157)  time: 0.3267  data: 0.1125  max mem: 11382
Test:  [390/391]  eta: 0:00:00  sploss: 6.5955 (6.6694)  famloss: 2.6260 (2.8117)  manuloss: 1.4444 (1.7621)  acc1: 8.9844 (9.4370)  acc5: 21.4844 (20.2130)  family_acc1: 47.6562 (44.5140)  manu_acc1: 69.9219 (62.2230)  time: 0.3973  data: 0.2045  max mem: 11382
Test: Total time: 0:02:39 (0.4070 s / it)
* Acc@1 9.437 Acc@5 20.213 family@1 44.514 manu@1 62.223 sploss 6.669 fmloss 2.812 mfloss 1.762
FPA: 6.452% | TICE: 69.845%   
 wAP: 14.105  |  LCA: 220.034   |   Precision and Recall: 24.475%
Accuracy of the network on the 100000 test images: 9.4%
Max accuracy: 9.49%
Do not use KL loss
Epoch: [99]  [ 0/78]  eta: 0:07:48  lr: 0.000010  sp_loss: 3.7866 (3.7866)  fam_loss: 2.7329 (2.7329)  manu_loss: 2.1020 (2.1020)  ot_loss: 2.3574 (2.3574)  base_loss: 8.6216 (8.6216)  time: 6.0066  data: 5.7133  max mem: 11382
Epoch: [99]  [77/78]  eta: 0:00:00  lr: 0.000010  sp_loss: 3.6397 (3.6915)  fam_loss: 2.7358 (2.8279)  manu_loss: 2.0619 (2.0969)  ot_loss: 2.4180 (2.5337)  base_loss: 8.4408 (8.6163)  time: 0.3963  data: 0.1614  max mem: 11382
Epoch: [99] Total time: 0:00:35 (0.4530 s / it)
Averaged stats: lr: 0.000010  sp_loss: 3.6397 (3.6915)  fam_loss: 2.7358 (2.8279)  manu_loss: 2.0619 (2.0969)  ot_loss: 2.4180 (2.5337)  base_loss: 8.4408 (8.6163)
Test:  [  0/391]  eta: 0:38:31  sploss: 6.7248 (6.7248)  famloss: 2.7966 (2.7966)  manuloss: 1.6896 (1.6896)  acc1: 10.5469 (10.5469)  acc5: 21.0938 (21.0938)  family_acc1: 45.7031 (45.7031)  manu_acc1: 61.7188 (61.7188)  time: 5.9119  data: 5.6783  max mem: 11382
Test:  [250/391]  eta: 0:01:00  sploss: 6.6457 (6.7449)  famloss: 2.9364 (2.9513)  manuloss: 1.9226 (1.8768)  acc1: 10.5469 (9.1774)  acc5: 20.3125 (19.5733)  family_acc1: 41.7969 (43.0232)  manu_acc1: 57.4219 (60.3477)  time: 0.3666  data: 0.1260  max mem: 11382
Test:  [390/391]  eta: 0:00:00  sploss: 6.6388 (6.7045)  famloss: 2.7057 (2.8810)  manuloss: 1.4895 (1.7994)  acc1: 9.3750 (9.3300)  acc5: 20.7031 (19.8650)  family_acc1: 47.2656 (44.1670)  manu_acc1: 69.1406 (62.0620)  time: 0.3961  data: 0.2062  max mem: 11382
Test: Total time: 0:02:46 (0.4256 s / it)
* Acc@1 9.330 Acc@5 19.865 family@1 44.167 manu@1 62.062 sploss 6.705 fmloss 2.881 mfloss 1.799
FPA: 6.307% | TICE: 70.209%   
 wAP: 13.973  |  LCA: 220.695   |   Precision and Recall: 24.263%
Accuracy of the network on the 100000 test images: 9.3%
Max accuracy: 9.49%
Training time 3:40:30
Test:  [  0/391]  eta: 0:38:08  sploss: 6.7253 (6.7253)  famloss: 2.7980 (2.7980)  manuloss: 1.6889 (1.6889)  acc1: 10.5469 (10.5469)  acc5: 21.0938 (21.0938)  family_acc1: 45.7031 (45.7031)  manu_acc1: 61.7188 (61.7188)  time: 5.8530  data: 5.5640  max mem: 11382
Test:  [  1/391]  eta: 0:21:23  sploss: 6.6269 (6.6761)  famloss: 2.7980 (2.8315)  manuloss: 1.6889 (1.7651)  acc1: 10.5469 (12.3047)  acc5: 21.0938 (22.2656)  family_acc1: 43.3594 (44.5312)  manu_acc1: 60.9375 (61.3281)  time: 3.2912  data: 3.0064  max mem: 11382
Test:  [  2/391]  eta: 0:14:45  sploss: 6.6269 (6.6572)  famloss: 2.7980 (2.7477)  manuloss: 1.6889 (1.6581)  acc1: 10.5469 (11.0677)  acc5: 21.0938 (21.3542)  family_acc1: 45.7031 (45.9635)  manu_acc1: 61.7188 (63.9323)  time: 2.2772  data: 2.0045  max mem: 11382
Test:  [  3/391]  eta: 0:11:26  sploss: 6.6269 (6.6951)  famloss: 2.7634 (2.7516)  manuloss: 1.6543 (1.6571)  acc1: 8.5938 (10.0586)  acc5: 19.5312 (20.5078)  family_acc1: 44.9219 (45.7031)  manu_acc1: 61.7188 (64.2578)  time: 1.7703  data: 1.5036  max mem: 11382
Test:  [  4/391]  eta: 0:09:27  sploss: 6.7253 (6.7256)  famloss: 2.7980 (2.7990)  manuloss: 1.6889 (1.7009)  acc1: 9.7656 (10.0000)  acc5: 19.5312 (19.8438)  family_acc1: 45.3125 (45.6250)  manu_acc1: 61.7188 (63.5938)  time: 1.4666  data: 1.2029  max mem: 11382
Test:  [  5/391]  eta: 0:08:08  sploss: 6.7253 (6.7360)  famloss: 2.7980 (2.8321)  manuloss: 1.6889 (1.7403)  acc1: 8.5938 (9.5703)  acc5: 19.5312 (19.8568)  family_acc1: 44.9219 (44.5312)  manu_acc1: 60.9375 (62.8906)  time: 1.2655  data: 1.0025  max mem: 11382
Test:  [  6/391]  eta: 0:07:11  sploss: 6.7253 (6.7058)  famloss: 2.7980 (2.8094)  manuloss: 1.6889 (1.7241)  acc1: 8.5938 (9.2076)  acc5: 19.9219 (20.2009)  family_acc1: 45.3125 (45.2567)  manu_acc1: 61.7188 (63.6719)  time: 1.1205  data: 0.8594  max mem: 11382
Test:  [  7/391]  eta: 0:06:29  sploss: 6.7253 (6.7203)  famloss: 2.7634 (2.7959)  manuloss: 1.6889 (1.7340)  acc1: 8.5938 (9.2773)  acc5: 19.9219 (20.3125)  family_acc1: 44.9219 (45.1660)  manu_acc1: 60.9375 (63.2812)  time: 1.0134  data: 0.7521  max mem: 11382
Test:  [  8/391]  eta: 0:05:56  sploss: 6.7883 (6.7606)  famloss: 2.7980 (2.8972)  manuloss: 1.8032 (1.8390)  acc1: 8.5938 (9.2014)  acc5: 19.9219 (19.9219)  family_acc1: 44.9219 (44.3142)  manu_acc1: 60.9375 (62.0226)  time: 0.9295  data: 0.6685  max mem: 11382
Test:  [  9/391]  eta: 0:05:29  sploss: 6.7883 (6.7811)  famloss: 2.7980 (2.9297)  manuloss: 1.8032 (1.8627)  acc1: 8.5938 (8.9844)  acc5: 19.5312 (19.6094)  family_acc1: 44.5312 (44.1406)  manu_acc1: 60.9375 (61.4844)  time: 0.8617  data: 0.6017  max mem: 11382
Test:  [ 10/391]  eta: 0:05:07  sploss: 6.8084 (6.7836)  famloss: 2.8649 (2.9260)  manuloss: 1.8032 (1.8469)  acc1: 8.5938 (9.1619)  acc5: 19.9219 (19.7443)  family_acc1: 44.5312 (44.0341)  manu_acc1: 60.9375 (61.9673)  time: 0.8068  data: 0.5471  max mem: 11382
Test:  [ 11/391]  eta: 0:04:49  sploss: 6.7883 (6.7694)  famloss: 2.8133 (2.9166)  manuloss: 1.8032 (1.8475)  acc1: 8.5938 (9.1146)  acc5: 19.9219 (19.8242)  family_acc1: 43.7500 (44.0104)  manu_acc1: 60.9375 (61.8815)  time: 0.7610  data: 0.5016  max mem: 11382
Test:  [ 12/391]  eta: 0:05:11  sploss: 6.8084 (6.7735)  famloss: 2.8649 (2.9237)  manuloss: 1.8412 (1.8594)  acc1: 8.5938 (9.1046)  acc5: 19.9219 (19.5913)  family_acc1: 43.7500 (43.8401)  manu_acc1: 60.9375 (61.6286)  time: 0.8222  data: 0.5661  max mem: 11382
Test:  [ 13/391]  eta: 0:05:01  sploss: 6.8084 (6.8029)  famloss: 2.8649 (2.9353)  manuloss: 1.8412 (1.8649)  acc1: 8.5938 (8.9007)  acc5: 19.5312 (19.1685)  family_acc1: 43.3594 (43.4431)  manu_acc1: 60.9375 (61.3560)  time: 0.7979  data: 0.5414  max mem: 11382
Test:  [ 14/391]  eta: 0:04:50  sploss: 6.8084 (6.7984)  famloss: 2.8649 (2.9197)  manuloss: 1.8412 (1.8424)  acc1: 8.5938 (8.8802)  acc5: 19.9219 (19.2188)  family_acc1: 43.7500 (43.6719)  manu_acc1: 60.9375 (61.9531)  time: 0.7713  data: 0.5151  max mem: 11382
Test:  [ 15/391]  eta: 0:04:37  sploss: 6.8084 (6.8010)  famloss: 2.8133 (2.9084)  manuloss: 1.8032 (1.8391)  acc1: 8.5938 (8.8135)  acc5: 19.5312 (19.0186)  family_acc1: 43.7500 (43.9209)  manu_acc1: 60.9375 (61.9873)  time: 0.7383  data: 0.4830  max mem: 11382
Test:  [ 16/391]  eta: 0:04:24  sploss: 6.8084 (6.8006)  famloss: 2.8354 (2.9041)  manuloss: 1.8032 (1.8323)  acc1: 8.5938 (8.9154)  acc5: 19.9219 (19.1636)  family_acc1: 44.5312 (43.9798)  manu_acc1: 60.9375 (62.1783)  time: 0.7065  data: 0.4546  max mem: 11382
Test:  [ 17/391]  eta: 0:04:13  sploss: 6.7948 (6.7930)  famloss: 2.8133 (2.8979)  manuloss: 1.7906 (1.8197)  acc1: 8.5938 (8.9410)  acc5: 19.5312 (19.0321)  family_acc1: 44.5312 (44.1840)  manu_acc1: 60.9375 (62.3047)  time: 0.6785  data: 0.4294  max mem: 11382
Test:  [ 18/391]  eta: 0:04:03  sploss: 6.8084 (6.7940)  famloss: 2.8354 (2.8952)  manuloss: 1.8032 (1.8318)  acc1: 8.5938 (8.9021)  acc5: 19.9219 (19.0995)  family_acc1: 44.5312 (44.1817)  manu_acc1: 60.9375 (62.1094)  time: 0.6532  data: 0.4068  max mem: 11382
Test:  [ 19/391]  eta: 0:03:54  sploss: 6.8084 (6.8043)  famloss: 2.8354 (2.8997)  manuloss: 1.8032 (1.8418)  acc1: 8.5938 (8.7891)  acc5: 19.5312 (18.8867)  family_acc1: 44.1406 (44.1016)  manu_acc1: 60.9375 (62.1094)  time: 0.6306  data: 0.3865  max mem: 11382
Test:  [ 20/391]  eta: 0:03:46  sploss: 6.8089 (6.8166)  famloss: 2.8463 (2.9108)  manuloss: 1.8412 (1.8483)  acc1: 8.5938 (8.8356)  acc5: 17.9688 (18.7872)  family_acc1: 43.7500 (43.8616)  manu_acc1: 60.9375 (61.9606)  time: 0.3479  data: 0.1083  max mem: 11382
Test:  [ 21/391]  eta: 0:03:38  sploss: 6.8127 (6.8343)  famloss: 2.8463 (2.9275)  manuloss: 1.8538 (1.8593)  acc1: 8.5938 (8.8246)  acc5: 17.1875 (18.6612)  family_acc1: 43.7500 (43.5547)  manu_acc1: 60.9375 (61.7720)  time: 0.3215  data: 0.0859  max mem: 11382
Test:  [ 22/391]  eta: 0:03:31  sploss: 6.8127 (6.8331)  famloss: 2.8894 (2.9332)  manuloss: 1.8538 (1.8588)  acc1: 8.5938 (8.8485)  acc5: 17.1875 (18.7330)  family_acc1: 42.9688 (43.5122)  manu_acc1: 60.9375 (61.8716)  time: 0.3190  data: 0.0858  max mem: 11382
Test:  [ 23/391]  eta: 0:03:25  sploss: 6.8127 (6.8237)  famloss: 2.9865 (2.9423)  manuloss: 1.8761 (1.8729)  acc1: 8.5938 (9.0658)  acc5: 17.1875 (18.9616)  family_acc1: 42.5781 (43.4082)  manu_acc1: 60.5469 (61.5072)  time: 0.3168  data: 0.0858  max mem: 11382
Test:  [ 24/391]  eta: 0:03:52  sploss: 6.8127 (6.8256)  famloss: 2.9865 (2.9456)  manuloss: 1.9360 (1.8783)  acc1: 8.5938 (8.9844)  acc5: 16.7969 (18.8594)  family_acc1: 42.5781 (43.2969)  manu_acc1: 59.3750 (61.4219)  time: 0.4264  data: 0.1940  max mem: 11382
Test:  [ 25/391]  eta: 0:03:47  sploss: 6.8127 (6.8206)  famloss: 2.9356 (2.9452)  manuloss: 1.9317 (1.8803)  acc1: 8.5938 (9.0294)  acc5: 16.7969 (18.9002)  family_acc1: 42.5781 (43.1340)  manu_acc1: 59.3750 (61.2981)  time: 0.4271  data: 0.1940  max mem: 11382
Test:  [ 26/391]  eta: 0:03:46  sploss: 6.8127 (6.8005)  famloss: 2.9356 (2.9369)  manuloss: 1.9317 (1.8759)  acc1: 8.5938 (9.0278)  acc5: 16.7969 (19.0972)  family_acc1: 42.5781 (43.2581)  manu_acc1: 59.3750 (61.3281)  time: 0.4467  data: 0.2133  max mem: 11382
Test:  [ 27/391]  eta: 0:03:41  sploss: 6.8084 (6.7987)  famloss: 2.9865 (2.9444)  manuloss: 1.9360 (1.8804)  acc1: 8.5938 (8.9983)  acc5: 16.7969 (19.2243)  family_acc1: 42.5781 (43.1362)  manu_acc1: 58.9844 (61.2305)  time: 0.4463  data: 0.2133  max mem: 11382
Test:  [ 28/391]  eta: 0:03:35  sploss: 6.8071 (6.7977)  famloss: 2.9356 (2.9396)  manuloss: 1.9317 (1.8768)  acc1: 8.5938 (9.1056)  acc5: 19.9219 (19.2753)  family_acc1: 42.5781 (43.2112)  manu_acc1: 59.3750 (61.3685)  time: 0.4432  data: 0.2133  max mem: 11382
Test:  [ 29/391]  eta: 0:03:30  sploss: 6.7948 (6.7942)  famloss: 2.8894 (2.9356)  manuloss: 1.8697 (1.8765)  acc1: 8.5938 (9.0885)  acc5: 19.9219 (19.2708)  family_acc1: 42.5781 (43.3333)  manu_acc1: 59.3750 (61.2370)  time: 0.4408  data: 0.2133  max mem: 11382
Test:  [ 30/391]  eta: 0:03:25  sploss: 6.7700 (6.7890)  famloss: 2.8466 (2.9328)  manuloss: 1.8697 (1.8701)  acc1: 8.5938 (9.1608)  acc5: 19.9219 (19.3044)  family_acc1: 42.5781 (43.4728)  manu_acc1: 59.3750 (61.3533)  time: 0.4380  data: 0.2133  max mem: 11382
Test:  [ 31/391]  eta: 0:03:20  sploss: 6.7948 (6.7948)  famloss: 2.9270 (2.9326)  manuloss: 1.8697 (1.8659)  acc1: 8.5938 (9.1064)  acc5: 19.1406 (19.1406)  family_acc1: 42.5781 (43.5547)  manu_acc1: 59.3750 (61.4136)  time: 0.4350  data: 0.2133  max mem: 11382
Test:  [ 32/391]  eta: 0:03:16  sploss: 6.7700 (6.7928)  famloss: 2.8466 (2.9245)  manuloss: 1.8469 (1.8548)  acc1: 8.5938 (9.1383)  acc5: 19.1406 (19.1051)  family_acc1: 44.1406 (43.6553)  manu_acc1: 62.1094 (61.7069)  time: 0.3674  data: 0.1462  max mem: 11382
Test:  [ 33/391]  eta: 0:03:12  sploss: 6.7511 (6.7905)  famloss: 2.8463 (2.9167)  manuloss: 1.7906 (1.8457)  acc1: 8.9844 (9.1797)  acc5: 19.9219 (19.1406)  family_acc1: 44.9219 (43.7960)  manu_acc1: 62.1094 (61.9600)  time: 0.3542  data: 0.1352  max mem: 11382
Test:  [ 34/391]  eta: 0:03:08  sploss: 6.7511 (6.7870)  famloss: 2.8463 (2.9134)  manuloss: 1.7906 (1.8381)  acc1: 9.3750 (9.2188)  acc5: 19.9219 (19.1853)  family_acc1: 44.9219 (43.8393)  manu_acc1: 62.1094 (62.0536)  time: 0.3438  data: 0.1279  max mem: 11382
Test:  [ 35/391]  eta: 0:03:04  sploss: 6.7307 (6.7836)  famloss: 2.8463 (2.9055)  manuloss: 1.7750 (1.8324)  acc1: 9.3750 (9.2882)  acc5: 20.3125 (19.2817)  family_acc1: 44.9219 (43.9345)  manu_acc1: 62.1094 (62.1636)  time: 0.3415  data: 0.1279  max mem: 11382
Test:  [ 36/391]  eta: 0:03:17  sploss: 6.7130 (6.7808)  famloss: 2.8463 (2.9015)  manuloss: 1.7750 (1.8292)  acc1: 9.3750 (9.2589)  acc5: 20.3125 (19.3412)  family_acc1: 45.3125 (44.0456)  manu_acc1: 62.1094 (62.2044)  time: 0.4292  data: 0.2117  max mem: 11382
Test:  [ 37/391]  eta: 0:03:15  sploss: 6.7307 (6.7864)  famloss: 2.8466 (2.9067)  manuloss: 1.8469 (1.8347)  acc1: 8.9844 (9.2311)  acc5: 20.3125 (19.2743)  family_acc1: 44.1406 (43.9042)  manu_acc1: 62.1094 (62.0888)  time: 0.4403  data: 0.2189  max mem: 11382
Test:  [ 38/391]  eta: 0:03:18  sploss: 6.7307 (6.7967)  famloss: 2.9270 (2.9084)  manuloss: 1.8469 (1.8371)  acc1: 8.9844 (9.1847)  acc5: 19.9219 (19.1206)  family_acc1: 44.1406 (43.9103)  manu_acc1: 62.1094 (62.0493)  time: 0.4784  data: 0.2543  max mem: 11382
Test:  [ 39/391]  eta: 0:03:15  sploss: 6.7307 (6.8030)  famloss: 2.9270 (2.9139)  manuloss: 1.8469 (1.8388)  acc1: 8.9844 (9.1504)  acc5: 19.9219 (19.0137)  family_acc1: 44.1406 (43.8086)  manu_acc1: 60.5469 (62.0117)  time: 0.4812  data: 0.2543  max mem: 11382
Test:  [ 40/391]  eta: 0:03:12  sploss: 6.7130 (6.7999)  famloss: 2.9221 (2.9141)  manuloss: 1.7750 (1.8365)  acc1: 8.5938 (9.1368)  acc5: 20.3125 (19.0739)  family_acc1: 44.5312 (43.8262)  manu_acc1: 62.1094 (62.1284)  time: 0.4815  data: 0.2543  max mem: 11382
Test:  [ 41/391]  eta: 0:03:08  sploss: 6.7130 (6.8033)  famloss: 2.8466 (2.9117)  manuloss: 1.7612 (1.8327)  acc1: 8.5938 (9.1239)  acc5: 20.3125 (19.0755)  family_acc1: 44.5312 (43.8244)  manu_acc1: 63.2812 (62.2489)  time: 0.4814  data: 0.2543  max mem: 11382
Test:  [ 42/391]  eta: 0:03:05  sploss: 6.7130 (6.8027)  famloss: 2.8466 (2.9111)  manuloss: 1.7438 (1.8294)  acc1: 8.5938 (9.1479)  acc5: 19.9219 (19.0498)  family_acc1: 45.3125 (43.8772)  manu_acc1: 63.2812 (62.3456)  time: 0.4812  data: 0.2543  max mem: 11382
Test:  [ 43/391]  eta: 0:03:02  sploss: 6.7130 (6.8006)  famloss: 2.8466 (2.9140)  manuloss: 1.7438 (1.8295)  acc1: 8.5938 (9.1175)  acc5: 19.1406 (19.0430)  family_acc1: 45.3125 (43.8033)  manu_acc1: 63.2812 (62.2425)  time: 0.4810  data: 0.2543  max mem: 11382
Test:  [ 44/391]  eta: 0:02:59  sploss: 6.7087 (6.7973)  famloss: 2.8466 (2.9133)  manuloss: 1.7354 (1.8263)  acc1: 8.5938 (9.1840)  acc5: 19.9219 (19.1406)  family_acc1: 45.3125 (43.8194)  manu_acc1: 63.6719 (62.2917)  time: 0.3688  data: 0.1461  max mem: 11382
Test:  [ 45/391]  eta: 0:02:56  sploss: 6.7130 (6.7982)  famloss: 2.8466 (2.9176)  manuloss: 1.7354 (1.8274)  acc1: 8.5938 (9.1797)  acc5: 19.1406 (19.1236)  family_acc1: 45.3125 (43.8264)  manu_acc1: 63.6719 (62.3132)  time: 0.3651  data: 0.1461  max mem: 11382
Test:  [ 46/391]  eta: 0:02:53  sploss: 6.7150 (6.7964)  famloss: 2.8815 (2.9185)  manuloss: 1.7354 (1.8270)  acc1: 8.5938 (9.1838)  acc5: 19.1406 (19.1406)  family_acc1: 44.5312 (43.7666)  manu_acc1: 63.6719 (62.3172)  time: 0.3432  data: 0.1268  max mem: 11382
Test:  [ 47/391]  eta: 0:02:50  sploss: 6.7150 (6.7963)  famloss: 2.8815 (2.9208)  manuloss: 1.7354 (1.8279)  acc1: 8.5938 (9.1715)  acc5: 19.1406 (19.1325)  family_acc1: 44.5312 (43.7093)  manu_acc1: 63.6719 (62.3128)  time: 0.3407  data: 0.1268  max mem: 11382
Test:  [ 48/391]  eta: 0:02:58  sploss: 6.7150 (6.7948)  famloss: 2.8815 (2.9186)  manuloss: 1.7354 (1.8268)  acc1: 8.5938 (9.1677)  acc5: 18.7500 (19.1008)  family_acc1: 44.5312 (43.7899)  manu_acc1: 63.2812 (62.2927)  time: 0.4119  data: 0.1942  max mem: 11382
Test:  [ 49/391]  eta: 0:02:58  sploss: 6.7150 (6.7878)  famloss: 2.8815 (2.9162)  manuloss: 1.7354 (1.8257)  acc1: 8.9844 (9.2266)  acc5: 18.7500 (19.1953)  family_acc1: 44.5312 (43.8516)  manu_acc1: 63.2812 (62.2734)  time: 0.4312  data: 0.2091  max mem: 11382
Test:  [ 50/391]  eta: 0:03:03  sploss: 6.7150 (6.7860)  famloss: 2.8829 (2.9195)  manuloss: 1.7438 (1.8292)  acc1: 8.5938 (9.2142)  acc5: 18.7500 (19.1406)  family_acc1: 44.5312 (43.7423)  manu_acc1: 63.2812 (62.1170)  time: 0.4878  data: 0.2622  max mem: 11382
Test:  [ 51/391]  eta: 0:03:00  sploss: 6.7150 (6.7881)  famloss: 2.8829 (2.9251)  manuloss: 1.7685 (1.8365)  acc1: 8.5938 (9.1496)  acc5: 18.7500 (19.0730)  family_acc1: 44.1406 (43.6148)  manu_acc1: 62.5000 (61.9066)  time: 0.4884  data: 0.2622  max mem: 11382
Test:  [ 52/391]  eta: 0:02:57  sploss: 6.7150 (6.7875)  famloss: 2.9221 (2.9275)  manuloss: 1.7778 (1.8426)  acc1: 8.5938 (9.1465)  acc5: 18.7500 (19.1111)  family_acc1: 44.1406 (43.4994)  manu_acc1: 62.1094 (61.7114)  time: 0.4885  data: 0.2622  max mem: 11382
Test:  [ 53/391]  eta: 0:02:55  sploss: 6.7150 (6.7861)  famloss: 2.9602 (2.9290)  manuloss: 1.8111 (1.8460)  acc1: 8.5938 (9.1291)  acc5: 18.7500 (19.0900)  family_acc1: 43.7500 (43.5041)  manu_acc1: 61.3281 (61.5885)  time: 0.4883  data: 0.2622  max mem: 11382
Test:  [ 54/391]  eta: 0:02:52  sploss: 6.7150 (6.7818)  famloss: 2.9727 (2.9299)  manuloss: 1.8327 (1.8458)  acc1: 8.5938 (9.1903)  acc5: 18.7500 (19.1690)  family_acc1: 43.7500 (43.4872)  manu_acc1: 61.3281 (61.6477)  time: 0.4884  data: 0.2622  max mem: 11382
Test:  [ 55/391]  eta: 0:02:50  sploss: 6.7150 (6.7790)  famloss: 2.9727 (2.9279)  manuloss: 1.8341 (1.8488)  acc1: 8.5938 (9.2146)  acc5: 18.7500 (19.1755)  family_acc1: 42.5781 (43.4640)  manu_acc1: 61.3281 (61.5932)  time: 0.4883  data: 0.2622  max mem: 11382
Test:  [ 56/391]  eta: 0:02:48  sploss: 6.7243 (6.7794)  famloss: 2.9727 (2.9245)  manuloss: 1.8341 (1.8484)  acc1: 8.5938 (9.2585)  acc5: 18.7500 (19.2297)  family_acc1: 42.5781 (43.5581)  manu_acc1: 60.9375 (61.5817)  time: 0.4008  data: 0.1784  max mem: 11382
Test:  [ 57/391]  eta: 0:02:45  sploss: 6.7150 (6.7768)  famloss: 2.9602 (2.9242)  manuloss: 1.8327 (1.8459)  acc1: 8.9844 (9.3144)  acc5: 18.7500 (19.2619)  family_acc1: 42.5781 (43.5345)  manu_acc1: 60.9375 (61.5436)  time: 0.3895  data: 0.1711  max mem: 11382
Test:  [ 58/391]  eta: 0:02:43  sploss: 6.7127 (6.7722)  famloss: 2.9221 (2.9199)  manuloss: 1.8258 (1.8430)  acc1: 8.9844 (9.3154)  acc5: 19.1406 (19.3061)  family_acc1: 42.5781 (43.6507)  manu_acc1: 61.3281 (61.6592)  time: 0.3512  data: 0.1358  max mem: 11382
Test:  [ 59/391]  eta: 0:02:41  sploss: 6.7127 (6.7713)  famloss: 2.9105 (2.9156)  manuloss: 1.8111 (1.8412)  acc1: 8.9844 (9.2513)  acc5: 19.5312 (19.3359)  family_acc1: 43.7500 (43.7174)  manu_acc1: 61.3281 (61.6667)  time: 0.3484  data: 0.1358  max mem: 11382
Test:  [ 60/391]  eta: 0:02:46  sploss: 6.7127 (6.7679)  famloss: 2.8829 (2.9149)  manuloss: 1.8111 (1.8406)  acc1: 8.9844 (9.2661)  acc5: 19.1406 (19.3327)  family_acc1: 43.7500 (43.7372)  manu_acc1: 61.3281 (61.6419)  time: 0.4120  data: 0.1963  max mem: 11382
Test:  [ 61/391]  eta: 0:02:44  sploss: 6.7087 (6.7635)  famloss: 2.8829 (2.9111)  manuloss: 1.8111 (1.8367)  acc1: 9.3750 (9.2994)  acc5: 19.5312 (19.3800)  family_acc1: 43.7500 (43.7500)  manu_acc1: 61.3281 (61.6935)  time: 0.4126  data: 0.1963  max mem: 11382
Test:  [ 62/391]  eta: 0:02:49  sploss: 6.7087 (6.7651)  famloss: 2.8815 (2.9083)  manuloss: 1.8258 (1.8366)  acc1: 9.3750 (9.3130)  acc5: 19.9219 (19.4072)  family_acc1: 43.7500 (43.7996)  manu_acc1: 60.9375 (61.6753)  time: 0.4835  data: 0.2641  max mem: 11382
Test:  [ 63/391]  eta: 0:02:47  sploss: 6.7086 (6.7642)  famloss: 2.8815 (2.9093)  manuloss: 1.8258 (1.8385)  acc1: 9.3750 (9.3323)  acc5: 19.9219 (19.4031)  family_acc1: 44.1406 (43.8538)  manu_acc1: 61.3281 (61.6699)  time: 0.4853  data: 0.2641  max mem: 11382
Test:  [ 64/391]  eta: 0:02:45  sploss: 6.7127 (6.7670)  famloss: 2.9105 (2.9122)  manuloss: 1.8303 (1.8385)  acc1: 9.3750 (9.3029)  acc5: 19.5312 (19.3209)  family_acc1: 43.7500 (43.7380)  manu_acc1: 60.9375 (61.6526)  time: 0.4855  data: 0.2641  max mem: 11382
Test:  [ 65/391]  eta: 0:02:43  sploss: 6.7127 (6.7666)  famloss: 2.8744 (2.9115)  manuloss: 1.8303 (1.8395)  acc1: 9.3750 (9.3040)  acc5: 19.9219 (19.3359)  family_acc1: 43.7500 (43.7914)  manu_acc1: 60.5469 (61.6181)  time: 0.4854  data: 0.2641  max mem: 11382
Test:  [ 66/391]  eta: 0:02:41  sploss: 6.7086 (6.7653)  famloss: 2.8602 (2.9106)  manuloss: 1.8303 (1.8383)  acc1: 9.3750 (9.2701)  acc5: 20.3125 (19.3738)  family_acc1: 43.7500 (43.7383)  manu_acc1: 60.5469 (61.6779)  time: 0.4854  data: 0.2642  max mem: 11382
Test:  [ 67/391]  eta: 0:02:39  sploss: 6.7007 (6.7643)  famloss: 2.8564 (2.9076)  manuloss: 1.8258 (1.8354)  acc1: 9.3750 (9.2314)  acc5: 20.3125 (19.3187)  family_acc1: 43.7500 (43.7328)  manu_acc1: 60.5469 (61.7073)  time: 0.4849  data: 0.2641  max mem: 11382
Test:  [ 68/391]  eta: 0:02:37  sploss: 6.6978 (6.7627)  famloss: 2.8564 (2.9031)  manuloss: 1.8258 (1.8323)  acc1: 9.3750 (9.2052)  acc5: 21.0938 (19.3671)  family_acc1: 43.7500 (43.7726)  manu_acc1: 60.5469 (61.7357)  time: 0.4139  data: 0.1968  max mem: 11382
Test:  [ 69/391]  eta: 0:02:36  sploss: 6.6978 (6.7611)  famloss: 2.8602 (2.9042)  manuloss: 1.8258 (1.8315)  acc1: 9.3750 (9.2243)  acc5: 21.0938 (19.3973)  family_acc1: 43.7500 (43.7835)  manu_acc1: 60.5469 (61.7411)  time: 0.3940  data: 0.1818  max mem: 11382
Test:  [ 70/391]  eta: 0:02:34  sploss: 6.6978 (6.7633)  famloss: 2.8564 (2.9034)  manuloss: 1.8055 (1.8299)  acc1: 9.3750 (9.2044)  acc5: 21.0938 (19.3497)  family_acc1: 44.5312 (43.7940)  manu_acc1: 60.9375 (61.7628)  time: 0.3372  data: 0.1287  max mem: 11382
Test:  [ 71/391]  eta: 0:02:32  sploss: 6.6773 (6.7599)  famloss: 2.8488 (2.8982)  manuloss: 1.7776 (1.8276)  acc1: 9.3750 (9.2231)  acc5: 21.0938 (19.3468)  family_acc1: 44.5312 (43.9019)  manu_acc1: 61.3281 (61.8327)  time: 0.3368  data: 0.1287  max mem: 11382
Test:  [ 72/391]  eta: 0:02:34  sploss: 6.6773 (6.7601)  famloss: 2.8161 (2.8964)  manuloss: 1.7546 (1.8229)  acc1: 10.1562 (9.2466)  acc5: 20.3125 (19.3493)  family_acc1: 44.5312 (43.8838)  manu_acc1: 62.1094 (61.9007)  time: 0.3793  data: 0.1685  max mem: 11382
Test:  [ 73/391]  eta: 0:02:33  sploss: 6.6773 (6.7621)  famloss: 2.7612 (2.8929)  manuloss: 1.7383 (1.8201)  acc1: 10.1562 (9.2061)  acc5: 20.3125 (19.3201)  family_acc1: 44.5312 (43.9348)  manu_acc1: 62.1094 (61.9827)  time: 0.3815  data: 0.1685  max mem: 11382
Test:  [ 74/391]  eta: 0:02:39  sploss: 6.6773 (6.7587)  famloss: 2.7325 (2.8904)  manuloss: 1.7204 (1.8177)  acc1: 9.3750 (9.1979)  acc5: 20.3125 (19.3646)  family_acc1: 44.9219 (44.0052)  manu_acc1: 62.1094 (62.0156)  time: 0.4733  data: 0.2570  max mem: 11382
Test:  [ 75/391]  eta: 0:02:37  sploss: 6.6978 (6.7607)  famloss: 2.7325 (2.8920)  manuloss: 1.7204 (1.8191)  acc1: 9.3750 (9.2002)  acc5: 20.3125 (19.3102)  family_acc1: 45.7031 (44.0275)  manu_acc1: 62.1094 (61.9603)  time: 0.4769  data: 0.2570  max mem: 11382
Test:  [ 76/391]  eta: 0:02:36  sploss: 6.6978 (6.7604)  famloss: 2.7336 (2.8899)  manuloss: 1.7027 (1.8175)  acc1: 9.3750 (9.2127)  acc5: 20.3125 (19.3537)  family_acc1: 45.7031 (44.1406)  manu_acc1: 63.2812 (61.9876)  time: 0.4799  data: 0.2570  max mem: 11382
Test:  [ 77/391]  eta: 0:02:34  sploss: 6.7086 (6.7632)  famloss: 2.7336 (2.8893)  manuloss: 1.7025 (1.8153)  acc1: 9.3750 (9.1697)  acc5: 19.5312 (19.3409)  family_acc1: 46.4844 (44.1707)  manu_acc1: 63.6719 (62.0393)  time: 0.4828  data: 0.2570  max mem: 11382
Test:  [ 78/391]  eta: 0:02:33  sploss: 6.7150 (6.7642)  famloss: 2.7612 (2.8894)  manuloss: 1.7204 (1.8163)  acc1: 8.9844 (9.1673)  acc5: 19.5312 (19.3582)  family_acc1: 45.7031 (44.1851)  manu_acc1: 63.2812 (62.0204)  time: 0.4852  data: 0.2570  max mem: 11382
Test:  [ 79/391]  eta: 0:02:31  sploss: 6.7396 (6.7648)  famloss: 2.8413 (2.8913)  manuloss: 1.7204 (1.8160)  acc1: 9.3750 (9.1846)  acc5: 19.1406 (19.3555)  family_acc1: 45.3125 (44.1895)  manu_acc1: 63.2812 (62.0264)  time: 0.4877  data: 0.2570  max mem: 11382
Test:  [ 80/391]  eta: 0:02:30  sploss: 6.7407 (6.7659)  famloss: 2.8413 (2.8945)  manuloss: 1.7204 (1.8168)  acc1: 8.9844 (9.1773)  acc5: 19.5312 (19.3625)  family_acc1: 45.3125 (44.1358)  manu_acc1: 63.2812 (62.0226)  time: 0.4267  data: 0.1965  max mem: 11382
Test:  [ 81/391]  eta: 0:02:29  sploss: 6.7693 (6.7659)  famloss: 2.8488 (2.8947)  manuloss: 1.7265 (1.8157)  acc1: 8.9844 (9.1797)  acc5: 19.1406 (19.3550)  family_acc1: 45.3125 (44.1311)  manu_acc1: 63.2812 (62.0713)  time: 0.4289  data: 0.1965  max mem: 11382
Test:  [ 82/391]  eta: 0:02:27  sploss: 6.7693 (6.7704)  famloss: 2.8564 (2.8979)  manuloss: 1.7265 (1.8171)  acc1: 8.5938 (9.1538)  acc5: 19.1406 (19.3101)  family_acc1: 44.5312 (44.0983)  manu_acc1: 63.2812 (62.0247)  time: 0.3620  data: 0.1287  max mem: 11382
Test:  [ 83/391]  eta: 0:02:26  sploss: 6.7742 (6.7717)  famloss: 2.8564 (2.9005)  manuloss: 1.7265 (1.8198)  acc1: 8.5938 (9.1425)  acc5: 19.1406 (19.3173)  family_acc1: 44.5312 (44.0476)  manu_acc1: 63.2812 (61.9652)  time: 0.3641  data: 0.1287  max mem: 11382
Test:  [ 84/391]  eta: 0:02:26  sploss: 6.7693 (6.7707)  famloss: 2.8564 (2.9027)  manuloss: 1.7204 (1.8181)  acc1: 8.5938 (9.1544)  acc5: 19.5312 (19.3428)  family_acc1: 44.5312 (43.9522)  manu_acc1: 63.6719 (62.0083)  time: 0.3853  data: 0.1473  max mem: 11382
Test:  [ 85/391]  eta: 0:02:25  sploss: 6.7742 (6.7708)  famloss: 2.8564 (2.9056)  manuloss: 1.7204 (1.8198)  acc1: 8.5938 (9.1297)  acc5: 19.1406 (19.3405)  family_acc1: 44.5312 (43.8908)  manu_acc1: 63.6719 (61.9777)  time: 0.3879  data: 0.1473  max mem: 11382
Test:  [ 86/391]  eta: 0:02:28  sploss: 6.7742 (6.7682)  famloss: 2.8989 (2.9055)  manuloss: 1.7098 (1.8186)  acc1: 8.5938 (9.1191)  acc5: 19.1406 (19.3741)  family_acc1: 44.5312 (43.8712)  manu_acc1: 63.6719 (62.0061)  time: 0.4510  data: 0.2075  max mem: 11382
Test:  [ 87/391]  eta: 0:02:27  sploss: 6.7776 (6.7698)  famloss: 2.8990 (2.9067)  manuloss: 1.7204 (1.8185)  acc1: 8.5938 (9.1175)  acc5: 19.1406 (19.3537)  family_acc1: 44.5312 (43.8477)  manu_acc1: 63.2812 (62.0162)  time: 0.4545  data: 0.2075  max mem: 11382
Test:  [ 88/391]  eta: 0:02:26  sploss: 6.7776 (6.7690)  famloss: 2.8990 (2.9052)  manuloss: 1.7265 (1.8176)  acc1: 8.5938 (9.1117)  acc5: 19.1406 (19.3645)  family_acc1: 44.5312 (43.8861)  manu_acc1: 63.2812 (62.0611)  time: 0.4572  data: 0.2075  max mem: 11382
Test:  [ 89/391]  eta: 0:02:24  sploss: 6.8085 (6.7695)  famloss: 2.8990 (2.9055)  manuloss: 1.7204 (1.8149)  acc1: 8.5938 (9.0972)  acc5: 19.1406 (19.3620)  family_acc1: 44.5312 (43.9149)  manu_acc1: 64.0625 (62.1224)  time: 0.4601  data: 0.2075  max mem: 11382
Test:  [ 90/391]  eta: 0:02:23  sploss: 6.7776 (6.7690)  famloss: 2.9071 (2.9070)  manuloss: 1.7265 (1.8153)  acc1: 8.5938 (9.0831)  acc5: 19.1406 (19.3553)  family_acc1: 43.7500 (43.8831)  manu_acc1: 64.0625 (62.1051)  time: 0.4629  data: 0.2075  max mem: 11382
Test:  [ 91/391]  eta: 0:02:22  sploss: 6.8085 (6.7714)  famloss: 2.9246 (2.9109)  manuloss: 1.7329 (1.8170)  acc1: 8.5938 (9.0863)  acc5: 19.1406 (19.3444)  family_acc1: 42.5781 (43.8349)  manu_acc1: 62.8906 (62.0584)  time: 0.4660  data: 0.2075  max mem: 11382
Test:  [ 92/391]  eta: 0:02:21  sploss: 6.8130 (6.7732)  famloss: 3.0132 (2.9150)  manuloss: 1.7975 (1.8175)  acc1: 8.5938 (9.0810)  acc5: 19.1406 (19.3296)  family_acc1: 42.1875 (43.7710)  manu_acc1: 62.5000 (62.0590)  time: 0.4263  data: 0.1678  max mem: 11382
Test:  [ 93/391]  eta: 0:02:20  sploss: 6.8085 (6.7734)  famloss: 3.0132 (2.9155)  manuloss: 1.7975 (1.8160)  acc1: 8.5938 (9.0716)  acc5: 19.1406 (19.3401)  family_acc1: 42.1875 (43.7625)  manu_acc1: 62.5000 (62.1135)  time: 0.4264  data: 0.1678  max mem: 11382
Test:  [ 94/391]  eta: 0:02:18  sploss: 6.8130 (6.7766)  famloss: 3.0146 (2.9169)  manuloss: 1.8158 (1.8164)  acc1: 8.5938 (9.0584)  acc5: 19.1406 (19.3257)  family_acc1: 42.1875 (43.7623)  manu_acc1: 62.1094 (62.0929)  time: 0.3379  data: 0.0793  max mem: 11382
Test:  [ 95/391]  eta: 0:02:18  sploss: 6.8085 (6.7760)  famloss: 3.0146 (2.9179)  manuloss: 1.8158 (1.8172)  acc1: 8.5938 (9.0617)  acc5: 19.1406 (19.3278)  family_acc1: 42.1875 (43.7459)  manu_acc1: 62.1094 (62.0687)  time: 0.3429  data: 0.0793  max mem: 11382
Test:  [ 96/391]  eta: 0:02:18  sploss: 6.8130 (6.7767)  famloss: 3.0146 (2.9189)  manuloss: 1.8467 (1.8195)  acc1: 8.5938 (9.0609)  acc5: 19.1406 (19.3218)  family_acc1: 41.7969 (43.6815)  manu_acc1: 61.7188 (62.0047)  time: 0.3613  data: 0.0980  max mem: 11382
Test:  [ 97/391]  eta: 0:02:16  sploss: 6.8085 (6.7761)  famloss: 3.0146 (2.9198)  manuloss: 1.8553 (1.8205)  acc1: 8.5938 (9.0442)  acc5: 19.1406 (19.3080)  family_acc1: 41.4062 (43.6543)  manu_acc1: 60.9375 (61.9938)  time: 0.3590  data: 0.0980  max mem: 11382
Test:  [ 98/391]  eta: 0:02:19  sploss: 6.8085 (6.7768)  famloss: 3.0421 (2.9231)  manuloss: 1.8553 (1.8236)  acc1: 8.5938 (9.0593)  acc5: 19.1406 (19.3182)  family_acc1: 41.0156 (43.6001)  manu_acc1: 60.9375 (61.9437)  time: 0.4226  data: 0.1602  max mem: 11382
Test:  [ 99/391]  eta: 0:02:18  sploss: 6.7985 (6.7768)  famloss: 3.0486 (2.9245)  manuloss: 1.8581 (1.8269)  acc1: 8.5938 (9.0742)  acc5: 18.7500 (19.3086)  family_acc1: 41.0156 (43.5703)  manu_acc1: 60.5469 (61.8633)  time: 0.4227  data: 0.1602  max mem: 11382
Test:  [100/391]  eta: 0:02:17  sploss: 6.7965 (6.7770)  famloss: 3.0486 (2.9262)  manuloss: 1.8581 (1.8281)  acc1: 8.2031 (9.0656)  acc5: 18.7500 (19.3147)  family_acc1: 41.0156 (43.5489)  manu_acc1: 60.1562 (61.8386)  time: 0.4199  data: 0.1602  max mem: 11382
Test:  [101/391]  eta: 0:02:15  sploss: 6.7965 (6.7767)  famloss: 3.0486 (2.9270)  manuloss: 1.8874 (1.8303)  acc1: 8.2031 (9.0648)  acc5: 19.1406 (19.3130)  family_acc1: 41.0156 (43.5470)  manu_acc1: 59.7656 (61.7992)  time: 0.4170  data: 0.1602  max mem: 11382
Test:  [102/391]  eta: 0:02:14  sploss: 6.7776 (6.7765)  famloss: 3.0175 (2.9279)  manuloss: 1.8874 (1.8327)  acc1: 8.2031 (9.0526)  acc5: 19.1406 (19.3113)  family_acc1: 41.0156 (43.5035)  manu_acc1: 59.7656 (61.7339)  time: 0.4135  data: 0.1602  max mem: 11382
Test:  [103/391]  eta: 0:02:13  sploss: 6.7708 (6.7764)  famloss: 3.0146 (2.9286)  manuloss: 1.8874 (1.8348)  acc1: 8.5938 (9.0482)  acc5: 19.1406 (19.2984)  family_acc1: 41.0156 (43.4983)  manu_acc1: 59.7656 (61.6849)  time: 0.4100  data: 0.1602  max mem: 11382
Test:  [104/391]  eta: 0:02:12  sploss: 6.7708 (6.7757)  famloss: 3.0146 (2.9323)  manuloss: 1.9198 (1.8371)  acc1: 8.5938 (9.0625)  acc5: 19.1406 (19.3080)  family_acc1: 41.0156 (43.4710)  manu_acc1: 59.3750 (61.6220)  time: 0.3888  data: 0.1416  max mem: 11382
Test:  [105/391]  eta: 0:02:11  sploss: 6.7671 (6.7751)  famloss: 3.0146 (2.9335)  manuloss: 1.9198 (1.8380)  acc1: 8.5938 (9.0654)  acc5: 19.1406 (19.3101)  family_acc1: 41.4062 (43.4552)  manu_acc1: 59.7656 (61.6193)  time: 0.3867  data: 0.1416  max mem: 11382
Test:  [106/391]  eta: 0:02:10  sploss: 6.7708 (6.7778)  famloss: 3.0175 (2.9361)  manuloss: 1.9198 (1.8380)  acc1: 8.5938 (9.0574)  acc5: 18.7500 (19.2757)  family_acc1: 41.4062 (43.4397)  manu_acc1: 59.7656 (61.6457)  time: 0.3235  data: 0.0814  max mem: 11382
Test:  [107/391]  eta: 0:02:08  sploss: 6.7708 (6.7793)  famloss: 3.0486 (2.9374)  manuloss: 1.9279 (1.8389)  acc1: 8.5938 (9.0314)  acc5: 18.7500 (19.2491)  family_acc1: 41.4062 (43.4209)  manu_acc1: 59.3750 (61.6030)  time: 0.3207  data: 0.0814  max mem: 11382
Test:  [108/391]  eta: 0:02:09  sploss: 6.7965 (6.7816)  famloss: 3.0504 (2.9401)  manuloss: 1.9362 (1.8433)  acc1: 8.2031 (9.0130)  acc5: 18.7500 (19.2015)  family_acc1: 41.0156 (43.3916)  manu_acc1: 57.8125 (61.5109)  time: 0.3477  data: 0.1077  max mem: 11382
Test:  [109/391]  eta: 0:02:08  sploss: 6.7965 (6.7829)  famloss: 3.0659 (2.9416)  manuloss: 1.9457 (1.8455)  acc1: 8.2031 (8.9986)  acc5: 18.7500 (19.2081)  family_acc1: 41.0156 (43.3345)  manu_acc1: 57.8125 (61.4915)  time: 0.3499  data: 0.1116  max mem: 11382
Test:  [110/391]  eta: 0:02:12  sploss: 6.7965 (6.7826)  famloss: 3.0673 (2.9428)  manuloss: 1.9771 (1.8492)  acc1: 8.2031 (8.9809)  acc5: 18.3594 (19.1934)  family_acc1: 41.0156 (43.3171)  manu_acc1: 57.8125 (61.4161)  time: 0.4507  data: 0.2113  max mem: 11382
Test:  [111/391]  eta: 0:02:11  sploss: 6.7965 (6.7829)  famloss: 3.0673 (2.9452)  manuloss: 2.0400 (1.8534)  acc1: 8.2031 (8.9704)  acc5: 18.3594 (19.1755)  family_acc1: 41.0156 (43.2478)  manu_acc1: 57.0312 (61.3211)  time: 0.4506  data: 0.2113  max mem: 11382
Test:  [112/391]  eta: 0:02:10  sploss: 6.7708 (6.7824)  famloss: 3.0673 (2.9470)  manuloss: 2.0450 (1.8579)  acc1: 8.2031 (8.9671)  acc5: 18.7500 (19.1856)  family_acc1: 41.0156 (43.2038)  manu_acc1: 57.0312 (61.2175)  time: 0.4505  data: 0.2113  max mem: 11382
Test:  [113/391]  eta: 0:02:09  sploss: 6.7671 (6.7819)  famloss: 3.0673 (2.9472)  manuloss: 2.0450 (1.8594)  acc1: 8.2031 (8.9775)  acc5: 18.7500 (19.1852)  family_acc1: 41.0156 (43.1983)  manu_acc1: 56.6406 (61.1739)  time: 0.4505  data: 0.2113  max mem: 11382
Test:  [114/391]  eta: 0:02:08  sploss: 6.7615 (6.7805)  famloss: 3.0673 (2.9468)  manuloss: 2.0501 (1.8610)  acc1: 8.2031 (8.9538)  acc5: 18.7500 (19.1610)  family_acc1: 41.0156 (43.1793)  manu_acc1: 56.2500 (61.1005)  time: 0.4498  data: 0.2113  max mem: 11382
Test:  [115/391]  eta: 0:02:07  sploss: 6.7615 (6.7786)  famloss: 3.0673 (2.9464)  manuloss: 2.0501 (1.8610)  acc1: 8.2031 (8.9608)  acc5: 18.7500 (19.1777)  family_acc1: 41.0156 (43.1742)  manu_acc1: 56.2500 (61.0924)  time: 0.4419  data: 0.2113  max mem: 11382
Test:  [116/391]  eta: 0:02:06  sploss: 6.7489 (6.7782)  famloss: 3.0673 (2.9458)  manuloss: 2.0501 (1.8608)  acc1: 8.2031 (8.9710)  acc5: 19.1406 (19.1907)  family_acc1: 41.0156 (43.1891)  manu_acc1: 56.6406 (61.1011)  time: 0.4209  data: 0.1926  max mem: 11382
Test:  [117/391]  eta: 0:02:05  sploss: 6.7615 (6.7788)  famloss: 3.0673 (2.9463)  manuloss: 2.0501 (1.8607)  acc1: 8.5938 (8.9678)  acc5: 19.1406 (19.1837)  family_acc1: 41.0156 (43.1674)  manu_acc1: 56.6406 (61.0765)  time: 0.4206  data: 0.1926  max mem: 11382
Test:  [118/391]  eta: 0:02:04  sploss: 6.7489 (6.7780)  famloss: 3.0659 (2.9472)  manuloss: 2.0450 (1.8615)  acc1: 8.5938 (8.9811)  acc5: 19.1406 (19.1964)  family_acc1: 41.0156 (43.1329)  manu_acc1: 56.6406 (61.0458)  time: 0.3556  data: 0.1304  max mem: 11382
Test:  [119/391]  eta: 0:02:03  sploss: 6.7487 (6.7754)  famloss: 3.0608 (2.9452)  manuloss: 2.0209 (1.8600)  acc1: 8.5938 (8.9811)  acc5: 19.1406 (19.2188)  family_acc1: 41.4062 (43.1543)  manu_acc1: 57.0312 (61.0840)  time: 0.3532  data: 0.1304  max mem: 11382
Test:  [120/391]  eta: 0:02:03  sploss: 6.7324 (6.7749)  famloss: 3.0175 (2.9437)  manuloss: 2.0209 (1.8593)  acc1: 8.5938 (8.9650)  acc5: 19.1406 (19.2084)  family_acc1: 41.4062 (43.1915)  manu_acc1: 57.0312 (61.0860)  time: 0.3723  data: 0.1467  max mem: 11382
Test:  [121/391]  eta: 0:02:02  sploss: 6.7252 (6.7726)  famloss: 3.0175 (2.9428)  manuloss: 1.9543 (1.8598)  acc1: 8.5938 (8.9812)  acc5: 19.1406 (19.2431)  family_acc1: 41.4062 (43.2185)  manu_acc1: 57.0312 (61.0688)  time: 0.3752  data: 0.1467  max mem: 11382
Test:  [122/391]  eta: 0:02:06  sploss: 6.7252 (6.7705)  famloss: 3.0079 (2.9412)  manuloss: 1.9362 (1.8596)  acc1: 8.5938 (8.9876)  acc5: 19.1406 (19.2708)  family_acc1: 41.4062 (43.2101)  manu_acc1: 57.4219 (61.0550)  time: 0.4803  data: 0.2485  max mem: 11382
Test:  [123/391]  eta: 0:02:05  sploss: 6.7176 (6.7690)  famloss: 2.9970 (2.9398)  manuloss: 1.9279 (1.8582)  acc1: 8.5938 (9.0222)  acc5: 19.5312 (19.3044)  family_acc1: 41.4062 (43.2145)  manu_acc1: 58.2031 (61.1045)  time: 0.4824  data: 0.2485  max mem: 11382
Test:  [124/391]  eta: 0:02:04  sploss: 6.7176 (6.7679)  famloss: 2.9741 (2.9392)  manuloss: 1.9159 (1.8574)  acc1: 8.5938 (9.0406)  acc5: 19.5312 (19.3281)  family_acc1: 41.7969 (43.2281)  manu_acc1: 58.9844 (61.1156)  time: 0.4821  data: 0.2485  max mem: 11382
Test:  [125/391]  eta: 0:02:03  sploss: 6.7176 (6.7659)  famloss: 2.9038 (2.9386)  manuloss: 1.9159 (1.8581)  acc1: 8.5938 (9.0216)  acc5: 19.9219 (19.3607)  family_acc1: 41.7969 (43.2323)  manu_acc1: 58.5938 (61.0956)  time: 0.4819  data: 0.2485  max mem: 11382
Test:  [126/391]  eta: 0:02:02  sploss: 6.7176 (6.7664)  famloss: 2.8991 (2.9369)  manuloss: 1.9159 (1.8555)  acc1: 8.5938 (9.0244)  acc5: 20.3125 (19.3744)  family_acc1: 42.1875 (43.2240)  manu_acc1: 58.5938 (61.1220)  time: 0.4819  data: 0.2485  max mem: 11382
Test:  [127/391]  eta: 0:02:01  sploss: 6.6912 (6.7640)  famloss: 2.8757 (2.9351)  manuloss: 1.8616 (1.8546)  acc1: 8.9844 (9.0454)  acc5: 20.7031 (19.3939)  family_acc1: 42.1875 (43.2526)  manu_acc1: 58.9844 (61.1481)  time: 0.4809  data: 0.2485  max mem: 11382
Test:  [128/391]  eta: 0:02:00  sploss: 6.6289 (6.7616)  famloss: 2.8757 (2.9354)  manuloss: 1.8616 (1.8557)  acc1: 9.3750 (9.0510)  acc5: 20.7031 (19.4313)  family_acc1: 42.5781 (43.2473)  manu_acc1: 58.9844 (61.1010)  time: 0.4517  data: 0.2222  max mem: 11382
Test:  [129/391]  eta: 0:01:59  sploss: 6.6289 (6.7613)  famloss: 2.8613 (2.9340)  manuloss: 1.8475 (1.8548)  acc1: 9.3750 (9.0385)  acc5: 20.7031 (19.4261)  family_acc1: 42.5781 (43.2572)  manu_acc1: 58.9844 (61.1208)  time: 0.4472  data: 0.2183  max mem: 11382
Test:  [130/391]  eta: 0:01:58  sploss: 6.6289 (6.7626)  famloss: 2.8608 (2.9327)  manuloss: 1.8409 (1.8539)  acc1: 9.7656 (9.0440)  acc5: 20.7031 (19.4060)  family_acc1: 42.5781 (43.2789)  manu_acc1: 59.3750 (61.1403)  time: 0.3437  data: 0.1185  max mem: 11382
Test:  [131/391]  eta: 0:01:57  sploss: 6.6178 (6.7606)  famloss: 2.8334 (2.9304)  manuloss: 1.8340 (1.8523)  acc1: 9.7656 (9.0643)  acc5: 21.0938 (19.4247)  family_acc1: 43.7500 (43.3031)  manu_acc1: 60.1562 (61.1683)  time: 0.3410  data: 0.1185  max mem: 11382
Test:  [132/391]  eta: 0:01:57  sploss: 6.5851 (6.7584)  famloss: 2.7659 (2.9289)  manuloss: 1.7759 (1.8515)  acc1: 9.7656 (9.0754)  acc5: 21.0938 (19.4255)  family_acc1: 43.7500 (43.2977)  manu_acc1: 61.3281 (61.1842)  time: 0.3746  data: 0.1526  max mem: 11382
Test:  [133/391]  eta: 0:01:56  sploss: 6.5851 (6.7580)  famloss: 2.7652 (2.9264)  manuloss: 1.7635 (1.8501)  acc1: 9.7656 (9.0864)  acc5: 21.0938 (19.4409)  family_acc1: 43.7500 (43.3331)  manu_acc1: 62.1094 (61.1940)  time: 0.3742  data: 0.1526  max mem: 11382
Test:  [134/391]  eta: 0:01:58  sploss: 6.5832 (6.7567)  famloss: 2.7648 (2.9247)  manuloss: 1.7470 (1.8492)  acc1: 9.7656 (9.0943)  acc5: 21.4844 (19.4763)  family_acc1: 44.5312 (43.3623)  manu_acc1: 62.5000 (61.2153)  time: 0.4531  data: 0.2303  max mem: 11382
Test:  [135/391]  eta: 0:01:58  sploss: 6.5832 (6.7550)  famloss: 2.7558 (2.9222)  manuloss: 1.7432 (1.8469)  acc1: 9.7656 (9.0935)  acc5: 21.4844 (19.4824)  family_acc1: 44.9219 (43.4082)  manu_acc1: 62.5000 (61.2736)  time: 0.4532  data: 0.2304  max mem: 11382
Test:  [136/391]  eta: 0:01:57  sploss: 6.5225 (6.7525)  famloss: 2.7512 (2.9204)  manuloss: 1.7407 (1.8448)  acc1: 9.7656 (9.1041)  acc5: 21.8750 (19.5084)  family_acc1: 44.5312 (43.4164)  manu_acc1: 63.2812 (61.3167)  time: 0.4526  data: 0.2304  max mem: 11382
Test:  [137/391]  eta: 0:01:56  sploss: 6.5225 (6.7521)  famloss: 2.7512 (2.9193)  manuloss: 1.7407 (1.8443)  acc1: 10.1562 (9.1231)  acc5: 21.8750 (19.5143)  family_acc1: 44.9219 (43.4415)  manu_acc1: 63.2812 (61.3253)  time: 0.4524  data: 0.2304  max mem: 11382
Test:  [138/391]  eta: 0:01:55  sploss: 6.5225 (6.7535)  famloss: 2.7512 (2.9182)  manuloss: 1.7404 (1.8426)  acc1: 9.7656 (9.0912)  acc5: 21.8750 (19.4947)  family_acc1: 44.9219 (43.4465)  manu_acc1: 63.6719 (61.3562)  time: 0.4515  data: 0.2304  max mem: 11382
Test:  [139/391]  eta: 0:01:54  sploss: 6.5832 (6.7537)  famloss: 2.7558 (2.9174)  manuloss: 1.7404 (1.8407)  acc1: 9.7656 (9.0876)  acc5: 21.4844 (19.4922)  family_acc1: 44.5312 (43.4459)  manu_acc1: 63.6719 (61.3979)  time: 0.4516  data: 0.2303  max mem: 11382
Test:  [140/391]  eta: 0:01:53  sploss: 6.5225 (6.7515)  famloss: 2.7512 (2.9138)  manuloss: 1.7350 (1.8384)  acc1: 10.1562 (9.0952)  acc5: 21.8750 (19.5146)  family_acc1: 44.5312 (43.4924)  manu_acc1: 63.6719 (61.4362)  time: 0.4333  data: 0.2141  max mem: 11382
Test:  [141/391]  eta: 0:01:52  sploss: 6.5832 (6.7509)  famloss: 2.7352 (2.9122)  manuloss: 1.6826 (1.8373)  acc1: 9.7656 (9.0944)  acc5: 21.4844 (19.5175)  family_acc1: 44.5312 (43.5162)  manu_acc1: 64.0625 (61.4574)  time: 0.4315  data: 0.2140  max mem: 11382
Test:  [142/391]  eta: 0:01:51  sploss: 6.5851 (6.7510)  famloss: 2.7352 (2.9123)  manuloss: 1.6826 (1.8372)  acc1: 9.7656 (9.0936)  acc5: 21.0938 (19.5149)  family_acc1: 44.5312 (43.5205)  manu_acc1: 64.0625 (61.4565)  time: 0.3289  data: 0.1123  max mem: 11382
Test:  [143/391]  eta: 0:01:51  sploss: 6.6012 (6.7499)  famloss: 2.7294 (2.9103)  manuloss: 1.6826 (1.8353)  acc1: 9.7656 (9.0956)  acc5: 20.3125 (19.5095)  family_acc1: 44.9219 (43.5710)  manu_acc1: 64.0625 (61.4936)  time: 0.3293  data: 0.1123  max mem: 11382
Test:  [144/391]  eta: 0:01:51  sploss: 6.6012 (6.7505)  famloss: 2.7294 (2.9093)  manuloss: 1.6646 (1.8341)  acc1: 9.3750 (9.0787)  acc5: 20.3125 (19.5016)  family_acc1: 46.0938 (43.5964)  manu_acc1: 64.4531 (61.5167)  time: 0.3612  data: 0.1420  max mem: 11382
Test:  [145/391]  eta: 0:01:50  sploss: 6.6607 (6.7503)  famloss: 2.7294 (2.9093)  manuloss: 1.6646 (1.8334)  acc1: 9.3750 (9.0673)  acc5: 19.9219 (19.4911)  family_acc1: 46.0938 (43.6028)  manu_acc1: 64.4531 (61.5395)  time: 0.3611  data: 0.1420  max mem: 11382
Test:  [146/391]  eta: 0:01:51  sploss: 6.6607 (6.7507)  famloss: 2.7294 (2.9083)  manuloss: 1.6768 (1.8323)  acc1: 9.3750 (9.0561)  acc5: 19.5312 (19.4781)  family_acc1: 46.0938 (43.6198)  manu_acc1: 64.4531 (61.5487)  time: 0.4301  data: 0.2087  max mem: 11382
Test:  [147/391]  eta: 0:01:50  sploss: 6.7061 (6.7511)  famloss: 2.7294 (2.9064)  manuloss: 1.6756 (1.8313)  acc1: 8.9844 (9.0372)  acc5: 19.1406 (19.4600)  family_acc1: 46.0938 (43.6629)  manu_acc1: 64.4531 (61.5815)  time: 0.4302  data: 0.2087  max mem: 11382
Test:  [148/391]  eta: 0:01:50  sploss: 6.7061 (6.7495)  famloss: 2.7011 (2.9049)  manuloss: 1.6756 (1.8303)  acc1: 8.9844 (9.0552)  acc5: 19.1406 (19.4841)  family_acc1: 46.0938 (43.6766)  manu_acc1: 64.4531 (61.5850)  time: 0.4301  data: 0.2087  max mem: 11382
Test:  [149/391]  eta: 0:01:49  sploss: 6.6936 (6.7491)  famloss: 2.7011 (2.9044)  manuloss: 1.6756 (1.8297)  acc1: 9.3750 (9.0573)  acc5: 19.1406 (19.4818)  family_acc1: 46.0938 (43.6875)  manu_acc1: 64.4531 (61.5938)  time: 0.4293  data: 0.2087  max mem: 11382
Test:  [150/391]  eta: 0:01:48  sploss: 6.6936 (6.7502)  famloss: 2.7011 (2.9043)  manuloss: 1.6756 (1.8287)  acc1: 8.9844 (9.0413)  acc5: 19.1406 (19.4511)  family_acc1: 46.0938 (43.6750)  manu_acc1: 64.8438 (61.6179)  time: 0.4293  data: 0.2087  max mem: 11382
Test:  [151/391]  eta: 0:01:47  sploss: 6.7061 (6.7510)  famloss: 2.7294 (2.9037)  manuloss: 1.6756 (1.8275)  acc1: 8.9844 (9.0486)  acc5: 19.1406 (19.4490)  family_acc1: 45.7031 (43.6806)  manu_acc1: 64.8438 (61.6519)  time: 0.4286  data: 0.2087  max mem: 11382
Test:  [152/391]  eta: 0:01:46  sploss: 6.7061 (6.7491)  famloss: 2.7011 (2.9021)  manuloss: 1.6646 (1.8257)  acc1: 8.9844 (9.0737)  acc5: 19.1406 (19.4776)  family_acc1: 45.7031 (43.6913)  manu_acc1: 64.8438 (61.6983)  time: 0.3920  data: 0.1747  max mem: 11382
Test:  [153/391]  eta: 0:01:45  sploss: 6.7061 (6.7496)  famloss: 2.7011 (2.9007)  manuloss: 1.6646 (1.8246)  acc1: 8.9844 (9.0630)  acc5: 19.1406 (19.4678)  family_acc1: 45.7031 (43.7170)  manu_acc1: 65.2344 (61.7238)  time: 0.3893  data: 0.1746  max mem: 11382
Test:  [154/391]  eta: 0:01:44  sploss: 6.7196 (6.7512)  famloss: 2.7613 (2.9020)  manuloss: 1.6646 (1.8254)  acc1: 8.9844 (9.0524)  acc5: 19.1406 (19.4582)  family_acc1: 45.3125 (43.6996)  manu_acc1: 65.2344 (61.6986)  time: 0.3086  data: 0.0969  max mem: 11382
Test:  [155/391]  eta: 0:01:44  sploss: 6.7272 (6.7510)  famloss: 2.7676 (2.9018)  manuloss: 1.6646 (1.8244)  acc1: 8.9844 (9.0545)  acc5: 19.1406 (19.4636)  family_acc1: 45.3125 (43.6824)  manu_acc1: 64.8438 (61.7112)  time: 0.3085  data: 0.0969  max mem: 11382
Test:  [156/391]  eta: 0:01:44  sploss: 6.7675 (6.7512)  famloss: 2.7710 (2.9029)  manuloss: 1.6756 (1.8249)  acc1: 8.9844 (9.0690)  acc5: 19.1406 (19.4666)  family_acc1: 45.3125 (43.6555)  manu_acc1: 64.8438 (61.7113)  time: 0.3554  data: 0.1408  max mem: 11382
Test:  [157/391]  eta: 0:01:44  sploss: 6.7778 (6.7531)  famloss: 2.7710 (2.9033)  manuloss: 1.6756 (1.8255)  acc1: 8.5938 (9.0511)  acc5: 18.7500 (19.4472)  family_acc1: 44.5312 (43.6585)  manu_acc1: 64.8438 (61.7014)  time: 0.3579  data: 0.1408  max mem: 11382
Test:  [158/391]  eta: 0:01:45  sploss: 6.7778 (6.7533)  famloss: 2.7992 (2.9047)  manuloss: 1.6768 (1.8261)  acc1: 8.5938 (9.0433)  acc5: 18.7500 (19.4281)  family_acc1: 44.5312 (43.6493)  manu_acc1: 64.4531 (61.6893)  time: 0.4277  data: 0.2078  max mem: 11382
Test:  [159/391]  eta: 0:01:44  sploss: 6.7791 (6.7536)  famloss: 2.8178 (2.9045)  manuloss: 1.6826 (1.8265)  acc1: 8.9844 (9.0552)  acc5: 18.7500 (19.4385)  family_acc1: 45.3125 (43.6670)  manu_acc1: 63.6719 (61.6943)  time: 0.4271  data: 0.2078  max mem: 11382
Test:  [160/391]  eta: 0:01:43  sploss: 6.7791 (6.7530)  famloss: 2.8298 (2.9058)  manuloss: 1.6835 (1.8275)  acc1: 8.9844 (9.0596)  acc5: 18.7500 (19.4560)  family_acc1: 44.5312 (43.6481)  manu_acc1: 62.8906 (61.6896)  time: 0.4367  data: 0.2078  max mem: 11382
Test:  [161/391]  eta: 0:01:43  sploss: 6.7799 (6.7532)  famloss: 2.8689 (2.9067)  manuloss: 1.6866 (1.8280)  acc1: 8.9844 (9.0591)  acc5: 18.3594 (19.4469)  family_acc1: 44.5312 (43.6439)  manu_acc1: 62.8906 (61.6898)  time: 0.4357  data: 0.2078  max mem: 11382
Test:  [162/391]  eta: 0:01:42  sploss: 6.7799 (6.7530)  famloss: 2.8689 (2.9069)  manuloss: 1.6866 (1.8278)  acc1: 7.8125 (9.0467)  acc5: 18.3594 (19.4450)  family_acc1: 44.5312 (43.6422)  manu_acc1: 62.8906 (61.6876)  time: 0.4329  data: 0.2078  max mem: 11382
Test:  [163/391]  eta: 0:01:41  sploss: 6.7972 (6.7541)  famloss: 2.8780 (2.9087)  manuloss: 1.7277 (1.8288)  acc1: 7.8125 (9.0415)  acc5: 18.3594 (19.4526)  family_acc1: 44.1406 (43.6095)  manu_acc1: 62.5000 (61.6616)  time: 0.4302  data: 0.2078  max mem: 11382
Test:  [164/391]  eta: 0:01:40  sploss: 6.7972 (6.7548)  famloss: 2.8887 (2.9109)  manuloss: 1.7313 (1.8293)  acc1: 8.2031 (9.0365)  acc5: 18.7500 (19.4484)  family_acc1: 43.3594 (43.5795)  manu_acc1: 62.1094 (61.6525)  time: 0.3985  data: 0.1780  max mem: 11382
Test:  [165/391]  eta: 0:01:40  sploss: 6.7972 (6.7531)  famloss: 2.8780 (2.9104)  manuloss: 1.7859 (1.8293)  acc1: 8.2031 (9.0456)  acc5: 19.1406 (19.4771)  family_acc1: 43.3594 (43.6135)  manu_acc1: 61.7188 (61.6434)  time: 0.4011  data: 0.1780  max mem: 11382
Test:  [166/391]  eta: 0:01:39  sploss: 6.7972 (6.7548)  famloss: 2.8887 (2.9117)  manuloss: 1.8198 (1.8313)  acc1: 8.2031 (9.0382)  acc5: 19.1406 (19.4611)  family_acc1: 42.9688 (43.6097)  manu_acc1: 61.7188 (61.6112)  time: 0.3325  data: 0.1114  max mem: 11382
Test:  [167/391]  eta: 0:01:38  sploss: 6.7972 (6.7564)  famloss: 2.9369 (2.9125)  manuloss: 1.8198 (1.8308)  acc1: 8.2031 (9.0216)  acc5: 19.1406 (19.4173)  family_acc1: 42.9688 (43.5942)  manu_acc1: 61.7188 (61.6234)  time: 0.3339  data: 0.1114  max mem: 11382
Test:  [168/391]  eta: 0:01:39  sploss: 6.7972 (6.7561)  famloss: 2.9369 (2.9121)  manuloss: 1.8198 (1.8300)  acc1: 8.2031 (9.0144)  acc5: 19.1406 (19.4157)  family_acc1: 42.9688 (43.6136)  manu_acc1: 61.7188 (61.6402)  time: 0.3823  data: 0.1574  max mem: 11382
Test:  [169/391]  eta: 0:01:38  sploss: 6.8080 (6.7582)  famloss: 2.9611 (2.9144)  manuloss: 1.8776 (1.8312)  acc1: 7.8125 (8.9959)  acc5: 18.7500 (19.3957)  family_acc1: 42.1875 (43.5938)  manu_acc1: 61.3281 (61.6199)  time: 0.3856  data: 0.1574  max mem: 11382
Test:  [170/391]  eta: 0:01:39  sploss: 6.8080 (6.7601)  famloss: 3.0496 (2.9158)  manuloss: 1.9017 (1.8321)  acc1: 8.2031 (8.9912)  acc5: 18.7500 (19.3782)  family_acc1: 42.1875 (43.5810)  manu_acc1: 60.9375 (61.6068)  time: 0.4380  data: 0.2070  max mem: 11382
Test:  [171/391]  eta: 0:01:38  sploss: 6.7972 (6.7598)  famloss: 3.0496 (2.9155)  manuloss: 1.9017 (1.8310)  acc1: 7.8125 (8.9844)  acc5: 18.7500 (19.3791)  family_acc1: 42.1875 (43.6001)  manu_acc1: 60.9375 (61.6279)  time: 0.4385  data: 0.2070  max mem: 11382
Test:  [172/391]  eta: 0:01:37  sploss: 6.8080 (6.7604)  famloss: 3.0496 (2.9161)  manuloss: 1.9017 (1.8311)  acc1: 7.8125 (8.9844)  acc5: 17.9688 (19.3642)  family_acc1: 41.4062 (43.5784)  manu_acc1: 60.5469 (61.6217)  time: 0.4412  data: 0.2070  max mem: 11382
Test:  [173/391]  eta: 0:01:36  sploss: 6.7972 (6.7603)  famloss: 3.0496 (2.9165)  manuloss: 1.9017 (1.8309)  acc1: 8.2031 (8.9799)  acc5: 18.3594 (19.3584)  family_acc1: 41.0156 (43.5637)  manu_acc1: 60.5469 (61.6155)  time: 0.4436  data: 0.2070  max mem: 11382
Test:  [174/391]  eta: 0:01:36  sploss: 6.7799 (6.7594)  famloss: 3.0233 (2.9164)  manuloss: 1.8776 (1.8301)  acc1: 8.2031 (9.0022)  acc5: 18.7500 (19.3683)  family_acc1: 41.4062 (43.5580)  manu_acc1: 60.5469 (61.6362)  time: 0.4459  data: 0.2070  max mem: 11382
Test:  [175/391]  eta: 0:01:35  sploss: 6.7912 (6.7596)  famloss: 3.0496 (2.9185)  manuloss: 1.8975 (1.8305)  acc1: 8.2031 (8.9955)  acc5: 18.3594 (19.3537)  family_acc1: 41.4062 (43.5414)  manu_acc1: 60.5469 (61.6388)  time: 0.4480  data: 0.2070  max mem: 11382
Test:  [176/391]  eta: 0:01:34  sploss: 6.7972 (6.7598)  famloss: 3.0233 (2.9191)  manuloss: 1.8776 (1.8302)  acc1: 7.8125 (8.9866)  acc5: 17.9688 (19.3415)  family_acc1: 42.1875 (43.5337)  manu_acc1: 60.5469 (61.6305)  time: 0.4034  data: 0.1631  max mem: 11382
Test:  [177/391]  eta: 0:01:34  sploss: 6.7972 (6.7614)  famloss: 3.0496 (2.9219)  manuloss: 1.8776 (1.8321)  acc1: 8.2031 (8.9888)  acc5: 17.9688 (19.3272)  family_acc1: 41.4062 (43.4910)  manu_acc1: 60.5469 (61.6002)  time: 0.4013  data: 0.1631  max mem: 11382
Test:  [178/391]  eta: 0:01:33  sploss: 6.8040 (6.7620)  famloss: 3.0496 (2.9229)  manuloss: 1.8524 (1.8319)  acc1: 8.2031 (8.9844)  acc5: 18.3594 (19.3305)  family_acc1: 41.0156 (43.4772)  manu_acc1: 60.5469 (61.5987)  time: 0.3316  data: 0.0961  max mem: 11382
Test:  [179/391]  eta: 0:01:32  sploss: 6.7972 (6.7615)  famloss: 3.0609 (2.9241)  manuloss: 1.8524 (1.8323)  acc1: 8.2031 (8.9909)  acc5: 18.3594 (19.3338)  family_acc1: 41.0156 (43.4722)  manu_acc1: 60.5469 (61.5864)  time: 0.3318  data: 0.0961  max mem: 11382
Test:  [180/391]  eta: 0:01:33  sploss: 6.7972 (6.7615)  famloss: 3.0496 (2.9233)  manuloss: 1.8198 (1.8315)  acc1: 8.2031 (8.9995)  acc5: 18.3594 (19.3305)  family_acc1: 41.4062 (43.4997)  manu_acc1: 60.5469 (61.6001)  time: 0.3770  data: 0.1494  max mem: 11382
Test:  [181/391]  eta: 0:01:32  sploss: 6.8040 (6.7621)  famloss: 3.0429 (2.9240)  manuloss: 1.8135 (1.8309)  acc1: 8.2031 (9.0101)  acc5: 18.7500 (19.3274)  family_acc1: 41.4062 (43.5096)  manu_acc1: 60.5469 (61.6050)  time: 0.3768  data: 0.1494  max mem: 11382
Test:  [182/391]  eta: 0:01:32  sploss: 6.8515 (6.7628)  famloss: 3.0496 (2.9250)  manuloss: 1.8198 (1.8321)  acc1: 8.2031 (9.0249)  acc5: 18.7500 (19.3327)  family_acc1: 41.0156 (43.4810)  manu_acc1: 60.1562 (61.5907)  time: 0.4252  data: 0.1960  max mem: 11382
Test:  [183/391]  eta: 0:01:32  sploss: 6.8040 (6.7619)  famloss: 3.0429 (2.9249)  manuloss: 1.8198 (1.8323)  acc1: 8.2031 (9.0247)  acc5: 18.7500 (19.3359)  family_acc1: 41.4062 (43.5080)  manu_acc1: 60.1562 (61.5786)  time: 0.4248  data: 0.1960  max mem: 11382
Test:  [184/391]  eta: 0:01:31  sploss: 6.8040 (6.7621)  famloss: 3.0429 (2.9263)  manuloss: 1.8198 (1.8332)  acc1: 8.2031 (9.0224)  acc5: 18.7500 (19.3454)  family_acc1: 41.4062 (43.4776)  manu_acc1: 60.1562 (61.5414)  time: 0.4251  data: 0.1960  max mem: 11382
Test:  [185/391]  eta: 0:01:30  sploss: 6.8096 (6.7632)  famloss: 3.0496 (2.9270)  manuloss: 1.8524 (1.8338)  acc1: 8.2031 (9.0117)  acc5: 18.3594 (19.3233)  family_acc1: 41.0156 (43.4602)  manu_acc1: 60.1562 (61.5255)  time: 0.4225  data: 0.1960  max mem: 11382
Test:  [186/391]  eta: 0:01:30  sploss: 6.8040 (6.7632)  famloss: 3.0429 (2.9266)  manuloss: 1.8524 (1.8342)  acc1: 8.2031 (9.0241)  acc5: 18.7500 (19.3244)  family_acc1: 41.0156 (43.4764)  manu_acc1: 60.5469 (61.5224)  time: 0.4224  data: 0.1960  max mem: 11382
Test:  [187/391]  eta: 0:01:29  sploss: 6.7912 (6.7622)  famloss: 3.0233 (2.9271)  manuloss: 1.8524 (1.8339)  acc1: 8.5938 (9.0384)  acc5: 18.7500 (19.3235)  family_acc1: 41.4062 (43.4799)  manu_acc1: 60.5469 (61.5214)  time: 0.4214  data: 0.1960  max mem: 11382
Test:  [188/391]  eta: 0:01:28  sploss: 6.7912 (6.7614)  famloss: 3.0233 (2.9275)  manuloss: 1.8697 (1.8343)  acc1: 8.5938 (9.0278)  acc5: 18.7500 (19.3287)  family_acc1: 41.0156 (43.4627)  manu_acc1: 60.1562 (61.5079)  time: 0.3728  data: 0.1499  max mem: 11382
Test:  [189/391]  eta: 0:01:28  sploss: 6.7912 (6.7622)  famloss: 3.0233 (2.9287)  manuloss: 1.8697 (1.8355)  acc1: 8.5938 (9.0255)  acc5: 18.7500 (19.3154)  family_acc1: 41.4062 (43.4581)  manu_acc1: 60.1562 (61.4803)  time: 0.3697  data: 0.1499  max mem: 11382
Test:  [190/391]  eta: 0:01:27  sploss: 6.7912 (6.7628)  famloss: 3.0233 (2.9295)  manuloss: 1.8697 (1.8363)  acc1: 8.9844 (9.0273)  acc5: 18.7500 (19.3022)  family_acc1: 41.0156 (43.4432)  manu_acc1: 60.1562 (61.4692)  time: 0.3177  data: 0.1003  max mem: 11382
Test:  [191/391]  eta: 0:01:26  sploss: 6.7912 (6.7626)  famloss: 3.0233 (2.9292)  manuloss: 1.8697 (1.8357)  acc1: 8.9844 (9.0332)  acc5: 18.7500 (19.3054)  family_acc1: 41.0156 (43.4469)  manu_acc1: 60.1562 (61.4705)  time: 0.3177  data: 0.1003  max mem: 11382
Test:  [192/391]  eta: 0:01:27  sploss: 6.7701 (6.7616)  famloss: 3.0195 (2.9289)  manuloss: 1.8697 (1.8351)  acc1: 9.3750 (9.0451)  acc5: 19.1406 (19.3106)  family_acc1: 42.1875 (43.4585)  manu_acc1: 60.1562 (61.4880)  time: 0.4002  data: 0.1826  max mem: 11382
Test:  [193/391]  eta: 0:01:27  sploss: 6.7912 (6.7628)  famloss: 3.0429 (2.9296)  manuloss: 1.8862 (1.8361)  acc1: 9.3750 (9.0387)  acc5: 19.1406 (19.2957)  family_acc1: 42.1875 (43.4439)  manu_acc1: 59.3750 (61.4711)  time: 0.4014  data: 0.1826  max mem: 11382
Test:  [194/391]  eta: 0:01:27  sploss: 6.7912 (6.7623)  famloss: 3.0429 (2.9296)  manuloss: 1.8975 (1.8365)  acc1: 9.3750 (9.0585)  acc5: 19.1406 (19.3089)  family_acc1: 42.1875 (43.4455)  manu_acc1: 59.3750 (61.4623)  time: 0.4345  data: 0.2149  max mem: 11382
Test:  [195/391]  eta: 0:01:26  sploss: 6.7701 (6.7605)  famloss: 3.0195 (2.9291)  manuloss: 1.8862 (1.8357)  acc1: 9.3750 (9.0741)  acc5: 19.5312 (19.3320)  family_acc1: 42.5781 (43.4550)  manu_acc1: 59.3750 (61.4796)  time: 0.4349  data: 0.2150  max mem: 11382
Test:  [196/391]  eta: 0:01:25  sploss: 6.7597 (6.7601)  famloss: 3.0092 (2.9292)  manuloss: 1.8862 (1.8359)  acc1: 10.1562 (9.0855)  acc5: 19.9219 (19.3369)  family_acc1: 42.5781 (43.4427)  manu_acc1: 59.3750 (61.4788)  time: 0.4352  data: 0.2150  max mem: 11382
Test:  [197/391]  eta: 0:01:25  sploss: 6.7597 (6.7613)  famloss: 3.0092 (2.9303)  manuloss: 1.8862 (1.8368)  acc1: 10.1562 (9.0791)  acc5: 19.9219 (19.3261)  family_acc1: 42.5781 (43.4383)  manu_acc1: 59.3750 (61.4524)  time: 0.4376  data: 0.2149  max mem: 11382
Test:  [198/391]  eta: 0:01:24  sploss: 6.7217 (6.7594)  famloss: 3.0060 (2.9304)  manuloss: 1.8862 (1.8366)  acc1: 10.1562 (9.0904)  acc5: 19.9219 (19.3408)  family_acc1: 42.5781 (43.4359)  manu_acc1: 59.3750 (61.4577)  time: 0.4403  data: 0.2149  max mem: 11382
Test:  [199/391]  eta: 0:01:24  sploss: 6.7217 (6.7585)  famloss: 3.0060 (2.9318)  manuloss: 1.9065 (1.8375)  acc1: 10.5469 (9.1035)  acc5: 19.9219 (19.3652)  family_acc1: 42.5781 (43.4160)  manu_acc1: 59.3750 (61.4355)  time: 0.4437  data: 0.2149  max mem: 11382
Test:  [200/391]  eta: 0:01:23  sploss: 6.7217 (6.7594)  famloss: 3.0092 (2.9331)  manuloss: 1.9113 (1.8393)  acc1: 10.1562 (9.1088)  acc5: 19.9219 (19.3816)  family_acc1: 42.5781 (43.3944)  manu_acc1: 59.3750 (61.4059)  time: 0.3915  data: 0.1617  max mem: 11382
Test:  [201/391]  eta: 0:01:22  sploss: 6.6730 (6.7588)  famloss: 3.0060 (2.9321)  manuloss: 1.9113 (1.8389)  acc1: 10.1562 (9.1101)  acc5: 20.3125 (19.3901)  family_acc1: 42.5781 (43.4000)  manu_acc1: 59.3750 (61.4132)  time: 0.3919  data: 0.1617  max mem: 11382
Test:  [202/391]  eta: 0:01:22  sploss: 6.6730 (6.7585)  famloss: 3.0060 (2.9329)  manuloss: 1.9113 (1.8396)  acc1: 10.1562 (9.1229)  acc5: 20.3125 (19.3946)  family_acc1: 42.5781 (43.4133)  manu_acc1: 59.3750 (61.4051)  time: 0.3441  data: 0.1151  max mem: 11382
Test:  [203/391]  eta: 0:01:21  sploss: 6.6765 (6.7581)  famloss: 3.0060 (2.9327)  manuloss: 1.9113 (1.8390)  acc1: 10.1562 (9.1165)  acc5: 20.3125 (19.3934)  family_acc1: 42.5781 (43.4360)  manu_acc1: 59.7656 (61.4200)  time: 0.3443  data: 0.1151  max mem: 11382
Test:  [204/391]  eta: 0:01:21  sploss: 6.6730 (6.7562)  famloss: 2.9505 (2.9320)  manuloss: 1.9113 (1.8394)  acc1: 10.1562 (9.1273)  acc5: 20.3125 (19.4207)  family_acc1: 42.9688 (43.4546)  manu_acc1: 59.7656 (61.4082)  time: 0.4044  data: 0.1725  max mem: 11382
Test:  [205/391]  eta: 0:01:21  sploss: 6.6730 (6.7562)  famloss: 2.9505 (2.9331)  manuloss: 1.9113 (1.8415)  acc1: 10.1562 (9.1152)  acc5: 20.3125 (19.4232)  family_acc1: 42.9688 (43.4428)  manu_acc1: 59.7656 (61.3604)  time: 0.4047  data: 0.1725  max mem: 11382
Test:  [206/391]  eta: 0:01:21  sploss: 6.6685 (6.7551)  famloss: 2.9505 (2.9327)  manuloss: 1.9145 (1.8422)  acc1: 10.1562 (9.1221)  acc5: 20.3125 (19.4369)  family_acc1: 42.9688 (43.4594)  manu_acc1: 59.3750 (61.3281)  time: 0.4544  data: 0.2207  max mem: 11382
Test:  [207/391]  eta: 0:01:20  sploss: 6.6685 (6.7545)  famloss: 2.9450 (2.9325)  manuloss: 1.9145 (1.8423)  acc1: 10.1562 (9.1309)  acc5: 20.3125 (19.4430)  family_acc1: 42.5781 (43.4439)  manu_acc1: 59.3750 (61.3187)  time: 0.4541  data: 0.2207  max mem: 11382
Test:  [208/391]  eta: 0:01:20  sploss: 6.6730 (6.7543)  famloss: 2.9450 (2.9328)  manuloss: 1.9205 (1.8434)  acc1: 10.1562 (9.1246)  acc5: 20.3125 (19.4453)  family_acc1: 42.9688 (43.4453)  manu_acc1: 59.3750 (61.2833)  time: 0.4544  data: 0.2207  max mem: 11382
Test:  [209/391]  eta: 0:01:19  sploss: 6.6685 (6.7530)  famloss: 2.9177 (2.9327)  manuloss: 1.9205 (1.8438)  acc1: 10.5469 (9.1313)  acc5: 20.3125 (19.4531)  family_acc1: 42.9688 (43.4338)  manu_acc1: 59.3750 (61.2630)  time: 0.4548  data: 0.2207  max mem: 11382
Test:  [210/391]  eta: 0:01:18  sploss: 6.6685 (6.7531)  famloss: 2.9177 (2.9330)  manuloss: 1.9065 (1.8440)  acc1: 10.5469 (9.1195)  acc5: 20.3125 (19.4535)  family_acc1: 42.9688 (43.4205)  manu_acc1: 59.3750 (61.2689)  time: 0.4548  data: 0.2207  max mem: 11382
Test:  [211/391]  eta: 0:01:18  sploss: 6.6345 (6.7525)  famloss: 2.9450 (2.9334)  manuloss: 1.9205 (1.8444)  acc1: 10.5469 (9.1189)  acc5: 20.3125 (19.4520)  family_acc1: 42.5781 (43.4165)  manu_acc1: 59.3750 (61.2710)  time: 0.4552  data: 0.2206  max mem: 11382
Test:  [212/391]  eta: 0:01:17  sploss: 6.6685 (6.7526)  famloss: 2.9505 (2.9337)  manuloss: 1.9211 (1.8453)  acc1: 10.1562 (9.1109)  acc5: 20.7031 (19.4671)  family_acc1: 42.5781 (43.4162)  manu_acc1: 58.9844 (61.2493)  time: 0.3705  data: 0.1384  max mem: 11382
Test:  [213/391]  eta: 0:01:17  sploss: 6.6345 (6.7514)  famloss: 2.9505 (2.9339)  manuloss: 1.9211 (1.8457)  acc1: 10.1562 (9.1140)  acc5: 21.0938 (19.4838)  family_acc1: 42.5781 (43.4123)  manu_acc1: 58.9844 (61.2387)  time: 0.3673  data: 0.1384  max mem: 11382
Test:  [214/391]  eta: 0:01:16  sploss: 6.6345 (6.7509)  famloss: 2.9603 (2.9340)  manuloss: 1.9211 (1.8456)  acc1: 9.7656 (9.1116)  acc5: 20.7031 (19.4804)  family_acc1: 42.5781 (43.3993)  manu_acc1: 58.9844 (61.2427)  time: 0.3322  data: 0.1061  max mem: 11382
Test:  [215/391]  eta: 0:01:15  sploss: 6.6430 (6.7505)  famloss: 2.9673 (2.9344)  manuloss: 1.9298 (1.8460)  acc1: 9.3750 (9.1128)  acc5: 20.7031 (19.5132)  family_acc1: 42.5781 (43.3955)  manu_acc1: 58.9844 (61.2395)  time: 0.3293  data: 0.1061  max mem: 11382
Test:  [216/391]  eta: 0:01:16  sploss: 6.6430 (6.7501)  famloss: 3.0006 (2.9349)  manuloss: 1.9298 (1.8463)  acc1: 9.3750 (9.1140)  acc5: 21.0938 (19.5222)  family_acc1: 42.5781 (43.3990)  manu_acc1: 58.9844 (61.2273)  time: 0.3922  data: 0.1684  max mem: 11382
Test:  [217/391]  eta: 0:01:15  sploss: 6.6430 (6.7497)  famloss: 2.9673 (2.9349)  manuloss: 1.9256 (1.8466)  acc1: 9.3750 (9.1188)  acc5: 21.0938 (19.5223)  family_acc1: 42.5781 (43.3916)  manu_acc1: 58.9844 (61.2099)  time: 0.3908  data: 0.1684  max mem: 11382
Test:  [218/391]  eta: 0:01:16  sploss: 6.6430 (6.7485)  famloss: 2.9955 (2.9352)  manuloss: 1.9298 (1.8479)  acc1: 9.3750 (9.1306)  acc5: 21.0938 (19.5402)  family_acc1: 42.5781 (43.3879)  manu_acc1: 58.5938 (61.1801)  time: 0.4467  data: 0.2239  max mem: 11382
Test:  [219/391]  eta: 0:01:15  sploss: 6.6480 (6.7491)  famloss: 2.9673 (2.9351)  manuloss: 1.9256 (1.8481)  acc1: 9.3750 (9.1211)  acc5: 20.7031 (19.5330)  family_acc1: 42.5781 (43.3896)  manu_acc1: 58.5938 (61.1683)  time: 0.4437  data: 0.2239  max mem: 11382
Test:  [220/391]  eta: 0:01:14  sploss: 6.6480 (6.7508)  famloss: 2.9673 (2.9375)  manuloss: 1.9256 (1.8504)  acc1: 9.3750 (9.0993)  acc5: 20.3125 (19.5189)  family_acc1: 42.5781 (43.3611)  manu_acc1: 58.5938 (61.1090)  time: 0.4438  data: 0.2239  max mem: 11382
Test:  [221/391]  eta: 0:01:14  sploss: 6.6512 (6.7518)  famloss: 2.9955 (2.9400)  manuloss: 1.9298 (1.8531)  acc1: 8.9844 (9.0882)  acc5: 19.9219 (19.5084)  family_acc1: 42.5781 (43.3259)  manu_acc1: 58.5938 (61.0466)  time: 0.4439  data: 0.2239  max mem: 11382
Test:  [222/391]  eta: 0:01:13  sploss: 6.6512 (6.7524)  famloss: 2.9955 (2.9414)  manuloss: 1.9298 (1.8554)  acc1: 8.9844 (9.0895)  acc5: 19.9219 (19.5137)  family_acc1: 42.5781 (43.3068)  manu_acc1: 57.4219 (60.9971)  time: 0.4437  data: 0.2239  max mem: 11382
Test:  [223/391]  eta: 0:01:12  sploss: 6.6512 (6.7539)  famloss: 3.0006 (2.9438)  manuloss: 1.9321 (1.8582)  acc1: 8.9844 (9.0855)  acc5: 19.9219 (19.5068)  family_acc1: 41.7969 (43.2635)  manu_acc1: 57.0312 (60.9340)  time: 0.4442  data: 0.2238  max mem: 11382
Test:  [224/391]  eta: 0:01:12  sploss: 6.6512 (6.7531)  famloss: 3.0037 (2.9454)  manuloss: 1.9353 (1.8606)  acc1: 8.9844 (9.0990)  acc5: 19.9219 (19.5174)  family_acc1: 41.0156 (43.2448)  manu_acc1: 56.6406 (60.8837)  time: 0.3843  data: 0.1664  max mem: 11382
Test:  [225/391]  eta: 0:01:11  sploss: 6.6512 (6.7530)  famloss: 3.0037 (2.9473)  manuloss: 1.9353 (1.8622)  acc1: 9.3750 (9.1036)  acc5: 20.7031 (19.5261)  family_acc1: 41.0156 (43.2107)  manu_acc1: 56.6406 (60.8476)  time: 0.3847  data: 0.1664  max mem: 11382
Test:  [226/391]  eta: 0:01:11  sploss: 6.6512 (6.7512)  famloss: 3.0037 (2.9470)  manuloss: 1.9353 (1.8636)  acc1: 9.3750 (9.1203)  acc5: 20.7031 (19.5433)  family_acc1: 40.6250 (43.1976)  manu_acc1: 56.6406 (60.7998)  time: 0.3352  data: 0.1183  max mem: 11382
Test:  [227/391]  eta: 0:01:10  sploss: 6.6790 (6.7523)  famloss: 3.0082 (2.9479)  manuloss: 2.0426 (1.8655)  acc1: 8.9844 (9.1077)  acc5: 19.9219 (19.5295)  family_acc1: 40.6250 (43.1743)  manu_acc1: 54.6875 (60.7388)  time: 0.3360  data: 0.1183  max mem: 11382
Test:  [228/391]  eta: 0:01:10  sploss: 6.6790 (6.7525)  famloss: 3.0107 (2.9497)  manuloss: 2.0426 (1.8668)  acc1: 8.9844 (9.1072)  acc5: 19.5312 (19.5176)  family_acc1: 40.6250 (43.1496)  manu_acc1: 54.6875 (60.7072)  time: 0.4009  data: 0.1803  max mem: 11382
Test:  [229/391]  eta: 0:01:10  sploss: 6.7274 (6.7529)  famloss: 3.0246 (2.9514)  manuloss: 2.1207 (1.8690)  acc1: 8.9844 (9.1118)  acc5: 19.5312 (19.5126)  family_acc1: 40.2344 (43.1114)  manu_acc1: 53.5156 (60.6420)  time: 0.4012  data: 0.1803  max mem: 11382
Test:  [230/391]  eta: 0:01:10  sploss: 6.7274 (6.7538)  famloss: 3.0377 (2.9527)  manuloss: 2.1532 (1.8709)  acc1: 8.9844 (9.1078)  acc5: 19.1406 (19.4940)  family_acc1: 39.0625 (43.0854)  manu_acc1: 52.7344 (60.5841)  time: 0.4724  data: 0.2486  max mem: 11382
Test:  [231/391]  eta: 0:01:10  sploss: 6.7572 (6.7547)  famloss: 3.1553 (2.9536)  manuloss: 2.1719 (1.8724)  acc1: 8.9844 (9.0938)  acc5: 18.7500 (19.4774)  family_acc1: 39.0625 (43.0698)  manu_acc1: 52.3438 (60.5486)  time: 0.4730  data: 0.2486  max mem: 11382
Test:  [232/391]  eta: 0:01:09  sploss: 6.7876 (6.7549)  famloss: 3.1553 (2.9537)  manuloss: 2.1719 (1.8732)  acc1: 9.3750 (9.1001)  acc5: 18.7500 (19.4810)  family_acc1: 39.0625 (43.0677)  manu_acc1: 52.3438 (60.5268)  time: 0.4727  data: 0.2486  max mem: 11382
Test:  [233/391]  eta: 0:01:08  sploss: 6.8152 (6.7555)  famloss: 3.1553 (2.9542)  manuloss: 2.1958 (1.8746)  acc1: 8.9844 (9.0996)  acc5: 18.3594 (19.4645)  family_acc1: 39.0625 (43.0439)  manu_acc1: 50.7812 (60.4851)  time: 0.4727  data: 0.2486  max mem: 11382
Test:  [234/391]  eta: 0:01:08  sploss: 6.8152 (6.7551)  famloss: 3.1553 (2.9542)  manuloss: 2.1958 (1.8747)  acc1: 8.9844 (9.0941)  acc5: 17.9688 (19.4564)  family_acc1: 39.0625 (43.0386)  manu_acc1: 50.7812 (60.4721)  time: 0.4722  data: 0.2486  max mem: 11382
Test:  [235/391]  eta: 0:01:07  sploss: 6.8152 (6.7532)  famloss: 3.1553 (2.9535)  manuloss: 2.1958 (1.8752)  acc1: 8.9844 (9.1035)  acc5: 17.9688 (19.4783)  family_acc1: 39.0625 (43.0499)  manu_acc1: 50.7812 (60.4641)  time: 0.4724  data: 0.2486  max mem: 11382
Test:  [236/391]  eta: 0:01:07  sploss: 6.8152 (6.7524)  famloss: 3.1553 (2.9537)  manuloss: 2.1958 (1.8756)  acc1: 8.9844 (9.1113)  acc5: 17.9688 (19.4933)  family_acc1: 39.0625 (43.0330)  manu_acc1: 50.7812 (60.4414)  time: 0.4077  data: 0.1862  max mem: 11382
Test:  [237/391]  eta: 0:01:06  sploss: 6.8152 (6.7509)  famloss: 3.1553 (2.9540)  manuloss: 2.1958 (1.8763)  acc1: 8.9844 (9.1222)  acc5: 17.9688 (19.5083)  family_acc1: 39.0625 (43.0180)  manu_acc1: 50.7812 (60.4221)  time: 0.4065  data: 0.1862  max mem: 11382
Test:  [238/391]  eta: 0:01:06  sploss: 6.8152 (6.7495)  famloss: 3.1553 (2.9537)  manuloss: 2.1958 (1.8765)  acc1: 8.9844 (9.1282)  acc5: 17.9688 (19.5263)  family_acc1: 39.0625 (43.0112)  manu_acc1: 50.7812 (60.4063)  time: 0.3484  data: 0.1307  max mem: 11382
Test:  [239/391]  eta: 0:01:05  sploss: 6.7876 (6.7481)  famloss: 3.1553 (2.9536)  manuloss: 2.1958 (1.8766)  acc1: 9.3750 (9.1455)  acc5: 18.3594 (19.5508)  family_acc1: 39.0625 (43.0127)  manu_acc1: 50.7812 (60.4036)  time: 0.3489  data: 0.1308  max mem: 11382
Test:  [240/391]  eta: 0:01:05  sploss: 6.7876 (6.7486)  famloss: 3.0917 (2.9539)  manuloss: 2.1719 (1.8767)  acc1: 9.3750 (9.1432)  acc5: 18.3594 (19.5426)  family_acc1: 39.0625 (43.0206)  manu_acc1: 52.3438 (60.4042)  time: 0.3898  data: 0.1732  max mem: 11382
Test:  [241/391]  eta: 0:01:04  sploss: 6.7274 (6.7476)  famloss: 3.0284 (2.9534)  manuloss: 2.1532 (1.8769)  acc1: 10.1562 (9.1506)  acc5: 20.3125 (19.5555)  family_acc1: 39.0625 (43.0269)  manu_acc1: 52.7344 (60.3968)  time: 0.3901  data: 0.1732  max mem: 11382
Test:  [242/391]  eta: 0:01:05  sploss: 6.7154 (6.7474)  famloss: 3.0182 (2.9533)  manuloss: 2.0796 (1.8772)  acc1: 10.1562 (9.1419)  acc5: 18.3594 (19.5505)  family_acc1: 39.4531 (43.0266)  manu_acc1: 53.5156 (60.3893)  time: 0.4600  data: 0.2415  max mem: 11382
Test:  [243/391]  eta: 0:01:04  sploss: 6.6995 (6.7472)  famloss: 3.0120 (2.9533)  manuloss: 2.0362 (1.8774)  acc1: 10.1562 (9.1541)  acc5: 20.3125 (19.5681)  family_acc1: 39.4531 (43.0120)  manu_acc1: 55.0781 (60.3740)  time: 0.4602  data: 0.2416  max mem: 11382
Test:  [244/391]  eta: 0:01:04  sploss: 6.7154 (6.7473)  famloss: 3.0120 (2.9536)  manuloss: 2.0206 (1.8780)  acc1: 10.1562 (9.1550)  acc5: 19.5312 (19.5679)  family_acc1: 39.4531 (42.9974)  manu_acc1: 55.4688 (60.3603)  time: 0.4601  data: 0.2416  max mem: 11382
Test:  [245/391]  eta: 0:01:03  sploss: 6.6995 (6.7467)  famloss: 2.9647 (2.9528)  manuloss: 2.0064 (1.8777)  acc1: 9.3750 (9.1495)  acc5: 19.5312 (19.5678)  family_acc1: 39.4531 (43.0196)  manu_acc1: 55.8594 (60.3801)  time: 0.4594  data: 0.2415  max mem: 11382
Test:  [246/391]  eta: 0:01:02  sploss: 6.6995 (6.7456)  famloss: 2.9647 (2.9523)  manuloss: 1.9663 (1.8768)  acc1: 9.3750 (9.1615)  acc5: 19.5312 (19.5850)  family_acc1: 39.4531 (43.0288)  manu_acc1: 56.6406 (60.3935)  time: 0.4589  data: 0.2415  max mem: 11382
Test:  [247/391]  eta: 0:01:02  sploss: 6.6995 (6.7456)  famloss: 2.9500 (2.9521)  manuloss: 1.9441 (1.8763)  acc1: 9.3750 (9.1545)  acc5: 19.5312 (19.5675)  family_acc1: 41.4062 (43.0239)  manu_acc1: 56.6406 (60.4004)  time: 0.4583  data: 0.2415  max mem: 11382
Test:  [248/391]  eta: 0:01:01  sploss: 6.6659 (6.7452)  famloss: 2.9500 (2.9524)  manuloss: 1.9441 (1.8769)  acc1: 10.1562 (9.1758)  acc5: 19.5312 (19.5815)  family_acc1: 41.7969 (43.0205)  manu_acc1: 56.6406 (60.3727)  time: 0.3936  data: 0.1796  max mem: 11382
Test:  [249/391]  eta: 0:01:01  sploss: 6.6453 (6.7445)  famloss: 2.9405 (2.9520)  manuloss: 1.9364 (1.8769)  acc1: 10.5469 (9.1828)  acc5: 20.3125 (19.5859)  family_acc1: 41.7969 (43.0266)  manu_acc1: 57.0312 (60.3766)  time: 0.3933  data: 0.1796  max mem: 11382
Test:  [250/391]  eta: 0:01:00  sploss: 6.6453 (6.7449)  famloss: 2.9360 (2.9512)  manuloss: 1.9224 (1.8769)  acc1: 10.5469 (9.1805)  acc5: 20.3125 (19.5779)  family_acc1: 42.1875 (43.0435)  manu_acc1: 57.4219 (60.3695)  time: 0.3228  data: 0.1112  max mem: 11382
Test:  [251/391]  eta: 0:01:00  sploss: 6.6453 (6.7447)  famloss: 2.9276 (2.9508)  manuloss: 1.9224 (1.8764)  acc1: 10.5469 (9.1735)  acc5: 20.7031 (19.5855)  family_acc1: 42.5781 (43.0447)  manu_acc1: 58.5938 (60.3795)  time: 0.3249  data: 0.1112  max mem: 11382
Test:  [252/391]  eta: 0:00:59  sploss: 6.6095 (6.7436)  famloss: 2.9004 (2.9498)  manuloss: 1.9157 (1.8755)  acc1: 10.5469 (9.1789)  acc5: 20.7031 (19.5822)  family_acc1: 42.9688 (43.0598)  manu_acc1: 58.5938 (60.3894)  time: 0.3624  data: 0.1464  max mem: 11382
Test:  [253/391]  eta: 0:00:59  sploss: 6.5626 (6.7427)  famloss: 2.9004 (2.9500)  manuloss: 1.9157 (1.8758)  acc1: 10.5469 (9.1828)  acc5: 21.4844 (19.6005)  family_acc1: 42.9688 (43.0456)  manu_acc1: 58.5938 (60.3716)  time: 0.3623  data: 0.1464  max mem: 11382
Test:  [254/391]  eta: 0:00:59  sploss: 6.5626 (6.7426)  famloss: 2.8853 (2.9495)  manuloss: 1.9157 (1.8757)  acc1: 10.5469 (9.1759)  acc5: 21.4844 (19.5987)  family_acc1: 43.3594 (43.0576)  manu_acc1: 58.5938 (60.3676)  time: 0.4394  data: 0.2209  max mem: 11382
Test:  [255/391]  eta: 0:00:59  sploss: 6.5905 (6.7420)  famloss: 2.8853 (2.9487)  manuloss: 1.8943 (1.8751)  acc1: 10.5469 (9.1812)  acc5: 21.4844 (19.6152)  family_acc1: 42.9688 (43.0511)  manu_acc1: 58.5938 (60.3806)  time: 0.4427  data: 0.2209  max mem: 11382
Test:  [256/391]  eta: 0:00:58  sploss: 6.6095 (6.7416)  famloss: 2.8594 (2.9482)  manuloss: 1.8854 (1.8749)  acc1: 10.1562 (9.1820)  acc5: 21.4844 (19.6224)  family_acc1: 43.3594 (43.0751)  manu_acc1: 59.3750 (60.3934)  time: 0.4452  data: 0.2209  max mem: 11382
Test:  [257/391]  eta: 0:00:58  sploss: 6.6315 (6.7412)  famloss: 2.8450 (2.9475)  manuloss: 1.8549 (1.8740)  acc1: 10.1562 (9.1857)  acc5: 20.7031 (19.6191)  family_acc1: 43.3594 (43.0717)  manu_acc1: 59.7656 (60.4076)  time: 0.4480  data: 0.2209  max mem: 11382
Test:  [258/391]  eta: 0:00:57  sploss: 6.6338 (6.7410)  famloss: 2.8450 (2.9475)  manuloss: 1.8446 (1.8738)  acc1: 9.3750 (9.1835)  acc5: 19.5312 (19.6157)  family_acc1: 43.3594 (43.0804)  manu_acc1: 60.5469 (60.4096)  time: 0.4513  data: 0.2209  max mem: 11382
Test:  [259/391]  eta: 0:00:57  sploss: 6.6338 (6.7403)  famloss: 2.8450 (2.9472)  manuloss: 1.8247 (1.8733)  acc1: 9.3750 (9.1797)  acc5: 19.5312 (19.6259)  family_acc1: 43.3594 (43.0754)  manu_acc1: 60.9375 (60.4237)  time: 0.4519  data: 0.2209  max mem: 11382
Test:  [260/391]  eta: 0:00:56  sploss: 6.6315 (6.7395)  famloss: 2.8450 (2.9471)  manuloss: 1.8234 (1.8730)  acc1: 9.3750 (9.1849)  acc5: 20.7031 (19.6390)  family_acc1: 42.9688 (43.0675)  manu_acc1: 61.3281 (60.4316)  time: 0.4077  data: 0.1785  max mem: 11382
Test:  [261/391]  eta: 0:00:55  sploss: 6.6315 (6.7386)  famloss: 2.8450 (2.9461)  manuloss: 1.8234 (1.8729)  acc1: 9.3750 (9.2006)  acc5: 20.7031 (19.6505)  family_acc1: 42.9688 (43.0865)  manu_acc1: 62.1094 (60.4380)  time: 0.4070  data: 0.1785  max mem: 11382
Test:  [262/391]  eta: 0:00:55  sploss: 6.6095 (6.7371)  famloss: 2.8300 (2.9449)  manuloss: 1.7940 (1.8718)  acc1: 10.1562 (9.2265)  acc5: 21.4844 (19.6649)  family_acc1: 43.3594 (43.1277)  manu_acc1: 62.1094 (60.4667)  time: 0.3369  data: 0.1101  max mem: 11382
Test:  [263/391]  eta: 0:00:54  sploss: 6.5905 (6.7357)  famloss: 2.8114 (2.9442)  manuloss: 1.7829 (1.8708)  acc1: 10.1562 (9.2330)  acc5: 21.4844 (19.6792)  family_acc1: 44.5312 (43.1404)  manu_acc1: 62.5000 (60.4966)  time: 0.3363  data: 0.1101  max mem: 11382
Test:  [264/391]  eta: 0:00:54  sploss: 6.5905 (6.7357)  famloss: 2.8081 (2.9432)  manuloss: 1.7829 (1.8708)  acc1: 10.1562 (9.2335)  acc5: 21.4844 (19.6713)  family_acc1: 44.5312 (43.1427)  manu_acc1: 62.5000 (60.4864)  time: 0.3667  data: 0.1380  max mem: 11382
Test:  [265/391]  eta: 0:00:54  sploss: 6.5626 (6.7348)  famloss: 2.8114 (2.9428)  manuloss: 1.7479 (1.8702)  acc1: 10.1562 (9.2311)  acc5: 21.4844 (19.6752)  family_acc1: 44.5312 (43.1626)  manu_acc1: 62.5000 (60.5058)  time: 0.3675  data: 0.1380  max mem: 11382
Test:  [266/391]  eta: 0:00:54  sploss: 6.5905 (6.7345)  famloss: 2.8114 (2.9433)  manuloss: 1.7829 (1.8701)  acc1: 10.1562 (9.2360)  acc5: 21.4844 (19.6922)  family_acc1: 43.7500 (43.1355)  manu_acc1: 62.1094 (60.5001)  time: 0.4391  data: 0.2070  max mem: 11382
Test:  [267/391]  eta: 0:00:53  sploss: 6.5869 (6.7340)  famloss: 2.8081 (2.9426)  manuloss: 1.7829 (1.8697)  acc1: 10.1562 (9.2424)  acc5: 21.4844 (19.6989)  family_acc1: 43.7500 (43.1364)  manu_acc1: 62.5000 (60.5090)  time: 0.4427  data: 0.2070  max mem: 11382
Test:  [268/391]  eta: 0:00:53  sploss: 6.5869 (6.7342)  famloss: 2.7797 (2.9418)  manuloss: 1.7495 (1.8691)  acc1: 10.1562 (9.2370)  acc5: 21.4844 (19.6823)  family_acc1: 44.5312 (43.1430)  manu_acc1: 62.8906 (60.5251)  time: 0.4421  data: 0.2070  max mem: 11382
Test:  [269/391]  eta: 0:00:52  sploss: 6.5905 (6.7340)  famloss: 2.7673 (2.9411)  manuloss: 1.7495 (1.8689)  acc1: 10.1562 (9.2448)  acc5: 21.4844 (19.6817)  family_acc1: 44.9219 (43.1510)  manu_acc1: 62.8906 (60.5194)  time: 0.4418  data: 0.2070  max mem: 11382
Test:  [270/391]  eta: 0:00:52  sploss: 6.5869 (6.7334)  famloss: 2.7673 (2.9402)  manuloss: 1.7479 (1.8677)  acc1: 10.1562 (9.2395)  acc5: 21.4844 (19.6898)  family_acc1: 44.9219 (43.1576)  manu_acc1: 62.8906 (60.5440)  time: 0.4409  data: 0.2070  max mem: 11382
Test:  [271/391]  eta: 0:00:51  sploss: 6.5747 (6.7328)  famloss: 2.7673 (2.9404)  manuloss: 1.7495 (1.8677)  acc1: 10.1562 (9.2515)  acc5: 21.4844 (19.7007)  family_acc1: 44.9219 (43.1526)  manu_acc1: 62.8906 (60.5426)  time: 0.4384  data: 0.2070  max mem: 11382
Test:  [272/391]  eta: 0:00:51  sploss: 6.5747 (6.7314)  famloss: 2.7673 (2.9387)  manuloss: 1.7495 (1.8672)  acc1: 10.1562 (9.2663)  acc5: 21.8750 (19.7187)  family_acc1: 44.9219 (43.1891)  manu_acc1: 62.8906 (60.5569)  time: 0.4008  data: 0.1718  max mem: 11382
Test:  [273/391]  eta: 0:00:50  sploss: 6.5747 (6.7308)  famloss: 2.7589 (2.9374)  manuloss: 1.7479 (1.8659)  acc1: 10.1562 (9.2609)  acc5: 21.4844 (19.7166)  family_acc1: 44.9219 (43.2211)  manu_acc1: 63.6719 (60.5911)  time: 0.4007  data: 0.1718  max mem: 11382
Test:  [274/391]  eta: 0:00:50  sploss: 6.5747 (6.7308)  famloss: 2.7589 (2.9371)  manuloss: 1.7479 (1.8659)  acc1: 10.1562 (9.2557)  acc5: 21.4844 (19.7116)  family_acc1: 44.9219 (43.2188)  manu_acc1: 63.6719 (60.5909)  time: 0.3239  data: 0.0973  max mem: 11382
Test:  [275/391]  eta: 0:00:49  sploss: 6.5747 (6.7311)  famloss: 2.7673 (2.9365)  manuloss: 1.7479 (1.8650)  acc1: 9.3750 (9.2533)  acc5: 21.4844 (19.7096)  family_acc1: 44.9219 (43.2178)  manu_acc1: 63.6719 (60.6176)  time: 0.3209  data: 0.0973  max mem: 11382
Test:  [276/391]  eta: 0:00:49  sploss: 6.5631 (6.7299)  famloss: 2.7589 (2.9355)  manuloss: 1.7479 (1.8645)  acc1: 10.1562 (9.2565)  acc5: 21.4844 (19.7188)  family_acc1: 44.9219 (43.2240)  manu_acc1: 62.8906 (60.6216)  time: 0.3594  data: 0.1361  max mem: 11382
Test:  [277/391]  eta: 0:00:48  sploss: 6.5607 (6.7283)  famloss: 2.7573 (2.9341)  manuloss: 1.7479 (1.8639)  acc1: 10.1562 (9.2823)  acc5: 21.8750 (19.7448)  family_acc1: 44.9219 (43.2442)  manu_acc1: 62.8906 (60.6340)  time: 0.3584  data: 0.1361  max mem: 11382
Test:  [278/391]  eta: 0:00:48  sploss: 6.5607 (6.7277)  famloss: 2.7573 (2.9338)  manuloss: 1.7236 (1.8633)  acc1: 10.1562 (9.2812)  acc5: 21.8750 (19.7511)  family_acc1: 44.9219 (43.2362)  manu_acc1: 62.8906 (60.6281)  time: 0.4206  data: 0.1991  max mem: 11382
Test:  [279/391]  eta: 0:00:48  sploss: 6.5594 (6.7265)  famloss: 2.7277 (2.9330)  manuloss: 1.7236 (1.8637)  acc1: 10.1562 (9.2815)  acc5: 21.4844 (19.7545)  family_acc1: 44.9219 (43.2394)  manu_acc1: 62.5000 (60.6152)  time: 0.4222  data: 0.1991  max mem: 11382
Test:  [280/391]  eta: 0:00:47  sploss: 6.5594 (6.7253)  famloss: 2.7172 (2.9318)  manuloss: 1.7236 (1.8634)  acc1: 10.1562 (9.2902)  acc5: 21.4844 (19.7704)  family_acc1: 44.9219 (43.2551)  manu_acc1: 62.1094 (60.6178)  time: 0.4217  data: 0.1991  max mem: 11382
Test:  [281/391]  eta: 0:00:47  sploss: 6.5631 (6.7253)  famloss: 2.7277 (2.9313)  manuloss: 1.7236 (1.8630)  acc1: 10.1562 (9.2974)  acc5: 21.4844 (19.7723)  family_acc1: 44.9219 (43.2721)  manu_acc1: 62.8906 (60.6286)  time: 0.4217  data: 0.1991  max mem: 11382
Test:  [282/391]  eta: 0:00:46  sploss: 6.5718 (6.7253)  famloss: 2.7573 (2.9312)  manuloss: 1.7236 (1.8622)  acc1: 10.1562 (9.3046)  acc5: 21.4844 (19.7838)  family_acc1: 44.9219 (43.2697)  manu_acc1: 62.8906 (60.6490)  time: 0.4215  data: 0.1991  max mem: 11382
Test:  [283/391]  eta: 0:00:46  sploss: 6.5747 (6.7258)  famloss: 2.7589 (2.9308)  manuloss: 1.7236 (1.8615)  acc1: 9.3750 (9.2925)  acc5: 20.7031 (19.7637)  family_acc1: 44.9219 (43.2837)  manu_acc1: 62.8906 (60.6693)  time: 0.4213  data: 0.1991  max mem: 11382
Test:  [284/391]  eta: 0:00:45  sploss: 6.5747 (6.7262)  famloss: 2.7673 (2.9306)  manuloss: 1.7236 (1.8613)  acc1: 10.1562 (9.2982)  acc5: 20.7031 (19.7615)  family_acc1: 44.9219 (43.2936)  manu_acc1: 62.8906 (60.6716)  time: 0.3904  data: 0.1712  max mem: 11382
Test:  [285/391]  eta: 0:00:45  sploss: 6.5869 (6.7263)  famloss: 2.7673 (2.9303)  manuloss: 1.7495 (1.8614)  acc1: 10.1562 (9.2917)  acc5: 20.7031 (19.7511)  family_acc1: 44.9219 (43.2938)  manu_acc1: 61.7188 (60.6643)  time: 0.3899  data: 0.1712  max mem: 11382
Test:  [286/391]  eta: 0:00:44  sploss: 6.5869 (6.7260)  famloss: 2.7589 (2.9286)  manuloss: 1.7236 (1.8603)  acc1: 10.1562 (9.2974)  acc5: 20.7031 (19.7599)  family_acc1: 44.9219 (43.3267)  manu_acc1: 62.8906 (60.6843)  time: 0.3186  data: 0.1022  max mem: 11382
Test:  [287/391]  eta: 0:00:44  sploss: 6.6449 (6.7259)  famloss: 2.7589 (2.9282)  manuloss: 1.7236 (1.8601)  acc1: 9.3750 (9.2923)  acc5: 20.3125 (19.7591)  family_acc1: 44.9219 (43.3268)  manu_acc1: 62.1094 (60.6893)  time: 0.3153  data: 0.1022  max mem: 11382
Test:  [288/391]  eta: 0:00:44  sploss: 6.5747 (6.7248)  famloss: 2.7836 (2.9278)  manuloss: 1.7508 (1.8600)  acc1: 10.1562 (9.2953)  acc5: 20.7031 (19.7745)  family_acc1: 44.9219 (43.3242)  manu_acc1: 61.7188 (60.6929)  time: 0.3633  data: 0.1476  max mem: 11382
Test:  [289/391]  eta: 0:00:43  sploss: 6.5718 (6.7240)  famloss: 2.7836 (2.9265)  manuloss: 1.7236 (1.8589)  acc1: 10.1562 (9.3050)  acc5: 21.4844 (19.7993)  family_acc1: 44.9219 (43.3499)  manu_acc1: 62.1094 (60.7206)  time: 0.3665  data: 0.1476  max mem: 11382
Test:  [290/391]  eta: 0:00:43  sploss: 6.5718 (6.7238)  famloss: 2.7836 (2.9256)  manuloss: 1.7236 (1.8578)  acc1: 10.1562 (9.3106)  acc5: 21.4844 (19.8064)  family_acc1: 44.9219 (43.3661)  manu_acc1: 62.1094 (60.7361)  time: 0.4227  data: 0.2016  max mem: 11382
Test:  [291/391]  eta: 0:00:42  sploss: 6.5718 (6.7232)  famloss: 2.7665 (2.9250)  manuloss: 1.7236 (1.8574)  acc1: 10.1562 (9.3202)  acc5: 20.7031 (19.8095)  family_acc1: 45.3125 (43.3728)  manu_acc1: 62.1094 (60.7408)  time: 0.4248  data: 0.2016  max mem: 11382
Test:  [292/391]  eta: 0:00:42  sploss: 6.5718 (6.7209)  famloss: 2.7665 (2.9236)  manuloss: 1.6901 (1.8565)  acc1: 10.1562 (9.3257)  acc5: 20.7031 (19.8339)  family_acc1: 45.3125 (43.3914)  manu_acc1: 62.1094 (60.7549)  time: 0.4271  data: 0.2016  max mem: 11382
Test:  [293/391]  eta: 0:00:41  sploss: 6.6449 (6.7214)  famloss: 2.7836 (2.9232)  manuloss: 1.7344 (1.8564)  acc1: 10.1562 (9.3192)  acc5: 20.7031 (19.8329)  family_acc1: 45.3125 (43.3979)  manu_acc1: 62.1094 (60.7595)  time: 0.4290  data: 0.2016  max mem: 11382
Test:  [294/391]  eta: 0:00:41  sploss: 6.5718 (6.7204)  famloss: 2.7665 (2.9222)  manuloss: 1.6901 (1.8553)  acc1: 10.9375 (9.3287)  acc5: 21.4844 (19.8438)  family_acc1: 45.3125 (43.4296)  manu_acc1: 62.1094 (60.7839)  time: 0.4308  data: 0.2017  max mem: 11382
Test:  [295/391]  eta: 0:00:41  sploss: 6.5718 (6.7207)  famloss: 2.7277 (2.9210)  manuloss: 1.6901 (1.8545)  acc1: 10.9375 (9.3301)  acc5: 21.4844 (19.8467)  family_acc1: 46.0938 (43.4518)  manu_acc1: 62.1094 (60.8003)  time: 0.4300  data: 0.2017  max mem: 11382
Test:  [296/391]  eta: 0:00:40  sploss: 6.6449 (6.7205)  famloss: 2.7665 (2.9207)  manuloss: 1.6901 (1.8541)  acc1: 10.9375 (9.3303)  acc5: 20.7031 (19.8403)  family_acc1: 46.0938 (43.4554)  manu_acc1: 63.6719 (60.8178)  time: 0.3882  data: 0.1629  max mem: 11382
Test:  [297/391]  eta: 0:00:40  sploss: 6.6449 (6.7198)  famloss: 2.7665 (2.9191)  manuloss: 1.6901 (1.8524)  acc1: 10.1562 (9.3317)  acc5: 20.7031 (19.8393)  family_acc1: 46.0938 (43.4891)  manu_acc1: 63.6719 (60.8589)  time: 0.3858  data: 0.1629  max mem: 11382
Test:  [298/391]  eta: 0:00:39  sploss: 6.6449 (6.7194)  famloss: 2.7277 (2.9181)  manuloss: 1.6682 (1.8514)  acc1: 10.5469 (9.3358)  acc5: 20.7031 (19.8500)  family_acc1: 47.2656 (43.5148)  manu_acc1: 64.8438 (60.8787)  time: 0.3202  data: 0.0999  max mem: 11382
Test:  [299/391]  eta: 0:00:39  sploss: 6.6449 (6.7184)  famloss: 2.6423 (2.9167)  manuloss: 1.6445 (1.8506)  acc1: 10.5469 (9.3346)  acc5: 20.7031 (19.8464)  family_acc1: 47.6562 (43.5312)  manu_acc1: 64.8438 (60.8893)  time: 0.3177  data: 0.0999  max mem: 11382
Test:  [300/391]  eta: 0:00:38  sploss: 6.6634 (6.7186)  famloss: 2.7004 (2.9160)  manuloss: 1.6445 (1.8499)  acc1: 10.1562 (9.3322)  acc5: 20.3125 (19.8349)  family_acc1: 47.2656 (43.5359)  manu_acc1: 64.8438 (60.8960)  time: 0.3593  data: 0.1383  max mem: 11382
Test:  [301/391]  eta: 0:00:38  sploss: 6.6449 (6.7175)  famloss: 2.6423 (2.9144)  manuloss: 1.6408 (1.8487)  acc1: 10.1562 (9.3349)  acc5: 20.3125 (19.8365)  family_acc1: 47.2656 (43.5741)  manu_acc1: 65.2344 (60.9207)  time: 0.3611  data: 0.1383  max mem: 11382
Test:  [302/391]  eta: 0:00:38  sploss: 6.6449 (6.7174)  famloss: 2.6336 (2.9134)  manuloss: 1.5986 (1.8478)  acc1: 10.1562 (9.3402)  acc5: 20.3125 (19.8381)  family_acc1: 47.6562 (43.5876)  manu_acc1: 65.2344 (60.9362)  time: 0.4231  data: 0.1978  max mem: 11382
Test:  [303/391]  eta: 0:00:37  sploss: 6.6449 (6.7178)  famloss: 2.6336 (2.9127)  manuloss: 1.5793 (1.8467)  acc1: 10.1562 (9.3480)  acc5: 20.3125 (19.8448)  family_acc1: 47.6562 (43.5945)  manu_acc1: 65.2344 (60.9606)  time: 0.4239  data: 0.1978  max mem: 11382
Test:  [304/391]  eta: 0:00:37  sploss: 6.6050 (6.7174)  famloss: 2.6117 (2.9114)  manuloss: 1.5660 (1.8455)  acc1: 10.1562 (9.3545)  acc5: 20.7031 (19.8489)  family_acc1: 48.0469 (43.6181)  manu_acc1: 65.6250 (60.9759)  time: 0.4241  data: 0.1978  max mem: 11382
Test:  [305/391]  eta: 0:00:36  sploss: 6.6050 (6.7178)  famloss: 2.6117 (2.9108)  manuloss: 1.5660 (1.8448)  acc1: 10.1562 (9.3520)  acc5: 20.7031 (19.8427)  family_acc1: 48.0469 (43.6313)  manu_acc1: 65.6250 (60.9860)  time: 0.4234  data: 0.1978  max mem: 11382
Test:  [306/391]  eta: 0:00:36  sploss: 6.6050 (6.7176)  famloss: 2.6336 (2.9103)  manuloss: 1.5793 (1.8444)  acc1: 10.1562 (9.3610)  acc5: 20.7031 (19.8493)  family_acc1: 47.6562 (43.6418)  manu_acc1: 65.2344 (60.9884)  time: 0.4230  data: 0.1978  max mem: 11382
Test:  [307/391]  eta: 0:00:35  sploss: 6.6050 (6.7174)  famloss: 2.6117 (2.9091)  manuloss: 1.5793 (1.8436)  acc1: 10.5469 (9.3687)  acc5: 20.7031 (19.8496)  family_acc1: 48.0469 (43.6676)  manu_acc1: 65.6250 (61.0034)  time: 0.4222  data: 0.1978  max mem: 11382
Test:  [308/391]  eta: 0:00:35  sploss: 6.6050 (6.7169)  famloss: 2.6117 (2.9090)  manuloss: 1.5793 (1.8432)  acc1: 10.9375 (9.3788)  acc5: 20.7031 (19.8561)  family_acc1: 48.0469 (43.6704)  manu_acc1: 65.6250 (61.0058)  time: 0.3745  data: 0.1524  max mem: 11382
Test:  [309/391]  eta: 0:00:34  sploss: 6.6598 (6.7170)  famloss: 2.6336 (2.9085)  manuloss: 1.5975 (1.8426)  acc1: 10.5469 (9.3775)  acc5: 20.3125 (19.8463)  family_acc1: 47.6562 (43.6731)  manu_acc1: 65.2344 (61.0181)  time: 0.3737  data: 0.1524  max mem: 11382
Test:  [310/391]  eta: 0:00:34  sploss: 6.6050 (6.7166)  famloss: 2.6336 (2.9079)  manuloss: 1.5986 (1.8419)  acc1: 10.1562 (9.3775)  acc5: 20.3125 (19.8465)  family_acc1: 47.6562 (43.6859)  manu_acc1: 64.8438 (61.0292)  time: 0.3175  data: 0.0984  max mem: 11382
Test:  [311/391]  eta: 0:00:33  sploss: 6.6244 (6.7163)  famloss: 2.6336 (2.9074)  manuloss: 1.5986 (1.8414)  acc1: 9.7656 (9.3775)  acc5: 19.9219 (19.8430)  family_acc1: 47.6562 (43.6949)  manu_acc1: 64.8438 (61.0352)  time: 0.3153  data: 0.0984  max mem: 11382
Test:  [312/391]  eta: 0:00:33  sploss: 6.6598 (6.7165)  famloss: 2.6952 (2.9073)  manuloss: 1.5986 (1.8406)  acc1: 9.7656 (9.3800)  acc5: 19.9219 (19.8420)  family_acc1: 47.6562 (43.6926)  manu_acc1: 65.6250 (61.0598)  time: 0.3860  data: 0.1691  max mem: 11382
Test:  [313/391]  eta: 0:00:33  sploss: 6.6598 (6.7164)  famloss: 2.6952 (2.9069)  manuloss: 1.5986 (1.8401)  acc1: 9.7656 (9.3787)  acc5: 19.9219 (19.8447)  family_acc1: 47.6562 (43.6890)  manu_acc1: 65.6250 (61.0743)  time: 0.3868  data: 0.1691  max mem: 11382
Test:  [314/391]  eta: 0:00:32  sploss: 6.6598 (6.7161)  famloss: 2.6952 (2.9062)  manuloss: 1.6261 (1.8395)  acc1: 9.7656 (9.3824)  acc5: 19.9219 (19.8500)  family_acc1: 47.6562 (43.7016)  manu_acc1: 65.6250 (61.0851)  time: 0.4352  data: 0.2172  max mem: 11382
Test:  [315/391]  eta: 0:00:32  sploss: 6.6255 (6.7152)  famloss: 2.7004 (2.9057)  manuloss: 1.6261 (1.8391)  acc1: 10.1562 (9.3874)  acc5: 19.9219 (19.8588)  family_acc1: 46.8750 (43.6944)  manu_acc1: 64.8438 (61.0858)  time: 0.4365  data: 0.2171  max mem: 11382
Test:  [316/391]  eta: 0:00:32  sploss: 6.6244 (6.7147)  famloss: 2.7004 (2.9053)  manuloss: 1.6261 (1.8387)  acc1: 10.1562 (9.3886)  acc5: 20.3125 (19.8615)  family_acc1: 46.8750 (43.6958)  manu_acc1: 64.4531 (61.0915)  time: 0.4373  data: 0.2171  max mem: 11382
Test:  [317/391]  eta: 0:00:31  sploss: 6.6255 (6.7150)  famloss: 2.7032 (2.9048)  manuloss: 1.6356 (1.8381)  acc1: 10.1562 (9.3725)  acc5: 20.3125 (19.8580)  family_acc1: 46.4844 (43.7045)  manu_acc1: 64.4531 (61.1033)  time: 0.4377  data: 0.2171  max mem: 11382
Test:  [318/391]  eta: 0:00:31  sploss: 6.6598 (6.7151)  famloss: 2.7242 (2.9046)  manuloss: 1.6360 (1.8378)  acc1: 9.7656 (9.3628)  acc5: 19.9219 (19.8484)  family_acc1: 46.4844 (43.6961)  manu_acc1: 64.4531 (61.1102)  time: 0.4376  data: 0.2171  max mem: 11382
Test:  [319/391]  eta: 0:00:30  sploss: 6.6703 (6.7157)  famloss: 2.7336 (2.9044)  manuloss: 1.6366 (1.8378)  acc1: 9.7656 (9.3604)  acc5: 19.9219 (19.8376)  family_acc1: 45.7031 (43.7024)  manu_acc1: 64.4531 (61.1084)  time: 0.4367  data: 0.2171  max mem: 11382
Test:  [320/391]  eta: 0:00:30  sploss: 6.6703 (6.7159)  famloss: 2.7336 (2.9034)  manuloss: 1.6360 (1.8371)  acc1: 9.7656 (9.3543)  acc5: 19.9219 (19.8306)  family_acc1: 46.4844 (43.7159)  manu_acc1: 64.4531 (61.1213)  time: 0.3956  data: 0.1787  max mem: 11382
Test:  [321/391]  eta: 0:00:29  sploss: 6.6703 (6.7156)  famloss: 2.7344 (2.9028)  manuloss: 1.6360 (1.8364)  acc1: 9.3750 (9.3520)  acc5: 19.9219 (19.8370)  family_acc1: 46.4844 (43.7257)  manu_acc1: 64.4531 (61.1328)  time: 0.3938  data: 0.1787  max mem: 11382
Test:  [322/391]  eta: 0:00:29  sploss: 6.6630 (6.7155)  famloss: 2.7506 (2.9028)  manuloss: 1.6366 (1.8364)  acc1: 9.3750 (9.3484)  acc5: 19.9219 (19.8288)  family_acc1: 45.7031 (43.7210)  manu_acc1: 64.4531 (61.1274)  time: 0.3319  data: 0.1192  max mem: 11382
Test:  [323/391]  eta: 0:00:28  sploss: 6.6598 (6.7150)  famloss: 2.7580 (2.9024)  manuloss: 1.6453 (1.8359)  acc1: 8.9844 (9.3473)  acc5: 19.5312 (19.8266)  family_acc1: 46.4844 (43.7319)  manu_acc1: 64.0625 (61.1292)  time: 0.3309  data: 0.1192  max mem: 11382
Test:  [324/391]  eta: 0:00:28  sploss: 6.6630 (6.7149)  famloss: 2.7580 (2.9018)  manuloss: 1.6500 (1.8353)  acc1: 8.9844 (9.3401)  acc5: 19.1406 (19.8197)  family_acc1: 45.7031 (43.7344)  manu_acc1: 64.0625 (61.1382)  time: 0.3871  data: 0.1730  max mem: 11382
Test:  [325/391]  eta: 0:00:28  sploss: 6.6630 (6.7149)  famloss: 2.7580 (2.9013)  manuloss: 1.6518 (1.8353)  acc1: 8.9844 (9.3426)  acc5: 19.5312 (19.8260)  family_acc1: 45.7031 (43.7512)  manu_acc1: 63.2812 (61.1352)  time: 0.3899  data: 0.1731  max mem: 11382
Test:  [326/391]  eta: 0:00:27  sploss: 6.6630 (6.7156)  famloss: 2.7580 (2.9021)  manuloss: 1.6518 (1.8354)  acc1: 8.9844 (9.3380)  acc5: 19.1406 (19.8072)  family_acc1: 44.5312 (43.7345)  manu_acc1: 63.2812 (61.1322)  time: 0.4528  data: 0.2333  max mem: 11382
Test:  [327/391]  eta: 0:00:27  sploss: 6.6630 (6.7152)  famloss: 2.7580 (2.9013)  manuloss: 1.6877 (1.8353)  acc1: 8.9844 (9.3357)  acc5: 19.1406 (19.8064)  family_acc1: 44.5312 (43.7476)  manu_acc1: 62.8906 (61.1352)  time: 0.4561  data: 0.2333  max mem: 11382
Test:  [328/391]  eta: 0:00:26  sploss: 6.6630 (6.7145)  famloss: 2.7580 (2.9009)  manuloss: 1.6877 (1.8352)  acc1: 8.9844 (9.3441)  acc5: 19.1406 (19.8162)  family_acc1: 45.7031 (43.7654)  manu_acc1: 63.2812 (61.1453)  time: 0.4568  data: 0.2333  max mem: 11382
Test:  [329/391]  eta: 0:00:26  sploss: 6.6255 (6.7140)  famloss: 2.7581 (2.9005)  manuloss: 1.6934 (1.8353)  acc1: 8.5938 (9.3419)  acc5: 19.5312 (19.8224)  family_acc1: 45.7031 (43.7701)  manu_acc1: 62.8906 (61.1423)  time: 0.4556  data: 0.2333  max mem: 11382
Test:  [330/391]  eta: 0:00:25  sploss: 6.6630 (6.7141)  famloss: 2.7678 (2.9006)  manuloss: 1.7071 (1.8353)  acc1: 8.5938 (9.3396)  acc5: 19.1406 (19.8145)  family_acc1: 45.7031 (43.7760)  manu_acc1: 62.8906 (61.1381)  time: 0.4560  data: 0.2333  max mem: 11382
Test:  [331/391]  eta: 0:00:25  sploss: 6.6632 (6.7145)  famloss: 2.7694 (2.9012)  manuloss: 1.7220 (1.8356)  acc1: 8.5938 (9.3362)  acc5: 19.1406 (19.7983)  family_acc1: 45.3125 (43.7759)  manu_acc1: 62.1094 (61.1316)  time: 0.4552  data: 0.2333  max mem: 11382
Test:  [332/391]  eta: 0:00:25  sploss: 6.6632 (6.7145)  famloss: 2.7694 (2.9010)  manuloss: 1.7300 (1.8358)  acc1: 8.5938 (9.3269)  acc5: 18.7500 (19.7952)  family_acc1: 45.3125 (43.7699)  manu_acc1: 61.7188 (61.1264)  time: 0.3824  data: 0.1625  max mem: 11382
Test:  [333/391]  eta: 0:00:24  sploss: 6.6632 (6.7147)  famloss: 2.7694 (2.9018)  manuloss: 1.7821 (1.8359)  acc1: 8.5938 (9.3259)  acc5: 18.7500 (19.7921)  family_acc1: 45.3125 (43.7664)  manu_acc1: 61.7188 (61.1340)  time: 0.3797  data: 0.1625  max mem: 11382
Test:  [334/391]  eta: 0:00:24  sploss: 6.6966 (6.7157)  famloss: 2.7749 (2.9031)  manuloss: 1.8288 (1.8365)  acc1: 8.5938 (9.3249)  acc5: 18.7500 (19.7913)  family_acc1: 44.5312 (43.7547)  manu_acc1: 61.3281 (61.1206)  time: 0.3295  data: 0.1145  max mem: 11382
Test:  [335/391]  eta: 0:00:23  sploss: 6.7116 (6.7162)  famloss: 2.7771 (2.9035)  manuloss: 1.8309 (1.8370)  acc1: 8.5938 (9.3204)  acc5: 18.7500 (19.7824)  family_acc1: 44.5312 (43.7430)  manu_acc1: 60.5469 (61.1084)  time: 0.3286  data: 0.1145  max mem: 11382
Test:  [336/391]  eta: 0:00:23  sploss: 6.7116 (6.7161)  famloss: 2.8288 (2.9038)  manuloss: 1.8425 (1.8375)  acc1: 8.5938 (9.3263)  acc5: 18.7500 (19.7851)  family_acc1: 44.5312 (43.7454)  manu_acc1: 60.1562 (61.1021)  time: 0.3875  data: 0.1718  max mem: 11382
Test:  [337/391]  eta: 0:00:22  sploss: 6.7116 (6.7168)  famloss: 2.8377 (2.9043)  manuloss: 1.8440 (1.8383)  acc1: 8.5938 (9.3184)  acc5: 17.5781 (19.7624)  family_acc1: 44.5312 (43.7315)  manu_acc1: 60.1562 (61.0820)  time: 0.3876  data: 0.1718  max mem: 11382
Test:  [338/391]  eta: 0:00:22  sploss: 6.7116 (6.7172)  famloss: 2.8456 (2.9044)  manuloss: 1.8440 (1.8383)  acc1: 8.5938 (9.3208)  acc5: 18.7500 (19.7617)  family_acc1: 44.5312 (43.7339)  manu_acc1: 60.1562 (61.0746)  time: 0.4506  data: 0.2310  max mem: 11382
Test:  [339/391]  eta: 0:00:22  sploss: 6.7116 (6.7174)  famloss: 2.8921 (2.9046)  manuloss: 1.8425 (1.8382)  acc1: 8.5938 (9.3256)  acc5: 18.7500 (19.7610)  family_acc1: 44.5312 (43.7293)  manu_acc1: 59.7656 (61.0673)  time: 0.4521  data: 0.2310  max mem: 11382
Test:  [340/391]  eta: 0:00:21  sploss: 6.7116 (6.7179)  famloss: 2.9192 (2.9051)  manuloss: 1.8425 (1.8382)  acc1: 8.5938 (9.3246)  acc5: 18.7500 (19.7523)  family_acc1: 43.7500 (43.7248)  manu_acc1: 59.3750 (61.0624)  time: 0.4522  data: 0.2310  max mem: 11382
Test:  [341/391]  eta: 0:00:21  sploss: 6.7511 (6.7185)  famloss: 2.9192 (2.9045)  manuloss: 1.8425 (1.8377)  acc1: 8.5938 (9.3225)  acc5: 18.7500 (19.7403)  family_acc1: 43.7500 (43.7363)  manu_acc1: 59.3750 (61.0746)  time: 0.4522  data: 0.2310  max mem: 11382
Test:  [342/391]  eta: 0:00:20  sploss: 6.7853 (6.7193)  famloss: 2.9192 (2.9043)  manuloss: 1.8402 (1.8369)  acc1: 8.5938 (9.3215)  acc5: 18.7500 (19.7351)  family_acc1: 44.5312 (43.7398)  manu_acc1: 59.7656 (61.0935)  time: 0.4519  data: 0.2310  max mem: 11382
Test:  [343/391]  eta: 0:00:20  sploss: 6.7853 (6.7192)  famloss: 2.9192 (2.9042)  manuloss: 1.8402 (1.8368)  acc1: 8.5938 (9.3250)  acc5: 18.7500 (19.7356)  family_acc1: 43.7500 (43.7341)  manu_acc1: 59.7656 (61.0999)  time: 0.4519  data: 0.2310  max mem: 11382
Test:  [344/391]  eta: 0:00:19  sploss: 6.7853 (6.7193)  famloss: 2.9192 (2.9038)  manuloss: 1.8402 (1.8362)  acc1: 8.5938 (9.3207)  acc5: 18.7500 (19.7339)  family_acc1: 43.7500 (43.7477)  manu_acc1: 59.7656 (61.1164)  time: 0.3957  data: 0.1771  max mem: 11382
Test:  [345/391]  eta: 0:00:19  sploss: 6.7853 (6.7194)  famloss: 2.9246 (2.9043)  manuloss: 1.8316 (1.8357)  acc1: 8.5938 (9.3152)  acc5: 18.7500 (19.7209)  family_acc1: 42.5781 (43.7353)  manu_acc1: 59.7656 (61.1306)  time: 0.3938  data: 0.1771  max mem: 11382
Test:  [346/391]  eta: 0:00:18  sploss: 6.7703 (6.7186)  famloss: 2.9192 (2.9033)  manuloss: 1.8309 (1.8344)  acc1: 8.5938 (9.3142)  acc5: 18.7500 (19.7237)  family_acc1: 43.7500 (43.7556)  manu_acc1: 59.7656 (61.1649)  time: 0.3308  data: 0.1169  max mem: 11382
Test:  [347/391]  eta: 0:00:18  sploss: 6.7703 (6.7184)  famloss: 2.9192 (2.9027)  manuloss: 1.8309 (1.8334)  acc1: 8.5938 (9.3099)  acc5: 18.7500 (19.7254)  family_acc1: 43.7500 (43.7736)  manu_acc1: 59.7656 (61.1912)  time: 0.3277  data: 0.1169  max mem: 11382
Test:  [348/391]  eta: 0:00:18  sploss: 6.7703 (6.7180)  famloss: 2.9192 (2.9026)  manuloss: 1.8288 (1.8328)  acc1: 8.5938 (9.3090)  acc5: 18.7500 (19.7238)  family_acc1: 43.7500 (43.7825)  manu_acc1: 59.7656 (61.2039)  time: 0.3773  data: 0.1642  max mem: 11382
Test:  [349/391]  eta: 0:00:17  sploss: 6.7703 (6.7174)  famloss: 2.9192 (2.9015)  manuloss: 1.8127 (1.8319)  acc1: 8.9844 (9.3136)  acc5: 18.7500 (19.7366)  family_acc1: 43.7500 (43.8069)  manu_acc1: 59.7656 (61.2299)  time: 0.3762  data: 0.1642  max mem: 11382
Test:  [350/391]  eta: 0:00:17  sploss: 6.7703 (6.7163)  famloss: 2.8782 (2.9011)  manuloss: 1.7929 (1.8312)  acc1: 8.9844 (9.3182)  acc5: 19.1406 (19.7427)  family_acc1: 43.7500 (43.8112)  manu_acc1: 63.2812 (61.2469)  time: 0.4424  data: 0.2284  max mem: 11382
Test:  [351/391]  eta: 0:00:17  sploss: 6.7410 (6.7156)  famloss: 2.8782 (2.9011)  manuloss: 1.6695 (1.8307)  acc1: 8.9844 (9.3162)  acc5: 19.1406 (19.7465)  family_acc1: 44.5312 (43.8133)  manu_acc1: 63.6719 (61.2615)  time: 0.4462  data: 0.2284  max mem: 11382
Test:  [352/391]  eta: 0:00:16  sploss: 6.7410 (6.7155)  famloss: 2.8782 (2.9008)  manuloss: 1.6613 (1.8302)  acc1: 8.9844 (9.3108)  acc5: 19.5312 (19.7470)  family_acc1: 44.5312 (43.8219)  manu_acc1: 64.0625 (61.2695)  time: 0.4487  data: 0.2284  max mem: 11382
Test:  [353/391]  eta: 0:00:16  sploss: 6.7410 (6.7157)  famloss: 2.8512 (2.9003)  manuloss: 1.6554 (1.8293)  acc1: 8.9844 (9.3077)  acc5: 19.5312 (19.7497)  family_acc1: 44.5312 (43.8306)  manu_acc1: 65.2344 (61.2895)  time: 0.4488  data: 0.2284  max mem: 11382
Test:  [354/391]  eta: 0:00:15  sploss: 6.7075 (6.7157)  famloss: 2.8512 (2.9005)  manuloss: 1.6528 (1.8287)  acc1: 8.5938 (9.3035)  acc5: 19.5312 (19.7403)  family_acc1: 44.5312 (43.8270)  manu_acc1: 65.6250 (61.3083)  time: 0.4481  data: 0.2284  max mem: 11382
Test:  [355/391]  eta: 0:00:15  sploss: 6.6925 (6.7157)  famloss: 2.8193 (2.8999)  manuloss: 1.6415 (1.8278)  acc1: 8.5938 (9.2982)  acc5: 19.5312 (19.7397)  family_acc1: 44.9219 (43.8345)  manu_acc1: 66.0156 (61.3380)  time: 0.4474  data: 0.2284  max mem: 11382
Test:  [356/391]  eta: 0:00:14  sploss: 6.6922 (6.7152)  famloss: 2.7867 (2.8993)  manuloss: 1.6338 (1.8269)  acc1: 8.5938 (9.3039)  acc5: 19.5312 (19.7534)  family_acc1: 45.3125 (43.8474)  manu_acc1: 66.4062 (61.3653)  time: 0.3879  data: 0.1711  max mem: 11382
Test:  [357/391]  eta: 0:00:14  sploss: 6.6873 (6.7146)  famloss: 2.7590 (2.8985)  manuloss: 1.6249 (1.8262)  acc1: 8.9844 (9.3063)  acc5: 19.5312 (19.7582)  family_acc1: 46.4844 (43.8613)  manu_acc1: 66.7969 (61.3827)  time: 0.3877  data: 0.1711  max mem: 11382
Test:  [358/391]  eta: 0:00:13  sploss: 6.6873 (6.7145)  famloss: 2.7576 (2.8980)  manuloss: 1.5809 (1.8254)  acc1: 8.9844 (9.3075)  acc5: 19.5312 (19.7489)  family_acc1: 46.8750 (43.8719)  manu_acc1: 67.1875 (61.4010)  time: 0.3250  data: 0.1119  max mem: 11382
Test:  [359/391]  eta: 0:00:13  sploss: 6.6764 (6.7136)  famloss: 2.7332 (2.8970)  manuloss: 1.5746 (1.8243)  acc1: 8.9844 (9.3121)  acc5: 19.9219 (19.7700)  family_acc1: 46.8750 (43.8867)  manu_acc1: 67.5781 (61.4280)  time: 0.3238  data: 0.1119  max mem: 11382
Test:  [360/391]  eta: 0:00:13  sploss: 6.6764 (6.7143)  famloss: 2.7332 (2.8966)  manuloss: 1.5652 (1.8236)  acc1: 8.5938 (9.3090)  acc5: 19.9219 (19.7596)  family_acc1: 46.8750 (43.8972)  manu_acc1: 67.5781 (61.4482)  time: 0.3625  data: 0.1473  max mem: 11382
Test:  [361/391]  eta: 0:00:12  sploss: 6.6547 (6.7133)  famloss: 2.7332 (2.8952)  manuloss: 1.5649 (1.8227)  acc1: 8.9844 (9.3103)  acc5: 19.9219 (19.7697)  family_acc1: 46.8750 (43.9259)  manu_acc1: 67.9688 (61.4662)  time: 0.3655  data: 0.1473  max mem: 11382
Test:  [362/391]  eta: 0:00:12  sploss: 6.5700 (6.7119)  famloss: 2.7022 (2.8943)  manuloss: 1.5537 (1.8219)  acc1: 8.9844 (9.3147)  acc5: 20.3125 (19.7831)  family_acc1: 47.2656 (43.9351)  manu_acc1: 67.9688 (61.4842)  time: 0.4356  data: 0.2147  max mem: 11382
Test:  [363/391]  eta: 0:00:11  sploss: 6.5700 (6.7121)  famloss: 2.7022 (2.8942)  manuloss: 1.5537 (1.8214)  acc1: 8.9844 (9.3160)  acc5: 20.3125 (19.7845)  family_acc1: 47.2656 (43.9367)  manu_acc1: 67.9688 (61.4977)  time: 0.4389  data: 0.2147  max mem: 11382
Test:  [364/391]  eta: 0:00:11  sploss: 6.5700 (6.7121)  famloss: 2.7022 (2.8938)  manuloss: 1.5537 (1.8209)  acc1: 8.9844 (9.3140)  acc5: 20.3125 (19.7838)  family_acc1: 47.2656 (43.9469)  manu_acc1: 67.9688 (61.5165)  time: 0.4387  data: 0.2147  max mem: 11382
Test:  [365/391]  eta: 0:00:11  sploss: 6.5700 (6.7117)  famloss: 2.7018 (2.8924)  manuloss: 1.5242 (1.8198)  acc1: 8.9844 (9.3227)  acc5: 20.7031 (19.7927)  family_acc1: 47.6562 (43.9837)  manu_acc1: 67.9688 (61.5469)  time: 0.4379  data: 0.2147  max mem: 11382
Test:  [366/391]  eta: 0:00:10  sploss: 6.5701 (6.7119)  famloss: 2.7018 (2.8919)  manuloss: 1.5537 (1.8191)  acc1: 9.7656 (9.3292)  acc5: 20.7031 (19.7984)  family_acc1: 47.6562 (43.9969)  manu_acc1: 67.9688 (61.5708)  time: 0.4377  data: 0.2147  max mem: 11382
Test:  [367/391]  eta: 0:00:10  sploss: 6.5701 (6.7115)  famloss: 2.7017 (2.8911)  manuloss: 1.5537 (1.8180)  acc1: 9.7656 (9.3304)  acc5: 21.0938 (19.8019)  family_acc1: 47.6562 (44.0196)  manu_acc1: 67.9688 (61.5999)  time: 0.4378  data: 0.2147  max mem: 11382
Test:  [368/391]  eta: 0:00:09  sploss: 6.5701 (6.7111)  famloss: 2.7017 (2.8908)  manuloss: 1.5242 (1.8172)  acc1: 9.7656 (9.3337)  acc5: 21.0938 (19.8107)  family_acc1: 47.6562 (44.0242)  manu_acc1: 68.3594 (61.6256)  time: 0.3871  data: 0.1674  max mem: 11382
Test:  [369/391]  eta: 0:00:09  sploss: 6.5701 (6.7104)  famloss: 2.7017 (2.8897)  manuloss: 1.5242 (1.8158)  acc1: 9.7656 (9.3264)  acc5: 21.0938 (19.8057)  family_acc1: 47.6562 (44.0435)  manu_acc1: 68.3594 (61.6543)  time: 0.3873  data: 0.1674  max mem: 11382
Test:  [370/391]  eta: 0:00:08  sploss: 6.5914 (6.7104)  famloss: 2.7017 (2.8898)  manuloss: 1.5242 (1.8157)  acc1: 9.7656 (9.3329)  acc5: 20.7031 (19.8050)  family_acc1: 47.6562 (44.0459)  manu_acc1: 68.3594 (61.6598)  time: 0.3212  data: 0.1031  max mem: 11382
Test:  [371/391]  eta: 0:00:08  sploss: 6.5914 (6.7099)  famloss: 2.7017 (2.8896)  manuloss: 1.5242 (1.8153)  acc1: 9.7656 (9.3372)  acc5: 20.7031 (19.8127)  family_acc1: 47.6562 (44.0472)  manu_acc1: 68.3594 (61.6683)  time: 0.3175  data: 0.1031  max mem: 11382
Test:  [372/391]  eta: 0:00:07  sploss: 6.5914 (6.7101)  famloss: 2.7017 (2.8896)  manuloss: 1.5242 (1.8147)  acc1: 9.7656 (9.3258)  acc5: 20.7031 (19.8025)  family_acc1: 47.6562 (44.0453)  manu_acc1: 68.3594 (61.6790)  time: 0.3472  data: 0.1354  max mem: 11382
Test:  [373/391]  eta: 0:00:07  sploss: 6.5914 (6.7099)  famloss: 2.7010 (2.8891)  manuloss: 1.5242 (1.8138)  acc1: 9.7656 (9.3186)  acc5: 20.3125 (19.7955)  family_acc1: 47.6562 (44.0477)  manu_acc1: 68.3594 (61.7041)  time: 0.3472  data: 0.1354  max mem: 11382
Test:  [374/391]  eta: 0:00:07  sploss: 6.5914 (6.7098)  famloss: 2.6897 (2.8883)  manuloss: 1.5215 (1.8128)  acc1: 9.7656 (9.3177)  acc5: 20.7031 (19.7979)  family_acc1: 47.6562 (44.0615)  manu_acc1: 68.7500 (61.7333)  time: 0.4238  data: 0.2121  max mem: 11382
Test:  [375/391]  eta: 0:00:06  sploss: 6.5701 (6.7085)  famloss: 2.6897 (2.8880)  manuloss: 1.5215 (1.8119)  acc1: 9.7656 (9.3231)  acc5: 21.0938 (19.8086)  family_acc1: 47.6562 (44.0586)  manu_acc1: 68.7500 (61.7541)  time: 0.4241  data: 0.2121  max mem: 11382
Test:  [376/391]  eta: 0:00:06  sploss: 6.5701 (6.7080)  famloss: 2.6897 (2.8869)  manuloss: 1.5215 (1.8106)  acc1: 9.7656 (9.3253)  acc5: 21.0938 (19.8162)  family_acc1: 47.6562 (44.0774)  manu_acc1: 68.7500 (61.7871)  time: 0.4238  data: 0.2120  max mem: 11382
Test:  [377/391]  eta: 0:00:05  sploss: 6.5914 (6.7080)  famloss: 2.7010 (2.8866)  manuloss: 1.5212 (1.8098)  acc1: 9.7656 (9.3233)  acc5: 21.0938 (19.8206)  family_acc1: 47.6562 (44.0910)  manu_acc1: 68.7500 (61.8056)  time: 0.4235  data: 0.2120  max mem: 11382
Test:  [378/391]  eta: 0:00:05  sploss: 6.5701 (6.7069)  famloss: 2.7010 (2.8862)  manuloss: 1.5131 (1.8089)  acc1: 9.7656 (9.3286)  acc5: 21.4844 (19.8291)  family_acc1: 47.6562 (44.1056)  manu_acc1: 69.5312 (61.8311)  time: 0.4229  data: 0.2120  max mem: 11382
Test:  [379/391]  eta: 0:00:05  sploss: 6.5914 (6.7068)  famloss: 2.7059 (2.8861)  manuloss: 1.5212 (1.8083)  acc1: 9.7656 (9.3339)  acc5: 21.0938 (19.8314)  family_acc1: 47.6562 (44.1077)  manu_acc1: 68.7500 (61.8390)  time: 0.4227  data: 0.2120  max mem: 11382
Test:  [380/391]  eta: 0:00:04  sploss: 6.5701 (6.7063)  famloss: 2.7010 (2.8856)  manuloss: 1.5131 (1.8074)  acc1: 9.7656 (9.3340)  acc5: 21.0938 (19.8296)  family_acc1: 47.6562 (44.1181)  manu_acc1: 69.5312 (61.8592)  time: 0.3838  data: 0.1767  max mem: 11382
Test:  [381/391]  eta: 0:00:04  sploss: 6.5701 (6.7056)  famloss: 2.7059 (2.8852)  manuloss: 1.5131 (1.8069)  acc1: 9.7656 (9.3351)  acc5: 21.0938 (19.8360)  family_acc1: 47.6562 (44.1324)  manu_acc1: 69.5312 (61.8762)  time: 0.3802  data: 0.1766  max mem: 11382
Test:  [382/391]  eta: 0:00:03  sploss: 6.5914 (6.7059)  famloss: 2.7278 (2.8848)  manuloss: 1.4927 (1.8060)  acc1: 9.7656 (9.3362)  acc5: 20.7031 (19.8331)  family_acc1: 47.6562 (44.1406)  manu_acc1: 69.5312 (61.8993)  time: 0.3100  data: 0.1092  max mem: 11382
Test:  [383/391]  eta: 0:00:03  sploss: 6.5701 (6.7055)  famloss: 2.7059 (2.8842)  manuloss: 1.4927 (1.8053)  acc1: 9.7656 (9.3323)  acc5: 21.0938 (19.8364)  family_acc1: 47.6562 (44.1457)  manu_acc1: 69.5312 (61.9181)  time: 0.3063  data: 0.1092  max mem: 11382
Test:  [384/391]  eta: 0:00:02  sploss: 6.5701 (6.7057)  famloss: 2.7010 (2.8835)  manuloss: 1.4897 (1.8040)  acc1: 9.7656 (9.3334)  acc5: 21.0938 (19.8397)  family_acc1: 48.0469 (44.1650)  manu_acc1: 70.3125 (61.9501)  time: 0.3359  data: 0.1394  max mem: 11382
Test:  [385/391]  eta: 0:00:02  sploss: 6.5477 (6.7050)  famloss: 2.7010 (2.8826)  manuloss: 1.4897 (1.8026)  acc1: 9.7656 (9.3406)  acc5: 21.0938 (19.8571)  family_acc1: 47.6562 (44.1740)  manu_acc1: 70.3125 (61.9869)  time: 0.3356  data: 0.1394  max mem: 11382
Test:  [386/391]  eta: 0:00:02  sploss: 6.5477 (6.7049)  famloss: 2.7059 (2.8825)  manuloss: 1.4872 (1.8016)  acc1: 9.7656 (9.3407)  acc5: 21.0938 (19.8643)  family_acc1: 47.2656 (44.1719)  manu_acc1: 70.7031 (62.0145)  time: 0.4079  data: 0.2119  max mem: 11382
Test:  [387/391]  eta: 0:00:01  sploss: 6.5477 (6.7047)  famloss: 2.7278 (2.8825)  manuloss: 1.4897 (1.8014)  acc1: 9.7656 (9.3377)  acc5: 21.0938 (19.8665)  family_acc1: 46.0938 (44.1718)  manu_acc1: 69.5312 (62.0319)  time: 0.4075  data: 0.2119  max mem: 11382
Test:  [388/391]  eta: 0:00:01  sploss: 6.6385 (6.7046)  famloss: 2.7059 (2.8820)  manuloss: 1.4897 (1.8010)  acc1: 9.3750 (9.3358)  acc5: 20.7031 (19.8676)  family_acc1: 47.2656 (44.1818)  manu_acc1: 69.5312 (62.0421)  time: 0.4074  data: 0.2119  max mem: 11382
Test:  [389/391]  eta: 0:00:00  sploss: 6.6385 (6.7041)  famloss: 2.7278 (2.8818)  manuloss: 1.4927 (1.8004)  acc1: 9.3750 (9.3339)  acc5: 21.0938 (19.8728)  family_acc1: 46.0938 (44.1797)  manu_acc1: 69.1406 (62.0593)  time: 0.4064  data: 0.2119  max mem: 11382
Test:  [390/391]  eta: 0:00:00  sploss: 6.6385 (6.7046)  famloss: 2.7059 (2.8810)  manuloss: 1.4897 (1.7995)  acc1: 9.3750 (9.3320)  acc5: 21.0938 (19.8680)  family_acc1: 47.2656 (44.1850)  manu_acc1: 69.5312 (62.0720)  time: 0.4019  data: 0.2119  max mem: 11382
Test: Total time: 0:02:44 (0.4215 s / it)
* Acc@1 9.332 Acc@5 19.868 family@1 44.185 manu@1 62.072 sploss 6.705 fmloss 2.881 mfloss 1.799
FPA: 6.317% | TICE: 70.200% 
LCA: 220.695%
Precision and Recall: 223.486%
wAP: 13.977
